token,layer,phase,t0,t1,dur_s,bytes,l1_hit,l1_miss,l2_hit,l2_miss
0,0,trunk,57.275366,59.647828,2.372463,2341216256,0,1,0,0
0,0,compute,59.647830,59.799560,0.151730,0,0,0,0,0
0,1,trunk,59.799562,60.463396,0.663835,645562368,-1,1,0,0
0,1,expert,60.508729,60.712034,0.203305,280887296,0,0,16,0
0,1,compute,60.463399,60.830677,0.367278,0,0,0,0,0
0,2,trunk,60.830679,61.632263,0.801585,645562368,-2,1,0,0
0,2,expert,61.697405,61.916541,0.219136,280887296,0,0,16,0
0,2,compute,61.632309,62.046232,0.413923,0,0,0,0,0
0,3,trunk,62.046234,62.170857,0.124623,431890432,-3,1,0,0
0,3,expert,62.212930,62.472413,0.259483,280887296,0,0,16,0
0,3,compute,62.170903,62.602726,0.431823,0,0,0,0,0
0,4,trunk,62.602728,62.795334,0.192606,645562368,-4,1,0,0
0,4,expert,62.921492,63.335913,0.414421,280887296,0,0,16,0
0,4,compute,62.795380,63.442439,0.647059,0,0,0,0,0
0,5,trunk,63.442440,63.464399,0.021959,645562368,-5,1,0,0
0,5,expert,63.506860,63.697538,0.190678,280887296,0,0,16,0
0,5,compute,63.464401,63.818219,0.353818,0,0,0,0,0
0,6,trunk,63.818221,64.435031,0.616810,645562368,-6,1,0,0
0,6,expert,64.488100,64.853367,0.365267,280887296,0,0,16,0
0,6,compute,64.435074,64.972042,0.536968,0,0,0,0,0
0,7,trunk,64.972044,64.975557,0.003513,431890432,-7,1,0,0
0,7,expert,65.011576,65.205609,0.194033,280887296,0,0,16,0
0,7,compute,64.975559,65.322744,0.347185,0,0,0,0,0
0,8,trunk,65.322746,65.915414,0.592668,645562368,-8,1,0,0
0,8,expert,65.969611,66.482162,0.512551,280887296,0,0,16,0
0,8,compute,65.915459,66.578891,0.663431,0,0,0,0,0
0,9,trunk,66.578893,66.583291,0.004398,645562368,-9,1,0,0
0,9,expert,66.635769,67.154660,0.518891,280887296,0,0,16,0
0,9,compute,66.583318,67.270838,0.687520,0,0,0,0,0
0,10,trunk,67.270840,67.274501,0.003662,645562368,-10,1,0,0
0,10,expert,67.334613,67.720308,0.385695,280887296,0,0,16,0
0,10,compute,67.274524,67.838168,0.563644,0,0,0,0,0
0,11,trunk,67.838171,67.841795,0.003625,431890432,-11,1,0,0
0,11,expert,67.875517,68.388031,0.512514,280887296,0,0,16,0
0,11,compute,67.841818,68.481363,0.639544,0,0,0,0,0
0,12,trunk,68.481365,68.485058,0.003694,645562368,-12,1,0,0
0,12,expert,68.538632,69.042469,0.503837,280887296,0,0,16,0
0,12,compute,68.485081,69.141834,0.656753,0,0,0,0,0
0,13,trunk,69.141835,69.146592,0.004756,645562368,-13,1,0,0
0,13,expert,69.188553,69.389982,0.201429,280887296,0,0,16,0
0,13,compute,69.146594,69.503078,0.356484,0,0,0,0,0
0,14,trunk,69.503080,70.308082,0.805002,645562368,-14,1,0,0
0,14,expert,70.359679,70.743005,0.383326,280887296,0,0,16,0
0,14,compute,70.308124,70.832038,0.523914,0,0,0,0,0
0,15,trunk,70.832040,70.835721,0.003681,431890432,-15,1,0,0
0,15,expert,70.867286,71.399646,0.532361,280887296,0,0,16,0
0,15,compute,70.835747,71.495146,0.659400,0,0,0,0,0
0,16,trunk,71.495149,71.498553,0.003404,645562368,-16,1,0,0
0,16,expert,71.548396,72.016202,0.467807,280887296,0,0,16,0
0,16,compute,71.498575,72.106223,0.607648,0,0,0,0,0
0,17,trunk,72.106225,72.109811,0.003586,645562368,-17,1,0,0
0,17,expert,72.178636,72.651709,0.473073,280887296,0,0,16,0
0,17,compute,72.109833,72.747137,0.637304,0,0,0,0,0
0,18,trunk,72.747140,72.751998,0.004858,645562368,-18,1,0,0
0,18,expert,72.799474,73.184239,0.384766,280887296,0,0,16,0
0,18,compute,72.752063,73.301486,0.549423,0,0,0,0,0
0,19,trunk,73.301488,73.305101,0.003613,431890432,-19,1,0,0
0,19,expert,73.340688,73.825582,0.484893,280887296,0,0,16,0
0,19,compute,73.305123,73.934436,0.629312,0,0,0,0,0
0,20,trunk,73.934438,73.937904,0.003467,645562368,-20,1,0,0
0,20,expert,73.991532,74.465548,0.474016,280887296,0,0,16,0
0,20,compute,73.937944,74.569925,0.631981,0,0,0,0,0
0,21,trunk,74.569927,74.573662,0.003735,645562368,-21,1,0,0
0,21,expert,74.624479,75.129964,0.505484,280887296,0,0,16,0
0,21,compute,74.573685,75.242622,0.668937,0,0,0,0,0
0,22,trunk,75.242625,75.246375,0.003750,645562368,-22,1,0,0
0,22,expert,75.299815,75.683304,0.383489,280887296,0,0,16,0
0,22,compute,75.246466,75.798210,0.551744,0,0,0,0,0
0,23,trunk,75.798212,75.801719,0.003507,431890432,-23,1,0,0
0,23,expert,75.830919,76.036054,0.205135,280887296,0,0,16,0
0,23,compute,75.801721,76.142191,0.340471,0,0,0,0,0
0,24,trunk,76.142193,76.935763,0.793569,645562368,-24,1,0,0
0,24,expert,76.996935,77.185201,0.188266,280887296,0,0,16,0
0,24,compute,76.935781,77.281992,0.346212,0,0,0,0,0
0,25,trunk,77.281994,78.044889,0.762895,645562368,-25,1,0,0
0,25,expert,78.102956,78.651094,0.548138,280887296,0,0,16,0
0,25,compute,78.044932,78.766229,0.721297,0,0,0,0,0
0,26,trunk,78.766231,78.769631,0.003400,645562368,-26,1,0,0
0,26,expert,78.823812,79.217629,0.393817,280887296,0,0,16,0
0,26,compute,78.769654,79.329391,0.559737,0,0,0,0,0
0,27,trunk,79.329393,79.333102,0.003709,431890432,-27,1,0,0
0,27,expert,79.359011,79.553590,0.194579,280887296,0,0,16,0
0,27,compute,79.333104,79.670239,0.337135,0,0,0,0,0
0,28,trunk,79.670241,80.451807,0.781565,645562368,-28,1,0,0
0,28,expert,80.496205,80.677796,0.181591,280887296,0,0,16,0
0,28,compute,80.451809,80.785091,0.333282,0,0,0,0,0
0,29,trunk,80.785093,81.581045,0.795952,645562368,-29,1,0,0
0,29,expert,81.633237,82.159041,0.525805,280887296,0,0,16,0
0,29,compute,81.581086,82.267013,0.685926,0,0,0,0,0
0,30,trunk,82.267014,82.270430,0.003416,645562368,-30,1,0,0
0,30,expert,82.326355,82.725592,0.399238,280887296,0,0,16,0
0,30,compute,82.270452,82.838347,0.567895,0,0,0,0,0
0,31,trunk,82.838349,82.841983,0.003634,431890432,-31,1,0,0
0,31,expert,82.883922,83.439344,0.555422,280887296,0,0,16,0
0,31,compute,82.842006,83.558250,0.716244,0,0,0,0,0
0,32,trunk,83.558252,83.561652,0.003400,645562368,-32,1,0,0
0,32,expert,83.619611,84.159027,0.539417,280887296,0,0,16,0
0,32,compute,83.561675,84.275339,0.713664,0,0,0,0,0
0,33,trunk,84.275341,84.278995,0.003654,645562368,-33,1,0,0
0,33,expert,84.325219,84.525509,0.200290,280887296,0,0,16,0
0,33,compute,84.278998,84.638464,0.359466,0,0,0,0,0
0,34,trunk,84.638466,85.599474,0.961007,645562368,-34,1,0,0
0,34,expert,85.675269,86.056405,0.381135,280887296,0,0,16,0
0,34,compute,85.599518,86.154106,0.554588,0,0,0,0,0
0,35,trunk,86.154108,86.158135,0.004026,431890432,-35,1,0,0
0,35,expert,86.193829,86.771972,0.578143,280887296,0,0,16,0
0,35,compute,86.158162,86.863748,0.705586,0,0,0,0,0
0,36,trunk,86.863749,86.867598,0.003848,645562368,-36,1,0,0
0,36,expert,86.910613,87.102189,0.191576,280887296,0,0,16,0
0,36,compute,86.867600,87.211012,0.343412,0,0,0,0,0
0,37,trunk,87.211013,88.114914,0.903901,645562368,-37,1,0,0
0,37,expert,88.172725,88.724404,0.551680,280887296,0,0,16,0
0,37,compute,88.114960,88.814416,0.699456,0,0,0,0,0
0,38,trunk,88.814418,88.817855,0.003437,645562368,-38,1,0,0
0,38,expert,88.869480,89.280772,0.411292,280887296,0,0,16,0
0,38,compute,88.817877,89.404046,0.586169,0,0,0,0,0
0,39,trunk,89.404048,89.407754,0.003706,431890432,-39,1,0,0
0,39,expert,89.449358,90.007883,0.558525,280887296,0,0,16,0
0,39,compute,89.407780,90.122211,0.714430,0,0,0,0,0
0,40,trunk,90.122213,90.125808,0.003595,645562368,-40,1,0,0
0,40,expert,90.181411,90.724808,0.543397,280887296,0,0,16,0
0,40,compute,90.125829,90.836987,0.711158,0,0,0,0,0
0,41,trunk,90.836993,90.841078,0.004085,645562368,-41,1,0,0
0,41,expert,90.896470,91.420352,0.523882,280887296,0,0,16,0
0,41,compute,90.841102,91.538407,0.697304,0,0,0,0,0
0,42,trunk,91.538409,91.542014,0.003606,645562368,-42,1,0,0
0,42,expert,91.595216,92.009979,0.414763,280887296,0,0,16,0
0,42,compute,91.542052,92.127016,0.584964,0,0,0,0,0
0,43,trunk,92.127017,92.130517,0.003499,431890432,-43,1,0,0
0,43,expert,92.167026,92.740260,0.573233,280887296,0,0,16,0
0,43,compute,92.130540,92.837673,0.707133,0,0,0,0,0
0,44,trunk,92.837675,92.841129,0.003454,645562368,-44,1,0,0
0,44,expert,92.899749,93.446527,0.546779,280887296,0,0,16,0
0,44,compute,92.841151,93.559070,0.717919,0,0,0,0,0
0,45,trunk,93.559072,93.562729,0.003658,645562368,-45,1,0,0
0,45,expert,93.618713,94.164383,0.545670,280887296,0,0,16,0
0,45,compute,93.562767,94.282272,0.719505,0,0,0,0,0
0,46,trunk,94.282274,94.285755,0.003481,645562368,-46,1,0,0
0,46,expert,94.344811,94.777130,0.432319,280887296,0,0,16,0
0,46,compute,94.285779,94.894236,0.608456,0,0,0,0,0
0,47,trunk,94.894238,94.897987,0.003750,431890432,-47,1,0,0
0,47,expert,94.934217,95.533481,0.599264,280887296,0,0,16,0
0,47,compute,94.898051,95.667010,0.768959,0,0,0,0,0
0,48,trunk,95.667012,95.670547,0.003535,645562368,-48,1,0,0
0,48,expert,95.714677,95.958069,0.243392,280887296,0,0,16,0
0,48,compute,95.670550,96.078236,0.407686,0,0,0,0,0
0,49,trunk,96.078238,96.762330,0.684092,645562368,-49,1,0,0
0,49,expert,96.823888,97.415287,0.591399,280887296,0,0,16,0
0,49,compute,96.762374,97.508608,0.746234,0,0,0,0,0
0,50,trunk,97.508609,97.512671,0.004062,645562368,-50,1,0,0
0,50,expert,97.566670,98.008921,0.442250,280887296,0,0,16,0
0,50,compute,97.512692,98.122174,0.609482,0,0,0,0,0
0,51,trunk,98.122176,98.125837,0.003661,431890432,-51,1,0,0
0,51,expert,98.162614,98.754060,0.591445,280887296,0,0,16,0
0,51,compute,98.125860,98.874202,0.748342,0,0,0,0,0
0,52,trunk,98.874204,98.878054,0.003850,645562368,-52,1,0,0
0,52,expert,98.933913,99.513678,0.579765,280887296,0,0,16,0
0,52,compute,98.878074,99.627092,0.749017,0,0,0,0,0
0,53,trunk,99.627094,99.630638,0.003545,645562368,-53,1,0,0
0,53,expert,99.686216,100.266722,0.580505,280887296,0,0,16,0
0,53,compute,99.630660,100.378170,0.747510,0,0,0,0,0
0,54,trunk,100.378172,100.381898,0.003726,645562368,-54,1,0,0
0,54,expert,100.448326,100.898606,0.450280,280887296,0,0,16,0
0,54,compute,100.381928,101.018223,0.636295,0,0,0,0,0
0,55,trunk,101.018225,101.022575,0.004350,431890432,-55,1,0,0
0,55,expert,101.060134,101.646355,0.586221,280887296,0,0,16,0
0,55,compute,101.022603,101.754423,0.731819,0,0,0,0,0
0,56,trunk,101.754425,101.757954,0.003529,645562368,-56,1,0,0
0,56,expert,101.808249,102.439268,0.631019,280887296,0,0,16,0
0,56,compute,101.757975,102.562236,0.804260,0,0,0,0,0
0,57,trunk,102.562238,102.565760,0.003523,645562368,-57,1,0,0
0,57,expert,102.627294,103.186374,0.559080,280887296,0,0,16,0
0,57,compute,102.565782,103.287439,0.721657,0,0,0,0,0
0,58,trunk,103.287441,103.291051,0.003610,645562368,-58,1,0,0
0,58,expert,103.344772,103.765925,0.421153,280887296,0,0,16,0
0,58,compute,103.291080,103.863165,0.572085,0,0,0,0,0
0,59,trunk,103.863166,103.866837,0.003671,431890432,-59,1,0,0
0,59,expert,103.904153,104.475774,0.571622,280887296,0,0,16,0
0,59,compute,103.866858,104.582174,0.715316,0,0,0,0,0
0,60,trunk,104.582176,104.585785,0.003609,645562368,-60,1,0,0
0,60,expert,104.640932,105.210349,0.569417,280887296,0,0,16,0
0,60,compute,104.585827,105.308575,0.722747,0,0,0,0,0
0,61,trunk,105.308577,105.311988,0.003411,645562368,-61,1,0,0
0,61,expert,105.370259,105.969555,0.599296,280887296,0,0,16,0
0,61,compute,105.312070,106.086215,0.774145,0,0,0,0,0
0,62,trunk,106.086217,106.089826,0.003609,645562368,-62,1,0,0
0,62,expert,106.143778,106.571070,0.427292,280887296,0,0,16,0
0,62,compute,106.089848,106.690319,0.600471,0,0,0,0,0
0,63,trunk,106.690322,106.693852,0.003530,431890432,-63,1,0,0
0,63,expert,106.730447,107.341360,0.610913,280887296,0,0,16,0
0,63,compute,106.693873,107.484040,0.790168,0,0,0,0,0
0,64,trunk,107.484042,107.487614,0.003571,645562368,-64,1,0,0
0,64,expert,107.547198,108.135457,0.588259,280887296,0,0,16,0
0,64,compute,107.487677,108.251016,0.763339,0,0,0,0,0
0,65,trunk,108.251018,108.254871,0.003853,645562368,-65,1,0,0
0,65,expert,108.314547,108.911958,0.597411,280887296,0,0,16,0
0,65,compute,108.254897,109.026303,0.771407,0,0,0,0,0
0,66,trunk,109.026306,109.030123,0.003817,645562368,-66,1,0,0
0,66,expert,109.084588,109.524610,0.440023,280887296,0,0,16,0
0,66,compute,109.030144,109.646258,0.616115,0,0,0,0,0
0,67,trunk,109.646292,109.650113,0.003821,431890432,-67,1,0,0
0,67,expert,109.690773,110.308462,0.617689,280887296,0,0,16,0
0,67,compute,109.650140,110.408480,0.758339,0,0,0,0,0
0,68,trunk,110.408482,110.412053,0.003571,645562368,-68,1,0,0
0,68,expert,110.474949,111.064079,0.589130,280887296,0,0,16,0
0,68,compute,110.412071,111.199085,0.787014,0,0,0,0,0
0,69,trunk,111.199087,111.202566,0.003479,645562368,-69,1,0,0
0,69,expert,111.259359,111.807120,0.547761,280887296,0,0,16,0
0,69,compute,111.202588,111.943145,0.740557,0,0,0,0,0
0,70,trunk,111.943147,111.947602,0.004455,645562368,-70,1,0,0
0,70,expert,112.005225,123.710965,11.705740,280887296,0,0,16,0
0,70,compute,111.947630,123.830167,11.882536,0,0,0,0,0
0,71,trunk,123.830188,123.834148,0.003961,431890432,-71,1,0,0
0,71,expert,123.894564,124.472549,0.577986,280887296,0,0,16,0
0,71,compute,123.834170,124.577216,0.743046,0,0,0,0,0
0,72,trunk,124.577218,124.581125,0.003907,645562368,-72,1,0,0
0,72,expert,124.630795,124.876264,0.245470,280887296,0,0,16,0
0,72,compute,124.581128,124.975404,0.394276,0,0,0,0,0
0,73,trunk,124.975406,125.977998,1.002592,645562368,-73,1,0,0
0,73,expert,126.030459,126.656422,0.625963,280887296,0,0,16,0
0,73,compute,125.978035,126.754829,0.776794,0,0,0,0,0
0,74,trunk,126.754831,126.758207,0.003377,645562368,-74,1,0,0
0,74,expert,126.809954,146.800032,19.990078,280887296,0,0,16,0
0,74,compute,126.758230,146.914200,20.155970,0,0,0,0,0
0,75,trunk,146.914202,146.917710,0.003508,431890432,-75,1,0,0
0,75,expert,146.981428,169.114067,22.132639,280887296,0,0,16,0
0,75,compute,146.917732,169.213100,22.295368,0,0,0,0,0
0,76,trunk,169.213102,169.217191,0.004088,645562368,-76,1,0,0
0,76,expert,169.276170,191.689335,22.413165,280887296,0,0,16,0
0,76,compute,169.217212,191.788108,22.570896,0,0,0,0,0
0,77,trunk,191.788110,191.791613,0.003503,645562368,-77,1,0,0
0,77,expert,191.868889,217.432548,25.563659,280887296,0,0,16,0
0,77,compute,191.791641,217.554206,25.762565,0,0,0,0,0
0,78,trunk,217.554208,217.557704,0.003496,645562368,-78,1,0,0
0,78,expert,217.602847,244.824104,27.221258,280887296,0,0,16,0
0,78,compute,217.557727,244.942837,27.385110,0,0,0,0,0
0,79,trunk,244.942840,244.946352,0.003512,431890432,-79,1,0,0
0,79,expert,244.981233,272.385988,27.404755,280887296,0,0,16,0
0,79,compute,244.946379,272.502224,27.555845,0,0,0,0,0
0,80,trunk,272.502226,272.505704,0.003478,645562368,-80,1,0,0
0,80,expert,272.563265,300.264037,27.700772,280887296,0,0,16,0
0,80,compute,272.505727,300.374999,27.869273,0,0,0,0,0
0,81,trunk,300.375002,300.378738,0.003737,645562368,-81,1,0,0
0,81,expert,300.431685,330.040892,29.609207,280887296,0,0,16,0
0,81,compute,300.378760,330.178200,29.799440,0,0,0,0,0
0,82,trunk,330.178202,330.181565,0.003363,645562368,-82,1,0,0
0,82,expert,330.230995,356.629748,26.398753,280887296,0,0,16,0
0,82,compute,330.181627,356.746192,26.564565,0,0,0,0,0
0,83,trunk,356.746194,356.749772,0.003578,431890432,-83,1,0,0
0,83,expert,356.819529,378.427258,21.607729,280887296,0,0,16,0
0,83,compute,356.749793,378.554154,21.804361,0,0,0,0,0
0,84,trunk,378.554156,378.557766,0.003610,645562368,-84,1,0,0
0,84,expert,378.737506,385.746986,7.009480,280887296,0,0,16,0
0,84,compute,378.557789,385.843927,7.286138,0,0,0,0,0
0,85,trunk,385.843930,385.847486,0.003556,645562368,-85,1,0,0
0,85,expert,385.906431,386.451793,0.545362,280887296,0,0,16,0
0,85,compute,385.847511,386.578208,0.730697,0,0,0,0,0
0,86,trunk,386.578209,386.581712,0.003503,645562368,-86,1,0,0
0,86,expert,386.669655,387.493381,0.823726,280887296,0,0,16,0
0,86,compute,386.581734,387.627043,1.045309,0,0,0,0,0
0,87,trunk,387.627045,387.633748,0.006703,431890432,-87,1,0,0
0,87,expert,387.719940,388.436375,0.716435,280887296,0,0,16,0
0,87,compute,387.633768,388.579300,0.945532,0,0,0,0,0
0,88,trunk,388.579302,388.584519,0.005217,645562368,-88,1,0,0
0,88,expert,388.689256,389.437822,0.748567,280887296,0,0,16,0
0,88,compute,388.584539,389.564109,0.979570,0,0,0,0,0
0,89,trunk,389.564112,389.569397,0.005285,645562368,-89,1,0,0
0,89,expert,389.663789,390.385891,0.722102,280887296,0,0,16,0
0,89,compute,389.569419,390.506783,0.937365,0,0,0,0,0
0,90,trunk,390.506786,390.510750,0.003964,645562368,-90,1,0,0
0,90,expert,390.607353,390.967840,0.360487,280887296,0,0,16,0
0,90,compute,390.510810,391.074132,0.563323,0,0,0,0,0
0,91,trunk,391.074135,391.078216,0.004081,431890432,-91,1,0,0
0,91,expert,391.117186,391.528586,0.411400,280887296,0,0,16,0
0,91,compute,391.078235,391.711763,0.633527,0,0,0,0,0
0,92,trunk,391.711764,391.716881,0.005117,431890432,-92,1,0,0
0,92,expert,391.795875,391.951227,0.155352,280887296,0,0,16,0
0,92,compute,391.716883,392.078586,0.361703,0,0,0,0,0
0,0,trunk,392.186728,392.186820,0.000092,0,-92,0,0,0
0,0,compute,392.186820,392.289622,0.102801,0,0,0,0,0
0,1,trunk,392.289624,392.294080,0.004456,0,-91,0,0,0
0,1,expert,392.346399,392.533843,0.187445,280887296,0,0,16,0
0,1,compute,392.294082,392.666523,0.372441,0,0,0,0,0
0,2,trunk,392.666525,392.671477,0.004952,0,-90,0,0,0
0,2,expert,392.822869,393.092669,0.269800,263331840,0,0,15,0
0,2,compute,392.671497,393.232748,0.561251,0,0,0,0,0
0,3,trunk,393.232749,393.236747,0.003997,431890432,-90,1,0,0
0,3,expert,393.272518,393.778514,0.505996,280887296,0,0,16,0
0,3,compute,393.236765,393.898211,0.661446,0,0,0,0,0
0,4,trunk,393.898213,393.901587,0.003375,645562368,-91,1,0,0
0,4,expert,393.950600,394.441046,0.490446,280887296,0,0,16,0
0,4,compute,393.901610,394.566909,0.665299,0,0,0,0,0
0,5,trunk,394.566910,394.582154,0.015244,645562368,-92,1,0,0
0,5,expert,394.630994,394.792394,0.161400,280887296,0,0,16,0
0,5,compute,394.582157,394.890883,0.308726,0,0,0,0,0
0,6,trunk,394.890885,394.895988,0.005103,0,-92,0,0,0
0,6,expert,395.023204,395.292183,0.268979,245776384,0,0,14,0
0,6,compute,394.896038,395.393297,0.497260,0,0,0,0,0
0,7,trunk,395.393299,395.396848,0.003549,431890432,-92,1,0,0
0,7,expert,395.419524,395.584367,0.164844,280887296,0,0,16,0
0,7,compute,395.396850,395.706179,0.309329,0,0,0,0,0
0,8,trunk,395.706181,395.711386,0.005205,0,-92,0,0,0
0,8,expert,395.768305,396.267568,0.499263,280887296,0,0,16,0
0,8,compute,395.711416,396.369037,0.657621,0,0,0,0,0
0,9,trunk,396.369039,396.372572,0.003533,645562368,-92,1,0,0
0,9,expert,396.424318,396.932536,0.508218,280887296,0,0,16,0
0,9,compute,396.372591,397.046188,0.673597,0,0,0,0,0
0,10,trunk,397.046190,397.049543,0.003353,645562368,-93,1,0,0
0,10,expert,397.094824,397.494733,0.399909,280887296,0,0,16,0
0,10,compute,397.049565,397.610227,0.560662,0,0,0,0,0
0,11,trunk,397.610229,397.613908,0.003679,431890432,-94,1,0,0
0,11,expert,397.647677,398.171450,0.523774,280887296,0,0,16,0
0,11,compute,397.613931,398.287047,0.673116,0,0,0,0,0
0,12,trunk,398.287049,398.290403,0.003354,645562368,-95,1,0,0
0,12,expert,398.350726,398.850085,0.499359,280887296,0,0,16,0
0,12,compute,398.290425,398.966176,0.675751,0,0,0,0,0
0,13,trunk,398.966178,398.969884,0.003706,645562368,-96,1,0,0
0,13,expert,399.009573,399.178104,0.168531,280887296,0,0,16,0
0,13,compute,398.969886,399.291012,0.321126,0,0,0,0,0
0,14,trunk,399.291014,399.295486,0.004472,0,-96,0,0,0
0,14,expert,399.344673,399.713160,0.368487,263331840,0,0,15,0
0,14,compute,399.295510,399.858398,0.562888,0,0,0,0,0
0,15,trunk,399.858400,399.861889,0.003490,431890432,-96,1,0,0
0,15,expert,399.898919,400.405555,0.506636,280887296,0,0,16,0
0,15,compute,399.861911,400.522207,0.660296,0,0,0,0,0
0,16,trunk,400.522209,400.525934,0.003726,645562368,-97,1,0,0
0,16,expert,400.608621,401.039337,0.430716,280887296,0,0,16,0
0,16,compute,400.525971,401.162229,0.636258,0,0,0,0,0
0,17,trunk,401.162232,401.165562,0.003331,645562368,-98,1,0,0
0,17,expert,401.237517,401.710600,0.473082,280887296,0,0,16,0
0,17,compute,401.165589,401.827002,0.661413,0,0,0,0,0
0,18,trunk,401.827004,401.830507,0.003503,645562368,-99,1,0,0
0,18,expert,401.923261,402.268227,0.344966,280887296,0,0,16,0
0,18,compute,401.830530,402.394255,0.563726,0,0,0,0,0
0,19,trunk,402.394258,402.397691,0.003433,431890432,-100,1,0,0
0,19,expert,402.457387,402.915536,0.458149,280887296,0,0,16,0
0,19,compute,402.397713,403.030166,0.632453,0,0,0,0,0
0,20,trunk,403.030168,403.033339,0.003171,645562368,-101,1,0,0
0,20,expert,403.093881,403.552149,0.458268,280887296,0,0,16,0
0,20,compute,403.033361,403.674198,0.640837,0,0,0,0,0
0,21,trunk,403.674200,403.677691,0.003491,645562368,-102,1,0,0
0,21,expert,403.734226,404.232288,0.498062,280887296,0,0,16,0
0,21,compute,403.677712,404.378187,0.700475,0,0,0,0,0
0,22,trunk,404.378189,404.381976,0.003787,645562368,-103,1,0,0
0,22,expert,404.437501,404.812979,0.375478,280887296,0,0,16,0
0,22,compute,404.381998,404.915274,0.533276,0,0,0,0,0
0,23,trunk,404.915277,404.918812,0.003535,431890432,-104,1,0,0
0,23,expert,404.942246,405.103008,0.160762,280887296,0,0,16,0
0,23,compute,404.918814,405.226163,0.307349,0,0,0,0,0
0,24,trunk,405.226165,405.230794,0.004629,0,-104,0,0,0
0,24,expert,405.305464,405.420237,0.114773,193110016,0,0,11,0
0,24,compute,405.230796,405.514507,0.283711,0,0,0,0,0
0,25,trunk,405.514508,405.519159,0.004651,0,-103,0,0,0
0,25,expert,405.588443,406.098599,0.510156,245776384,0,0,14,0
0,25,compute,405.519182,406.214338,0.695156,0,0,0,0,0
0,26,trunk,406.214340,406.217990,0.003650,645562368,-103,1,0,0
0,26,expert,406.266847,406.669116,0.402268,280887296,0,0,16,0
0,26,compute,406.218019,406.786565,0.568546,0,0,0,0,0
0,27,trunk,406.786588,406.790083,0.003495,431890432,-104,1,0,0
0,27,expert,406.818823,406.980274,0.161451,280887296,0,0,16,0
0,27,compute,406.790086,407.095047,0.304961,0,0,0,0,0
0,28,trunk,407.095049,407.099161,0.004112,0,-104,0,0,0
0,28,expert,407.157877,407.308449,0.150572,263331840,0,0,15,0
0,28,compute,407.099163,407.409877,0.310714,0,0,0,0,0
0,29,trunk,407.409879,407.414520,0.004641,0,-103,0,0,0
0,29,expert,407.476804,407.963792,0.486988,245776384,0,0,14,0
0,29,compute,407.414543,408.058980,0.644436,0,0,0,0,0
0,30,trunk,408.058982,408.062768,0.003786,645562368,-103,1,0,0
0,30,expert,408.117723,408.528061,0.410338,280887296,0,0,16,0
0,30,compute,408.062793,408.638188,0.575395,0,0,0,0,0
0,31,trunk,408.638191,408.641688,0.003498,431890432,-104,1,0,0
0,31,expert,408.688914,409.227107,0.538193,280887296,0,0,16,0
0,31,compute,408.641756,409.328649,0.686893,0,0,0,0,0
0,32,trunk,409.328651,409.332236,0.003585,645562368,-105,1,0,0
0,32,expert,409.385196,409.919677,0.534481,280887296,0,0,16,0
0,32,compute,409.332256,410.046195,0.713939,0,0,0,0,0
0,33,trunk,410.046197,410.049513,0.003316,645562368,-106,1,0,0
0,33,expert,410.090009,410.253002,0.162993,280887296,0,0,16,0
0,33,compute,410.049516,410.378394,0.328878,0,0,0,0,0
0,34,trunk,410.378396,410.382866,0.004471,0,-106,0,0,0
0,34,expert,410.432115,410.839337,0.407222,280887296,0,0,16,0
0,34,compute,410.382887,410.954337,0.571450,0,0,0,0,0
0,35,trunk,410.954339,410.957895,0.003557,431890432,-106,1,0,0
0,35,expert,411.005923,411.563473,0.557550,280887296,0,0,16,0
0,35,compute,410.957916,411.690186,0.732270,0,0,0,0,0
0,36,trunk,411.690188,411.693601,0.003414,645562368,-107,1,0,0
0,36,expert,411.733054,411.893689,0.160635,280887296,0,0,16,0
0,36,compute,411.693603,412.011119,0.317515,0,0,0,0,0
0,37,trunk,412.011121,412.015696,0.004575,0,-107,0,0,0
0,37,expert,412.071615,412.582168,0.510553,228220928,0,0,13,0
0,37,compute,412.015723,412.706373,0.690651,0,0,0,0,0
0,38,trunk,412.706375,412.709871,0.003496,645562368,-107,1,0,0
0,38,expert,412.761474,413.150519,0.389046,280887296,0,0,16,0
0,38,compute,412.709933,413.262166,0.552233,0,0,0,0,0
0,39,trunk,413.262169,413.265607,0.003439,431890432,-108,1,0,0
0,39,expert,413.320702,413.850833,0.530130,280887296,0,0,16,0
0,39,compute,413.265664,413.951512,0.685849,0,0,0,0,0
0,40,trunk,413.951515,413.955182,0.003668,645562368,-109,1,0,0
0,40,expert,414.005645,414.524320,0.518675,280887296,0,0,16,0
0,40,compute,413.955205,414.638275,0.683070,0,0,0,0,0
0,41,trunk,414.638277,414.641626,0.003350,645562368,-110,1,0,0
0,41,expert,414.706659,415.221177,0.514518,280887296,0,0,16,0
0,41,compute,414.641648,415.338264,0.696616,0,0,0,0,0
0,42,trunk,415.338266,415.341915,0.003648,645562368,-111,1,0,0
0,42,expert,415.388656,415.805265,0.416610,280887296,0,0,16,0
0,42,compute,415.341943,415.904698,0.562755,0,0,0,0,0
0,43,trunk,415.904700,415.908354,0.003654,431890432,-112,1,0,0
0,43,expert,415.942591,416.515452,0.572861,280887296,0,0,16,0
0,43,compute,415.908374,416.638263,0.729889,0,0,0,0,0
0,44,trunk,416.638265,416.641758,0.003493,645562368,-113,1,0,0
0,44,expert,416.698982,417.238786,0.539804,280887296,0,0,16,0
0,44,compute,416.641785,417.355066,0.713282,0,0,0,0,0
0,45,trunk,417.355069,417.358584,0.003515,645562368,-114,1,0,0
0,45,expert,417.408775,417.962016,0.553241,280887296,0,0,16,0
0,45,compute,417.358610,418.106179,0.747569,0,0,0,0,0
0,46,trunk,418.106181,418.109785,0.003605,645562368,-115,1,0,0
0,46,expert,418.168533,418.584964,0.416431,280887296,0,0,16,0
0,46,compute,418.113745,418.702736,0.588991,0,0,0,0,0
0,47,trunk,418.702738,418.706289,0.003551,431890432,-116,1,0,0
0,47,expert,418.765430,419.344671,0.579241,280887296,0,0,16,0
0,47,compute,418.711961,419.439990,0.728030,0,0,0,0,0
0,48,trunk,419.439995,419.443536,0.003541,645562368,-117,1,0,0
0,48,expert,419.491468,419.674601,0.183133,280887296,0,0,16,0
0,48,compute,419.443538,419.791059,0.347520,0,0,0,0,0
0,49,trunk,419.791061,419.795894,0.004833,0,-117,0,0,0
0,49,expert,419.852908,420.334754,0.481847,157999104,0,0,9,0
0,49,compute,419.802543,420.446450,0.643907,0,0,0,0,0
0,50,trunk,420.446451,420.449792,0.003341,645562368,-117,1,0,0
0,50,expert,420.501202,420.941984,0.440782,280887296,0,0,16,0
0,50,compute,420.453784,421.058205,0.604421,0,0,0,0,0
0,51,trunk,421.058207,421.061763,0.003555,431890432,-118,1,0,0
0,51,expert,421.096615,421.676370,0.579755,280887296,0,0,16,0
0,51,compute,421.061969,421.794161,0.732192,0,0,0,0,0
0,52,trunk,421.794163,421.797560,0.003397,645562368,-119,1,0,0
0,52,expert,421.857235,422.406565,0.549330,280887296,0,0,16,0
0,52,compute,421.797580,422.530327,0.732747,0,0,0,0,0
0,53,trunk,422.530329,422.534012,0.003683,645562368,-120,1,0,0
0,53,expert,422.589566,423.171529,0.581962,280887296,0,0,16,0
0,53,compute,422.534034,423.286197,0.752163,0,0,0,0,0
0,54,trunk,423.286199,423.289597,0.003398,645562368,-121,1,0,0
0,54,expert,423.352807,423.790946,0.438138,280887296,0,0,16,0
0,54,compute,423.289619,423.914184,0.624565,0,0,0,0,0
0,55,trunk,423.914186,423.917783,0.003597,431890432,-122,1,0,0
0,55,expert,423.955377,424.526400,0.571023,280887296,0,0,16,0
0,55,compute,423.917804,424.642208,0.724404,0,0,0,0,0
0,56,trunk,424.642210,424.645594,0.003384,645562368,-123,1,0,0
0,56,expert,424.701888,425.164038,0.462150,280887296,0,0,16,0
0,56,compute,424.645620,425.284779,0.639159,0,0,0,0,0
0,57,trunk,425.284781,425.288344,0.003562,645562368,-124,1,0,0
0,57,expert,425.344868,425.870317,0.525449,280887296,0,0,16,0
0,57,compute,425.288362,425.990154,0.701792,0,0,0,0,0
0,58,trunk,425.990156,425.993670,0.003515,645562368,-125,1,0,0
0,58,expert,426.045210,426.448457,0.403247,280887296,0,0,16,0
0,58,compute,425.993782,426.543514,0.549732,0,0,0,0,0
0,59,trunk,426.543516,426.547072,0.003556,431890432,-126,1,0,0
0,59,expert,426.585638,427.149089,0.563451,280887296,0,0,16,0
0,59,compute,426.547093,427.274197,0.727105,0,0,0,0,0
0,60,trunk,427.274199,427.277529,0.003330,645562368,-127,1,0,0
0,60,expert,427.335914,427.822282,0.486368,280887296,0,0,16,0
0,60,compute,427.277550,427.946205,0.668654,0,0,0,0,0
0,61,trunk,427.946207,427.949733,0.003526,645562368,-128,1,0,0
0,61,expert,428.008310,428.540113,0.531803,280887296,0,0,16,0
0,61,compute,427.949832,428.662448,0.712616,0,0,0,0,0
0,62,trunk,428.662450,428.665862,0.003412,645562368,-129,1,0,0
0,62,expert,428.719919,429.099760,0.379841,280887296,0,0,16,0
0,62,compute,428.665968,429.210173,0.544205,0,0,0,0,0
0,63,trunk,429.210175,429.213731,0.003556,431890432,-130,1,0,0
0,63,expert,429.249941,429.824771,0.574830,280887296,0,0,16,0
0,63,compute,429.213854,429.915647,0.701793,0,0,0,0,0
0,64,trunk,429.915649,429.919045,0.003396,645562368,-131,1,0,0
0,64,expert,429.969599,430.529105,0.559507,280887296,0,0,16,0
0,64,compute,429.919156,430.631776,0.712620,0,0,0,0,0
0,65,trunk,430.631777,430.635317,0.003539,645562368,-132,1,0,0
0,65,expert,430.688087,431.257653,0.569565,280887296,0,0,16,0
0,65,compute,430.635343,431.370212,0.734870,0,0,0,0,0
0,66,trunk,431.370214,431.373565,0.003350,645562368,-133,1,0,0
0,66,expert,431.429245,431.856428,0.427182,280887296,0,0,16,0
0,66,compute,431.373594,431.974247,0.600653,0,0,0,0,0
0,67,trunk,431.974248,431.977812,0.003564,431890432,-134,1,0,0
0,67,expert,432.015047,432.602921,0.587874,280887296,0,0,16,0
0,67,compute,431.977835,432.714176,0.736341,0,0,0,0,0
0,68,trunk,432.714178,432.717514,0.003336,645562368,-135,1,0,0
0,68,expert,432.767900,433.297841,0.529941,280887296,0,0,16,0
0,68,compute,432.723226,433.410718,0.687493,0,0,0,0,0
0,69,trunk,433.410720,433.414217,0.003497,645562368,-136,1,0,0
0,69,expert,433.466474,434.014422,0.547947,280887296,0,0,16,0
0,69,compute,433.420150,434.122171,0.702021,0,0,0,0,0
0,70,trunk,434.122173,434.125520,0.003347,645562368,-137,1,0,0
0,70,expert,434.175674,434.582954,0.407279,280887296,0,0,16,0
0,70,compute,434.125749,434.702226,0.576477,0,0,0,0,0
0,71,trunk,434.702228,434.705769,0.003541,431890432,-138,1,0,0
0,71,expert,434.743499,435.329640,0.586141,280887296,0,0,16,0
0,71,compute,434.705791,435.462858,0.757067,0,0,0,0,0
0,72,trunk,435.462860,435.466283,0.003423,645562368,-139,1,0,0
0,72,expert,435.506447,435.690039,0.183592,280887296,0,0,16,0
0,72,compute,435.466286,435.806198,0.339912,0,0,0,0,0
0,73,trunk,435.806199,435.810896,0.004697,0,-139,0,0,0
0,73,expert,435.874870,436.346743,0.471873,263331840,0,0,15,0
0,73,compute,435.810918,436.459346,0.648428,0,0,0,0,0
0,74,trunk,436.459347,436.462951,0.003604,645562368,-139,1,0,0
0,74,expert,436.532149,436.969033,0.436884,280887296,0,0,16,0
0,74,compute,436.462979,437.078168,0.615189,0,0,0,0,0
0,75,trunk,437.078171,437.081740,0.003570,431890432,-140,1,0,0
0,75,expert,437.120541,437.740918,0.620377,280887296,0,0,16,0
0,75,compute,437.081770,437.858507,0.776737,0,0,0,0,0
0,76,trunk,437.858535,437.862088,0.003553,645562368,-141,1,0,0
0,76,expert,437.917735,438.449478,0.531743,280887296,0,0,16,0
0,76,compute,437.862116,438.563016,0.700901,0,0,0,0,0
0,77,trunk,438.563019,438.566551,0.003532,645562368,-142,1,0,0
0,77,expert,438.628245,439.118798,0.490552,280887296,0,0,16,0
0,77,compute,438.566571,439.235222,0.668651,0,0,0,0,0
0,78,trunk,439.235224,439.238847,0.003623,645562368,-143,1,0,0
0,78,expert,439.283998,439.708080,0.424081,280887296,0,0,16,0
0,78,compute,439.238868,439.801582,0.562714,0,0,0,0,0
0,79,trunk,439.801584,439.805111,0.003527,431890432,-144,1,0,0
0,79,expert,439.841923,440.398758,0.556835,280887296,0,0,16,0
0,79,compute,439.805131,440.505710,0.700579,0,0,0,0,0
0,80,trunk,440.505713,440.509270,0.003557,645562368,-145,1,0,0
0,80,expert,440.558808,441.099823,0.541015,280887296,0,0,16,0
0,80,compute,440.509291,441.189619,0.680328,0,0,0,0,0
0,81,trunk,441.189621,441.192966,0.003345,645562368,-146,1,0,0
0,81,expert,441.243633,441.813880,0.570247,280887296,0,0,16,0
0,81,compute,441.192988,441.926216,0.733228,0,0,0,0,0
0,82,trunk,441.926218,441.929719,0.003501,645562368,-147,1,0,0
0,82,expert,441.977871,442.400191,0.422320,280887296,0,0,16,0
0,82,compute,441.929769,442.492873,0.563103,0,0,0,0,0
0,83,trunk,442.492875,442.496353,0.003478,431890432,-148,1,0,0
0,83,expert,442.529383,443.090148,0.560764,280887296,0,0,16,0
0,83,compute,442.496369,443.206195,0.709825,0,0,0,0,0
0,84,trunk,443.206196,443.209738,0.003542,645562368,-149,1,0,0
0,84,expert,443.260521,443.826265,0.565745,280887296,0,0,16,0
0,84,compute,443.209760,443.938163,0.728403,0,0,0,0,0
0,85,trunk,443.938165,443.941666,0.003501,645562368,-150,1,0,0
0,85,expert,444.007020,444.561545,0.554525,280887296,0,0,16,0
0,85,compute,443.941694,444.675014,0.733320,0,0,0,0,0
0,86,trunk,444.675016,444.678632,0.003616,645562368,-151,1,0,0
0,86,expert,444.727278,445.141537,0.414259,280887296,0,0,16,0
0,86,compute,444.678653,445.258190,0.579537,0,0,0,0,0
0,87,trunk,445.258192,445.261745,0.003553,431890432,-152,1,0,0
0,87,expert,445.296053,445.829745,0.533692,280887296,0,0,16,0
0,87,compute,445.261785,445.946997,0.685212,0,0,0,0,0
0,88,trunk,445.946999,445.950588,0.003589,645562368,-153,1,0,0
0,88,expert,446.001032,446.550754,0.549723,280887296,0,0,16,0
0,88,compute,445.950609,446.644354,0.693745,0,0,0,0,0
0,89,trunk,446.644356,446.647772,0.003416,645562368,-154,1,0,0
0,89,expert,446.699087,447.268507,0.569420,280887296,0,0,16,0
0,89,compute,446.647798,447.379042,0.731244,0,0,0,0,0
0,90,trunk,447.379044,447.382350,0.003306,645562368,-155,1,0,0
0,90,expert,447.450177,447.840193,0.390016,280887296,0,0,16,0
0,90,compute,447.382372,447.943481,0.561109,0,0,0,0,0
0,91,trunk,447.943483,447.946992,0.003508,431890432,-156,1,0,0
0,91,expert,447.976350,448.427700,0.451351,280887296,0,0,16,0
0,91,compute,447.947012,448.517065,0.570053,0,0,0,0,0
0,92,trunk,448.517067,448.520854,0.003787,431890432,-157,1,0,0
0,92,expert,448.542166,448.704278,0.162113,280887296,0,0,16,0
0,92,compute,448.520856,448.818210,0.297354,0,0,0,0,0
0,0,trunk,448.920206,448.920243,0.000036,0,-157,0,0,0
0,0,compute,448.920244,449.031104,0.110861,0,0,0,0,0
0,1,trunk,449.031107,449.034468,0.003362,0,-156,0,0,0
0,1,expert,449.073041,449.192980,0.119939,210665472,0,0,12,0
0,1,compute,449.034470,449.281314,0.246844,0,0,0,0,0
0,2,trunk,449.281315,449.284794,0.003479,0,-155,0,0,0
0,2,expert,449.330726,449.663710,0.332984,193110016,0,0,11,0
0,2,compute,449.284815,449.752062,0.467247,0,0,0,0,0
0,3,trunk,449.752064,449.755617,0.003553,431890432,-155,1,0,0
0,3,expert,449.786336,450.260178,0.473842,228220928,0,0,13,0
0,3,compute,449.755642,450.354990,0.599348,0,0,0,0,0
0,4,trunk,450.354992,450.358517,0.003525,645562368,-156,1,0,0
0,4,expert,450.408997,450.865845,0.456848,263331840,0,0,15,0
0,4,compute,450.358539,450.985986,0.627447,0,0,0,0,0
0,5,trunk,450.985988,450.989322,0.003334,645562368,-157,1,0,0
0,5,expert,451.028137,451.194279,0.166141,280887296,0,0,16,0
0,5,compute,450.989326,451.306235,0.316910,0,0,0,0,0
0,6,trunk,451.306237,451.309721,0.003484,0,-157,0,0,0
0,6,expert,451.358363,451.687619,0.329256,245776384,0,0,14,0
0,6,compute,451.309749,451.802299,0.492549,0,0,0,0,0
0,7,trunk,451.802300,451.805773,0.003473,431890432,-157,1,0,0
0,7,expert,451.827941,451.977562,0.149621,263331840,0,0,15,0
0,7,compute,451.805776,452.098247,0.292471,0,0,0,0,0
0,8,trunk,452.098249,452.101591,0.003342,0,-157,0,0,0
0,8,expert,452.159959,452.606818,0.446859,193110016,0,0,11,0
0,8,compute,452.101611,452.702875,0.601264,0,0,0,0,0
0,9,trunk,452.702876,452.706533,0.003657,645562368,-157,1,0,0
0,9,expert,452.757471,453.256208,0.498738,263331840,0,0,15,0
0,9,compute,452.706557,453.344341,0.637784,0,0,0,0,0
0,10,trunk,453.344342,453.348059,0.003717,645562368,-158,1,0,0
0,10,expert,453.398707,453.779299,0.380592,263331840,0,0,15,0
0,10,compute,453.348076,453.902166,0.554090,0,0,0,0,0
0,11,trunk,453.902168,453.905753,0.003586,431890432,-159,1,0,0
0,11,expert,453.945222,454.447452,0.502229,263331840,0,0,15,0
0,11,compute,453.905780,454.547965,0.642185,0,0,0,0,0
0,12,trunk,454.547967,454.551505,0.003538,645562368,-160,1,0,0
0,12,expert,454.601901,455.096260,0.494358,263331840,0,0,15,0
0,12,compute,454.551529,455.214194,0.662665,0,0,0,0,0
0,13,trunk,455.214196,455.217956,0.003759,645562368,-161,1,0,0
0,13,expert,455.256672,455.421867,0.165196,280887296,0,0,16,0
0,13,compute,455.217959,455.534228,0.316269,0,0,0,0,0
0,14,trunk,455.534230,455.537896,0.003666,0,-161,0,0,0
0,14,expert,455.582230,455.882647,0.300417,157999104,0,0,9,0
0,14,compute,455.537917,456.002762,0.464845,0,0,0,0,0
0,15,trunk,456.002764,456.006514,0.003750,431890432,-161,1,0,0
0,15,expert,456.059678,456.544144,0.484465,280887296,0,0,16,0
0,15,compute,456.006535,456.658187,0.651652,0,0,0,0,0
0,16,trunk,456.658189,456.661685,0.003495,645562368,-162,1,0,0
0,16,expert,456.711384,457.171780,0.460396,263331840,0,0,15,0
0,16,compute,456.661706,457.282203,0.620497,0,0,0,0,0
0,17,trunk,457.282204,457.285719,0.003514,645562368,-163,1,0,0
0,17,expert,457.341804,457.824366,0.482561,280887296,0,0,16,0
0,17,compute,457.285768,457.916598,0.630829,0,0,0,0,0
0,18,trunk,457.916600,457.919886,0.003287,645562368,-164,1,0,0
0,18,expert,457.966186,458.356215,0.390028,280887296,0,0,16,0
0,18,compute,457.919913,458.454759,0.534845,0,0,0,0,0
0,19,trunk,458.454760,458.458347,0.003587,431890432,-165,1,0,0
0,19,expert,458.496048,458.974539,0.478491,280887296,0,0,16,0
0,19,compute,458.458369,459.090164,0.631795,0,0,0,0,0
0,20,trunk,459.090170,459.093600,0.003430,645562368,-166,1,0,0
0,20,expert,459.139588,459.612422,0.472833,280887296,0,0,16,0
0,20,compute,459.093621,459.705344,0.611723,0,0,0,0,0
0,21,trunk,459.705346,459.708863,0.003517,645562368,-167,1,0,0
0,21,expert,459.761755,460.251546,0.489791,280887296,0,0,16,0
0,21,compute,459.708884,460.344210,0.635326,0,0,0,0,0
0,22,trunk,460.344212,460.347526,0.003314,645562368,-168,1,0,0
0,22,expert,460.393718,460.778226,0.384508,280887296,0,0,16,0
0,22,compute,460.347552,460.894222,0.546670,0,0,0,0,0
0,23,trunk,460.894224,460.897723,0.003498,431890432,-169,1,0,0
0,23,expert,460.920366,461.080258,0.159891,263331840,0,0,15,0
0,23,compute,460.897725,461.197072,0.299347,0,0,0,0,0
0,24,trunk,461.197074,461.200511,0.003437,0,-169,0,0,0
0,24,expert,461.239936,461.356245,0.116309,193110016,0,0,11,0
0,24,compute,461.200513,461.474198,0.273684,0,0,0,0,0
0,25,trunk,461.474199,461.477543,0.003344,0,-168,0,0,0
0,25,expert,461.526981,462.049862,0.522881,245776384,0,0,14,0
0,25,compute,461.477564,462.162993,0.685429,0,0,0,0,0
0,26,trunk,462.162995,462.166384,0.003389,645562368,-168,1,0,0
0,26,expert,462.215972,462.613570,0.397597,263331840,0,0,15,0
0,26,compute,462.166409,462.730219,0.563811,0,0,0,0,0
0,27,trunk,462.730221,462.733757,0.003535,431890432,-169,1,0,0
0,27,expert,462.760727,462.921805,0.161078,280887296,0,0,16,0
0,27,compute,462.733759,463.042159,0.308400,0,0,0,0,0
0,28,trunk,463.042162,463.045529,0.003367,0,-169,0,0,0
0,28,expert,463.097849,463.216148,0.118299,193110016,0,0,11,0
0,28,compute,463.045535,463.312224,0.266689,0,0,0,0,0
0,29,trunk,463.312226,463.315617,0.003391,0,-168,0,0,0
0,29,expert,463.370072,463.849521,0.479449,210665472,0,0,12,0
0,29,compute,463.315639,463.968070,0.652431,0,0,0,0,0
0,30,trunk,463.968072,463.971369,0.003297,645562368,-168,1,0,0
0,30,expert,464.023796,464.432710,0.408915,280887296,0,0,16,0
0,30,compute,463.971393,464.550196,0.578802,0,0,0,0,0
0,31,trunk,464.550197,464.553673,0.003476,431890432,-169,1,0,0
0,31,expert,464.591196,465.150988,0.559792,280887296,0,0,16,0
0,31,compute,464.553727,465.266229,0.712502,0,0,0,0,0
0,32,trunk,465.266250,465.269568,0.003318,645562368,-170,1,0,0
0,32,expert,465.323299,465.804638,0.481339,245776384,0,0,14,0
0,32,compute,465.269590,465.898101,0.628511,0,0,0,0,0
0,33,trunk,465.898157,465.901731,0.003574,645562368,-171,1,0,0
0,33,expert,465.940378,466.092425,0.152047,263331840,0,0,15,0
0,33,compute,465.901734,466.203028,0.301294,0,0,0,0,0
0,34,trunk,466.203030,466.206366,0.003336,0,-171,0,0,0
0,34,expert,466.256342,466.638194,0.381853,228220928,0,0,13,0
0,34,compute,466.206388,466.757381,0.550993,0,0,0,0,0
0,35,trunk,466.757383,466.762068,0.004684,431890432,-171,1,0,0
0,35,expert,466.804444,467.369346,0.564901,280887296,0,0,16,0
0,35,compute,466.762091,467.487028,0.724937,0,0,0,0,0
0,36,trunk,467.487030,467.490504,0.003473,645562368,-172,1,0,0
0,36,expert,467.530471,467.673133,0.142662,245776384,0,0,14,0
0,36,compute,467.490507,467.787036,0.296529,0,0,0,0,0
0,37,trunk,467.787038,467.790563,0.003525,0,-172,0,0,0
0,37,expert,467.839785,468.358500,0.518715,228220928,0,0,13,0
0,37,compute,467.790709,468.478195,0.687485,0,0,0,0,0
0,38,trunk,468.478196,468.481509,0.003313,645562368,-172,1,0,0
0,38,expert,468.532080,468.935159,0.403078,280887296,0,0,16,0
0,38,compute,468.481531,469.030387,0.548857,0,0,0,0,0
0,39,trunk,469.030390,469.034087,0.003697,431890432,-173,1,0,0
0,39,expert,469.063533,469.641237,0.577704,280887296,0,0,16,0
0,39,compute,469.034108,469.758650,0.724542,0,0,0,0,0
0,40,trunk,469.758652,469.762075,0.003422,645562368,-174,1,0,0
0,40,expert,469.828197,470.372409,0.544212,280887296,0,0,16,0
0,40,compute,469.762096,470.471705,0.709610,0,0,0,0,0
0,41,trunk,470.471708,470.475387,0.003680,645562368,-175,1,0,0
0,41,expert,470.539593,471.060298,0.520705,280887296,0,0,16,0
0,41,compute,470.475434,471.166161,0.690727,0,0,0,0,0
0,42,trunk,471.166163,471.169663,0.003500,645562368,-176,1,0,0
0,42,expert,471.228883,471.627090,0.398207,280887296,0,0,16,0
0,42,compute,471.169685,471.738222,0.568538,0,0,0,0,0
0,43,trunk,471.738224,471.741772,0.003548,431890432,-177,1,0,0
0,43,expert,471.781611,472.360307,0.578696,280887296,0,0,16,0
0,43,compute,471.741792,472.474279,0.732487,0,0,0,0,0
0,44,trunk,472.474281,472.477817,0.003536,645562368,-178,1,0,0
0,44,expert,472.528068,473.067239,0.539171,280887296,0,0,16,0
0,44,compute,472.477859,473.178198,0.700339,0,0,0,0,0
0,45,trunk,473.178200,473.181909,0.003709,645562368,-179,1,0,0
0,45,expert,473.235176,473.775222,0.540046,280887296,0,0,16,0
0,45,compute,473.181932,473.875673,0.693741,0,0,0,0,0
0,46,trunk,473.875675,473.879744,0.004069,645562368,-180,1,0,0
0,46,expert,473.933890,474.340026,0.406136,263331840,0,0,15,0
0,46,compute,473.879771,474.448035,0.568264,0,0,0,0,0
0,47,trunk,474.448037,474.451572,0.003535,431890432,-181,1,0,0
0,47,expert,474.493206,475.054246,0.561041,263331840,0,0,15,0
0,47,compute,474.451609,475.167139,0.715530,0,0,0,0,0
0,48,trunk,475.167142,475.170721,0.003579,645562368,-182,1,0,0
0,48,expert,475.209244,475.357376,0.148132,263331840,0,0,15,0
0,48,compute,475.170723,475.470191,0.299468,0,0,0,0,0
0,49,trunk,475.470193,475.473740,0.003546,0,-182,0,0,0
0,49,expert,475.542422,476.071080,0.528658,263331840,0,0,15,0
0,49,compute,475.473787,476.190560,0.716773,0,0,0,0,0
0,50,trunk,476.190562,476.194231,0.003669,645562368,-182,1,0,0
0,50,expert,476.247860,476.667854,0.419994,280887296,0,0,16,0
0,50,compute,476.194256,476.774178,0.579922,0,0,0,0,0
0,51,trunk,476.774179,476.777720,0.003541,431890432,-183,1,0,0
0,51,expert,476.813419,477.370156,0.556737,280887296,0,0,16,0
0,51,compute,476.777750,477.482303,0.704554,0,0,0,0,0
0,52,trunk,477.482305,477.486164,0.003859,645562368,-184,1,0,0
0,52,expert,477.545634,478.084145,0.538511,280887296,0,0,16,0
0,52,compute,477.486187,478.173821,0.687634,0,0,0,0,0
0,53,trunk,478.173823,478.177577,0.003753,645562368,-185,1,0,0
0,53,expert,478.234771,478.792135,0.557364,263331840,0,0,15,0
0,53,compute,478.177599,478.884263,0.706664,0,0,0,0,0
0,54,trunk,478.884264,478.887707,0.003443,645562368,-186,1,0,0
0,54,expert,478.940052,479.518297,0.578245,280887296,0,0,16,0
0,54,compute,478.887730,479.631014,0.743284,0,0,0,0,0
0,55,trunk,479.631016,479.634433,0.003417,431890432,-187,1,0,0
0,55,expert,479.664343,480.440475,0.776133,280887296,0,0,16,0
0,55,compute,479.634492,480.528841,0.894349,0,0,0,0,0
0,56,trunk,480.528843,480.532354,0.003511,645562368,-188,1,0,0
0,56,expert,480.589540,481.350791,0.761251,280887296,0,0,16,0
0,56,compute,480.532429,481.462438,0.930010,0,0,0,0,0
0,57,trunk,481.462440,481.466074,0.003634,645562368,-189,1,0,0
0,57,expert,481.527614,482.300695,0.773082,280887296,0,0,16,0
0,57,compute,481.466094,482.393966,0.927872,0,0,0,0,0
0,58,trunk,482.393968,482.397444,0.003476,645562368,-190,1,0,0
0,58,expert,482.443257,483.025215,0.581958,280887296,0,0,16,0
0,58,compute,482.397466,483.142796,0.745330,0,0,0,0,0
0,59,trunk,483.142798,483.146370,0.003572,431890432,-191,1,0,0
0,59,expert,483.182750,483.966279,0.783529,280887296,0,0,16,0
0,59,compute,483.146400,484.078218,0.931817,0,0,0,0,0
0,60,trunk,484.078219,484.081868,0.003649,645562368,-192,1,0,0
0,60,expert,484.133876,484.916344,0.782468,280887296,0,0,16,0
0,60,compute,484.081910,485.004407,0.922496,0,0,0,0,0
0,61,trunk,485.004408,485.007957,0.003548,645562368,-193,1,0,0
0,61,expert,485.066497,485.811014,0.744517,280887296,0,0,16,0
0,61,compute,485.007981,485.917827,0.909845,0,0,0,0,0
0,62,trunk,485.917828,485.921483,0.003654,645562368,-194,1,0,0
0,62,expert,485.968567,486.533316,0.564749,280887296,0,0,16,0
0,62,compute,485.921505,486.638162,0.716656,0,0,0,0,0
0,63,trunk,486.638164,486.641633,0.003469,431890432,-195,1,0,0
0,63,expert,486.674383,487.449236,0.774853,280887296,0,0,16,0
0,63,compute,486.641653,487.562165,0.920512,0,0,0,0,0
0,64,trunk,487.562167,487.565937,0.003770,645562368,-196,1,0,0
0,64,expert,487.617157,488.387887,0.770730,280887296,0,0,16,0
0,64,compute,487.565959,488.480918,0.914959,0,0,0,0,0
0,65,trunk,488.480920,488.484317,0.003397,645562368,-197,1,0,0
0,65,expert,488.532800,489.303415,0.770614,280887296,0,0,16,0
0,65,compute,488.484336,489.422509,0.938173,0,0,0,0,0
0,66,trunk,489.422511,489.426027,0.003517,645562368,-198,1,0,0
0,66,expert,489.473605,490.061313,0.587708,280887296,0,0,16,0
0,66,compute,489.426056,490.162626,0.736570,0,0,0,0,0
0,67,trunk,490.162628,490.166205,0.003578,431890432,-199,1,0,0
0,67,expert,490.202420,490.988589,0.786169,280887296,0,0,16,0
0,67,compute,490.166229,491.099004,0.932775,0,0,0,0,0
0,68,trunk,491.099006,491.102244,0.003238,645562368,-200,1,0,0
0,68,expert,491.167524,491.897030,0.729505,280887296,0,0,16,0
0,68,compute,491.102268,492.014227,0.911959,0,0,0,0,0
0,69,trunk,492.014229,492.017610,0.003381,645562368,-201,1,0,0
0,69,expert,492.069321,492.846455,0.777135,280887296,0,0,16,0
0,69,compute,492.017637,492.962411,0.944773,0,0,0,0,0
0,70,trunk,492.962412,492.966021,0.003608,645562368,-202,1,0,0
0,70,expert,493.014873,493.585228,0.570355,280887296,0,0,16,0
0,70,compute,492.970305,493.698352,0.728047,0,0,0,0,0
0,71,trunk,493.698354,493.701861,0.003507,431890432,-203,1,0,0
0,71,expert,493.735750,494.558667,0.822918,280887296,0,0,16,0
0,71,compute,493.707550,494.670233,0.962682,0,0,0,0,0
0,72,trunk,494.670235,494.673903,0.003668,645562368,-204,1,0,0
0,72,expert,494.713731,494.952250,0.238519,280887296,0,0,16,0
0,72,compute,494.673905,495.045474,0.371568,0,0,0,0,0
0,73,trunk,495.045476,495.048795,0.003319,0,-204,0,0,0
0,73,expert,495.103146,495.879971,0.776824,280887296,0,0,16,0
0,73,compute,495.048816,495.972825,0.924009,0,0,0,0,0
0,74,trunk,495.972827,495.976238,0.003410,645562368,-204,1,0,0
0,74,expert,496.022824,496.622746,0.599922,280887296,0,0,16,0
0,74,compute,495.976282,496.711781,0.735499,0,0,0,0,0
0,75,trunk,496.711783,496.715378,0.003595,431890432,-205,1,0,0
0,75,expert,496.748115,497.544790,0.796675,280887296,0,0,16,0
0,75,compute,496.715406,497.633607,0.918201,0,0,0,0,0
0,76,trunk,497.633609,497.636985,0.003375,645562368,-206,1,0,0
0,76,expert,497.691222,498.439382,0.748160,280887296,0,0,16,0
0,76,compute,497.637013,498.535660,0.898647,0,0,0,0,0
0,77,trunk,498.535662,498.539232,0.003570,645562368,-207,1,0,0
0,77,expert,498.595782,499.374242,0.778460,280887296,0,0,16,0
0,77,compute,498.539256,499.494204,0.954948,0,0,0,0,0
0,78,trunk,499.494206,499.497637,0.003431,645562368,-208,1,0,0
0,78,expert,499.552223,500.135651,0.583428,280887296,0,0,16,0
0,78,compute,499.497658,500.250997,0.753338,0,0,0,0,0
0,79,trunk,500.250998,500.254611,0.003613,431890432,-209,1,0,0
0,79,expert,500.284587,501.059549,0.774962,280887296,0,0,16,0
0,79,compute,500.254634,501.154876,0.900242,0,0,0,0,0
0,80,trunk,501.154878,501.158398,0.003521,645562368,-210,1,0,0
0,80,expert,501.208500,501.955671,0.747172,280887296,0,0,16,0
0,80,compute,501.158429,502.062184,0.903755,0,0,0,0,0
0,81,trunk,502.062186,502.065639,0.003454,645562368,-211,1,0,0
0,81,expert,502.123219,502.892100,0.768881,263331840,0,0,15,0
0,81,compute,502.065676,502.985823,0.920146,0,0,0,0,0
0,82,trunk,502.985825,502.989184,0.003359,645562368,-212,1,0,0
0,82,expert,503.036746,503.623442,0.586695,280887296,0,0,16,0
0,82,compute,502.989206,503.742199,0.752992,0,0,0,0,0
0,83,trunk,503.742201,503.745775,0.003575,431890432,-213,1,0,0
0,83,expert,503.775558,504.454274,0.678716,228220928,0,0,13,0
0,83,compute,503.745797,504.574234,0.828437,0,0,0,0,0
0,84,trunk,504.574235,504.577579,0.003344,645562368,-214,1,0,0
0,84,expert,504.635724,505.355375,0.719651,228220928,0,0,13,0
0,84,compute,504.577694,505.466200,0.888506,0,0,0,0,0
0,85,trunk,505.466203,505.469734,0.003532,645562368,-215,1,0,0
0,85,expert,505.533864,506.255449,0.721584,245776384,0,0,14,0
0,85,compute,505.469794,506.366245,0.896451,0,0,0,0,0
0,86,trunk,506.366247,506.369582,0.003335,645562368,-216,1,0,0
0,86,expert,506.424474,506.983552,0.559078,280887296,0,0,16,0
0,86,compute,506.369610,507.102626,0.733015,0,0,0,0,0
0,87,trunk,507.102628,507.106212,0.003584,431890432,-217,1,0,0
0,87,expert,507.136531,507.843292,0.706760,228220928,0,0,13,0
0,87,compute,507.106266,507.949509,0.843243,0,0,0,0,0
0,88,trunk,507.949511,507.952918,0.003407,645562368,-218,1,0,0
0,88,expert,508.009308,508.801860,0.792552,263331840,0,0,15,0
0,88,compute,507.953050,508.914584,0.961534,0,0,0,0,0
0,89,trunk,508.914586,508.918426,0.003840,645562368,-219,1,0,0
0,89,expert,508.973541,509.726097,0.752556,228220928,0,0,13,0
0,89,compute,508.918450,509.843150,0.924701,0,0,0,0,0
0,90,trunk,509.843153,509.846831,0.003679,645562368,-220,1,0,0
0,90,expert,509.897683,510.420366,0.522683,210665472,0,0,12,0
0,90,compute,509.846863,510.513695,0.666832,0,0,0,0,0
0,91,trunk,510.513697,510.517227,0.003530,431890432,-221,1,0,0
0,91,expert,510.543785,511.095116,0.551331,228220928,0,0,13,0
0,91,compute,510.517249,511.214200,0.696951,0,0,0,0,0
0,92,trunk,511.214202,511.217856,0.003654,431890432,-222,1,0,0
0,92,expert,511.239388,511.426669,0.187281,228220928,0,0,13,0
0,92,compute,511.217858,511.558209,0.340352,0,0,0,0,0
0,0,trunk,511.655231,511.655268,0.000037,0,-222,0,0,0
0,0,compute,511.655269,511.759068,0.103798,0,0,0,0,0
0,1,trunk,511.759069,511.762399,0.003330,0,-221,0,0,0
0,1,expert,511.801825,511.958942,0.157116,193110016,0,0,11,0
0,1,compute,511.762402,512.070225,0.307824,0,0,0,0,0
0,2,trunk,512.070227,512.073795,0.003568,0,-220,0,0,0
0,2,expert,512.123849,512.602421,0.478573,157999104,0,0,9,0
0,2,compute,512.073823,512.714417,0.640594,0,0,0,0,0
0,3,trunk,512.714419,512.718060,0.003641,431890432,-220,1,0,0
0,3,expert,512.752950,513.453463,0.700513,210665472,0,0,12,0
0,3,compute,512.718081,513.566201,0.848120,0,0,0,0,0
0,4,trunk,513.566204,513.569699,0.003495,645562368,-221,1,0,0
0,4,expert,513.620867,514.333945,0.713078,228220928,0,0,13,0
0,4,compute,513.569721,514.446195,0.876475,0,0,0,0,0
0,5,trunk,514.446197,514.449667,0.003470,645562368,-222,1,0,0
0,5,expert,514.496747,514.724895,0.228147,263331840,0,0,15,0
0,5,compute,514.449670,514.818128,0.368458,0,0,0,0,0
0,6,trunk,514.818130,514.821738,0.003608,0,-222,0,0,0
0,6,expert,514.870055,515.401977,0.531922,263331840,0,0,15,0
0,6,compute,514.821765,515.522208,0.700444,0,0,0,0,0
0,7,trunk,515.522210,515.525860,0.003650,431890432,-222,1,0,0
0,7,expert,515.546898,515.764961,0.218063,263331840,0,0,15,0
0,7,compute,515.525862,515.882580,0.356718,0,0,0,0,0
0,8,trunk,515.882582,515.885971,0.003389,0,-222,0,0,0
0,8,expert,515.939030,516.660064,0.721035,175554560,0,0,10,0
0,8,compute,515.885997,516.774171,0.888173,0,0,0,0,0
0,9,trunk,516.774173,516.777477,0.003304,645562368,-222,1,0,0
0,9,expert,516.837277,517.566146,0.728868,210665472,0,0,12,0
0,9,compute,516.777499,517.683029,0.905530,0,0,0,0,0
0,10,trunk,517.683031,517.686503,0.003472,645562368,-223,1,0,0
0,10,expert,517.737959,518.259034,0.521075,175554560,0,0,10,0
0,10,compute,517.686524,518.370271,0.683747,0,0,0,0,0
0,11,trunk,518.370273,518.374062,0.003789,431890432,-224,1,0,0
0,11,expert,518.408227,519.157754,0.749527,228220928,0,0,13,0
0,11,compute,518.374084,519.270206,0.896122,0,0,0,0,0
0,12,trunk,519.270208,519.273762,0.003554,645562368,-225,1,0,0
0,12,expert,519.325569,520.065653,0.740084,245776384,0,0,14,0
0,12,compute,519.273811,520.182209,0.908398,0,0,0,0,0
0,13,trunk,520.182210,520.185979,0.003768,645562368,-226,1,0,0
0,13,expert,520.229916,520.421420,0.191503,228220928,0,0,13,0
0,13,compute,520.185981,520.538568,0.352587,0,0,0,0,0
0,14,trunk,520.538569,520.542127,0.003558,0,-226,0,0,0
0,14,expert,520.590183,521.057589,0.467406,157999104,0,0,9,0
0,14,compute,520.542151,521.174267,0.632116,0,0,0,0,0
0,15,trunk,521.174269,521.177833,0.003564,431890432,-226,1,0,0
0,15,expert,521.214851,521.952560,0.737708,245776384,0,0,14,0
0,15,compute,521.177892,522.053523,0.875632,0,0,0,0,0
0,16,trunk,522.053525,522.057240,0.003715,645562368,-227,1,0,0
0,16,expert,522.111995,522.760224,0.648229,210665472,0,0,12,0
0,16,compute,522.057263,522.849601,0.792338,0,0,0,0,0
0,17,trunk,522.849603,522.853104,0.003501,645562368,-228,1,0,0
0,17,expert,522.906395,523.513638,0.607244,245776384,0,0,14,0
0,17,compute,522.853125,523.626290,0.773165,0,0,0,0,0
0,18,trunk,523.626291,523.629866,0.003575,645562368,-229,1,0,0
0,18,expert,523.680055,524.241301,0.561246,228220928,0,0,13,0
0,18,compute,523.629890,524.349480,0.719590,0,0,0,0,0
0,19,trunk,524.349482,524.352976,0.003494,431890432,-230,1,0,0
0,19,expert,524.390133,525.059785,0.669652,228220928,0,0,13,0
0,19,compute,524.353002,525.180482,0.827479,0,0,0,0,0
0,20,trunk,525.180484,525.183994,0.003509,645562368,-231,1,0,0
0,20,expert,525.238947,525.682959,0.444012,210665472,0,0,12,0
0,20,compute,525.184039,525.796058,0.612019,0,0,0,0,0
0,21,trunk,525.796061,525.897566,0.101505,645562368,-232,1,0,0
0,21,expert,525.973914,526.708279,0.734365,263331840,0,0,15,0
0,21,compute,525.897638,526.827034,0.929395,0,0,0,0,0
0,22,trunk,526.827036,526.830475,0.003438,645562368,-233,1,0,0
0,22,expert,526.886621,527.457777,0.571156,263331840,0,0,15,0
0,22,compute,526.830543,527.570389,0.739846,0,0,0,0,0
0,23,trunk,527.570391,527.573910,0.003519,431890432,-234,1,0,0
0,23,expert,527.608082,527.778720,0.170637,210665472,0,0,12,0
0,23,compute,527.573912,527.890576,0.316664,0,0,0,0,0
0,24,trunk,527.890578,527.893967,0.003390,0,-234,0,0,0
0,24,expert,527.940094,528.095354,0.155260,193110016,0,0,11,0
0,24,compute,527.893970,528.198629,0.304659,0,0,0,0,0
0,25,trunk,528.198630,528.202102,0.003472,0,-233,0,0,0
0,25,expert,528.252742,528.965495,0.712752,210665472,0,0,12,0
0,25,compute,528.202127,529.082577,0.880450,0,0,0,0,0
0,26,trunk,529.082579,529.086278,0.003699,645562368,-233,1,0,0
0,26,expert,529.143100,529.688233,0.545133,245776384,0,0,14,0
0,26,compute,529.086334,529.802996,0.716661,0,0,0,0,0
0,27,trunk,529.802998,529.807557,0.004560,431890432,-234,1,0,0
0,27,expert,529.853747,530.077108,0.223362,280887296,0,0,16,0
0,27,compute,529.807560,530.173818,0.366258,0,0,0,0,0
0,28,trunk,530.173820,530.177512,0.003692,0,-234,0,0,0
0,28,expert,530.221769,530.433188,0.211419,263331840,0,0,15,0
0,28,compute,530.177515,530.546354,0.368839,0,0,0,0,0
0,29,trunk,530.546355,530.549814,0.003458,0,-233,0,0,0
0,29,expert,530.619966,531.264168,0.644202,140443648,0,0,8,0
0,29,compute,530.549841,531.357849,0.808007,0,0,0,0,0
0,30,trunk,531.357851,531.361429,0.003578,645562368,-233,1,0,0
0,30,expert,531.412680,531.991056,0.578376,263331840,0,0,15,0
0,30,compute,531.361468,532.102228,0.740760,0,0,0,0,0
0,31,trunk,532.102230,532.105687,0.003457,431890432,-234,1,0,0
0,31,expert,532.142129,532.915630,0.773501,263331840,0,0,15,0
0,31,compute,532.105708,533.004895,0.899187,0,0,0,0,0
0,32,trunk,533.004896,533.008450,0.003553,645562368,-235,1,0,0
0,32,expert,533.070297,533.779036,0.708739,210665472,0,0,12,0
0,32,compute,533.008473,533.890214,0.881740,0,0,0,0,0
0,33,trunk,533.890216,533.893576,0.003360,645562368,-236,1,0,0
0,33,expert,533.932256,534.116859,0.184603,228220928,0,0,13,0
0,33,compute,533.893578,534.222175,0.328597,0,0,0,0,0
0,34,trunk,534.222177,534.225494,0.003318,0,-236,0,0,0
0,34,expert,534.274309,534.828213,0.553903,228220928,0,0,13,0
0,34,compute,534.225514,534.921244,0.695730,0,0,0,0,0
0,35,trunk,534.921246,534.925150,0.003904,431890432,-236,1,0,0
0,35,expert,534.962623,535.723588,0.760965,245776384,0,0,14,0
0,35,compute,534.925173,535.818495,0.893322,0,0,0,0,0
0,36,trunk,535.818496,535.821862,0.003366,645562368,-237,1,0,0
0,36,expert,535.867478,536.066878,0.199400,245776384,0,0,14,0
0,36,compute,535.821864,536.182719,0.360855,0,0,0,0,0
0,37,trunk,536.182721,536.186222,0.003501,0,-237,0,0,0
0,37,expert,536.235807,536.916921,0.681114,157999104,0,0,9,0
0,37,compute,536.186253,537.034249,0.847996,0,0,0,0,0
0,38,trunk,537.034251,537.037875,0.003623,645562368,-237,1,0,0
0,38,expert,537.088124,537.612973,0.524849,245776384,0,0,14,0
0,38,compute,537.037900,537.725509,0.687609,0,0,0,0,0
0,39,trunk,537.725511,537.729070,0.003558,431890432,-238,1,0,0
0,39,expert,537.761318,538.502633,0.741315,245776384,0,0,14,0
0,39,compute,537.729091,538.622264,0.893173,0,0,0,0,0
0,40,trunk,538.622266,538.625776,0.003510,645562368,-239,1,0,0
0,40,expert,538.688071,539.423429,0.735358,263331840,0,0,15,0
0,40,compute,538.625796,539.546201,0.920405,0,0,0,0,0
0,41,trunk,539.546203,539.550051,0.003847,645562368,-240,1,0,0
0,41,expert,539.601109,540.328864,0.727755,245776384,0,0,14,0
0,41,compute,539.550078,540.442283,0.892205,0,0,0,0,0
0,42,trunk,540.442285,540.445900,0.003615,645562368,-241,1,0,0
0,42,expert,540.492292,541.048517,0.556224,245776384,0,0,14,0
0,42,compute,540.445923,541.140929,0.695006,0,0,0,0,0
0,43,trunk,541.140931,541.144457,0.003526,431890432,-242,1,0,0
0,43,expert,541.178070,541.979686,0.801616,280887296,0,0,16,0
0,43,compute,541.144494,542.090187,0.945693,0,0,0,0,0
0,44,trunk,542.090189,542.093813,0.003624,645562368,-243,1,0,0
0,44,expert,542.141648,542.928476,0.786828,280887296,0,0,16,0
0,44,compute,542.093871,543.042153,0.948282,0,0,0,0,0
0,45,trunk,543.042155,543.045557,0.003402,645562368,-244,1,0,0
0,45,expert,543.098245,543.852680,0.754436,263331840,0,0,15,0
0,45,compute,543.045579,543.947523,0.901944,0,0,0,0,0
0,46,trunk,543.947525,543.951037,0.003512,645562368,-245,1,0,0
0,46,expert,543.998576,544.561112,0.562536,245776384,0,0,14,0
0,46,compute,543.951061,544.661149,0.710088,0,0,0,0,0
0,47,trunk,544.661151,544.664703,0.003552,431890432,-246,1,0,0
0,47,expert,544.699951,545.418920,0.718969,245776384,0,0,14,0
0,47,compute,544.664723,545.539110,0.874387,0,0,0,0,0
0,48,trunk,545.539112,545.542663,0.003551,645562368,-247,1,0,0
0,48,expert,545.581385,545.795157,0.213772,263331840,0,0,15,0
0,48,compute,545.542666,545.914196,0.371531,0,0,0,0,0
0,49,trunk,545.914198,545.917877,0.003679,0,-247,0,0,0
0,49,expert,545.968415,546.672241,0.703826,193110016,0,0,11,0
0,49,compute,545.917898,546.786439,0.868541,0,0,0,0,0
0,50,trunk,546.786440,546.789966,0.003526,645562368,-247,1,0,0
0,50,expert,546.839127,547.408218,0.569091,263331840,0,0,15,0
0,50,compute,546.789988,547.522213,0.732225,0,0,0,0,0
0,51,trunk,547.522215,547.525865,0.003650,431890432,-248,1,0,0
0,51,expert,547.558110,548.287403,0.729293,245776384,0,0,14,0
0,51,compute,547.525887,548.406823,0.880936,0,0,0,0,0
0,52,trunk,548.406825,548.410262,0.003437,645562368,-249,1,0,0
0,52,expert,548.458991,549.143500,0.684508,228220928,0,0,13,0
0,52,compute,548.410285,549.258334,0.848048,0,0,0,0,0
0,53,trunk,549.258335,549.261842,0.003506,645562368,-250,1,0,0
0,53,expert,549.315340,550.048860,0.733521,245776384,0,0,14,0
0,53,compute,549.261862,550.166230,0.904368,0,0,0,0,0
0,54,trunk,550.166232,550.170033,0.003802,645562368,-251,1,0,0
0,54,expert,550.224687,550.774563,0.549876,263331840,0,0,15,0
0,54,compute,550.170093,550.886215,0.716122,0,0,0,0,0
0,55,trunk,550.886217,550.889786,0.003569,431890432,-252,1,0,0
0,55,expert,550.925837,551.642124,0.716287,228220928,0,0,13,0
0,55,compute,550.889807,551.735782,0.845975,0,0,0,0,0
0,56,trunk,551.735784,551.739198,0.003414,645562368,-253,1,0,0
0,56,expert,551.797808,552.544494,0.746686,263331840,0,0,15,0
0,56,compute,551.739226,552.662190,0.922964,0,0,0,0,0
0,57,trunk,552.662192,552.665844,0.003652,645562368,-254,1,0,0
0,57,expert,552.716905,553.496698,0.779794,280887296,0,0,16,0
0,57,compute,552.665865,553.588492,0.922627,0,0,0,0,0
0,58,trunk,553.588494,553.591850,0.003356,645562368,-255,1,0,0
0,58,expert,553.644089,554.187344,0.543255,228220928,0,0,13,0
0,58,compute,553.591874,554.302320,0.710445,0,0,0,0,0
0,59,trunk,554.302322,554.306121,0.003800,431890432,-256,1,0,0
0,59,expert,554.347509,555.079514,0.732004,228220928,0,0,13,0
0,59,compute,554.306159,555.198318,0.892160,0,0,0,0,0
0,60,trunk,555.198321,555.201647,0.003326,645562368,-257,1,0,0
0,60,expert,555.250502,556.026840,0.776338,263331840,0,0,15,0
0,60,compute,555.201675,556.139095,0.937420,0,0,0,0,0
0,61,trunk,556.139097,556.142845,0.003748,645562368,-258,1,0,0
0,61,expert,556.194818,556.939656,0.744839,263331840,0,0,15,0
0,61,compute,556.142911,557.031265,0.888354,0,0,0,0,0
0,62,trunk,557.031267,557.034768,0.003501,645562368,-259,1,0,0
0,62,expert,557.082033,557.590196,0.508162,210665472,0,0,12,0
0,62,compute,557.034792,557.706304,0.671512,0,0,0,0,0
0,63,trunk,557.706306,557.709757,0.003451,431890432,-260,1,0,0
0,63,expert,557.748718,558.490711,0.741993,228220928,0,0,13,0
0,63,compute,557.709778,558.610212,0.900434,0,0,0,0,0
0,64,trunk,558.610214,558.613212,0.002998,645562368,-261,1,0,0
0,64,expert,558.660562,559.411346,0.750785,245776384,0,0,14,0
0,64,compute,558.613232,559.526335,0.913103,0,0,0,0,0
0,65,trunk,559.526337,559.530193,0.003856,645562368,-262,1,0,0
0,65,expert,559.581507,560.281006,0.699499,210665472,0,0,12,0
0,65,compute,559.530215,560.398211,0.867997,0,0,0,0,0
0,66,trunk,560.398213,560.401482,0.003269,645562368,-263,1,0,0
0,66,expert,560.446932,571.980912,11.533980,245776384,0,0,14,0
0,66,compute,560.401502,572.098176,11.696674,0,0,0,0,0
0,67,trunk,572.098178,572.101665,0.003487,431890432,-264,1,0,0
0,67,expert,572.135240,572.892586,0.757346,245776384,0,0,14,0
0,67,compute,572.101687,572.997924,0.896237,0,0,0,0,0
0,68,trunk,572.997926,573.001635,0.003710,645562368,-265,1,0,0
0,68,expert,573.051671,573.765366,0.713695,228220928,0,0,13,0
0,68,compute,573.001674,573.859376,0.857703,0,0,0,0,0
0,69,trunk,573.859379,573.863011,0.003632,645562368,-266,1,0,0
0,69,expert,573.912159,574.662210,0.750051,228220928,0,0,13,0
0,69,compute,573.863032,574.795025,0.931993,0,0,0,0,0
0,70,trunk,574.795027,574.798375,0.003347,645562368,-267,1,0,0
0,70,expert,574.898239,575.364457,0.466219,210665472,0,0,12,0
0,70,compute,574.798397,575.460995,0.662598,0,0,0,0,0
0,71,trunk,575.460997,575.464842,0.003845,431890432,-268,1,0,0
0,71,expert,575.499740,576.296802,0.797061,245776384,0,0,14,0
0,71,compute,575.464862,576.402179,0.937317,0,0,0,0,0
0,72,trunk,576.402181,576.405570,0.003389,645562368,-269,1,0,0
0,72,expert,576.474932,576.689044,0.214112,263331840,0,0,15,0
0,72,compute,576.405572,576.782592,0.377020,0,0,0,0,0
0,73,trunk,576.782594,576.786077,0.003483,0,-269,0,0,0
0,73,expert,576.841013,577.480470,0.639458,105332736,0,0,6,0
0,73,compute,576.786114,577.575589,0.789474,0,0,0,0,0
0,74,trunk,577.575591,577.579227,0.003636,645562368,-269,1,0,0
0,74,expert,577.628335,578.215727,0.587391,280887296,0,0,16,0
0,74,compute,577.579255,578.311036,0.731782,0,0,0,0,0
0,75,trunk,578.311038,578.314780,0.003742,431890432,-270,1,0,0
0,75,expert,578.350665,579.125116,0.774451,280887296,0,0,16,0
0,75,compute,578.314806,579.219415,0.904609,0,0,0,0,0
0,76,trunk,579.219417,579.222956,0.003539,645562368,-271,1,0,0
0,76,expert,579.278283,580.012916,0.734633,280887296,0,0,16,0
0,76,compute,579.222981,580.107275,0.884294,0,0,0,0,0
0,77,trunk,580.107277,580.111095,0.003818,645562368,-272,1,0,0
0,77,expert,580.165129,580.892060,0.726932,228220928,0,0,13,0
0,77,compute,580.111120,580.984328,0.873208,0,0,0,0,0
0,78,trunk,580.984330,580.987917,0.003587,645562368,-273,1,0,0
0,78,expert,581.042100,581.599281,0.557181,245776384,0,0,14,0
0,78,compute,580.987949,581.702203,0.714254,0,0,0,0,0
0,79,trunk,581.702205,581.705825,0.003620,431890432,-274,1,0,0
0,79,expert,581.741203,582.468400,0.727196,245776384,0,0,14,0
0,79,compute,581.705861,582.586205,0.880344,0,0,0,0,0
0,80,trunk,582.586207,582.589826,0.003619,645562368,-275,1,0,0
0,80,expert,582.645474,583.390496,0.745022,280887296,0,0,16,0
0,80,compute,582.589850,583.498028,0.908178,0,0,0,0,0
0,81,trunk,583.498030,583.501645,0.003615,645562368,-276,1,0,0
0,81,expert,583.559092,584.265618,0.706526,245776384,0,0,14,0
0,81,compute,583.501673,584.360317,0.858645,0,0,0,0,0
0,82,trunk,584.360319,584.363827,0.003508,645562368,-277,1,0,0
0,82,expert,584.413271,584.977347,0.564076,263331840,0,0,15,0
0,82,compute,584.363850,585.076617,0.712767,0,0,0,0,0
0,83,trunk,585.076620,585.080181,0.003562,431890432,-278,1,0,0
0,83,expert,585.116263,585.852355,0.736092,228220928,0,0,13,0
0,83,compute,585.080200,585.945415,0.865214,0,0,0,0,0
0,84,trunk,585.945417,585.949008,0.003591,645562368,-279,1,0,0
0,84,expert,586.003699,586.382774,0.379074,175554560,0,0,10,0
0,84,compute,585.949045,586.480200,0.531155,0,0,0,0,0
0,85,trunk,586.480203,586.700988,0.220786,645562368,-280,1,0,0
0,85,expert,586.754292,587.437325,0.683033,228220928,0,0,13,0
0,85,compute,586.701073,587.550593,0.849520,0,0,0,0,0
0,86,trunk,587.550595,587.554163,0.003568,645562368,-281,1,0,0
0,86,expert,587.607503,588.141130,0.533626,245776384,0,0,14,0
0,86,compute,587.554185,588.254215,0.700030,0,0,0,0,0
0,87,trunk,588.254236,588.257714,0.003478,431890432,-282,1,0,0
0,87,expert,588.297812,588.995041,0.697229,228220928,0,0,13,0
0,87,compute,588.257736,589.110163,0.852427,0,0,0,0,0
0,88,trunk,589.110164,589.113717,0.003552,645562368,-283,1,0,0
0,88,expert,589.167113,589.882143,0.715029,210665472,0,0,12,0
0,88,compute,589.113785,589.998800,0.885015,0,0,0,0,0
0,89,trunk,589.998802,590.002239,0.003438,645562368,-284,1,0,0
0,89,expert,590.072841,590.832097,0.759256,245776384,0,0,14,0
0,89,compute,590.002260,590.947094,0.944834,0,0,0,0,0
0,90,trunk,590.947096,590.950942,0.003846,645562368,-285,1,0,0
0,90,expert,591.007532,591.544749,0.537216,228220928,0,0,13,0
0,90,compute,590.951016,591.658288,0.707272,0,0,0,0,0
0,91,trunk,591.658290,591.665503,0.007213,431890432,-286,1,0,0
0,91,expert,591.710070,592.219893,0.509823,210665472,0,0,12,0
0,91,compute,591.665525,592.316069,0.650545,0,0,0,0,0
0,92,trunk,592.316071,592.319691,0.003620,431890432,-287,1,0,0
0,92,expert,592.342592,592.529312,0.186720,228220928,0,0,13,0
0,92,compute,592.319693,592.619295,0.299602,0,0,0,0,0
0,0,trunk,592.714548,592.714587,0.000039,0,-287,0,0,0
0,0,compute,592.714588,592.816783,0.102195,0,0,0,0,0
0,1,trunk,592.816784,592.820074,0.003290,0,-286,0,0,0
0,1,expert,592.858712,593.039736,0.181024,228220928,0,0,13,0
0,1,compute,592.820076,593.131861,0.311784,0,0,0,0,0
0,2,trunk,593.131862,593.135491,0.003628,0,-285,0,0,0
0,2,expert,593.185653,593.645247,0.459593,140443648,0,0,8,0
0,2,compute,593.135513,593.758235,0.622722,0,0,0,0,0
0,3,trunk,593.758237,593.761692,0.003455,431890432,-285,1,0,0
0,3,expert,593.798936,594.469088,0.670151,175554560,0,0,10,0
0,3,compute,593.761729,594.582228,0.820499,0,0,0,0,0
0,4,trunk,594.582230,594.586017,0.003787,645562368,-286,1,0,0
0,4,expert,594.636341,595.330715,0.694374,210665472,0,0,12,0
0,4,compute,594.586039,595.640178,1.054139,0,0,0,0,0
0,5,trunk,595.640181,595.643855,0.003675,645562368,-287,1,0,0
0,5,expert,595.700492,595.928614,0.228121,280887296,0,0,16,0
0,5,compute,595.643858,596.055120,0.411263,0,0,0,0,0
0,6,trunk,596.055122,596.058756,0.003634,0,-287,0,0,0
0,6,expert,596.120839,596.611726,0.490887,228220928,0,0,13,0
0,6,compute,596.058779,596.729443,0.670665,0,0,0,0,0
0,7,trunk,596.729445,596.733226,0.003781,431890432,-287,1,0,0
0,7,expert,596.764845,596.976415,0.211570,263331840,0,0,15,0
0,7,compute,596.733229,597.088043,0.354814,0,0,0,0,0
0,8,trunk,597.088046,597.091483,0.003438,0,-287,0,0,0
0,8,expert,597.151857,597.859323,0.707467,175554560,0,0,10,0
0,8,compute,597.091506,597.970312,0.878806,0,0,0,0,0
0,9,trunk,597.970314,597.973796,0.003481,645562368,-287,1,0,0
0,9,expert,598.035779,598.793114,0.757335,245776384,0,0,14,0
0,9,compute,597.973820,598.908039,0.934219,0,0,0,0,0
0,10,trunk,598.908041,598.911803,0.003762,645562368,-288,1,0,0
0,10,expert,598.970473,599.535034,0.564561,245776384,0,0,14,0
0,10,compute,598.911864,599.650220,0.738357,0,0,0,0,0
0,11,trunk,599.650222,599.653743,0.003521,431890432,-289,1,0,0
0,11,expert,599.692773,600.441840,0.749067,228220928,0,0,13,0
0,11,compute,599.653763,600.551181,0.897418,0,0,0,0,0
0,12,trunk,600.551183,600.555031,0.003848,645562368,-290,1,0,0
0,12,expert,600.622243,601.351197,0.728954,263331840,0,0,15,0
0,12,compute,600.555049,601.488042,0.932993,0,0,0,0,0
0,13,trunk,601.488044,601.491731,0.003687,645562368,-291,1,0,0
0,13,expert,601.553484,601.771471,0.217987,263331840,0,0,15,0
0,13,compute,601.491733,601.878206,0.386474,0,0,0,0,0
0,14,trunk,601.878208,601.881603,0.003395,0,-291,0,0,0
0,14,expert,601.940721,602.451612,0.510891,210665472,0,0,12,0
0,14,compute,601.881720,602.553798,0.672078,0,0,0,0,0
0,15,trunk,602.553800,602.557298,0.003497,431890432,-291,1,0,0
0,15,expert,602.595989,603.340900,0.744911,245776384,0,0,14,0
0,15,compute,602.557318,603.455030,0.897712,0,0,0,0,0
0,16,trunk,603.455031,603.458783,0.003752,645562368,-292,1,0,0
0,16,expert,603.525227,604.180971,0.655744,245776384,0,0,14,0
0,16,compute,603.458820,604.292187,0.833367,0,0,0,0,0
0,17,trunk,604.292189,604.295678,0.003489,645562368,-293,1,0,0
0,17,expert,604.356399,605.077593,0.721194,263331840,0,0,15,0
0,17,compute,604.295724,605.194248,0.898524,0,0,0,0,0
0,18,trunk,605.194250,605.197794,0.003544,645562368,-294,1,0,0
0,18,expert,605.263405,605.838801,0.575396,263331840,0,0,15,0
0,18,compute,605.197812,605.954220,0.756409,0,0,0,0,0
0,19,trunk,605.954222,605.957965,0.003743,431890432,-295,1,0,0
0,19,expert,605.997944,606.596931,0.598987,245776384,0,0,14,0
0,19,compute,605.958001,606.711013,0.753012,0,0,0,0,0
0,20,trunk,606.711015,606.714367,0.003352,645562368,-296,1,0,0
0,20,expert,606.776416,607.455212,0.678796,245776384,0,0,14,0
0,20,compute,606.714518,607.570210,0.855692,0,0,0,0,0
0,21,trunk,607.570212,607.573929,0.003717,645562368,-297,1,0,0
0,21,expert,607.635883,608.393327,0.757444,263331840,0,0,15,0
0,21,compute,607.573953,608.506253,0.932300,0,0,0,0,0
0,22,trunk,608.506255,608.509804,0.003548,645562368,-298,1,0,0
0,22,expert,608.568201,609.137470,0.569269,263331840,0,0,15,0
0,22,compute,608.509829,609.256878,0.747048,0,0,0,0,0
0,23,trunk,609.256880,609.260433,0.003553,431890432,-299,1,0,0
0,23,expert,609.291832,609.459594,0.167762,210665472,0,0,12,0
0,23,compute,609.260435,609.561346,0.300911,0,0,0,0,0
0,24,trunk,609.561348,609.564683,0.003335,0,-299,0,0,0
0,24,expert,609.620164,609.748210,0.128046,157999104,0,0,9,0
0,24,compute,609.564686,609.850645,0.285959,0,0,0,0,0
0,25,trunk,609.850647,609.854140,0.003493,0,-298,0,0,0
0,25,expert,609.914057,610.570510,0.656453,140443648,0,0,8,0
0,25,compute,609.854162,610.671585,0.817423,0,0,0,0,0
0,26,trunk,610.671587,610.675198,0.003611,645562368,-298,1,0,0
0,26,expert,610.733877,611.300026,0.566149,263331840,0,0,15,0
0,26,compute,610.675222,611.419032,0.743810,0,0,0,0,0
0,27,trunk,611.419034,611.422465,0.003431,431890432,-299,1,0,0
0,27,expert,611.475572,611.706648,0.231076,280887296,0,0,16,0
0,27,compute,611.422467,611.804551,0.382084,0,0,0,0,0
0,28,trunk,611.804553,611.807901,0.003349,0,-299,0,0,0
0,28,expert,611.862294,611.976092,0.113798,140443648,0,0,8,0
0,28,compute,611.807903,612.086314,0.278412,0,0,0,0,0
0,29,trunk,612.086316,612.089972,0.003657,0,-298,0,0,0
0,29,expert,612.151545,612.841219,0.689674,193110016,0,0,11,0
0,29,compute,612.089995,612.942921,0.852926,0,0,0,0,0
0,30,trunk,612.942923,612.946461,0.003538,645562368,-298,1,0,0
0,30,expert,613.006513,613.586836,0.580324,280887296,0,0,16,0
0,30,compute,612.946483,613.708053,0.761570,0,0,0,0,0
0,31,trunk,613.708055,613.711534,0.003479,431890432,-299,1,0,0
0,31,expert,613.764076,614.522732,0.758655,263331840,0,0,15,0
0,31,compute,613.711563,614.638331,0.926768,0,0,0,0,0
0,32,trunk,614.638333,614.641912,0.003579,645562368,-300,1,0,0
0,32,expert,614.702298,615.434406,0.732109,245776384,0,0,14,0
0,32,compute,614.641936,615.571017,0.929081,0,0,0,0,0
0,33,trunk,615.571019,615.574641,0.003623,645562368,-301,1,0,0
0,33,expert,615.641066,615.851051,0.209985,263331840,0,0,15,0
0,33,compute,615.574644,615.966170,0.391526,0,0,0,0,0
0,34,trunk,615.966171,615.969542,0.003371,0,-301,0,0,0
0,34,expert,616.049158,616.459686,0.410528,87777280,0,0,5,0
0,34,compute,615.969561,616.565321,0.595760,0,0,0,0,0
0,35,trunk,616.565324,616.569299,0.003975,431890432,-301,1,0,0
0,35,expert,616.606957,617.382381,0.775424,263331840,0,0,15,0
0,35,compute,616.569319,617.498199,0.928880,0,0,0,0,0
0,36,trunk,617.498201,617.501753,0.003552,645562368,-302,1,0,0
0,36,expert,617.557127,617.765641,0.208515,263331840,0,0,15,0
0,36,compute,617.501755,617.878526,0.376771,0,0,0,0,0
0,37,trunk,617.878528,617.881921,0.003393,0,-302,0,0,0
0,37,expert,617.945149,618.633560,0.688412,193110016,0,0,11,0
0,37,compute,617.881943,618.733349,0.851406,0,0,0,0,0
0,38,trunk,618.733351,618.736743,0.003392,645562368,-302,1,0,0
0,38,expert,618.791568,619.311755,0.520187,245776384,0,0,14,0
0,38,compute,618.736762,619.431302,0.694540,0,0,0,0,0
0,39,trunk,619.431305,619.434857,0.003552,431890432,-303,1,0,0
0,39,expert,619.490569,620.216301,0.725731,245776384,0,0,14,0
0,39,compute,619.434882,620.330611,0.895729,0,0,0,0,0
0,40,trunk,620.330613,620.334742,0.004129,645562368,-304,1,0,0
0,40,expert,620.407734,621.125912,0.718178,263331840,0,0,15,0
0,40,compute,620.334767,621.234173,0.899407,0,0,0,0,0
0,41,trunk,621.234175,621.238230,0.004055,645562368,-305,1,0,0
0,41,expert,621.300526,622.032407,0.731881,263331840,0,0,15,0
0,41,compute,621.238254,622.129113,0.890859,0,0,0,0,0
0,42,trunk,622.129115,622.132637,0.003521,645562368,-306,1,0,0
0,42,expert,622.184285,622.755024,0.570738,263331840,0,0,15,0
0,42,compute,622.132674,622.866324,0.733650,0,0,0,0,0
0,43,trunk,622.866326,622.870227,0.003901,431890432,-307,1,0,0
0,43,expert,622.900219,623.721541,0.821322,280887296,0,0,16,0
0,43,compute,622.870249,623.834348,0.964099,0,0,0,0,0
0,44,trunk,623.834350,623.837693,0.003343,645562368,-308,1,0,0
0,44,expert,623.893293,624.673579,0.780286,280887296,0,0,16,0
0,44,compute,623.837714,624.794193,0.956479,0,0,0,0,0
0,45,trunk,624.794195,624.797755,0.003560,645562368,-309,1,0,0
0,45,expert,624.853782,625.511259,0.657477,280887296,0,0,16,0
0,45,compute,624.797776,625.630160,0.832384,0,0,0,0,0
0,46,trunk,625.630162,625.642455,0.012293,645562368,-310,1,0,0
0,46,expert,625.691839,626.265535,0.573696,263331840,0,0,15,0
0,46,compute,625.642522,626.386769,0.744246,0,0,0,0,0
0,47,trunk,626.386771,626.390401,0.003630,431890432,-311,1,0,0
0,47,expert,626.426396,627.153893,0.727497,245776384,0,0,14,0
0,47,compute,626.390424,627.270194,0.879770,0,0,0,0,0
0,48,trunk,627.270196,627.273611,0.003415,645562368,-312,1,0,0
0,48,expert,627.318061,627.532319,0.214259,263331840,0,0,15,0
0,48,compute,627.273614,627.648046,0.374432,0,0,0,0,0
0,49,trunk,627.648048,627.651495,0.003447,0,-312,0,0,0
0,49,expert,627.707192,628.394249,0.687057,157999104,0,0,9,0
0,49,compute,627.651518,628.490563,0.839045,0,0,0,0,0
0,50,trunk,628.490564,628.494258,0.003694,645562368,-312,1,0,0
0,50,expert,628.543667,629.113502,0.569836,263331840,0,0,15,0
0,50,compute,628.494279,629.226206,0.731927,0,0,0,0,0
0,51,trunk,629.226208,629.229643,0.003435,431890432,-313,1,0,0
0,51,expert,629.268440,630.009833,0.741393,263331840,0,0,15,0
0,51,compute,629.229664,630.122172,0.892509,0,0,0,0,0
0,52,trunk,630.122174,630.125956,0.003782,645562368,-314,1,0,0
0,52,expert,630.176784,630.864129,0.687345,228220928,0,0,13,0
0,52,compute,630.125979,630.953584,0.827605,0,0,0,0,0
0,53,trunk,630.953586,630.957179,0.003593,645562368,-315,1,0,0
0,53,expert,631.011498,631.761215,0.749717,263331840,0,0,15,0
0,53,compute,630.957201,631.879025,0.921824,0,0,0,0,0
0,54,trunk,631.879027,631.882660,0.003633,645562368,-316,1,0,0
0,54,expert,631.932373,632.499502,0.567129,263331840,0,0,15,0
0,54,compute,631.882683,632.615040,0.732357,0,0,0,0,0
0,55,trunk,632.615042,632.618600,0.003558,431890432,-317,1,0,0
0,55,expert,632.651894,633.391270,0.739377,245776384,0,0,14,0
0,55,compute,632.618624,633.506164,0.887540,0,0,0,0,0
0,56,trunk,633.506166,633.509636,0.003469,645562368,-318,1,0,0
0,56,expert,633.564853,634.319659,0.754806,263331840,0,0,15,0
0,56,compute,633.509681,634.433433,0.923752,0,0,0,0,0
0,57,trunk,634.433436,634.436850,0.003414,645562368,-319,1,0,0
0,57,expert,634.492054,635.273090,0.781036,280887296,0,0,16,0
0,57,compute,634.436895,635.386308,0.949414,0,0,0,0,0
0,58,trunk,635.386310,635.390125,0.003815,645562368,-320,1,0,0
0,58,expert,635.441762,636.028882,0.587120,280887296,0,0,16,0
0,58,compute,635.390146,636.142203,0.752056,0,0,0,0,0
0,59,trunk,636.142205,636.145733,0.003529,431890432,-321,1,0,0
0,59,expert,636.174711,636.842315,0.667604,228220928,0,0,13,0
0,59,compute,636.145780,636.954248,0.808468,0,0,0,0,0
0,60,trunk,636.954251,636.957934,0.003683,645562368,-322,1,0,0
0,60,expert,637.013568,637.807984,0.794416,280887296,0,0,16,0
0,60,compute,636.957954,637.904787,0.946832,0,0,0,0,0
0,61,trunk,637.904789,637.908313,0.003525,645562368,-323,1,0,0
0,61,expert,637.966850,638.715879,0.749030,263331840,0,0,15,0
0,61,compute,637.908332,638.809641,0.901309,0,0,0,0,0
0,62,trunk,638.809643,638.813132,0.003490,645562368,-324,1,0,0
0,62,expert,638.861543,650.419885,11.558342,228220928,0,0,13,0
0,62,compute,638.813155,650.512426,11.699271,0,0,0,0,0
0,63,trunk,650.512429,650.515847,0.003418,431890432,-325,1,0,0
0,63,expert,650.542908,652.894595,2.351687,263331840,0,0,15,0
0,63,compute,650.515870,653.010173,2.494303,0,0,0,0,0
0,64,trunk,653.010175,653.013696,0.003521,645562368,-326,1,0,0
0,64,expert,653.130280,653.838930,0.708650,245776384,0,0,14,0
0,64,compute,653.013719,653.934507,0.920788,0,0,0,0,0
0,65,trunk,653.934510,653.937981,0.003471,645562368,-327,1,0,0
0,65,expert,653.991855,654.745378,0.753524,263331840,0,0,15,0
0,65,compute,653.938017,654.858240,0.920224,0,0,0,0,0
0,66,trunk,654.858274,654.861869,0.003595,645562368,-328,1,0,0
0,66,expert,654.910656,655.513558,0.602902,280887296,0,0,16,0
0,66,compute,654.861892,655.626355,0.764463,0,0,0,0,0
0,67,trunk,655.626357,655.629833,0.003476,431890432,-329,1,0,0
0,67,expert,655.667121,656.451517,0.784396,280887296,0,0,16,0
0,67,compute,655.629861,656.546981,0.917121,0,0,0,0,0
0,68,trunk,656.546983,656.550670,0.003687,645562368,-330,1,0,0
0,68,expert,656.604812,657.339994,0.735182,245776384,0,0,14,0
0,68,compute,656.550693,657.434620,0.883926,0,0,0,0,0
0,69,trunk,657.434621,657.437974,0.003353,645562368,-331,1,0,0
0,69,expert,657.492758,658.260050,0.767293,245776384,0,0,14,0
0,69,compute,657.437997,658.368042,0.930045,0,0,0,0,0
0,70,trunk,658.368045,658.371789,0.003745,645562368,-332,1,0,0
0,70,expert,658.423096,658.964808,0.541712,228220928,0,0,13,0
0,70,compute,658.371818,659.071312,0.699494,0,0,0,0,0
0,71,trunk,659.071314,659.074986,0.003672,431890432,-333,1,0,0
0,71,expert,659.111711,659.913292,0.801580,245776384,0,0,14,0
0,71,compute,659.075010,660.003390,0.928379,0,0,0,0,0
0,72,trunk,660.003392,660.006921,0.003528,645562368,-334,1,0,0
0,72,expert,660.053318,660.286474,0.233156,280887296,0,0,16,0
0,72,compute,660.006923,660.398219,0.391296,0,0,0,0,0
0,73,trunk,660.398221,660.401784,0.003563,0,-334,0,0,0
0,73,expert,660.455899,660.901795,0.445896,140443648,0,0,8,0
0,73,compute,660.401809,661.019032,0.617223,0,0,0,0,0
0,74,trunk,661.019033,661.124408,0.105375,645562368,-334,1,0,0
0,74,expert,661.173602,661.759772,0.586171,280887296,0,0,16,0
0,74,compute,661.124447,661.874212,0.749765,0,0,0,0,0
0,75,trunk,661.874214,661.877744,0.003530,431890432,-335,1,0,0
0,75,expert,661.910900,662.699920,0.789020,280887296,0,0,16,0
0,75,compute,661.877765,662.814209,0.936444,0,0,0,0,0
0,76,trunk,662.814210,662.817541,0.003330,645562368,-336,1,0,0
0,76,expert,662.870943,663.606614,0.735670,280887296,0,0,16,0
0,76,compute,662.817562,663.722279,0.904717,0,0,0,0,0
0,77,trunk,663.722281,663.725784,0.003503,645562368,-337,1,0,0
0,77,expert,663.777027,664.514974,0.737948,245776384,0,0,14,0
0,77,compute,663.725826,664.634222,0.908396,0,0,0,0,0
0,78,trunk,664.634224,664.637763,0.003538,645562368,-338,1,0,0
0,78,expert,664.696816,665.422635,0.725819,245776384,0,0,14,0
0,78,compute,664.637785,665.530157,0.892372,0,0,0,0,0
0,79,trunk,665.530160,665.533657,0.003497,431890432,-339,1,0,0
0,79,expert,665.569329,666.326957,0.757628,263331840,0,0,15,0
0,79,compute,665.533678,666.423803,0.890125,0,0,0,0,0
0,80,trunk,666.423805,666.427174,0.003370,645562368,-340,1,0,0
0,80,expert,666.483964,667.180307,0.696343,280887296,0,0,16,0
0,80,compute,666.427196,667.295335,0.868140,0,0,0,0,0
0,81,trunk,667.295338,667.299313,0.003975,645562368,-341,1,0,0
0,81,expert,667.357211,668.011575,0.654364,263331840,0,0,15,0
0,81,compute,667.299335,668.126163,0.826828,0,0,0,0,0
0,82,trunk,668.126165,668.133427,0.007262,645562368,-342,1,0,0
0,82,expert,668.179824,668.772613,0.592790,280887296,0,0,16,0
0,82,compute,668.133453,668.886197,0.752745,0,0,0,0,0
0,83,trunk,668.886199,668.889721,0.003522,431890432,-343,1,0,0
0,83,expert,668.918673,669.623139,0.704466,245776384,0,0,14,0
0,83,compute,668.889750,669.746203,0.856453,0,0,0,0,0
0,84,trunk,669.746205,669.753543,0.007338,645562368,-344,1,0,0
0,84,expert,669.815089,670.549942,0.734853,228220928,0,0,13,0
0,84,compute,669.753562,670.666194,0.912631,0,0,0,0,0
0,85,trunk,670.666196,670.669859,0.003663,645562368,-345,1,0,0
0,85,expert,670.724197,671.488105,0.763908,263331840,0,0,15,0
0,85,compute,670.669881,671.599025,0.929144,0,0,0,0,0
0,86,trunk,671.599027,671.602353,0.003326,645562368,-346,1,0,0
0,86,expert,671.668150,672.227287,0.559138,263331840,0,0,15,0
0,86,compute,671.602375,672.338239,0.735864,0,0,0,0,0
0,87,trunk,672.338242,672.341948,0.003707,431890432,-347,1,0,0
0,87,expert,672.372424,673.112235,0.739811,245776384,0,0,14,0
0,87,compute,672.341973,673.203588,0.861615,0,0,0,0,0
0,88,trunk,673.203590,673.207046,0.003456,645562368,-348,1,0,0
0,88,expert,673.261813,674.002053,0.740239,228220928,0,0,13,0
0,88,compute,673.207069,674.094833,0.887764,0,0,0,0,0
0,89,trunk,674.094834,674.098326,0.003492,645562368,-349,1,0,0
0,89,expert,674.156171,674.931207,0.775036,245776384,0,0,14,0
0,89,compute,674.098371,675.024243,0.925872,0,0,0,0,0
0,90,trunk,675.024245,675.027657,0.003412,645562368,-350,1,0,0
0,90,expert,675.077357,675.643452,0.566096,245776384,0,0,14,0
0,90,compute,675.027702,675.758180,0.730478,0,0,0,0,0
0,91,trunk,675.758182,675.761737,0.003554,431890432,-351,1,0,0
0,91,expert,675.795642,676.319189,0.523547,210665472,0,0,12,0
0,91,compute,675.761758,676.438209,0.676450,0,0,0,0,0
0,92,trunk,676.438211,676.441629,0.003418,431890432,-352,1,0,0
0,92,expert,676.471716,676.716585,0.244870,263331840,0,0,15,0
0,92,compute,676.441631,676.809202,0.367572,0,0,0,0,0
0,0,trunk,676.905470,676.905508,0.000037,0,-352,0,0,0
0,0,compute,676.905509,677.008335,0.102827,0,0,0,0,0
0,1,trunk,677.008337,677.011680,0.003343,0,-351,0,0,0
0,1,expert,677.059555,677.169785,0.110230,122888192,0,0,7,0
0,1,compute,677.011682,677.265127,0.253445,0,0,0,0,0
0,2,trunk,677.265129,677.268590,0.003461,0,-350,0,0,0
0,2,expert,677.317423,677.785374,0.467950,122888192,0,0,7,0
0,2,compute,677.268614,677.898344,0.629730,0,0,0,0,0
0,3,trunk,677.898346,677.901906,0.003559,431890432,-350,1,0,0
0,3,expert,677.935937,678.628762,0.692825,193110016,0,0,11,0
0,3,compute,677.901928,678.758180,0.856252,0,0,0,0,0
0,4,trunk,678.758181,678.761700,0.003519,645562368,-351,1,0,0
0,4,expert,678.822868,679.527940,0.705073,228220928,0,0,13,0
0,4,compute,678.761722,679.616817,0.855095,0,0,0,0,0
0,5,trunk,679.616819,679.620340,0.003521,645562368,-352,1,0,0
0,5,expert,679.661028,679.843556,0.182528,210665472,0,0,12,0
0,5,compute,679.620342,679.958200,0.337858,0,0,0,0,0
0,6,trunk,679.958202,679.961807,0.003605,0,-352,0,0,0
0,6,expert,680.010244,680.463716,0.453472,140443648,0,0,8,0
0,6,compute,679.961831,680.554595,0.592764,0,0,0,0,0
0,7,trunk,680.554597,680.558164,0.003567,431890432,-352,1,0,0
0,7,expert,680.578543,680.792819,0.214277,263331840,0,0,15,0
0,7,compute,680.558166,680.902161,0.343995,0,0,0,0,0
0,8,trunk,680.902163,680.905526,0.003364,0,-352,0,0,0
0,8,expert,680.959911,681.640398,0.680487,122888192,0,0,7,0
0,8,compute,680.905547,681.754232,0.848685,0,0,0,0,0
0,9,trunk,681.754234,681.757504,0.003270,645562368,-352,1,0,0
0,9,expert,681.811169,682.548507,0.737338,210665472,0,0,12,0
0,9,compute,681.757524,682.666285,0.908761,0,0,0,0,0
0,10,trunk,682.666288,682.669672,0.003384,645562368,-353,1,0,0
0,10,expert,682.717877,683.248265,0.530388,193110016,0,0,11,0
0,10,compute,682.669694,683.362323,0.692629,0,0,0,0,0
0,11,trunk,683.362326,683.365893,0.003567,431890432,-354,1,0,0
0,11,expert,683.402594,684.142244,0.739650,210665472,0,0,12,0
0,11,compute,683.365922,684.258243,0.892321,0,0,0,0,0
0,12,trunk,684.258245,684.261774,0.003529,645562368,-355,1,0,0
0,12,expert,684.310763,685.057874,0.747111,245776384,0,0,14,0
0,12,compute,684.261798,685.155397,0.893599,0,0,0,0,0
0,13,trunk,685.155400,685.159017,0.003617,645562368,-356,1,0,0
0,13,expert,685.197292,685.398457,0.201164,228220928,0,0,13,0
0,13,compute,685.159019,685.510175,0.351156,0,0,0,0,0
0,14,trunk,685.510178,685.513486,0.003308,0,-356,0,0,0
0,14,expert,685.565417,686.057517,0.492100,157999104,0,0,9,0
0,14,compute,685.513515,686.170179,0.656664,0,0,0,0,0
0,15,trunk,686.170181,686.173708,0.003527,431890432,-356,1,0,0
0,15,expert,686.214350,686.936938,0.722587,210665472,0,0,12,0
0,15,compute,686.173736,687.025508,0.851771,0,0,0,0,0
0,16,trunk,687.025509,687.029140,0.003631,645562368,-357,1,0,0
0,16,expert,687.079407,687.741940,0.662532,210665472,0,0,12,0
0,16,compute,687.029161,687.855006,0.825846,0,0,0,0,0
0,17,trunk,687.855008,687.858502,0.003494,645562368,-358,1,0,0
0,17,expert,687.916329,688.642288,0.725958,245776384,0,0,14,0
0,17,compute,687.858559,688.738493,0.879934,0,0,0,0,0
0,18,trunk,688.738496,688.742141,0.003646,645562368,-359,1,0,0
0,18,expert,688.797306,689.360100,0.562795,228220928,0,0,13,0
0,18,compute,688.742182,689.453992,0.711810,0,0,0,0,0
0,19,trunk,689.453995,689.457459,0.003465,431890432,-360,1,0,0
0,19,expert,689.494215,690.176863,0.682648,228220928,0,0,13,0
0,19,compute,689.457480,690.290157,0.832677,0,0,0,0,0
0,20,trunk,690.290159,690.293711,0.003552,645562368,-361,1,0,0
0,20,expert,690.347858,690.992195,0.644337,193110016,0,0,11,0
0,20,compute,690.293765,691.103015,0.809250,0,0,0,0,0
0,21,trunk,691.103017,691.106518,0.003501,645562368,-362,1,0,0
0,21,expert,691.153396,691.909779,0.756383,245776384,0,0,14,0
0,21,compute,691.106547,692.022194,0.915646,0,0,0,0,0
0,22,trunk,692.022213,692.025688,0.003475,645562368,-363,1,0,0
0,22,expert,692.075271,692.629681,0.554410,228220928,0,0,13,0
0,22,compute,692.025711,692.746312,0.720601,0,0,0,0,0
0,23,trunk,692.746314,692.749853,0.003539,431890432,-364,1,0,0
0,23,expert,692.779356,692.972607,0.193251,228220928,0,0,13,0
0,23,compute,692.749855,693.065491,0.315636,0,0,0,0,0
0,24,trunk,693.065493,693.069022,0.003530,0,-364,0,0,0
0,24,expert,693.107538,693.291585,0.184047,193110016,0,0,11,0
0,24,compute,693.069025,693.402221,0.333196,0,0,0,0,0
0,25,trunk,693.402222,693.405582,0.003360,0,-363,0,0,0
0,25,expert,693.455553,694.154039,0.698486,175554560,0,0,10,0
0,25,compute,693.405603,694.267023,0.861420,0,0,0,0,0
0,26,trunk,694.267025,694.270527,0.003502,645562368,-363,1,0,0
0,26,expert,694.318336,694.836930,0.518594,193110016,0,0,11,0
0,26,compute,694.270554,694.931307,0.660753,0,0,0,0,0
0,27,trunk,694.931309,694.934789,0.003480,431890432,-364,1,0,0
0,27,expert,694.963606,695.194692,0.231086,263331840,0,0,15,0
0,27,compute,694.934791,695.310514,0.375723,0,0,0,0,0
0,28,trunk,695.310516,695.313922,0.003406,0,-364,0,0,0
0,28,expert,695.351842,695.492362,0.140520,157999104,0,0,9,0
0,28,compute,695.313924,695.611104,0.297179,0,0,0,0,0
0,29,trunk,695.611105,695.614663,0.003558,0,-363,0,0,0
0,29,expert,695.663180,696.322210,0.659030,122888192,0,0,7,0
0,29,compute,695.614689,696.434242,0.819553,0,0,0,0,0
0,30,trunk,696.434243,696.437785,0.003542,645562368,-363,1,0,0
0,30,expert,696.484709,697.057187,0.572478,245776384,0,0,14,0
0,30,compute,696.437807,697.151858,0.714051,0,0,0,0,0
0,31,trunk,697.151860,697.155298,0.003438,431890432,-364,1,0,0
0,31,expert,697.186175,697.937814,0.751639,245776384,0,0,14,0
0,31,compute,697.155321,698.027532,0.872211,0,0,0,0,0
0,32,trunk,698.027534,698.031005,0.003471,645562368,-365,1,0,0
0,32,expert,698.085799,698.823244,0.737445,228220928,0,0,13,0
0,32,compute,698.031028,698.930168,0.899140,0,0,0,0,0
0,33,trunk,698.930171,698.933600,0.003430,645562368,-366,1,0,0
0,33,expert,698.973392,699.103964,0.130572,157999104,0,0,9,0
0,33,compute,698.933602,699.388043,0.454441,0,0,0,0,0
0,34,trunk,699.388045,699.391442,0.003397,0,-366,0,0,0
0,34,expert,699.442527,699.777867,0.335340,122888192,0,0,7,0
0,34,compute,699.391463,699.876175,0.484713,0,0,0,0,0
0,35,trunk,699.876177,699.918719,0.042542,431890432,-366,1,0,0
0,35,expert,699.954639,700.738943,0.784304,263331840,0,0,15,0
0,35,compute,699.918784,700.858397,0.939613,0,0,0,0,0
0,36,trunk,700.858399,700.861983,0.003584,645562368,-367,1,0,0
0,36,expert,700.938880,701.156856,0.217976,263331840,0,0,15,0
0,36,compute,700.861986,701.274198,0.412213,0,0,0,0,0
0,37,trunk,701.274200,701.277610,0.003409,0,-367,0,0,0
0,37,expert,701.332653,701.852158,0.519504,87777280,0,0,5,0
0,37,compute,701.277631,701.978199,0.700568,0,0,0,0,0
0,38,trunk,701.978201,701.981778,0.003577,645562368,-367,1,0,0
0,38,expert,702.039127,702.521237,0.482110,193110016,0,0,11,0
0,38,compute,701.981799,702.635028,0.653228,0,0,0,0,0
0,39,trunk,702.635030,702.638106,0.003077,431890432,-368,1,0,0
0,39,expert,702.674014,703.393344,0.719330,210665472,0,0,12,0
0,39,compute,702.638130,703.506206,0.868076,0,0,0,0,0
0,40,trunk,703.506209,703.509819,0.003610,645562368,-369,1,0,0
0,40,expert,703.565059,704.301647,0.736589,210665472,0,0,12,0
0,40,compute,703.509841,704.392052,0.882211,0,0,0,0,0
0,41,trunk,704.392054,704.395361,0.003307,645562368,-370,1,0,0
0,41,expert,704.449635,705.135708,0.686073,210665472,0,0,12,0
0,41,compute,704.395383,705.230353,0.834970,0,0,0,0,0
0,42,trunk,705.230355,705.233873,0.003518,645562368,-371,1,0,0
0,42,expert,705.282801,705.788205,0.505404,175554560,0,0,10,0
0,42,compute,705.233916,705.902230,0.668314,0,0,0,0,0
0,43,trunk,705.902232,705.905811,0.003579,431890432,-372,1,0,0
0,43,expert,705.941323,706.687611,0.746288,193110016,0,0,11,0
0,43,compute,705.905857,706.802312,0.896456,0,0,0,0,0
0,44,trunk,706.802314,706.805851,0.003537,645562368,-373,1,0,0
0,44,expert,706.862752,707.616787,0.754035,245776384,0,0,14,0
0,44,compute,706.805874,707.730198,0.924323,0,0,0,0,0
0,45,trunk,707.730200,707.733796,0.003596,645562368,-374,1,0,0
0,45,expert,707.786181,708.498913,0.712732,193110016,0,0,11,0
0,45,compute,707.733819,708.595618,0.861799,0,0,0,0,0
0,46,trunk,708.595620,708.599148,0.003528,645562368,-375,1,0,0
0,46,expert,708.647748,709.175732,0.527984,193110016,0,0,11,0
0,46,compute,708.599187,709.270227,0.671040,0,0,0,0,0
0,47,trunk,709.270229,709.273708,0.003480,431890432,-376,1,0,0
0,47,expert,709.308854,710.024061,0.715207,228220928,0,0,13,0
0,47,compute,709.273730,710.129064,0.855334,0,0,0,0,0
0,48,trunk,710.129066,710.132653,0.003587,645562368,-377,1,0,0
0,48,expert,710.192565,710.374272,0.181706,210665472,0,0,12,0
0,48,compute,710.132655,710.486173,0.353518,0,0,0,0,0
0,49,trunk,710.486175,710.490000,0.003825,0,-377,0,0,0
0,49,expert,710.555606,711.276163,0.720556,193110016,0,0,11,0
0,49,compute,710.490024,711.370016,0.879992,0,0,0,0,0
0,50,trunk,711.370018,711.373568,0.003550,645562368,-377,1,0,0
0,50,expert,711.421425,711.972134,0.550708,228220928,0,0,13,0
0,50,compute,711.373591,712.082184,0.708593,0,0,0,0,0
0,51,trunk,712.082186,712.085723,0.003537,431890432,-378,1,0,0
0,51,expert,712.133611,712.835155,0.701544,228220928,0,0,13,0
0,51,compute,712.085750,712.954567,0.868817,0,0,0,0,0
0,52,trunk,712.954568,712.958183,0.003615,645562368,-379,1,0,0
0,52,expert,713.022639,713.695953,0.673313,210665472,0,0,12,0
0,52,compute,712.958210,713.784298,0.826089,0,0,0,0,0
0,53,trunk,713.784301,713.787929,0.003628,645562368,-380,1,0,0
0,53,expert,713.843582,714.589560,0.745977,245776384,0,0,14,0
0,53,compute,713.787956,714.702973,0.915018,0,0,0,0,0
0,54,trunk,714.702976,714.706301,0.003325,645562368,-381,1,0,0
0,54,expert,714.755133,715.317319,0.562186,245776384,0,0,14,0
0,54,compute,714.706325,715.412550,0.706225,0,0,0,0,0
0,55,trunk,715.412552,715.416181,0.003629,431890432,-382,1,0,0
0,55,expert,715.453064,716.186663,0.733598,228220928,0,0,13,0
0,55,compute,715.416199,716.302392,0.886194,0,0,0,0,0
0,56,trunk,716.302414,716.305781,0.003367,645562368,-383,1,0,0
0,56,expert,716.360285,717.106520,0.746236,263331840,0,0,15,0
0,56,compute,716.305807,717.218582,0.912776,0,0,0,0,0
0,57,trunk,717.218585,717.222148,0.003564,645562368,-384,1,0,0
0,57,expert,717.278303,718.047281,0.768978,263331840,0,0,15,0
0,57,compute,717.222172,718.162220,0.940048,0,0,0,0,0
0,58,trunk,718.162222,718.165573,0.003351,645562368,-385,1,0,0
0,58,expert,718.223382,718.749290,0.525908,210665472,0,0,12,0
0,58,compute,718.165594,718.862170,0.696575,0,0,0,0,0
0,59,trunk,718.862172,718.865842,0.003670,431890432,-386,1,0,0
0,59,expert,718.900824,719.601171,0.700346,175554560,0,0,10,0
0,59,compute,718.865868,719.694292,0.828424,0,0,0,0,0
0,60,trunk,719.694294,719.697911,0.003617,645562368,-387,1,0,0
0,60,expert,719.755193,720.508025,0.752831,228220928,0,0,13,0
0,60,compute,719.697934,720.614243,0.916310,0,0,0,0,0
0,61,trunk,720.614245,720.617478,0.003233,645562368,-388,1,0,0
0,61,expert,720.675547,721.411999,0.736453,245776384,0,0,14,0
0,61,compute,720.617530,721.501563,0.884032,0,0,0,0,0
0,62,trunk,721.501564,721.505132,0.003568,645562368,-389,1,0,0
0,62,expert,721.555925,722.072609,0.516684,193110016,0,0,11,0
0,62,compute,721.505180,722.187006,0.681826,0,0,0,0,0
0,63,trunk,722.187008,722.190694,0.003686,431890432,-390,1,0,0
0,63,expert,722.230760,722.992030,0.761270,245776384,0,0,14,0
0,63,compute,722.190716,723.102891,0.912176,0,0,0,0,0
0,64,trunk,723.102893,723.106414,0.003521,645562368,-391,1,0,0
0,64,expert,723.158573,723.883032,0.724459,210665472,0,0,12,0
0,64,compute,723.106440,723.998203,0.891763,0,0,0,0,0
0,65,trunk,723.998205,724.001916,0.003711,645562368,-392,1,0,0
0,65,expert,724.054283,724.790863,0.736581,228220928,0,0,13,0
0,65,compute,724.001942,724.882980,0.881038,0,0,0,0,0
0,66,trunk,724.882982,724.886401,0.003418,645562368,-393,1,0,0
0,66,expert,724.933957,725.492174,0.558218,228220928,0,0,13,0
0,66,compute,724.886423,725.610201,0.723778,0,0,0,0,0
0,67,trunk,725.610203,725.613879,0.003676,431890432,-394,1,0,0
0,67,expert,725.672668,726.422137,0.749469,245776384,0,0,14,0
0,67,compute,725.613901,726.534213,0.920312,0,0,0,0,0
0,68,trunk,726.534215,726.537814,0.003599,645562368,-395,1,0,0
0,68,expert,726.588914,727.354685,0.765771,263331840,0,0,15,0
0,68,compute,726.537844,727.466168,0.928324,0,0,0,0,0
0,69,trunk,727.466191,727.469839,0.003648,645562368,-396,1,0,0
0,69,expert,727.523833,728.233813,0.709979,175554560,0,0,10,0
0,69,compute,727.469864,728.340540,0.870676,0,0,0,0,0
0,70,trunk,728.340542,728.344038,0.003496,645562368,-397,1,0,0
0,70,expert,728.397786,728.832258,0.434473,140443648,0,0,8,0
0,70,compute,728.344056,728.946186,0.602130,0,0,0,0,0
0,71,trunk,728.946207,728.949782,0.003575,431890432,-398,1,0,0
0,71,expert,728.999183,729.775767,0.776584,228220928,0,0,13,0
0,71,compute,728.949837,729.890250,0.940413,0,0,0,0,0
0,72,trunk,729.890252,729.893942,0.003689,645562368,-399,1,0,0
0,72,expert,729.954336,730.139540,0.185204,210665472,0,0,12,0
0,72,compute,729.893948,730.258196,0.364249,0,0,0,0,0
0,73,trunk,730.258198,730.261861,0.003663,0,-399,0,0,0
0,73,expert,730.344328,731.014099,0.669771,175554560,0,0,10,0
0,73,compute,730.261886,731.126251,0.864365,0,0,0,0,0
0,74,trunk,731.126252,731.130092,0.003840,645562368,-399,1,0,0
0,74,expert,731.192535,731.671632,0.479096,157999104,0,0,9,0
0,74,compute,731.130148,731.765149,0.635001,0,0,0,0,0
0,75,trunk,731.765151,731.768824,0.003673,431890432,-400,1,0,0
0,75,expert,731.804550,732.483045,0.678495,140443648,0,0,8,0
0,75,compute,731.768850,732.598217,0.829367,0,0,0,0,0
0,76,trunk,732.598219,732.601845,0.003626,645562368,-401,1,0,0
0,76,expert,732.660226,733.368339,0.708112,228220928,0,0,13,0
0,76,compute,732.601867,734.038981,1.437114,0,0,0,0,0
0,77,trunk,734.038983,734.042351,0.003368,645562368,-402,1,0,0
0,77,expert,734.097832,734.850659,0.752827,245776384,0,0,14,0
0,77,compute,734.042374,734.962197,0.919823,0,0,0,0,0
0,78,trunk,734.962199,734.965722,0.003523,645562368,-403,1,0,0
0,78,expert,735.028366,735.744656,0.716290,245776384,0,0,14,0
0,78,compute,734.965760,735.862220,0.896459,0,0,0,0,0
0,79,trunk,735.862221,735.865678,0.003457,431890432,-404,1,0,0
0,79,expert,735.896368,736.695934,0.799566,280887296,0,0,16,0
0,79,compute,735.865699,736.788780,0.923080,0,0,0,0,0
0,80,trunk,736.788782,736.792283,0.003501,645562368,-405,1,0,0
0,80,expert,736.847409,737.594441,0.747032,280887296,0,0,16,0
0,80,compute,736.792301,737.686321,0.894019,0,0,0,0,0
0,81,trunk,737.686323,737.689823,0.003500,645562368,-406,1,0,0
0,81,expert,737.740996,738.455489,0.714493,263331840,0,0,15,0
0,81,compute,737.689846,738.544260,0.854415,0,0,0,0,0
0,82,trunk,738.544262,738.547748,0.003486,645562368,-407,1,0,0
0,82,expert,738.596187,739.197133,0.600946,280887296,0,0,16,0
0,82,compute,738.547781,739.310237,0.762456,0,0,0,0,0
0,83,trunk,739.310239,739.313702,0.003463,431890432,-408,1,0,0
0,83,expert,739.346010,740.113322,0.767312,228220928,0,0,13,0
0,83,compute,739.313724,740.206366,0.892642,0,0,0,0,0
0,84,trunk,740.206367,740.209939,0.003572,645562368,-409,1,0,0
0,84,expert,740.263611,741.031039,0.767428,263331840,0,0,15,0
0,84,compute,740.209968,741.142218,0.932250,0,0,0,0,0
0,85,trunk,741.142219,741.145614,0.003395,645562368,-410,1,0,0
0,85,expert,741.199154,741.968478,0.769324,263331840,0,0,15,0
0,85,compute,741.145641,742.056712,0.911071,0,0,0,0,0
0,86,trunk,742.056715,742.060233,0.003519,645562368,-411,1,0,0
0,86,expert,742.112468,742.699415,0.586947,263331840,0,0,15,0
0,86,compute,742.060253,742.810524,0.750270,0,0,0,0,0
0,87,trunk,742.810526,742.814035,0.003509,431890432,-412,1,0,0
0,87,expert,742.843982,743.594650,0.750668,263331840,0,0,15,0
0,87,compute,742.814059,743.706193,0.892134,0,0,0,0,0
0,88,trunk,743.706195,743.709763,0.003569,645562368,-413,1,0,0
0,88,expert,743.769265,744.528299,0.759034,263331840,0,0,15,0
0,88,compute,743.709806,744.625567,0.915761,0,0,0,0,0
0,89,trunk,744.625569,744.629092,0.003523,645562368,-414,1,0,0
0,89,expert,744.681466,745.470775,0.789309,263331840,0,0,15,0
0,89,compute,744.629112,745.590254,0.961142,0,0,0,0,0
0,90,trunk,745.590256,745.593845,0.003589,645562368,-415,1,0,0
0,90,expert,745.641090,746.196030,0.554940,245776384,0,0,14,0
0,90,compute,745.593866,746.310241,0.716375,0,0,0,0,0
0,91,trunk,746.310243,746.313764,0.003521,431890432,-416,1,0,0
0,91,expert,746.343722,746.876265,0.532543,210665472,0,0,12,0
0,91,compute,746.313787,746.967787,0.654001,0,0,0,0,0
0,92,trunk,746.967789,746.971279,0.003489,431890432,-417,1,0,0
0,92,expert,746.992569,747.178444,0.185874,228220928,0,0,13,0
0,92,compute,746.971280,747.267526,0.296246,0,0,0,0,0
0,0,trunk,747.362532,747.362566,0.000034,0,-417,0,0,0
0,0,compute,747.362567,747.470302,0.107734,0,0,0,0,0
0,1,trunk,747.470304,747.473666,0.003362,0,-416,0,0,0
0,1,expert,747.512884,747.657928,0.145044,175554560,0,0,10,0
0,1,compute,747.473669,747.756840,0.283172,0,0,0,0,0
0,2,trunk,747.756842,747.760304,0.003461,0,-415,0,0,0
0,2,expert,747.813659,748.279826,0.466166,140443648,0,0,8,0
0,2,compute,747.760322,748.371222,0.610901,0,0,0,0,0
0,3,trunk,748.371224,748.374810,0.003585,431890432,-415,1,0,0
0,3,expert,748.406338,749.117675,0.711336,210665472,0,0,12,0
0,3,compute,748.374839,749.234206,0.859367,0,0,0,0,0
0,4,trunk,749.234208,749.238099,0.003891,645562368,-416,1,0,0
0,4,expert,749.291469,750.008043,0.716574,228220928,0,0,13,0
0,4,compute,749.238121,750.095978,0.857857,0,0,0,0,0
0,5,trunk,750.095980,750.099557,0.003577,645562368,-417,1,0,0
0,5,expert,750.137977,750.309460,0.171483,210665472,0,0,12,0
0,5,compute,750.099559,750.426783,0.327224,0,0,0,0,0
0,6,trunk,750.426785,750.430316,0.003532,0,-417,0,0,0
0,6,expert,750.480442,750.918324,0.437882,140443648,0,0,8,0
0,6,compute,750.430352,751.034205,0.603853,0,0,0,0,0
0,7,trunk,751.034208,751.037860,0.003652,431890432,-417,1,0,0
0,7,expert,751.059855,751.272021,0.212166,263331840,0,0,15,0
0,7,compute,751.037863,751.364674,0.326811,0,0,0,0,0
0,8,trunk,751.364676,751.368079,0.003403,0,-417,0,0,0
0,8,expert,751.421032,752.058722,0.637690,122888192,0,0,7,0
0,8,compute,751.368096,752.174223,0.806128,0,0,0,0,0
0,9,trunk,752.174225,752.177865,0.003640,645562368,-417,1,0,0
0,9,expert,752.232613,752.973337,0.740723,210665472,0,0,12,0
0,9,compute,752.177888,753.086327,0.908439,0,0,0,0,0
0,10,trunk,753.086329,753.089953,0.003624,645562368,-418,1,0,0
0,10,expert,753.138652,753.609500,0.470848,210665472,0,0,12,0
0,10,compute,753.089976,753.728038,0.638062,0,0,0,0,0
0,11,trunk,753.728040,753.731421,0.003381,431890432,-419,1,0,0
0,11,expert,753.787335,754.489433,0.702098,245776384,0,0,14,0
0,11,compute,753.731495,754.584288,0.852793,0,0,0,0,0
0,12,trunk,754.584290,754.588153,0.003863,645562368,-420,1,0,0
0,12,expert,754.639146,755.386826,0.747680,245776384,0,0,14,0
0,12,compute,754.588173,755.497711,0.909538,0,0,0,0,0
0,13,trunk,755.497712,755.501639,0.003927,645562368,-421,1,0,0
0,13,expert,755.543019,755.754778,0.211759,245776384,0,0,14,0
0,13,compute,755.501642,755.866194,0.364552,0,0,0,0,0
0,14,trunk,755.866196,755.869593,0.003398,0,-421,0,0,0
0,14,expert,755.914262,756.323725,0.409463,70221824,0,0,4,0
0,14,compute,755.869637,756.424183,0.554546,0,0,0,0,0
0,15,trunk,756.424185,756.427918,0.003733,431890432,-421,1,0,0
0,15,expert,756.462281,757.218067,0.755786,245776384,0,0,14,0
0,15,compute,756.427945,757.334274,0.906329,0,0,0,0,0
0,16,trunk,757.334276,757.337639,0.003363,645562368,-422,1,0,0
0,16,expert,757.392747,758.055158,0.662411,228220928,0,0,13,0
0,16,compute,757.337660,758.166192,0.828532,0,0,0,0,0
0,17,trunk,758.166194,758.170044,0.003850,645562368,-423,1,0,0
0,17,expert,758.221651,758.942164,0.720513,245776384,0,0,14,0
0,17,compute,758.170075,759.058199,0.888124,0,0,0,0,0
0,18,trunk,759.058201,759.061797,0.003596,645562368,-424,1,0,0
0,18,expert,759.106724,759.707108,0.600384,263331840,0,0,15,0
0,18,compute,759.061822,759.795560,0.733738,0,0,0,0,0
0,19,trunk,759.795562,759.799093,0.003532,431890432,-425,1,0,0
0,19,expert,759.831482,760.528981,0.697499,245776384,0,0,14,0
0,19,compute,759.799139,760.624994,0.825855,0,0,0,0,0
0,20,trunk,760.624996,760.628409,0.003413,645562368,-426,1,0,0
0,20,expert,760.675373,761.346026,0.670653,210665472,0,0,12,0
0,20,compute,760.628428,761.458198,0.829770,0,0,0,0,0
0,21,trunk,761.458200,761.461711,0.003511,645562368,-427,1,0,0
0,21,expert,761.527544,762.270347,0.742802,263331840,0,0,15,0
0,21,compute,761.461734,762.386189,0.924455,0,0,0,0,0
0,22,trunk,762.386191,762.389798,0.003607,645562368,-428,1,0,0
0,22,expert,762.442542,763.000305,0.557763,228220928,0,0,13,0
0,22,compute,762.389854,763.092351,0.702496,0,0,0,0,0
0,23,trunk,763.092352,763.095790,0.003438,431890432,-429,1,0,0
0,23,expert,763.117061,763.306322,0.189262,228220928,0,0,13,0
0,23,compute,763.095792,763.422990,0.327198,0,0,0,0,0
0,24,trunk,763.422992,763.426430,0.003438,0,-429,0,0,0
0,24,expert,763.510629,763.630074,0.119445,140443648,0,0,8,0
0,24,compute,763.426433,763.719092,0.292659,0,0,0,0,0
0,25,trunk,763.719093,763.722450,0.003357,0,-428,0,0,0
0,25,expert,763.773444,764.391692,0.618248,87777280,0,0,5,0
0,25,compute,763.722472,764.506374,0.783903,0,0,0,0,0
0,26,trunk,764.506376,764.509884,0.003508,645562368,-428,1,0,0
0,26,expert,764.565120,765.089406,0.524286,228220928,0,0,13,0
0,26,compute,764.509907,765.202206,0.692299,0,0,0,0,0
0,27,trunk,765.202226,765.205813,0.003586,431890432,-429,1,0,0
0,27,expert,765.226541,765.448862,0.222321,280887296,0,0,16,0
0,27,compute,765.205815,765.541274,0.335459,0,0,0,0,0
0,28,trunk,765.541276,765.544614,0.003338,0,-429,0,0,0
0,28,expert,765.592253,765.675608,0.083355,105332736,0,0,6,0
0,28,compute,765.544617,765.771444,0.226827,0,0,0,0,0
0,29,trunk,765.771446,765.774829,0.003384,0,-428,0,0,0
0,29,expert,765.827202,766.473602,0.646400,122888192,0,0,7,0
0,29,compute,765.774851,766.594370,0.819518,0,0,0,0,0
0,30,trunk,766.594371,766.597751,0.003380,645562368,-428,1,0,0
0,30,expert,766.645188,767.208431,0.563243,245776384,0,0,14,0
0,30,compute,766.597773,767.296640,0.698867,0,0,0,0,0
0,31,trunk,767.296642,767.300263,0.003621,431890432,-429,1,0,0
0,31,expert,767.333554,768.084146,0.750592,245776384,0,0,14,0
0,31,compute,767.300283,768.178664,0.878382,0,0,0,0,0
0,32,trunk,768.178667,768.182060,0.003393,645562368,-430,1,0,0
0,32,expert,768.232926,768.955004,0.722078,228220928,0,0,13,0
0,32,compute,768.182085,769.078198,0.896113,0,0,0,0,0
0,33,trunk,769.078200,769.081814,0.003615,645562368,-431,1,0,0
0,33,expert,769.124915,769.326354,0.201438,245776384,0,0,14,0
0,33,compute,769.081817,769.447030,0.365214,0,0,0,0,0
0,34,trunk,769.447033,769.450384,0.003351,0,-431,0,0,0
0,34,expert,769.497847,769.974898,0.477051,140443648,0,0,8,0
0,34,compute,769.450407,770.094205,0.643799,0,0,0,0,0
0,35,trunk,770.094207,770.097823,0.003615,431890432,-431,1,0,0
0,35,expert,770.136115,770.914068,0.777954,263331840,0,0,15,0
0,35,compute,770.097849,771.034230,0.936380,0,0,0,0,0
0,36,trunk,771.034232,771.037704,0.003472,645562368,-432,1,0,0
0,36,expert,771.083672,771.292076,0.208405,263331840,0,0,15,0
0,36,compute,771.037707,771.383971,0.346265,0,0,0,0,0
0,37,trunk,771.383973,771.387367,0.003394,0,-432,0,0,0
0,37,expert,771.436935,772.068164,0.631229,105332736,0,0,6,0
0,37,compute,771.387397,772.161442,0.774045,0,0,0,0,0
0,38,trunk,772.161444,772.164867,0.003423,645562368,-432,1,0,0
0,38,expert,772.212949,772.740170,0.527221,228220928,0,0,13,0
0,38,compute,772.164887,772.828648,0.663761,0,0,0,0,0
0,39,trunk,772.828650,772.832100,0.003450,431890432,-433,1,0,0
0,39,expert,772.867649,773.620210,0.752561,263331840,0,0,15,0
0,39,compute,772.832119,773.739024,0.906905,0,0,0,0,0
0,40,trunk,773.739026,773.742584,0.003558,645562368,-434,1,0,0
0,40,expert,773.794681,774.528979,0.734298,228220928,0,0,13,0
0,40,compute,773.742605,774.634211,0.891606,0,0,0,0,0
0,41,trunk,774.634213,774.637906,0.003692,645562368,-435,1,0,0
0,41,expert,774.690473,775.388692,0.698219,210665472,0,0,12,0
0,41,compute,774.637959,775.477503,0.839544,0,0,0,0,0
0,42,trunk,775.477505,775.480995,0.003490,645562368,-436,1,0,0
0,42,expert,775.530100,776.015739,0.485639,157999104,0,0,9,0
0,42,compute,775.481043,776.134211,0.653168,0,0,0,0,0
0,43,trunk,776.134212,776.138388,0.004175,431890432,-437,1,0,0
0,43,expert,776.174175,776.898917,0.724742,210665472,0,0,12,0
0,43,compute,776.138413,777.042263,0.903851,0,0,0,0,0
0,44,trunk,777.042266,777.045840,0.003575,645562368,-438,1,0,0
0,44,expert,777.107953,777.858313,0.750360,245776384,0,0,14,0
0,44,compute,777.045861,777.970233,0.924372,0,0,0,0,0
0,45,trunk,777.970235,777.973820,0.003585,645562368,-439,1,0,0
0,45,expert,778.027383,778.662800,0.635417,210665472,0,0,12,0
0,45,compute,777.973850,778.759844,0.785995,0,0,0,0,0
0,46,trunk,778.759846,778.763363,0.003517,645562368,-440,1,0,0
0,46,expert,778.809593,779.337316,0.527723,210665472,0,0,12,0
0,46,compute,778.763388,779.454190,0.690802,0,0,0,0,0
0,47,trunk,779.454192,779.457821,0.003629,431890432,-441,1,0,0
0,47,expert,779.499291,780.205689,0.706398,228220928,0,0,13,0
0,47,compute,779.457844,780.299812,0.841967,0,0,0,0,0
0,48,trunk,780.299814,780.303305,0.003491,645562368,-442,1,0,0
0,48,expert,780.341876,780.535061,0.193185,228220928,0,0,13,0
0,48,compute,780.303307,780.651018,0.347711,0,0,0,0,0
0,49,trunk,780.651020,780.654497,0.003478,0,-442,0,0,0
0,49,expert,780.711151,781.353105,0.641955,105332736,0,0,6,0
0,49,compute,780.654518,781.474331,0.819813,0,0,0,0,0
0,50,trunk,781.474333,781.477821,0.003489,645562368,-442,1,0,0
0,50,expert,781.525183,782.060891,0.535708,228220928,0,0,13,0
0,50,compute,781.477843,782.153298,0.675456,0,0,0,0,0
0,51,trunk,782.153300,782.156769,0.003469,431890432,-443,1,0,0
0,51,expert,782.195593,782.908679,0.713086,228220928,0,0,13,0
0,51,compute,782.156815,783.001165,0.844349,0,0,0,0,0
0,52,trunk,783.001167,783.004745,0.003578,645562368,-444,1,0,0
0,52,expert,783.056735,783.768561,0.711826,228220928,0,0,13,0
0,52,compute,783.004768,783.887005,0.882236,0,0,0,0,0
0,53,trunk,783.887023,783.890576,0.003553,645562368,-445,1,0,0
0,53,expert,783.944494,784.651578,0.707083,210665472,0,0,12,0
0,53,compute,783.890621,784.770198,0.879577,0,0,0,0,0
0,54,trunk,784.770200,784.773731,0.003532,645562368,-446,1,0,0
0,54,expert,784.839537,785.363662,0.524125,245776384,0,0,14,0
0,54,compute,784.773754,785.457426,0.683672,0,0,0,0,0
0,55,trunk,785.457428,785.460880,0.003453,431890432,-447,1,0,0
0,55,expert,785.492736,786.182274,0.689538,210665472,0,0,12,0
0,55,compute,785.460902,786.298213,0.837311,0,0,0,0,0
0,56,trunk,786.298215,786.301734,0.003520,645562368,-448,1,0,0
0,56,expert,786.357365,787.029526,0.672161,263331840,0,0,15,0
0,56,compute,786.301780,787.142281,0.840501,0,0,0,0,0
0,57,trunk,787.142283,787.145832,0.003550,645562368,-449,1,0,0
0,57,expert,787.195946,787.968100,0.772154,263331840,0,0,15,0
0,57,compute,787.145859,788.060724,0.914865,0,0,0,0,0
0,58,trunk,788.060726,788.064403,0.003677,645562368,-450,1,0,0
0,58,expert,788.108374,788.645557,0.537183,210665472,0,0,12,0
0,58,compute,788.064420,788.759080,0.694661,0,0,0,0,0
0,59,trunk,788.759082,788.762618,0.003536,431890432,-451,1,0,0
0,59,expert,788.795909,789.527175,0.731266,210665472,0,0,12,0
0,59,compute,788.762639,789.647014,0.884375,0,0,0,0,0
0,60,trunk,789.647016,789.650700,0.003684,645562368,-452,1,0,0
0,60,expert,789.707757,790.455990,0.748233,228220928,0,0,13,0
0,60,compute,789.650721,790.543879,0.893158,0,0,0,0,0
0,61,trunk,790.543881,790.547282,0.003401,645562368,-453,1,0,0
0,61,expert,790.597990,791.324119,0.726128,245776384,0,0,14,0
0,61,compute,790.547304,791.442477,0.895173,0,0,0,0,0
0,62,trunk,791.442478,791.445979,0.003500,645562368,-454,1,0,0
0,62,expert,791.496121,792.042864,0.546742,245776384,0,0,14,0
0,62,compute,791.446029,792.159401,0.713372,0,0,0,0,0
0,63,trunk,792.159404,792.162917,0.003513,431890432,-455,1,0,0
0,63,expert,792.197601,792.956443,0.758842,245776384,0,0,14,0
0,63,compute,792.162938,793.049309,0.886372,0,0,0,0,0
0,64,trunk,793.049311,793.052844,0.003533,645562368,-456,1,0,0
0,64,expert,793.103448,793.849184,0.745736,245776384,0,0,14,0
0,64,compute,793.052861,793.967718,0.914857,0,0,0,0,0
0,65,trunk,793.967720,793.971170,0.003450,645562368,-457,1,0,0
0,65,expert,794.025216,794.764037,0.738821,245776384,0,0,14,0
0,65,compute,793.971199,794.871001,0.899802,0,0,0,0,0
0,66,trunk,794.871003,794.874272,0.003269,645562368,-458,1,0,0
0,66,expert,794.933170,795.490577,0.557407,245776384,0,0,14,0
0,66,compute,794.874296,795.590504,0.716208,0,0,0,0,0
0,67,trunk,795.590506,795.593985,0.003479,431890432,-459,1,0,0
0,67,expert,795.629606,796.296138,0.666532,245776384,0,0,14,0
0,67,compute,795.594017,796.391544,0.797527,0,0,0,0,0
0,68,trunk,796.391546,796.395366,0.003820,645562368,-460,1,0,0
0,68,expert,796.444051,797.200054,0.756003,263331840,0,0,15,0
0,68,compute,796.395391,797.291570,0.896179,0,0,0,0,0
0,69,trunk,797.291572,797.294901,0.003329,645562368,-461,1,0,0
0,69,expert,797.346806,798.075520,0.728714,210665472,0,0,12,0
0,69,compute,797.294922,798.194196,0.899274,0,0,0,0,0
0,70,trunk,798.194199,798.197773,0.003575,645562368,-462,1,0,0
0,70,expert,798.248038,798.755983,0.507945,193110016,0,0,11,0
0,70,compute,798.197820,798.849056,0.651236,0,0,0,0,0
0,71,trunk,798.849058,798.852515,0.003457,431890432,-463,1,0,0
0,71,expert,798.885635,799.672650,0.787015,245776384,0,0,14,0
0,71,compute,798.852533,799.764436,0.911903,0,0,0,0,0
0,72,trunk,799.764438,799.768095,0.003656,645562368,-464,1,0,0
0,72,expert,799.810371,799.986410,0.176038,210665472,0,0,12,0
0,72,compute,799.768097,800.106210,0.338113,0,0,0,0,0
0,73,trunk,800.106212,800.109483,0.003271,0,-464,0,0,0
0,73,expert,800.162903,800.640623,0.477720,105332736,0,0,6,0
0,73,compute,800.109510,800.734176,0.624666,0,0,0,0,0
0,74,trunk,800.734177,800.818132,0.083955,645562368,-464,1,0,0
0,74,expert,800.870730,801.362675,0.491944,175554560,0,0,10,0
0,74,compute,800.818187,801.459706,0.641519,0,0,0,0,0
0,75,trunk,801.459709,801.463404,0.003695,431890432,-465,1,0,0
0,75,expert,801.492365,802.161518,0.669154,175554560,0,0,10,0
0,75,compute,801.463427,802.278232,0.814805,0,0,0,0,0
0,76,trunk,802.278234,802.281565,0.003332,645562368,-466,1,0,0
0,76,expert,802.336390,802.817766,0.481376,228220928,0,0,13,0
0,76,compute,802.281587,802.935014,0.653427,0,0,0,0,0
0,77,trunk,802.935017,803.033091,0.098074,645562368,-467,1,0,0
0,77,expert,803.089019,803.797414,0.708395,193110016,0,0,11,0
0,77,compute,803.033140,804.092034,1.058894,0,0,0,0,0
0,78,trunk,804.092036,804.095469,0.003433,645562368,-468,1,0,0
0,78,expert,804.151843,804.823288,0.671445,193110016,0,0,11,0
0,78,compute,804.095525,805.482246,1.386722,0,0,0,0,0
0,79,trunk,805.482248,805.485811,0.003563,431890432,-469,1,0,0
0,79,expert,805.520044,806.196195,0.676150,175554560,0,0,10,0
0,79,compute,805.485833,806.913468,1.427635,0,0,0,0,0
0,80,trunk,806.913470,806.916877,0.003408,645562368,-470,1,0,0
0,80,expert,806.973313,807.669523,0.696211,228220928,0,0,13,0
0,80,compute,806.917014,808.293930,1.376916,0,0,0,0,0
0,81,trunk,808.293932,808.297462,0.003530,645562368,-471,1,0,0
0,81,expert,808.345024,809.124409,0.779385,263331840,0,0,15,0
0,81,compute,808.297483,809.217834,0.920351,0,0,0,0,0
0,82,trunk,809.217836,809.221174,0.003338,645562368,-472,1,0,0
0,82,expert,809.268484,809.850201,0.581718,280887296,0,0,16,0
0,82,compute,809.225160,809.963124,0.737963,0,0,0,0,0
0,83,trunk,809.963126,809.967487,0.004360,431890432,-473,1,0,0
0,83,expert,810.000971,810.750556,0.749585,228220928,0,0,13,0
0,83,compute,809.973302,810.839699,0.866397,0,0,0,0,0
0,84,trunk,810.839701,810.843182,0.003481,645562368,-474,1,0,0
0,84,expert,810.892385,811.648556,0.756171,263331840,0,0,15,0
0,84,compute,810.849163,811.735950,0.886787,0,0,0,0,0
0,85,trunk,811.735952,811.739568,0.003616,645562368,-475,1,0,0
0,85,expert,811.789775,812.546090,0.756314,263331840,0,0,15,0
0,85,compute,811.745997,812.662195,0.916198,0,0,0,0,0
0,86,trunk,812.662196,812.665683,0.003486,645562368,-476,1,0,0
0,86,expert,812.730173,813.293686,0.563513,263331840,0,0,15,0
0,86,compute,812.669845,813.406511,0.736667,0,0,0,0,0
0,87,trunk,813.406513,813.410125,0.003612,431890432,-477,1,0,0
0,87,expert,813.451686,814.163365,0.711679,245776384,0,0,14,0
0,87,compute,813.416785,814.282160,0.865375,0,0,0,0,0
0,88,trunk,814.282162,814.285567,0.003406,645562368,-478,1,0,0
0,88,expert,814.338133,815.097526,0.759393,263331840,0,0,15,0
0,88,compute,814.285588,815.187758,0.902170,0,0,0,0,0
0,89,trunk,815.187760,815.191262,0.003502,645562368,-479,1,0,0
0,89,expert,815.250018,816.029758,0.779740,263331840,0,0,15,0
0,89,compute,815.191285,816.146189,0.954904,0,0,0,0,0
0,90,trunk,816.146192,816.149673,0.003481,645562368,-480,1,0,0
0,90,expert,816.197828,816.755152,0.557324,245776384,0,0,14,0
0,90,compute,816.149695,816.867011,0.717315,0,0,0,0,0
0,91,trunk,816.867013,816.870538,0.003525,431890432,-481,1,0,0
0,91,expert,816.903339,817.429948,0.526609,210665472,0,0,12,0
0,91,compute,816.870559,817.523342,0.652783,0,0,0,0,0
0,92,trunk,817.523344,817.526772,0.003427,431890432,-482,1,0,0
0,92,expert,817.548702,817.736070,0.187368,228220928,0,0,13,0
0,92,compute,817.526773,817.866250,0.339476,0,0,0,0,0
0,0,trunk,817.962907,817.962949,0.000042,0,-482,0,0,0
0,0,compute,817.962950,818.072117,0.109168,0,0,0,0,0
0,1,trunk,818.072119,818.075621,0.003501,0,-481,0,0,0
0,1,expert,818.127722,818.259863,0.132141,157999104,0,0,9,0
0,1,compute,818.075623,818.362626,0.287003,0,0,0,0,0
0,2,trunk,818.362628,818.366160,0.003532,0,-480,0,0,0
0,2,expert,818.416475,818.909084,0.492609,175554560,0,0,10,0
0,2,compute,818.366189,819.022235,0.656046,0,0,0,0,0
0,3,trunk,819.022237,819.025689,0.003453,431890432,-480,1,0,0
0,3,expert,819.068713,819.762489,0.693776,210665472,0,0,12,0
0,3,compute,819.025711,819.898159,0.872448,0,0,0,0,0
0,4,trunk,819.898161,819.901619,0.003458,645562368,-481,1,0,0
0,4,expert,819.967413,820.680128,0.712715,245776384,0,0,14,0
0,4,compute,819.901641,820.780173,0.878532,0,0,0,0,0
0,5,trunk,820.780175,820.783683,0.003509,645562368,-482,1,0,0
0,5,expert,820.821849,821.042829,0.220980,263331840,0,0,15,0
0,5,compute,820.783687,821.154418,0.370732,0,0,0,0,0
0,6,trunk,821.154420,821.157785,0.003365,0,-482,0,0,0
0,6,expert,821.207440,821.707770,0.500330,210665472,0,0,12,0
0,6,compute,821.157807,821.799659,0.641852,0,0,0,0,0
0,7,trunk,821.799661,821.803084,0.003424,431890432,-482,1,0,0
0,7,expert,821.823636,822.039151,0.215515,263331840,0,0,15,0
0,7,compute,821.803111,822.154208,0.351097,0,0,0,0,0
0,8,trunk,822.154210,822.157586,0.003376,0,-482,0,0,0
0,8,expert,822.212399,822.876220,0.663821,140443648,0,0,8,0
0,8,compute,822.157608,822.994641,0.837033,0,0,0,0,0
0,9,trunk,822.994643,822.998245,0.003602,645562368,-482,1,0,0
0,9,expert,823.063327,823.830932,0.767605,263331840,0,0,15,0
0,9,compute,822.998268,823.926256,0.927989,0,0,0,0,0
0,10,trunk,823.926258,823.929629,0.003371,645562368,-483,1,0,0
0,10,expert,823.978244,824.537486,0.559242,228220928,0,0,13,0
0,10,compute,823.929668,824.659188,0.729520,0,0,0,0,0
0,11,trunk,824.659190,824.662679,0.003489,431890432,-484,1,0,0
0,11,expert,824.691178,825.445005,0.753827,245776384,0,0,14,0
0,11,compute,824.662702,825.562176,0.899475,0,0,0,0,0
0,12,trunk,825.562178,825.565595,0.003416,645562368,-485,1,0,0
0,12,expert,825.624358,826.357105,0.732747,245776384,0,0,14,0
0,12,compute,825.565616,826.470194,0.904578,0,0,0,0,0
0,13,trunk,826.470196,826.474103,0.003907,645562368,-486,1,0,0
0,13,expert,826.511448,826.736076,0.224628,263331840,0,0,15,0
0,13,compute,826.474105,826.828437,0.354332,0,0,0,0,0
0,14,trunk,826.828439,826.831768,0.003329,0,-486,0,0,0
0,14,expert,826.880278,827.343463,0.463186,140443648,0,0,8,0
0,14,compute,826.831795,827.454191,0.622396,0,0,0,0,0
0,15,trunk,827.454192,827.457211,0.003018,431890432,-486,1,0,0
0,15,expert,827.494942,828.261039,0.766097,263331840,0,0,15,0
0,15,compute,827.457233,828.374286,0.917053,0,0,0,0,0
0,16,trunk,828.374288,828.377933,0.003645,645562368,-487,1,0,0
0,16,expert,828.430974,829.119236,0.688262,263331840,0,0,15,0
0,16,compute,828.377956,829.254168,0.876212,0,0,0,0,0
0,17,trunk,829.254170,829.257254,0.003084,645562368,-488,1,0,0
0,17,expert,829.309685,830.025435,0.715750,245776384,0,0,14,0
0,17,compute,829.257316,830.138790,0.881475,0,0,0,0,0
0,18,trunk,830.138792,830.142389,0.003597,645562368,-489,1,0,0
0,18,expert,830.201429,830.791233,0.589804,263331840,0,0,15,0
0,18,compute,830.142425,830.907004,0.764579,0,0,0,0,0
0,19,trunk,830.907005,830.910766,0.003760,431890432,-490,1,0,0
0,19,expert,830.951712,831.648959,0.697247,263331840,0,0,15,0
0,19,compute,830.910822,831.766169,0.855347,0,0,0,0,0
0,20,trunk,831.766171,831.769964,0.003793,645562368,-491,1,0,0
0,20,expert,831.825881,832.512205,0.686325,245776384,0,0,14,0
0,20,compute,831.770016,832.601316,0.831300,0,0,0,0,0
0,21,trunk,832.601317,832.604681,0.003363,645562368,-492,1,0,0
0,21,expert,832.659440,833.418979,0.759539,263331840,0,0,15,0
0,21,compute,832.604699,833.530164,0.925465,0,0,0,0,0
0,22,trunk,833.530166,833.533833,0.003667,645562368,-493,1,0,0
0,22,expert,833.592845,834.164336,0.571491,263331840,0,0,15,0
0,22,compute,833.533870,834.286175,0.752304,0,0,0,0,0
0,23,trunk,834.286176,834.289772,0.003595,431890432,-494,1,0,0
0,23,expert,834.321741,834.522951,0.201210,245776384,0,0,14,0
0,23,compute,834.289774,834.634166,0.344392,0,0,0,0,0
0,24,trunk,834.634168,834.637708,0.003540,0,-494,0,0,0
0,24,expert,834.686473,834.863267,0.176794,210665472,0,0,12,0
0,24,compute,834.637711,834.970908,0.333196,0,0,0,0,0
0,25,trunk,834.970910,834.974356,0.003447,0,-493,0,0,0
0,25,expert,835.028574,835.695158,0.666584,140443648,0,0,8,0
0,25,compute,834.974403,835.814231,0.839828,0,0,0,0,0
0,26,trunk,835.814233,835.817818,0.003585,645562368,-493,1,0,0
0,26,expert,835.867698,836.420310,0.552612,245776384,0,0,14,0
0,26,compute,835.817839,836.539029,0.721190,0,0,0,0,0
0,27,trunk,836.539031,836.542571,0.003540,431890432,-494,1,0,0
0,27,expert,836.571385,836.800384,0.228999,280887296,0,0,16,0
0,27,compute,836.542573,836.916071,0.373498,0,0,0,0,0
0,28,trunk,836.916073,836.919524,0.003451,0,-494,0,0,0
0,28,expert,836.967804,837.094299,0.126496,157999104,0,0,9,0
0,28,compute,836.919526,837.187006,0.267480,0,0,0,0,0
0,29,trunk,837.187008,837.190502,0.003494,0,-493,0,0,0
0,29,expert,837.244656,837.685833,0.441176,122888192,0,0,7,0
0,29,compute,837.190532,837.806177,0.615645,0,0,0,0,0
0,30,trunk,837.806179,837.887784,0.081605,645562368,-493,1,0,0
0,30,expert,837.935858,838.520317,0.584459,263331840,0,0,15,0
0,30,compute,837.887808,838.638221,0.750413,0,0,0,0,0
0,31,trunk,838.638223,838.641718,0.003495,431890432,-494,1,0,0
0,31,expert,838.671116,839.321725,0.650609,263331840,0,0,15,0
0,31,compute,838.641739,839.442379,0.800639,0,0,0,0,0
0,32,trunk,839.442401,839.467385,0.024984,645562368,-495,1,0,0
0,32,expert,839.526925,840.271970,0.745045,245776384,0,0,14,0
0,32,compute,839.467410,840.394201,0.926791,0,0,0,0,0
0,33,trunk,840.394203,840.397744,0.003541,645562368,-496,1,0,0
0,33,expert,840.455897,840.667466,0.211569,263331840,0,0,15,0
0,33,compute,840.397746,840.786342,0.388596,0,0,0,0,0
0,34,trunk,840.786344,840.789701,0.003357,0,-496,0,0,0
0,34,expert,840.846919,841.315503,0.468584,122888192,0,0,7,0
0,34,compute,840.789724,841.430182,0.640458,0,0,0,0,0
0,35,trunk,841.430185,841.433870,0.003686,431890432,-496,1,0,0
0,35,expert,841.467919,842.246591,0.778672,263331840,0,0,15,0
0,35,compute,841.433893,842.370206,0.936313,0,0,0,0,0
0,36,trunk,842.370208,842.373721,0.003513,645562368,-497,1,0,0
0,36,expert,842.421917,842.619282,0.197364,245776384,0,0,14,0
0,36,compute,842.373724,842.738204,0.364481,0,0,0,0,0
0,37,trunk,842.738206,842.741675,0.003469,0,-497,0,0,0
0,37,expert,842.798455,843.470366,0.671911,157999104,0,0,9,0
0,37,compute,842.741698,843.583029,0.841331,0,0,0,0,0
0,38,trunk,843.583030,843.586583,0.003553,645562368,-497,1,0,0
0,38,expert,843.635759,844.184023,0.548264,263331840,0,0,15,0
0,38,compute,843.586605,844.278796,0.692191,0,0,0,0,0
0,39,trunk,844.278799,844.282409,0.003610,431890432,-498,1,0,0
0,39,expert,844.320148,845.078529,0.758381,263331840,0,0,15,0
0,39,compute,844.282449,845.171758,0.889308,0,0,0,0,0
0,40,trunk,845.171760,845.175254,0.003494,645562368,-499,1,0,0
0,40,expert,845.240994,845.971087,0.730093,228220928,0,0,13,0
0,40,compute,845.175277,846.059367,0.884090,0,0,0,0,0
0,41,trunk,846.059369,846.062785,0.003416,645562368,-500,1,0,0
0,41,expert,846.116598,846.824306,0.707708,228220928,0,0,13,0
0,41,compute,846.062806,846.966224,0.903418,0,0,0,0,0
0,42,trunk,846.966225,846.969886,0.003661,645562368,-501,1,0,0
0,42,expert,847.019793,847.503733,0.483940,157999104,0,0,9,0
0,42,compute,846.969907,847.599200,0.629293,0,0,0,0,0
0,43,trunk,847.599202,847.602714,0.003511,431890432,-502,1,0,0
0,43,expert,847.635684,848.407616,0.771932,228220928,0,0,13,0
0,43,compute,847.602750,848.526189,0.923440,0,0,0,0,0
0,44,trunk,848.526191,848.529799,0.003608,645562368,-503,1,0,0
0,44,expert,848.583851,849.337479,0.753628,245776384,0,0,14,0
0,44,compute,848.529824,849.450934,0.921111,0,0,0,0,0
0,45,trunk,849.450936,849.454635,0.003699,645562368,-504,1,0,0
0,45,expert,849.502708,850.179959,0.677252,245776384,0,0,14,0
0,45,compute,849.454662,850.273915,0.819253,0,0,0,0,0
0,46,trunk,850.273917,850.277667,0.003750,645562368,-505,1,0,0
0,46,expert,850.322235,850.884693,0.562458,245776384,0,0,14,0
0,46,compute,850.277687,850.990169,0.712482,0,0,0,0,0
0,47,trunk,850.990172,850.993345,0.003174,431890432,-506,1,0,0
0,47,expert,851.029497,851.757822,0.728325,228220928,0,0,13,0
0,47,compute,850.993367,851.874992,0.881625,0,0,0,0,0
0,48,trunk,851.874994,851.878599,0.003605,645562368,-507,1,0,0
0,48,expert,851.918742,852.091648,0.172906,210665472,0,0,12,0
0,48,compute,851.878602,852.187713,0.309112,0,0,0,0,0
0,49,trunk,852.187715,852.191145,0.003429,0,-507,0,0,0
0,49,expert,852.243862,852.912027,0.668165,122888192,0,0,7,0
0,49,compute,852.191175,853.000921,0.809746,0,0,0,0,0
0,50,trunk,853.000922,853.004303,0.003381,645562368,-507,1,0,0
0,50,expert,853.058089,853.626788,0.568699,263331840,0,0,15,0
0,50,compute,853.004322,853.739037,0.734715,0,0,0,0,0
0,51,trunk,853.739039,853.742592,0.003554,431890432,-508,1,0,0
0,51,expert,853.779710,854.494339,0.714629,228220928,0,0,13,0
0,51,compute,853.742616,854.618474,0.875859,0,0,0,0,0
0,52,trunk,854.618476,854.621821,0.003345,645562368,-509,1,0,0
0,52,expert,854.680763,855.374897,0.694134,228220928,0,0,13,0
0,52,compute,854.621845,855.495000,0.873156,0,0,0,0,0
0,53,trunk,855.495002,855.498746,0.003743,645562368,-510,1,0,0
0,53,expert,855.557333,856.276532,0.719199,228220928,0,0,13,0
0,53,compute,855.498769,856.398263,0.899494,0,0,0,0,0
0,54,trunk,856.398265,856.401272,0.003007,645562368,-511,1,0,0
0,54,expert,856.449320,857.006880,0.557560,245776384,0,0,14,0
0,54,compute,856.401293,857.118270,0.716976,0,0,0,0,0
0,55,trunk,857.118272,857.121801,0.003529,431890432,-512,1,0,0
0,55,expert,857.159668,857.912620,0.752951,263331840,0,0,15,0
0,55,compute,857.121825,858.003576,0.881752,0,0,0,0,0
0,56,trunk,858.003578,858.006931,0.003352,645562368,-513,1,0,0
0,56,expert,858.062282,858.813105,0.750824,263331840,0,0,15,0
0,56,compute,858.006973,858.908883,0.901909,0,0,0,0,0
0,57,trunk,858.908885,858.912434,0.003549,645562368,-514,1,0,0
0,57,expert,858.970020,859.750255,0.780235,280887296,0,0,16,0
0,57,compute,858.912452,859.843357,0.930905,0,0,0,0,0
0,58,trunk,859.843359,859.846870,0.003511,645562368,-515,1,0,0
0,58,expert,859.896226,860.449825,0.553600,228220928,0,0,13,0
0,58,compute,859.846892,860.570301,0.723409,0,0,0,0,0
0,59,trunk,860.570303,860.573891,0.003588,431890432,-516,1,0,0
0,59,expert,860.609627,861.356149,0.746523,228220928,0,0,13,0
0,59,compute,860.573914,861.474210,0.900296,0,0,0,0,0
0,60,trunk,861.474212,861.477565,0.003353,645562368,-517,1,0,0
0,60,expert,861.544728,862.283751,0.739023,245776384,0,0,14,0
0,60,compute,861.477586,862.379763,0.902177,0,0,0,0,0
0,61,trunk,862.379764,862.383509,0.003744,645562368,-518,1,0,0
0,61,expert,862.436277,863.177861,0.741584,263331840,0,0,15,0
0,61,compute,862.383532,863.286211,0.902679,0,0,0,0,0
0,62,trunk,863.286213,863.289557,0.003344,645562368,-519,1,0,0
0,62,expert,863.341446,863.893624,0.552178,263331840,0,0,15,0
0,62,compute,863.289578,864.014166,0.724588,0,0,0,0,0
0,63,trunk,864.014168,864.018042,0.003874,431890432,-520,1,0,0
0,63,expert,864.053825,864.816381,0.762556,263331840,0,0,15,0
0,63,compute,864.018063,864.934198,0.916135,0,0,0,0,0
0,64,trunk,864.934200,864.938189,0.003989,645562368,-521,1,0,0
0,64,expert,864.993291,865.740031,0.746739,245776384,0,0,14,0
0,64,compute,864.938222,865.998674,1.060452,0,0,0,0,0
0,65,trunk,865.998676,866.002836,0.004160,645562368,-522,1,0,0
0,65,expert,866.057599,866.808251,0.750651,263331840,0,0,15,0
0,65,compute,866.002865,867.081918,1.079053,0,0,0,0,0
0,66,trunk,867.081920,867.085905,0.003985,645562368,-523,1,0,0
0,66,expert,867.135961,867.726122,0.590161,280887296,0,0,16,0
0,66,compute,867.085926,867.850962,0.765036,0,0,0,0,0
0,67,trunk,867.850964,867.854830,0.003866,431890432,-524,1,0,0
0,67,expert,867.890793,868.672772,0.781979,280887296,0,0,16,0
0,67,compute,867.854853,868.762920,0.908068,0,0,0,0,0
0,68,trunk,868.762922,868.766449,0.003527,645562368,-525,1,0,0
0,68,expert,868.818857,869.578394,0.759537,280887296,0,0,16,0
0,68,compute,868.766472,869.695047,0.928576,0,0,0,0,0
0,69,trunk,869.695049,869.698912,0.003863,645562368,-526,1,0,0
0,69,expert,869.756745,870.513519,0.756775,263331840,0,0,15,0
0,69,compute,869.698939,870.604098,0.905159,0,0,0,0,0
0,70,trunk,870.604100,870.607528,0.003428,645562368,-527,1,0,0
0,70,expert,870.660468,871.229657,0.569189,280887296,0,0,16,0
0,70,compute,870.607550,871.344037,0.736487,0,0,0,0,0
0,71,trunk,871.344039,871.347574,0.003535,431890432,-528,1,0,0
0,71,expert,871.385138,872.200417,0.815278,263331840,0,0,15,0
0,71,compute,871.347596,872.289296,0.941700,0,0,0,0,0
0,72,trunk,872.289298,872.292856,0.003557,645562368,-529,1,0,0
0,72,expert,872.341192,872.572373,0.231182,280887296,0,0,16,0
0,72,compute,872.292858,872.666754,0.373897,0,0,0,0,0
0,73,trunk,872.666756,872.670053,0.003297,0,-529,0,0,0
0,73,expert,872.726517,873.354186,0.627669,87777280,0,0,5,0
0,73,compute,872.670079,873.447230,0.777151,0,0,0,0,0
0,74,trunk,873.447232,873.450961,0.003730,645562368,-529,1,0,0
0,74,expert,873.502137,874.081717,0.579580,280887296,0,0,16,0
0,74,compute,873.450989,874.198462,0.747473,0,0,0,0,0
0,75,trunk,874.198465,874.202159,0.003694,431890432,-530,1,0,0
0,75,expert,874.238962,874.988248,0.749286,245776384,0,0,14,0
0,75,compute,874.202181,875.407842,1.205661,0,0,0,0,0
0,76,trunk,875.407844,875.411592,0.003748,645562368,-531,1,0,0
0,76,expert,875.474135,876.202945,0.728810,280887296,0,0,16,0
0,76,compute,875.411618,876.301407,0.889789,0,0,0,0,0
0,77,trunk,876.301409,876.304796,0.003387,645562368,-532,1,0,0
0,77,expert,876.361789,877.102778,0.740989,245776384,0,0,14,0
0,77,compute,876.304815,877.218391,0.913576,0,0,0,0,0
0,78,trunk,877.218394,877.222688,0.004294,645562368,-533,1,0,0
0,78,expert,877.292368,877.923842,0.631473,263331840,0,0,15,0
0,78,compute,877.222765,878.049408,0.826643,0,0,0,0,0
0,79,trunk,878.049410,878.053013,0.003603,431890432,-534,1,0,0
0,79,expert,878.093335,878.855908,0.762572,280887296,0,0,16,0
0,79,compute,878.053032,878.975150,0.922118,0,0,0,0,0
0,80,trunk,878.975153,878.979226,0.004073,645562368,-535,1,0,0
0,80,expert,879.068745,879.765807,0.697063,280887296,0,0,16,0
0,80,compute,878.979250,879.879042,0.899793,0,0,0,0,0
0,81,trunk,879.879044,879.882639,0.003595,645562368,-536,1,0,0
0,81,expert,879.938720,880.718575,0.779854,280887296,0,0,16,0
0,81,compute,879.882665,880.816763,0.934098,0,0,0,0,0
0,82,trunk,880.816765,880.820502,0.003737,645562368,-537,1,0,0
0,82,expert,880.870976,881.441052,0.570076,280887296,0,0,16,0
0,82,compute,880.820527,881.558220,0.737693,0,0,0,0,0
0,83,trunk,881.558221,881.561702,0.003480,431890432,-538,1,0,0
0,83,expert,881.595481,882.334229,0.738748,228220928,0,0,13,0
0,83,compute,881.561724,882.454253,0.892529,0,0,0,0,0
0,84,trunk,882.454255,882.457782,0.003527,645562368,-539,1,0,0
0,84,expert,882.527315,883.276388,0.749073,280887296,0,0,16,0
0,84,compute,882.457804,883.367785,0.909981,0,0,0,0,0
0,85,trunk,883.367787,883.371204,0.003418,645562368,-540,1,0,0
0,85,expert,883.426879,884.081611,0.654732,263331840,0,0,15,0
0,85,compute,883.371227,884.222567,0.851340,0,0,0,0,0
0,86,trunk,884.222568,884.226489,0.003921,645562368,-541,1,0,0
0,86,expert,884.276246,884.829654,0.553408,263331840,0,0,15,0
0,86,compute,884.226515,884.950218,0.723703,0,0,0,0,0
0,87,trunk,884.950220,884.953799,0.003580,431890432,-542,1,0,0
0,87,expert,884.994058,885.741707,0.747649,263331840,0,0,15,0
0,87,compute,884.953820,885.835961,0.882141,0,0,0,0,0
0,88,trunk,885.835963,885.839490,0.003527,645562368,-543,1,0,0
0,88,expert,885.897537,886.653154,0.755617,263331840,0,0,15,0
0,88,compute,885.839516,886.766249,0.926733,0,0,0,0,0
0,89,trunk,886.766251,886.769992,0.003741,645562368,-544,1,0,0
0,89,expert,886.827602,887.609527,0.781926,263331840,0,0,15,0
0,89,compute,886.770023,887.734227,0.964203,0,0,0,0,0
0,90,trunk,887.734229,887.737842,0.003614,645562368,-545,1,0,0
0,90,expert,887.789882,888.357289,0.567407,263331840,0,0,15,0
0,90,compute,887.737863,888.478234,0.740371,0,0,0,0,0
0,91,trunk,888.478236,888.481810,0.003574,431890432,-546,1,0,0
0,91,expert,888.514543,889.062999,0.548456,228220928,0,0,13,0
0,91,compute,888.481850,889.182396,0.700546,0,0,0,0,0
0,92,trunk,889.182399,889.186177,0.003778,431890432,-547,1,0,0
0,92,expert,889.209918,889.430269,0.220351,263331840,0,0,15,0
0,92,compute,889.186180,889.542305,0.356126,0,0,0,0,0
