k3 chip: 4 workers, 4 TFLOPS, 200 GB/s simulated wall
DBG io submit tier=0 nbytes=2341216256 qhead=0x608f420fa1f0
DBG io chunk n=33554432 want=33554432
DBG io chunk n=33554432 want=33554432
DBG io chunk n=33554432 want=33554432
DBG io chunk n=33554432 want=33554432
DBG io chunk n=33554432 want=33554432
DBG io chunk n=33554432 want=33554432
DBG io chunk n=33554432 want=33554432
DBG io chunk n=33554432 want=33554432
DBG io chunk n=33554432 want=33554432
DBG io chunk n=33554432 want=33554432
DBG io chunk n=33554432 want=33554432
DBG io chunk n=33554432 want=33554432
DBG io chunk n=33554432 want=33554432
DBG io chunk n=33554432 want=33554432
DBG io chunk n=33554432 want=33554432
DBG io chunk n=33554432 want=33554432
DBG io chunk n=33554432 want=33554432
DBG io chunk n=33554432 want=33554432
DBG io chunk n=33554432 want=33554432
DBG io chunk n=33554432 want=33554432
DBG io chunk n=33554432 want=33554432
DBG io chunk n=33554432 want=33554432
DBG io chunk n=33554432 want=33554432
DBG io chunk n=33554432 want=33554432
DBG io chunk n=33554432 want=33554432
DBG io chunk n=33554432 want=33554432
DBG io chunk n=33554432 want=33554432
DBG io chunk n=33554432 want=33554432
DBG io chunk n=33554432 want=33554432
DBG io chunk n=33554432 want=33554432
DBG io chunk n=33554432 want=33554432
DBG io chunk n=33554432 want=33554432
DBG io chunk n=33554432 want=33554432
DBG io chunk n=33554432 want=33554432
DBG io chunk n=33554432 want=33554432
DBG io chunk n=33554432 want=33554432
DBG io chunk n=33554432 want=33554432
DBG io chunk n=33554432 want=33554432
DBG io chunk n=33554432 want=33554432
DBG io chunk n=33554432 want=33554432
DBG io chunk n=33554432 want=33554432
DBG io chunk n=33554432 want=33554432
DBG io chunk n=33554432 want=33554432
DBG io chunk n=33554432 want=33554432
DBG io chunk n=33554432 want=33554432
DBG io chunk n=33554432 want=33554432
DBG io chunk n=33554432 want=33554432
DBG io chunk n=33554432 want=33554432
DBG io chunk n=33554432 want=33554432
DBG io chunk n=33554432 want=33554432
DBG io chunk n=33554432 want=33554432
DBG io chunk n=33554432 want=33554432
DBG io chunk n=33554432 want=33554432
DBG io chunk n=33554432 want=33554432
DBG io chunk n=33554432 want=33554432
DBG io chunk n=33554432 want=33554432
DBG io chunk n=33554432 want=33554432
DBG io chunk n=33554432 want=33554432
DBG io chunk n=33554432 want=33554432
DBG io chunk n=33554432 want=33554432
DBG io chunk n=33554432 want=33554432
DBG io chunk n=33554432 want=33554432
DBG io chunk n=33554432 want=33554432
DBG io chunk n=33554432 want=33554432
DBG io chunk n=33554432 want=33554432
DBG io chunk n=33554432 want=33554432
DBG io chunk n=33554432 want=33554432
DBG io chunk n=33554432 want=33554432
DBG io chunk n=33554432 want=33554432
DBG io chunk n=25960448 want=25960448
DBG io worker tier=0 rc=2341216256 nbytes=2341216256
DBG trunk load_run L=0 kio r=2341216256 got=0 nbytes=2341216256
DBG io submit tier=0 nbytes=645562368 qhead=0x608f420fa1f0
DBG io chunk n=33554432 want=33554432
DBG io chunk n=33554432 want=33554432
DBG io chunk n=33554432 want=33554432
DBG io chunk n=33554432 want=33554432
DBG io chunk n=33554432 want=33554432
DBG io chunk n=33554432 want=33554432
DBG io chunk n=33554432 want=33554432
DBG io chunk n=33554432 want=33554432
DBG io chunk n=33554432 want=33554432
DBG io chunk n=33554432 want=33554432
DBG io chunk n=33554432 want=33554432
DBG io chunk n=33554432 want=33554432
DBG io chunk n=33554432 want=33554432
DBG io chunk n=33554432 want=33554432
DBG io chunk n=33554432 want=33554432
DBG io chunk n=33554432 want=33554432
DBG io chunk n=33554432 want=33554432
DBG io chunk n=33554432 want=33554432
DBG io chunk n=33554432 want=33554432
DBG io chunk n=8028160 want=8028160
DBG io worker tier=0 rc=645562368 nbytes=645562368
DBG trunk load_run L=1 kio r=645562368 got=0 nbytes=645562368
DBG io submit tier=0 nbytes=17547264 qhead=0x608f420fa1f0
DBG io submit tier=0 nbytes=17547264 qhead=0x608f420fa1f0
DBG io submit tier=0 nbytes=17547264 qhead=0x608f420fa1f0
DBG io submit tier=0 nbytes=17547264 qhead=0x608f420fa1f0
DBG io submit tier=0 nbytes=17547264 qhead=0x608f420fa1f0
DBG io submit tier=0 nbytes=17547264 qhead=0x608f420fa1f0
DBG io submit tier=0 nbytes=17547264 qhead=0x608f420fa1f0
DBG io submit tier=0 nbytes=17547264 qhead=0x608f420fa1f0
DBG io submit tier=0 nbytes=17547264 qhead=0x608f420fa1f0
DBG io submit tier=0 nbytes=17547264 qhead=0x608f420fa1f0
DBG io submit tier=0 nbytes=17547264 qhead=0x608f420fa1f0
DBG io submit tier=0 nbytes=17547264 qhead=0x608f420fa1f0
DBG io submit tier=0 nbytes=17547264 qhead=0x608f420fa1f0
DBG io submit tier=0 nbytes=17547264 qhead=0x608f420fa1f0
DBG io submit tier=0 nbytes=17547264 qhead=0x750338000880
DBG io submit tier=0 nbytes=17547264 qhead=0x7502f8000880
DBG io worker tier=0 rc=17547264 nbytes=17547264
DBG io worker tier=0 rc=17547264 nbytes=17547264
DBG io worker tier=0 rc=17547264 nbytes=17547264
DBG io worker tier=0 rc=17547264 nbytes=17547264
DBG io worker tier=0 rc=17547264 nbytes=17547264
DBG io worker tier=0 rc=17547264 nbytes=17547264
DBG io worker tier=0 rc=17547264 nbytes=17547264
DBG io worker tier=0 rc=17547264 nbytes=17547264
DBG io worker tier=0 rc=17547264 nbytes=17547264
DBG io worker tier=0 rc=17547264 nbytes=17547264
DBG io worker tier=0 rc=17547264 nbytes=17547264
DBG io worker tier=0 rc=17547264 nbytes=17547264
DBG io worker tier=0 rc=17547264 nbytes=17547264
DBG io worker tier=0 rc=17547264 nbytes=17547264
DBG io worker tier=0 rc=17547264 nbytes=17547264
DBG io worker tier=0 rc=17547264 nbytes=17547264
DBG getmany L1 nw=16 wall=0.196s thr(out)1 thr(in)16 conc_peak=16 pread=1.912s
DBG io submit tier=0 nbytes=645562368 qhead=0x608f420fa1f0
DBG io chunk n=33554432 want=33554432
DBG io chunk n=33554432 want=33554432
DBG io chunk n=33554432 want=33554432
DBG io chunk n=33554432 want=33554432
DBG io chunk n=33554432 want=33554432
DBG io chunk n=33554432 want=33554432
DBG io chunk n=33554432 want=33554432
DBG io chunk n=33554432 want=33554432
DBG io chunk n=33554432 want=33554432
DBG io chunk n=33554432 want=33554432
DBG io chunk n=33554432 want=33554432
DBG io chunk n=33554432 want=33554432
DBG io chunk n=33554432 want=33554432
DBG io chunk n=33554432 want=33554432
DBG io chunk n=33554432 want=33554432
DBG io chunk n=33554432 want=33554432
DBG io chunk n=33554432 want=33554432
DBG io chunk n=33554432 want=33554432
DBG io chunk n=33554432 want=33554432
DBG io chunk n=8028160 want=8028160
DBG io worker tier=0 rc=645562368 nbytes=645562368
DBG trunk load_run L=2 kio r=645562368 got=0 nbytes=645562368
DBG io submit tier=0 nbytes=17547264 qhead=0x750340000880
DBG io submit tier=0 nbytes=17547264 qhead=0x750340000880
DBG io submit tier=0 nbytes=17547264 qhead=0x750340000880
DBG io submit tier=0 nbytes=17547264 qhead=0x750340000880
DBG io submit tier=0 nbytes=17547264 qhead=0x750340000880
DBG io submit tier=0 nbytes=17547264 qhead=0x750340000880
DBG io submit tier=0 nbytes=17547264 qhead=0x750340000880
DBG io submit tier=0 nbytes=17547264 qhead=0x750340000880
DBG io submit tier=0 nbytes=17547264 qhead=0x750340000880
DBG io submit tier=0 nbytes=17547264 qhead=0x750340000880
DBG io submit tier=0 nbytes=17547264 qhead=0x750340000880
DBG io submit tier=0 nbytes=17547264 qhead=0x750340000880
DBG io submit tier=0 nbytes=17547264 qhead=0x750340000880
DBG io submit tier=0 nbytes=17547264 qhead=0x750340000880
DBG io submit tier=0 nbytes=17547264 qhead=0x750340000880
DBG io submit tier=0 nbytes=17547264 qhead=0x750300000880
DBG io worker tier=0 rc=17547264 nbytes=17547264
DBG io worker tier=0 rc=17547264 nbytes=17547264
DBG io worker tier=0 rc=17547264 nbytes=17547264
DBG io worker tier=0 rc=17547264 nbytes=17547264
DBG io worker tier=0 rc=17547264 nbytes=17547264
DBG io worker tier=0 rc=17547264 nbytes=17547264
DBG io worker tier=0 rc=17547264 nbytes=17547264
DBG io worker tier=0 rc=17547264 nbytes=17547264
DBG io worker tier=0 rc=17547264 nbytes=17547264
DBG io worker tier=0 rc=17547264 nbytes=17547264
DBG io worker tier=0 rc=17547264 nbytes=17547264
DBG io worker tier=0 rc=17547264 nbytes=17547264
DBG io worker tier=0 rc=17547264 nbytes=17547264
DBG io worker tier=0 rc=17547264 nbytes=17547264
DBG io worker tier=0 rc=17547264 nbytes=17547264
DBG io worker tier=0 rc=17547264 nbytes=17547264
DBG getmany L2 nw=16 wall=0.205s thr(out)1 thr(in)16 conc_peak=16 pread=1.981s
DBG io submit tier=0 nbytes=431890432 qhead=0x608f420fa1f0
DBG io chunk n=33554432 want=33554432
DBG io chunk n=33554432 want=33554432
DBG io chunk n=33554432 want=33554432
DBG io chunk n=33554432 want=33554432
DBG io chunk n=33554432 want=33554432
DBG io chunk n=33554432 want=33554432
DBG io chunk n=33554432 want=33554432
DBG io chunk n=33554432 want=33554432
DBG io chunk n=33554432 want=33554432
DBG io chunk n=33554432 want=33554432
DBG io chunk n=33554432 want=33554432
DBG io chunk n=33554432 want=33554432
DBG io chunk n=29237248 want=29237248
DBG io worker tier=0 rc=431890432 nbytes=431890432
DBG trunk load_run L=3 kio r=431890432 got=0 nbytes=431890432
DBG io submit tier=0 nbytes=17547264 qhead=0x7502e0000880
DBG io submit tier=0 nbytes=17547264 qhead=0x7502e0000880
DBG io submit tier=0 nbytes=17547264 qhead=0x7502e0000880
DBG io submit tier=0 nbytes=17547264 qhead=0x7502e0000880
DBG io submit tier=0 nbytes=17547264 qhead=0x7502e0000880
DBG io submit tier=0 nbytes=17547264 qhead=0x7502e0000880
DBG io submit tier=0 nbytes=17547264 qhead=0x7502e0000880
DBG io submit tier=0 nbytes=17547264 qhead=0x7502e0000880
DBG io submit tier=0 nbytes=17547264 qhead=0x7502e0000880
DBG io submit tier=0 nbytes=17547264 qhead=0x7502e0000880
DBG io submit tier=0 nbytes=17547264 qhead=0x7502e0000880
DBG io submit tier=0 nbytes=17547264 qhead=0x7502e0000880
DBG io submit tier=0 nbytes=17547264 qhead=0x7502e0000880
DBG io submit tier=0 nbytes=17547264 qhead=0x7502e0000880
DBG io submit tier=0 nbytes=17547264 qhead=0x7502e0000880
DBG io submit tier=0 nbytes=17547264 qhead=0x750310000880
DBG io worker tier=0 rc=17547264 nbytes=17547264
DBG io worker tier=0 rc=17547264 nbytes=17547264
DBG io worker tier=0 rc=17547264 nbytes=17547264
DBG io worker tier=0 rc=17547264 nbytes=17547264
DBG io worker tier=0 rc=17547264 nbytes=17547264
DBG io worker tier=0 rc=17547264 nbytes=17547264
DBG io worker tier=0 rc=17547264 nbytes=17547264
DBG io worker tier=0 rc=17547264 nbytes=17547264
DBG io worker tier=0 rc=17547264 nbytes=17547264
DBG io worker tier=0 rc=17547264 nbytes=17547264
DBG io worker tier=0 rc=17547264 nbytes=17547264
DBG io worker tier=0 rc=17547264 nbytes=17547264
DBG io worker tier=0 rc=17547264 nbytes=17547264
DBG io worker tier=0 rc=17547264 nbytes=17547264
DBG io worker tier=0 rc=17547264 nbytes=17547264
DBG io worker tier=0 rc=17547264 nbytes=17547264
DBG getmany L3 nw=16 wall=0.208s thr(out)1 thr(in)16 conc_peak=16 pread=1.978s
DBG io submit tier=0 nbytes=645562368 qhead=0x608f420fa1f0
DBG io chunk n=33554432 want=33554432
DBG io chunk n=33554432 want=33554432
DBG io chunk n=33554432 want=33554432
DBG io chunk n=33554432 want=33554432
DBG io chunk n=33554432 want=33554432
DBG io chunk n=33554432 want=33554432
DBG io chunk n=33554432 want=33554432
DBG io chunk n=33554432 want=33554432
DBG io chunk n=33554432 want=33554432
DBG io chunk n=33554432 want=33554432
DBG io chunk n=33554432 want=33554432
DBG io chunk n=33554432 want=33554432
DBG io chunk n=33554432 want=33554432
DBG io chunk n=33554432 want=33554432
DBG io chunk n=33554432 want=33554432
DBG io chunk n=33554432 want=33554432
DBG io chunk n=33554432 want=33554432
DBG io chunk n=33554432 want=33554432
DBG io chunk n=33554432 want=33554432
DBG io chunk n=8028160 want=8028160
DBG io worker tier=0 rc=645562368 nbytes=645562368
DBG trunk load_run L=4 kio r=645562368 got=0 nbytes=645562368
DBG io submit tier=0 nbytes=17547264 qhead=0x750320000880
DBG io submit tier=0 nbytes=17547264 qhead=0x608f420fa1f0
DBG io submit tier=0 nbytes=17547264 qhead=0x608f420fa1f0
DBG io submit tier=0 nbytes=17547264 qhead=0x608f420fa1f0
DBG io submit tier=0 nbytes=17547264 qhead=0x608f420fa1f0
DBG io submit tier=0 nbytes=17547264 qhead=0x608f420fa1f0
DBG io submit tier=0 nbytes=17547264 qhead=0x608f420fa1f0
DBG io submit tier=0 nbytes=17547264 qhead=0x608f420fa1f0
DBG io submit tier=0 nbytes=17547264 qhead=0x608f420fa1f0
DBG io submit tier=0 nbytes=17547264 qhead=0x608f420fa1f0
DBG io submit tier=0 nbytes=17547264 qhead=0x608f420fa1f0
DBG io submit tier=0 nbytes=17547264 qhead=0x608f420fa1f0
DBG io submit tier=0 nbytes=17547264 qhead=0x608f420fa1f0
DBG io submit tier=0 nbytes=17547264 qhead=0x75033c000880
DBG io submit tier=0 nbytes=17547264 qhead=0x75033c000880
DBG io submit tier=0 nbytes=17547264 qhead=0x750328000880
DBG io worker tier=0 rc=17547264 nbytes=17547264
DBG io worker tier=0 rc=17547264 nbytes=17547264
DBG io worker tier=0 rc=17547264 nbytes=17547264
DBG io worker tier=0 rc=17547264 nbytes=17547264
DBG io worker tier=0 rc=17547264 nbytes=17547264
DBG io worker tier=0 rc=17547264 nbytes=17547264
DBG io worker tier=0 rc=17547264 nbytes=17547264
DBG io worker tier=0 rc=17547264 nbytes=17547264
DBG io worker tier=0 rc=17547264 nbytes=17547264
DBG io worker tier=0 rc=17547264 nbytes=17547264
DBG io worker tier=0 rc=17547264 nbytes=17547264
DBG io worker tier=0 rc=17547264 nbytes=17547264
DBG io worker tier=0 rc=17547264 nbytes=17547264
DBG io worker tier=0 rc=17547264 nbytes=17547264
DBG io worker tier=0 rc=17547264 nbytes=17547264
DBG io worker tier=0 rc=17547264 nbytes=17547264
DBG getmany L4 nw=16 wall=0.195s thr(out)1 thr(in)16 conc_peak=16 pread=1.847s
DBG io submit tier=0 nbytes=645562368 qhead=0x608f420fa1f0
DBG io chunk n=33554432 want=33554432
DBG io chunk n=33554432 want=33554432
DBG io chunk n=33554432 want=33554432
DBG io chunk n=33554432 want=33554432
DBG io chunk n=33554432 want=33554432
DBG io chunk n=33554432 want=33554432
DBG io chunk n=33554432 want=33554432
DBG io chunk n=33554432 want=33554432
DBG io chunk n=33554432 want=33554432
DBG io chunk n=33554432 want=33554432
DBG io chunk n=33554432 want=33554432
DBG io chunk n=33554432 want=33554432
DBG io chunk n=33554432 want=33554432
DBG io chunk n=33554432 want=33554432
DBG io chunk n=33554432 want=33554432
DBG io chunk n=33554432 want=33554432
DBG io chunk n=33554432 want=33554432
DBG io chunk n=33554432 want=33554432
DBG io chunk n=33554432 want=33554432
DBG io chunk n=8028160 want=8028160
DBG io worker tier=0 rc=645562368 nbytes=645562368
DBG trunk load_run L=5 kio r=645562368 got=0 nbytes=645562368
DBG io submit tier=0 nbytes=645562368 qhead=0x7502c8000880
DBG io chunk n=33554432 want=33554432
DBG io submit tier=0 nbytes=17547264 qhead=0x75033c000880
DBG io submit tier=0 nbytes=17547264 qhead=0x7502e0000880
DBG io submit tier=0 nbytes=17547264 qhead=0x7502e0000880
DBG io submit tier=0 nbytes=17547264 qhead=0x7502e0000880
DBG io submit tier=0 nbytes=17547264 qhead=0x7502e0000880
DBG io submit tier=0 nbytes=17547264 qhead=0x7502e0000880
DBG io submit tier=0 nbytes=17547264 qhead=0x7502e0000880
DBG io submit tier=0 nbytes=17547264 qhead=0x7502e0000880
DBG io submit tier=0 nbytes=17547264 qhead=0x7502e0000880
DBG io submit tier=0 nbytes=17547264 qhead=0x7502e0000880
DBG io submit tier=0 nbytes=17547264 qhead=0x7502e0000880
DBG io submit tier=0 nbytes=17547264 qhead=0x7502e0000880
DBG io submit tier=0 nbytes=17547264 qhead=0x7502e0000880
DBG io submit tier=0 nbytes=17547264 qhead=0x7502e0000880
DBG io submit tier=0 nbytes=17547264 qhead=0x7502e0000880
DBG io submit tier=0 nbytes=17547264 qhead=0x750338000880
DBG io chunk n=33554432 want=33554432
DBG io worker tier=0 rc=17547264 nbytes=17547264
DBG io worker tier=0 rc=17547264 nbytes=17547264
DBG io worker tier=0 rc=17547264 nbytes=17547264
DBG io worker tier=0 rc=17547264 nbytes=17547264
DBG io chunk n=33554432 want=33554432
DBG io worker tier=0 rc=17547264 nbytes=17547264
DBG io worker tier=0 rc=17547264 nbytes=17547264
DBG io worker tier=0 rc=17547264 nbytes=17547264
DBG io chunk n=33554432 want=33554432
DBG io worker tier=0 rc=17547264 nbytes=17547264
DBG io worker tier=0 rc=17547264 nbytes=17547264
DBG io worker tier=0 rc=17547264 nbytes=17547264
DBG io worker tier=0 rc=17547264 nbytes=17547264
DBG io worker tier=0 rc=17547264 nbytes=17547264
DBG io worker tier=0 rc=17547264 nbytes=17547264
DBG io chunk n=33554432 want=33554432
DBG io worker tier=0 rc=17547264 nbytes=17547264
DBG io worker tier=0 rc=17547264 nbytes=17547264
DBG io worker tier=0 rc=17547264 nbytes=17547264
DBG getmany L5 nw=16 wall=2.928s thr(out)1 thr(in)16 conc_peak=16 pread=14.630s
DBG io chunk n=33554432 want=33554432
DBG io chunk n=33554432 want=33554432
DBG io chunk n=33554432 want=33554432
DBG io chunk n=33554432 want=33554432
DBG io chunk n=33554432 want=33554432
DBG io chunk n=33554432 want=33554432
DBG io chunk n=33554432 want=33554432
DBG io chunk n=33554432 want=33554432
DBG io chunk n=33554432 want=33554432
DBG io chunk n=33554432 want=33554432
DBG io chunk n=33554432 want=33554432
DBG io chunk n=33554432 want=33554432
DBG io chunk n=33554432 want=33554432
DBG io chunk n=33554432 want=33554432
DBG io chunk n=8028160 want=8028160
DBG io worker tier=0 rc=645562368 nbytes=645562368
DBG trunk load_run L=6 kio r=645562368 got=0 nbytes=645562368
DBG io submit tier=0 nbytes=431890432 qhead=0x7502c8000880
DBG io submit tier=0 nbytes=17547264 qhead=0x750320000880
DBG io submit tier=0 nbytes=17547264 qhead=0x7502e0000880
DBG io submit tier=0 nbytes=17547264 qhead=0x7502e0000880
DBG io submit tier=0 nbytes=17547264 qhead=0x7502e0000880
DBG io submit tier=0 nbytes=17547264 qhead=0x7502e0000880
DBG io submit tier=0 nbytes=17547264 qhead=0x7502e0000880
DBG io submit tier=0 nbytes=17547264 qhead=0x7502e0000880
DBG io submit tier=0 nbytes=17547264 qhead=0x7502e0000880
DBG io submit tier=0 nbytes=17547264 qhead=0x7502e0000880
DBG io submit tier=0 nbytes=17547264 qhead=0x7502e0000880
DBG io submit tier=0 nbytes=17547264 qhead=0x7502e0000880
DBG io submit tier=0 nbytes=17547264 qhead=0x750318000880
DBG io submit tier=0 nbytes=17547264 qhead=0x750318000880
DBG io submit tier=0 nbytes=17547264 qhead=0x750318000880
DBG io submit tier=0 nbytes=17547264 qhead=0x750318000880
DBG io submit tier=0 nbytes=17547264 qhead=0x750318000880
DBG io worker tier=0 rc=17547264 nbytes=17547264
DBG io worker tier=0 rc=17547264 nbytes=17547264
DBG io worker tier=0 rc=17547264 nbytes=17547264
DBG io chunk n=33554432 want=33554432
DBG io worker tier=0 rc=17547264 nbytes=17547264
DBG io worker tier=0 rc=17547264 nbytes=17547264
DBG io worker tier=0 rc=17547264 nbytes=17547264
DBG io worker tier=0 rc=17547264 nbytes=17547264
DBG io worker tier=0 rc=17547264 nbytes=17547264
DBG io worker tier=0 rc=17547264 nbytes=17547264
DBG io chunk n=33554432 want=33554432
DBG io worker tier=0 rc=17547264 nbytes=17547264
DBG io worker tier=0 rc=17547264 nbytes=17547264
DBG io worker tier=0 rc=17547264 nbytes=17547264
DBG io worker tier=0 rc=17547264 nbytes=17547264
DBG io worker tier=0 rc=17547264 nbytes=17547264
DBG io chunk n=33554432 want=33554432
DBG io worker tier=0 rc=17547264 nbytes=17547264
DBG io worker tier=0 rc=17547264 nbytes=17547264
DBG getmany L6 nw=16 wall=8.116s thr(out)1 thr(in)16 conc_peak=16 pread=71.361s
DBG io chunk n=33554432 want=33554432
DBG io chunk n=33554432 want=33554432
DBG io chunk n=33554432 want=33554432
DBG io chunk n=33554432 want=33554432
DBG io chunk n=33554432 want=33554432
DBG io chunk n=33554432 want=33554432
DBG io chunk n=33554432 want=33554432
DBG io chunk n=33554432 want=33554432
DBG io chunk n=33554432 want=33554432
DBG io chunk n=29237248 want=29237248
DBG io worker tier=0 rc=431890432 nbytes=431890432
DBG trunk load_run L=7 kio r=431890432 got=0 nbytes=431890432
DBG io submit tier=0 nbytes=645562368 qhead=0x7502c8000880
DBG io chunk n=33554432 want=33554432
DBG io chunk n=33554432 want=33554432
DBG io submit tier=0 nbytes=17547264 qhead=0x7502e8000880
DBG io submit tier=0 nbytes=17547264 qhead=0x7502e8000880
DBG io submit tier=0 nbytes=17547264 qhead=0x7502e8000880
DBG io submit tier=0 nbytes=17547264 qhead=0x7502e8000880
DBG io submit tier=0 nbytes=17547264 qhead=0x7502e8000880
DBG io submit tier=0 nbytes=17547264 qhead=0x7502e8000880
DBG io submit tier=0 nbytes=17547264 qhead=0x7502e8000880
DBG io submit tier=0 nbytes=17547264 qhead=0x7502e8000880
DBG io submit tier=0 nbytes=17547264 qhead=0x7502e8000880
DBG io submit tier=0 nbytes=17547264 qhead=0x7502e8000880
DBG io submit tier=0 nbytes=17547264 qhead=0x7502e8000880
DBG io submit tier=0 nbytes=17547264 qhead=0x7502e8000880
DBG io submit tier=0 nbytes=17547264 qhead=0x7502e8000880
DBG io submit tier=0 nbytes=17547264 qhead=0x7502e8000880
DBG io submit tier=0 nbytes=17547264 qhead=0x7502e8000880
DBG io submit tier=0 nbytes=17547264 qhead=0x7502f8000880
DBG io chunk n=33554432 want=33554432
DBG io chunk n=33554432 want=33554432
DBG io chunk n=33554432 want=33554432
DBG io chunk n=33554432 want=33554432
DBG io chunk n=33554432 want=33554432
DBG io chunk n=33554432 want=33554432
DBG io chunk n=33554432 want=33554432
DBG io chunk n=33554432 want=33554432
DBG io chunk n=33554432 want=33554432
DBG io chunk n=33554432 want=33554432
DBG io chunk n=33554432 want=33554432
DBG io chunk n=33554432 want=33554432
DBG io chunk n=33554432 want=33554432
DBG io chunk n=33554432 want=33554432
DBG io chunk n=33554432 want=33554432
DBG io chunk n=33554432 want=33554432
DBG io chunk n=33554432 want=33554432
DBG io chunk n=8028160 want=8028160
DBG io worker tier=0 rc=645562368 nbytes=645562368
DBG trunk load_run L=8 kio r=645562368 got=0 nbytes=645562368
DBG io worker tier=0 rc=17547264 nbytes=17547264
DBG io worker tier=0 rc=17547264 nbytes=17547264
DBG io worker tier=0 rc=17547264 nbytes=17547264
DBG io worker tier=0 rc=17547264 nbytes=17547264
DBG io worker tier=0 rc=17547264 nbytes=17547264
DBG io worker tier=0 rc=17547264 nbytes=17547264
DBG io worker tier=0 rc=17547264 nbytes=17547264
DBG io worker tier=0 rc=17547264 nbytes=17547264
DBG io worker tier=0 rc=17547264 nbytes=17547264
DBG io worker tier=0 rc=17547264 nbytes=17547264
DBG io worker tier=0 rc=17547264 nbytes=17547264
DBG io worker tier=0 rc=17547264 nbytes=17547264
DBG io worker tier=0 rc=17547264 nbytes=17547264
DBG io worker tier=0 rc=17547264 nbytes=17547264
DBG io worker tier=0 rc=17547264 nbytes=17547264
DBG io worker tier=0 rc=17547264 nbytes=17547264
DBG getmany L7 nw=16 wall=5.974s thr(out)1 thr(in)16 conc_peak=16 pread=52.181s
DBG io submit tier=0 nbytes=645562368 qhead=0x7502c8000880
DBG io chunk n=33554432 want=33554432
DBG io chunk n=33554432 want=33554432
DBG io chunk n=33554432 want=33554432
DBG io chunk n=33554432 want=33554432
DBG io chunk n=33554432 want=33554432
DBG io submit tier=0 nbytes=17547264 qhead=0x75031c000880
DBG io submit tier=0 nbytes=17547264 qhead=0x75031c000880
DBG io submit tier=0 nbytes=17547264 qhead=0x75031c000880
DBG io submit tier=0 nbytes=17547264 qhead=0x75031c000880
DBG io submit tier=0 nbytes=17547264 qhead=0x75031c000880
DBG io submit tier=0 nbytes=17547264 qhead=0x75031c000880
DBG io submit tier=0 nbytes=17547264 qhead=0x75031c000880
DBG io submit tier=0 nbytes=17547264 qhead=0x75031c000880
DBG io submit tier=0 nbytes=17547264 qhead=0x75031c000880
DBG io submit tier=0 nbytes=17547264 qhead=0x75031c000880
DBG io submit tier=0 nbytes=17547264 qhead=0x75031c000880
DBG io submit tier=0 nbytes=17547264 qhead=0x75031c000880
DBG io submit tier=0 nbytes=17547264 qhead=0x75031c000880
DBG io submit tier=0 nbytes=17547264 qhead=0x75031c000880
DBG io submit tier=0 nbytes=17547264 qhead=0x750318000880
DBG io submit tier=0 nbytes=17547264 qhead=0x750318000880
DBG io chunk n=33554432 want=33554432
DBG io worker tier=0 rc=17547264 nbytes=17547264
DBG io worker tier=0 rc=17547264 nbytes=17547264
DBG io worker tier=0 rc=17547264 nbytes=17547264
DBG io chunk n=33554432 want=33554432
DBG io worker tier=0 rc=17547264 nbytes=17547264
DBG io worker tier=0 rc=17547264 nbytes=17547264
DBG io worker tier=0 rc=17547264 nbytes=17547264
DBG io chunk n=33554432 want=33554432
DBG io worker tier=0 rc=17547264 nbytes=17547264
DBG io worker tier=0 rc=17547264 nbytes=17547264
DBG io worker tier=0 rc=17547264 nbytes=17547264
DBG io chunk n=33554432 want=33554432
DBG io worker tier=0 rc=17547264 nbytes=17547264
DBG io worker tier=0 rc=17547264 nbytes=17547264
DBG io worker tier=0 rc=17547264 nbytes=17547264
DBG io chunk n=33554432 want=33554432
DBG io worker tier=0 rc=17547264 nbytes=17547264
DBG io worker tier=0 rc=17547264 nbytes=17547264
DBG io worker tier=0 rc=17547264 nbytes=17547264
DBG io chunk n=33554432 want=33554432
DBG io worker tier=0 rc=17547264 nbytes=17547264
DBG getmany L8 nw=16 wall=0.294s thr(out)1 thr(in)16 conc_peak=16 pread=2.502s
DBG io chunk n=33554432 want=33554432
DBG io chunk n=33554432 want=33554432
DBG io chunk n=33554432 want=33554432
DBG io chunk n=33554432 want=33554432
DBG io chunk n=33554432 want=33554432
DBG io chunk n=33554432 want=33554432
DBG io chunk n=33554432 want=33554432
DBG io chunk n=33554432 want=33554432
DBG io chunk n=8028160 want=8028160
DBG io worker tier=0 rc=645562368 nbytes=645562368
DBG trunk load_run L=9 kio r=645562368 got=0 nbytes=645562368
DBG io submit tier=0 nbytes=645562368 qhead=0x7502c8000880
DBG io chunk n=33554432 want=33554432
DBG io chunk n=33554432 want=33554432
DBG io submit tier=0 nbytes=17547264 qhead=0x750308000880
DBG io submit tier=0 nbytes=17547264 qhead=0x7502f8000880
DBG io submit tier=0 nbytes=17547264 qhead=0x7502f8000880
DBG io submit tier=0 nbytes=17547264 qhead=0x7502f8000880
DBG io submit tier=0 nbytes=17547264 qhead=0x7502f8000880
DBG io submit tier=0 nbytes=17547264 qhead=0x7502f8000880
DBG io submit tier=0 nbytes=17547264 qhead=0x7502f8000880
DBG io submit tier=0 nbytes=17547264 qhead=0x7502f8000880
DBG io submit tier=0 nbytes=17547264 qhead=0x7502f8000880
DBG io submit tier=0 nbytes=17547264 qhead=0x7502f8000880
DBG io submit tier=0 nbytes=17547264 qhead=0x7502f8000880
DBG io submit tier=0 nbytes=17547264 qhead=0x7502f8000880
DBG io submit tier=0 nbytes=17547264 qhead=0x7502f8000880
DBG io submit tier=0 nbytes=17547264 qhead=0x7502f8000880
DBG io submit tier=0 nbytes=17547264 qhead=0x7502f8000880
DBG io submit tier=0 nbytes=17547264 qhead=0x750328000880
DBG io chunk n=33554432 want=33554432
DBG io worker tier=0 rc=17547264 nbytes=17547264
DBG io worker tier=0 rc=17547264 nbytes=17547264
DBG io worker tier=0 rc=17547264 nbytes=17547264
DBG io chunk n=33554432 want=33554432
DBG io worker tier=0 rc=17547264 nbytes=17547264
DBG io worker tier=0 rc=17547264 nbytes=17547264
DBG io worker tier=0 rc=17547264 nbytes=17547264
DBG io chunk n=33554432 want=33554432
DBG io worker tier=0 rc=17547264 nbytes=17547264
DBG io worker tier=0 rc=17547264 nbytes=17547264
DBG io worker tier=0 rc=17547264 nbytes=17547264
DBG io chunk n=33554432 want=33554432
DBG io worker tier=0 rc=17547264 nbytes=17547264
DBG io worker tier=0 rc=17547264 nbytes=17547264
DBG io worker tier=0 rc=17547264 nbytes=17547264
DBG io chunk n=33554432 want=33554432
DBG io worker tier=0 rc=17547264 nbytes=17547264
DBG io worker tier=0 rc=17547264 nbytes=17547264
DBG io worker tier=0 rc=17547264 nbytes=17547264
DBG io chunk n=33554432 want=33554432
DBG io worker tier=0 rc=17547264 nbytes=17547264
DBG getmany L9 nw=16 wall=0.277s thr(out)1 thr(in)16 conc_peak=16 pread=2.406s
DBG io chunk n=33554432 want=33554432
DBG io chunk n=33554432 want=33554432
DBG io chunk n=33554432 want=33554432
DBG io chunk n=33554432 want=33554432
DBG io chunk n=33554432 want=33554432
DBG io chunk n=33554432 want=33554432
DBG io chunk n=33554432 want=33554432
DBG io chunk n=33554432 want=33554432
DBG io chunk n=33554432 want=33554432
DBG io chunk n=33554432 want=33554432
DBG io chunk n=33554432 want=33554432
DBG io chunk n=8028160 want=8028160
DBG io worker tier=0 rc=645562368 nbytes=645562368
DBG trunk load_run L=10 kio r=645562368 got=0 nbytes=645562368
DBG io submit tier=0 nbytes=431890432 qhead=0x7502c8000880
DBG io chunk n=33554432 want=33554432
DBG io chunk n=33554432 want=33554432
DBG io chunk n=33554432 want=33554432
DBG io chunk n=33554432 want=33554432
DBG io submit tier=0 nbytes=17547264 qhead=0x75031c000880
DBG io submit tier=0 nbytes=17547264 qhead=0x750320000880
DBG io submit tier=0 nbytes=17547264 qhead=0x750320000880
DBG io submit tier=0 nbytes=17547264 qhead=0x750320000880
DBG io submit tier=0 nbytes=17547264 qhead=0x750320000880
DBG io submit tier=0 nbytes=17547264 qhead=0x750320000880
DBG io submit tier=0 nbytes=17547264 qhead=0x750320000880
DBG io submit tier=0 nbytes=17547264 qhead=0x750320000880
DBG io submit tier=0 nbytes=17547264 qhead=0x750320000880
DBG io submit tier=0 nbytes=17547264 qhead=0x750320000880
DBG io submit tier=0 nbytes=17547264 qhead=0x750320000880
DBG io submit tier=0 nbytes=17547264 qhead=0x750320000880
DBG io submit tier=0 nbytes=17547264 qhead=0x750320000880
DBG io submit tier=0 nbytes=17547264 qhead=0x750320000880
DBG io submit tier=0 nbytes=17547264 qhead=0x750320000880
DBG io submit tier=0 nbytes=17547264 qhead=0x750300000880
DBG io chunk n=33554432 want=33554432
DBG io worker tier=0 rc=17547264 nbytes=17547264
DBG io worker tier=0 rc=17547264 nbytes=17547264
DBG io worker tier=0 rc=17547264 nbytes=17547264
DBG io chunk n=33554432 want=33554432
DBG io worker tier=0 rc=17547264 nbytes=17547264
DBG io worker tier=0 rc=17547264 nbytes=17547264
DBG io worker tier=0 rc=17547264 nbytes=17547264
DBG io chunk n=33554432 want=33554432
DBG io worker tier=0 rc=17547264 nbytes=17547264
DBG io worker tier=0 rc=17547264 nbytes=17547264
DBG io worker tier=0 rc=17547264 nbytes=17547264
DBG io chunk n=33554432 want=33554432
DBG io worker tier=0 rc=17547264 nbytes=17547264
DBG io worker tier=0 rc=17547264 nbytes=17547264
DBG io worker tier=0 rc=17547264 nbytes=17547264
DBG io worker tier=0 rc=17547264 nbytes=17547264
DBG io chunk n=33554432 want=33554432
DBG io worker tier=0 rc=17547264 nbytes=17547264
DBG io worker tier=0 rc=17547264 nbytes=17547264
DBG io worker tier=0 rc=17547264 nbytes=17547264
DBG getmany L10 nw=16 wall=0.247s thr(out)1 thr(in)16 conc_peak=16 pread=2.251s
DBG io chunk n=33554432 want=33554432
DBG io chunk n=33554432 want=33554432
DBG io chunk n=33554432 want=33554432
DBG io chunk n=29237248 want=29237248
DBG io worker tier=0 rc=431890432 nbytes=431890432
DBG trunk load_run L=11 kio r=431890432 got=0 nbytes=431890432
DBG io submit tier=0 nbytes=645562368 qhead=0x7502c8000880
DBG io submit tier=0 nbytes=17547264 qhead=0x750340000880
DBG io submit tier=0 nbytes=17547264 qhead=0x750310000880
DBG io submit tier=0 nbytes=17547264 qhead=0x750310000880
DBG io submit tier=0 nbytes=17547264 qhead=0x750310000880
DBG io submit tier=0 nbytes=17547264 qhead=0x750310000880
DBG io submit tier=0 nbytes=17547264 qhead=0x750310000880
DBG io submit tier=0 nbytes=17547264 qhead=0x750310000880
DBG io submit tier=0 nbytes=17547264 qhead=0x750310000880
DBG io submit tier=0 nbytes=17547264 qhead=0x750310000880
DBG io submit tier=0 nbytes=17547264 qhead=0x750310000880
DBG io submit tier=0 nbytes=17547264 qhead=0x750310000880
DBG io submit tier=0 nbytes=17547264 qhead=0x750310000880
DBG io submit tier=0 nbytes=17547264 qhead=0x750310000880
DBG io submit tier=0 nbytes=17547264 qhead=0x7502f0000880
DBG io submit tier=0 nbytes=17547264 qhead=0x7502f0000880
DBG io submit tier=0 nbytes=17547264 qhead=0x75031c000880
DBG io worker tier=0 rc=17547264 nbytes=17547264
DBG io chunk n=33554432 want=33554432
DBG io worker tier=0 rc=17547264 nbytes=17547264
DBG io worker tier=0 rc=17547264 nbytes=17547264
DBG io worker tier=0 rc=17547264 nbytes=17547264
DBG io chunk n=33554432 want=33554432
DBG io worker tier=0 rc=17547264 nbytes=17547264
DBG io worker tier=0 rc=17547264 nbytes=17547264
DBG io worker tier=0 rc=17547264 nbytes=17547264
DBG io chunk n=33554432 want=33554432
DBG io worker tier=0 rc=17547264 nbytes=17547264
DBG io worker tier=0 rc=17547264 nbytes=17547264
DBG io worker tier=0 rc=17547264 nbytes=17547264
DBG io chunk n=33554432 want=33554432
DBG io worker tier=0 rc=17547264 nbytes=17547264
DBG io worker tier=0 rc=17547264 nbytes=17547264
DBG io worker tier=0 rc=17547264 nbytes=17547264
DBG io chunk n=33554432 want=33554432
DBG io worker tier=0 rc=17547264 nbytes=17547264
DBG io worker tier=0 rc=17547264 nbytes=17547264
DBG io worker tier=0 rc=17547264 nbytes=17547264
DBG getmany L11 nw=16 wall=0.275s thr(out)1 thr(in)16 conc_peak=16 pread=2.464s
DBG io chunk n=33554432 want=33554432
DBG io chunk n=33554432 want=33554432
DBG io chunk n=33554432 want=33554432
DBG io chunk n=33554432 want=33554432
DBG io chunk n=33554432 want=33554432
DBG io chunk n=33554432 want=33554432
DBG io chunk n=33554432 want=33554432
DBG io chunk n=33554432 want=33554432
DBG io chunk n=33554432 want=33554432
DBG io chunk n=33554432 want=33554432
DBG io chunk n=33554432 want=33554432
DBG io chunk n=33554432 want=33554432
DBG io chunk n=33554432 want=33554432
DBG io chunk n=33554432 want=33554432
DBG io chunk n=8028160 want=8028160
DBG io worker tier=0 rc=645562368 nbytes=645562368
DBG trunk load_run L=12 kio r=645562368 got=0 nbytes=645562368
DBG io submit tier=0 nbytes=645562368 qhead=0x7502c8000880
DBG io chunk n=33554432 want=33554432
DBG io submit tier=0 nbytes=17547264 qhead=0x750338000880
DBG io submit tier=0 nbytes=17547264 qhead=0x750338000880
DBG io submit tier=0 nbytes=17547264 qhead=0x750338000880
DBG io submit tier=0 nbytes=17547264 qhead=0x750338000880
DBG io submit tier=0 nbytes=17547264 qhead=0x750338000880
DBG io submit tier=0 nbytes=17547264 qhead=0x750338000880
DBG io submit tier=0 nbytes=17547264 qhead=0x750338000880
DBG io submit tier=0 nbytes=17547264 qhead=0x750338000880
DBG io submit tier=0 nbytes=17547264 qhead=0x750338000880
DBG io submit tier=0 nbytes=17547264 qhead=0x750338000880
DBG io submit tier=0 nbytes=17547264 qhead=0x750338000880
DBG io submit tier=0 nbytes=17547264 qhead=0x750338000880
DBG io submit tier=0 nbytes=17547264 qhead=0x750338000880
DBG io submit tier=0 nbytes=17547264 qhead=0x750338000880
DBG io submit tier=0 nbytes=17547264 qhead=0x750338000880
DBG io submit tier=0 nbytes=17547264 qhead=0x7502f0000880
DBG io worker tier=0 rc=17547264 nbytes=17547264
DBG io worker tier=0 rc=17547264 nbytes=17547264
DBG io worker tier=0 rc=17547264 nbytes=17547264
DBG io worker tier=0 rc=17547264 nbytes=17547264
DBG io worker tier=0 rc=17547264 nbytes=17547264
DBG io worker tier=0 rc=17547264 nbytes=17547264
DBG io worker tier=0 rc=17547264 nbytes=17547264
DBG io worker tier=0 rc=17547264 nbytes=17547264
DBG io worker tier=0 rc=17547264 nbytes=17547264
DBG io worker tier=0 rc=17547264 nbytes=17547264
DBG io worker tier=0 rc=17547264 nbytes=17547264
DBG io worker tier=0 rc=17547264 nbytes=17547264
DBG io worker tier=0 rc=17547264 nbytes=17547264
DBG io worker tier=0 rc=17547264 nbytes=17547264
DBG io worker tier=0 rc=17547264 nbytes=17547264
DBG io worker tier=0 rc=17547264 nbytes=17547264
DBG getmany L12 nw=16 wall=0.208s thr(out)1 thr(in)16 conc_peak=16 pread=2.183s
DBG io chunk n=33554432 want=33554432
DBG io chunk n=33554432 want=33554432
DBG io chunk n=33554432 want=33554432
DBG io chunk n=33554432 want=33554432
DBG io chunk n=33554432 want=33554432
DBG io chunk n=33554432 want=33554432
DBG io chunk n=33554432 want=33554432
DBG io chunk n=33554432 want=33554432
DBG io chunk n=33554432 want=33554432
DBG io chunk n=33554432 want=33554432
DBG io chunk n=33554432 want=33554432
DBG io chunk n=33554432 want=33554432
DBG io chunk n=33554432 want=33554432
DBG io chunk n=33554432 want=33554432
DBG io chunk n=33554432 want=33554432
DBG io chunk n=33554432 want=33554432
DBG io chunk n=33554432 want=33554432
DBG io chunk n=33554432 want=33554432
DBG io chunk n=8028160 want=8028160
DBG io worker tier=0 rc=645562368 nbytes=645562368
DBG trunk load_run L=13 kio r=645562368 got=0 nbytes=645562368
DBG io submit tier=0 nbytes=645562368 qhead=0x7502c8000880
DBG io chunk n=33554432 want=33554432
DBG io chunk n=33554432 want=33554432
DBG io chunk n=33554432 want=33554432
DBG io submit tier=0 nbytes=17547264 qhead=0x750308000880
DBG io submit tier=0 nbytes=17547264 qhead=0x608f420fa1f0
DBG io submit tier=0 nbytes=17547264 qhead=0x608f420fa1f0
DBG io submit tier=0 nbytes=17547264 qhead=0x608f420fa1f0
DBG io submit tier=0 nbytes=17547264 qhead=0x608f420fa1f0
DBG io submit tier=0 nbytes=17547264 qhead=0x608f420fa1f0
DBG io submit tier=0 nbytes=17547264 qhead=0x608f420fa1f0
DBG io submit tier=0 nbytes=17547264 qhead=0x608f420fa1f0
DBG io submit tier=0 nbytes=17547264 qhead=0x608f420fa1f0
DBG io submit tier=0 nbytes=17547264 qhead=0x608f420fa1f0
DBG io submit tier=0 nbytes=17547264 qhead=0x608f420fa1f0
DBG io submit tier=0 nbytes=17547264 qhead=0x608f420fa1f0
DBG io submit tier=0 nbytes=17547264 qhead=0x608f420fa1f0
DBG io submit tier=0 nbytes=17547264 qhead=0x608f420fa1f0
DBG io submit tier=0 nbytes=17547264 qhead=0x7502e0000880
DBG io submit tier=0 nbytes=17547264 qhead=0x7502e0000880
DBG io chunk n=33554432 want=33554432
DBG io worker tier=0 rc=17547264 nbytes=17547264
DBG io worker tier=0 rc=17547264 nbytes=17547264
DBG io worker tier=0 rc=17547264 nbytes=17547264
DBG io chunk n=33554432 want=33554432
DBG io worker tier=0 rc=17547264 nbytes=17547264
DBG io worker tier=0 rc=17547264 nbytes=17547264
DBG io worker tier=0 rc=17547264 nbytes=17547264
DBG io chunk n=33554432 want=33554432
DBG io worker tier=0 rc=17547264 nbytes=17547264
DBG io worker tier=0 rc=17547264 nbytes=17547264
DBG io worker tier=0 rc=17547264 nbytes=17547264
DBG io chunk n=33554432 want=33554432
DBG io worker tier=0 rc=17547264 nbytes=17547264
DBG io worker tier=0 rc=17547264 nbytes=17547264
DBG io worker tier=0 rc=17547264 nbytes=17547264
DBG io chunk n=33554432 want=33554432
DBG io worker tier=0 rc=17547264 nbytes=17547264
DBG io worker tier=0 rc=17547264 nbytes=17547264
DBG io worker tier=0 rc=17547264 nbytes=17547264
DBG io chunk n=33554432 want=33554432
DBG io worker tier=0 rc=17547264 nbytes=17547264
DBG getmany L13 nw=16 wall=0.276s thr(out)1 thr(in)16 conc_peak=16 pread=2.348s
DBG io chunk n=33554432 want=33554432
DBG io chunk n=33554432 want=33554432
DBG io chunk n=33554432 want=33554432
DBG io chunk n=33554432 want=33554432
DBG io chunk n=33554432 want=33554432
DBG io chunk n=33554432 want=33554432
DBG io chunk n=33554432 want=33554432
DBG io chunk n=33554432 want=33554432
DBG io chunk n=33554432 want=33554432
DBG io chunk n=33554432 want=33554432
DBG io chunk n=8028160 want=8028160
DBG io worker tier=0 rc=645562368 nbytes=645562368
DBG trunk load_run L=14 kio r=645562368 got=0 nbytes=645562368
DBG io submit tier=0 nbytes=431890432 qhead=0x7502c8000880
DBG io submit tier=0 nbytes=17547264 qhead=0x750340000880
DBG io submit tier=0 nbytes=17547264 qhead=0x7502f8000880
DBG io submit tier=0 nbytes=17547264 qhead=0x7502f8000880
DBG io submit tier=0 nbytes=17547264 qhead=0x7502f8000880
DBG io submit tier=0 nbytes=17547264 qhead=0x7502f8000880
DBG io submit tier=0 nbytes=17547264 qhead=0x7502f8000880
DBG io submit tier=0 nbytes=17547264 qhead=0x7502f8000880
DBG io submit tier=0 nbytes=17547264 qhead=0x7502f8000880
DBG io submit tier=0 nbytes=17547264 qhead=0x7502f8000880
DBG io submit tier=0 nbytes=17547264 qhead=0x7502f8000880
DBG io submit tier=0 nbytes=17547264 qhead=0x7502f8000880
DBG io submit tier=0 nbytes=17547264 qhead=0x7502f8000880
DBG io submit tier=0 nbytes=17547264 qhead=0x7502f8000880
DBG io submit tier=0 nbytes=17547264 qhead=0x7502f8000880
DBG io submit tier=0 nbytes=17547264 qhead=0x7502f8000880
DBG io submit tier=0 nbytes=17547264 qhead=0x750320000880
DBG io worker tier=0 rc=17547264 nbytes=17547264
DBG io worker tier=0 rc=17547264 nbytes=17547264
DBG io worker tier=0 rc=17547264 nbytes=17547264
DBG io worker tier=0 rc=17547264 nbytes=17547264
DBG io worker tier=0 rc=17547264 nbytes=17547264
DBG io worker tier=0 rc=17547264 nbytes=17547264
DBG io worker tier=0 rc=17547264 nbytes=17547264
DBG io worker tier=0 rc=17547264 nbytes=17547264
DBG io worker tier=0 rc=17547264 nbytes=17547264
DBG io worker tier=0 rc=17547264 nbytes=17547264
DBG io worker tier=0 rc=17547264 nbytes=17547264
DBG io worker tier=0 rc=17547264 nbytes=17547264
DBG io worker tier=0 rc=17547264 nbytes=17547264
DBG io worker tier=0 rc=17547264 nbytes=17547264
DBG io worker tier=0 rc=17547264 nbytes=17547264
DBG io worker tier=0 rc=17547264 nbytes=17547264
DBG getmany L14 nw=16 wall=1.654s thr(out)1 thr(in)16 conc_peak=16 pread=3.192s
DBG io chunk n=33554432 want=33554432
DBG io chunk n=33554432 want=33554432
DBG io chunk n=33554432 want=33554432
DBG io chunk n=33554432 want=33554432
DBG io chunk n=33554432 want=33554432
DBG io chunk n=33554432 want=33554432
DBG io chunk n=33554432 want=33554432
DBG io chunk n=33554432 want=33554432
DBG io chunk n=33554432 want=33554432
DBG io chunk n=33554432 want=33554432
DBG io chunk n=33554432 want=33554432
DBG io chunk n=33554432 want=33554432
DBG io chunk n=29237248 want=29237248
DBG io worker tier=0 rc=431890432 nbytes=431890432
DBG trunk load_run L=15 kio r=431890432 got=0 nbytes=431890432
DBG io submit tier=0 nbytes=645562368 qhead=0x7502c8000880
DBG io chunk n=33554432 want=33554432
DBG io submit tier=0 nbytes=17547264 qhead=0x7502f0000880
DBG io submit tier=0 nbytes=17547264 qhead=0x608f420fa1f0
DBG io submit tier=0 nbytes=17547264 qhead=0x608f420fa1f0
DBG io submit tier=0 nbytes=17547264 qhead=0x608f420fa1f0
DBG io submit tier=0 nbytes=17547264 qhead=0x608f420fa1f0
DBG io submit tier=0 nbytes=17547264 qhead=0x608f420fa1f0
DBG io submit tier=0 nbytes=17547264 qhead=0x608f420fa1f0
DBG io submit tier=0 nbytes=17547264 qhead=0x608f420fa1f0
DBG io submit tier=0 nbytes=17547264 qhead=0x608f420fa1f0
DBG io submit tier=0 nbytes=17547264 qhead=0x608f420fa1f0
DBG io submit tier=0 nbytes=17547264 qhead=0x608f420fa1f0
DBG io submit tier=0 nbytes=17547264 qhead=0x608f420fa1f0
DBG io submit tier=0 nbytes=17547264 qhead=0x608f420fa1f0
DBG io submit tier=0 nbytes=17547264 qhead=0x608f420fa1f0
DBG io submit tier=0 nbytes=17547264 qhead=0x608f420fa1f0
DBG io submit tier=0 nbytes=17547264 qhead=0x750328000880
DBG io chunk n=33554432 want=33554432
DBG io worker tier=0 rc=17547264 nbytes=17547264
DBG io worker tier=0 rc=17547264 nbytes=17547264
DBG io worker tier=0 rc=17547264 nbytes=17547264
DBG io chunk n=33554432 want=33554432
DBG io worker tier=0 rc=17547264 nbytes=17547264
DBG io worker tier=0 rc=17547264 nbytes=17547264
DBG io worker tier=0 rc=17547264 nbytes=17547264
DBG io chunk n=33554432 want=33554432
DBG io worker tier=0 rc=17547264 nbytes=17547264
DBG io worker tier=0 rc=17547264 nbytes=17547264
DBG io worker tier=0 rc=17547264 nbytes=17547264
DBG io chunk n=33554432 want=33554432
DBG io worker tier=0 rc=17547264 nbytes=17547264
DBG io worker tier=0 rc=17547264 nbytes=17547264
DBG io worker tier=0 rc=17547264 nbytes=17547264
DBG io chunk n=33554432 want=33554432
DBG io worker tier=0 rc=17547264 nbytes=17547264
DBG io worker tier=0 rc=17547264 nbytes=17547264
DBG io worker tier=0 rc=17547264 nbytes=17547264
DBG io chunk n=33554432 want=33554432
DBG io worker tier=0 rc=17547264 nbytes=17547264
DBG getmany L15 nw=16 wall=0.261s thr(out)1 thr(in)16 conc_peak=16 pread=2.173s
DBG io chunk n=33554432 want=33554432
DBG io chunk n=33554432 want=33554432
DBG io chunk n=33554432 want=33554432
DBG io chunk n=33554432 want=33554432
DBG io chunk n=33554432 want=33554432
DBG io chunk n=33554432 want=33554432
DBG io chunk n=33554432 want=33554432
DBG io chunk n=33554432 want=33554432
DBG io chunk n=33554432 want=33554432
DBG io chunk n=33554432 want=33554432
DBG io chunk n=33554432 want=33554432
DBG io chunk n=33554432 want=33554432
DBG io chunk n=8028160 want=8028160
DBG io worker tier=0 rc=645562368 nbytes=645562368
DBG trunk load_run L=16 kio r=645562368 got=0 nbytes=645562368
DBG io submit tier=0 nbytes=645562368 qhead=0x7502c8000880
DBG io chunk n=33554432 want=33554432
DBG io chunk n=33554432 want=33554432
DBG io chunk n=33554432 want=33554432
DBG io submit tier=0 nbytes=17547264 qhead=0x7502e8000880
DBG io submit tier=0 nbytes=17547264 qhead=0x750308000880
DBG io submit tier=0 nbytes=17547264 qhead=0x750308000880
DBG io submit tier=0 nbytes=17547264 qhead=0x750308000880
DBG io submit tier=0 nbytes=17547264 qhead=0x750308000880
DBG io submit tier=0 nbytes=17547264 qhead=0x750308000880
DBG io submit tier=0 nbytes=17547264 qhead=0x750308000880
DBG io submit tier=0 nbytes=17547264 qhead=0x750308000880
DBG io submit tier=0 nbytes=17547264 qhead=0x750308000880
DBG io submit tier=0 nbytes=17547264 qhead=0x750308000880
DBG io submit tier=0 nbytes=17547264 qhead=0x750308000880
DBG io submit tier=0 nbytes=17547264 qhead=0x750308000880
DBG io submit tier=0 nbytes=17547264 qhead=0x750308000880
DBG io submit tier=0 nbytes=17547264 qhead=0x750308000880
DBG io submit tier=0 nbytes=17547264 qhead=0x608f420fa1f0
DBG io submit tier=0 nbytes=17547264 qhead=0x608f420fa1f0
DBG io chunk n=33554432 want=33554432
DBG io worker tier=0 rc=17547264 nbytes=17547264
DBG io worker tier=0 rc=17547264 nbytes=17547264
DBG io worker tier=0 rc=17547264 nbytes=17547264
DBG io chunk n=33554432 want=33554432
DBG io worker tier=0 rc=17547264 nbytes=17547264
DBG io worker tier=0 rc=17547264 nbytes=17547264
DBG io worker tier=0 rc=17547264 nbytes=17547264
DBG io chunk n=33554432 want=33554432
DBG io worker tier=0 rc=17547264 nbytes=17547264
DBG io worker tier=0 rc=17547264 nbytes=17547264
DBG io worker tier=0 rc=17547264 nbytes=17547264
DBG io chunk n=33554432 want=33554432
DBG io worker tier=0 rc=17547264 nbytes=17547264
DBG io worker tier=0 rc=17547264 nbytes=17547264
DBG io worker tier=0 rc=17547264 nbytes=17547264
DBG io chunk n=33554432 want=33554432
DBG io worker tier=0 rc=17547264 nbytes=17547264
DBG io worker tier=0 rc=17547264 nbytes=17547264
DBG io worker tier=0 rc=17547264 nbytes=17547264
DBG io chunk n=33554432 want=33554432
DBG io worker tier=0 rc=17547264 nbytes=17547264
DBG getmany L16 nw=16 wall=0.256s thr(out)1 thr(in)16 conc_peak=16 pread=2.178s
DBG io chunk n=33554432 want=33554432
DBG io chunk n=33554432 want=33554432
DBG io chunk n=33554432 want=33554432
DBG io chunk n=33554432 want=33554432
DBG io chunk n=33554432 want=33554432
DBG io chunk n=33554432 want=33554432
DBG io chunk n=33554432 want=33554432
DBG io chunk n=33554432 want=33554432
DBG io chunk n=33554432 want=33554432
DBG io chunk n=33554432 want=33554432
DBG io chunk n=8028160 want=8028160
DBG io worker tier=0 rc=645562368 nbytes=645562368
DBG trunk load_run L=17 kio r=645562368 got=0 nbytes=645562368
DBG io submit tier=0 nbytes=645562368 qhead=0x7502c8000880
DBG io chunk n=33554432 want=33554432
DBG io chunk n=33554432 want=33554432
DBG io chunk n=33554432 want=33554432
DBG io submit tier=0 nbytes=17547264 qhead=0x750300000880
DBG io submit tier=0 nbytes=17547264 qhead=0x7502f0000880
DBG io submit tier=0 nbytes=17547264 qhead=0x7502f0000880
DBG io submit tier=0 nbytes=17547264 qhead=0x7502f0000880
DBG io chunk n=33554432 want=33554432
DBG io submit tier=0 nbytes=17547264 qhead=0x7502f0000880
DBG io submit tier=0 nbytes=17547264 qhead=0x7502f0000880
DBG io submit tier=0 nbytes=17547264 qhead=0x7502f0000880
DBG io submit tier=0 nbytes=17547264 qhead=0x7502f0000880
DBG io submit tier=0 nbytes=17547264 qhead=0x7502f0000880
DBG io submit tier=0 nbytes=17547264 qhead=0x7502f0000880
DBG io submit tier=0 nbytes=17547264 qhead=0x7502f0000880
DBG io submit tier=0 nbytes=17547264 qhead=0x7502f0000880
DBG io submit tier=0 nbytes=17547264 qhead=0x7502f0000880
DBG io submit tier=0 nbytes=17547264 qhead=0x7502f0000880
DBG io submit tier=0 nbytes=17547264 qhead=0x7502e8000880
DBG io submit tier=0 nbytes=17547264 qhead=0x7502e8000880
DBG io worker tier=0 rc=17547264 nbytes=17547264
DBG io chunk n=33554432 want=33554432
DBG io worker tier=0 rc=17547264 nbytes=17547264
DBG io worker tier=0 rc=17547264 nbytes=17547264
DBG io worker tier=0 rc=17547264 nbytes=17547264
DBG io chunk n=33554432 want=33554432
DBG io worker tier=0 rc=17547264 nbytes=17547264
DBG io worker tier=0 rc=17547264 nbytes=17547264
DBG io worker tier=0 rc=17547264 nbytes=17547264
DBG io chunk n=33554432 want=33554432
DBG io worker tier=0 rc=17547264 nbytes=17547264
DBG io worker tier=0 rc=17547264 nbytes=17547264
DBG io worker tier=0 rc=17547264 nbytes=17547264
DBG io worker tier=0 rc=17547264 nbytes=17547264
DBG io worker tier=0 rc=17547264 nbytes=17547264
DBG io chunk n=33554432 want=33554432
DBG io worker tier=0 rc=17547264 nbytes=17547264
DBG io worker tier=0 rc=17547264 nbytes=17547264
DBG io worker tier=0 rc=17547264 nbytes=17547264
DBG io chunk n=33554432 want=33554432
DBG io worker tier=0 rc=17547264 nbytes=17547264
DBG getmany L17 nw=16 wall=0.245s thr(out)1 thr(in)16 conc_peak=16 pread=2.106s
DBG io chunk n=33554432 want=33554432
DBG io chunk n=33554432 want=33554432
DBG io chunk n=33554432 want=33554432
DBG io chunk n=33554432 want=33554432
DBG io chunk n=33554432 want=33554432
DBG io chunk n=33554432 want=33554432
DBG io chunk n=33554432 want=33554432
DBG io chunk n=33554432 want=33554432
DBG io chunk n=33554432 want=33554432
DBG io chunk n=33554432 want=33554432
DBG io chunk n=8028160 want=8028160
DBG io worker tier=0 rc=645562368 nbytes=645562368
DBG trunk load_run L=18 kio r=645562368 got=0 nbytes=645562368
DBG io submit tier=0 nbytes=431890432 qhead=0x7502c8000880
DBG io chunk n=33554432 want=33554432
DBG io chunk n=33554432 want=33554432
DBG io chunk n=33554432 want=33554432
DBG io chunk n=33554432 want=33554432
DBG io submit tier=0 nbytes=17547264 qhead=0x608f420fa1f0
DBG io submit tier=0 nbytes=17547264 qhead=0x608f420fa1f0
DBG io submit tier=0 nbytes=17547264 qhead=0x608f420fa1f0
DBG io submit tier=0 nbytes=17547264 qhead=0x608f420fa1f0
DBG io submit tier=0 nbytes=17547264 qhead=0x608f420fa1f0
DBG io chunk n=33554432 want=33554432
DBG io submit tier=0 nbytes=17547264 qhead=0x608f420fa1f0
DBG io submit tier=0 nbytes=17547264 qhead=0x608f420fa1f0
DBG io submit tier=0 nbytes=17547264 qhead=0x608f420fa1f0
DBG io submit tier=0 nbytes=17547264 qhead=0x608f420fa1f0
DBG io submit tier=0 nbytes=17547264 qhead=0x608f420fa1f0
DBG io submit tier=0 nbytes=17547264 qhead=0x608f420fa1f0
DBG io submit tier=0 nbytes=17547264 qhead=0x608f420fa1f0
DBG io submit tier=0 nbytes=17547264 qhead=0x608f420fa1f0
DBG io submit tier=0 nbytes=17547264 qhead=0x608f420fa1f0
DBG io submit tier=0 nbytes=17547264 qhead=0x608f420fa1f0
DBG io submit tier=0 nbytes=17547264 qhead=0x608f420fa1f0
DBG io chunk n=33554432 want=33554432
DBG io worker tier=0 rc=17547264 nbytes=17547264
DBG io worker tier=0 rc=17547264 nbytes=17547264
DBG io worker tier=0 rc=17547264 nbytes=17547264
DBG io chunk n=33554432 want=33554432
DBG io worker tier=0 rc=17547264 nbytes=17547264
DBG io worker tier=0 rc=17547264 nbytes=17547264
DBG io worker tier=0 rc=17547264 nbytes=17547264
DBG io chunk n=33554432 want=33554432
DBG io worker tier=0 rc=17547264 nbytes=17547264
DBG io worker tier=0 rc=17547264 nbytes=17547264
DBG io worker tier=0 rc=17547264 nbytes=17547264
DBG io chunk n=33554432 want=33554432
DBG io worker tier=0 rc=17547264 nbytes=17547264
DBG io worker tier=0 rc=17547264 nbytes=17547264
DBG io worker tier=0 rc=17547264 nbytes=17547264
DBG io chunk n=33554432 want=33554432
DBG io worker tier=0 rc=17547264 nbytes=17547264
DBG io worker tier=0 rc=17547264 nbytes=17547264
DBG io worker tier=0 rc=17547264 nbytes=17547264
DBG io chunk n=33554432 want=33554432
DBG io worker tier=0 rc=17547264 nbytes=17547264
DBG getmany L18 nw=16 wall=0.264s thr(out)1 thr(in)16 conc_peak=16 pread=2.292s
DBG io chunk n=33554432 want=33554432
DBG io chunk n=29237248 want=29237248
DBG io worker tier=0 rc=431890432 nbytes=431890432
DBG trunk load_run L=19 kio r=431890432 got=0 nbytes=431890432
DBG io submit tier=0 nbytes=645562368 qhead=0x7502c8000880
DBG io chunk n=33554432 want=33554432
DBG io chunk n=33554432 want=33554432
DBG io submit tier=0 nbytes=17547264 qhead=0x750308000880
DBG io submit tier=0 nbytes=17547264 qhead=0x608f420fa1f0
DBG io submit tier=0 nbytes=17547264 qhead=0x608f420fa1f0
DBG io submit tier=0 nbytes=17547264 qhead=0x608f420fa1f0
DBG io submit tier=0 nbytes=17547264 qhead=0x608f420fa1f0
DBG io submit tier=0 nbytes=17547264 qhead=0x608f420fa1f0
DBG io submit tier=0 nbytes=17547264 qhead=0x608f420fa1f0
DBG io submit tier=0 nbytes=17547264 qhead=0x608f420fa1f0
DBG io submit tier=0 nbytes=17547264 qhead=0x608f420fa1f0
DBG io submit tier=0 nbytes=17547264 qhead=0x608f420fa1f0
DBG io submit tier=0 nbytes=17547264 qhead=0x608f420fa1f0
DBG io submit tier=0 nbytes=17547264 qhead=0x608f420fa1f0
DBG io submit tier=0 nbytes=17547264 qhead=0x608f420fa1f0
DBG io submit tier=0 nbytes=17547264 qhead=0x608f420fa1f0
DBG io submit tier=0 nbytes=17547264 qhead=0x608f420fa1f0
DBG io submit tier=0 nbytes=17547264 qhead=0x7502e0000880
DBG io chunk n=33554432 want=33554432
DBG io worker tier=0 rc=17547264 nbytes=17547264
DBG io worker tier=0 rc=17547264 nbytes=17547264
DBG io worker tier=0 rc=17547264 nbytes=17547264
DBG io chunk n=33554432 want=33554432
DBG io worker tier=0 rc=17547264 nbytes=17547264
DBG io worker tier=0 rc=17547264 nbytes=17547264
DBG io worker tier=0 rc=17547264 nbytes=17547264
DBG io worker tier=0 rc=17547264 nbytes=17547264
DBG io chunk n=33554432 want=33554432
DBG io worker tier=0 rc=17547264 nbytes=17547264
DBG io worker tier=0 rc=17547264 nbytes=17547264
DBG io worker tier=0 rc=17547264 nbytes=17547264
DBG io chunk n=33554432 want=33554432
DBG io worker tier=0 rc=17547264 nbytes=17547264
DBG io worker tier=0 rc=17547264 nbytes=17547264
DBG io worker tier=0 rc=17547264 nbytes=17547264
DBG io chunk n=33554432 want=33554432
DBG io worker tier=0 rc=17547264 nbytes=17547264
DBG io worker tier=0 rc=17547264 nbytes=17547264
DBG io worker tier=0 rc=17547264 nbytes=17547264
DBG getmany L19 nw=16 wall=0.246s thr(out)1 thr(in)16 conc_peak=16 pread=2.194s
DBG io chunk n=33554432 want=33554432
DBG io chunk n=33554432 want=33554432
DBG io chunk n=33554432 want=33554432
DBG io chunk n=33554432 want=33554432
DBG io chunk n=33554432 want=33554432
DBG io chunk n=33554432 want=33554432
DBG io chunk n=33554432 want=33554432
DBG io chunk n=33554432 want=33554432
DBG io chunk n=33554432 want=33554432
DBG io chunk n=33554432 want=33554432
DBG io chunk n=33554432 want=33554432
DBG io chunk n=33554432 want=33554432
DBG io chunk n=8028160 want=8028160
DBG io worker tier=0 rc=645562368 nbytes=645562368
DBG trunk load_run L=20 kio r=645562368 got=0 nbytes=645562368
DBG io submit tier=0 nbytes=645562368 qhead=0x7502c8000880
DBG io chunk n=33554432 want=33554432
DBG io chunk n=33554432 want=33554432
DBG io chunk n=33554432 want=33554432
DBG io submit tier=0 nbytes=17547264 qhead=0x7502f8000880
DBG io submit tier=0 nbytes=17547264 qhead=0x7502f8000880
DBG io submit tier=0 nbytes=17547264 qhead=0x7502f8000880
DBG io chunk n=33554432 want=33554432
DBG io submit tier=0 nbytes=17547264 qhead=0x7502f8000880
DBG io submit tier=0 nbytes=17547264 qhead=0x7502f8000880
DBG io submit tier=0 nbytes=17547264 qhead=0x7502f8000880
DBG io submit tier=0 nbytes=17547264 qhead=0x7502f8000880
DBG io submit tier=0 nbytes=17547264 qhead=0x7502f8000880
DBG io submit tier=0 nbytes=17547264 qhead=0x7502f8000880
DBG io submit tier=0 nbytes=17547264 qhead=0x7502f8000880
DBG io submit tier=0 nbytes=17547264 qhead=0x7502f8000880
DBG io submit tier=0 nbytes=17547264 qhead=0x7502f8000880
DBG io submit tier=0 nbytes=17547264 qhead=0x7502f8000880
DBG io submit tier=0 nbytes=17547264 qhead=0x7502f8000880
DBG io submit tier=0 nbytes=17547264 qhead=0x7502f8000880
DBG io submit tier=0 nbytes=17547264 qhead=0x750318000880
DBG io chunk n=33554432 want=33554432
DBG io worker tier=0 rc=17547264 nbytes=17547264
DBG io worker tier=0 rc=17547264 nbytes=17547264
DBG io worker tier=0 rc=17547264 nbytes=17547264
DBG io chunk n=33554432 want=33554432
DBG io worker tier=0 rc=17547264 nbytes=17547264
DBG io worker tier=0 rc=17547264 nbytes=17547264
DBG io worker tier=0 rc=17547264 nbytes=17547264
DBG io chunk n=33554432 want=33554432
DBG io worker tier=0 rc=17547264 nbytes=17547264
DBG io worker tier=0 rc=17547264 nbytes=17547264
DBG io worker tier=0 rc=17547264 nbytes=17547264
DBG io chunk n=33554432 want=33554432
DBG io worker tier=0 rc=17547264 nbytes=17547264
DBG io worker tier=0 rc=17547264 nbytes=17547264
DBG io worker tier=0 rc=17547264 nbytes=17547264
DBG io chunk n=33554432 want=33554432
DBG io worker tier=0 rc=17547264 nbytes=17547264
DBG io worker tier=0 rc=17547264 nbytes=17547264
DBG io worker tier=0 rc=17547264 nbytes=17547264
DBG io chunk n=33554432 want=33554432
DBG io worker tier=0 rc=17547264 nbytes=17547264
DBG getmany L20 nw=16 wall=0.274s thr(out)1 thr(in)16 conc_peak=16 pread=2.374s
DBG io chunk n=33554432 want=33554432
DBG io chunk n=33554432 want=33554432
DBG io chunk n=33554432 want=33554432
DBG io chunk n=33554432 want=33554432
DBG io chunk n=33554432 want=33554432
DBG io chunk n=33554432 want=33554432
DBG io chunk n=33554432 want=33554432
DBG io chunk n=33554432 want=33554432
DBG io chunk n=33554432 want=33554432
DBG io chunk n=8028160 want=8028160
DBG io worker tier=0 rc=645562368 nbytes=645562368
DBG trunk load_run L=21 kio r=645562368 got=0 nbytes=645562368
DBG io submit tier=0 nbytes=645562368 qhead=0x7502c8000880
DBG io chunk n=33554432 want=33554432
DBG io chunk n=33554432 want=33554432
DBG io submit tier=0 nbytes=17547264 qhead=0x750338000880
DBG io submit tier=0 nbytes=17547264 qhead=0x750338000880
DBG io submit tier=0 nbytes=17547264 qhead=0x750338000880
DBG io submit tier=0 nbytes=17547264 qhead=0x750338000880
DBG io submit tier=0 nbytes=17547264 qhead=0x750338000880
DBG io submit tier=0 nbytes=17547264 qhead=0x750338000880
DBG io submit tier=0 nbytes=17547264 qhead=0x750338000880
DBG io submit tier=0 nbytes=17547264 qhead=0x750338000880
DBG io submit tier=0 nbytes=17547264 qhead=0x750338000880
DBG io submit tier=0 nbytes=17547264 qhead=0x750338000880
DBG io submit tier=0 nbytes=17547264 qhead=0x750338000880
DBG io submit tier=0 nbytes=17547264 qhead=0x750338000880
DBG io submit tier=0 nbytes=17547264 qhead=0x750338000880
DBG io submit tier=0 nbytes=17547264 qhead=0x750338000880
DBG io submit tier=0 nbytes=17547264 qhead=0x750338000880
DBG io submit tier=0 nbytes=17547264 qhead=0x75033c000880
DBG io chunk n=33554432 want=33554432
DBG io worker tier=0 rc=17547264 nbytes=17547264
DBG io worker tier=0 rc=17547264 nbytes=17547264
DBG io worker tier=0 rc=17547264 nbytes=17547264
DBG io chunk n=33554432 want=33554432
DBG io worker tier=0 rc=17547264 nbytes=17547264
DBG io worker tier=0 rc=17547264 nbytes=17547264
DBG io worker tier=0 rc=17547264 nbytes=17547264
DBG io chunk n=33554432 want=33554432
DBG io worker tier=0 rc=17547264 nbytes=17547264
DBG io worker tier=0 rc=17547264 nbytes=17547264
DBG io worker tier=0 rc=17547264 nbytes=17547264
DBG io chunk n=33554432 want=33554432
DBG io worker tier=0 rc=17547264 nbytes=17547264
DBG io worker tier=0 rc=17547264 nbytes=17547264
DBG io worker tier=0 rc=17547264 nbytes=17547264
DBG io worker tier=0 rc=17547264 nbytes=17547264
DBG io chunk n=33554432 want=33554432
DBG io worker tier=0 rc=17547264 nbytes=17547264
DBG io worker tier=0 rc=17547264 nbytes=17547264
DBG io worker tier=0 rc=17547264 nbytes=17547264
DBG getmany L21 nw=16 wall=0.254s thr(out)1 thr(in)16 conc_peak=16 pread=2.287s
DBG io chunk n=33554432 want=33554432
DBG io chunk n=33554432 want=33554432
DBG io chunk n=33554432 want=33554432
DBG io chunk n=33554432 want=33554432
DBG io chunk n=33554432 want=33554432
DBG io chunk n=33554432 want=33554432
DBG io chunk n=33554432 want=33554432
DBG io chunk n=33554432 want=33554432
DBG io chunk n=33554432 want=33554432
DBG io chunk n=33554432 want=33554432
DBG io chunk n=33554432 want=33554432
DBG io chunk n=33554432 want=33554432
DBG io chunk n=8028160 want=8028160
DBG io worker tier=0 rc=645562368 nbytes=645562368
DBG trunk load_run L=22 kio r=645562368 got=0 nbytes=645562368
DBG io submit tier=0 nbytes=431890432 qhead=0x7502c8000880
DBG io chunk n=33554432 want=33554432
DBG io chunk n=33554432 want=33554432
DBG io submit tier=0 nbytes=17547264 qhead=0x750338000880
DBG io submit tier=0 nbytes=17547264 qhead=0x608f420fa1f0
DBG io submit tier=0 nbytes=17547264 qhead=0x608f420fa1f0
DBG io submit tier=0 nbytes=17547264 qhead=0x608f420fa1f0
DBG io submit tier=0 nbytes=17547264 qhead=0x608f420fa1f0
DBG io submit tier=0 nbytes=17547264 qhead=0x608f420fa1f0
DBG io submit tier=0 nbytes=17547264 qhead=0x608f420fa1f0
DBG io submit tier=0 nbytes=17547264 qhead=0x608f420fa1f0
DBG io submit tier=0 nbytes=17547264 qhead=0x608f420fa1f0
DBG io submit tier=0 nbytes=17547264 qhead=0x608f420fa1f0
DBG io submit tier=0 nbytes=17547264 qhead=0x608f420fa1f0
DBG io submit tier=0 nbytes=17547264 qhead=0x608f420fa1f0
DBG io submit tier=0 nbytes=17547264 qhead=0x608f420fa1f0
DBG io submit tier=0 nbytes=17547264 qhead=0x608f420fa1f0
DBG io submit tier=0 nbytes=17547264 qhead=0x750318000880
DBG io submit tier=0 nbytes=17547264 qhead=0x750318000880
DBG io chunk n=33554432 want=33554432
DBG io worker tier=0 rc=17547264 nbytes=17547264
DBG io worker tier=0 rc=17547264 nbytes=17547264
DBG io worker tier=0 rc=17547264 nbytes=17547264
DBG io chunk n=33554432 want=33554432
DBG io worker tier=0 rc=17547264 nbytes=17547264
DBG io worker tier=0 rc=17547264 nbytes=17547264
DBG io worker tier=0 rc=17547264 nbytes=17547264
DBG io chunk n=33554432 want=33554432
DBG io worker tier=0 rc=17547264 nbytes=17547264
DBG io worker tier=0 rc=17547264 nbytes=17547264
DBG io worker tier=0 rc=17547264 nbytes=17547264
DBG io chunk n=33554432 want=33554432
DBG io worker tier=0 rc=17547264 nbytes=17547264
DBG io worker tier=0 rc=17547264 nbytes=17547264
DBG io worker tier=0 rc=17547264 nbytes=17547264
DBG io chunk n=33554432 want=33554432
DBG io worker tier=0 rc=17547264 nbytes=17547264
DBG io worker tier=0 rc=17547264 nbytes=17547264
DBG io worker tier=0 rc=17547264 nbytes=17547264
DBG io chunk n=33554432 want=33554432
DBG io worker tier=0 rc=17547264 nbytes=17547264
DBG getmany L22 nw=16 wall=0.276s thr(out)1 thr(in)16 conc_peak=16 pread=2.244s
DBG io chunk n=33554432 want=33554432
DBG io chunk n=33554432 want=33554432
DBG io chunk n=33554432 want=33554432
DBG io chunk n=33554432 want=33554432
DBG io chunk n=29237248 want=29237248
DBG io worker tier=0 rc=431890432 nbytes=431890432
DBG trunk load_run L=23 kio r=431890432 got=0 nbytes=431890432
DBG io submit tier=0 nbytes=645562368 qhead=0x7502c8000880
DBG io chunk n=33554432 want=33554432
DBG io chunk n=33554432 want=33554432
DBG io submit tier=0 nbytes=17547264 qhead=0x608f420fa1f0
DBG io submit tier=0 nbytes=17547264 qhead=0x75033c000880
DBG io submit tier=0 nbytes=17547264 qhead=0x75033c000880
DBG io submit tier=0 nbytes=17547264 qhead=0x75033c000880
DBG io submit tier=0 nbytes=17547264 qhead=0x75033c000880
DBG io submit tier=0 nbytes=17547264 qhead=0x75033c000880
DBG io submit tier=0 nbytes=17547264 qhead=0x75033c000880
DBG io submit tier=0 nbytes=17547264 qhead=0x75033c000880
DBG io submit tier=0 nbytes=17547264 qhead=0x75033c000880
DBG io submit tier=0 nbytes=17547264 qhead=0x75033c000880
DBG io submit tier=0 nbytes=17547264 qhead=0x75033c000880
DBG io submit tier=0 nbytes=17547264 qhead=0x75033c000880
DBG io submit tier=0 nbytes=17547264 qhead=0x75033c000880
DBG io submit tier=0 nbytes=17547264 qhead=0x75033c000880
DBG io submit tier=0 nbytes=17547264 qhead=0x75033c000880
DBG io submit tier=0 nbytes=17547264 qhead=0x750340000880
DBG io worker tier=0 rc=17547264 nbytes=17547264
DBG io chunk n=33554432 want=33554432
DBG io worker tier=0 rc=17547264 nbytes=17547264
DBG io worker tier=0 rc=17547264 nbytes=17547264
DBG io worker tier=0 rc=17547264 nbytes=17547264
DBG io chunk n=33554432 want=33554432
DBG io worker tier=0 rc=17547264 nbytes=17547264
DBG io worker tier=0 rc=17547264 nbytes=17547264
DBG io worker tier=0 rc=17547264 nbytes=17547264
DBG io chunk n=33554432 want=33554432
DBG io worker tier=0 rc=17547264 nbytes=17547264
DBG io worker tier=0 rc=17547264 nbytes=17547264
DBG io worker tier=0 rc=17547264 nbytes=17547264
DBG io chunk n=33554432 want=33554432
DBG io worker tier=0 rc=17547264 nbytes=17547264
DBG io worker tier=0 rc=17547264 nbytes=17547264
DBG io worker tier=0 rc=17547264 nbytes=17547264
DBG io chunk n=33554432 want=33554432
DBG io worker tier=0 rc=17547264 nbytes=17547264
DBG io worker tier=0 rc=17547264 nbytes=17547264
DBG io worker tier=0 rc=17547264 nbytes=17547264
DBG getmany L23 nw=16 wall=0.260s thr(out)1 thr(in)16 conc_peak=16 pread=2.325s
DBG io chunk n=33554432 want=33554432
DBG io chunk n=33554432 want=33554432
DBG io chunk n=33554432 want=33554432
DBG io chunk n=33554432 want=33554432
DBG io chunk n=33554432 want=33554432
DBG io chunk n=33554432 want=33554432
DBG io chunk n=33554432 want=33554432
DBG io chunk n=33554432 want=33554432
DBG io chunk n=33554432 want=33554432
DBG io chunk n=33554432 want=33554432
DBG io chunk n=33554432 want=33554432
DBG io chunk n=33554432 want=33554432
DBG io chunk n=8028160 want=8028160
DBG io worker tier=0 rc=645562368 nbytes=645562368
DBG trunk load_run L=24 kio r=645562368 got=0 nbytes=645562368
DBG io submit tier=0 nbytes=645562368 qhead=0x7502c8000880
DBG io chunk n=33554432 want=33554432
DBG io chunk n=33554432 want=33554432
DBG io submit tier=0 nbytes=17547264 qhead=0x7502e8000880
DBG io submit tier=0 nbytes=17547264 qhead=0x7502e8000880
DBG io submit tier=0 nbytes=17547264 qhead=0x7502e8000880
DBG io submit tier=0 nbytes=17547264 qhead=0x7502e8000880
DBG io submit tier=0 nbytes=17547264 qhead=0x7502e8000880
DBG io submit tier=0 nbytes=17547264 qhead=0x7502e8000880
DBG io submit tier=0 nbytes=17547264 qhead=0x7502e8000880
DBG io submit tier=0 nbytes=17547264 qhead=0x7502e8000880
DBG io submit tier=0 nbytes=17547264 qhead=0x7502e8000880
DBG io submit tier=0 nbytes=17547264 qhead=0x7502e8000880
DBG io submit tier=0 nbytes=17547264 qhead=0x7502e8000880
DBG io submit tier=0 nbytes=17547264 qhead=0x7502e8000880
DBG io submit tier=0 nbytes=17547264 qhead=0x7502e8000880
DBG io submit tier=0 nbytes=17547264 qhead=0x7502e8000880
DBG io submit tier=0 nbytes=17547264 qhead=0x7502e8000880
DBG io submit tier=0 nbytes=17547264 qhead=0x7502e8000880
DBG io chunk n=33554432 want=33554432
DBG io worker tier=0 rc=17547264 nbytes=17547264
DBG io worker tier=0 rc=17547264 nbytes=17547264
DBG io worker tier=0 rc=17547264 nbytes=17547264
DBG io chunk n=33554432 want=33554432
DBG io worker tier=0 rc=17547264 nbytes=17547264
DBG io worker tier=0 rc=17547264 nbytes=17547264
DBG io worker tier=0 rc=17547264 nbytes=17547264
DBG io chunk n=33554432 want=33554432
DBG io worker tier=0 rc=17547264 nbytes=17547264
DBG io worker tier=0 rc=17547264 nbytes=17547264
DBG io worker tier=0 rc=17547264 nbytes=17547264
DBG io chunk n=33554432 want=33554432
DBG io worker tier=0 rc=17547264 nbytes=17547264
DBG io worker tier=0 rc=17547264 nbytes=17547264
DBG io worker tier=0 rc=17547264 nbytes=17547264
DBG io chunk n=33554432 want=33554432
DBG io worker tier=0 rc=17547264 nbytes=17547264
DBG io worker tier=0 rc=17547264 nbytes=17547264
DBG io worker tier=0 rc=17547264 nbytes=17547264
DBG io chunk n=33554432 want=33554432
DBG io worker tier=0 rc=17547264 nbytes=17547264
DBG getmany L24 nw=16 wall=0.317s thr(out)1 thr(in)16 conc_peak=16 pread=2.700s
DBG io chunk n=33554432 want=33554432
DBG io chunk n=33554432 want=33554432
DBG io chunk n=33554432 want=33554432
DBG io chunk n=33554432 want=33554432
DBG io chunk n=33554432 want=33554432
DBG io chunk n=33554432 want=33554432
DBG io chunk n=33554432 want=33554432
DBG io chunk n=33554432 want=33554432
DBG io chunk n=33554432 want=33554432
DBG io chunk n=33554432 want=33554432
DBG io chunk n=33554432 want=33554432
DBG io chunk n=8028160 want=8028160
DBG io worker tier=0 rc=645562368 nbytes=645562368
DBG trunk load_run L=25 kio r=645562368 got=0 nbytes=645562368
DBG io submit tier=0 nbytes=645562368 qhead=0x7502c8000880
DBG io chunk n=33554432 want=33554432
DBG io chunk n=33554432 want=33554432
DBG io submit tier=0 nbytes=17547264 qhead=0x750308000880
DBG io submit tier=0 nbytes=17547264 qhead=0x608f420fa1f0
DBG io submit tier=0 nbytes=17547264 qhead=0x608f420fa1f0
DBG io submit tier=0 nbytes=17547264 qhead=0x608f420fa1f0
DBG io submit tier=0 nbytes=17547264 qhead=0x608f420fa1f0
DBG io submit tier=0 nbytes=17547264 qhead=0x608f420fa1f0
DBG io submit tier=0 nbytes=17547264 qhead=0x608f420fa1f0
DBG io submit tier=0 nbytes=17547264 qhead=0x608f420fa1f0
DBG io submit tier=0 nbytes=17547264 qhead=0x608f420fa1f0
DBG io submit tier=0 nbytes=17547264 qhead=0x608f420fa1f0
DBG io chunk n=33554432 want=33554432
DBG io submit tier=0 nbytes=17547264 qhead=0x608f420fa1f0
DBG io submit tier=0 nbytes=17547264 qhead=0x608f420fa1f0
DBG io submit tier=0 nbytes=17547264 qhead=0x608f420fa1f0
DBG io submit tier=0 nbytes=17547264 qhead=0x608f420fa1f0
DBG io submit tier=0 nbytes=17547264 qhead=0x750330000880
DBG io submit tier=0 nbytes=17547264 qhead=0x750330000880
DBG io worker tier=0 rc=17547264 nbytes=17547264
DBG io worker tier=0 rc=17547264 nbytes=17547264
DBG io chunk n=33554432 want=33554432
DBG io worker tier=0 rc=17547264 nbytes=17547264
DBG io worker tier=0 rc=17547264 nbytes=17547264
DBG io worker tier=0 rc=17547264 nbytes=17547264
DBG io chunk n=33554432 want=33554432
DBG io worker tier=0 rc=17547264 nbytes=17547264
DBG io worker tier=0 rc=17547264 nbytes=17547264
DBG io worker tier=0 rc=17547264 nbytes=17547264
DBG io chunk n=33554432 want=33554432
DBG io worker tier=0 rc=17547264 nbytes=17547264
DBG io worker tier=0 rc=17547264 nbytes=17547264
DBG io worker tier=0 rc=17547264 nbytes=17547264
DBG io chunk n=33554432 want=33554432
DBG io worker tier=0 rc=17547264 nbytes=17547264
DBG io worker tier=0 rc=17547264 nbytes=17547264
DBG io worker tier=0 rc=17547264 nbytes=17547264
DBG io chunk n=33554432 want=33554432
DBG io worker tier=0 rc=17547264 nbytes=17547264
DBG io worker tier=0 rc=17547264 nbytes=17547264
DBG getmany L25 nw=16 wall=0.301s thr(out)1 thr(in)16 conc_peak=16 pread=2.589s
DBG io chunk n=33554432 want=33554432
DBG io chunk n=33554432 want=33554432
DBG io chunk n=33554432 want=33554432
DBG io chunk n=33554432 want=33554432
DBG io chunk n=33554432 want=33554432
DBG io chunk n=33554432 want=33554432
DBG io chunk n=33554432 want=33554432
DBG io chunk n=33554432 want=33554432
DBG io chunk n=33554432 want=33554432
DBG io chunk n=33554432 want=33554432
DBG io chunk n=33554432 want=33554432
DBG io chunk n=8028160 want=8028160
DBG io worker tier=0 rc=645562368 nbytes=645562368
DBG trunk load_run L=26 kio r=645562368 got=0 nbytes=645562368
DBG io submit tier=0 nbytes=431890432 qhead=0x7502c8000880
DBG io chunk n=33554432 want=33554432
DBG io chunk n=33554432 want=33554432
DBG io submit tier=0 nbytes=17547264 qhead=0x75033c000880
DBG io submit tier=0 nbytes=17547264 qhead=0x75033c000880
DBG io submit tier=0 nbytes=17547264 qhead=0x75033c000880
DBG io submit tier=0 nbytes=17547264 qhead=0x75033c000880
DBG io submit tier=0 nbytes=17547264 qhead=0x75033c000880
DBG io submit tier=0 nbytes=17547264 qhead=0x75033c000880
DBG io submit tier=0 nbytes=17547264 qhead=0x75033c000880
DBG io submit tier=0 nbytes=17547264 qhead=0x75033c000880
DBG io submit tier=0 nbytes=17547264 qhead=0x75033c000880
DBG io submit tier=0 nbytes=17547264 qhead=0x75033c000880
DBG io submit tier=0 nbytes=17547264 qhead=0x75033c000880
DBG io submit tier=0 nbytes=17547264 qhead=0x75033c000880
DBG io submit tier=0 nbytes=17547264 qhead=0x75033c000880
DBG io submit tier=0 nbytes=17547264 qhead=0x75033c000880
DBG io submit tier=0 nbytes=17547264 qhead=0x75033c000880
DBG io submit tier=0 nbytes=17547264 qhead=0x750320000880
DBG io worker tier=0 rc=17547264 nbytes=17547264
DBG io worker tier=0 rc=17547264 nbytes=17547264
DBG io worker tier=0 rc=17547264 nbytes=17547264
DBG io worker tier=0 rc=17547264 nbytes=17547264
DBG io worker tier=0 rc=17547264 nbytes=17547264
DBG io worker tier=0 rc=17547264 nbytes=17547264
DBG io worker tier=0 rc=17547264 nbytes=17547264
DBG io worker tier=0 rc=17547264 nbytes=17547264
DBG io worker tier=0 rc=17547264 nbytes=17547264
DBG io worker tier=0 rc=17547264 nbytes=17547264
DBG io worker tier=0 rc=17547264 nbytes=17547264
DBG io worker tier=0 rc=17547264 nbytes=17547264
DBG io worker tier=0 rc=17547264 nbytes=17547264
DBG io worker tier=0 rc=17547264 nbytes=17547264
DBG io worker tier=0 rc=17547264 nbytes=17547264
DBG io chunk n=33554432 want=33554432
DBG io worker tier=0 rc=17547264 nbytes=17547264
DBG getmany L26 nw=16 wall=1.151s thr(out)1 thr(in)16 conc_peak=16 pread=2.536s
DBG io chunk n=33554432 want=33554432
DBG io chunk n=33554432 want=33554432
DBG io chunk n=33554432 want=33554432
DBG io chunk n=33554432 want=33554432
DBG io chunk n=33554432 want=33554432
DBG io chunk n=33554432 want=33554432
DBG io chunk n=33554432 want=33554432
DBG io chunk n=33554432 want=33554432
DBG io chunk n=33554432 want=33554432
DBG io chunk n=29237248 want=29237248
DBG io worker tier=0 rc=431890432 nbytes=431890432
DBG trunk load_run L=27 kio r=431890432 got=0 nbytes=431890432
DBG io submit tier=0 nbytes=645562368 qhead=0x7502c8000880
DBG io chunk n=33554432 want=33554432
DBG io submit tier=0 nbytes=17547264 qhead=0x608f420fa1f0
DBG io submit tier=0 nbytes=17547264 qhead=0x608f420fa1f0
DBG io submit tier=0 nbytes=17547264 qhead=0x608f420fa1f0
DBG io submit tier=0 nbytes=17547264 qhead=0x608f420fa1f0
DBG io submit tier=0 nbytes=17547264 qhead=0x608f420fa1f0
DBG io submit tier=0 nbytes=17547264 qhead=0x608f420fa1f0
DBG io submit tier=0 nbytes=17547264 qhead=0x608f420fa1f0
DBG io submit tier=0 nbytes=17547264 qhead=0x608f420fa1f0
DBG io submit tier=0 nbytes=17547264 qhead=0x608f420fa1f0
DBG io submit tier=0 nbytes=17547264 qhead=0x608f420fa1f0
DBG io submit tier=0 nbytes=17547264 qhead=0x608f420fa1f0
DBG io chunk n=33554432 want=33554432
DBG io submit tier=0 nbytes=17547264 qhead=0x608f420fa1f0
DBG io submit tier=0 nbytes=17547264 qhead=0x608f420fa1f0
DBG io submit tier=0 nbytes=17547264 qhead=0x608f420fa1f0
DBG io submit tier=0 nbytes=17547264 qhead=0x750308000880
DBG io submit tier=0 nbytes=17547264 qhead=0x750308000880
DBG io chunk n=33554432 want=33554432
DBG io worker tier=0 rc=17547264 nbytes=17547264
DBG io worker tier=0 rc=17547264 nbytes=17547264
DBG io worker tier=0 rc=17547264 nbytes=17547264
DBG io chunk n=33554432 want=33554432
DBG io worker tier=0 rc=17547264 nbytes=17547264
DBG io worker tier=0 rc=17547264 nbytes=17547264
DBG io worker tier=0 rc=17547264 nbytes=17547264
DBG io chunk n=33554432 want=33554432
DBG io worker tier=0 rc=17547264 nbytes=17547264
DBG io worker tier=0 rc=17547264 nbytes=17547264
DBG io worker tier=0 rc=17547264 nbytes=17547264
DBG io chunk n=33554432 want=33554432
DBG io worker tier=0 rc=17547264 nbytes=17547264
DBG io worker tier=0 rc=17547264 nbytes=17547264
DBG io worker tier=0 rc=17547264 nbytes=17547264
DBG io chunk n=33554432 want=33554432
DBG io worker tier=0 rc=17547264 nbytes=17547264
DBG io worker tier=0 rc=17547264 nbytes=17547264
DBG io worker tier=0 rc=17547264 nbytes=17547264
DBG io chunk n=33554432 want=33554432
DBG io worker tier=0 rc=17547264 nbytes=17547264
DBG getmany L27 nw=16 wall=0.283s thr(out)1 thr(in)16 conc_peak=16 pread=2.461s
DBG io chunk n=33554432 want=33554432
DBG io chunk n=33554432 want=33554432
DBG io chunk n=33554432 want=33554432
DBG io chunk n=33554432 want=33554432
DBG io chunk n=33554432 want=33554432
DBG io chunk n=33554432 want=33554432
DBG io chunk n=33554432 want=33554432
DBG io chunk n=33554432 want=33554432
DBG io chunk n=33554432 want=33554432
DBG io chunk n=33554432 want=33554432
DBG io chunk n=33554432 want=33554432
DBG io chunk n=8028160 want=8028160
DBG io worker tier=0 rc=645562368 nbytes=645562368
DBG trunk load_run L=28 kio r=645562368 got=0 nbytes=645562368
DBG io submit tier=0 nbytes=645562368 qhead=0x7502c8000880
DBG io submit tier=0 nbytes=17547264 qhead=0x608f420fa1f0
DBG io submit tier=0 nbytes=17547264 qhead=0x608f420fa1f0
DBG io submit tier=0 nbytes=17547264 qhead=0x608f420fa1f0
DBG io submit tier=0 nbytes=17547264 qhead=0x608f420fa1f0
DBG io submit tier=0 nbytes=17547264 qhead=0x608f420fa1f0
DBG io submit tier=0 nbytes=17547264 qhead=0x608f420fa1f0
DBG io submit tier=0 nbytes=17547264 qhead=0x608f420fa1f0
DBG io submit tier=0 nbytes=17547264 qhead=0x608f420fa1f0
DBG io submit tier=0 nbytes=17547264 qhead=0x608f420fa1f0
DBG io submit tier=0 nbytes=17547264 qhead=0x608f420fa1f0
DBG io submit tier=0 nbytes=17547264 qhead=0x608f420fa1f0
DBG io submit tier=0 nbytes=17547264 qhead=0x608f420fa1f0
DBG io submit tier=0 nbytes=17547264 qhead=0x608f420fa1f0
DBG io submit tier=0 nbytes=17547264 qhead=0x608f420fa1f0
DBG io submit tier=0 nbytes=17547264 qhead=0x608f420fa1f0
DBG io submit tier=0 nbytes=17547264 qhead=0x7502f0000880
DBG io worker tier=0 rc=17547264 nbytes=17547264
DBG io worker tier=0 rc=17547264 nbytes=17547264
DBG io worker tier=0 rc=17547264 nbytes=17547264
DBG io worker tier=0 rc=17547264 nbytes=17547264
DBG io worker tier=0 rc=17547264 nbytes=17547264
DBG io worker tier=0 rc=17547264 nbytes=17547264
DBG io worker tier=0 rc=17547264 nbytes=17547264
DBG io worker tier=0 rc=17547264 nbytes=17547264
DBG io worker tier=0 rc=17547264 nbytes=17547264
DBG io worker tier=0 rc=17547264 nbytes=17547264
DBG io worker tier=0 rc=17547264 nbytes=17547264
DBG io worker tier=0 rc=17547264 nbytes=17547264
DBG io worker tier=0 rc=17547264 nbytes=17547264
DBG io worker tier=0 rc=17547264 nbytes=17547264
DBG io worker tier=0 rc=17547264 nbytes=17547264
DBG io worker tier=0 rc=17547264 nbytes=17547264
DBG getmany L28 nw=16 wall=0.199s thr(out)1 thr(in)16 conc_peak=16 pread=1.546s
DBG io chunk n=33554432 want=33554432
DBG io chunk n=33554432 want=33554432
DBG io chunk n=33554432 want=33554432
DBG io chunk n=33554432 want=33554432
DBG io chunk n=33554432 want=33554432
DBG io chunk n=33554432 want=33554432
DBG io chunk n=33554432 want=33554432
DBG io chunk n=33554432 want=33554432
DBG io chunk n=33554432 want=33554432
DBG io chunk n=33554432 want=33554432
DBG io chunk n=33554432 want=33554432
DBG io chunk n=33554432 want=33554432
DBG io chunk n=33554432 want=33554432
DBG io chunk n=33554432 want=33554432
DBG io chunk n=33554432 want=33554432
DBG io chunk n=33554432 want=33554432
DBG io chunk n=33554432 want=33554432
DBG io chunk n=33554432 want=33554432
DBG io chunk n=33554432 want=33554432
DBG io chunk n=8028160 want=8028160
DBG io worker tier=0 rc=645562368 nbytes=645562368
DBG trunk load_run L=29 kio r=645562368 got=0 nbytes=645562368
DBG io submit tier=0 nbytes=645562368 qhead=0x7502c8000880
DBG io chunk n=33554432 want=33554432
DBG io chunk n=33554432 want=33554432
DBG io chunk n=33554432 want=33554432
DBG io submit tier=0 nbytes=17547264 qhead=0x7502e8000880
DBG io submit tier=0 nbytes=17547264 qhead=0x75031c000880
DBG io submit tier=0 nbytes=17547264 qhead=0x75031c000880
DBG io submit tier=0 nbytes=17547264 qhead=0x75031c000880
DBG io submit tier=0 nbytes=17547264 qhead=0x75031c000880
DBG io submit tier=0 nbytes=17547264 qhead=0x75031c000880
DBG io submit tier=0 nbytes=17547264 qhead=0x75031c000880
DBG io submit tier=0 nbytes=17547264 qhead=0x75031c000880
DBG io submit tier=0 nbytes=17547264 qhead=0x75031c000880
DBG io submit tier=0 nbytes=17547264 qhead=0x75031c000880
DBG io submit tier=0 nbytes=17547264 qhead=0x75031c000880
DBG io submit tier=0 nbytes=17547264 qhead=0x75031c000880
DBG io submit tier=0 nbytes=17547264 qhead=0x75031c000880
DBG io submit tier=0 nbytes=17547264 qhead=0x75031c000880
DBG io submit tier=0 nbytes=17547264 qhead=0x7502f0000880
DBG io submit tier=0 nbytes=17547264 qhead=0x750338000880
DBG io chunk n=33554432 want=33554432
DBG io worker tier=0 rc=17547264 nbytes=17547264
DBG io worker tier=0 rc=17547264 nbytes=17547264
DBG io worker tier=0 rc=17547264 nbytes=17547264
DBG io chunk n=33554432 want=33554432
DBG io worker tier=0 rc=17547264 nbytes=17547264
DBG io worker tier=0 rc=17547264 nbytes=17547264
DBG io worker tier=0 rc=17547264 nbytes=17547264
DBG io chunk n=33554432 want=33554432
DBG io worker tier=0 rc=17547264 nbytes=17547264
DBG io worker tier=0 rc=17547264 nbytes=17547264
DBG io worker tier=0 rc=17547264 nbytes=17547264
DBG io chunk n=33554432 want=33554432
DBG io worker tier=0 rc=17547264 nbytes=17547264
DBG io worker tier=0 rc=17547264 nbytes=17547264
DBG io worker tier=0 rc=17547264 nbytes=17547264
DBG io chunk n=33554432 want=33554432
DBG io worker tier=0 rc=17547264 nbytes=17547264
DBG io worker tier=0 rc=17547264 nbytes=17547264
DBG io worker tier=0 rc=17547264 nbytes=17547264
DBG io worker tier=0 rc=17547264 nbytes=17547264
DBG getmany L29 nw=16 wall=0.288s thr(out)1 thr(in)16 conc_peak=16 pread=2.459s
DBG io chunk n=33554432 want=33554432
DBG io chunk n=33554432 want=33554432
DBG io chunk n=33554432 want=33554432
DBG io chunk n=33554432 want=33554432
DBG io chunk n=33554432 want=33554432
DBG io chunk n=33554432 want=33554432
DBG io chunk n=33554432 want=33554432
DBG io chunk n=33554432 want=33554432
DBG io chunk n=33554432 want=33554432
DBG io chunk n=33554432 want=33554432
DBG io chunk n=33554432 want=33554432
DBG io chunk n=8028160 want=8028160
DBG io worker tier=0 rc=645562368 nbytes=645562368
DBG trunk load_run L=30 kio r=645562368 got=0 nbytes=645562368
DBG io submit tier=0 nbytes=431890432 qhead=0x7502c8000880
DBG io chunk n=33554432 want=33554432
DBG io submit tier=0 nbytes=17547264 qhead=0x750338000880
DBG io submit tier=0 nbytes=17547264 qhead=0x7502f8000880
DBG io submit tier=0 nbytes=17547264 qhead=0x7502f8000880
DBG io submit tier=0 nbytes=17547264 qhead=0x7502f8000880
DBG io submit tier=0 nbytes=17547264 qhead=0x7502f8000880
DBG io submit tier=0 nbytes=17547264 qhead=0x7502f8000880
DBG io submit tier=0 nbytes=17547264 qhead=0x7502f8000880
DBG io submit tier=0 nbytes=17547264 qhead=0x7502f8000880
DBG io submit tier=0 nbytes=17547264 qhead=0x7502f8000880
DBG io submit tier=0 nbytes=17547264 qhead=0x7502f8000880
DBG io submit tier=0 nbytes=17547264 qhead=0x7502f8000880
DBG io submit tier=0 nbytes=17547264 qhead=0x7502f8000880
DBG io submit tier=0 nbytes=17547264 qhead=0x7502f8000880
DBG io chunk n=33554432 want=33554432
DBG io submit tier=0 nbytes=17547264 qhead=0x7502f8000880
DBG io submit tier=0 nbytes=17547264 qhead=0x7502f8000880
DBG io submit tier=0 nbytes=17547264 qhead=0x7502e0000880
DBG io worker tier=0 rc=17547264 nbytes=17547264
DBG io worker tier=0 rc=17547264 nbytes=17547264
DBG io worker tier=0 rc=17547264 nbytes=17547264
DBG io chunk n=33554432 want=33554432
DBG io worker tier=0 rc=17547264 nbytes=17547264
DBG io worker tier=0 rc=17547264 nbytes=17547264
DBG io worker tier=0 rc=17547264 nbytes=17547264
DBG io chunk n=33554432 want=33554432
DBG io worker tier=0 rc=17547264 nbytes=17547264
DBG io worker tier=0 rc=17547264 nbytes=17547264
DBG io worker tier=0 rc=17547264 nbytes=17547264
DBG io worker tier=0 rc=17547264 nbytes=17547264
DBG io chunk n=33554432 want=33554432
DBG io worker tier=0 rc=17547264 nbytes=17547264
DBG io worker tier=0 rc=17547264 nbytes=17547264
DBG io worker tier=0 rc=17547264 nbytes=17547264
DBG io chunk n=33554432 want=33554432
DBG io worker tier=0 rc=17547264 nbytes=17547264
DBG io worker tier=0 rc=17547264 nbytes=17547264
DBG io worker tier=0 rc=17547264 nbytes=17547264
DBG getmany L30 nw=16 wall=0.279s thr(out)1 thr(in)16 conc_peak=16 pread=2.534s
DBG io chunk n=33554432 want=33554432
DBG io chunk n=33554432 want=33554432
DBG io chunk n=33554432 want=33554432
DBG io chunk n=33554432 want=33554432
DBG io chunk n=33554432 want=33554432
DBG io chunk n=33554432 want=33554432
DBG io chunk n=29237248 want=29237248
DBG io worker tier=0 rc=431890432 nbytes=431890432
DBG trunk load_run L=31 kio r=431890432 got=0 nbytes=431890432
DBG io submit tier=0 nbytes=645562368 qhead=0x7502c8000880
DBG io chunk n=33554432 want=33554432
DBG io submit tier=0 nbytes=17547264 qhead=0x750300000880
DBG io submit tier=0 nbytes=17547264 qhead=0x750300000880
DBG io submit tier=0 nbytes=17547264 qhead=0x750300000880
DBG io submit tier=0 nbytes=17547264 qhead=0x750300000880
DBG io submit tier=0 nbytes=17547264 qhead=0x750300000880
DBG io submit tier=0 nbytes=17547264 qhead=0x750300000880
DBG io submit tier=0 nbytes=17547264 qhead=0x750300000880
DBG io submit tier=0 nbytes=17547264 qhead=0x750300000880
DBG io submit tier=0 nbytes=17547264 qhead=0x750300000880
DBG io submit tier=0 nbytes=17547264 qhead=0x750300000880
DBG io submit tier=0 nbytes=17547264 qhead=0x750300000880
DBG io submit tier=0 nbytes=17547264 qhead=0x750300000880
DBG io submit tier=0 nbytes=17547264 qhead=0x750300000880
DBG io submit tier=0 nbytes=17547264 qhead=0x750300000880
DBG io submit tier=0 nbytes=17547264 qhead=0x750300000880
DBG io submit tier=0 nbytes=17547264 qhead=0x75031c000880
DBG io chunk n=33554432 want=33554432
DBG io worker tier=0 rc=17547264 nbytes=17547264
DBG io worker tier=0 rc=17547264 nbytes=17547264
DBG io worker tier=0 rc=17547264 nbytes=17547264
DBG io chunk n=33554432 want=33554432
DBG io worker tier=0 rc=17547264 nbytes=17547264
DBG io worker tier=0 rc=17547264 nbytes=17547264
DBG io worker tier=0 rc=17547264 nbytes=17547264
DBG io chunk n=33554432 want=33554432
DBG io worker tier=0 rc=17547264 nbytes=17547264
DBG io worker tier=0 rc=17547264 nbytes=17547264
DBG io worker tier=0 rc=17547264 nbytes=17547264
DBG io chunk n=33554432 want=33554432
DBG io worker tier=0 rc=17547264 nbytes=17547264
DBG io worker tier=0 rc=17547264 nbytes=17547264
DBG io worker tier=0 rc=17547264 nbytes=17547264
DBG io chunk n=33554432 want=33554432
DBG io worker tier=0 rc=17547264 nbytes=17547264
DBG io worker tier=0 rc=17547264 nbytes=17547264
DBG io worker tier=0 rc=17547264 nbytes=17547264
DBG io chunk n=33554432 want=33554432
DBG io worker tier=0 rc=17547264 nbytes=17547264
DBG getmany L31 nw=16 wall=0.305s thr(out)1 thr(in)16 conc_peak=16 pread=2.502s
DBG io chunk n=33554432 want=33554432
DBG io chunk n=33554432 want=33554432
DBG io chunk n=33554432 want=33554432
DBG io chunk n=33554432 want=33554432
DBG io chunk n=33554432 want=33554432
DBG io chunk n=33554432 want=33554432
DBG io chunk n=33554432 want=33554432
DBG io chunk n=33554432 want=33554432
DBG io chunk n=33554432 want=33554432
DBG io chunk n=33554432 want=33554432
DBG io chunk n=33554432 want=33554432
DBG io chunk n=33554432 want=33554432
DBG io chunk n=8028160 want=8028160
DBG io worker tier=0 rc=645562368 nbytes=645562368
DBG trunk load_run L=32 kio r=645562368 got=0 nbytes=645562368
DBG io submit tier=0 nbytes=645562368 qhead=0x7502c8000880
DBG io chunk n=33554432 want=33554432
DBG io chunk n=33554432 want=33554432
DBG io submit tier=0 nbytes=17547264 qhead=0x7502e0000880
DBG io submit tier=0 nbytes=17547264 qhead=0x7502f8000880
DBG io submit tier=0 nbytes=17547264 qhead=0x7502f8000880
DBG io submit tier=0 nbytes=17547264 qhead=0x7502f8000880
DBG io submit tier=0 nbytes=17547264 qhead=0x7502f8000880
DBG io submit tier=0 nbytes=17547264 qhead=0x7502f8000880
DBG io submit tier=0 nbytes=17547264 qhead=0x7502f8000880
DBG io submit tier=0 nbytes=17547264 qhead=0x7502f8000880
DBG io submit tier=0 nbytes=17547264 qhead=0x7502f8000880
DBG io submit tier=0 nbytes=17547264 qhead=0x7502f8000880
DBG io submit tier=0 nbytes=17547264 qhead=0x7502f8000880
DBG io submit tier=0 nbytes=17547264 qhead=0x7502f8000880
DBG io submit tier=0 nbytes=17547264 qhead=0x7502f8000880
DBG io submit tier=0 nbytes=17547264 qhead=0x750300000880
DBG io submit tier=0 nbytes=17547264 qhead=0x750300000880
DBG io submit tier=0 nbytes=17547264 qhead=0x750318000880
DBG io chunk n=33554432 want=33554432
DBG io worker tier=0 rc=17547264 nbytes=17547264
DBG io worker tier=0 rc=17547264 nbytes=17547264
DBG io worker tier=0 rc=17547264 nbytes=17547264
DBG io chunk n=33554432 want=33554432
DBG io worker tier=0 rc=17547264 nbytes=17547264
DBG io worker tier=0 rc=17547264 nbytes=17547264
DBG io worker tier=0 rc=17547264 nbytes=17547264
DBG io chunk n=33554432 want=33554432
DBG io worker tier=0 rc=17547264 nbytes=17547264
DBG io worker tier=0 rc=17547264 nbytes=17547264
DBG io worker tier=0 rc=17547264 nbytes=17547264
DBG io chunk n=33554432 want=33554432
DBG io worker tier=0 rc=17547264 nbytes=17547264
DBG io worker tier=0 rc=17547264 nbytes=17547264
DBG io worker tier=0 rc=17547264 nbytes=17547264
DBG io chunk n=33554432 want=33554432
DBG io worker tier=0 rc=17547264 nbytes=17547264
DBG io worker tier=0 rc=17547264 nbytes=17547264
DBG io worker tier=0 rc=17547264 nbytes=17547264
DBG io chunk n=33554432 want=33554432
DBG io worker tier=0 rc=17547264 nbytes=17547264
DBG getmany L32 nw=16 wall=0.276s thr(out)1 thr(in)16 conc_peak=16 pread=2.253s
DBG io chunk n=33554432 want=33554432
DBG io chunk n=33554432 want=33554432
DBG io chunk n=33554432 want=33554432
DBG io chunk n=33554432 want=33554432
DBG io chunk n=33554432 want=33554432
DBG io chunk n=33554432 want=33554432
DBG io chunk n=33554432 want=33554432
DBG io chunk n=33554432 want=33554432
DBG io chunk n=33554432 want=33554432
DBG io chunk n=33554432 want=33554432
DBG io chunk n=33554432 want=33554432
DBG io chunk n=8028160 want=8028160
DBG io worker tier=0 rc=645562368 nbytes=645562368
DBG trunk load_run L=33 kio r=645562368 got=0 nbytes=645562368
DBG io submit tier=0 nbytes=645562368 qhead=0x7502c8000880
DBG io chunk n=33554432 want=33554432
DBG io chunk n=33554432 want=33554432
DBG io submit tier=0 nbytes=17547264 qhead=0x750310000880
DBG io submit tier=0 nbytes=17547264 qhead=0x750310000880
DBG io submit tier=0 nbytes=17547264 qhead=0x750310000880
DBG io submit tier=0 nbytes=17547264 qhead=0x750310000880
DBG io submit tier=0 nbytes=17547264 qhead=0x750310000880
DBG io submit tier=0 nbytes=17547264 qhead=0x750310000880
DBG io chunk n=33554432 want=33554432
DBG io submit tier=0 nbytes=17547264 qhead=0x750310000880
DBG io submit tier=0 nbytes=17547264 qhead=0x750310000880
DBG io submit tier=0 nbytes=17547264 qhead=0x750310000880
DBG io submit tier=0 nbytes=17547264 qhead=0x750310000880
DBG io submit tier=0 nbytes=17547264 qhead=0x750310000880
DBG io submit tier=0 nbytes=17547264 qhead=0x750310000880
DBG io submit tier=0 nbytes=17547264 qhead=0x750310000880
DBG io submit tier=0 nbytes=17547264 qhead=0x750310000880
DBG io submit tier=0 nbytes=17547264 qhead=0x750310000880
DBG io submit tier=0 nbytes=17547264 qhead=0x608f420fa1f0
DBG io chunk n=33554432 want=33554432
DBG io worker tier=0 rc=17547264 nbytes=17547264
DBG io worker tier=0 rc=17547264 nbytes=17547264
DBG io worker tier=0 rc=17547264 nbytes=17547264
DBG io chunk n=33554432 want=33554432
DBG io worker tier=0 rc=17547264 nbytes=17547264
DBG io worker tier=0 rc=17547264 nbytes=17547264
DBG io worker tier=0 rc=17547264 nbytes=17547264
DBG io chunk n=33554432 want=33554432
DBG io worker tier=0 rc=17547264 nbytes=17547264
DBG io worker tier=0 rc=17547264 nbytes=17547264
DBG io worker tier=0 rc=17547264 nbytes=17547264
DBG io chunk n=33554432 want=33554432
DBG io worker tier=0 rc=17547264 nbytes=17547264
DBG io worker tier=0 rc=17547264 nbytes=17547264
DBG io worker tier=0 rc=17547264 nbytes=17547264
DBG io chunk n=33554432 want=33554432
DBG io worker tier=0 rc=17547264 nbytes=17547264
DBG io worker tier=0 rc=17547264 nbytes=17547264
DBG io worker tier=0 rc=17547264 nbytes=17547264
DBG io chunk n=33554432 want=33554432
DBG io worker tier=0 rc=17547264 nbytes=17547264
DBG getmany L33 nw=16 wall=0.307s thr(out)1 thr(in)16 conc_peak=16 pread=2.641s
DBG io chunk n=33554432 want=33554432
DBG io chunk n=33554432 want=33554432
DBG io chunk n=33554432 want=33554432
DBG io chunk n=33554432 want=33554432
DBG io chunk n=33554432 want=33554432
DBG io chunk n=33554432 want=33554432
DBG io chunk n=33554432 want=33554432
DBG io chunk n=33554432 want=33554432
DBG io chunk n=33554432 want=33554432
DBG io chunk n=33554432 want=33554432
DBG io chunk n=8028160 want=8028160
DBG io worker tier=0 rc=645562368 nbytes=645562368
DBG trunk load_run L=34 kio r=645562368 got=0 nbytes=645562368
DBG io submit tier=0 nbytes=431890432 qhead=0x7502c8000880
DBG io chunk n=33554432 want=33554432
DBG io submit tier=0 nbytes=17547264 qhead=0x750320000880
DBG io submit tier=0 nbytes=17547264 qhead=0x750328000880
DBG io submit tier=0 nbytes=17547264 qhead=0x750328000880
DBG io submit tier=0 nbytes=17547264 qhead=0x750328000880
DBG io submit tier=0 nbytes=17547264 qhead=0x750328000880
DBG io submit tier=0 nbytes=17547264 qhead=0x750328000880
DBG io submit tier=0 nbytes=17547264 qhead=0x750328000880
DBG io submit tier=0 nbytes=17547264 qhead=0x750328000880
DBG io submit tier=0 nbytes=17547264 qhead=0x750328000880
DBG io submit tier=0 nbytes=17547264 qhead=0x750328000880
DBG io submit tier=0 nbytes=17547264 qhead=0x750328000880
DBG io submit tier=0 nbytes=17547264 qhead=0x750328000880
DBG io submit tier=0 nbytes=17547264 qhead=0x750328000880
DBG io submit tier=0 nbytes=17547264 qhead=0x750328000880
DBG io submit tier=0 nbytes=17547264 qhead=0x7502f8000880
DBG io submit tier=0 nbytes=17547264 qhead=0x7502f8000880
DBG io chunk n=33554432 want=33554432
DBG io worker tier=0 rc=17547264 nbytes=17547264
DBG io worker tier=0 rc=17547264 nbytes=17547264
DBG io worker tier=0 rc=17547264 nbytes=17547264
DBG io chunk n=33554432 want=33554432
DBG io worker tier=0 rc=17547264 nbytes=17547264
DBG io worker tier=0 rc=17547264 nbytes=17547264
DBG io worker tier=0 rc=17547264 nbytes=17547264
DBG io chunk n=33554432 want=33554432
DBG io worker tier=0 rc=17547264 nbytes=17547264
DBG io worker tier=0 rc=17547264 nbytes=17547264
DBG io worker tier=0 rc=17547264 nbytes=17547264
DBG io chunk n=33554432 want=33554432
DBG io worker tier=0 rc=17547264 nbytes=17547264
DBG io worker tier=0 rc=17547264 nbytes=17547264
DBG io worker tier=0 rc=17547264 nbytes=17547264
DBG io chunk n=33554432 want=33554432
DBG io worker tier=0 rc=17547264 nbytes=17547264
DBG io worker tier=0 rc=17547264 nbytes=17547264
DBG io worker tier=0 rc=17547264 nbytes=17547264
DBG io chunk n=33554432 want=33554432
DBG io worker tier=0 rc=17547264 nbytes=17547264
DBG getmany L34 nw=16 wall=0.306s thr(out)1 thr(in)16 conc_peak=16 pread=2.585s
DBG io chunk n=33554432 want=33554432
DBG io chunk n=33554432 want=33554432
DBG io chunk n=33554432 want=33554432
DBG io chunk n=33554432 want=33554432
DBG io chunk n=33554432 want=33554432
DBG io chunk n=29237248 want=29237248
DBG io worker tier=0 rc=431890432 nbytes=431890432
DBG trunk load_run L=35 kio r=431890432 got=0 nbytes=431890432
DBG io submit tier=0 nbytes=645562368 qhead=0x7502c8000880
DBG io chunk n=33554432 want=33554432
DBG io chunk n=33554432 want=33554432
DBG io submit tier=0 nbytes=17547264 qhead=0x750338000880
DBG io submit tier=0 nbytes=17547264 qhead=0x608f420fa1f0
DBG io submit tier=0 nbytes=17547264 qhead=0x608f420fa1f0
DBG io submit tier=0 nbytes=17547264 qhead=0x608f420fa1f0
DBG io submit tier=0 nbytes=17547264 qhead=0x608f420fa1f0
DBG io submit tier=0 nbytes=17547264 qhead=0x608f420fa1f0
DBG io submit tier=0 nbytes=17547264 qhead=0x608f420fa1f0
DBG io submit tier=0 nbytes=17547264 qhead=0x608f420fa1f0
DBG io submit tier=0 nbytes=17547264 qhead=0x608f420fa1f0
DBG io submit tier=0 nbytes=17547264 qhead=0x608f420fa1f0
DBG io submit tier=0 nbytes=17547264 qhead=0x608f420fa1f0
DBG io submit tier=0 nbytes=17547264 qhead=0x608f420fa1f0
DBG io submit tier=0 nbytes=17547264 qhead=0x608f420fa1f0
DBG io submit tier=0 nbytes=17547264 qhead=0x608f420fa1f0
DBG io submit tier=0 nbytes=17547264 qhead=0x7502f8000880
DBG io submit tier=0 nbytes=17547264 qhead=0x7502f8000880
DBG io chunk n=33554432 want=33554432
DBG io worker tier=0 rc=17547264 nbytes=17547264
DBG io worker tier=0 rc=17547264 nbytes=17547264
DBG io worker tier=0 rc=17547264 nbytes=17547264
DBG io chunk n=33554432 want=33554432
DBG io worker tier=0 rc=17547264 nbytes=17547264
DBG io worker tier=0 rc=17547264 nbytes=17547264
DBG io worker tier=0 rc=17547264 nbytes=17547264
DBG io chunk n=33554432 want=33554432
DBG io worker tier=0 rc=17547264 nbytes=17547264
DBG io worker tier=0 rc=17547264 nbytes=17547264
DBG io worker tier=0 rc=17547264 nbytes=17547264
DBG io chunk n=33554432 want=33554432
DBG io worker tier=0 rc=17547264 nbytes=17547264
DBG io worker tier=0 rc=17547264 nbytes=17547264
DBG io worker tier=0 rc=17547264 nbytes=17547264
DBG io chunk n=33554432 want=33554432
DBG io worker tier=0 rc=17547264 nbytes=17547264
DBG io worker tier=0 rc=17547264 nbytes=17547264
DBG io worker tier=0 rc=17547264 nbytes=17547264
DBG io chunk n=33554432 want=33554432
DBG io worker tier=0 rc=17547264 nbytes=17547264
DBG getmany L35 nw=16 wall=0.311s thr(out)1 thr(in)16 conc_peak=16 pread=2.581s
DBG io chunk n=33554432 want=33554432
DBG io chunk n=33554432 want=33554432
DBG io chunk n=33554432 want=33554432
DBG io chunk n=33554432 want=33554432
DBG io chunk n=33554432 want=33554432
DBG io chunk n=33554432 want=33554432
DBG io chunk n=33554432 want=33554432
DBG io chunk n=33554432 want=33554432
DBG io chunk n=33554432 want=33554432
DBG io chunk n=33554432 want=33554432
DBG io chunk n=33554432 want=33554432
DBG io chunk n=8028160 want=8028160
DBG io worker tier=0 rc=645562368 nbytes=645562368
DBG trunk load_run L=36 kio r=645562368 got=0 nbytes=645562368
DBG io submit tier=0 nbytes=645562368 qhead=0x7502c8000880
DBG io chunk n=33554432 want=33554432
DBG io chunk n=33554432 want=33554432
DBG io submit tier=0 nbytes=17547264 qhead=0x75031c000880
DBG io submit tier=0 nbytes=17547264 qhead=0x750308000880
DBG io submit tier=0 nbytes=17547264 qhead=0x750308000880
DBG io submit tier=0 nbytes=17547264 qhead=0x750308000880
DBG io submit tier=0 nbytes=17547264 qhead=0x750308000880
DBG io submit tier=0 nbytes=17547264 qhead=0x750308000880
DBG io submit tier=0 nbytes=17547264 qhead=0x750308000880
DBG io submit tier=0 nbytes=17547264 qhead=0x750308000880
DBG io submit tier=0 nbytes=17547264 qhead=0x750308000880
DBG io submit tier=0 nbytes=17547264 qhead=0x750308000880
DBG io submit tier=0 nbytes=17547264 qhead=0x750308000880
DBG io submit tier=0 nbytes=17547264 qhead=0x750308000880
DBG io submit tier=0 nbytes=17547264 qhead=0x750308000880
DBG io submit tier=0 nbytes=17547264 qhead=0x750308000880
DBG io submit tier=0 nbytes=17547264 qhead=0x750328000880
DBG io submit tier=0 nbytes=17547264 qhead=0x750320000880
DBG io chunk n=33554432 want=33554432
DBG io worker tier=0 rc=17547264 nbytes=17547264
DBG io worker tier=0 rc=17547264 nbytes=17547264
DBG io worker tier=0 rc=17547264 nbytes=17547264
DBG io chunk n=33554432 want=33554432
DBG io worker tier=0 rc=17547264 nbytes=17547264
DBG io worker tier=0 rc=17547264 nbytes=17547264
DBG io worker tier=0 rc=17547264 nbytes=17547264
DBG io chunk n=33554432 want=33554432
DBG io worker tier=0 rc=17547264 nbytes=17547264
DBG io worker tier=0 rc=17547264 nbytes=17547264
DBG io worker tier=0 rc=17547264 nbytes=17547264
DBG io chunk n=33554432 want=33554432
DBG io worker tier=0 rc=17547264 nbytes=17547264
DBG io worker tier=0 rc=17547264 nbytes=17547264
DBG io worker tier=0 rc=17547264 nbytes=17547264
DBG io chunk n=33554432 want=33554432
DBG io worker tier=0 rc=17547264 nbytes=17547264
DBG io worker tier=0 rc=17547264 nbytes=17547264
DBG io worker tier=0 rc=17547264 nbytes=17547264
DBG io chunk n=33554432 want=33554432
DBG io worker tier=0 rc=17547264 nbytes=17547264
DBG getmany L36 nw=16 wall=0.304s thr(out)1 thr(in)16 conc_peak=16 pread=2.547s
DBG io chunk n=33554432 want=33554432
DBG io chunk n=33554432 want=33554432
DBG io chunk n=33554432 want=33554432
DBG io chunk n=33554432 want=33554432
DBG io chunk n=33554432 want=33554432
DBG io chunk n=33554432 want=33554432
DBG io chunk n=33554432 want=33554432
DBG io chunk n=33554432 want=33554432
DBG io chunk n=33554432 want=33554432
DBG io chunk n=33554432 want=33554432
DBG io chunk n=33554432 want=33554432
DBG io chunk n=8028160 want=8028160
DBG io worker tier=0 rc=645562368 nbytes=645562368
DBG trunk load_run L=37 kio r=645562368 got=0 nbytes=645562368
DBG io submit tier=0 nbytes=645562368 qhead=0x7502c8000880
DBG io chunk n=33554432 want=33554432
DBG io chunk n=33554432 want=33554432
DBG io chunk n=33554432 want=33554432
DBG io submit tier=0 nbytes=17547264 qhead=0x75031c000880
DBG io submit tier=0 nbytes=17547264 qhead=0x75031c000880
DBG io submit tier=0 nbytes=17547264 qhead=0x75031c000880
DBG io submit tier=0 nbytes=17547264 qhead=0x75031c000880
DBG io submit tier=0 nbytes=17547264 qhead=0x75031c000880
DBG io submit tier=0 nbytes=17547264 qhead=0x75031c000880
DBG io submit tier=0 nbytes=17547264 qhead=0x75031c000880
DBG io submit tier=0 nbytes=17547264 qhead=0x75031c000880
DBG io submit tier=0 nbytes=17547264 qhead=0x75031c000880
DBG io submit tier=0 nbytes=17547264 qhead=0x75031c000880
DBG io submit tier=0 nbytes=17547264 qhead=0x75031c000880
DBG io submit tier=0 nbytes=17547264 qhead=0x75031c000880
DBG io submit tier=0 nbytes=17547264 qhead=0x75031c000880
DBG io submit tier=0 nbytes=17547264 qhead=0x75031c000880
DBG io submit tier=0 nbytes=17547264 qhead=0x608f420fa1f0
DBG io submit tier=0 nbytes=17547264 qhead=0x608f420fa1f0
DBG io chunk n=33554432 want=33554432
DBG io worker tier=0 rc=17547264 nbytes=17547264
DBG io worker tier=0 rc=17547264 nbytes=17547264
DBG io worker tier=0 rc=17547264 nbytes=17547264
DBG io chunk n=33554432 want=33554432
DBG io worker tier=0 rc=17547264 nbytes=17547264
DBG io worker tier=0 rc=17547264 nbytes=17547264
DBG io worker tier=0 rc=17547264 nbytes=17547264
DBG io chunk n=33554432 want=33554432
DBG io worker tier=0 rc=17547264 nbytes=17547264
DBG io worker tier=0 rc=17547264 nbytes=17547264
DBG io worker tier=0 rc=17547264 nbytes=17547264
DBG io chunk n=33554432 want=33554432
DBG io worker tier=0 rc=17547264 nbytes=17547264
DBG io worker tier=0 rc=17547264 nbytes=17547264
DBG io worker tier=0 rc=17547264 nbytes=17547264
DBG io chunk n=33554432 want=33554432
DBG io worker tier=0 rc=17547264 nbytes=17547264
DBG io worker tier=0 rc=17547264 nbytes=17547264
DBG io worker tier=0 rc=17547264 nbytes=17547264
DBG io worker tier=0 rc=17547264 nbytes=17547264
DBG getmany L37 nw=16 wall=0.304s thr(out)1 thr(in)16 conc_peak=16 pread=2.628s
DBG io chunk n=33554432 want=33554432
DBG io chunk n=33554432 want=33554432
DBG io chunk n=33554432 want=33554432
DBG io chunk n=33554432 want=33554432
DBG io chunk n=33554432 want=33554432
DBG io chunk n=33554432 want=33554432
DBG io chunk n=33554432 want=33554432
DBG io chunk n=33554432 want=33554432
DBG io chunk n=33554432 want=33554432
DBG io chunk n=33554432 want=33554432
DBG io chunk n=33554432 want=33554432
DBG io chunk n=8028160 want=8028160
DBG io worker tier=0 rc=645562368 nbytes=645562368
DBG trunk load_run L=38 kio r=645562368 got=0 nbytes=645562368
DBG io submit tier=0 nbytes=431890432 qhead=0x7502c8000880
DBG io chunk n=33554432 want=33554432
DBG io chunk n=33554432 want=33554432
DBG io submit tier=0 nbytes=17547264 qhead=0x7502e8000880
DBG io submit tier=0 nbytes=17547264 qhead=0x7502e8000880
DBG io submit tier=0 nbytes=17547264 qhead=0x7502e8000880
DBG io submit tier=0 nbytes=17547264 qhead=0x7502e8000880
DBG io submit tier=0 nbytes=17547264 qhead=0x7502e8000880
DBG io submit tier=0 nbytes=17547264 qhead=0x7502e8000880
DBG io submit tier=0 nbytes=17547264 qhead=0x7502e8000880
DBG io submit tier=0 nbytes=17547264 qhead=0x7502e8000880
DBG io submit tier=0 nbytes=17547264 qhead=0x7502e8000880
DBG io submit tier=0 nbytes=17547264 qhead=0x7502e8000880
DBG io submit tier=0 nbytes=17547264 qhead=0x7502e8000880
DBG io submit tier=0 nbytes=17547264 qhead=0x7502e8000880
DBG io submit tier=0 nbytes=17547264 qhead=0x7502e8000880
DBG io submit tier=0 nbytes=17547264 qhead=0x7502e8000880
DBG io submit tier=0 nbytes=17547264 qhead=0x7502e8000880
DBG io submit tier=0 nbytes=17547264 qhead=0x7502e8000880
DBG io worker tier=0 rc=17547264 nbytes=17547264
DBG io worker tier=0 rc=17547264 nbytes=17547264
DBG io worker tier=0 rc=17547264 nbytes=17547264
DBG io chunk n=33554432 want=33554432
DBG io worker tier=0 rc=17547264 nbytes=17547264
DBG io worker tier=0 rc=17547264 nbytes=17547264
DBG io worker tier=0 rc=17547264 nbytes=17547264
DBG io chunk n=33554432 want=33554432
DBG io worker tier=0 rc=17547264 nbytes=17547264
DBG io worker tier=0 rc=17547264 nbytes=17547264
DBG io worker tier=0 rc=17547264 nbytes=17547264
DBG io chunk n=33554432 want=33554432
DBG io worker tier=0 rc=17547264 nbytes=17547264
DBG io worker tier=0 rc=17547264 nbytes=17547264
DBG io worker tier=0 rc=17547264 nbytes=17547264
DBG io chunk n=33554432 want=33554432
DBG io worker tier=0 rc=17547264 nbytes=17547264
DBG io worker tier=0 rc=17547264 nbytes=17547264
DBG io worker tier=0 rc=17547264 nbytes=17547264
DBG io chunk n=33554432 want=33554432
DBG io worker tier=0 rc=17547264 nbytes=17547264
DBG getmany L38 nw=16 wall=0.297s thr(out)1 thr(in)16 conc_peak=16 pread=2.414s
DBG io chunk n=33554432 want=33554432
DBG io chunk n=33554432 want=33554432
DBG io chunk n=33554432 want=33554432
DBG io chunk n=33554432 want=33554432
DBG io chunk n=33554432 want=33554432
DBG io chunk n=29237248 want=29237248
DBG io worker tier=0 rc=431890432 nbytes=431890432
DBG trunk load_run L=39 kio r=431890432 got=0 nbytes=431890432
DBG io submit tier=0 nbytes=645562368 qhead=0x7502c8000880
DBG io chunk n=33554432 want=33554432
DBG io chunk n=33554432 want=33554432
DBG io submit tier=0 nbytes=17547264 qhead=0x750318000880
DBG io submit tier=0 nbytes=17547264 qhead=0x750318000880
DBG io submit tier=0 nbytes=17547264 qhead=0x750318000880
DBG io submit tier=0 nbytes=17547264 qhead=0x750318000880
DBG io submit tier=0 nbytes=17547264 qhead=0x750318000880
DBG io submit tier=0 nbytes=17547264 qhead=0x750318000880
DBG io submit tier=0 nbytes=17547264 qhead=0x750318000880
DBG io submit tier=0 nbytes=17547264 qhead=0x750318000880
DBG io submit tier=0 nbytes=17547264 qhead=0x750318000880
DBG io submit tier=0 nbytes=17547264 qhead=0x750318000880
DBG io submit tier=0 nbytes=17547264 qhead=0x750318000880
DBG io submit tier=0 nbytes=17547264 qhead=0x750318000880
DBG io submit tier=0 nbytes=17547264 qhead=0x750318000880
DBG io submit tier=0 nbytes=17547264 qhead=0x750318000880
DBG io submit tier=0 nbytes=17547264 qhead=0x750318000880
DBG io submit tier=0 nbytes=17547264 qhead=0x7502e0000880
DBG io chunk n=33554432 want=33554432
DBG io worker tier=0 rc=17547264 nbytes=17547264
DBG io worker tier=0 rc=17547264 nbytes=17547264
DBG io worker tier=0 rc=17547264 nbytes=17547264
DBG io chunk n=33554432 want=33554432
DBG io worker tier=0 rc=17547264 nbytes=17547264
DBG io worker tier=0 rc=17547264 nbytes=17547264
DBG io worker tier=0 rc=17547264 nbytes=17547264
DBG io chunk n=33554432 want=33554432
DBG io worker tier=0 rc=17547264 nbytes=17547264
DBG io worker tier=0 rc=17547264 nbytes=17547264
DBG io worker tier=0 rc=17547264 nbytes=17547264
DBG io chunk n=33554432 want=33554432
DBG io worker tier=0 rc=17547264 nbytes=17547264
DBG io worker tier=0 rc=17547264 nbytes=17547264
DBG io worker tier=0 rc=17547264 nbytes=17547264
DBG io chunk n=33554432 want=33554432
DBG io worker tier=0 rc=17547264 nbytes=17547264
DBG io worker tier=0 rc=17547264 nbytes=17547264
DBG io worker tier=0 rc=17547264 nbytes=17547264
DBG io chunk n=33554432 want=33554432
DBG io worker tier=0 rc=17547264 nbytes=17547264
DBG getmany L39 nw=16 wall=0.307s thr(out)1 thr(in)16 conc_peak=16 pread=2.437s
DBG io chunk n=33554432 want=33554432
DBG io chunk n=33554432 want=33554432
DBG io chunk n=33554432 want=33554432
DBG io chunk n=33554432 want=33554432
DBG io chunk n=33554432 want=33554432
DBG io chunk n=33554432 want=33554432
DBG io chunk n=33554432 want=33554432
DBG io chunk n=33554432 want=33554432
DBG io chunk n=33554432 want=33554432
DBG io chunk n=33554432 want=33554432
DBG io chunk n=33554432 want=33554432
DBG io chunk n=8028160 want=8028160
DBG io worker tier=0 rc=645562368 nbytes=645562368
DBG trunk load_run L=40 kio r=645562368 got=0 nbytes=645562368
DBG io submit tier=0 nbytes=645562368 qhead=0x7502c8000880
DBG io chunk n=33554432 want=33554432
DBG io chunk n=33554432 want=33554432
DBG io submit tier=0 nbytes=17547264 qhead=0x75031c000880
DBG io submit tier=0 nbytes=17547264 qhead=0x75031c000880
DBG io submit tier=0 nbytes=17547264 qhead=0x75031c000880
DBG io submit tier=0 nbytes=17547264 qhead=0x75031c000880
DBG io submit tier=0 nbytes=17547264 qhead=0x75031c000880
DBG io submit tier=0 nbytes=17547264 qhead=0x75031c000880
DBG io submit tier=0 nbytes=17547264 qhead=0x75031c000880
DBG io submit tier=0 nbytes=17547264 qhead=0x75031c000880
DBG io submit tier=0 nbytes=17547264 qhead=0x75031c000880
DBG io submit tier=0 nbytes=17547264 qhead=0x75031c000880
DBG io submit tier=0 nbytes=17547264 qhead=0x75031c000880
DBG io submit tier=0 nbytes=17547264 qhead=0x75031c000880
DBG io submit tier=0 nbytes=17547264 qhead=0x75031c000880
DBG io submit tier=0 nbytes=17547264 qhead=0x75031c000880
DBG io submit tier=0 nbytes=17547264 qhead=0x75031c000880
DBG io submit tier=0 nbytes=17547264 qhead=0x750318000880
DBG io chunk n=33554432 want=33554432
DBG io worker tier=0 rc=17547264 nbytes=17547264
DBG io worker tier=0 rc=17547264 nbytes=17547264
DBG io worker tier=0 rc=17547264 nbytes=17547264
DBG io chunk n=33554432 want=33554432
DBG io worker tier=0 rc=17547264 nbytes=17547264
DBG io worker tier=0 rc=17547264 nbytes=17547264
DBG io worker tier=0 rc=17547264 nbytes=17547264
DBG io chunk n=33554432 want=33554432
DBG io worker tier=0 rc=17547264 nbytes=17547264
DBG io worker tier=0 rc=17547264 nbytes=17547264
DBG io worker tier=0 rc=17547264 nbytes=17547264
DBG io chunk n=33554432 want=33554432
DBG io worker tier=0 rc=17547264 nbytes=17547264
DBG io worker tier=0 rc=17547264 nbytes=17547264
DBG io worker tier=0 rc=17547264 nbytes=17547264
DBG io chunk n=33554432 want=33554432
DBG io worker tier=0 rc=17547264 nbytes=17547264
DBG io worker tier=0 rc=17547264 nbytes=17547264
DBG io worker tier=0 rc=17547264 nbytes=17547264
DBG io chunk n=33554432 want=33554432
DBG io worker tier=0 rc=17547264 nbytes=17547264
DBG getmany L40 nw=16 wall=0.322s thr(out)1 thr(in)16 conc_peak=16 pread=2.724s
DBG io chunk n=33554432 want=33554432
DBG io chunk n=33554432 want=33554432
DBG io chunk n=33554432 want=33554432
DBG io chunk n=33554432 want=33554432
DBG io chunk n=33554432 want=33554432
DBG io chunk n=33554432 want=33554432
DBG io chunk n=33554432 want=33554432
DBG io chunk n=33554432 want=33554432
DBG io chunk n=33554432 want=33554432
DBG io chunk n=33554432 want=33554432
DBG io chunk n=33554432 want=33554432
DBG io chunk n=8028160 want=8028160
DBG io worker tier=0 rc=645562368 nbytes=645562368
DBG trunk load_run L=41 kio r=645562368 got=0 nbytes=645562368
DBG io submit tier=0 nbytes=645562368 qhead=0x7502c8000880
DBG io chunk n=33554432 want=33554432
DBG io chunk n=33554432 want=33554432
DBG io chunk n=33554432 want=33554432
DBG io submit tier=0 nbytes=17547264 qhead=0x750340000880
DBG io submit tier=0 nbytes=17547264 qhead=0x750308000880
DBG io submit tier=0 nbytes=17547264 qhead=0x750308000880
DBG io submit tier=0 nbytes=17547264 qhead=0x750308000880
DBG io submit tier=0 nbytes=17547264 qhead=0x750308000880
DBG io submit tier=0 nbytes=17547264 qhead=0x750308000880
DBG io submit tier=0 nbytes=17547264 qhead=0x750308000880
DBG io submit tier=0 nbytes=17547264 qhead=0x750308000880
DBG io submit tier=0 nbytes=17547264 qhead=0x750308000880
DBG io submit tier=0 nbytes=17547264 qhead=0x750308000880
DBG io submit tier=0 nbytes=17547264 qhead=0x750308000880
DBG io submit tier=0 nbytes=17547264 qhead=0x750308000880
DBG io submit tier=0 nbytes=17547264 qhead=0x750308000880
DBG io submit tier=0 nbytes=17547264 qhead=0x750308000880
DBG io submit tier=0 nbytes=17547264 qhead=0x750308000880
DBG io submit tier=0 nbytes=17547264 qhead=0x750330000880
DBG io chunk n=33554432 want=33554432
DBG io worker tier=0 rc=17547264 nbytes=17547264
DBG io worker tier=0 rc=17547264 nbytes=17547264
DBG io worker tier=0 rc=17547264 nbytes=17547264
DBG io chunk n=33554432 want=33554432
DBG io worker tier=0 rc=17547264 nbytes=17547264
DBG io worker tier=0 rc=17547264 nbytes=17547264
DBG io worker tier=0 rc=17547264 nbytes=17547264
DBG io chunk n=33554432 want=33554432
DBG io worker tier=0 rc=17547264 nbytes=17547264
DBG io worker tier=0 rc=17547264 nbytes=17547264
DBG io worker tier=0 rc=17547264 nbytes=17547264
DBG io chunk n=33554432 want=33554432
DBG io worker tier=0 rc=17547264 nbytes=17547264
DBG io worker tier=0 rc=17547264 nbytes=17547264
DBG io worker tier=0 rc=17547264 nbytes=17547264
DBG io chunk n=33554432 want=33554432
DBG io worker tier=0 rc=17547264 nbytes=17547264
DBG io worker tier=0 rc=17547264 nbytes=17547264
DBG io worker tier=0 rc=17547264 nbytes=17547264
DBG io chunk n=33554432 want=33554432
DBG io worker tier=0 rc=17547264 nbytes=17547264
DBG getmany L41 nw=16 wall=0.289s thr(out)1 thr(in)16 conc_peak=16 pread=2.492s
DBG io chunk n=33554432 want=33554432
DBG io chunk n=33554432 want=33554432
DBG io chunk n=33554432 want=33554432
DBG io chunk n=33554432 want=33554432
DBG io chunk n=33554432 want=33554432
DBG io chunk n=33554432 want=33554432
DBG io chunk n=33554432 want=33554432
DBG io chunk n=33554432 want=33554432
DBG io chunk n=33554432 want=33554432
DBG io chunk n=33554432 want=33554432
DBG io chunk n=8028160 want=8028160
DBG io worker tier=0 rc=645562368 nbytes=645562368
DBG trunk load_run L=42 kio r=645562368 got=0 nbytes=645562368
DBG io submit tier=0 nbytes=431890432 qhead=0x7502c8000880
DBG io chunk n=33554432 want=33554432
DBG io chunk n=33554432 want=33554432
DBG io submit tier=0 nbytes=17547264 qhead=0x750328000880
DBG io submit tier=0 nbytes=17547264 qhead=0x750328000880
DBG io submit tier=0 nbytes=17547264 qhead=0x750328000880
DBG io submit tier=0 nbytes=17547264 qhead=0x750328000880
DBG io submit tier=0 nbytes=17547264 qhead=0x750328000880
DBG io submit tier=0 nbytes=17547264 qhead=0x750328000880
DBG io submit tier=0 nbytes=17547264 qhead=0x750328000880
DBG io submit tier=0 nbytes=17547264 qhead=0x750328000880
DBG io submit tier=0 nbytes=17547264 qhead=0x750328000880
DBG io submit tier=0 nbytes=17547264 qhead=0x750328000880
DBG io submit tier=0 nbytes=17547264 qhead=0x750328000880
DBG io submit tier=0 nbytes=17547264 qhead=0x750328000880
DBG io submit tier=0 nbytes=17547264 qhead=0x750328000880
DBG io submit tier=0 nbytes=17547264 qhead=0x750328000880
DBG io submit tier=0 nbytes=17547264 qhead=0x750328000880
DBG io submit tier=0 nbytes=17547264 qhead=0x750308000880
DBG io chunk n=33554432 want=33554432
DBG io worker tier=0 rc=17547264 nbytes=17547264
DBG io worker tier=0 rc=17547264 nbytes=17547264
DBG io worker tier=0 rc=17547264 nbytes=17547264
DBG io chunk n=33554432 want=33554432
DBG io worker tier=0 rc=17547264 nbytes=17547264
DBG io worker tier=0 rc=17547264 nbytes=17547264
DBG io worker tier=0 rc=17547264 nbytes=17547264
DBG io chunk n=33554432 want=33554432
DBG io worker tier=0 rc=17547264 nbytes=17547264
DBG io worker tier=0 rc=17547264 nbytes=17547264
DBG io worker tier=0 rc=17547264 nbytes=17547264
DBG io chunk n=33554432 want=33554432
DBG io worker tier=0 rc=17547264 nbytes=17547264
DBG io worker tier=0 rc=17547264 nbytes=17547264
DBG io worker tier=0 rc=17547264 nbytes=17547264
DBG io chunk n=33554432 want=33554432
DBG io worker tier=0 rc=17547264 nbytes=17547264
DBG io worker tier=0 rc=17547264 nbytes=17547264
DBG io worker tier=0 rc=17547264 nbytes=17547264
DBG io chunk n=33554432 want=33554432
DBG io worker tier=0 rc=17547264 nbytes=17547264
DBG getmany L42 nw=16 wall=0.316s thr(out)1 thr(in)16 conc_peak=16 pread=2.710s
DBG io chunk n=33554432 want=33554432
DBG io chunk n=33554432 want=33554432
DBG io chunk n=33554432 want=33554432
DBG io chunk n=33554432 want=33554432
DBG io chunk n=29237248 want=29237248
DBG io worker tier=0 rc=431890432 nbytes=431890432
DBG trunk load_run L=43 kio r=431890432 got=0 nbytes=431890432
DBG io submit tier=0 nbytes=645562368 qhead=0x7502c8000880
DBG io chunk n=33554432 want=33554432
DBG io submit tier=0 nbytes=17547264 qhead=0x7502e0000880
DBG io submit tier=0 nbytes=17547264 qhead=0x750310000880
DBG io submit tier=0 nbytes=17547264 qhead=0x750310000880
DBG io submit tier=0 nbytes=17547264 qhead=0x750310000880
DBG io submit tier=0 nbytes=17547264 qhead=0x750310000880
DBG io submit tier=0 nbytes=17547264 qhead=0x750310000880
DBG io submit tier=0 nbytes=17547264 qhead=0x750310000880
DBG io submit tier=0 nbytes=17547264 qhead=0x750310000880
DBG io submit tier=0 nbytes=17547264 qhead=0x750310000880
DBG io submit tier=0 nbytes=17547264 qhead=0x750310000880
DBG io submit tier=0 nbytes=17547264 qhead=0x750310000880
DBG io submit tier=0 nbytes=17547264 qhead=0x750310000880
DBG io submit tier=0 nbytes=17547264 qhead=0x750310000880
DBG io submit tier=0 nbytes=17547264 qhead=0x750310000880
DBG io submit tier=0 nbytes=17547264 qhead=0x750310000880
DBG io submit tier=0 nbytes=17547264 qhead=0x750328000880
DBG io chunk n=33554432 want=33554432
DBG io worker tier=0 rc=17547264 nbytes=17547264
DBG io worker tier=0 rc=17547264 nbytes=17547264
DBG io worker tier=0 rc=17547264 nbytes=17547264
DBG io chunk n=33554432 want=33554432
DBG io worker tier=0 rc=17547264 nbytes=17547264
DBG io worker tier=0 rc=17547264 nbytes=17547264
DBG io worker tier=0 rc=17547264 nbytes=17547264
DBG io chunk n=33554432 want=33554432
DBG io worker tier=0 rc=17547264 nbytes=17547264
DBG io worker tier=0 rc=17547264 nbytes=17547264
DBG io worker tier=0 rc=17547264 nbytes=17547264
DBG io chunk n=33554432 want=33554432
DBG io worker tier=0 rc=17547264 nbytes=17547264
DBG io worker tier=0 rc=17547264 nbytes=17547264
DBG io worker tier=0 rc=17547264 nbytes=17547264
DBG io chunk n=33554432 want=33554432
DBG io worker tier=0 rc=17547264 nbytes=17547264
DBG io worker tier=0 rc=17547264 nbytes=17547264
DBG io worker tier=0 rc=17547264 nbytes=17547264
DBG io chunk n=33554432 want=33554432
DBG io worker tier=0 rc=17547264 nbytes=17547264
DBG getmany L43 nw=16 wall=0.292s thr(out)1 thr(in)16 conc_peak=16 pread=2.332s
DBG io chunk n=33554432 want=33554432
DBG io chunk n=33554432 want=33554432
DBG io chunk n=33554432 want=33554432
DBG io chunk n=33554432 want=33554432
DBG io chunk n=33554432 want=33554432
DBG io chunk n=33554432 want=33554432
DBG io chunk n=33554432 want=33554432
DBG io chunk n=33554432 want=33554432
DBG io chunk n=33554432 want=33554432
DBG io chunk n=33554432 want=33554432
DBG io chunk n=33554432 want=33554432
DBG io chunk n=33554432 want=33554432
DBG io chunk n=8028160 want=8028160
DBG io worker tier=0 rc=645562368 nbytes=645562368
DBG trunk load_run L=44 kio r=645562368 got=0 nbytes=645562368
DBG io submit tier=0 nbytes=645562368 qhead=0x7502c8000880
DBG io chunk n=33554432 want=33554432
DBG io chunk n=33554432 want=33554432
DBG io submit tier=0 nbytes=17547264 qhead=0x7502f8000880
DBG io submit tier=0 nbytes=17547264 qhead=0x7502f8000880
DBG io submit tier=0 nbytes=17547264 qhead=0x7502f8000880
DBG io submit tier=0 nbytes=17547264 qhead=0x7502f8000880
DBG io submit tier=0 nbytes=17547264 qhead=0x7502f8000880
DBG io submit tier=0 nbytes=17547264 qhead=0x7502f8000880
DBG io submit tier=0 nbytes=17547264 qhead=0x7502f8000880
DBG io submit tier=0 nbytes=17547264 qhead=0x7502f8000880
DBG io submit tier=0 nbytes=17547264 qhead=0x7502f8000880
DBG io submit tier=0 nbytes=17547264 qhead=0x7502f8000880
DBG io submit tier=0 nbytes=17547264 qhead=0x7502f8000880
DBG io submit tier=0 nbytes=17547264 qhead=0x7502f8000880
DBG io submit tier=0 nbytes=17547264 qhead=0x7502f8000880
DBG io submit tier=0 nbytes=17547264 qhead=0x7502f8000880
DBG io submit tier=0 nbytes=17547264 qhead=0x7502f8000880
DBG io submit tier=0 nbytes=17547264 qhead=0x7502f0000880
DBG io chunk n=33554432 want=33554432
DBG io worker tier=0 rc=17547264 nbytes=17547264
DBG io worker tier=0 rc=17547264 nbytes=17547264
DBG io worker tier=0 rc=17547264 nbytes=17547264
DBG io chunk n=33554432 want=33554432
DBG io worker tier=0 rc=17547264 nbytes=17547264
DBG io worker tier=0 rc=17547264 nbytes=17547264
DBG io worker tier=0 rc=17547264 nbytes=17547264
DBG io chunk n=33554432 want=33554432
DBG io worker tier=0 rc=17547264 nbytes=17547264
DBG io worker tier=0 rc=17547264 nbytes=17547264
DBG io worker tier=0 rc=17547264 nbytes=17547264
DBG io chunk n=33554432 want=33554432
DBG io worker tier=0 rc=17547264 nbytes=17547264
DBG io worker tier=0 rc=17547264 nbytes=17547264
DBG io worker tier=0 rc=17547264 nbytes=17547264
DBG io chunk n=33554432 want=33554432
DBG io worker tier=0 rc=17547264 nbytes=17547264
DBG io worker tier=0 rc=17547264 nbytes=17547264
DBG io worker tier=0 rc=17547264 nbytes=17547264
DBG io chunk n=33554432 want=33554432
DBG io worker tier=0 rc=17547264 nbytes=17547264
DBG getmany L44 nw=16 wall=0.289s thr(out)1 thr(in)16 conc_peak=16 pread=2.444s
DBG io chunk n=33554432 want=33554432
DBG io chunk n=33554432 want=33554432
DBG io chunk n=33554432 want=33554432
DBG io chunk n=33554432 want=33554432
DBG io chunk n=33554432 want=33554432
DBG io chunk n=33554432 want=33554432
DBG io chunk n=33554432 want=33554432
DBG io chunk n=33554432 want=33554432
DBG io chunk n=33554432 want=33554432
DBG io chunk n=33554432 want=33554432
DBG io chunk n=33554432 want=33554432
DBG io chunk n=8028160 want=8028160
DBG io worker tier=0 rc=645562368 nbytes=645562368
DBG trunk load_run L=45 kio r=645562368 got=0 nbytes=645562368
DBG io submit tier=0 nbytes=645562368 qhead=0x7502c8000880
DBG io chunk n=33554432 want=33554432
DBG io chunk n=33554432 want=33554432
DBG io submit tier=0 nbytes=17547264 qhead=0x750340000880
DBG io submit tier=0 nbytes=17547264 qhead=0x750340000880
DBG io submit tier=0 nbytes=17547264 qhead=0x750340000880
DBG io submit tier=0 nbytes=17547264 qhead=0x750340000880
DBG io submit tier=0 nbytes=17547264 qhead=0x750340000880
DBG io submit tier=0 nbytes=17547264 qhead=0x750340000880
DBG io submit tier=0 nbytes=17547264 qhead=0x750340000880
DBG io submit tier=0 nbytes=17547264 qhead=0x750340000880
DBG io submit tier=0 nbytes=17547264 qhead=0x750340000880
DBG io submit tier=0 nbytes=17547264 qhead=0x750340000880
DBG io submit tier=0 nbytes=17547264 qhead=0x750340000880
DBG io submit tier=0 nbytes=17547264 qhead=0x750340000880
DBG io submit tier=0 nbytes=17547264 qhead=0x750340000880
DBG io submit tier=0 nbytes=17547264 qhead=0x750340000880
DBG io submit tier=0 nbytes=17547264 qhead=0x750340000880
DBG io submit tier=0 nbytes=17547264 qhead=0x750340000880
DBG io chunk n=33554432 want=33554432
DBG io worker tier=0 rc=17547264 nbytes=17547264
DBG io worker tier=0 rc=17547264 nbytes=17547264
DBG io worker tier=0 rc=17547264 nbytes=17547264
DBG io chunk n=33554432 want=33554432
DBG io worker tier=0 rc=17547264 nbytes=17547264
DBG io worker tier=0 rc=17547264 nbytes=17547264
DBG io worker tier=0 rc=17547264 nbytes=17547264
DBG io chunk n=33554432 want=33554432
DBG io worker tier=0 rc=17547264 nbytes=17547264
DBG io worker tier=0 rc=17547264 nbytes=17547264
DBG io worker tier=0 rc=17547264 nbytes=17547264
DBG io chunk n=33554432 want=33554432
DBG io worker tier=0 rc=17547264 nbytes=17547264
DBG io worker tier=0 rc=17547264 nbytes=17547264
DBG io worker tier=0 rc=17547264 nbytes=17547264
DBG io chunk n=33554432 want=33554432
DBG io worker tier=0 rc=17547264 nbytes=17547264
DBG io worker tier=0 rc=17547264 nbytes=17547264
DBG io worker tier=0 rc=17547264 nbytes=17547264
DBG io chunk n=33554432 want=33554432
DBG io worker tier=0 rc=17547264 nbytes=17547264
DBG getmany L45 nw=16 wall=0.290s thr(out)1 thr(in)16 conc_peak=16 pread=2.364s
DBG io chunk n=33554432 want=33554432
DBG io chunk n=33554432 want=33554432
DBG io chunk n=33554432 want=33554432
DBG io chunk n=33554432 want=33554432
DBG io chunk n=33554432 want=33554432
DBG io chunk n=33554432 want=33554432
DBG io chunk n=33554432 want=33554432
DBG io chunk n=33554432 want=33554432
DBG io chunk n=33554432 want=33554432
DBG io chunk n=33554432 want=33554432
DBG io chunk n=33554432 want=33554432
DBG io chunk n=8028160 want=8028160
DBG io worker tier=0 rc=645562368 nbytes=645562368
DBG trunk load_run L=46 kio r=645562368 got=0 nbytes=645562368
DBG io submit tier=0 nbytes=431890432 qhead=0x7502c8000880
DBG io chunk n=33554432 want=33554432
DBG io submit tier=0 nbytes=17547264 qhead=0x7502f0000880
DBG io submit tier=0 nbytes=17547264 qhead=0x7502f0000880
DBG io submit tier=0 nbytes=17547264 qhead=0x7502f0000880
DBG io submit tier=0 nbytes=17547264 qhead=0x7502f0000880
DBG io submit tier=0 nbytes=17547264 qhead=0x7502f0000880
DBG io submit tier=0 nbytes=17547264 qhead=0x7502f0000880
DBG io submit tier=0 nbytes=17547264 qhead=0x7502f0000880
DBG io submit tier=0 nbytes=17547264 qhead=0x7502f0000880
DBG io submit tier=0 nbytes=17547264 qhead=0x7502f0000880
DBG io submit tier=0 nbytes=17547264 qhead=0x7502f0000880
DBG io submit tier=0 nbytes=17547264 qhead=0x7502f0000880
DBG io submit tier=0 nbytes=17547264 qhead=0x7502f0000880
DBG io submit tier=0 nbytes=17547264 qhead=0x7502f0000880
DBG io submit tier=0 nbytes=17547264 qhead=0x7502f0000880
DBG io submit tier=0 nbytes=17547264 qhead=0x7502f0000880
DBG io submit tier=0 nbytes=17547264 qhead=0x7502f0000880
DBG io chunk n=33554432 want=33554432
DBG io worker tier=0 rc=17547264 nbytes=17547264
DBG io worker tier=0 rc=17547264 nbytes=17547264
DBG io worker tier=0 rc=17547264 nbytes=17547264
DBG io worker tier=0 rc=17547264 nbytes=17547264
DBG io chunk n=33554432 want=33554432
DBG io worker tier=0 rc=17547264 nbytes=17547264
DBG io worker tier=0 rc=17547264 nbytes=17547264
DBG io worker tier=0 rc=17547264 nbytes=17547264
DBG io chunk n=33554432 want=33554432
DBG io worker tier=0 rc=17547264 nbytes=17547264
DBG io worker tier=0 rc=17547264 nbytes=17547264
DBG io worker tier=0 rc=17547264 nbytes=17547264
DBG io chunk n=33554432 want=33554432
DBG io worker tier=0 rc=17547264 nbytes=17547264
DBG io worker tier=0 rc=17547264 nbytes=17547264
DBG io worker tier=0 rc=17547264 nbytes=17547264
DBG io chunk n=33554432 want=33554432
DBG io worker tier=0 rc=17547264 nbytes=17547264
DBG io worker tier=0 rc=17547264 nbytes=17547264
DBG io worker tier=0 rc=17547264 nbytes=17547264
DBG getmany L46 nw=16 wall=0.277s thr(out)1 thr(in)16 conc_peak=16 pread=2.342s
DBG io chunk n=33554432 want=33554432
DBG io chunk n=33554432 want=33554432
DBG io chunk n=33554432 want=33554432
DBG io chunk n=33554432 want=33554432
DBG io chunk n=33554432 want=33554432
DBG io chunk n=33554432 want=33554432
DBG io chunk n=29237248 want=29237248
DBG io worker tier=0 rc=431890432 nbytes=431890432
DBG trunk load_run L=47 kio r=431890432 got=0 nbytes=431890432
DBG io submit tier=0 nbytes=645562368 qhead=0x7502c8000880
DBG io chunk n=33554432 want=33554432
DBG io submit tier=0 nbytes=17547264 qhead=0x750340000880
DBG io submit tier=0 nbytes=17547264 qhead=0x750340000880
DBG io submit tier=0 nbytes=17547264 qhead=0x750340000880
DBG io submit tier=0 nbytes=17547264 qhead=0x750340000880
DBG io submit tier=0 nbytes=17547264 qhead=0x750340000880
DBG io submit tier=0 nbytes=17547264 qhead=0x750340000880
DBG io submit tier=0 nbytes=17547264 qhead=0x750340000880
DBG io submit tier=0 nbytes=17547264 qhead=0x750340000880
DBG io submit tier=0 nbytes=17547264 qhead=0x750340000880
DBG io submit tier=0 nbytes=17547264 qhead=0x750340000880
DBG io submit tier=0 nbytes=17547264 qhead=0x750340000880
DBG io submit tier=0 nbytes=17547264 qhead=0x750340000880
DBG io submit tier=0 nbytes=17547264 qhead=0x750340000880
DBG io submit tier=0 nbytes=17547264 qhead=0x750340000880
DBG io submit tier=0 nbytes=17547264 qhead=0x750340000880
DBG io submit tier=0 nbytes=17547264 qhead=0x7502f0000880
DBG io chunk n=33554432 want=33554432
DBG io worker tier=0 rc=17547264 nbytes=17547264
DBG io worker tier=0 rc=17547264 nbytes=17547264
DBG io worker tier=0 rc=17547264 nbytes=17547264
DBG io chunk n=33554432 want=33554432
DBG io worker tier=0 rc=17547264 nbytes=17547264
DBG io worker tier=0 rc=17547264 nbytes=17547264
DBG io worker tier=0 rc=17547264 nbytes=17547264
DBG io chunk n=33554432 want=33554432
DBG io worker tier=0 rc=17547264 nbytes=17547264
DBG io worker tier=0 rc=17547264 nbytes=17547264
DBG io worker tier=0 rc=17547264 nbytes=17547264
DBG io chunk n=33554432 want=33554432
DBG io worker tier=0 rc=17547264 nbytes=17547264
DBG io worker tier=0 rc=17547264 nbytes=17547264
DBG io worker tier=0 rc=17547264 nbytes=17547264
DBG io chunk n=33554432 want=33554432
DBG io worker tier=0 rc=17547264 nbytes=17547264
DBG io worker tier=0 rc=17547264 nbytes=17547264
DBG io worker tier=0 rc=17547264 nbytes=17547264
DBG io chunk n=33554432 want=33554432
DBG io worker tier=0 rc=17547264 nbytes=17547264
DBG getmany L47 nw=16 wall=0.307s thr(out)1 thr(in)16 conc_peak=16 pread=2.556s
DBG io chunk n=33554432 want=33554432
DBG io chunk n=33554432 want=33554432
DBG io chunk n=33554432 want=33554432
DBG io chunk n=33554432 want=33554432
DBG io chunk n=33554432 want=33554432
DBG io chunk n=33554432 want=33554432
DBG io chunk n=33554432 want=33554432
DBG io chunk n=33554432 want=33554432
DBG io chunk n=33554432 want=33554432
DBG io chunk n=33554432 want=33554432
DBG io chunk n=33554432 want=33554432
DBG io chunk n=33554432 want=33554432
DBG io chunk n=8028160 want=8028160
DBG io worker tier=0 rc=645562368 nbytes=645562368
DBG trunk load_run L=48 kio r=645562368 got=0 nbytes=645562368
DBG io submit tier=0 nbytes=645562368 qhead=0x7502c8000880
DBG io chunk n=33554432 want=33554432
DBG io chunk n=33554432 want=33554432
DBG io submit tier=0 nbytes=17547264 qhead=0x750340000880
DBG io submit tier=0 nbytes=17547264 qhead=0x75031c000880
DBG io submit tier=0 nbytes=17547264 qhead=0x75031c000880
DBG io submit tier=0 nbytes=17547264 qhead=0x75031c000880
DBG io submit tier=0 nbytes=17547264 qhead=0x75031c000880
DBG io submit tier=0 nbytes=17547264 qhead=0x75031c000880
DBG io submit tier=0 nbytes=17547264 qhead=0x75031c000880
DBG io submit tier=0 nbytes=17547264 qhead=0x75031c000880
DBG io submit tier=0 nbytes=17547264 qhead=0x75031c000880
DBG io submit tier=0 nbytes=17547264 qhead=0x75031c000880
DBG io submit tier=0 nbytes=17547264 qhead=0x75031c000880
DBG io submit tier=0 nbytes=17547264 qhead=0x75031c000880
DBG io submit tier=0 nbytes=17547264 qhead=0x75031c000880
DBG io submit tier=0 nbytes=17547264 qhead=0x75031c000880
DBG io submit tier=0 nbytes=17547264 qhead=0x750320000880
DBG io submit tier=0 nbytes=17547264 qhead=0x750320000880
DBG io chunk n=33554432 want=33554432
DBG io worker tier=0 rc=17547264 nbytes=17547264
DBG io worker tier=0 rc=17547264 nbytes=17547264
DBG io worker tier=0 rc=17547264 nbytes=17547264
DBG io chunk n=33554432 want=33554432
DBG io worker tier=0 rc=17547264 nbytes=17547264
DBG io worker tier=0 rc=17547264 nbytes=17547264
DBG io worker tier=0 rc=17547264 nbytes=17547264
DBG io chunk n=33554432 want=33554432
DBG io worker tier=0 rc=17547264 nbytes=17547264
DBG io worker tier=0 rc=17547264 nbytes=17547264
DBG io worker tier=0 rc=17547264 nbytes=17547264
DBG io chunk n=33554432 want=33554432
DBG io worker tier=0 rc=17547264 nbytes=17547264
DBG io worker tier=0 rc=17547264 nbytes=17547264
DBG io worker tier=0 rc=17547264 nbytes=17547264
DBG io chunk n=33554432 want=33554432
DBG io worker tier=0 rc=17547264 nbytes=17547264
DBG io worker tier=0 rc=17547264 nbytes=17547264
DBG io worker tier=0 rc=17547264 nbytes=17547264
DBG io chunk n=33554432 want=33554432
DBG io worker tier=0 rc=17547264 nbytes=17547264
DBG getmany L48 nw=16 wall=0.298s thr(out)1 thr(in)16 conc_peak=16 pread=2.420s
DBG io chunk n=33554432 want=33554432
DBG io chunk n=33554432 want=33554432
DBG io chunk n=33554432 want=33554432
DBG io chunk n=33554432 want=33554432
DBG io chunk n=33554432 want=33554432
DBG io chunk n=33554432 want=33554432
DBG io chunk n=33554432 want=33554432
DBG io chunk n=33554432 want=33554432
DBG io chunk n=33554432 want=33554432
DBG io chunk n=33554432 want=33554432
DBG io chunk n=33554432 want=33554432
DBG io chunk n=8028160 want=8028160
DBG io worker tier=0 rc=645562368 nbytes=645562368
DBG trunk load_run L=49 kio r=645562368 got=0 nbytes=645562368
DBG io submit tier=0 nbytes=645562368 qhead=0x7502c8000880
DBG io chunk n=33554432 want=33554432
DBG io chunk n=33554432 want=33554432
DBG io submit tier=0 nbytes=17547264 qhead=0x75033c000880
DBG io submit tier=0 nbytes=17547264 qhead=0x75033c000880
DBG io submit tier=0 nbytes=17547264 qhead=0x75033c000880
DBG io submit tier=0 nbytes=17547264 qhead=0x75033c000880
DBG io submit tier=0 nbytes=17547264 qhead=0x75033c000880
DBG io submit tier=0 nbytes=17547264 qhead=0x75033c000880
DBG io submit tier=0 nbytes=17547264 qhead=0x75033c000880
DBG io submit tier=0 nbytes=17547264 qhead=0x75033c000880
DBG io submit tier=0 nbytes=17547264 qhead=0x75033c000880
DBG io submit tier=0 nbytes=17547264 qhead=0x75033c000880
DBG io submit tier=0 nbytes=17547264 qhead=0x75033c000880
DBG io submit tier=0 nbytes=17547264 qhead=0x75033c000880
DBG io submit tier=0 nbytes=17547264 qhead=0x75033c000880
DBG io submit tier=0 nbytes=17547264 qhead=0x75033c000880
DBG io submit tier=0 nbytes=17547264 qhead=0x75033c000880
DBG io submit tier=0 nbytes=17547264 qhead=0x750320000880
DBG io chunk n=33554432 want=33554432
DBG io worker tier=0 rc=17547264 nbytes=17547264
DBG io worker tier=0 rc=17547264 nbytes=17547264
DBG io worker tier=0 rc=17547264 nbytes=17547264
DBG io chunk n=33554432 want=33554432
DBG io worker tier=0 rc=17547264 nbytes=17547264
DBG io worker tier=0 rc=17547264 nbytes=17547264
DBG io worker tier=0 rc=17547264 nbytes=17547264
DBG io chunk n=33554432 want=33554432
DBG io worker tier=0 rc=17547264 nbytes=17547264
DBG io worker tier=0 rc=17547264 nbytes=17547264
DBG io worker tier=0 rc=17547264 nbytes=17547264
DBG io chunk n=33554432 want=33554432
DBG io worker tier=0 rc=17547264 nbytes=17547264
DBG io worker tier=0 rc=17547264 nbytes=17547264
DBG io worker tier=0 rc=17547264 nbytes=17547264
DBG io chunk n=33554432 want=33554432
DBG io worker tier=0 rc=17547264 nbytes=17547264
DBG io worker tier=0 rc=17547264 nbytes=17547264
DBG io worker tier=0 rc=17547264 nbytes=17547264
DBG io chunk n=33554432 want=33554432
DBG io worker tier=0 rc=17547264 nbytes=17547264
DBG getmany L49 nw=16 wall=0.296s thr(out)1 thr(in)16 conc_peak=16 pread=2.409s
DBG io chunk n=33554432 want=33554432
DBG io chunk n=33554432 want=33554432
DBG io chunk n=33554432 want=33554432
DBG io chunk n=33554432 want=33554432
DBG io chunk n=33554432 want=33554432
DBG io chunk n=33554432 want=33554432
DBG io chunk n=33554432 want=33554432
DBG io chunk n=33554432 want=33554432
DBG io chunk n=33554432 want=33554432
DBG io chunk n=33554432 want=33554432
DBG io chunk n=33554432 want=33554432
DBG io chunk n=8028160 want=8028160
DBG io worker tier=0 rc=645562368 nbytes=645562368
DBG trunk load_run L=50 kio r=645562368 got=0 nbytes=645562368
DBG io submit tier=0 nbytes=431890432 qhead=0x7502c8000880
DBG io chunk n=33554432 want=33554432
DBG io chunk n=33554432 want=33554432
DBG io submit tier=0 nbytes=17547264 qhead=0x750330000880
DBG io submit tier=0 nbytes=17547264 qhead=0x75033c000880
DBG io submit tier=0 nbytes=17547264 qhead=0x7502f0000880
DBG io submit tier=0 nbytes=17547264 qhead=0x7502f0000880
DBG io submit tier=0 nbytes=17547264 qhead=0x7502f0000880
DBG io submit tier=0 nbytes=17547264 qhead=0x7502f0000880
DBG io submit tier=0 nbytes=17547264 qhead=0x7502f0000880
DBG io submit tier=0 nbytes=17547264 qhead=0x7502f0000880
DBG io submit tier=0 nbytes=17547264 qhead=0x7502f0000880
DBG io submit tier=0 nbytes=17547264 qhead=0x7502f0000880
DBG io submit tier=0 nbytes=17547264 qhead=0x7502f0000880
DBG io submit tier=0 nbytes=17547264 qhead=0x7502f0000880
DBG io submit tier=0 nbytes=17547264 qhead=0x7502f0000880
DBG io submit tier=0 nbytes=17547264 qhead=0x750320000880
DBG io submit tier=0 nbytes=17547264 qhead=0x750320000880
DBG io submit tier=0 nbytes=17547264 qhead=0x750320000880
DBG io chunk n=33554432 want=33554432
DBG io worker tier=0 rc=17547264 nbytes=17547264
DBG io worker tier=0 rc=17547264 nbytes=17547264
DBG io worker tier=0 rc=17547264 nbytes=17547264
DBG io chunk n=33554432 want=33554432
DBG io worker tier=0 rc=17547264 nbytes=17547264
DBG io worker tier=0 rc=17547264 nbytes=17547264
DBG io worker tier=0 rc=17547264 nbytes=17547264
DBG io chunk n=33554432 want=33554432
DBG io worker tier=0 rc=17547264 nbytes=17547264
DBG io worker tier=0 rc=17547264 nbytes=17547264
DBG io worker tier=0 rc=17547264 nbytes=17547264
DBG io chunk n=33554432 want=33554432
DBG io worker tier=0 rc=17547264 nbytes=17547264
DBG io worker tier=0 rc=17547264 nbytes=17547264
DBG io worker tier=0 rc=17547264 nbytes=17547264
DBG io chunk n=33554432 want=33554432
DBG io worker tier=0 rc=17547264 nbytes=17547264
DBG io worker tier=0 rc=17547264 nbytes=17547264
DBG io worker tier=0 rc=17547264 nbytes=17547264
DBG io chunk n=33554432 want=33554432
DBG io worker tier=0 rc=17547264 nbytes=17547264
DBG getmany L50 nw=16 wall=0.306s thr(out)1 thr(in)16 conc_peak=16 pread=2.529s
DBG io chunk n=33554432 want=33554432
DBG io chunk n=33554432 want=33554432
DBG io chunk n=33554432 want=33554432
DBG io chunk n=33554432 want=33554432
DBG io chunk n=29237248 want=29237248
DBG io worker tier=0 rc=431890432 nbytes=431890432
DBG trunk load_run L=51 kio r=431890432 got=0 nbytes=431890432
DBG io submit tier=0 nbytes=645562368 qhead=0x7502c8000880
DBG io chunk n=33554432 want=33554432
DBG io submit tier=0 nbytes=17547264 qhead=0x7502f0000880
DBG io chunk n=33554432 want=33554432
DBG io submit tier=0 nbytes=17547264 qhead=0x7502f0000880
DBG io submit tier=0 nbytes=17547264 qhead=0x7502f0000880
DBG io submit tier=0 nbytes=17547264 qhead=0x7502f0000880
DBG io submit tier=0 nbytes=17547264 qhead=0x7502f0000880
DBG io submit tier=0 nbytes=17547264 qhead=0x7502f0000880
DBG io submit tier=0 nbytes=17547264 qhead=0x7502f0000880
DBG io submit tier=0 nbytes=17547264 qhead=0x7502f0000880
DBG io submit tier=0 nbytes=17547264 qhead=0x7502f0000880
DBG io submit tier=0 nbytes=17547264 qhead=0x7502f0000880
DBG io submit tier=0 nbytes=17547264 qhead=0x7502f0000880
DBG io submit tier=0 nbytes=17547264 qhead=0x7502f0000880
DBG io submit tier=0 nbytes=17547264 qhead=0x7502f0000880
DBG io submit tier=0 nbytes=17547264 qhead=0x7502f0000880
DBG io submit tier=0 nbytes=17547264 qhead=0x750310000880
DBG io submit tier=0 nbytes=17547264 qhead=0x750310000880
DBG io chunk n=33554432 want=33554432
DBG io worker tier=0 rc=17547264 nbytes=17547264
DBG io worker tier=0 rc=17547264 nbytes=17547264
DBG io worker tier=0 rc=17547264 nbytes=17547264
DBG io chunk n=33554432 want=33554432
DBG io worker tier=0 rc=17547264 nbytes=17547264
DBG io worker tier=0 rc=17547264 nbytes=17547264
DBG io worker tier=0 rc=17547264 nbytes=17547264
DBG io worker tier=0 rc=17547264 nbytes=17547264
DBG io chunk n=33554432 want=33554432
DBG io worker tier=0 rc=17547264 nbytes=17547264
DBG io worker tier=0 rc=17547264 nbytes=17547264
DBG io worker tier=0 rc=17547264 nbytes=17547264
DBG io chunk n=33554432 want=33554432
DBG io worker tier=0 rc=17547264 nbytes=17547264
DBG io worker tier=0 rc=17547264 nbytes=17547264
DBG io worker tier=0 rc=17547264 nbytes=17547264
DBG io chunk n=33554432 want=33554432
DBG io worker tier=0 rc=17547264 nbytes=17547264
DBG io worker tier=0 rc=17547264 nbytes=17547264
DBG io worker tier=0 rc=17547264 nbytes=17547264
DBG getmany L51 nw=16 wall=0.294s thr(out)1 thr(in)16 conc_peak=16 pread=2.719s
DBG io chunk n=33554432 want=33554432
DBG io chunk n=33554432 want=33554432
DBG io chunk n=33554432 want=33554432
DBG io chunk n=33554432 want=33554432
DBG io chunk n=33554432 want=33554432
DBG io chunk n=33554432 want=33554432
DBG io chunk n=33554432 want=33554432
DBG io chunk n=33554432 want=33554432
DBG io chunk n=33554432 want=33554432
DBG io chunk n=33554432 want=33554432
DBG io chunk n=33554432 want=33554432
DBG io chunk n=33554432 want=33554432
DBG io chunk n=8028160 want=8028160
DBG io worker tier=0 rc=645562368 nbytes=645562368
DBG trunk load_run L=52 kio r=645562368 got=0 nbytes=645562368
DBG io submit tier=0 nbytes=645562368 qhead=0x7502c8000880
DBG io chunk n=33554432 want=33554432
DBG io chunk n=33554432 want=33554432
DBG io submit tier=0 nbytes=17547264 qhead=0x7502f8000880
DBG io submit tier=0 nbytes=17547264 qhead=0x7502e8000880
DBG io submit tier=0 nbytes=17547264 qhead=0x7502e8000880
DBG io submit tier=0 nbytes=17547264 qhead=0x7502e8000880
DBG io submit tier=0 nbytes=17547264 qhead=0x7502e8000880
DBG io submit tier=0 nbytes=17547264 qhead=0x7502e8000880
DBG io submit tier=0 nbytes=17547264 qhead=0x7502e8000880
DBG io submit tier=0 nbytes=17547264 qhead=0x7502e8000880
DBG io submit tier=0 nbytes=17547264 qhead=0x7502e8000880
DBG io submit tier=0 nbytes=17547264 qhead=0x7502e8000880
DBG io submit tier=0 nbytes=17547264 qhead=0x7502e8000880
DBG io submit tier=0 nbytes=17547264 qhead=0x7502e8000880
DBG io submit tier=0 nbytes=17547264 qhead=0x7502e8000880
DBG io submit tier=0 nbytes=17547264 qhead=0x7502e8000880
DBG io submit tier=0 nbytes=17547264 qhead=0x750340000880
DBG io submit tier=0 nbytes=17547264 qhead=0x750340000880
DBG io chunk n=33554432 want=33554432
DBG io worker tier=0 rc=17547264 nbytes=17547264
DBG io worker tier=0 rc=17547264 nbytes=17547264
DBG io worker tier=0 rc=17547264 nbytes=17547264
DBG io chunk n=33554432 want=33554432
DBG io worker tier=0 rc=17547264 nbytes=17547264
DBG io worker tier=0 rc=17547264 nbytes=17547264
DBG io worker tier=0 rc=17547264 nbytes=17547264
DBG io chunk n=33554432 want=33554432
DBG io worker tier=0 rc=17547264 nbytes=17547264
DBG io worker tier=0 rc=17547264 nbytes=17547264
DBG io worker tier=0 rc=17547264 nbytes=17547264
DBG io chunk n=33554432 want=33554432
DBG io worker tier=0 rc=17547264 nbytes=17547264
DBG io worker tier=0 rc=17547264 nbytes=17547264
DBG io worker tier=0 rc=17547264 nbytes=17547264
DBG io chunk n=33554432 want=33554432
DBG io worker tier=0 rc=17547264 nbytes=17547264
DBG io worker tier=0 rc=17547264 nbytes=17547264
DBG io worker tier=0 rc=17547264 nbytes=17547264
DBG io chunk n=33554432 want=33554432
DBG io worker tier=0 rc=17547264 nbytes=17547264
DBG getmany L52 nw=16 wall=0.285s thr(out)1 thr(in)16 conc_peak=16 pread=2.387s
DBG io chunk n=33554432 want=33554432
DBG io chunk n=33554432 want=33554432
DBG io chunk n=33554432 want=33554432
DBG io chunk n=33554432 want=33554432
DBG io chunk n=33554432 want=33554432
DBG io chunk n=33554432 want=33554432
DBG io chunk n=33554432 want=33554432
DBG io chunk n=33554432 want=33554432
DBG io chunk n=33554432 want=33554432
DBG io chunk n=33554432 want=33554432
DBG io chunk n=33554432 want=33554432
DBG io chunk n=8028160 want=8028160
DBG io worker tier=0 rc=645562368 nbytes=645562368
DBG trunk load_run L=53 kio r=645562368 got=0 nbytes=645562368
DBG io submit tier=0 nbytes=645562368 qhead=0x7502c8000880
DBG io chunk n=33554432 want=33554432
DBG io chunk n=33554432 want=33554432
DBG io chunk n=33554432 want=33554432
DBG io submit tier=0 nbytes=17547264 qhead=0x7502f0000880
DBG io submit tier=0 nbytes=17547264 qhead=0x7502e8000880
DBG io chunk n=33554432 want=33554432
DBG io submit tier=0 nbytes=17547264 qhead=0x7502e8000880
DBG io submit tier=0 nbytes=17547264 qhead=0x7502e8000880
DBG io submit tier=0 nbytes=17547264 qhead=0x7502e8000880
DBG io worker tier=0 rc=17547264 nbytes=17547264
DBG io submit tier=0 nbytes=17547264 qhead=0x7502e8000880
DBG io submit tier=0 nbytes=17547264 qhead=0x7502e8000880
DBG io submit tier=0 nbytes=17547264 qhead=0x7502e8000880
DBG io submit tier=0 nbytes=17547264 qhead=0x7502e8000880
DBG io submit tier=0 nbytes=17547264 qhead=0x7502e8000880
DBG io submit tier=0 nbytes=17547264 qhead=0x7502e8000880
DBG io submit tier=0 nbytes=17547264 qhead=0x7502e8000880
DBG io submit tier=0 nbytes=17547264 qhead=0x75031c000880
DBG io submit tier=0 nbytes=17547264 qhead=0x75031c000880
DBG io submit tier=0 nbytes=17547264 qhead=0x75031c000880
DBG io submit tier=0 nbytes=17547264 qhead=0x75033c000880
DBG io chunk n=33554432 want=33554432
DBG io worker tier=0 rc=17547264 nbytes=17547264
DBG io worker tier=0 rc=17547264 nbytes=17547264
DBG io worker tier=0 rc=17547264 nbytes=17547264
DBG io chunk n=33554432 want=33554432
DBG io worker tier=0 rc=17547264 nbytes=17547264
DBG io worker tier=0 rc=17547264 nbytes=17547264
DBG io worker tier=0 rc=17547264 nbytes=17547264
DBG io worker tier=0 rc=17547264 nbytes=17547264
DBG io chunk n=33554432 want=33554432
DBG io worker tier=0 rc=17547264 nbytes=17547264
DBG io worker tier=0 rc=17547264 nbytes=17547264
DBG io worker tier=0 rc=17547264 nbytes=17547264
DBG io chunk n=33554432 want=33554432
DBG io worker tier=0 rc=17547264 nbytes=17547264
DBG io worker tier=0 rc=17547264 nbytes=17547264
DBG io worker tier=0 rc=17547264 nbytes=17547264
DBG io chunk n=33554432 want=33554432
DBG io worker tier=0 rc=17547264 nbytes=17547264
DBG io worker tier=0 rc=17547264 nbytes=17547264
DBG getmany L53 nw=16 wall=0.295s thr(out)1 thr(in)16 conc_peak=16 pread=2.723s
DBG io chunk n=33554432 want=33554432
DBG io chunk n=33554432 want=33554432
DBG io chunk n=33554432 want=33554432
DBG io chunk n=33554432 want=33554432
DBG io chunk n=33554432 want=33554432
DBG io chunk n=33554432 want=33554432
DBG io chunk n=33554432 want=33554432
DBG io chunk n=33554432 want=33554432
DBG io chunk n=33554432 want=33554432
DBG io chunk n=33554432 want=33554432
DBG io chunk n=8028160 want=8028160
DBG io worker tier=0 rc=645562368 nbytes=645562368
DBG trunk load_run L=54 kio r=645562368 got=0 nbytes=645562368
DBG io submit tier=0 nbytes=431890432 qhead=0x7502c8000880
DBG io chunk n=33554432 want=33554432
DBG io chunk n=33554432 want=33554432
DBG io submit tier=0 nbytes=17547264 qhead=0x7502e0000880
DBG io submit tier=0 nbytes=17547264 qhead=0x750310000880
DBG io submit tier=0 nbytes=17547264 qhead=0x750310000880
DBG io submit tier=0 nbytes=17547264 qhead=0x750310000880
DBG io submit tier=0 nbytes=17547264 qhead=0x750310000880
DBG io submit tier=0 nbytes=17547264 qhead=0x750310000880
DBG io submit tier=0 nbytes=17547264 qhead=0x750310000880
DBG io submit tier=0 nbytes=17547264 qhead=0x750310000880
DBG io submit tier=0 nbytes=17547264 qhead=0x750310000880
DBG io submit tier=0 nbytes=17547264 qhead=0x750310000880
DBG io submit tier=0 nbytes=17547264 qhead=0x750310000880
DBG io submit tier=0 nbytes=17547264 qhead=0x750310000880
DBG io submit tier=0 nbytes=17547264 qhead=0x750310000880
DBG io submit tier=0 nbytes=17547264 qhead=0x750310000880
DBG io submit tier=0 nbytes=17547264 qhead=0x750310000880
DBG io submit tier=0 nbytes=17547264 qhead=0x608f420fa1f0
DBG io chunk n=33554432 want=33554432
DBG io worker tier=0 rc=17547264 nbytes=17547264
DBG io worker tier=0 rc=17547264 nbytes=17547264
DBG io worker tier=0 rc=17547264 nbytes=17547264
DBG io worker tier=0 rc=17547264 nbytes=17547264
DBG io chunk n=33554432 want=33554432
DBG io worker tier=0 rc=17547264 nbytes=17547264
DBG io worker tier=0 rc=17547264 nbytes=17547264
DBG io worker tier=0 rc=17547264 nbytes=17547264
DBG io chunk n=33554432 want=33554432
DBG io worker tier=0 rc=17547264 nbytes=17547264
DBG io worker tier=0 rc=17547264 nbytes=17547264
DBG io worker tier=0 rc=17547264 nbytes=17547264
DBG io worker tier=0 rc=17547264 nbytes=17547264
DBG io chunk n=33554432 want=33554432
DBG io worker tier=0 rc=17547264 nbytes=17547264
DBG io worker tier=0 rc=17547264 nbytes=17547264
DBG io worker tier=0 rc=17547264 nbytes=17547264
DBG io chunk n=33554432 want=33554432
DBG io worker tier=0 rc=17547264 nbytes=17547264
DBG io worker tier=0 rc=17547264 nbytes=17547264
DBG getmany L54 nw=16 wall=0.260s thr(out)1 thr(in)16 conc_peak=16 pread=2.223s
DBG io chunk n=33554432 want=33554432
DBG io chunk n=33554432 want=33554432
DBG io chunk n=33554432 want=33554432
DBG io chunk n=33554432 want=33554432
DBG io chunk n=33554432 want=33554432
DBG io chunk n=29237248 want=29237248
DBG io worker tier=0 rc=431890432 nbytes=431890432
DBG trunk load_run L=55 kio r=431890432 got=0 nbytes=431890432
DBG io submit tier=0 nbytes=645562368 qhead=0x7502c8000880
DBG io chunk n=33554432 want=33554432
DBG io submit tier=0 nbytes=17547264 qhead=0x750338000880
DBG io submit tier=0 nbytes=17547264 qhead=0x750308000880
DBG io submit tier=0 nbytes=17547264 qhead=0x750308000880
DBG io submit tier=0 nbytes=17547264 qhead=0x750308000880
DBG io submit tier=0 nbytes=17547264 qhead=0x750308000880
DBG io submit tier=0 nbytes=17547264 qhead=0x750308000880
DBG io submit tier=0 nbytes=17547264 qhead=0x750308000880
DBG io submit tier=0 nbytes=17547264 qhead=0x750308000880
DBG io submit tier=0 nbytes=17547264 qhead=0x750308000880
DBG io submit tier=0 nbytes=17547264 qhead=0x750308000880
DBG io submit tier=0 nbytes=17547264 qhead=0x750308000880
DBG io submit tier=0 nbytes=17547264 qhead=0x750308000880
DBG io submit tier=0 nbytes=17547264 qhead=0x750308000880
DBG io submit tier=0 nbytes=17547264 qhead=0x750308000880
DBG io submit tier=0 nbytes=17547264 qhead=0x750308000880
DBG io submit tier=0 nbytes=17547264 qhead=0x7502e8000880
DBG io chunk n=33554432 want=33554432
DBG io worker tier=0 rc=17547264 nbytes=17547264
DBG io worker tier=0 rc=17547264 nbytes=17547264
DBG io worker tier=0 rc=17547264 nbytes=17547264
DBG io chunk n=33554432 want=33554432
DBG io worker tier=0 rc=17547264 nbytes=17547264
DBG io worker tier=0 rc=17547264 nbytes=17547264
DBG io worker tier=0 rc=17547264 nbytes=17547264
DBG io worker tier=0 rc=17547264 nbytes=17547264
DBG io chunk n=33554432 want=33554432
DBG io worker tier=0 rc=17547264 nbytes=17547264
DBG io worker tier=0 rc=17547264 nbytes=17547264
DBG io worker tier=0 rc=17547264 nbytes=17547264
DBG io chunk n=33554432 want=33554432
DBG io worker tier=0 rc=17547264 nbytes=17547264
DBG io worker tier=0 rc=17547264 nbytes=17547264
DBG io worker tier=0 rc=17547264 nbytes=17547264
DBG io chunk n=33554432 want=33554432
DBG io worker tier=0 rc=17547264 nbytes=17547264
DBG io worker tier=0 rc=17547264 nbytes=17547264
DBG io worker tier=0 rc=17547264 nbytes=17547264
DBG getmany L55 nw=16 wall=0.267s thr(out)1 thr(in)16 conc_peak=16 pread=2.311s
DBG io chunk n=33554432 want=33554432
DBG io chunk n=33554432 want=33554432
DBG io chunk n=33554432 want=33554432
DBG io chunk n=33554432 want=33554432
DBG io chunk n=33554432 want=33554432
DBG io chunk n=33554432 want=33554432
DBG io chunk n=33554432 want=33554432
DBG io chunk n=33554432 want=33554432
DBG io chunk n=33554432 want=33554432
DBG io chunk n=33554432 want=33554432
DBG io chunk n=33554432 want=33554432
DBG io chunk n=33554432 want=33554432
DBG io chunk n=33554432 want=33554432
DBG io chunk n=8028160 want=8028160
DBG io worker tier=0 rc=645562368 nbytes=645562368
DBG trunk load_run L=56 kio r=645562368 got=0 nbytes=645562368
DBG io submit tier=0 nbytes=645562368 qhead=0x7502c8000880
DBG io chunk n=33554432 want=33554432
DBG io chunk n=33554432 want=33554432
DBG io submit tier=0 nbytes=17547264 qhead=0x750338000880
DBG io submit tier=0 nbytes=17547264 qhead=0x750338000880
DBG io submit tier=0 nbytes=17547264 qhead=0x750338000880
DBG io submit tier=0 nbytes=17547264 qhead=0x750338000880
DBG io submit tier=0 nbytes=17547264 qhead=0x750338000880
DBG io submit tier=0 nbytes=17547264 qhead=0x750338000880
DBG io submit tier=0 nbytes=17547264 qhead=0x750338000880
DBG io submit tier=0 nbytes=17547264 qhead=0x750338000880
DBG io chunk n=33554432 want=33554432
DBG io submit tier=0 nbytes=17547264 qhead=0x750338000880
DBG io submit tier=0 nbytes=17547264 qhead=0x750338000880
DBG io submit tier=0 nbytes=17547264 qhead=0x750338000880
DBG io submit tier=0 nbytes=17547264 qhead=0x750338000880
DBG io submit tier=0 nbytes=17547264 qhead=0x750338000880
DBG io submit tier=0 nbytes=17547264 qhead=0x750338000880
DBG io submit tier=0 nbytes=17547264 qhead=0x750338000880
DBG io submit tier=0 nbytes=17547264 qhead=0x608f420fa1f0
DBG io chunk n=33554432 want=33554432
DBG io worker tier=0 rc=17547264 nbytes=17547264
DBG io worker tier=0 rc=17547264 nbytes=17547264
DBG io worker tier=0 rc=17547264 nbytes=17547264
DBG io chunk n=33554432 want=33554432
DBG io worker tier=0 rc=17547264 nbytes=17547264
DBG io worker tier=0 rc=17547264 nbytes=17547264
DBG io worker tier=0 rc=17547264 nbytes=17547264
DBG io chunk n=33554432 want=33554432
DBG io worker tier=0 rc=17547264 nbytes=17547264
DBG io worker tier=0 rc=17547264 nbytes=17547264
DBG io worker tier=0 rc=17547264 nbytes=17547264
DBG io chunk n=33554432 want=33554432
DBG io worker tier=0 rc=17547264 nbytes=17547264
DBG io worker tier=0 rc=17547264 nbytes=17547264
DBG io worker tier=0 rc=17547264 nbytes=17547264
DBG io chunk n=33554432 want=33554432
DBG io worker tier=0 rc=17547264 nbytes=17547264
DBG io worker tier=0 rc=17547264 nbytes=17547264
DBG io worker tier=0 rc=17547264 nbytes=17547264
DBG io chunk n=33554432 want=33554432
DBG io worker tier=0 rc=17547264 nbytes=17547264
DBG getmany L56 nw=16 wall=0.350s thr(out)1 thr(in)16 conc_peak=16 pread=3.005s
DBG io chunk n=33554432 want=33554432
DBG io chunk n=33554432 want=33554432
DBG io chunk n=33554432 want=33554432
DBG io chunk n=33554432 want=33554432
DBG io chunk n=33554432 want=33554432
DBG io chunk n=33554432 want=33554432
DBG io chunk n=33554432 want=33554432
DBG io chunk n=33554432 want=33554432
DBG io chunk n=33554432 want=33554432
DBG io chunk n=33554432 want=33554432
DBG io chunk n=8028160 want=8028160
DBG io worker tier=0 rc=645562368 nbytes=645562368
DBG trunk load_run L=57 kio r=645562368 got=0 nbytes=645562368
DBG io submit tier=0 nbytes=645562368 qhead=0x7502c8000880
DBG io chunk n=33554432 want=33554432
DBG io chunk n=33554432 want=33554432
DBG io submit tier=0 nbytes=17547264 qhead=0x750300000880
DBG io submit tier=0 nbytes=17547264 qhead=0x750300000880
DBG io submit tier=0 nbytes=17547264 qhead=0x750300000880
DBG io submit tier=0 nbytes=17547264 qhead=0x750300000880
DBG io submit tier=0 nbytes=17547264 qhead=0x750300000880
DBG io submit tier=0 nbytes=17547264 qhead=0x750300000880
DBG io submit tier=0 nbytes=17547264 qhead=0x750300000880
DBG io submit tier=0 nbytes=17547264 qhead=0x750300000880
DBG io submit tier=0 nbytes=17547264 qhead=0x750300000880
DBG io submit tier=0 nbytes=17547264 qhead=0x750300000880
DBG io submit tier=0 nbytes=17547264 qhead=0x750300000880
DBG io submit tier=0 nbytes=17547264 qhead=0x750300000880
DBG io submit tier=0 nbytes=17547264 qhead=0x750300000880
DBG io submit tier=0 nbytes=17547264 qhead=0x750300000880
DBG io submit tier=0 nbytes=17547264 qhead=0x750300000880
DBG io chunk n=33554432 want=33554432
DBG io submit tier=0 nbytes=17547264 qhead=0x750340000880
DBG io worker tier=0 rc=17547264 nbytes=17547264
DBG io chunk n=33554432 want=33554432
DBG io worker tier=0 rc=17547264 nbytes=17547264
DBG io worker tier=0 rc=17547264 nbytes=17547264
DBG io worker tier=0 rc=17547264 nbytes=17547264
DBG io chunk n=33554432 want=33554432
DBG io worker tier=0 rc=17547264 nbytes=17547264
DBG io worker tier=0 rc=17547264 nbytes=17547264
DBG io worker tier=0 rc=17547264 nbytes=17547264
DBG io chunk n=33554432 want=33554432
DBG io worker tier=0 rc=17547264 nbytes=17547264
DBG io worker tier=0 rc=17547264 nbytes=17547264
DBG io worker tier=0 rc=17547264 nbytes=17547264
DBG io chunk n=33554432 want=33554432
DBG io worker tier=0 rc=17547264 nbytes=17547264
DBG io worker tier=0 rc=17547264 nbytes=17547264
DBG io worker tier=0 rc=17547264 nbytes=17547264
DBG io chunk n=33554432 want=33554432
DBG io worker tier=0 rc=17547264 nbytes=17547264
DBG io worker tier=0 rc=17547264 nbytes=17547264
DBG io worker tier=0 rc=17547264 nbytes=17547264
DBG getmany L57 nw=16 wall=0.301s thr(out)1 thr(in)16 conc_peak=16 pread=2.832s
DBG io chunk n=33554432 want=33554432
DBG io chunk n=33554432 want=33554432
DBG io chunk n=33554432 want=33554432
DBG io chunk n=33554432 want=33554432
DBG io chunk n=33554432 want=33554432
DBG io chunk n=33554432 want=33554432
DBG io chunk n=33554432 want=33554432
DBG io chunk n=33554432 want=33554432
DBG io chunk n=33554432 want=33554432
DBG io chunk n=33554432 want=33554432
DBG io chunk n=33554432 want=33554432
DBG io chunk n=8028160 want=8028160
DBG io worker tier=0 rc=645562368 nbytes=645562368
DBG trunk load_run L=58 kio r=645562368 got=0 nbytes=645562368
DBG io submit tier=0 nbytes=431890432 qhead=0x7502c8000880
DBG io chunk n=33554432 want=33554432
DBG io chunk n=33554432 want=33554432
DBG io chunk n=33554432 want=33554432
DBG io submit tier=0 nbytes=17547264 qhead=0x750330000880
DBG io submit tier=0 nbytes=17547264 qhead=0x750330000880
DBG io submit tier=0 nbytes=17547264 qhead=0x750330000880
DBG io submit tier=0 nbytes=17547264 qhead=0x750330000880
DBG io submit tier=0 nbytes=17547264 qhead=0x750330000880
DBG io submit tier=0 nbytes=17547264 qhead=0x750330000880
DBG io submit tier=0 nbytes=17547264 qhead=0x750330000880
DBG io submit tier=0 nbytes=17547264 qhead=0x750330000880
DBG io submit tier=0 nbytes=17547264 qhead=0x750330000880
DBG io submit tier=0 nbytes=17547264 qhead=0x750330000880
DBG io submit tier=0 nbytes=17547264 qhead=0x750330000880
DBG io submit tier=0 nbytes=17547264 qhead=0x750330000880
DBG io submit tier=0 nbytes=17547264 qhead=0x750330000880
DBG io submit tier=0 nbytes=17547264 qhead=0x750330000880
DBG io submit tier=0 nbytes=17547264 qhead=0x750318000880
DBG io submit tier=0 nbytes=17547264 qhead=0x7502e0000880
DBG io chunk n=33554432 want=33554432
DBG io worker tier=0 rc=17547264 nbytes=17547264
DBG io worker tier=0 rc=17547264 nbytes=17547264
DBG io worker tier=0 rc=17547264 nbytes=17547264
DBG io chunk n=33554432 want=33554432
DBG io worker tier=0 rc=17547264 nbytes=17547264
DBG io worker tier=0 rc=17547264 nbytes=17547264
DBG io worker tier=0 rc=17547264 nbytes=17547264
DBG io chunk n=33554432 want=33554432
DBG io worker tier=0 rc=17547264 nbytes=17547264
DBG io worker tier=0 rc=17547264 nbytes=17547264
DBG io worker tier=0 rc=17547264 nbytes=17547264
DBG io chunk n=33554432 want=33554432
DBG io worker tier=0 rc=17547264 nbytes=17547264
DBG io worker tier=0 rc=17547264 nbytes=17547264
DBG io worker tier=0 rc=17547264 nbytes=17547264
DBG io chunk n=33554432 want=33554432
DBG io worker tier=0 rc=17547264 nbytes=17547264
DBG io worker tier=0 rc=17547264 nbytes=17547264
DBG io worker tier=0 rc=17547264 nbytes=17547264
DBG io chunk n=33554432 want=33554432
DBG io worker tier=0 rc=17547264 nbytes=17547264
DBG getmany L58 nw=16 wall=0.335s thr(out)1 thr(in)16 conc_peak=16 pread=2.849s
DBG io chunk n=33554432 want=33554432
DBG io chunk n=33554432 want=33554432
DBG io chunk n=33554432 want=33554432
DBG io chunk n=29237248 want=29237248
DBG io worker tier=0 rc=431890432 nbytes=431890432
DBG trunk load_run L=59 kio r=431890432 got=0 nbytes=431890432
DBG io submit tier=0 nbytes=645562368 qhead=0x7502c8000880
DBG io chunk n=33554432 want=33554432
DBG io submit tier=0 nbytes=17547264 qhead=0x7502e0000880
DBG io submit tier=0 nbytes=17547264 qhead=0x750310000880
DBG io submit tier=0 nbytes=17547264 qhead=0x7502f0000880
DBG io submit tier=0 nbytes=17547264 qhead=0x7502f0000880
DBG io submit tier=0 nbytes=17547264 qhead=0x7502f0000880
DBG io submit tier=0 nbytes=17547264 qhead=0x7502f0000880
DBG io submit tier=0 nbytes=17547264 qhead=0x7502f0000880
DBG io submit tier=0 nbytes=17547264 qhead=0x7502f0000880
DBG io submit tier=0 nbytes=17547264 qhead=0x7502f0000880
DBG io submit tier=0 nbytes=17547264 qhead=0x7502f0000880
DBG io submit tier=0 nbytes=17547264 qhead=0x7502f0000880
DBG io submit tier=0 nbytes=17547264 qhead=0x7502f0000880
DBG io submit tier=0 nbytes=17547264 qhead=0x7502f0000880
DBG io submit tier=0 nbytes=17547264 qhead=0x7502f0000880
DBG io submit tier=0 nbytes=17547264 qhead=0x750320000880
DBG io submit tier=0 nbytes=17547264 qhead=0x750320000880
DBG io chunk n=33554432 want=33554432
DBG io worker tier=0 rc=17547264 nbytes=17547264
DBG io worker tier=0 rc=17547264 nbytes=17547264
DBG io worker tier=0 rc=17547264 nbytes=17547264
DBG io chunk n=33554432 want=33554432
DBG io worker tier=0 rc=17547264 nbytes=17547264
DBG io worker tier=0 rc=17547264 nbytes=17547264
DBG io worker tier=0 rc=17547264 nbytes=17547264
DBG io chunk n=33554432 want=33554432
DBG io worker tier=0 rc=17547264 nbytes=17547264
DBG io worker tier=0 rc=17547264 nbytes=17547264
DBG io worker tier=0 rc=17547264 nbytes=17547264
DBG io chunk n=33554432 want=33554432
DBG io worker tier=0 rc=17547264 nbytes=17547264
DBG io worker tier=0 rc=17547264 nbytes=17547264
DBG io worker tier=0 rc=17547264 nbytes=17547264
DBG io worker tier=0 rc=17547264 nbytes=17547264
DBG io worker tier=0 rc=17547264 nbytes=17547264
DBG io chunk n=33554432 want=33554432
DBG io worker tier=0 rc=17547264 nbytes=17547264
DBG io worker tier=0 rc=17547264 nbytes=17547264
DBG getmany L59 nw=16 wall=0.317s thr(out)1 thr(in)16 conc_peak=16 pread=2.834s
DBG io chunk n=33554432 want=33554432
DBG io chunk n=33554432 want=33554432
DBG io chunk n=33554432 want=33554432
DBG io chunk n=33554432 want=33554432
DBG io chunk n=33554432 want=33554432
DBG io chunk n=33554432 want=33554432
DBG io chunk n=33554432 want=33554432
DBG io chunk n=33554432 want=33554432
DBG io chunk n=33554432 want=33554432
DBG io chunk n=33554432 want=33554432
DBG io chunk n=33554432 want=33554432
DBG io chunk n=33554432 want=33554432
DBG io chunk n=33554432 want=33554432
DBG io chunk n=8028160 want=8028160
DBG io worker tier=0 rc=645562368 nbytes=645562368
DBG trunk load_run L=60 kio r=645562368 got=0 nbytes=645562368
DBG io submit tier=0 nbytes=645562368 qhead=0x7502c8000880
DBG io chunk n=33554432 want=33554432
DBG io chunk n=33554432 want=33554432
DBG io submit tier=0 nbytes=17547264 qhead=0x7502e0000880
DBG io submit tier=0 nbytes=17547264 qhead=0x750318000880
DBG io submit tier=0 nbytes=17547264 qhead=0x750318000880
DBG io submit tier=0 nbytes=17547264 qhead=0x750318000880
DBG io submit tier=0 nbytes=17547264 qhead=0x750318000880
DBG io submit tier=0 nbytes=17547264 qhead=0x750318000880
DBG io submit tier=0 nbytes=17547264 qhead=0x750318000880
DBG io submit tier=0 nbytes=17547264 qhead=0x750318000880
DBG io submit tier=0 nbytes=17547264 qhead=0x750318000880
DBG io submit tier=0 nbytes=17547264 qhead=0x750318000880
DBG io submit tier=0 nbytes=17547264 qhead=0x750318000880
DBG io submit tier=0 nbytes=17547264 qhead=0x750318000880
DBG io submit tier=0 nbytes=17547264 qhead=0x750318000880
DBG io submit tier=0 nbytes=17547264 qhead=0x750318000880
DBG io submit tier=0 nbytes=17547264 qhead=0x750318000880
DBG io submit tier=0 nbytes=17547264 qhead=0x608f420fa1f0
DBG io worker tier=0 rc=17547264 nbytes=17547264
DBG io worker tier=0 rc=17547264 nbytes=17547264
DBG io worker tier=0 rc=17547264 nbytes=17547264
DBG io worker tier=0 rc=17547264 nbytes=17547264
DBG io worker tier=0 rc=17547264 nbytes=17547264
DBG io chunk n=33554432 want=33554432
DBG io worker tier=0 rc=17547264 nbytes=17547264
DBG io worker tier=0 rc=17547264 nbytes=17547264
DBG io worker tier=0 rc=17547264 nbytes=17547264
DBG io worker tier=0 rc=17547264 nbytes=17547264
DBG io worker tier=0 rc=17547264 nbytes=17547264
DBG io chunk n=33554432 want=33554432
DBG io worker tier=0 rc=17547264 nbytes=17547264
DBG io worker tier=0 rc=17547264 nbytes=17547264
DBG io worker tier=0 rc=17547264 nbytes=17547264
DBG io chunk n=33554432 want=33554432
DBG io worker tier=0 rc=17547264 nbytes=17547264
DBG io worker tier=0 rc=17547264 nbytes=17547264
DBG io worker tier=0 rc=17547264 nbytes=17547264
DBG getmany L60 nw=16 wall=0.228s thr(out)1 thr(in)16 conc_peak=16 pread=1.833s
DBG io chunk n=33554432 want=33554432
DBG io chunk n=33554432 want=33554432
DBG io chunk n=33554432 want=33554432
DBG io chunk n=33554432 want=33554432
DBG io chunk n=33554432 want=33554432
DBG io chunk n=33554432 want=33554432
DBG io chunk n=33554432 want=33554432
DBG io chunk n=33554432 want=33554432
DBG io chunk n=33554432 want=33554432
DBG io chunk n=33554432 want=33554432
DBG io chunk n=33554432 want=33554432
DBG io chunk n=33554432 want=33554432
DBG io chunk n=33554432 want=33554432
DBG io chunk n=33554432 want=33554432
DBG io chunk n=8028160 want=8028160
DBG io worker tier=0 rc=645562368 nbytes=645562368
DBG trunk load_run L=61 kio r=645562368 got=0 nbytes=645562368
DBG io submit tier=0 nbytes=645562368 qhead=0x7502c8000880
DBG io chunk n=33554432 want=33554432
DBG io chunk n=33554432 want=33554432
DBG io submit tier=0 nbytes=17547264 qhead=0x750328000880
DBG io submit tier=0 nbytes=17547264 qhead=0x750328000880
DBG io submit tier=0 nbytes=17547264 qhead=0x750328000880
DBG io submit tier=0 nbytes=17547264 qhead=0x750328000880
DBG io submit tier=0 nbytes=17547264 qhead=0x750328000880
DBG io submit tier=0 nbytes=17547264 qhead=0x750328000880
DBG io submit tier=0 nbytes=17547264 qhead=0x750328000880
DBG io submit tier=0 nbytes=17547264 qhead=0x750328000880
DBG io submit tier=0 nbytes=17547264 qhead=0x750328000880
DBG io submit tier=0 nbytes=17547264 qhead=0x750328000880
DBG io submit tier=0 nbytes=17547264 qhead=0x750328000880
DBG io submit tier=0 nbytes=17547264 qhead=0x750328000880
DBG io submit tier=0 nbytes=17547264 qhead=0x750328000880
DBG io submit tier=0 nbytes=17547264 qhead=0x750328000880
DBG io submit tier=0 nbytes=17547264 qhead=0x7502f0000880
DBG io submit tier=0 nbytes=17547264 qhead=0x7502f0000880
DBG io chunk n=33554432 want=33554432
DBG io worker tier=0 rc=17547264 nbytes=17547264
DBG io worker tier=0 rc=17547264 nbytes=17547264
DBG io worker tier=0 rc=17547264 nbytes=17547264
DBG io worker tier=0 rc=17547264 nbytes=17547264
DBG io chunk n=33554432 want=33554432
DBG io worker tier=0 rc=17547264 nbytes=17547264
DBG io worker tier=0 rc=17547264 nbytes=17547264
DBG io worker tier=0 rc=17547264 nbytes=17547264
DBG io chunk n=33554432 want=33554432
DBG io worker tier=0 rc=17547264 nbytes=17547264
DBG io worker tier=0 rc=17547264 nbytes=17547264
DBG io worker tier=0 rc=17547264 nbytes=17547264
DBG io chunk n=33554432 want=33554432
DBG io worker tier=0 rc=17547264 nbytes=17547264
DBG io worker tier=0 rc=17547264 nbytes=17547264
DBG io worker tier=0 rc=17547264 nbytes=17547264
DBG io chunk n=33554432 want=33554432
DBG io worker tier=0 rc=17547264 nbytes=17547264
DBG io worker tier=0 rc=17547264 nbytes=17547264
DBG io worker tier=0 rc=17547264 nbytes=17547264
DBG getmany L61 nw=16 wall=0.284s thr(out)1 thr(in)16 conc_peak=16 pread=2.569s
DBG io chunk n=33554432 want=33554432
DBG io chunk n=33554432 want=33554432
DBG io chunk n=33554432 want=33554432
DBG io chunk n=33554432 want=33554432
DBG io chunk n=33554432 want=33554432
DBG io chunk n=33554432 want=33554432
DBG io chunk n=33554432 want=33554432
DBG io chunk n=33554432 want=33554432
DBG io chunk n=33554432 want=33554432
DBG io chunk n=33554432 want=33554432
DBG io chunk n=33554432 want=33554432
DBG io chunk n=33554432 want=33554432
DBG io chunk n=8028160 want=8028160
DBG io worker tier=0 rc=645562368 nbytes=645562368
DBG trunk load_run L=62 kio r=645562368 got=0 nbytes=645562368
DBG io submit tier=0 nbytes=431890432 qhead=0x7502c8000880
DBG io chunk n=33554432 want=33554432
DBG io chunk n=33554432 want=33554432
DBG io chunk n=33554432 want=33554432
DBG io submit tier=0 nbytes=17547264 qhead=0x7502f0000880
DBG io submit tier=0 nbytes=17547264 qhead=0x7502f0000880
DBG io submit tier=0 nbytes=17547264 qhead=0x7502f0000880
DBG io submit tier=0 nbytes=17547264 qhead=0x7502f0000880
DBG io submit tier=0 nbytes=17547264 qhead=0x7502f0000880
DBG io submit tier=0 nbytes=17547264 qhead=0x7502f0000880
DBG io submit tier=0 nbytes=17547264 qhead=0x7502f0000880
DBG io submit tier=0 nbytes=17547264 qhead=0x7502f0000880
DBG io submit tier=0 nbytes=17547264 qhead=0x7502f0000880
DBG io submit tier=0 nbytes=17547264 qhead=0x7502f0000880
DBG io submit tier=0 nbytes=17547264 qhead=0x7502f0000880
DBG io submit tier=0 nbytes=17547264 qhead=0x7502f0000880
DBG io submit tier=0 nbytes=17547264 qhead=0x7502f0000880
DBG io submit tier=0 nbytes=17547264 qhead=0x7502f0000880
DBG io submit tier=0 nbytes=17547264 qhead=0x7502f0000880
DBG io submit tier=0 nbytes=17547264 qhead=0x750320000880
DBG io chunk n=33554432 want=33554432
DBG io worker tier=0 rc=17547264 nbytes=17547264
DBG io worker tier=0 rc=17547264 nbytes=17547264
DBG io worker tier=0 rc=17547264 nbytes=17547264
DBG io chunk n=33554432 want=33554432
DBG io worker tier=0 rc=17547264 nbytes=17547264
DBG io worker tier=0 rc=17547264 nbytes=17547264
DBG io worker tier=0 rc=17547264 nbytes=17547264
DBG io chunk n=33554432 want=33554432
DBG io worker tier=0 rc=17547264 nbytes=17547264
DBG io worker tier=0 rc=17547264 nbytes=17547264
DBG io worker tier=0 rc=17547264 nbytes=17547264
DBG io chunk n=33554432 want=33554432
DBG io worker tier=0 rc=17547264 nbytes=17547264
DBG io worker tier=0 rc=17547264 nbytes=17547264
DBG io worker tier=0 rc=17547264 nbytes=17547264
DBG io chunk n=33554432 want=33554432
DBG io worker tier=0 rc=17547264 nbytes=17547264
DBG io worker tier=0 rc=17547264 nbytes=17547264
DBG io worker tier=0 rc=17547264 nbytes=17547264
DBG io chunk n=33554432 want=33554432
DBG io worker tier=0 rc=17547264 nbytes=17547264
DBG getmany L62 nw=16 wall=0.302s thr(out)1 thr(in)16 conc_peak=16 pread=2.520s
DBG io chunk n=33554432 want=33554432
DBG io chunk n=33554432 want=33554432
DBG io chunk n=33554432 want=33554432
DBG io chunk n=29237248 want=29237248
DBG io worker tier=0 rc=431890432 nbytes=431890432
DBG trunk load_run L=63 kio r=431890432 got=0 nbytes=431890432
DBG io submit tier=0 nbytes=645562368 qhead=0x7502c8000880
DBG io chunk n=33554432 want=33554432
DBG io chunk n=33554432 want=33554432
DBG io submit tier=0 nbytes=17547264 qhead=0x7502e0000880
DBG io submit tier=0 nbytes=17547264 qhead=0x7502e0000880
DBG io submit tier=0 nbytes=17547264 qhead=0x7502e0000880
DBG io submit tier=0 nbytes=17547264 qhead=0x7502e0000880
DBG io submit tier=0 nbytes=17547264 qhead=0x7502e0000880
DBG io submit tier=0 nbytes=17547264 qhead=0x7502e0000880
DBG io submit tier=0 nbytes=17547264 qhead=0x7502e0000880
DBG io submit tier=0 nbytes=17547264 qhead=0x7502e0000880
DBG io submit tier=0 nbytes=17547264 qhead=0x7502e0000880
DBG io submit tier=0 nbytes=17547264 qhead=0x7502e0000880
DBG io submit tier=0 nbytes=17547264 qhead=0x7502e0000880
DBG io submit tier=0 nbytes=17547264 qhead=0x7502e0000880
DBG io submit tier=0 nbytes=17547264 qhead=0x7502e0000880
DBG io submit tier=0 nbytes=17547264 qhead=0x7502e0000880
DBG io submit tier=0 nbytes=17547264 qhead=0x750338000880
DBG io submit tier=0 nbytes=17547264 qhead=0x750338000880
DBG io chunk n=33554432 want=33554432
DBG io worker tier=0 rc=17547264 nbytes=17547264
DBG io worker tier=0 rc=17547264 nbytes=17547264
DBG io worker tier=0 rc=17547264 nbytes=17547264
DBG io worker tier=0 rc=17547264 nbytes=17547264
DBG io chunk n=33554432 want=33554432
DBG io worker tier=0 rc=17547264 nbytes=17547264
DBG io worker tier=0 rc=17547264 nbytes=17547264
DBG io worker tier=0 rc=17547264 nbytes=17547264
DBG io chunk n=33554432 want=33554432
DBG io worker tier=0 rc=17547264 nbytes=17547264
DBG io worker tier=0 rc=17547264 nbytes=17547264
DBG io worker tier=0 rc=17547264 nbytes=17547264
DBG io chunk n=33554432 want=33554432
DBG io worker tier=0 rc=17547264 nbytes=17547264
DBG io worker tier=0 rc=17547264 nbytes=17547264
DBG io worker tier=0 rc=17547264 nbytes=17547264
DBG io chunk n=33554432 want=33554432
DBG io worker tier=0 rc=17547264 nbytes=17547264
DBG io worker tier=0 rc=17547264 nbytes=17547264
DBG io worker tier=0 rc=17547264 nbytes=17547264
DBG getmany L63 nw=16 wall=0.283s thr(out)1 thr(in)16 conc_peak=16 pread=2.552s
DBG io chunk n=33554432 want=33554432
DBG io chunk n=33554432 want=33554432
DBG io chunk n=33554432 want=33554432
DBG io chunk n=33554432 want=33554432
DBG io chunk n=33554432 want=33554432
DBG io chunk n=33554432 want=33554432
DBG io chunk n=33554432 want=33554432
DBG io chunk n=33554432 want=33554432
DBG io chunk n=33554432 want=33554432
DBG io chunk n=33554432 want=33554432
DBG io chunk n=33554432 want=33554432
DBG io chunk n=33554432 want=33554432
DBG io chunk n=8028160 want=8028160
DBG io worker tier=0 rc=645562368 nbytes=645562368
DBG trunk load_run L=64 kio r=645562368 got=0 nbytes=645562368
DBG io submit tier=0 nbytes=645562368 qhead=0x7502c8000880
DBG io chunk n=33554432 want=33554432
DBG io chunk n=33554432 want=33554432
DBG io chunk n=33554432 want=33554432
DBG io submit tier=0 nbytes=17547264 qhead=0x750338000880
DBG io submit tier=0 nbytes=17547264 qhead=0x750318000880
DBG io submit tier=0 nbytes=17547264 qhead=0x750318000880
DBG io submit tier=0 nbytes=17547264 qhead=0x750318000880
DBG io submit tier=0 nbytes=17547264 qhead=0x750318000880
DBG io submit tier=0 nbytes=17547264 qhead=0x750318000880
DBG io submit tier=0 nbytes=17547264 qhead=0x750318000880
DBG io submit tier=0 nbytes=17547264 qhead=0x750318000880
DBG io submit tier=0 nbytes=17547264 qhead=0x750318000880
DBG io submit tier=0 nbytes=17547264 qhead=0x750318000880
DBG io submit tier=0 nbytes=17547264 qhead=0x750318000880
DBG io submit tier=0 nbytes=17547264 qhead=0x750318000880
DBG io submit tier=0 nbytes=17547264 qhead=0x750318000880
DBG io submit tier=0 nbytes=17547264 qhead=0x750318000880
DBG io submit tier=0 nbytes=17547264 qhead=0x750318000880
DBG io submit tier=0 nbytes=17547264 qhead=0x750328000880
DBG io chunk n=33554432 want=33554432
DBG io worker tier=0 rc=17547264 nbytes=17547264
DBG io worker tier=0 rc=17547264 nbytes=17547264
DBG io worker tier=0 rc=17547264 nbytes=17547264
DBG io worker tier=0 rc=17547264 nbytes=17547264
DBG io chunk n=33554432 want=33554432
DBG io worker tier=0 rc=17547264 nbytes=17547264
DBG io worker tier=0 rc=17547264 nbytes=17547264
DBG io worker tier=0 rc=17547264 nbytes=17547264
DBG io worker tier=0 rc=17547264 nbytes=17547264
DBG io chunk n=33554432 want=33554432
DBG io worker tier=0 rc=17547264 nbytes=17547264
DBG io worker tier=0 rc=17547264 nbytes=17547264
DBG io worker tier=0 rc=17547264 nbytes=17547264
DBG io chunk n=33554432 want=33554432
DBG io worker tier=0 rc=17547264 nbytes=17547264
DBG io worker tier=0 rc=17547264 nbytes=17547264
DBG io worker tier=0 rc=17547264 nbytes=17547264
DBG io chunk n=33554432 want=33554432
DBG io worker tier=0 rc=17547264 nbytes=17547264
DBG io worker tier=0 rc=17547264 nbytes=17547264
DBG getmany L64 nw=16 wall=0.270s thr(out)1 thr(in)16 conc_peak=16 pread=2.308s
DBG io chunk n=33554432 want=33554432
DBG io chunk n=33554432 want=33554432
DBG io chunk n=33554432 want=33554432
DBG io chunk n=33554432 want=33554432
DBG io chunk n=33554432 want=33554432
DBG io chunk n=33554432 want=33554432
DBG io chunk n=33554432 want=33554432
DBG io chunk n=33554432 want=33554432
DBG io chunk n=33554432 want=33554432
DBG io chunk n=33554432 want=33554432
DBG io chunk n=33554432 want=33554432
DBG io chunk n=8028160 want=8028160
DBG io worker tier=0 rc=645562368 nbytes=645562368
DBG trunk load_run L=65 kio r=645562368 got=0 nbytes=645562368
DBG io submit tier=0 nbytes=645562368 qhead=0x7502c8000880
DBG io chunk n=33554432 want=33554432
DBG io chunk n=33554432 want=33554432
DBG io chunk n=33554432 want=33554432
DBG io submit tier=0 nbytes=17547264 qhead=0x608f420fa1f0
DBG io submit tier=0 nbytes=17547264 qhead=0x608f420fa1f0
DBG io submit tier=0 nbytes=17547264 qhead=0x608f420fa1f0
DBG io submit tier=0 nbytes=17547264 qhead=0x608f420fa1f0
DBG io submit tier=0 nbytes=17547264 qhead=0x608f420fa1f0
DBG io submit tier=0 nbytes=17547264 qhead=0x608f420fa1f0
DBG io submit tier=0 nbytes=17547264 qhead=0x608f420fa1f0
DBG io submit tier=0 nbytes=17547264 qhead=0x608f420fa1f0
DBG io submit tier=0 nbytes=17547264 qhead=0x608f420fa1f0
DBG io submit tier=0 nbytes=17547264 qhead=0x608f420fa1f0
DBG io submit tier=0 nbytes=17547264 qhead=0x608f420fa1f0
DBG io submit tier=0 nbytes=17547264 qhead=0x608f420fa1f0
DBG io submit tier=0 nbytes=17547264 qhead=0x608f420fa1f0
DBG io submit tier=0 nbytes=17547264 qhead=0x608f420fa1f0
DBG io submit tier=0 nbytes=17547264 qhead=0x7502f0000880
DBG io submit tier=0 nbytes=17547264 qhead=0x7502f0000880
DBG io chunk n=33554432 want=33554432
DBG io worker tier=0 rc=17547264 nbytes=17547264
DBG io worker tier=0 rc=17547264 nbytes=17547264
DBG io worker tier=0 rc=17547264 nbytes=17547264
DBG io chunk n=33554432 want=33554432
DBG io worker tier=0 rc=17547264 nbytes=17547264
DBG io worker tier=0 rc=17547264 nbytes=17547264
DBG io worker tier=0 rc=17547264 nbytes=17547264
DBG io chunk n=33554432 want=33554432
DBG io worker tier=0 rc=17547264 nbytes=17547264
DBG io worker tier=0 rc=17547264 nbytes=17547264
DBG io worker tier=0 rc=17547264 nbytes=17547264
DBG io chunk n=33554432 want=33554432
DBG io worker tier=0 rc=17547264 nbytes=17547264
DBG io worker tier=0 rc=17547264 nbytes=17547264
DBG io worker tier=0 rc=17547264 nbytes=17547264
DBG io worker tier=0 rc=17547264 nbytes=17547264
DBG io chunk n=33554432 want=33554432
DBG io worker tier=0 rc=17547264 nbytes=17547264
DBG io worker tier=0 rc=17547264 nbytes=17547264
DBG io worker tier=0 rc=17547264 nbytes=17547264
DBG getmany L65 nw=16 wall=0.285s thr(out)1 thr(in)16 conc_peak=16 pread=2.679s
DBG io chunk n=33554432 want=33554432
DBG io chunk n=33554432 want=33554432
DBG io chunk n=33554432 want=33554432
DBG io chunk n=33554432 want=33554432
DBG io chunk n=33554432 want=33554432
DBG io chunk n=33554432 want=33554432
DBG io chunk n=33554432 want=33554432
DBG io chunk n=33554432 want=33554432
DBG io chunk n=33554432 want=33554432
DBG io chunk n=33554432 want=33554432
DBG io chunk n=33554432 want=33554432
DBG io chunk n=8028160 want=8028160
DBG io worker tier=0 rc=645562368 nbytes=645562368
DBG trunk load_run L=66 kio r=645562368 got=0 nbytes=645562368
DBG io submit tier=0 nbytes=431890432 qhead=0x7502c8000880
DBG io chunk n=33554432 want=33554432
DBG io chunk n=33554432 want=33554432
DBG io submit tier=0 nbytes=17547264 qhead=0x75033c000880
DBG io submit tier=0 nbytes=17547264 qhead=0x75033c000880
DBG io submit tier=0 nbytes=17547264 qhead=0x75033c000880
DBG io submit tier=0 nbytes=17547264 qhead=0x75033c000880
DBG io submit tier=0 nbytes=17547264 qhead=0x75033c000880
DBG io submit tier=0 nbytes=17547264 qhead=0x75033c000880
DBG io submit tier=0 nbytes=17547264 qhead=0x75033c000880
DBG io submit tier=0 nbytes=17547264 qhead=0x75033c000880
DBG io submit tier=0 nbytes=17547264 qhead=0x75033c000880
DBG io submit tier=0 nbytes=17547264 qhead=0x75033c000880
DBG io submit tier=0 nbytes=17547264 qhead=0x75033c000880
DBG io submit tier=0 nbytes=17547264 qhead=0x75033c000880
DBG io submit tier=0 nbytes=17547264 qhead=0x75033c000880
DBG io submit tier=0 nbytes=17547264 qhead=0x75033c000880
DBG io submit tier=0 nbytes=17547264 qhead=0x75033c000880
DBG io submit tier=0 nbytes=17547264 qhead=0x750338000880
DBG io chunk n=33554432 want=33554432
DBG io worker tier=0 rc=17547264 nbytes=17547264
DBG io worker tier=0 rc=17547264 nbytes=17547264
DBG io worker tier=0 rc=17547264 nbytes=17547264
DBG io chunk n=33554432 want=33554432
DBG io worker tier=0 rc=17547264 nbytes=17547264
DBG io worker tier=0 rc=17547264 nbytes=17547264
DBG io worker tier=0 rc=17547264 nbytes=17547264
DBG io chunk n=33554432 want=33554432
DBG io worker tier=0 rc=17547264 nbytes=17547264
DBG io worker tier=0 rc=17547264 nbytes=17547264
DBG io worker tier=0 rc=17547264 nbytes=17547264
DBG io chunk n=33554432 want=33554432
DBG io worker tier=0 rc=17547264 nbytes=17547264
DBG io worker tier=0 rc=17547264 nbytes=17547264
DBG io worker tier=0 rc=17547264 nbytes=17547264
DBG io chunk n=33554432 want=33554432
DBG io worker tier=0 rc=17547264 nbytes=17547264
DBG io worker tier=0 rc=17547264 nbytes=17547264
DBG io worker tier=0 rc=17547264 nbytes=17547264
DBG io chunk n=33554432 want=33554432
DBG io worker tier=0 rc=17547264 nbytes=17547264
DBG getmany L66 nw=16 wall=0.321s thr(out)1 thr(in)16 conc_peak=16 pread=2.740s
DBG io chunk n=33554432 want=33554432
DBG io chunk n=33554432 want=33554432
DBG io chunk n=33554432 want=33554432
DBG io chunk n=33554432 want=33554432
DBG io chunk n=29237248 want=29237248
DBG io worker tier=0 rc=431890432 nbytes=431890432
DBG trunk load_run L=67 kio r=431890432 got=0 nbytes=431890432
DBG io submit tier=0 nbytes=645562368 qhead=0x7502c8000880
DBG io chunk n=33554432 want=33554432
DBG io submit tier=0 nbytes=17547264 qhead=0x750318000880
DBG io submit tier=0 nbytes=17547264 qhead=0x750340000880
DBG io submit tier=0 nbytes=17547264 qhead=0x750340000880
DBG io submit tier=0 nbytes=17547264 qhead=0x750340000880
DBG io submit tier=0 nbytes=17547264 qhead=0x750340000880
DBG io submit tier=0 nbytes=17547264 qhead=0x750340000880
DBG io submit tier=0 nbytes=17547264 qhead=0x750340000880
DBG io chunk n=33554432 want=33554432
DBG io submit tier=0 nbytes=17547264 qhead=0x750340000880
DBG io submit tier=0 nbytes=17547264 qhead=0x750340000880
DBG io submit tier=0 nbytes=17547264 qhead=0x750340000880
DBG io submit tier=0 nbytes=17547264 qhead=0x750340000880
DBG io submit tier=0 nbytes=17547264 qhead=0x750340000880
DBG io submit tier=0 nbytes=17547264 qhead=0x750340000880
DBG io submit tier=0 nbytes=17547264 qhead=0x750340000880
DBG io submit tier=0 nbytes=17547264 qhead=0x750340000880
DBG io submit tier=0 nbytes=17547264 qhead=0x750328000880
DBG io worker tier=0 rc=17547264 nbytes=17547264
DBG io chunk n=33554432 want=33554432
DBG io worker tier=0 rc=17547264 nbytes=17547264
DBG io worker tier=0 rc=17547264 nbytes=17547264
DBG io worker tier=0 rc=17547264 nbytes=17547264
DBG io worker tier=0 rc=17547264 nbytes=17547264
DBG io chunk n=33554432 want=33554432
DBG io worker tier=0 rc=17547264 nbytes=17547264
DBG io worker tier=0 rc=17547264 nbytes=17547264
DBG io worker tier=0 rc=17547264 nbytes=17547264
DBG io chunk n=33554432 want=33554432
DBG io worker tier=0 rc=17547264 nbytes=17547264
DBG io worker tier=0 rc=17547264 nbytes=17547264
DBG io worker tier=0 rc=17547264 nbytes=17547264
DBG io chunk n=33554432 want=33554432
DBG io worker tier=0 rc=17547264 nbytes=17547264
DBG io worker tier=0 rc=17547264 nbytes=17547264
DBG io worker tier=0 rc=17547264 nbytes=17547264
DBG io chunk n=33554432 want=33554432
DBG io worker tier=0 rc=17547264 nbytes=17547264
DBG io worker tier=0 rc=17547264 nbytes=17547264
DBG getmany L67 nw=16 wall=0.306s thr(out)1 thr(in)16 conc_peak=16 pread=2.619s
DBG io chunk n=33554432 want=33554432
DBG io chunk n=33554432 want=33554432
DBG io chunk n=33554432 want=33554432
DBG io chunk n=33554432 want=33554432
DBG io chunk n=33554432 want=33554432
DBG io chunk n=33554432 want=33554432
DBG io chunk n=33554432 want=33554432
DBG io chunk n=33554432 want=33554432
DBG io chunk n=33554432 want=33554432
DBG io chunk n=33554432 want=33554432
DBG io chunk n=33554432 want=33554432
DBG io chunk n=33554432 want=33554432
DBG io chunk n=8028160 want=8028160
DBG io worker tier=0 rc=645562368 nbytes=645562368
DBG trunk load_run L=68 kio r=645562368 got=0 nbytes=645562368
DBG io submit tier=0 nbytes=645562368 qhead=0x7502c8000880
DBG io submit tier=0 nbytes=17547264 qhead=0x7502f8000880
DBG io submit tier=0 nbytes=17547264 qhead=0x7502f0000880
DBG io chunk n=33554432 want=33554432
DBG io submit tier=0 nbytes=17547264 qhead=0x7502f0000880
DBG io submit tier=0 nbytes=17547264 qhead=0x7502f0000880
DBG io submit tier=0 nbytes=17547264 qhead=0x7502f0000880
DBG io submit tier=0 nbytes=17547264 qhead=0x7502f0000880
DBG io submit tier=0 nbytes=17547264 qhead=0x7502f0000880
DBG io submit tier=0 nbytes=17547264 qhead=0x7502f0000880
DBG io submit tier=0 nbytes=17547264 qhead=0x7502f0000880
DBG io submit tier=0 nbytes=17547264 qhead=0x7502f0000880
DBG io submit tier=0 nbytes=17547264 qhead=0x7502f0000880
DBG io submit tier=0 nbytes=17547264 qhead=0x7502f0000880
DBG io submit tier=0 nbytes=17547264 qhead=0x7502f0000880
DBG io submit tier=0 nbytes=17547264 qhead=0x7502f0000880
DBG io submit tier=0 nbytes=17547264 qhead=0x7502f0000880
DBG io submit tier=0 nbytes=17547264 qhead=0x750300000880
DBG io worker tier=0 rc=17547264 nbytes=17547264
DBG io chunk n=33554432 want=33554432
DBG io worker tier=0 rc=17547264 nbytes=17547264
DBG io worker tier=0 rc=17547264 nbytes=17547264
DBG io worker tier=0 rc=17547264 nbytes=17547264
DBG io chunk n=33554432 want=33554432
DBG io worker tier=0 rc=17547264 nbytes=17547264
DBG io worker tier=0 rc=17547264 nbytes=17547264
DBG io worker tier=0 rc=17547264 nbytes=17547264
DBG io chunk n=33554432 want=33554432
DBG io worker tier=0 rc=17547264 nbytes=17547264
DBG io worker tier=0 rc=17547264 nbytes=17547264
DBG io worker tier=0 rc=17547264 nbytes=17547264
DBG io chunk n=33554432 want=33554432
DBG io worker tier=0 rc=17547264 nbytes=17547264
DBG io worker tier=0 rc=17547264 nbytes=17547264
DBG io worker tier=0 rc=17547264 nbytes=17547264
DBG io chunk n=33554432 want=33554432
DBG io worker tier=0 rc=17547264 nbytes=17547264
DBG io worker tier=0 rc=17547264 nbytes=17547264
DBG io worker tier=0 rc=17547264 nbytes=17547264
DBG getmany L68 nw=16 wall=0.327s thr(out)1 thr(in)16 conc_peak=16 pread=3.045s
DBG io chunk n=33554432 want=33554432
DBG io chunk n=33554432 want=33554432
DBG io chunk n=33554432 want=33554432
DBG io chunk n=33554432 want=33554432
DBG io chunk n=33554432 want=33554432
DBG io chunk n=33554432 want=33554432
DBG io chunk n=33554432 want=33554432
DBG io chunk n=33554432 want=33554432
DBG io chunk n=33554432 want=33554432
DBG io chunk n=33554432 want=33554432
DBG io chunk n=33554432 want=33554432
DBG io chunk n=33554432 want=33554432
DBG io chunk n=33554432 want=33554432
DBG io chunk n=8028160 want=8028160
DBG io worker tier=0 rc=645562368 nbytes=645562368
DBG trunk load_run L=69 kio r=645562368 got=0 nbytes=645562368
DBG io submit tier=0 nbytes=645562368 qhead=0x7502c8000880
DBG io chunk n=33554432 want=33554432
DBG io chunk n=33554432 want=33554432
DBG io submit tier=0 nbytes=17547264 qhead=0x7502f8000880
DBG io submit tier=0 nbytes=17547264 qhead=0x75031c000880
DBG io submit tier=0 nbytes=17547264 qhead=0x750328000880
DBG io submit tier=0 nbytes=17547264 qhead=0x750328000880
DBG io submit tier=0 nbytes=17547264 qhead=0x750328000880
DBG io submit tier=0 nbytes=17547264 qhead=0x750328000880
DBG io submit tier=0 nbytes=17547264 qhead=0x750328000880
DBG io submit tier=0 nbytes=17547264 qhead=0x750328000880
DBG io submit tier=0 nbytes=17547264 qhead=0x750328000880
DBG io submit tier=0 nbytes=17547264 qhead=0x750328000880
DBG io submit tier=0 nbytes=17547264 qhead=0x750328000880
DBG io submit tier=0 nbytes=17547264 qhead=0x750328000880
DBG io submit tier=0 nbytes=17547264 qhead=0x7502e0000880
DBG io submit tier=0 nbytes=17547264 qhead=0x7502e0000880
DBG io submit tier=0 nbytes=17547264 qhead=0x7502e0000880
DBG io submit tier=0 nbytes=17547264 qhead=0x7502e0000880
DBG io chunk n=33554432 want=33554432
DBG io worker tier=0 rc=17547264 nbytes=17547264
DBG io worker tier=0 rc=17547264 nbytes=17547264
DBG io worker tier=0 rc=17547264 nbytes=17547264
DBG io chunk n=33554432 want=33554432
DBG io worker tier=0 rc=17547264 nbytes=17547264
DBG io worker tier=0 rc=17547264 nbytes=17547264
DBG io worker tier=0 rc=17547264 nbytes=17547264
DBG io chunk n=33554432 want=33554432
DBG io worker tier=0 rc=17547264 nbytes=17547264
DBG io worker tier=0 rc=17547264 nbytes=17547264
DBG io worker tier=0 rc=17547264 nbytes=17547264
DBG io chunk n=33554432 want=33554432
DBG io worker tier=0 rc=17547264 nbytes=17547264
DBG io worker tier=0 rc=17547264 nbytes=17547264
DBG io worker tier=0 rc=17547264 nbytes=17547264
DBG io chunk n=33554432 want=33554432
DBG io worker tier=0 rc=17547264 nbytes=17547264
DBG io chunk n=33554432 want=33554432
DBG io worker tier=0 rc=17547264 nbytes=17547264
DBG io worker tier=0 rc=17547264 nbytes=17547264
DBG io worker tier=0 rc=17547264 nbytes=17547264
DBG getmany L69 nw=16 wall=0.295s thr(out)1 thr(in)16 conc_peak=16 pread=2.477s
DBG io chunk n=33554432 want=33554432
DBG io chunk n=33554432 want=33554432
DBG io chunk n=33554432 want=33554432
DBG io chunk n=33554432 want=33554432
DBG io chunk n=33554432 want=33554432
DBG io chunk n=33554432 want=33554432
DBG io chunk n=33554432 want=33554432
DBG io chunk n=33554432 want=33554432
DBG io chunk n=33554432 want=33554432
DBG io chunk n=33554432 want=33554432
DBG io chunk n=33554432 want=33554432
DBG io chunk n=8028160 want=8028160
DBG io worker tier=0 rc=645562368 nbytes=645562368
DBG trunk load_run L=70 kio r=645562368 got=0 nbytes=645562368
DBG io submit tier=0 nbytes=431890432 qhead=0x7502c8000880
DBG io chunk n=33554432 want=33554432
DBG io chunk n=33554432 want=33554432
DBG io submit tier=0 nbytes=17547264 qhead=0x608f420fa1f0
DBG io chunk n=33554432 want=33554432
DBG io submit tier=0 nbytes=17547264 qhead=0x7502f0000880
DBG io submit tier=0 nbytes=17547264 qhead=0x7502f8000880
DBG io submit tier=0 nbytes=17547264 qhead=0x7502f8000880
DBG io submit tier=0 nbytes=17547264 qhead=0x7502f8000880
DBG io worker tier=0 rc=17547264 nbytes=17547264
DBG io submit tier=0 nbytes=17547264 qhead=0x7502f8000880
DBG io submit tier=0 nbytes=17547264 qhead=0x7502f8000880
DBG io submit tier=0 nbytes=17547264 qhead=0x7502f8000880
DBG io submit tier=0 nbytes=17547264 qhead=0x7502f8000880
DBG io submit tier=0 nbytes=17547264 qhead=0x7502f8000880
DBG io submit tier=0 nbytes=17547264 qhead=0x7502f8000880
DBG io submit tier=0 nbytes=17547264 qhead=0x7502f8000880
DBG io submit tier=0 nbytes=17547264 qhead=0x7502f8000880
DBG io submit tier=0 nbytes=17547264 qhead=0x750338000880
DBG io submit tier=0 nbytes=17547264 qhead=0x750338000880
DBG io submit tier=0 nbytes=17547264 qhead=0x750338000880
DBG io worker tier=0 rc=17547264 nbytes=17547264
DBG io chunk n=33554432 want=33554432
DBG io worker tier=0 rc=17547264 nbytes=17547264
DBG io worker tier=0 rc=17547264 nbytes=17547264
DBG io worker tier=0 rc=17547264 nbytes=17547264
DBG io chunk n=33554432 want=33554432
DBG io worker tier=0 rc=17547264 nbytes=17547264
DBG io worker tier=0 rc=17547264 nbytes=17547264
DBG io worker tier=0 rc=17547264 nbytes=17547264
DBG io chunk n=33554432 want=33554432
DBG io worker tier=0 rc=17547264 nbytes=17547264
DBG io worker tier=0 rc=17547264 nbytes=17547264
DBG io worker tier=0 rc=17547264 nbytes=17547264
DBG io chunk n=33554432 want=33554432
DBG io worker tier=0 rc=17547264 nbytes=17547264
DBG io worker tier=0 rc=17547264 nbytes=17547264
DBG io worker tier=0 rc=17547264 nbytes=17547264
DBG io chunk n=33554432 want=33554432
DBG io worker tier=0 rc=17547264 nbytes=17547264
DBG io worker tier=0 rc=17547264 nbytes=17547264
DBG getmany L70 nw=16 wall=0.313s thr(out)1 thr(in)16 conc_peak=16 pread=2.726s
DBG io chunk n=33554432 want=33554432
DBG io chunk n=33554432 want=33554432
DBG io chunk n=33554432 want=33554432
DBG io chunk n=33554432 want=33554432
DBG io chunk n=29237248 want=29237248
DBG io worker tier=0 rc=431890432 nbytes=431890432
DBG trunk load_run L=71 kio r=431890432 got=0 nbytes=431890432
DBG io submit tier=0 nbytes=645562368 qhead=0x7502c8000880
DBG io chunk n=33554432 want=33554432
DBG io chunk n=33554432 want=33554432
DBG io submit tier=0 nbytes=17547264 qhead=0x750310000880
DBG io submit tier=0 nbytes=17547264 qhead=0x750310000880
DBG io submit tier=0 nbytes=17547264 qhead=0x750310000880
DBG io submit tier=0 nbytes=17547264 qhead=0x750310000880
DBG io submit tier=0 nbytes=17547264 qhead=0x750310000880
DBG io submit tier=0 nbytes=17547264 qhead=0x750310000880
DBG io submit tier=0 nbytes=17547264 qhead=0x750310000880
DBG io submit tier=0 nbytes=17547264 qhead=0x750310000880
DBG io submit tier=0 nbytes=17547264 qhead=0x750310000880
DBG io submit tier=0 nbytes=17547264 qhead=0x750310000880
DBG io submit tier=0 nbytes=17547264 qhead=0x750310000880
DBG io submit tier=0 nbytes=17547264 qhead=0x750310000880
DBG io submit tier=0 nbytes=17547264 qhead=0x750310000880
DBG io submit tier=0 nbytes=17547264 qhead=0x750310000880
DBG io submit tier=0 nbytes=17547264 qhead=0x750310000880
DBG io submit tier=0 nbytes=17547264 qhead=0x750328000880
DBG io chunk n=33554432 want=33554432
DBG io worker tier=0 rc=17547264 nbytes=17547264
DBG io worker tier=0 rc=17547264 nbytes=17547264
DBG io worker tier=0 rc=17547264 nbytes=17547264
DBG io chunk n=33554432 want=33554432
DBG io worker tier=0 rc=17547264 nbytes=17547264
DBG io worker tier=0 rc=17547264 nbytes=17547264
DBG io worker tier=0 rc=17547264 nbytes=17547264
DBG io chunk n=33554432 want=33554432
DBG io worker tier=0 rc=17547264 nbytes=17547264
DBG io worker tier=0 rc=17547264 nbytes=17547264
DBG io worker tier=0 rc=17547264 nbytes=17547264
DBG io chunk n=33554432 want=33554432
DBG io worker tier=0 rc=17547264 nbytes=17547264
DBG io worker tier=0 rc=17547264 nbytes=17547264
DBG io worker tier=0 rc=17547264 nbytes=17547264
DBG io chunk n=33554432 want=33554432
DBG io worker tier=0 rc=17547264 nbytes=17547264
DBG io worker tier=0 rc=17547264 nbytes=17547264
DBG io worker tier=0 rc=17547264 nbytes=17547264
DBG io chunk n=33554432 want=33554432
DBG io worker tier=0 rc=17547264 nbytes=17547264
DBG getmany L71 nw=16 wall=0.305s thr(out)1 thr(in)16 conc_peak=16 pread=2.518s
DBG io chunk n=33554432 want=33554432
DBG io chunk n=33554432 want=33554432
DBG io chunk n=33554432 want=33554432
DBG io chunk n=33554432 want=33554432
DBG io chunk n=33554432 want=33554432
DBG io chunk n=33554432 want=33554432
DBG io chunk n=33554432 want=33554432
DBG io chunk n=33554432 want=33554432
DBG io chunk n=33554432 want=33554432
DBG io chunk n=33554432 want=33554432
DBG io chunk n=33554432 want=33554432
DBG io chunk n=8028160 want=8028160
DBG io worker tier=0 rc=645562368 nbytes=645562368
DBG trunk load_run L=72 kio r=645562368 got=0 nbytes=645562368
DBG io submit tier=0 nbytes=645562368 qhead=0x7502c8000880
DBG io chunk n=33554432 want=33554432
DBG io chunk n=33554432 want=33554432
DBG io chunk n=33554432 want=33554432
DBG io submit tier=0 nbytes=17547264 qhead=0x7502f0000880
DBG io submit tier=0 nbytes=17547264 qhead=0x7502f0000880
DBG io submit tier=0 nbytes=17547264 qhead=0x7502f0000880
DBG io submit tier=0 nbytes=17547264 qhead=0x7502f0000880
DBG io submit tier=0 nbytes=17547264 qhead=0x7502f0000880
DBG io submit tier=0 nbytes=17547264 qhead=0x7502f0000880
DBG io submit tier=0 nbytes=17547264 qhead=0x7502f0000880
DBG io submit tier=0 nbytes=17547264 qhead=0x7502f0000880
DBG io submit tier=0 nbytes=17547264 qhead=0x7502f0000880
DBG io submit tier=0 nbytes=17547264 qhead=0x7502f0000880
DBG io submit tier=0 nbytes=17547264 qhead=0x7502f0000880
DBG io submit tier=0 nbytes=17547264 qhead=0x7502f0000880
DBG io submit tier=0 nbytes=17547264 qhead=0x7502f0000880
DBG io submit tier=0 nbytes=17547264 qhead=0x7502f0000880
DBG io submit tier=0 nbytes=17547264 qhead=0x7502f0000880
DBG io submit tier=0 nbytes=17547264 qhead=0x608f420fa1f0
DBG io chunk n=33554432 want=33554432
DBG io worker tier=0 rc=17547264 nbytes=17547264
DBG io worker tier=0 rc=17547264 nbytes=17547264
DBG io worker tier=0 rc=17547264 nbytes=17547264
DBG io chunk n=33554432 want=33554432
DBG io worker tier=0 rc=17547264 nbytes=17547264
DBG io worker tier=0 rc=17547264 nbytes=17547264
DBG io worker tier=0 rc=17547264 nbytes=17547264
DBG io chunk n=33554432 want=33554432
DBG io worker tier=0 rc=17547264 nbytes=17547264
DBG io worker tier=0 rc=17547264 nbytes=17547264
DBG io worker tier=0 rc=17547264 nbytes=17547264
DBG io worker tier=0 rc=17547264 nbytes=17547264
DBG io chunk n=33554432 want=33554432
DBG io worker tier=0 rc=17547264 nbytes=17547264
DBG io worker tier=0 rc=17547264 nbytes=17547264
DBG io worker tier=0 rc=17547264 nbytes=17547264
DBG io chunk n=33554432 want=33554432
DBG io worker tier=0 rc=17547264 nbytes=17547264
DBG io worker tier=0 rc=17547264 nbytes=17547264
DBG io worker tier=0 rc=17547264 nbytes=17547264
DBG getmany L72 nw=16 wall=0.283s thr(out)1 thr(in)16 conc_peak=16 pread=2.449s
DBG io chunk n=33554432 want=33554432
DBG io chunk n=33554432 want=33554432
DBG io chunk n=33554432 want=33554432
DBG io chunk n=33554432 want=33554432
DBG io chunk n=33554432 want=33554432
DBG io chunk n=33554432 want=33554432
DBG io chunk n=33554432 want=33554432
DBG io chunk n=33554432 want=33554432
DBG io chunk n=33554432 want=33554432
DBG io chunk n=33554432 want=33554432
DBG io chunk n=33554432 want=33554432
DBG io chunk n=8028160 want=8028160
DBG io worker tier=0 rc=645562368 nbytes=645562368
DBG trunk load_run L=73 kio r=645562368 got=0 nbytes=645562368
DBG io submit tier=0 nbytes=645562368 qhead=0x7502c8000880
DBG io chunk n=33554432 want=33554432
DBG io chunk n=33554432 want=33554432
DBG io submit tier=0 nbytes=17547264 qhead=0x750300000880
DBG io submit tier=0 nbytes=17547264 qhead=0x750340000880
DBG io submit tier=0 nbytes=17547264 qhead=0x7502e8000880
DBG io submit tier=0 nbytes=17547264 qhead=0x7502e8000880
DBG io submit tier=0 nbytes=17547264 qhead=0x7502e8000880
DBG io submit tier=0 nbytes=17547264 qhead=0x7502e8000880
DBG io submit tier=0 nbytes=17547264 qhead=0x7502e8000880
DBG io submit tier=0 nbytes=17547264 qhead=0x7502e8000880
DBG io submit tier=0 nbytes=17547264 qhead=0x7502e8000880
DBG io submit tier=0 nbytes=17547264 qhead=0x7502e8000880
DBG io submit tier=0 nbytes=17547264 qhead=0x7502e8000880
DBG io submit tier=0 nbytes=17547264 qhead=0x7502e8000880
DBG io submit tier=0 nbytes=17547264 qhead=0x7502e8000880
DBG io submit tier=0 nbytes=17547264 qhead=0x750310000880
DBG io submit tier=0 nbytes=17547264 qhead=0x750310000880
DBG io submit tier=0 nbytes=17547264 qhead=0x750310000880
DBG io chunk n=33554432 want=33554432
DBG io worker tier=0 rc=17547264 nbytes=17547264
DBG io worker tier=0 rc=17547264 nbytes=17547264
DBG io worker tier=0 rc=17547264 nbytes=17547264
DBG io chunk n=33554432 want=33554432
DBG io worker tier=0 rc=17547264 nbytes=17547264
DBG io worker tier=0 rc=17547264 nbytes=17547264
DBG io worker tier=0 rc=17547264 nbytes=17547264
DBG io chunk n=33554432 want=33554432
DBG io worker tier=0 rc=17547264 nbytes=17547264
DBG io worker tier=0 rc=17547264 nbytes=17547264
DBG io worker tier=0 rc=17547264 nbytes=17547264
DBG io chunk n=33554432 want=33554432
DBG io worker tier=0 rc=17547264 nbytes=17547264
DBG io worker tier=0 rc=17547264 nbytes=17547264
DBG io worker tier=0 rc=17547264 nbytes=17547264
DBG io worker tier=0 rc=17547264 nbytes=17547264
DBG io chunk n=33554432 want=33554432
DBG io worker tier=0 rc=17547264 nbytes=17547264
DBG io worker tier=0 rc=17547264 nbytes=17547264
DBG io worker tier=0 rc=17547264 nbytes=17547264
DBG getmany L73 nw=16 wall=0.287s thr(out)1 thr(in)16 conc_peak=16 pread=2.551s
DBG io chunk n=33554432 want=33554432
DBG io chunk n=33554432 want=33554432
DBG io chunk n=33554432 want=33554432
DBG io chunk n=33554432 want=33554432
DBG io chunk n=33554432 want=33554432
DBG io chunk n=33554432 want=33554432
DBG io chunk n=33554432 want=33554432
DBG io chunk n=33554432 want=33554432
DBG io chunk n=33554432 want=33554432
DBG io chunk n=33554432 want=33554432
DBG io chunk n=33554432 want=33554432
DBG io chunk n=33554432 want=33554432
DBG io chunk n=8028160 want=8028160
DBG io worker tier=0 rc=645562368 nbytes=645562368
DBG trunk load_run L=74 kio r=645562368 got=0 nbytes=645562368
DBG io submit tier=0 nbytes=431890432 qhead=0x7502c8000880
DBG io chunk n=33554432 want=33554432
DBG io chunk n=33554432 want=33554432
DBG io chunk n=33554432 want=33554432
DBG io chunk n=33554432 want=33554432
DBG io submit tier=0 nbytes=17547264 qhead=0x750338000880
DBG io submit tier=0 nbytes=17547264 qhead=0x7502e0000880
DBG io submit tier=0 nbytes=17547264 qhead=0x750330000880
DBG io submit tier=0 nbytes=17547264 qhead=0x750330000880
DBG io submit tier=0 nbytes=17547264 qhead=0x750330000880
DBG io submit tier=0 nbytes=17547264 qhead=0x750330000880
DBG io submit tier=0 nbytes=17547264 qhead=0x750330000880
DBG io submit tier=0 nbytes=17547264 qhead=0x750330000880
DBG io submit tier=0 nbytes=17547264 qhead=0x750330000880
DBG io submit tier=0 nbytes=17547264 qhead=0x750330000880
DBG io submit tier=0 nbytes=17547264 qhead=0x750330000880
DBG io submit tier=0 nbytes=17547264 qhead=0x750330000880
DBG io submit tier=0 nbytes=17547264 qhead=0x750330000880
DBG io submit tier=0 nbytes=17547264 qhead=0x750340000880
DBG io submit tier=0 nbytes=17547264 qhead=0x750340000880
DBG io submit tier=0 nbytes=17547264 qhead=0x750340000880
DBG io worker tier=0 rc=17547264 nbytes=17547264
DBG io worker tier=0 rc=17547264 nbytes=17547264
DBG io worker tier=0 rc=17547264 nbytes=17547264
DBG io worker tier=0 rc=17547264 nbytes=17547264
DBG io chunk n=33554432 want=33554432
DBG io worker tier=0 rc=17547264 nbytes=17547264
DBG io worker tier=0 rc=17547264 nbytes=17547264
DBG io worker tier=0 rc=17547264 nbytes=17547264
DBG io chunk n=33554432 want=33554432
DBG io worker tier=0 rc=17547264 nbytes=17547264
DBG io worker tier=0 rc=17547264 nbytes=17547264
DBG io worker tier=0 rc=17547264 nbytes=17547264
DBG io chunk n=33554432 want=33554432
DBG io worker tier=0 rc=17547264 nbytes=17547264
DBG io worker tier=0 rc=17547264 nbytes=17547264
DBG io worker tier=0 rc=17547264 nbytes=17547264
DBG io chunk n=33554432 want=33554432
DBG io worker tier=0 rc=17547264 nbytes=17547264
DBG io worker tier=0 rc=17547264 nbytes=17547264
DBG io worker tier=0 rc=17547264 nbytes=17547264
DBG getmany L74 nw=16 wall=0.285s thr(out)1 thr(in)16 conc_peak=16 pread=2.337s
DBG io chunk n=33554432 want=33554432
DBG io chunk n=33554432 want=33554432
DBG io chunk n=33554432 want=33554432
DBG io chunk n=33554432 want=33554432
DBG io chunk n=29237248 want=29237248
DBG io worker tier=0 rc=431890432 nbytes=431890432
DBG trunk load_run L=75 kio r=431890432 got=0 nbytes=431890432
DBG io submit tier=0 nbytes=645562368 qhead=0x7502c8000880
DBG io chunk n=33554432 want=33554432
DBG io submit tier=0 nbytes=17547264 qhead=0x750300000880
DBG io submit tier=0 nbytes=17547264 qhead=0x750318000880
DBG io submit tier=0 nbytes=17547264 qhead=0x750318000880
DBG io submit tier=0 nbytes=17547264 qhead=0x750318000880
DBG io submit tier=0 nbytes=17547264 qhead=0x750318000880
DBG io submit tier=0 nbytes=17547264 qhead=0x750318000880
DBG io submit tier=0 nbytes=17547264 qhead=0x750318000880
DBG io submit tier=0 nbytes=17547264 qhead=0x750318000880
DBG io submit tier=0 nbytes=17547264 qhead=0x750318000880
DBG io submit tier=0 nbytes=17547264 qhead=0x750318000880
DBG io submit tier=0 nbytes=17547264 qhead=0x750318000880
DBG io submit tier=0 nbytes=17547264 qhead=0x750318000880
DBG io submit tier=0 nbytes=17547264 qhead=0x750318000880
DBG io submit tier=0 nbytes=17547264 qhead=0x750318000880
DBG io submit tier=0 nbytes=17547264 qhead=0x750318000880
DBG io submit tier=0 nbytes=17547264 qhead=0x750338000880
DBG io chunk n=33554432 want=33554432
DBG io worker tier=0 rc=17547264 nbytes=17547264
DBG io worker tier=0 rc=17547264 nbytes=17547264
DBG io worker tier=0 rc=17547264 nbytes=17547264
DBG io chunk n=33554432 want=33554432
DBG io worker tier=0 rc=17547264 nbytes=17547264
DBG io worker tier=0 rc=17547264 nbytes=17547264
DBG io worker tier=0 rc=17547264 nbytes=17547264
DBG io chunk n=33554432 want=33554432
DBG io worker tier=0 rc=17547264 nbytes=17547264
DBG io worker tier=0 rc=17547264 nbytes=17547264
DBG io worker tier=0 rc=17547264 nbytes=17547264
DBG io chunk n=33554432 want=33554432
DBG io worker tier=0 rc=17547264 nbytes=17547264
DBG io worker tier=0 rc=17547264 nbytes=17547264
DBG io worker tier=0 rc=17547264 nbytes=17547264
DBG io chunk n=33554432 want=33554432
DBG io worker tier=0 rc=17547264 nbytes=17547264
DBG io worker tier=0 rc=17547264 nbytes=17547264
DBG io worker tier=0 rc=17547264 nbytes=17547264
DBG io chunk n=33554432 want=33554432
DBG io worker tier=0 rc=17547264 nbytes=17547264
DBG getmany L75 nw=16 wall=0.297s thr(out)1 thr(in)16 conc_peak=16 pread=2.505s
DBG io chunk n=33554432 want=33554432
DBG io chunk n=33554432 want=33554432
DBG io chunk n=33554432 want=33554432
DBG io chunk n=33554432 want=33554432
DBG io chunk n=33554432 want=33554432
DBG io chunk n=33554432 want=33554432
DBG io chunk n=33554432 want=33554432
DBG io chunk n=33554432 want=33554432
DBG io chunk n=33554432 want=33554432
DBG io chunk n=33554432 want=33554432
DBG io chunk n=33554432 want=33554432
DBG io chunk n=33554432 want=33554432
DBG io chunk n=8028160 want=8028160
DBG io worker tier=0 rc=645562368 nbytes=645562368
DBG trunk load_run L=76 kio r=645562368 got=0 nbytes=645562368
DBG io submit tier=0 nbytes=645562368 qhead=0x7502c8000880
DBG io chunk n=33554432 want=33554432
DBG io chunk n=33554432 want=33554432
DBG io submit tier=0 nbytes=17547264 qhead=0x7502f8000880
DBG io submit tier=0 nbytes=17547264 qhead=0x7502f8000880
DBG io submit tier=0 nbytes=17547264 qhead=0x7502f8000880
DBG io submit tier=0 nbytes=17547264 qhead=0x7502f8000880
DBG io submit tier=0 nbytes=17547264 qhead=0x7502f8000880
DBG io submit tier=0 nbytes=17547264 qhead=0x7502f8000880
DBG io submit tier=0 nbytes=17547264 qhead=0x7502f8000880
DBG io submit tier=0 nbytes=17547264 qhead=0x7502f8000880
DBG io submit tier=0 nbytes=17547264 qhead=0x7502f8000880
DBG io submit tier=0 nbytes=17547264 qhead=0x7502f8000880
DBG io submit tier=0 nbytes=17547264 qhead=0x7502f8000880
DBG io submit tier=0 nbytes=17547264 qhead=0x7502f8000880
DBG io submit tier=0 nbytes=17547264 qhead=0x7502f8000880
DBG io submit tier=0 nbytes=17547264 qhead=0x7502f8000880
DBG io submit tier=0 nbytes=17547264 qhead=0x7502f8000880
DBG io submit tier=0 nbytes=17547264 qhead=0x7502e8000880
DBG io chunk n=33554432 want=33554432
DBG io worker tier=0 rc=17547264 nbytes=17547264
DBG io worker tier=0 rc=17547264 nbytes=17547264
DBG io worker tier=0 rc=17547264 nbytes=17547264
DBG io chunk n=33554432 want=33554432
DBG io worker tier=0 rc=17547264 nbytes=17547264
DBG io worker tier=0 rc=17547264 nbytes=17547264
DBG io worker tier=0 rc=17547264 nbytes=17547264
DBG io chunk n=33554432 want=33554432
DBG io worker tier=0 rc=17547264 nbytes=17547264
DBG io worker tier=0 rc=17547264 nbytes=17547264
DBG io worker tier=0 rc=17547264 nbytes=17547264
DBG io chunk n=33554432 want=33554432
DBG io worker tier=0 rc=17547264 nbytes=17547264
DBG io worker tier=0 rc=17547264 nbytes=17547264
DBG io worker tier=0 rc=17547264 nbytes=17547264
DBG io worker tier=0 rc=17547264 nbytes=17547264
DBG io chunk n=33554432 want=33554432
DBG io worker tier=0 rc=17547264 nbytes=17547264
DBG io worker tier=0 rc=17547264 nbytes=17547264
DBG io worker tier=0 rc=17547264 nbytes=17547264
DBG getmany L76 nw=16 wall=0.303s thr(out)1 thr(in)16 conc_peak=16 pread=2.674s
DBG io chunk n=33554432 want=33554432
DBG io chunk n=33554432 want=33554432
DBG io chunk n=33554432 want=33554432
DBG io chunk n=33554432 want=33554432
DBG io chunk n=33554432 want=33554432
DBG io chunk n=33554432 want=33554432
DBG io chunk n=33554432 want=33554432
DBG io chunk n=33554432 want=33554432
DBG io chunk n=33554432 want=33554432
DBG io chunk n=33554432 want=33554432
DBG io chunk n=33554432 want=33554432
DBG io chunk n=33554432 want=33554432
DBG io chunk n=8028160 want=8028160
DBG io worker tier=0 rc=645562368 nbytes=645562368
DBG trunk load_run L=77 kio r=645562368 got=0 nbytes=645562368
DBG io submit tier=0 nbytes=645562368 qhead=0x7502c8000880
DBG io chunk n=33554432 want=33554432
DBG io chunk n=33554432 want=33554432
DBG io submit tier=0 nbytes=17547264 qhead=0x608f420fa1f0
DBG io submit tier=0 nbytes=17547264 qhead=0x750318000880
DBG io submit tier=0 nbytes=17547264 qhead=0x750318000880
DBG io submit tier=0 nbytes=17547264 qhead=0x750318000880
DBG io submit tier=0 nbytes=17547264 qhead=0x750318000880
DBG io submit tier=0 nbytes=17547264 qhead=0x750318000880
DBG io submit tier=0 nbytes=17547264 qhead=0x750318000880
DBG io submit tier=0 nbytes=17547264 qhead=0x750318000880
DBG io chunk n=33554432 want=33554432
DBG io submit tier=0 nbytes=17547264 qhead=0x750318000880
DBG io submit tier=0 nbytes=17547264 qhead=0x750318000880
DBG io submit tier=0 nbytes=17547264 qhead=0x750318000880
DBG io submit tier=0 nbytes=17547264 qhead=0x750318000880
DBG io submit tier=0 nbytes=17547264 qhead=0x750318000880
DBG io submit tier=0 nbytes=17547264 qhead=0x750318000880
DBG io submit tier=0 nbytes=17547264 qhead=0x7502f0000880
DBG io submit tier=0 nbytes=17547264 qhead=0x750308000880
DBG io chunk n=33554432 want=33554432
DBG io worker tier=0 rc=17547264 nbytes=17547264
DBG io worker tier=0 rc=17547264 nbytes=17547264
DBG io worker tier=0 rc=17547264 nbytes=17547264
DBG io chunk n=33554432 want=33554432
DBG io worker tier=0 rc=17547264 nbytes=17547264
DBG io worker tier=0 rc=17547264 nbytes=17547264
DBG io worker tier=0 rc=17547264 nbytes=17547264
DBG io chunk n=33554432 want=33554432
DBG io worker tier=0 rc=17547264 nbytes=17547264
DBG io worker tier=0 rc=17547264 nbytes=17547264
DBG io worker tier=0 rc=17547264 nbytes=17547264
DBG io chunk n=33554432 want=33554432
DBG io worker tier=0 rc=17547264 nbytes=17547264
DBG io worker tier=0 rc=17547264 nbytes=17547264
DBG io worker tier=0 rc=17547264 nbytes=17547264
DBG io chunk n=33554432 want=33554432
DBG io worker tier=0 rc=17547264 nbytes=17547264
DBG io worker tier=0 rc=17547264 nbytes=17547264
DBG io worker tier=0 rc=17547264 nbytes=17547264
DBG io chunk n=33554432 want=33554432
DBG io worker tier=0 rc=17547264 nbytes=17547264
DBG getmany L77 nw=16 wall=0.316s thr(out)1 thr(in)16 conc_peak=16 pread=2.749s
DBG io chunk n=33554432 want=33554432
DBG io chunk n=33554432 want=33554432
DBG io chunk n=33554432 want=33554432
DBG io chunk n=33554432 want=33554432
DBG io chunk n=33554432 want=33554432
DBG io chunk n=33554432 want=33554432
DBG io chunk n=33554432 want=33554432
DBG io chunk n=33554432 want=33554432
DBG io chunk n=33554432 want=33554432
DBG io chunk n=33554432 want=33554432
DBG io chunk n=8028160 want=8028160
DBG io worker tier=0 rc=645562368 nbytes=645562368
DBG trunk load_run L=78 kio r=645562368 got=0 nbytes=645562368
DBG io submit tier=0 nbytes=431890432 qhead=0x7502c8000880
DBG io chunk n=33554432 want=33554432
DBG io submit tier=0 nbytes=17547264 qhead=0x608f420fa1f0
DBG io submit tier=0 nbytes=17547264 qhead=0x750328000880
DBG io submit tier=0 nbytes=17547264 qhead=0x750328000880
DBG io submit tier=0 nbytes=17547264 qhead=0x750328000880
DBG io submit tier=0 nbytes=17547264 qhead=0x750328000880
DBG io submit tier=0 nbytes=17547264 qhead=0x750328000880
DBG io submit tier=0 nbytes=17547264 qhead=0x750328000880
DBG io submit tier=0 nbytes=17547264 qhead=0x750328000880
DBG io submit tier=0 nbytes=17547264 qhead=0x750328000880
DBG io submit tier=0 nbytes=17547264 qhead=0x750328000880
DBG io submit tier=0 nbytes=17547264 qhead=0x750328000880
DBG io submit tier=0 nbytes=17547264 qhead=0x750328000880
DBG io submit tier=0 nbytes=17547264 qhead=0x750328000880
DBG io submit tier=0 nbytes=17547264 qhead=0x750328000880
DBG io submit tier=0 nbytes=17547264 qhead=0x750300000880
DBG io submit tier=0 nbytes=17547264 qhead=0x750300000880
DBG io chunk n=33554432 want=33554432
DBG io worker tier=0 rc=17547264 nbytes=17547264
DBG io worker tier=0 rc=17547264 nbytes=17547264
DBG io worker tier=0 rc=17547264 nbytes=17547264
DBG io chunk n=33554432 want=33554432
DBG io worker tier=0 rc=17547264 nbytes=17547264
DBG io worker tier=0 rc=17547264 nbytes=17547264
DBG io worker tier=0 rc=17547264 nbytes=17547264
DBG io chunk n=33554432 want=33554432
DBG io worker tier=0 rc=17547264 nbytes=17547264
DBG io worker tier=0 rc=17547264 nbytes=17547264
DBG io worker tier=0 rc=17547264 nbytes=17547264
DBG io chunk n=33554432 want=33554432
DBG io worker tier=0 rc=17547264 nbytes=17547264
DBG io worker tier=0 rc=17547264 nbytes=17547264
DBG io worker tier=0 rc=17547264 nbytes=17547264
DBG io chunk n=33554432 want=33554432
DBG io worker tier=0 rc=17547264 nbytes=17547264
DBG io worker tier=0 rc=17547264 nbytes=17547264
DBG io worker tier=0 rc=17547264 nbytes=17547264
DBG io chunk n=33554432 want=33554432
DBG io worker tier=0 rc=17547264 nbytes=17547264
DBG getmany L78 nw=16 wall=0.311s thr(out)1 thr(in)16 conc_peak=16 pread=2.580s
DBG io chunk n=33554432 want=33554432
DBG io chunk n=33554432 want=33554432
DBG io chunk n=33554432 want=33554432
DBG io chunk n=33554432 want=33554432
DBG io chunk n=33554432 want=33554432
DBG io chunk n=29237248 want=29237248
DBG io worker tier=0 rc=431890432 nbytes=431890432
DBG trunk load_run L=79 kio r=431890432 got=0 nbytes=431890432
DBG io submit tier=0 nbytes=645562368 qhead=0x7502c8000880
DBG io chunk n=33554432 want=33554432
DBG io chunk n=33554432 want=33554432
DBG io submit tier=0 nbytes=17547264 qhead=0x7502f8000880
DBG io submit tier=0 nbytes=17547264 qhead=0x7502f8000880
DBG io submit tier=0 nbytes=17547264 qhead=0x7502f8000880
DBG io submit tier=0 nbytes=17547264 qhead=0x7502f8000880
DBG io submit tier=0 nbytes=17547264 qhead=0x7502f8000880
DBG io submit tier=0 nbytes=17547264 qhead=0x7502f8000880
DBG io submit tier=0 nbytes=17547264 qhead=0x7502f8000880
DBG io submit tier=0 nbytes=17547264 qhead=0x7502f8000880
DBG io submit tier=0 nbytes=17547264 qhead=0x7502f8000880
DBG io submit tier=0 nbytes=17547264 qhead=0x7502f8000880
DBG io submit tier=0 nbytes=17547264 qhead=0x7502f8000880
DBG io submit tier=0 nbytes=17547264 qhead=0x7502f8000880
DBG io submit tier=0 nbytes=17547264 qhead=0x7502f8000880
DBG io submit tier=0 nbytes=17547264 qhead=0x7502f8000880
DBG io submit tier=0 nbytes=17547264 qhead=0x7502f8000880
DBG io submit tier=0 nbytes=17547264 qhead=0x7502f8000880
DBG io chunk n=33554432 want=33554432
DBG io worker tier=0 rc=17547264 nbytes=17547264
DBG io worker tier=0 rc=17547264 nbytes=17547264
DBG io worker tier=0 rc=17547264 nbytes=17547264
DBG io chunk n=33554432 want=33554432
DBG io worker tier=0 rc=17547264 nbytes=17547264
DBG io worker tier=0 rc=17547264 nbytes=17547264
DBG io worker tier=0 rc=17547264 nbytes=17547264
DBG io chunk n=33554432 want=33554432
DBG io worker tier=0 rc=17547264 nbytes=17547264
DBG io worker tier=0 rc=17547264 nbytes=17547264
DBG io worker tier=0 rc=17547264 nbytes=17547264
DBG io chunk n=33554432 want=33554432
DBG io worker tier=0 rc=17547264 nbytes=17547264
DBG io worker tier=0 rc=17547264 nbytes=17547264
DBG io worker tier=0 rc=17547264 nbytes=17547264
DBG io chunk n=33554432 want=33554432
DBG io worker tier=0 rc=17547264 nbytes=17547264
DBG io worker tier=0 rc=17547264 nbytes=17547264
DBG io worker tier=0 rc=17547264 nbytes=17547264
DBG io chunk n=33554432 want=33554432
DBG io worker tier=0 rc=17547264 nbytes=17547264
DBG getmany L79 nw=16 wall=0.315s thr(out)1 thr(in)16 conc_peak=16 pread=2.634s
DBG io chunk n=33554432 want=33554432
DBG io chunk n=33554432 want=33554432
DBG io chunk n=33554432 want=33554432
DBG io chunk n=33554432 want=33554432
DBG io chunk n=33554432 want=33554432
DBG io chunk n=33554432 want=33554432
DBG io chunk n=33554432 want=33554432
DBG io chunk n=33554432 want=33554432
DBG io chunk n=33554432 want=33554432
DBG io chunk n=33554432 want=33554432
DBG io chunk n=33554432 want=33554432
DBG io chunk n=8028160 want=8028160
DBG io worker tier=0 rc=645562368 nbytes=645562368
DBG trunk load_run L=80 kio r=645562368 got=0 nbytes=645562368
DBG io submit tier=0 nbytes=645562368 qhead=0x7502c8000880
DBG io chunk n=33554432 want=33554432
DBG io chunk n=33554432 want=33554432
DBG io submit tier=0 nbytes=17547264 qhead=0x750308000880
DBG io submit tier=0 nbytes=17547264 qhead=0x608f420fa1f0
DBG io submit tier=0 nbytes=17547264 qhead=0x608f420fa1f0
DBG io submit tier=0 nbytes=17547264 qhead=0x608f420fa1f0
DBG io submit tier=0 nbytes=17547264 qhead=0x608f420fa1f0
DBG io submit tier=0 nbytes=17547264 qhead=0x608f420fa1f0
DBG io submit tier=0 nbytes=17547264 qhead=0x608f420fa1f0
DBG io submit tier=0 nbytes=17547264 qhead=0x608f420fa1f0
DBG io submit tier=0 nbytes=17547264 qhead=0x608f420fa1f0
DBG io submit tier=0 nbytes=17547264 qhead=0x608f420fa1f0
DBG io submit tier=0 nbytes=17547264 qhead=0x608f420fa1f0
DBG io submit tier=0 nbytes=17547264 qhead=0x608f420fa1f0
DBG io submit tier=0 nbytes=17547264 qhead=0x608f420fa1f0
DBG io submit tier=0 nbytes=17547264 qhead=0x608f420fa1f0
DBG io submit tier=0 nbytes=17547264 qhead=0x750310000880
DBG io submit tier=0 nbytes=17547264 qhead=0x75033c000880
DBG io chunk n=33554432 want=33554432
DBG io worker tier=0 rc=17547264 nbytes=17547264
DBG io worker tier=0 rc=17547264 nbytes=17547264
DBG io worker tier=0 rc=17547264 nbytes=17547264
DBG io chunk n=33554432 want=33554432
DBG io worker tier=0 rc=17547264 nbytes=17547264
DBG io worker tier=0 rc=17547264 nbytes=17547264
DBG io worker tier=0 rc=17547264 nbytes=17547264
DBG io chunk n=33554432 want=33554432
DBG io worker tier=0 rc=17547264 nbytes=17547264
DBG io worker tier=0 rc=17547264 nbytes=17547264
DBG io worker tier=0 rc=17547264 nbytes=17547264
DBG io chunk n=33554432 want=33554432
DBG io worker tier=0 rc=17547264 nbytes=17547264
DBG io worker tier=0 rc=17547264 nbytes=17547264
DBG io worker tier=0 rc=17547264 nbytes=17547264
DBG io chunk n=33554432 want=33554432
DBG io worker tier=0 rc=17547264 nbytes=17547264
DBG io worker tier=0 rc=17547264 nbytes=17547264
DBG io worker tier=0 rc=17547264 nbytes=17547264
DBG io chunk n=33554432 want=33554432
DBG io worker tier=0 rc=17547264 nbytes=17547264
DBG getmany L80 nw=16 wall=0.291s thr(out)1 thr(in)16 conc_peak=16 pread=2.419s
DBG io chunk n=33554432 want=33554432
DBG io chunk n=33554432 want=33554432
DBG io chunk n=33554432 want=33554432
DBG io chunk n=33554432 want=33554432
DBG io chunk n=33554432 want=33554432
DBG io chunk n=33554432 want=33554432
DBG io chunk n=33554432 want=33554432
DBG io chunk n=33554432 want=33554432
DBG io chunk n=33554432 want=33554432
DBG io chunk n=33554432 want=33554432
DBG io chunk n=33554432 want=33554432
DBG io chunk n=8028160 want=8028160
DBG io worker tier=0 rc=645562368 nbytes=645562368
DBG trunk load_run L=81 kio r=645562368 got=0 nbytes=645562368
DBG io submit tier=0 nbytes=645562368 qhead=0x7502c8000880
DBG io chunk n=33554432 want=33554432
DBG io chunk n=33554432 want=33554432
DBG io submit tier=0 nbytes=17547264 qhead=0x7502e8000880
DBG io submit tier=0 nbytes=17547264 qhead=0x7502e8000880
DBG io submit tier=0 nbytes=17547264 qhead=0x7502e8000880
DBG io chunk n=33554432 want=33554432
DBG io submit tier=0 nbytes=17547264 qhead=0x7502e8000880
DBG io submit tier=0 nbytes=17547264 qhead=0x7502e8000880
DBG io submit tier=0 nbytes=17547264 qhead=0x7502e8000880
DBG io submit tier=0 nbytes=17547264 qhead=0x7502e8000880
DBG io submit tier=0 nbytes=17547264 qhead=0x7502e8000880
DBG io submit tier=0 nbytes=17547264 qhead=0x7502e8000880
DBG io submit tier=0 nbytes=17547264 qhead=0x7502e8000880
DBG io submit tier=0 nbytes=17547264 qhead=0x7502e8000880
DBG io submit tier=0 nbytes=17547264 qhead=0x7502e8000880
DBG io submit tier=0 nbytes=17547264 qhead=0x7502e8000880
DBG io submit tier=0 nbytes=17547264 qhead=0x7502e8000880
DBG io submit tier=0 nbytes=17547264 qhead=0x750328000880
DBG io submit tier=0 nbytes=17547264 qhead=0x608f420fa1f0
DBG io chunk n=33554432 want=33554432
DBG io worker tier=0 rc=17547264 nbytes=17547264
DBG io worker tier=0 rc=17547264 nbytes=17547264
DBG io worker tier=0 rc=17547264 nbytes=17547264
DBG io worker tier=0 rc=17547264 nbytes=17547264
DBG io chunk n=33554432 want=33554432
DBG io worker tier=0 rc=17547264 nbytes=17547264
DBG io worker tier=0 rc=17547264 nbytes=17547264
DBG io worker tier=0 rc=17547264 nbytes=17547264
DBG io chunk n=33554432 want=33554432
DBG io worker tier=0 rc=17547264 nbytes=17547264
DBG io worker tier=0 rc=17547264 nbytes=17547264
DBG io worker tier=0 rc=17547264 nbytes=17547264
DBG io chunk n=33554432 want=33554432
DBG io worker tier=0 rc=17547264 nbytes=17547264
DBG io worker tier=0 rc=17547264 nbytes=17547264
DBG io worker tier=0 rc=17547264 nbytes=17547264
DBG io chunk n=33554432 want=33554432
DBG io worker tier=0 rc=17547264 nbytes=17547264
DBG io worker tier=0 rc=17547264 nbytes=17547264
DBG io worker tier=0 rc=17547264 nbytes=17547264
DBG getmany L81 nw=16 wall=0.288s thr(out)1 thr(in)16 conc_peak=16 pread=2.580s
DBG io chunk n=33554432 want=33554432
DBG io chunk n=33554432 want=33554432
DBG io chunk n=33554432 want=33554432
DBG io chunk n=33554432 want=33554432
DBG io chunk n=33554432 want=33554432
DBG io chunk n=33554432 want=33554432
DBG io chunk n=33554432 want=33554432
DBG io chunk n=33554432 want=33554432
DBG io chunk n=33554432 want=33554432
DBG io chunk n=33554432 want=33554432
DBG io chunk n=33554432 want=33554432
DBG io chunk n=8028160 want=8028160
DBG io worker tier=0 rc=645562368 nbytes=645562368
DBG trunk load_run L=82 kio r=645562368 got=0 nbytes=645562368
DBG io submit tier=0 nbytes=431890432 qhead=0x7502c8000880
DBG io chunk n=33554432 want=33554432
DBG io chunk n=33554432 want=33554432
DBG io submit tier=0 nbytes=17547264 qhead=0x75033c000880
DBG io submit tier=0 nbytes=17547264 qhead=0x750310000880
DBG io submit tier=0 nbytes=17547264 qhead=0x750310000880
DBG io submit tier=0 nbytes=17547264 qhead=0x750310000880
DBG io submit tier=0 nbytes=17547264 qhead=0x750310000880
DBG io submit tier=0 nbytes=17547264 qhead=0x750310000880
DBG io submit tier=0 nbytes=17547264 qhead=0x750310000880
DBG io submit tier=0 nbytes=17547264 qhead=0x750310000880
DBG io submit tier=0 nbytes=17547264 qhead=0x750310000880
DBG io submit tier=0 nbytes=17547264 qhead=0x750310000880
DBG io submit tier=0 nbytes=17547264 qhead=0x750338000880
DBG io submit tier=0 nbytes=17547264 qhead=0x750338000880
DBG io submit tier=0 nbytes=17547264 qhead=0x750338000880
DBG io submit tier=0 nbytes=17547264 qhead=0x750338000880
DBG io submit tier=0 nbytes=17547264 qhead=0x750300000880
DBG io submit tier=0 nbytes=17547264 qhead=0x750300000880
DBG io chunk n=33554432 want=33554432
DBG io worker tier=0 rc=17547264 nbytes=17547264
DBG io worker tier=0 rc=17547264 nbytes=17547264
DBG io worker tier=0 rc=17547264 nbytes=17547264
DBG io chunk n=33554432 want=33554432
DBG io worker tier=0 rc=17547264 nbytes=17547264
DBG io worker tier=0 rc=17547264 nbytes=17547264
DBG io worker tier=0 rc=17547264 nbytes=17547264
DBG io chunk n=33554432 want=33554432
DBG io worker tier=0 rc=17547264 nbytes=17547264
DBG io worker tier=0 rc=17547264 nbytes=17547264
DBG io worker tier=0 rc=17547264 nbytes=17547264
DBG io chunk n=33554432 want=33554432
DBG io worker tier=0 rc=17547264 nbytes=17547264
DBG io worker tier=0 rc=17547264 nbytes=17547264
DBG io worker tier=0 rc=17547264 nbytes=17547264
DBG io chunk n=33554432 want=33554432
DBG io worker tier=0 rc=17547264 nbytes=17547264
DBG io worker tier=0 rc=17547264 nbytes=17547264
DBG io worker tier=0 rc=17547264 nbytes=17547264
DBG io chunk n=33554432 want=33554432
DBG io worker tier=0 rc=17547264 nbytes=17547264
DBG getmany L82 nw=16 wall=0.308s thr(out)1 thr(in)16 conc_peak=16 pread=2.500s
DBG io chunk n=33554432 want=33554432
DBG io chunk n=33554432 want=33554432
DBG io chunk n=33554432 want=33554432
DBG io chunk n=33554432 want=33554432
DBG io chunk n=29237248 want=29237248
DBG io worker tier=0 rc=431890432 nbytes=431890432
DBG trunk load_run L=83 kio r=431890432 got=0 nbytes=431890432
DBG io submit tier=0 nbytes=645562368 qhead=0x7502c8000880
DBG io chunk n=33554432 want=33554432
DBG io chunk n=33554432 want=33554432
DBG io submit tier=0 nbytes=17547264 qhead=0x7502f0000880
DBG io submit tier=0 nbytes=17547264 qhead=0x7502f0000880
DBG io submit tier=0 nbytes=17547264 qhead=0x7502f0000880
DBG io submit tier=0 nbytes=17547264 qhead=0x7502f0000880
DBG io submit tier=0 nbytes=17547264 qhead=0x7502f0000880
DBG io submit tier=0 nbytes=17547264 qhead=0x7502f0000880
DBG io submit tier=0 nbytes=17547264 qhead=0x7502f0000880
DBG io submit tier=0 nbytes=17547264 qhead=0x7502f0000880
DBG io submit tier=0 nbytes=17547264 qhead=0x7502f0000880
DBG io submit tier=0 nbytes=17547264 qhead=0x7502f0000880
DBG io submit tier=0 nbytes=17547264 qhead=0x7502f0000880
DBG io submit tier=0 nbytes=17547264 qhead=0x7502f0000880
DBG io submit tier=0 nbytes=17547264 qhead=0x7502f0000880
DBG io submit tier=0 nbytes=17547264 qhead=0x7502f0000880
DBG io submit tier=0 nbytes=17547264 qhead=0x7502f0000880
DBG io submit tier=0 nbytes=17547264 qhead=0x7502f0000880
DBG io chunk n=33554432 want=33554432
DBG io worker tier=0 rc=17547264 nbytes=17547264
DBG io worker tier=0 rc=17547264 nbytes=17547264
DBG io worker tier=0 rc=17547264 nbytes=17547264
DBG io chunk n=33554432 want=33554432
DBG io worker tier=0 rc=17547264 nbytes=17547264
DBG io worker tier=0 rc=17547264 nbytes=17547264
DBG io worker tier=0 rc=17547264 nbytes=17547264
DBG io chunk n=33554432 want=33554432
DBG io worker tier=0 rc=17547264 nbytes=17547264
DBG io worker tier=0 rc=17547264 nbytes=17547264
DBG io worker tier=0 rc=17547264 nbytes=17547264
DBG io chunk n=33554432 want=33554432
DBG io worker tier=0 rc=17547264 nbytes=17547264
DBG io worker tier=0 rc=17547264 nbytes=17547264
DBG io worker tier=0 rc=17547264 nbytes=17547264
DBG io chunk n=33554432 want=33554432
DBG io worker tier=0 rc=17547264 nbytes=17547264
DBG io worker tier=0 rc=17547264 nbytes=17547264
DBG io worker tier=0 rc=17547264 nbytes=17547264
DBG io chunk n=33554432 want=33554432
DBG io worker tier=0 rc=17547264 nbytes=17547264
DBG getmany L83 nw=16 wall=0.313s thr(out)1 thr(in)16 conc_peak=16 pread=2.544s
DBG io chunk n=33554432 want=33554432
DBG io chunk n=33554432 want=33554432
DBG io chunk n=33554432 want=33554432
DBG io chunk n=33554432 want=33554432
DBG io chunk n=33554432 want=33554432
DBG io chunk n=33554432 want=33554432
DBG io chunk n=33554432 want=33554432
DBG io chunk n=33554432 want=33554432
DBG io chunk n=33554432 want=33554432
DBG io chunk n=33554432 want=33554432
DBG io chunk n=33554432 want=33554432
DBG io chunk n=8028160 want=8028160
DBG io worker tier=0 rc=645562368 nbytes=645562368
DBG trunk load_run L=84 kio r=645562368 got=0 nbytes=645562368
DBG io submit tier=0 nbytes=645562368 qhead=0x7502c8000880
DBG io chunk n=33554432 want=33554432
DBG io chunk n=33554432 want=33554432
DBG io chunk n=33554432 want=33554432
DBG io submit tier=0 nbytes=17547264 qhead=0x750330000880
DBG io submit tier=0 nbytes=17547264 qhead=0x750318000880
DBG io chunk n=33554432 want=33554432
DBG io submit tier=0 nbytes=17547264 qhead=0x750318000880
DBG io submit tier=0 nbytes=17547264 qhead=0x750318000880
DBG io submit tier=0 nbytes=17547264 qhead=0x750318000880
DBG io submit tier=0 nbytes=17547264 qhead=0x750318000880
DBG io submit tier=0 nbytes=17547264 qhead=0x750318000880
DBG io submit tier=0 nbytes=17547264 qhead=0x750318000880
DBG io submit tier=0 nbytes=17547264 qhead=0x750318000880
DBG io submit tier=0 nbytes=17547264 qhead=0x750318000880
DBG io submit tier=0 nbytes=17547264 qhead=0x750318000880
DBG io submit tier=0 nbytes=17547264 qhead=0x750318000880
DBG io submit tier=0 nbytes=17547264 qhead=0x750318000880
DBG io submit tier=0 nbytes=17547264 qhead=0x750318000880
DBG io submit tier=0 nbytes=17547264 qhead=0x750300000880
DBG io submit tier=0 nbytes=17547264 qhead=0x750328000880
DBG io worker tier=0 rc=17547264 nbytes=17547264
DBG io chunk n=33554432 want=33554432
DBG io worker tier=0 rc=17547264 nbytes=17547264
DBG io worker tier=0 rc=17547264 nbytes=17547264
DBG io worker tier=0 rc=17547264 nbytes=17547264
DBG io chunk n=33554432 want=33554432
DBG io worker tier=0 rc=17547264 nbytes=17547264
DBG io worker tier=0 rc=17547264 nbytes=17547264
DBG io worker tier=0 rc=17547264 nbytes=17547264
DBG io chunk n=33554432 want=33554432
DBG io worker tier=0 rc=17547264 nbytes=17547264
DBG io worker tier=0 rc=17547264 nbytes=17547264
DBG io worker tier=0 rc=17547264 nbytes=17547264
DBG io chunk n=33554432 want=33554432
DBG io worker tier=0 rc=17547264 nbytes=17547264
DBG io worker tier=0 rc=17547264 nbytes=17547264
DBG io worker tier=0 rc=17547264 nbytes=17547264
DBG io chunk n=33554432 want=33554432
DBG io worker tier=0 rc=17547264 nbytes=17547264
DBG io worker tier=0 rc=17547264 nbytes=17547264
DBG io worker tier=0 rc=17547264 nbytes=17547264
DBG getmany L84 nw=16 wall=0.289s thr(out)1 thr(in)16 conc_peak=16 pread=2.681s
DBG io chunk n=33554432 want=33554432
DBG io chunk n=33554432 want=33554432
DBG io chunk n=33554432 want=33554432
DBG io chunk n=33554432 want=33554432
DBG io chunk n=33554432 want=33554432
DBG io chunk n=33554432 want=33554432
DBG io chunk n=33554432 want=33554432
DBG io chunk n=33554432 want=33554432
DBG io chunk n=33554432 want=33554432
DBG io chunk n=33554432 want=33554432
DBG io chunk n=8028160 want=8028160
DBG io worker tier=0 rc=645562368 nbytes=645562368
DBG trunk load_run L=85 kio r=645562368 got=0 nbytes=645562368
DBG io submit tier=0 nbytes=645562368 qhead=0x7502c8000880
DBG io chunk n=33554432 want=33554432
DBG io chunk n=33554432 want=33554432
DBG io submit tier=0 nbytes=17547264 qhead=0x75033c000880
DBG io submit tier=0 nbytes=17547264 qhead=0x608f420fa1f0
DBG io submit tier=0 nbytes=17547264 qhead=0x608f420fa1f0
DBG io submit tier=0 nbytes=17547264 qhead=0x608f420fa1f0
DBG io submit tier=0 nbytes=17547264 qhead=0x608f420fa1f0
DBG io submit tier=0 nbytes=17547264 qhead=0x608f420fa1f0
DBG io submit tier=0 nbytes=17547264 qhead=0x608f420fa1f0
DBG io submit tier=0 nbytes=17547264 qhead=0x608f420fa1f0
DBG io submit tier=0 nbytes=17547264 qhead=0x608f420fa1f0
DBG io submit tier=0 nbytes=17547264 qhead=0x608f420fa1f0
DBG io submit tier=0 nbytes=17547264 qhead=0x608f420fa1f0
DBG io submit tier=0 nbytes=17547264 qhead=0x608f420fa1f0
DBG io submit tier=0 nbytes=17547264 qhead=0x608f420fa1f0
DBG io submit tier=0 nbytes=17547264 qhead=0x608f420fa1f0
DBG io submit tier=0 nbytes=17547264 qhead=0x608f420fa1f0
DBG io submit tier=0 nbytes=17547264 qhead=0x750330000880
DBG io chunk n=33554432 want=33554432
DBG io worker tier=0 rc=17547264 nbytes=17547264
DBG io worker tier=0 rc=17547264 nbytes=17547264
DBG io worker tier=0 rc=17547264 nbytes=17547264
DBG io worker tier=0 rc=17547264 nbytes=17547264
DBG io chunk n=33554432 want=33554432
DBG io worker tier=0 rc=17547264 nbytes=17547264
DBG io worker tier=0 rc=17547264 nbytes=17547264
DBG io worker tier=0 rc=17547264 nbytes=17547264
DBG io chunk n=33554432 want=33554432
DBG io worker tier=0 rc=17547264 nbytes=17547264
DBG io worker tier=0 rc=17547264 nbytes=17547264
DBG io worker tier=0 rc=17547264 nbytes=17547264
DBG io chunk n=33554432 want=33554432
DBG io worker tier=0 rc=17547264 nbytes=17547264
DBG io worker tier=0 rc=17547264 nbytes=17547264
DBG io worker tier=0 rc=17547264 nbytes=17547264
DBG io chunk n=33554432 want=33554432
DBG io worker tier=0 rc=17547264 nbytes=17547264
DBG io worker tier=0 rc=17547264 nbytes=17547264
DBG io worker tier=0 rc=17547264 nbytes=17547264
DBG getmany L85 nw=16 wall=0.254s thr(out)1 thr(in)16 conc_peak=16 pread=2.195s
DBG io chunk n=33554432 want=33554432
DBG io chunk n=33554432 want=33554432
DBG io chunk n=33554432 want=33554432
DBG io chunk n=33554432 want=33554432
DBG io chunk n=33554432 want=33554432
DBG io chunk n=33554432 want=33554432
DBG io chunk n=33554432 want=33554432
DBG io chunk n=33554432 want=33554432
DBG io chunk n=33554432 want=33554432
DBG io chunk n=33554432 want=33554432
DBG io chunk n=33554432 want=33554432
DBG io chunk n=33554432 want=33554432
DBG io chunk n=8028160 want=8028160
DBG io worker tier=0 rc=645562368 nbytes=645562368
DBG trunk load_run L=86 kio r=645562368 got=0 nbytes=645562368
DBG io submit tier=0 nbytes=431890432 qhead=0x7502c8000880
DBG io chunk n=33554432 want=33554432
DBG io chunk n=33554432 want=33554432
DBG io submit tier=0 nbytes=17547264 qhead=0x750338000880
DBG io chunk n=33554432 want=33554432
DBG io submit tier=0 nbytes=17547264 qhead=0x750338000880
DBG io submit tier=0 nbytes=17547264 qhead=0x750338000880
DBG io submit tier=0 nbytes=17547264 qhead=0x750338000880
DBG io submit tier=0 nbytes=17547264 qhead=0x750338000880
DBG io submit tier=0 nbytes=17547264 qhead=0x750338000880
DBG io submit tier=0 nbytes=17547264 qhead=0x750338000880
DBG io submit tier=0 nbytes=17547264 qhead=0x750338000880
DBG io submit tier=0 nbytes=17547264 qhead=0x750338000880
DBG io submit tier=0 nbytes=17547264 qhead=0x750338000880
DBG io submit tier=0 nbytes=17547264 qhead=0x750338000880
DBG io submit tier=0 nbytes=17547264 qhead=0x750338000880
DBG io submit tier=0 nbytes=17547264 qhead=0x750338000880
DBG io submit tier=0 nbytes=17547264 qhead=0x750338000880
DBG io submit tier=0 nbytes=17547264 qhead=0x750338000880
DBG io submit tier=0 nbytes=17547264 qhead=0x750308000880
DBG io chunk n=33554432 want=33554432
DBG io worker tier=0 rc=17547264 nbytes=17547264
DBG io worker tier=0 rc=17547264 nbytes=17547264
DBG io worker tier=0 rc=17547264 nbytes=17547264
DBG io chunk n=33554432 want=33554432
DBG io worker tier=0 rc=17547264 nbytes=17547264
DBG io worker tier=0 rc=17547264 nbytes=17547264
DBG io worker tier=0 rc=17547264 nbytes=17547264
DBG io chunk n=33554432 want=33554432
DBG io worker tier=0 rc=17547264 nbytes=17547264
DBG io worker tier=0 rc=17547264 nbytes=17547264
DBG io worker tier=0 rc=17547264 nbytes=17547264
DBG io chunk n=33554432 want=33554432
DBG io worker tier=0 rc=17547264 nbytes=17547264
DBG io worker tier=0 rc=17547264 nbytes=17547264
DBG io worker tier=0 rc=17547264 nbytes=17547264
DBG io chunk n=33554432 want=33554432
DBG io worker tier=0 rc=17547264 nbytes=17547264
DBG io worker tier=0 rc=17547264 nbytes=17547264
DBG io worker tier=0 rc=17547264 nbytes=17547264
DBG io chunk n=33554432 want=33554432
DBG io worker tier=0 rc=17547264 nbytes=17547264
DBG getmany L86 nw=16 wall=0.325s thr(out)1 thr(in)16 conc_peak=16 pread=2.931s
DBG io chunk n=33554432 want=33554432
DBG io chunk n=33554432 want=33554432
DBG io chunk n=33554432 want=33554432
DBG io chunk n=29237248 want=29237248
DBG io worker tier=0 rc=431890432 nbytes=431890432
DBG trunk load_run L=87 kio r=431890432 got=0 nbytes=431890432
DBG io submit tier=0 nbytes=645562368 qhead=0x7502c8000880
DBG io chunk n=33554432 want=33554432
DBG io chunk n=33554432 want=33554432
DBG io submit tier=0 nbytes=17547264 qhead=0x750338000880
DBG io submit tier=0 nbytes=17547264 qhead=0x750338000880
DBG io submit tier=0 nbytes=17547264 qhead=0x750338000880
DBG io submit tier=0 nbytes=17547264 qhead=0x750338000880
DBG io submit tier=0 nbytes=17547264 qhead=0x750338000880
DBG io submit tier=0 nbytes=17547264 qhead=0x750338000880
DBG io submit tier=0 nbytes=17547264 qhead=0x750338000880
DBG io submit tier=0 nbytes=17547264 qhead=0x750338000880
DBG io submit tier=0 nbytes=17547264 qhead=0x750338000880
DBG io submit tier=0 nbytes=17547264 qhead=0x750338000880
DBG io submit tier=0 nbytes=17547264 qhead=0x750338000880
DBG io submit tier=0 nbytes=17547264 qhead=0x750338000880
DBG io submit tier=0 nbytes=17547264 qhead=0x750338000880
DBG io submit tier=0 nbytes=17547264 qhead=0x750338000880
DBG io submit tier=0 nbytes=17547264 qhead=0x750308000880
DBG io submit tier=0 nbytes=17547264 qhead=0x750308000880
DBG io chunk n=33554432 want=33554432
DBG io worker tier=0 rc=17547264 nbytes=17547264
DBG io worker tier=0 rc=17547264 nbytes=17547264
DBG io worker tier=0 rc=17547264 nbytes=17547264
DBG io chunk n=33554432 want=33554432
DBG io worker tier=0 rc=17547264 nbytes=17547264
DBG io worker tier=0 rc=17547264 nbytes=17547264
DBG io worker tier=0 rc=17547264 nbytes=17547264
DBG io chunk n=33554432 want=33554432
DBG io worker tier=0 rc=17547264 nbytes=17547264
DBG io worker tier=0 rc=17547264 nbytes=17547264
DBG io worker tier=0 rc=17547264 nbytes=17547264
DBG io chunk n=33554432 want=33554432
DBG io worker tier=0 rc=17547264 nbytes=17547264
DBG io worker tier=0 rc=17547264 nbytes=17547264
DBG io worker tier=0 rc=17547264 nbytes=17547264
DBG io chunk n=33554432 want=33554432
DBG io worker tier=0 rc=17547264 nbytes=17547264
DBG io worker tier=0 rc=17547264 nbytes=17547264
DBG io worker tier=0 rc=17547264 nbytes=17547264
DBG io chunk n=33554432 want=33554432
DBG io worker tier=0 rc=17547264 nbytes=17547264
DBG getmany L87 nw=16 wall=0.314s thr(out)1 thr(in)16 conc_peak=16 pread=2.606s
DBG io chunk n=33554432 want=33554432
DBG io chunk n=33554432 want=33554432
DBG io chunk n=33554432 want=33554432
DBG io chunk n=33554432 want=33554432
DBG io chunk n=33554432 want=33554432
DBG io chunk n=33554432 want=33554432
DBG io chunk n=33554432 want=33554432
DBG io chunk n=33554432 want=33554432
DBG io chunk n=33554432 want=33554432
DBG io chunk n=33554432 want=33554432
DBG io chunk n=33554432 want=33554432
DBG io chunk n=8028160 want=8028160
DBG io worker tier=0 rc=645562368 nbytes=645562368
DBG trunk load_run L=88 kio r=645562368 got=0 nbytes=645562368
DBG io submit tier=0 nbytes=645562368 qhead=0x7502c8000880
DBG io chunk n=33554432 want=33554432
DBG io chunk n=33554432 want=33554432
DBG io submit tier=0 nbytes=17547264 qhead=0x7502e0000880
DBG io submit tier=0 nbytes=17547264 qhead=0x7502e0000880
DBG io submit tier=0 nbytes=17547264 qhead=0x7502e0000880
DBG io submit tier=0 nbytes=17547264 qhead=0x7502e0000880
DBG io submit tier=0 nbytes=17547264 qhead=0x7502e0000880
DBG io submit tier=0 nbytes=17547264 qhead=0x7502e0000880
DBG io submit tier=0 nbytes=17547264 qhead=0x7502e0000880
DBG io submit tier=0 nbytes=17547264 qhead=0x7502e0000880
DBG io submit tier=0 nbytes=17547264 qhead=0x7502e0000880
DBG io submit tier=0 nbytes=17547264 qhead=0x7502e0000880
DBG io submit tier=0 nbytes=17547264 qhead=0x7502e0000880
DBG io submit tier=0 nbytes=17547264 qhead=0x7502e0000880
DBG io submit tier=0 nbytes=17547264 qhead=0x7502e0000880
DBG io submit tier=0 nbytes=17547264 qhead=0x7502e0000880
DBG io submit tier=0 nbytes=17547264 qhead=0x7502e0000880
DBG io submit tier=0 nbytes=17547264 qhead=0x750320000880
DBG io chunk n=33554432 want=33554432
DBG io worker tier=0 rc=17547264 nbytes=17547264
DBG io worker tier=0 rc=17547264 nbytes=17547264
DBG io worker tier=0 rc=17547264 nbytes=17547264
DBG io chunk n=33554432 want=33554432
DBG io worker tier=0 rc=17547264 nbytes=17547264
DBG io worker tier=0 rc=17547264 nbytes=17547264
DBG io worker tier=0 rc=17547264 nbytes=17547264
DBG io chunk n=33554432 want=33554432
DBG io worker tier=0 rc=17547264 nbytes=17547264
DBG io worker tier=0 rc=17547264 nbytes=17547264
DBG io worker tier=0 rc=17547264 nbytes=17547264
DBG io chunk n=33554432 want=33554432
DBG io worker tier=0 rc=17547264 nbytes=17547264
DBG io worker tier=0 rc=17547264 nbytes=17547264
DBG io worker tier=0 rc=17547264 nbytes=17547264
DBG io chunk n=33554432 want=33554432
DBG io worker tier=0 rc=17547264 nbytes=17547264
DBG io worker tier=0 rc=17547264 nbytes=17547264
DBG io worker tier=0 rc=17547264 nbytes=17547264
DBG io chunk n=33554432 want=33554432
DBG io worker tier=0 rc=17547264 nbytes=17547264
DBG getmany L88 nw=16 wall=0.332s thr(out)1 thr(in)16 conc_peak=16 pread=2.822s
DBG io chunk n=33554432 want=33554432
DBG io chunk n=33554432 want=33554432
DBG io chunk n=33554432 want=33554432
DBG io chunk n=33554432 want=33554432
DBG io chunk n=33554432 want=33554432
DBG io chunk n=33554432 want=33554432
DBG io chunk n=33554432 want=33554432
DBG io chunk n=33554432 want=33554432
DBG io chunk n=33554432 want=33554432
DBG io chunk n=33554432 want=33554432
DBG io chunk n=33554432 want=33554432
DBG io chunk n=8028160 want=8028160
DBG io worker tier=0 rc=645562368 nbytes=645562368
DBG trunk load_run L=89 kio r=645562368 got=0 nbytes=645562368
DBG io submit tier=0 nbytes=645562368 qhead=0x7502c8000880
DBG io chunk n=33554432 want=33554432
DBG io submit tier=0 nbytes=17547264 qhead=0x750308000880
DBG io submit tier=0 nbytes=17547264 qhead=0x750330000880
DBG io chunk n=33554432 want=33554432
DBG io submit tier=0 nbytes=17547264 qhead=0x750330000880
DBG io submit tier=0 nbytes=17547264 qhead=0x750330000880
DBG io submit tier=0 nbytes=17547264 qhead=0x750330000880
DBG io submit tier=0 nbytes=17547264 qhead=0x750330000880
DBG io submit tier=0 nbytes=17547264 qhead=0x750330000880
DBG io submit tier=0 nbytes=17547264 qhead=0x750330000880
DBG io submit tier=0 nbytes=17547264 qhead=0x750330000880
DBG io submit tier=0 nbytes=17547264 qhead=0x750330000880
DBG io submit tier=0 nbytes=17547264 qhead=0x750330000880
DBG io submit tier=0 nbytes=17547264 qhead=0x750330000880
DBG io submit tier=0 nbytes=17547264 qhead=0x750330000880
DBG io submit tier=0 nbytes=17547264 qhead=0x750320000880
DBG io submit tier=0 nbytes=17547264 qhead=0x750320000880
DBG io submit tier=0 nbytes=17547264 qhead=0x7502f0000880
DBG io worker tier=0 rc=17547264 nbytes=17547264
DBG io chunk n=33554432 want=33554432
DBG io worker tier=0 rc=17547264 nbytes=17547264
DBG io worker tier=0 rc=17547264 nbytes=17547264
DBG io worker tier=0 rc=17547264 nbytes=17547264
DBG io chunk n=33554432 want=33554432
DBG io worker tier=0 rc=17547264 nbytes=17547264
DBG io worker tier=0 rc=17547264 nbytes=17547264
DBG io worker tier=0 rc=17547264 nbytes=17547264
DBG io chunk n=33554432 want=33554432
DBG io worker tier=0 rc=17547264 nbytes=17547264
DBG io worker tier=0 rc=17547264 nbytes=17547264
DBG io worker tier=0 rc=17547264 nbytes=17547264
DBG io chunk n=33554432 want=33554432
DBG io worker tier=0 rc=17547264 nbytes=17547264
DBG io worker tier=0 rc=17547264 nbytes=17547264
DBG io worker tier=0 rc=17547264 nbytes=17547264
DBG io worker tier=0 rc=17547264 nbytes=17547264
DBG io chunk n=33554432 want=33554432
DBG io worker tier=0 rc=17547264 nbytes=17547264
DBG io worker tier=0 rc=17547264 nbytes=17547264
DBG getmany L89 nw=16 wall=0.292s thr(out)1 thr(in)16 conc_peak=16 pread=2.634s
DBG io chunk n=33554432 want=33554432
DBG io chunk n=33554432 want=33554432
DBG io chunk n=33554432 want=33554432
DBG io chunk n=33554432 want=33554432
DBG io chunk n=33554432 want=33554432
DBG io chunk n=33554432 want=33554432
DBG io chunk n=33554432 want=33554432
DBG io chunk n=33554432 want=33554432
DBG io chunk n=33554432 want=33554432
DBG io chunk n=33554432 want=33554432
DBG io chunk n=33554432 want=33554432
DBG io chunk n=33554432 want=33554432
DBG io chunk n=8028160 want=8028160
DBG io worker tier=0 rc=645562368 nbytes=645562368
DBG trunk load_run L=90 kio r=645562368 got=0 nbytes=645562368
DBG io submit tier=0 nbytes=431890432 qhead=0x7502c8000880
DBG io chunk n=33554432 want=33554432
DBG io chunk n=33554432 want=33554432
DBG io chunk n=33554432 want=33554432
DBG io submit tier=0 nbytes=17547264 qhead=0x750320000880
DBG io submit tier=0 nbytes=17547264 qhead=0x750340000880
DBG io submit tier=0 nbytes=17547264 qhead=0x750340000880
DBG io submit tier=0 nbytes=17547264 qhead=0x750340000880
DBG io submit tier=0 nbytes=17547264 qhead=0x750340000880
DBG io submit tier=0 nbytes=17547264 qhead=0x750340000880
DBG io submit tier=0 nbytes=17547264 qhead=0x750340000880
DBG io submit tier=0 nbytes=17547264 qhead=0x750340000880
DBG io submit tier=0 nbytes=17547264 qhead=0x750340000880
DBG io submit tier=0 nbytes=17547264 qhead=0x750340000880
DBG io submit tier=0 nbytes=17547264 qhead=0x750340000880
DBG io submit tier=0 nbytes=17547264 qhead=0x750340000880
DBG io submit tier=0 nbytes=17547264 qhead=0x750340000880
DBG io submit tier=0 nbytes=17547264 qhead=0x750340000880
DBG io submit tier=0 nbytes=17547264 qhead=0x750340000880
DBG io submit tier=0 nbytes=17547264 qhead=0x75033c000880
DBG io chunk n=33554432 want=33554432
DBG io worker tier=0 rc=17547264 nbytes=17547264
DBG io worker tier=0 rc=17547264 nbytes=17547264
DBG io worker tier=0 rc=17547264 nbytes=17547264
DBG io chunk n=33554432 want=33554432
DBG io worker tier=0 rc=17547264 nbytes=17547264
DBG io worker tier=0 rc=17547264 nbytes=17547264
DBG io worker tier=0 rc=17547264 nbytes=17547264
DBG io chunk n=33554432 want=33554432
DBG io worker tier=0 rc=17547264 nbytes=17547264
DBG io worker tier=0 rc=17547264 nbytes=17547264
DBG io worker tier=0 rc=17547264 nbytes=17547264
DBG io chunk n=33554432 want=33554432
DBG io worker tier=0 rc=17547264 nbytes=17547264
DBG io worker tier=0 rc=17547264 nbytes=17547264
DBG io worker tier=0 rc=17547264 nbytes=17547264
DBG io chunk n=33554432 want=33554432
DBG io worker tier=0 rc=17547264 nbytes=17547264
DBG io worker tier=0 rc=17547264 nbytes=17547264
DBG io worker tier=0 rc=17547264 nbytes=17547264
DBG io chunk n=33554432 want=33554432
DBG io worker tier=0 rc=17547264 nbytes=17547264
DBG getmany L90 nw=16 wall=0.315s thr(out)1 thr(in)16 conc_peak=16 pread=2.591s
DBG io chunk n=33554432 want=33554432
DBG io chunk n=33554432 want=33554432
DBG io chunk n=33554432 want=33554432
DBG io chunk n=29237248 want=29237248
DBG io worker tier=0 rc=431890432 nbytes=431890432
DBG trunk load_run L=91 kio r=431890432 got=0 nbytes=431890432
DBG io submit tier=0 nbytes=431890432 qhead=0x7502c8000880
DBG io chunk n=33554432 want=33554432
DBG io submit tier=0 nbytes=17547264 qhead=0x7502e0000880
DBG io submit tier=0 nbytes=17547264 qhead=0x750310000880
DBG io submit tier=0 nbytes=17547264 qhead=0x750310000880
DBG io submit tier=0 nbytes=17547264 qhead=0x750310000880
DBG io submit tier=0 nbytes=17547264 qhead=0x750310000880
DBG io submit tier=0 nbytes=17547264 qhead=0x750310000880
DBG io submit tier=0 nbytes=17547264 qhead=0x750310000880
DBG io submit tier=0 nbytes=17547264 qhead=0x750310000880
DBG io submit tier=0 nbytes=17547264 qhead=0x750310000880
DBG io submit tier=0 nbytes=17547264 qhead=0x750310000880
DBG io submit tier=0 nbytes=17547264 qhead=0x750310000880
DBG io submit tier=0 nbytes=17547264 qhead=0x750310000880
DBG io submit tier=0 nbytes=17547264 qhead=0x750310000880
DBG io submit tier=0 nbytes=17547264 qhead=0x75033c000880
DBG io submit tier=0 nbytes=17547264 qhead=0x75033c000880
DBG io submit tier=0 nbytes=17547264 qhead=0x750340000880
DBG io worker tier=0 rc=17547264 nbytes=17547264
DBG io chunk n=33554432 want=33554432
DBG io worker tier=0 rc=17547264 nbytes=17547264
DBG io worker tier=0 rc=17547264 nbytes=17547264
DBG io worker tier=0 rc=17547264 nbytes=17547264
DBG io chunk n=33554432 want=33554432
DBG io worker tier=0 rc=17547264 nbytes=17547264
DBG io worker tier=0 rc=17547264 nbytes=17547264
DBG io worker tier=0 rc=17547264 nbytes=17547264
DBG io chunk n=33554432 want=33554432
DBG io worker tier=0 rc=17547264 nbytes=17547264
DBG io worker tier=0 rc=17547264 nbytes=17547264
DBG io worker tier=0 rc=17547264 nbytes=17547264
DBG io chunk n=33554432 want=33554432
DBG io worker tier=0 rc=17547264 nbytes=17547264
DBG io worker tier=0 rc=17547264 nbytes=17547264
DBG io worker tier=0 rc=17547264 nbytes=17547264
DBG io chunk n=33554432 want=33554432
DBG io worker tier=0 rc=17547264 nbytes=17547264
DBG io worker tier=0 rc=17547264 nbytes=17547264
DBG io worker tier=0 rc=17547264 nbytes=17547264
DBG getmany L91 nw=16 wall=0.287s thr(out)1 thr(in)16 conc_peak=16 pread=2.281s
DBG io chunk n=33554432 want=33554432
DBG io chunk n=33554432 want=33554432
DBG io chunk n=33554432 want=33554432
DBG io chunk n=33554432 want=33554432
DBG io chunk n=33554432 want=33554432
DBG io chunk n=33554432 want=33554432
DBG io chunk n=29237248 want=29237248
DBG io worker tier=0 rc=431890432 nbytes=431890432
DBG trunk load_run L=92 kio r=431890432 got=0 nbytes=431890432
DBG io submit tier=0 nbytes=17547264 qhead=0x750330000880
DBG io submit tier=0 nbytes=17547264 qhead=0x7502f0000880
DBG io submit tier=0 nbytes=17547264 qhead=0x7502f0000880
DBG io submit tier=0 nbytes=17547264 qhead=0x7502f0000880
DBG io submit tier=0 nbytes=17547264 qhead=0x7502f0000880
DBG io submit tier=0 nbytes=17547264 qhead=0x7502f0000880
DBG io submit tier=0 nbytes=17547264 qhead=0x7502f0000880
DBG io submit tier=0 nbytes=17547264 qhead=0x7502f0000880
DBG io submit tier=0 nbytes=17547264 qhead=0x7502f0000880
DBG io submit tier=0 nbytes=17547264 qhead=0x7502f0000880
DBG io submit tier=0 nbytes=17547264 qhead=0x7502f0000880
DBG io submit tier=0 nbytes=17547264 qhead=0x7502f0000880
DBG io submit tier=0 nbytes=17547264 qhead=0x7502f0000880
DBG io submit tier=0 nbytes=17547264 qhead=0x7502f0000880
DBG io submit tier=0 nbytes=17547264 qhead=0x7502e8000880
DBG io submit tier=0 nbytes=17547264 qhead=0x75033c000880
DBG io worker tier=0 rc=17547264 nbytes=17547264
DBG io worker tier=0 rc=17547264 nbytes=17547264
DBG io worker tier=0 rc=17547264 nbytes=17547264
DBG io worker tier=0 rc=17547264 nbytes=17547264
DBG io worker tier=0 rc=17547264 nbytes=17547264
DBG io worker tier=0 rc=17547264 nbytes=17547264
DBG io worker tier=0 rc=17547264 nbytes=17547264
DBG io worker tier=0 rc=17547264 nbytes=17547264
DBG io worker tier=0 rc=17547264 nbytes=17547264
DBG io worker tier=0 rc=17547264 nbytes=17547264
DBG io worker tier=0 rc=17547264 nbytes=17547264
DBG io worker tier=0 rc=17547264 nbytes=17547264
DBG io worker tier=0 rc=17547264 nbytes=17547264
DBG io worker tier=0 rc=17547264 nbytes=17547264
DBG io worker tier=0 rc=17547264 nbytes=17547264
DBG io worker tier=0 rc=17547264 nbytes=17547264
DBG getmany L92 nw=16 wall=0.157s thr(out)1 thr(in)16 conc_peak=16 pread=1.422s
config: /model/config.json (nested shape) | hidden=7168 layers=93 vocab=163840 | 24 MLA + 69 KDA | experts 896 top16 shared2 | latent=3584
  KV cache : 7.11 MB for 3 positions (2.37 MB/position)
Kimi K3, pure C, released checkpoint
  model    : /model
  prompt   : 1 tokens, generating 1

indexed 497220 tensors from 96 shards in 15.69 s
trunk on disk : 110.00 GB total (STREAMED from /mnt/nvme/trunk_layers_out, not held in RAM)

memory plan
  trunk (STREAMED) 12.00 GB
  embed + lm_head  4.70 GB
  expert cache     2.00 GB
  recurrent state  626.25 MB
  buffers          3.34 MB
  KV cache         7.10 MB
  TOTAL            19.33 GB
  available        28.63 GB

k3_trunk: trunk.bin absent - using per-layer slices (layer_%03d.bin)
trunk stream: 56.60 GB packed, 6/93 layers PINNED (9.30 GB), ring 2 x 1.30 GB
              reads use buffered I/O
              ring holds 2 slots: layers repeat over ~2 tokens, so recent ones are reused instead of re-read
trunk streaming enabled from /mnt/nvme/trunk_layers_out in 0.0 s
embedding, final norm and lm_head: 4.70 GB in 11.6 s

expert L2 cache enabled: 11397 slots x 17.55 MB = 199.99 GB on /mnt/nvme/experts.l2
expert L2 eviction policy: heat
peak RSS after loading weights: 4.78 GB  (the plan above is a forecast, this is measured)
expert cache: 113 slots x 17.56 MB = 1.98 GB (0.14% of the 1.45 TB expert pool)

recurrent state for 93 layers: 626.25 MB

incremental decode: KV cache 7.10 MB for 24 MLA layers at 3 positions

STEP   TOKEN      SECONDS      CACHE HIT  READ GB    TOK/S
--------------------------------------------------------------------
0      10         143.97       100.0      25.83      0.007
  L2   resident=9206/11397 slots hit=100.0% read=25.83GB write=0.00GB
--------------------------------------------------------------------
1 tokens in 144.0 s, 143.97 s/token average
PEAK RSS for the whole run: 14.24 GB   <- quote this, not the plan
layers completed: 93/93; routed expert drops: 0


[chip] simulated MXFP4 GEMV bill over 2 tokens
  1472 expert chains | 97240743936 flops | 25829572608 bytes (25.83 GB)
  per token: 736 chains | 12.91 GB | 0.05 Gflops
  compute wall @ 4 TFLOPS : 0.02 s (12.16 ms/token)
  bandwidth wall @ 200 GB/s : 0.13 s (64.57 ms/token)
  -> bandwidth-bound; to be compute-bound at 4 TFLOPS this needs 1062 GB/s
  expert fetch (host wall, measured): 45.16 s moving 25.83 GB = 1 GB/s
  chip pool wall (measured): 8.01 s

cache [final step]
  slots        : 113 of 17.56 MB = 1.98 GB arena (113 resident, 0 pinned)
  requests     : 1472  hits 1472 (100.00%)  misses 0  evictions 1359
  of those hits : 1472 came from the batch prefetch, i.e. read from disk
                  this token; TRUE resident hit rate 0.00%
  read from disk: 25.83 GB in 44.60 s (579 MB/s while loading)
  phase2 i/o    : 25.84 GB in 44.60 s (579 MB/s)  [pure parallel disk read]
l2cache [final step]
  requests     : 1472  hits 1472 (100.00%)  misses 0
  read  from sdd7: 25.83 GB, written 0.00 GB
  hit I/O   : 25.83 GB in 44.60 s (wall) = 579 MB/s [pread 357.29 s, 72 MB/s per-thread]
  miss I/O  : 0 misses, 0.00 GB from /model in 0.00 s (wall) = 0 MB/s
  restored from meta: 9206 slots

wrote reports/kio_small3_103328/r.json
I/O share of wall clock: 122.8%  (trunk 132.3 s + experts 44.6 s of 144.0 s)
  both figures are WHOLE-RUN totals over 1 steps
  over 100% because trunk reads overlap compute on the reader thread;
  32.9 s of device time was hidden behind arithmetic
  experts, whole run: 25.83 GB read | 113 of 1472 requests retained in RAM (7.68%) | 1359 evictions
    (retention = requests - evictions; the raw `hits` counter includes
     experts the prefetcher had just read from disk, so it is not a
     measure of avoided I/O)

trunk [final]
  pinned 6/93 layers, ring 2 slots
  binds 93, hits 0 (0.0%), reads 93
  read 56.60 GB in 132.26 s (428 MB/s pread)
  per-layer loads [L]=count: 0=1 1=1 2=1 3=1 4=1 5=1 6=1 7=1 8=1 9=1 10=1 11=1 12=1 13=1 14=1 15=1 16=1 17=1 18=1 19=1 20=1 21=1 22=1 23=1 24=1 25=1 26=1 27=1 28=1 29=1 30=1 31=1 32=1 33=1 34=1 35=1 36=1 37=1 38=1 39=1 40=1 41=1 42=1 43=1 44=1 45=1 46=1 47=1 48=1 49=1 50=1 51=1 52=1 53=1 54=1 55=1 56=1 57=1 58=1 59=1 60=1 61=1 62=1 63=1 64=1 65=1 66=1 67=1 68=1 69=1 70=1 71=1 72=1 73=1 74=1 75=1 76=1 77=1 78=1 79=1 80=1 81=1 82=1 83=1 84=1 85=1 86=1 87=1 88=1 89=1 90=1 91=1 92=1
  bind wall 77.77 s over 93 binds; read 132.26 + widen 3.66 = 135.93 s of device work,
                    of which 58.16 s (43%) overlapped compute on the reader thread
  widen breakdown: find 1 ms (2455)  copy 0 ms (1148)  deq 3661 ms (790)  timed 4 s of widen 3.66 s
