token,layer,phase,t0,t1,dur_s,bytes,l1_hit,l1_miss,l2_hit,l2_miss
0,0,trunk,1005.156603,1007.557210,2.400607,2341216256,0,1,0,0
0,0,compute,1007.557212,1007.703855,0.146643,0,0,0,0,0
0,1,trunk,1007.703856,1008.394418,0.690562,645562368,-1,1,0,0
0,1,expert,1008.451470,1008.657794,0.206324,280887296,0,0,16,0
0,1,compute,1008.394420,1008.780037,0.385616,0,0,0,0,0
0,2,trunk,1008.780038,1009.613056,0.833018,645562368,-2,1,0,0
0,2,expert,1009.669068,1009.874774,0.205706,280887296,0,0,16,0
0,2,compute,1009.613058,1009.988035,0.374977,0,0,0,0,0
0,3,trunk,1009.988037,1010.421318,0.433281,431890432,-3,1,0,0
0,3,expert,1010.453896,1010.655357,0.201461,280887296,0,0,16,0
0,3,compute,1010.421319,1010.774201,0.352882,0,0,0,0,0
0,4,trunk,1010.774202,1011.335321,0.561119,645562368,-4,1,0,0
0,4,expert,1011.393178,1011.584579,0.191401,280887296,0,0,16,0
0,4,compute,1011.335323,1011.697658,0.362335,0,0,0,0,0
0,5,trunk,1011.697659,1012.335629,0.637970,645562368,-5,1,0,0
0,5,expert,1012.391658,1012.587089,0.195431,280887296,0,0,16,0
0,5,compute,1012.335630,1012.702404,0.366774,0,0,0,0,0
0,6,trunk,1012.702405,1013.336369,0.633964,645562368,-6,1,0,0
0,6,expert,1013.400256,1013.590096,0.189841,280887296,0,0,16,0
0,6,compute,1013.336371,1013.705567,0.369197,0,0,0,0,0
0,7,trunk,1013.705568,1014.124216,0.418648,431890432,-7,1,0,0
0,7,expert,1014.156878,1014.345483,0.188605,280887296,0,0,16,0
0,7,compute,1014.124217,1014.448670,0.324453,0,0,0,0,0
0,8,trunk,1014.448672,1015.048871,0.600200,645562368,-8,1,0,0
0,8,expert,1015.154879,1015.348366,0.193487,280887296,0,0,16,0
0,8,compute,1015.048873,1015.446061,0.397188,0,0,0,0,0
0,9,trunk,1015.446062,1016.135955,0.689892,645562368,-9,1,0,0
0,9,expert,1016.194448,1016.390667,0.196219,280887296,0,0,16,0
0,9,compute,1016.135956,1016.502198,0.366242,0,0,0,0,0
0,10,trunk,1016.502199,1017.207789,0.705590,645562368,-10,1,0,0
0,10,expert,1017.265937,1017.471769,0.205832,280887296,0,0,16,0
0,10,compute,1017.207791,1017.586272,0.378481,0,0,0,0,0
0,11,trunk,1017.586274,1018.037676,0.451402,431890432,-11,1,0,0
0,11,expert,1018.107263,1018.303106,0.195843,280887296,0,0,16,0
0,11,compute,1018.037680,1018.422285,0.384606,0,0,0,0,0
0,12,trunk,1018.422287,1019.087280,0.664993,645562368,-12,1,0,0
0,12,expert,1019.143170,1019.344294,0.201124,280887296,0,0,16,0
0,12,compute,1019.087282,1019.466216,0.378934,0,0,0,0,0
0,13,trunk,1019.466217,1020.170225,0.704007,645562368,-13,1,0,0
0,13,expert,1020.228821,1020.432119,0.203298,280887296,0,0,16,0
0,13,compute,1020.170226,1020.546356,0.376130,0,0,0,0,0
0,14,trunk,1020.546357,1021.351804,0.805447,645562368,-14,1,0,0
0,14,expert,1021.411872,1021.608598,0.196726,280887296,0,0,16,0
0,14,compute,1021.351806,1021.705481,0.353675,0,0,0,0,0
0,15,trunk,1021.705483,1022.149800,0.444317,431890432,-15,1,0,0
0,15,expert,1022.182485,1022.390213,0.207728,280887296,0,0,16,0
0,15,compute,1022.149802,1022.491127,0.341325,0,0,0,0,0
0,16,trunk,1022.491128,1023.301760,0.810632,645562368,-16,1,0,0
0,16,expert,1023.355275,1023.557057,0.201782,280887296,0,0,16,0
0,16,compute,1023.301762,1023.657256,0.355493,0,0,0,0,0
0,17,trunk,1023.657257,1024.462453,0.805196,645562368,-17,1,0,0
0,17,expert,1024.515572,1024.716291,0.200720,280887296,0,0,16,0
0,17,compute,1024.462455,1024.821287,0.358832,0,0,0,0,0
0,18,trunk,1024.821289,1025.570680,0.749392,645562368,-18,1,0,0
0,18,expert,1025.625350,1025.813457,0.188107,280887296,0,0,16,0
0,18,compute,1025.570682,1025.910079,0.339397,0,0,0,0,0
0,19,trunk,1025.910081,1026.470366,0.560285,431890432,-19,1,0,0
0,19,expert,1026.503745,1026.710092,0.206347,280887296,0,0,16,0
0,19,compute,1026.470367,1026.822166,0.351799,0,0,0,0,0
0,20,trunk,1026.822167,1027.665078,0.842912,645562368,-20,1,0,0
0,20,expert,1027.728861,1027.925350,0.196489,280887296,0,0,16,0
0,20,compute,1027.665080,1028.045846,0.380766,0,0,0,0,0
0,21,trunk,1028.045849,1028.595103,0.549254,645562368,-21,1,0,0
0,21,expert,1028.680802,1028.940418,0.259616,280887296,0,0,16,0
0,21,compute,1028.595164,1029.064049,0.468884,0,0,0,0,0
0,22,trunk,1029.064050,1029.570663,0.506613,645562368,-22,1,0,0
0,22,expert,1029.641811,1029.907815,0.266003,280887296,0,0,16,0
0,22,compute,1029.570709,1030.030254,0.459545,0,0,0,0,0
0,23,trunk,1030.030274,1030.097319,0.067045,431890432,-23,1,0,0
0,23,expert,1030.196274,1030.635634,0.439361,280887296,0,0,16,0
0,23,compute,1030.097364,1030.757119,0.659755,0,0,0,0,0
0,24,trunk,1030.757121,1030.760983,0.003862,645562368,-24,1,0,0
0,24,expert,1030.834532,1031.358044,0.523511,280887296,0,0,16,0
0,24,compute,1030.761026,1031.474261,0.713236,0,0,0,0,0
0,25,trunk,1031.474263,1031.497510,0.023247,645562368,-25,1,0,0
0,25,expert,1031.562427,1032.098007,0.535580,280887296,0,0,16,0
0,25,compute,1031.497554,1032.202766,0.705211,0,0,0,0,0
0,26,trunk,1032.202767,1032.206712,0.003945,645562368,-26,1,0,0
0,26,expert,1032.264503,1032.668769,0.404267,280887296,0,0,16,0
0,26,compute,1032.206734,1032.768883,0.562149,0,0,0,0,0
0,27,trunk,1032.768885,1032.772299,0.003415,431890432,-27,1,0,0
0,27,expert,1032.815488,1033.300055,0.484567,280887296,0,0,16,0
0,27,compute,1032.772318,1033.412041,0.639723,0,0,0,0,0
0,28,trunk,1033.412043,1033.415519,0.003476,645562368,-28,1,0,0
0,28,expert,1033.480759,1033.948532,0.467774,280887296,0,0,16,0
0,28,compute,1033.415542,1034.073737,0.658195,0,0,0,0,0
0,29,trunk,1034.073739,1034.081936,0.008198,645562368,-29,1,0,0
0,29,expert,1034.196879,1034.673991,0.477112,280887296,0,0,16,0
0,29,compute,1034.081991,1034.783682,0.701691,0,0,0,0,0
0,30,trunk,1034.783683,1034.787883,0.004199,645562368,-30,1,0,0
0,30,expert,1034.847682,1035.248292,0.400610,280887296,0,0,16,0
0,30,compute,1034.787912,1035.368036,0.580124,0,0,0,0,0
0,31,trunk,1035.368038,1035.371462,0.003424,431890432,-31,1,0,0
0,31,expert,1035.433395,1035.969284,0.535889,280887296,0,0,16,0
0,31,compute,1035.371484,1036.090496,0.719012,0,0,0,0,0
0,32,trunk,1036.090498,1036.095443,0.004945,645562368,-32,1,0,0
0,32,expert,1036.178150,1036.717475,0.539324,280887296,0,0,16,0
0,32,compute,1036.095470,1036.819303,0.723833,0,0,0,0,0
0,33,trunk,1036.819304,1036.822771,0.003467,645562368,-33,1,0,0
0,33,expert,1036.885676,1037.376024,0.490348,280887296,0,0,16,0
0,33,compute,1036.822796,1037.478565,0.655769,0,0,0,0,0
0,34,trunk,1037.478567,1037.482326,0.003758,645562368,-34,1,0,0
0,34,expert,1037.546548,1037.951575,0.405027,280887296,0,0,16,0
0,34,compute,1037.482353,1038.100260,0.617907,0,0,0,0,0
0,35,trunk,1038.100262,1038.104306,0.004044,431890432,-35,1,0,0
0,35,expert,1038.154879,1038.726778,0.571899,280887296,0,0,16,0
0,35,compute,1038.104327,1038.831752,0.727424,0,0,0,0,0
0,36,trunk,1038.831753,1038.835503,0.003750,645562368,-36,1,0,0
0,36,expert,1038.895225,1039.453467,0.558242,280887296,0,0,16,0
0,36,compute,1038.835525,1039.578792,0.743268,0,0,0,0,0
0,37,trunk,1039.578794,1039.582338,0.003544,645562368,-37,1,0,0
0,37,expert,1039.645760,1040.191591,0.545832,280887296,0,0,16,0
0,37,compute,1039.582365,1040.289611,0.707246,0,0,0,0,0
0,38,trunk,1040.289613,1040.293935,0.004321,645562368,-38,1,0,0
0,38,expert,1040.361766,1040.739615,0.377850,280887296,0,0,16,0
0,38,compute,1040.293955,1040.858385,0.564430,0,0,0,0,0
0,39,trunk,1040.858387,1040.862377,0.003991,431890432,-39,1,0,0
0,39,expert,1040.903465,1041.462634,0.559169,280887296,0,0,16,0
0,39,compute,1040.862416,1041.568332,0.705916,0,0,0,0,0
0,40,trunk,1041.568334,1041.571985,0.003651,645562368,-40,1,0,0
0,40,expert,1041.633872,1042.174320,0.540448,280887296,0,0,16,0
0,40,compute,1041.572043,1042.286167,0.714124,0,0,0,0,0
0,41,trunk,1042.286169,1042.289690,0.003522,645562368,-41,1,0,0
0,41,expert,1042.354862,1042.866862,0.512000,280887296,0,0,16,0
0,41,compute,1042.289716,1042.986414,0.696698,0,0,0,0,0
0,42,trunk,1042.986416,1042.990169,0.003753,645562368,-42,1,0,0
0,42,expert,1043.068812,1043.452197,0.383385,280887296,0,0,16,0
0,42,compute,1042.990206,1043.566481,0.576274,0,0,0,0,0
0,43,trunk,1043.566483,1043.570222,0.003740,431890432,-43,1,0,0
0,43,expert,1043.611738,1044.182517,0.570780,280887296,0,0,16,0
0,43,compute,1043.570245,1044.279041,0.708795,0,0,0,0,0
0,44,trunk,1044.279043,1044.282773,0.003731,645562368,-44,1,0,0
0,44,expert,1044.347677,1044.895790,0.548113,280887296,0,0,16,0
0,44,compute,1044.282801,1045.006182,0.723381,0,0,0,0,0
0,45,trunk,1045.006184,1045.009753,0.003569,645562368,-45,1,0,0
0,45,expert,1045.135647,1045.630430,0.494783,280887296,0,0,16,0
0,45,compute,1045.009775,1045.750195,0.740420,0,0,0,0,0
0,46,trunk,1045.750197,1045.753715,0.003518,645562368,-46,1,0,0
0,46,expert,1045.813297,1046.248785,0.435487,280887296,0,0,16,0
0,46,compute,1045.753742,1046.348909,0.595167,0,0,0,0,0
0,47,trunk,1046.348911,1046.352436,0.003525,431890432,-47,1,0,0
0,47,expert,1046.391493,1046.988488,0.596995,280887296,0,0,16,0
0,47,compute,1046.352473,1047.131379,0.778906,0,0,0,0,0
0,48,trunk,1047.131381,1047.138351,0.006970,645562368,-48,1,0,0
0,48,expert,1047.210956,1047.773670,0.562713,280887296,0,0,16,0
0,48,compute,1047.138375,1047.886337,0.747962,0,0,0,0,0
0,49,trunk,1047.886339,1047.889917,0.003579,645562368,-49,1,0,0
0,49,expert,1047.959674,1048.546310,0.586636,280887296,0,0,16,0
0,49,compute,1047.889940,1048.658209,0.768269,0,0,0,0,0
0,50,trunk,1048.658211,1048.661809,0.003598,645562368,-50,1,0,0
0,50,expert,1048.725033,1049.163859,0.438826,280887296,0,0,16,0
0,50,compute,1048.661830,1049.282230,0.620400,0,0,0,0,0
0,51,trunk,1049.282231,1049.285732,0.003501,431890432,-51,1,0,0
0,51,expert,1049.325037,1049.932696,0.607659,280887296,0,0,16,0
0,51,compute,1049.285771,1050.046237,0.760466,0,0,0,0,0
0,52,trunk,1050.046239,1050.050071,0.003832,645562368,-52,1,0,0
0,52,expert,1050.111294,1050.773916,0.662623,280887296,0,0,16,0
0,52,compute,1050.050093,1050.891020,0.840928,0,0,0,0,0
0,53,trunk,1050.891026,1050.894708,0.003683,645562368,-53,1,0,0
0,53,expert,1050.959205,1051.523291,0.564085,280887296,0,0,16,0
0,53,compute,1050.894732,1051.634440,0.739708,0,0,0,0,0
0,54,trunk,1051.634442,1051.638081,0.003639,645562368,-54,1,0,0
0,54,expert,1051.697171,1052.151887,0.454716,280887296,0,0,16,0
0,54,compute,1051.638102,1052.266171,0.628069,0,0,0,0,0
0,55,trunk,1052.266173,1052.269656,0.003484,431890432,-55,1,0,0
0,55,expert,1052.308429,1052.888914,0.580485,280887296,0,0,16,0
0,55,compute,1052.269675,1053.014576,0.744901,0,0,0,0,0
0,56,trunk,1053.014578,1053.018414,0.003836,645562368,-56,1,0,0
0,56,expert,1053.079734,1053.275254,0.195521,280887296,0,0,16,0
0,56,compute,1053.018451,1053.392989,0.374538,0,0,0,0,0
0,57,trunk,1053.392991,1053.703739,0.310748,645562368,-57,1,0,0
0,57,expert,1053.766457,1054.329826,0.563369,280887296,0,0,16,0
0,57,compute,1053.703799,1054.446998,0.743198,0,0,0,0,0
0,58,trunk,1054.447000,1054.450849,0.003849,645562368,-58,1,0,0
0,58,expert,1054.511602,1054.911175,0.399574,280887296,0,0,16,0
0,58,compute,1054.450885,1055.022166,0.571281,0,0,0,0,0
0,59,trunk,1055.022168,1055.025735,0.003567,431890432,-59,1,0,0
0,59,expert,1055.070665,1055.677954,0.607288,280887296,0,0,16,0
0,59,compute,1055.025774,1055.791847,0.766073,0,0,0,0,0
0,60,trunk,1055.791849,1055.795627,0.003778,645562368,-60,1,0,0
0,60,expert,1055.860123,1056.439093,0.578970,280887296,0,0,16,0
0,60,compute,1055.795648,1056.558375,0.762727,0,0,0,0,0
0,61,trunk,1056.558377,1056.562040,0.003664,645562368,-61,1,0,0
0,61,expert,1056.627947,1057.191870,0.563923,280887296,0,0,16,0
0,61,compute,1056.562063,1057.293304,0.731241,0,0,0,0,0
0,62,trunk,1057.293306,1057.296979,0.003673,645562368,-62,1,0,0
0,62,expert,1057.355019,1057.779002,0.423982,280887296,0,0,16,0
0,62,compute,1057.297036,1057.904049,0.607013,0,0,0,0,0
0,63,trunk,1057.904051,1057.907712,0.003661,431890432,-63,1,0,0
0,63,expert,1057.957103,1058.540968,0.583865,280887296,0,0,16,0
0,63,compute,1057.907736,1058.660072,0.752337,0,0,0,0,0
0,64,trunk,1058.660074,1058.664344,0.004270,645562368,-64,1,0,0
0,64,expert,1058.728422,1059.112189,0.383767,280887296,0,0,16,0
0,64,compute,1058.664390,1059.238368,0.573978,0,0,0,0,0
0,65,trunk,1059.238370,1059.348664,0.110294,645562368,-65,1,0,0
0,65,expert,1059.412874,1059.990014,0.577140,280887296,0,0,16,0
0,65,compute,1059.348709,1060.106971,0.758262,0,0,0,0,0
0,66,trunk,1060.106973,1060.110526,0.003553,645562368,-66,1,0,0
0,66,expert,1060.169992,1060.616221,0.446229,280887296,0,0,16,0
0,66,compute,1060.110550,1060.738178,0.627628,0,0,0,0,0
0,67,trunk,1060.738180,1060.741866,0.003686,431890432,-67,1,0,0
0,67,expert,1060.784325,1061.366749,0.582424,280887296,0,0,16,0
0,67,compute,1060.741929,1061.490288,0.748359,0,0,0,0,0
0,68,trunk,1061.490289,1061.493994,0.003704,645562368,-68,1,0,0
0,68,expert,1061.562635,1062.104987,0.542351,280887296,0,0,16,0
0,68,compute,1061.494016,1062.238482,0.744466,0,0,0,0,0
0,69,trunk,1062.238484,1062.242212,0.003728,645562368,-69,1,0,0
0,69,expert,1062.306288,1062.859343,0.553055,280887296,0,0,16,0
0,69,compute,1062.242235,1062.982163,0.739928,0,0,0,0,0
0,70,trunk,1062.982165,1062.985862,0.003698,645562368,-70,1,0,0
0,70,expert,1063.051891,1063.471306,0.419415,280887296,0,0,16,0
0,70,compute,1062.985883,1063.599025,0.613143,0,0,0,0,0
0,71,trunk,1063.599028,1063.604835,0.005808,431890432,-71,1,0,0
0,71,expert,1063.645843,1064.254060,0.608217,280887296,0,0,16,0
0,71,compute,1063.604914,1064.374167,0.769253,0,0,0,0,0
0,72,trunk,1064.374169,1064.378331,0.004162,645562368,-72,1,0,0
0,72,expert,1064.442580,1065.020905,0.578325,280887296,0,0,16,0
0,72,compute,1064.378355,1065.129365,0.751009,0,0,0,0,0
0,73,trunk,1065.129367,1065.133182,0.003815,645562368,-73,1,0,0
0,73,expert,1065.192974,1065.766772,0.573798,280887296,0,0,16,0
0,73,compute,1065.133224,1065.873922,0.740698,0,0,0,0,0
0,74,trunk,1065.873924,1065.877666,0.003742,645562368,-74,1,0,0
0,74,expert,1065.936923,1066.356295,0.419372,280887296,0,0,16,0
0,74,compute,1065.877693,1066.470228,0.592535,0,0,0,0,0
0,75,trunk,1066.470230,1066.473888,0.003659,431890432,-75,1,0,0
0,75,expert,1066.510825,1067.085583,0.574759,280887296,0,0,16,0
0,75,compute,1066.473910,1067.189600,0.715690,0,0,0,0,0
0,76,trunk,1067.189601,1067.193169,0.003568,645562368,-76,1,0,0
0,76,expert,1067.256378,1067.836601,0.580222,280887296,0,0,16,0
0,76,compute,1067.193187,1067.974229,0.781041,0,0,0,0,0
0,77,trunk,1067.974230,1067.977575,0.003345,645562368,-77,1,0,0
0,77,expert,1068.037108,1068.818461,0.781353,280887296,0,0,16,0
0,77,compute,1067.977596,1068.926185,0.948589,0,0,0,0,0
0,78,trunk,1068.926187,1068.929805,0.003618,645562368,-78,1,0,0
0,78,expert,1068.984627,1069.590285,0.605658,280887296,0,0,16,0
0,78,compute,1068.929825,1069.698373,0.768548,0,0,0,0,0
0,79,trunk,1069.698375,1069.701808,0.003432,431890432,-79,1,0,0
0,79,expert,1069.743331,1070.509841,0.766510,280887296,0,0,16,0
0,79,compute,1069.701828,1070.630212,0.928384,0,0,0,0,0
0,80,trunk,1070.630214,1070.633939,0.003725,645562368,-80,1,0,0
0,80,expert,1070.693215,1071.435839,0.742624,280887296,0,0,16,0
0,80,compute,1070.633960,1071.543234,0.909274,0,0,0,0,0
0,81,trunk,1071.543236,1071.546678,0.003442,645562368,-81,1,0,0
0,81,expert,1071.612091,1072.384613,0.772522,280887296,0,0,16,0
0,81,compute,1071.546699,1072.511381,0.964682,0,0,0,0,0
0,82,trunk,1072.511383,1072.514928,0.003545,645562368,-82,1,0,0
0,82,expert,1072.572991,1073.140839,0.567849,280887296,0,0,16,0
0,82,compute,1072.514959,1073.241257,0.726298,0,0,0,0,0
0,83,trunk,1073.241258,1073.244842,0.003584,431890432,-83,1,0,0
0,83,expert,1073.288132,1074.065104,0.776972,280887296,0,0,16,0
0,83,compute,1073.244879,1074.187512,0.942633,0,0,0,0,0
0,84,trunk,1074.187514,1074.191340,0.003826,645562368,-84,1,0,0
0,84,expert,1074.255376,1075.005693,0.750317,280887296,0,0,16,0
0,84,compute,1074.191362,1075.129557,0.938196,0,0,0,0,0
0,85,trunk,1075.129559,1075.136060,0.006501,645562368,-85,1,0,0
0,85,expert,1075.208773,1075.950375,0.741602,280887296,0,0,16,0
0,85,compute,1075.136080,1076.071006,0.934926,0,0,0,0,0
0,86,trunk,1076.071007,1076.074912,0.003905,645562368,-86,1,0,0
0,86,expert,1076.161233,1076.690612,0.529379,280887296,0,0,16,0
0,86,compute,1076.074945,1076.798337,0.723392,0,0,0,0,0
0,87,trunk,1076.798339,1076.802669,0.004330,431890432,-87,1,0,0
0,87,expert,1076.841703,1077.603606,0.761903,280887296,0,0,16,0
0,87,compute,1076.802690,1077.710337,0.907647,0,0,0,0,0
0,88,trunk,1077.710338,1077.714185,0.003846,645562368,-88,1,0,0
0,88,expert,1077.783167,1078.549026,0.765859,280887296,0,0,16,0
0,88,compute,1077.714206,1078.662166,0.947960,0,0,0,0,0
0,89,trunk,1078.662168,1078.665811,0.003643,645562368,-89,1,0,0
0,89,expert,1078.732299,1079.527018,0.794719,280887296,0,0,16,0
0,89,compute,1078.665854,1079.646188,0.980335,0,0,0,0,0
0,90,trunk,1079.646190,1079.649849,0.003659,645562368,-90,1,0,0
0,90,expert,1079.720351,1080.280426,0.560076,280887296,0,0,16,0
0,90,compute,1079.649870,1080.381630,0.731760,0,0,0,0,0
0,91,trunk,1080.381631,1080.385164,0.003533,431890432,-91,1,0,0
0,91,expert,1080.423569,1080.997665,0.574096,280887296,0,0,16,0
0,91,compute,1080.385206,1081.099755,0.714549,0,0,0,0,0
0,92,trunk,1081.099757,1081.103584,0.003827,431890432,-92,1,0,0
0,92,expert,1081.138938,1081.368698,0.229761,280887296,0,0,16,0
0,92,compute,1081.103585,1081.490462,0.386877,0,0,0,0,0
1,0,trunk,1081.603716,1081.603763,0.000047,0,-92,0,0,0
1,0,compute,1081.603763,1081.727426,0.123663,0,0,0,0,0
1,1,trunk,1081.727428,1081.732509,0.005081,0,-91,0,0,0
1,1,expert,1081.802702,1082.049923,0.247220,280887296,0,0,16,0
1,1,compute,1081.732510,1082.170341,0.437830,0,0,0,0,0
1,2,trunk,1082.170343,1082.175341,0.004998,0,-90,0,0,0
1,2,expert,1082.249915,1082.489195,0.239280,280887296,0,0,16,0
1,2,compute,1082.175343,1082.610486,0.435143,0,0,0,0,0
1,3,trunk,1082.610487,1082.615435,0.004948,0,-89,0,0,0
1,3,expert,1082.658779,1082.893886,0.235108,280887296,0,0,16,0
1,3,compute,1082.615470,1083.016929,0.401458,0,0,0,0,0
1,4,trunk,1083.016930,1083.021935,0.005005,0,-88,0,0,0
1,4,expert,1083.084088,1083.313234,0.229146,280887296,0,0,16,0
1,4,compute,1083.021937,1083.431383,0.409446,0,0,0,0,0
1,5,trunk,1083.431384,1083.436242,0.004858,0,-87,0,0,0
1,5,expert,1083.504703,1083.736563,0.231859,280887296,0,0,16,0
1,5,compute,1083.436244,1083.846295,0.410051,0,0,0,0,0
1,6,trunk,1083.846297,1083.851309,0.005012,0,-86,0,0,0
1,6,expert,1083.916122,1084.156850,0.240727,280887296,0,0,16,0
1,6,compute,1083.851311,1084.269811,0.418500,0,0,0,0,0
1,7,trunk,1084.269813,1084.274613,0.004801,0,-85,0,0,0
1,7,expert,1084.308820,1084.538587,0.229767,280887296,0,0,16,0
1,7,compute,1084.274614,1084.667116,0.392502,0,0,0,0,0
1,8,trunk,1084.667118,1084.672770,0.005651,0,-84,0,0,0
1,8,expert,1084.736246,1084.964983,0.228737,280887296,0,0,16,0
1,8,compute,1084.672771,1085.090376,0.417605,0,0,0,0,0
1,9,trunk,1085.090377,1085.095233,0.004856,0,-83,0,0,0
1,9,expert,1085.161167,1085.392165,0.230998,280887296,0,0,16,0
1,9,compute,1085.095235,1085.499636,0.404401,0,0,0,0,0
1,10,trunk,1085.499638,1085.504450,0.004812,0,-82,0,0,0
1,10,expert,1085.569370,1085.810935,0.241566,280887296,0,0,16,0
1,10,compute,1085.504453,1085.934389,0.429937,0,0,0,0,0
1,11,trunk,1085.934390,1085.939133,0.004742,0,-81,0,0,0
1,11,expert,1085.976305,1086.213186,0.236881,280887296,0,0,16,0
1,11,compute,1085.939134,1086.314435,0.375301,0,0,0,0,0
1,12,trunk,1086.314437,1086.319216,0.004779,0,-80,0,0,0
1,12,expert,1086.381845,1086.619390,0.237544,280887296,0,0,16,0
1,12,compute,1086.319218,1086.727201,0.407983,0,0,0,0,0
1,13,trunk,1086.727202,1086.732163,0.004961,0,-79,0,0,0
1,13,expert,1086.801562,1087.039456,0.237894,280887296,0,0,16,0
1,13,compute,1086.732165,1087.159648,0.427483,0,0,0,0,0
1,14,trunk,1087.159649,1087.164435,0.004785,0,-78,0,0,0
1,14,expert,1087.227316,1087.465017,0.237702,280887296,0,0,16,0
1,14,compute,1087.164437,1087.578405,0.413968,0,0,0,0,0
1,15,trunk,1087.578407,1087.583472,0.005065,0,-77,0,0,0
1,15,expert,1087.617334,1087.850547,0.233213,280887296,0,0,16,0
1,15,compute,1087.583473,1087.974612,0.391138,0,0,0,0,0
1,16,trunk,1087.974613,1087.979145,0.004532,0,-76,0,0,0
1,16,expert,1088.042878,1088.278749,0.235871,280887296,0,0,16,0
1,16,compute,1087.979146,1088.398397,0.419251,0,0,0,0,0
1,17,trunk,1088.398398,1088.403101,0.004703,0,-75,0,0,0
1,17,expert,1088.465621,1088.701320,0.235699,280887296,0,0,16,0
1,17,compute,1088.403103,1088.810549,0.407446,0,0,0,0,0
1,18,trunk,1088.810550,1088.815636,0.005086,0,-74,0,0,0
1,18,expert,1088.879403,1089.112021,0.232618,280887296,0,0,16,0
1,18,compute,1088.815639,1089.220493,0.404854,0,0,0,0,0
1,19,trunk,1089.220495,1089.225850,0.005355,0,-73,0,0,0
1,19,expert,1089.266797,1089.499069,0.232272,280887296,0,0,16,0
1,19,compute,1089.225852,1089.614758,0.388906,0,0,0,0,0
1,20,trunk,1089.614759,1089.619781,0.005022,0,-72,0,0,0
1,20,expert,1089.682449,1089.912431,0.229982,280887296,0,0,16,0
1,20,compute,1089.619783,1090.031254,0.411471,0,0,0,0,0
1,21,trunk,1090.031256,1090.034668,0.003412,0,-71,0,0,0
1,21,expert,1090.097119,1090.870214,0.773095,280887296,0,0,16,0
1,21,compute,1090.034691,1090.986152,0.951461,0,0,0,0,0
1,22,trunk,1090.986154,1090.989711,0.003557,645562368,-71,1,0,0
1,22,expert,1091.050217,1091.633247,0.583030,280887296,0,0,16,0
1,22,compute,1090.989733,1091.735637,0.745904,0,0,0,0,0
1,23,trunk,1091.735638,1091.739192,0.003553,431890432,-72,1,0,0
1,23,expert,1091.779205,1092.510539,0.731334,280887296,0,0,16,0
1,23,compute,1091.739214,1092.614341,0.875127,0,0,0,0,0
1,24,trunk,1092.614343,1092.617876,0.003533,645562368,-73,1,0,0
1,24,expert,1092.681063,1093.510512,0.829448,280887296,0,0,16,0
1,24,compute,1092.617899,1093.609594,0.991695,0,0,0,0,0
1,25,trunk,1093.609596,1093.613483,0.003887,645562368,-74,1,0,0
1,25,expert,1093.680578,1094.437506,0.756927,280887296,0,0,16,0
1,25,compute,1093.613504,1094.541107,0.927603,0,0,0,0,0
1,26,trunk,1094.541109,1094.544794,0.003685,645562368,-75,1,0,0
1,26,expert,1094.606207,1095.173351,0.567144,280887296,0,0,16,0
1,26,compute,1094.544815,1095.290189,0.745374,0,0,0,0,0
1,27,trunk,1095.290253,1095.294310,0.004057,431890432,-76,1,0,0
1,27,expert,1095.342146,1096.069892,0.727746,280887296,0,0,16,0
1,27,compute,1095.294390,1096.186546,0.892156,0,0,0,0,0
1,28,trunk,1096.186567,1096.190328,0.003761,645562368,-77,1,0,0
1,28,expert,1096.254563,1096.972027,0.717464,280887296,0,0,16,0
1,28,compute,1096.190351,1097.069899,0.879548,0,0,0,0,0
1,29,trunk,1097.069900,1097.073504,0.003603,645562368,-78,1,0,0
1,29,expert,1097.136284,1097.902870,0.766586,280887296,0,0,16,0
1,29,compute,1097.073543,1098.014354,0.940811,0,0,0,0,0
1,30,trunk,1098.014356,1098.017902,0.003545,645562368,-79,1,0,0
1,30,expert,1098.081813,1098.663376,0.581563,280887296,0,0,16,0
1,30,compute,1098.017925,1098.782305,0.764380,0,0,0,0,0
1,31,trunk,1098.782307,1098.786006,0.003699,431890432,-80,1,0,0
1,31,expert,1098.830521,1099.599661,0.769140,280887296,0,0,16,0
1,31,compute,1098.786048,1099.727805,0.941756,0,0,0,0,0
1,32,trunk,1099.727807,1099.731441,0.003634,645562368,-81,1,0,0
1,32,expert,1099.795810,1100.574966,0.779156,280887296,0,0,16,0
1,32,compute,1099.731498,1100.707601,0.976104,0,0,0,0,0
1,33,trunk,1100.707603,1100.711487,0.003884,645562368,-82,1,0,0
1,33,expert,1100.784920,1101.583886,0.798966,280887296,0,0,16,0
1,33,compute,1100.711521,1101.689584,0.978063,0,0,0,0,0
1,34,trunk,1101.689586,1101.693475,0.003888,645562368,-83,1,0,0
1,34,expert,1101.752629,1102.330113,0.577484,280887296,0,0,16,0
1,34,compute,1101.693496,1102.446220,0.752724,0,0,0,0,0
1,35,trunk,1102.446222,1102.450121,0.003899,431890432,-84,1,0,0
1,35,expert,1102.485027,1103.279086,0.794059,280887296,0,0,16,0
1,35,compute,1102.450150,1103.395898,0.945748,0,0,0,0,0
1,36,trunk,1103.395900,1103.399849,0.003950,645562368,-85,1,0,0
1,36,expert,1103.455205,1104.240043,0.784838,280887296,0,0,16,0
1,36,compute,1103.399891,1104.354191,0.954301,0,0,0,0,0
1,37,trunk,1104.354193,1104.358424,0.004231,645562368,-86,1,0,0
1,37,expert,1104.434509,1105.185119,0.750610,280887296,0,0,16,0
1,37,compute,1104.365410,1105.294044,0.928635,0,0,0,0,0
1,38,trunk,1105.294046,1105.297458,0.003412,645562368,-87,1,0,0
1,38,expert,1105.345012,1105.908848,0.563836,280887296,0,0,16,0
1,38,compute,1105.297585,1106.010279,0.712694,0,0,0,0,0
1,39,trunk,1106.010281,1106.013965,0.003683,431890432,-88,1,0,0
1,39,expert,1106.047997,1106.822974,0.774977,280887296,0,0,16,0
1,39,compute,1106.013988,1106.923777,0.909788,0,0,0,0,0
1,40,trunk,1106.923778,1106.927322,0.003544,645562368,-89,1,0,0
1,40,expert,1106.976788,1107.759405,0.782617,280887296,0,0,16,0
1,40,compute,1106.927345,1107.878210,0.950865,0,0,0,0,0
1,41,trunk,1107.878211,1107.881739,0.003527,645562368,-90,1,0,0
1,41,expert,1107.938670,1108.691426,0.752756,280887296,0,0,16,0
1,41,compute,1107.881760,1108.802229,0.920469,0,0,0,0,0
1,42,trunk,1108.802230,1108.805563,0.003333,645562368,-91,1,0,0
1,42,expert,1108.856726,1109.454454,0.597728,280887296,0,0,16,0
1,42,compute,1108.805584,1109.547710,0.742126,0,0,0,0,0
1,43,trunk,1109.547712,1109.551229,0.003518,431890432,-92,1,0,0
1,43,expert,1109.587746,1110.396674,0.808928,280887296,0,0,16,0
1,43,compute,1109.551251,1110.488265,0.937014,0,0,0,0,0
1,44,trunk,1110.488267,1110.491950,0.003683,645562368,-93,1,0,0
1,44,expert,1110.539523,1111.344106,0.804583,280887296,0,0,16,0
1,44,compute,1110.491975,1111.436391,0.944416,0,0,0,0,0
1,45,trunk,1111.436393,1111.439960,0.003568,645562368,-94,1,0,0
1,45,expert,1111.509610,1112.278202,0.768592,280887296,0,0,16,0
1,45,compute,1111.445539,1112.390159,0.944620,0,0,0,0,0
1,46,trunk,1112.390161,1112.393626,0.003465,645562368,-95,1,0,0
1,46,expert,1112.448388,1113.043020,0.594632,280887296,0,0,16,0
1,46,compute,1112.397486,1113.156147,0.758660,0,0,0,0,0
1,47,trunk,1113.156149,1113.159608,0.003459,431890432,-96,1,0,0
1,47,expert,1113.195644,1113.967957,0.772313,280887296,0,0,16,0
1,47,compute,1113.165207,1114.082584,0.917377,0,0,0,0,0
1,48,trunk,1114.082586,1114.085933,0.003347,645562368,-97,1,0,0
1,48,expert,1114.135542,1114.896023,0.760481,280887296,0,0,16,0
1,48,compute,1114.092216,1115.008047,0.915832,0,0,0,0,0
1,49,trunk,1115.008049,1115.011659,0.003610,645562368,-98,1,0,0
1,49,expert,1115.072741,1115.882296,0.809556,280887296,0,0,16,0
1,49,compute,1115.016143,1115.994273,0.978130,0,0,0,0,0
1,50,trunk,1115.994274,1115.997606,0.003332,645562368,-99,1,0,0
1,50,expert,1116.047444,1116.637767,0.590324,280887296,0,0,16,0
1,50,compute,1115.997634,1116.754254,0.756620,0,0,0,0,0
1,51,trunk,1116.754256,1116.757424,0.003168,431890432,-100,1,0,0
1,51,expert,1116.796674,1117.568851,0.772177,280887296,0,0,16,0
1,51,compute,1116.757443,1117.704041,0.946598,0,0,0,0,0
1,52,trunk,1117.704043,1117.707135,0.003092,645562368,-101,1,0,0
1,52,expert,1117.761869,1118.522989,0.761119,280887296,0,0,16,0
1,52,compute,1117.707175,1118.615554,0.908379,0,0,0,0,0
1,53,trunk,1118.615556,1118.619088,0.003532,645562368,-102,1,0,0
1,53,expert,1118.673587,1119.474253,0.800665,280887296,0,0,16,0
1,53,compute,1118.619110,1119.571947,0.952837,0,0,0,0,0
1,54,trunk,1119.571948,1119.575345,0.003397,645562368,-103,1,0,0
1,54,expert,1119.625522,1120.229019,0.603497,280887296,0,0,16,0
1,54,compute,1119.575368,1120.342172,0.766804,0,0,0,0,0
1,55,trunk,1120.342174,1120.345571,0.003398,431890432,-104,1,0,0
1,55,expert,1120.379167,1121.159998,0.780832,280887296,0,0,16,0
1,55,compute,1120.345592,1121.270167,0.924575,0,0,0,0,0
1,56,trunk,1121.270169,1121.273590,0.003421,645562368,-105,1,0,0
1,56,expert,1121.328401,1122.100638,0.772237,280887296,0,0,16,0
1,56,compute,1121.273611,1122.191455,0.917845,0,0,0,0,0
1,57,trunk,1122.191457,1122.194970,0.003513,645562368,-106,1,0,0
1,57,expert,1122.246825,1123.035874,0.789049,280887296,0,0,16,0
1,57,compute,1122.195009,1123.155349,0.960340,0,0,0,0,0
1,58,trunk,1123.155351,1123.159171,0.003821,645562368,-107,1,0,0
1,58,expert,1123.210988,1123.793346,0.582358,280887296,0,0,16,0
1,58,compute,1123.159217,1123.911036,0.751818,0,0,0,0,0
1,59,trunk,1123.911038,1123.914474,0.003437,431890432,-108,1,0,0
1,59,expert,1123.947690,1124.735257,0.787567,280887296,0,0,16,0
1,59,compute,1123.914511,1124.846174,0.931663,0,0,0,0,0
1,60,trunk,1124.846176,1124.849546,0.003370,645562368,-109,1,0,0
1,60,expert,1124.901444,1125.691406,0.789962,280887296,0,0,16,0
1,60,compute,1124.849568,1125.812035,0.962468,0,0,0,0,0
1,61,trunk,1125.812037,1125.815589,0.003552,645562368,-110,1,0,0
1,61,expert,1125.870023,1126.619006,0.748983,280887296,0,0,16,0
1,61,compute,1125.815612,1126.726185,0.910573,0,0,0,0,0
1,62,trunk,1126.726187,1126.729587,0.003400,645562368,-111,1,0,0
1,62,expert,1126.776984,1127.346677,0.569693,280887296,0,0,16,0
1,62,compute,1126.729609,1127.462474,0.732865,0,0,0,0,0
1,63,trunk,1127.462476,1127.465932,0.003456,431890432,-112,1,0,0
1,63,expert,1127.500867,1128.272206,0.771339,280887296,0,0,16,0
1,63,compute,1127.465953,1128.362810,0.896857,0,0,0,0,0
1,64,trunk,1128.362812,1128.366184,0.003372,645562368,-113,1,0,0
1,64,expert,1128.419132,1129.206929,0.787797,280887296,0,0,16,0
1,64,compute,1128.366207,1129.323085,0.956879,0,0,0,0,0
1,65,trunk,1129.323087,1129.326729,0.003643,645562368,-114,1,0,0
1,65,expert,1129.375104,1130.142187,0.767083,280887296,0,0,16,0
1,65,compute,1129.326750,1130.262204,0.935454,0,0,0,0,0
1,66,trunk,1130.262205,1130.265634,0.003428,645562368,-115,1,0,0
1,66,expert,1130.318725,1130.905933,0.587208,280887296,0,0,16,0
1,66,compute,1130.265663,1131.022164,0.756501,0,0,0,0,0
1,67,trunk,1131.022166,1131.025731,0.003565,431890432,-116,1,0,0
1,67,expert,1131.059318,1131.851876,0.792558,280887296,0,0,16,0
1,67,compute,1131.025753,1131.947262,0.921509,0,0,0,0,0
1,68,trunk,1131.947264,1131.950654,0.003390,645562368,-117,1,0,0
1,68,expert,1132.000045,1132.778102,0.778058,280887296,0,0,16,0
1,68,compute,1131.950677,1132.872476,0.921800,0,0,0,0,0
1,69,trunk,1132.872478,1132.876156,0.003678,645562368,-118,1,0,0
1,69,expert,1132.931858,1133.725700,0.793842,280887296,0,0,16,0
1,69,compute,1132.876175,1133.838192,0.962016,0,0,0,0,0
1,70,trunk,1133.838194,1133.841734,0.003541,645562368,-119,1,0,0
1,70,expert,1133.890761,1134.463806,0.573045,280887296,0,0,16,0
1,70,compute,1133.841765,1134.556380,0.714615,0,0,0,0,0
1,71,trunk,1134.556381,1134.559895,0.003513,431890432,-120,1,0,0
1,71,expert,1134.594002,1135.576587,0.982584,280887296,0,0,16,0
1,71,compute,1134.559922,1135.670179,1.110257,0,0,0,0,0
1,72,trunk,1135.670181,1135.673586,0.003405,645562368,-121,1,0,0
1,72,expert,1135.726916,1136.526509,0.799593,280887296,0,0,16,0
1,72,compute,1135.673626,1136.638846,0.965220,0,0,0,0,0
1,73,trunk,1136.638848,1136.642553,0.003706,645562368,-122,1,0,0
1,73,expert,1136.693220,1137.494709,0.801489,280887296,0,0,16,0
1,73,compute,1136.642575,1137.591642,0.949067,0,0,0,0,0
1,74,trunk,1137.591644,1137.595006,0.003363,645562368,-123,1,0,0
1,74,expert,1137.641820,1138.245652,0.603832,280887296,0,0,16,0
1,74,compute,1137.595051,1138.342144,0.747093,0,0,0,0,0
1,75,trunk,1138.342145,1138.346187,0.004042,431890432,-124,1,0,0
1,75,expert,1138.378786,1139.121807,0.743021,280887296,0,0,16,0
1,75,compute,1138.346211,1139.217402,0.871191,0,0,0,0,0
1,76,trunk,1139.217404,1139.220845,0.003441,645562368,-125,1,0,0
1,76,expert,1139.272857,1139.855974,0.583118,280887296,0,0,16,0
1,76,compute,1139.220864,1139.967925,0.747061,0,0,0,0,0
1,77,trunk,1139.967927,1140.029008,0.061082,645562368,-126,1,0,0
1,77,expert,1140.084099,1140.862046,0.777947,280887296,0,0,16,0
1,77,compute,1140.029072,1140.978255,0.949183,0,0,0,0,0
1,78,trunk,1140.978257,1140.981803,0.003546,645562368,-127,1,0,0
1,78,expert,1141.033028,1141.630786,0.597758,280887296,0,0,16,0
1,78,compute,1140.981822,1141.722281,0.740458,0,0,0,0,0
1,79,trunk,1141.722282,1141.725901,0.003619,431890432,-128,1,0,0
1,79,expert,1141.758943,1147.656022,5.897079,280887296,0,0,16,0
1,79,compute,1141.725922,1147.774188,6.048266,0,0,0,0,0
1,80,trunk,1147.774190,1147.777536,0.003347,645562368,-129,1,0,0
1,80,expert,1147.826540,1154.324926,6.498386,280887296,0,0,16,0
1,80,compute,1147.777582,1154.438189,6.660607,0,0,0,0,0
1,81,trunk,1154.438191,1154.441794,0.003602,645562368,-130,1,0,0
1,81,expert,1154.490670,1155.270580,0.779910,280887296,0,0,16,0
1,81,compute,1154.441821,1155.402191,0.960370,0,0,0,0,0
1,82,trunk,1155.402193,1155.405556,0.003363,645562368,-131,1,0,0
1,82,expert,1155.451818,1156.012766,0.560948,280887296,0,0,16,0
1,82,compute,1155.405582,1156.126182,0.720600,0,0,0,0,0
1,83,trunk,1156.126183,1156.129785,0.003602,431890432,-132,1,0,0
1,83,expert,1156.165223,1156.937927,0.772704,280887296,0,0,16,0
1,83,compute,1156.129806,1157.054220,0.924413,0,0,0,0,0
1,84,trunk,1157.054221,1157.057672,0.003450,645562368,-133,1,0,0
1,84,expert,1157.107393,1157.876213,0.768820,280887296,0,0,16,0
1,84,compute,1157.057722,1157.971420,0.913698,0,0,0,0,0
1,85,trunk,1157.971421,1157.975002,0.003581,645562368,-134,1,0,0
1,85,expert,1158.026947,1158.807272,0.780325,280887296,0,0,16,0
1,85,compute,1157.975024,1158.922211,0.947187,0,0,0,0,0
1,86,trunk,1158.922212,1158.925368,0.003156,645562368,-135,1,0,0
1,86,expert,1158.978428,1159.553757,0.575329,280887296,0,0,16,0
1,86,compute,1158.925390,1159.670208,0.744818,0,0,0,0,0
1,87,trunk,1159.670210,1159.673661,0.003451,431890432,-136,1,0,0
1,87,expert,1159.711193,1160.453168,0.741975,280887296,0,0,16,0
1,87,compute,1159.673682,1160.553159,0.879477,0,0,0,0,0
1,88,trunk,1160.553161,1160.556777,0.003616,645562368,-137,1,0,0
1,88,expert,1160.620616,1161.373656,0.753040,280887296,0,0,16,0
1,88,compute,1160.556796,1161.494190,0.937394,0,0,0,0,0
1,89,trunk,1161.494193,1161.498049,0.003857,645562368,-138,1,0,0
1,89,expert,1161.553736,1162.359351,0.805615,280887296,0,0,16,0
1,89,compute,1161.498071,1162.478204,0.980133,0,0,0,0,0
1,90,trunk,1162.478206,1162.481626,0.003420,645562368,-139,1,0,0
1,90,expert,1162.531971,1163.108793,0.576823,280887296,0,0,16,0
1,90,compute,1162.481646,1163.199509,0.717863,0,0,0,0,0
1,91,trunk,1163.199510,1163.202957,0.003447,431890432,-140,1,0,0
1,91,expert,1163.235017,1163.832207,0.597190,280887296,0,0,16,0
1,91,compute,1163.202977,1163.924655,0.721678,0,0,0,0,0
1,92,trunk,1163.924657,1163.928105,0.003448,431890432,-141,1,0,0
1,92,expert,1163.948741,1164.183984,0.235243,280887296,0,0,16,0
1,92,compute,1163.928106,1164.298162,0.370057,0,0,0,0,0
2,0,trunk,1164.399112,1164.399151,0.000038,0,-141,0,0,0
2,0,compute,1164.399151,1164.498753,0.099601,0,0,0,0,0
2,1,trunk,1164.498754,1164.502098,0.003344,0,-140,0,0,0
2,1,expert,1164.539654,1164.767867,0.228213,280887296,0,0,16,0
2,1,compute,1164.502100,1164.866164,0.364064,0,0,0,0,0
2,2,trunk,1164.866165,1164.869548,0.003383,0,-139,0,0,0
2,2,expert,1164.907932,1165.127804,0.219872,263331840,0,0,15,0
2,2,compute,1164.869550,1165.242334,0.372784,0,0,0,0,0
2,3,trunk,1165.242335,1165.245789,0.003454,0,-138,0,0,0
2,3,expert,1165.267053,1165.455418,0.188366,228220928,0,0,13,0
2,3,compute,1165.245791,1165.567002,0.321211,0,0,0,0,0
2,4,trunk,1165.567007,1165.570323,0.003316,0,-137,0,0,0
2,4,expert,1165.608324,1165.828027,0.219704,263331840,0,0,15,0
2,4,compute,1165.570324,1165.942250,0.371926,0,0,0,0,0
2,5,trunk,1165.942252,1165.945587,0.003335,0,-136,0,0,0
2,5,expert,1165.984754,1166.219063,0.234309,280887296,0,0,16,0
2,5,compute,1165.945589,1166.311815,0.366226,0,0,0,0,0
2,6,trunk,1166.311816,1166.315211,0.003394,0,-135,0,0,0
2,6,expert,1166.353229,1166.575502,0.222273,263331840,0,0,15,0
2,6,compute,1166.315212,1166.696052,0.380840,0,0,0,0,0
2,7,trunk,1166.696053,1166.699606,0.003553,0,-134,0,0,0
2,7,expert,1166.727628,1166.940383,0.212755,263331840,0,0,15,0
2,7,compute,1166.699608,1167.031610,0.332002,0,0,0,0,0
2,8,trunk,1167.031611,1167.035081,0.003470,0,-133,0,0,0
2,8,expert,1167.073718,1167.302051,0.228333,280887296,0,0,16,0
2,8,compute,1167.035109,1167.414203,0.379094,0,0,0,0,0
2,9,trunk,1167.414204,1167.417510,0.003306,0,-132,0,0,0
2,9,expert,1167.458138,1167.674014,0.215877,263331840,0,0,15,0
2,9,compute,1167.417511,1167.786356,0.368844,0,0,0,0,0
2,10,trunk,1167.786357,1167.789700,0.003343,0,-131,0,0,0
2,10,expert,1167.839248,1168.056458,0.217210,263331840,0,0,15,0
2,10,compute,1167.789701,1168.147245,0.357544,0,0,0,0,0
2,11,trunk,1168.147247,1168.150751,0.003504,0,-130,0,0,0
2,11,expert,1168.171922,1168.388232,0.216310,263331840,0,0,15,0
2,11,compute,1168.150752,1168.502656,0.351903,0,0,0,0,0
2,12,trunk,1168.502657,1168.506003,0.003346,0,-129,0,0,0
2,12,expert,1168.586808,1168.800277,0.213469,263331840,0,0,15,0
2,12,compute,1168.506005,1168.893899,0.387894,0,0,0,0,0
2,13,trunk,1168.893900,1168.897389,0.003488,0,-128,0,0,0
2,13,expert,1168.942686,1169.172600,0.229915,280887296,0,0,16,0
2,13,compute,1168.897390,1169.286192,0.388802,0,0,0,0,0
2,14,trunk,1169.286194,1169.289601,0.003408,0,-127,0,0,0
2,14,expert,1169.329820,1169.543969,0.214150,263331840,0,0,15,0
2,14,compute,1169.289603,1169.645498,0.355895,0,0,0,0,0
2,15,trunk,1169.645500,1169.648983,0.003483,0,-126,0,0,0
2,15,expert,1169.670407,1169.900657,0.230250,280887296,0,0,16,0
2,15,compute,1169.648984,1170.010172,0.361188,0,0,0,0,0
2,16,trunk,1170.010174,1170.013424,0.003250,0,-125,0,0,0
2,16,expert,1170.053410,1170.272520,0.219110,263331840,0,0,15,0
2,16,compute,1170.013426,1170.390224,0.376799,0,0,0,0,0
2,17,trunk,1170.390226,1170.393503,0.003277,0,-124,0,0,0
2,17,expert,1170.443148,1170.675728,0.232580,280887296,0,0,16,0
2,17,compute,1170.393505,1170.767388,0.373884,0,0,0,0,0
2,18,trunk,1170.767390,1170.770792,0.003402,0,-123,0,0,0
2,18,expert,1170.810069,1171.041932,0.231864,280887296,0,0,16,0
2,18,compute,1170.770794,1171.149700,0.378907,0,0,0,0,0
2,19,trunk,1171.149702,1171.153085,0.003383,0,-122,0,0,0
2,19,expert,1171.179274,1171.417264,0.237990,280887296,0,0,16,0
2,19,compute,1171.153087,1171.538311,0.385224,0,0,0,0,0
2,20,trunk,1171.538312,1171.541888,0.003576,0,-121,0,0,0
2,20,expert,1171.580770,1171.811411,0.230641,280887296,0,0,16,0
2,20,compute,1171.541890,1171.926290,0.384401,0,0,0,0,0
2,21,trunk,1171.926292,1171.929809,0.003517,0,-120,0,0,0
2,21,expert,1171.984481,1172.754734,0.770253,280887296,0,0,16,0
2,21,compute,1171.929829,1172.886156,0.956327,0,0,0,0,0
2,22,trunk,1172.886158,1172.889644,0.003486,645562368,-120,1,0,0
2,22,expert,1172.955071,1173.537053,0.581983,280887296,0,0,16,0
2,22,compute,1172.889664,1173.654304,0.764640,0,0,0,0,0
2,23,trunk,1173.654306,1173.658399,0.004093,431890432,-121,1,0,0
2,23,expert,1173.690740,1174.404442,0.713701,263331840,0,0,15,0
2,23,compute,1173.658424,1174.518180,0.859756,0,0,0,0,0
2,24,trunk,1174.518182,1174.521667,0.003486,645562368,-122,1,0,0
2,24,expert,1174.581145,1175.356981,0.775836,228220928,0,0,13,0
2,24,compute,1174.521689,1175.450229,0.928540,0,0,0,0,0
2,25,trunk,1175.450230,1175.453709,0.003478,645562368,-123,1,0,0
2,25,expert,1175.503962,1176.266677,0.762714,263331840,0,0,15,0
2,25,compute,1175.453730,1176.361575,0.907845,0,0,0,0,0
2,26,trunk,1176.361577,1176.365373,0.003796,645562368,-124,1,0,0
2,26,expert,1176.412472,1176.976551,0.564078,263331840,0,0,15,0
2,26,compute,1176.365394,1177.110901,0.745507,0,0,0,0,0
2,27,trunk,1177.110903,1177.114216,0.003314,431890432,-125,1,0,0
2,27,expert,1177.147774,1177.886228,0.738454,280887296,0,0,16,0
2,27,compute,1177.114236,1178.024036,0.909800,0,0,0,0,0
2,28,trunk,1178.024038,1178.027358,0.003320,645562368,-126,1,0,0
2,28,expert,1178.078459,1178.781864,0.703405,263331840,0,0,15,0
2,28,compute,1178.027393,1178.894195,0.866802,0,0,0,0,0
2,29,trunk,1178.894197,1178.897683,0.003486,645562368,-127,1,0,0
2,29,expert,1178.963362,1179.727615,0.764253,280887296,0,0,16,0
2,29,compute,1178.897708,1179.842240,0.944532,0,0,0,0,0
2,30,trunk,1179.842242,1179.845826,0.003584,645562368,-128,1,0,0
2,30,expert,1179.891823,1180.495684,0.603861,280887296,0,0,16,0
2,30,compute,1179.845846,1180.616086,0.770240,0,0,0,0,0
2,31,trunk,1180.616088,1180.619661,0.003573,431890432,-129,1,0,0
2,31,expert,1180.653188,1181.427244,0.774056,280887296,0,0,16,0
2,31,compute,1180.619684,1181.546192,0.926508,0,0,0,0,0
2,32,trunk,1181.546194,1181.549833,0.003639,645562368,-130,1,0,0
2,32,expert,1181.598697,1182.345868,0.747171,245776384,0,0,14,0
2,32,compute,1181.549855,1182.443421,0.893567,0,0,0,0,0
2,33,trunk,1182.443424,1182.446819,0.003396,645562368,-131,1,0,0
2,33,expert,1182.494410,1183.286362,0.791952,263331840,0,0,15,0
2,33,compute,1182.446849,1183.394182,0.947333,0,0,0,0,0
2,34,trunk,1183.394184,1183.397855,0.003671,645562368,-132,1,0,0
2,34,expert,1183.446251,1184.045871,0.599620,280887296,0,0,16,0
2,34,compute,1183.397875,1184.158354,0.760479,0,0,0,0,0
2,35,trunk,1184.158356,1184.162347,0.003992,431890432,-133,1,0,0
2,35,expert,1184.197668,1185.012673,0.815005,280887296,0,0,16,0
2,35,compute,1184.162383,1185.100844,0.938461,0,0,0,0,0
2,36,trunk,1185.100846,1185.104395,0.003549,645562368,-134,1,0,0
2,36,expert,1185.155220,1185.917068,0.761848,245776384,0,0,14,0
2,36,compute,1185.104415,1186.030209,0.925794,0,0,0,0,0
2,37,trunk,1186.030211,1186.034196,0.003985,645562368,-135,1,0,0
2,37,expert,1186.090786,1186.862320,0.771534,280887296,0,0,16,0
2,37,compute,1186.034217,1186.955215,0.920998,0,0,0,0,0
2,38,trunk,1186.955217,1186.958794,0.003577,645562368,-136,1,0,0
2,38,expert,1187.010961,1187.587151,0.576190,280887296,0,0,16,0
2,38,compute,1186.958875,1187.697834,0.738960,0,0,0,0,0
2,39,trunk,1187.697837,1187.701280,0.003444,431890432,-137,1,0,0
2,39,expert,1187.739239,1188.507574,0.768335,280887296,0,0,16,0
2,39,compute,1187.701308,1188.622218,0.920910,0,0,0,0,0
2,40,trunk,1188.622220,1188.625806,0.003586,645562368,-138,1,0,0
2,40,expert,1188.679144,1189.472189,0.793045,280887296,0,0,16,0
2,40,compute,1188.625828,1189.573538,0.947710,0,0,0,0,0
2,41,trunk,1189.573540,1189.576965,0.003424,645562368,-139,1,0,0
2,41,expert,1189.632973,1190.380409,0.747436,280887296,0,0,16,0
2,41,compute,1189.576986,1190.474961,0.897976,0,0,0,0,0
2,42,trunk,1190.474963,1190.478769,0.003805,645562368,-140,1,0,0
2,42,expert,1190.527520,1191.120278,0.592758,280887296,0,0,16,0
2,42,compute,1190.478790,1191.232863,0.754073,0,0,0,0,0
2,43,trunk,1191.232865,1191.236313,0.003449,431890432,-141,1,0,0
2,43,expert,1191.273803,1192.082614,0.808810,280887296,0,0,16,0
2,43,compute,1191.236331,1192.198193,0.961861,0,0,0,0,0
2,44,trunk,1192.198195,1192.201847,0.003652,645562368,-142,1,0,0
2,44,expert,1192.257202,1192.955192,0.697990,280887296,0,0,16,0
2,44,compute,1192.201868,1193.070192,0.868324,0,0,0,0,0
2,45,trunk,1193.070193,1193.073715,0.003522,645562368,-143,1,0,0
2,45,expert,1193.139965,1193.879579,0.739614,280887296,0,0,16,0
2,45,compute,1193.073757,1193.986167,0.912410,0,0,0,0,0
2,46,trunk,1193.986168,1193.989721,0.003552,645562368,-144,1,0,0
2,46,expert,1194.039607,1194.615792,0.576185,263331840,0,0,15,0
2,46,compute,1193.989740,1194.730310,0.740570,0,0,0,0,0
2,47,trunk,1194.730312,1194.733931,0.003618,431890432,-145,1,0,0
2,47,expert,1194.768274,1195.520335,0.752061,263331840,0,0,15,0
2,47,compute,1194.733952,1195.638316,0.904364,0,0,0,0,0
2,48,trunk,1195.638318,1195.642108,0.003790,645562368,-146,1,0,0
2,48,expert,1195.695675,1196.427124,0.731449,263331840,0,0,15,0
2,48,compute,1195.642130,1196.562164,0.920035,0,0,0,0,0
2,49,trunk,1196.562166,1196.565605,0.003440,645562368,-147,1,0,0
2,49,expert,1196.621813,1197.694210,1.072397,263331840,0,0,15,0
2,49,compute,1196.565704,1197.786964,1.221260,0,0,0,0,0
2,50,trunk,1197.786966,1197.790575,0.003609,645562368,-148,1,0,0
2,50,expert,1197.840898,1198.426990,0.586091,280887296,0,0,16,0
2,50,compute,1197.790615,1198.539008,0.748393,0,0,0,0,0
2,51,trunk,1198.539010,1198.542052,0.003042,431890432,-149,1,0,0
2,51,expert,1198.577170,1199.335345,0.758175,280887296,0,0,16,0
2,51,compute,1198.542110,1199.446156,0.904046,0,0,0,0,0
2,52,trunk,1199.446158,1199.449759,0.003601,645562368,-150,1,0,0
2,52,expert,1199.506074,1200.243445,0.737371,280887296,0,0,16,0
2,52,compute,1199.449779,1200.354197,0.904418,0,0,0,0,0
2,53,trunk,1200.354199,1200.357886,0.003688,645562368,-151,1,0,0
2,53,expert,1200.412822,1201.176173,0.763351,263331840,0,0,15,0
2,53,compute,1200.357907,1201.264331,0.906424,0,0,0,0,0
2,54,trunk,1201.264333,1201.268045,0.003713,645562368,-152,1,0,0
2,54,expert,1201.318204,1201.899945,0.581741,280887296,0,0,16,0
2,54,compute,1201.268062,1201.993365,0.725302,0,0,0,0,0
2,55,trunk,1201.993366,1201.996825,0.003459,431890432,-153,1,0,0
2,55,expert,1202.036703,1202.801213,0.764510,280887296,0,0,16,0
2,55,compute,1201.996846,1202.894558,0.897712,0,0,0,0,0
2,56,trunk,1202.894560,1202.898102,0.003542,645562368,-154,1,0,0
2,56,expert,1202.953074,1203.721461,0.768386,280887296,0,0,16,0
2,56,compute,1202.898129,1203.838308,0.940179,0,0,0,0,0
2,57,trunk,1203.838328,1203.841666,0.003338,645562368,-155,1,0,0
2,57,expert,1203.895115,1204.672056,0.776941,280887296,0,0,16,0
2,57,compute,1203.841686,1204.782158,0.940471,0,0,0,0,0
2,58,trunk,1204.782159,1204.785701,0.003541,645562368,-156,1,0,0
2,58,expert,1204.837259,1205.417798,0.580539,280887296,0,0,16,0
2,58,compute,1204.785722,1205.534219,0.748497,0,0,0,0,0
2,59,trunk,1205.534221,1205.537852,0.003631,431890432,-157,1,0,0
2,59,expert,1205.575490,1206.362874,0.787384,280887296,0,0,16,0
2,59,compute,1205.537872,1206.478450,0.940578,0,0,0,0,0
2,60,trunk,1206.478452,1206.481998,0.003546,645562368,-158,1,0,0
2,60,expert,1206.542584,1207.318738,0.776154,280887296,0,0,16,0
2,60,compute,1206.482026,1207.411015,0.928989,0,0,0,0,0
2,61,trunk,1207.411017,1207.414403,0.003386,645562368,-159,1,0,0
2,61,expert,1207.464968,1208.217552,0.752584,280887296,0,0,16,0
2,61,compute,1207.414438,1208.350992,0.936554,0,0,0,0,0
2,62,trunk,1208.350994,1208.354675,0.003681,645562368,-160,1,0,0
2,62,expert,1208.405161,1208.973954,0.568793,280887296,0,0,16,0
2,62,compute,1208.354729,1209.078193,0.723464,0,0,0,0,0
2,63,trunk,1209.078195,1209.081818,0.003623,431890432,-161,1,0,0
2,63,expert,1209.113409,1209.904440,0.791031,280887296,0,0,16,0
2,63,compute,1209.081872,1209.995880,0.914008,0,0,0,0,0
2,64,trunk,1209.995881,1209.999469,0.003588,645562368,-162,1,0,0
2,64,expert,1210.049572,1210.829700,0.780127,280887296,0,0,16,0
2,64,compute,1209.999493,1210.942906,0.943413,0,0,0,0,0
2,65,trunk,1210.942908,1210.946256,0.003348,645562368,-163,1,0,0
2,65,expert,1210.996276,1211.761249,0.764973,280887296,0,0,16,0
2,65,compute,1210.946279,1211.878192,0.931913,0,0,0,0,0
2,66,trunk,1211.878194,1211.881588,0.003395,645562368,-164,1,0,0
2,66,expert,1211.943841,1212.510957,0.567116,280887296,0,0,16,0
2,66,compute,1211.884694,1212.623016,0.738323,0,0,0,0,0
2,67,trunk,1212.623018,1212.626492,0.003474,431890432,-165,1,0,0
2,67,expert,1212.660135,1213.439673,0.779538,280887296,0,0,16,0
2,67,compute,1212.631960,1213.532643,0.900683,0,0,0,0,0
2,68,trunk,1213.532644,1213.536155,0.003511,645562368,-166,1,0,0
2,68,expert,1213.588465,1214.339763,0.751298,280887296,0,0,16,0
2,68,compute,1213.541854,1214.433230,0.891376,0,0,0,0,0
2,69,trunk,1214.433232,1214.436601,0.003370,645562368,-167,1,0,0
2,69,expert,1214.487559,1215.273262,0.785703,280887296,0,0,16,0
2,69,compute,1214.442705,1215.382182,0.939477,0,0,0,0,0
2,70,trunk,1215.382184,1215.385709,0.003525,645562368,-168,1,0,0
2,70,expert,1215.433875,1216.004846,0.570971,280887296,0,0,16,0
2,70,compute,1215.389900,1216.110190,0.720289,0,0,0,0,0
2,71,trunk,1216.110191,1216.113619,0.003428,431890432,-169,1,0,0
2,71,expert,1216.146780,1216.978226,0.831446,280887296,0,0,16,0
2,71,compute,1216.119239,1217.090170,0.970931,0,0,0,0,0
2,72,trunk,1217.090172,1217.093879,0.003707,645562368,-170,1,0,0
2,72,expert,1217.140170,1217.931354,0.791185,280887296,0,0,16,0
2,72,compute,1217.094061,1218.047149,0.953088,0,0,0,0,0
2,73,trunk,1218.047150,1218.050494,0.003344,645562368,-171,1,0,0
2,73,expert,1218.100823,1218.885748,0.784926,280887296,0,0,16,0
2,73,compute,1218.050516,1219.003020,0.952504,0,0,0,0,0
2,74,trunk,1219.003022,1219.006543,0.003521,645562368,-172,1,0,0
2,74,expert,1219.056130,1219.651927,0.595797,280887296,0,0,16,0
2,74,compute,1219.006562,1219.766199,0.759637,0,0,0,0,0
2,75,trunk,1219.766201,1219.769651,0.003451,431890432,-173,1,0,0
2,75,expert,1219.802955,1220.576395,0.773440,280887296,0,0,16,0
2,75,compute,1219.769672,1220.694191,0.924519,0,0,0,0,0
2,76,trunk,1220.694192,1220.697694,0.003501,645562368,-174,1,0,0
2,76,expert,1220.749092,1221.483822,0.734731,280887296,0,0,16,0
2,76,compute,1220.697722,1221.576198,0.878477,0,0,0,0,0
2,77,trunk,1221.576200,1221.579533,0.003333,645562368,-175,1,0,0
2,77,expert,1221.628290,1222.393683,0.765392,280887296,0,0,16,0
2,77,compute,1221.579559,1222.503058,0.923499,0,0,0,0,0
2,78,trunk,1222.503059,1222.506780,0.003721,645562368,-176,1,0,0
2,78,expert,1222.552539,1223.150149,0.597610,280887296,0,0,16,0
2,78,compute,1222.506802,1223.270216,0.763414,0,0,0,0,0
2,79,trunk,1223.270218,1223.273614,0.003397,431890432,-177,1,0,0
2,79,expert,1223.309383,1224.070801,0.761418,280887296,0,0,16,0
2,79,compute,1223.273634,1224.178153,0.904519,0,0,0,0,0
2,80,trunk,1224.178155,1224.181759,0.003604,645562368,-178,1,0,0
2,80,expert,1224.233825,1224.984643,0.750818,280887296,0,0,16,0
2,80,compute,1224.181785,1225.080521,0.898736,0,0,0,0,0
2,81,trunk,1225.080523,1225.083899,0.003377,645562368,-179,1,0,0
2,81,expert,1225.133574,1225.909597,0.776023,263331840,0,0,15,0
2,81,compute,1225.083953,1226.026229,0.942276,0,0,0,0,0
2,82,trunk,1226.026231,1226.030030,0.003798,645562368,-180,1,0,0
2,82,expert,1226.078594,1226.662332,0.583738,280887296,0,0,16,0
2,82,compute,1226.030054,1226.774202,0.744149,0,0,0,0,0
2,83,trunk,1226.774204,1226.777761,0.003557,431890432,-181,1,0,0
2,83,expert,1226.810227,1227.549665,0.739438,228220928,0,0,13,0
2,83,compute,1226.777790,1227.662233,0.884443,0,0,0,0,0
2,84,trunk,1227.662235,1227.665743,0.003508,645562368,-182,1,0,0
2,84,expert,1227.719000,1228.440496,0.721496,228220928,0,0,13,0
2,84,compute,1227.665762,1228.533976,0.868214,0,0,0,0,0
2,85,trunk,1228.533978,1228.537460,0.003483,645562368,-183,1,0,0
2,85,expert,1228.587006,1229.328881,0.741875,245776384,0,0,14,0
2,85,compute,1228.537483,1229.442200,0.904717,0,0,0,0,0
2,86,trunk,1229.442202,1229.445816,0.003614,645562368,-184,1,0,0
2,86,expert,1229.492869,1230.061280,0.568411,280887296,0,0,16,0
2,86,compute,1229.445838,1230.174195,0.728357,0,0,0,0,0
2,87,trunk,1230.174197,1230.177699,0.003502,431890432,-185,1,0,0
2,87,expert,1230.212204,1230.910221,0.698018,228220928,0,0,13,0
2,87,compute,1230.177721,1231.017586,0.839865,0,0,0,0,0
2,88,trunk,1231.017588,1231.021235,0.003647,645562368,-186,1,0,0
2,88,expert,1231.070751,1231.821175,0.750424,263331840,0,0,15,0
2,88,compute,1231.021256,1231.939137,0.917881,0,0,0,0,0
2,89,trunk,1231.939138,1231.942531,0.003393,645562368,-187,1,0,0
2,89,expert,1231.998138,1232.754382,0.756244,228220928,0,0,13,0
2,89,compute,1231.942555,1232.846408,0.903852,0,0,0,0,0
2,90,trunk,1232.846410,1232.850234,0.003825,645562368,-188,1,0,0
2,90,expert,1232.896140,1233.347387,0.451248,210665472,0,0,12,0
2,90,compute,1232.850259,1233.478212,0.627953,0,0,0,0,0
2,91,trunk,1233.478214,1233.481755,0.003541,431890432,-189,1,0,0
2,91,expert,1233.514096,1234.047996,0.533900,228220928,0,0,13,0
2,91,compute,1233.481775,1234.166181,0.684406,0,0,0,0,0
2,92,trunk,1234.166182,1234.169624,0.003442,431890432,-190,1,0,0
2,92,expert,1234.193301,1234.379825,0.186524,228220928,0,0,13,0
2,92,compute,1234.169625,1234.468655,0.299029,0,0,0,0,0
3,0,trunk,1234.566894,1234.566934,0.000040,0,-190,0,0,0
3,0,compute,1234.566935,1234.668835,0.101900,0,0,0,0,0
3,1,trunk,1234.668836,1234.672472,0.003636,0,-189,0,0,0
3,1,expert,1234.713277,1234.924381,0.211104,263331840,0,0,15,0
3,1,compute,1234.672474,1235.017499,0.345025,0,0,0,0,0
3,2,trunk,1235.017501,1235.020911,0.003410,0,-188,0,0,0
3,2,expert,1235.059078,1235.261484,0.202405,245776384,0,0,14,0
3,2,compute,1235.020913,1235.375019,0.354106,0,0,0,0,0
3,3,trunk,1235.375020,1235.378378,0.003358,0,-187,0,0,0
3,3,expert,1235.408682,1235.583101,0.174419,210665472,0,0,12,0
3,3,compute,1235.378380,1235.690168,0.311788,0,0,0,0,0
3,4,trunk,1235.690170,1235.693708,0.003538,0,-186,0,0,0
3,4,expert,1235.734107,1235.923249,0.189142,228220928,0,0,13,0
3,4,compute,1235.693710,1236.015472,0.321762,0,0,0,0,0
3,5,trunk,1236.015473,1236.018934,0.003460,0,-185,0,0,0
3,5,expert,1236.057417,1236.278653,0.221236,263331840,0,0,15,0
3,5,compute,1236.018936,1236.390202,0.371267,0,0,0,0,0
3,6,trunk,1236.390203,1236.393581,0.003378,0,-184,0,0,0
3,6,expert,1236.443239,1236.674711,0.231472,280887296,0,0,16,0
3,6,compute,1236.393583,1236.782198,0.388616,0,0,0,0,0
3,7,trunk,1236.782200,1236.785569,0.003369,0,-183,0,0,0
3,7,expert,1236.808852,1237.025959,0.217107,263331840,0,0,15,0
3,7,compute,1236.785571,1237.138200,0.352629,0,0,0,0,0
3,8,trunk,1237.138201,1237.141854,0.003652,0,-182,0,0,0
3,8,expert,1237.180226,1237.404451,0.224226,280887296,0,0,16,0
3,8,compute,1237.141856,1237.502873,0.361017,0,0,0,0,0
3,9,trunk,1237.502874,1237.506403,0.003528,0,-181,0,0,0
3,9,expert,1237.545257,1237.717354,0.172097,210665472,0,0,12,0
3,9,compute,1237.506408,1237.813317,0.306909,0,0,0,0,0
3,10,trunk,1237.813318,1237.816724,0.003406,0,-180,0,0,0
3,10,expert,1237.854387,1238.000827,0.146440,175554560,0,0,10,0
3,10,compute,1237.816726,1238.096302,0.279576,0,0,0,0,0
3,11,trunk,1238.096303,1238.099781,0.003477,0,-179,0,0,0
3,11,expert,1238.120162,1238.306358,0.186196,228220928,0,0,13,0
3,11,compute,1238.099783,1238.418289,0.318506,0,0,0,0,0
3,12,trunk,1238.418290,1238.421702,0.003412,0,-178,0,0,0
3,12,expert,1238.468976,1238.670418,0.201442,245776384,0,0,14,0
3,12,compute,1238.421704,1238.802172,0.380469,0,0,0,0,0
3,13,trunk,1238.802174,1238.805509,0.003335,0,-177,0,0,0
3,13,expert,1238.853955,1243.391747,4.537792,228220928,0,0,13,0
3,13,compute,1238.805535,1243.480433,4.674898,0,0,0,0,0
3,14,trunk,1243.480434,1243.483683,0.003248,0,-176,0,0,0
3,14,expert,1243.529900,1248.092548,4.562648,228220928,0,0,13,0
3,14,compute,1243.483684,1248.180673,4.696989,0,0,0,0,0
3,15,trunk,1248.180675,1248.184096,0.003421,0,-175,0,0,0
3,15,expert,1248.205157,1249.932048,1.726891,245776384,0,0,14,0
3,15,compute,1248.184097,1250.042190,1.858093,0,0,0,0,0
3,16,trunk,1250.042192,1250.045607,0.003415,0,-174,0,0,0
3,16,expert,1250.085143,1250.255815,0.170672,210665472,0,0,12,0
3,16,compute,1250.045609,1250.355156,0.309546,0,0,0,0,0
3,17,trunk,1250.355157,1250.358532,0.003375,0,-173,0,0,0
3,17,expert,1250.401790,1250.598951,0.197162,245776384,0,0,14,0
3,17,compute,1250.358534,1250.710222,0.351689,0,0,0,0,0
3,18,trunk,1250.710224,1250.713762,0.003538,0,-172,0,0,0
3,18,expert,1250.754896,1250.941233,0.186338,228220928,0,0,13,0
3,18,compute,1250.713763,1251.075021,0.361258,0,0,0,0,0
3,19,trunk,1251.075022,1251.078514,0.003492,0,-171,0,0,0
3,19,expert,1251.115172,1251.303199,0.188027,228220928,0,0,13,0
3,19,compute,1251.078516,1251.414862,0.336346,0,0,0,0,0
3,20,trunk,1251.414864,1251.418389,0.003525,0,-170,0,0,0
3,20,expert,1251.495149,1251.662725,0.167576,210665472,0,0,12,0
3,20,compute,1251.418391,1251.760665,0.342274,0,0,0,0,0
3,21,trunk,1251.760666,1251.764073,0.003407,0,-169,0,0,0
3,21,expert,1251.812506,1252.575050,0.762544,263331840,0,0,15,0
3,21,compute,1251.764089,1252.696038,0.931949,0,0,0,0,0
3,22,trunk,1252.696039,1252.699438,0.003400,645562368,-169,1,0,0
3,22,expert,1252.747142,1253.330021,0.582879,263331840,0,0,15,0
3,22,compute,1252.699498,1253.442176,0.742678,0,0,0,0,0
3,23,trunk,1253.442178,1253.445746,0.003568,431890432,-170,1,0,0
3,23,expert,1253.479029,1254.150055,0.671026,210665472,0,0,12,0
3,23,compute,1253.445779,1254.266214,0.820435,0,0,0,0,0
3,24,trunk,1254.266216,1254.269345,0.003130,645562368,-171,1,0,0
3,24,expert,1254.321631,1255.108700,0.787069,228220928,0,0,13,0
3,24,compute,1254.269365,1255.218184,0.948819,0,0,0,0,0
3,25,trunk,1255.218185,1255.221889,0.003704,645562368,-172,1,0,0
3,25,expert,1255.276781,1256.048267,0.771487,280887296,0,0,16,0
3,25,compute,1255.221928,1256.140310,0.918383,0,0,0,0,0
3,26,trunk,1256.140312,1256.143633,0.003321,645562368,-173,1,0,0
3,26,expert,1256.187927,1256.735282,0.547356,245776384,0,0,14,0
3,26,compute,1256.143656,1256.850932,0.707277,0,0,0,0,0
3,27,trunk,1256.850934,1256.854416,0.003482,431890432,-174,1,0,0
3,27,expert,1256.888051,1257.617718,0.729667,280887296,0,0,16,0
3,27,compute,1256.854438,1257.707237,0.852800,0,0,0,0,0
3,28,trunk,1257.707239,1257.710751,0.003512,645562368,-175,1,0,0
3,28,expert,1257.761120,1258.461155,0.700035,263331840,0,0,15,0
3,28,compute,1257.710773,1258.556890,0.846117,0,0,0,0,0
3,29,trunk,1258.556892,1258.560490,0.003599,645562368,-176,1,0,0
3,29,expert,1258.619837,1259.356408,0.736571,245776384,0,0,14,0
3,29,compute,1258.560508,1259.449456,0.888948,0,0,0,0,0
3,30,trunk,1259.449458,1259.453026,0.003567,645562368,-177,1,0,0
3,30,expert,1259.500262,1260.083428,0.583166,263331840,0,0,15,0
3,30,compute,1259.453046,1260.199156,0.746110,0,0,0,0,0
3,31,trunk,1260.199157,1260.202704,0.003547,431890432,-178,1,0,0
3,31,expert,1260.240909,1261.009976,0.769068,263331840,0,0,15,0
3,31,compute,1260.202730,1261.126155,0.923425,0,0,0,0,0
3,32,trunk,1261.126156,1261.129683,0.003526,645562368,-179,1,0,0
3,32,expert,1261.182090,1261.887400,0.705310,210665472,0,0,12,0
3,32,compute,1261.135300,1261.994290,0.858990,0,0,0,0,0
3,33,trunk,1261.994292,1261.998020,0.003728,645562368,-180,1,0,0
3,33,expert,1262.063992,1262.818325,0.754333,228220928,0,0,13,0
3,33,compute,1262.003745,1262.930323,0.926578,0,0,0,0,0
3,34,trunk,1262.930325,1262.933810,0.003486,645562368,-181,1,0,0
3,34,expert,1262.981804,1263.563995,0.582191,263331840,0,0,15,0
3,34,compute,1262.938187,1263.664285,0.726099,0,0,0,0,0
3,35,trunk,1263.664287,1263.667703,0.003416,431890432,-182,1,0,0
3,35,expert,1263.704279,1264.473166,0.768888,245776384,0,0,14,0
3,35,compute,1263.673878,1264.587037,0.913159,0,0,0,0,0
3,36,trunk,1264.587039,1264.590388,0.003350,645562368,-183,1,0,0
3,36,expert,1264.645842,1265.405622,0.759780,245776384,0,0,14,0
3,36,compute,1264.590411,1265.498891,0.908481,0,0,0,0,0
3,37,trunk,1265.498893,1265.502516,0.003623,645562368,-184,1,0,0
3,37,expert,1265.557574,1266.316137,0.758564,263331840,0,0,15,0
3,37,compute,1265.502543,1266.434266,0.931723,0,0,0,0,0
3,38,trunk,1266.434267,1266.437628,0.003361,645562368,-185,1,0,0
3,38,expert,1266.483322,1267.020790,0.537468,245776384,0,0,14,0
3,38,compute,1266.437647,1267.138203,0.700556,0,0,0,0,0
3,39,trunk,1267.138205,1267.141823,0.003618,431890432,-186,1,0,0
3,39,expert,1267.182810,1267.923271,0.740460,245776384,0,0,14,0
3,39,compute,1267.141846,1268.034258,0.892412,0,0,0,0,0
3,40,trunk,1268.034259,1268.037845,0.003586,645562368,-187,1,0,0
3,40,expert,1268.089035,1268.856046,0.767011,263331840,0,0,15,0
3,40,compute,1268.037867,1268.948667,0.910800,0,0,0,0,0
3,41,trunk,1268.948669,1268.952325,0.003656,645562368,-188,1,0,0
3,41,expert,1268.998172,1269.711292,0.713119,245776384,0,0,14,0
3,41,compute,1268.952344,1269.830245,0.877901,0,0,0,0,0
3,42,trunk,1269.830246,1269.833631,0.003385,645562368,-189,1,0,0
3,42,expert,1269.882386,1270.438235,0.555849,245776384,0,0,14,0
3,42,compute,1269.833787,1270.543168,0.709381,0,0,0,0,0
3,43,trunk,1270.543170,1270.546676,0.003506,431890432,-190,1,0,0
3,43,expert,1270.573544,1271.395130,0.821587,280887296,0,0,16,0
3,43,compute,1270.546697,1271.515027,0.968331,0,0,0,0,0
3,44,trunk,1271.515029,1271.518467,0.003439,645562368,-191,1,0,0
3,44,expert,1271.594784,1272.348211,0.753427,280887296,0,0,16,0
3,44,compute,1271.518489,1272.462214,0.943725,0,0,0,0,0
3,45,trunk,1272.462216,1272.465710,0.003495,645562368,-192,1,0,0
3,45,expert,1272.518911,1273.293183,0.774272,263331840,0,0,15,0
3,45,compute,1272.465733,1273.410228,0.944495,0,0,0,0,0
3,46,trunk,1273.410230,1273.413588,0.003359,645562368,-193,1,0,0
3,46,expert,1273.457939,1274.020247,0.562307,245776384,0,0,14,0
3,46,compute,1273.413610,1274.115422,0.701812,0,0,0,0,0
3,47,trunk,1274.115424,1274.118913,0.003490,431890432,-194,1,0,0
3,47,expert,1274.149748,1274.887477,0.737729,245776384,0,0,14,0
3,47,compute,1274.118935,1274.981647,0.862712,0,0,0,0,0
3,48,trunk,1274.981649,1274.985014,0.003365,645562368,-195,1,0,0
3,48,expert,1275.041182,1275.646226,0.605044,263331840,0,0,15,0
3,48,compute,1274.985037,1275.751120,0.766083,0,0,0,0,0
3,49,trunk,1275.751122,1275.778154,0.027032,645562368,-196,1,0,0
3,49,expert,1275.831680,1276.607237,0.775558,263331840,0,0,15,0
3,49,compute,1275.778206,1276.726210,0.948004,0,0,0,0,0
3,50,trunk,1276.726212,1276.729602,0.003390,645562368,-197,1,0,0
3,50,expert,1276.786960,1277.363773,0.576813,263331840,0,0,15,0
3,50,compute,1276.729637,1277.452620,0.722983,0,0,0,0,0
3,51,trunk,1277.452622,1277.455991,0.003369,431890432,-198,1,0,0
3,51,expert,1277.488736,1278.223410,0.734674,245776384,0,0,14,0
3,51,compute,1277.456037,1278.311383,0.855346,0,0,0,0,0
3,52,trunk,1278.311384,1278.315134,0.003750,645562368,-199,1,0,0
3,52,expert,1278.363651,1279.050439,0.686788,228220928,0,0,13,0
3,52,compute,1278.315155,1279.142857,0.827702,0,0,0,0,0
3,53,trunk,1279.142859,1279.146493,0.003634,645562368,-200,1,0,0
3,53,expert,1279.201127,1279.922000,0.720873,245776384,0,0,14,0
3,53,compute,1279.146516,1280.038169,0.891653,0,0,0,0,0
3,54,trunk,1280.038171,1280.041662,0.003491,645562368,-201,1,0,0
3,54,expert,1280.095287,1280.650774,0.555487,263331840,0,0,15,0
3,54,compute,1280.041686,1280.774259,0.732573,0,0,0,0,0
3,55,trunk,1280.774261,1280.777767,0.003506,431890432,-202,1,0,0
3,55,expert,1280.828570,1281.536058,0.707488,228220928,0,0,13,0
3,55,compute,1280.777794,1281.650995,0.873201,0,0,0,0,0
3,56,trunk,1281.650997,1281.654384,0.003387,645562368,-203,1,0,0
3,56,expert,1281.701488,1282.448411,0.746922,263331840,0,0,15,0
3,56,compute,1281.654408,1282.562199,0.907792,0,0,0,0,0
3,57,trunk,1282.562201,1282.565807,0.003606,645562368,-204,1,0,0
3,57,expert,1282.619602,1283.392383,0.772781,280887296,0,0,16,0
3,57,compute,1282.565828,1283.506163,0.940334,0,0,0,0,0
3,58,trunk,1283.506165,1283.509941,0.003776,645562368,-205,1,0,0
3,58,expert,1283.567156,1284.097422,0.530266,228220928,0,0,13,0
3,58,compute,1283.509974,1284.222211,0.712237,0,0,0,0,0
3,59,trunk,1284.222213,1284.225641,0.003428,431890432,-206,1,0,0
3,59,expert,1284.282323,1285.000762,0.718440,228220928,0,0,13,0
3,59,compute,1284.225664,1285.106167,0.880502,0,0,0,0,0
3,60,trunk,1285.106168,1285.109600,0.003432,645562368,-207,1,0,0
3,60,expert,1285.157366,1285.929367,0.772001,263331840,0,0,15,0
3,60,compute,1285.109621,1286.046319,0.936698,0,0,0,0,0
3,61,trunk,1286.046321,1286.049967,0.003646,645562368,-208,1,0,0
3,61,expert,1286.100405,1286.840448,0.740043,263331840,0,0,15,0
3,61,compute,1286.049988,1286.952043,0.902056,0,0,0,0,0
3,62,trunk,1286.952066,1286.955482,0.003416,645562368,-209,1,0,0
3,62,expert,1287.004429,1287.514347,0.509918,210665472,0,0,12,0
3,62,compute,1286.956138,1287.608146,0.652009,0,0,0,0,0
3,63,trunk,1287.608148,1287.611572,0.003424,431890432,-210,1,0,0
3,63,expert,1287.648483,1288.381382,0.732899,228220928,0,0,13,0
3,63,compute,1287.611594,1288.498201,0.886607,0,0,0,0,0
3,64,trunk,1288.498202,1288.501531,0.003329,645562368,-211,1,0,0
3,64,expert,1288.556694,1289.311232,0.754538,245776384,0,0,14,0
3,64,compute,1288.501554,1289.426167,0.924612,0,0,0,0,0
3,65,trunk,1289.426169,1289.429614,0.003445,645562368,-212,1,0,0
3,65,expert,1289.482983,1290.194704,0.711722,210665472,0,0,12,0
3,65,compute,1289.429635,1290.282614,0.852979,0,0,0,0,0
3,66,trunk,1290.282616,1290.286352,0.003736,645562368,-213,1,0,0
3,66,expert,1290.335473,1290.902175,0.566703,245776384,0,0,14,0
3,66,compute,1290.286374,1291.014290,0.727916,0,0,0,0,0
3,67,trunk,1291.014292,1291.017691,0.003399,431890432,-214,1,0,0
3,67,expert,1291.053599,1291.811630,0.758031,245776384,0,0,14,0
3,67,compute,1291.017719,1291.938252,0.920533,0,0,0,0,0
3,68,trunk,1291.938253,1291.941563,0.003310,645562368,-215,1,0,0
3,68,expert,1291.996955,1292.706292,0.709337,228220928,0,0,13,0
3,68,compute,1291.941592,1292.823016,0.881424,0,0,0,0,0
3,69,trunk,1292.823017,1292.826527,0.003510,645562368,-216,1,0,0
3,69,expert,1292.879497,1293.616908,0.737411,228220928,0,0,13,0
3,69,compute,1292.826548,1293.730199,0.903651,0,0,0,0,0
3,70,trunk,1293.730200,1293.733563,0.003363,645562368,-217,1,0,0
3,70,expert,1293.781820,1294.295955,0.514136,210665472,0,0,12,0
3,70,compute,1293.733588,1294.386573,0.652985,0,0,0,0,0
3,71,trunk,1294.386575,1294.390026,0.003451,431890432,-218,1,0,0
3,71,expert,1294.424365,1295.210333,0.785968,245776384,0,0,14,0
3,71,compute,1294.390049,1295.300092,0.910043,0,0,0,0,0
3,72,trunk,1295.300093,1295.303399,0.003306,645562368,-219,1,0,0
3,72,expert,1295.357357,1296.053704,0.696347,263331840,0,0,15,0
3,72,compute,1295.303422,1296.174171,0.870749,0,0,0,0,0
3,73,trunk,1296.174172,1296.177846,0.003674,645562368,-220,1,0,0
3,73,expert,1296.232775,1297.010232,0.777457,280887296,0,0,16,0
3,73,compute,1296.177867,1297.126156,0.948289,0,0,0,0,0
3,74,trunk,1297.126158,1297.129566,0.003408,645562368,-221,1,0,0
3,74,expert,1297.175814,1297.764954,0.589140,280887296,0,0,16,0
3,74,compute,1297.129588,1297.856551,0.726963,0,0,0,0,0
3,75,trunk,1297.856553,1297.859923,0.003370,431890432,-222,1,0,0
3,75,expert,1297.890758,1298.675097,0.784339,280887296,0,0,16,0
3,75,compute,1297.859946,1298.767686,0.907740,0,0,0,0,0
3,76,trunk,1298.767689,1298.771116,0.003428,645562368,-223,1,0,0
3,76,expert,1298.819786,1299.562579,0.742793,280887296,0,0,16,0
3,76,compute,1298.771138,1299.658583,0.887445,0,0,0,0,0
3,77,trunk,1299.658585,1299.662066,0.003480,645562368,-224,1,0,0
3,77,expert,1299.720360,1300.443277,0.722917,228220928,0,0,13,0
3,77,compute,1299.662087,1300.562401,0.900314,0,0,0,0,0
3,78,trunk,1300.562403,1300.565783,0.003381,645562368,-225,1,0,0
3,78,expert,1300.616649,1301.179957,0.563308,245776384,0,0,14,0
3,78,compute,1300.565804,1301.271448,0.705644,0,0,0,0,0
3,79,trunk,1301.271449,1301.274943,0.003494,431890432,-226,1,0,0
3,79,expert,1301.304898,1302.057063,0.752164,245776384,0,0,14,0
3,79,compute,1301.274971,1302.170196,0.895225,0,0,0,0,0
3,80,trunk,1302.170197,1302.173518,0.003321,645562368,-227,1,0,0
3,80,expert,1302.234365,1302.899893,0.665528,280887296,0,0,16,0
3,80,compute,1302.173562,1302.993991,0.820428,0,0,0,0,0
3,81,trunk,1302.993993,1302.997531,0.003539,645562368,-228,1,0,0
3,81,expert,1303.048193,1303.794940,0.746747,245776384,0,0,14,0
3,81,compute,1302.997559,1303.906164,0.908605,0,0,0,0,0
3,82,trunk,1303.906166,1303.909511,0.003345,645562368,-229,1,0,0
3,82,expert,1303.978150,1304.521534,0.543384,263331840,0,0,15,0
3,82,compute,1303.909550,1304.634675,0.725125,0,0,0,0,0
3,83,trunk,1304.634677,1304.638207,0.003530,431890432,-230,1,0,0
3,83,expert,1304.669010,1305.414581,0.745571,228220928,0,0,13,0
3,83,compute,1304.638229,1305.526324,0.888094,0,0,0,0,0
3,84,trunk,1305.526325,1305.529836,0.003511,645562368,-231,1,0,0
3,84,expert,1305.586588,1306.263910,0.677322,175554560,0,0,10,0
3,84,compute,1305.529857,1306.366159,0.836303,0,0,0,0,0
3,85,trunk,1306.366161,1306.370257,0.004097,645562368,-232,1,0,0
3,85,expert,1306.427106,1307.146476,0.719370,228220928,0,0,13,0
3,85,compute,1306.370280,1307.258197,0.887918,0,0,0,0,0
3,86,trunk,1307.258199,1307.261633,0.003434,645562368,-233,1,0,0
3,86,expert,1307.311784,1307.846648,0.534864,245776384,0,0,14,0
3,86,compute,1307.261675,1307.970198,0.708523,0,0,0,0,0
3,87,trunk,1307.970199,1307.973431,0.003232,431890432,-234,1,0,0
3,87,expert,1308.018382,1308.714945,0.696564,228220928,0,0,13,0
3,87,compute,1307.973453,1308.826385,0.852932,0,0,0,0,0
3,88,trunk,1308.826404,1308.829902,0.003498,645562368,-235,1,0,0
3,88,expert,1308.889527,1309.593570,0.704044,210665472,0,0,12,0
3,88,compute,1308.829924,1309.706173,0.876249,0,0,0,0,0
3,89,trunk,1309.706174,1309.709681,0.003507,645562368,-236,1,0,0
3,89,expert,1309.766646,1310.532866,0.766220,245776384,0,0,14,0
3,89,compute,1309.709702,1310.626367,0.916665,0,0,0,0,0
3,90,trunk,1310.626369,1310.629771,0.003402,645562368,-237,1,0,0
3,90,expert,1310.679626,1311.216088,0.536463,228220928,0,0,13,0
3,90,compute,1310.629793,1311.329897,0.700104,0,0,0,0,0
3,91,trunk,1311.329898,1311.333392,0.003494,431890432,-238,1,0,0
3,91,expert,1311.367015,1311.887499,0.520484,210665472,0,0,12,0
3,91,compute,1311.333413,1311.998203,0.664790,0,0,0,0,0
3,92,trunk,1311.998205,1312.001834,0.003628,431890432,-239,1,0,0
3,92,expert,1312.023132,1312.205167,0.182036,228220928,0,0,13,0
3,92,compute,1312.001835,1312.326201,0.324367,0,0,0,0,0
4,0,trunk,1312.423691,1312.423730,0.000039,0,-239,0,0,0
4,0,compute,1312.423731,1312.524169,0.100438,0,0,0,0,0
4,1,trunk,1312.524170,1312.527453,0.003283,0,-238,0,0,0
4,1,expert,1312.565768,1312.748259,0.182491,228220928,0,0,13,0
4,1,compute,1312.527454,1312.845332,0.317878,0,0,0,0,0
4,2,trunk,1312.845334,1312.848804,0.003470,0,-237,0,0,0
4,2,expert,1312.891477,1313.033619,0.142142,175554560,0,0,10,0
4,2,compute,1312.848805,1313.147104,0.298298,0,0,0,0,0
4,3,trunk,1313.147105,1313.150561,0.003456,0,-236,0,0,0
4,3,expert,1313.171783,1313.311337,0.139554,175554560,0,0,10,0
4,3,compute,1313.150563,1313.422193,0.271630,0,0,0,0,0
4,4,trunk,1313.422195,1313.425545,0.003351,0,-235,0,0,0
4,4,expert,1313.464557,1313.618998,0.154440,193110016,0,0,11,0
4,4,compute,1313.425547,1313.742200,0.316653,0,0,0,0,0
4,5,trunk,1313.742202,1313.745533,0.003331,0,-234,0,0,0
4,5,expert,1313.791508,1313.945172,0.153665,193110016,0,0,11,0
4,5,compute,1313.745535,1314.068497,0.322963,0,0,0,0,0
4,6,trunk,1314.068499,1314.072065,0.003566,0,-233,0,0,0
4,6,expert,1314.113856,1314.339432,0.225575,280887296,0,0,16,0
4,6,compute,1314.072067,1314.442527,0.370460,0,0,0,0,0
4,7,trunk,1314.442528,1314.445911,0.003382,0,-232,0,0,0
4,7,expert,1314.467245,1314.676436,0.209190,263331840,0,0,15,0
4,7,compute,1314.445912,1314.777479,0.331566,0,0,0,0,0
4,8,trunk,1314.777480,1314.780908,0.003428,0,-231,0,0,0
4,8,expert,1314.819838,1315.033552,0.213714,263331840,0,0,15,0
4,8,compute,1314.780910,1315.150204,0.369294,0,0,0,0,0
4,9,trunk,1315.150205,1315.153714,0.003509,0,-230,0,0,0
4,9,expert,1315.192448,1315.349260,0.156812,193110016,0,0,11,0
4,9,compute,1315.153716,1315.443924,0.290207,0,0,0,0,0
4,10,trunk,1315.443925,1315.447286,0.003361,0,-229,0,0,0
4,10,expert,1315.485782,1315.666298,0.180516,228220928,0,0,13,0
4,10,compute,1315.447288,1315.799007,0.351719,0,0,0,0,0
4,11,trunk,1315.799009,1315.802484,0.003475,0,-228,0,0,0
4,11,expert,1315.838429,1315.978539,0.140110,175554560,0,0,10,0
4,11,compute,1315.802485,1316.098248,0.295763,0,0,0,0,0
4,12,trunk,1316.098249,1316.101313,0.003064,0,-227,0,0,0
4,12,expert,1316.150379,1316.333737,0.183358,228220928,0,0,13,0
4,12,compute,1316.101315,1316.450727,0.349412,0,0,0,0,0
4,13,trunk,1316.450729,1316.454229,0.003500,0,-226,0,0,0
4,13,expert,1316.494260,1316.680644,0.186384,228220928,0,0,13,0
4,13,compute,1316.454232,1316.802190,0.347958,0,0,0,0,0
4,14,trunk,1316.802191,1316.805515,0.003324,0,-225,0,0,0
4,14,expert,1316.844986,1317.043117,0.198131,245776384,0,0,14,0
4,14,compute,1316.805517,1317.158249,0.352733,0,0,0,0,0
4,15,trunk,1317.158251,1317.161778,0.003527,0,-224,0,0,0
4,15,expert,1317.195935,1317.353425,0.157490,193110016,0,0,11,0
4,15,compute,1317.161780,1317.459000,0.297220,0,0,0,0,0
4,16,trunk,1317.459002,1317.462391,0.003390,0,-223,0,0,0
4,16,expert,1317.502478,1317.653811,0.151334,193110016,0,0,11,0
4,16,compute,1317.462393,1317.766207,0.303814,0,0,0,0,0
4,17,trunk,1317.766209,1317.769622,0.003414,0,-222,0,0,0
4,17,expert,1317.811998,1317.979149,0.167151,210665472,0,0,12,0
4,17,compute,1317.769624,1318.083019,0.313395,0,0,0,0,0
4,18,trunk,1318.083038,1318.086203,0.003166,0,-221,0,0,0
4,18,expert,1318.135905,1318.316614,0.180709,228220928,0,0,13,0
4,18,compute,1318.086205,1318.409135,0.322930,0,0,0,0,0
4,19,trunk,1318.409136,1318.412562,0.003425,0,-220,0,0,0
4,19,expert,1318.435067,1318.578389,0.143322,175554560,0,0,10,0
4,19,compute,1318.412563,1318.714176,0.301612,0,0,0,0,0
4,20,trunk,1318.714177,1318.717812,0.003636,0,-219,0,0,0
4,20,expert,1318.774284,1318.946146,0.171862,210665472,0,0,12,0
4,20,compute,1318.717814,1319.044772,0.326958,0,0,0,0,0
4,21,trunk,1319.044774,1319.048153,0.003379,0,-218,0,0,0
4,21,expert,1319.102748,1319.827726,0.724977,228220928,0,0,13,0
4,21,compute,1319.048170,1319.944548,0.896378,0,0,0,0,0
4,22,trunk,1319.944549,1319.948148,0.003598,645562368,-218,1,0,0
4,22,expert,1319.999035,1320.513178,0.514143,193110016,0,0,11,0
4,22,compute,1319.948165,1320.609277,0.661112,0,0,0,0,0
4,23,trunk,1320.609279,1320.612708,0.003429,431890432,-219,1,0,0
4,23,expert,1320.647623,1321.304608,0.656985,193110016,0,0,11,0
4,23,compute,1320.612733,1321.418198,0.805465,0,0,0,0,0
4,24,trunk,1321.418199,1321.421848,0.003649,645562368,-220,1,0,0
4,24,expert,1321.477532,1322.232172,0.754640,193110016,0,0,11,0
4,24,compute,1321.421869,1322.326797,0.904928,0,0,0,0,0
4,25,trunk,1322.326799,1322.330351,0.003553,645562368,-221,1,0,0
4,25,expert,1322.386201,1323.093708,0.707507,263331840,0,0,15,0
4,25,compute,1322.330414,1323.206285,0.875872,0,0,0,0,0
4,26,trunk,1323.206287,1323.209940,0.003652,645562368,-222,1,0,0
4,26,expert,1323.258638,1323.796122,0.537485,228220928,0,0,13,0
4,26,compute,1323.209964,1323.908643,0.698679,0,0,0,0,0
4,27,trunk,1323.908644,1323.912473,0.003829,431890432,-223,1,0,0
4,27,expert,1323.946967,1324.666824,0.719857,263331840,0,0,15,0
4,27,compute,1323.912493,1324.763021,0.850528,0,0,0,0,0
4,28,trunk,1324.763023,1324.766716,0.003693,645562368,-224,1,0,0
4,28,expert,1324.816631,1325.520721,0.704090,263331840,0,0,15,0
4,28,compute,1324.766737,1325.629531,0.862794,0,0,0,0,0
4,29,trunk,1325.629533,1325.632997,0.003464,645562368,-225,1,0,0
4,29,expert,1325.682907,1326.407853,0.724947,228220928,0,0,13,0
4,29,compute,1325.633016,1326.523190,0.890173,0,0,0,0,0
4,30,trunk,1326.523192,1326.527318,0.004126,645562368,-226,1,0,0
4,30,expert,1326.575291,1327.127021,0.551731,228220928,0,0,13,0
4,30,compute,1326.527341,1327.219135,0.691794,0,0,0,0,0
4,31,trunk,1327.219137,1327.222643,0.003506,431890432,-227,1,0,0
4,31,expert,1327.258692,1328.006262,0.747570,245776384,0,0,14,0
4,31,compute,1327.222663,1328.123019,0.900355,0,0,0,0,0
4,32,trunk,1328.123020,1328.126542,0.003521,645562368,-228,1,0,0
4,32,expert,1328.177278,1328.822733,0.645454,210665472,0,0,12,0
4,32,compute,1328.126565,1328.934258,0.807693,0,0,0,0,0
4,33,trunk,1328.934259,1328.937692,0.003433,645562368,-229,1,0,0
4,33,expert,1328.987581,1329.734236,0.746655,210665472,0,0,12,0
4,33,compute,1328.937713,1329.827207,0.889495,0,0,0,0,0
4,34,trunk,1329.827209,1329.830774,0.003565,645562368,-230,1,0,0
4,34,expert,1329.882889,1330.455947,0.573058,263331840,0,0,15,0
4,34,compute,1329.830794,1330.574211,0.743417,0,0,0,0,0
4,35,trunk,1330.574213,1330.577855,0.003643,431890432,-231,1,0,0
4,35,expert,1330.611101,1331.355337,0.744236,228220928,0,0,13,0
4,35,compute,1330.577877,1331.466198,0.888321,0,0,0,0,0
4,36,trunk,1331.466199,1331.469761,0.003562,645562368,-232,1,0,0
4,36,expert,1331.526886,1332.253269,0.726383,228220928,0,0,13,0
4,36,compute,1331.469785,1332.366273,0.896489,0,0,0,0,0
4,37,trunk,1332.366275,1332.369632,0.003357,645562368,-233,1,0,0
4,37,expert,1332.423464,1333.151970,0.728506,228220928,0,0,13,0
4,37,compute,1332.369654,1333.243703,0.874049,0,0,0,0,0
4,38,trunk,1333.243705,1333.247366,0.003660,645562368,-234,1,0,0
4,38,expert,1333.294444,1333.780129,0.485684,193110016,0,0,11,0
4,38,compute,1333.247393,1333.869487,0.622094,0,0,0,0,0
4,39,trunk,1333.869488,1333.872973,0.003485,431890432,-235,1,0,0
4,39,expert,1333.913200,1334.625187,0.711987,210665472,0,0,12,0
4,39,compute,1333.872994,1334.720920,0.847926,0,0,0,0,0
4,40,trunk,1334.720922,1334.724500,0.003578,645562368,-236,1,0,0
4,40,expert,1334.775871,1335.498841,0.722970,210665472,0,0,12,0
4,40,compute,1334.724519,1335.610195,0.885676,0,0,0,0,0
4,41,trunk,1335.610197,1335.613656,0.003460,645562368,-237,1,0,0
4,41,expert,1335.664635,1336.336965,0.672330,193110016,0,0,11,0
4,41,compute,1335.613701,1336.450581,0.836880,0,0,0,0,0
4,42,trunk,1336.450583,1336.453906,0.003323,645562368,-238,1,0,0
4,42,expert,1336.507962,1336.822819,0.314857,122888192,0,0,7,0
4,42,compute,1336.453947,1336.934251,0.480304,0,0,0,0,0
4,43,trunk,1336.934253,1336.965414,0.031160,431890432,-239,1,0,0
4,43,expert,1337.003201,1337.755455,0.752253,210665472,0,0,12,0
4,43,compute,1336.965479,1337.870266,0.904787,0,0,0,0,0
4,44,trunk,1337.870267,1337.873748,0.003481,645562368,-240,1,0,0
4,44,expert,1337.928138,1338.588106,0.659968,228220928,0,0,13,0
4,44,compute,1337.873775,1338.677334,0.803559,0,0,0,0,0
4,45,trunk,1338.677336,1338.680720,0.003384,645562368,-241,1,0,0
4,45,expert,1338.731043,1339.416522,0.685478,157999104,0,0,9,0
4,45,compute,1338.680739,1339.530194,0.849456,0,0,0,0,0
4,46,trunk,1339.530196,1339.533861,0.003665,645562368,-242,1,0,0
4,46,expert,1339.584787,1340.084689,0.499902,175554560,0,0,10,0
4,46,compute,1339.533884,1340.196751,0.662866,0,0,0,0,0
4,47,trunk,1340.196753,1340.200196,0.003444,431890432,-243,1,0,0
4,47,expert,1340.231490,1340.928677,0.697187,193110016,0,0,11,0
4,47,compute,1340.200214,1341.050207,0.849993,0,0,0,0,0
4,48,trunk,1341.050209,1341.053812,0.003602,645562368,-244,1,0,0
4,48,expert,1341.105706,1341.738326,0.632620,193110016,0,0,11,0
4,48,compute,1341.053829,1341.850247,0.796418,0,0,0,0,0
4,49,trunk,1341.850249,1341.853654,0.003405,645562368,-245,1,0,0
4,49,expert,1341.907341,1342.662129,0.754788,245776384,0,0,14,0
4,49,compute,1341.853675,1342.774235,0.920560,0,0,0,0,0
4,50,trunk,1342.774237,1342.777753,0.003517,645562368,-246,1,0,0
4,50,expert,1342.829123,1343.357861,0.528738,210665472,0,0,12,0
4,50,compute,1342.777774,1343.451327,0.673553,0,0,0,0,0
4,51,trunk,1343.451329,1343.455114,0.003785,431890432,-247,1,0,0
4,51,expert,1343.488380,1344.174968,0.686588,193110016,0,0,11,0
4,51,compute,1343.455153,1344.286245,0.831092,0,0,0,0,0
4,52,trunk,1344.286247,1344.289879,0.003632,645562368,-248,1,0,0
4,52,expert,1344.347405,1345.024072,0.676667,210665472,0,0,12,0
4,52,compute,1344.289900,1345.117448,0.827547,0,0,0,0,0
4,53,trunk,1345.117449,1345.120867,0.003418,645562368,-249,1,0,0
4,53,expert,1345.172398,1345.874387,0.701988,193110016,0,0,11,0
4,53,compute,1345.120887,1345.990184,0.869297,0,0,0,0,0
4,54,trunk,1345.990185,1345.993845,0.003659,645562368,-250,1,0,0
4,54,expert,1346.041508,1346.562697,0.521189,210665472,0,0,12,0
4,54,compute,1345.993865,1346.655661,0.661796,0,0,0,0,0
4,55,trunk,1346.655662,1346.659113,0.003451,431890432,-251,1,0,0
4,55,expert,1346.691494,1347.396795,0.705300,193110016,0,0,11,0
4,55,compute,1346.659134,1347.669825,1.010692,0,0,0,0,0
4,56,trunk,1347.669827,1347.673654,0.003827,645562368,-252,1,0,0
4,56,expert,1347.726310,1348.436209,0.709899,210665472,0,0,12,0
4,56,compute,1347.673675,1349.047465,1.373790,0,0,0,0,0
4,57,trunk,1349.047467,1349.050846,0.003379,645562368,-253,1,0,0
4,57,expert,1349.099257,1349.866611,0.767353,263331840,0,0,15,0
4,57,compute,1349.050867,1350.144472,1.093605,0,0,0,0,0
4,58,trunk,1350.144474,1350.148271,0.003798,645562368,-254,1,0,0
4,58,expert,1350.209241,1350.763174,0.553933,245776384,0,0,14,0
4,58,compute,1350.148304,1351.193580,1.045275,0,0,0,0,0
4,59,trunk,1351.193582,1351.197280,0.003698,431890432,-255,1,0,0
4,59,expert,1351.237241,1351.967732,0.730491,228220928,0,0,13,0
4,59,compute,1351.197317,1352.063508,0.866191,0,0,0,0,0
4,60,trunk,1352.063510,1352.067097,0.003587,645562368,-256,1,0,0
4,60,expert,1352.122587,1352.920134,0.797548,280887296,0,0,16,0
4,60,compute,1352.067118,1353.038287,0.971169,0,0,0,0,0
4,61,trunk,1353.038289,1353.041982,0.003693,645562368,-257,1,0,0
4,61,expert,1353.098244,1353.838777,0.740533,263331840,0,0,15,0
4,61,compute,1353.042010,1353.954195,0.912184,0,0,0,0,0
4,62,trunk,1353.954197,1353.957729,0.003532,645562368,-258,1,0,0
4,62,expert,1354.007952,1354.550900,0.542948,228220928,0,0,13,0
4,62,compute,1353.957751,1354.643959,0.686208,0,0,0,0,0
4,63,trunk,1354.643960,1354.647392,0.003432,431890432,-259,1,0,0
4,63,expert,1354.677768,1355.473467,0.795699,263331840,0,0,15,0
4,63,compute,1354.647414,1355.588036,0.940622,0,0,0,0,0
4,64,trunk,1355.588037,1355.591543,0.003506,645562368,-260,1,0,0
4,64,expert,1355.651303,1356.397685,0.746382,228220928,0,0,13,0
4,64,compute,1355.591566,1356.658826,1.067261,0,0,0,0,0
4,65,trunk,1356.658828,1356.662442,0.003614,645562368,-261,1,0,0
4,65,expert,1356.712221,1357.465647,0.753427,263331840,0,0,15,0
4,65,compute,1356.662463,1357.582200,0.919737,0,0,0,0,0
4,66,trunk,1357.582201,1357.585907,0.003705,645562368,-262,1,0,0
4,66,expert,1357.630736,1358.226597,0.595860,280887296,0,0,16,0
4,66,compute,1357.585928,1358.320086,0.734158,0,0,0,0,0
4,67,trunk,1358.320088,1358.323452,0.003365,431890432,-263,1,0,0
4,67,expert,1358.357074,1359.089039,0.731965,210665472,0,0,12,0
4,67,compute,1358.323475,1359.638740,1.315265,0,0,0,0,0
4,68,trunk,1359.638742,1359.642244,0.003502,645562368,-264,1,0,0
4,68,expert,1359.694764,1360.427720,0.732956,245776384,0,0,14,0
4,68,compute,1359.642265,1360.534588,0.892322,0,0,0,0,0
4,69,trunk,1360.534590,1360.538071,0.003481,645562368,-265,1,0,0
4,69,expert,1360.597961,1361.355046,0.757086,245776384,0,0,14,0
4,69,compute,1360.538117,1361.470384,0.932268,0,0,0,0,0
4,70,trunk,1361.470387,1361.474032,0.003645,645562368,-266,1,0,0
4,70,expert,1361.522999,1362.050588,0.527589,228220928,0,0,13,0
4,70,compute,1361.474054,1362.170187,0.696133,0,0,0,0,0
4,71,trunk,1362.170189,1362.173617,0.003428,431890432,-267,1,0,0
4,71,expert,1362.208634,1363.011326,0.802692,245776384,0,0,14,0
4,71,compute,1362.173645,1363.142187,0.968542,0,0,0,0,0
4,72,trunk,1363.142189,1363.145749,0.003560,645562368,-268,1,0,0
4,72,expert,1363.208394,1363.981830,0.773435,280887296,0,0,16,0
4,72,compute,1363.145779,1364.100035,0.954257,0,0,0,0,0
4,73,trunk,1364.100037,1364.103365,0.003328,645562368,-269,1,0,0
4,73,expert,1364.158929,1364.940965,0.782036,280887296,0,0,16,0
4,73,compute,1364.103414,1365.058200,0.954785,0,0,0,0,0
4,74,trunk,1365.058202,1365.061938,0.003736,645562368,-270,1,0,0
4,74,expert,1365.123223,1365.692409,0.569186,280887296,0,0,16,0
4,74,compute,1365.061959,1365.788375,0.726417,0,0,0,0,0
4,75,trunk,1365.788377,1365.791766,0.003389,431890432,-271,1,0,0
4,75,expert,1365.819142,1366.613477,0.794336,263331840,0,0,15,0
4,75,compute,1365.791788,1366.868434,1.076646,0,0,0,0,0
4,76,trunk,1366.868436,1366.871896,0.003460,645562368,-272,1,0,0
4,76,expert,1366.922940,1367.671911,0.748970,280887296,0,0,16,0
4,76,compute,1366.871922,1367.791048,0.919127,0,0,0,0,0
4,77,trunk,1367.791050,1367.794485,0.003435,645562368,-273,1,0,0
4,77,expert,1367.846628,1368.593301,0.746673,245776384,0,0,14,0
4,77,compute,1367.794507,1368.706205,0.911698,0,0,0,0,0
4,78,trunk,1368.706207,1368.709879,0.003672,645562368,-274,1,0,0
4,78,expert,1368.758984,1369.331758,0.572774,245776384,0,0,14,0
4,78,compute,1368.709900,1369.421563,0.711663,0,0,0,0,0
4,79,trunk,1369.421565,1369.425190,0.003625,431890432,-275,1,0,0
4,79,expert,1369.454574,1370.217011,0.762437,263331840,0,0,15,0
4,79,compute,1369.425215,1370.321914,0.896699,0,0,0,0,0
4,80,trunk,1370.321916,1370.325584,0.003669,645562368,-276,1,0,0
4,80,expert,1370.379963,1371.127089,0.747126,280887296,0,0,16,0
4,80,compute,1370.325606,1371.238193,0.912587,0,0,0,0,0
4,81,trunk,1371.238195,1371.241666,0.003471,645562368,-277,1,0,0
4,81,expert,1371.294413,1372.078418,0.784005,263331840,0,0,15,0
4,81,compute,1371.241687,1372.198188,0.956502,0,0,0,0,0
4,82,trunk,1372.198190,1372.201727,0.003536,645562368,-278,1,0,0
4,82,expert,1372.251723,1372.836165,0.584441,280887296,0,0,16,0
4,82,compute,1372.201748,1372.924852,0.723105,0,0,0,0,0
4,83,trunk,1372.924854,1372.928288,0.003434,431890432,-279,1,0,0
4,83,expert,1372.960123,1373.727207,0.767083,245776384,0,0,14,0
4,83,compute,1372.928306,1373.838185,0.909879,0,0,0,0,0
4,84,trunk,1373.838187,1373.841691,0.003504,645562368,-280,1,0,0
4,84,expert,1373.891344,1374.617782,0.726438,228220928,0,0,13,0
4,84,compute,1373.841711,1374.710838,0.869127,0,0,0,0,0
4,85,trunk,1374.710840,1374.714203,0.003363,645562368,-281,1,0,0
4,85,expert,1374.772429,1375.533944,0.761515,263331840,0,0,15,0
4,85,compute,1374.714223,1375.629235,0.915011,0,0,0,0,0
4,86,trunk,1375.629236,1375.632930,0.003693,645562368,-282,1,0,0
4,86,expert,1375.685634,1376.265199,0.579565,263331840,0,0,15,0
4,86,compute,1375.632951,1376.379041,0.746089,0,0,0,0,0
4,87,trunk,1376.379043,1376.382752,0.003709,431890432,-283,1,0,0
4,87,expert,1376.414716,1377.142585,0.727869,245776384,0,0,14,0
4,87,compute,1376.382780,1377.262392,0.879612,0,0,0,0,0
4,88,trunk,1377.262394,1377.266079,0.003685,645562368,-284,1,0,0
4,88,expert,1377.322654,1378.052157,0.729503,228220928,0,0,13,0
4,88,compute,1377.266101,1378.186401,0.920300,0,0,0,0,0
4,89,trunk,1378.186403,1378.189596,0.003193,645562368,-285,1,0,0
4,89,expert,1378.258717,1378.963555,0.704838,175554560,0,0,10,0
4,89,compute,1378.189617,1379.620430,1.430813,0,0,0,0,0
4,90,trunk,1379.620432,1379.623943,0.003511,645562368,-286,1,0,0
4,90,expert,1379.677668,1380.158880,0.481213,157999104,0,0,9,0
4,90,compute,1379.623965,1380.883151,1.259186,0,0,0,0,0
4,91,trunk,1380.883152,1380.886843,0.003691,431890432,-287,1,0,0
4,91,expert,1380.921579,1381.414197,0.492618,157999104,0,0,9,0
4,91,compute,1380.886949,1381.516822,0.629873,0,0,0,0,0
4,92,trunk,1381.516824,1381.520285,0.003461,431890432,-288,1,0,0
4,92,expert,1381.550874,1381.779745,0.228871,245776384,0,0,14,0
4,92,compute,1381.520286,1382.023099,0.502813,0,0,0,0,0
5,0,trunk,1382.120135,1382.120178,0.000043,0,-288,0,0,0
5,0,compute,1382.120179,1382.219216,0.099037,0,0,0,0,0
5,1,trunk,1382.219218,1382.222579,0.003361,0,-287,0,0,0
5,1,expert,1382.260508,1382.456414,0.195905,228220928,0,0,13,0
5,1,compute,1382.222581,1382.549059,0.326478,0,0,0,0,0
5,2,trunk,1382.549060,1382.552448,0.003387,0,-286,0,0,0
5,2,expert,1382.590933,1382.777691,0.186759,210665472,0,0,12,0
5,2,compute,1382.552449,1382.890212,0.337762,0,0,0,0,0
5,3,trunk,1382.890213,1382.893545,0.003332,0,-285,0,0,0
5,3,expert,1382.914805,1383.074560,0.159755,193110016,0,0,11,0
5,3,compute,1382.893547,1383.194181,0.300635,0,0,0,0,0
5,4,trunk,1383.194183,1383.197550,0.003367,0,-284,0,0,0
5,4,expert,1383.235530,1383.437051,0.201521,228220928,0,0,13,0
5,4,compute,1383.197552,1383.550177,0.352625,0,0,0,0,0
5,5,trunk,1383.550178,1383.553556,0.003378,0,-283,0,0,0
5,5,expert,1383.592483,1383.777796,0.185312,210665472,0,0,12,0
5,5,compute,1383.553559,1383.890186,0.336628,0,0,0,0,0
5,6,trunk,1383.890188,1383.893611,0.003423,0,-282,0,0,0
5,6,expert,1383.932208,1384.175075,0.242867,280887296,0,0,16,0
5,6,compute,1383.893612,1384.286231,0.392619,0,0,0,0,0
5,7,trunk,1384.286233,1384.289608,0.003374,0,-281,0,0,0
5,7,expert,1384.309966,1384.532292,0.222326,263331840,0,0,15,0
5,7,compute,1384.289609,1384.624654,0.335045,0,0,0,0,0
5,8,trunk,1384.624655,1384.628045,0.003390,0,-280,0,0,0
5,8,expert,1384.674020,1384.900596,0.226575,263331840,0,0,15,0
5,8,compute,1384.628046,1384.988889,0.360843,0,0,0,0,0
5,9,trunk,1384.988891,1384.992247,0.003356,0,-279,0,0,0
5,9,expert,1385.029880,1385.208780,0.178900,210665472,0,0,12,0
5,9,compute,1384.992249,1385.299493,0.307244,0,0,0,0,0
5,10,trunk,1385.299494,1385.302825,0.003331,0,-278,0,0,0
5,10,expert,1385.342631,1385.498703,0.156072,193110016,0,0,11,0
5,10,compute,1385.302827,1385.610427,0.307601,0,0,0,0,0
5,11,trunk,1385.610428,1385.613890,0.003461,0,-277,0,0,0
5,11,expert,1385.635138,1385.813578,0.178440,210665472,0,0,12,0
5,11,compute,1385.613892,1385.931019,0.317127,0,0,0,0,0
5,12,trunk,1385.931020,1385.934376,0.003356,0,-276,0,0,0
5,12,expert,1385.973314,1386.178213,0.204898,245776384,0,0,14,0
5,12,compute,1385.934378,1386.271838,0.337460,0,0,0,0,0
5,13,trunk,1386.271839,1386.275193,0.003354,0,-275,0,0,0
5,13,expert,1386.313183,1386.516077,0.202894,228220928,0,0,13,0
5,13,compute,1386.275194,1386.651034,0.375840,0,0,0,0,0
5,14,trunk,1386.651035,1386.654434,0.003399,0,-274,0,0,0
5,14,expert,1386.698264,1386.914642,0.216378,245776384,0,0,14,0
5,14,compute,1386.654435,1387.022219,0.367784,0,0,0,0,0
5,15,trunk,1387.022220,1387.025612,0.003392,0,-273,0,0,0
5,15,expert,1387.051659,1387.243732,0.192073,210665472,0,0,12,0
5,15,compute,1387.025614,1387.337566,0.311952,0,0,0,0,0
5,16,trunk,1387.337567,1387.340857,0.003290,0,-272,0,0,0
5,16,expert,1387.380317,1387.568181,0.187864,210665472,0,0,12,0
5,16,compute,1387.340860,1387.686416,0.345556,0,0,0,0,0
5,17,trunk,1387.686417,1387.689800,0.003383,0,-271,0,0,0
5,17,expert,1387.733007,1387.941975,0.208968,245776384,0,0,14,0
5,17,compute,1387.689801,1388.054190,0.364389,0,0,0,0,0
5,18,trunk,1388.054192,1388.057574,0.003383,0,-270,0,0,0
5,18,expert,1388.095631,1388.293513,0.197882,228220928,0,0,13,0
5,18,compute,1388.057576,1388.406243,0.348668,0,0,0,0,0
5,19,trunk,1388.406244,1388.409684,0.003439,0,-269,0,0,0
5,19,expert,1388.431750,1388.631768,0.200018,228220928,0,0,13,0
5,19,compute,1388.409685,1388.725484,0.315799,0,0,0,0,0
5,20,trunk,1388.725485,1388.728866,0.003381,0,-268,0,0,0
5,20,expert,1388.766896,1388.929799,0.162903,193110016,0,0,11,0
5,20,compute,1388.728868,1389.025785,0.296917,0,0,0,0,0
5,21,trunk,1389.025787,1389.029136,0.003349,0,-267,0,0,0
5,21,expert,1389.082476,1389.830024,0.747548,245776384,0,0,14,0
5,21,compute,1389.029156,1389.942198,0.913042,0,0,0,0,0
5,22,trunk,1389.942200,1389.945528,0.003328,645562368,-267,1,0,0
5,22,expert,1389.991772,1390.550735,0.558963,228220928,0,0,13,0
5,22,compute,1389.945550,1390.645389,0.699839,0,0,0,0,0
5,23,trunk,1390.645412,1390.648831,0.003418,431890432,-268,1,0,0
5,23,expert,1390.682983,1391.375156,0.692173,228220928,0,0,13,0
5,23,compute,1390.648852,1391.486306,0.837454,0,0,0,0,0
5,24,trunk,1391.486307,1391.489644,0.003337,645562368,-269,1,0,0
5,24,expert,1391.542946,1392.356039,0.813092,245776384,0,0,14,0
5,24,compute,1391.489683,1392.469835,0.980152,0,0,0,0,0
5,25,trunk,1392.469837,1392.473416,0.003579,645562368,-270,1,0,0
5,25,expert,1392.521740,1393.302088,0.780349,280887296,0,0,16,0
5,25,compute,1392.473436,1393.422188,0.948752,0,0,0,0,0
5,26,trunk,1393.422190,1393.425663,0.003472,645562368,-271,1,0,0
5,26,expert,1393.475151,1393.992533,0.517382,193110016,0,0,11,0
5,26,compute,1393.425684,1394.089669,0.663985,0,0,0,0,0
5,27,trunk,1394.089671,1394.093180,0.003509,431890432,-272,1,0,0
5,27,expert,1394.132528,1394.853079,0.720551,263331840,0,0,15,0
5,27,compute,1394.098375,1394.971021,0.872646,0,0,0,0,0
5,28,trunk,1394.971023,1394.974440,0.003417,645562368,-273,1,0,0
5,28,expert,1395.025847,1395.655884,0.630038,263331840,0,0,15,0
5,28,compute,1394.974462,1395.792058,0.817596,0,0,0,0,0
5,29,trunk,1395.792060,1395.795807,0.003747,645562368,-274,1,0,0
5,29,expert,1395.856672,1396.592479,0.735807,245776384,0,0,14,0
5,29,compute,1395.795830,1396.710189,0.914360,0,0,0,0,0
5,30,trunk,1396.710191,1396.713659,0.003468,645562368,-275,1,0,0
5,30,expert,1396.767267,1397.334430,0.567162,245776384,0,0,14,0
5,30,compute,1396.713715,1397.446408,0.732693,0,0,0,0,0
5,31,trunk,1397.446410,1397.449958,0.003548,431890432,-276,1,0,0
5,31,expert,1397.484664,1398.246068,0.761403,245776384,0,0,14,0
5,31,compute,1397.449980,1398.354264,0.904284,0,0,0,0,0
5,32,trunk,1398.354266,1398.357728,0.003461,645562368,-277,1,0,0
5,32,expert,1398.410504,1399.142793,0.732289,228220928,0,0,13,0
5,32,compute,1398.357747,1399.254209,0.896461,0,0,0,0,0
5,33,trunk,1399.254210,1399.257849,0.003638,645562368,-278,1,0,0
5,33,expert,1399.310202,1400.027725,0.717522,157999104,0,0,9,0
5,33,compute,1399.257871,1400.120224,0.862353,0,0,0,0,0
5,34,trunk,1400.120226,1400.123630,0.003404,645562368,-279,1,0,0
5,34,expert,1400.172709,1400.754574,0.581864,263331840,0,0,15,0
5,34,compute,1400.123652,1400.866215,0.742563,0,0,0,0,0
5,35,trunk,1400.866217,1400.869749,0.003533,431890432,-280,1,0,0
5,35,expert,1400.904860,1401.695225,0.790364,263331840,0,0,15,0
5,35,compute,1400.869771,1401.810215,0.940444,0,0,0,0,0
5,36,trunk,1401.810217,1401.813597,0.003380,645562368,-281,1,0,0
5,36,expert,1401.869380,1402.635433,0.766053,263331840,0,0,15,0
5,36,compute,1401.813645,1402.750391,0.936746,0,0,0,0,0
5,37,trunk,1402.750393,1402.754282,0.003889,645562368,-282,1,0,0
5,37,expert,1402.822981,1403.560980,0.737998,245776384,0,0,14,0
5,37,compute,1402.754307,1403.675205,0.920898,0,0,0,0,0
5,38,trunk,1403.675208,1403.678850,0.003642,645562368,-283,1,0,0
5,38,expert,1403.736848,1404.226275,0.489427,193110016,0,0,11,0
5,38,compute,1403.678874,1404.338208,0.659334,0,0,0,0,0
5,39,trunk,1404.338210,1404.341777,0.003567,431890432,-284,1,0,0
5,39,expert,1404.381034,1405.103024,0.721989,210665472,0,0,12,0
5,39,compute,1404.341796,1405.222238,0.880441,0,0,0,0,0
5,40,trunk,1405.222239,1405.225615,0.003375,645562368,-285,1,0,0
5,40,expert,1405.273279,1406.004452,0.731173,210665472,0,0,12,0
5,40,compute,1405.225636,1406.097234,0.871598,0,0,0,0,0
5,41,trunk,1406.097236,1406.101091,0.003855,645562368,-286,1,0,0
5,41,expert,1406.154765,1406.861563,0.706798,210665472,0,0,12,0
5,41,compute,1406.101115,1406.975022,0.873907,0,0,0,0,0
5,42,trunk,1406.975023,1406.978416,0.003392,645562368,-287,1,0,0
5,42,expert,1407.026913,1407.437997,0.411084,157999104,0,0,9,0
5,42,compute,1406.978437,1407.554255,0.575818,0,0,0,0,0
5,43,trunk,1407.554256,1407.557679,0.003422,431890432,-288,1,0,0
5,43,expert,1407.591181,1408.331910,0.740728,193110016,0,0,11,0
5,43,compute,1407.557730,1408.425801,0.868071,0,0,0,0,0
5,44,trunk,1408.425803,1408.429196,0.003393,645562368,-289,1,0,0
5,44,expert,1408.478822,1409.243959,0.765137,245776384,0,0,14,0
5,44,compute,1408.429223,1409.336386,0.907163,0,0,0,0,0
5,45,trunk,1409.336388,1409.339880,0.003493,645562368,-290,1,0,0
5,45,expert,1409.391672,1410.108280,0.716609,193110016,0,0,11,0
5,45,compute,1409.339912,1410.222373,0.882461,0,0,0,0,0
5,46,trunk,1410.222375,1410.225808,0.003433,645562368,-291,1,0,0
5,46,expert,1410.274483,1410.701684,0.427201,193110016,0,0,11,0
5,46,compute,1410.225831,1410.814373,0.588542,0,0,0,0,0
5,47,trunk,1410.814375,1410.817876,0.003501,431890432,-292,1,0,0
5,47,expert,1410.852906,1411.557436,0.704530,228220928,0,0,13,0
5,47,compute,1410.817917,1411.670197,0.852280,0,0,0,0,0
5,48,trunk,1411.670198,1411.673544,0.003346,645562368,-293,1,0,0
5,48,expert,1411.727315,1412.428344,0.701028,210665472,0,0,12,0
5,48,compute,1411.673565,1412.542643,0.869078,0,0,0,0,0
5,49,trunk,1412.542645,1412.546309,0.003665,645562368,-294,1,0,0
5,49,expert,1412.596379,1413.373918,0.777538,263331840,0,0,15,0
5,49,compute,1412.546330,1413.490175,0.943844,0,0,0,0,0
5,50,trunk,1413.490177,1413.493523,0.003345,645562368,-295,1,0,0
5,50,expert,1413.542119,1414.090488,0.548369,228220928,0,0,13,0
5,50,compute,1413.493543,1414.210183,0.716640,0,0,0,0,0
5,51,trunk,1414.210185,1414.213634,0.003449,431890432,-296,1,0,0
5,51,expert,1414.245833,1414.956339,0.710506,228220928,0,0,13,0
5,51,compute,1414.213655,1415.074168,0.860514,0,0,0,0,0
5,52,trunk,1415.074170,1415.077592,0.003422,645562368,-297,1,0,0
5,52,expert,1415.131538,1415.811313,0.679775,210665472,0,0,12,0
5,52,compute,1415.077642,1415.926204,0.848563,0,0,0,0,0
5,53,trunk,1415.926227,1415.929867,0.003641,645562368,-298,1,0,0
5,53,expert,1415.985983,1416.718120,0.732137,228220928,0,0,13,0
5,53,compute,1415.929889,1416.834229,0.904340,0,0,0,0,0
5,54,trunk,1416.834230,1416.837606,0.003376,645562368,-299,1,0,0
5,54,expert,1416.886998,1417.456045,0.569047,245776384,0,0,14,0
5,54,compute,1416.837631,1417.574194,0.736563,0,0,0,0,0
5,55,trunk,1417.574196,1417.577649,0.003453,431890432,-300,1,0,0
5,55,expert,1417.614384,1418.347622,0.733238,228220928,0,0,13,0
5,55,compute,1417.577680,1418.436388,0.858708,0,0,0,0,0
5,56,trunk,1418.436390,1418.439777,0.003388,645562368,-301,1,0,0
5,56,expert,1418.493573,1419.260025,0.766452,263331840,0,0,15,0
5,56,compute,1418.439812,1419.351174,0.911362,0,0,0,0,0
5,57,trunk,1419.351176,1419.355330,0.004154,645562368,-302,1,0,0
5,57,expert,1419.410845,1420.187034,0.776189,263331840,0,0,15,0
5,57,compute,1419.355352,1420.280822,0.925471,0,0,0,0,0
5,58,trunk,1420.280824,1420.284323,0.003498,645562368,-303,1,0,0
5,58,expert,1420.330341,1420.844167,0.513827,175554560,0,0,10,0
5,58,compute,1420.284341,1420.933106,0.648765,0,0,0,0,0
5,59,trunk,1420.933108,1420.937132,0.004024,431890432,-304,1,0,0
5,59,expert,1420.983049,1421.683791,0.700742,175554560,0,0,10,0
5,59,compute,1420.937151,1421.795327,0.858176,0,0,0,0,0
5,60,trunk,1421.795329,1421.799156,0.003827,645562368,-305,1,0,0
5,60,expert,1421.849289,1422.601472,0.752182,228220928,0,0,13,0
5,60,compute,1421.799180,1422.709991,0.910811,0,0,0,0,0
5,61,trunk,1422.709993,1422.713587,0.003593,645562368,-306,1,0,0
5,61,expert,1422.770655,1423.503842,0.733187,245776384,0,0,14,0
5,61,compute,1422.713608,1423.618198,0.904590,0,0,0,0,0
5,62,trunk,1423.618200,1423.621976,0.003776,645562368,-307,1,0,0
5,62,expert,1423.671580,1424.176970,0.505390,175554560,0,0,10,0
5,62,compute,1423.622037,1424.268554,0.646517,0,0,0,0,0
5,63,trunk,1424.268556,1424.272069,0.003513,431890432,-308,1,0,0
5,63,expert,1424.310369,1425.072785,0.762416,245776384,0,0,14,0
5,63,compute,1424.272086,1425.166712,0.894626,0,0,0,0,0
5,64,trunk,1425.166713,1425.170160,0.003447,645562368,-309,1,0,0
5,64,expert,1425.222699,1425.946380,0.723681,210665472,0,0,12,0
5,64,compute,1425.170184,1426.078233,0.908050,0,0,0,0,0
5,65,trunk,1426.078235,1426.081703,0.003468,645562368,-310,1,0,0
5,65,expert,1426.173367,1426.868324,0.694958,228220928,0,0,13,0
5,65,compute,1426.081725,1426.974396,0.892672,0,0,0,0,0
5,66,trunk,1426.974398,1426.977770,0.003372,645562368,-311,1,0,0
5,66,expert,1427.028405,1427.580455,0.552049,228220928,0,0,13,0
5,66,compute,1426.977790,1427.674978,0.697188,0,0,0,0,0
5,67,trunk,1427.674980,1427.678652,0.003672,431890432,-312,1,0,0
5,67,expert,1427.718485,1428.491453,0.772967,245776384,0,0,14,0
5,67,compute,1427.678676,1428.607005,0.928329,0,0,0,0,0
5,68,trunk,1428.607006,1428.610466,0.003460,645562368,-313,1,0,0
5,68,expert,1428.665487,1429.410511,0.745024,263331840,0,0,15,0
5,68,compute,1428.610489,1429.524039,0.913550,0,0,0,0,0
5,69,trunk,1429.524041,1429.527506,0.003465,645562368,-314,1,0,0
5,69,expert,1429.582534,1430.284645,0.702111,175554560,0,0,10,0
5,69,compute,1429.527530,1430.398198,0.870667,0,0,0,0,0
5,70,trunk,1430.398200,1430.401630,0.003430,645562368,-315,1,0,0
5,70,expert,1430.451171,1430.877889,0.426719,140443648,0,0,8,0
5,70,compute,1430.401650,1430.995376,0.593726,0,0,0,0,0
5,71,trunk,1430.995378,1430.998858,0.003480,431890432,-316,1,0,0
5,71,expert,1431.043258,1431.825181,0.781922,228220928,0,0,13,0
5,71,compute,1430.998879,1431.954202,0.955324,0,0,0,0,0
5,72,trunk,1431.954208,1431.957590,0.003382,645562368,-317,1,0,0
5,72,expert,1432.008581,1432.758782,0.750201,210665472,0,0,12,0
5,72,compute,1431.957611,1432.853189,0.895577,0,0,0,0,0
5,73,trunk,1432.853190,1432.857115,0.003924,645562368,-318,1,0,0
5,73,expert,1432.910599,1433.432776,0.522178,210665472,0,0,12,0
5,73,compute,1432.857135,1433.525310,0.668175,0,0,0,0,0
5,74,trunk,1433.525312,1433.642702,0.117390,645562368,-319,1,0,0
5,74,expert,1433.692291,1434.176457,0.484166,157999104,0,0,9,0
5,74,compute,1433.642751,1434.286158,0.643407,0,0,0,0,0
5,75,trunk,1434.286160,1434.289401,0.003241,431890432,-320,1,0,0
5,75,expert,1434.328290,1434.990981,0.662691,140443648,0,0,8,0
5,75,compute,1434.289422,1435.102230,0.812808,0,0,0,0,0
5,76,trunk,1435.102233,1435.105684,0.003451,645562368,-321,1,0,0
5,76,expert,1435.161110,1435.859592,0.698481,228220928,0,0,13,0
5,76,compute,1435.105707,1435.948312,0.842606,0,0,0,0,0
5,77,trunk,1435.948314,1435.951799,0.003485,645562368,-322,1,0,0
5,77,expert,1436.005446,1436.691588,0.686142,157999104,0,0,9,0
5,77,compute,1435.951824,1436.810204,0.858380,0,0,0,0,0
5,78,trunk,1436.810206,1436.813207,0.003001,645562368,-323,1,0,0
5,78,expert,1436.860795,1437.383599,0.522804,175554560,0,0,10,0
5,78,compute,1436.813255,1437.471952,0.658698,0,0,0,0,0
5,79,trunk,1437.471954,1437.475349,0.003394,431890432,-324,1,0,0
5,79,expert,1437.506340,1438.201133,0.694794,157999104,0,0,9,0
5,79,compute,1437.475393,1438.306201,0.830808,0,0,0,0,0
5,80,trunk,1438.306202,1438.309701,0.003499,645562368,-325,1,0,0
5,80,expert,1438.365142,1439.072924,0.707783,228220928,0,0,13,0
5,80,compute,1438.309723,1439.163573,0.853850,0,0,0,0,0
5,81,trunk,1439.163575,1439.167303,0.003728,645562368,-326,1,0,0
5,81,expert,1439.222276,1439.998723,0.776448,245776384,0,0,14,0
5,81,compute,1439.167323,1440.118171,0.950849,0,0,0,0,0
5,82,trunk,1440.118173,1440.121725,0.003552,645562368,-327,1,0,0
5,82,expert,1440.172726,1440.725272,0.552546,228220928,0,0,13,0
5,82,compute,1440.121747,1440.842226,0.720479,0,0,0,0,0
5,83,trunk,1440.842227,1440.845638,0.003410,431890432,-328,1,0,0
5,83,expert,1440.884417,1441.631748,0.747331,210665472,0,0,12,0
5,83,compute,1440.845659,1441.742174,0.896516,0,0,0,0,0
5,84,trunk,1441.742176,1441.745559,0.003383,645562368,-329,1,0,0
5,84,expert,1441.793037,1442.536160,0.743124,228220928,0,0,13,0
5,84,compute,1441.745579,1442.650534,0.904955,0,0,0,0,0
5,85,trunk,1442.650536,1442.654071,0.003535,645562368,-330,1,0,0
5,85,expert,1442.707890,1443.448468,0.740578,228220928,0,0,13,0
5,85,compute,1442.654092,1443.540950,0.886858,0,0,0,0,0
5,86,trunk,1443.540952,1443.544635,0.003683,645562368,-331,1,0,0
5,86,expert,1443.591937,1444.135669,0.543732,210665472,0,0,12,0
5,86,compute,1443.544653,1444.246156,0.701503,0,0,0,0,0
5,87,trunk,1444.246159,1444.249625,0.003467,431890432,-332,1,0,0
5,87,expert,1444.287420,1444.951793,0.664373,157999104,0,0,9,0
5,87,compute,1444.249644,1445.043907,0.794263,0,0,0,0,0
5,88,trunk,1445.043909,1445.047594,0.003685,645562368,-333,1,0,0
5,88,expert,1445.099759,1445.831619,0.731861,228220928,0,0,13,0
5,88,compute,1445.047626,1445.943061,0.895435,0,0,0,0,0
5,89,trunk,1445.943063,1445.946823,0.003760,645562368,-334,1,0,0
5,89,expert,1445.999675,1446.711806,0.712132,175554560,0,0,10,0
5,89,compute,1445.946843,1446.804422,0.857578,0,0,0,0,0
5,90,trunk,1446.804424,1446.807782,0.003359,645562368,-335,1,0,0
5,90,expert,1446.855078,1447.338485,0.483407,175554560,0,0,10,0
5,90,compute,1446.807804,1447.450266,0.642461,0,0,0,0,0
5,91,trunk,1447.450267,1447.453807,0.003539,431890432,-336,1,0,0
5,91,expert,1447.486018,1447.970535,0.484518,157999104,0,0,9,0
5,91,compute,1447.453829,1448.086237,0.632408,0,0,0,0,0
5,92,trunk,1448.086239,1448.089665,0.003426,431890432,-337,1,0,0
5,92,expert,1448.110968,1448.283498,0.172530,210665472,0,0,12,0
5,92,compute,1448.089667,1448.398218,0.308551,0,0,0,0,0
6,0,trunk,1448.497379,1448.497418,0.000039,0,-337,0,0,0
6,0,compute,1448.497419,1448.598408,0.100989,0,0,0,0,0
6,1,trunk,1448.598409,1448.602071,0.003662,0,-336,0,0,0
6,1,expert,1448.639987,1448.840337,0.200349,245776384,0,0,14,0
6,1,compute,1448.602073,1448.952850,0.350778,0,0,0,0,0
6,2,trunk,1448.952851,1448.956312,0.003460,0,-335,0,0,0
6,2,expert,1448.994204,1449.174133,0.179930,210665472,0,0,12,0
6,2,compute,1448.956314,1449.290227,0.333913,0,0,0,0,0
6,3,trunk,1449.290228,1449.293579,0.003351,0,-334,0,0,0
6,3,expert,1449.313940,1449.460698,0.146758,175554560,0,0,10,0
6,3,compute,1449.293603,1449.559960,0.266357,0,0,0,0,0
6,4,trunk,1449.559962,1449.563409,0.003447,0,-333,0,0,0
6,4,expert,1449.601945,1449.783881,0.181936,210665472,0,0,12,0
6,4,compute,1449.563410,1449.875558,0.312147,0,0,0,0,0
6,5,trunk,1449.875559,1449.879354,0.003794,0,-332,0,0,0
6,5,expert,1449.917785,1450.025169,0.107383,122888192,0,0,7,0
6,5,compute,1449.879355,1450.138155,0.258800,0,0,0,0,0
6,6,trunk,1450.138157,1450.141550,0.003393,0,-331,0,0,0
6,6,expert,1450.194718,1450.409978,0.215260,263331840,0,0,15,0
6,6,compute,1450.141551,1450.523026,0.381475,0,0,0,0,0
6,7,trunk,1450.523028,1450.526420,0.003392,0,-330,0,0,0
6,7,expert,1450.547351,1450.747233,0.199882,245776384,0,0,14,0
6,7,compute,1450.526421,1450.862318,0.335897,0,0,0,0,0
6,8,trunk,1450.862320,1450.866186,0.003866,0,-329,0,0,0
6,8,expert,1450.904627,1451.107925,0.203298,245776384,0,0,14,0
6,8,compute,1450.866188,1451.238204,0.372016,0,0,0,0,0
6,9,trunk,1451.238205,1451.241735,0.003530,0,-328,0,0,0
6,9,expert,1451.289576,1451.474671,0.185095,210665472,0,0,12,0
6,9,compute,1451.241737,1451.564648,0.322911,0,0,0,0,0
6,10,trunk,1451.564650,1451.568233,0.003583,0,-327,0,0,0
6,10,expert,1451.606852,1451.752311,0.145459,175554560,0,0,10,0
6,10,compute,1451.568236,1451.870276,0.302040,0,0,0,0,0
6,11,trunk,1451.870277,1451.873742,0.003464,0,-326,0,0,0
6,11,expert,1451.896460,1452.072826,0.176366,210665472,0,0,12,0
6,11,compute,1451.873743,1452.186254,0.312511,0,0,0,0,0
6,12,trunk,1452.186255,1452.189635,0.003380,0,-325,0,0,0
6,12,expert,1452.236868,1452.431065,0.194198,228220928,0,0,13,0
6,12,compute,1452.189636,1452.555016,0.365379,0,0,0,0,0
6,13,trunk,1452.555017,1452.558551,0.003533,0,-324,0,0,0
6,13,expert,1452.597326,1452.796417,0.199091,228220928,0,0,13,0
6,13,compute,1452.558553,1452.914205,0.355652,0,0,0,0,0
6,14,trunk,1452.914207,1452.917615,0.003408,0,-323,0,0,0
6,14,expert,1452.955653,1453.196089,0.240436,280887296,0,0,16,0
6,14,compute,1452.917616,1453.289561,0.371944,0,0,0,0,0
6,15,trunk,1453.289562,1453.293559,0.003997,0,-322,0,0,0
6,15,expert,1453.326157,1453.535194,0.209037,245776384,0,0,14,0
6,15,compute,1453.293560,1453.650205,0.356645,0,0,0,0,0
6,16,trunk,1453.650207,1453.653603,0.003396,0,-321,0,0,0
6,16,expert,1453.694022,1453.861325,0.167303,193110016,0,0,11,0
6,16,compute,1453.653605,1453.978455,0.324850,0,0,0,0,0
6,17,trunk,1453.978457,1453.981807,0.003350,0,-320,0,0,0
6,17,expert,1454.020646,1454.213522,0.192876,228220928,0,0,13,0
6,17,compute,1453.981809,1454.334217,0.352407,0,0,0,0,0
6,18,trunk,1454.334218,1454.337577,0.003359,0,-319,0,0,0
6,18,expert,1454.383393,1454.562657,0.179264,210665472,0,0,12,0
6,18,compute,1454.337578,1454.682235,0.344657,0,0,0,0,0
6,19,trunk,1454.682236,1454.685638,0.003402,0,-318,0,0,0
6,19,expert,1454.706848,1454.916618,0.209770,245776384,0,0,14,0
6,19,compute,1454.685640,1455.011125,0.325486,0,0,0,0,0
6,20,trunk,1455.011126,1455.014500,0.003373,0,-317,0,0,0
6,20,expert,1455.053433,1455.203795,0.150362,175554560,0,0,10,0
6,20,compute,1455.014501,1455.292920,0.278419,0,0,0,0,0
6,21,trunk,1455.292921,1455.296294,0.003372,0,-316,0,0,0
6,21,expert,1455.353477,1456.083585,0.730108,228220928,0,0,13,0
6,21,compute,1455.296310,1456.190170,0.893860,0,0,0,0,0
6,22,trunk,1456.190172,1456.193649,0.003477,645562368,-316,1,0,0
6,22,expert,1456.244855,1456.764208,0.519353,175554560,0,0,10,0
6,22,compute,1456.193670,1456.857074,0.663403,0,0,0,0,0
6,23,trunk,1456.857076,1456.860504,0.003428,431890432,-317,1,0,0
6,23,expert,1456.893674,1457.571726,0.678052,210665472,0,0,12,0
6,23,compute,1456.860522,1457.670461,0.809938,0,0,0,0,0
6,24,trunk,1457.670462,1457.674246,0.003783,645562368,-318,1,0,0
6,24,expert,1457.738697,1458.553770,0.815073,263331840,0,0,15,0
6,24,compute,1457.674308,1458.647078,0.972770,0,0,0,0,0
6,25,trunk,1458.647080,1458.650415,0.003335,645562368,-319,1,0,0
6,25,expert,1458.700882,1459.434357,0.733476,228220928,0,0,13,0
6,25,compute,1458.650436,1459.532590,0.882154,0,0,0,0,0
6,26,trunk,1459.532591,1459.536621,0.004030,645562368,-320,1,0,0
6,26,expert,1459.592893,1460.116632,0.523739,228220928,0,0,13,0
6,26,compute,1459.536640,1460.234315,0.697675,0,0,0,0,0
6,27,trunk,1460.234316,1460.238409,0.004092,431890432,-321,1,0,0
6,27,expert,1460.273937,1460.934643,0.660706,263331840,0,0,15,0
6,27,compute,1460.238437,1461.050468,0.812031,0,0,0,0,0
6,28,trunk,1461.050469,1461.054042,0.003573,645562368,-322,1,0,0
6,28,expert,1461.111057,1461.789172,0.678114,245776384,0,0,14,0
6,28,compute,1461.054062,1461.902227,0.848164,0,0,0,0,0
6,29,trunk,1461.902228,1461.905696,0.003467,645562368,-323,1,0,0
6,29,expert,1461.961876,1462.703870,0.741994,245776384,0,0,14,0
6,29,compute,1461.905723,1462.799722,0.893999,0,0,0,0,0
6,30,trunk,1462.799723,1462.803302,0.003578,645562368,-324,1,0,0
6,30,expert,1462.854763,1463.386252,0.531489,193110016,0,0,11,0
6,30,compute,1462.803323,1463.480815,0.677492,0,0,0,0,0
6,31,trunk,1463.480817,1463.484349,0.003532,431890432,-325,1,0,0
6,31,expert,1463.523631,1464.260599,0.736968,228220928,0,0,13,0
6,31,compute,1463.484367,1464.359860,0.875493,0,0,0,0,0
6,32,trunk,1464.359861,1464.363477,0.003616,645562368,-326,1,0,0
6,32,expert,1464.421189,1465.120711,0.699522,193110016,0,0,11,0
6,32,compute,1464.363500,1465.214609,0.851109,0,0,0,0,0
6,33,trunk,1465.214611,1465.218071,0.003459,645562368,-327,1,0,0
6,33,expert,1465.270660,1466.056433,0.785774,245776384,0,0,14,0
6,33,compute,1465.218093,1466.174537,0.956445,0,0,0,0,0
6,34,trunk,1466.174539,1466.178148,0.003609,645562368,-328,1,0,0
6,34,expert,1466.227895,1466.789441,0.561546,245776384,0,0,14,0
6,34,compute,1466.178171,1466.914269,0.736098,0,0,0,0,0
6,35,trunk,1466.914270,1466.917797,0.003526,431890432,-329,1,0,0
6,35,expert,1466.955046,1467.683907,0.728861,193110016,0,0,11,0
6,35,compute,1466.917816,1467.794480,0.876664,0,0,0,0,0
6,36,trunk,1467.794481,1467.798293,0.003812,645562368,-330,1,0,0
6,36,expert,1467.852554,1468.615104,0.762549,245776384,0,0,14,0
6,36,compute,1467.798334,1468.750286,0.951952,0,0,0,0,0
6,37,trunk,1468.750288,1468.753922,0.003634,645562368,-331,1,0,0
6,37,expert,1468.813715,1469.547213,0.733498,245776384,0,0,14,0
6,37,compute,1468.753945,1469.658249,0.904304,0,0,0,0,0
6,38,trunk,1469.658251,1469.661836,0.003585,645562368,-332,1,0,0
6,38,expert,1469.721835,1470.199072,0.477237,193110016,0,0,11,0
6,38,compute,1469.661859,1470.314288,0.652430,0,0,0,0,0
6,39,trunk,1470.314290,1470.317747,0.003457,431890432,-333,1,0,0
6,39,expert,1470.357552,1471.092915,0.735363,245776384,0,0,14,0
6,39,compute,1470.317767,1471.204043,0.886276,0,0,0,0,0
6,40,trunk,1471.204045,1471.207596,0.003551,645562368,-334,1,0,0
6,40,expert,1471.298696,1471.997002,0.698306,228220928,0,0,13,0
6,40,compute,1471.207655,1472.106051,0.898397,0,0,0,0,0
6,41,trunk,1472.106053,1472.109635,0.003582,645562368,-335,1,0,0
6,41,expert,1472.169198,1472.820113,0.650915,157999104,0,0,9,0
6,41,compute,1472.109657,1472.916567,0.806910,0,0,0,0,0
6,42,trunk,1472.916568,1472.920092,0.003523,645562368,-336,1,0,0
6,42,expert,1472.973419,1473.436176,0.462758,140443648,0,0,8,0
6,42,compute,1472.920108,1473.555016,0.634908,0,0,0,0,0
6,43,trunk,1473.555018,1473.558485,0.003467,431890432,-337,1,0,0
6,43,expert,1473.593906,1474.301990,0.708084,157999104,0,0,9,0
6,43,compute,1473.558505,1474.416332,0.857827,0,0,0,0,0
6,44,trunk,1474.416334,1474.420108,0.003774,645562368,-338,1,0,0
6,44,expert,1474.482368,1475.207074,0.724706,210665472,0,0,12,0
6,44,compute,1474.420142,1475.322267,0.902125,0,0,0,0,0
6,45,trunk,1475.322269,1475.326140,0.003872,645562368,-339,1,0,0
6,45,expert,1475.393998,1476.078472,0.684474,175554560,0,0,10,0
6,45,compute,1475.326171,1476.198215,0.872045,0,0,0,0,0
6,46,trunk,1476.198217,1476.202269,0.004051,645562368,-340,1,0,0
6,46,expert,1476.261299,1476.755218,0.493919,175554560,0,0,10,0
6,46,compute,1476.202293,1476.880884,0.678591,0,0,0,0,0
6,47,trunk,1476.880886,1476.884458,0.003572,431890432,-341,1,0,0
6,47,expert,1476.925820,1477.609124,0.683304,193110016,0,0,11,0
6,47,compute,1476.884503,1477.723158,0.838655,0,0,0,0,0
6,48,trunk,1477.723161,1477.727837,0.004676,645562368,-342,1,0,0
6,48,expert,1477.824967,1478.478549,0.653582,228220928,0,0,13,0
6,48,compute,1477.727880,1478.586170,0.858289,0,0,0,0,0
6,49,trunk,1478.586172,1478.589673,0.003501,645562368,-343,1,0,0
6,49,expert,1478.671699,1479.429195,0.757496,263331840,0,0,15,0
6,49,compute,1478.589714,1479.550209,0.960495,0,0,0,0,0
6,50,trunk,1479.550211,1479.554855,0.004644,645562368,-344,1,0,0
6,50,expert,1479.618065,1480.132165,0.514099,210665472,0,0,12,0
6,50,compute,1479.554888,1480.258348,0.703459,0,0,0,0,0
6,51,trunk,1480.258349,1480.262149,0.003800,431890432,-345,1,0,0
6,51,expert,1480.313482,1480.991003,0.677522,193110016,0,0,11,0
6,51,compute,1480.262195,1481.098766,0.836571,0,0,0,0,0
6,52,trunk,1481.098788,1481.102396,0.003608,645562368,-346,1,0,0
6,52,expert,1481.162693,1481.831563,0.668870,228220928,0,0,13,0
6,52,compute,1481.102417,1481.950581,0.848165,0,0,0,0,0
6,53,trunk,1481.950583,1481.954238,0.003655,645562368,-347,1,0,0
6,53,expert,1482.009467,1482.727769,0.718302,210665472,0,0,12,0
6,53,compute,1481.954268,1482.819797,0.865529,0,0,0,0,0
6,54,trunk,1482.819799,1482.823355,0.003556,645562368,-348,1,0,0
6,54,expert,1482.870380,1483.400163,0.529783,210665472,0,0,12,0
6,54,compute,1482.823377,1483.503534,0.680157,0,0,0,0,0
6,55,trunk,1483.503536,1483.507059,0.003523,431890432,-349,1,0,0
6,55,expert,1483.546172,1484.255724,0.709552,210665472,0,0,12,0
6,55,compute,1483.507080,1484.351382,0.844302,0,0,0,0,0
6,56,trunk,1484.351384,1484.355079,0.003695,645562368,-350,1,0,0
6,56,expert,1484.412708,1485.115412,0.702704,193110016,0,0,11,0
6,56,compute,1484.355115,1485.230280,0.875165,0,0,0,0,0
6,57,trunk,1485.230282,1485.233769,0.003487,645562368,-351,1,0,0
6,57,expert,1485.290650,1486.040163,0.749514,245776384,0,0,14,0
6,57,compute,1485.233791,1486.134771,0.900980,0,0,0,0,0
6,58,trunk,1486.134772,1486.138261,0.003489,645562368,-352,1,0,0
6,58,expert,1486.187123,1486.704268,0.517145,175554560,0,0,10,0
6,58,compute,1486.138283,1486.793789,0.655506,0,0,0,0,0
6,59,trunk,1486.793791,1486.797423,0.003632,431890432,-353,1,0,0
6,59,expert,1486.835526,1487.498281,0.662755,157999104,0,0,9,0
6,59,compute,1486.797445,1487.610428,0.812983,0,0,0,0,0
6,60,trunk,1487.610429,1487.614038,0.003609,645562368,-354,1,0,0
6,60,expert,1487.667975,1488.398585,0.730610,210665472,0,0,12,0
6,60,compute,1487.614058,1488.514920,0.900861,0,0,0,0,0
6,61,trunk,1488.514922,1488.518343,0.003421,645562368,-355,1,0,0
6,61,expert,1488.579223,1489.276636,0.697413,210665472,0,0,12,0
6,61,compute,1488.518363,1489.370518,0.852155,0,0,0,0,0
6,62,trunk,1489.370520,1489.374045,0.003526,645562368,-356,1,0,0
6,62,expert,1489.425732,1489.905447,0.479715,228220928,0,0,13,0
6,62,compute,1489.374090,1490.171820,0.797730,0,0,0,0,0
6,63,trunk,1490.171822,1490.175429,0.003607,431890432,-357,1,0,0
6,63,expert,1490.213706,1490.933611,0.719905,210665472,0,0,12,0
6,63,compute,1490.175451,1491.050196,0.874745,0,0,0,0,0
6,64,trunk,1491.050198,1491.054115,0.003917,645562368,-358,1,0,0
6,64,expert,1491.111081,1491.834073,0.722992,210665472,0,0,12,0
6,64,compute,1491.054136,1491.946234,0.892098,0,0,0,0,0
6,65,trunk,1491.946235,1491.949889,0.003653,645562368,-359,1,0,0
6,65,expert,1492.005461,1492.705814,0.700353,193110016,0,0,11,0
6,65,compute,1491.949915,1492.819019,0.869104,0,0,0,0,0
6,66,trunk,1492.819021,1492.822507,0.003486,645562368,-360,1,0,0
6,66,expert,1492.870190,1493.382752,0.512561,175554560,0,0,10,0
6,66,compute,1492.822530,1493.498292,0.675762,0,0,0,0,0
6,67,trunk,1493.498294,1493.501746,0.003452,431890432,-361,1,0,0
6,67,expert,1493.539898,1494.280343,0.740446,228220928,0,0,13,0
6,67,compute,1493.501767,1494.372753,0.870987,0,0,0,0,0
6,68,trunk,1494.372759,1494.376306,0.003548,645562368,-362,1,0,0
6,68,expert,1494.431804,1495.092683,0.660879,210665472,0,0,12,0
6,68,compute,1494.376324,1495.206183,0.829860,0,0,0,0,0
6,69,trunk,1495.206185,1495.209656,0.003471,645562368,-363,1,0,0
6,69,expert,1495.263672,1495.993802,0.730130,210665472,0,0,12,0
6,69,compute,1495.209810,1496.110198,0.900388,0,0,0,0,0
6,70,trunk,1496.110199,1496.113887,0.003688,645562368,-364,1,0,0
6,70,expert,1496.164570,1496.649285,0.484714,175554560,0,0,10,0
6,70,compute,1496.113937,1496.767033,0.653096,0,0,0,0,0
6,71,trunk,1496.767034,1496.770420,0.003386,431890432,-365,1,0,0
6,71,expert,1496.807498,1497.528154,0.720656,175554560,0,0,10,0
6,71,compute,1496.770442,1497.620691,0.850249,0,0,0,0,0
6,72,trunk,1497.620692,1497.624412,0.003720,645562368,-366,1,0,0
6,72,expert,1497.680951,1498.402863,0.721912,193110016,0,0,11,0
6,72,compute,1497.624438,1498.519104,0.894666,0,0,0,0,0
6,73,trunk,1498.519105,1498.522490,0.003385,645562368,-367,1,0,0
6,73,expert,1498.576984,1499.318749,0.741766,228220928,0,0,13,0
6,73,compute,1498.522510,1499.430340,0.907830,0,0,0,0,0
6,74,trunk,1499.430342,1499.433886,0.003545,645562368,-368,1,0,0
6,74,expert,1499.481792,1499.941495,0.459703,122888192,0,0,7,0
6,74,compute,1499.433908,1500.086211,0.652303,0,0,0,0,0
6,75,trunk,1500.086212,1500.089611,0.003399,431890432,-369,1,0,0
6,75,expert,1500.131499,1500.796992,0.665492,140443648,0,0,8,0
6,75,compute,1500.089632,1500.926336,0.836705,0,0,0,0,0
6,76,trunk,1500.926339,1500.930676,0.004337,645562368,-370,1,0,0
6,76,expert,1500.980902,1501.624684,0.643782,175554560,0,0,10,0
6,76,compute,1500.930697,1501.738187,0.807489,0,0,0,0,0
6,77,trunk,1501.738188,1501.741531,0.003343,645562368,-371,1,0,0
6,77,expert,1501.794728,1502.470307,0.675579,157999104,0,0,9,0
6,77,compute,1501.741552,1502.568612,0.827060,0,0,0,0,0
6,78,trunk,1502.568614,1502.572147,0.003533,645562368,-372,1,0,0
6,78,expert,1502.619795,1503.140553,0.520758,193110016,0,0,11,0
6,78,compute,1502.572165,1503.254195,0.682031,0,0,0,0,0
6,79,trunk,1503.254197,1503.257680,0.003483,431890432,-373,1,0,0
6,79,expert,1503.290638,1503.965759,0.675121,157999104,0,0,9,0
6,79,compute,1503.257703,1504.058691,0.800988,0,0,0,0,0
6,80,trunk,1504.058693,1504.062471,0.003778,645562368,-374,1,0,0
6,80,expert,1504.119814,1504.778911,0.659097,175554560,0,0,10,0
6,80,compute,1504.062492,1504.898232,0.835740,0,0,0,0,0
6,81,trunk,1504.898233,1504.901580,0.003347,645562368,-375,1,0,0
6,81,expert,1504.957640,1505.704876,0.747235,228220928,0,0,13,0
6,81,compute,1504.901601,1505.818398,0.916797,0,0,0,0,0
6,82,trunk,1505.818400,1505.821943,0.003543,645562368,-376,1,0,0
6,82,expert,1505.871542,1506.380405,0.508864,193110016,0,0,11,0
6,82,compute,1505.821964,1506.476916,0.654952,0,0,0,0,0
6,83,trunk,1506.476918,1506.480390,0.003472,431890432,-377,1,0,0
6,83,expert,1506.510424,1507.243428,0.733004,193110016,0,0,11,0
6,83,compute,1506.480408,1507.358298,0.877890,0,0,0,0,0
6,84,trunk,1507.358300,1507.361775,0.003475,645562368,-378,1,0,0
6,84,expert,1507.415552,1508.137598,0.722046,210665472,0,0,12,0
6,84,compute,1507.361796,1508.272041,0.910245,0,0,0,0,0
6,85,trunk,1508.272043,1508.275465,0.003422,645562368,-379,1,0,0
6,85,expert,1508.346800,1509.006276,0.659477,175554560,0,0,10,0
6,85,compute,1508.275519,1509.121369,0.845851,0,0,0,0,0
6,86,trunk,1509.121371,1509.125316,0.003944,645562368,-380,1,0,0
6,86,expert,1509.178621,1509.681242,0.502621,193110016,0,0,11,0
6,86,compute,1509.125336,1509.790164,0.664828,0,0,0,0,0
6,87,trunk,1509.790165,1509.793710,0.003545,431890432,-381,1,0,0
6,87,expert,1509.846476,1510.485689,0.639213,157999104,0,0,9,0
6,87,compute,1509.793732,1510.598182,0.804451,0,0,0,0,0
6,88,trunk,1510.598184,1510.601707,0.003523,645562368,-382,1,0,0
6,88,expert,1510.655135,1511.352851,0.697716,193110016,0,0,11,0
6,88,compute,1510.601729,1511.446154,0.844425,0,0,0,0,0
6,89,trunk,1511.446156,1511.450113,0.003957,645562368,-383,1,0,0
6,89,expert,1511.511556,1512.174154,0.662598,122888192,0,0,7,0
6,89,compute,1511.450138,1512.290161,0.840023,0,0,0,0,0
6,90,trunk,1512.290163,1512.293676,0.003513,645562368,-384,1,0,0
6,90,expert,1512.359557,1512.813591,0.454034,140443648,0,0,8,0
6,90,compute,1512.293698,1512.926166,0.632469,0,0,0,0,0
6,91,trunk,1512.926168,1512.929703,0.003536,431890432,-385,1,0,0
6,91,expert,1512.965305,1513.425166,0.459861,140443648,0,0,8,0
6,91,compute,1512.929725,1513.550836,0.621111,0,0,0,0,0
6,92,trunk,1513.550838,1513.554956,0.004118,431890432,-386,1,0,0
6,92,expert,1513.593294,1513.750754,0.157460,193110016,0,0,11,0
6,92,compute,1513.554958,1514.017278,0.462320,0,0,0,0,0
7,0,trunk,1514.125728,1514.125773,0.000045,0,-386,0,0,0
7,0,compute,1514.125774,1514.262467,0.136694,0,0,0,0,0
7,1,trunk,1514.262469,1514.266993,0.004524,0,-385,0,0,0
7,1,expert,1514.333787,1514.550955,0.217168,263331840,0,0,15,0
7,1,compute,1514.266996,1514.657878,0.390882,0,0,0,0,0
7,2,trunk,1514.657880,1514.661677,0.003797,0,-384,0,0,0
7,2,expert,1514.729132,1514.935455,0.206323,245776384,0,0,14,0
7,2,compute,1514.661678,1515.038029,0.376351,0,0,0,0,0
7,3,trunk,1515.038031,1515.041774,0.003743,0,-383,0,0,0
7,3,expert,1515.077214,1515.222895,0.145681,175554560,0,0,10,0
7,3,compute,1515.041776,1515.347666,0.305890,0,0,0,0,0
7,4,trunk,1515.347667,1515.352209,0.004542,0,-382,0,0,0
7,4,expert,1515.415781,1515.619411,0.203629,245776384,0,0,14,0
7,4,compute,1515.352211,1515.742341,0.390130,0,0,0,0,0
7,5,trunk,1515.742342,1515.746172,0.003830,0,-381,0,0,0
7,5,expert,1515.814106,1516.003951,0.189846,228220928,0,0,13,0
7,5,compute,1515.746174,1516.118266,0.372092,0,0,0,0,0
7,6,trunk,1516.118267,1516.122190,0.003923,0,-380,0,0,0
7,6,expert,1516.186594,1516.404068,0.217474,263331840,0,0,15,0
7,6,compute,1516.122192,1516.519602,0.397410,0,0,0,0,0
7,7,trunk,1516.519604,1516.523566,0.003962,0,-379,0,0,0
7,7,expert,1516.560411,1516.777001,0.216590,263331840,0,0,15,0
7,7,compute,1516.523568,1516.898370,0.374802,0,0,0,0,0
7,8,trunk,1516.898371,1516.902123,0.003752,0,-378,0,0,0
7,8,expert,1516.961645,1517.180482,0.218837,263331840,0,0,15,0
7,8,compute,1516.902154,1517.298352,0.396198,0,0,0,0,0
7,9,trunk,1517.298354,1517.302377,0.004024,0,-377,0,0,0
7,9,expert,1517.363975,1517.576241,0.212267,263331840,0,0,15,0
7,9,compute,1517.302380,1517.690162,0.387782,0,0,0,0,0
7,10,trunk,1517.690163,1517.693736,0.003573,0,-376,0,0,0
7,10,expert,1517.751780,1517.921632,0.169852,210665472,0,0,12,0
7,10,compute,1517.693739,1518.034198,0.340459,0,0,0,0,0
7,11,trunk,1518.034200,1518.037620,0.003420,0,-375,0,0,0
7,11,expert,1518.059883,1518.244892,0.185009,228220928,0,0,13,0
7,11,compute,1518.037622,1518.362392,0.324770,0,0,0,0,0
7,12,trunk,1518.362393,1518.365857,0.003464,0,-374,0,0,0
7,12,expert,1518.406366,1518.589563,0.183198,228220928,0,0,13,0
7,12,compute,1518.365859,1518.706239,0.340380,0,0,0,0,0
7,13,trunk,1518.706240,1518.709616,0.003375,0,-373,0,0,0
7,13,expert,1518.757230,1518.978203,0.220973,263331840,0,0,15,0
7,13,compute,1518.709618,1519.090246,0.380628,0,0,0,0,0
7,14,trunk,1519.090248,1519.093518,0.003270,0,-372,0,0,0
7,14,expert,1519.133968,1519.370321,0.236353,280887296,0,0,16,0
7,14,compute,1519.093519,1519.482931,0.389412,0,0,0,0,0
7,15,trunk,1519.482933,1519.487376,0.004443,0,-371,0,0,0
7,15,expert,1519.518311,1519.735396,0.217085,263331840,0,0,15,0
7,15,compute,1519.487378,1519.827821,0.340443,0,0,0,0,0
7,16,trunk,1519.827822,1519.831464,0.003642,0,-370,0,0,0
7,16,expert,1519.872267,1520.082631,0.210364,245776384,0,0,14,0
7,16,compute,1519.831466,1520.194162,0.362696,0,0,0,0,0
7,17,trunk,1520.194164,1520.197725,0.003562,0,-369,0,0,0
7,17,expert,1520.248138,1520.436994,0.188856,228220928,0,0,13,0
7,17,compute,1520.197728,1520.554201,0.356473,0,0,0,0,0
7,18,trunk,1520.554202,1520.557755,0.003553,0,-368,0,0,0
7,18,expert,1520.612395,1520.779850,0.167455,193110016,0,0,11,0
7,18,compute,1520.557757,1520.902251,0.344495,0,0,0,0,0
7,19,trunk,1520.902252,1520.907211,0.004959,0,-367,0,0,0
7,19,expert,1520.950092,1521.167169,0.217077,263331840,0,0,15,0
7,19,compute,1520.907213,1521.286202,0.378989,0,0,0,0,0
7,20,trunk,1521.286204,1521.289689,0.003486,0,-366,0,0,0
7,20,expert,1521.348771,1521.521168,0.172397,210665472,0,0,12,0
7,20,compute,1521.289692,1521.635033,0.345341,0,0,0,0,0
7,21,trunk,1521.635034,1521.638798,0.003764,0,-365,0,0,0
7,21,expert,1521.699458,1522.437548,0.738090,245776384,0,0,14,0
7,21,compute,1521.638819,1522.550200,0.911381,0,0,0,0,0
7,22,trunk,1522.550202,1522.553675,0.003473,645562368,-365,1,0,0
7,22,expert,1522.608804,1523.169331,0.560527,245776384,0,0,14,0
7,22,compute,1522.553698,1523.282331,0.728633,0,0,0,0,0
7,23,trunk,1523.282333,1523.285921,0.003588,431890432,-366,1,0,0
7,23,expert,1523.323248,1523.933107,0.609859,245776384,0,0,14,0
7,23,compute,1523.285962,1524.051065,0.765103,0,0,0,0,0
7,24,trunk,1524.051067,1524.054622,0.003555,645562368,-367,1,0,0
7,24,expert,1524.105558,1524.927601,0.822043,263331840,0,0,15,0
7,24,compute,1524.054645,1525.062252,1.007607,0,0,0,0,0
7,25,trunk,1525.062253,1525.065920,0.003667,645562368,-368,1,0,0
7,25,expert,1525.116250,1525.851849,0.735599,228220928,0,0,13,0
7,25,compute,1525.065941,1525.958229,0.892289,0,0,0,0,0
7,26,trunk,1525.958230,1525.961622,0.003391,645562368,-369,1,0,0
7,26,expert,1526.008046,1526.564620,0.556574,245776384,0,0,14,0
7,26,compute,1525.961678,1526.678568,0.716890,0,0,0,0,0
7,27,trunk,1526.678570,1526.682128,0.003558,431890432,-370,1,0,0
7,27,expert,1526.720736,1527.453281,0.732544,280887296,0,0,16,0
7,27,compute,1526.682185,1527.548736,0.866551,0,0,0,0,0
7,28,trunk,1527.548738,1527.552082,0.003344,645562368,-371,1,0,0
7,28,expert,1527.612734,1528.305999,0.693265,263331840,0,0,15,0
7,28,compute,1527.552098,1528.406663,0.854565,0,0,0,0,0
7,29,trunk,1528.406665,1528.410426,0.003761,645562368,-372,1,0,0
7,29,expert,1528.470273,1529.192203,0.721930,228220928,0,0,13,0
7,29,compute,1528.416489,1529.284712,0.868223,0,0,0,0,0
7,30,trunk,1529.284714,1529.288073,0.003360,645562368,-373,1,0,0
7,30,expert,1529.336694,1529.871988,0.535294,210665472,0,0,12,0
7,30,compute,1529.292425,1529.968534,0.676110,0,0,0,0,0
7,31,trunk,1529.968536,1529.971943,0.003407,431890432,-374,1,0,0
7,31,expert,1530.005384,1530.768336,0.762952,263331840,0,0,15,0
7,31,compute,1529.977632,1530.868487,0.890855,0,0,0,0,0
7,32,trunk,1530.868488,1530.872153,0.003664,645562368,-375,1,0,0
7,32,expert,1530.925958,1531.640602,0.714644,210665472,0,0,12,0
7,32,compute,1530.872173,1531.729272,0.857099,0,0,0,0,0
7,33,trunk,1531.729274,1531.732804,0.003531,645562368,-376,1,0,0
7,33,expert,1531.785408,1532.563650,0.778242,245776384,0,0,14,0
7,33,compute,1531.732823,1532.682197,0.949374,0,0,0,0,0
7,34,trunk,1532.682199,1532.685515,0.003316,645562368,-377,1,0,0
7,34,expert,1532.733615,1533.301895,0.568280,228220928,0,0,13,0
7,34,compute,1532.685536,1533.397844,0.712308,0,0,0,0,0
7,35,trunk,1533.397845,1533.401354,0.003509,431890432,-378,1,0,0
7,35,expert,1533.436161,1534.189847,0.753686,228220928,0,0,13,0
7,35,compute,1533.401375,1534.302198,0.900823,0,0,0,0,0
7,36,trunk,1534.302200,1534.305771,0.003571,645562368,-379,1,0,0
7,36,expert,1534.358922,1535.103772,0.744851,228220928,0,0,13,0
7,36,compute,1534.305792,1535.193589,0.887797,0,0,0,0,0
7,37,trunk,1535.193590,1535.197255,0.003664,645562368,-380,1,0,0
7,37,expert,1535.247518,1536.000744,0.753226,245776384,0,0,14,0
7,37,compute,1535.197275,1536.110208,0.912933,0,0,0,0,0
7,38,trunk,1536.110210,1536.113687,0.003477,645562368,-381,1,0,0
7,38,expert,1536.166618,1536.672644,0.506026,210665472,0,0,12,0
7,38,compute,1536.113707,1536.790305,0.676598,0,0,0,0,0
7,39,trunk,1536.790307,1536.793790,0.003484,431890432,-382,1,0,0
7,39,expert,1536.825245,1537.573255,0.748010,228220928,0,0,13,0
7,39,compute,1536.793814,1537.706165,0.912351,0,0,0,0,0
7,40,trunk,1537.706166,1537.709560,0.003393,645562368,-383,1,0,0
7,40,expert,1537.767376,1538.499132,0.731756,228220928,0,0,13,0
7,40,compute,1537.709581,1538.610190,0.900609,0,0,0,0,0
7,41,trunk,1538.610192,1538.613973,0.003781,645562368,-384,1,0,0
7,41,expert,1538.671087,1539.357285,0.686198,193110016,0,0,11,0
7,41,compute,1538.613995,1539.471016,0.857021,0,0,0,0,0
7,42,trunk,1539.471018,1539.474592,0.003574,645562368,-385,1,0,0
7,42,expert,1539.526996,1540.003950,0.476955,157999104,0,0,9,0
7,42,compute,1539.474613,1540.092725,0.618112,0,0,0,0,0
7,43,trunk,1540.092727,1540.096299,0.003572,431890432,-386,1,0,0
7,43,expert,1540.127755,1540.651327,0.523572,175554560,0,0,10,0
7,43,compute,1540.096317,1540.766272,0.669956,0,0,0,0,0
7,44,trunk,1540.766274,1540.871399,0.105125,645562368,-387,1,0,0
7,44,expert,1540.925719,1541.665268,0.739550,228220928,0,0,13,0
7,44,compute,1540.871461,1541.783016,0.911555,0,0,0,0,0
7,45,trunk,1541.783018,1541.786520,0.003501,645562368,-388,1,0,0
7,45,expert,1541.843561,1542.600410,0.756849,245776384,0,0,14,0
7,45,compute,1541.786541,1542.698104,0.911563,0,0,0,0,0
7,46,trunk,1542.698106,1542.701580,0.003475,645562368,-389,1,0,0
7,46,expert,1542.753836,1543.302925,0.549089,228220928,0,0,13,0
7,46,compute,1542.701602,1543.414176,0.712574,0,0,0,0,0
7,47,trunk,1543.414178,1543.417624,0.003446,431890432,-390,1,0,0
7,47,expert,1543.456239,1544.174730,0.718491,228220928,0,0,13,0
7,47,compute,1543.417651,1544.286162,0.868511,0,0,0,0,0
7,48,trunk,1544.286164,1544.289626,0.003462,645562368,-391,1,0,0
7,48,expert,1544.344828,1545.000932,0.656104,210665472,0,0,12,0
7,48,compute,1544.289647,1545.098169,0.808522,0,0,0,0,0
7,49,trunk,1545.098171,1545.101908,0.003738,645562368,-392,1,0,0
7,49,expert,1545.160185,1545.921863,0.761678,263331840,0,0,15,0
7,49,compute,1545.101929,1546.038283,0.936354,0,0,0,0,0
7,50,trunk,1546.038286,1546.041784,0.003499,645562368,-393,1,0,0
7,50,expert,1546.092752,1546.651752,0.559000,245776384,0,0,14,0
7,50,compute,1546.041814,1546.740444,0.698630,0,0,0,0,0
7,51,trunk,1546.740446,1546.743933,0.003488,431890432,-394,1,0,0
7,51,expert,1546.781953,1547.481569,0.699616,210665472,0,0,12,0
7,51,compute,1546.744054,1547.602208,0.858154,0,0,0,0,0
7,52,trunk,1547.602210,1547.605573,0.003363,645562368,-395,1,0,0
7,52,expert,1547.664074,1548.353341,0.689267,210665472,0,0,12,0
7,52,compute,1547.605595,1548.466167,0.860572,0,0,0,0,0
7,53,trunk,1548.466169,1548.470615,0.004447,645562368,-396,1,0,0
7,53,expert,1548.558508,1549.253566,0.695058,228220928,0,0,13,0
7,53,compute,1548.470682,1549.366193,0.895511,0,0,0,0,0
7,54,trunk,1549.366195,1549.369568,0.003373,645562368,-397,1,0,0
7,54,expert,1549.421056,1549.949859,0.528803,210665472,0,0,12,0
7,54,compute,1549.369592,1550.066169,0.696577,0,0,0,0,0
7,55,trunk,1550.066171,1550.069705,0.003534,431890432,-398,1,0,0
7,55,expert,1550.114155,1550.862014,0.747858,263331840,0,0,15,0
7,55,compute,1550.069766,1550.983012,0.913247,0,0,0,0,0
7,56,trunk,1550.983015,1550.987161,0.004146,645562368,-399,1,0,0
7,56,expert,1551.058999,1551.771570,0.712571,228220928,0,0,13,0
7,56,compute,1550.987188,1551.886591,0.899404,0,0,0,0,0
7,57,trunk,1551.886612,1551.890286,0.003674,645562368,-400,1,0,0
7,57,expert,1551.943538,1552.729209,0.785671,280887296,0,0,16,0
7,57,compute,1551.890310,1552.843009,0.952699,0,0,0,0,0
7,58,trunk,1552.843011,1552.846611,0.003600,645562368,-401,1,0,0
7,58,expert,1552.892936,1553.416128,0.523192,193110016,0,0,11,0
7,58,compute,1552.846633,1553.522242,0.675609,0,0,0,0,0
7,59,trunk,1553.522243,1553.526228,0.003985,431890432,-402,1,0,0
7,59,expert,1553.559492,1554.276636,0.717144,193110016,0,0,11,0
7,59,compute,1553.526285,1554.395003,0.868718,0,0,0,0,0
7,60,trunk,1554.395005,1554.398482,0.003477,645562368,-403,1,0,0
7,60,expert,1554.455767,1555.190862,0.735095,228220928,0,0,13,0
7,60,compute,1554.398502,1555.312047,0.913544,0,0,0,0,0
7,61,trunk,1555.312048,1555.315680,0.003632,645562368,-404,1,0,0
7,61,expert,1555.374258,1555.968045,0.593787,263331840,0,0,15,0
7,61,compute,1555.315738,1556.072619,0.756881,0,0,0,0,0
7,62,trunk,1556.072621,1556.120829,0.048208,645562368,-405,1,0,0
7,62,expert,1556.173629,1556.672340,0.498711,210665472,0,0,12,0
7,62,compute,1556.120879,1556.772401,0.651522,0,0,0,0,0
7,63,trunk,1556.772402,1556.775950,0.003548,431890432,-406,1,0,0
7,63,expert,1556.814671,1557.538191,0.723520,228220928,0,0,13,0
7,63,compute,1556.775973,1557.651039,0.875066,0,0,0,0,0
7,64,trunk,1557.651041,1557.654620,0.003580,645562368,-407,1,0,0
7,64,expert,1557.716465,1558.437869,0.721405,228220928,0,0,13,0
7,64,compute,1557.654643,1558.550263,0.895620,0,0,0,0,0
7,65,trunk,1558.550265,1558.553857,0.003592,645562368,-408,1,0,0
7,65,expert,1558.607100,1559.325208,0.718109,228220928,0,0,13,0
7,65,compute,1558.553877,1559.450236,0.896359,0,0,0,0,0
7,66,trunk,1559.450238,1559.453858,0.003620,645562368,-409,1,0,0
7,66,expert,1559.516918,1560.048525,0.531607,228220928,0,0,13,0
7,66,compute,1559.453881,1560.176963,0.723082,0,0,0,0,0
7,67,trunk,1560.176964,1560.180748,0.003784,431890432,-410,1,0,0
7,67,expert,1560.224230,1564.415262,4.191032,228220928,0,0,13,0
7,67,compute,1560.186332,1564.526213,4.339881,0,0,0,0,0
7,68,trunk,1564.526214,1564.530047,0.003833,645562368,-411,1,0,0
7,68,expert,1564.594846,1572.939336,8.344491,263331840,0,0,15,0
7,68,compute,1564.535765,1573.041074,8.505309,0,0,0,0,0
7,69,trunk,1573.041076,1573.044934,0.003858,645562368,-412,1,0,0
7,69,expert,1573.110233,1573.834928,0.724695,228220928,0,0,13,0
7,69,compute,1573.044955,1573.950171,0.905215,0,0,0,0,0
7,70,trunk,1573.950172,1573.953550,0.003377,645562368,-413,1,0,0
7,70,expert,1574.004540,1574.521023,0.516483,210665472,0,0,12,0
7,70,compute,1573.953571,1574.634704,0.681134,0,0,0,0,0
7,71,trunk,1574.634706,1574.638246,0.003540,431890432,-414,1,0,0
7,71,expert,1574.675437,1575.467665,0.792227,228220928,0,0,13,0
7,71,compute,1574.638268,1575.586161,0.947892,0,0,0,0,0
7,72,trunk,1575.586162,1575.589948,0.003785,645562368,-415,1,0,0
7,72,expert,1575.645544,1576.374776,0.729232,210665472,0,0,12,0
7,72,compute,1575.589969,1576.479769,0.889800,0,0,0,0,0
7,73,trunk,1576.479770,1576.483892,0.004122,645562368,-416,1,0,0
7,73,expert,1576.540093,1577.295540,0.755447,245776384,0,0,14,0
7,73,compute,1576.483919,1577.414329,0.930410,0,0,0,0,0
7,74,trunk,1577.414334,1577.418177,0.003843,645562368,-417,1,0,0
7,74,expert,1577.473847,1577.934625,0.460777,157999104,0,0,9,0
7,74,compute,1577.418200,1578.050230,0.632030,0,0,0,0,0
7,75,trunk,1578.050232,1578.053650,0.003418,431890432,-418,1,0,0
7,75,expert,1578.098810,1578.803622,0.704812,193110016,0,0,11,0
7,75,compute,1578.053673,1578.897845,0.844172,0,0,0,0,0
7,76,trunk,1578.897846,1578.901363,0.003517,645562368,-419,1,0,0
7,76,expert,1578.968112,1579.605767,0.637655,193110016,0,0,11,0
7,76,compute,1578.901415,1579.699937,0.798521,0,0,0,0,0
7,77,trunk,1579.699938,1579.703473,0.003535,645562368,-420,1,0,0
7,77,expert,1579.761162,1580.496410,0.735248,210665472,0,0,12,0
7,77,compute,1579.703496,1580.614156,0.910659,0,0,0,0,0
7,78,trunk,1580.614157,1580.617507,0.003350,645562368,-421,1,0,0
7,78,expert,1580.668560,1581.192603,0.524043,210665472,0,0,12,0
7,78,compute,1580.617571,1581.306164,0.688593,0,0,0,0,0
7,79,trunk,1581.306166,1581.309633,0.003467,431890432,-422,1,0,0
7,79,expert,1581.349854,1582.014997,0.665143,175554560,0,0,10,0
7,79,compute,1581.309696,1582.130566,0.820870,0,0,0,0,0
7,80,trunk,1582.130568,1582.133969,0.003401,645562368,-423,1,0,0
7,80,expert,1582.188942,1582.892614,0.703671,245776384,0,0,14,0
7,80,compute,1582.133989,1583.001629,0.867639,0,0,0,0,0
7,81,trunk,1583.001630,1583.005355,0.003725,645562368,-424,1,0,0
7,81,expert,1583.055972,1583.826117,0.770145,263331840,0,0,15,0
7,81,compute,1583.005398,1583.922463,0.917065,0,0,0,0,0
7,82,trunk,1583.922465,1583.926096,0.003632,645562368,-425,1,0,0
7,82,expert,1583.978459,1584.505883,0.527424,228220928,0,0,13,0
7,82,compute,1583.926125,1584.623004,0.696879,0,0,0,0,0
7,83,trunk,1584.623006,1584.626899,0.003893,431890432,-426,1,0,0
7,83,expert,1584.671980,1585.347501,0.675521,193110016,0,0,11,0
7,83,compute,1584.626936,1585.463014,0.836078,0,0,0,0,0
7,84,trunk,1585.463016,1585.466653,0.003637,645562368,-427,1,0,0
7,84,expert,1585.534511,1586.267644,0.733133,263331840,0,0,15,0
7,84,compute,1585.466694,1586.400246,0.933552,0,0,0,0,0
7,85,trunk,1586.400248,1586.404443,0.004196,645562368,-428,1,0,0
7,85,expert,1586.471386,1587.181494,0.710108,228220928,0,0,13,0
7,85,compute,1586.404464,1587.278678,0.874214,0,0,0,0,0
7,86,trunk,1587.278680,1587.282138,0.003458,645562368,-429,1,0,0
7,86,expert,1587.336967,1587.863239,0.526272,228220928,0,0,13,0
7,86,compute,1587.282161,1587.978400,0.696238,0,0,0,0,0
7,87,trunk,1587.978401,1587.982048,0.003647,431890432,-430,1,0,0
7,87,expert,1588.015355,1588.694693,0.679338,193110016,0,0,11,0
7,87,compute,1587.982078,1588.793039,0.810961,0,0,0,0,0
7,88,trunk,1588.793041,1588.796717,0.003676,645562368,-431,1,0,0
7,88,expert,1588.855547,1589.586831,0.731284,228220928,0,0,13,0
7,88,compute,1588.796738,1589.706425,0.909687,0,0,0,0,0
7,89,trunk,1589.706426,1589.710298,0.003872,645562368,-432,1,0,0
7,89,expert,1589.763090,1590.469193,0.706103,157999104,0,0,9,0
7,89,compute,1589.710325,1590.574626,0.864301,0,0,0,0,0
7,90,trunk,1590.574628,1590.578890,0.004261,645562368,-433,1,0,0
7,90,expert,1590.637620,1591.109889,0.472268,193110016,0,0,11,0
7,90,compute,1590.578942,1591.208730,0.629788,0,0,0,0,0
7,91,trunk,1591.208732,1591.213257,0.004526,431890432,-434,1,0,0
7,91,expert,1591.252194,1591.756112,0.503918,193110016,0,0,11,0
7,91,compute,1591.213278,1591.844145,0.630868,0,0,0,0,0
7,92,trunk,1591.844147,1591.847907,0.003760,431890432,-435,1,0,0
7,92,expert,1591.871063,1592.082099,0.211036,245776384,0,0,14,0
7,92,compute,1591.847908,1592.202164,0.354256,0,0,0,0,0
