token,layer,phase,t0,t1,dur_s,bytes,l1_hit,l1_miss,l2_hit,l2_miss
0,0,trunk,208.454305,210.862244,2.407939,2341216256,0,1,0,0
0,0,compute,210.862246,211.042766,0.180520,0,0,0,0,0
0,1,trunk,211.042767,211.683362,0.640595,645562368,-1,1,0,0
0,1,expert,211.739746,211.948317,0.208571,280887296,0,0,16,0
0,1,compute,211.683364,212.058451,0.375087,0,0,0,0,0
0,2,trunk,212.058453,212.870203,0.811750,645562368,-2,1,0,0
0,2,expert,212.928602,213.119338,0.190736,280887296,0,0,16,0
0,2,compute,212.870205,213.254498,0.384294,0,0,0,0,0
0,3,trunk,213.254500,213.686086,0.431586,431890432,-3,1,0,0
0,3,expert,213.722207,213.916112,0.193905,280887296,0,0,16,0
0,3,compute,213.686088,214.042551,0.356463,0,0,0,0,0
0,4,trunk,214.042553,214.581380,0.538827,645562368,-4,1,0,0
0,4,expert,214.640622,214.822258,0.181635,280887296,0,0,16,0
0,4,compute,214.581382,214.938230,0.356848,0,0,0,0,0
0,5,trunk,214.938232,215.578293,0.640062,645562368,-5,1,0,0
0,5,expert,215.649683,215.831587,0.181904,280887296,0,0,16,0
0,5,compute,215.578295,215.963030,0.384735,0,0,0,0,0
0,6,trunk,215.963032,216.584321,0.621289,645562368,-6,1,0,0
0,6,expert,216.673135,216.855736,0.182601,280887296,0,0,16,0
0,6,compute,216.584324,216.970225,0.385901,0,0,0,0,0
0,7,trunk,216.970226,217.386435,0.416209,431890432,-7,1,0,0
0,7,expert,217.421255,217.603494,0.182240,280887296,0,0,16,0
0,7,compute,217.386437,217.722233,0.335796,0,0,0,0,0
0,8,trunk,217.722235,218.321395,0.599161,645562368,-8,1,0,0
0,8,expert,218.377207,218.570138,0.192931,280887296,0,0,16,0
0,8,compute,218.321397,218.682250,0.360853,0,0,0,0,0
0,9,trunk,218.682252,219.380435,0.698183,645562368,-9,1,0,0
0,9,expert,219.438521,219.629587,0.191067,280887296,0,0,16,0
0,9,compute,219.380437,219.742168,0.361731,0,0,0,0,0
0,10,trunk,219.742170,220.450602,0.708432,645562368,-10,1,0,0
0,10,expert,220.512080,220.706599,0.194520,280887296,0,0,16,0
0,10,compute,220.450603,220.830216,0.379613,0,0,0,0,0
0,11,trunk,220.830218,221.274592,0.444373,431890432,-11,1,0,0
0,11,expert,221.308616,221.505257,0.196641,280887296,0,0,16,0
0,11,compute,221.274594,221.618994,0.344400,0,0,0,0,0
0,12,trunk,221.618995,222.288659,0.669664,645562368,-12,1,0,0
0,12,expert,222.398758,222.595521,0.196764,280887296,0,0,16,0
0,12,compute,222.288661,222.710333,0.421672,0,0,0,0,0
0,13,trunk,222.710335,223.416630,0.706295,645562368,-13,1,0,0
0,13,expert,223.526875,223.729991,0.203116,280887296,0,0,16,0
0,13,compute,223.416631,223.829565,0.412934,0,0,0,0,0
0,14,trunk,223.829567,224.641302,0.811735,645562368,-14,1,0,0
0,14,expert,224.704292,224.902603,0.198311,280887296,0,0,16,0
0,14,compute,224.641304,225.002805,0.361501,0,0,0,0,0
0,15,trunk,225.002806,225.453838,0.451032,431890432,-15,1,0,0
0,15,expert,225.481813,225.683992,0.202179,280887296,0,0,16,0
0,15,compute,225.453840,225.789694,0.335854,0,0,0,0,0
0,16,trunk,225.789696,226.604100,0.814404,645562368,-16,1,0,0
0,16,expert,226.664505,226.864022,0.199518,280887296,0,0,16,0
0,16,compute,226.604103,226.968450,0.364348,0,0,0,0,0
0,17,trunk,226.968452,227.767655,0.799203,645562368,-17,1,0,0
0,17,expert,227.827713,228.027628,0.199914,280887296,0,0,16,0
0,17,compute,227.767657,228.150196,0.382539,0,0,0,0,0
0,18,trunk,228.150198,228.890818,0.740621,645562368,-18,1,0,0
0,18,expert,228.948669,229.148728,0.200059,280887296,0,0,16,0
0,18,compute,228.890820,229.262444,0.371624,0,0,0,0,0
0,19,trunk,229.262446,229.796710,0.534264,431890432,-19,1,0,0
0,19,expert,229.830467,230.039219,0.208752,280887296,0,0,16,0
0,19,compute,229.796711,230.158175,0.361463,0,0,0,0,0
0,20,trunk,230.158176,230.999653,0.841477,645562368,-20,1,0,0
0,20,expert,231.059037,231.259183,0.200145,280887296,0,0,16,0
0,20,compute,230.999655,231.378195,0.378540,0,0,0,0,0
0,21,trunk,231.378197,231.906212,0.528015,645562368,-21,1,0,0
0,21,expert,231.991390,232.237333,0.245943,280887296,0,0,16,0
0,21,compute,231.906256,232.350217,0.443961,0,0,0,0,0
0,22,trunk,232.350219,232.847617,0.497398,645562368,-22,1,0,0
0,22,expert,232.973410,233.234338,0.260928,280887296,0,0,16,0
0,22,compute,232.847666,233.358150,0.510484,0,0,0,0,0
0,23,trunk,233.358152,233.387043,0.028891,431890432,-23,1,0,0
0,23,expert,233.429970,233.907226,0.477256,280887296,0,0,16,0
0,23,compute,233.387062,234.022506,0.635443,0,0,0,0,0
0,24,trunk,234.022508,234.025964,0.003456,645562368,-24,1,0,0
0,24,expert,234.121009,234.617877,0.496868,280887296,0,0,16,0
0,24,compute,234.026472,234.738195,0.711722,0,0,0,0,0
0,25,trunk,234.738197,234.762424,0.024227,645562368,-25,1,0,0
0,25,expert,234.825619,235.373549,0.547930,280887296,0,0,16,0
0,25,compute,234.762944,235.494198,0.731254,0,0,0,0,0
0,26,trunk,235.494200,235.497848,0.003649,645562368,-26,1,0,0
0,26,expert,235.563785,235.947930,0.384145,263331840,1,0,15,0
0,26,compute,235.497869,236.054280,0.556411,0,0,0,0,0
0,27,trunk,236.054282,236.057738,0.003456,431890432,-27,1,0,0
0,27,expert,236.097879,236.588420,0.490540,280887296,0,0,16,0
0,27,compute,236.057764,236.685932,0.628167,0,0,0,0,0
0,28,trunk,236.685934,236.689586,0.003652,645562368,-28,1,0,0
0,28,expert,236.754343,237.223491,0.469149,280887296,0,0,16,0
0,28,compute,236.689610,237.342566,0.652956,0,0,0,0,0
0,29,trunk,237.342569,237.346645,0.004076,645562368,-29,1,0,0
0,29,expert,237.413905,237.904530,0.490625,280887296,0,0,16,0
0,29,compute,237.346674,238.019041,0.672367,0,0,0,0,0
0,30,trunk,238.019043,238.022423,0.003380,645562368,-30,1,0,0
0,30,expert,238.088758,238.480815,0.392057,280887296,0,0,16,0
0,30,compute,238.022452,238.587385,0.564933,0,0,0,0,0
0,31,trunk,238.587387,238.590854,0.003466,431890432,-31,1,0,0
0,31,expert,238.633390,239.196652,0.563262,280887296,0,0,16,0
0,31,compute,238.590875,239.334631,0.743756,0,0,0,0,0
0,32,trunk,239.334633,239.338087,0.003454,645562368,-32,1,0,0
0,32,expert,239.404074,239.978095,0.574021,280887296,0,0,16,0
0,32,compute,239.338107,240.090719,0.752612,0,0,0,0,0
0,33,trunk,240.090721,240.094330,0.003609,645562368,-33,1,0,0
0,33,expert,240.168445,240.737926,0.569480,280887296,0,0,16,0
0,33,compute,240.094389,240.878588,0.784199,0,0,0,0,0
0,34,trunk,240.878591,240.882664,0.004074,645562368,-34,1,0,0
0,34,expert,240.955867,241.348515,0.392648,280887296,0,0,16,0
0,34,compute,240.882693,241.470522,0.587829,0,0,0,0,0
0,35,trunk,241.470524,241.474736,0.004212,431890432,-35,1,0,0
0,35,expert,241.516541,242.077095,0.560554,280887296,0,0,16,0
0,35,compute,241.475043,242.198470,0.723427,0,0,0,0,0
0,36,trunk,242.198472,242.202199,0.003727,645562368,-36,1,0,0
0,36,expert,242.262650,242.821173,0.558523,280887296,0,0,16,0
0,36,compute,242.202227,242.934295,0.732068,0,0,0,0,0
0,37,trunk,242.934297,242.938098,0.003801,645562368,-37,1,0,0
0,37,expert,243.005790,243.542412,0.536622,280887296,0,0,16,0
0,37,compute,242.938125,243.650305,0.712180,0,0,0,0,0
0,38,trunk,243.650307,243.653738,0.003431,645562368,-38,1,0,0
0,38,expert,243.714506,244.108472,0.393965,280887296,0,0,16,0
0,38,compute,243.653758,244.230333,0.576575,0,0,0,0,0
0,39,trunk,244.230335,244.234932,0.004596,431890432,-39,1,0,0
0,39,expert,244.279719,244.848056,0.568337,280887296,0,0,16,0
0,39,compute,244.234977,244.986289,0.751312,0,0,0,0,0
0,40,trunk,244.986291,244.989708,0.003417,645562368,-40,1,0,0
0,40,expert,245.053039,245.607927,0.554888,280887296,0,0,16,0
0,40,compute,244.989731,245.728067,0.738336,0,0,0,0,0
0,41,trunk,245.728069,245.732244,0.004175,645562368,-41,1,0,0
0,41,expert,245.797123,246.317112,0.519990,280887296,0,0,16,0
0,41,compute,245.732283,246.442202,0.709919,0,0,0,0,0
0,42,trunk,246.442204,246.446553,0.004348,645562368,-42,1,0,0
0,42,expert,246.513074,246.909169,0.396095,280887296,0,0,16,0
0,42,compute,246.446586,247.022968,0.576382,0,0,0,0,0
0,43,trunk,247.022971,247.027548,0.004578,431890432,-43,1,0,0
0,43,expert,247.067720,247.646506,0.578786,280887296,0,0,16,0
0,43,compute,247.027582,247.755041,0.727459,0,0,0,0,0
0,44,trunk,247.755043,247.758743,0.003700,645562368,-44,1,0,0
0,44,expert,247.825928,248.355243,0.529315,280887296,0,0,16,0
0,44,compute,247.758766,248.478222,0.719457,0,0,0,0,0
0,45,trunk,248.478225,248.481622,0.003397,645562368,-45,1,0,0
0,45,expert,248.548428,249.100385,0.551957,280887296,0,0,16,0
0,45,compute,248.481642,249.214257,0.732615,0,0,0,0,0
0,46,trunk,249.214259,249.218077,0.003817,645562368,-46,1,0,0
0,46,expert,249.280066,249.711889,0.431823,280887296,0,0,16,0
0,46,compute,249.218121,249.838550,0.620429,0,0,0,0,0
0,47,trunk,249.838552,249.842487,0.003935,431890432,-47,1,0,0
0,47,expert,249.881065,250.462095,0.581030,280887296,0,0,16,0
0,47,compute,249.842544,250.564797,0.722253,0,0,0,0,0
0,48,trunk,250.564799,250.568586,0.003787,645562368,-48,1,0,0
0,48,expert,250.633896,251.210885,0.576989,280887296,0,0,16,0
0,48,compute,250.568607,251.322627,0.754020,0,0,0,0,0
0,49,trunk,251.322629,251.325994,0.003365,645562368,-49,1,0,0
0,49,expert,251.396628,251.940856,0.544228,280887296,0,0,16,0
0,49,compute,251.326015,252.057481,0.731466,0,0,0,0,0
0,50,trunk,252.057483,252.061028,0.003545,645562368,-50,1,0,0
0,50,expert,252.124883,252.576055,0.451173,280887296,0,0,16,0
0,50,compute,252.061051,252.695280,0.634229,0,0,0,0,0
0,51,trunk,252.695282,252.699283,0.004001,431890432,-51,1,0,0
0,51,expert,252.741615,253.327242,0.585627,280887296,0,0,16,0
0,51,compute,252.699367,253.446578,0.747210,0,0,0,0,0
0,52,trunk,253.446583,253.450160,0.003577,645562368,-52,1,0,0
0,52,expert,253.515852,254.085131,0.569278,280887296,0,0,16,0
0,52,compute,253.450196,254.202218,0.752022,0,0,0,0,0
0,53,trunk,254.202220,254.205712,0.003492,645562368,-53,1,0,0
0,53,expert,254.269713,265.697730,11.428017,280887296,0,0,16,0
0,53,compute,254.205733,265.820045,11.614312,0,0,0,0,0
0,54,trunk,265.820047,265.823564,0.003517,645562368,-54,1,0,0
0,54,expert,265.894379,266.347901,0.453521,280887296,0,0,16,0
0,54,compute,265.823588,266.458180,0.634592,0,0,0,0,0
0,55,trunk,266.458182,266.461884,0.003701,431890432,-55,1,0,0
0,55,expert,266.505177,267.096851,0.591673,280887296,0,0,16,0
0,55,compute,266.461909,267.222298,0.760389,0,0,0,0,0
0,56,trunk,267.222300,267.226068,0.003768,645562368,-56,1,0,0
0,56,expert,267.328976,267.904660,0.575684,280887296,0,0,16,0
0,56,compute,267.226093,268.028456,0.802363,0,0,0,0,0
0,57,trunk,268.028458,268.032183,0.003724,645562368,-57,1,0,0
0,57,expert,268.104640,268.718199,0.613559,280887296,0,0,16,0
0,57,compute,268.032202,268.825308,0.793107,0,0,0,0,0
0,58,trunk,268.825310,268.830002,0.004692,645562368,-58,1,0,0
0,58,expert,268.896873,269.342589,0.445716,280887296,0,0,16,0
0,58,compute,268.830032,269.459096,0.629065,0,0,0,0,0
0,59,trunk,269.459098,269.462978,0.003879,431890432,-59,1,0,0
0,59,expert,269.506274,270.116994,0.610720,280887296,0,0,16,0
0,59,compute,269.463006,270.218411,0.755405,0,0,0,0,0
0,60,trunk,270.218413,270.221851,0.003438,645562368,-60,1,0,0
0,60,expert,270.284772,270.946350,0.661578,280887296,0,0,16,0
0,60,compute,270.221873,271.056737,0.834864,0,0,0,0,0
0,61,trunk,271.056738,271.060084,0.003345,645562368,-61,1,0,0
0,61,expert,271.121789,271.756103,0.634314,280887296,0,0,16,0
0,61,compute,271.060100,271.859683,0.799583,0,0,0,0,0
0,62,trunk,271.859685,271.863056,0.003371,645562368,-62,1,0,0
0,62,expert,271.924097,272.371818,0.447721,280887296,0,0,16,0
0,62,compute,271.863078,272.477448,0.614370,0,0,0,0,0
0,63,trunk,272.477450,272.481043,0.003594,431890432,-63,1,0,0
0,63,expert,272.520938,273.153063,0.632125,280887296,0,0,16,0
0,63,compute,272.481064,273.254851,0.773787,0,0,0,0,0
0,64,trunk,273.254853,273.258275,0.003422,645562368,-64,1,0,0
0,64,expert,273.318083,273.932412,0.614328,280887296,0,0,16,0
0,64,compute,273.258296,274.050326,0.792030,0,0,0,0,0
0,65,trunk,274.050328,274.053926,0.003598,645562368,-65,1,0,0
0,65,expert,274.115646,274.712714,0.597068,280887296,0,0,16,0
0,65,compute,274.053965,274.809161,0.755195,0,0,0,0,0
0,66,trunk,274.809163,274.812552,0.003389,645562368,-66,1,0,0
0,66,expert,274.872427,275.324673,0.452245,280887296,0,0,16,0
0,66,compute,274.812571,275.438235,0.625664,0,0,0,0,0
0,67,trunk,275.438237,275.441740,0.003503,431890432,-67,1,0,0
0,67,expert,275.480665,276.106537,0.625872,280887296,0,0,16,0
0,67,compute,275.441761,276.218542,0.776781,0,0,0,0,0
0,68,trunk,276.218544,276.222101,0.003557,645562368,-68,1,0,0
0,68,expert,276.289245,276.901243,0.611998,280887296,0,0,16,0
0,68,compute,276.222123,277.018212,0.796089,0,0,0,0,0
0,69,trunk,277.018214,277.021486,0.003273,645562368,-69,1,0,0
0,69,expert,277.104129,277.673954,0.569825,280887296,0,0,16,0
0,69,compute,277.021506,277.790455,0.768948,0,0,0,0,0
0,70,trunk,277.790457,277.794107,0.003651,645562368,-70,1,0,0
0,70,expert,277.860388,278.268511,0.408123,280887296,0,0,16,0
0,70,compute,277.794131,278.368328,0.574198,0,0,0,0,0
0,71,trunk,278.368351,278.371800,0.003449,431890432,-71,1,0,0
0,71,expert,278.410630,279.040401,0.629771,280887296,0,0,16,0
0,71,compute,278.371825,279.162305,0.790480,0,0,0,0,0
0,72,trunk,279.162307,279.166525,0.004218,645562368,-72,1,0,0
0,72,expert,279.234206,279.851858,0.617653,280887296,0,0,16,0
0,72,compute,279.166548,279.970748,0.804200,0,0,0,0,0
0,73,trunk,279.970751,279.974222,0.003471,645562368,-73,1,0,0
0,73,expert,280.036624,280.663525,0.626901,280887296,0,0,16,0
0,73,compute,279.974244,280.786165,0.811921,0,0,0,0,0
0,74,trunk,280.786168,280.789726,0.003559,645562368,-74,1,0,0
0,74,expert,280.848789,281.300949,0.452160,280887296,0,0,16,0
0,74,compute,280.789748,281.407481,0.617733,0,0,0,0,0
0,75,trunk,281.407483,281.411257,0.003774,431890432,-75,1,0,0
0,75,expert,281.455140,282.056069,0.600929,280887296,0,0,16,0
0,75,compute,281.411282,282.188038,0.776756,0,0,0,0,0
0,76,trunk,282.188040,282.191145,0.003105,645562368,-76,1,0,0
0,76,expert,282.258800,282.813210,0.554410,280887296,0,0,16,0
0,76,compute,282.191167,282.926224,0.735057,0,0,0,0,0
0,77,trunk,282.926226,282.929741,0.003514,645562368,-77,1,0,0
0,77,expert,282.994308,283.604857,0.610549,280887296,0,0,16,0
0,77,compute,282.929794,283.730251,0.800457,0,0,0,0,0
0,78,trunk,283.730253,283.733626,0.003373,645562368,-78,1,0,0
0,78,expert,283.789974,284.249148,0.459175,280887296,0,0,16,0
0,78,compute,283.733645,284.371020,0.637375,0,0,0,0,0
0,79,trunk,284.371023,284.374505,0.003482,431890432,-79,1,0,0
0,79,expert,284.418885,285.025066,0.606181,280887296,0,0,16,0
0,79,compute,284.374534,285.142499,0.767965,0,0,0,0,0
0,80,trunk,285.142501,285.146092,0.003591,645562368,-80,1,0,0
0,80,expert,285.214000,285.781281,0.567281,280887296,0,0,16,0
0,80,compute,285.146121,285.899128,0.753008,0,0,0,0,0
0,81,trunk,285.899130,285.902636,0.003505,645562368,-81,1,0,0
0,81,expert,285.966042,286.536178,0.570137,280887296,0,0,16,0
0,81,compute,285.902666,286.650699,0.748032,0,0,0,0,0
0,82,trunk,286.650701,286.654339,0.003638,645562368,-82,1,0,0
0,82,expert,286.719878,287.144382,0.424504,280887296,0,0,16,0
0,82,compute,286.654377,287.267394,0.613018,0,0,0,0,0
0,83,trunk,287.267396,287.271009,0.003612,431890432,-83,1,0,0
0,83,expert,287.316401,287.916152,0.599751,280887296,0,0,16,0
0,83,compute,287.271030,288.026169,0.755139,0,0,0,0,0
0,84,trunk,288.026172,288.029644,0.003472,645562368,-84,1,0,0
0,84,expert,288.098705,288.626289,0.527584,280887296,0,0,16,0
0,84,compute,288.029975,288.743056,0.713081,0,0,0,0,0
0,85,trunk,288.743058,288.746614,0.003556,645562368,-85,1,0,0
0,85,expert,288.811677,289.390415,0.578738,280887296,0,0,16,0
0,85,compute,288.746988,289.506501,0.759513,0,0,0,0,0
0,86,trunk,289.506503,289.510003,0.003500,645562368,-86,1,0,0
0,86,expert,289.570718,289.984252,0.413534,280887296,0,0,16,0
0,86,compute,289.510226,290.087671,0.577446,0,0,0,0,0
0,87,trunk,290.087673,290.091148,0.003475,431890432,-87,1,0,0
0,87,expert,290.134705,290.694410,0.559704,280887296,0,0,16,0
0,87,compute,290.091172,290.810401,0.719230,0,0,0,0,0
0,88,trunk,290.810403,290.813937,0.003534,645562368,-88,1,0,0
0,88,expert,290.882224,291.452046,0.569823,280887296,0,0,16,0
0,88,compute,290.814284,291.562160,0.747876,0,0,0,0,0
0,89,trunk,291.562166,291.565266,0.003100,645562368,-89,1,0,0
0,89,expert,291.629890,292.254516,0.624626,280887296,0,0,16,0
0,89,compute,291.565630,292.354359,0.788729,0,0,0,0,0
0,90,trunk,292.354361,292.357757,0.003397,645562368,-90,1,0,0
0,90,expert,292.417622,292.843050,0.425429,280887296,0,0,16,0
0,90,compute,292.358050,292.958235,0.600185,0,0,0,0,0
0,91,trunk,292.958238,292.961793,0.003555,431890432,-91,1,0,0
0,91,expert,293.001092,293.428170,0.427078,280887296,0,0,16,0
0,91,compute,292.961995,293.538161,0.576165,0,0,0,0,0
0,92,trunk,293.538163,293.541687,0.003524,431890432,-92,1,0,0
0,92,expert,293.576000,293.731712,0.155712,280887296,0,0,16,0
0,92,compute,293.541688,293.846836,0.305148,0,0,0,0,0
0,0,trunk,293.949357,293.949399,0.000042,0,-92,0,0,0
0,0,compute,293.949400,294.057146,0.107746,0,0,0,0,0
0,1,trunk,294.057148,294.061195,0.004047,0,-91,0,0,0
0,1,expert,294.116093,294.303546,0.187453,280887296,0,0,16,0
0,1,compute,294.061196,294.407481,0.346284,0,0,0,0,0
0,2,trunk,294.407482,294.410829,0.003347,0,-90,0,0,0
0,2,expert,294.463618,294.628818,0.165200,280887296,0,0,16,0
0,2,compute,294.410831,294.728779,0.317948,0,0,0,0,0
0,3,trunk,294.728781,294.732216,0.003435,0,-89,0,0,0
0,3,expert,294.763466,294.923787,0.160321,280887296,0,0,16,0
0,3,compute,294.732217,295.019234,0.287016,0,0,0,0,0
0,4,trunk,295.019235,295.022588,0.003353,0,-88,0,0,0
0,4,expert,295.075488,295.233883,0.158395,280887296,0,0,16,0
0,4,compute,295.022589,295.354214,0.331624,0,0,0,0,0
0,5,trunk,295.354215,295.357682,0.003466,0,-87,0,0,0
0,5,expert,295.415385,295.578702,0.163317,280887296,0,0,16,0
0,5,compute,295.357684,295.698466,0.340782,0,0,0,0,0
0,6,trunk,295.698468,295.701882,0.003415,0,-86,0,0,0
0,6,expert,295.761634,295.930501,0.168867,280887296,0,0,16,0
0,6,compute,295.701884,296.066174,0.364290,0,0,0,0,0
0,7,trunk,296.066176,296.069674,0.003498,0,-85,0,0,0
0,7,expert,296.104819,296.266233,0.161414,280887296,0,0,16,0
0,7,compute,296.069675,296.378194,0.308519,0,0,0,0,0
0,8,trunk,296.378195,296.381641,0.003446,0,-84,0,0,0
0,8,expert,296.438575,296.592581,0.154006,280887296,0,0,16,0
0,8,compute,296.381643,296.710237,0.328593,0,0,0,0,0
0,9,trunk,296.710238,296.713668,0.003430,0,-83,0,0,0
0,9,expert,296.773257,296.929111,0.155853,280887296,0,0,16,0
0,9,compute,296.713670,297.031433,0.317763,0,0,0,0,0
0,10,trunk,297.031434,297.035093,0.003659,0,-82,0,0,0
0,10,expert,297.092619,297.254835,0.162215,280887296,0,0,16,0
0,10,compute,297.035096,297.374239,0.339143,0,0,0,0,0
0,11,trunk,297.374241,297.377894,0.003654,0,-81,0,0,0
0,11,expert,297.414573,297.581342,0.166769,280887296,0,0,16,0
0,11,compute,297.377896,297.704037,0.326141,0,0,0,0,0
0,12,trunk,297.704038,297.707324,0.003286,0,-80,0,0,0
0,12,expert,297.761685,297.930016,0.168331,280887296,0,0,16,0
0,12,compute,297.707325,298.062641,0.355316,0,0,0,0,0
0,13,trunk,298.062643,298.066156,0.003513,0,-79,0,0,0
0,13,expert,298.121463,298.290579,0.169115,280887296,0,0,16,0
0,13,compute,298.066158,298.406195,0.340038,0,0,0,0,0
0,14,trunk,298.406197,298.409803,0.003606,0,-78,0,0,0
0,14,expert,298.467047,298.632902,0.165855,280887296,0,0,16,0
0,14,compute,298.409805,298.733782,0.323976,0,0,0,0,0
0,15,trunk,298.733783,298.737239,0.003456,0,-77,0,0,0
0,15,expert,298.769699,298.929992,0.160293,280887296,0,0,16,0
0,15,compute,298.737241,299.046572,0.309330,0,0,0,0,0
0,16,trunk,299.046573,299.050073,0.003500,0,-76,0,0,0
0,16,expert,299.106761,299.268225,0.161464,280887296,0,0,16,0
0,16,compute,299.050074,299.382174,0.332100,0,0,0,0,0
0,17,trunk,299.382176,299.385576,0.003400,0,-75,0,0,0
0,17,expert,299.443793,299.611532,0.167739,280887296,0,0,16,0
0,17,compute,299.385578,299.707881,0.322303,0,0,0,0,0
0,18,trunk,299.707882,299.711391,0.003509,0,-74,0,0,0
0,18,expert,299.770407,299.933931,0.163524,280887296,0,0,16,0
0,18,compute,299.711393,300.071129,0.359736,0,0,0,0,0
0,19,trunk,300.071130,300.074576,0.003446,0,-73,0,0,0
0,19,expert,300.108107,300.272035,0.163927,280887296,0,0,16,0
0,19,compute,300.074578,300.390210,0.315632,0,0,0,0,0
0,20,trunk,300.390212,300.393660,0.003449,0,-72,0,0,0
0,20,expert,300.450609,300.612196,0.161587,280887296,0,0,16,0
0,20,compute,300.393662,300.734190,0.340528,0,0,0,0,0
0,21,trunk,300.734192,300.737743,0.003552,0,-71,0,0,0
0,21,expert,300.801176,301.325677,0.524501,280887296,0,0,16,0
0,21,compute,300.737765,301.440090,0.702326,0,0,0,0,0
0,22,trunk,301.440092,301.443563,0.003471,645562368,-71,1,0,0
0,22,expert,301.504337,301.884897,0.380560,280887296,0,0,16,0
0,22,compute,301.443585,302.002234,0.558648,0,0,0,0,0
0,23,trunk,302.002236,302.005692,0.003457,431890432,-72,1,0,0
0,23,expert,302.045519,302.553262,0.507744,280887296,0,0,16,0
0,23,compute,302.005731,302.670334,0.664603,0,0,0,0,0
0,24,trunk,302.670336,302.673694,0.003359,645562368,-73,1,0,0
0,24,expert,302.740185,303.316578,0.576393,280887296,0,0,16,0
0,24,compute,302.673731,303.414601,0.740870,0,0,0,0,0
0,25,trunk,303.414603,303.418201,0.003597,645562368,-74,1,0,0
0,25,expert,303.480376,304.076071,0.595695,280887296,0,0,16,0
0,25,compute,303.418220,304.180902,0.762681,0,0,0,0,0
0,26,trunk,304.180903,304.184460,0.003557,645562368,-75,1,0,0
0,26,expert,304.252148,304.666729,0.414580,280887296,0,0,16,0
0,26,compute,304.184495,304.782308,0.597814,0,0,0,0,0
0,27,trunk,304.782330,304.785769,0.003439,431890432,-76,1,0,0
0,27,expert,304.833002,305.338357,0.505356,280887296,0,0,16,0
0,27,compute,304.785824,305.450165,0.664341,0,0,0,0,0
0,28,trunk,305.450167,305.453603,0.003436,645562368,-77,1,0,0
0,28,expert,305.516452,306.002995,0.486543,280887296,0,0,16,0
0,28,compute,305.453630,306.122212,0.668581,0,0,0,0,0
0,29,trunk,306.122214,306.125844,0.003630,645562368,-78,1,0,0
0,29,expert,306.190595,306.722717,0.532122,280887296,0,0,16,0
0,29,compute,306.125866,306.834305,0.708439,0,0,0,0,0
0,30,trunk,306.834307,306.837734,0.003427,645562368,-79,1,0,0
0,30,expert,306.898357,307.307492,0.409135,280887296,0,0,16,0
0,30,compute,306.837762,307.446291,0.608529,0,0,0,0,0
0,31,trunk,307.446293,307.449898,0.003605,431890432,-80,1,0,0
0,31,expert,307.488207,308.079373,0.591166,280887296,0,0,16,0
0,31,compute,307.449961,308.194300,0.744340,0,0,0,0,0
0,32,trunk,308.194302,308.197745,0.003444,645562368,-81,1,0,0
0,32,expert,308.258826,308.856207,0.597380,280887296,0,0,16,0
0,32,compute,308.197767,308.974950,0.777184,0,0,0,0,0
0,33,trunk,308.974955,308.978658,0.003703,645562368,-82,1,0,0
0,33,expert,309.051125,309.648870,0.597745,280887296,0,0,16,0
0,33,compute,308.978680,309.762191,0.783511,0,0,0,0,0
0,34,trunk,309.762192,309.765610,0.003417,645562368,-83,1,0,0
0,34,expert,309.823025,310.238166,0.415141,280887296,0,0,16,0
0,34,compute,309.765653,310.354256,0.588603,0,0,0,0,0
0,35,trunk,310.354258,310.357838,0.003580,431890432,-84,1,0,0
0,35,expert,310.399245,311.007928,0.608683,280887296,0,0,16,0
0,35,compute,310.357875,311.109137,0.751262,0,0,0,0,0
0,36,trunk,311.109139,311.112798,0.003658,645562368,-85,1,0,0
0,36,expert,311.174800,311.760810,0.586010,280887296,0,0,16,0
0,36,compute,311.112816,311.865722,0.752906,0,0,0,0,0
0,37,trunk,311.865724,311.869316,0.003592,645562368,-86,1,0,0
0,37,expert,311.930070,312.489529,0.559459,280887296,0,0,16,0
0,37,compute,311.869342,312.597079,0.727737,0,0,0,0,0
0,38,trunk,312.597081,312.600505,0.003424,645562368,-87,1,0,0
0,38,expert,312.657709,313.074349,0.416641,280887296,0,0,16,0
0,38,compute,312.600523,313.175405,0.574882,0,0,0,0,0
0,39,trunk,313.175407,313.178837,0.003430,431890432,-88,1,0,0
0,39,expert,313.220891,313.814504,0.593614,280887296,0,0,16,0
0,39,compute,313.178859,313.930211,0.751352,0,0,0,0,0
0,40,trunk,313.930213,313.933790,0.003577,645562368,-89,1,0,0
0,40,expert,314.000515,314.571482,0.570968,280887296,0,0,16,0
0,40,compute,313.939691,314.678158,0.738467,0,0,0,0,0
0,41,trunk,314.678160,314.681530,0.003370,645562368,-90,1,0,0
0,41,expert,314.743665,315.282248,0.538583,280887296,0,0,16,0
0,41,compute,314.681819,315.381110,0.699291,0,0,0,0,0
0,42,trunk,315.381112,315.384579,0.003467,645562368,-91,1,0,0
0,42,expert,315.442242,315.869833,0.427590,280887296,0,0,16,0
0,42,compute,315.384599,315.966922,0.582323,0,0,0,0,0
0,43,trunk,315.966924,315.970298,0.003374,431890432,-92,1,0,0
0,43,expert,316.008318,316.614086,0.605769,280887296,0,0,16,0
0,43,compute,315.970321,316.718732,0.748411,0,0,0,0,0
0,44,trunk,316.718734,316.722042,0.003308,645562368,-93,1,0,0
0,44,expert,316.786452,317.340244,0.553792,280887296,0,0,16,0
0,44,compute,316.722062,317.457099,0.735036,0,0,0,0,0
0,45,trunk,317.457100,317.460659,0.003559,645562368,-94,1,0,0
0,45,expert,317.524588,318.103973,0.579385,280887296,0,0,16,0
0,45,compute,317.460679,318.243004,0.782325,0,0,0,0,0
0,46,trunk,318.243006,318.246308,0.003302,645562368,-95,1,0,0
0,46,expert,318.309557,318.750405,0.440848,280887296,0,0,16,0
0,46,compute,318.246328,318.862165,0.615837,0,0,0,0,0
0,47,trunk,318.862167,318.865706,0.003539,431890432,-96,1,0,0
0,47,expert,318.906653,319.503175,0.596522,280887296,0,0,16,0
0,47,compute,318.865733,319.600555,0.734822,0,0,0,0,0
0,48,trunk,319.600556,319.603890,0.003333,645562368,-97,1,0,0
0,48,expert,319.666905,320.248916,0.582011,280887296,0,0,16,0
0,48,compute,319.603926,320.382653,0.778727,0,0,0,0,0
0,49,trunk,320.382655,320.386211,0.003556,645562368,-98,1,0,0
0,49,expert,320.446137,321.073146,0.627009,280887296,0,0,16,0
0,49,compute,320.386232,321.194249,0.808017,0,0,0,0,0
0,50,trunk,321.194250,321.197610,0.003360,645562368,-99,1,0,0
0,50,expert,321.257588,321.699045,0.441457,280887296,0,0,16,0
0,50,compute,321.197651,321.815010,0.617359,0,0,0,0,0
0,51,trunk,321.815012,321.818394,0.003381,431890432,-100,1,0,0
0,51,expert,321.860467,322.450979,0.590513,280887296,0,0,16,0
0,51,compute,321.818478,322.553127,0.734649,0,0,0,0,0
0,52,trunk,322.553129,322.556572,0.003444,645562368,-101,1,0,0
0,52,expert,322.620605,323.198557,0.577952,280887296,0,0,16,0
0,52,compute,322.556606,323.314296,0.757689,0,0,0,0,0
0,53,trunk,323.314298,323.317836,0.003538,645562368,-102,1,0,0
0,53,expert,323.380417,323.954128,0.573711,280887296,0,0,16,0
0,53,compute,323.317870,324.074215,0.756345,0,0,0,0,0
0,54,trunk,324.074217,324.077942,0.003725,645562368,-103,1,0,0
0,54,expert,324.146560,324.578131,0.431571,280887296,0,0,16,0
0,54,compute,324.077966,324.694623,0.616658,0,0,0,0,0
0,55,trunk,324.694625,324.698221,0.003596,431890432,-104,1,0,0
0,55,expert,324.738993,325.283000,0.544007,280887296,0,0,16,0
0,55,compute,324.698246,325.394692,0.696447,0,0,0,0,0
0,56,trunk,325.394694,325.398095,0.003401,645562368,-105,1,0,0
0,56,expert,325.460141,325.937835,0.477694,280887296,0,0,16,0
0,56,compute,325.398115,326.058314,0.660199,0,0,0,0,0
0,57,trunk,326.058316,326.061850,0.003534,645562368,-106,1,0,0
0,57,expert,326.125896,326.653667,0.527771,280887296,0,0,16,0
0,57,compute,326.061873,326.771091,0.709218,0,0,0,0,0
0,58,trunk,326.771112,326.774573,0.003461,645562368,-107,1,0,0
0,58,expert,326.837605,327.218941,0.381336,280887296,0,0,16,0
0,58,compute,326.774595,327.334223,0.559628,0,0,0,0,0
0,59,trunk,327.334224,327.337599,0.003375,431890432,-108,1,0,0
0,59,expert,327.380155,327.934836,0.554681,280887296,0,0,16,0
0,59,compute,327.337620,328.037839,0.700218,0,0,0,0,0
0,60,trunk,328.037840,328.041374,0.003533,645562368,-109,1,0,0
0,60,expert,328.100548,328.702883,0.602335,280887296,0,0,16,0
0,60,compute,328.041404,328.818551,0.777147,0,0,0,0,0
0,61,trunk,328.818553,328.822768,0.004215,645562368,-110,1,0,0
0,61,expert,328.887202,329.420473,0.533272,280887296,0,0,16,0
0,61,compute,328.822791,329.522758,0.699966,0,0,0,0,0
0,62,trunk,329.522759,329.526206,0.003447,645562368,-111,1,0,0
0,62,expert,329.586950,329.982887,0.395936,280887296,0,0,16,0
0,62,compute,329.526230,330.098457,0.572227,0,0,0,0,0
0,63,trunk,330.098459,330.102214,0.003755,431890432,-112,1,0,0
0,63,expert,330.156780,330.726698,0.569918,280887296,0,0,16,0
0,63,compute,330.102271,330.838247,0.735976,0,0,0,0,0
0,64,trunk,330.838250,330.841661,0.003411,645562368,-113,1,0,0
0,64,expert,330.904589,331.458772,0.554183,280887296,0,0,16,0
0,64,compute,330.841681,331.561238,0.719557,0,0,0,0,0
0,65,trunk,331.561240,331.564639,0.003399,645562368,-114,1,0,0
0,65,expert,331.626292,332.175422,0.549130,280887296,0,0,16,0
0,65,compute,331.564659,332.291006,0.726346,0,0,0,0,0
0,66,trunk,332.291008,332.294428,0.003420,645562368,-115,1,0,0
0,66,expert,332.354347,332.767641,0.413293,280887296,0,0,16,0
0,66,compute,332.294449,332.874195,0.579746,0,0,0,0,0
0,67,trunk,332.874197,332.877806,0.003609,431890432,-116,1,0,0
0,67,expert,332.916971,333.468247,0.551276,280887296,0,0,16,0
0,67,compute,332.877833,333.586210,0.708377,0,0,0,0,0
0,68,trunk,333.586212,333.589589,0.003377,645562368,-117,1,0,0
0,68,expert,333.651234,334.183146,0.531911,280887296,0,0,16,0
0,68,compute,333.589610,334.295080,0.705471,0,0,0,0,0
0,69,trunk,334.295083,334.298831,0.003748,645562368,-118,1,0,0
0,69,expert,334.362590,334.903212,0.540622,280887296,0,0,16,0
0,69,compute,334.298854,335.014424,0.715570,0,0,0,0,0
0,70,trunk,335.014426,335.017858,0.003432,645562368,-119,1,0,0
0,70,expert,335.073998,335.468330,0.394333,280887296,0,0,16,0
0,70,compute,335.017888,335.587043,0.569155,0,0,0,0,0
0,71,trunk,335.587046,335.590435,0.003389,431890432,-120,1,0,0
0,71,expert,335.633458,336.211065,0.577607,280887296,0,0,16,0
0,71,compute,335.590456,336.318165,0.727709,0,0,0,0,0
0,72,trunk,336.318166,336.321617,0.003451,645562368,-121,1,0,0
0,72,expert,336.386373,336.939312,0.552939,280887296,0,0,16,0
0,72,compute,336.321636,337.050163,0.728526,0,0,0,0,0
0,73,trunk,337.050165,337.053558,0.003393,645562368,-122,1,0,0
0,73,expert,337.113187,337.552577,0.439390,280887296,0,0,16,0
0,73,compute,337.053578,337.657545,0.603966,0,0,0,0,0
0,74,trunk,337.657546,337.700803,0.043256,645562368,-123,1,0,0
0,74,expert,337.764255,338.153649,0.389394,280887296,0,0,16,0
0,74,compute,337.700846,338.272042,0.571197,0,0,0,0,0
0,75,trunk,338.272045,338.275473,0.003429,431890432,-124,1,0,0
0,75,expert,338.314126,338.899694,0.585569,280887296,0,0,16,0
0,75,compute,338.275498,339.030466,0.754968,0,0,0,0,0
0,76,trunk,339.030489,339.033950,0.003461,645562368,-125,1,0,0
0,76,expert,339.097021,339.635128,0.538106,280887296,0,0,16,0
0,76,compute,339.033978,339.750691,0.716714,0,0,0,0,0
0,77,trunk,339.750694,339.754318,0.003624,645562368,-126,1,0,0
0,77,expert,339.817728,340.407717,0.589988,280887296,0,0,16,0
0,77,compute,339.754348,340.513669,0.759321,0,0,0,0,0
0,78,trunk,340.513671,340.517236,0.003565,645562368,-127,1,0,0
0,78,expert,340.578232,340.978349,0.400117,280887296,0,0,16,0
0,78,compute,340.517256,341.094244,0.576988,0,0,0,0,0
0,79,trunk,341.094245,341.097646,0.003400,431890432,-128,1,0,0
0,79,expert,341.137097,341.713366,0.576270,280887296,0,0,16,0
0,79,compute,341.097668,341.830189,0.732521,0,0,0,0,0
0,80,trunk,341.830191,341.833495,0.003304,645562368,-129,1,0,0
0,80,expert,341.896431,342.429962,0.533531,280887296,0,0,16,0
0,80,compute,341.833568,342.542464,0.708896,0,0,0,0,0
0,81,trunk,342.542466,342.546013,0.003547,645562368,-130,1,0,0
0,81,expert,342.608209,343.163385,0.555176,280887296,0,0,16,0
0,81,compute,342.546050,343.275038,0.728989,0,0,0,0,0
0,82,trunk,343.275041,343.278321,0.003280,645562368,-131,1,0,0
0,82,expert,343.340594,343.744433,0.403839,280887296,0,0,16,0
0,82,compute,343.278342,343.842801,0.564460,0,0,0,0,0
0,83,trunk,343.842803,343.846290,0.003487,431890432,-132,1,0,0
0,83,expert,343.888689,344.427369,0.538680,280887296,0,0,16,0
0,83,compute,343.846313,344.554207,0.707893,0,0,0,0,0
0,84,trunk,344.554209,344.557608,0.003399,645562368,-133,1,0,0
0,84,expert,344.620361,345.180898,0.560537,280887296,0,0,16,0
0,84,compute,344.557628,345.298423,0.740795,0,0,0,0,0
0,85,trunk,345.298426,345.302359,0.003934,645562368,-134,1,0,0
0,85,expert,345.370948,345.909545,0.538597,280887296,0,0,16,0
0,85,compute,345.302381,346.022197,0.719816,0,0,0,0,0
0,86,trunk,346.022199,346.025529,0.003330,645562368,-135,1,0,0
0,86,expert,346.086269,346.483388,0.397120,280887296,0,0,16,0
0,86,compute,346.025630,346.598221,0.572590,0,0,0,0,0
0,87,trunk,346.598222,346.601836,0.003614,431890432,-136,1,0,0
0,87,expert,346.644192,347.163069,0.518877,280887296,0,0,16,0
0,87,compute,346.601860,347.265972,0.664112,0,0,0,0,0
0,88,trunk,347.265974,347.269389,0.003415,645562368,-137,1,0,0
0,88,expert,347.331401,347.878502,0.547102,280887296,0,0,16,0
0,88,compute,347.269410,347.994295,0.724884,0,0,0,0,0
0,89,trunk,347.994296,347.997713,0.003417,645562368,-138,1,0,0
0,89,expert,348.065900,348.626000,0.560100,280887296,0,0,16,0
0,89,compute,347.997733,348.738164,0.740430,0,0,0,0,0
0,90,trunk,348.738166,348.741121,0.002955,645562368,-139,1,0,0
0,90,expert,348.803839,349.195502,0.391662,280887296,0,0,16,0
0,90,compute,348.741185,349.310924,0.569739,0,0,0,0,0
0,91,trunk,349.310927,349.314696,0.003769,431890432,-140,1,0,0
0,91,expert,349.355900,349.771810,0.415909,280887296,0,0,16,0
0,91,compute,349.314717,349.904076,0.589359,0,0,0,0,0
0,92,trunk,349.904078,349.907893,0.003815,431890432,-141,1,0,0
0,92,expert,349.946626,350.118054,0.171428,280887296,0,0,16,0
0,92,compute,349.907894,350.231046,0.323152,0,0,0,0,0
0,0,trunk,350.333023,350.333067,0.000044,0,-141,0,0,0
0,0,compute,350.333068,350.445963,0.112895,0,0,0,0,0
0,1,trunk,350.445964,350.449564,0.003600,0,-140,0,0,0
0,1,expert,350.506488,350.665687,0.159199,280887296,0,0,16,0
0,1,compute,350.449566,350.769632,0.320066,0,0,0,0,0
0,2,trunk,350.769634,350.773250,0.003617,0,-139,0,0,0
0,2,expert,350.831121,350.990040,0.158918,263331840,0,0,15,0
0,2,compute,350.773252,351.110532,0.337280,0,0,0,0,0
0,3,trunk,351.110534,351.114137,0.003602,0,-138,0,0,0
0,3,expert,351.148107,351.278033,0.129926,228220928,0,0,13,0
0,3,compute,351.114138,351.410509,0.296371,0,0,0,0,0
0,4,trunk,351.410511,351.414197,0.003686,0,-137,0,0,0
0,4,expert,351.471949,351.619998,0.148049,263331840,0,0,15,0
0,4,compute,351.414199,351.726215,0.312016,0,0,0,0,0
0,5,trunk,351.726217,351.729907,0.003691,0,-136,0,0,0
0,5,expert,351.784599,351.944875,0.160276,280887296,0,0,16,0
0,5,compute,351.729909,352.062188,0.332278,0,0,0,0,0
0,6,trunk,352.062190,352.065792,0.003603,0,-135,0,0,0
0,6,expert,352.121436,352.278280,0.156844,263331840,0,0,15,0
0,6,compute,352.065794,352.398488,0.332694,0,0,0,0,0
0,7,trunk,352.398489,352.402623,0.004134,0,-134,0,0,0
0,7,expert,352.445258,352.593564,0.148306,263331840,0,0,15,0
0,7,compute,352.402625,352.711073,0.308448,0,0,0,0,0
0,8,trunk,352.711074,352.714446,0.003371,0,-133,0,0,0
0,8,expert,352.770358,352.926968,0.156611,280887296,0,0,16,0
0,8,compute,352.714448,353.046183,0.331735,0,0,0,0,0
0,9,trunk,353.046185,353.049495,0.003310,0,-132,0,0,0
0,9,expert,353.108496,353.258875,0.150379,263331840,0,0,15,0
0,9,compute,353.049497,353.378383,0.328886,0,0,0,0,0
0,10,trunk,353.378384,353.381773,0.003389,0,-131,0,0,0
0,10,expert,353.451488,353.604410,0.152922,263331840,0,0,15,0
0,10,compute,353.381775,353.722192,0.340417,0,0,0,0,0
0,11,trunk,353.722195,353.725686,0.003491,0,-130,0,0,0
0,11,expert,353.769170,353.915882,0.146711,263331840,0,0,15,0
0,11,compute,353.725688,354.038205,0.312517,0,0,0,0,0
0,12,trunk,354.038206,354.041810,0.003604,0,-129,0,0,0
0,12,expert,354.105447,354.255629,0.150182,263331840,0,0,15,0
0,12,compute,354.041811,354.386244,0.344432,0,0,0,0,0
0,13,trunk,354.386245,354.389645,0.003400,0,-128,0,0,0
0,13,expert,354.458463,354.626826,0.168363,280887296,0,0,16,0
0,13,compute,354.389647,354.742254,0.352607,0,0,0,0,0
0,14,trunk,354.742255,354.745893,0.003638,0,-127,0,0,0
0,14,expert,354.804514,354.954659,0.150145,263331840,0,0,15,0
0,14,compute,354.745895,355.070403,0.324509,0,0,0,0,0
0,15,trunk,355.070405,355.073824,0.003419,0,-126,0,0,0
0,15,expert,355.108441,355.266484,0.158042,280887296,0,0,16,0
0,15,compute,355.073825,355.375012,0.301187,0,0,0,0,0
0,16,trunk,355.375014,355.378647,0.003633,0,-125,0,0,0
0,16,expert,355.447255,355.597105,0.149850,263331840,0,0,15,0
0,16,compute,355.378649,355.710361,0.331712,0,0,0,0,0
0,17,trunk,355.710362,355.713721,0.003359,0,-124,0,0,0
0,17,expert,355.776685,355.937563,0.160878,280887296,0,0,16,0
0,17,compute,355.713723,356.044387,0.330665,0,0,0,0,0
0,18,trunk,356.044389,356.047867,0.003478,0,-123,0,0,0
0,18,expert,356.111498,356.271743,0.160245,280887296,0,0,16,0
0,18,compute,356.047868,356.378203,0.330335,0,0,0,0,0
0,19,trunk,356.378205,356.382059,0.003854,0,-122,0,0,0
0,19,expert,356.421729,356.583677,0.161948,280887296,0,0,16,0
0,19,compute,356.382061,356.698311,0.316249,0,0,0,0,0
0,20,trunk,356.698312,356.701794,0.003482,0,-121,0,0,0
0,20,expert,356.762301,356.919194,0.156893,280887296,0,0,16,0
0,20,compute,356.701796,357.034457,0.332660,0,0,0,0,0
0,21,trunk,357.034458,357.037875,0.003417,0,-120,0,0,0
0,21,expert,357.102278,357.593962,0.491684,280887296,0,0,16,0
0,21,compute,357.037895,357.706202,0.668307,0,0,0,0,0
0,22,trunk,357.706203,357.709846,0.003643,645562368,-120,1,0,0
0,22,expert,357.772445,358.140974,0.368528,280887296,0,0,16,0
0,22,compute,357.709879,358.254216,0.544337,0,0,0,0,0
0,23,trunk,358.254218,358.257730,0.003512,431890432,-121,1,0,0
0,23,expert,358.301987,358.772333,0.470346,263331840,0,0,15,0
0,23,compute,358.257753,358.875994,0.618241,0,0,0,0,0
0,24,trunk,358.875995,358.879516,0.003521,645562368,-122,1,0,0
0,24,expert,358.941780,359.452618,0.510838,228220928,0,0,13,0
0,24,compute,358.879539,359.566325,0.686786,0,0,0,0,0
0,25,trunk,359.566327,359.569800,0.003474,645562368,-123,1,0,0
0,25,expert,359.632979,360.153828,0.520850,263331840,0,0,15,0
0,25,compute,359.569821,360.262261,0.692440,0,0,0,0,0
0,26,trunk,360.262263,360.265714,0.003451,645562368,-124,1,0,0
0,26,expert,360.335524,360.691032,0.355508,263331840,0,0,15,0
0,26,compute,360.265749,360.807013,0.541264,0,0,0,0,0
0,27,trunk,360.807015,360.810523,0.003508,431890432,-125,1,0,0
0,27,expert,360.857125,361.335899,0.478775,280887296,0,0,16,0
0,27,compute,360.810548,361.433435,0.622886,0,0,0,0,0
0,28,trunk,361.433437,361.436892,0.003455,645562368,-126,1,0,0
0,28,expert,361.506023,361.944325,0.438301,263331840,0,0,15,0
0,28,compute,361.436911,362.040895,0.603983,0,0,0,0,0
0,29,trunk,362.040897,362.044376,0.003479,645562368,-127,1,0,0
0,29,expert,362.110254,362.611487,0.501233,280887296,0,0,16,0
0,29,compute,362.044394,362.738207,0.693812,0,0,0,0,0
0,30,trunk,362.738209,362.741733,0.003524,645562368,-128,1,0,0
0,30,expert,362.805638,363.203113,0.397475,280887296,0,0,16,0
0,30,compute,362.741757,363.322872,0.581115,0,0,0,0,0
0,31,trunk,363.322875,363.326450,0.003575,431890432,-129,1,0,0
0,31,expert,363.386116,363.931592,0.545477,280887296,0,0,16,0
0,31,compute,363.326488,364.055138,0.728650,0,0,0,0,0
0,32,trunk,364.055166,364.059119,0.003953,645562368,-130,1,0,0
0,32,expert,364.131477,364.656933,0.525456,245776384,0,0,14,0
0,32,compute,364.059148,364.782950,0.723802,0,0,0,0,0
0,33,trunk,364.782952,364.786775,0.003823,645562368,-131,1,0,0
0,33,expert,364.854905,365.392533,0.537628,263331840,0,0,15,0
0,33,compute,364.786816,365.518514,0.731698,0,0,0,0,0
0,34,trunk,365.518516,365.522355,0.003839,645562368,-132,1,0,0
0,34,expert,365.594093,365.980375,0.386282,280887296,0,0,16,0
0,34,compute,365.522379,366.089981,0.567601,0,0,0,0,0
0,35,trunk,366.089983,366.093737,0.003755,431890432,-133,1,0,0
0,35,expert,366.135164,366.711724,0.576560,280887296,0,0,16,0
0,35,compute,366.093758,366.838226,0.744468,0,0,0,0,0
0,36,trunk,366.838228,366.842026,0.003798,645562368,-134,1,0,0
0,36,expert,366.905055,367.432326,0.527271,245776384,0,0,14,0
0,36,compute,366.842064,367.532089,0.690025,0,0,0,0,0
0,37,trunk,367.532091,367.535580,0.003489,645562368,-135,1,0,0
0,37,expert,367.601233,368.165235,0.564003,280887296,0,0,16,0
0,37,compute,367.535604,368.278245,0.742640,0,0,0,0,0
0,38,trunk,368.278247,368.281822,0.003575,645562368,-136,1,0,0
0,38,expert,368.344585,368.888621,0.544036,280887296,0,0,16,0
0,38,compute,368.281868,369.007033,0.725165,0,0,0,0,0
0,39,trunk,369.007034,369.011145,0.004110,431890432,-137,1,0,0
0,39,expert,369.058170,369.807162,0.748992,280887296,0,0,16,0
0,39,compute,369.011191,369.914207,0.903015,0,0,0,0,0
0,40,trunk,369.914209,369.917609,0.003400,645562368,-138,1,0,0
0,40,expert,369.980691,370.763684,0.782992,280887296,0,0,16,0
0,40,compute,369.917629,370.882393,0.964764,0,0,0,0,0
0,41,trunk,370.882395,370.886150,0.003755,645562368,-139,1,0,0
0,41,expert,370.948872,371.693081,0.744209,280887296,0,0,16,0
0,41,compute,370.886187,371.812270,0.926083,0,0,0,0,0
0,42,trunk,371.812272,371.815606,0.003334,645562368,-140,1,0,0
0,42,expert,371.877255,372.447644,0.570389,280887296,0,0,16,0
0,42,compute,371.815631,372.550304,0.734673,0,0,0,0,0
0,43,trunk,372.550306,372.553899,0.003593,431890432,-141,1,0,0
0,43,expert,372.601107,373.400413,0.799305,280887296,0,0,16,0
0,43,compute,372.553944,373.518190,0.964246,0,0,0,0,0
0,44,trunk,373.518192,373.521564,0.003372,645562368,-142,1,0,0
0,44,expert,373.580777,374.352667,0.771890,280887296,0,0,16,0
0,44,compute,373.521625,374.450837,0.929212,0,0,0,0,0
0,45,trunk,374.450839,374.454298,0.003459,645562368,-143,1,0,0
0,45,expert,374.516918,375.281672,0.764754,280887296,0,0,16,0
0,45,compute,374.454317,375.398231,0.943914,0,0,0,0,0
0,46,trunk,375.398233,375.401872,0.003639,645562368,-144,1,0,0
0,46,expert,375.465795,376.031603,0.565808,263331840,0,0,15,0
0,46,compute,375.401932,376.127148,0.725216,0,0,0,0,0
0,47,trunk,376.127149,376.130558,0.003409,431890432,-145,1,0,0
0,47,expert,376.173014,376.914662,0.741647,263331840,0,0,15,0
0,47,compute,376.130610,377.026223,0.895614,0,0,0,0,0
0,48,trunk,377.026225,377.029702,0.003477,645562368,-146,1,0,0
0,48,expert,377.095498,377.826049,0.730552,263331840,0,0,15,0
0,48,compute,377.029722,377.939032,0.909310,0,0,0,0,0
0,49,trunk,377.939034,377.942493,0.003459,645562368,-147,1,0,0
0,49,expert,378.006938,378.768410,0.761472,263331840,0,0,15,0
0,49,compute,377.942516,378.869890,0.927374,0,0,0,0,0
0,50,trunk,378.869893,378.873428,0.003536,645562368,-148,1,0,0
0,50,expert,378.931575,379.514631,0.583056,280887296,0,0,16,0
0,50,compute,378.873448,379.630192,0.756743,0,0,0,0,0
0,51,trunk,379.630194,379.633876,0.003682,431890432,-149,1,0,0
0,51,expert,379.696689,380.423680,0.726991,280887296,0,0,16,0
0,51,compute,379.633901,380.538290,0.904388,0,0,0,0,0
0,52,trunk,380.538291,380.541752,0.003460,645562368,-150,1,0,0
0,52,expert,380.602968,381.337540,0.734571,280887296,0,0,16,0
0,52,compute,380.541776,381.461322,0.919546,0,0,0,0,0
0,53,trunk,381.461324,381.464687,0.003363,645562368,-151,1,0,0
0,53,expert,381.523270,382.252682,0.729412,263331840,0,0,15,0
0,53,compute,381.464707,382.372547,0.907840,0,0,0,0,0
0,54,trunk,382.372549,382.375899,0.003350,645562368,-152,1,0,0
0,54,expert,382.437206,383.006215,0.569009,280887296,0,0,16,0
0,54,compute,382.375921,383.130161,0.754240,0,0,0,0,0
0,55,trunk,383.130163,383.133594,0.003431,431890432,-153,1,0,0
0,55,expert,383.172974,383.932187,0.759213,280887296,0,0,16,0
0,55,compute,383.133615,384.041358,0.907743,0,0,0,0,0
0,56,trunk,384.041360,384.045537,0.004177,645562368,-154,1,0,0
0,56,expert,384.108468,384.859854,0.751386,280887296,0,0,16,0
0,56,compute,384.045604,384.981055,0.935451,0,0,0,0,0
0,57,trunk,384.981057,384.984441,0.003384,645562368,-155,1,0,0
0,57,expert,385.042527,385.812327,0.769800,280887296,0,0,16,0
0,57,compute,384.984459,385.950212,0.965753,0,0,0,0,0
0,58,trunk,385.950215,385.953670,0.003455,645562368,-156,1,0,0
0,58,expert,386.013229,386.588476,0.575247,280887296,0,0,16,0
0,58,compute,385.953690,386.702196,0.748506,0,0,0,0,0
0,59,trunk,386.702198,386.705773,0.003575,431890432,-157,1,0,0
0,59,expert,386.752572,387.525507,0.772934,280887296,0,0,16,0
0,59,compute,386.705795,387.638387,0.932592,0,0,0,0,0
0,60,trunk,387.638389,387.641933,0.003544,645562368,-158,1,0,0
0,60,expert,387.704496,388.535154,0.830658,280887296,0,0,16,0
0,60,compute,387.641954,388.642705,1.000751,0,0,0,0,0
0,61,trunk,388.642707,388.646335,0.003629,645562368,-159,1,0,0
0,61,expert,388.708774,389.464095,0.755322,280887296,0,0,16,0
0,61,compute,388.646357,389.562851,0.916494,0,0,0,0,0
0,62,trunk,389.562853,389.566309,0.003456,645562368,-160,1,0,0
0,62,expert,389.629023,390.175734,0.546711,280887296,0,0,16,0
0,62,compute,389.566332,390.273262,0.706930,0,0,0,0,0
0,63,trunk,390.273265,390.276783,0.003519,431890432,-161,1,0,0
0,63,expert,390.316172,391.087521,0.771349,280887296,0,0,16,0
0,63,compute,390.276803,391.189675,0.912872,0,0,0,0,0
0,64,trunk,391.189677,391.193137,0.003459,645562368,-162,1,0,0
0,64,expert,391.257633,392.031541,0.773908,280887296,0,0,16,0
0,64,compute,391.193158,392.146243,0.953085,0,0,0,0,0
0,65,trunk,392.146245,392.149896,0.003652,645562368,-163,1,0,0
0,65,expert,392.212822,392.968314,0.755492,280887296,0,0,16,0
0,65,compute,392.150116,393.069800,0.919684,0,0,0,0,0
0,66,trunk,393.069802,393.073518,0.003716,645562368,-164,1,0,0
0,66,expert,393.132278,393.711460,0.579182,280887296,0,0,16,0
0,66,compute,393.073543,393.826457,0.752914,0,0,0,0,0
0,67,trunk,393.826459,393.829893,0.003434,431890432,-165,1,0,0
0,67,expert,393.869221,394.657484,0.788264,280887296,0,0,16,0
0,67,compute,393.835090,394.770220,0.935130,0,0,0,0,0
0,68,trunk,394.770222,394.773630,0.003409,645562368,-166,1,0,0
0,68,expert,394.844446,395.571751,0.727304,280887296,0,0,16,0
0,68,compute,394.778428,395.691240,0.912812,0,0,0,0,0
0,69,trunk,395.691242,395.695404,0.004162,645562368,-167,1,0,0
0,69,expert,395.760743,396.528891,0.768147,280887296,0,0,16,0
0,69,compute,395.700861,396.646193,0.945332,0,0,0,0,0
0,70,trunk,396.646195,396.649814,0.003619,645562368,-168,1,0,0
0,70,expert,396.711143,397.265318,0.554174,280887296,0,0,16,0
0,70,compute,396.653663,397.378291,0.724628,0,0,0,0,0
0,71,trunk,397.378293,397.381786,0.003493,431890432,-169,1,0,0
0,71,expert,397.420290,398.233563,0.813274,280887296,0,0,16,0
0,71,compute,397.386995,398.358382,0.971387,0,0,0,0,0
0,72,trunk,398.358383,398.361994,0.003611,645562368,-170,1,0,0
0,72,expert,398.424257,399.193160,0.768903,280887296,0,0,16,0
0,72,compute,398.367339,399.306279,0.938939,0,0,0,0,0
0,73,trunk,399.306281,399.309892,0.003611,645562368,-171,1,0,0
0,73,expert,399.367276,400.136115,0.768839,280887296,0,0,16,0
0,73,compute,399.309967,400.251003,0.941036,0,0,0,0,0
0,74,trunk,400.251005,400.254248,0.003243,645562368,-172,1,0,0
0,74,expert,400.311619,400.878208,0.566590,280887296,0,0,16,0
0,74,compute,400.254272,400.990525,0.736253,0,0,0,0,0
0,75,trunk,400.990559,400.994634,0.004075,431890432,-173,1,0,0
0,75,expert,401.032569,401.806488,0.773919,280887296,0,0,16,0
0,75,compute,400.994661,401.924039,0.929378,0,0,0,0,0
0,76,trunk,401.924041,401.927439,0.003398,645562368,-174,1,0,0
0,76,expert,401.991414,402.722284,0.730870,280887296,0,0,16,0
0,76,compute,401.927461,402.839061,0.911600,0,0,0,0,0
0,77,trunk,402.839062,402.842425,0.003362,645562368,-175,1,0,0
0,77,expert,402.906815,403.657108,0.750293,280887296,0,0,16,0
0,77,compute,402.842447,403.772036,0.929589,0,0,0,0,0
0,78,trunk,403.772038,403.775411,0.003373,645562368,-176,1,0,0
0,78,expert,403.835824,404.403072,0.567248,280887296,0,0,16,0
0,78,compute,403.776253,404.522218,0.745965,0,0,0,0,0
0,79,trunk,404.522220,404.525747,0.003527,431890432,-177,1,0,0
0,79,expert,404.563625,405.251444,0.687819,280887296,0,0,16,0
0,79,compute,404.525771,405.357484,0.831713,0,0,0,0,0
0,80,trunk,405.357486,405.360895,0.003409,645562368,-178,1,0,0
0,80,expert,405.421667,406.172258,0.750590,280887296,0,0,16,0
0,80,compute,405.360914,406.286156,0.925242,0,0,0,0,0
0,81,trunk,406.286158,406.289623,0.003466,645562368,-179,1,0,0
0,81,expert,406.350863,407.102311,0.751448,263331840,0,0,15,0
0,81,compute,406.289645,407.238209,0.948564,0,0,0,0,0
0,82,trunk,407.238211,407.241646,0.003435,645562368,-180,1,0,0
0,82,expert,407.303114,407.876506,0.573392,280887296,0,0,16,0
0,82,compute,407.241712,407.994201,0.752489,0,0,0,0,0
0,83,trunk,407.994203,407.997960,0.003757,431890432,-181,1,0,0
0,83,expert,408.036347,408.760843,0.724496,228220928,0,0,13,0
0,83,compute,407.997986,408.869788,0.871802,0,0,0,0,0
0,84,trunk,408.869790,408.873178,0.003388,645562368,-182,1,0,0
0,84,expert,408.941161,409.645116,0.703955,228220928,0,0,13,0
0,84,compute,408.873198,409.745929,0.872730,0,0,0,0,0
0,85,trunk,409.745931,409.749253,0.003322,645562368,-183,1,0,0
0,85,expert,409.809385,410.501487,0.692101,245776384,0,0,14,0
0,85,compute,409.749278,410.614428,0.865149,0,0,0,0,0
0,86,trunk,410.614429,410.617953,0.003524,645562368,-184,1,0,0
0,86,expert,410.678992,411.228737,0.549745,280887296,0,0,16,0
0,86,compute,410.617973,411.334125,0.716153,0,0,0,0,0
0,87,trunk,411.334127,411.337624,0.003497,431890432,-185,1,0,0
0,87,expert,411.374863,412.070104,0.695241,228220928,0,0,13,0
0,87,compute,411.337672,412.172630,0.834958,0,0,0,0,0
0,88,trunk,412.172632,412.176062,0.003429,645562368,-186,1,0,0
0,88,expert,412.239073,412.967951,0.728879,263331840,0,0,15,0
0,88,compute,412.176078,413.087039,0.910961,0,0,0,0,0
0,89,trunk,413.087041,413.090490,0.003449,645562368,-187,1,0,0
0,89,expert,413.153981,413.900390,0.746409,228220928,0,0,13,0
0,89,compute,413.090512,414.001263,0.910750,0,0,0,0,0
0,90,trunk,414.001265,414.005009,0.003744,645562368,-188,1,0,0
0,90,expert,414.064974,414.573586,0.508612,210665472,0,0,12,0
0,90,compute,414.005031,414.686166,0.681135,0,0,0,0,0
0,91,trunk,414.686168,414.689562,0.003395,431890432,-189,1,0,0
0,91,expert,414.769530,415.261072,0.491542,228220928,0,0,13,0
0,91,compute,414.689583,415.379040,0.689457,0,0,0,0,0
0,92,trunk,415.379041,415.382409,0.003367,431890432,-190,1,0,0
0,92,expert,415.419636,415.605949,0.186313,228220928,0,0,13,0
0,92,compute,415.382410,415.726204,0.343794,0,0,0,0,0
0,0,trunk,415.826737,415.826776,0.000039,0,-190,0,0,0
0,0,compute,415.826777,415.932726,0.105949,0,0,0,0,0
0,1,trunk,415.932728,415.936110,0.003382,0,-189,0,0,0
0,1,expert,415.996879,416.206170,0.209291,263331840,0,0,15,0
0,1,compute,415.936112,416.326207,0.390095,0,0,0,0,0
0,2,trunk,416.326209,416.329507,0.003299,0,-188,0,0,0
0,2,expert,416.387996,416.587011,0.199015,245776384,0,0,14,0
0,2,compute,416.329510,416.706208,0.376698,0,0,0,0,0
0,3,trunk,416.706209,416.710022,0.003813,0,-187,0,0,0
0,3,expert,416.749759,416.923900,0.174141,210665472,0,0,12,0
0,3,compute,416.710024,417.040377,0.330354,0,0,0,0,0
0,4,trunk,417.040379,417.043947,0.003568,0,-186,0,0,0
0,4,expert,417.101394,417.287816,0.186422,228220928,0,0,13,0
0,4,compute,417.043949,417.410081,0.366132,0,0,0,0,0
0,5,trunk,417.410083,417.413492,0.003409,0,-185,0,0,0
0,5,expert,417.468872,417.689367,0.220495,263331840,0,0,15,0
0,5,compute,417.413493,417.814228,0.400734,0,0,0,0,0
0,6,trunk,417.814229,417.817763,0.003533,0,-184,0,0,0
0,6,expert,417.874566,418.103754,0.229188,280887296,0,0,16,0
0,6,compute,417.817764,418.209653,0.391889,0,0,0,0,0
0,7,trunk,418.209655,418.213040,0.003385,0,-183,0,0,0
0,7,expert,418.244897,418.464043,0.219145,263331840,0,0,15,0
0,7,compute,418.213041,418.594164,0.381123,0,0,0,0,0
0,8,trunk,418.594166,418.597614,0.003448,0,-182,0,0,0
0,8,expert,418.649777,418.874874,0.225096,280887296,0,0,16,0
0,8,compute,418.597616,418.987256,0.389640,0,0,0,0,0
0,9,trunk,418.987258,418.991044,0.003786,0,-181,0,0,0
0,9,expert,419.053895,419.222614,0.168719,210665472,0,0,12,0
0,9,compute,418.991046,419.338234,0.347188,0,0,0,0,0
0,10,trunk,419.338236,419.341836,0.003601,0,-180,0,0,0
0,10,expert,419.394583,419.536550,0.141967,175554560,0,0,10,0
0,10,compute,419.341838,419.643481,0.301643,0,0,0,0,0
0,11,trunk,419.643483,419.647042,0.003559,0,-179,0,0,0
0,11,expert,419.677360,419.864155,0.186795,228220928,0,0,13,0
0,11,compute,419.647044,419.962959,0.315915,0,0,0,0,0
0,12,trunk,419.962960,419.966297,0.003337,0,-178,0,0,0
0,12,expert,420.028494,420.227196,0.198702,245776384,0,0,14,0
0,12,compute,419.966426,420.338464,0.372038,0,0,0,0,0
0,13,trunk,420.338465,420.341836,0.003371,0,-177,0,0,0
0,13,expert,420.399429,420.590650,0.191221,228220928,0,0,13,0
0,13,compute,420.341837,420.710186,0.368349,0,0,0,0,0
0,14,trunk,420.710188,420.713563,0.003375,0,-176,0,0,0
0,14,expert,420.773286,420.952017,0.178731,228220928,0,0,13,0
0,14,compute,420.713565,421.058322,0.344757,0,0,0,0,0
0,15,trunk,421.058324,421.061810,0.003486,0,-175,0,0,0
0,15,expert,421.121485,421.317370,0.195885,245776384,0,0,14,0
0,15,compute,421.061812,421.430511,0.368699,0,0,0,0,0
0,16,trunk,421.430512,421.433849,0.003337,0,-174,0,0,0
0,16,expert,421.490360,421.660249,0.169889,210665472,0,0,12,0
0,16,compute,421.433851,421.766139,0.332288,0,0,0,0,0
0,17,trunk,421.766141,421.769604,0.003463,0,-173,0,0,0
0,17,expert,421.825750,422.024481,0.198731,245776384,0,0,14,0
0,17,compute,421.769606,422.138204,0.368598,0,0,0,0,0
0,18,trunk,422.138206,422.141799,0.003593,0,-172,0,0,0
0,18,expert,422.200528,422.387192,0.186664,228220928,0,0,13,0
0,18,compute,422.141806,422.510217,0.368411,0,0,0,0,0
0,19,trunk,422.510218,422.513739,0.003521,0,-171,0,0,0
0,19,expert,422.546111,422.733682,0.187572,228220928,0,0,13,0
0,19,compute,422.513740,422.846288,0.332548,0,0,0,0,0
0,20,trunk,422.846290,422.849921,0.003631,0,-170,0,0,0
0,20,expert,422.905175,423.071086,0.165911,210665472,0,0,12,0
0,20,compute,422.849923,423.194372,0.344450,0,0,0,0,0
0,21,trunk,423.194374,423.197961,0.003587,0,-169,0,0,0
0,21,expert,423.263136,424.011781,0.748645,263331840,0,0,15,0
0,21,compute,423.197982,424.118451,0.920469,0,0,0,0,0
0,22,trunk,424.118452,424.121897,0.003445,645562368,-169,1,0,0
0,22,expert,424.179095,424.749577,0.570482,263331840,0,0,15,0
0,22,compute,424.121948,424.866306,0.744358,0,0,0,0,0
0,23,trunk,424.866308,424.869720,0.003412,431890432,-170,1,0,0
0,23,expert,424.909790,425.573921,0.664130,210665472,0,0,12,0
0,23,compute,424.869809,425.694245,0.824436,0,0,0,0,0
0,24,trunk,425.694247,425.697686,0.003440,645562368,-171,1,0,0
0,24,expert,425.764117,426.534290,0.770173,228220928,0,0,13,0
0,24,compute,425.697709,426.636529,0.938820,0,0,0,0,0
0,25,trunk,426.636531,426.640037,0.003506,645562368,-172,1,0,0
0,25,expert,426.703426,427.472337,0.768911,280887296,0,0,16,0
0,25,compute,426.640054,427.575482,0.935427,0,0,0,0,0
0,26,trunk,427.575483,427.578786,0.003302,645562368,-173,1,0,0
0,26,expert,427.642766,428.180990,0.538224,245776384,0,0,14,0
0,26,compute,427.578833,428.281957,0.703124,0,0,0,0,0
0,27,trunk,428.281959,428.285446,0.003487,431890432,-174,1,0,0
0,27,expert,428.324290,429.047131,0.722841,280887296,0,0,16,0
0,27,compute,428.285467,429.179522,0.894055,0,0,0,0,0
0,28,trunk,429.179525,429.182824,0.003300,645562368,-175,1,0,0
0,28,expert,429.246962,429.947569,0.700608,263331840,0,0,15,0
0,28,compute,429.182847,430.070162,0.887315,0,0,0,0,0
0,29,trunk,430.070164,430.073716,0.003553,645562368,-176,1,0,0
0,29,expert,430.145049,430.874651,0.729602,245776384,0,0,14,0
0,29,compute,430.073739,430.983515,0.909776,0,0,0,0,0
0,30,trunk,430.983516,430.986928,0.003411,645562368,-177,1,0,0
0,30,expert,431.046171,431.612613,0.566443,263331840,0,0,15,0
0,30,compute,430.986949,431.730403,0.743454,0,0,0,0,0
0,31,trunk,431.730405,431.733869,0.003464,431890432,-178,1,0,0
0,31,expert,431.772808,432.532335,0.759527,263331840,0,0,15,0
0,31,compute,431.733894,432.651045,0.917151,0,0,0,0,0
0,32,trunk,432.651047,432.654322,0.003275,645562368,-179,1,0,0
0,32,expert,432.718115,433.422457,0.704342,210665472,0,0,12,0
0,32,compute,432.654345,433.545679,0.891335,0,0,0,0,0
0,33,trunk,433.545681,433.549144,0.003463,645562368,-180,1,0,0
0,33,expert,433.614311,434.369958,0.755646,228220928,0,0,13,0
0,33,compute,433.549165,434.482225,0.933060,0,0,0,0,0
0,34,trunk,434.482227,434.485611,0.003384,645562368,-181,1,0,0
0,34,expert,434.546452,435.110246,0.563794,263331840,0,0,15,0
0,34,compute,434.485631,435.218164,0.732533,0,0,0,0,0
0,35,trunk,435.218166,435.221692,0.003526,431890432,-182,1,0,0
0,35,expert,435.261522,436.018006,0.756484,245776384,0,0,14,0
0,35,compute,435.221731,436.140036,0.918305,0,0,0,0,0
0,36,trunk,436.140038,436.149428,0.009390,645562368,-183,1,0,0
0,36,expert,436.216469,436.954903,0.738434,245776384,0,0,14,0
0,36,compute,436.151766,437.067193,0.915428,0,0,0,0,0
0,37,trunk,437.067196,437.070616,0.003420,645562368,-184,1,0,0
0,37,expert,437.131182,437.880782,0.749600,263331840,0,0,15,0
0,37,compute,437.070638,437.994171,0.923533,0,0,0,0,0
0,38,trunk,437.994173,437.997467,0.003294,645562368,-185,1,0,0
0,38,expert,438.059494,438.570692,0.511199,245776384,0,0,14,0
0,38,compute,437.997496,438.694194,0.696699,0,0,0,0,0
0,39,trunk,438.694196,438.697587,0.003391,431890432,-186,1,0,0
0,39,expert,438.739551,439.469484,0.729933,245776384,0,0,14,0
0,39,compute,438.697609,439.577597,0.879988,0,0,0,0,0
0,40,trunk,439.577599,439.580906,0.003307,645562368,-187,1,0,0
0,40,expert,439.647736,440.399415,0.751679,263331840,0,0,15,0
0,40,compute,439.580953,440.514333,0.933380,0,0,0,0,0
0,41,trunk,440.514335,440.517834,0.003499,645562368,-188,1,0,0
0,41,expert,440.577347,441.290226,0.712878,245776384,0,0,14,0
0,41,compute,440.517855,441.414204,0.896349,0,0,0,0,0
0,42,trunk,441.414206,441.418109,0.003903,645562368,-189,1,0,0
0,42,expert,441.482163,442.006023,0.523859,245776384,0,0,14,0
0,42,compute,441.418135,442.118413,0.700278,0,0,0,0,0
0,43,trunk,442.118415,442.122039,0.003624,431890432,-190,1,0,0
0,43,expert,442.166834,442.958051,0.791218,280887296,0,0,16,0
0,43,compute,442.122069,443.070250,0.948181,0,0,0,0,0
0,44,trunk,443.070253,443.073763,0.003511,645562368,-191,1,0,0
0,44,expert,443.136402,443.773432,0.637031,280887296,0,0,16,0
0,44,compute,443.073784,443.877103,0.803319,0,0,0,0,0
0,45,trunk,443.877105,443.912166,0.035061,645562368,-192,1,0,0
0,45,expert,443.985429,444.731253,0.745824,263331840,0,0,15,0
0,45,compute,443.912205,444.846517,0.934312,0,0,0,0,0
0,46,trunk,444.846520,444.849911,0.003391,645562368,-193,1,0,0
0,46,expert,444.908757,445.468536,0.559779,245776384,0,0,14,0
0,46,compute,444.849946,445.590265,0.740319,0,0,0,0,0
0,47,trunk,445.590267,445.593672,0.003405,431890432,-194,1,0,0
0,47,expert,445.631021,446.375419,0.744397,245776384,0,0,14,0
0,47,compute,445.593692,446.475321,0.881629,0,0,0,0,0
0,48,trunk,446.475323,446.478640,0.003317,645562368,-195,1,0,0
0,48,expert,446.541670,447.272349,0.730680,263331840,0,0,15,0
0,48,compute,446.478662,447.394248,0.915587,0,0,0,0,0
0,49,trunk,447.394251,447.397834,0.003583,645562368,-196,1,0,0
0,49,expert,447.459516,448.231904,0.772388,263331840,0,0,15,0
0,49,compute,447.397855,448.342324,0.944469,0,0,0,0,0
0,50,trunk,448.342326,448.345873,0.003547,645562368,-197,1,0,0
0,50,expert,448.407014,448.965347,0.558334,263331840,0,0,15,0
0,50,compute,448.345918,449.078413,0.732495,0,0,0,0,0
0,51,trunk,449.078415,449.082015,0.003600,431890432,-198,1,0,0
0,51,expert,449.124816,449.840928,0.716112,245776384,0,0,14,0
0,51,compute,449.082035,449.951558,0.869523,0,0,0,0,0
0,52,trunk,449.951560,449.955824,0.004264,645562368,-199,1,0,0
0,52,expert,450.021706,450.698559,0.676853,228220928,0,0,13,0
0,52,compute,449.955884,450.801632,0.845748,0,0,0,0,0
0,53,trunk,450.801634,450.805413,0.003779,645562368,-200,1,0,0
0,53,expert,450.865943,451.593904,0.727961,245776384,0,0,14,0
0,53,compute,450.805439,451.695559,0.890120,0,0,0,0,0
0,54,trunk,451.695561,451.699166,0.003605,645562368,-201,1,0,0
0,54,expert,451.760209,452.309510,0.549301,263331840,0,0,15,0
0,54,compute,451.699190,452.422464,0.723275,0,0,0,0,0
0,55,trunk,452.422467,452.426273,0.003806,431890432,-202,1,0,0
0,55,expert,452.469295,453.177512,0.708217,228220928,0,0,13,0
0,55,compute,452.426298,453.298355,0.872057,0,0,0,0,0
0,56,trunk,453.298357,453.302011,0.003653,645562368,-203,1,0,0
0,56,expert,453.365214,454.101955,0.736741,263331840,0,0,15,0
0,56,compute,453.302031,454.205938,0.903907,0,0,0,0,0
0,57,trunk,454.205940,454.209938,0.003998,645562368,-204,1,0,0
0,57,expert,454.278459,455.040986,0.762527,280887296,0,0,16,0
0,57,compute,454.209986,455.158460,0.948474,0,0,0,0,0
0,58,trunk,455.158461,455.161769,0.003307,645562368,-205,1,0,0
0,58,expert,455.224920,455.747537,0.522617,228220928,0,0,13,0
0,58,compute,455.161818,455.862421,0.700603,0,0,0,0,0
0,59,trunk,455.862424,455.866181,0.003757,431890432,-206,1,0,0
0,59,expert,455.905643,456.644460,0.738818,228220928,0,0,13,0
0,59,compute,455.866219,456.745391,0.879172,0,0,0,0,0
0,60,trunk,456.745393,456.748860,0.003467,645562368,-207,1,0,0
0,60,expert,456.811454,457.631699,0.820245,263331840,0,0,15,0
0,60,compute,456.748879,457.754906,1.006027,0,0,0,0,0
0,61,trunk,457.754909,457.758414,0.003506,645562368,-208,1,0,0
0,61,expert,457.826413,458.547014,0.720601,263331840,0,0,15,0
0,61,compute,457.764278,458.666374,0.902096,0,0,0,0,0
0,62,trunk,458.666376,458.669709,0.003333,645562368,-209,1,0,0
0,62,expert,458.736792,459.221025,0.484233,210665472,0,0,12,0
0,62,compute,458.673718,459.338639,0.664922,0,0,0,0,0
0,63,trunk,459.338641,459.342860,0.004218,431890432,-210,1,0,0
0,63,expert,459.394537,460.048572,0.654035,228220928,0,0,13,0
0,63,compute,459.350397,460.176954,0.826556,0,0,0,0,0
0,64,trunk,460.176956,460.180768,0.003812,645562368,-211,1,0,0
0,64,expert,460.249125,461.003678,0.754553,245776384,0,0,14,0
0,64,compute,460.180791,461.103059,0.922268,0,0,0,0,0
0,65,trunk,461.103061,461.106692,0.003630,645562368,-212,1,0,0
0,65,expert,461.169845,461.868550,0.698704,210665472,0,0,12,0
0,65,compute,461.106731,462.003004,0.896273,0,0,0,0,0
0,66,trunk,462.003006,462.006578,0.003573,645562368,-213,1,0,0
0,66,expert,462.074070,462.607361,0.533291,245776384,0,0,14,0
0,66,compute,462.006600,462.712707,0.706107,0,0,0,0,0
0,67,trunk,462.712709,462.716393,0.003684,431890432,-214,1,0,0
0,67,expert,462.755505,463.498415,0.742910,245776384,0,0,14,0
0,67,compute,462.716427,463.600028,0.883601,0,0,0,0,0
0,68,trunk,463.600030,463.603334,0.003304,645562368,-215,1,0,0
0,68,expert,463.666238,464.369649,0.703411,228220928,0,0,13,0
0,68,compute,463.603354,464.482521,0.879167,0,0,0,0,0
0,69,trunk,464.482524,464.486056,0.003533,645562368,-216,1,0,0
0,69,expert,464.550254,465.236911,0.686657,228220928,0,0,13,0
0,69,compute,464.486077,465.362194,0.876117,0,0,0,0,0
0,70,trunk,465.362196,465.365498,0.003303,645562368,-217,1,0,0
0,70,expert,465.434670,465.931377,0.496707,210665472,0,0,12,0
0,70,compute,465.365520,466.038113,0.672593,0,0,0,0,0
0,71,trunk,466.038115,466.042094,0.003979,431890432,-218,1,0,0
0,71,expert,466.080138,466.867118,0.786979,245776384,0,0,14,0
0,71,compute,466.042139,466.970836,0.928697,0,0,0,0,0
0,72,trunk,466.970837,466.974244,0.003406,645562368,-219,1,0,0
0,72,expert,467.042986,467.795747,0.752761,263331840,0,0,15,0
0,72,compute,466.974265,467.914166,0.939902,0,0,0,0,0
0,73,trunk,467.914168,467.917735,0.003567,645562368,-220,1,0,0
0,73,expert,467.993274,468.732370,0.739096,280887296,0,0,16,0
0,73,compute,467.923023,468.858195,0.935172,0,0,0,0,0
0,74,trunk,468.858197,468.861648,0.003451,645562368,-221,1,0,0
0,74,expert,468.919943,469.501401,0.581458,280887296,0,0,16,0
0,74,compute,468.861914,469.622264,0.760350,0,0,0,0,0
0,75,trunk,469.622267,469.625825,0.003558,431890432,-222,1,0,0
0,75,expert,469.665858,470.396158,0.730299,280887296,0,0,16,0
0,75,compute,469.625959,470.510212,0.884253,0,0,0,0,0
0,76,trunk,470.510214,470.513524,0.003310,645562368,-223,1,0,0
0,76,expert,470.581256,471.299472,0.718216,280887296,0,0,16,0
0,76,compute,470.513698,471.444382,0.930684,0,0,0,0,0
0,77,trunk,471.444384,471.452149,0.007765,645562368,-224,1,0,0
0,77,expert,471.528507,472.199579,0.671072,228220928,0,0,13,0
0,77,compute,471.452162,472.314373,0.862211,0,0,0,0,0
0,78,trunk,472.314374,472.317682,0.003308,645562368,-225,1,0,0
0,78,expert,472.381243,472.910490,0.529247,245776384,0,0,14,0
0,78,compute,472.317858,473.016114,0.698256,0,0,0,0,0
0,79,trunk,473.016116,473.019747,0.003631,431890432,-226,1,0,0
0,79,expert,473.062148,473.744993,0.682845,245776384,0,0,14,0
0,79,compute,473.019773,473.855689,0.835916,0,0,0,0,0
0,80,trunk,473.855691,473.859214,0.003523,645562368,-227,1,0,0
0,80,expert,473.925683,474.648764,0.723081,280887296,0,0,16,0
0,80,compute,473.859386,474.766337,0.906950,0,0,0,0,0
0,81,trunk,474.766339,474.769914,0.003575,645562368,-228,1,0,0
0,81,expert,474.836593,475.560377,0.723784,245776384,0,0,14,0
0,81,compute,474.769935,475.682319,0.912384,0,0,0,0,0
0,82,trunk,475.682321,475.685835,0.003513,645562368,-229,1,0,0
0,82,expert,475.750605,476.305714,0.555110,263331840,0,0,15,0
0,82,compute,475.685856,476.418198,0.732342,0,0,0,0,0
0,83,trunk,476.418200,476.421688,0.003489,431890432,-230,1,0,0
0,83,expert,476.465713,477.194174,0.728461,228220928,0,0,13,0
0,83,compute,476.421713,477.310166,0.888453,0,0,0,0,0
0,84,trunk,477.310168,477.313769,0.003601,645562368,-231,1,0,0
0,84,expert,477.380052,478.007617,0.627565,175554560,0,0,10,0
0,84,compute,477.313798,478.134158,0.820360,0,0,0,0,0
0,85,trunk,478.134160,478.137738,0.003578,645562368,-232,1,0,0
0,85,expert,478.208850,478.782814,0.573964,228220928,0,0,13,0
0,85,compute,478.137974,478.894200,0.756226,0,0,0,0,0
0,86,trunk,478.894203,478.907466,0.013263,645562368,-233,1,0,0
0,86,expert,478.970957,479.492486,0.521529,245776384,0,0,14,0
0,86,compute,478.907483,479.610252,0.702769,0,0,0,0,0
0,87,trunk,479.610254,479.613807,0.003553,431890432,-234,1,0,0
0,87,expert,479.657844,480.360056,0.702212,228220928,0,0,13,0
0,87,compute,479.613832,480.476040,0.862207,0,0,0,0,0
0,88,trunk,480.476041,480.479704,0.003662,645562368,-235,1,0,0
0,88,expert,480.565764,481.248325,0.682561,210665472,0,0,12,0
0,88,compute,480.479746,481.379076,0.899330,0,0,0,0,0
0,89,trunk,481.379078,481.382782,0.003704,645562368,-236,1,0,0
0,89,expert,481.454834,482.202150,0.747316,245776384,0,0,14,0
0,89,compute,481.382808,482.306685,0.923877,0,0,0,0,0
0,90,trunk,482.306687,482.310192,0.003505,645562368,-237,1,0,0
0,90,expert,482.375333,482.896146,0.520813,228220928,0,0,13,0
0,90,compute,482.310228,483.018207,0.707979,0,0,0,0,0
0,91,trunk,483.018209,483.021954,0.003744,431890432,-238,1,0,0
0,91,expert,483.062670,483.563272,0.500602,210665472,0,0,12,0
0,91,compute,483.021989,483.688074,0.666085,0,0,0,0,0
0,92,trunk,483.688076,483.691481,0.003405,431890432,-239,1,0,0
0,92,expert,483.744309,483.928205,0.183897,228220928,0,0,13,0
0,92,compute,483.691482,484.046206,0.354724,0,0,0,0,0
0,0,trunk,484.148258,484.148294,0.000036,0,-239,0,0,0
0,0,compute,484.148295,484.264689,0.116394,0,0,0,0,0
0,1,trunk,484.264691,484.268260,0.003569,0,-238,0,0,0
0,1,expert,484.327225,484.509062,0.181837,228220928,0,0,13,0
0,1,compute,484.268263,484.630238,0.361975,0,0,0,0,0
0,2,trunk,484.630240,484.633960,0.003720,0,-237,0,0,0
0,2,expert,484.696837,484.840036,0.143199,175554560,0,0,10,0
0,2,compute,484.633962,484.943498,0.309536,0,0,0,0,0
0,3,trunk,484.943500,484.947536,0.004036,0,-236,0,0,0
0,3,expert,484.985333,485.124550,0.139217,175554560,0,0,10,0
0,3,compute,484.947538,485.238805,0.291266,0,0,0,0,0
0,4,trunk,485.238806,485.242358,0.003552,0,-235,0,0,0
0,4,expert,485.300544,485.455013,0.154469,193110016,0,0,11,0
0,4,compute,485.242360,485.582196,0.339836,0,0,0,0,0
0,5,trunk,485.582198,485.585664,0.003466,0,-234,0,0,0
0,5,expert,485.643400,485.795909,0.152509,193110016,0,0,11,0
0,5,compute,485.585667,485.902936,0.317269,0,0,0,0,0
0,6,trunk,485.902937,485.906547,0.003610,0,-233,0,0,0
0,6,expert,485.967196,486.190564,0.223368,280887296,0,0,16,0
0,6,compute,485.906549,486.311006,0.404457,0,0,0,0,0
0,7,trunk,486.311008,486.314565,0.003557,0,-232,0,0,0
0,7,expert,486.352839,486.563246,0.210407,263331840,0,0,15,0
0,7,compute,486.314567,486.672149,0.357582,0,0,0,0,0
0,8,trunk,486.672150,486.675584,0.003434,0,-231,0,0,0
0,8,expert,486.735747,486.950716,0.214969,263331840,0,0,15,0
0,8,compute,486.675585,487.054127,0.378542,0,0,0,0,0
0,9,trunk,487.054129,487.057514,0.003385,0,-230,0,0,0
0,9,expert,487.118377,487.273019,0.154641,193110016,0,0,11,0
0,9,compute,487.057516,487.386658,0.329142,0,0,0,0,0
0,10,trunk,487.386659,487.390287,0.003627,0,-229,0,0,0
0,10,expert,487.450662,487.632974,0.182312,228220928,0,0,13,0
0,10,compute,487.390289,487.750443,0.360153,0,0,0,0,0
0,11,trunk,487.750444,487.755289,0.004844,0,-228,0,0,0
0,11,expert,487.795391,487.937468,0.142077,175554560,0,0,10,0
0,11,compute,487.755290,488.054296,0.299005,0,0,0,0,0
0,12,trunk,488.054297,488.057656,0.003359,0,-227,0,0,0
0,12,expert,488.120075,488.306324,0.186250,228220928,0,0,13,0
0,12,compute,488.057658,488.418550,0.360892,0,0,0,0,0
0,13,trunk,488.418551,488.422164,0.003613,0,-226,0,0,0
0,13,expert,488.478203,488.664872,0.186669,228220928,0,0,13,0
0,13,compute,488.422166,488.774526,0.352360,0,0,0,0,0
0,14,trunk,488.774527,488.778080,0.003553,0,-225,0,0,0
0,14,expert,488.846844,489.044977,0.198133,245776384,0,0,14,0
0,14,compute,488.778082,489.162792,0.384710,0,0,0,0,0
0,15,trunk,489.162794,489.167952,0.005158,0,-224,0,0,0
0,15,expert,489.220254,489.376525,0.156272,193110016,0,0,11,0
0,15,compute,489.167955,489.498152,0.330197,0,0,0,0,0
0,16,trunk,489.498154,489.501616,0.003462,0,-223,0,0,0
0,16,expert,489.575175,489.728124,0.152950,193110016,0,0,11,0
0,16,compute,489.501619,489.830456,0.328837,0,0,0,0,0
0,17,trunk,489.830458,489.834039,0.003581,0,-222,0,0,0
0,17,expert,489.895379,490.062165,0.166786,210665472,0,0,12,0
0,17,compute,489.834065,490.178184,0.344119,0,0,0,0,0
0,18,trunk,490.178185,490.181781,0.003596,0,-221,0,0,0
0,18,expert,490.239463,490.422626,0.183163,228220928,0,0,13,0
0,18,compute,490.181784,490.538801,0.357018,0,0,0,0,0
0,19,trunk,490.538803,490.542384,0.003581,0,-220,0,0,0
0,19,expert,490.580980,490.719297,0.138317,175554560,0,0,10,0
0,19,compute,490.542385,490.834438,0.292053,0,0,0,0,0
0,20,trunk,490.834440,490.838384,0.003944,0,-219,0,0,0
0,20,expert,490.895268,491.065616,0.170348,210665472,0,0,12,0
0,20,compute,490.838386,491.164216,0.325830,0,0,0,0,0
0,21,trunk,491.164218,491.167886,0.003668,0,-218,0,0,0
0,21,expert,491.232474,491.952341,0.719867,228220928,0,0,13,0
0,21,compute,491.167931,492.094405,0.926473,0,0,0,0,0
0,22,trunk,492.094406,492.097851,0.003444,645562368,-218,1,0,0
0,22,expert,492.173600,492.660362,0.486762,193110016,0,0,11,0
0,22,compute,492.097871,492.793235,0.695365,0,0,0,0,0
0,23,trunk,492.793237,492.796878,0.003641,431890432,-219,1,0,0
0,23,expert,492.837891,493.478137,0.640247,193110016,0,0,11,0
0,23,compute,492.796915,493.594488,0.797573,0,0,0,0,0
0,24,trunk,493.594489,493.598140,0.003651,645562368,-220,1,0,0
0,24,expert,493.662213,494.382183,0.719970,193110016,0,0,11,0
0,24,compute,493.598161,494.495055,0.896895,0,0,0,0,0
0,25,trunk,494.495057,494.498605,0.003549,645562368,-221,1,0,0
0,25,expert,494.618637,495.316025,0.697388,263331840,0,0,15,0
0,25,compute,494.498629,495.421011,0.922383,0,0,0,0,0
0,26,trunk,495.421013,495.424465,0.003451,645562368,-222,1,0,0
0,26,expert,495.489678,496.012231,0.522553,228220928,0,0,13,0
0,26,compute,495.424482,496.120997,0.696515,0,0,0,0,0
0,27,trunk,496.121000,496.124615,0.003615,431890432,-223,1,0,0
0,27,expert,496.167943,496.879399,0.711455,263331840,0,0,15,0
0,27,compute,496.124634,496.983518,0.858884,0,0,0,0,0
0,28,trunk,496.983520,496.987979,0.004458,645562368,-224,1,0,0
0,28,expert,497.053501,497.706412,0.652910,263331840,0,0,15,0
0,28,compute,496.988001,497.819185,0.831184,0,0,0,0,0
0,29,trunk,497.819187,497.822709,0.003521,645562368,-225,1,0,0
0,29,expert,497.892079,498.594391,0.702312,228220928,0,0,13,0
0,29,compute,497.822736,498.715690,0.892954,0,0,0,0,0
0,30,trunk,498.715692,498.719501,0.003808,645562368,-226,1,0,0
0,30,expert,498.783452,499.324372,0.540921,228220928,0,0,13,0
0,30,compute,498.719526,499.454345,0.734819,0,0,0,0,0
0,31,trunk,499.454348,499.458666,0.004319,431890432,-227,1,0,0
0,31,expert,499.529557,500.251965,0.722408,245776384,0,0,14,0
0,31,compute,499.458707,500.379035,0.920327,0,0,0,0,0
0,32,trunk,500.379037,500.382511,0.003475,645562368,-228,1,0,0
0,32,expert,500.455475,501.154836,0.699361,210665472,0,0,12,0
0,32,compute,500.382539,501.270687,0.888148,0,0,0,0,0
0,33,trunk,501.270688,501.274203,0.003515,645562368,-229,1,0,0
0,33,expert,501.352776,502.092339,0.739563,210665472,0,0,12,0
0,33,compute,501.274238,502.210255,0.936018,0,0,0,0,0
0,34,trunk,502.210257,502.214300,0.004042,645562368,-230,1,0,0
0,34,expert,502.273800,502.835923,0.562123,263331840,0,0,15,0
0,34,compute,502.214323,502.939268,0.724945,0,0,0,0,0
0,35,trunk,502.939270,502.942883,0.003613,431890432,-231,1,0,0
0,35,expert,502.988676,503.728501,0.739825,228220928,0,0,13,0
0,35,compute,502.942906,503.846208,0.903302,0,0,0,0,0
0,36,trunk,503.846209,503.849783,0.003573,645562368,-232,1,0,0
0,36,expert,503.917024,504.565614,0.648589,228220928,0,0,13,0
0,36,compute,503.849806,504.678184,0.828378,0,0,0,0,0
0,37,trunk,504.678186,504.682074,0.003888,645562368,-233,1,0,0
0,37,expert,504.752060,505.465741,0.713680,228220928,0,0,13,0
0,37,compute,504.682099,505.586254,0.904155,0,0,0,0,0
0,38,trunk,505.586257,505.590694,0.004437,645562368,-234,1,0,0
0,38,expert,505.654822,506.130887,0.476065,193110016,0,0,11,0
0,38,compute,505.590723,506.250648,0.659925,0,0,0,0,0
0,39,trunk,506.250650,506.254153,0.003503,431890432,-235,1,0,0
0,39,expert,506.291774,507.001351,0.709577,210665472,0,0,12,0
0,39,compute,506.254209,507.105709,0.851499,0,0,0,0,0
0,40,trunk,507.105711,507.109568,0.003857,645562368,-236,1,0,0
0,40,expert,507.179209,507.888398,0.709189,210665472,0,0,12,0
0,40,compute,507.109590,507.997587,0.887997,0,0,0,0,0
0,41,trunk,507.997588,508.001145,0.003556,645562368,-237,1,0,0
0,41,expert,508.067462,508.733442,0.665980,193110016,0,0,11,0
0,41,compute,508.001167,508.854542,0.853376,0,0,0,0,0
0,42,trunk,508.854545,508.858030,0.003486,645562368,-238,1,0,0
0,42,expert,508.918266,509.365689,0.447423,122888192,0,0,7,0
0,42,compute,508.858126,509.498207,0.640081,0,0,0,0,0
0,43,trunk,509.498209,509.501957,0.003748,431890432,-239,1,0,0
0,43,expert,509.546158,510.292414,0.746256,210665472,0,0,12,0
0,43,compute,509.501995,510.424935,0.922939,0,0,0,0,0
0,44,trunk,510.424937,510.428701,0.003765,645562368,-240,1,0,0
0,44,expert,510.493116,511.222594,0.729478,228220928,0,0,13,0
0,44,compute,510.428720,511.332952,0.904232,0,0,0,0,0
0,45,trunk,511.332953,511.337052,0.004099,645562368,-241,1,0,0
0,45,expert,511.406601,512.080076,0.673475,157999104,0,0,9,0
0,45,compute,511.337097,512.198220,0.861123,0,0,0,0,0
0,46,trunk,512.198222,512.201841,0.003619,645562368,-242,1,0,0
0,46,expert,512.277761,512.753519,0.475758,175554560,0,0,10,0
0,46,compute,512.201894,512.866199,0.664304,0,0,0,0,0
0,47,trunk,512.866200,512.869843,0.003643,431890432,-243,1,0,0
0,47,expert,512.906729,513.598441,0.691712,193110016,0,0,11,0
0,47,compute,512.869900,513.714665,0.844765,0,0,0,0,0
0,48,trunk,513.714667,513.718210,0.003543,645562368,-244,1,0,0
0,48,expert,513.786424,514.450318,0.663894,193110016,0,0,11,0
0,48,compute,513.718245,514.556768,0.838523,0,0,0,0,0
0,49,trunk,514.556770,514.560565,0.003794,645562368,-245,1,0,0
0,49,expert,514.623507,515.371066,0.747559,245776384,0,0,14,0
0,49,compute,514.560582,515.494457,0.933875,0,0,0,0,0
0,50,trunk,515.494459,515.497823,0.003363,645562368,-246,1,0,0
0,50,expert,515.564392,516.077516,0.513124,210665472,0,0,12,0
0,50,compute,515.497850,516.199028,0.701178,0,0,0,0,0
0,51,trunk,516.199030,516.202543,0.003512,431890432,-247,1,0,0
0,51,expert,516.258148,516.922597,0.664449,193110016,0,0,11,0
0,51,compute,516.202563,517.030164,0.827602,0,0,0,0,0
0,52,trunk,517.030167,517.033385,0.003219,645562368,-248,1,0,0
0,52,expert,517.097641,517.762629,0.664988,210665472,0,0,12,0
0,52,compute,517.033407,517.886166,0.852758,0,0,0,0,0
0,53,trunk,517.886168,517.889668,0.003500,645562368,-249,1,0,0
0,53,expert,517.951339,518.644839,0.693500,193110016,0,0,11,0
0,53,compute,517.889688,518.751846,0.862158,0,0,0,0,0
0,54,trunk,518.751848,518.755504,0.003656,645562368,-250,1,0,0
0,54,expert,518.818347,519.325556,0.507208,210665472,0,0,12,0
0,54,compute,518.755528,519.434706,0.679178,0,0,0,0,0
0,55,trunk,519.434708,519.439099,0.004391,431890432,-251,1,0,0
0,55,expert,519.482513,520.182714,0.700200,193110016,0,0,11,0
0,55,compute,519.439153,520.465432,1.026279,0,0,0,0,0
0,56,trunk,520.465435,520.469410,0.003976,645562368,-252,1,0,0
0,56,expert,520.534039,521.232578,0.698539,210665472,0,0,12,0
0,56,compute,520.469434,521.841623,1.372189,0,0,0,0,0
0,57,trunk,521.841626,521.845075,0.003449,645562368,-253,1,0,0
0,57,expert,521.913259,522.658569,0.745310,263331840,0,0,15,0
0,57,compute,521.845095,522.929008,1.083913,0,0,0,0,0
0,58,trunk,522.929030,522.932573,0.003543,645562368,-254,1,0,0
0,58,expert,522.997526,523.543786,0.546260,245776384,0,0,14,0
0,58,compute,522.932591,523.969402,1.036810,0,0,0,0,0
0,59,trunk,523.969404,523.973225,0.003821,431890432,-255,1,0,0
0,59,expert,524.014803,524.746095,0.731292,228220928,0,0,13,0
0,59,compute,523.973245,524.877169,0.903924,0,0,0,0,0
0,60,trunk,524.877171,524.880745,0.003574,645562368,-256,1,0,0
0,60,expert,524.950451,525.779450,0.828999,280887296,0,0,16,0
0,60,compute,524.880765,525.898577,1.017812,0,0,0,0,0
0,61,trunk,525.898578,525.902136,0.003558,645562368,-257,1,0,0
0,61,expert,525.970169,526.692948,0.722779,263331840,0,0,15,0
0,61,compute,525.902174,526.806170,0.903996,0,0,0,0,0
0,62,trunk,526.806172,526.809787,0.003615,645562368,-258,1,0,0
0,62,expert,526.876617,527.383963,0.507346,228220928,0,0,13,0
0,62,compute,526.809809,527.482426,0.672617,0,0,0,0,0
0,63,trunk,527.482428,527.485980,0.003552,431890432,-259,1,0,0
0,63,expert,527.529695,528.292270,0.762575,263331840,0,0,15,0
0,63,compute,527.486003,528.410252,0.924249,0,0,0,0,0
0,64,trunk,528.410254,528.413867,0.003614,645562368,-260,1,0,0
0,64,expert,528.477313,529.220880,0.743568,228220928,0,0,13,0
0,64,compute,528.413892,529.488402,1.074511,0,0,0,0,0
0,65,trunk,529.488404,529.492261,0.003857,645562368,-261,1,0,0
0,65,expert,529.558057,530.243021,0.684964,263331840,0,0,15,0
0,65,compute,529.492301,530.346230,0.853928,0,0,0,0,0
0,66,trunk,530.346253,530.349837,0.003585,645562368,-262,1,0,0
0,66,expert,530.415327,530.995923,0.580596,280887296,0,0,16,0
0,66,compute,530.349877,531.126661,0.776784,0,0,0,0,0
0,67,trunk,531.126663,531.130375,0.003712,431890432,-263,1,0,0
0,67,expert,531.174063,531.902137,0.728074,210665472,0,0,12,0
0,67,compute,531.130400,532.458376,1.327976,0,0,0,0,0
0,68,trunk,532.458377,532.461950,0.003573,645562368,-264,1,0,0
0,68,expert,532.526626,533.255044,0.728418,245776384,0,0,14,0
0,68,compute,532.461990,533.378279,0.916289,0,0,0,0,0
0,69,trunk,533.378281,533.381709,0.003428,645562368,-265,1,0,0
0,69,expert,533.443693,534.183486,0.739794,245776384,0,0,14,0
0,69,compute,533.381730,534.312631,0.930901,0,0,0,0,0
0,70,trunk,534.312633,534.316075,0.003442,645562368,-266,1,0,0
0,70,expert,534.379339,534.902379,0.523041,228220928,0,0,13,0
0,70,compute,534.316092,535.015028,0.698936,0,0,0,0,0
0,71,trunk,535.015030,535.018563,0.003534,431890432,-267,1,0,0
0,71,expert,535.060531,535.848783,0.788251,245776384,0,0,14,0
0,71,compute,535.018588,535.953770,0.935182,0,0,0,0,0
0,72,trunk,535.953772,535.957626,0.003854,645562368,-268,1,0,0
0,72,expert,536.034994,536.809959,0.774965,280887296,0,0,16,0
0,72,compute,535.957675,536.930543,0.972868,0,0,0,0,0
0,73,trunk,536.930545,536.934105,0.003560,645562368,-269,1,0,0
0,73,expert,536.993694,537.772157,0.778463,280887296,0,0,16,0
0,73,compute,536.934127,537.874075,0.939948,0,0,0,0,0
0,74,trunk,537.874077,537.877483,0.003406,645562368,-270,1,0,0
0,74,expert,537.944114,538.504405,0.560291,280887296,0,0,16,0
0,74,compute,537.877520,538.619039,0.741519,0,0,0,0,0
0,75,trunk,538.619041,538.622682,0.003641,431890432,-271,1,0,0
0,75,expert,538.666021,539.420516,0.754495,263331840,0,0,15,0
0,75,compute,538.622738,539.686749,1.064011,0,0,0,0,0
0,76,trunk,539.686751,539.690674,0.003924,645562368,-272,1,0,0
0,76,expert,539.761112,540.481505,0.720392,280887296,0,0,16,0
0,76,compute,539.690735,540.603022,0.912287,0,0,0,0,0
0,77,trunk,540.603024,540.606586,0.003563,645562368,-273,1,0,0
0,77,expert,540.670633,541.398050,0.727417,245776384,0,0,14,0
0,77,compute,540.606610,541.510994,0.904383,0,0,0,0,0
0,78,trunk,541.510996,541.514549,0.003553,645562368,-274,1,0,0
0,78,expert,541.613761,542.120370,0.506609,245776384,0,0,14,0
0,78,compute,541.514609,542.236369,0.721760,0,0,0,0,0
0,79,trunk,542.236371,542.239934,0.003563,431890432,-275,1,0,0
0,79,expert,542.279152,543.031611,0.752459,263331840,0,0,15,0
0,79,compute,542.239957,543.149455,0.909498,0,0,0,0,0
0,80,trunk,543.149458,543.153382,0.003925,645562368,-276,1,0,0
0,80,expert,543.219882,543.941019,0.721136,280887296,0,0,16,0
0,80,compute,543.153417,544.051020,0.897603,0,0,0,0,0
0,81,trunk,544.051022,544.055176,0.004154,645562368,-277,1,0,0
0,81,expert,544.121369,544.860477,0.739108,263331840,0,0,15,0
0,81,compute,544.055237,544.986481,0.931244,0,0,0,0,0
0,82,trunk,544.986483,544.990062,0.003579,645562368,-278,1,0,0
0,82,expert,545.052233,545.635568,0.583335,280887296,0,0,16,0
0,82,compute,544.990135,545.742170,0.752035,0,0,0,0,0
0,83,trunk,545.742171,545.745622,0.003451,431890432,-279,1,0,0
0,83,expert,545.790498,546.488583,0.698085,245776384,0,0,14,0
0,83,compute,545.745672,546.589764,0.844091,0,0,0,0,0
0,84,trunk,546.589766,546.593284,0.003519,645562368,-280,1,0,0
0,84,expert,546.659502,547.377421,0.717919,228220928,0,0,13,0
0,84,compute,546.593307,547.475351,0.882044,0,0,0,0,0
0,85,trunk,547.475353,547.478764,0.003410,645562368,-281,1,0,0
0,85,expert,547.545833,548.293342,0.747509,263331840,0,0,15,0
0,85,compute,547.478784,548.407759,0.928975,0,0,0,0,0
0,86,trunk,548.407761,548.411159,0.003398,645562368,-282,1,0,0
0,86,expert,548.476980,549.030596,0.553616,263331840,0,0,15,0
0,86,compute,548.411180,549.138512,0.727332,0,0,0,0,0
0,87,trunk,549.138514,549.142182,0.003667,431890432,-283,1,0,0
0,87,expert,549.181712,549.896959,0.715247,245776384,0,0,14,0
0,87,compute,549.142203,550.022238,0.880035,0,0,0,0,0
0,88,trunk,550.022240,550.026423,0.004183,645562368,-284,1,0,0
0,88,expert,550.095270,550.819301,0.724030,228220928,0,0,13,0
0,88,compute,550.026468,550.926378,0.899910,0,0,0,0,0
0,89,trunk,550.926380,550.929835,0.003455,645562368,-285,1,0,0
0,89,expert,550.998609,551.708100,0.709490,175554560,0,0,10,0
0,89,compute,550.929855,552.381240,1.451386,0,0,0,0,0
0,90,trunk,552.381261,552.385118,0.003857,645562368,-286,1,0,0
0,90,expert,552.445559,552.918038,0.472480,157999104,0,0,9,0
0,90,compute,552.385158,553.592230,1.207073,0,0,0,0,0
0,91,trunk,553.592233,553.596039,0.003806,431890432,-287,1,0,0
0,91,expert,553.632801,554.117078,0.484278,157999104,0,0,9,0
0,91,compute,553.596092,554.241773,0.645681,0,0,0,0,0
0,92,trunk,554.241775,554.245172,0.003397,431890432,-288,1,0,0
0,92,expert,554.278889,554.510399,0.231509,245776384,0,0,14,0
0,92,compute,554.245174,554.764273,0.519099,0,0,0,0,0
0,0,trunk,554.865990,554.866026,0.000036,0,-288,0,0,0
0,0,compute,554.866027,554.977171,0.111145,0,0,0,0,0
0,1,trunk,554.977173,554.980773,0.003600,0,-287,0,0,0
0,1,expert,555.040818,555.239535,0.198716,228220928,0,0,13,0
0,1,compute,554.980775,555.338341,0.357566,0,0,0,0,0
0,2,trunk,555.338343,555.341881,0.003538,0,-286,0,0,0
0,2,expert,555.410928,555.600826,0.189898,210665472,0,0,12,0
0,2,compute,555.341883,555.704739,0.362856,0,0,0,0,0
0,3,trunk,555.704741,555.708403,0.003662,0,-285,0,0,0
0,3,expert,555.744427,555.905291,0.160863,193110016,0,0,11,0
0,3,compute,555.708405,556.022644,0.314239,0,0,0,0,0
0,4,trunk,556.022646,556.026587,0.003942,0,-284,0,0,0
0,4,expert,556.083396,556.286756,0.203360,228220928,0,0,13,0
0,4,compute,556.026589,556.402226,0.375637,0,0,0,0,0
0,5,trunk,556.402228,556.406842,0.004614,0,-283,0,0,0
0,5,expert,556.460223,556.642509,0.182287,210665472,0,0,12,0
0,5,compute,556.406844,556.762161,0.355317,0,0,0,0,0
0,6,trunk,556.762162,556.765737,0.003575,0,-282,0,0,0
0,6,expert,556.823392,557.066003,0.242612,280887296,0,0,16,0
0,6,compute,556.765740,557.198245,0.432505,0,0,0,0,0
0,7,trunk,557.198246,557.201749,0.003502,0,-281,0,0,0
0,7,expert,557.234794,557.449377,0.214583,263331840,0,0,15,0
0,7,compute,557.201751,557.562441,0.360691,0,0,0,0,0
0,8,trunk,557.562463,557.569243,0.006779,0,-280,0,0,0
0,8,expert,557.631540,557.850826,0.219286,263331840,0,0,15,0
0,8,compute,557.569245,557.958408,0.389163,0,0,0,0,0
0,9,trunk,557.958410,557.961997,0.003588,0,-279,0,0,0
0,9,expert,558.022844,558.195624,0.172780,210665472,0,0,12,0
0,9,compute,557.962000,558.318176,0.356176,0,0,0,0,0
0,10,trunk,558.318177,558.321583,0.003406,0,-278,0,0,0
0,10,expert,558.385586,558.542480,0.156894,193110016,0,0,11,0
0,10,compute,558.321585,558.674248,0.352663,0,0,0,0,0
0,11,trunk,558.674249,558.677787,0.003537,0,-277,0,0,0
0,11,expert,558.711219,558.887376,0.176157,210665472,0,0,12,0
0,11,compute,558.677789,559.006187,0.328398,0,0,0,0,0
0,12,trunk,559.006189,559.010432,0.004243,0,-276,0,0,0
0,12,expert,559.072323,559.280059,0.207736,245776384,0,0,14,0
0,12,compute,559.010435,559.407218,0.396783,0,0,0,0,0
0,13,trunk,559.407220,559.410703,0.003483,0,-275,0,0,0
0,13,expert,559.473367,559.678628,0.205261,228220928,0,0,13,0
0,13,compute,559.410705,559.798226,0.387520,0,0,0,0,0
0,14,trunk,559.798227,559.802445,0.004217,0,-274,0,0,0
0,14,expert,559.863257,560.082979,0.219722,245776384,0,0,14,0
0,14,compute,559.802446,560.202589,0.400143,0,0,0,0,0
0,15,trunk,560.202591,560.206587,0.003996,0,-273,0,0,0
0,15,expert,560.236341,560.418180,0.181838,210665472,0,0,12,0
0,15,compute,560.206589,560.534219,0.327630,0,0,0,0,0
0,16,trunk,560.534220,560.537774,0.003554,0,-272,0,0,0
0,16,expert,560.597870,560.774590,0.176721,210665472,0,0,12,0
0,16,compute,560.537776,560.894205,0.356429,0,0,0,0,0
0,17,trunk,560.894206,560.898451,0.004245,0,-271,0,0,0
0,17,expert,560.962223,561.169637,0.207414,245776384,0,0,14,0
0,17,compute,560.898454,561.297890,0.399436,0,0,0,0,0
0,18,trunk,561.297892,561.302147,0.004256,0,-270,0,0,0
0,18,expert,561.360180,561.551404,0.191223,228220928,0,0,13,0
0,18,compute,561.302149,561.681910,0.379760,0,0,0,0,0
0,19,trunk,561.681912,561.685546,0.003634,0,-269,0,0,0
0,19,expert,561.720913,561.919304,0.198391,228220928,0,0,13,0
0,19,compute,561.685548,562.030165,0.344617,0,0,0,0,0
0,20,trunk,562.030167,562.033635,0.003468,0,-268,0,0,0
0,20,expert,562.093195,562.251353,0.158158,193110016,0,0,11,0
0,20,compute,562.033639,562.382174,0.348535,0,0,0,0,0
0,21,trunk,562.382176,562.385574,0.003398,0,-267,0,0,0
0,21,expert,562.454540,563.182062,0.727523,245776384,0,0,14,0
0,21,compute,562.385594,563.307179,0.921585,0,0,0,0,0
0,22,trunk,563.307206,563.310973,0.003767,645562368,-267,1,0,0
0,22,expert,563.380052,563.905901,0.525849,228220928,0,0,13,0
0,22,compute,563.311005,564.018461,0.707457,0,0,0,0,0
0,23,trunk,564.018463,564.022300,0.003837,431890432,-268,1,0,0
0,23,expert,564.063695,564.629105,0.565410,228220928,0,0,13,0
0,23,compute,564.022363,564.753351,0.730988,0,0,0,0,0
0,24,trunk,564.753353,564.757699,0.004346,645562368,-269,1,0,0
0,24,expert,564.831943,565.608216,0.776273,245776384,0,0,14,0
0,24,compute,564.757742,565.712832,0.955090,0,0,0,0,0
0,25,trunk,565.712834,565.716556,0.003721,645562368,-270,1,0,0
0,25,expert,565.785445,566.554294,0.768850,280887296,0,0,16,0
0,25,compute,565.716577,566.689365,0.972788,0,0,0,0,0
0,26,trunk,566.689366,566.692899,0.003533,645562368,-271,1,0,0
0,26,expert,566.755378,567.259610,0.504232,193110016,0,0,11,0
0,26,compute,566.692919,567.358027,0.665109,0,0,0,0,0
0,27,trunk,567.358029,567.361476,0.003447,431890432,-272,1,0,0
0,27,expert,567.404946,568.124464,0.719518,263331840,0,0,15,0
0,27,compute,567.361498,568.238162,0.876664,0,0,0,0,0
0,28,trunk,568.238164,568.241475,0.003311,645562368,-273,1,0,0
0,28,expert,568.308487,568.993738,0.685251,263331840,0,0,15,0
0,28,compute,568.241496,569.112607,0.871111,0,0,0,0,0
0,29,trunk,569.112610,569.116537,0.003927,645562368,-274,1,0,0
0,29,expert,569.177096,569.909488,0.732392,245776384,0,0,14,0
0,29,compute,569.116561,570.031019,0.914458,0,0,0,0,0
0,30,trunk,570.031021,570.034416,0.003395,645562368,-275,1,0,0
0,30,expert,570.096877,570.646576,0.549699,245776384,0,0,14,0
0,30,compute,570.034436,570.754637,0.720201,0,0,0,0,0
0,31,trunk,570.754640,570.758354,0.003715,431890432,-276,1,0,0
0,31,expert,570.800247,571.550014,0.749767,245776384,0,0,14,0
0,31,compute,570.758384,571.678544,0.920160,0,0,0,0,0
0,32,trunk,571.678545,571.681881,0.003335,645562368,-277,1,0,0
0,32,expert,571.741859,572.484390,0.742532,228220928,0,0,13,0
0,32,compute,571.681920,572.614269,0.932349,0,0,0,0,0
0,33,trunk,572.614271,572.617886,0.003615,645562368,-278,1,0,0
0,33,expert,572.686624,573.384203,0.697579,157999104,0,0,9,0
0,33,compute,572.617907,573.511819,0.893912,0,0,0,0,0
0,34,trunk,573.511822,573.516872,0.005051,645562368,-279,1,0,0
0,34,expert,573.581453,574.149858,0.568405,263331840,0,0,15,0
0,34,compute,573.516900,574.260993,0.744092,0,0,0,0,0
0,35,trunk,574.260995,574.264759,0.003764,431890432,-280,1,0,0
0,35,expert,574.312573,575.082518,0.769945,263331840,0,0,15,0
0,35,compute,574.264781,575.202894,0.938113,0,0,0,0,0
0,36,trunk,575.202896,575.206368,0.003472,645562368,-281,1,0,0
0,36,expert,575.275329,576.025757,0.750428,263331840,0,0,15,0
0,36,compute,575.206389,576.162181,0.955792,0,0,0,0,0
0,37,trunk,576.162184,576.165760,0.003576,645562368,-282,1,0,0
0,37,expert,576.231307,576.955476,0.724169,245776384,0,0,14,0
0,37,compute,576.165813,577.074208,0.908395,0,0,0,0,0
0,38,trunk,577.074211,577.077812,0.003601,645562368,-283,1,0,0
0,38,expert,577.148246,577.623521,0.475275,193110016,0,0,11,0
0,38,compute,577.077864,577.746215,0.668351,0,0,0,0,0
0,39,trunk,577.746217,577.749698,0.003482,431890432,-284,1,0,0
0,39,expert,577.794420,578.502014,0.707594,210665472,0,0,12,0
0,39,compute,577.749720,578.633518,0.883798,0,0,0,0,0
0,40,trunk,578.633520,578.637144,0.003624,645562368,-285,1,0,0
0,40,expert,578.699689,579.423761,0.724072,210665472,0,0,12,0
0,40,compute,578.637167,579.531018,0.893851,0,0,0,0,0
0,41,trunk,579.531020,579.534903,0.003883,645562368,-286,1,0,0
0,41,expert,579.600675,580.284810,0.684136,210665472,0,0,12,0
0,41,compute,579.534938,580.423002,0.888064,0,0,0,0,0
0,42,trunk,580.423004,580.426718,0.003714,645562368,-287,1,0,0
0,42,expert,580.495886,580.965484,0.469598,157999104,0,0,9,0
0,42,compute,580.426783,581.082348,0.655565,0,0,0,0,0
0,43,trunk,581.082350,581.086054,0.003704,431890432,-288,1,0,0
0,43,expert,581.148700,581.865705,0.717005,193110016,0,0,11,0
0,43,compute,581.086146,581.982175,0.896029,0,0,0,0,0
0,44,trunk,581.982177,581.985751,0.003574,645562368,-289,1,0,0
0,44,expert,582.048156,582.799986,0.751830,245776384,0,0,14,0
0,44,compute,581.985774,582.918884,0.933110,0,0,0,0,0
0,45,trunk,582.918886,582.924802,0.005916,645562368,-290,1,0,0
0,45,expert,582.987020,583.593936,0.606916,193110016,0,0,11,0
0,45,compute,582.924824,583.734538,0.809713,0,0,0,0,0
0,46,trunk,583.734540,583.737924,0.003384,645562368,-291,1,0,0
0,46,expert,583.795539,584.308487,0.512948,193110016,0,0,11,0
0,46,compute,583.737963,584.438331,0.700368,0,0,0,0,0
0,47,trunk,584.438333,584.442161,0.003827,431890432,-292,1,0,0
0,47,expert,584.501657,585.213748,0.712091,228220928,0,0,13,0
0,47,compute,584.442183,585.323239,0.881056,0,0,0,0,0
0,48,trunk,585.323241,585.326596,0.003355,645562368,-293,1,0,0
0,48,expert,585.392594,586.081194,0.688601,210665472,0,0,12,0
0,48,compute,585.326616,586.198187,0.871571,0,0,0,0,0
0,49,trunk,586.198189,586.201804,0.003615,645562368,-294,1,0,0
0,49,expert,586.297562,587.032594,0.735033,263331840,0,0,15,0
0,49,compute,586.201827,587.140846,0.939019,0,0,0,0,0
0,50,trunk,587.140848,587.144921,0.004073,645562368,-295,1,0,0
0,50,expert,587.209462,587.750267,0.540805,228220928,0,0,13,0
0,50,compute,587.144959,587.854946,0.709987,0,0,0,0,0
0,51,trunk,587.854947,587.858401,0.003454,431890432,-296,1,0,0
0,51,expert,587.904361,588.610114,0.705753,228220928,0,0,13,0
0,51,compute,587.858431,588.736095,0.877665,0,0,0,0,0
0,52,trunk,588.736097,588.739933,0.003835,645562368,-297,1,0,0
0,52,expert,588.808534,589.507688,0.699154,210665472,0,0,12,0
0,52,compute,588.739959,589.630322,0.890362,0,0,0,0,0
0,53,trunk,589.630324,589.635491,0.005167,645562368,-298,1,0,0
0,53,expert,589.710527,590.418002,0.707476,228220928,0,0,13,0
0,53,compute,589.635513,590.538693,0.903180,0,0,0,0,0
0,54,trunk,590.538695,590.542038,0.003343,645562368,-299,1,0,0
0,54,expert,590.613550,591.162853,0.549303,245776384,0,0,14,0
0,54,compute,590.542073,591.274341,0.732268,0,0,0,0,0
0,55,trunk,591.274343,591.278052,0.003709,431890432,-300,1,0,0
0,55,expert,591.318204,592.052165,0.733962,228220928,0,0,13,0
0,55,compute,591.278075,592.166297,0.888221,0,0,0,0,0
0,56,trunk,592.166298,592.170040,0.003742,645562368,-301,1,0,0
0,56,expert,592.230530,592.985241,0.754711,263331840,0,0,15,0
0,56,compute,592.170061,593.109487,0.939426,0,0,0,0,0
0,57,trunk,593.109489,593.113343,0.003854,645562368,-302,1,0,0
0,57,expert,593.187292,593.937345,0.750052,263331840,0,0,15,0
0,57,compute,593.113368,594.073433,0.960065,0,0,0,0,0
0,58,trunk,594.073437,594.077337,0.003900,645562368,-303,1,0,0
0,58,expert,594.149290,594.621570,0.472280,175554560,0,0,10,0
0,58,compute,594.077360,594.734817,0.657457,0,0,0,0,0
0,59,trunk,594.734820,594.739022,0.004203,431890432,-304,1,0,0
0,59,expert,594.802147,595.476178,0.674031,175554560,0,0,10,0
0,59,compute,594.739046,595.577064,0.838019,0,0,0,0,0
0,60,trunk,595.577066,595.580399,0.003332,645562368,-305,1,0,0
0,60,expert,595.648969,596.423727,0.774758,228220928,0,0,13,0
0,60,compute,595.580423,596.531193,0.950770,0,0,0,0,0
0,61,trunk,596.531195,596.534782,0.003587,645562368,-306,1,0,0
0,61,expert,596.603608,597.319869,0.716262,245776384,0,0,14,0
0,61,compute,596.534804,597.431096,0.896292,0,0,0,0,0
0,62,trunk,597.431098,597.434701,0.003603,645562368,-307,1,0,0
0,62,expert,597.521416,597.974291,0.452875,175554560,0,0,10,0
0,62,compute,597.434719,598.094200,0.659481,0,0,0,0,0
0,63,trunk,598.094202,598.097742,0.003540,431890432,-308,1,0,0
0,63,expert,598.142297,598.806853,0.664556,245776384,0,0,14,0
0,63,compute,598.097769,598.930480,0.832711,0,0,0,0,0
0,64,trunk,598.930482,598.933835,0.003353,645562368,-309,1,0,0
0,64,expert,599.006602,599.717389,0.710786,210665472,0,0,12,0
0,64,compute,598.933856,599.844496,0.910640,0,0,0,0,0
0,65,trunk,599.844498,599.848440,0.003942,645562368,-310,1,0,0
0,65,expert,599.918614,600.620944,0.702330,228220928,0,0,13,0
0,65,compute,599.848515,600.734180,0.885665,0,0,0,0,0
0,66,trunk,600.734182,600.737576,0.003393,645562368,-311,1,0,0
0,66,expert,600.809702,601.340479,0.530777,228220928,0,0,13,0
0,66,compute,600.737627,601.474967,0.737340,0,0,0,0,0
0,67,trunk,601.474969,601.478679,0.003710,431890432,-312,1,0,0
0,67,expert,601.520714,602.277241,0.756528,245776384,0,0,14,0
0,67,compute,601.478717,602.387534,0.908817,0,0,0,0,0
0,68,trunk,602.387536,602.391162,0.003626,645562368,-313,1,0,0
0,68,expert,602.448859,603.208439,0.759580,263331840,0,0,15,0
0,68,compute,602.391185,603.306679,0.915494,0,0,0,0,0
0,69,trunk,603.306681,603.310110,0.003428,645562368,-314,1,0,0
0,69,expert,603.378235,604.063949,0.685714,175554560,0,0,10,0
0,69,compute,603.310131,604.177475,0.867344,0,0,0,0,0
0,70,trunk,604.177478,604.180816,0.003338,645562368,-315,1,0,0
0,70,expert,604.244750,604.693474,0.448725,140443648,0,0,8,0
0,70,compute,604.180837,604.809324,0.628486,0,0,0,0,0
0,71,trunk,604.809346,604.812977,0.003631,431890432,-316,1,0,0
0,71,expert,604.856403,605.588711,0.732308,228220928,0,0,13,0
0,71,compute,604.812998,605.710710,0.897712,0,0,0,0,0
0,72,trunk,605.710712,605.722068,0.011356,645562368,-317,1,0,0
0,72,expert,605.797878,606.515732,0.717854,210665472,0,0,12,0
0,72,compute,605.722120,606.646215,0.924095,0,0,0,0,0
0,73,trunk,606.646218,606.650499,0.004282,645562368,-318,1,0,0
0,73,expert,606.729271,607.442733,0.713461,210665472,0,0,12,0
0,73,compute,606.650532,607.577912,0.927380,0,0,0,0,0
0,74,trunk,607.577914,607.581763,0.003849,645562368,-319,1,0,0
0,74,expert,607.659536,608.108366,0.448830,157999104,0,0,9,0
0,74,compute,607.581808,608.224351,0.642543,0,0,0,0,0
0,75,trunk,608.224353,608.228452,0.004099,431890432,-320,1,0,0
0,75,expert,608.283517,608.900808,0.617291,140443648,0,0,8,0
0,75,compute,608.228473,609.038540,0.810067,0,0,0,0,0
0,76,trunk,609.038542,609.043111,0.004569,645562368,-321,1,0,0
0,76,expert,609.121728,609.796792,0.675064,228220928,0,0,13,0
0,76,compute,609.043142,609.934228,0.891086,0,0,0,0,0
0,77,trunk,609.934230,609.938030,0.003800,645562368,-322,1,0,0
0,77,expert,610.004699,610.678281,0.673582,157999104,0,0,9,0
0,77,compute,609.938052,610.791638,0.853586,0,0,0,0,0
0,78,trunk,610.791640,610.795179,0.003538,645562368,-323,1,0,0
0,78,expert,610.863235,611.354740,0.491505,175554560,0,0,10,0
0,78,compute,610.795217,611.482219,0.687002,0,0,0,0,0
0,79,trunk,611.482222,611.486269,0.004047,431890432,-324,1,0,0
0,79,expert,611.534174,612.204851,0.670677,157999104,0,0,9,0
0,79,compute,611.486292,612.322301,0.836008,0,0,0,0,0
0,80,trunk,612.322302,612.328210,0.005908,645562368,-325,1,0,0
0,80,expert,612.391050,613.088421,0.697371,228220928,0,0,13,0
0,80,compute,612.328245,613.210220,0.881976,0,0,0,0,0
0,81,trunk,613.210222,613.213447,0.003225,645562368,-326,1,0,0
0,81,expert,613.287477,614.015614,0.728137,245776384,0,0,14,0
0,81,compute,613.213468,614.134226,0.920758,0,0,0,0,0
0,82,trunk,614.134228,614.137667,0.003439,645562368,-327,1,0,0
0,82,expert,614.207313,614.746594,0.539282,228220928,0,0,13,0
0,82,compute,614.137690,614.852203,0.714513,0,0,0,0,0
0,83,trunk,614.852205,614.858904,0.006700,431890432,-328,1,0,0
0,83,expert,614.895367,615.636558,0.741191,210665472,0,0,12,0
0,83,compute,614.858968,615.754514,0.895545,0,0,0,0,0
0,84,trunk,615.754515,615.757905,0.003389,645562368,-329,1,0,0
0,84,expert,615.823957,616.545729,0.721772,228220928,0,0,13,0
0,84,compute,615.757928,616.674178,0.916250,0,0,0,0,0
0,85,trunk,616.674180,616.677668,0.003489,645562368,-330,1,0,0
0,85,expert,616.743123,617.461852,0.718730,228220928,0,0,13,0
0,85,compute,616.677731,617.574169,0.896437,0,0,0,0,0
0,86,trunk,617.574171,617.578143,0.003972,645562368,-331,1,0,0
0,86,expert,617.641091,618.145916,0.504825,210665472,0,0,12,0
0,86,compute,617.578177,618.266210,0.688032,0,0,0,0,0
0,87,trunk,618.266212,618.269798,0.003586,431890432,-332,1,0,0
0,87,expert,618.308813,618.995723,0.686909,157999104,0,0,9,0
0,87,compute,618.269823,619.102820,0.832998,0,0,0,0,0
0,88,trunk,619.102822,619.106842,0.004019,645562368,-333,1,0,0
0,88,expert,619.187047,619.877183,0.690136,228220928,0,0,13,0
0,88,compute,619.106870,619.998351,0.891481,0,0,0,0,0
0,89,trunk,619.998354,620.001950,0.003597,645562368,-334,1,0,0
0,89,expert,620.077805,620.604275,0.526469,175554560,0,0,10,0
0,89,compute,620.001975,620.718740,0.716765,0,0,0,0,0
0,90,trunk,620.718742,620.778721,0.059979,645562368,-335,1,0,0
0,90,expert,620.850530,621.332115,0.481585,175554560,0,0,10,0
0,90,compute,620.778816,621.454674,0.675858,0,0,0,0,0
0,91,trunk,621.454676,621.458299,0.003623,431890432,-336,1,0,0
0,91,expert,621.505504,621.991936,0.486432,157999104,0,0,9,0
0,91,compute,621.458340,622.091762,0.633422,0,0,0,0,0
0,92,trunk,622.091765,622.095278,0.003513,431890432,-337,1,0,0
0,92,expert,622.127172,622.297179,0.170008,210665472,0,0,12,0
0,92,compute,622.095279,622.416412,0.321133,0,0,0,0,0
0,0,trunk,622.519095,622.519134,0.000039,0,-337,0,0,0
0,0,compute,622.519135,622.637386,0.118251,0,0,0,0,0
0,1,trunk,622.637388,622.641004,0.003616,0,-336,0,0,0
0,1,expert,622.712744,622.913822,0.201078,245776384,0,0,14,0
0,1,compute,622.641006,623.025943,0.384937,0,0,0,0,0
0,2,trunk,623.025945,623.029378,0.003433,0,-335,0,0,0
0,2,expert,623.098652,623.275927,0.177275,210665472,0,0,12,0
0,2,compute,623.029379,623.381176,0.351797,0,0,0,0,0
0,3,trunk,623.381177,623.384680,0.003502,0,-334,0,0,0
0,3,expert,623.430493,623.577443,0.146950,175554560,0,0,10,0
0,3,compute,623.384681,623.698191,0.313510,0,0,0,0,0
0,4,trunk,623.698193,623.701617,0.003423,0,-333,0,0,0
0,4,expert,623.766380,623.944415,0.178035,210665472,0,0,12,0
0,4,compute,623.701619,624.074205,0.372587,0,0,0,0,0
0,5,trunk,624.074208,624.077758,0.003551,0,-332,0,0,0
0,5,expert,624.131789,624.235538,0.103749,122888192,0,0,7,0
0,5,compute,624.077760,624.349330,0.271570,0,0,0,0,0
0,6,trunk,624.349331,624.353075,0.003744,0,-331,0,0,0
0,6,expert,624.413854,624.633111,0.219257,263331840,0,0,15,0
0,6,compute,624.353077,624.752807,0.399730,0,0,0,0,0
0,7,trunk,624.752809,624.757109,0.004300,0,-330,0,0,0
0,7,expert,624.795312,624.996929,0.201617,245776384,0,0,14,0
0,7,compute,624.757111,625.118485,0.361375,0,0,0,0,0
0,8,trunk,625.118487,625.121947,0.003460,0,-329,0,0,0
0,8,expert,625.191083,625.396416,0.205333,245776384,0,0,14,0
0,8,compute,625.121949,625.499271,0.377322,0,0,0,0,0
0,9,trunk,625.499272,625.503130,0.003858,0,-328,0,0,0
0,9,expert,625.562471,625.743006,0.180535,210665472,0,0,12,0
0,9,compute,625.503132,625.859867,0.356735,0,0,0,0,0
0,10,trunk,625.859869,625.863451,0.003582,0,-327,0,0,0
0,10,expert,625.922777,626.067107,0.144330,175554560,0,0,10,0
0,10,compute,625.863454,626.174487,0.311034,0,0,0,0,0
0,11,trunk,626.174489,626.177886,0.003397,0,-326,0,0,0
0,11,expert,626.214931,626.391461,0.176530,210665472,0,0,12,0
0,11,compute,626.177888,626.507242,0.329354,0,0,0,0,0
0,12,trunk,626.507243,626.510785,0.003541,0,-325,0,0,0
0,12,expert,626.578253,626.777539,0.199286,228220928,0,0,13,0
0,12,compute,626.510786,626.894187,0.383401,0,0,0,0,0
0,13,trunk,626.894189,626.897523,0.003334,0,-324,0,0,0
0,13,expert,626.972268,627.167165,0.194896,228220928,0,0,13,0
0,13,compute,626.897525,627.282207,0.384682,0,0,0,0,0
0,14,trunk,627.282209,627.285736,0.003527,0,-323,0,0,0
0,14,expert,627.347988,627.587908,0.239920,280887296,0,0,16,0
0,14,compute,627.285737,627.702148,0.416411,0,0,0,0,0
0,15,trunk,627.702149,627.705710,0.003561,0,-322,0,0,0
0,15,expert,627.737603,627.943025,0.205422,245776384,0,0,14,0
0,15,compute,627.705712,628.058986,0.353274,0,0,0,0,0
0,16,trunk,628.058987,628.062552,0.003565,0,-321,0,0,0
0,16,expert,628.121969,628.287611,0.165642,193110016,0,0,11,0
0,16,compute,628.062554,628.398101,0.335547,0,0,0,0,0
0,17,trunk,628.398103,628.401681,0.003579,0,-320,0,0,0
0,17,expert,628.464405,628.652738,0.188333,228220928,0,0,13,0
0,17,compute,628.401683,628.790388,0.388704,0,0,0,0,0
0,18,trunk,628.790389,628.793878,0.003488,0,-319,0,0,0
0,18,expert,628.857253,629.032804,0.175551,210665472,0,0,12,0
0,18,compute,628.793879,629.139319,0.345440,0,0,0,0,0
0,19,trunk,629.139320,629.142957,0.003636,0,-318,0,0,0
0,19,expert,629.191766,629.396233,0.204467,245776384,0,0,14,0
0,19,compute,629.142958,629.517553,0.374595,0,0,0,0,0
0,20,trunk,629.517555,629.521581,0.004026,0,-317,0,0,0
0,20,expert,629.588318,629.739173,0.150855,175554560,0,0,10,0
0,20,compute,629.521583,629.862183,0.340600,0,0,0,0,0
0,21,trunk,629.862185,629.865637,0.003452,0,-316,0,0,0
0,21,expert,629.939960,630.650300,0.710340,228220928,0,0,13,0
0,21,compute,629.865665,630.767809,0.902144,0,0,0,0,0
0,22,trunk,630.767810,630.771521,0.003711,645562368,-316,1,0,0
0,22,expert,630.846684,631.325449,0.478764,175554560,0,0,10,0
0,22,compute,630.771551,631.433793,0.662242,0,0,0,0,0
0,23,trunk,631.433795,631.437222,0.003427,431890432,-317,1,0,0
0,23,expert,631.477504,632.146867,0.669363,210665472,0,0,12,0
0,23,compute,631.437243,632.274515,0.837272,0,0,0,0,0
0,24,trunk,632.274517,632.277896,0.003379,645562368,-318,1,0,0
0,24,expert,632.346649,633.139283,0.792634,263331840,0,0,15,0
0,24,compute,632.277918,633.266228,0.988310,0,0,0,0,0
0,25,trunk,633.266231,633.269739,0.003508,645562368,-319,1,0,0
0,25,expert,633.342614,634.048921,0.706307,228220928,0,0,13,0
0,25,compute,633.269766,634.168817,0.899051,0,0,0,0,0
0,26,trunk,634.168820,634.172391,0.003571,645562368,-320,1,0,0
0,26,expert,634.242327,634.759083,0.516756,228220928,0,0,13,0
0,26,compute,634.172409,634.886558,0.714149,0,0,0,0,0
0,27,trunk,634.886638,634.890547,0.003909,431890432,-321,1,0,0
0,27,expert,634.938354,635.636282,0.697928,263331840,0,0,15,0
0,27,compute,634.890568,635.763816,0.873248,0,0,0,0,0
0,28,trunk,635.763818,635.767410,0.003592,645562368,-322,1,0,0
0,28,expert,635.840285,636.499846,0.659561,245776384,0,0,14,0
0,28,compute,635.767448,636.633342,0.865895,0,0,0,0,0
0,29,trunk,636.633345,636.636791,0.003446,645562368,-323,1,0,0
0,29,expert,636.703527,637.421921,0.718394,245776384,0,0,14,0
0,29,compute,636.636824,637.549484,0.912660,0,0,0,0,0
0,30,trunk,637.549486,637.553729,0.004243,645562368,-324,1,0,0
0,30,expert,637.624591,638.125830,0.501239,193110016,0,0,11,0
0,30,compute,637.553774,638.232394,0.678620,0,0,0,0,0
0,31,trunk,638.232396,638.236280,0.003884,431890432,-325,1,0,0
0,31,expert,638.274338,639.003530,0.729192,228220928,0,0,13,0
0,31,compute,638.236313,639.127140,0.890828,0,0,0,0,0
0,32,trunk,639.127143,639.130824,0.003681,645562368,-326,1,0,0
0,32,expert,639.192177,639.800390,0.608213,193110016,0,0,11,0
0,32,compute,639.130849,639.918433,0.787584,0,0,0,0,0
0,33,trunk,639.918435,639.922099,0.003663,645562368,-327,1,0,0
0,33,expert,639.987578,640.754652,0.767075,245776384,0,0,14,0
0,33,compute,639.922127,640.852567,0.930440,0,0,0,0,0
0,34,trunk,640.852569,640.855965,0.003396,645562368,-328,1,0,0
0,34,expert,640.935248,641.457484,0.522236,245776384,0,0,14,0
0,34,compute,640.855995,641.572193,0.716198,0,0,0,0,0
0,35,trunk,641.572195,641.575828,0.003633,431890432,-329,1,0,0
0,35,expert,641.622731,642.237835,0.615104,193110016,0,0,11,0
0,35,compute,641.575865,642.369835,0.793971,0,0,0,0,0
0,36,trunk,642.369837,642.373577,0.003740,645562368,-330,1,0,0
0,36,expert,642.437929,642.988254,0.550325,245776384,0,0,14,0
0,36,compute,642.373598,643.109888,0.736290,0,0,0,0,0
0,37,trunk,643.109891,643.181151,0.071260,645562368,-331,1,0,0
0,37,expert,643.254340,643.980143,0.725803,245776384,0,0,14,0
0,37,compute,643.181204,644.094503,0.913299,0,0,0,0,0
0,38,trunk,644.094505,644.098092,0.003587,645562368,-332,1,0,0
0,38,expert,644.162615,644.635969,0.473353,193110016,0,0,11,0
0,38,compute,644.098113,644.744572,0.646460,0,0,0,0,0
0,39,trunk,644.744574,644.748870,0.004296,431890432,-333,1,0,0
0,39,expert,644.794275,645.523970,0.729695,245776384,0,0,14,0
0,39,compute,644.748914,645.658205,0.909291,0,0,0,0,0
0,40,trunk,645.658207,645.661788,0.003581,645562368,-334,1,0,0
0,40,expert,645.735342,646.456044,0.720702,228220928,0,0,13,0
0,40,compute,645.661810,646.572038,0.910228,0,0,0,0,0
0,41,trunk,646.572040,646.575320,0.003280,645562368,-335,1,0,0
0,41,expert,646.642953,647.287779,0.644826,157999104,0,0,9,0
0,41,compute,646.575345,647.396915,0.821570,0,0,0,0,0
0,42,trunk,647.396917,647.400771,0.003854,645562368,-336,1,0,0
0,42,expert,647.467082,647.920106,0.453024,140443648,0,0,8,0
0,42,compute,647.400792,648.041507,0.640716,0,0,0,0,0
0,43,trunk,648.041509,648.045539,0.004030,431890432,-337,1,0,0
0,43,expert,648.084344,648.752021,0.667676,157999104,0,0,9,0
0,43,compute,648.045561,648.874208,0.828647,0,0,0,0,0
0,44,trunk,648.874210,648.877999,0.003789,645562368,-338,1,0,0
0,44,expert,648.951403,649.574265,0.622863,210665472,0,0,12,0
0,44,compute,648.878041,649.690503,0.812462,0,0,0,0,0
0,45,trunk,649.690505,649.694025,0.003520,645562368,-339,1,0,0
0,45,expert,649.772421,650.441131,0.668711,175554560,0,0,10,0
0,45,compute,649.694046,650.558176,0.864130,0,0,0,0,0
0,46,trunk,650.558178,650.561710,0.003532,645562368,-340,1,0,0
0,46,expert,650.631321,651.114422,0.483101,175554560,0,0,10,0
0,46,compute,650.561748,651.224995,0.663247,0,0,0,0,0
0,47,trunk,651.224996,651.228422,0.003426,431890432,-341,1,0,0
0,47,expert,651.275554,651.899682,0.624128,193110016,0,0,11,0
0,47,compute,651.228441,652.006458,0.778017,0,0,0,0,0
0,48,trunk,652.006460,652.010091,0.003631,645562368,-342,1,0,0
0,48,expert,652.077634,652.778619,0.700985,228220928,0,0,13,0
0,48,compute,652.010113,652.902164,0.892051,0,0,0,0,0
0,49,trunk,652.902166,652.905708,0.003542,645562368,-343,1,0,0
0,49,expert,652.984152,653.738189,0.754038,263331840,0,0,15,0
0,49,compute,652.905749,653.853547,0.947798,0,0,0,0,0
0,50,trunk,653.853549,653.857211,0.003662,645562368,-344,1,0,0
0,50,expert,653.916788,654.435685,0.518897,210665472,0,0,12,0
0,50,compute,653.857240,654.550477,0.693237,0,0,0,0,0
0,51,trunk,654.550479,654.554456,0.003977,431890432,-345,1,0,0
0,51,expert,654.605711,655.273250,0.667539,193110016,0,0,11,0
0,51,compute,654.554540,655.394232,0.839692,0,0,0,0,0
0,52,trunk,655.394234,655.397770,0.003537,645562368,-346,1,0,0
0,52,expert,655.470557,656.163647,0.693090,228220928,0,0,13,0
0,52,compute,655.397793,656.289478,0.891686,0,0,0,0,0
0,53,trunk,656.289480,656.293066,0.003586,645562368,-347,1,0,0
0,53,expert,656.358776,657.082678,0.723901,210665472,0,0,12,0
0,53,compute,656.293086,657.176865,0.883779,0,0,0,0,0
0,54,trunk,657.176867,657.180325,0.003458,645562368,-348,1,0,0
0,54,expert,657.251296,657.752248,0.500952,210665472,0,0,12,0
0,54,compute,657.180359,657.850269,0.669910,0,0,0,0,0
0,55,trunk,657.850271,657.853951,0.003680,431890432,-349,1,0,0
0,55,expert,657.898292,658.605904,0.707612,210665472,0,0,12,0
0,55,compute,657.853973,658.713803,0.859831,0,0,0,0,0
0,56,trunk,658.713805,658.717411,0.003606,645562368,-350,1,0,0
0,56,expert,658.796798,659.470363,0.673566,193110016,0,0,11,0
0,56,compute,658.717430,659.590416,0.872986,0,0,0,0,0
0,57,trunk,659.590418,659.594067,0.003649,645562368,-351,1,0,0
0,57,expert,659.662757,660.403395,0.740638,245776384,0,0,14,0
0,57,compute,659.594089,660.518345,0.924256,0,0,0,0,0
0,58,trunk,660.518347,660.521884,0.003537,645562368,-352,1,0,0
0,58,expert,660.585851,661.078859,0.493007,175554560,0,0,10,0
0,58,compute,660.521906,661.198192,0.676286,0,0,0,0,0
0,59,trunk,661.198193,661.201700,0.003507,431890432,-353,1,0,0
0,59,expert,661.272392,661.751526,0.479134,157999104,0,0,9,0
0,59,compute,661.201722,661.866503,0.664780,0,0,0,0,0
0,60,trunk,661.866504,661.932236,0.065732,645562368,-354,1,0,0
0,60,expert,662.003166,662.779298,0.776132,210665472,0,0,12,0
0,60,compute,661.932280,662.919511,0.987231,0,0,0,0,0
0,61,trunk,662.919513,662.923161,0.003648,645562368,-355,1,0,0
0,61,expert,662.995823,663.690540,0.694717,210665472,0,0,12,0
0,61,compute,662.923184,663.806369,0.883185,0,0,0,0,0
0,62,trunk,663.806371,663.809995,0.003625,645562368,-356,1,0,0
0,62,expert,663.884446,664.388875,0.504430,228220928,0,0,13,0
0,62,compute,663.810056,664.681660,0.871604,0,0,0,0,0
0,63,trunk,664.681662,664.685543,0.003880,431890432,-357,1,0,0
0,63,expert,664.726861,665.437204,0.710344,210665472,0,0,12,0
0,63,compute,664.685584,665.554485,0.868901,0,0,0,0,0
0,64,trunk,665.554487,665.558007,0.003521,645562368,-358,1,0,0
0,64,expert,665.626872,666.333978,0.707106,210665472,0,0,12,0
0,64,compute,665.558034,666.440978,0.882944,0,0,0,0,0
0,65,trunk,666.440980,666.444312,0.003332,645562368,-359,1,0,0
0,65,expert,666.511965,667.201500,0.689534,193110016,0,0,11,0
0,65,compute,666.444330,667.306077,0.861747,0,0,0,0,0
0,66,trunk,667.306079,667.309445,0.003365,645562368,-360,1,0,0
0,66,expert,667.372607,667.863041,0.490434,175554560,0,0,10,0
0,66,compute,667.309466,667.975219,0.665753,0,0,0,0,0
0,67,trunk,667.975221,667.978929,0.003708,431890432,-361,1,0,0
0,67,expert,668.024783,668.758079,0.733296,228220928,0,0,13,0
0,67,compute,667.978951,668.877386,0.898435,0,0,0,0,0
0,68,trunk,668.877389,668.881045,0.003657,645562368,-362,1,0,0
0,68,expert,668.946506,669.663528,0.717022,210665472,0,0,12,0
0,68,compute,668.881091,669.773381,0.892290,0,0,0,0,0
0,69,trunk,669.773382,669.776681,0.003298,645562368,-363,1,0,0
0,69,expert,669.854680,670.552956,0.698276,210665472,0,0,12,0
0,69,compute,669.776699,670.674293,0.897594,0,0,0,0,0
0,70,trunk,670.674295,670.677824,0.003529,645562368,-364,1,0,0
0,70,expert,670.747263,671.218209,0.470945,175554560,0,0,10,0
0,70,compute,670.677890,671.325415,0.647526,0,0,0,0,0
0,71,trunk,671.325417,671.328908,0.003491,431890432,-365,1,0,0
0,71,expert,671.374348,672.108817,0.734469,175554560,0,0,10,0
0,71,compute,671.328928,672.215945,0.887018,0,0,0,0,0
0,72,trunk,672.215948,672.220342,0.004395,645562368,-366,1,0,0
0,72,expert,672.294963,672.992362,0.697398,193110016,0,0,11,0
0,72,compute,672.220362,673.132016,0.911654,0,0,0,0,0
0,73,trunk,673.132017,673.135722,0.003704,645562368,-367,1,0,0
0,73,expert,673.256874,673.884867,0.627994,228220928,0,0,13,0
0,73,compute,673.135751,674.010769,0.875018,0,0,0,0,0
0,74,trunk,674.010770,674.014210,0.003440,645562368,-368,1,0,0
0,74,expert,674.080100,674.525958,0.445858,122888192,0,0,7,0
0,74,compute,674.014232,674.634689,0.620457,0,0,0,0,0
0,75,trunk,674.634690,674.638568,0.003878,431890432,-369,1,0,0
0,75,expert,674.689863,675.354536,0.664673,140443648,0,0,8,0
0,75,compute,674.638589,675.492516,0.853926,0,0,0,0,0
0,76,trunk,675.492518,675.497160,0.004642,645562368,-370,1,0,0
0,76,expert,675.561438,676.199763,0.638325,175554560,0,0,10,0
0,76,compute,675.497185,676.325605,0.828420,0,0,0,0,0
0,77,trunk,676.325607,676.328970,0.003364,645562368,-371,1,0,0
0,77,expert,676.400219,676.905380,0.505161,157999104,0,0,9,0
0,77,compute,676.328989,677.026205,0.697215,0,0,0,0,0
0,78,trunk,677.026206,677.060129,0.033923,645562368,-372,1,0,0
0,78,expert,677.133811,677.626140,0.492330,193110016,0,0,11,0
0,78,compute,677.060168,677.761545,0.701377,0,0,0,0,0
0,79,trunk,677.761547,677.765127,0.003580,431890432,-373,1,0,0
0,79,expert,677.811196,678.461656,0.650460,157999104,0,0,9,0
0,79,compute,677.765153,678.586186,0.821034,0,0,0,0,0
0,80,trunk,678.586188,678.589742,0.003554,645562368,-374,1,0,0
0,80,expert,678.656481,679.296514,0.640033,175554560,0,0,10,0
0,80,compute,678.589765,679.416674,0.826909,0,0,0,0,0
0,81,trunk,679.416676,679.420073,0.003397,645562368,-375,1,0,0
0,81,expert,679.486692,680.213744,0.727052,228220928,0,0,13,0
0,81,compute,679.420091,680.346201,0.926110,0,0,0,0,0
0,82,trunk,680.346203,680.349932,0.003729,645562368,-376,1,0,0
0,82,expert,680.421575,680.929531,0.507956,193110016,0,0,11,0
0,82,compute,680.349955,681.050217,0.700263,0,0,0,0,0
0,83,trunk,681.050219,681.053822,0.003603,431890432,-377,1,0,0
0,83,expert,681.111650,681.704494,0.592844,193110016,0,0,11,0
0,83,compute,681.053843,681.832636,0.778793,0,0,0,0,0
0,84,trunk,681.832638,681.836248,0.003610,645562368,-378,1,0,0
0,84,expert,681.910190,682.626103,0.715913,210665472,0,0,12,0
0,84,compute,681.836285,682.749462,0.913177,0,0,0,0,0
0,85,trunk,682.749464,682.753109,0.003645,645562368,-379,1,0,0
0,85,expert,682.826371,683.487581,0.661211,175554560,0,0,10,0
0,85,compute,682.753130,683.614204,0.861074,0,0,0,0,0
0,86,trunk,683.614206,683.617917,0.003711,645562368,-380,1,0,0
0,86,expert,683.691216,684.177624,0.486407,193110016,0,0,11,0
0,86,compute,683.617945,684.282309,0.664364,0,0,0,0,0
0,87,trunk,684.282311,684.285860,0.003550,431890432,-381,1,0,0
0,87,expert,684.328972,684.986030,0.657058,157999104,0,0,9,0
0,87,compute,684.285883,685.103031,0.817149,0,0,0,0,0
0,88,trunk,685.103033,685.106394,0.003361,645562368,-382,1,0,0
0,88,expert,685.176176,685.860481,0.684305,193110016,0,0,11,0
0,88,compute,685.106415,685.973908,0.867493,0,0,0,0,0
0,89,trunk,685.973911,685.978056,0.004146,645562368,-383,1,0,0
0,89,expert,686.041276,686.705984,0.664708,122888192,0,0,7,0
0,89,compute,685.978081,686.814693,0.836611,0,0,0,0,0
0,90,trunk,686.814695,686.819009,0.004314,645562368,-384,1,0,0
0,90,expert,686.893047,687.345893,0.452846,140443648,0,0,8,0
0,90,compute,686.819031,687.470259,0.651228,0,0,0,0,0
0,91,trunk,687.470261,687.473658,0.003397,431890432,-385,1,0,0
0,91,expert,687.518219,687.993532,0.475313,140443648,0,0,8,0
0,91,compute,687.473679,688.111058,0.637379,0,0,0,0,0
0,92,trunk,688.111060,688.115414,0.004355,431890432,-386,1,0,0
0,92,expert,688.161010,688.318952,0.157941,193110016,0,0,11,0
0,92,compute,688.115417,688.584825,0.469408,0,0,0,0,0
0,0,trunk,688.690542,688.690583,0.000041,0,-386,0,0,0
0,0,compute,688.690584,688.808735,0.118151,0,0,0,0,0
0,1,trunk,688.808736,688.812744,0.004008,0,-385,0,0,0
0,1,expert,688.878520,689.092499,0.213979,263331840,0,0,15,0
0,1,compute,688.812746,689.201786,0.389039,0,0,0,0,0
0,2,trunk,689.201787,689.205181,0.003393,0,-384,0,0,0
0,2,expert,689.267606,689.474522,0.206916,245776384,0,0,14,0
0,2,compute,689.205183,689.581259,0.376077,0,0,0,0,0
0,3,trunk,689.581261,689.585232,0.003971,0,-383,0,0,0
0,3,expert,689.620170,689.765519,0.145349,175554560,0,0,10,0
0,3,compute,689.585234,689.887067,0.301834,0,0,0,0,0
0,4,trunk,689.887069,689.890547,0.003478,0,-382,0,0,0
0,4,expert,689.958802,690.157900,0.199098,245776384,0,0,14,0
0,4,compute,689.890548,690.293279,0.402730,0,0,0,0,0
0,5,trunk,690.293280,690.296941,0.003661,0,-381,0,0,0
0,5,expert,690.361062,690.552488,0.191427,228220928,0,0,13,0
0,5,compute,690.296944,690.667439,0.370496,0,0,0,0,0
0,6,trunk,690.667440,690.671032,0.003591,0,-380,0,0,0
0,6,expert,690.730260,690.950667,0.220407,263331840,0,0,15,0
0,6,compute,690.671034,691.074717,0.403683,0,0,0,0,0
0,7,trunk,691.074718,691.078303,0.003584,0,-379,0,0,0
0,7,expert,691.117877,691.334090,0.216213,263331840,0,0,15,0
0,7,compute,691.078338,691.450443,0.372105,0,0,0,0,0
0,8,trunk,691.450444,691.453918,0.003474,0,-378,0,0,0
0,8,expert,691.523533,691.739635,0.216102,263331840,0,0,15,0
0,8,compute,691.453921,691.874227,0.420306,0,0,0,0,0
0,9,trunk,691.874229,691.877677,0.003448,0,-377,0,0,0
0,9,expert,691.945713,692.159454,0.213742,263331840,0,0,15,0
0,9,compute,691.877679,692.267942,0.390263,0,0,0,0,0
0,10,trunk,692.267944,692.271434,0.003490,0,-376,0,0,0
0,10,expert,692.338519,692.507034,0.168514,210665472,0,0,12,0
0,10,compute,692.271436,692.622195,0.350758,0,0,0,0,0
0,11,trunk,692.622197,692.625660,0.003463,0,-375,0,0,0
0,11,expert,692.664179,692.848494,0.184316,228220928,0,0,13,0
0,11,compute,692.625662,692.959439,0.333777,0,0,0,0,0
0,12,trunk,692.959441,692.962928,0.003487,0,-374,0,0,0
0,12,expert,693.018587,693.203095,0.184508,228220928,0,0,13,0
0,12,compute,692.962929,693.346159,0.383230,0,0,0,0,0
0,13,trunk,693.346161,693.350056,0.003896,0,-373,0,0,0
0,13,expert,693.412617,693.638368,0.225751,263331840,0,0,15,0
0,13,compute,693.350058,693.770197,0.420138,0,0,0,0,0
0,14,trunk,693.770198,693.773643,0.003445,0,-372,0,0,0
0,14,expert,693.841594,694.076541,0.234947,280887296,0,0,16,0
0,14,compute,693.773645,694.196232,0.422588,0,0,0,0,0
0,15,trunk,694.196234,694.200115,0.003881,0,-371,0,0,0
0,15,expert,694.236643,694.453087,0.216444,263331840,0,0,15,0
0,15,compute,694.200117,694.578709,0.378592,0,0,0,0,0
0,16,trunk,694.578711,694.582278,0.003567,0,-370,0,0,0
0,16,expert,694.650519,694.859498,0.208979,245776384,0,0,14,0
0,16,compute,694.582279,694.993439,0.411160,0,0,0,0,0
0,17,trunk,694.993441,694.997064,0.003622,0,-369,0,0,0
0,17,expert,695.069453,695.257316,0.187863,228220928,0,0,13,0
0,17,compute,694.997065,695.360765,0.363699,0,0,0,0,0
0,18,trunk,695.360767,695.364146,0.003379,0,-368,0,0,0
0,18,expert,695.425252,695.586996,0.161745,193110016,0,0,11,0
0,18,compute,695.364148,695.704555,0.340407,0,0,0,0,0
0,19,trunk,695.704557,695.708159,0.003602,0,-367,0,0,0
0,19,expert,695.741199,695.953698,0.212499,263331840,0,0,15,0
0,19,compute,695.708161,696.090228,0.382067,0,0,0,0,0
0,20,trunk,696.090230,696.094093,0.003863,0,-366,0,0,0
0,20,expert,696.157762,696.331221,0.173459,210665472,0,0,12,0
0,20,compute,696.094095,696.450317,0.356223,0,0,0,0,0
0,21,trunk,696.450319,696.453754,0.003435,0,-365,0,0,0
0,21,expert,696.524270,697.250717,0.726447,245776384,0,0,14,0
0,21,compute,696.453797,697.380168,0.926371,0,0,0,0,0
0,22,trunk,697.380170,697.383724,0.003554,645562368,-365,1,0,0
0,22,expert,697.446082,697.991861,0.545780,245776384,0,0,14,0
0,22,compute,697.383748,698.137216,0.753469,0,0,0,0,0
0,23,trunk,698.137219,698.140691,0.003473,431890432,-366,1,0,0
0,23,expert,698.182117,698.877759,0.695642,245776384,0,0,14,0
0,23,compute,698.140710,698.994216,0.853506,0,0,0,0,0
0,24,trunk,698.994218,698.997531,0.003313,645562368,-367,1,0,0
0,24,expert,699.069536,699.867938,0.798403,263331840,0,0,15,0
0,24,compute,698.997554,700.010275,1.012722,0,0,0,0,0
0,25,trunk,700.010278,700.013832,0.003554,645562368,-368,1,0,0
0,25,expert,700.085154,700.806872,0.721718,228220928,0,0,13,0
0,25,compute,700.013853,700.923251,0.909398,0,0,0,0,0
0,26,trunk,700.923253,700.926638,0.003385,645562368,-369,1,0,0
0,26,expert,700.991817,701.533041,0.541224,245776384,0,0,14,0
0,26,compute,700.926659,701.658208,0.731549,0,0,0,0,0
0,27,trunk,701.658210,701.661801,0.003591,431890432,-370,1,0,0
0,27,expert,701.701076,702.414789,0.713713,280887296,0,0,16,0
0,27,compute,701.661846,702.538241,0.876395,0,0,0,0,0
0,28,trunk,702.538244,702.541621,0.003377,645562368,-371,1,0,0
0,28,expert,702.610200,703.292234,0.682034,263331840,0,0,15,0
0,28,compute,702.541641,703.418201,0.876560,0,0,0,0,0
0,29,trunk,703.418203,703.421710,0.003507,645562368,-372,1,0,0
0,29,expert,703.493567,704.203190,0.709623,228220928,0,0,13,0
0,29,compute,703.421732,704.335151,0.913419,0,0,0,0,0
0,30,trunk,704.335153,704.338507,0.003355,645562368,-373,1,0,0
0,30,expert,704.405589,704.928065,0.522476,210665472,0,0,12,0
0,30,compute,704.338529,705.053642,0.715114,0,0,0,0,0
0,31,trunk,705.053644,705.057407,0.003762,431890432,-374,1,0,0
0,31,expert,705.097947,705.869585,0.771638,263331840,0,0,15,0
0,31,compute,705.057429,705.984701,0.927273,0,0,0,0,0
0,32,trunk,705.984750,705.988413,0.003662,645562368,-375,1,0,0
0,32,expert,706.061188,706.753934,0.692746,210665472,0,0,12,0
0,32,compute,705.988454,706.859864,0.871409,0,0,0,0,0
0,33,trunk,706.859866,706.863559,0.003693,645562368,-376,1,0,0
0,33,expert,706.924533,707.695838,0.771305,245776384,0,0,14,0
0,33,compute,706.863588,707.818330,0.954742,0,0,0,0,0
0,34,trunk,707.818332,707.822236,0.003904,645562368,-377,1,0,0
0,34,expert,707.897639,708.439751,0.542113,228220928,0,0,13,0
0,34,compute,707.822264,708.563111,0.740846,0,0,0,0,0
0,35,trunk,708.563112,708.566759,0.003647,431890432,-378,1,0,0
0,35,expert,708.612105,709.365508,0.753403,228220928,0,0,13,0
0,35,compute,708.566784,709.467908,0.901124,0,0,0,0,0
0,36,trunk,709.467910,709.471326,0.003416,645562368,-379,1,0,0
0,36,expert,709.544358,710.260997,0.716639,228220928,0,0,13,0
0,36,compute,709.471349,710.378295,0.906946,0,0,0,0,0
0,37,trunk,710.378297,710.381841,0.003544,645562368,-380,1,0,0
0,37,expert,710.461739,711.173838,0.712099,245776384,0,0,14,0
0,37,compute,710.381895,711.310206,0.928311,0,0,0,0,0
0,38,trunk,711.310207,711.313531,0.003323,645562368,-381,1,0,0
0,38,expert,711.386439,711.866586,0.480148,210665472,0,0,12,0
0,38,compute,711.313553,711.990255,0.676701,0,0,0,0,0
0,39,trunk,711.990257,711.993903,0.003646,431890432,-382,1,0,0
0,39,expert,712.035798,712.755770,0.719972,228220928,0,0,13,0
0,39,compute,711.993924,712.878453,0.884529,0,0,0,0,0
0,40,trunk,712.878454,712.881794,0.003340,645562368,-383,1,0,0
0,40,expert,712.953158,713.485450,0.532292,228220928,0,0,13,0
0,40,compute,712.881814,713.614082,0.732267,0,0,0,0,0
0,41,trunk,713.614084,713.702632,0.088548,645562368,-384,1,0,0
0,41,expert,713.773986,714.305001,0.531015,193110016,0,0,11,0
0,41,compute,713.702691,714.409251,0.706560,0,0,0,0,0
0,42,trunk,714.409253,714.454088,0.044836,645562368,-385,1,0,0
0,42,expert,714.519200,714.996318,0.477118,157999104,0,0,9,0
0,42,compute,714.454143,715.114202,0.660059,0,0,0,0,0
0,43,trunk,715.114203,715.117910,0.003706,431890432,-386,1,0,0
0,43,expert,715.162378,715.827265,0.664887,175554560,0,0,10,0
0,43,compute,715.117933,715.942232,0.824299,0,0,0,0,0
0,44,trunk,715.942234,715.945539,0.003306,645562368,-387,1,0,0
0,44,expert,716.015005,716.699007,0.684003,228220928,0,0,13,0
0,44,compute,715.945559,716.814443,0.868885,0,0,0,0,0
0,45,trunk,716.814445,716.817892,0.003447,645562368,-388,1,0,0
0,45,expert,716.882991,717.627769,0.744778,245776384,0,0,14,0
0,45,compute,716.817915,717.739799,0.921884,0,0,0,0,0
0,46,trunk,717.739801,717.743987,0.004186,645562368,-389,1,0,0
0,46,expert,717.809427,718.332987,0.523561,228220928,0,0,13,0
0,46,compute,717.744045,718.446273,0.702228,0,0,0,0,0
0,47,trunk,718.446275,718.450126,0.003851,431890432,-390,1,0,0
0,47,expert,718.488146,719.197445,0.709299,228220928,0,0,13,0
0,47,compute,718.450150,719.322183,0.872033,0,0,0,0,0
0,48,trunk,719.322185,719.325583,0.003398,645562368,-391,1,0,0
0,48,expert,719.396613,720.069593,0.672980,210665472,0,0,12,0
0,48,compute,719.325610,720.194264,0.868654,0,0,0,0,0
0,49,trunk,720.194266,720.198614,0.004348,645562368,-392,1,0,0
0,49,expert,720.269359,721.028627,0.759268,263331840,0,0,15,0
0,49,compute,720.198641,721.163029,0.964388,0,0,0,0,0
0,50,trunk,721.163031,721.166369,0.003338,645562368,-393,1,0,0
0,50,expert,721.240744,721.782606,0.541861,245776384,0,0,14,0
0,50,compute,721.166391,721.897259,0.730869,0,0,0,0,0
0,51,trunk,721.897262,721.900984,0.003722,431890432,-394,1,0,0
0,51,expert,721.950854,722.633357,0.682504,210665472,0,0,12,0
0,51,compute,721.901015,722.739688,0.838673,0,0,0,0,0
0,52,trunk,722.739690,722.743053,0.003362,645562368,-395,1,0,0
0,52,expert,722.818776,723.318684,0.499908,210665472,0,0,12,0
0,52,compute,722.743073,723.420269,0.677196,0,0,0,0,0
0,53,trunk,723.420271,723.499159,0.078888,645562368,-396,1,0,0
0,53,expert,723.570431,724.285566,0.715135,228220928,0,0,13,0
0,53,compute,723.499227,724.396537,0.897310,0,0,0,0,0
0,54,trunk,724.396539,724.400289,0.003750,645562368,-397,1,0,0
0,54,expert,724.465808,724.971557,0.505749,210665472,0,0,12,0
0,54,compute,724.400307,725.094512,0.694206,0,0,0,0,0
0,55,trunk,725.094514,725.098093,0.003579,431890432,-398,1,0,0
0,55,expert,725.149467,725.884250,0.734783,263331840,0,0,15,0
0,55,compute,725.098122,725.986027,0.887905,0,0,0,0,0
0,56,trunk,725.986029,725.989350,0.003321,645562368,-399,1,0,0
0,56,expert,726.072859,726.764437,0.691579,228220928,0,0,13,0
0,56,compute,725.989390,726.870738,0.881348,0,0,0,0,0
0,57,trunk,726.870740,726.874394,0.003654,645562368,-400,1,0,0
0,57,expert,726.947976,727.711709,0.763733,280887296,0,0,16,0
0,57,compute,726.874423,727.836271,0.961847,0,0,0,0,0
0,58,trunk,727.836273,727.839627,0.003354,645562368,-401,1,0,0
0,58,expert,727.905853,728.402413,0.496560,193110016,0,0,11,0
0,58,compute,727.839649,728.534238,0.694589,0,0,0,0,0
0,59,trunk,728.534241,728.537960,0.003719,431890432,-402,1,0,0
0,59,expert,728.577300,729.287567,0.710268,193110016,0,0,11,0
0,59,compute,728.537988,729.395101,0.857113,0,0,0,0,0
0,60,trunk,729.395103,729.398651,0.003547,645562368,-403,1,0,0
0,60,expert,729.470235,730.251013,0.780777,228220928,0,0,13,0
0,60,compute,729.398705,730.366185,0.967480,0,0,0,0,0
0,61,trunk,730.366187,730.369666,0.003479,645562368,-404,1,0,0
0,61,expert,730.445652,731.167333,0.721681,263331840,0,0,15,0
0,61,compute,730.369694,731.271896,0.902202,0,0,0,0,0
0,62,trunk,731.271898,731.275261,0.003363,645562368,-405,1,0,0
0,62,expert,731.350072,731.837639,0.487566,210665472,0,0,12,0
0,62,compute,731.275285,731.966749,0.691464,0,0,0,0,0
0,63,trunk,731.966751,731.970355,0.003604,431890432,-406,1,0,0
0,63,expert,732.011737,732.735172,0.723435,228220928,0,0,13,0
0,63,compute,731.976080,732.843089,0.867010,0,0,0,0,0
0,64,trunk,732.843188,732.853261,0.010073,645562368,-407,1,0,0
0,64,expert,732.927249,733.647039,0.719790,228220928,0,0,13,0
0,64,compute,732.853625,733.762717,0.909092,0,0,0,0,0
0,65,trunk,733.762719,733.766129,0.003410,645562368,-408,1,0,0
0,65,expert,733.845625,734.558282,0.712657,228220928,0,0,13,0
0,65,compute,733.766150,734.667022,0.900873,0,0,0,0,0
0,66,trunk,734.667025,734.670846,0.003822,645562368,-409,1,0,0
0,66,expert,734.752156,735.268877,0.516722,228220928,0,0,13,0
0,66,compute,734.670900,735.392829,0.721929,0,0,0,0,0
0,67,trunk,735.392831,735.396708,0.003876,431890432,-410,1,0,0
0,67,expert,735.451839,736.186581,0.734742,228220928,0,0,13,0
0,67,compute,735.396725,736.302207,0.905482,0,0,0,0,0
0,68,trunk,736.302210,736.305907,0.003696,645562368,-411,1,0,0
0,68,expert,736.373475,737.063051,0.689576,263331840,0,0,15,0
0,68,compute,736.305928,737.182668,0.876740,0,0,0,0,0
0,69,trunk,737.182670,737.186170,0.003500,645562368,-412,1,0,0
0,69,expert,737.258556,737.979380,0.720825,228220928,0,0,13,0
0,69,compute,737.186191,738.098199,0.912008,0,0,0,0,0
0,70,trunk,738.098201,738.101755,0.003554,645562368,-413,1,0,0
0,70,expert,738.169942,738.670209,0.500268,210665472,0,0,12,0
0,70,compute,738.101775,738.794380,0.692605,0,0,0,0,0
0,71,trunk,738.794382,738.799922,0.005540,431890432,-414,1,0,0
0,71,expert,738.852338,739.624622,0.772285,228220928,0,0,13,0
0,71,compute,738.799957,739.753531,0.953574,0,0,0,0,0
0,72,trunk,739.753533,739.757588,0.004055,645562368,-415,1,0,0
0,72,expert,739.841182,740.538592,0.697410,210665472,0,0,12,0
0,72,compute,739.757629,740.671052,0.913423,0,0,0,0,0
0,73,trunk,740.671055,740.674554,0.003499,645562368,-416,1,0,0
0,73,expert,740.751375,741.477253,0.725877,245776384,0,0,14,0
0,73,compute,740.674602,741.595006,0.920404,0,0,0,0,0
0,74,trunk,741.595008,741.598579,0.003572,645562368,-417,1,0,0
0,74,expert,741.665101,742.124323,0.459222,157999104,0,0,9,0
0,74,compute,741.598607,742.244559,0.645952,0,0,0,0,0
0,75,trunk,742.244561,742.248367,0.003806,431890432,-418,1,0,0
0,75,expert,742.289346,742.990324,0.700978,193110016,0,0,11,0
0,75,compute,742.248387,743.107016,0.858628,0,0,0,0,0
0,76,trunk,743.107018,743.109973,0.002955,645562368,-419,1,0,0
0,76,expert,743.177992,743.834120,0.656128,193110016,0,0,11,0
0,76,compute,743.109994,743.960849,0.850855,0,0,0,0,0
0,77,trunk,743.960851,743.965520,0.004669,645562368,-420,1,0,0
0,77,expert,744.034080,744.739160,0.705080,210665472,0,0,12,0
0,77,compute,743.965554,744.874149,0.908595,0,0,0,0,0
0,78,trunk,744.874152,744.877623,0.003471,645562368,-421,1,0,0
0,78,expert,744.942214,745.446430,0.504216,210665472,0,0,12,0
0,78,compute,744.877650,745.574381,0.696732,0,0,0,0,0
0,79,trunk,745.574384,745.578046,0.003662,431890432,-422,1,0,0
0,79,expert,745.644037,746.302598,0.658561,175554560,0,0,10,0
0,79,compute,745.578068,746.405924,0.827856,0,0,0,0,0
0,80,trunk,746.405925,746.409446,0.003521,645562368,-423,1,0,0
0,80,expert,746.483191,747.170031,0.686840,245776384,0,0,14,0
0,80,compute,746.409468,747.296847,0.887380,0,0,0,0,0
0,81,trunk,747.296849,747.301074,0.004225,645562368,-424,1,0,0
0,81,expert,747.383948,748.106783,0.722834,263331840,0,0,15,0
0,81,compute,747.301098,748.237753,0.936655,0,0,0,0,0
0,82,trunk,748.237756,748.241324,0.003568,645562368,-425,1,0,0
0,82,expert,748.313409,748.773718,0.460310,228220928,0,0,13,0
0,82,compute,748.241347,748.902546,0.661199,0,0,0,0,0
0,83,trunk,748.902548,748.906592,0.004044,431890432,-426,1,0,0
0,83,expert,748.974748,749.643722,0.668974,193110016,0,0,11,0
0,83,compute,748.906630,749.762272,0.855643,0,0,0,0,0
0,84,trunk,749.762274,749.766064,0.003790,645562368,-427,1,0,0
0,84,expert,749.843209,750.559236,0.716028,263331840,0,0,15,0
0,84,compute,749.766110,750.694175,0.928065,0,0,0,0,0
0,85,trunk,750.694177,750.698289,0.004112,645562368,-428,1,0,0
0,85,expert,750.773659,751.477639,0.703979,228220928,0,0,13,0
0,85,compute,750.698316,751.599200,0.900884,0,0,0,0,0
0,86,trunk,751.599203,751.603444,0.004240,645562368,-429,1,0,0
0,86,expert,751.667028,752.182261,0.515234,228220928,0,0,13,0
0,86,compute,751.603461,752.309550,0.706089,0,0,0,0,0
0,87,trunk,752.309553,752.315051,0.005498,431890432,-430,1,0,0
0,87,expert,752.369515,753.025449,0.655934,193110016,0,0,11,0
0,87,compute,752.315087,753.139883,0.824797,0,0,0,0,0
0,88,trunk,753.139886,753.143523,0.003637,645562368,-431,1,0,0
0,88,expert,753.216317,753.916352,0.700035,228220928,0,0,13,0
0,88,compute,753.143552,754.041385,0.897833,0,0,0,0,0
0,89,trunk,754.041387,754.045204,0.003817,645562368,-432,1,0,0
0,89,expert,754.125107,754.802758,0.677651,157999104,0,0,9,0
0,89,compute,754.045225,754.918474,0.873249,0,0,0,0,0
0,90,trunk,754.918476,754.922025,0.003549,645562368,-433,1,0,0
0,90,expert,754.986867,755.479910,0.493043,193110016,0,0,11,0
0,90,compute,754.922048,755.624806,0.702758,0,0,0,0,0
0,91,trunk,755.624808,755.629017,0.004209,431890432,-434,1,0,0
0,91,expert,755.704557,756.179118,0.474561,193110016,0,0,11,0
0,91,compute,755.629037,756.305538,0.676500,0,0,0,0,0
0,92,trunk,756.305539,756.309172,0.003633,431890432,-435,1,0,0
0,92,expert,756.351203,756.558295,0.207092,245776384,0,0,14,0
0,92,compute,756.309173,756.682547,0.373374,0,0,0,0,0
