token,layer,phase,t0,t1,dur_s,bytes,l1_hit,l1_miss,l2_hit,l2_miss
0,0,trunk,61.991683,64.384732,2.393049,2341216256,0,1,0,0
0,0,compute,64.384939,64.516529,0.131590,0,0,0,0,0
0,1,trunk,64.516531,65.132615,0.616084,645562368,-1,1,0,0
0,1,expert,65.200546,65.432836,0.232290,280887296,0,0,16,0
0,1,compute,65.132662,65.568105,0.435443,0,0,0,0,0
0,2,trunk,65.568108,66.058391,0.490284,645562368,-2,1,0,0
0,2,expert,66.120530,66.473491,0.352960,280887296,0,0,16,0
0,2,compute,66.058436,66.594873,0.536437,0,0,0,0,0
0,3,trunk,66.594875,66.598491,0.003616,431890432,-3,1,0,0
0,3,expert,66.637252,67.134140,0.496888,280887296,0,0,16,0
0,3,compute,66.598514,67.252747,0.654233,0,0,0,0,0
0,4,trunk,67.252749,67.256321,0.003572,645562368,-4,1,0,0
0,4,expert,67.326085,67.794553,0.468467,280887296,0,0,16,0
0,4,compute,67.256340,67.914293,0.657953,0,0,0,0,0
0,5,trunk,67.914371,67.917894,0.003523,645562368,-5,1,0,0
0,5,expert,67.985250,68.449597,0.464347,280887296,0,0,16,0
0,5,compute,67.917917,68.554443,0.636526,0,0,0,0,0
0,6,trunk,68.554445,68.557886,0.003441,645562368,-6,1,0,0
0,6,expert,68.620358,68.965245,0.344887,280887296,0,0,16,0
0,6,compute,68.557906,69.074190,0.516284,0,0,0,0,0
0,7,trunk,69.074192,69.077787,0.003595,431890432,-7,1,0,0
0,7,expert,69.118482,69.611848,0.493366,280887296,0,0,16,0
0,7,compute,69.077810,69.716042,0.638231,0,0,0,0,0
0,8,trunk,69.716043,69.719417,0.003374,645562368,-8,1,0,0
0,8,expert,69.784709,70.276297,0.491588,280887296,0,0,16,0
0,8,compute,69.719440,70.398467,0.679027,0,0,0,0,0
0,9,trunk,70.398469,70.401963,0.003495,645562368,-9,1,0,0
0,9,expert,70.466800,70.960819,0.494019,280887296,0,0,16,0
0,9,compute,70.401989,71.063283,0.661295,0,0,0,0,0
0,10,trunk,71.063286,71.066682,0.003396,645562368,-10,1,0,0
0,10,expert,71.125682,71.509529,0.383847,280887296,0,0,16,0
0,10,compute,71.066735,71.636414,0.569679,0,0,0,0,0
0,11,trunk,71.636417,71.639867,0.003451,431890432,-11,1,0,0
0,11,expert,71.680991,72.178926,0.497935,280887296,0,0,16,0
0,11,compute,71.639917,72.298526,0.658609,0,0,0,0,0
0,12,trunk,72.298527,72.302196,0.003668,645562368,-12,1,0,0
0,12,expert,72.364312,72.847594,0.483282,280887296,0,0,16,0
0,12,compute,72.302228,72.966249,0.664021,0,0,0,0,0
0,13,trunk,72.966251,72.969910,0.003660,645562368,-13,1,0,0
0,13,expert,73.040370,73.506367,0.465997,280887296,0,0,16,0
0,13,compute,72.969930,73.607943,0.638013,0,0,0,0,0
0,14,trunk,73.607945,73.611297,0.003352,645562368,-14,1,0,0
0,14,expert,73.675113,74.034397,0.359284,280887296,0,0,16,0
0,14,compute,73.611336,74.142266,0.530930,0,0,0,0,0
0,15,trunk,74.142268,74.145682,0.003414,431890432,-15,1,0,0
0,15,expert,74.192671,74.696613,0.503942,280887296,0,0,16,0
0,15,compute,74.145747,74.808959,0.663212,0,0,0,0,0
0,16,trunk,74.808961,74.812747,0.003786,645562368,-16,1,0,0
0,16,expert,74.879143,75.331013,0.451870,280887296,0,0,16,0
0,16,compute,74.812780,75.450967,0.638187,0,0,0,0,0
0,17,trunk,75.450970,75.454341,0.003371,645562368,-17,1,0,0
0,17,expert,75.520097,75.990324,0.470227,280887296,0,0,16,0
0,17,compute,75.454396,76.108945,0.654549,0,0,0,0,0
0,18,trunk,76.108946,76.112310,0.003363,645562368,-18,1,0,0
0,18,expert,76.174102,76.539353,0.365250,280887296,0,0,16,0
0,18,compute,76.112328,76.664187,0.551859,0,0,0,0,0
0,19,trunk,76.664189,76.667758,0.003569,431890432,-19,1,0,0
0,19,expert,76.714011,77.203317,0.489306,280887296,0,0,16,0
0,19,compute,76.667782,77.472045,0.804263,0,0,0,0,0
0,20,trunk,77.472046,77.475432,0.003385,645562368,-20,1,0,0
0,20,expert,77.542119,78.018204,0.476084,280887296,0,0,16,0
0,20,compute,77.475454,78.146495,0.671041,0,0,0,0,0
0,21,trunk,78.146496,78.150491,0.003995,645562368,-21,1,0,0
0,21,expert,78.220894,78.704350,0.483456,280887296,0,0,16,0
0,21,compute,78.150569,78.803345,0.652776,0,0,0,0,0
0,22,trunk,78.803347,78.807159,0.003812,645562368,-22,1,0,0
0,22,expert,78.866809,79.243585,0.376776,280887296,0,0,16,0
0,22,compute,78.807204,79.346067,0.538863,0,0,0,0,0
0,23,trunk,79.346069,79.349619,0.003550,431890432,-23,1,0,0
0,23,expert,79.393302,79.873234,0.479932,280887296,0,0,16,0
0,23,compute,79.349676,79.986478,0.636802,0,0,0,0,0
0,24,trunk,79.986480,79.990026,0.003547,645562368,-24,1,0,0
0,24,expert,80.060479,80.620484,0.560005,280887296,0,0,16,0
0,24,compute,79.990049,80.719849,0.729801,0,0,0,0,0
0,25,trunk,80.719852,80.723353,0.003501,645562368,-25,1,0,0
0,25,expert,80.788297,81.331587,0.543290,280887296,0,0,16,0
0,25,compute,80.723380,81.450486,0.727106,0,0,0,0,0
0,26,trunk,81.450488,81.454161,0.003673,645562368,-26,1,0,0
0,26,expert,81.518568,81.919006,0.400438,280887296,0,0,16,0
0,26,compute,81.454192,82.042473,0.588281,0,0,0,0,0
0,27,trunk,82.042475,82.046023,0.003548,431890432,-27,1,0,0
0,27,expert,82.085529,82.568468,0.482940,280887296,0,0,16,0
0,27,compute,82.046067,82.690209,0.644142,0,0,0,0,0
0,28,trunk,82.690211,82.693638,0.003427,645562368,-28,1,0,0
0,28,expert,82.759096,83.219527,0.460430,280887296,0,0,16,0
0,28,compute,82.693660,83.338512,0.644853,0,0,0,0,0
0,29,trunk,83.338514,83.342100,0.003586,645562368,-29,1,0,0
0,29,expert,83.405118,83.906902,0.501784,280887296,0,0,16,0
0,29,compute,83.342123,84.014277,0.672154,0,0,0,0,0
0,30,trunk,84.014279,84.017740,0.003461,645562368,-30,1,0,0
0,30,expert,84.075964,84.481127,0.405163,280887296,0,0,16,0
0,30,compute,84.017763,84.594362,0.576599,0,0,0,0,0
0,31,trunk,84.594363,84.597998,0.003635,431890432,-31,1,0,0
0,31,expert,84.632226,85.221605,0.589379,280887296,0,0,16,0
0,31,compute,84.598022,85.346205,0.748182,0,0,0,0,0
0,32,trunk,85.346206,85.349648,0.003442,645562368,-32,1,0,0
0,32,expert,85.415940,85.960022,0.544082,280887296,0,0,16,0
0,32,compute,85.349672,86.074505,0.724833,0,0,0,0,0
0,33,trunk,86.074507,86.077826,0.003320,645562368,-33,1,0,0
0,33,expert,86.150686,86.703684,0.552998,280887296,0,0,16,0
0,33,compute,86.077855,86.801332,0.723477,0,0,0,0,0
0,34,trunk,86.801334,86.805338,0.004004,645562368,-34,1,0,0
0,34,expert,86.867194,87.262994,0.395800,280887296,0,0,16,0
0,34,compute,86.805359,87.391054,0.585695,0,0,0,0,0
0,35,trunk,87.391055,87.394533,0.003478,431890432,-35,1,0,0
0,35,expert,87.434844,88.008412,0.573568,280887296,0,0,16,0
0,35,compute,87.394554,88.120438,0.725884,0,0,0,0,0
0,36,trunk,88.120440,88.123767,0.003327,645562368,-36,1,0,0
0,36,expert,88.187016,88.742541,0.555524,280887296,0,0,16,0
0,36,compute,88.123809,88.854193,0.730384,0,0,0,0,0
0,37,trunk,88.854195,88.857510,0.003315,645562368,-37,1,0,0
0,37,expert,88.961769,89.462600,0.500831,280887296,0,0,16,0
0,37,compute,88.857536,89.571193,0.713658,0,0,0,0,0
0,38,trunk,89.571195,89.574968,0.003773,645562368,-38,1,0,0
0,38,expert,89.635760,90.018746,0.382986,280887296,0,0,16,0
0,38,compute,89.575019,90.134359,0.559340,0,0,0,0,0
0,39,trunk,90.134361,90.137975,0.003614,431890432,-39,1,0,0
0,39,expert,90.178783,90.736838,0.558055,280887296,0,0,16,0
0,39,compute,90.138002,90.858453,0.720451,0,0,0,0,0
0,40,trunk,90.858455,90.861934,0.003479,645562368,-40,1,0,0
0,40,expert,90.924902,91.466135,0.541233,280887296,0,0,16,0
0,40,compute,90.861955,91.578641,0.716686,0,0,0,0,0
0,41,trunk,91.578643,91.582003,0.003361,645562368,-41,1,0,0
0,41,expert,91.644738,92.157555,0.512817,280887296,0,0,16,0
0,41,compute,91.582025,92.274158,0.692133,0,0,0,0,0
0,42,trunk,92.274159,92.277488,0.003329,645562368,-42,1,0,0
0,42,expert,92.355767,92.736390,0.380623,280887296,0,0,16,0
0,42,compute,92.277510,92.837554,0.560044,0,0,0,0,0
0,43,trunk,92.837555,92.841079,0.003524,431890432,-43,1,0,0
0,43,expert,92.879952,93.467368,0.587415,280887296,0,0,16,0
0,43,compute,92.841101,93.574169,0.733068,0,0,0,0,0
0,44,trunk,93.574170,93.577565,0.003395,645562368,-44,1,0,0
0,44,expert,93.641858,94.144823,0.502964,280887296,0,0,16,0
0,44,compute,93.577589,94.259077,0.681488,0,0,0,0,0
0,45,trunk,94.259079,94.262474,0.003395,645562368,-45,1,0,0
0,45,expert,94.323958,94.874785,0.550827,280887296,0,0,16,0
0,45,compute,94.262514,94.998451,0.735937,0,0,0,0,0
0,46,trunk,94.998453,95.001999,0.003546,645562368,-46,1,0,0
0,46,expert,95.066657,95.493943,0.427285,280887296,0,0,16,0
0,46,compute,95.002022,95.614337,0.612315,0,0,0,0,0
0,47,trunk,95.614339,95.617857,0.003518,431890432,-47,1,0,0
0,47,expert,95.662053,96.240654,0.578602,280887296,0,0,16,0
0,47,compute,95.617878,96.358813,0.740935,0,0,0,0,0
0,48,trunk,96.358815,96.362835,0.004019,645562368,-48,1,0,0
0,48,expert,96.434031,97.005047,0.571016,280887296,0,0,16,0
0,48,compute,96.362863,97.106113,0.743251,0,0,0,0,0
0,49,trunk,97.106115,97.109835,0.003720,645562368,-49,1,0,0
0,49,expert,97.173269,97.764604,0.591335,280887296,0,0,16,0
0,49,compute,97.109874,97.868481,0.758607,0,0,0,0,0
0,50,trunk,97.868483,97.871933,0.003450,645562368,-50,1,0,0
0,50,expert,97.930639,98.372665,0.442026,280887296,0,0,16,0
0,50,compute,97.871965,98.498193,0.626228,0,0,0,0,0
0,51,trunk,98.498195,98.502276,0.004081,431890432,-51,1,0,0
0,51,expert,98.543730,99.139502,0.595772,280887296,0,0,16,0
0,51,compute,98.502305,99.254375,0.752070,0,0,0,0,0
0,52,trunk,99.254377,99.257861,0.003484,645562368,-52,1,0,0
0,52,expert,99.327215,99.876908,0.549692,280887296,0,0,16,0
0,52,compute,99.257885,100.002939,0.745054,0,0,0,0,0
0,53,trunk,100.002941,100.006659,0.003719,645562368,-53,1,0,0
0,53,expert,100.072728,100.643489,0.570761,280887296,0,0,16,0
0,53,compute,100.006707,100.763304,0.756598,0,0,0,0,0
0,54,trunk,100.763306,100.766696,0.003391,645562368,-54,1,0,0
0,54,expert,100.833120,101.274064,0.440944,280887296,0,0,16,0
0,54,compute,100.766724,101.394485,0.627761,0,0,0,0,0
0,55,trunk,101.394487,101.398266,0.003780,431890432,-55,1,0,0
0,55,expert,101.443618,102.005842,0.562223,280887296,0,0,16,0
0,55,compute,101.398290,102.119020,0.720729,0,0,0,0,0
0,56,trunk,102.119024,102.122383,0.003359,645562368,-56,1,0,0
0,56,expert,102.184122,102.782889,0.598767,280887296,0,0,16,0
0,56,compute,102.122406,102.898518,0.776112,0,0,0,0,0
0,57,trunk,102.898520,102.902078,0.003558,645562368,-57,1,0,0
0,57,expert,102.967017,103.522009,0.554992,280887296,0,0,16,0
0,57,compute,102.902106,103.638197,0.736092,0,0,0,0,0
0,58,trunk,103.638199,103.641565,0.003366,645562368,-58,1,0,0
0,58,expert,103.700077,104.122691,0.422614,280887296,0,0,16,0
0,58,compute,103.641586,104.224853,0.583266,0,0,0,0,0
0,59,trunk,104.224855,104.228288,0.003433,431890432,-59,1,0,0
0,59,expert,104.268627,104.725351,0.456725,280887296,0,0,16,0
0,59,compute,104.228324,104.842320,0.613996,0,0,0,0,0
0,60,trunk,104.842322,104.861108,0.018786,645562368,-60,1,0,0
0,60,expert,104.914896,105.512518,0.597622,280887296,0,0,16,0
0,60,compute,104.861165,105.630662,0.769497,0,0,0,0,0
0,61,trunk,105.630664,105.634008,0.003344,645562368,-61,1,0,0
0,61,expert,105.700985,106.287617,0.586632,280887296,0,0,16,0
0,61,compute,105.634031,106.422966,0.788936,0,0,0,0,0
0,62,trunk,106.422969,106.426547,0.003578,645562368,-62,1,0,0
0,62,expert,106.489507,106.928034,0.438527,280887296,0,0,16,0
0,62,compute,106.426569,107.034336,0.607767,0,0,0,0,0
0,63,trunk,107.034339,107.038099,0.003760,431890432,-63,1,0,0
0,63,expert,107.077371,107.682219,0.604848,280887296,0,0,16,0
0,63,compute,107.038124,107.825137,0.787013,0,0,0,0,0
0,64,trunk,107.825139,107.828589,0.003450,645562368,-64,1,0,0
0,64,expert,107.891897,108.485941,0.594045,280887296,0,0,16,0
0,64,compute,107.828608,108.602245,0.773637,0,0,0,0,0
0,65,trunk,108.602247,108.605597,0.003350,645562368,-65,1,0,0
0,65,expert,108.666964,109.268023,0.601059,280887296,0,0,16,0
0,65,compute,108.605639,109.382227,0.776588,0,0,0,0,0
0,66,trunk,109.382229,109.385808,0.003579,645562368,-66,1,0,0
0,66,expert,109.444251,109.881542,0.437292,280887296,0,0,16,0
0,66,compute,109.385830,109.990592,0.604762,0,0,0,0,0
0,67,trunk,109.990593,109.994011,0.003418,431890432,-67,1,0,0
0,67,expert,110.034225,110.634691,0.600465,280887296,0,0,16,0
0,67,compute,109.994033,110.734327,0.740294,0,0,0,0,0
0,68,trunk,110.734329,110.737757,0.003428,645562368,-68,1,0,0
0,68,expert,110.805187,111.342270,0.537084,280887296,0,0,16,0
0,68,compute,110.737786,111.459010,0.721223,0,0,0,0,0
0,69,trunk,111.459012,111.462369,0.003358,645562368,-69,1,0,0
0,69,expert,111.531153,112.084208,0.553054,280887296,0,0,16,0
0,69,compute,111.462392,112.198376,0.735984,0,0,0,0,0
0,70,trunk,112.198378,112.201831,0.003454,645562368,-70,1,0,0
0,70,expert,112.259345,112.693433,0.434088,280887296,0,0,16,0
0,70,compute,112.201853,112.826199,0.624346,0,0,0,0,0
0,71,trunk,112.826222,112.829685,0.003463,431890432,-71,1,0,0
0,71,expert,112.905574,113.453059,0.547485,280887296,0,0,16,0
0,71,compute,112.829724,113.574280,0.744556,0,0,0,0,0
0,72,trunk,113.574281,113.577734,0.003453,645562368,-72,1,0,0
0,72,expert,113.637804,114.234443,0.596639,280887296,0,0,16,0
0,72,compute,113.577768,114.350568,0.772800,0,0,0,0,0
0,73,trunk,114.350570,114.354070,0.003500,645562368,-73,1,0,0
0,73,expert,114.416987,115.015080,0.598092,280887296,0,0,16,0
0,73,compute,114.354094,115.130577,0.776484,0,0,0,0,0
0,74,trunk,115.130579,115.134070,0.003491,645562368,-74,1,0,0
0,74,expert,115.192524,115.608406,0.415882,280887296,0,0,16,0
0,74,compute,115.134092,115.709509,0.575417,0,0,0,0,0
0,75,trunk,115.709511,115.712932,0.003421,431890432,-75,1,0,0
0,75,expert,115.750590,116.349148,0.598557,280887296,0,0,16,0
0,75,compute,115.712952,116.457198,0.744247,0,0,0,0,0
0,76,trunk,116.457200,116.460731,0.003531,645562368,-76,1,0,0
0,76,expert,116.521680,117.075224,0.553544,280887296,0,0,16,0
0,76,compute,116.460758,117.190210,0.729452,0,0,0,0,0
0,77,trunk,117.190211,117.193772,0.003561,645562368,-77,1,0,0
0,77,expert,117.258346,117.854956,0.596610,280887296,0,0,16,0
0,77,compute,117.193814,117.974534,0.780720,0,0,0,0,0
0,78,trunk,117.974536,117.977989,0.003453,645562368,-78,1,0,0
0,78,expert,118.036410,118.480781,0.444371,280887296,0,0,16,0
0,78,compute,117.978035,118.588741,0.610706,0,0,0,0,0
0,79,trunk,118.588742,118.592459,0.003717,431890432,-79,1,0,0
0,79,expert,118.632629,119.201228,0.568600,280887296,0,0,16,0
0,79,compute,118.592495,119.314209,0.721714,0,0,0,0,0
0,80,trunk,119.314212,119.317634,0.003422,645562368,-80,1,0,0
0,80,expert,119.381990,119.929482,0.547493,280887296,0,0,16,0
0,80,compute,119.317663,120.055483,0.737821,0,0,0,0,0
0,81,trunk,120.055485,120.058968,0.003484,645562368,-81,1,0,0
0,81,expert,120.120760,120.675191,0.554431,280887296,0,0,16,0
0,81,compute,120.058992,120.774859,0.715867,0,0,0,0,0
0,82,trunk,120.774861,120.778355,0.003494,645562368,-82,1,0,0
0,82,expert,120.845746,121.255131,0.409385,280887296,0,0,16,0
0,82,compute,120.778377,121.374209,0.595832,0,0,0,0,0
0,83,trunk,121.374210,121.377758,0.003548,431890432,-83,1,0,0
0,83,expert,121.414503,122.001873,0.587370,280887296,0,0,16,0
0,83,compute,121.377781,122.118971,0.741190,0,0,0,0,0
0,84,trunk,122.118972,122.122380,0.003407,645562368,-84,1,0,0
0,84,expert,122.184517,122.737951,0.553433,280887296,0,0,16,0
0,84,compute,122.122403,122.855065,0.732662,0,0,0,0,0
0,85,trunk,122.855067,122.858609,0.003542,645562368,-85,1,0,0
0,85,expert,122.915026,123.512148,0.597122,280887296,0,0,16,0
0,85,compute,122.858646,123.612399,0.753753,0,0,0,0,0
0,86,trunk,123.612401,123.615873,0.003472,645562368,-86,1,0,0
0,86,expert,123.682412,124.065009,0.382596,280887296,0,0,16,0
0,86,compute,123.615898,124.171067,0.555168,0,0,0,0,0
0,87,trunk,124.171069,124.174570,0.003502,431890432,-87,1,0,0
0,87,expert,124.216539,124.759061,0.542522,280887296,0,0,16,0
0,87,compute,124.174592,124.889800,0.715209,0,0,0,0,0
0,88,trunk,124.889803,124.893204,0.003401,645562368,-88,1,0,0
0,88,expert,124.954820,125.514090,0.559270,280887296,0,0,16,0
0,88,compute,124.893240,125.614825,0.721585,0,0,0,0,0
0,89,trunk,125.614827,125.618324,0.003497,645562368,-89,1,0,0
0,89,expert,125.688285,126.272533,0.584249,280887296,0,0,16,0
0,89,compute,125.618345,126.366001,0.747656,0,0,0,0,0
0,90,trunk,126.366003,126.369448,0.003445,645562368,-90,1,0,0
0,90,expert,126.428492,126.819677,0.391185,280887296,0,0,16,0
0,90,compute,126.369468,126.934173,0.564704,0,0,0,0,0
0,91,trunk,126.934174,126.937508,0.003334,431890432,-91,1,0,0
0,91,expert,126.975001,127.393941,0.418940,280887296,0,0,16,0
0,91,compute,126.937560,127.495446,0.557886,0,0,0,0,0
0,92,trunk,127.495448,127.498896,0.003448,431890432,-92,1,0,0
0,92,expert,127.531843,127.708195,0.176352,280887296,0,0,16,0
0,92,compute,127.498899,127.830525,0.331626,0,0,0,0,0
0,0,trunk,127.930031,127.930069,0.000038,0,-92,0,0,0
0,0,compute,127.930086,128.053497,0.123411,0,0,0,0,0
0,1,trunk,128.053498,128.308648,0.255149,645562368,-92,1,0,0
0,1,expert,128.369701,128.839750,0.470049,280887296,0,0,16,0
0,1,compute,128.308722,128.948384,0.639662,0,0,0,0,0
0,2,trunk,128.948385,128.951843,0.003457,645562368,-93,1,0,0
0,2,expert,129.011575,129.362361,0.350786,263331840,0,0,15,0
0,2,compute,128.951878,129.475086,0.523208,0,0,0,0,0
0,3,trunk,129.475088,129.479168,0.004080,431890432,-94,1,0,0
0,3,expert,129.516612,129.966201,0.449589,193110016,0,0,11,0
0,3,compute,129.479211,130.078211,0.599000,0,0,0,0,0
0,4,trunk,130.078212,130.081560,0.003347,645562368,-95,1,0,0
0,4,expert,130.144224,130.613847,0.469624,263331840,0,0,15,0
0,4,compute,130.081587,130.726465,0.644878,0,0,0,0,0
0,5,trunk,130.726466,130.729837,0.003371,645562368,-96,1,0,0
0,5,expert,130.792291,131.257321,0.465030,263331840,0,0,15,0
0,5,compute,130.729867,131.370230,0.640363,0,0,0,0,0
0,6,trunk,131.370232,131.373706,0.003474,645562368,-97,1,0,0
0,6,expert,131.433778,131.762063,0.328286,245776384,0,0,14,0
0,6,compute,131.373756,131.878313,0.504557,0,0,0,0,0
0,7,trunk,131.878315,131.881719,0.003404,431890432,-98,1,0,0
0,7,expert,131.915268,132.395562,0.480293,245776384,0,0,14,0
0,7,compute,131.881744,132.526175,0.644430,0,0,0,0,0
0,8,trunk,132.526176,132.529832,0.003655,645562368,-99,1,0,0
0,8,expert,132.591010,133.094828,0.503817,280887296,0,0,16,0
0,8,compute,132.529869,133.206169,0.676300,0,0,0,0,0
0,9,trunk,133.206171,133.209600,0.003429,645562368,-100,1,0,0
0,9,expert,133.273500,133.737214,0.463714,228220928,0,0,13,0
0,9,compute,133.209626,133.850286,0.640659,0,0,0,0,0
0,10,trunk,133.850288,133.853784,0.003496,645562368,-101,1,0,0
0,10,expert,133.915585,134.265030,0.349445,245776384,0,0,14,0
0,10,compute,133.853832,134.379007,0.525175,0,0,0,0,0
0,11,trunk,134.379009,134.382470,0.003461,431890432,-102,1,0,0
0,11,expert,134.457606,134.917699,0.460093,263331840,0,0,15,0
0,11,compute,134.382524,135.017164,0.634640,0,0,0,0,0
0,12,trunk,135.017165,135.020542,0.003377,645562368,-103,1,0,0
0,12,expert,135.087424,135.527967,0.440543,228220928,0,0,13,0
0,12,compute,135.020566,135.626449,0.605883,0,0,0,0,0
0,13,trunk,135.626451,135.629896,0.003445,645562368,-104,1,0,0
0,13,expert,135.692792,136.141088,0.448296,245776384,0,0,14,0
0,13,compute,135.629927,136.270184,0.640257,0,0,0,0,0
0,14,trunk,136.270185,136.273640,0.003454,645562368,-105,1,0,0
0,14,expert,136.332132,136.682330,0.350198,263331840,0,0,15,0
0,14,compute,136.273671,136.794324,0.520653,0,0,0,0,0
0,15,trunk,136.794325,136.797689,0.003363,431890432,-106,1,0,0
0,15,expert,136.836301,137.328977,0.492676,263331840,0,0,15,0
0,15,compute,136.797723,137.446236,0.648513,0,0,0,0,0
0,16,trunk,137.446238,137.449603,0.003365,645562368,-107,1,0,0
0,16,expert,137.514067,137.955244,0.441177,263331840,0,0,15,0
0,16,compute,137.449634,138.067053,0.617419,0,0,0,0,0
0,17,trunk,138.067055,138.070388,0.003333,645562368,-108,1,0,0
0,17,expert,138.134350,138.615394,0.481044,280887296,0,0,16,0
0,17,compute,138.070419,138.721888,0.651469,0,0,0,0,0
0,18,trunk,138.721889,138.725336,0.003447,645562368,-109,1,0,0
0,18,expert,138.797979,139.141859,0.343880,263331840,0,0,15,0
0,18,compute,138.728926,139.264036,0.535110,0,0,0,0,0
0,19,trunk,139.264038,139.267590,0.003552,431890432,-110,1,0,0
0,19,expert,139.309233,139.783826,0.474593,245776384,0,0,14,0
0,19,compute,139.267620,139.885438,0.617818,0,0,0,0,0
0,20,trunk,139.885439,139.888932,0.003493,645562368,-111,1,0,0
0,20,expert,139.951904,140.411508,0.459604,263331840,0,0,15,0
0,20,compute,139.888982,140.526161,0.637179,0,0,0,0,0
0,21,trunk,140.526162,140.529566,0.003404,645562368,-112,1,0,0
0,21,expert,140.587863,141.057242,0.469379,245776384,0,0,14,0
0,21,compute,140.529597,141.170202,0.640606,0,0,0,0,0
0,22,trunk,141.170204,141.173756,0.003552,645562368,-113,1,0,0
0,22,expert,141.235250,141.581431,0.346181,263331840,0,0,15,0
0,22,compute,141.173782,141.694194,0.520412,0,0,0,0,0
0,23,trunk,141.694195,141.697575,0.003380,431890432,-114,1,0,0
0,23,expert,141.736334,142.173267,0.436933,210665472,0,0,12,0
0,23,compute,141.697634,142.290504,0.592869,0,0,0,0,0
0,24,trunk,142.290505,142.294274,0.003769,645562368,-115,1,0,0
0,24,expert,142.361381,142.854722,0.493342,193110016,0,0,11,0
0,24,compute,142.294336,142.966164,0.671828,0,0,0,0,0
0,25,trunk,142.966166,142.969482,0.003315,645562368,-116,1,0,0
0,25,expert,143.044291,143.563165,0.518874,245776384,0,0,14,0
0,25,compute,142.969557,143.670182,0.700625,0,0,0,0,0
0,26,trunk,143.670184,143.673618,0.003434,645562368,-117,1,0,0
0,26,expert,143.732615,144.088973,0.356357,193110016,0,0,11,0
0,26,compute,143.673673,144.206495,0.532823,0,0,0,0,0
0,27,trunk,144.206518,144.210005,0.003488,431890432,-118,1,0,0
0,27,expert,144.250719,144.702476,0.451757,228220928,0,0,13,0
0,27,compute,144.210032,144.805880,0.595848,0,0,0,0,0
0,28,trunk,144.805881,144.809224,0.003343,645562368,-119,1,0,0
0,28,expert,144.875313,145.299849,0.424536,263331840,0,0,15,0
0,28,compute,144.809258,145.418265,0.609007,0,0,0,0,0
0,29,trunk,145.418267,145.421768,0.003501,645562368,-120,1,0,0
0,29,expert,145.483804,145.967432,0.483628,245776384,0,0,14,0
0,29,compute,145.421818,146.078167,0.656350,0,0,0,0,0
0,30,trunk,146.078169,146.081510,0.003341,645562368,-121,1,0,0
0,30,expert,146.145095,146.528677,0.383582,245776384,0,0,14,0
0,30,compute,146.081538,146.654224,0.572686,0,0,0,0,0
0,31,trunk,146.654225,146.657605,0.003380,431890432,-122,1,0,0
0,31,expert,146.695977,147.248617,0.552640,280887296,0,0,16,0
0,31,compute,146.657631,147.356710,0.699078,0,0,0,0,0
0,32,trunk,147.356711,147.360123,0.003412,645562368,-123,1,0,0
0,32,expert,147.424586,153.116227,5.691642,245776384,0,0,14,0
0,32,compute,147.360215,153.226571,5.866357,0,0,0,0,0
0,33,trunk,153.226573,153.229792,0.003219,645562368,-124,1,0,0
0,33,expert,153.373606,160.937094,7.563488,245776384,0,0,14,0
0,33,compute,153.229819,161.050174,7.820355,0,0,0,0,0
0,34,trunk,161.050176,161.053684,0.003508,645562368,-125,1,0,0
0,34,expert,161.193549,170.544547,9.350998,280887296,0,0,16,0
0,34,compute,161.053722,170.658188,9.604466,0,0,0,0,0
0,35,trunk,170.658189,170.661611,0.003422,431890432,-126,1,0,0
0,35,expert,170.753561,179.991257,9.237697,280887296,0,0,16,0
0,35,compute,170.661645,180.106441,9.444796,0,0,0,0,0
0,36,trunk,180.106442,180.110470,0.004028,645562368,-127,1,0,0
0,36,expert,180.273474,184.584125,4.310651,193110016,0,0,11,0
0,36,compute,180.110516,184.698203,4.587687,0,0,0,0,0
0,37,trunk,184.698205,184.701615,0.003409,645562368,-128,1,0,0
0,37,expert,184.762814,189.150960,4.388147,228220928,0,0,13,0
0,37,compute,184.701663,189.254344,4.552680,0,0,0,0,0
0,38,trunk,189.254345,189.257736,0.003391,645562368,-129,1,0,0
0,38,expert,189.393540,196.632601,7.239061,245776384,0,0,14,0
0,38,compute,189.257801,196.750470,7.492669,0,0,0,0,0
0,39,trunk,196.750471,196.753926,0.003455,431890432,-130,1,0,0
0,39,expert,196.873603,205.425779,8.552177,263331840,0,0,15,0
0,39,compute,196.753973,205.550264,8.796290,0,0,0,0,0
0,40,trunk,205.550265,205.553729,0.003464,645562368,-131,1,0,0
0,40,expert,205.717527,211.718246,6.000719,228220928,0,0,13,0
0,40,compute,205.553757,211.842202,6.288445,0,0,0,0,0
0,41,trunk,211.842204,211.845576,0.003372,645562368,-132,1,0,0
0,41,expert,211.969562,217.988076,6.018514,228220928,0,0,13,0
0,41,compute,211.845638,218.089133,6.243495,0,0,0,0,0
0,42,trunk,218.089135,218.092527,0.003392,645562368,-133,1,0,0
0,42,expert,218.221468,242.164878,23.943409,140443648,0,0,8,0
0,42,compute,218.092586,242.294539,24.201953,0,0,0,0,0
0,43,trunk,242.294542,242.299193,0.004651,431890432,-134,1,0,0
0,43,expert,242.372525,244.544175,2.171650,228220928,0,0,13,0
0,43,compute,242.299300,244.670436,2.371136,0,0,0,0,0
0,44,trunk,244.670437,244.681096,0.010659,645562368,-135,1,0,0
0,44,expert,244.876149,248.655357,3.779208,228220928,0,0,13,0
0,44,compute,244.682439,248.778244,4.095806,0,0,0,0,0
0,45,trunk,248.778246,248.792931,0.014685,645562368,-136,1,0,0
0,45,expert,249.000732,249.662741,0.662009,175554560,0,0,10,0
0,45,compute,248.793008,249.778579,0.985570,0,0,0,0,0
0,46,trunk,249.778581,249.782244,0.003663,645562368,-137,1,0,0
0,46,expert,249.871852,250.352566,0.480713,140443648,0,0,8,0
0,46,compute,249.782274,250.477003,0.694729,0,0,0,0,0
0,47,trunk,250.477005,250.485332,0.008327,431890432,-138,1,0,0
0,47,expert,250.583552,251.248246,0.664694,193110016,0,0,11,0
0,47,compute,250.485358,251.370684,0.885325,0,0,0,0,0
0,48,trunk,251.370685,251.375817,0.005132,645562368,-139,1,0,0
0,48,expert,251.511658,252.056693,0.545035,228220928,0,0,13,0
0,48,compute,251.375867,252.186217,0.810350,0,0,0,0,0
0,49,trunk,252.186219,252.189990,0.003772,645562368,-140,1,0,0
0,49,expert,252.376548,252.752211,0.375664,157999104,0,0,9,0
0,49,compute,252.190109,252.856598,0.666489,0,0,0,0,0
0,50,trunk,252.856600,252.861952,0.005352,645562368,-141,1,0,0
0,50,expert,253.035887,253.313435,0.277548,210665472,0,0,12,0
0,50,compute,252.862011,253.431667,0.569657,0,0,0,0,0
0,51,trunk,253.431669,253.437235,0.005566,431890432,-142,1,0,0
0,51,expert,253.578636,254.014411,0.435776,210665472,0,0,12,0
0,51,compute,253.441736,254.132039,0.690302,0,0,0,0,0
0,52,trunk,254.132040,254.136189,0.004149,645562368,-143,1,0,0
0,52,expert,254.227869,254.746324,0.518455,263331840,0,0,15,0
0,52,compute,254.136208,254.858393,0.722184,0,0,0,0,0
0,53,trunk,254.858394,254.862232,0.003838,645562368,-144,1,0,0
0,53,expert,254.970436,255.420614,0.450178,175554560,0,0,10,0
0,53,compute,254.862263,255.525441,0.663179,0,0,0,0,0
0,54,trunk,255.525443,255.531300,0.005857,645562368,-145,1,0,0
0,54,expert,255.629604,255.985733,0.356129,210665472,0,0,12,0
0,54,compute,255.531329,256.102591,0.571262,0,0,0,0,0
0,55,trunk,256.102593,256.106508,0.003915,431890432,-146,1,0,0
0,55,expert,256.163744,256.706964,0.543220,245776384,0,0,14,0
0,55,compute,256.106565,256.850215,0.743650,0,0,0,0,0
0,56,trunk,256.850217,256.854944,0.004727,645562368,-147,1,0,0
0,56,expert,256.949282,257.434886,0.485604,280887296,0,0,16,0
0,56,compute,256.854971,257.543122,0.688150,0,0,0,0,0
0,57,trunk,257.543124,257.549199,0.006075,645562368,-148,1,0,0
0,57,expert,257.646589,258.142588,0.495999,280887296,0,0,16,0
0,57,compute,257.549226,258.262200,0.712975,0,0,0,0,0
0,58,trunk,258.262202,258.265900,0.003699,645562368,-149,1,0,0
0,58,expert,258.364950,258.713498,0.348547,245776384,0,0,14,0
0,58,compute,258.265926,258.830306,0.564380,0,0,0,0,0
0,59,trunk,258.830308,258.835803,0.005495,431890432,-150,1,0,0
0,59,expert,258.905384,259.419921,0.514537,263331840,0,0,15,0
0,59,compute,258.835839,259.539661,0.703821,0,0,0,0,0
0,60,trunk,259.539663,259.543473,0.003810,645562368,-151,1,0,0
0,60,expert,259.651299,260.153118,0.501818,280887296,0,0,16,0
0,60,compute,259.543502,260.287091,0.743589,0,0,0,0,0
0,61,trunk,260.287092,260.292369,0.005276,645562368,-152,1,0,0
0,61,expert,260.403626,260.919086,0.515460,280887296,0,0,16,0
0,61,compute,260.292395,261.072037,0.779643,0,0,0,0,0
0,62,trunk,261.072039,261.080109,0.008070,645562368,-153,1,0,0
0,62,expert,261.187445,261.522283,0.334838,263331840,0,0,15,0
0,62,compute,261.080174,261.647314,0.567140,0,0,0,0,0
0,63,trunk,261.647316,261.651045,0.003729,431890432,-154,1,0,0
0,63,expert,261.725293,262.270920,0.545627,263331840,0,0,15,0
0,63,compute,261.651076,262.399023,0.747947,0,0,0,0,0
0,64,trunk,262.399024,262.402730,0.003706,645562368,-155,1,0,0
0,64,expert,262.497307,263.018456,0.521149,280887296,0,0,16,0
0,64,compute,262.402871,263.138989,0.736118,0,0,0,0,0
0,65,trunk,263.138991,263.146305,0.007314,645562368,-156,1,0,0
0,65,expert,263.247310,263.761205,0.513895,263331840,0,0,15,0
0,65,compute,263.146413,263.886617,0.740205,0,0,0,0,0
0,66,trunk,263.886619,263.894077,0.007458,645562368,-157,1,0,0
0,66,expert,263.992903,264.375102,0.382199,263331840,0,0,15,0
0,66,compute,263.894114,264.502539,0.608425,0,0,0,0,0
0,67,trunk,264.502540,264.507953,0.005414,431890432,-158,1,0,0
0,67,expert,264.578803,265.117660,0.538857,280887296,0,0,16,0
0,67,compute,264.508041,265.244039,0.735998,0,0,0,0,0
0,68,trunk,265.244041,265.247843,0.003802,645562368,-159,1,0,0
0,68,expert,265.387747,265.821532,0.433785,245776384,0,0,14,0
0,68,compute,265.247870,265.946513,0.698643,0,0,0,0,0
0,69,trunk,265.946515,265.950400,0.003885,645562368,-160,1,0,0
0,69,expert,266.053958,266.555349,0.501391,280887296,0,0,16,0
0,69,compute,265.950429,266.702269,0.751840,0,0,0,0,0
0,70,trunk,266.702271,266.709576,0.007305,645562368,-161,1,0,0
0,70,expert,266.803290,267.169806,0.366517,280887296,0,0,16,0
0,70,compute,266.709627,267.302200,0.592573,0,0,0,0,0
0,71,trunk,267.302201,267.305892,0.003691,431890432,-162,1,0,0
0,71,expert,267.362385,267.930587,0.568202,280887296,0,0,16,0
0,71,compute,267.305954,268.042180,0.736226,0,0,0,0,0
0,72,trunk,268.042182,268.048261,0.006079,645562368,-163,1,0,0
0,72,expert,268.143277,268.688282,0.545005,280887296,0,0,16,0
0,72,compute,268.048284,268.814489,0.766205,0,0,0,0,0
0,73,trunk,268.814491,268.821158,0.006668,645562368,-164,1,0,0
0,73,expert,268.912961,269.462353,0.549392,263331840,0,0,15,0
0,73,compute,268.821193,269.578400,0.757207,0,0,0,0,0
0,74,trunk,269.578402,269.584865,0.006463,645562368,-165,1,0,0
0,74,expert,269.678751,270.034522,0.355770,228220928,0,0,13,0
0,74,compute,269.584897,270.190410,0.605513,0,0,0,0,0
0,75,trunk,270.190411,270.194440,0.004029,431890432,-166,1,0,0
0,75,expert,270.258228,270.780582,0.522355,193110016,0,0,11,0
0,75,compute,270.194479,270.904166,0.709687,0,0,0,0,0
0,76,trunk,270.904193,270.908140,0.003947,645562368,-167,1,0,0
0,76,expert,271.005529,271.491435,0.485906,245776384,0,0,14,0
0,76,compute,270.908182,271.638473,0.730291,0,0,0,0,0
0,77,trunk,271.638475,271.644619,0.006144,645562368,-168,1,0,0
0,77,expert,271.745259,272.284087,0.538828,280887296,0,0,16,0
0,77,compute,271.644655,272.414259,0.769605,0,0,0,0,0
0,78,trunk,272.414261,272.417980,0.003719,645562368,-169,1,0,0
0,78,expert,272.511439,272.894200,0.382761,263331840,0,0,15,0
0,78,compute,272.418015,273.007014,0.588998,0,0,0,0,0
0,79,trunk,273.007015,273.013879,0.006863,431890432,-170,1,0,0
0,79,expert,273.082100,273.601879,0.519780,263331840,0,0,15,0
0,79,compute,273.013907,273.742165,0.728258,0,0,0,0,0
0,80,trunk,273.742166,273.746462,0.004296,645562368,-171,1,0,0
0,80,expert,273.884807,274.329356,0.444549,245776384,0,0,14,0
0,80,compute,273.746602,274.458902,0.712301,0,0,0,0,0
0,81,trunk,274.458904,274.463370,0.004465,645562368,-172,1,0,0
0,81,expert,274.565647,274.909705,0.344059,245776384,0,0,14,0
0,81,compute,274.463422,275.017009,0.553587,0,0,0,0,0
0,82,trunk,275.017010,275.079650,0.062639,645562368,-173,1,0,0
0,82,expert,275.179314,275.550154,0.370840,245776384,0,0,14,0
0,82,compute,275.079735,275.675499,0.595764,0,0,0,0,0
0,83,trunk,275.675501,275.679292,0.003791,431890432,-174,1,0,0
0,83,expert,275.729517,276.185519,0.456002,87777280,0,0,5,0
0,83,compute,275.679330,276.307013,0.627683,0,0,0,0,0
0,84,trunk,276.307014,276.311191,0.004176,645562368,-175,1,0,0
0,84,expert,276.417656,276.884046,0.466390,193110016,0,0,11,0
0,84,compute,276.311221,276.990446,0.679226,0,0,0,0,0
0,85,trunk,276.990448,276.994091,0.003643,645562368,-176,1,0,0
0,85,expert,277.090795,277.582530,0.491735,193110016,0,0,11,0
0,85,compute,276.994121,277.702260,0.708140,0,0,0,0,0
0,86,trunk,277.702262,277.706047,0.003785,645562368,-177,1,0,0
0,86,expert,277.791697,278.122760,0.331063,193110016,0,0,11,0
0,86,compute,277.706459,278.250244,0.543785,0,0,0,0,0
0,87,trunk,278.250245,278.254489,0.004244,431890432,-178,1,0,0
0,87,expert,278.315345,278.773248,0.457903,175554560,0,0,10,0
0,87,compute,278.254933,278.880096,0.625163,0,0,0,0,0
0,88,trunk,278.880098,278.883915,0.003817,645562368,-179,1,0,0
0,88,expert,278.973020,279.415868,0.442848,140443648,0,0,8,0
0,88,compute,278.884095,279.520922,0.636827,0,0,0,0,0
0,89,trunk,279.520924,279.524984,0.004060,645562368,-180,1,0,0
0,89,expert,279.599105,279.993098,0.393994,140443648,0,0,8,0
0,89,compute,279.525118,280.123058,0.597940,0,0,0,0,0
0,90,trunk,280.123060,280.127111,0.004051,645562368,-181,1,0,0
0,90,expert,280.222187,280.521485,0.299299,157999104,0,0,9,0
0,90,compute,280.127491,280.628891,0.501400,0,0,0,0,0
0,91,trunk,280.628894,280.632537,0.003643,431890432,-182,1,0,0
0,91,expert,280.686932,281.063026,0.376094,193110016,0,0,11,0
0,91,compute,280.632607,281.182182,0.549575,0,0,0,0,0
0,92,trunk,281.182184,281.186141,0.003957,431890432,-183,1,0,0
0,92,expert,281.231351,281.338616,0.107265,157999104,0,0,9,0
0,92,compute,281.186143,281.474246,0.288103,0,0,0,0,0
0,0,trunk,283.193868,283.195210,0.001343,0,-183,0,0,0
0,0,compute,283.195261,283.639283,0.444022,0,0,0,0,0
0,1,trunk,283.639285,283.643881,0.004596,645562368,-183,1,0,0
0,1,expert,283.732628,284.147549,0.414921,210665472,0,0,12,0
0,1,compute,283.643940,284.255671,0.611731,0,0,0,0,0
0,2,trunk,284.255672,284.260897,0.005225,645562368,-184,1,0,0
0,2,expert,284.340090,284.640971,0.300882,193110016,0,0,11,0
0,2,compute,284.261028,284.750121,0.489092,0,0,0,0,0
0,3,trunk,284.750122,284.754902,0.004780,431890432,-185,1,0,0
0,3,expert,284.797030,285.240850,0.443821,193110016,0,0,11,0
0,3,compute,284.754966,285.358286,0.603320,0,0,0,0,0
0,4,trunk,285.358288,285.361865,0.003577,645562368,-186,1,0,0
0,4,expert,285.452428,285.865582,0.413154,210665472,0,0,12,0
0,4,compute,285.361926,285.982250,0.620324,0,0,0,0,0
0,5,trunk,285.982252,285.985644,0.003393,645562368,-187,1,0,0
0,5,expert,286.067106,286.447473,0.380366,175554560,0,0,10,0
0,5,compute,285.985725,286.564035,0.578310,0,0,0,0,0
0,6,trunk,286.564038,286.567530,0.003493,645562368,-188,1,0,0
0,6,expert,286.648190,286.963773,0.315583,245776384,0,0,14,0
0,6,compute,286.567636,287.080409,0.512774,0,0,0,0,0
0,7,trunk,287.080412,287.083945,0.003533,431890432,-189,1,0,0
0,7,expert,287.128502,287.596188,0.467686,210665472,0,0,12,0
0,7,compute,287.084044,287.703622,0.619578,0,0,0,0,0
0,8,trunk,287.703624,287.707376,0.003752,645562368,-190,1,0,0
0,8,expert,287.798898,288.231026,0.432128,210665472,0,0,12,0
0,8,compute,287.707403,288.342165,0.634761,0,0,0,0,0
0,9,trunk,288.342167,288.346233,0.004066,645562368,-191,1,0,0
0,9,expert,288.447583,288.862170,0.414586,193110016,0,0,11,0
0,9,compute,288.346260,288.986215,0.639955,0,0,0,0,0
0,10,trunk,288.986217,288.990396,0.004180,645562368,-192,1,0,0
0,10,expert,289.066398,289.346839,0.280441,140443648,0,0,8,0
0,10,compute,288.990459,289.478209,0.487750,0,0,0,0,0
0,11,trunk,289.478211,289.482325,0.004114,431890432,-193,1,0,0
0,11,expert,289.529933,289.978977,0.449044,193110016,0,0,11,0
0,11,compute,289.482372,290.106604,0.624232,0,0,0,0,0
0,12,trunk,290.106606,290.110507,0.003902,645562368,-194,1,0,0
0,12,expert,290.193483,290.607846,0.414363,210665472,0,0,12,0
0,12,compute,290.110536,290.711881,0.601345,0,0,0,0,0
0,13,trunk,290.711882,290.716223,0.004341,645562368,-195,1,0,0
0,13,expert,290.801080,291.208368,0.407288,193110016,0,0,11,0
0,13,compute,290.716248,291.330422,0.614174,0,0,0,0,0
0,14,trunk,291.330424,291.334059,0.003635,645562368,-196,1,0,0
0,14,expert,291.415554,291.679840,0.264285,157999104,0,0,9,0
0,14,compute,291.334089,291.785721,0.451632,0,0,0,0,0
0,15,trunk,291.785722,291.789742,0.004020,431890432,-197,1,0,0
0,15,expert,291.829108,292.252604,0.423496,193110016,0,0,11,0
0,15,compute,291.789809,292.391670,0.601861,0,0,0,0,0
0,16,trunk,292.391672,292.395484,0.003812,645562368,-198,1,0,0
0,16,expert,292.531255,292.862780,0.331525,193110016,0,0,11,0
0,16,compute,292.395523,292.990204,0.594682,0,0,0,0,0
0,17,trunk,292.990206,292.994503,0.004297,645562368,-199,1,0,0
0,17,expert,293.082459,293.493735,0.411276,210665472,0,0,12,0
0,17,compute,292.994629,293.600898,0.606270,0,0,0,0,0
0,18,trunk,293.600900,293.604960,0.004060,645562368,-200,1,0,0
0,18,expert,293.678894,293.995855,0.316961,210665472,0,0,12,0
0,18,compute,293.604995,294.095514,0.490518,0,0,0,0,0
0,19,trunk,294.095516,294.099663,0.004147,431890432,-201,1,0,0
0,19,expert,294.143303,294.587185,0.443882,193110016,0,0,11,0
0,19,compute,294.099709,294.694579,0.594870,0,0,0,0,0
0,20,trunk,294.694581,294.698449,0.003868,645562368,-202,1,0,0
0,20,expert,294.775399,295.125892,0.350493,193110016,0,0,11,0
0,20,compute,294.698478,295.246298,0.547821,0,0,0,0,0
0,21,trunk,295.246300,295.250533,0.004233,645562368,-203,1,0,0
0,21,expert,295.328235,295.769529,0.441294,228220928,0,0,13,0
0,21,compute,295.250567,295.882164,0.631597,0,0,0,0,0
0,22,trunk,295.882166,295.885968,0.003801,645562368,-204,1,0,0
0,22,expert,295.960953,296.293844,0.332891,245776384,0,0,14,0
0,22,compute,295.886013,296.426547,0.540534,0,0,0,0,0
0,23,trunk,296.426549,296.430159,0.003610,431890432,-205,1,0,0
0,23,expert,296.473131,296.919697,0.446566,210665472,0,0,12,0
0,23,compute,296.430188,297.038162,0.607974,0,0,0,0,0
0,24,trunk,297.038164,297.042308,0.004144,645562368,-206,1,0,0
0,24,expert,297.125468,297.603457,0.477988,193110016,0,0,11,0
0,24,compute,297.042337,297.707008,0.664670,0,0,0,0,0
0,25,trunk,297.707010,297.710778,0.003768,645562368,-207,1,0,0
0,25,expert,297.794507,298.290597,0.496091,245776384,0,0,14,0
0,25,compute,297.710871,298.399017,0.688147,0,0,0,0,0
0,26,trunk,298.399019,298.403172,0.004153,645562368,-208,1,0,0
0,26,expert,298.485114,298.828397,0.343283,210665472,0,0,12,0
0,26,compute,298.403201,298.942166,0.538965,0,0,0,0,0
0,27,trunk,298.942168,298.945871,0.003703,431890432,-209,1,0,0
0,27,expert,299.036776,299.452036,0.415261,245776384,0,0,14,0
0,27,compute,298.945932,299.584039,0.638107,0,0,0,0,0
0,28,trunk,299.584041,299.587680,0.003639,645562368,-210,1,0,0
0,28,expert,299.666785,300.076019,0.409234,210665472,0,0,12,0
0,28,compute,299.590744,300.206327,0.615582,0,0,0,0,0
0,29,trunk,300.206329,300.210714,0.004385,645562368,-211,1,0,0
0,29,expert,300.278582,300.734573,0.455990,210665472,0,0,12,0
0,29,compute,300.210747,300.858191,0.647444,0,0,0,0,0
0,30,trunk,300.858193,300.861923,0.003730,645562368,-212,1,0,0
0,30,expert,300.935151,301.311724,0.376573,263331840,0,0,15,0
0,30,compute,300.861981,301.430595,0.568613,0,0,0,0,0
0,31,trunk,301.430597,301.434792,0.004196,431890432,-213,1,0,0
0,31,expert,301.473782,301.855649,0.381866,210665472,0,0,12,0
0,31,compute,301.434825,301.986500,0.551675,0,0,0,0,0
0,32,trunk,301.986519,302.006220,0.019700,645562368,-214,1,0,0
0,32,expert,302.091125,302.547424,0.456300,193110016,0,0,11,0
0,32,compute,302.006302,302.670196,0.663895,0,0,0,0,0
0,33,trunk,302.670198,302.674239,0.004041,645562368,-215,1,0,0
0,33,expert,302.765629,303.268237,0.502608,193110016,0,0,11,0
0,33,compute,302.674267,303.414324,0.740058,0,0,0,0,0
0,34,trunk,303.414327,303.433014,0.018687,645562368,-216,1,0,0
0,34,expert,303.509606,303.862376,0.352770,228220928,0,0,13,0
0,34,compute,303.433094,303.978171,0.545077,0,0,0,0,0
0,35,trunk,303.978173,303.981779,0.003606,431890432,-217,1,0,0
0,35,expert,304.028064,304.586518,0.558454,228220928,0,0,13,0
0,35,compute,303.981806,304.710204,0.728398,0,0,0,0,0
0,36,trunk,304.710206,304.713890,0.003684,645562368,-218,1,0,0
0,36,expert,304.801309,305.310845,0.509537,193110016,0,0,11,0
0,36,compute,304.713942,305.454623,0.740680,0,0,0,0,0
0,37,trunk,305.454624,305.459044,0.004420,645562368,-219,1,0,0
0,37,expert,305.533256,306.036461,0.503205,228220928,0,0,13,0
0,37,compute,305.459093,306.155354,0.696262,0,0,0,0,0
0,38,trunk,306.155356,306.159167,0.003811,645562368,-220,1,0,0
0,38,expert,306.230022,306.579648,0.349627,228220928,0,0,13,0
0,38,compute,306.159194,306.685047,0.525853,0,0,0,0,0
0,39,trunk,306.685049,306.689210,0.004162,431890432,-221,1,0,0
0,39,expert,306.733990,307.270324,0.536335,245776384,0,0,14,0
0,39,compute,306.689264,307.394222,0.704958,0,0,0,0,0
0,40,trunk,307.394223,307.397930,0.003707,645562368,-222,1,0,0
0,40,expert,307.482638,307.987047,0.504410,245776384,0,0,14,0
0,40,compute,307.397992,308.114227,0.716235,0,0,0,0,0
0,41,trunk,308.114229,308.118453,0.004224,645562368,-223,1,0,0
0,41,expert,308.191717,308.673332,0.481615,245776384,0,0,14,0
0,41,compute,308.118482,308.779554,0.661072,0,0,0,0,0
0,42,trunk,308.779556,308.783236,0.003681,645562368,-224,1,0,0
0,42,expert,308.870069,309.209956,0.339887,245776384,0,0,14,0
0,42,compute,308.783265,309.326730,0.543465,0,0,0,0,0
0,43,trunk,309.326732,309.330161,0.003429,431890432,-225,1,0,0
0,43,expert,309.371358,309.904559,0.533201,263331840,0,0,15,0
0,43,compute,309.330191,310.006113,0.675922,0,0,0,0,0
0,44,trunk,310.006115,310.009491,0.003376,645562368,-226,1,0,0
0,44,expert,310.082088,310.576599,0.494511,245776384,0,0,14,0
0,44,compute,310.009518,310.698323,0.688805,0,0,0,0,0
0,45,trunk,310.698325,310.701689,0.003364,645562368,-227,1,0,0
0,45,expert,310.770926,311.290445,0.519519,263331840,0,0,15,0
0,45,compute,310.701716,311.414875,0.713159,0,0,0,0,0
0,46,trunk,311.414877,311.419152,0.004275,645562368,-228,1,0,0
0,46,expert,311.488493,311.847168,0.358675,228220928,0,0,13,0
0,46,compute,311.419210,311.986243,0.567033,0,0,0,0,0
0,47,trunk,311.986245,311.989642,0.003397,431890432,-229,1,0,0
0,47,expert,312.035236,312.581940,0.546704,263331840,0,0,15,0
0,47,compute,311.989670,312.686627,0.696957,0,0,0,0,0
0,48,trunk,312.686628,312.690026,0.003398,645562368,-230,1,0,0
0,48,expert,312.757781,313.267635,0.509854,245776384,0,0,14,0
0,48,compute,312.690066,313.386215,0.696149,0,0,0,0,0
0,49,trunk,313.386217,313.389535,0.003318,645562368,-231,1,0,0
0,49,expert,313.455689,313.987695,0.532007,263331840,0,0,15,0
0,49,compute,313.389570,314.122204,0.732634,0,0,0,0,0
0,50,trunk,314.122206,314.125567,0.003360,645562368,-232,1,0,0
0,50,expert,314.192832,314.588955,0.396123,263331840,0,0,15,0
0,50,compute,314.125594,314.695497,0.569903,0,0,0,0,0
0,51,trunk,314.695499,314.698973,0.003474,431890432,-233,1,0,0
0,51,expert,314.752536,315.275601,0.523065,228220928,0,0,13,0
0,51,compute,314.699005,315.398205,0.699200,0,0,0,0,0
0,52,trunk,315.398207,315.401610,0.003403,645562368,-234,1,0,0
0,52,expert,315.463020,315.979219,0.516199,210665472,0,0,12,0
0,52,compute,315.401638,316.083316,0.681678,0,0,0,0,0
0,53,trunk,316.083318,316.086690,0.003373,645562368,-235,1,0,0
0,53,expert,316.160173,316.680027,0.519854,245776384,0,0,14,0
0,53,compute,316.086740,316.810187,0.723446,0,0,0,0,0
0,54,trunk,316.810188,316.813775,0.003587,645562368,-236,1,0,0
0,54,expert,316.880581,317.272648,0.392067,245776384,0,0,14,0
0,54,compute,316.813808,317.376162,0.562353,0,0,0,0,0
0,55,trunk,317.376163,317.379551,0.003388,431890432,-237,1,0,0
0,55,expert,317.427272,317.933219,0.505947,228220928,0,0,13,0
0,55,compute,317.379580,318.050462,0.670882,0,0,0,0,0
0,56,trunk,318.050464,318.053876,0.003412,645562368,-238,1,0,0
0,56,expert,318.117850,318.609660,0.491811,157999104,0,0,9,0
0,56,compute,318.053933,318.730258,0.676326,0,0,0,0,0
0,57,trunk,318.730260,318.733694,0.003434,645562368,-239,1,0,0
0,57,expert,318.801845,319.306072,0.504227,245776384,0,0,14,0
0,57,compute,318.733721,319.430990,0.697269,0,0,0,0,0
0,58,trunk,319.430992,319.434483,0.003491,645562368,-240,1,0,0
0,58,expert,319.500952,319.849025,0.348073,193110016,0,0,11,0
0,58,compute,319.434537,319.965556,0.531020,0,0,0,0,0
0,59,trunk,319.965558,319.968946,0.003388,431890432,-241,1,0,0
0,59,expert,320.014073,320.513151,0.499078,175554560,0,0,10,0
0,59,compute,319.968974,320.630206,0.661232,0,0,0,0,0
0,60,trunk,320.630207,320.633576,0.003368,645562368,-242,1,0,0
0,60,expert,320.701985,321.204153,0.502168,228220928,0,0,13,0
0,60,compute,320.633603,321.308179,0.674576,0,0,0,0,0
0,61,trunk,321.308181,321.311888,0.003707,645562368,-243,1,0,0
0,61,expert,321.383954,321.919310,0.535356,263331840,0,0,15,0
0,61,compute,321.311947,322.034199,0.722252,0,0,0,0,0
0,62,trunk,322.034201,322.037559,0.003359,645562368,-244,1,0,0
0,62,expert,322.103071,322.437055,0.333983,193110016,0,0,11,0
0,62,compute,322.037631,322.554992,0.517362,0,0,0,0,0
0,63,trunk,322.554994,322.558598,0.003604,431890432,-245,1,0,0
0,63,expert,322.606999,323.130248,0.523249,210665472,0,0,12,0
0,63,compute,322.558656,323.250189,0.691533,0,0,0,0,0
0,64,trunk,323.250191,323.253476,0.003284,645562368,-246,1,0,0
0,64,expert,323.325150,323.857669,0.532518,228220928,0,0,13,0
0,64,compute,323.253526,323.974436,0.720910,0,0,0,0,0
0,65,trunk,323.974437,323.978379,0.003942,645562368,-247,1,0,0
0,65,expert,324.057828,324.490333,0.432505,175554560,0,0,10,0
0,65,compute,323.978412,324.606238,0.627826,0,0,0,0,0
0,66,trunk,324.606240,324.609644,0.003404,645562368,-248,1,0,0
0,66,expert,324.679236,325.066325,0.387089,228220928,0,0,13,0
0,66,compute,324.609698,325.180866,0.571169,0,0,0,0,0
0,67,trunk,325.180868,325.184265,0.003397,431890432,-249,1,0,0
0,67,expert,325.228679,325.761969,0.533290,228220928,0,0,13,0
0,67,compute,325.184288,325.878228,0.693940,0,0,0,0,0
0,68,trunk,325.878230,325.881602,0.003373,645562368,-250,1,0,0
0,68,expert,325.951502,326.409554,0.458052,193110016,0,0,11,0
0,68,compute,325.881629,326.530276,0.648647,0,0,0,0,0
0,69,trunk,326.530278,326.533868,0.003590,645562368,-251,1,0,0
0,69,expert,326.603181,327.054430,0.451249,193110016,0,0,11,0
0,69,compute,326.533898,327.155846,0.621948,0,0,0,0,0
0,70,trunk,327.155847,327.159238,0.003391,645562368,-252,1,0,0
0,70,expert,327.226686,327.561449,0.334763,193110016,0,0,11,0
0,70,compute,327.159302,327.668663,0.509361,0,0,0,0,0
0,71,trunk,327.668665,327.672044,0.003380,431890432,-253,1,0,0
0,71,expert,327.714602,328.235091,0.520490,175554560,0,0,10,0
0,71,compute,327.672067,328.354698,0.682631,0,0,0,0,0
0,72,trunk,328.354700,328.358049,0.003349,645562368,-254,1,0,0
0,72,expert,328.452277,328.984993,0.532717,263331840,0,0,15,0
0,72,compute,328.358084,329.089603,0.731519,0,0,0,0,0
0,73,trunk,329.089605,329.092803,0.003198,645562368,-255,1,0,0
0,73,expert,329.161240,329.714987,0.553747,280887296,0,0,16,0
0,73,compute,329.092829,329.834514,0.741685,0,0,0,0,0
0,74,trunk,329.834516,329.837993,0.003477,645562368,-256,1,0,0
0,74,expert,329.905952,330.303974,0.398022,280887296,0,0,16,0
0,74,compute,329.838021,330.407111,0.569090,0,0,0,0,0
0,75,trunk,330.407112,330.410592,0.003480,431890432,-257,1,0,0
0,75,expert,330.465579,331.016021,0.550442,280887296,0,0,16,0
0,75,compute,330.410621,331.138729,0.728108,0,0,0,0,0
0,76,trunk,331.138730,331.142162,0.003432,645562368,-258,1,0,0
0,76,expert,331.212415,331.741786,0.529371,280887296,0,0,16,0
0,76,compute,331.142192,331.862155,0.719963,0,0,0,0,0
0,77,trunk,331.862157,331.865638,0.003481,645562368,-259,1,0,0
0,77,expert,331.935665,332.505767,0.570101,228220928,0,0,13,0
0,77,compute,331.865681,332.635219,0.769538,0,0,0,0,0
0,78,trunk,332.635222,332.638783,0.003562,645562368,-260,1,0,0
0,78,expert,332.715095,333.256106,0.541011,263331840,0,0,15,0
0,78,compute,332.638831,333.375281,0.736450,0,0,0,0,0
0,79,trunk,333.375282,333.378690,0.003408,431890432,-261,1,0,0
0,79,expert,333.426386,334.136649,0.710263,245776384,0,0,14,0
0,79,compute,333.378754,334.251007,0.872253,0,0,0,0,0
0,80,trunk,334.251009,334.254481,0.003473,645562368,-262,1,0,0
0,80,expert,334.331494,335.042864,0.711371,280887296,0,0,16,0
0,80,compute,334.254545,335.146898,0.892353,0,0,0,0,0
0,81,trunk,335.146900,335.150263,0.003363,645562368,-263,1,0,0
0,81,expert,335.220821,335.925700,0.704880,228220928,0,0,13,0
0,81,compute,335.150348,336.050191,0.899843,0,0,0,0,0
0,82,trunk,336.050193,336.053645,0.003452,645562368,-264,1,0,0
0,82,expert,336.126147,336.660965,0.534817,245776384,0,0,14,0
0,82,compute,336.053744,336.770392,0.716648,0,0,0,0,0
0,83,trunk,336.770394,336.773906,0.003512,431890432,-265,1,0,0
0,83,expert,336.826883,337.525116,0.698234,210665472,0,0,12,0
0,83,compute,336.773972,337.646247,0.872275,0,0,0,0,0
0,84,trunk,337.646249,337.649702,0.003453,645562368,-266,1,0,0
0,84,expert,337.722850,338.291131,0.568282,175554560,0,0,10,0
0,84,compute,337.649773,338.410500,0.760727,0,0,0,0,0
0,85,trunk,338.410502,338.413867,0.003366,645562368,-267,1,0,0
0,85,expert,338.490542,339.127820,0.637278,157999104,0,0,9,0
0,85,compute,338.413968,339.229466,0.815498,0,0,0,0,0
0,86,trunk,339.229467,339.232978,0.003511,645562368,-268,1,0,0
0,86,expert,339.314511,339.799538,0.485027,210665472,0,0,12,0
0,86,compute,339.233048,339.930167,0.697120,0,0,0,0,0
0,87,trunk,339.930169,339.933545,0.003376,431890432,-269,1,0,0
0,87,expert,339.989667,340.645351,0.655684,193110016,0,0,11,0
0,87,compute,339.933685,340.749345,0.815660,0,0,0,0,0
0,88,trunk,340.749346,340.753065,0.003718,645562368,-270,1,0,0
0,88,expert,340.829627,341.505538,0.675911,210665472,0,0,12,0
0,88,compute,340.753146,341.618347,0.865201,0,0,0,0,0
0,89,trunk,341.618349,341.621881,0.003532,645562368,-271,1,0,0
0,89,expert,341.699172,342.413608,0.714436,210665472,0,0,12,0
0,89,compute,341.621969,342.517707,0.895738,0,0,0,0,0
0,90,trunk,342.517709,342.521298,0.003589,645562368,-272,1,0,0
0,90,expert,342.599754,343.084862,0.485107,210665472,0,0,12,0
0,90,compute,342.521367,343.198370,0.677004,0,0,0,0,0
0,91,trunk,343.198372,343.201792,0.003421,431890432,-273,1,0,0
0,91,expert,343.253812,343.753157,0.499345,210665472,0,0,12,0
0,91,compute,343.201856,343.874671,0.672815,0,0,0,0,0
0,92,trunk,343.874672,343.878269,0.003597,431890432,-274,1,0,0
0,92,expert,343.929245,344.097186,0.167941,210665472,0,0,12,0
0,92,compute,343.878270,344.226293,0.348023,0,0,0,0,0
0,0,trunk,344.326709,344.326748,0.000039,0,-274,0,0,0
0,0,compute,344.326790,344.444355,0.117565,0,0,0,0,0
0,1,trunk,344.444357,344.884740,0.440383,645562368,-274,1,0,0
0,1,expert,344.949941,345.580419,0.630478,193110016,0,0,11,0
0,1,compute,344.884845,345.694214,0.809369,0,0,0,0,0
0,2,trunk,345.694216,345.697638,0.003422,645562368,-275,1,0,0
0,2,expert,345.778589,346.221696,0.443107,157999104,0,0,9,0
0,2,compute,345.697694,346.354240,0.656546,0,0,0,0,0
0,3,trunk,346.354242,346.357732,0.003490,431890432,-276,1,0,0
0,3,expert,346.398065,347.020782,0.622717,122888192,0,0,7,0
0,3,compute,346.357790,347.134194,0.776403,0,0,0,0,0
0,4,trunk,347.134195,347.137764,0.003569,645562368,-277,1,0,0
0,4,expert,347.202651,347.739927,0.537276,122888192,0,0,7,0
0,4,compute,347.137825,347.842424,0.704599,0,0,0,0,0
0,5,trunk,347.842426,347.845833,0.003408,645562368,-278,1,0,0
0,5,expert,347.912227,348.556294,0.644067,175554560,0,0,10,0
0,5,compute,347.845891,348.664991,0.819100,0,0,0,0,0
0,6,trunk,348.664993,348.668489,0.003497,645562368,-279,1,0,0
0,6,expert,348.727298,349.252718,0.525420,263331840,0,0,15,0
0,6,compute,348.668599,349.374185,0.705586,0,0,0,0,0
0,7,trunk,349.374187,349.377630,0.003443,431890432,-280,1,0,0
0,7,expert,349.435776,350.117289,0.681513,228220928,0,0,13,0
0,7,compute,349.377876,350.234545,0.856670,0,0,0,0,0
0,8,trunk,350.234547,350.237999,0.003452,645562368,-281,1,0,0
0,8,expert,350.304532,351.017617,0.713085,193110016,0,0,11,0
0,8,compute,350.243455,351.134660,0.891205,0,0,0,0,0
0,9,trunk,351.134662,351.138017,0.003355,645562368,-282,1,0,0
0,9,expert,351.200400,351.542264,0.341864,87777280,0,0,5,0
0,9,compute,351.138148,351.649181,0.511034,0,0,0,0,0
0,10,trunk,351.649183,351.839509,0.190327,645562368,-283,1,0,0
0,10,expert,351.898834,352.282297,0.383463,87777280,0,0,5,0
0,10,compute,351.839587,352.398212,0.558625,0,0,0,0,0
0,11,trunk,352.398214,352.401617,0.003403,431890432,-284,1,0,0
0,11,expert,352.440187,353.101246,0.661059,122888192,0,0,7,0
0,11,compute,352.401667,353.210171,0.808503,0,0,0,0,0
0,12,trunk,353.210172,353.213551,0.003379,645562368,-285,1,0,0
0,12,expert,353.273321,353.943362,0.670041,175554560,0,0,10,0
0,12,compute,353.213605,354.054211,0.840605,0,0,0,0,0
0,13,trunk,354.054212,354.057575,0.003363,645562368,-286,1,0,0
0,13,expert,354.123221,354.775217,0.651995,193110016,0,0,11,0
0,13,compute,354.057612,354.877681,0.820069,0,0,0,0,0
0,14,trunk,354.877682,354.881196,0.003513,645562368,-287,1,0,0
0,14,expert,354.941209,355.353776,0.412566,157999104,0,0,9,0
0,14,compute,354.881235,355.468035,0.586800,0,0,0,0,0
0,15,trunk,355.468036,355.471364,0.003328,431890432,-288,1,0,0
0,15,expert,355.530136,356.179112,0.648976,157999104,0,0,9,0
0,15,compute,355.476034,356.298519,0.822485,0,0,0,0,0
0,16,trunk,356.298520,356.301732,0.003212,645562368,-289,1,0,0
0,16,expert,356.368885,356.690288,0.321404,122888192,0,0,7,0
0,16,compute,356.301760,356.790355,0.488595,0,0,0,0,0
0,17,trunk,356.790357,356.918448,0.128091,645562368,-290,1,0,0
0,17,expert,356.989030,357.515964,0.526934,122888192,0,0,7,0
0,17,compute,356.918509,357.616999,0.698489,0,0,0,0,0
0,18,trunk,357.617000,357.620399,0.003399,645562368,-291,1,0,0
0,18,expert,357.681737,358.112483,0.430747,87777280,0,0,5,0
0,18,compute,357.620441,358.211973,0.591532,0,0,0,0,0
0,19,trunk,358.211975,358.215455,0.003480,431890432,-292,1,0,0
0,19,expert,358.256080,358.834525,0.578446,105332736,0,0,6,0
0,19,compute,358.215483,358.947028,0.731545,0,0,0,0,0
0,20,trunk,358.947030,358.950474,0.003444,645562368,-293,1,0,0
0,20,expert,359.015035,359.412710,0.397675,105332736,0,0,6,0
0,20,compute,358.950518,359.513654,0.563136,0,0,0,0,0
0,21,trunk,359.513655,359.596615,0.082960,645562368,-294,1,0,0
0,21,expert,359.665529,360.351215,0.685686,193110016,0,0,11,0
0,21,compute,359.596661,360.470169,0.873508,0,0,0,0,0
0,22,trunk,360.470171,360.473544,0.003373,645562368,-295,1,0,0
0,22,expert,360.537066,360.979865,0.442800,122888192,0,0,7,0
0,22,compute,360.473610,361.076346,0.602736,0,0,0,0,0
0,23,trunk,361.076347,361.079709,0.003361,431890432,-296,1,0,0
0,23,expert,361.118864,361.694326,0.575462,105332736,0,0,6,0
0,23,compute,361.079734,361.804567,0.724833,0,0,0,0,0
0,24,trunk,361.804568,361.807896,0.003328,645562368,-297,1,0,0
0,24,expert,361.870186,362.601176,0.730990,193110016,0,0,11,0
0,24,compute,361.807924,362.702897,0.894973,0,0,0,0,0
0,25,trunk,362.702898,362.706225,0.003327,645562368,-298,1,0,0
0,25,expert,362.777014,363.461031,0.684016,210665472,0,0,12,0
0,25,compute,362.706253,363.579000,0.872747,0,0,0,0,0
0,26,trunk,363.579002,363.582453,0.003451,645562368,-299,1,0,0
0,26,expert,363.642005,364.102381,0.460376,157999104,0,0,9,0
0,26,compute,363.582480,364.204905,0.622424,0,0,0,0,0
0,27,trunk,364.204906,364.208286,0.003380,431890432,-300,1,0,0
0,27,expert,364.247529,364.938337,0.690808,245776384,0,0,14,0
0,27,compute,364.208310,365.054296,0.845985,0,0,0,0,0
0,28,trunk,365.054298,365.057876,0.003578,645562368,-301,1,0,0
0,28,expert,365.119890,365.709165,0.589275,263331840,0,0,15,0
0,28,compute,365.057911,365.826449,0.768538,0,0,0,0,0
0,29,trunk,365.826451,365.829526,0.003076,645562368,-302,1,0,0
0,29,expert,365.888870,366.565446,0.676577,175554560,0,0,10,0
0,29,compute,365.829554,366.676100,0.846547,0,0,0,0,0
0,30,trunk,366.676102,366.679680,0.003578,645562368,-303,1,0,0
0,30,expert,366.740411,367.234222,0.493812,175554560,0,0,10,0
0,30,compute,366.679723,367.350549,0.670826,0,0,0,0,0
0,31,trunk,367.350551,367.353983,0.003432,431890432,-304,1,0,0
0,31,expert,367.393142,368.149304,0.756163,245776384,0,0,14,0
0,31,compute,367.354010,368.245090,0.891080,0,0,0,0,0
0,32,trunk,368.245092,368.248473,0.003381,645562368,-305,1,0,0
0,32,expert,368.309285,368.986458,0.677172,157999104,0,0,9,0
0,32,compute,368.248497,369.101134,0.852636,0,0,0,0,0
0,33,trunk,369.101136,369.104747,0.003612,645562368,-306,1,0,0
0,33,expert,369.166658,369.906482,0.739824,157999104,0,0,9,0
0,33,compute,369.104788,370.018255,0.913467,0,0,0,0,0
0,34,trunk,370.018256,370.021749,0.003493,645562368,-307,1,0,0
0,34,expert,370.089087,370.617786,0.528700,228220928,0,0,13,0
0,34,compute,370.021793,370.730199,0.708405,0,0,0,0,0
0,35,trunk,370.730201,370.733464,0.003264,431890432,-308,1,0,0
0,35,expert,370.779140,371.462755,0.683616,157999104,0,0,9,0
0,35,compute,370.733488,371.567882,0.834394,0,0,0,0,0
0,36,trunk,371.567883,371.571234,0.003351,645562368,-309,1,0,0
0,36,expert,371.639756,372.337691,0.697934,193110016,0,0,11,0
0,36,compute,371.571263,372.439896,0.868633,0,0,0,0,0
0,37,trunk,372.439898,372.443313,0.003415,645562368,-310,1,0,0
0,37,expert,372.504544,373.187311,0.682767,193110016,0,0,11,0
0,37,compute,372.443341,373.306255,0.862914,0,0,0,0,0
0,38,trunk,373.306257,373.309617,0.003360,645562368,-311,1,0,0
0,38,expert,373.371201,373.804913,0.433711,140443648,0,0,8,0
0,38,compute,373.309676,373.922240,0.612564,0,0,0,0,0
0,39,trunk,373.922242,373.925620,0.003378,431890432,-312,1,0,0
0,39,expert,373.970869,374.629331,0.658462,140443648,0,0,8,0
0,39,compute,373.925668,374.742113,0.816444,0,0,0,0,0
0,40,trunk,374.742114,374.745637,0.003522,645562368,-313,1,0,0
0,40,expert,374.810731,375.478609,0.667879,157999104,0,0,9,0
0,40,compute,374.745662,375.602855,0.857193,0,0,0,0,0
0,41,trunk,375.602857,375.606438,0.003581,645562368,-314,1,0,0
0,41,expert,375.668243,376.284308,0.616065,122888192,0,0,7,0
0,41,compute,375.606466,376.382899,0.776433,0,0,0,0,0
0,42,trunk,376.382900,376.386382,0.003482,645562368,-315,1,0,0
0,42,expert,376.448858,376.852961,0.404103,70221824,0,0,4,0
0,42,compute,376.386409,376.952078,0.565669,0,0,0,0,0
0,43,trunk,376.952080,376.955463,0.003384,431890432,-316,1,0,0
0,43,expert,376.996121,377.713834,0.717713,175554560,0,0,10,0
0,43,compute,376.955491,377.830605,0.875114,0,0,0,0,0
0,44,trunk,377.830607,377.834079,0.003472,645562368,-317,1,0,0
0,44,expert,377.901811,378.579882,0.678071,175554560,0,0,10,0
0,44,compute,377.834121,378.700061,0.865940,0,0,0,0,0
0,45,trunk,378.700063,378.703529,0.003467,645562368,-318,1,0,0
0,45,expert,378.770719,379.355665,0.584947,105332736,0,0,6,0
0,45,compute,378.703559,379.457562,0.754003,0,0,0,0,0
0,46,trunk,379.457563,379.461022,0.003459,645562368,-319,1,0,0
0,46,expert,379.528771,379.967263,0.438492,122888192,0,0,7,0
0,46,compute,379.461054,380.063978,0.602924,0,0,0,0,0
0,47,trunk,380.063979,380.067335,0.003355,431890432,-320,1,0,0
0,47,expert,380.108174,380.747603,0.639429,140443648,0,0,8,0
0,47,compute,380.067362,380.868039,0.800677,0,0,0,0,0
0,48,trunk,380.868041,380.871382,0.003341,645562368,-321,1,0,0
0,48,expert,380.939702,381.582176,0.642474,175554560,0,0,10,0
0,48,compute,380.871431,381.687881,0.816450,0,0,0,0,0
0,49,trunk,381.687883,381.691233,0.003350,645562368,-322,1,0,0
0,49,expert,381.757576,382.456188,0.698612,193110016,0,0,11,0
0,49,compute,381.691296,382.554990,0.863693,0,0,0,0,0
0,50,trunk,382.554991,382.558383,0.003392,645562368,-323,1,0,0
0,50,expert,382.619480,383.117875,0.498396,193110016,0,0,11,0
0,50,compute,382.558431,383.217828,0.659397,0,0,0,0,0
0,51,trunk,383.217830,383.221283,0.003453,431890432,-324,1,0,0
0,51,expert,383.261401,383.844953,0.583553,122888192,0,0,7,0
0,51,compute,383.221328,383.962324,0.740997,0,0,0,0,0
0,52,trunk,383.962326,383.965668,0.003343,645562368,-325,1,0,0
0,52,expert,384.032314,384.652223,0.619909,157999104,0,0,9,0
0,52,compute,383.965694,384.766180,0.800486,0,0,0,0,0
0,53,trunk,384.766181,384.769544,0.003363,645562368,-326,1,0,0
0,53,expert,384.833160,385.466150,0.632991,140443648,0,0,8,0
0,53,compute,384.769568,385.569104,0.799536,0,0,0,0,0
0,54,trunk,385.569106,385.572623,0.003517,645562368,-327,1,0,0
0,54,expert,385.640475,386.087849,0.447373,157999104,0,0,9,0
0,54,compute,385.572647,386.189286,0.616638,0,0,0,0,0
0,55,trunk,386.189288,386.192858,0.003570,431890432,-328,1,0,0
0,55,expert,386.238809,386.768326,0.529517,122888192,0,0,7,0
0,55,compute,386.192892,386.872237,0.679345,0,0,0,0,0
0,56,trunk,386.872238,386.884491,0.012253,645562368,-329,1,0,0
0,56,expert,386.948262,387.649501,0.701239,210665472,0,0,12,0
0,56,compute,386.884560,387.774210,0.889650,0,0,0,0,0
0,57,trunk,387.774212,387.777889,0.003677,645562368,-330,1,0,0
0,57,expert,387.840035,388.518654,0.678619,175554560,0,0,10,0
0,57,compute,387.777916,388.662176,0.884260,0,0,0,0,0
0,58,trunk,388.662178,388.665796,0.003618,645562368,-331,1,0,0
0,58,expert,388.742946,389.158681,0.415735,105332736,0,0,6,0
0,58,compute,388.665819,389.309385,0.643566,0,0,0,0,0
0,59,trunk,389.309387,389.312841,0.003454,431890432,-332,1,0,0
0,59,expert,389.363914,390.019900,0.655987,140443648,0,0,8,0
0,59,compute,389.312866,390.138562,0.825696,0,0,0,0,0
0,60,trunk,390.138564,390.141970,0.003405,645562368,-333,1,0,0
0,60,expert,390.212670,390.849234,0.636564,122888192,0,0,7,0
0,60,compute,390.141996,390.962160,0.820164,0,0,0,0,0
0,61,trunk,390.962161,390.965756,0.003595,645562368,-334,1,0,0
0,61,expert,391.033775,391.693010,0.659234,175554560,0,0,10,0
0,61,compute,390.965802,391.789549,0.823747,0,0,0,0,0
0,62,trunk,391.789551,391.793068,0.003517,645562368,-335,1,0,0
0,62,expert,391.856104,392.212545,0.356441,122888192,0,0,7,0
0,62,compute,391.793093,392.330186,0.537093,0,0,0,0,0
0,63,trunk,392.330187,392.333563,0.003376,431890432,-336,1,0,0
0,63,expert,392.377240,393.009902,0.632662,105332736,0,0,6,0
0,63,compute,392.333601,393.122213,0.788613,0,0,0,0,0
0,64,trunk,393.122215,393.125688,0.003472,645562368,-337,1,0,0
0,64,expert,393.193343,393.804153,0.610811,105332736,0,0,6,0
0,64,compute,393.125741,393.917201,0.791460,0,0,0,0,0
0,65,trunk,393.917203,393.920926,0.003724,645562368,-338,1,0,0
0,65,expert,393.987251,394.310382,0.323131,87777280,0,0,5,0
0,65,compute,393.920961,394.450511,0.529550,0,0,0,0,0
0,66,trunk,394.450513,394.593640,0.143127,645562368,-339,1,0,0
0,66,expert,394.725207,395.118677,0.393470,140443648,0,0,8,0
0,66,compute,394.593724,395.264036,0.670312,0,0,0,0,0
0,67,trunk,395.264037,395.267450,0.003413,431890432,-340,1,0,0
0,67,expert,395.338038,396.005696,0.667658,122888192,0,0,7,0
0,67,compute,395.267478,396.107415,0.839937,0,0,0,0,0
0,68,trunk,396.107417,396.111259,0.003842,645562368,-341,1,0,0
0,68,expert,396.180618,396.831259,0.650641,157999104,0,0,9,0
0,68,compute,396.111284,396.958189,0.846906,0,0,0,0,0
0,69,trunk,396.958191,396.961773,0.003583,645562368,-342,1,0,0
0,69,expert,397.043709,397.690213,0.646504,140443648,0,0,8,0
0,69,compute,396.961798,397.811011,0.849213,0,0,0,0,0
0,70,trunk,397.811013,397.814695,0.003681,645562368,-343,1,0,0
0,70,expert,397.919478,398.245477,0.325999,122888192,0,0,7,0
0,70,compute,397.814725,398.360183,0.545457,0,0,0,0,0
0,71,trunk,398.360185,398.363651,0.003467,431890432,-344,1,0,0
0,71,expert,398.407817,399.122848,0.715031,157999104,0,0,9,0
0,71,compute,398.363679,399.246211,0.882531,0,0,0,0,0
0,72,trunk,399.246212,399.249761,0.003549,645562368,-345,1,0,0
0,72,expert,399.324861,399.966736,0.641875,140443648,0,0,8,0
0,72,compute,399.249806,400.086206,0.836400,0,0,0,0,0
0,73,trunk,400.086207,400.089535,0.003328,645562368,-346,1,0,0
0,73,expert,400.159901,400.791404,0.631502,122888192,0,0,7,0
0,73,compute,400.089561,400.906236,0.816675,0,0,0,0,0
0,74,trunk,400.906238,400.909596,0.003358,645562368,-347,1,0,0
0,74,expert,400.972092,401.378967,0.406875,87777280,0,0,5,0
0,74,compute,400.909624,401.479270,0.569646,0,0,0,0,0
0,75,trunk,401.479272,401.483314,0.004042,431890432,-348,1,0,0
0,75,expert,401.523787,402.157520,0.633733,105332736,0,0,6,0
0,75,compute,401.483343,402.258482,0.775139,0,0,0,0,0
0,76,trunk,402.258483,402.261987,0.003503,645562368,-349,1,0,0
0,76,expert,402.325046,402.915889,0.590843,122888192,0,0,7,0
0,76,compute,402.262016,403.042228,0.780212,0,0,0,0,0
0,77,trunk,403.042229,403.045650,0.003421,645562368,-350,1,0,0
0,77,expert,403.113358,403.643909,0.530551,87777280,0,0,5,0
0,77,compute,403.045677,403.762200,0.716523,0,0,0,0,0
0,78,trunk,403.762201,403.765609,0.003408,645562368,-351,1,0,0
0,78,expert,403.834083,404.237408,0.403325,87777280,0,0,5,0
0,78,compute,403.765664,404.339670,0.574007,0,0,0,0,0
0,79,trunk,404.339672,404.343623,0.003951,431890432,-352,1,0,0
0,79,expert,404.388897,404.962873,0.573977,70221824,0,0,4,0
0,79,compute,404.343657,405.080036,0.736379,0,0,0,0,0
0,80,trunk,405.080038,405.083397,0.003359,645562368,-353,1,0,0
0,80,expert,405.151495,405.724980,0.573485,105332736,0,0,6,0
0,80,compute,405.083443,405.842191,0.758748,0,0,0,0,0
0,81,trunk,405.842193,405.849603,0.007410,645562368,-354,1,0,0
0,81,expert,405.915863,406.541347,0.625485,157999104,0,0,9,0
0,81,compute,405.849662,406.662222,0.812560,0,0,0,0,0
0,82,trunk,406.662224,406.665572,0.003349,645562368,-355,1,0,0
0,82,expert,406.740677,407.202953,0.462276,157999104,0,0,9,0
0,82,compute,406.665599,407.307460,0.641861,0,0,0,0,0
0,83,trunk,407.307462,407.311038,0.003576,431890432,-356,1,0,0
0,83,expert,407.354412,407.996117,0.641706,122888192,0,0,7,0
0,83,compute,407.311076,408.096633,0.785557,0,0,0,0,0
0,84,trunk,408.096635,408.100190,0.003555,645562368,-357,1,0,0
0,84,expert,408.162172,408.632642,0.470470,35110912,0,0,2,0
0,84,compute,408.100234,408.730161,0.629927,0,0,0,0,0
0,85,trunk,408.730163,408.739614,0.009452,645562368,-358,1,0,0
0,85,expert,408.808447,409.408759,0.600312,105332736,0,0,6,0
0,85,compute,408.739674,409.510483,0.770809,0,0,0,0,0
0,86,trunk,409.510485,409.514177,0.003692,645562368,-359,1,0,0
0,86,expert,409.578680,409.984350,0.405671,87777280,0,0,5,0
0,86,compute,409.514208,410.088867,0.574659,0,0,0,0,0
0,87,trunk,410.088868,410.092407,0.003538,431890432,-360,1,0,0
0,87,expert,410.139395,410.744375,0.604980,105332736,0,0,6,0
0,87,compute,410.092431,410.858348,0.765917,0,0,0,0,0
0,88,trunk,410.858350,410.861706,0.003356,645562368,-361,1,0,0
0,88,expert,410.940319,411.435965,0.495646,35110912,0,0,2,0
0,88,compute,410.861734,411.537176,0.675442,0,0,0,0,0
0,89,trunk,411.537178,411.540495,0.003317,645562368,-362,1,0,0
0,89,expert,411.603754,412.226113,0.622359,70221824,0,0,4,0
0,89,compute,411.540540,412.362251,0.821711,0,0,0,0,0
0,90,trunk,412.362252,412.365595,0.003343,645562368,-363,1,0,0
0,90,expert,412.432102,412.819988,0.387887,70221824,0,0,4,0
0,90,compute,412.365623,412.918332,0.552709,0,0,0,0,0
0,91,trunk,412.918333,412.921797,0.003464,431890432,-364,1,0,0
0,91,expert,412.959580,413.359346,0.399766,70221824,0,0,4,0
0,91,compute,412.921827,413.476213,0.554386,0,0,0,0,0
0,92,trunk,413.476215,413.479696,0.003481,431890432,-365,1,0,0
0,92,expert,413.517175,413.632945,0.115771,140443648,0,0,8,0
0,92,compute,413.479698,413.754213,0.274515,0,0,0,0,0
0,0,trunk,413.856856,413.856895,0.000039,0,-365,0,0,0
0,0,compute,413.856914,413.974551,0.117637,0,0,0,0,0
0,1,trunk,413.974552,414.417132,0.442580,645562368,-365,1,0,0
0,1,expert,414.494021,426.385581,11.891560,228220928,0,0,13,0
0,1,compute,414.417219,426.498452,12.081234,0,0,0,0,0
0,2,trunk,426.498455,426.501822,0.003367,645562368,-366,1,0,0
0,2,expert,426.563719,427.027398,0.463679,157999104,0,0,9,0
0,2,compute,426.501849,427.126589,0.624740,0,0,0,0,0
0,3,trunk,427.126590,427.129979,0.003389,431890432,-367,1,0,0
0,3,expert,427.168563,427.833977,0.665414,175554560,0,0,10,0
0,3,compute,427.130008,427.955000,0.824992,0,0,0,0,0
0,4,trunk,427.955001,427.958424,0.003423,645562368,-368,1,0,0
0,4,expert,428.018864,439.630084,11.611220,122888192,0,0,7,0
0,4,compute,427.958515,439.732814,11.774299,0,0,0,0,0
0,5,trunk,439.732816,439.736369,0.003553,645562368,-369,1,0,0
0,5,expert,439.799758,440.432317,0.632560,157999104,0,0,9,0
0,5,compute,439.736427,440.527388,0.790962,0,0,0,0,0
0,6,trunk,440.527390,440.530759,0.003369,645562368,-370,1,0,0
0,6,expert,440.589869,441.095844,0.505975,245776384,0,0,14,0
0,6,compute,440.530788,441.205274,0.674486,0,0,0,0,0
0,7,trunk,441.205276,441.208861,0.003585,431890432,-371,1,0,0
0,7,expert,441.250748,441.833544,0.582796,245776384,0,0,14,0
0,7,compute,441.208885,441.942538,0.733653,0,0,0,0,0
0,8,trunk,441.942540,441.967066,0.024526,645562368,-372,1,0,0
0,8,expert,442.028337,442.751728,0.723391,193110016,0,0,11,0
0,8,compute,441.967149,442.852151,0.885001,0,0,0,0,0
0,9,trunk,442.852152,442.855732,0.003580,645562368,-373,1,0,0
0,9,expert,442.915582,443.617447,0.701865,175554560,0,0,10,0
0,9,compute,442.855826,443.719397,0.863571,0,0,0,0,0
0,10,trunk,443.719399,443.722773,0.003374,645562368,-374,1,0,0
0,10,expert,443.780985,444.161030,0.380045,140443648,0,0,8,0
0,10,compute,443.722802,444.270204,0.547403,0,0,0,0,0
0,11,trunk,444.270206,444.273628,0.003423,431890432,-375,1,0,0
0,11,expert,444.318827,444.954814,0.635987,105332736,0,0,6,0
0,11,compute,444.273701,445.054448,0.780747,0,0,0,0,0
0,12,trunk,445.054450,445.058178,0.003728,645562368,-376,1,0,0
0,12,expert,445.120910,445.797556,0.676646,193110016,0,0,11,0
0,12,compute,445.058226,445.891964,0.833738,0,0,0,0,0
0,13,trunk,445.891966,445.895487,0.003521,645562368,-377,1,0,0
0,13,expert,445.957989,446.535160,0.577171,157999104,0,0,9,0
0,13,compute,445.895516,446.638444,0.742928,0,0,0,0,0
0,14,trunk,446.638445,446.642082,0.003637,645562368,-378,1,0,0
0,14,expert,446.700644,447.213142,0.512498,228220928,0,0,13,0
0,14,compute,446.642110,447.330498,0.688388,0,0,0,0,0
0,15,trunk,447.330500,447.333884,0.003385,431890432,-379,1,0,0
0,15,expert,447.395377,447.977164,0.581787,175554560,0,0,10,0
0,15,compute,447.333912,448.086295,0.752383,0,0,0,0,0
0,16,trunk,448.086297,448.089718,0.003421,645562368,-380,1,0,0
0,16,expert,448.154286,448.744229,0.589944,175554560,0,0,10,0
0,16,compute,448.089771,448.846517,0.756746,0,0,0,0,0
0,17,trunk,448.846518,448.849860,0.003341,645562368,-381,1,0,0
0,17,expert,448.911462,449.558239,0.646777,175554560,0,0,10,0
0,17,compute,448.849948,449.674203,0.824256,0,0,0,0,0
0,18,trunk,449.674205,449.677561,0.003356,645562368,-382,1,0,0
0,18,expert,449.738826,450.199313,0.460488,193110016,0,0,11,0
0,18,compute,449.677590,450.322430,0.644840,0,0,0,0,0
0,19,trunk,450.322432,450.325926,0.003495,431890432,-383,1,0,0
0,19,expert,450.366627,450.987240,0.620613,175554560,0,0,10,0
0,19,compute,450.326132,451.106242,0.780110,0,0,0,0,0
0,20,trunk,451.106244,451.109679,0.003435,645562368,-384,1,0,0
0,20,expert,451.173603,451.724851,0.551247,175554560,0,0,10,0
0,20,compute,451.109711,451.836039,0.726328,0,0,0,0,0
0,21,trunk,451.836040,451.839326,0.003286,645562368,-385,1,0,0
0,21,expert,451.901530,452.560039,0.658510,193110016,0,0,11,0
0,21,compute,451.839401,452.668854,0.829453,0,0,0,0,0
0,22,trunk,452.668856,452.672368,0.003512,645562368,-386,1,0,0
0,22,expert,452.736457,453.223058,0.486601,175554560,0,0,10,0
0,22,compute,452.672391,453.358193,0.685801,0,0,0,0,0
0,23,trunk,453.358195,453.361627,0.003432,431890432,-387,1,0,0
0,23,expert,453.421082,454.022206,0.601124,157999104,0,0,9,0
0,23,compute,453.361656,454.134724,0.773068,0,0,0,0,0
0,24,trunk,454.134726,454.138087,0.003361,645562368,-388,1,0,0
0,24,expert,454.200317,454.886415,0.686098,157999104,0,0,9,0
0,24,compute,454.138115,454.987375,0.849260,0,0,0,0,0
0,25,trunk,454.987378,454.990747,0.003369,645562368,-389,1,0,0
0,25,expert,455.052429,455.743314,0.690885,193110016,0,0,11,0
0,25,compute,454.990773,455.870211,0.879438,0,0,0,0,0
0,26,trunk,455.870213,455.873802,0.003589,645562368,-390,1,0,0
0,26,expert,455.940640,456.438671,0.498030,210665472,0,0,12,0
0,26,compute,455.873852,456.551005,0.677153,0,0,0,0,0
0,27,trunk,456.551007,456.554462,0.003455,431890432,-391,1,0,0
0,27,expert,456.597957,457.262007,0.664049,210665472,0,0,12,0
0,27,compute,456.554493,457.374234,0.819741,0,0,0,0,0
0,28,trunk,457.374236,457.377866,0.003629,645562368,-392,1,0,0
0,28,expert,457.448804,458.081542,0.632739,210665472,0,0,12,0
0,28,compute,457.377894,458.198194,0.820300,0,0,0,0,0
0,29,trunk,458.198197,458.201869,0.003673,645562368,-393,1,0,0
0,29,expert,458.266906,458.964137,0.697231,210665472,0,0,12,0
0,29,compute,458.201921,459.078171,0.876250,0,0,0,0,0
0,30,trunk,459.078173,459.081665,0.003492,645562368,-394,1,0,0
0,30,expert,459.143149,459.618148,0.474999,157999104,0,0,9,0
0,30,compute,459.081702,459.716420,0.634718,0,0,0,0,0
0,31,trunk,459.716421,459.719993,0.003571,431890432,-395,1,0,0
0,31,expert,459.757132,460.431133,0.674001,157999104,0,0,9,0
0,31,compute,459.720062,460.542189,0.822127,0,0,0,0,0
0,32,trunk,460.542190,460.545568,0.003378,645562368,-396,1,0,0
0,32,expert,460.607085,461.288632,0.681546,193110016,0,0,11,0
0,32,compute,460.545594,461.393297,0.847703,0,0,0,0,0
0,33,trunk,461.393299,461.397283,0.003985,645562368,-397,1,0,0
0,33,expert,461.460220,462.184037,0.723818,175554560,0,0,10,0
0,33,compute,461.397326,462.298289,0.900963,0,0,0,0,0
0,34,trunk,462.298291,462.301625,0.003334,645562368,-398,1,0,0
0,34,expert,462.361300,462.852229,0.490929,175554560,0,0,10,0
0,34,compute,462.301660,462.953022,0.651363,0,0,0,0,0
0,35,trunk,462.953024,462.956484,0.003459,431890432,-399,1,0,0
0,35,expert,462.995233,463.513808,0.518576,175554560,0,0,10,0
0,35,compute,462.956538,463.635019,0.678482,0,0,0,0,0
0,36,trunk,463.635021,463.713231,0.078210,645562368,-400,1,0,0
0,36,expert,463.780295,464.476440,0.696146,193110016,0,0,11,0
0,36,compute,463.713315,464.599165,0.885850,0,0,0,0,0
0,37,trunk,464.599168,464.603018,0.003850,645562368,-401,1,0,0
0,37,expert,464.703270,465.355920,0.652650,193110016,0,0,11,0
0,37,compute,464.603067,465.481008,0.877941,0,0,0,0,0
0,38,trunk,465.481010,465.485056,0.004047,645562368,-402,1,0,0
0,38,expert,465.565618,465.991889,0.426271,140443648,0,0,8,0
0,38,compute,465.485105,466.106436,0.621332,0,0,0,0,0
0,39,trunk,466.106439,466.110212,0.003773,431890432,-403,1,0,0
0,39,expert,466.163071,466.810675,0.647604,157999104,0,0,9,0
0,39,compute,466.110248,466.919368,0.809120,0,0,0,0,0
0,40,trunk,466.919370,466.923129,0.003759,645562368,-404,1,0,0
0,40,expert,467.008451,467.682067,0.673616,193110016,0,0,11,0
0,40,compute,466.923192,467.807005,0.883813,0,0,0,0,0
0,41,trunk,467.807007,467.810946,0.003939,645562368,-405,1,0,0
0,41,expert,467.886131,468.507761,0.621630,140443648,0,0,8,0
0,41,compute,467.810975,468.630649,0.819673,0,0,0,0,0
0,42,trunk,468.630651,468.634457,0.003806,645562368,-406,1,0,0
0,42,expert,468.703215,469.358799,0.655584,122888192,0,0,7,0
0,42,compute,468.634486,469.483205,0.848719,0,0,0,0,0
0,43,trunk,469.483208,469.486697,0.003489,431890432,-407,1,0,0
0,43,expert,469.531742,470.189114,0.657372,105332736,0,0,6,0
0,43,compute,469.486767,470.306256,0.819489,0,0,0,0,0
0,44,trunk,470.306258,470.309741,0.003483,645562368,-408,1,0,0
0,44,expert,470.382111,470.991117,0.609006,175554560,0,0,10,0
0,44,compute,470.309770,471.118895,0.809125,0,0,0,0,0
0,45,trunk,471.118896,471.122465,0.003569,645562368,-409,1,0,0
0,45,expert,471.196368,471.842109,0.645742,122888192,0,0,7,0
0,45,compute,471.122500,471.958242,0.835742,0,0,0,0,0
0,46,trunk,471.958243,471.962129,0.003885,645562368,-410,1,0,0
0,46,expert,472.037432,472.493122,0.455690,157999104,0,0,9,0
0,46,compute,471.962186,472.610495,0.648309,0,0,0,0,0
0,47,trunk,472.610496,472.613890,0.003394,431890432,-411,1,0,0
0,47,expert,472.655682,473.294248,0.638567,157999104,0,0,9,0
0,47,compute,472.613918,473.414558,0.800640,0,0,0,0,0
0,48,trunk,473.414560,473.417958,0.003398,645562368,-412,1,0,0
0,48,expert,473.480136,473.884309,0.404174,157999104,0,0,9,0
0,48,compute,473.417985,473.991317,0.573331,0,0,0,0,0
0,49,trunk,473.991319,474.127559,0.136240,645562368,-413,1,0,0
0,49,expert,474.193754,474.897087,0.703333,193110016,0,0,11,0
0,49,compute,474.127645,475.012045,0.884400,0,0,0,0,0
0,50,trunk,475.012047,475.015410,0.003363,645562368,-414,1,0,0
0,50,expert,475.076559,475.526036,0.449477,122888192,0,0,7,0
0,50,compute,475.015496,475.622430,0.606934,0,0,0,0,0
0,51,trunk,475.622432,475.625813,0.003381,431890432,-415,1,0,0
0,51,expert,475.665801,476.324504,0.658703,157999104,0,0,9,0
0,51,compute,475.625843,476.425393,0.799550,0,0,0,0,0
0,52,trunk,476.425395,476.429058,0.003663,645562368,-416,1,0,0
0,52,expert,476.489723,477.163215,0.673492,175554560,0,0,10,0
0,52,compute,476.429085,477.273047,0.843962,0,0,0,0,0
0,53,trunk,477.273049,477.276624,0.003575,645562368,-417,1,0,0
0,53,expert,477.348973,477.984303,0.635330,157999104,0,0,9,0
0,53,compute,477.282057,478.098195,0.816137,0,0,0,0,0
0,54,trunk,478.098197,478.101795,0.003598,645562368,-418,1,0,0
0,54,expert,478.168503,478.617521,0.449018,140443648,0,0,8,0
0,54,compute,478.102011,478.742155,0.640144,0,0,0,0,0
0,55,trunk,478.742157,478.745764,0.003607,431890432,-419,1,0,0
0,55,expert,478.813625,479.414899,0.601273,105332736,0,0,6,0
0,55,compute,478.745803,479.524049,0.778247,0,0,0,0,0
0,56,trunk,479.524051,479.527876,0.003825,645562368,-420,1,0,0
0,56,expert,479.599576,480.234002,0.634426,140443648,0,0,8,0
0,56,compute,479.533322,480.350245,0.816923,0,0,0,0,0
0,57,trunk,480.350247,480.353756,0.003509,645562368,-421,1,0,0
0,57,expert,480.420333,481.087356,0.667022,157999104,0,0,9,0
0,57,compute,480.359663,481.202221,0.842558,0,0,0,0,0
0,58,trunk,481.202223,481.205751,0.003528,645562368,-422,1,0,0
0,58,expert,481.282235,481.746999,0.464765,157999104,0,0,9,0
0,58,compute,481.209695,481.862360,0.652665,0,0,0,0,0
0,59,trunk,481.862362,481.865902,0.003541,431890432,-423,1,0,0
0,59,expert,481.908924,482.554908,0.645984,122888192,0,0,7,0
0,59,compute,481.871325,482.666172,0.794847,0,0,0,0,0
0,60,trunk,482.666174,482.669790,0.003616,645562368,-424,1,0,0
0,60,expert,482.747791,483.443134,0.695343,193110016,0,0,11,0
0,60,compute,482.669856,483.567754,0.897898,0,0,0,0,0
0,61,trunk,483.567756,483.571451,0.003694,645562368,-425,1,0,0
0,61,expert,483.637239,484.279183,0.641945,140443648,0,0,8,0
0,61,compute,483.571493,484.379141,0.807648,0,0,0,0,0
0,62,trunk,484.379143,484.382679,0.003536,645562368,-426,1,0,0
0,62,expert,484.445085,484.889416,0.444331,140443648,0,0,8,0
0,62,compute,484.382730,485.001772,0.619042,0,0,0,0,0
0,63,trunk,485.001774,485.005304,0.003531,431890432,-427,1,0,0
0,63,expert,485.054221,485.753021,0.698800,193110016,0,0,11,0
0,63,compute,485.005350,485.866611,0.861262,0,0,0,0,0
0,64,trunk,485.866613,485.870171,0.003557,645562368,-428,1,0,0
0,64,expert,485.933424,486.629925,0.696500,175554560,0,0,10,0
0,64,compute,485.870216,486.733484,0.863268,0,0,0,0,0
0,65,trunk,486.733486,486.736980,0.003495,645562368,-429,1,0,0
0,65,expert,486.802440,487.461265,0.658825,157999104,0,0,9,0
0,65,compute,486.737006,487.565430,0.828424,0,0,0,0,0
0,66,trunk,487.565453,487.568964,0.003510,645562368,-430,1,0,0
0,66,expert,487.631014,488.074515,0.443501,122888192,0,0,7,0
0,66,compute,487.568990,488.176924,0.607934,0,0,0,0,0
0,67,trunk,488.176926,488.180646,0.003720,431890432,-431,1,0,0
0,67,expert,488.220507,488.878601,0.658094,105332736,0,0,6,0
0,67,compute,488.180711,489.014200,0.833489,0,0,0,0,0
0,68,trunk,489.014202,489.017653,0.003451,645562368,-432,1,0,0
0,68,expert,489.120625,489.715617,0.594992,140443648,0,0,8,0
0,68,compute,489.017681,489.816382,0.798701,0,0,0,0,0
0,69,trunk,489.816384,489.820138,0.003754,645562368,-433,1,0,0
0,69,expert,489.890081,490.531362,0.641282,122888192,0,0,7,0
0,69,compute,489.820165,490.630828,0.810663,0,0,0,0,0
0,70,trunk,490.630829,490.634583,0.003754,645562368,-434,1,0,0
0,70,expert,490.701928,491.028513,0.326585,122888192,0,0,7,0
0,70,compute,490.634636,491.136822,0.502186,0,0,0,0,0
0,71,trunk,491.136823,491.143993,0.007170,431890432,-435,1,0,0
0,71,expert,491.186653,491.889426,0.702773,140443648,0,0,8,0
0,71,compute,491.144083,492.030174,0.886091,0,0,0,0,0
0,72,trunk,492.030176,492.034216,0.004040,645562368,-436,1,0,0
0,72,expert,492.201954,492.796674,0.594720,175554560,0,0,10,0
0,72,compute,492.034246,492.911381,0.877135,0,0,0,0,0
0,73,trunk,492.911383,492.915045,0.003662,645562368,-437,1,0,0
0,73,expert,493.001023,493.670793,0.669770,175554560,0,0,10,0
0,73,compute,492.915077,493.779335,0.864258,0,0,0,0,0
0,74,trunk,493.779337,493.888191,0.108854,645562368,-438,1,0,0
0,74,expert,493.965901,494.380134,0.414233,105332736,0,0,6,0
0,74,compute,493.888271,494.494997,0.606726,0,0,0,0,0
0,75,trunk,494.494999,494.498490,0.003491,431890432,-439,1,0,0
0,75,expert,494.546181,495.146150,0.599969,70221824,0,0,4,0
0,75,compute,494.498689,495.262022,0.763333,0,0,0,0,0
0,76,trunk,495.262024,495.265415,0.003391,645562368,-440,1,0,0
0,76,expert,495.334941,495.968588,0.633647,157999104,0,0,9,0
0,76,compute,495.265441,496.068505,0.803064,0,0,0,0,0
0,77,trunk,496.068507,496.071800,0.003293,645562368,-441,1,0,0
0,77,expert,496.146501,496.504185,0.357684,105332736,0,0,6,0
0,77,compute,496.071839,496.607009,0.535170,0,0,0,0,0
0,78,trunk,496.607011,496.767424,0.160413,645562368,-442,1,0,0
0,78,expert,496.842570,497.309954,0.467384,140443648,0,0,8,0
0,78,compute,496.767511,497.412532,0.645020,0,0,0,0,0
0,79,trunk,497.412533,497.416055,0.003521,431890432,-443,1,0,0
0,79,expert,497.458330,498.092317,0.633987,122888192,0,0,7,0
0,79,compute,497.416078,498.211341,0.795264,0,0,0,0,0
0,80,trunk,498.211343,498.214783,0.003439,645562368,-444,1,0,0
0,80,expert,498.281856,498.898494,0.616638,140443648,0,0,8,0
0,80,compute,498.214834,498.998730,0.783896,0,0,0,0,0
0,81,trunk,498.998731,499.002385,0.003654,645562368,-445,1,0,0
0,81,expert,499.069595,499.748106,0.678512,175554560,0,0,10,0
0,81,compute,499.002431,499.862479,0.860049,0,0,0,0,0
0,82,trunk,499.862481,499.865896,0.003415,645562368,-446,1,0,0
0,82,expert,499.927678,500.321796,0.394118,140443648,0,0,8,0
0,82,compute,499.865961,500.442213,0.576252,0,0,0,0,0
0,83,trunk,500.442215,500.445740,0.003525,431890432,-447,1,0,0
0,83,expert,500.489182,501.070335,0.581153,175554560,0,0,10,0
0,83,compute,500.445785,501.177054,0.731269,0,0,0,0,0
0,84,trunk,501.177056,501.189069,0.012013,645562368,-448,1,0,0
0,84,expert,501.255870,501.965794,0.709923,175554560,0,0,10,0
0,84,compute,501.189149,502.082164,0.893015,0,0,0,0,0
0,85,trunk,502.082167,502.085494,0.003327,645562368,-449,1,0,0
0,85,expert,502.156887,502.849760,0.692873,175554560,0,0,10,0
0,85,compute,502.085521,502.952617,0.867097,0,0,0,0,0
0,86,trunk,502.952619,502.955959,0.003341,645562368,-450,1,0,0
0,86,expert,503.022676,503.517618,0.494942,193110016,0,0,11,0
0,86,compute,502.955987,503.618391,0.662404,0,0,0,0,0
0,87,trunk,503.618393,503.621819,0.003426,431890432,-451,1,0,0
0,87,expert,503.666738,504.290616,0.623878,122888192,0,0,7,0
0,87,compute,503.621857,504.406246,0.784389,0,0,0,0,0
0,88,trunk,504.406247,504.409647,0.003400,645562368,-452,1,0,0
0,88,expert,504.477203,505.153684,0.676481,157999104,0,0,9,0
0,88,compute,504.409675,505.268033,0.858358,0,0,0,0,0
0,89,trunk,505.268035,505.271349,0.003314,645562368,-453,1,0,0
0,89,expert,505.333657,505.992254,0.658597,87777280,0,0,5,0
0,89,compute,505.271375,506.094127,0.822752,0,0,0,0,0
0,90,trunk,506.094129,506.097730,0.003602,645562368,-454,1,0,0
0,90,expert,506.167353,506.607692,0.440339,122888192,0,0,7,0
0,90,compute,506.097800,506.714295,0.616495,0,0,0,0,0
0,91,trunk,506.714297,506.717649,0.003352,431890432,-455,1,0,0
0,91,expert,506.762589,507.251863,0.489274,157999104,0,0,9,0
0,91,compute,506.717676,507.366183,0.648508,0,0,0,0,0
0,92,trunk,507.366186,507.369723,0.003538,431890432,-456,1,0,0
0,92,expert,507.413077,507.638084,0.225007,245776384,0,0,14,0
0,92,compute,507.369725,507.748813,0.379088,0,0,0,0,0
0,0,trunk,507.849232,507.849271,0.000039,0,-456,0,0,0
0,0,compute,507.849290,507.969155,0.119865,0,0,0,0,0
0,1,trunk,507.969156,508.407935,0.438779,645562368,-456,1,0,0
0,1,expert,508.537946,509.546439,1.008494,122888192,0,0,7,0
0,1,compute,508.408056,509.665347,1.257291,0,0,0,0,0
0,2,trunk,509.665349,509.668781,0.003432,645562368,-457,1,0,0
0,2,expert,509.728243,510.206267,0.478024,157999104,0,0,9,0
0,2,compute,509.668808,510.346244,0.677436,0,0,0,0,0
0,3,trunk,510.346246,510.349662,0.003417,431890432,-458,1,0,0
0,3,expert,510.388248,510.976702,0.588454,70221824,0,0,4,0
0,3,compute,510.349689,511.102192,0.752503,0,0,0,0,0
0,4,trunk,511.102194,511.106020,0.003826,645562368,-459,1,0,0
0,4,expert,511.174445,511.819656,0.645211,157999104,0,0,9,0
0,4,compute,511.106067,511.926180,0.820113,0,0,0,0,0
0,5,trunk,511.926182,511.929706,0.003524,645562368,-460,1,0,0
0,5,expert,511.990454,512.423677,0.433223,105332736,0,0,6,0
0,5,compute,511.929735,512.538199,0.608463,0,0,0,0,0
0,6,trunk,512.538200,512.599457,0.061257,645562368,-461,1,0,0
0,6,expert,512.656103,513.173640,0.517537,228220928,0,0,13,0
0,6,compute,512.599543,513.294273,0.694729,0,0,0,0,0
0,7,trunk,513.294274,513.297938,0.003664,431890432,-462,1,0,0
0,7,expert,513.335490,513.987435,0.651945,157999104,0,0,9,0
0,7,compute,513.297992,514.106291,0.808300,0,0,0,0,0
0,8,trunk,514.106293,514.109780,0.003487,645562368,-463,1,0,0
0,8,expert,514.180867,514.874283,0.693416,157999104,0,0,9,0
0,8,compute,514.109805,514.986604,0.876798,0,0,0,0,0
0,9,trunk,514.986606,514.990213,0.003607,645562368,-464,1,0,0
0,9,expert,515.055720,515.627672,0.571952,140443648,0,0,8,0
0,9,compute,514.990241,515.758189,0.767949,0,0,0,0,0
0,10,trunk,515.758191,515.761696,0.003505,645562368,-465,1,0,0
0,10,expert,515.824509,516.087956,0.263448,70221824,0,0,4,0
0,10,compute,515.761764,516.198850,0.437086,0,0,0,0,0
0,11,trunk,516.198852,516.271187,0.072335,431890432,-466,1,0,0
0,11,expert,516.320968,516.962850,0.641882,105332736,0,0,6,0
0,11,compute,516.271285,517.086206,0.814921,0,0,0,0,0
0,12,trunk,517.086208,517.089976,0.003767,645562368,-467,1,0,0
0,12,expert,517.151690,517.750556,0.598866,87777280,0,0,5,0
0,12,compute,517.090006,517.862199,0.772193,0,0,0,0,0
0,13,trunk,517.862201,517.865561,0.003360,645562368,-468,1,0,0
0,13,expert,517.927077,518.508032,0.580955,157999104,0,0,9,0
0,13,compute,517.865587,518.605680,0.740093,0,0,0,0,0
0,14,trunk,518.605682,518.609115,0.003432,645562368,-469,1,0,0
0,14,expert,518.666224,519.137342,0.471117,157999104,0,0,9,0
0,14,compute,518.609141,519.237852,0.628711,0,0,0,0,0
0,15,trunk,519.237854,519.241377,0.003524,431890432,-470,1,0,0
0,15,expert,519.279940,519.927191,0.647251,157999104,0,0,9,0
0,15,compute,519.241432,520.039053,0.797621,0,0,0,0,0
0,16,trunk,520.039055,520.042617,0.003562,645562368,-471,1,0,0
0,16,expert,520.104473,520.694099,0.589626,157999104,0,0,9,0
0,16,compute,520.042681,520.806203,0.763522,0,0,0,0,0
0,17,trunk,520.806206,520.809597,0.003391,645562368,-472,1,0,0
0,17,expert,520.871135,521.499723,0.628588,140443648,0,0,8,0
0,17,compute,520.809625,521.595486,0.785862,0,0,0,0,0
0,18,trunk,521.595488,521.598909,0.003421,645562368,-473,1,0,0
0,18,expert,521.662326,522.041870,0.379544,105332736,0,0,6,0
0,18,compute,521.598944,522.141524,0.542581,0,0,0,0,0
0,19,trunk,522.141526,522.144974,0.003448,431890432,-474,1,0,0
0,19,expert,522.184621,522.793177,0.608556,140443648,0,0,8,0
0,19,compute,522.145000,522.922243,0.777243,0,0,0,0,0
0,20,trunk,522.922245,522.925618,0.003373,645562368,-475,1,0,0
0,20,expert,522.991280,523.534320,0.543040,87777280,0,0,5,0
0,20,compute,522.925663,523.630955,0.705293,0,0,0,0,0
0,21,trunk,523.630957,523.634365,0.003408,645562368,-476,1,0,0
0,21,expert,523.693682,524.319965,0.626284,105332736,0,0,6,0
0,21,compute,523.634395,524.437881,0.803486,0,0,0,0,0
0,22,trunk,524.437912,524.441280,0.003368,645562368,-477,1,0,0
0,22,expert,524.503641,524.836711,0.333070,122888192,0,0,7,0
0,22,compute,524.441324,524.944368,0.503044,0,0,0,0,0
0,23,trunk,524.944370,524.956268,0.011898,431890432,-478,1,0,0
0,23,expert,524.999131,525.367187,0.368056,52666368,0,0,3,0
0,23,compute,524.956338,525.479085,0.522748,0,0,0,0,0
0,24,trunk,525.479087,525.537521,0.058434,645562368,-479,1,0,0
0,24,expert,525.601050,526.374223,0.773173,228220928,0,0,13,0
0,24,compute,525.537607,526.473230,0.935623,0,0,0,0,0
0,25,trunk,526.473232,526.476709,0.003477,645562368,-480,1,0,0
0,25,expert,526.537338,527.260200,0.722863,210665472,0,0,12,0
0,25,compute,526.476757,527.374189,0.897432,0,0,0,0,0
0,26,trunk,527.374191,527.377559,0.003368,645562368,-481,1,0,0
0,26,expert,527.442284,527.785427,0.343143,122888192,0,0,7,0
0,26,compute,527.377625,527.898172,0.520547,0,0,0,0,0
0,27,trunk,527.898174,527.901567,0.003393,431890432,-482,1,0,0
0,27,expert,527.941599,528.604343,0.662744,193110016,0,0,11,0
0,27,compute,527.901634,528.724967,0.823334,0,0,0,0,0
0,28,trunk,528.724969,528.728322,0.003353,645562368,-483,1,0,0
0,28,expert,528.790133,529.449405,0.659272,228220928,0,0,13,0
0,28,compute,528.728346,529.562178,0.833833,0,0,0,0,0
0,29,trunk,529.562180,529.565530,0.003350,645562368,-484,1,0,0
0,29,expert,529.636561,530.330201,0.693640,175554560,0,0,10,0
0,29,compute,529.565557,530.436969,0.871412,0,0,0,0,0
0,30,trunk,530.436970,530.440444,0.003473,645562368,-485,1,0,0
0,30,expert,530.498329,530.990103,0.491774,157999104,0,0,9,0
0,30,compute,530.440490,531.093807,0.653318,0,0,0,0,0
0,31,trunk,531.093809,531.097232,0.003423,431890432,-486,1,0,0
0,31,expert,531.135726,531.788812,0.653086,105332736,0,0,6,0
0,31,compute,531.097258,531.883931,0.786673,0,0,0,0,0
0,32,trunk,531.883933,531.887320,0.003388,645562368,-487,1,0,0
0,32,expert,531.947927,532.524939,0.577013,122888192,0,0,7,0
0,32,compute,531.887373,532.627790,0.740417,0,0,0,0,0
0,33,trunk,532.627792,532.631131,0.003340,645562368,-488,1,0,0
0,33,expert,532.695115,533.257495,0.562380,70221824,0,0,4,0
0,33,compute,532.631160,533.367465,0.736305,0,0,0,0,0
0,34,trunk,533.367468,533.370942,0.003474,645562368,-489,1,0,0
0,34,expert,533.429403,533.838741,0.409337,157999104,0,0,9,0
0,34,compute,533.370970,533.979031,0.608061,0,0,0,0,0
0,35,trunk,533.979032,533.982179,0.003147,431890432,-490,1,0,0
0,35,expert,534.034768,534.684589,0.649822,105332736,0,0,6,0
0,35,compute,533.982250,534.790177,0.807927,0,0,0,0,0
0,36,trunk,534.790178,534.793547,0.003368,645562368,-491,1,0,0
0,36,expert,534.854192,535.515056,0.660863,157999104,0,0,9,0
0,36,compute,534.793574,535.625191,0.831617,0,0,0,0,0
0,37,trunk,535.625193,535.628513,0.003320,645562368,-492,1,0,0
0,37,expert,535.687698,536.283723,0.596025,140443648,0,0,8,0
0,37,compute,535.628539,536.394169,0.765630,0,0,0,0,0
0,38,trunk,536.394171,536.397835,0.003665,645562368,-493,1,0,0
0,38,expert,536.457601,536.886546,0.428945,122888192,0,0,7,0
0,38,compute,536.397880,536.989503,0.591623,0,0,0,0,0
0,39,trunk,536.989504,536.992883,0.003379,431890432,-494,1,0,0
0,39,expert,537.035620,537.704678,0.669059,157999104,0,0,9,0
0,39,compute,536.992909,537.842197,0.849288,0,0,0,0,0
0,40,trunk,537.842199,537.845736,0.003537,645562368,-495,1,0,0
0,40,expert,537.912384,538.556167,0.643783,122888192,0,0,7,0
0,40,compute,537.845783,538.661647,0.815864,0,0,0,0,0
0,41,trunk,538.661648,538.665204,0.003556,645562368,-496,1,0,0
0,41,expert,538.724498,539.330882,0.606384,105332736,0,0,6,0
0,41,compute,538.665231,539.448173,0.782942,0,0,0,0,0
0,42,trunk,539.448175,539.451579,0.003404,645562368,-497,1,0,0
0,42,expert,539.514630,539.951075,0.436445,105332736,0,0,6,0
0,42,compute,539.451624,540.082167,0.630542,0,0,0,0,0
0,43,trunk,540.082169,540.085742,0.003574,431890432,-498,1,0,0
0,43,expert,540.135857,540.805049,0.669192,122888192,0,0,7,0
0,43,compute,540.085862,540.918232,0.832370,0,0,0,0,0
0,44,trunk,540.918234,540.921565,0.003331,645562368,-499,1,0,0
0,44,expert,540.982107,541.386422,0.404315,157999104,0,0,9,0
0,44,compute,540.921594,541.489545,0.567951,0,0,0,0,0
0,45,trunk,541.489546,541.651880,0.162333,645562368,-500,1,0,0
0,45,expert,541.718651,542.266701,0.548049,122888192,0,0,7,0
0,45,compute,541.651976,542.382195,0.730220,0,0,0,0,0
0,46,trunk,542.382197,542.386171,0.003973,645562368,-501,1,0,0
0,46,expert,542.446476,542.865103,0.418628,87777280,0,0,5,0
0,46,compute,542.386205,542.978651,0.592446,0,0,0,0,0
0,47,trunk,542.978653,542.982015,0.003361,431890432,-502,1,0,0
0,47,expert,543.021413,543.679027,0.657613,140443648,0,0,8,0
0,47,compute,542.982101,543.778791,0.796689,0,0,0,0,0
0,48,trunk,543.778792,543.782134,0.003342,645562368,-503,1,0,0
0,48,expert,543.843286,544.510499,0.667213,175554560,0,0,10,0
0,48,compute,543.782164,544.610608,0.828444,0,0,0,0,0
0,49,trunk,544.610610,544.613933,0.003323,645562368,-504,1,0,0
0,49,expert,544.683546,545.407822,0.724276,210665472,0,0,12,0
0,49,compute,544.613960,545.534295,0.920335,0,0,0,0,0
0,50,trunk,545.534301,545.537688,0.003388,645562368,-505,1,0,0
0,50,expert,545.602813,546.081924,0.479112,157999104,0,0,9,0
0,50,compute,545.537733,546.198605,0.660872,0,0,0,0,0
0,51,trunk,546.198607,546.202242,0.003635,431890432,-506,1,0,0
0,51,expert,546.243753,546.944325,0.700572,210665472,0,0,12,0
0,51,compute,546.207514,547.044291,0.836776,0,0,0,0,0
0,52,trunk,547.044292,547.047602,0.003310,645562368,-507,1,0,0
0,52,expert,547.112633,547.743225,0.630592,122888192,0,0,7,0
0,52,compute,547.047777,547.852274,0.804497,0,0,0,0,0
0,53,trunk,547.852276,547.855605,0.003329,645562368,-508,1,0,0
0,53,expert,547.917262,548.610517,0.693254,210665472,0,0,12,0
0,53,compute,547.855639,548.713985,0.858345,0,0,0,0,0
0,54,trunk,548.713987,548.717444,0.003457,645562368,-509,1,0,0
0,54,expert,548.778960,549.265693,0.486734,175554560,0,0,10,0
0,54,compute,548.717597,549.367242,0.649644,0,0,0,0,0
0,55,trunk,549.367244,549.370705,0.003461,431890432,-510,1,0,0
0,55,expert,549.412652,550.126646,0.713994,210665472,0,0,12,0
0,55,compute,549.370737,550.434592,1.063856,0,0,0,0,0
0,56,trunk,550.434594,550.438093,0.003500,645562368,-511,1,0,0
0,56,expert,550.502423,551.204298,0.701875,193110016,0,0,11,0
0,56,compute,550.438272,551.492152,1.053880,0,0,0,0,0
0,57,trunk,551.492153,551.495490,0.003337,645562368,-512,1,0,0
0,57,expert,551.559305,552.322180,0.762876,263331840,0,0,15,0
0,57,compute,551.495524,552.427338,0.931814,0,0,0,0,0
0,58,trunk,552.427340,552.430780,0.003440,645562368,-513,1,0,0
0,58,expert,552.489158,552.982524,0.493367,157999104,0,0,9,0
0,58,compute,552.430810,553.094566,0.663756,0,0,0,0,0
0,59,trunk,553.094568,553.098043,0.003476,431890432,-514,1,0,0
0,59,expert,553.142363,553.846975,0.704612,263331840,-9,0,15,0
0,60,expert,553.098425,553.927933,0.829508,280887296,-6,0,16,0
0,59,compute,553.098078,553.941136,0.843058,0,0,0,0,0
0,60,trunk,553.941138,553.944241,0.003103,645562368,-515,1,0,0
0,61,expert,553.944491,554.059423,0.114932,122888192,0,0,7,0
0,60,expert,554.003873,554.777419,0.773546,210665472,-4,0,12,0
0,60,compute,553.944307,554.870892,0.926585,0,0,0,0,0
0,61,trunk,554.870893,554.874008,0.003115,645562368,-516,1,0,0
0,62,expert,554.874354,555.107956,0.233603,122888192,0,0,7,0
0,61,expert,554.934527,555.599004,0.664477,210665472,-4,0,12,0
0,61,compute,554.874129,555.700606,0.826477,0,0,0,0,0
0,62,trunk,555.700607,555.703636,0.003028,645562368,-517,1,0,0
0,63,expert,555.703978,556.289011,0.585033,210665472,-2,0,12,0
0,62,expert,555.761338,556.316910,0.555572,228220928,-7,0,13,0
0,62,compute,555.703725,556.410315,0.706590,0,0,0,0,0
0,63,trunk,556.410317,556.413652,0.003335,431890432,-518,1,0,0
0,64,expert,556.414025,556.572520,0.158495,157999104,0,0,9,0
0,63,expert,556.449536,556.942894,0.493358,245776384,-8,0,14,0
0,63,compute,556.413744,557.038213,0.624469,0,0,0,0,0
0,64,trunk,557.038215,557.211828,0.173614,645562368,-519,1,0,0
0,65,expert,557.212220,557.643519,0.431299,122888192,0,0,7,0
0,64,expert,557.276679,558.015422,0.738743,193110016,-4,0,11,0
0,64,compute,557.211908,558.109064,0.897156,0,0,0,0,0
0,65,trunk,558.109066,558.112481,0.003415,645562368,-520,1,0,0
0,66,expert,558.112808,558.208212,0.095403,105332736,0,0,6,0
0,65,expert,558.174757,558.703258,0.528501,157999104,-3,0,9,0
0,65,compute,558.112556,558.811438,0.698882,0,0,0,0,0
0,66,trunk,558.811440,558.872235,0.060795,645562368,-521,1,0,0
0,66,expert,558.929010,559.345224,0.416214,105332736,-3,0,6,0
0,67,expert,558.872484,559.347178,0.474694,140443648,-3,0,8,0
0,66,compute,558.872304,559.438947,0.566643,0,0,0,0,0
0,67,trunk,559.438949,559.442068,0.003120,431890432,-522,1,0,0
0,68,expert,559.442389,559.723078,0.280690,140443648,0,0,8,0
0,67,expert,559.476925,560.290895,0.813970,315998208,-7,0,18,0
0,67,compute,559.442152,560.383786,0.941634,0,0,0,0,0
0,68,trunk,560.383803,560.386843,0.003039,645562368,-523,1,0,0
0,69,expert,560.387114,560.773140,0.386026,122888192,0,0,7,0
0,68,expert,560.442777,561.242157,0.799380,333553664,-7,0,19,0
0,68,compute,560.386924,561.334199,0.947275,0,0,0,0,0
0,69,trunk,561.334201,561.337239,0.003038,645562368,-524,1,0,0
0,70,expert,561.337542,561.631422,0.293880,122888192,0,0,7,0
0,69,expert,561.395600,562.061257,0.665657,193110016,-5,0,11,0
0,69,compute,561.337334,562.154944,0.817610,0,0,0,0,0
0,70,trunk,562.154945,562.157985,0.003040,645562368,-525,1,0,0
0,70,expert,562.215441,562.636219,0.420778,157999104,-4,0,9,0
0,71,expert,562.158236,562.652148,0.493912,175554560,-5,0,10,0
0,70,compute,562.158070,562.739947,0.581877,0,0,0,0,0
0,71,trunk,562.739948,562.742871,0.002923,431890432,-526,1,0,0
0,72,expert,562.743263,563.439158,0.695895,193110016,-2,0,11,0
0,71,expert,562.776812,563.580823,0.804011,263331840,-8,0,15,0
0,71,compute,562.742960,563.673964,0.931004,0,0,0,0,0
0,72,trunk,563.673966,563.677111,0.003145,645562368,-527,1,0,0
0,73,expert,563.677437,564.359194,0.681757,175554560,-2,0,10,0
0,72,expert,563.735140,564.512319,0.777179,263331840,-8,0,15,0
0,72,compute,563.677195,564.606811,0.929616,0,0,0,0,0
0,73,trunk,564.606812,564.609843,0.003031,645562368,-528,1,0,0
0,74,expert,564.610106,564.907824,0.297717,122888192,-1,0,7,0
0,73,expert,564.672442,565.368521,0.696079,263331840,-5,0,15,0
0,73,compute,564.609924,565.462532,0.852608,0,0,0,0,0
0,74,trunk,565.462534,565.465657,0.003123,645562368,-529,1,0,0
0,75,expert,565.465926,565.606428,0.140501,70221824,0,0,4,0
0,74,expert,565.520899,565.815503,0.294605,140443648,-4,0,8,0
0,74,compute,565.465748,565.908898,0.443150,0,0,0,0,0
0,75,trunk,565.908900,565.995179,0.086279,431890432,-530,1,0,0
0,76,expert,565.995583,566.249969,0.254386,157999104,-1,0,9,0
0,75,expert,566.029670,566.542654,0.512984,245776384,-8,0,14,0
0,75,compute,565.995271,566.646529,0.651258,0,0,0,0,0
0,76,trunk,566.646531,566.793689,0.147158,645562368,-531,1,0,0
0,77,expert,566.794044,566.897634,0.103590,105332736,0,0,6,0
0,76,expert,566.852290,567.443961,0.591671,140443648,-3,0,8,0
0,76,compute,566.793758,567.538943,0.745186,0,0,0,0,0
0,77,trunk,567.538945,567.542217,0.003272,645562368,-532,1,0,0
0,78,expert,567.542504,567.961209,0.418705,140443648,0,0,8,0
0,77,expert,567.602446,568.224147,0.621701,210665472,-8,0,12,0
0,77,compute,567.542274,568.321854,0.779581,0,0,0,0,0
0,78,trunk,568.321856,568.324894,0.003039,645562368,-533,1,0,0
0,79,expert,568.325149,568.750387,0.425238,122888192,-1,0,7,0
0,78,expert,568.389163,568.846819,0.457656,210665472,-6,0,12,0
0,78,compute,568.324973,568.946552,0.621579,0,0,0,0,0
0,79,trunk,568.946554,568.949594,0.003040,431890432,-534,1,0,0
0,80,expert,568.949890,569.064971,0.115081,122888192,0,0,7,0
0,79,expert,568.985405,569.523644,0.538239,193110016,-6,0,11,0
0,79,compute,568.949677,569.617832,0.668155,0,0,0,0,0
0,80,trunk,569.617834,569.722313,0.104479,645562368,-535,1,0,0
0,81,expert,569.722662,569.951814,0.229152,122888192,0,0,7,0
0,80,expert,569.783811,570.296648,0.512837,210665472,-6,0,12,0
0,80,compute,569.722396,570.391641,0.669246,0,0,0,0,0
0,81,trunk,570.391643,570.476691,0.085048,645562368,-536,1,0,0
0,82,expert,570.477035,571.238836,0.761801,175554560,-3,0,10,0
0,81,expert,570.535563,571.245964,0.710402,140443648,-4,0,8,0
0,81,compute,570.476766,571.339741,0.862976,0,0,0,0,0
0,82,trunk,571.339743,571.342901,0.003158,645562368,-537,1,0,0
0,83,expert,571.343213,571.461760,0.118547,122888192,0,0,7,0
0,82,expert,571.404080,571.953375,0.549294,193110016,-4,0,11,0
0,82,compute,571.342982,572.046506,0.703524,0,0,0,0,0
0,83,trunk,572.046507,572.049508,0.003001,431890432,-538,1,0,0
0,84,expert,572.049836,572.620496,0.570660,175554560,-1,0,10,0
0,83,expert,572.086993,572.870094,0.783101,263331840,-8,0,15,0
0,83,compute,572.049594,572.965046,0.915452,0,0,0,0,0
0,84,trunk,572.965048,572.968148,0.003100,645562368,-539,1,0,0
0,84,expert,573.027198,573.691861,0.664664,105332736,-1,0,6,0
0,85,expert,572.968469,573.786278,0.817810,263331840,-5,0,15,0
0,84,compute,572.968215,573.786851,0.818636,0,0,0,0,0
0,85,trunk,573.786853,573.789902,0.003050,645562368,-540,1,0,0
0,86,expert,573.790228,574.041755,0.251526,175554560,0,0,10,0
0,85,expert,573.849486,574.570148,0.720662,228220928,-9,0,13,0
0,85,compute,573.789982,574.660697,0.870715,0,0,0,0,0
0,86,trunk,574.660699,574.663731,0.003032,645562368,-541,1,0,0
0,87,expert,574.664080,574.860804,0.196724,87777280,0,0,5,0
0,86,expert,574.721067,575.214555,0.493488,140443648,-2,0,8,0
0,86,compute,574.663839,575.308075,0.644236,0,0,0,0,0
0,87,trunk,575.308076,575.311112,0.003036,431890432,-542,1,0,0
0,88,expert,575.311452,575.617541,0.306089,157999104,0,0,9,0
0,87,expert,575.352588,576.106547,0.753959,263331840,-8,0,15,0
0,87,compute,575.311199,576.200442,0.889243,0,0,0,0,0
0,88,trunk,576.200443,576.203449,0.003006,645562368,-543,1,0,0
0,89,expert,576.203715,576.742942,0.539226,122888192,-2,0,7,0
0,88,expert,576.263398,576.871837,0.608439,87777280,-2,0,5,0
0,88,compute,576.203535,576.966399,0.762865,0,0,0,0,0
0,89,trunk,576.966402,576.969616,0.003214,645562368,-544,1,0,0
0,90,expert,576.969947,577.364460,0.394513,122888192,0,0,7,0
0,89,expert,577.031384,577.747159,0.715775,175554560,-7,0,10,0
0,89,compute,576.969709,577.841299,0.871590,0,0,0,0,0
0,90,trunk,577.841301,577.844399,0.003098,645562368,-545,1,0,0
0,90,expert,577.902307,578.263785,0.361478,105332736,-3,0,6,0
0,90,compute,577.844467,578.355998,0.511531,0,0,0,0,0
0,91,trunk,578.356000,578.383151,0.027151,431890432,-546,1,0,0
0,91,expert,577.844662,578.398900,0.554238,175554560,-3,0,10,0
0,91,expert,578.418885,579.003483,0.584597,228220928,-8,0,13,0
0,92,expert,578.399773,579.021217,0.621444,298442752,-5,0,17,0
0,91,compute,578.383213,579.103256,0.720044,0,0,0,0,0
0,92,trunk,579.103258,579.106269,0.003011,431890432,-547,1,0,0
0,92,expert,579.139083,579.267649,0.128566,157999104,0,0,9,0
0,92,compute,579.106271,579.377945,0.271675,0,0,0,0,0
0,0,trunk,579.478900,579.478935,0.000035,0,-547,0,0,0
0,0,compute,579.478975,579.603591,0.124616,0,0,0,0,0
0,1,expert,579.479178,579.796301,0.317123,122888192,0,0,7,0
0,1,trunk,579.603592,580.144151,0.540559,645562368,-547,1,0,0
0,2,expert,580.144414,581.181446,1.037033,140443648,-1,0,8,0
0,1,expert,580.205685,581.444433,1.238748,263331840,-4,0,15,0
0,1,compute,580.144199,581.537906,1.393707,0,0,0,0,0
0,2,trunk,581.537907,581.540979,0.003071,645562368,-548,1,0,0
0,3,expert,581.541163,581.723791,0.182628,70221824,0,0,4,0
0,2,expert,581.596802,582.129168,0.532366,193110016,-2,0,11,0
0,2,compute,581.541039,582.224047,0.683008,0,0,0,0,0
0,3,trunk,582.224049,582.227091,0.003042,431890432,-549,1,0,0
0,4,expert,582.227351,582.402530,0.175179,157999104,0,0,9,0
0,3,expert,582.261214,582.697171,0.435957,263331840,-8,0,15,0
0,3,compute,582.227153,582.794591,0.567438,0,0,0,0,0
0,4,trunk,582.794593,583.042558,0.247965,645562368,-550,1,0,0
0,5,expert,583.042805,583.161206,0.118401,70221824,0,0,4,0
0,4,expert,583.098859,583.697271,0.598411,105332736,-2,0,6,0
0,4,compute,583.042629,583.792978,0.750349,0,0,0,0,0
0,5,trunk,583.792980,583.795962,0.002982,645562368,-551,1,0,0
0,6,expert,583.796572,584.076832,0.280261,140443648,0,0,8,0
0,5,expert,583.857516,584.550140,0.692624,157999104,-5,0,9,0
0,5,compute,583.796373,584.643824,0.847451,0,0,0,0,0
0,6,trunk,584.643825,584.646951,0.003125,645562368,-552,1,0,0
0,7,expert,584.647216,585.193722,0.546506,175554560,-4,0,10,0
0,6,expert,584.701761,585.283779,0.582018,315998208,-6,0,18,0
0,6,compute,584.647042,585.377399,0.730357,0,0,0,0,0
0,7,trunk,585.377401,585.380880,0.003479,431890432,-553,1,0,0
0,8,expert,585.381151,585.675999,0.294848,122888192,0,0,7,0
0,7,expert,585.414034,586.078713,0.664679,263331840,-6,0,15,0
0,7,compute,585.380967,586.195355,0.814388,0,0,0,0,0
0,8,trunk,586.195357,586.198448,0.003091,645562368,-554,1,0,0
0,9,expert,586.198788,586.620388,0.421600,140443648,0,0,8,0
0,8,expert,586.256324,587.041733,0.785409,245776384,-7,0,14,0
0,8,compute,586.198539,587.136738,0.938198,0,0,0,0,0
0,9,trunk,587.136739,587.139842,0.003103,645562368,-555,1,0,0
0,10,expert,587.140055,587.805425,0.665370,52666368,-1,0,3,0
0,9,expert,587.195672,587.884033,0.688361,140443648,-2,0,8,0
0,9,compute,587.139931,587.978301,0.838370,0,0,0,0,0
0,10,trunk,587.978302,587.981323,0.003021,645562368,-556,1,0,0
0,11,expert,587.981589,588.513468,0.531880,157999104,-3,0,9,0
0,10,expert,588.037904,588.585709,0.547805,210665472,-6,0,12,0
0,10,compute,587.981433,588.679932,0.698499,0,0,0,0,0
0,11,trunk,588.679934,588.682891,0.002958,431890432,-557,1,0,0
0,12,expert,588.683106,589.064708,0.381602,70221824,-1,0,4,0
0,11,expert,588.717558,589.431077,0.713519,175554560,-3,0,10,0
0,11,compute,588.682980,589.525365,0.842386,0,0,0,0,0
0,12,trunk,589.525384,589.528437,0.003054,645562368,-558,1,0,0
0,13,expert,589.528702,589.672359,0.143657,140443648,0,0,8,0
0,12,expert,589.588366,590.380332,0.791967,245776384,-5,0,14,0
0,12,compute,589.528502,590.473556,0.945054,0,0,0,0,0
0,13,trunk,590.473557,590.476659,0.003101,645562368,-559,1,0,0
0,14,expert,590.477056,590.862560,0.385504,210665472,-3,0,12,0
0,13,expert,590.533673,590.951075,0.417402,210665472,-7,0,12,0
0,13,compute,590.476734,591.046043,0.569309,0,0,0,0,0
0,14,trunk,591.046045,591.255531,0.209486,645562368,-560,1,0,0
0,15,expert,591.255797,591.525414,0.269617,122888192,0,0,7,0
0,14,expert,591.313307,591.878029,0.564722,245776384,-6,0,14,0
0,14,compute,591.255613,591.973118,0.717505,0,0,0,0,0
0,15,trunk,591.973120,591.976484,0.003365,431890432,-561,1,0,0
0,16,expert,591.976753,592.087168,0.110415,122888192,0,0,7,0
0,15,expert,592.009114,592.509353,0.500239,263331840,-6,0,15,0
0,15,compute,591.976555,592.602382,0.625827,0,0,0,0,0
0,16,trunk,592.602384,592.798488,0.196105,645562368,-562,1,0,0
0,17,expert,592.798779,593.317109,0.518331,157999104,-1,0,9,0
0,16,expert,592.856317,593.501879,0.645563,210665472,-7,0,12,0
0,16,compute,592.798580,593.599999,0.801419,0,0,0,0,0
0,17,trunk,593.600017,593.603050,0.003033,645562368,-563,1,0,0
0,18,expert,593.603402,593.695022,0.091620,87777280,0,0,5,0
0,17,expert,593.661592,594.269244,0.607653,140443648,-3,0,8,0
0,17,compute,593.603113,594.360794,0.757681,0,0,0,0,0
0,18,trunk,594.360795,594.363753,0.002958,645562368,-564,1,0,0
0,19,expert,594.364073,594.861833,0.497760,175554560,-2,0,10,0
0,18,expert,594.420070,594.970171,0.550101,245776384,-8,0,14,0
0,18,compute,594.363839,595.063621,0.699782,0,0,0,0,0
0,19,trunk,595.063623,595.066673,0.003050,431890432,-565,1,0,0
0,20,expert,595.066898,595.209633,0.142735,87777280,0,0,5,0
0,19,expert,595.101217,595.446871,0.345654,157999104,-4,0,9,0
0,19,compute,595.066755,595.540686,0.473931,0,0,0,0,0
0,20,trunk,595.540688,595.739406,0.198718,645562368,-566,1,0,0
0,20,expert,595.796760,596.435122,0.638362,157999104,-2,0,9,0
0,21,expert,595.739710,596.458255,0.718545,210665472,-7,0,12,0
0,20,compute,595.739487,596.527655,0.788168,0,0,0,0,0
0,21,trunk,596.527656,596.530665,0.003009,645562368,-567,1,0,0
0,22,expert,596.531037,596.687090,0.156052,70221824,0,0,4,0
0,21,expert,596.588904,597.288295,0.699392,157999104,-2,0,9,0
0,21,compute,596.530734,597.382496,0.851762,0,0,0,0,0
0,22,trunk,597.382498,597.385528,0.003030,645562368,-568,1,0,0
0,23,expert,597.385757,597.616343,0.230585,52666368,0,0,3,0
0,22,expert,597.442018,597.910400,0.468382,140443648,-3,0,8,0
0,22,compute,597.385611,598.009676,0.624065,0,0,0,0,0
0,23,trunk,598.009678,598.012642,0.002965,431890432,-569,1,0,0
0,23,expert,598.049233,598.721564,0.672331,193110016,-6,0,11,0
0,24,expert,598.012931,598.741683,0.728753,280887296,-5,0,16,0
0,23,compute,598.012710,598.823400,0.810690,0,0,0,0,0
0,24,trunk,598.823401,598.826398,0.002997,645562368,-570,1,0,0
0,25,expert,598.826832,599.722814,0.895982,298442752,-7,0,17,0
0,24,expert,598.884061,599.750362,0.866301,315998208,-9,0,18,0
0,24,compute,598.826484,599.844695,1.018212,0,0,0,0,0
0,25,trunk,599.844697,599.847873,0.003176,645562368,-571,1,0,0
0,26,expert,599.848155,599.937890,0.089736,87777280,0,0,5,0
0,25,expert,599.903546,600.534412,0.630865,157999104,-3,0,9,0
0,25,compute,599.847955,600.630115,0.782159,0,0,0,0,0
0,26,trunk,600.630116,600.633308,0.003192,645562368,-572,1,0,0
0,27,expert,600.633555,600.959648,0.326092,157999104,-2,0,9,0
0,26,expert,600.689737,601.246224,0.556487,245776384,-7,0,14,0
0,26,compute,600.633385,601.339617,0.706232,0,0,0,0,0
0,27,trunk,601.339618,601.342637,0.003019,431890432,-573,1,0,0
0,28,expert,601.342927,601.912330,0.569403,263331840,-6,0,15,0
0,27,expert,601.378672,602.129975,0.751303,298442752,-8,0,17,0
0,27,compute,601.342732,602.221614,0.878881,0,0,0,0,0
0,28,trunk,602.221615,602.224632,0.003017,645562368,-574,1,0,0
0,29,expert,602.224881,602.494721,0.269840,122888192,0,0,7,0
0,28,expert,602.281476,602.923817,0.642341,210665472,-4,0,12,0
0,28,compute,602.224701,603.018945,0.794244,0,0,0,0,0
0,29,trunk,603.018946,603.022332,0.003385,645562368,-575,1,0,0
0,30,expert,603.022631,603.297937,0.275306,140443648,-1,0,8,0
0,29,expert,603.080225,603.864328,0.784103,298442752,-7,0,17,0
0,29,compute,603.022420,603.956961,0.934542,0,0,0,0,0
0,30,trunk,603.956963,603.959981,0.003018,645562368,-576,1,0,0
0,31,expert,603.960309,604.234653,0.274344,105332736,-1,0,6,0
0,30,expert,604.015646,604.362177,0.346531,175554560,-5,0,10,0
0,30,compute,603.960144,604.456980,0.496836,0,0,0,0,0
0,31,trunk,604.456982,604.524584,0.067602,431890432,-577,1,0,0
0,32,expert,604.524783,604.589247,0.064463,52666368,0,0,3,0
0,31,expert,604.560443,605.250063,0.689621,140443648,-2,0,8,0
0,31,compute,604.524652,605.344258,0.819606,0,0,0,0,0
0,32,trunk,605.344260,605.347380,0.003121,645562368,-578,1,0,0
0,33,expert,605.347574,605.557565,0.209991,35110912,0,0,2,0
0,32,expert,605.408048,606.060244,0.652196,140443648,-2,0,8,0
0,32,compute,605.347463,606.156802,0.809339,0,0,0,0,0
0,33,trunk,606.156804,606.159821,0.003016,645562368,-579,1,0,0
0,34,expert,606.160147,606.384594,0.224447,122888192,0,0,7,0
0,33,expert,606.214928,607.016369,0.801442,245776384,-7,0,14,0
0,33,compute,606.159904,607.109582,0.949679,0,0,0,0,0
0,34,trunk,607.109584,607.112710,0.003126,645562368,-580,1,0,0
0,35,expert,607.112938,607.434154,0.321216,105332736,0,0,6,0
0,34,expert,607.174806,607.742385,0.567580,210665472,-3,0,12,0
0,34,compute,607.112780,607.835522,0.722743,0,0,0,0,0
0,35,trunk,607.835524,607.838601,0.003077,431890432,-581,1,0,0
0,36,expert,607.838845,607.937268,0.098423,105332736,0,0,6,0
0,35,expert,607.868986,608.378774,0.509788,193110016,-5,0,11,0
0,35,compute,607.838680,608.473721,0.635042,0,0,0,0,0
0,36,trunk,608.473723,608.620838,0.147115,645562368,-582,1,0,0
0,37,expert,608.621079,609.090842,0.469763,87777280,0,0,5,0
0,36,expert,608.684632,609.430280,0.745647,245776384,-5,0,14,0
0,36,compute,608.620911,609.524989,0.904078,0,0,0,0,0
0,37,trunk,609.524990,609.528413,0.003423,645562368,-583,1,0,0
0,38,expert,609.528650,609.979734,0.451084,87777280,0,0,5,0
0,37,expert,609.584769,610.307492,0.722723,193110016,-3,0,11,0
0,37,compute,609.528480,610.400580,0.872099,0,0,0,0,0
0,38,trunk,610.400581,610.403781,0.003200,645562368,-584,1,0,0
0,39,expert,610.404168,610.629247,0.225079,122888192,0,0,7,0
0,38,expert,610.460169,610.972850,0.512681,193110016,-4,0,11,0
0,38,compute,610.403899,611.068248,0.664348,0,0,0,0,0
0,39,trunk,611.068249,611.071418,0.003169,431890432,-585,1,0,0
0,40,expert,611.071648,611.153820,0.082172,52666368,0,0,3,0
0,39,expert,611.102706,611.628025,0.525319,140443648,-2,0,8,0
0,39,compute,611.071504,611.719457,0.647952,0,0,0,0,0
0,40,trunk,611.719458,611.794950,0.075492,645562368,-586,1,0,0
0,41,expert,611.795195,611.890780,0.095585,87777280,0,0,5,0
0,40,expert,611.849558,612.556868,0.707310,140443648,-2,0,8,0
0,40,compute,611.795036,612.664895,0.869859,0,0,0,0,0
0,41,trunk,612.664897,612.668582,0.003685,645562368,-587,1,0,0
0,42,expert,612.668788,612.816714,0.147927,87777280,0,0,5,0
0,41,expert,612.726316,613.374088,0.647772,157999104,-5,0,9,0
0,41,compute,612.668644,613.467580,0.798936,0,0,0,0,0
0,42,trunk,613.467582,613.470669,0.003087,645562368,-588,1,0,0
0,43,expert,613.470928,613.997842,0.526914,175554560,-4,0,10,0
0,42,expert,613.528199,614.021526,0.493328,210665472,-5,0,12,0
0,42,compute,613.470753,614.115676,0.644923,0,0,0,0,0
0,43,trunk,614.115678,614.119267,0.003589,431890432,-589,1,0,0
0,44,expert,614.119547,614.218779,0.099233,105332736,0,0,6,0
0,43,expert,614.154308,614.509047,0.354739,140443648,-5,0,8,0
0,43,compute,614.119359,614.602300,0.482941,0,0,0,0,0
0,44,trunk,614.602302,614.883108,0.280806,645562368,-590,1,0,0
0,45,expert,614.883432,615.267508,0.384076,140443648,-1,0,8,0
0,44,expert,614.941639,615.560320,0.618682,122888192,-4,0,7,0
0,44,compute,614.883200,615.653981,0.770782,0,0,0,0,0
0,45,trunk,615.653983,615.656999,0.003016,645562368,-591,1,0,0
0,46,expert,615.657245,615.971132,0.313887,87777280,0,0,5,0
0,45,expert,615.715804,616.342828,0.627024,87777280,-2,0,5,0
0,45,compute,615.657083,616.437147,0.780064,0,0,0,0,0
0,46,trunk,616.437149,616.440293,0.003144,645562368,-592,1,0,0
0,47,expert,616.440560,616.571472,0.130912,140443648,0,0,8,0
0,46,expert,616.494801,616.999458,0.504657,193110016,-6,0,11,0
0,46,compute,616.440362,617.092745,0.652383,0,0,0,0,0
0,47,trunk,617.092747,617.095669,0.002922,431890432,-593,1,0,0
0,48,expert,617.095927,617.453198,0.357271,122888192,0,0,7,0
0,47,expert,617.131271,617.564550,0.433279,140443648,-5,0,8,0
0,47,compute,617.095750,617.659041,0.563291,0,0,0,0,0
0,48,trunk,617.659043,617.807631,0.148587,645562368,-594,1,0,0
0,49,expert,617.807995,618.374410,0.566415,245776384,-3,0,14,0
0,48,expert,617.866039,618.517526,0.651487,245776384,-10,0,14,0
0,48,compute,617.807712,618.610919,0.803207,0,0,0,0,0
0,49,trunk,618.610921,618.613970,0.003049,645562368,-595,1,0,0
0,50,expert,618.614282,618.902178,0.287896,140443648,0,0,8,0
0,49,expert,618.673011,619.457107,0.784096,280887296,-8,0,16,0
0,49,compute,618.614063,619.550875,0.936812,0,0,0,0,0
0,50,trunk,619.550876,619.554026,0.003150,645562368,-596,1,0,0
0,51,expert,619.554336,620.083900,0.529564,175554560,-1,0,10,0
0,50,expert,619.607374,620.150463,0.543089,228220928,-9,0,13,0
0,50,compute,619.554122,620.242647,0.688525,0,0,0,0,0
0,51,trunk,620.242649,620.245857,0.003208,431890432,-597,1,0,0
0,52,expert,620.246259,620.363105,0.116846,122888192,0,0,7,0
0,51,expert,620.279077,620.886388,0.607311,157999104,-6,0,9,0
0,51,compute,620.245947,620.998888,0.752941,0,0,0,0,0
0,52,trunk,620.998889,621.001937,0.003048,645562368,-598,1,0,0
0,53,expert,621.002266,621.194482,0.192216,157999104,0,0,9,0
0,52,expert,621.064042,621.679028,0.614986,280887296,-7,0,16,0
0,52,compute,621.002021,621.795363,0.793342,0,0,0,0,0
0,53,trunk,621.795365,621.869793,0.074428,645562368,-599,1,0,0
0,54,expert,621.870133,622.405770,0.535637,228220928,-4,0,13,0
0,53,expert,621.934456,622.717195,0.782739,315998208,-8,0,18,0
0,53,compute,621.869880,622.833936,0.964055,0,0,0,0,0
0,54,trunk,622.833937,622.837046,0.003109,645562368,-600,1,0,0
0,55,expert,622.837353,623.435009,0.597656,157999104,0,0,9,0
0,54,expert,622.893909,623.495120,0.601211,263331840,-6,0,15,0
0,54,compute,622.837128,623.588704,0.751575,0,0,0,0,0
0,55,trunk,623.588706,623.592179,0.003473,431890432,-601,1,0,0
0,56,expert,623.592551,623.703411,0.110860,122888192,0,0,7,0
0,55,expert,623.624231,624.015056,0.390825,157999104,-6,0,9,0
0,55,compute,623.592262,624.107967,0.515706,0,0,0,0,0
0,56,trunk,624.107969,624.329389,0.221420,645562368,-602,1,0,0
0,57,expert,624.329703,625.004072,0.674370,210665472,-3,0,12,0
0,56,expert,624.389595,625.131437,0.741843,245776384,-8,0,14,0
0,56,compute,624.329474,625.225687,0.896213,0,0,0,0,0
0,57,trunk,625.225688,625.228927,0.003238,645562368,-603,1,0,0
0,58,expert,625.229158,625.532894,0.303736,87777280,0,0,5,0
0,57,expert,625.287773,625.983227,0.695454,193110016,-4,0,11,0
0,57,compute,625.229004,626.078590,0.849586,0,0,0,0,0
0,58,trunk,626.078591,626.081668,0.003077,645562368,-604,1,0,0
0,59,expert,626.081869,626.106854,0.024985,17555456,0,0,1,0
0,58,expert,626.137059,626.609771,0.472712,122888192,0,0,7,0
0,58,compute,626.081758,626.703450,0.621692,0,0,0,0,0
0,59,trunk,626.703452,626.706487,0.003035,431890432,-605,1,0,0
0,60,expert,626.706794,626.818730,0.111937,122888192,0,0,7,0
0,59,expert,626.742814,627.223259,0.480445,175554560,-5,0,10,0
0,59,compute,626.706572,627.331711,0.625139,0,0,0,0,0
0,60,trunk,627.331712,627.477975,0.146263,645562368,-606,1,0,0
0,61,expert,627.478237,627.681449,0.203212,87777280,0,0,5,0
0,60,expert,627.534695,628.219656,0.684961,175554560,-5,0,10,0
0,60,compute,627.478066,628.313781,0.835716,0,0,0,0,0
0,61,trunk,628.313783,628.316945,0.003161,645562368,-607,1,0,0
0,62,expert,628.317156,628.454937,0.137781,70221824,0,0,4,0
0,61,expert,628.373603,629.027696,0.654092,140443648,-3,0,8,0
0,61,compute,628.317023,629.121172,0.804149,0,0,0,0,0
0,62,trunk,629.121174,629.124277,0.003103,645562368,-608,1,0,0
0,62,expert,629.179259,629.685230,0.505972,157999104,-2,0,9,0
0,63,expert,629.124536,629.700190,0.575654,228220928,-7,0,13,0
0,62,compute,629.124346,629.802442,0.678096,0,0,0,0,0
0,63,trunk,629.802444,629.805460,0.003016,431890432,-609,1,0,0
0,64,expert,629.805744,629.947872,0.142128,122888192,0,0,7,0
0,63,expert,629.839823,630.466110,0.626286,157999104,-6,0,9,0
0,63,compute,629.805544,630.561314,0.755770,0,0,0,0,0
0,64,trunk,630.561315,630.564449,0.003133,645562368,-610,1,0,0
0,65,expert,630.564698,630.903993,0.339296,122888192,-1,0,7,0
0,64,expert,630.624529,631.389310,0.764781,280887296,-6,0,16,0
0,64,compute,630.564517,631.482387,0.917870,0,0,0,0,0
0,65,trunk,631.482389,631.485512,0.003123,645562368,-611,1,0,0
0,66,expert,631.485735,631.602183,0.116448,52666368,0,0,3,0
0,65,expert,631.542709,632.189102,0.646393,140443648,-3,0,8,0
0,65,compute,631.485594,632.283938,0.798344,0,0,0,0,0
0,66,trunk,632.283940,632.287164,0.003224,645562368,-612,1,0,0
0,67,expert,632.287529,632.576143,0.288614,140443648,0,0,8,0
0,66,expert,632.346784,632.871333,0.524549,210665472,-8,0,12,0
0,66,compute,632.287254,632.964605,0.677351,0,0,0,0,0
0,67,trunk,632.964607,632.967597,0.002991,431890432,-613,1,0,0
0,68,expert,632.967887,633.147242,0.179355,157999104,0,0,9,0
0,67,expert,633.004419,633.668906,0.664487,245776384,-8,0,14,0
0,67,compute,632.967678,633.766110,0.798432,0,0,0,0,0
0,68,trunk,633.766112,633.776355,0.010243,645562368,-614,1,0,0
0,68,expert,633.836558,634.505588,0.669030,157999104,-1,0,9,0
0,69,expert,633.776613,634.516164,0.739551,228220928,-8,0,13,0
0,68,compute,633.776425,634.599431,0.823006,0,0,0,0,0
0,69,trunk,634.599433,634.602617,0.003185,645562368,-615,1,0,0
0,70,expert,634.602914,634.649785,0.046871,52666368,0,0,3,0
0,69,expert,634.659645,635.367024,0.707378,140443648,0,0,8,0
0,69,compute,634.602685,635.483505,0.880820,0,0,0,0,0
0,70,trunk,635.483507,635.486586,0.003078,645562368,-616,1,0,0
0,71,expert,635.486804,635.575993,0.089189,52666368,0,0,3,0
0,70,expert,635.542336,635.997581,0.455245,105332736,-1,0,6,0
0,70,compute,635.486669,636.092526,0.605857,0,0,0,0,0
0,71,trunk,636.092527,636.095526,0.002998,431890432,-617,1,0,0
0,72,expert,636.095730,636.148755,0.053025,52666368,0,0,3,0
0,71,expert,636.128766,636.753733,0.624968,105332736,-2,0,6,0
0,71,compute,636.095610,636.848984,0.753374,0,0,0,0,0
0,72,trunk,636.848986,636.852126,0.003140,645562368,-618,1,0,0
0,73,expert,636.852455,637.531119,0.678665,210665472,-2,0,12,0
0,72,expert,636.912511,637.635342,0.722831,280887296,-10,0,16,0
0,72,compute,636.852195,637.727816,0.875621,0,0,0,0,0
0,73,trunk,637.727817,637.730865,0.003048,645562368,-619,1,0,0
0,74,expert,637.731071,637.773165,0.042094,35110912,0,0,2,0
0,73,expert,637.789855,638.478490,0.688636,140443648,0,0,8,0
0,73,compute,637.730946,638.573341,0.842396,0,0,0,0,0
0,74,trunk,638.573343,638.576424,0.003081,645562368,-620,1,0,0
0,75,expert,638.576734,638.805768,0.229035,105332736,0,0,6,0
0,74,expert,638.633914,639.129728,0.495814,140443648,-3,0,8,0
0,74,compute,638.576472,639.224767,0.648296,0,0,0,0,0
0,75,trunk,639.224769,639.227767,0.002997,431890432,-621,1,0,0
0,76,expert,639.228015,639.499355,0.271340,70221824,0,0,4,0
0,75,expert,639.262037,639.871434,0.609398,122888192,-3,0,7,0
0,75,compute,639.227848,639.971371,0.743523,0,0,0,0,0
0,76,trunk,639.971372,639.974401,0.003029,645562368,-622,1,0,0
0,77,expert,639.974635,640.121614,0.146979,70221824,0,0,4,0
0,76,expert,640.033065,640.688355,0.655289,157999104,-2,0,9,0
0,76,compute,639.974488,640.790972,0.816484,0,0,0,0,0
0,77,trunk,640.790974,640.794226,0.003252,645562368,-623,1,0,0
0,78,expert,640.794480,641.029592,0.235112,87777280,0,0,5,0
0,77,expert,640.849673,641.504358,0.654685,140443648,-3,0,8,0
0,77,compute,640.794309,641.597594,0.803284,0,0,0,0,0
0,78,trunk,641.597595,641.600673,0.003078,645562368,-624,1,0,0
0,78,expert,641.657810,641.949284,0.291474,87777280,-1,0,5,0
0,79,expert,641.600925,641.976291,0.375366,157999104,-4,0,9,0
0,78,compute,641.600746,642.066815,0.466069,0,0,0,0,0
0,79,trunk,642.066817,642.136907,0.070091,431890432,-625,1,0,0
0,80,expert,642.137175,642.212041,0.074867,87777280,0,0,5,0
0,79,expert,642.171127,642.695382,0.524255,175554560,-3,0,10,0
0,79,compute,642.136989,642.787897,0.650909,0,0,0,0,0
0,80,trunk,642.787899,642.889812,0.101913,645562368,-626,1,0,0
0,81,expert,642.890040,642.994205,0.104165,52666368,0,0,3,0
0,80,expert,642.945046,643.567175,0.622128,122888192,-2,0,7,0
0,80,compute,642.889897,643.663415,0.773517,0,0,0,0,0
0,81,trunk,643.663417,643.666421,0.003004,645562368,-627,1,0,0
0,81,expert,643.723178,644.205402,0.482223,105332736,-2,0,6,0
0,81,compute,643.666507,644.299424,0.632917,0,0,0,0,0
0,82,expert,643.666662,644.375051,0.708389,140443648,-4,0,8,0
0,82,trunk,644.299426,644.377058,0.077632,645562368,-628,1,0,0
0,83,expert,644.377334,644.472144,0.094810,105332736,0,0,6,0
0,82,expert,644.438851,644.834951,0.396100,105332736,-3,0,6,0
0,82,compute,644.377138,644.931722,0.554584,0,0,0,0,0
0,83,trunk,644.931723,644.934706,0.002983,431890432,-629,1,0,0
0,84,expert,644.934915,644.984425,0.049510,52666368,0,0,3,0
0,83,expert,644.968214,645.620172,0.651957,105332736,-1,0,6,0
0,83,compute,644.934792,645.712761,0.777969,0,0,0,0,0
0,84,trunk,645.712763,645.715772,0.003009,645562368,-630,1,0,0
0,85,expert,645.715990,646.075491,0.359501,70221824,-1,0,4,0
0,84,expert,645.772602,646.437001,0.664399,140443648,-3,0,8,0
0,84,compute,645.715859,646.530679,0.814820,0,0,0,0,0
0,85,trunk,646.530681,646.533672,0.002992,645562368,-631,1,0,0
0,85,expert,646.592354,646.871204,0.278850,157999104,-5,0,9,0
0,85,compute,646.533781,646.966267,0.432486,0,0,0,0,0
0,86,expert,646.533973,647.031783,0.497811,175554560,-4,0,10,0
0,86,trunk,646.966269,647.283485,0.317216,645562368,-632,1,0,0
0,87,expert,647.283789,647.792867,0.509078,122888192,0,0,7,0
0,86,expert,647.342723,647.815633,0.472909,140443648,-6,0,8,0
0,86,compute,647.283569,647.910352,0.626784,0,0,0,0,0
0,87,trunk,647.910354,647.913436,0.003082,431890432,-633,1,0,0
0,88,expert,647.913635,647.944774,0.031139,35110912,0,0,2,0
0,87,expert,647.950802,648.520936,0.570134,87777280,0,0,5,0
0,87,compute,647.913519,648.615650,0.702130,0,0,0,0,0
0,88,trunk,648.615652,648.618711,0.003059,645562368,-634,1,0,0
0,89,expert,648.618956,649.073717,0.454761,52666368,0,0,3,0
0,88,expert,648.675273,649.156645,0.481372,87777280,-3,0,5,0
0,88,compute,648.618795,649.249009,0.630214,0,0,0,0,0
0,89,trunk,649.249010,649.283791,0.034781,645562368,-635,1,0,0
0,90,expert,649.284107,649.498308,0.214201,52666368,0,0,3,0
0,89,expert,649.341366,649.954896,0.613529,122888192,-3,0,7,0
0,89,compute,649.283877,650.047496,0.763619,0,0,0,0,0
0,90,trunk,650.047497,650.050676,0.003179,645562368,-636,1,0,0
0,90,expert,650.107501,650.294571,0.187070,35110912,-1,0,2,0
0,91,expert,650.050925,650.335322,0.284397,70221824,-1,0,4,0
0,90,compute,650.050767,650.387442,0.336675,0,0,0,0,0
0,91,trunk,650.387443,650.511529,0.124086,431890432,-637,1,0,0
0,91,expert,650.547166,650.755067,0.207901,52666368,-2,0,3,0
0,92,expert,650.511798,650.804207,0.292409,105332736,-1,0,6,0
0,91,compute,650.511611,650.856892,0.345281,0,0,0,0,0
0,92,trunk,650.856893,650.983253,0.126359,431890432,-638,1,0,0
0,92,expert,651.016054,651.117432,0.101378,122888192,0,0,7,0
0,92,compute,650.983255,651.233945,0.250690,0,0,0,0,0
0,0,trunk,651.334348,651.334378,0.000030,0,-638,0,0,0
0,0,compute,651.334416,651.455431,0.121015,0,0,0,0,0
0,1,expert,651.334742,651.641121,0.306379,175554560,0,0,10,0
0,1,trunk,651.455432,652.032243,0.576811,645562368,-638,1,0,0
0,2,expert,652.032519,652.158421,0.125902,140443648,0,0,8,0
0,1,expert,652.091443,653.194036,1.102593,263331840,-5,0,15,0
0,1,compute,652.032308,653.287155,1.254847,0,0,0,0,0
0,2,trunk,653.287157,653.290193,0.003037,645562368,-639,1,0,0
0,3,expert,653.290430,653.854650,0.564219,140443648,-3,0,8,0
0,2,expert,653.347851,653.955404,0.607553,298442752,-4,0,17,0
0,2,compute,653.290276,654.050330,0.760054,0,0,0,0,0
0,3,trunk,654.050332,654.053572,0.003241,431890432,-640,1,0,0
0,4,expert,654.053786,654.298616,0.244829,35110912,0,0,2,0
0,3,expert,654.087896,654.729729,0.641832,157999104,-2,0,9,0
0,3,compute,654.053666,654.827041,0.773376,0,0,0,0,0
0,4,trunk,654.827043,654.830155,0.003112,645562368,-641,1,0,0
0,5,expert,654.830375,655.155871,0.325496,52666368,0,0,3,0
0,4,expert,654.891075,655.504814,0.613739,228220928,-3,0,13,0
0,4,compute,654.830240,655.602847,0.772606,0,0,0,0,0
0,5,trunk,655.602848,655.605928,0.003080,645562368,-642,1,0,0
0,6,expert,655.606190,656.403337,0.797147,245776384,-6,0,14,0
0,5,expert,655.660944,656.480333,0.819388,368664576,-8,0,21,0
0,5,compute,655.606018,656.575283,0.969265,0,0,0,0,0
0,6,trunk,656.575284,656.578443,0.003159,645562368,-643,1,0,0
0,7,expert,656.578715,657.090232,0.511517,140443648,-1,0,8,0
0,6,expert,656.635493,657.254587,0.619094,368664576,-7,0,21,0
0,6,compute,656.578529,657.372038,0.793508,0,0,0,0,0
0,7,trunk,657.372040,657.375039,0.002998,431890432,-644,1,0,0
0,8,expert,657.375322,658.056599,0.681277,175554560,-3,0,10,0
0,7,expert,657.413139,658.138083,0.724944,228220928,-6,0,13,0
0,7,compute,657.375129,658.231352,0.856223,0,0,0,0,0
0,8,trunk,658.231354,658.234444,0.003090,645562368,-645,1,0,0
0,9,expert,658.234695,658.885185,0.650490,122888192,-1,0,7,0
0,8,expert,658.292516,659.121522,0.829006,315998208,-6,0,18,0
0,8,compute,658.234533,659.214444,0.979911,0,0,0,0,0
0,9,trunk,659.214446,659.217516,0.003071,645562368,-646,1,0,0
0,9,expert,659.274345,659.925550,0.651205,280887296,-5,0,16,0
0,9,compute,659.217600,660.018625,0.801025,0,0,0,0,0
0,10,trunk,660.018627,660.070205,0.051579,645562368,-647,1,0,0
0,10,expert,659.217756,660.076898,0.859142,298442752,-11,0,17,0
0,11,expert,660.077386,660.352138,0.274752,122888192,-1,0,7,0
0,10,expert,660.124153,660.623760,0.499607,193110016,-5,0,11,0
0,10,compute,660.070305,660.717977,0.647672,0,0,0,0,0
0,11,trunk,660.718016,660.721169,0.003153,431890432,-648,1,0,0
0,12,expert,660.721451,661.089311,0.367860,157999104,-1,0,9,0
0,11,expert,660.754383,661.493265,0.738882,263331840,-7,0,15,0
0,11,compute,660.721254,661.596914,0.875660,0,0,0,0,0
0,12,trunk,661.596916,661.600252,0.003336,645562368,-649,1,0,0
0,13,expert,661.600467,661.692921,0.092454,70221824,0,0,4,0
0,12,expert,661.656102,662.363686,0.707584,193110016,-2,0,11,0
0,12,compute,661.600337,662.457022,0.856685,0,0,0,0,0
0,13,trunk,662.457024,662.460165,0.003142,645562368,-650,1,0,0
0,14,expert,662.460365,662.590215,0.129850,70221824,0,0,4,0
0,13,expert,662.515244,663.207793,0.692549,210665472,-3,0,12,0
0,13,compute,662.460237,663.304689,0.844452,0,0,0,0,0
0,14,trunk,663.304691,663.307836,0.003145,645562368,-651,1,0,0
0,15,expert,663.308167,663.679774,0.371606,175554560,-2,0,10,0
0,14,expert,663.368218,663.978081,0.609863,333553664,-8,0,19,0
0,14,compute,663.307924,664.072588,0.764664,0,0,0,0,0
0,15,trunk,664.072590,664.075495,0.002905,431890432,-652,1,0,0
0,16,expert,664.075716,664.121947,0.046231,52666368,0,0,3,0
0,15,expert,664.109943,664.710017,0.600074,228220928,-2,0,13,0
0,15,compute,664.075581,664.822129,0.746548,0,0,0,0,0
0,16,trunk,664.822131,664.855695,0.033564,645562368,-653,1,0,0
0,17,expert,664.855901,665.183950,0.328048,70221824,-1,0,4,0
0,16,expert,664.913092,665.503607,0.590516,157999104,-3,0,9,0
0,16,compute,664.855781,665.597274,0.741493,0,0,0,0,0
0,17,trunk,665.597276,665.600368,0.003092,645562368,-654,1,0,0
0,18,expert,665.600557,665.649449,0.048892,52666368,0,0,3,0
0,17,expert,665.657519,666.296138,0.638619,105332736,0,0,6,0
0,17,compute,665.600439,666.388479,0.788040,0,0,0,0,0
0,18,trunk,666.388481,666.391440,0.002959,645562368,-655,1,0,0
0,19,expert,666.391633,666.608665,0.217032,35110912,0,0,2,0
0,18,expert,666.446637,666.897615,0.450978,122888192,-1,0,7,0
0,18,compute,666.391528,666.990203,0.598675,0,0,0,0,0
0,19,trunk,666.990204,666.993316,0.003111,431890432,-656,1,0,0
0,20,expert,666.993552,667.352169,0.358617,175554560,-4,0,10,0
0,19,expert,667.027458,667.703327,0.675868,228220928,-5,0,13,0
0,19,compute,666.993401,667.799740,0.806340,0,0,0,0,0
0,20,trunk,667.799742,667.803000,0.003258,645562368,-657,1,0,0
0,21,expert,667.803264,668.347501,0.544237,105332736,-2,0,6,0
0,20,expert,667.860501,668.516104,0.655603,210665472,-4,0,12,0
0,20,compute,667.803094,668.609910,0.806816,0,0,0,0,0
0,21,trunk,668.609912,668.612891,0.002979,645562368,-658,1,0,0
0,22,expert,668.613081,668.721432,0.108351,52666368,0,0,3,0
0,21,expert,668.670898,669.386750,0.715852,210665472,-3,0,12,0
0,21,compute,668.612967,669.479742,0.866776,0,0,0,0,0
0,22,trunk,669.479744,669.482784,0.003040,645562368,-659,1,0,0
0,23,expert,669.483033,669.821615,0.338582,105332736,-1,0,6,0
0,22,expert,669.543255,670.022858,0.479603,228220928,-4,0,13,0
0,22,compute,669.482890,670.116754,0.633864,0,0,0,0,0
0,23,trunk,670.116756,670.119661,0.002906,431890432,-660,1,0,0
0,24,expert,670.119918,670.292604,0.172686,140443648,0,0,8,0
0,23,expert,670.151127,670.797383,0.646257,280887296,-7,0,16,0
0,23,compute,670.119747,670.888640,0.768892,0,0,0,0,0
0,24,trunk,670.888641,670.897086,0.008445,645562368,-661,1,0,0
0,25,expert,670.897342,671.061780,0.164438,87777280,0,0,5,0
0,24,expert,670.954654,671.797933,0.843279,315998208,-5,0,18,0
0,24,compute,670.897172,672.194062,1.296891,0,0,0,0,0
0,25,trunk,672.194064,672.197106,0.003042,645562368,-662,1,0,0
0,26,expert,672.197401,672.463485,0.266084,122888192,0,0,7,0
0,25,expert,672.252069,673.018907,0.766838,228220928,-4,0,13,0
0,25,compute,672.197187,673.113161,0.915974,0,0,0,0,0
0,26,trunk,673.113162,673.116333,0.003171,645562368,-663,1,0,0
0,27,expert,673.116549,673.239710,0.123160,70221824,0,0,4,0
0,26,expert,673.170998,673.711887,0.540889,245776384,-4,0,14,0
0,26,compute,673.116413,673.805976,0.689563,0,0,0,0,0
0,27,trunk,673.805977,673.809037,0.003059,431890432,-664,1,0,0
0,28,expert,673.809281,673.893442,0.084161,105332736,0,0,6,0
0,27,expert,673.844295,674.504970,0.660675,298442752,-5,0,17,0
0,27,compute,673.809120,674.613321,0.804200,0,0,0,0,0
0,28,trunk,674.613322,674.616461,0.003138,645562368,-665,1,0,0
0,29,expert,674.616687,674.970313,0.353626,122888192,0,0,7,0
0,28,expert,674.671828,675.348136,0.676308,280887296,-5,0,16,0
0,28,compute,674.616528,675.442789,0.826260,0,0,0,0,0
0,29,trunk,675.442790,675.445812,0.003022,645562368,-666,1,0,0
0,30,expert,675.446077,675.603000,0.156924,87777280,0,0,5,0
0,29,expert,675.502193,676.160671,0.658478,193110016,-2,0,11,0
0,29,compute,675.445923,676.253102,0.807180,0,0,0,0,0
0,30,trunk,676.253104,676.256194,0.003091,645562368,-667,1,0,0
0,31,expert,676.256383,676.559130,0.302747,70221824,0,0,4,0
0,30,expert,676.311677,676.839411,0.527734,210665472,-4,0,12,0
0,30,compute,676.256262,676.932599,0.676338,0,0,0,0,0
0,31,trunk,676.932601,676.935537,0.002936,431890432,-668,1,0,0
0,32,expert,676.935853,676.999731,0.063877,70221824,0,0,4,0
0,31,expert,676.968887,677.597546,0.628659,193110016,-2,0,11,0
0,31,compute,676.935597,677.693901,0.758303,0,0,0,0,0
0,32,trunk,677.693902,677.709780,0.015878,645562368,-669,1,0,0
0,33,expert,677.710094,677.911838,0.201744,70221824,0,0,4,0
0,32,expert,677.769348,678.462642,0.693294,157999104,-1,0,9,0
0,32,compute,677.709861,678.556149,0.846288,0,0,0,0,0
0,33,trunk,678.556150,678.559112,0.002962,645562368,-670,1,0,0
0,34,expert,678.559374,679.240893,0.681518,228220928,-5,0,13,0
0,33,expert,678.616824,679.441067,0.824242,315998208,-8,0,18,0
0,33,compute,678.559195,679.543479,0.984284,0,0,0,0,0
0,34,trunk,679.543480,679.546499,0.003019,645562368,-671,1,0,0
0,35,expert,679.546698,680.064799,0.518101,52666368,0,0,3,0
0,34,expert,679.606133,680.152159,0.546026,228220928,-3,0,13,0
0,34,compute,679.546583,680.246802,0.700220,0,0,0,0,0
0,35,trunk,680.246804,680.249932,0.003128,431890432,-672,1,0,0
0,36,expert,680.250130,680.307596,0.057466,70221824,0,0,4,0
0,35,expert,680.283439,680.925373,0.641934,175554560,-2,0,10,0
0,35,compute,680.250010,681.021811,0.771802,0,0,0,0,0
0,36,trunk,681.021813,681.024843,0.003030,645562368,-673,1,0,0
0,37,expert,681.025132,681.297258,0.272127,122888192,-1,0,7,0
0,36,expert,681.082473,681.845283,0.762811,228220928,-4,0,13,0
0,36,compute,681.024917,681.938927,0.914010,0,0,0,0,0
0,37,trunk,681.938929,681.942016,0.003086,645562368,-674,1,0,0
0,38,expert,681.942255,682.063917,0.121662,70221824,0,0,4,0
0,37,expert,681.996883,682.731995,0.735111,210665472,-2,0,12,0
0,37,compute,681.942107,682.824181,0.882074,0,0,0,0,0
0,38,trunk,682.824182,682.827140,0.002958,645562368,-675,1,0,0
0,39,expert,682.827355,682.935380,0.108025,52666368,0,0,3,0
0,38,expert,682.885089,683.337832,0.452742,140443648,-3,0,8,0
0,38,compute,682.827233,683.430776,0.603544,0,0,0,0,0
0,39,trunk,683.430778,683.433765,0.002987,431890432,-676,1,0,0
0,40,expert,683.434009,683.508832,0.074822,52666368,0,0,3,0
0,39,expert,683.465270,684.144603,0.679332,157999104,-3,0,9,0
0,39,compute,683.433878,684.237534,0.803655,0,0,0,0,0
0,40,trunk,684.237535,684.240608,0.003073,645562368,-677,1,0,0
0,41,expert,684.240782,684.338934,0.098153,17555456,0,0,1,0
0,40,expert,684.296535,684.895004,0.598469,105332736,-1,0,6,0
0,40,compute,684.240675,684.988052,0.747377,0,0,0,0,0
0,41,trunk,684.988054,684.991037,0.002982,645562368,-678,1,0,0
0,42,expert,684.991262,685.084543,0.093281,87777280,0,0,5,0
0,41,expert,685.049479,685.544567,0.495088,87777280,-2,0,5,0
0,41,compute,684.991120,685.638974,0.647854,0,0,0,0,0
0,42,trunk,685.638976,685.689059,0.050084,645562368,-679,1,0,0
0,43,expert,685.689238,686.101561,0.412323,35110912,-1,0,2,0
0,42,expert,685.745478,686.154082,0.408604,70221824,-1,0,4,0
0,42,compute,685.689142,686.254418,0.565276,0,0,0,0,0
0,43,trunk,686.254420,686.257390,0.002970,431890432,-680,1,0,0
0,44,expert,686.257579,686.288586,0.031007,35110912,0,0,2,0
0,43,expert,686.288751,686.701153,0.412402,70221824,0,0,4,0
0,43,compute,686.257475,686.791451,0.533976,0,0,0,0,0
0,44,trunk,686.791453,686.962342,0.170889,645562368,-681,1,0,0
0,45,expert,686.962553,687.071060,0.108507,52666368,0,0,3,0
0,44,expert,687.022751,687.659256,0.636506,87777280,-1,0,5,0
0,44,compute,686.962429,687.749464,0.787035,0,0,0,0,0
0,45,trunk,687.749466,687.752716,0.003250,645562368,-682,1,0,0
0,45,expert,687.813323,688.472703,0.659380,140443648,-2,0,8,0
0,46,expert,687.752908,688.493393,0.740485,157999104,-6,0,9,0
0,45,compute,687.752793,688.674288,0.921495,0,0,0,0,0
0,46,trunk,688.674289,688.677410,0.003121,645562368,-683,1,0,0
0,47,expert,688.677593,688.745912,0.068319,35110912,0,0,2,0
0,46,expert,688.736829,689.211039,0.474209,140443648,-1,0,8,0
0,46,compute,688.677470,689.498900,0.821430,0,0,0,0,0
0,47,trunk,689.498901,689.501980,0.003080,431890432,-684,1,0,0
0,48,expert,689.502181,689.549932,0.047752,52666368,0,0,3,0
0,47,expert,689.538334,690.029675,0.491341,87777280,-1,0,5,0
0,47,compute,689.502064,690.171914,0.669850,0,0,0,0,0
0,48,trunk,690.171916,690.179158,0.007243,645562368,-685,1,0,0
0,49,expert,690.179453,690.841439,0.661986,157999104,-3,0,9,0
0,48,expert,690.234824,690.939669,0.704845,193110016,-4,0,11,0
0,48,compute,690.179259,691.094588,0.915329,0,0,0,0,0
0,49,trunk,691.094589,691.097671,0.003081,645562368,-686,1,0,0
0,50,expert,691.097886,691.210281,0.112395,35110912,0,0,2,0
0,49,expert,691.155364,691.890824,0.735460,210665472,-2,0,12,0
0,49,compute,691.097757,691.985417,0.887661,0,0,0,0,0
0,50,trunk,691.985419,691.988461,0.003042,645562368,-687,1,0,0
0,51,expert,691.988631,692.013708,0.025077,17555456,0,0,1,0
0,50,expert,692.045836,692.536289,0.490453,140443648,0,0,8,0
0,50,compute,691.988531,692.653952,0.665421,0,0,0,0,0
0,51,trunk,692.653954,692.656958,0.003004,431890432,-688,1,0,0
0,52,expert,692.657178,692.730663,0.073485,87777280,0,0,5,0
0,51,expert,692.690621,693.400233,0.709612,175554560,-3,0,10,0
0,51,compute,692.657034,693.496134,0.839100,0,0,0,0,0
0,52,trunk,693.496136,693.499206,0.003070,645562368,-689,1,0,0
0,53,expert,693.499478,694.019801,0.520323,193110016,-3,0,11,0
0,52,expert,693.558353,694.239437,0.681084,193110016,-5,0,11,0
0,52,compute,693.499289,694.334766,0.835477,0,0,0,0,0
0,53,trunk,694.334768,694.337888,0.003120,645562368,-690,1,0,0
0,54,expert,694.338108,694.688266,0.350158,105332736,-2,0,6,0
0,53,expert,694.396177,694.999868,0.603691,210665472,-4,0,12,0
0,53,compute,694.337975,695.098966,0.760991,0,0,0,0,0
0,54,trunk,695.098968,695.102127,0.003159,645562368,-691,1,0,0
0,55,expert,695.102337,695.186966,0.084629,17555456,0,0,1,0
0,54,expert,695.156670,695.666123,0.509453,193110016,-1,0,11,0
0,54,compute,695.102216,695.761756,0.659540,0,0,0,0,0
0,55,trunk,695.761758,695.764745,0.002987,431890432,-692,1,0,0
0,56,expert,695.764972,696.214324,0.449353,122888192,-2,0,7,0
0,55,expert,695.801595,696.451301,0.649705,193110016,-4,0,11,0
0,55,compute,695.764822,696.546037,0.781215,0,0,0,0,0
0,56,trunk,696.546039,696.549152,0.003113,645562368,-693,1,0,0
0,56,expert,696.605033,697.225181,0.620148,157999104,-2,0,9,0
0,57,expert,696.549370,697.225806,0.676436,175554560,-7,0,10,0
0,56,compute,696.549237,697.325635,0.776398,0,0,0,0,0
0,57,trunk,697.325636,697.328648,0.003012,645562368,-694,1,0,0
0,58,expert,697.328842,697.657271,0.328429,52666368,0,0,3,0
0,57,expert,697.384920,698.105440,0.720520,210665472,-3,0,12,0
0,57,compute,697.328719,698.202423,0.873704,0,0,0,0,0
0,58,trunk,698.202425,698.205658,0.003233,645562368,-695,1,0,0
0,59,expert,698.205880,698.734497,0.528618,122888192,-2,0,7,0
0,58,expert,698.261249,698.780581,0.519332,157999104,-3,0,9,0
0,58,compute,698.205725,698.873500,0.667775,0,0,0,0,0
0,59,trunk,698.873501,698.876507,0.003005,431890432,-696,1,0,0
0,60,expert,698.876694,698.908614,0.031920,35110912,0,0,2,0
0,59,expert,698.909251,699.535467,0.626216,52666368,0,0,3,0
0,59,compute,698.876575,699.628547,0.751971,0,0,0,0,0
0,60,trunk,699.628548,699.632208,0.003660,645562368,-697,1,0,0
0,61,expert,699.632475,699.886942,0.254467,70221824,0,0,4,0
0,60,expert,699.694036,700.434729,0.740694,245776384,-4,0,14,0
0,60,compute,699.632290,700.529241,0.896951,0,0,0,0,0
0,61,trunk,700.529242,700.532294,0.003052,645562368,-698,1,0,0
0,62,expert,700.532479,701.318617,0.786138,193110016,-8,0,11,0
0,61,expert,700.589488,701.338360,0.748872,245776384,-1,0,14,0
0,61,compute,700.532362,701.432362,0.900000,0,0,0,0,0
0,62,trunk,701.432363,701.435392,0.003029,645562368,-699,1,0,0
0,63,expert,701.435617,701.747963,0.312346,52666368,0,0,3,0
0,62,expert,701.494950,701.965501,0.470551,175554560,-3,0,10,0
0,62,compute,701.435474,702.060371,0.624897,0,0,0,0,0
0,63,trunk,702.060372,702.064232,0.003859,431890432,-700,1,0,0
0,64,expert,702.064480,702.321545,0.257065,105332736,0,0,6,0
0,63,expert,702.099958,702.603022,0.503064,228220928,-5,0,13,0
0,63,compute,702.064304,702.709238,0.644934,0,0,0,0,0
0,64,trunk,702.709240,702.849441,0.140201,645562368,-701,1,0,0
0,65,expert,702.849734,702.898373,0.048640,52666368,0,0,3,0
0,64,expert,702.909143,703.658175,0.749032,210665472,0,0,12,0
0,64,compute,702.849536,703.753169,0.903633,0,0,0,0,0
0,65,trunk,703.753171,703.756200,0.003030,645562368,-702,1,0,0
0,66,expert,703.756402,703.982598,0.226196,52666368,0,0,3,0
0,65,expert,703.816651,704.472307,0.655656,157999104,-2,0,9,0
0,65,compute,703.756268,704.565797,0.809528,0,0,0,0,0
0,66,trunk,704.565798,704.568842,0.003044,645562368,-703,1,0,0
0,67,expert,704.569093,705.038253,0.469161,193110016,-5,0,11,0
0,66,expert,704.626132,705.176979,0.550847,228220928,-4,0,13,0
0,66,compute,704.568922,705.269248,0.700326,0,0,0,0,0
0,67,trunk,705.269250,705.272298,0.003048,431890432,-704,1,0,0
0,68,expert,705.272539,705.777745,0.505205,140443648,-1,0,8,0
0,67,expert,705.308275,705.992912,0.684637,210665472,-6,0,12,0
0,67,compute,705.272370,706.091498,0.819128,0,0,0,0,0
0,68,trunk,706.091500,706.094711,0.003211,645562368,-705,1,0,0
0,69,expert,706.094965,706.178426,0.083461,87777280,0,0,5,0
0,68,expert,706.152506,706.838242,0.685736,210665472,-2,0,12,0
0,68,compute,706.094806,706.929394,0.834588,0,0,0,0,0
0,69,trunk,706.929395,706.932399,0.003004,645562368,-706,1,0,0
0,69,expert,706.987481,707.704925,0.717444,193110016,-1,0,11,0
0,70,expert,706.932636,707.716290,0.783654,228220928,-10,0,13,0
0,69,compute,706.932477,707.798773,0.866296,0,0,0,0,0
0,70,trunk,707.798775,707.802004,0.003229,645562368,-707,1,0,0
0,71,expert,707.802209,708.161626,0.359417,35110912,-1,0,2,0
0,70,expert,707.861610,708.272317,0.410707,157999104,-1,0,9,0
0,70,compute,707.802094,708.366778,0.564684,0,0,0,0,0
0,71,trunk,708.366780,708.369758,0.002979,431890432,-708,1,0,0
0,72,expert,708.370015,708.430655,0.060640,70221824,0,0,4,0
0,71,expert,708.405147,709.055828,0.650681,193110016,-3,0,11,0
0,71,compute,708.369846,709.161616,0.791770,0,0,0,0,0
0,72,trunk,709.161618,709.169747,0.008129,645562368,-709,1,0,0
0,73,expert,709.170031,709.452755,0.282724,105332736,0,0,6,0
0,72,expert,709.228091,709.900630,0.672539,157999104,-5,0,9,0
0,72,compute,709.169838,709.992420,0.822582,0,0,0,0,0
0,73,trunk,709.992421,709.995541,0.003120,645562368,-710,1,0,0
0,74,expert,709.995788,710.188756,0.192968,87777280,0,0,5,0
0,73,expert,710.053475,710.741518,0.688043,228220928,-5,0,13,0
0,73,compute,709.995632,710.831983,0.836351,0,0,0,0,0
0,74,trunk,710.831985,710.835169,0.003184,645562368,-711,1,0,0
0,75,expert,710.835426,710.945577,0.110150,52666368,0,0,3,0
0,74,expert,710.888697,711.363892,0.475195,157999104,-3,0,9,0
0,74,compute,710.835262,711.458909,0.623648,0,0,0,0,0
0,75,trunk,711.458911,711.461867,0.002956,431890432,-712,1,0,0
0,76,expert,711.462143,711.536240,0.074098,87777280,0,0,5,0
0,75,expert,711.495166,712.041948,0.546782,193110016,-3,0,11,0
0,75,compute,711.461960,712.136598,0.674638,0,0,0,0,0
0,76,trunk,712.136600,712.231183,0.094583,645562368,-713,1,0,0
0,77,expert,712.231436,712.889507,0.658071,87777280,-2,0,5,0
0,76,expert,712.290603,712.965152,0.674549,228220928,-3,0,13,0
0,76,compute,712.231275,713.058742,0.827467,0,0,0,0,0
0,77,trunk,713.058744,713.062041,0.003298,645562368,-714,1,0,0
0,78,expert,713.062279,713.199055,0.136776,52666368,0,0,3,0
0,77,expert,713.121137,713.766271,0.645134,122888192,-1,0,7,0
0,77,compute,713.062133,713.863457,0.801324,0,0,0,0,0
0,78,trunk,713.863458,713.866543,0.003084,645562368,-715,1,0,0
0,79,expert,713.866823,714.391109,0.524286,105332736,0,0,6,0
0,78,expert,713.923246,714.442947,0.519701,228220928,-6,0,13,0
0,78,compute,713.866631,714.537136,0.670504,0,0,0,0,0
0,79,trunk,714.537137,714.540164,0.003027,431890432,-716,1,0,0
0,80,expert,714.540441,714.602236,0.061795,70221824,0,0,4,0
0,79,expert,714.574229,715.067543,0.493313,140443648,-3,0,8,0
0,79,compute,714.540234,715.161685,0.621452,0,0,0,0,0
0,80,trunk,715.161688,715.243587,0.081899,645562368,-717,1,0,0
0,81,expert,715.243848,715.411077,0.167229,70221824,0,0,4,0
0,80,expert,715.306121,716.017602,0.711481,228220928,-1,0,13,0
0,80,compute,715.243670,716.114525,0.870855,0,0,0,0,0
0,81,trunk,716.114527,716.117615,0.003088,645562368,-718,1,0,0
0,81,expert,716.179904,716.776915,0.597011,122888192,-1,0,7,0
0,82,expert,716.117840,716.837406,0.719565,157999104,-6,0,9,0
0,81,compute,716.117700,716.868989,0.751289,0,0,0,0,0
0,82,trunk,716.868990,716.871921,0.002931,645562368,-719,1,0,0
0,83,expert,716.872144,717.428303,0.556158,157999104,-6,0,9,0
0,82,expert,716.940778,717.483334,0.542556,245776384,-3,0,14,0
0,82,compute,716.872025,717.577806,0.705782,0,0,0,0,0
0,83,trunk,717.577808,717.580812,0.003004,431890432,-720,1,0,0
0,84,expert,717.581036,717.639452,0.058416,70221824,0,0,4,0
0,83,expert,717.616877,718.313932,0.697056,157999104,-2,0,9,0
0,83,compute,717.580886,718.408975,0.828090,0,0,0,0,0
0,84,trunk,718.408992,718.412203,0.003211,645562368,-721,1,0,0
0,85,expert,718.412410,718.661497,0.249087,52666368,0,0,3,0
0,84,expert,718.474036,719.185964,0.711928,210665472,-2,0,12,0
0,84,compute,718.412273,719.280404,0.868131,0,0,0,0,0
0,85,trunk,719.280406,719.283335,0.002929,645562368,-722,1,0,0
0,85,expert,719.344342,719.968920,0.624579,140443648,0,0,8,0
0,86,expert,719.283522,720.004116,0.720595,157999104,-8,0,9,0
0,85,compute,719.283421,720.062234,0.778812,0,0,0,0,0
0,86,trunk,720.062235,720.065277,0.003042,645562368,-723,1,0,0
0,87,expert,720.065520,720.381985,0.316465,52666368,0,0,3,0
0,86,expert,720.125758,720.626684,0.500926,210665472,-3,0,12,0
0,86,compute,720.065370,720.719344,0.653974,0,0,0,0,0
0,87,trunk,720.719346,720.722319,0.002973,431890432,-724,1,0,0
0,88,expert,720.722505,720.798801,0.076296,17555456,0,0,1,0
0,87,expert,720.756171,721.368771,0.612600,105332736,-1,0,6,0
0,87,compute,720.722405,721.462613,0.740208,0,0,0,0,0
0,88,trunk,721.462615,721.465648,0.003033,645562368,-725,1,0,0
0,89,expert,721.465900,721.766163,0.300263,105332736,-2,0,6,0
0,88,expert,721.523683,722.053775,0.530092,175554560,-4,0,10,0
0,88,compute,721.465749,722.153047,0.687298,0,0,0,0,0
0,89,trunk,722.153048,722.206863,0.053815,645562368,-726,1,0,0
0,90,expert,722.207098,722.315979,0.108881,17555456,0,0,1,0
0,89,expert,722.263728,722.938028,0.674301,122888192,-1,0,7,0
0,89,compute,722.206949,723.032572,0.825623,0,0,0,0,0
0,90,trunk,723.032573,723.035619,0.003046,645562368,-727,1,0,0
0,91,expert,723.035825,723.128660,0.092835,17555456,0,0,1,0
0,90,expert,723.094102,723.559164,0.465062,140443648,-1,0,8,0
0,90,compute,723.035706,723.652830,0.617123,0,0,0,0,0
0,91,trunk,723.652831,723.655807,0.002976,431890432,-728,1,0,0
0,92,expert,723.656194,724.013503,0.357309,105332736,-1,0,6,0
0,91,expert,723.691433,724.252130,0.560697,245776384,-4,0,14,0
0,91,compute,723.655903,724.345471,0.689568,0,0,0,0,0
0,92,trunk,724.345472,724.348610,0.003138,431890432,-729,1,0,0
0,92,expert,724.380145,724.530286,0.150141,175554560,0,0,10,0
0,92,compute,724.348613,724.624432,0.275819,0,0,0,0,0
