L2 auto: 209 GB free on /mnt/nvme -> L2 at 256 GB
k3 chip: 4 workers, 4 TFLOPS, 200 GB/s simulated wall
DBG getmany L1 nw=16 wall=0.331s thr(out)1 thr(in)16 conc_peak=16 pread=4.232s
DBG getmany L2 nw=16 wall=0.483s thr(out)1 thr(in)16 conc_peak=16 pread=6.270s
DBG getmany L3 nw=16 wall=0.544s thr(out)1 thr(in)16 conc_peak=16 pread=6.896s
DBG getmany L4 nw=16 wall=0.625s thr(out)1 thr(in)16 conc_peak=16 pread=8.817s
DBG getmany L5 nw=16 wall=0.642s thr(out)1 thr(in)16 conc_peak=16 pread=9.037s
DBG getmany L6 nw=16 wall=0.611s thr(out)1 thr(in)16 conc_peak=16 pread=8.672s
DBG getmany L7 nw=16 wall=0.596s thr(out)1 thr(in)16 conc_peak=16 pread=8.304s
DBG getmany L8 nw=16 wall=1.609s thr(out)1 thr(in)16 conc_peak=16 pread=11.072s
DBG getmany L9 nw=16 wall=0.445s thr(out)1 thr(in)16 conc_peak=16 pread=5.506s
DBG getmany L10 nw=16 wall=0.300s thr(out)1 thr(in)16 conc_peak=16 pread=4.272s
DBG getmany L11 nw=16 wall=0.505s thr(out)1 thr(in)16 conc_peak=16 pread=6.429s
DBG getmany L12 nw=16 wall=0.442s thr(out)1 thr(in)16 conc_peak=16 pread=5.401s
DBG getmany L13 nw=16 wall=0.429s thr(out)1 thr(in)16 conc_peak=16 pread=5.644s
DBG getmany L14 nw=16 wall=0.423s thr(out)1 thr(in)16 conc_peak=16 pread=5.409s
DBG getmany L15 nw=16 wall=0.480s thr(out)1 thr(in)16 conc_peak=16 pread=5.496s
DBG getmany L16 nw=16 wall=0.420s thr(out)1 thr(in)16 conc_peak=16 pread=5.101s
DBG getmany L17 nw=16 wall=0.392s thr(out)1 thr(in)16 conc_peak=16 pread=4.917s
DBG getmany L18 nw=16 wall=0.329s thr(out)1 thr(in)16 conc_peak=16 pread=4.417s
DBG getmany L19 nw=16 wall=0.468s thr(out)1 thr(in)16 conc_peak=16 pread=6.476s
DBG getmany L20 nw=16 wall=0.441s thr(out)1 thr(in)16 conc_peak=16 pread=5.746s
DBG getmany L21 nw=16 wall=0.447s thr(out)1 thr(in)16 conc_peak=16 pread=5.758s
DBG getmany L22 nw=16 wall=2.212s thr(out)1 thr(in)16 conc_peak=16 pread=34.236s
DBG getmany L23 nw=16 wall=0.335s thr(out)1 thr(in)16 conc_peak=16 pread=2.787s
DBG getmany L24 nw=16 wall=0.509s thr(out)1 thr(in)16 conc_peak=16 pread=6.146s
DBG getmany L25 nw=16 wall=0.472s thr(out)1 thr(in)16 conc_peak=16 pread=5.648s
DBG getmany L26 nw=16 wall=0.323s thr(out)1 thr(in)16 conc_peak=16 pread=4.223s
DBG getmany L27 nw=16 wall=0.958s thr(out)1 thr(in)16 conc_peak=16 pread=8.717s
DBG getmany L28 nw=16 wall=0.488s thr(out)1 thr(in)16 conc_peak=16 pread=6.004s
DBG getmany L29 nw=16 wall=0.487s thr(out)1 thr(in)16 conc_peak=16 pread=5.989s
DBG getmany L30 nw=16 wall=0.513s thr(out)1 thr(in)16 conc_peak=16 pread=6.262s
DBG getmany L31 nw=16 wall=0.786s thr(out)1 thr(in)16 conc_peak=16 pread=11.468s
DBG getmany L32 nw=16 wall=0.501s thr(out)1 thr(in)16 conc_peak=16 pread=6.989s
DBG getmany L33 nw=16 wall=0.534s thr(out)1 thr(in)16 conc_peak=16 pread=7.459s
DBG getmany L34 nw=16 wall=0.325s thr(out)1 thr(in)16 conc_peak=16 pread=4.322s
DBG getmany L35 nw=16 wall=0.573s thr(out)1 thr(in)16 conc_peak=16 pread=7.807s
DBG getmany L36 nw=16 wall=0.327s thr(out)1 thr(in)16 conc_peak=16 pread=4.280s
DBG getmany L37 nw=16 wall=0.388s thr(out)1 thr(in)16 conc_peak=16 pread=5.057s
DBG getmany L38 nw=16 wall=0.305s thr(out)1 thr(in)16 conc_peak=16 pread=3.993s
DBG getmany L39 nw=16 wall=1.392s thr(out)1 thr(in)16 conc_peak=16 pread=18.222s
DBG getmany L40 nw=16 wall=0.899s thr(out)1 thr(in)16 conc_peak=16 pread=12.880s
DBG getmany L41 nw=16 wall=0.916s thr(out)1 thr(in)16 conc_peak=16 pread=13.558s
DBG getmany L42 nw=16 wall=1.358s thr(out)1 thr(in)16 conc_peak=16 pread=20.748s
DBG getmany L43 nw=16 wall=0.853s thr(out)1 thr(in)16 conc_peak=16 pread=10.937s
DBG getmany L44 nw=16 wall=0.748s thr(out)1 thr(in)16 conc_peak=16 pread=10.938s
DBG getmany L45 nw=16 wall=0.943s thr(out)1 thr(in)16 conc_peak=16 pread=11.260s
DBG getmany L46 nw=16 wall=0.891s thr(out)1 thr(in)16 conc_peak=16 pread=10.892s
DBG getmany L47 nw=16 wall=1.022s thr(out)1 thr(in)16 conc_peak=16 pread=14.487s
DBG getmany L48 nw=16 wall=0.680s thr(out)1 thr(in)16 conc_peak=16 pread=7.440s
DBG getmany L49 nw=16 wall=1.014s thr(out)1 thr(in)16 conc_peak=16 pread=10.127s
DBG getmany L50 nw=16 wall=6.917s thr(out)1 thr(in)16 conc_peak=16 pread=63.201s
DBG getmany L51 nw=16 wall=0.541s thr(out)1 thr(in)16 conc_peak=16 pread=7.300s
DBG getmany L52 nw=16 wall=0.480s thr(out)1 thr(in)16 conc_peak=16 pread=7.016s
DBG getmany L53 nw=16 wall=0.508s thr(out)1 thr(in)16 conc_peak=16 pread=5.753s
DBG getmany L54 nw=16 wall=0.418s thr(out)1 thr(in)16 conc_peak=16 pread=5.738s
DBG getmany L55 nw=16 wall=0.567s thr(out)1 thr(in)16 conc_peak=16 pread=7.027s
DBG getmany L56 nw=16 wall=0.470s thr(out)1 thr(in)16 conc_peak=16 pread=6.405s
DBG getmany L57 nw=16 wall=0.561s thr(out)1 thr(in)16 conc_peak=16 pread=7.916s
DBG getmany L58 nw=16 wall=0.374s thr(out)1 thr(in)16 conc_peak=16 pread=4.707s
DBG getmany L59 nw=16 wall=0.529s thr(out)1 thr(in)16 conc_peak=16 pread=6.918s
DBG getmany L60 nw=16 wall=0.475s thr(out)1 thr(in)16 conc_peak=16 pread=6.612s
DBG getmany L61 nw=16 wall=0.548s thr(out)1 thr(in)16 conc_peak=16 pread=7.932s
DBG getmany L62 nw=16 wall=0.436s thr(out)1 thr(in)16 conc_peak=16 pread=6.194s
DBG getmany L63 nw=16 wall=0.532s thr(out)1 thr(in)16 conc_peak=16 pread=7.281s
DBG getmany L64 nw=16 wall=0.391s thr(out)1 thr(in)16 conc_peak=16 pread=4.719s
DBG getmany L65 nw=16 wall=0.480s thr(out)1 thr(in)16 conc_peak=16 pread=6.675s
DBG getmany L66 nw=16 wall=0.313s thr(out)1 thr(in)16 conc_peak=16 pread=3.766s
DBG getmany L67 nw=16 wall=0.568s thr(out)1 thr(in)16 conc_peak=16 pread=8.150s
DBG getmany L68 nw=16 wall=0.528s thr(out)1 thr(in)16 conc_peak=16 pread=7.361s
DBG getmany L69 nw=16 wall=0.525s thr(out)1 thr(in)16 conc_peak=16 pread=6.406s
DBG getmany L70 nw=16 wall=0.276s thr(out)1 thr(in)16 conc_peak=16 pread=3.652s
DBG getmany L71 nw=16 wall=0.530s thr(out)1 thr(in)16 conc_peak=16 pread=7.288s
DBG getmany L72 nw=16 wall=0.468s thr(out)1 thr(in)16 conc_peak=16 pread=6.713s
DBG getmany L73 nw=16 wall=0.502s thr(out)1 thr(in)16 conc_peak=16 pread=6.763s
DBG getmany L74 nw=16 wall=0.343s thr(out)1 thr(in)16 conc_peak=16 pread=4.831s
DBG getmany L75 nw=16 wall=0.557s thr(out)1 thr(in)16 conc_peak=16 pread=7.373s
DBG getmany L76 nw=16 wall=0.348s thr(out)1 thr(in)16 conc_peak=16 pread=4.370s
DBG getmany L77 nw=16 wall=0.443s thr(out)1 thr(in)16 conc_peak=16 pread=6.240s
DBG getmany L78 nw=16 wall=0.388s thr(out)1 thr(in)16 conc_peak=16 pread=5.278s
DBG getmany L79 nw=16 wall=0.330s thr(out)1 thr(in)16 conc_peak=16 pread=4.587s
DBG getmany L80 nw=16 wall=0.421s thr(out)1 thr(in)16 conc_peak=16 pread=5.878s
DBG getmany L81 nw=16 wall=0.471s thr(out)1 thr(in)16 conc_peak=16 pread=5.665s
DBG getmany L82 nw=16 wall=0.366s thr(out)1 thr(in)16 conc_peak=16 pread=4.437s
DBG getmany L83 nw=16 wall=0.515s thr(out)1 thr(in)16 conc_peak=16 pread=7.466s
DBG getmany L84 nw=16 wall=0.454s thr(out)1 thr(in)16 conc_peak=16 pread=6.291s
DBG getmany L85 nw=16 wall=0.450s thr(out)1 thr(in)16 conc_peak=16 pread=6.491s
DBG getmany L86 nw=16 wall=0.370s thr(out)1 thr(in)16 conc_peak=16 pread=5.366s
DBG getmany L87 nw=16 wall=0.500s thr(out)1 thr(in)16 conc_peak=16 pread=7.434s
DBG getmany L88 nw=16 wall=0.489s thr(out)1 thr(in)16 conc_peak=16 pread=6.885s
DBG getmany L89 nw=16 wall=0.573s thr(out)1 thr(in)16 conc_peak=16 pread=6.900s
DBG getmany L90 nw=16 wall=0.341s thr(out)1 thr(in)16 conc_peak=16 pread=4.813s
DBG getmany L91 nw=16 wall=0.370s thr(out)1 thr(in)16 conc_peak=16 pread=5.057s
DBG getmany L92 nw=16 wall=0.157s thr(out)1 thr(in)16 conc_peak=16 pread=1.666s
auto budget: 28.7 GB available, 9.0 GB reserved -> trunk 6.0 GB / expert cache 13.8 GB
config: /model/config.json (nested shape) | hidden=7168 layers=93 vocab=163840 | 24 MLA + 69 KDA | experts 896 top16 shared2 | latent=3584
  KV cache : 23.70 MB for 10 positions (2.37 MB/position)
Kimi K3, pure C, released checkpoint
  model    : /model
  prompt   : 1 tokens, generating 8

indexed 497220 tensors from 96 shards in 6.43 s
trunk on disk : 110.00 GB total (STREAMED from /mnt/nvme/trunk_layers_out, not held in RAM)

memory plan
  trunk (STREAMED) 6.00 GB
  embed + lm_head  4.70 GB
  expert cache     13.77 GB
  recurrent state  626.25 MB
  buffers          8.02 MB
  KV cache         23.65 MB
  TOTAL            25.13 GB
  available        28.50 GB

k3_trunk: trunk.bin absent - using per-layer slices (layer_%03d.bin)
trunk stream: 56.60 GB packed, 1/93 layers PINNED (3.00 GB), ring 2 x 1.30 GB
              reads use buffered I/O
              ring holds 2 slots: layers repeat over ~2 tokens, so recent ones are reused instead of re-read
trunk streaming enabled from /mnt/nvme/trunk_layers_out in 0.0 s
embedding, final norm and lm_head: 4.70 GB in 8.0 s

expert L1 eviction policy: heat
async expert prefetch: lookahead depth 4 layer(s)
expert L2 cache enabled: 14589 slots x 17.55 MB = 256.00 GB on /mnt/nvme/experts.l2
expert L2 eviction policy: heat
peak RSS after loading weights: 4.79 GB  (the plan above is a forecast, this is measured)
expert cache: 784 slots x 17.56 MB = 13.76 GB (0.95% of the 1.45 TB expert pool)

recurrent state for 93 layers: 626.25 MB

incremental decode: KV cache 23.65 MB for 24 MLA layers at 10 positions

STEP   TOKEN      SECONDS      CACHE HIT  READ GB    TOK/S
--------------------------------------------------------------------
0      220        109.54       100.0      25.83      0.009
  L2   resident=6778/14589 slots hit=100.0% read=25.83GB write=0.00GB
DBG getmany L4 nw=16 wall=0.490s thr(out)1 thr(in)16 conc_peak=16 pread=4.398s [reader]
DBG getmany L5 nw=16 wall=0.222s thr(out)1 thr(in)16 conc_peak=16 pread=1.990s [reader]
DBG getmany L1 nw=16 wall=0.548s thr(out)1 thr(in)16 conc_peak=16 pread=8.449s
DBG getmany L6 nw=16 wall=0.375s thr(out)1 thr(in)16 conc_peak=16 pread=3.307s [reader]
DBG getmany L2 nw=16 wall=0.460s thr(out)1 thr(in)16 conc_peak=16 pread=7.909s
DBG getmany L7 nw=16 wall=0.487s thr(out)1 thr(in)16 conc_peak=16 pread=7.990s [reader]
DBG getmany L3 nw=16 wall=0.582s thr(out)1 thr(in)16 conc_peak=16 pread=13.015s
DBG getmany L8 nw=16 wall=0.643s thr(out)1 thr(in)16 conc_peak=16 pread=7.856s [reader]
DBG getmany L4 nw=15 wall=0.566s thr(out)1 thr(in)16 conc_peak=15 pread=9.344s
DBG getmany L9 nw=16 wall=0.631s thr(out)1 thr(in)16 conc_peak=16 pread=11.342s [reader]
DBG getmany L5 nw=15 wall=0.577s thr(out)1 thr(in)16 conc_peak=15 pread=14.161s
DBG getmany L10 nw=16 wall=0.465s thr(out)1 thr(in)16 conc_peak=16 pread=5.360s [reader]
DBG getmany L6 nw=14 wall=0.398s thr(out)1 thr(in)16 conc_peak=14 pread=6.345s
DBG getmany L11 nw=16 wall=0.604s thr(out)1 thr(in)16 conc_peak=16 pread=7.031s [reader]
DBG getmany L7 nw=14 wall=0.597s thr(out)1 thr(in)16 conc_peak=14 pread=10.371s
DBG getmany L12 nw=16 wall=0.546s thr(out)1 thr(in)16 conc_peak=16 pread=4.838s [reader]
DBG getmany L8 nw=16 wall=0.533s thr(out)1 thr(in)16 conc_peak=16 pread=10.239s
DBG getmany L9 nw=13 wall=0.395s thr(out)1 thr(in)16 conc_peak=13 pread=6.485s
DBG getmany L13 nw=16 wall=0.583s thr(out)1 thr(in)16 conc_peak=16 pread=7.356s [reader]
DBG getmany L14 nw=16 wall=0.532s thr(out)1 thr(in)16 conc_peak=16 pread=5.028s [reader]
DBG getmany L10 nw=14 wall=0.414s thr(out)1 thr(in)16 conc_peak=14 pread=6.275s
DBG getmany L15 nw=16 wall=0.665s thr(out)1 thr(in)16 conc_peak=15 pread=9.952s [reader]
DBG getmany L11 nw=15 wall=0.573s thr(out)1 thr(in)16 conc_peak=15 pread=10.686s
DBG getmany L12 nw=13 wall=0.530s thr(out)1 thr(in)16 conc_peak=13 pread=6.924s
DBG getmany L16 nw=16 wall=0.629s thr(out)1 thr(in)16 conc_peak=16 pread=10.695s [reader]
DBG getmany L17 nw=16 wall=0.557s thr(out)1 thr(in)16 conc_peak=16 pread=3.038s [reader]
DBG getmany L13 nw=14 wall=0.538s thr(out)1 thr(in)16 conc_peak=14 pread=8.182s
DBG getmany L18 nw=16 wall=0.427s thr(out)1 thr(in)16 conc_peak=16 pread=5.099s [reader]
DBG getmany L14 nw=15 wall=0.445s thr(out)1 thr(in)16 conc_peak=15 pread=8.283s
DBG getmany L19 nw=16 wall=0.378s thr(out)1 thr(in)16 conc_peak=16 pread=2.242s [reader]
DBG getmany L15 nw=15 wall=0.576s thr(out)1 thr(in)16 conc_peak=15 pread=9.327s
DBG getmany L20 nw=16 wall=0.633s thr(out)1 thr(in)16 conc_peak=16 pread=8.745s [reader]
DBG getmany L16 nw=15 wall=0.566s thr(out)1 thr(in)16 conc_peak=15 pread=10.631s
DBG getmany L21 nw=16 wall=0.541s thr(out)1 thr(in)16 conc_peak=16 pread=4.509s [reader]
DBG getmany L17 nw=16 wall=0.568s thr(out)1 thr(in)16 conc_peak=16 pread=9.144s
DBG getmany L22 nw=16 wall=0.446s thr(out)1 thr(in)16 conc_peak=16 pread=5.462s [reader]
DBG getmany L18 nw=15 wall=0.445s thr(out)1 thr(in)16 conc_peak=15 pread=7.870s
DBG getmany L23 nw=16 wall=0.521s thr(out)1 thr(in)16 conc_peak=16 pread=4.652s [reader]
DBG getmany L19 nw=14 wall=0.545s thr(out)1 thr(in)16 conc_peak=14 pread=7.328s
DBG getmany L24 nw=16 wall=0.493s thr(out)1 thr(in)16 conc_peak=16 pread=5.733s [reader]
DBG getmany L20 nw=15 wall=0.556s thr(out)1 thr(in)16 conc_peak=15 pread=11.309s
DBG getmany L25 nw=16 wall=0.425s thr(out)1 thr(in)16 conc_peak=16 pread=2.767s [reader]
DBG getmany L21 nw=14 wall=0.560s thr(out)1 thr(in)16 conc_peak=14 pread=8.156s
DBG getmany L26 nw=16 wall=0.516s thr(out)1 thr(in)16 conc_peak=16 pread=8.359s [reader]
DBG getmany L22 nw=15 wall=0.426s thr(out)1 thr(in)16 conc_peak=15 pread=10.023s
DBG getmany L27 nw=16 wall=0.278s thr(out)1 thr(in)16 conc_peak=16 pread=2.087s [reader]
DBG getmany L23 nw=12 wall=0.648s thr(out)1 thr(in)16 conc_peak=12 pread=8.246s
DBG getmany L28 nw=16 wall=0.673s thr(out)1 thr(in)16 conc_peak=16 pread=4.771s [reader]
DBG getmany L24 nw=11 wall=0.894s thr(out)1 thr(in)16 conc_peak=11 pread=11.702s
DBG getmany L29 nw=16 wall=0.972s thr(out)1 thr(in)16 conc_peak=16 pread=14.395s [reader]
DBG getmany L25 nw=14 wall=0.875s thr(out)1 thr(in)16 conc_peak=14 pread=14.781s
DBG getmany L30 nw=16 wall=0.749s thr(out)1 thr(in)16 conc_peak=16 pread=10.462s [reader]
DBG getmany L26 nw=11 wall=0.688s thr(out)1 thr(in)16 conc_peak=11 pread=10.941s
DBG getmany L31 nw=16 wall=0.382s thr(out)1 thr(in)16 conc_peak=16 pread=3.300s [reader]
DBG getmany L27 nw=13 wall=0.880s thr(out)1 thr(in)16 conc_peak=13 pread=11.305s
DBG getmany L32 nw=16 wall=0.756s thr(out)1 thr(in)16 conc_peak=16 pread=9.290s [reader]
DBG getmany L28 nw=15 wall=0.883s thr(out)1 thr(in)16 conc_peak=15 pread=11.511s
DBG getmany L33 nw=16 wall=1.013s thr(out)1 thr(in)16 conc_peak=16 pread=14.431s [reader]
DBG getmany L29 nw=14 wall=0.910s thr(out)1 thr(in)16 conc_peak=14 pread=14.940s
DBG getmany L34 nw=16 wall=0.735s thr(out)1 thr(in)16 conc_peak=16 pread=12.108s [reader]
DBG getmany L30 nw=14 wall=0.740s thr(out)1 thr(in)16 conc_peak=14 pread=17.684s
DBG getmany L35 nw=16 wall=0.816s thr(out)1 thr(in)16 conc_peak=16 pread=9.508s [reader]
DBG getmany L31 nw=16 wall=0.902s thr(out)1 thr(in)16 conc_peak=16 pread=13.309s
DBG getmany L36 nw=16 wall=0.943s thr(out)1 thr(in)16 conc_peak=16 pread=15.646s [reader]
DBG getmany L32 nw=14 wall=0.916s thr(out)1 thr(in)16 conc_peak=14 pread=16.404s
DBG getmany L37 nw=16 wall=0.551s thr(out)1 thr(in)16 conc_peak=16 pread=5.522s [reader]
DBG getmany L33 nw=14 wall=0.937s thr(out)1 thr(in)16 conc_peak=14 pread=13.788s
DBG getmany L38 nw=16 wall=0.510s thr(out)1 thr(in)16 conc_peak=16 pread=4.979s [reader]
DBG getmany L34 nw=16 wall=0.739s thr(out)1 thr(in)16 conc_peak=16 pread=12.708s
DBG getmany L39 nw=16 wall=0.423s thr(out)1 thr(in)16 conc_peak=16 pread=3.231s [reader]
DBG getmany L35 nw=16 wall=0.996s thr(out)1 thr(in)16 conc_peak=16 pread=14.386s
DBG getmany L40 nw=16 wall=0.975s thr(out)1 thr(in)16 conc_peak=16 pread=12.609s [reader]
DBG getmany L36 nw=11 wall=0.872s thr(out)1 thr(in)16 conc_peak=11 pread=13.314s
DBG getmany L41 nw=16 wall=0.745s thr(out)1 thr(in)16 conc_peak=16 pread=8.943s [reader]
DBG getmany L37 nw=13 wall=0.827s thr(out)1 thr(in)16 conc_peak=13 pread=12.939s
DBG getmany L42 nw=16 wall=0.677s thr(out)1 thr(in)16 conc_peak=16 pread=7.444s [reader]
DBG getmany L38 nw=14 wall=0.689s thr(out)1 thr(in)16 conc_peak=14 pread=12.043s
DBG getmany L43 nw=16 wall=0.838s thr(out)1 thr(in)16 conc_peak=16 pread=6.293s [reader]
DBG getmany L39 nw=15 wall=0.897s thr(out)1 thr(in)16 conc_peak=15 pread=14.343s
DBG getmany L44 nw=16 wall=0.555s thr(out)1 thr(in)16 conc_peak=16 pread=4.229s [reader]
DBG getmany L40 nw=13 wall=0.890s thr(out)1 thr(in)16 conc_peak=13 pread=12.576s
DBG getmany L45 nw=16 wall=0.977s thr(out)1 thr(in)16 conc_peak=16 pread=12.254s [reader]
DBG getmany L41 nw=13 wall=0.862s thr(out)1 thr(in)16 conc_peak=13 pread=12.619s
DBG getmany L42 nw=8 wall=0.578s thr(out)1 thr(in)16 conc_peak=8 pread=6.577s
DBG getmany L46 nw=16 wall=0.744s thr(out)1 thr(in)16 conc_peak=16 pread=7.725s [reader]
DBG getmany L47 nw=16 wall=0.348s thr(out)1 thr(in)16 conc_peak=16 pread=2.791s [reader]
DBG getmany L43 nw=13 wall=0.902s thr(out)1 thr(in)16 conc_peak=13 pread=12.387s
DBG getmany L48 nw=16 wall=0.488s thr(out)1 thr(in)16 conc_peak=16 pread=5.199s [reader]
DBG getmany L44 nw=13 wall=0.899s thr(out)1 thr(in)16 conc_peak=13 pread=11.031s
DBG getmany L49 nw=16 wall=0.872s thr(out)1 thr(in)16 conc_peak=16 pread=11.052s [reader]
DBG getmany L45 nw=10 wall=0.837s thr(out)1 thr(in)16 conc_peak=10 pread=13.794s
DBG getmany L50 nw=16 wall=0.660s thr(out)1 thr(in)16 conc_peak=16 pread=7.323s [reader]
DBG getmany L46 nw=8 wall=0.657s thr(out)1 thr(in)16 conc_peak=8 pread=9.170s
DBG getmany L51 nw=16 wall=0.405s thr(out)1 thr(in)16 conc_peak=16 pread=3.518s [reader]
DBG getmany L47 nw=11 wall=0.853s thr(out)1 thr(in)16 conc_peak=11 pread=10.071s
DBG getmany L52 nw=16 wall=0.746s thr(out)1 thr(in)16 conc_peak=16 pread=6.897s [reader]
DBG getmany L48 nw=13 wall=0.900s thr(out)1 thr(in)16 conc_peak=13 pread=14.138s
DBG getmany L53 nw=16 wall=0.788s thr(out)1 thr(in)16 conc_peak=16 pread=7.984s [reader]
DBG getmany L49 nw=9 wall=0.867s thr(out)1 thr(in)16 conc_peak=9 pread=9.614s
DBG getmany L54 nw=16 wall=0.761s thr(out)1 thr(in)16 conc_peak=16 pread=10.300s [reader]
DBG getmany L50 nw=12 wall=0.722s thr(out)1 thr(in)16 conc_peak=12 pread=12.018s
DBG getmany L55 nw=16 wall=0.867s thr(out)1 thr(in)16 conc_peak=16 pread=7.660s [reader]
DBG getmany L51 nw=12 wall=0.908s thr(out)1 thr(in)16 conc_peak=12 pread=15.296s
DBG getmany L56 nw=16 wall=0.689s thr(out)1 thr(in)16 conc_peak=16 pread=5.247s [reader]
DBG getmany L52 nw=15 wall=0.902s thr(out)1 thr(in)16 conc_peak=15 pread=13.470s
DBG getmany L57 nw=16 wall=0.708s thr(out)1 thr(in)16 conc_peak=16 pread=3.997s [reader]
DBG getmany L53 nw=10 wall=0.847s thr(out)1 thr(in)16 conc_peak=10 pread=10.580s
DBG getmany L58 nw=16 wall=0.741s thr(out)1 thr(in)16 conc_peak=16 pread=9.539s [reader]
DBG getmany L54 nw=12 wall=0.699s thr(out)1 thr(in)16 conc_peak=12 pread=13.412s
DBG getmany L59 nw=16 wall=0.475s thr(out)1 thr(in)16 conc_peak=16 pread=4.372s [reader]
DBG getmany L55 nw=14 wall=0.898s thr(out)1 thr(in)16 conc_peak=14 pread=14.475s
DBG getmany L60 nw=16 wall=0.692s thr(out)1 thr(in)16 conc_peak=16 pread=7.630s [reader]
DBG getmany L56 nw=16 wall=0.893s thr(out)1 thr(in)16 conc_peak=16 pread=16.032s
DBG getmany L61 nw=16 wall=0.691s thr(out)1 thr(in)16 conc_peak=16 pread=7.934s [reader]
DBG getmany L57 nw=16 wall=0.935s thr(out)1 thr(in)16 conc_peak=16 pread=17.415s
DBG getmany L62 nw=16 wall=0.697s thr(out)1 thr(in)16 conc_peak=16 pread=10.130s [reader]
DBG getmany L58 nw=14 wall=0.713s thr(out)1 thr(in)16 conc_peak=14 pread=16.776s
DBG getmany L63 nw=16 wall=0.931s thr(out)1 thr(in)16 conc_peak=16 pread=8.806s [reader]
DBG getmany L59 nw=15 wall=0.927s thr(out)1 thr(in)16 conc_peak=15 pread=14.100s
DBG getmany L64 nw=16 wall=1.004s thr(out)1 thr(in)16 conc_peak=16 pread=16.193s [reader]
DBG getmany L60 nw=16 wall=0.894s thr(out)1 thr(in)16 conc_peak=16 pread=18.566s
DBG getmany L65 nw=16 wall=1.028s thr(out)1 thr(in)16 conc_peak=16 pread=15.277s [reader]
DBG getmany L61 nw=16 wall=0.934s thr(out)1 thr(in)16 conc_peak=16 pread=15.896s
DBG getmany L66 nw=16 wall=0.461s thr(out)1 thr(in)16 conc_peak=16 pread=4.100s [reader]
DBG getmany L62 nw=15 wall=0.691s thr(out)1 thr(in)16 conc_peak=15 pread=11.511s
DBG getmany L67 nw=16 wall=0.685s thr(out)1 thr(in)16 conc_peak=16 pread=8.368s [reader]
DBG getmany L63 nw=15 wall=0.961s thr(out)1 thr(in)16 conc_peak=15 pread=13.127s
DBG getmany L68 nw=16 wall=0.976s thr(out)1 thr(in)16 conc_peak=16 pread=12.380s [reader]
DBG getmany L64 nw=16 wall=0.929s thr(out)1 thr(in)16 conc_peak=16 pread=17.548s
DBG getmany L69 nw=16 wall=0.964s thr(out)1 thr(in)16 conc_peak=16 pread=13.454s [reader]
DBG getmany L65 nw=15 wall=0.909s thr(out)1 thr(in)16 conc_peak=15 pread=16.627s
DBG getmany L70 nw=16 wall=0.552s thr(out)1 thr(in)16 conc_peak=16 pread=6.161s [reader]
DBG getmany L66 nw=15 wall=0.736s thr(out)1 thr(in)16 conc_peak=15 pread=11.968s
DBG getmany L71 nw=16 wall=0.520s thr(out)1 thr(in)16 conc_peak=16 pread=5.341s [reader]
DBG getmany L67 nw=16 wall=0.999s thr(out)1 thr(in)16 conc_peak=16 pread=12.602s
DBG getmany L72 nw=16 wall=0.928s thr(out)1 thr(in)16 conc_peak=16 pread=8.465s [reader]
DBG getmany L68 nw=14 wall=0.847s thr(out)1 thr(in)16 conc_peak=14 pread=13.502s
DBG getmany L73 nw=16 wall=0.924s thr(out)1 thr(in)16 conc_peak=16 pread=11.053s [reader]
DBG getmany L69 nw=16 wall=0.963s thr(out)1 thr(in)16 conc_peak=16 pread=17.261s
DBG getmany L74 nw=16 wall=0.829s thr(out)1 thr(in)16 conc_peak=16 pread=12.054s [reader]
DBG getmany L70 nw=16 wall=0.784s thr(out)1 thr(in)16 conc_peak=16 pread=13.389s
DBG getmany L75 nw=16 wall=0.909s thr(out)1 thr(in)16 conc_peak=16 pread=11.246s [reader]
DBG getmany L71 nw=16 wall=1.027s thr(out)1 thr(in)16 conc_peak=16 pread=20.742s
DBG getmany L76 nw=16 wall=0.974s thr(out)1 thr(in)16 conc_peak=16 pread=10.701s [reader]
DBG getmany L72 nw=16 wall=0.957s thr(out)1 thr(in)16 conc_peak=16 pread=17.700s
DBG getmany L77 nw=16 wall=0.952s thr(out)1 thr(in)16 conc_peak=16 pread=13.521s [reader]
DBG getmany L73 nw=15 wall=0.925s thr(out)1 thr(in)16 conc_peak=15 pread=16.989s
DBG getmany L78 nw=16 wall=0.581s thr(out)1 thr(in)16 conc_peak=16 pread=5.724s [reader]
DBG getmany L74 nw=13 wall=0.693s thr(out)1 thr(in)16 conc_peak=13 pread=10.894s
DBG getmany L79 nw=16 wall=0.911s thr(out)1 thr(in)16 conc_peak=16 pread=8.174s [reader]
DBG getmany L75 nw=11 wall=0.867s thr(out)1 thr(in)16 conc_peak=11 pread=11.306s
DBG getmany L80 nw=16 wall=0.731s thr(out)1 thr(in)16 conc_peak=16 pread=7.137s [reader]
DBG getmany L76 nw=14 wall=0.876s thr(out)1 thr(in)16 conc_peak=14 pread=13.216s
DBG getmany L81 nw=16 wall=0.784s thr(out)1 thr(in)16 conc_peak=16 pread=11.782s [reader]
DBG getmany L77 nw=16 wall=0.802s thr(out)1 thr(in)16 conc_peak=16 pread=16.986s
DBG getmany L82 nw=16 wall=0.535s thr(out)1 thr(in)16 conc_peak=16 pread=5.502s [reader]
DBG getmany L78 nw=15 wall=0.751s thr(out)1 thr(in)16 conc_peak=15 pread=12.735s
DBG getmany L83 nw=16 wall=0.891s thr(out)1 thr(in)16 conc_peak=16 pread=15.285s [reader]
DBG getmany L79 nw=15 wall=0.904s thr(out)1 thr(in)16 conc_peak=15 pread=17.642s
DBG getmany L84 nw=16 wall=0.686s thr(out)1 thr(in)16 conc_peak=16 pread=8.686s [reader]
DBG getmany L80 nw=14 wall=0.876s thr(out)1 thr(in)16 conc_peak=14 pread=12.262s
DBG getmany L85 nw=16 wall=0.944s thr(out)1 thr(in)16 conc_peak=16 pread=13.788s [reader]
DBG getmany L81 nw=14 wall=0.855s thr(out)1 thr(in)16 conc_peak=14 pread=15.882s
DBG getmany L86 nw=16 wall=0.583s thr(out)1 thr(in)16 conc_peak=16 pread=7.268s [reader]
DBG getmany L82 nw=14 wall=0.677s thr(out)1 thr(in)16 conc_peak=14 pread=10.716s
DBG getmany L87 nw=16 wall=0.624s thr(out)1 thr(in)16 conc_peak=16 pread=4.724s [reader]
DBG getmany L83 nw=5 wall=0.764s thr(out)1 thr(in)16 conc_peak=5 pread=7.481s
DBG getmany L88 nw=16 wall=0.880s thr(out)1 thr(in)16 conc_peak=16 pread=10.725s [reader]
DBG getmany L84 nw=11 wall=0.807s thr(out)1 thr(in)16 conc_peak=11 pread=14.380s
DBG getmany L89 nw=16 wall=0.623s thr(out)1 thr(in)16 conc_peak=16 pread=5.746s [reader]
DBG getmany L85 nw=11 wall=0.780s thr(out)1 thr(in)16 conc_peak=11 pread=10.251s
DBG getmany L90 nw=16 wall=0.514s thr(out)1 thr(in)16 conc_peak=16 pread=5.277s [reader]
DBG getmany L86 nw=11 wall=0.625s thr(out)1 thr(in)16 conc_peak=11 pread=8.510s
DBG getmany L91 nw=16 wall=0.706s thr(out)1 thr(in)16 conc_peak=16 pread=6.700s [reader]
DBG getmany L87 nw=10 wall=0.834s thr(out)1 thr(in)16 conc_peak=10 pread=11.307s
DBG getmany L92 nw=16 wall=0.589s thr(out)1 thr(in)16 conc_peak=16 pread=4.553s [reader]
DBG getmany L88 nw=8 wall=0.813s thr(out)1 thr(in)16 conc_peak=8 pread=6.439s
DBG getmany L89 nw=8 wall=0.582s thr(out)1 thr(in)16 conc_peak=8 pread=3.319s
DBG getmany L90 nw=9 wall=0.555s thr(out)1 thr(in)16 conc_peak=9 pread=4.820s
DBG getmany L91 nw=11 wall=0.442s thr(out)1 thr(in)16 conc_peak=11 pread=4.534s
DBG getmany L92 nw=9 wall=0.138s thr(out)1 thr(in)16 conc_peak=9 pread=0.725s
1      802        94.28        100.0      46.76      0.011
  L2   resident=6778/14589 slots hit=100.0% read=72.59GB write=0.00GB
DBG getmany L4 nw=15 wall=0.540s thr(out)1 thr(in)16 conc_peak=15 pread=4.028s [reader]
DBG getmany L5 nw=15 wall=0.841s thr(out)1 thr(in)16 conc_peak=15 pread=10.589s [reader]
DBG getmany L1 nw=16 wall=0.833s thr(out)1 thr(in)16 conc_peak=16 pread=17.352s
DBG getmany L2 nw=15 wall=0.682s thr(out)1 thr(in)16 conc_peak=15 pread=10.826s
DBG getmany L6 nw=14 wall=0.801s thr(out)1 thr(in)16 conc_peak=14 pread=11.626s [reader]
DBG getmany L7 nw=14 wall=0.459s thr(out)1 thr(in)16 conc_peak=14 pread=3.927s [reader]
DBG getmany L3 nw=13 wall=0.828s thr(out)1 thr(in)16 conc_peak=13 pread=11.067s
DBG getmany L8 nw=16 wall=0.892s thr(out)1 thr(in)16 conc_peak=16 pread=15.945s [reader]
DBG getmany L4 nw=12 wall=0.828s thr(out)1 thr(in)16 conc_peak=12 pread=17.487s
DBG getmany L9 nw=13 wall=0.767s thr(out)1 thr(in)16 conc_peak=13 pread=4.149s [reader]
DBG getmany L5 nw=10 wall=0.779s thr(out)1 thr(in)16 conc_peak=10 pread=9.909s
DBG getmany L6 nw=14 wall=0.575s thr(out)1 thr(in)16 conc_peak=14 pread=10.853s
DBG getmany L10 nw=14 wall=0.746s thr(out)1 thr(in)16 conc_peak=14 pread=11.972s [reader]
DBG getmany L11 nw=15 wall=0.607s thr(out)1 thr(in)16 conc_peak=15 pread=7.145s [reader]
DBG getmany L7 nw=12 wall=0.863s thr(out)1 thr(in)16 conc_peak=12 pread=11.559s
DBG getmany L12 nw=13 wall=0.822s thr(out)1 thr(in)16 conc_peak=13 pread=5.059s [reader]
DBG getmany L8 nw=12 wall=0.823s thr(out)1 thr(in)16 conc_peak=12 pread=10.139s
DBG getmany L13 nw=14 wall=0.485s thr(out)1 thr(in)16 conc_peak=14 pread=2.160s [reader]
DBG getmany L9 nw=11 wall=0.798s thr(out)1 thr(in)16 conc_peak=11 pread=9.265s
DBG getmany L14 nw=15 wall=0.568s thr(out)1 thr(in)16 conc_peak=15 pread=5.432s [reader]
DBG getmany L10 nw=8 wall=0.616s thr(out)1 thr(in)16 conc_peak=8 pread=9.324s
DBG getmany L15 nw=15 wall=0.318s thr(out)1 thr(in)16 conc_peak=15 pread=2.385s [reader]
DBG getmany L11 nw=11 wall=0.865s thr(out)1 thr(in)16 conc_peak=11 pread=8.245s
DBG getmany L16 nw=15 wall=0.852s thr(out)1 thr(in)16 conc_peak=15 pread=11.490s [reader]
DBG getmany L12 nw=12 wall=0.844s thr(out)1 thr(in)16 conc_peak=12 pread=17.137s
DBG getmany L17 nw=16 wall=0.869s thr(out)1 thr(in)16 conc_peak=16 pread=13.738s [reader]
DBG getmany L13 nw=11 wall=0.800s thr(out)1 thr(in)16 conc_peak=11 pread=15.313s
DBG getmany L18 nw=15 wall=0.721s thr(out)1 thr(in)16 conc_peak=15 pread=8.265s [reader]
DBG getmany L14 nw=9 wall=0.634s thr(out)1 thr(in)16 conc_peak=9 pread=9.333s
DBG getmany L19 nw=14 wall=0.841s thr(out)1 thr(in)16 conc_peak=14 pread=11.071s [reader]
DBG getmany L15 nw=11 wall=0.774s thr(out)1 thr(in)16 conc_peak=11 pread=13.251s
DBG getmany L20 nw=15 wall=0.500s thr(out)1 thr(in)16 conc_peak=15 pread=4.183s [reader]
DBG getmany L16 nw=11 wall=0.732s thr(out)1 thr(in)16 conc_peak=11 pread=9.548s
DBG getmany L21 nw=14 wall=0.546s thr(out)1 thr(in)16 conc_peak=14 pread=4.640s [reader]
DBG getmany L17 nw=12 wall=0.765s thr(out)1 thr(in)16 conc_peak=12 pread=12.121s
DBG getmany L22 nw=15 wall=0.291s thr(out)1 thr(in)16 conc_peak=15 pread=2.316s [reader]
DBG getmany L18 nw=12 wall=0.645s thr(out)1 thr(in)16 conc_peak=12 pread=6.763s
DBG getmany L23 nw=12 wall=0.232s thr(out)1 thr(in)16 conc_peak=12 pread=1.449s [reader]
DBG getmany L19 nw=11 wall=0.752s thr(out)1 thr(in)16 conc_peak=11 pread=7.745s
DBG getmany L24 nw=11 wall=0.585s thr(out)1 thr(in)16 conc_peak=11 pread=3.024s [reader]
DBG getmany L20 nw=11 wall=0.735s thr(out)1 thr(in)16 conc_peak=11 pread=7.531s
DBG getmany L25 nw=14 wall=0.635s thr(out)1 thr(in)16 conc_peak=14 pread=4.554s [reader]
DBG getmany L21 nw=13 wall=0.849s thr(out)1 thr(in)16 conc_peak=13 pread=10.014s
DBG getmany L26 nw=11 wall=0.609s thr(out)1 thr(in)16 conc_peak=11 pread=4.673s [reader]
DBG getmany L22 nw=14 wall=0.555s thr(out)1 thr(in)16 conc_peak=14 pread=9.198s
DBG getmany L27 nw=13 wall=0.623s thr(out)1 thr(in)16 conc_peak=13 pread=5.681s [reader]
DBG getmany L23 nw=12 wall=0.804s thr(out)1 thr(in)16 conc_peak=12 pread=9.883s
DBG getmany L28 nw=15 wall=0.853s thr(out)1 thr(in)16 conc_peak=15 pread=4.673s [reader]
DBG getmany L24 nw=11 wall=0.858s thr(out)1 thr(in)16 conc_peak=11 pread=10.852s
DBG getmany L29 nw=14 wall=0.393s thr(out)1 thr(in)16 conc_peak=14 pread=2.849s [reader]
DBG getmany L25 nw=14 wall=0.885s thr(out)1 thr(in)16 conc_peak=14 pread=11.483s
DBG getmany L30 nw=14 wall=0.627s thr(out)1 thr(in)16 conc_peak=14 pread=7.630s [reader]
DBG getmany L26 nw=12 wall=0.643s thr(out)1 thr(in)16 conc_peak=12 pread=12.310s
DBG getmany L31 nw=16 wall=0.440s thr(out)1 thr(in)16 conc_peak=16 pread=2.915s [reader]
DBG getmany L27 nw=14 wall=0.863s thr(out)1 thr(in)16 conc_peak=14 pread=12.599s
DBG getmany L32 nw=14 wall=0.864s thr(out)1 thr(in)16 conc_peak=14 pread=12.166s [reader]
DBG getmany L28 nw=12 wall=0.714s thr(out)1 thr(in)16 conc_peak=12 pread=14.853s
DBG getmany L33 nw=14 wall=0.807s thr(out)1 thr(in)16 conc_peak=14 pread=10.147s [reader]
DBG getmany L29 nw=12 wall=0.812s thr(out)1 thr(in)16 conc_peak=12 pread=15.225s
DBG getmany L34 nw=16 wall=0.682s thr(out)1 thr(in)16 conc_peak=16 pread=7.385s [reader]
DBG getmany L30 nw=15 wall=0.684s thr(out)1 thr(in)16 conc_peak=15 pread=11.821s
DBG getmany L35 nw=16 wall=0.907s thr(out)1 thr(in)16 conc_peak=16 pread=9.790s [reader]
DBG getmany L31 nw=12 wall=0.859s thr(out)1 thr(in)16 conc_peak=12 pread=12.111s
DBG getmany L36 nw=11 wall=0.793s thr(out)1 thr(in)16 conc_peak=11 pread=7.932s [reader]
DBG getmany L32 nw=11 wall=0.735s thr(out)1 thr(in)16 conc_peak=11 pread=12.841s
DBG getmany L37 nw=13 wall=0.381s thr(out)1 thr(in)16 conc_peak=13 pread=3.018s [reader]
DBG getmany L33 nw=11 wall=0.791s thr(out)1 thr(in)16 conc_peak=11 pread=8.292s
DBG getmany L38 nw=14 wall=0.424s thr(out)1 thr(in)16 conc_peak=14 pread=4.178s [reader]
DBG getmany L34 nw=13 wall=0.684s thr(out)1 thr(in)16 conc_peak=13 pread=8.477s
DBG getmany L39 nw=15 wall=0.527s thr(out)1 thr(in)16 conc_peak=15 pread=4.440s [reader]
DBG getmany L35 nw=13 wall=0.913s thr(out)1 thr(in)16 conc_peak=13 pread=11.984s
DBG getmany L40 nw=13 wall=0.862s thr(out)1 thr(in)16 conc_peak=13 pread=12.072s [reader]
DBG getmany L36 nw=11 wall=0.863s thr(out)1 thr(in)16 conc_peak=11 pread=17.085s
DBG getmany L41 nw=13 wall=0.475s thr(out)1 thr(in)16 conc_peak=13 pread=2.406s [reader]
DBG getmany L37 nw=13 wall=0.768s thr(out)1 thr(in)16 conc_peak=13 pread=8.095s
DBG getmany L42 nw=8 wall=0.662s thr(out)1 thr(in)16 conc_peak=8 pread=8.512s [reader]
DBG getmany L38 nw=13 wall=0.597s thr(out)1 thr(in)16 conc_peak=13 pread=10.848s
DBG getmany L43 nw=13 wall=0.395s thr(out)1 thr(in)16 conc_peak=13 pread=2.533s [reader]
DBG getmany L39 nw=14 wall=0.849s thr(out)1 thr(in)16 conc_peak=14 pread=10.525s
DBG getmany L44 nw=13 wall=0.621s thr(out)1 thr(in)16 conc_peak=13 pread=2.657s [reader]
DBG getmany L40 nw=14 wall=0.808s thr(out)1 thr(in)16 conc_peak=14 pread=11.246s
DBG getmany L45 nw=10 wall=0.278s thr(out)1 thr(in)16 conc_peak=10 pread=1.090s [reader]
DBG getmany L41 nw=14 wall=0.811s thr(out)1 thr(in)16 conc_peak=14 pread=10.875s
DBG getmany L46 nw=8 wall=0.621s thr(out)1 thr(in)16 conc_peak=8 pread=5.487s [reader]
DBG getmany L42 nw=14 wall=0.598s thr(out)1 thr(in)16 conc_peak=14 pread=10.497s
DBG getmany L47 nw=11 wall=0.665s thr(out)1 thr(in)16 conc_peak=11 pread=4.610s [reader]
DBG getmany L43 nw=15 wall=0.856s thr(out)1 thr(in)16 conc_peak=15 pread=11.172s
DBG getmany L48 nw=13 wall=0.927s thr(out)1 thr(in)16 conc_peak=13 pread=10.075s [reader]
DBG getmany L44 nw=14 wall=0.849s thr(out)1 thr(in)16 conc_peak=14 pread=12.365s
DBG getmany L49 nw=9 wall=0.421s thr(out)1 thr(in)16 conc_peak=9 pread=2.335s [reader]
DBG getmany L45 nw=15 wall=0.819s thr(out)1 thr(in)16 conc_peak=15 pread=11.278s
DBG getmany L50 nw=12 wall=0.392s thr(out)1 thr(in)16 conc_peak=12 pread=2.919s [reader]
DBG getmany L46 nw=13 wall=0.632s thr(out)1 thr(in)16 conc_peak=13 pread=8.513s
DBG getmany L51 nw=12 wall=0.763s thr(out)1 thr(in)16 conc_peak=12 pread=10.603s [reader]
DBG getmany L47 nw=15 wall=0.910s thr(out)1 thr(in)16 conc_peak=15 pread=12.381s
DBG getmany L52 nw=15 wall=0.716s thr(out)1 thr(in)16 conc_peak=15 pread=9.482s [reader]
DBG getmany L48 nw=14 wall=0.885s thr(out)1 thr(in)16 conc_peak=14 pread=15.363s
DBG getmany L53 nw=10 wall=0.602s thr(out)1 thr(in)16 conc_peak=10 pread=4.205s [reader]
DBG getmany L49 nw=15 wall=0.837s thr(out)1 thr(in)16 conc_peak=15 pread=11.334s
DBG getmany L54 nw=12 wall=0.734s thr(out)1 thr(in)16 conc_peak=12 pread=11.720s [reader]
DBG getmany L50 nw=15 wall=0.641s thr(out)1 thr(in)16 conc_peak=15 pread=12.777s
DBG getmany L55 nw=14 wall=0.552s thr(out)1 thr(in)16 conc_peak=14 pread=5.580s [reader]
DBG getmany L51 nw=13 wall=0.862s thr(out)1 thr(in)16 conc_peak=13 pread=12.415s
DBG getmany L56 nw=16 wall=0.929s thr(out)1 thr(in)16 conc_peak=16 pread=10.204s [reader]
DBG getmany L52 nw=12 wall=0.864s thr(out)1 thr(in)16 conc_peak=12 pread=10.891s
DBG getmany L57 nw=16 wall=0.362s thr(out)1 thr(in)16 conc_peak=16 pread=2.811s [reader]
DBG getmany L53 nw=14 wall=0.809s thr(out)1 thr(in)16 conc_peak=14 pread=10.847s
DBG getmany L58 nw=14 wall=0.723s thr(out)1 thr(in)16 conc_peak=14 pread=10.119s [reader]
DBG getmany L54 nw=14 wall=0.638s thr(out)1 thr(in)16 conc_peak=14 pread=12.250s
DBG getmany L59 nw=15 wall=0.622s thr(out)1 thr(in)16 conc_peak=15 pread=6.003s [reader]
DBG getmany L55 nw=13 wall=0.859s thr(out)1 thr(in)16 conc_peak=13 pread=12.042s
DBG getmany L60 nw=16 wall=0.857s thr(out)1 thr(in)16 conc_peak=16 pread=11.507s [reader]
DBG getmany L56 nw=9 wall=0.805s thr(out)1 thr(in)16 conc_peak=9 pread=12.079s
DBG getmany L61 nw=16 wall=0.830s thr(out)1 thr(in)16 conc_peak=16 pread=8.023s [reader]
DBG getmany L57 nw=14 wall=0.950s thr(out)1 thr(in)16 conc_peak=14 pread=18.158s
DBG getmany L58 nw=11 wall=0.584s thr(out)1 thr(in)16 conc_peak=11 pread=7.998s
DBG getmany L62 nw=15 wall=0.760s thr(out)1 thr(in)16 conc_peak=15 pread=9.983s [reader]
DBG getmany L63 nw=15 wall=0.496s thr(out)1 thr(in)16 conc_peak=15 pread=3.910s [reader]
DBG getmany L59 nw=10 wall=0.846s thr(out)1 thr(in)16 conc_peak=10 pread=9.337s
DBG getmany L64 nw=16 wall=0.773s thr(out)1 thr(in)16 conc_peak=16 pread=7.694s [reader]
DBG getmany L60 nw=13 wall=0.914s thr(out)1 thr(in)16 conc_peak=13 pread=14.266s
DBG getmany L65 nw=15 wall=0.616s thr(out)1 thr(in)16 conc_peak=15 pread=4.498s [reader]
DBG getmany L61 nw=15 wall=0.840s thr(out)1 thr(in)16 conc_peak=15 pread=14.977s
DBG getmany L66 nw=15 wall=0.646s thr(out)1 thr(in)16 conc_peak=15 pread=9.312s [reader]
DBG getmany L62 nw=11 wall=0.609s thr(out)1 thr(in)16 conc_peak=11 pread=12.675s
DBG getmany L67 nw=16 wall=0.348s thr(out)1 thr(in)16 conc_peak=16 pread=2.982s [reader]
DBG getmany L63 nw=12 wall=0.891s thr(out)1 thr(in)16 conc_peak=12 pread=9.663s
DBG getmany L68 nw=14 wall=0.885s thr(out)1 thr(in)16 conc_peak=14 pread=6.435s [reader]
DBG getmany L64 nw=13 wall=0.852s thr(out)1 thr(in)16 conc_peak=13 pread=11.993s
DBG getmany L65 nw=10 wall=0.716s thr(out)1 thr(in)16 conc_peak=10 pread=8.060s
DBG getmany L69 nw=16 wall=0.934s thr(out)1 thr(in)16 conc_peak=16 pread=9.182s [reader]
DBG getmany L70 nw=16 wall=0.439s thr(out)1 thr(in)16 conc_peak=16 pread=3.564s [reader]
DBG getmany L66 nw=13 wall=0.662s thr(out)1 thr(in)16 conc_peak=13 pread=8.797s
DBG getmany L71 nw=16 wall=0.878s thr(out)1 thr(in)16 conc_peak=16 pread=9.419s [reader]
DBG getmany L67 nw=13 wall=0.868s thr(out)1 thr(in)16 conc_peak=13 pread=12.295s
DBG getmany L72 nw=16 wall=0.898s thr(out)1 thr(in)16 conc_peak=16 pread=13.092s [reader]
DBG getmany L68 nw=11 wall=0.842s thr(out)1 thr(in)16 conc_peak=11 pread=15.410s
DBG getmany L73 nw=15 wall=0.561s thr(out)1 thr(in)16 conc_peak=15 pread=5.458s [reader]
DBG getmany L69 nw=11 wall=0.816s thr(out)1 thr(in)16 conc_peak=11 pread=8.932s
DBG getmany L74 nw=13 wall=0.505s thr(out)1 thr(in)16 conc_peak=13 pread=3.731s [reader]
DBG getmany L70 nw=11 wall=0.599s thr(out)1 thr(in)16 conc_peak=11 pread=8.385s
DBG getmany L75 nw=11 wall=0.312s thr(out)1 thr(in)16 conc_peak=11 pread=1.388s [reader]
DBG getmany L71 nw=10 wall=0.829s thr(out)1 thr(in)16 conc_peak=10 pread=8.755s
DBG getmany L76 nw=14 wall=0.701s thr(out)1 thr(in)16 conc_peak=14 pread=4.352s [reader]
DBG getmany L72 nw=15 wall=0.882s thr(out)1 thr(in)16 conc_peak=15 pread=14.631s
DBG getmany L77 nw=16 wall=1.006s thr(out)1 thr(in)16 conc_peak=16 pread=13.752s [reader]
DBG getmany L73 nw=16 wall=0.930s thr(out)1 thr(in)16 conc_peak=16 pread=15.282s
DBG getmany L78 nw=15 wall=0.728s thr(out)1 thr(in)16 conc_peak=15 pread=9.336s [reader]
DBG getmany L74 nw=16 wall=0.697s thr(out)1 thr(in)16 conc_peak=16 pread=12.896s
DBG getmany L79 nw=15 wall=0.494s thr(out)1 thr(in)16 conc_peak=15 pread=3.836s [reader]
DBG getmany L75 nw=16 wall=0.899s thr(out)1 thr(in)16 conc_peak=16 pread=14.369s
DBG getmany L80 nw=14 wall=0.870s thr(out)1 thr(in)16 conc_peak=14 pread=8.049s [reader]
DBG getmany L76 nw=16 wall=0.846s thr(out)1 thr(in)16 conc_peak=16 pread=14.295s
DBG getmany L81 nw=14 wall=0.921s thr(out)1 thr(in)16 conc_peak=14 pread=7.961s [reader]
DBG getmany L77 nw=13 wall=0.850s thr(out)1 thr(in)16 conc_peak=13 pread=9.497s
DBG getmany L82 nw=14 wall=0.762s thr(out)1 thr(in)16 conc_peak=14 pread=13.521s [reader]
DBG getmany L78 nw=15 wall=0.687s thr(out)1 thr(in)16 conc_peak=15 pread=15.545s
DBG getmany L83 nw=5 wall=0.087s thr(out)1 thr(in)16 conc_peak=5 pread=0.251s [reader]
DBG getmany L79 nw=14 wall=0.723s thr(out)1 thr(in)16 conc_peak=14 pread=9.052s
DBG getmany L84 nw=11 wall=0.264s thr(out)1 thr(in)16 conc_peak=11 pread=1.302s [reader]
DBG getmany L80 nw=16 wall=0.771s thr(out)1 thr(in)16 conc_peak=16 pread=11.702s
DBG getmany L85 nw=11 wall=0.745s thr(out)1 thr(in)16 conc_peak=11 pread=7.364s [reader]
DBG getmany L81 nw=13 wall=0.819s thr(out)1 thr(in)16 conc_peak=13 pread=12.497s
DBG getmany L86 nw=11 wall=0.321s thr(out)1 thr(in)16 conc_peak=11 pread=1.333s [reader]
DBG getmany L82 nw=14 wall=0.629s thr(out)1 thr(in)16 conc_peak=14 pread=8.794s
DBG getmany L87 nw=10 wall=0.700s thr(out)1 thr(in)16 conc_peak=10 pread=6.726s [reader]
DBG getmany L83 nw=12 wall=0.754s thr(out)1 thr(in)16 conc_peak=12 pread=12.908s
DBG getmany L88 nw=8 wall=0.576s thr(out)1 thr(in)16 conc_peak=8 pread=3.427s [reader]
DBG getmany L84 nw=10 wall=0.702s thr(out)1 thr(in)16 conc_peak=10 pread=6.629s
DBG getmany L89 nw=8 wall=0.130s thr(out)1 thr(in)16 conc_peak=8 pread=0.645s [reader]
DBG getmany L85 nw=9 wall=0.626s thr(out)1 thr(in)16 conc_peak=9 pread=4.863s
DBG getmany L90 nw=9 wall=0.574s thr(out)1 thr(in)16 conc_peak=9 pread=4.763s [reader]
DBG getmany L86 nw=12 wall=0.542s thr(out)1 thr(in)16 conc_peak=12 pread=9.549s
DBG getmany L91 nw=11 wall=0.386s thr(out)1 thr(in)16 conc_peak=11 pread=1.367s [reader]
DBG getmany L87 nw=11 wall=0.778s thr(out)1 thr(in)16 conc_peak=11 pread=8.619s
DBG getmany L92 nw=9 wall=0.582s thr(out)1 thr(in)16 conc_peak=9 pread=3.760s [reader]
DBG getmany L88 nw=12 wall=0.770s thr(out)1 thr(in)16 conc_peak=12 pread=10.386s
DBG getmany L89 nw=12 wall=0.690s thr(out)1 thr(in)16 conc_peak=12 pread=6.274s
DBG getmany L90 nw=12 wall=0.503s thr(out)1 thr(in)16 conc_peak=12 pread=5.144s
DBG getmany L91 nw=12 wall=0.447s thr(out)1 thr(in)16 conc_peak=12 pread=4.754s
DBG getmany L92 nw=12 wall=0.173s thr(out)1 thr(in)16 conc_peak=12 pread=1.220s
2      24         93.10        100.0      41.34      0.011
  L2   resident=6778/14589 slots hit=100.0% read=113.93GB write=0.00GB
DBG getmany L4 nw=12 wall=0.394s thr(out)1 thr(in)16 conc_peak=12 pread=3.177s [reader]
DBG getmany L5 nw=10 wall=0.354s thr(out)1 thr(in)16 conc_peak=10 pread=1.863s [reader]
DBG getmany L1 nw=15 wall=0.772s thr(out)1 thr(in)16 conc_peak=15 pread=10.502s
DBG getmany L6 nw=14 wall=0.662s thr(out)1 thr(in)16 conc_peak=14 pread=6.898s [reader]
DBG getmany L2 nw=14 wall=0.683s thr(out)1 thr(in)16 conc_peak=14 pread=13.757s
DBG getmany L7 nw=12 wall=0.405s thr(out)1 thr(in)16 conc_peak=12 pread=2.317s [reader]
DBG getmany L3 nw=12 wall=0.724s thr(out)1 thr(in)16 conc_peak=12 pread=7.986s
DBG getmany L8 nw=11 wall=0.730s thr(out)1 thr(in)16 conc_peak=11 pread=6.801s [reader]
DBG getmany L4 nw=7 wall=0.694s thr(out)1 thr(in)16 conc_peak=7 pread=10.119s
DBG getmany L5 nw=10 wall=0.639s thr(out)1 thr(in)16 conc_peak=10 pread=5.139s
DBG getmany L9 nw=11 wall=0.776s thr(out)1 thr(in)16 conc_peak=11 pread=8.471s [reader]
DBG getmany L10 nw=7 wall=0.628s thr(out)1 thr(in)16 conc_peak=7 pread=7.450s [reader]
DBG getmany L6 nw=15 wall=0.536s thr(out)1 thr(in)16 conc_peak=15 pread=8.398s
DBG getmany L11 nw=11 wall=0.321s thr(out)1 thr(in)16 conc_peak=11 pread=1.506s [reader]
DBG getmany L7 nw=13 wall=0.778s thr(out)1 thr(in)16 conc_peak=13 pread=9.427s
DBG getmany L12 nw=11 wall=0.304s thr(out)1 thr(in)16 conc_peak=11 pread=1.245s [reader]
DBG getmany L8 nw=11 wall=0.747s thr(out)1 thr(in)16 conc_peak=11 pread=7.451s
DBG getmany L13 nw=11 wall=0.761s thr(out)1 thr(in)16 conc_peak=11 pread=3.423s [reader]
DBG getmany L9 nw=5 wall=0.693s thr(out)1 thr(in)16 conc_peak=5 pread=5.839s
DBG getmany L14 nw=9 wall=0.534s thr(out)1 thr(in)16 conc_peak=9 pread=3.115s [reader]
DBG getmany L10 nw=5 wall=0.439s thr(out)1 thr(in)16 conc_peak=5 pread=4.795s
DBG getmany L15 nw=11 wall=0.221s thr(out)1 thr(in)16 conc_peak=11 pread=1.177s [reader]
DBG getmany L11 nw=7 wall=0.735s thr(out)1 thr(in)16 conc_peak=7 pread=5.291s
DBG getmany L16 nw=11 wall=0.350s thr(out)1 thr(in)16 conc_peak=11 pread=1.544s [reader]
DBG getmany L12 nw=10 wall=0.744s thr(out)1 thr(in)16 conc_peak=10 pread=7.303s
DBG getmany L17 nw=12 wall=0.712s thr(out)1 thr(in)16 conc_peak=12 pread=6.313s [reader]
DBG getmany L13 nw=11 wall=0.761s thr(out)1 thr(in)16 conc_peak=11 pread=10.430s
DBG getmany L18 nw=12 wall=0.621s thr(out)1 thr(in)16 conc_peak=12 pread=7.561s [reader]
DBG getmany L14 nw=9 wall=0.614s thr(out)1 thr(in)16 conc_peak=9 pread=11.024s
DBG getmany L19 nw=10 wall=0.193s thr(out)1 thr(in)16 conc_peak=10 pread=0.934s [reader]
DBG getmany L15 nw=9 wall=0.728s thr(out)1 thr(in)16 conc_peak=9 pread=5.788s
DBG getmany L20 nw=11 wall=0.300s thr(out)1 thr(in)16 conc_peak=11 pread=2.016s [reader]
DBG getmany L16 nw=7 wall=0.666s thr(out)1 thr(in)16 conc_peak=7 pread=5.431s
DBG getmany L21 nw=13 wall=0.277s thr(out)1 thr(in)16 conc_peak=13 pread=1.684s [reader]
DBG getmany L17 nw=7 wall=0.692s thr(out)1 thr(in)16 conc_peak=7 pread=5.282s
DBG getmany L22 nw=14 wall=0.605s thr(out)1 thr(in)16 conc_peak=14 pread=4.785s [reader]
DBG getmany L18 nw=5 wall=0.520s thr(out)1 thr(in)16 conc_peak=5 pread=5.743s
DBG getmany L23 nw=11 wall=0.259s thr(out)1 thr(in)16 conc_peak=11 pread=1.317s [reader]
DBG getmany L19 nw=6 wall=0.562s thr(out)1 thr(in)16 conc_peak=6 pread=3.968s
DBG getmany L24 nw=11 wall=0.260s thr(out)1 thr(in)16 conc_peak=11 pread=1.660s [reader]
DBG getmany L20 nw=6 wall=0.642s thr(out)1 thr(in)16 conc_peak=6 pread=4.356s
DBG getmany L25 nw=14 wall=0.885s thr(out)1 thr(in)16 conc_peak=14 pread=10.836s [reader]
DBG getmany L21 nw=11 wall=0.810s thr(out)1 thr(in)16 conc_peak=11 pread=11.571s
DBG getmany L26 nw=11 wall=0.583s thr(out)1 thr(in)16 conc_peak=11 pread=5.715s [reader]
DBG getmany L22 nw=7 wall=0.539s thr(out)1 thr(in)16 conc_peak=7 pread=7.772s
DBG getmany L27 nw=14 wall=0.411s thr(out)1 thr(in)16 conc_peak=14 pread=3.234s [reader]
DBG getmany L23 nw=6 wall=0.700s thr(out)1 thr(in)16 conc_peak=6 pread=5.745s
DBG getmany L28 nw=11 wall=0.442s thr(out)1 thr(in)16 conc_peak=11 pread=3.315s [reader]
DBG getmany L24 nw=11 wall=0.825s thr(out)1 thr(in)16 conc_peak=11 pread=8.646s
DBG getmany L29 nw=12 wall=0.347s thr(out)1 thr(in)16 conc_peak=12 pread=2.797s [reader]
DBG getmany L25 nw=12 wall=0.816s thr(out)1 thr(in)16 conc_peak=12 pread=9.310s
DBG getmany L30 nw=15 wall=0.302s thr(out)1 thr(in)16 conc_peak=15 pread=2.606s [reader]
DBG getmany L26 nw=9 wall=0.561s thr(out)1 thr(in)16 conc_peak=9 pread=5.503s
DBG getmany L31 nw=12 wall=0.267s thr(out)1 thr(in)16 conc_peak=12 pread=1.517s [reader]
DBG getmany L27 nw=14 wall=0.790s thr(out)1 thr(in)16 conc_peak=14 pread=10.085s
DBG getmany L32 nw=11 wall=0.871s thr(out)1 thr(in)16 conc_peak=11 pread=9.997s [reader]
DBG getmany L28 nw=15 wall=0.746s thr(out)1 thr(in)16 conc_peak=15 pread=12.303s
DBG getmany L33 nw=11 wall=0.772s thr(out)1 thr(in)16 conc_peak=11 pread=5.599s [reader]
DBG getmany L29 nw=10 wall=0.724s thr(out)1 thr(in)16 conc_peak=10 pread=9.335s
DBG getmany L34 nw=13 wall=0.373s thr(out)1 thr(in)16 conc_peak=13 pread=2.750s [reader]
DBG getmany L30 nw=10 wall=0.637s thr(out)1 thr(in)16 conc_peak=10 pread=7.160s
DBG getmany L35 nw=13 wall=0.290s thr(out)1 thr(in)16 conc_peak=13 pread=1.897s [reader]
DBG getmany L31 nw=14 wall=0.810s thr(out)1 thr(in)16 conc_peak=14 pread=9.862s
DBG getmany L36 nw=11 wall=0.387s thr(out)1 thr(in)16 conc_peak=11 pread=2.393s [reader]
DBG getmany L32 nw=9 wall=0.684s thr(out)1 thr(in)16 conc_peak=9 pread=5.543s
DBG getmany L37 nw=13 wall=0.386s thr(out)1 thr(in)16 conc_peak=13 pread=2.728s [reader]
DBG getmany L33 nw=9 wall=0.838s thr(out)1 thr(in)16 conc_peak=9 pread=8.068s
DBG getmany L38 nw=13 wall=0.523s thr(out)1 thr(in)16 conc_peak=13 pread=2.798s [reader]
DBG getmany L34 nw=15 wall=0.699s thr(out)1 thr(in)16 conc_peak=15 pread=10.332s
DBG getmany L39 nw=13 wall=0.653s thr(out)1 thr(in)16 conc_peak=13 pread=4.114s [reader]
DBG getmany L35 nw=14 wall=0.813s thr(out)1 thr(in)16 conc_peak=14 pread=13.631s
DBG getmany L40 nw=14 wall=0.386s thr(out)1 thr(in)16 conc_peak=14 pread=2.610s [reader]
DBG getmany L36 nw=13 wall=0.868s thr(out)1 thr(in)16 conc_peak=13 pread=9.388s
DBG getmany L41 nw=14 wall=0.447s thr(out)1 thr(in)16 conc_peak=14 pread=4.028s [reader]
DBG getmany L37 nw=15 wall=0.885s thr(out)1 thr(in)16 conc_peak=15 pread=12.156s
DBG getmany L42 nw=14 wall=0.627s thr(out)1 thr(in)16 conc_peak=14 pread=4.437s [reader]
DBG getmany L38 nw=14 wall=0.659s thr(out)1 thr(in)16 conc_peak=14 pread=10.286s
DBG getmany L43 nw=15 wall=0.694s thr(out)1 thr(in)16 conc_peak=15 pread=7.793s [reader]
DBG getmany L39 nw=14 wall=0.909s thr(out)1 thr(in)16 conc_peak=14 pread=14.300s
DBG getmany L44 nw=14 wall=0.931s thr(out)1 thr(in)16 conc_peak=14 pread=14.580s [reader]
DBG getmany L40 nw=15 wall=0.876s thr(out)1 thr(in)16 conc_peak=15 pread=18.660s
DBG getmany L45 nw=15 wall=0.510s thr(out)1 thr(in)16 conc_peak=15 pread=3.408s [reader]
DBG getmany L41 nw=14 wall=0.856s thr(out)1 thr(in)16 conc_peak=14 pread=12.244s
DBG getmany L46 nw=13 wall=0.689s thr(out)1 thr(in)16 conc_peak=13 pread=9.009s [reader]
DBG getmany L42 nw=14 wall=0.640s thr(out)1 thr(in)16 conc_peak=14 pread=13.208s
DBG getmany L47 nw=14 wall=0.383s thr(out)1 thr(in)16 conc_peak=14 pread=2.297s [reader]
DBG getmany L43 nw=16 wall=0.925s thr(out)1 thr(in)16 conc_peak=16 pread=13.575s
DBG getmany L48 nw=14 wall=3.154s thr(out)1 thr(in)16 conc_peak=14 pread=27.609s [reader]
DBG getmany L44 nw=16 wall=3.993s thr(out)1 thr(in)16 conc_peak=16 pread=35.185s
DBG getmany L49 nw=15 wall=6.788s thr(out)1 thr(in)16 conc_peak=15 pread=130.496s [reader]
DBG getmany L45 nw=15 wall=6.877s thr(out)1 thr(in)16 conc_peak=15 pread=170.727s
DBG getmany L50 nw=15 wall=0.650s thr(out)1 thr(in)16 conc_peak=15 pread=6.153s [reader]
DBG getmany L46 nw=14 wall=0.686s thr(out)1 thr(in)16 conc_peak=14 pread=8.707s
DBG getmany L51 nw=12 wall=0.665s thr(out)1 thr(in)16 conc_peak=12 pread=4.454s [reader]
DBG getmany L47 nw=14 wall=0.840s thr(out)1 thr(in)16 conc_peak=14 pread=13.652s
DBG getmany L52 nw=12 wall=0.426s thr(out)1 thr(in)16 conc_peak=12 pread=3.557s [reader]
DBG getmany L48 nw=15 wall=0.813s thr(out)1 thr(in)16 conc_peak=15 pread=12.664s
DBG getmany L53 nw=14 wall=0.766s thr(out)1 thr(in)16 conc_peak=14 pread=8.324s [reader]
DBG getmany L49 nw=15 wall=0.824s thr(out)1 thr(in)16 conc_peak=15 pread=16.265s
DBG getmany L50 nw=15 wall=0.600s thr(out)1 thr(in)16 conc_peak=15 pread=11.057s
DBG getmany L54 nw=14 wall=0.750s thr(out)1 thr(in)16 conc_peak=14 pread=11.925s [reader]
DBG getmany L55 nw=12 wall=0.275s thr(out)1 thr(in)16 conc_peak=12 pread=1.404s [reader]
DBG getmany L51 nw=14 wall=0.769s thr(out)1 thr(in)16 conc_peak=14 pread=10.452s
DBG getmany L56 nw=8 wall=0.440s thr(out)1 thr(in)16 conc_peak=8 pread=1.856s [reader]
DBG getmany L52 nw=13 wall=0.728s thr(out)1 thr(in)16 conc_peak=13 pread=9.709s
DBG getmany L57 nw=14 wall=0.415s thr(out)1 thr(in)16 conc_peak=14 pread=3.442s [reader]
DBG getmany L53 nw=14 wall=0.826s thr(out)1 thr(in)16 conc_peak=14 pread=10.177s
DBG getmany L58 nw=11 wall=0.346s thr(out)1 thr(in)16 conc_peak=11 pread=2.385s [reader]
DBG getmany L54 nw=15 wall=0.633s thr(out)1 thr(in)16 conc_peak=15 pread=8.232s
DBG getmany L59 nw=10 wall=0.481s thr(out)1 thr(in)16 conc_peak=10 pread=2.272s [reader]
DBG getmany L55 nw=13 wall=0.801s thr(out)1 thr(in)16 conc_peak=13 pread=10.999s
DBG getmany L60 nw=13 wall=0.950s thr(out)1 thr(in)16 conc_peak=13 pread=14.495s [reader]
DBG getmany L56 nw=15 wall=0.820s thr(out)1 thr(in)16 conc_peak=15 pread=16.083s
DBG getmany L61 nw=15 wall=0.667s thr(out)1 thr(in)16 conc_peak=15 pread=6.263s [reader]
DBG getmany L57 nw=16 wall=0.901s thr(out)1 thr(in)16 conc_peak=16 pread=18.207s
DBG getmany L62 nw=11 wall=0.332s thr(out)1 thr(in)16 conc_peak=11 pread=1.871s [reader]
DBG getmany L58 nw=13 wall=0.621s thr(out)1 thr(in)16 conc_peak=13 pread=8.343s
DBG getmany L63 nw=12 wall=0.261s thr(out)1 thr(in)16 conc_peak=12 pread=1.618s [reader]
DBG getmany L59 nw=13 wall=0.825s thr(out)1 thr(in)16 conc_peak=13 pread=10.086s
DBG getmany L64 nw=13 wall=0.513s thr(out)1 thr(in)16 conc_peak=13 pread=3.462s [reader]
DBG getmany L60 nw=15 wall=0.867s thr(out)1 thr(in)16 conc_peak=15 pread=12.603s
DBG getmany L65 nw=10 wall=0.883s thr(out)1 thr(in)16 conc_peak=10 pread=12.282s [reader]
DBG getmany L61 nw=15 wall=0.822s thr(out)1 thr(in)16 conc_peak=15 pread=14.571s
DBG getmany L66 nw=13 wall=0.698s thr(out)1 thr(in)16 conc_peak=13 pread=11.095s [reader]
DBG getmany L62 nw=12 wall=0.625s thr(out)1 thr(in)16 conc_peak=12 pread=11.536s
DBG getmany L67 nw=13 wall=0.215s thr(out)1 thr(in)16 conc_peak=13 pread=1.510s [reader]
DBG getmany L63 nw=13 wall=0.862s thr(out)1 thr(in)16 conc_peak=13 pread=6.497s
DBG getmany L68 nw=11 wall=0.669s thr(out)1 thr(in)16 conc_peak=11 pread=6.978s [reader]
DBG getmany L64 nw=14 wall=0.791s thr(out)1 thr(in)16 conc_peak=14 pread=10.490s
DBG getmany L69 nw=11 wall=0.432s thr(out)1 thr(in)16 conc_peak=11 pread=1.485s [reader]
DBG getmany L65 nw=12 wall=0.746s thr(out)1 thr(in)16 conc_peak=12 pread=8.557s
DBG getmany L70 nw=11 wall=0.196s thr(out)1 thr(in)16 conc_peak=11 pread=1.162s [reader]
DBG getmany L66 nw=14 wall=0.607s thr(out)1 thr(in)16 conc_peak=14 pread=7.576s
DBG getmany L71 nw=10 wall=0.509s thr(out)1 thr(in)16 conc_peak=10 pread=3.392s [reader]
DBG getmany L67 nw=14 wall=0.842s thr(out)1 thr(in)16 conc_peak=14 pread=11.159s
DBG getmany L72 nw=15 wall=0.681s thr(out)1 thr(in)16 conc_peak=15 pread=7.622s [reader]
DBG getmany L68 nw=13 wall=0.878s thr(out)1 thr(in)16 conc_peak=13 pread=12.352s
DBG getmany L73 nw=16 wall=0.817s thr(out)1 thr(in)16 conc_peak=16 pread=7.681s [reader]
DBG getmany L69 nw=13 wall=0.946s thr(out)1 thr(in)16 conc_peak=13 pread=13.798s
DBG getmany L74 nw=16 wall=0.644s thr(out)1 thr(in)16 conc_peak=16 pread=8.870s [reader]
DBG getmany L70 nw=12 wall=0.665s thr(out)1 thr(in)16 conc_peak=12 pread=14.191s
DBG getmany L75 nw=16 wall=0.779s thr(out)1 thr(in)16 conc_peak=16 pread=9.896s [reader]
DBG getmany L71 nw=14 wall=0.915s thr(out)1 thr(in)16 conc_peak=14 pread=16.475s
DBG getmany L76 nw=16 wall=0.972s thr(out)1 thr(in)16 conc_peak=16 pread=14.218s [reader]
DBG getmany L72 nw=15 wall=0.922s thr(out)1 thr(in)16 conc_peak=15 pread=18.520s
DBG getmany L77 nw=13 wall=0.459s thr(out)1 thr(in)16 conc_peak=13 pread=2.717s [reader]
DBG getmany L73 nw=16 wall=0.872s thr(out)1 thr(in)16 conc_peak=16 pread=12.657s
DBG getmany L78 nw=14 wall=0.677s thr(out)1 thr(in)16 conc_peak=14 pread=9.659s [reader]
DBG getmany L74 nw=16 wall=0.706s thr(out)1 thr(in)16 conc_peak=16 pread=16.782s
DBG getmany L79 nw=14 wall=0.874s thr(out)1 thr(in)16 conc_peak=14 pread=13.528s [reader]
DBG getmany L75 nw=16 wall=0.904s thr(out)1 thr(in)16 conc_peak=16 pread=20.442s
DBG getmany L80 nw=16 wall=0.929s thr(out)1 thr(in)16 conc_peak=16 pread=11.866s [reader]
DBG getmany L76 nw=16 wall=0.881s thr(out)1 thr(in)16 conc_peak=16 pread=16.872s
DBG getmany L81 nw=13 wall=0.399s thr(out)1 thr(in)16 conc_peak=13 pread=2.053s [reader]
DBG getmany L77 nw=13 wall=0.807s thr(out)1 thr(in)16 conc_peak=13 pread=9.907s
DBG getmany L82 nw=12 wall=0.595s thr(out)1 thr(in)16 conc_peak=12 pread=4.236s [reader]
DBG getmany L78 nw=14 wall=0.643s thr(out)1 thr(in)16 conc_peak=14 pread=10.394s
DBG getmany L83 nw=12 wall=0.296s thr(out)1 thr(in)16 conc_peak=12 pread=1.714s [reader]
DBG getmany L79 nw=14 wall=0.726s thr(out)1 thr(in)16 conc_peak=14 pread=10.048s
DBG getmany L84 nw=10 wall=0.331s thr(out)1 thr(in)16 conc_peak=10 pread=1.862s [reader]
DBG getmany L80 nw=16 wall=0.807s thr(out)1 thr(in)16 conc_peak=16 pread=11.794s
DBG getmany L85 nw=9 wall=0.886s thr(out)1 thr(in)16 conc_peak=9 pread=9.809s [reader]
DBG getmany L81 nw=14 wall=0.780s thr(out)1 thr(in)16 conc_peak=14 pread=11.018s
DBG getmany L82 nw=15 wall=0.598s thr(out)1 thr(in)16 conc_peak=15 pread=8.874s
DBG getmany L86 nw=12 wall=0.754s thr(out)1 thr(in)16 conc_peak=12 pread=11.350s [reader]
DBG getmany L87 nw=11 wall=0.681s thr(out)1 thr(in)16 conc_peak=11 pread=3.424s [reader]
DBG getmany L83 nw=13 wall=0.820s thr(out)1 thr(in)16 conc_peak=13 pread=11.587s
DBG getmany L88 nw=11 wall=0.385s thr(out)1 thr(in)16 conc_peak=11 pread=2.354s [reader]
DBG getmany L84 nw=10 wall=0.751s thr(out)1 thr(in)16 conc_peak=10 pread=7.315s
DBG getmany L89 nw=12 wall=0.387s thr(out)1 thr(in)16 conc_peak=12 pread=1.583s [reader]
DBG getmany L85 nw=13 wall=0.770s thr(out)1 thr(in)16 conc_peak=13 pread=9.994s
DBG getmany L90 nw=12 wall=0.702s thr(out)1 thr(in)16 conc_peak=12 pread=7.846s [reader]
DBG getmany L86 nw=14 wall=0.581s thr(out)1 thr(in)16 conc_peak=14 pread=9.710s
DBG getmany L91 nw=12 wall=0.458s thr(out)1 thr(in)16 conc_peak=12 pread=3.216s [reader]
DBG getmany L87 nw=13 wall=0.714s thr(out)1 thr(in)16 conc_peak=13 pread=8.788s
DBG getmany L92 nw=12 wall=0.449s thr(out)1 thr(in)16 conc_peak=12 pread=3.529s [reader]
DBG getmany L88 nw=12 wall=0.840s thr(out)1 thr(in)16 conc_peak=12 pread=9.493s
DBG getmany L89 nw=14 wall=0.694s thr(out)1 thr(in)16 conc_peak=14 pread=7.806s
DBG getmany L90 nw=13 wall=0.439s thr(out)1 thr(in)16 conc_peak=13 pread=4.857s
DBG getmany L91 nw=12 wall=0.443s thr(out)1 thr(in)16 conc_peak=12 pread=4.575s
DBG getmany L92 nw=13 wall=0.180s thr(out)1 thr(in)16 conc_peak=13 pread=1.323s
3      12         100.08       99.8       39.55      0.010
  L2   resident=6778/14589 slots hit=100.0% read=153.40GB write=0.00GB
DBG getmany L4 nw=6 wall=0.591s thr(out)1 thr(in)16 conc_peak=6 pread=2.342s [reader]
DBG getmany L5 nw=9 wall=0.282s thr(out)1 thr(in)16 conc_peak=9 pread=1.442s [reader]
DBG getmany L1 nw=15 wall=0.738s thr(out)1 thr(in)16 conc_peak=15 pread=11.046s
DBG getmany L6 nw=16 wall=0.723s thr(out)1 thr(in)16 conc_peak=16 pread=10.472s [reader]
DBG getmany L2 nw=14 wall=0.680s thr(out)1 thr(in)16 conc_peak=14 pread=14.952s
DBG getmany L7 nw=15 wall=0.773s thr(out)1 thr(in)16 conc_peak=15 pread=8.686s [reader]
DBG getmany L3 nw=13 wall=0.885s thr(out)1 thr(in)16 conc_peak=13 pread=14.253s
DBG getmany L8 nw=16 wall=0.471s thr(out)1 thr(in)16 conc_peak=16 pread=3.435s [reader]
DBG getmany L4 nw=13 wall=0.837s thr(out)1 thr(in)16 conc_peak=13 pread=10.488s
DBG getmany L9 nw=12 wall=0.473s thr(out)1 thr(in)16 conc_peak=12 pread=2.564s [reader]
DBG getmany L5 nw=16 wall=0.794s thr(out)1 thr(in)16 conc_peak=16 pread=12.256s
DBG getmany L10 nw=10 wall=0.606s thr(out)1 thr(in)16 conc_peak=10 pread=5.319s [reader]
DBG getmany L6 nw=16 wall=0.579s thr(out)1 thr(in)16 conc_peak=16 pread=10.063s
DBG getmany L11 nw=13 wall=0.894s thr(out)1 thr(in)16 conc_peak=13 pread=13.731s [reader]
DBG getmany L7 nw=15 wall=0.863s thr(out)1 thr(in)16 conc_peak=15 pread=15.191s
DBG getmany L12 nw=14 wall=0.926s thr(out)1 thr(in)16 conc_peak=14 pread=8.062s [reader]
DBG getmany L8 nw=15 wall=0.861s thr(out)1 thr(in)16 conc_peak=15 pread=12.038s
DBG getmany L13 nw=13 wall=0.858s thr(out)1 thr(in)16 conc_peak=13 pread=6.381s [reader]
DBG getmany L9 nw=11 wall=0.765s thr(out)1 thr(in)16 conc_peak=11 pread=9.064s
DBG getmany L14 nw=13 wall=0.339s thr(out)1 thr(in)16 conc_peak=13 pread=2.799s [reader]
DBG getmany L10 nw=13 wall=0.617s thr(out)1 thr(in)16 conc_peak=13 pread=7.454s
DBG getmany L15 nw=14 wall=0.346s thr(out)1 thr(in)16 conc_peak=14 pread=2.376s [reader]
DBG getmany L11 nw=10 wall=0.831s thr(out)1 thr(in)16 conc_peak=10 pread=8.275s
DBG getmany L16 nw=12 wall=0.284s thr(out)1 thr(in)16 conc_peak=12 pread=2.048s [reader]
DBG getmany L12 nw=13 wall=0.811s thr(out)1 thr(in)16 conc_peak=13 pread=9.529s
DBG getmany L17 nw=14 wall=0.900s thr(out)1 thr(in)16 conc_peak=14 pread=8.638s [reader]
DBG getmany L13 nw=13 wall=0.783s thr(out)1 thr(in)16 conc_peak=13 pread=10.492s
DBG getmany L18 nw=13 wall=0.682s thr(out)1 thr(in)16 conc_peak=13 pread=9.646s [reader]
DBG getmany L14 nw=14 wall=0.660s thr(out)1 thr(in)16 conc_peak=14 pread=12.715s
DBG getmany L19 nw=13 wall=0.475s thr(out)1 thr(in)16 conc_peak=13 pread=2.643s [reader]
DBG getmany L15 nw=11 wall=0.721s thr(out)1 thr(in)16 conc_peak=11 pread=8.412s
DBG getmany L20 nw=12 wall=0.389s thr(out)1 thr(in)16 conc_peak=12 pread=1.810s [reader]
DBG getmany L16 nw=11 wall=0.735s thr(out)1 thr(in)16 conc_peak=11 pread=8.632s
DBG getmany L21 nw=15 wall=0.859s thr(out)1 thr(in)16 conc_peak=15 pread=13.007s [reader]
DBG getmany L17 nw=12 wall=0.794s thr(out)1 thr(in)16 conc_peak=12 pread=15.355s
DBG getmany L22 nw=15 wall=0.729s thr(out)1 thr(in)16 conc_peak=15 pread=11.040s [reader]
DBG getmany L18 nw=13 wall=0.623s thr(out)1 thr(in)16 conc_peak=13 pread=12.205s
DBG getmany L23 nw=12 wall=0.477s thr(out)1 thr(in)16 conc_peak=12 pread=2.783s [reader]
DBG getmany L19 nw=10 wall=0.750s thr(out)1 thr(in)16 conc_peak=10 pread=7.316s
DBG getmany L24 nw=13 wall=0.516s thr(out)1 thr(in)16 conc_peak=13 pread=2.273s [reader]
DBG getmany L20 nw=12 wall=0.761s thr(out)1 thr(in)16 conc_peak=12 pread=10.027s
DBG getmany L25 nw=16 wall=0.496s thr(out)1 thr(in)16 conc_peak=16 pread=3.577s [reader]
DBG getmany L21 nw=13 wall=0.836s thr(out)1 thr(in)16 conc_peak=13 pread=11.672s
DBG getmany L26 nw=14 wall=0.473s thr(out)1 thr(in)16 conc_peak=14 pread=3.145s [reader]
DBG getmany L22 nw=11 wall=0.654s thr(out)1 thr(in)16 conc_peak=11 pread=6.930s
DBG getmany L27 nw=16 wall=0.602s thr(out)1 thr(in)16 conc_peak=16 pread=3.757s [reader]
DBG getmany L23 nw=11 wall=0.807s thr(out)1 thr(in)16 conc_peak=11 pread=10.028s
DBG getmany L28 nw=15 wall=0.898s thr(out)1 thr(in)16 conc_peak=15 pread=10.924s [reader]
DBG getmany L24 nw=11 wall=0.847s thr(out)1 thr(in)16 conc_peak=11 pread=11.367s
DBG getmany L29 nw=14 wall=0.349s thr(out)1 thr(in)16 conc_peak=14 pread=3.232s [reader]
DBG getmany L25 nw=15 wall=0.873s thr(out)1 thr(in)16 conc_peak=15 pread=11.977s
DBG getmany L30 nw=15 wall=0.663s thr(out)1 thr(in)16 conc_peak=15 pread=8.672s [reader]
DBG getmany L26 nw=13 wall=0.672s thr(out)1 thr(in)16 conc_peak=13 pread=14.174s
DBG getmany L31 nw=15 wall=0.491s thr(out)1 thr(in)16 conc_peak=15 pread=4.304s [reader]
DBG getmany L27 nw=15 wall=0.854s thr(out)1 thr(in)16 conc_peak=15 pread=14.195s
DBG getmany L28 nw=15 wall=0.780s thr(out)1 thr(in)16 conc_peak=15 pread=13.684s
DBG getmany L32 nw=12 wall=0.898s thr(out)1 thr(in)16 conc_peak=12 pread=15.473s [reader]
DBG getmany L33 nw=13 wall=0.889s thr(out)1 thr(in)16 conc_peak=13 pread=11.086s [reader]
DBG getmany L29 nw=13 wall=0.848s thr(out)1 thr(in)16 conc_peak=13 pread=15.903s
DBG getmany L34 nw=15 wall=0.780s thr(out)1 thr(in)16 conc_peak=15 pread=9.677s [reader]
DBG getmany L30 nw=13 wall=0.645s thr(out)1 thr(in)16 conc_peak=13 pread=9.835s
DBG getmany L35 nw=14 wall=0.601s thr(out)1 thr(in)16 conc_peak=14 pread=4.740s [reader]
DBG getmany L31 nw=14 wall=0.853s thr(out)1 thr(in)16 conc_peak=14 pread=12.062s
DBG getmany L36 nw=14 wall=0.872s thr(out)1 thr(in)16 conc_peak=14 pread=10.169s [reader]
DBG getmany L32 nw=12 wall=0.786s thr(out)1 thr(in)16 conc_peak=12 pread=12.190s
DBG getmany L37 nw=15 wall=1.125s thr(out)1 thr(in)16 conc_peak=15 pread=9.918s [reader]
DBG getmany L33 nw=12 wall=1.081s thr(out)1 thr(in)16 conc_peak=12 pread=15.143s
DBG getmany L38 nw=14 wall=0.777s thr(out)1 thr(in)16 conc_peak=14 pread=13.459s [reader]
DBG getmany L34 nw=15 wall=0.673s thr(out)1 thr(in)16 conc_peak=15 pread=15.290s
DBG getmany L39 nw=14 wall=0.421s thr(out)1 thr(in)16 conc_peak=14 pread=2.584s [reader]
DBG getmany L35 nw=13 wall=0.831s thr(out)1 thr(in)16 conc_peak=13 pread=11.423s
DBG getmany L40 nw=15 wall=0.906s thr(out)1 thr(in)16 conc_peak=15 pread=14.856s [reader]
DBG getmany L36 nw=13 wall=0.896s thr(out)1 thr(in)16 conc_peak=13 pread=20.038s
DBG getmany L41 nw=14 wall=0.671s thr(out)1 thr(in)16 conc_peak=14 pread=5.762s [reader]
DBG getmany L37 nw=13 wall=0.832s thr(out)1 thr(in)16 conc_peak=13 pread=11.321s
DBG getmany L42 nw=14 wall=0.496s thr(out)1 thr(in)16 conc_peak=14 pread=5.975s [reader]
DBG getmany L38 nw=11 wall=0.629s thr(out)1 thr(in)16 conc_peak=11 pread=9.606s
DBG getmany L43 nw=16 wall=0.840s thr(out)1 thr(in)16 conc_peak=16 pread=11.254s [reader]
DBG getmany L39 nw=12 wall=0.885s thr(out)1 thr(in)16 conc_peak=12 pread=12.013s
DBG getmany L44 nw=16 wall=0.747s thr(out)1 thr(in)16 conc_peak=16 pread=4.447s [reader]
DBG getmany L40 nw=12 wall=0.858s thr(out)1 thr(in)16 conc_peak=12 pread=10.978s
DBG getmany L45 nw=15 wall=0.381s thr(out)1 thr(in)16 conc_peak=15 pread=2.409s [reader]
DBG getmany L41 nw=11 wall=0.808s thr(out)1 thr(in)16 conc_peak=11 pread=10.399s
DBG getmany L46 nw=14 wall=0.668s thr(out)1 thr(in)16 conc_peak=14 pread=4.886s [reader]
DBG getmany L42 nw=7 wall=0.572s thr(out)1 thr(in)16 conc_peak=7 pread=6.187s
DBG getmany L47 nw=14 wall=0.729s thr(out)1 thr(in)16 conc_peak=14 pread=8.781s [reader]
DBG getmany L43 nw=12 wall=0.877s thr(out)1 thr(in)16 conc_peak=12 pread=14.135s
DBG getmany L48 nw=15 wall=0.872s thr(out)1 thr(in)16 conc_peak=15 pread=10.126s [reader]
DBG getmany L44 nw=13 wall=0.856s thr(out)1 thr(in)16 conc_peak=13 pread=14.523s
DBG getmany L49 nw=15 wall=0.896s thr(out)1 thr(in)16 conc_peak=15 pread=10.213s [reader]
DBG getmany L45 nw=9 wall=0.798s thr(out)1 thr(in)16 conc_peak=9 pread=10.637s
DBG getmany L50 nw=15 wall=0.560s thr(out)1 thr(in)16 conc_peak=15 pread=6.317s [reader]
DBG getmany L46 nw=10 wall=0.638s thr(out)1 thr(in)16 conc_peak=10 pread=8.091s
DBG getmany L51 nw=14 wall=0.454s thr(out)1 thr(in)16 conc_peak=14 pread=3.517s [reader]
DBG getmany L47 nw=11 wall=0.817s thr(out)1 thr(in)16 conc_peak=11 pread=11.270s
DBG getmany L52 nw=13 wall=0.830s thr(out)1 thr(in)16 conc_peak=13 pread=9.950s [reader]
DBG getmany L48 nw=11 wall=0.808s thr(out)1 thr(in)16 conc_peak=11 pread=12.067s
DBG getmany L53 nw=14 wall=0.382s thr(out)1 thr(in)16 conc_peak=14 pread=3.165s [reader]
DBG getmany L49 nw=14 wall=0.852s thr(out)1 thr(in)16 conc_peak=14 pread=12.165s
DBG getmany L54 nw=15 wall=0.718s thr(out)1 thr(in)16 conc_peak=15 pread=5.574s [reader]
DBG getmany L50 nw=12 wall=0.656s thr(out)1 thr(in)16 conc_peak=12 pread=9.571s
DBG getmany L55 nw=13 wall=0.429s thr(out)1 thr(in)16 conc_peak=13 pread=2.393s [reader]
DBG getmany L51 nw=11 wall=0.769s thr(out)1 thr(in)16 conc_peak=11 pread=9.222s
DBG getmany L56 nw=15 wall=0.915s thr(out)1 thr(in)16 conc_peak=15 pread=13.622s [reader]
DBG getmany L52 nw=12 wall=0.800s thr(out)1 thr(in)16 conc_peak=12 pread=14.185s
DBG getmany L57 nw=16 wall=0.891s thr(out)1 thr(in)16 conc_peak=16 pread=13.070s [reader]
DBG getmany L53 nw=11 wall=0.864s thr(out)1 thr(in)16 conc_peak=11 pread=16.354s
DBG getmany L54 nw=12 wall=0.564s thr(out)1 thr(in)16 conc_peak=12 pread=8.178s
DBG getmany L58 nw=13 wall=0.689s thr(out)1 thr(in)16 conc_peak=13 pread=9.016s [reader]
DBG getmany L59 nw=13 wall=0.559s thr(out)1 thr(in)16 conc_peak=13 pread=3.287s [reader]
DBG getmany L55 nw=11 wall=0.820s thr(out)1 thr(in)16 conc_peak=11 pread=10.392s
DBG getmany L60 nw=15 wall=0.493s thr(out)1 thr(in)16 conc_peak=15 pread=3.100s [reader]
DBG getmany L56 nw=12 wall=0.844s thr(out)1 thr(in)16 conc_peak=12 pread=9.923s
DBG getmany L61 nw=15 wall=0.579s thr(out)1 thr(in)16 conc_peak=15 pread=4.949s [reader]
DBG getmany L57 nw=13 wall=0.881s thr(out)1 thr(in)16 conc_peak=13 pread=13.272s
DBG getmany L62 nw=12 wall=0.653s thr(out)1 thr(in)16 conc_peak=12 pread=9.751s [reader]
DBG getmany L58 nw=10 wall=0.586s thr(out)1 thr(in)16 conc_peak=10 pread=10.305s
DBG getmany L63 nw=13 wall=0.325s thr(out)1 thr(in)16 conc_peak=13 pread=2.148s [reader]
DBG getmany L59 nw=10 wall=0.825s thr(out)1 thr(in)16 conc_peak=10 pread=7.982s
DBG getmany L64 nw=14 wall=0.593s thr(out)1 thr(in)16 conc_peak=14 pread=3.268s [reader]
DBG getmany L60 nw=11 wall=0.806s thr(out)1 thr(in)16 conc_peak=11 pread=10.184s
DBG getmany L65 nw=12 wall=0.893s thr(out)1 thr(in)16 conc_peak=12 pread=9.096s [reader]
DBG getmany L61 nw=12 wall=0.796s thr(out)1 thr(in)16 conc_peak=12 pread=11.431s
DBG getmany L66 nw=14 wall=0.336s thr(out)1 thr(in)16 conc_peak=14 pread=2.341s [reader]
DBG getmany L62 nw=10 wall=0.588s thr(out)1 thr(in)16 conc_peak=10 pread=6.643s
DBG getmany L67 nw=14 wall=0.453s thr(out)1 thr(in)16 conc_peak=14 pread=3.439s [reader]
DBG getmany L63 nw=13 wall=0.846s thr(out)1 thr(in)16 conc_peak=13 pread=11.548s
DBG getmany L68 nw=13 wall=0.302s thr(out)1 thr(in)16 conc_peak=13 pread=1.740s [reader]
DBG getmany L64 nw=11 wall=0.766s thr(out)1 thr(in)16 conc_peak=11 pread=8.616s
DBG getmany L69 nw=13 wall=0.288s thr(out)1 thr(in)16 conc_peak=13 pread=1.714s [reader]
DBG getmany L65 nw=12 wall=0.804s thr(out)1 thr(in)16 conc_peak=12 pread=9.309s
DBG getmany L70 nw=12 wall=0.579s thr(out)1 thr(in)16 conc_peak=12 pread=5.949s [reader]
DBG getmany L66 nw=12 wall=0.663s thr(out)1 thr(in)16 conc_peak=12 pread=7.647s
DBG getmany L71 nw=14 wall=0.819s thr(out)1 thr(in)16 conc_peak=14 pread=9.437s [reader]
DBG getmany L67 nw=9 wall=0.832s thr(out)1 thr(in)16 conc_peak=9 pread=12.610s
DBG getmany L72 nw=15 wall=0.489s thr(out)1 thr(in)16 conc_peak=15 pread=3.123s [reader]
DBG getmany L68 nw=12 wall=0.809s thr(out)1 thr(in)16 conc_peak=12 pread=9.276s
DBG getmany L73 nw=16 wall=0.883s thr(out)1 thr(in)16 conc_peak=16 pread=10.122s [reader]
DBG getmany L69 nw=9 wall=0.830s thr(out)1 thr(in)16 conc_peak=9 pread=13.855s
DBG getmany L74 nw=16 wall=0.549s thr(out)1 thr(in)16 conc_peak=16 pread=3.841s [reader]
DBG getmany L70 nw=8 wall=0.606s thr(out)1 thr(in)16 conc_peak=8 pread=6.043s
DBG getmany L75 nw=16 wall=5.035s thr(out)1 thr(in)16 conc_peak=16 pread=33.250s [reader]
DBG getmany L71 nw=12 wall=10.779s thr(out)1 thr(in)16 conc_peak=12 pread=80.562s
DBG getmany L76 nw=16 wall=2.176s thr(out)1 thr(in)16 conc_peak=16 pread=38.120s [reader]
DBG getmany L72 nw=11 wall=2.102s thr(out)1 thr(in)16 conc_peak=11 pread=44.397s
DBG getmany L77 nw=13 wall=0.672s thr(out)1 thr(in)16 conc_peak=13 pread=7.096s [reader]
DBG getmany L73 nw=11 wall=0.748s thr(out)1 thr(in)16 conc_peak=11 pread=9.559s
DBG getmany L78 nw=14 wall=0.596s thr(out)1 thr(in)16 conc_peak=14 pread=6.715s [reader]
DBG getmany L74 nw=9 wall=0.582s thr(out)1 thr(in)16 conc_peak=9 pread=8.299s
DBG getmany L79 nw=14 wall=0.279s thr(out)1 thr(in)16 conc_peak=14 pread=2.304s [reader]
DBG getmany L75 nw=7 wall=0.761s thr(out)1 thr(in)16 conc_peak=7 pread=5.344s
DBG getmany L80 nw=16 wall=0.915s thr(out)1 thr(in)16 conc_peak=16 pread=15.378s [reader]
DBG getmany L76 nw=11 wall=0.822s thr(out)1 thr(in)16 conc_peak=11 pread=16.200s
DBG getmany L81 nw=14 wall=11.913s thr(out)1 thr(in)16 conc_peak=14 pread=165.344s [reader]
DBG getmany L77 nw=8 wall=11.828s thr(out)1 thr(in)16 conc_peak=8 pread=177.172s
DBG getmany L82 nw=15 wall=0.664s thr(out)1 thr(in)16 conc_peak=15 pread=5.359s [reader]
DBG getmany L78 nw=9 wall=0.676s thr(out)1 thr(in)16 conc_peak=9 pread=8.396s
DBG getmany L83 nw=13 wall=0.271s thr(out)1 thr(in)16 conc_peak=13 pread=1.663s [reader]
DBG getmany L79 nw=8 wall=0.726s thr(out)1 thr(in)16 conc_peak=8 pread=6.750s
DBG getmany L84 nw=10 wall=0.398s thr(out)1 thr(in)16 conc_peak=10 pread=2.355s [reader]
DBG getmany L80 nw=11 wall=0.750s thr(out)1 thr(in)16 conc_peak=11 pread=8.207s
DBG getmany L85 nw=13 wall=0.313s thr(out)1 thr(in)16 conc_peak=13 pread=1.627s [reader]
DBG getmany L81 nw=13 wall=0.823s thr(out)1 thr(in)16 conc_peak=13 pread=9.483s
DBG getmany L86 nw=14 wall=0.689s thr(out)1 thr(in)16 conc_peak=14 pread=6.062s [reader]
DBG getmany L82 nw=12 wall=0.625s thr(out)1 thr(in)16 conc_peak=12 pread=8.107s
DBG getmany L87 nw=13 wall=0.279s thr(out)1 thr(in)16 conc_peak=13 pread=1.846s [reader]
DBG getmany L83 nw=12 wall=0.821s thr(out)1 thr(in)16 conc_peak=12 pread=9.355s
DBG getmany L88 nw=11 wall=0.187s thr(out)1 thr(in)16 conc_peak=11 pread=1.068s [reader]
DBG getmany L84 nw=10 wall=0.735s thr(out)1 thr(in)16 conc_peak=10 pread=6.577s
DBG getmany L89 nw=14 wall=0.498s thr(out)1 thr(in)16 conc_peak=14 pread=4.036s [reader]
DBG getmany L85 nw=12 wall=0.763s thr(out)1 thr(in)16 conc_peak=12 pread=9.875s
DBG getmany L90 nw=13 wall=0.596s thr(out)1 thr(in)16 conc_peak=13 pread=5.287s [reader]
DBG getmany L86 nw=13 wall=0.648s thr(out)1 thr(in)16 conc_peak=13 pread=10.938s
DBG getmany L91 nw=12 wall=0.308s thr(out)1 thr(in)16 conc_peak=12 pread=1.454s [reader]
DBG getmany L87 nw=8 wall=0.698s thr(out)1 thr(in)16 conc_peak=8 pread=6.373s
DBG getmany L92 nw=13 wall=0.641s thr(out)1 thr(in)16 conc_peak=13 pread=5.174s [reader]
DBG getmany L88 nw=11 wall=0.727s thr(out)1 thr(in)16 conc_peak=11 pread=7.418s
DBG getmany L89 nw=9 wall=0.614s thr(out)1 thr(in)16 conc_peak=9 pread=5.107s
DBG getmany L90 nw=9 wall=0.410s thr(out)1 thr(in)16 conc_peak=9 pread=2.891s
DBG getmany L91 nw=9 wall=0.434s thr(out)1 thr(in)16 conc_peak=9 pread=3.220s
DBG getmany L92 nw=14 wall=0.224s thr(out)1 thr(in)16 conc_peak=14 pread=1.774s
4      2975       114.06       100.0      40.43      0.009
  L2   resident=6778/14589 slots hit=100.0% read=193.83GB write=0.00GB
DBG getmany L4 nw=10 wall=0.439s thr(out)1 thr(in)16 conc_peak=10 pread=1.444s [reader]
DBG getmany L5 nw=11 wall=0.593s thr(out)1 thr(in)16 conc_peak=11 pread=4.790s [reader]
DBG getmany L1 nw=13 wall=0.707s thr(out)1 thr(in)16 conc_peak=13 pread=10.238s
DBG getmany L6 nw=16 wall=0.632s thr(out)1 thr(in)16 conc_peak=16 pread=8.915s [reader]
DBG getmany L2 nw=12 wall=0.675s thr(out)1 thr(in)16 conc_peak=12 pread=15.717s
DBG getmany L7 nw=15 wall=0.761s thr(out)1 thr(in)16 conc_peak=15 pread=9.265s [reader]
DBG getmany L3 nw=11 wall=0.801s thr(out)1 thr(in)16 conc_peak=11 pread=13.802s
DBG getmany L8 nw=15 wall=0.619s thr(out)1 thr(in)16 conc_peak=15 pread=5.624s [reader]
DBG getmany L4 nw=13 wall=0.827s thr(out)1 thr(in)16 conc_peak=13 pread=10.943s
DBG getmany L9 nw=11 wall=0.794s thr(out)1 thr(in)16 conc_peak=11 pread=7.339s [reader]
DBG getmany L5 nw=10 wall=0.741s thr(out)1 thr(in)16 conc_peak=10 pread=10.143s
DBG getmany L10 nw=12 wall=0.328s thr(out)1 thr(in)16 conc_peak=12 pread=2.488s [reader]
DBG getmany L6 nw=15 wall=0.607s thr(out)1 thr(in)16 conc_peak=15 pread=7.473s
DBG getmany L11 nw=10 wall=0.650s thr(out)1 thr(in)16 conc_peak=10 pread=3.788s [reader]
DBG getmany L7 nw=12 wall=0.790s thr(out)1 thr(in)16 conc_peak=12 pread=10.989s
DBG getmany L12 nw=13 wall=7.660s thr(out)1 thr(in)16 conc_peak=13 pread=62.286s [reader]
DBG getmany L8 nw=13 wall=10.010s thr(out)1 thr(in)16 conc_peak=13 pread=166.728s
DBG getmany L13 nw=13 wall=0.584s thr(out)1 thr(in)16 conc_peak=13 pread=3.656s [reader]
DBG getmany L9 nw=12 wall=0.798s thr(out)1 thr(in)16 conc_peak=12 pread=11.113s
DBG getmany L14 nw=13 wall=0.503s thr(out)1 thr(in)16 conc_peak=13 pread=2.353s [reader]
DBG getmany L10 nw=9 wall=0.577s thr(out)1 thr(in)16 conc_peak=9 pread=6.640s
DBG getmany L15 nw=10 wall=0.817s thr(out)1 thr(in)16 conc_peak=10 pread=6.680s [reader]
DBG getmany L11 nw=10 wall=0.821s thr(out)1 thr(in)16 conc_peak=10 pread=11.298s
DBG getmany L16 nw=11 wall=0.824s thr(out)1 thr(in)16 conc_peak=11 pread=11.004s [reader]
DBG getmany L12 nw=10 wall=0.771s thr(out)1 thr(in)16 conc_peak=10 pread=11.737s
DBG getmany L13 nw=11 wall=0.724s thr(out)1 thr(in)16 conc_peak=11 pread=9.222s
DBG getmany L17 nw=12 wall=0.879s thr(out)1 thr(in)16 conc_peak=12 pread=13.549s [reader]
DBG getmany L18 nw=13 wall=0.725s thr(out)1 thr(in)16 conc_peak=13 pread=9.841s [reader]
DBG getmany L14 nw=14 wall=0.662s thr(out)1 thr(in)16 conc_peak=14 pread=10.502s
DBG getmany L19 nw=10 wall=0.186s thr(out)1 thr(in)16 conc_peak=10 pread=0.949s [reader]
DBG getmany L15 nw=12 wall=0.778s thr(out)1 thr(in)16 conc_peak=12 pread=9.055s
DBG getmany L20 nw=12 wall=0.361s thr(out)1 thr(in)16 conc_peak=12 pread=1.773s [reader]
DBG getmany L16 nw=11 wall=0.675s thr(out)1 thr(in)16 conc_peak=11 pread=6.731s
DBG getmany L21 nw=13 wall=0.783s thr(out)1 thr(in)16 conc_peak=13 pread=6.358s [reader]
DBG getmany L17 nw=14 wall=0.750s thr(out)1 thr(in)16 conc_peak=14 pread=11.565s
DBG getmany L22 nw=10 wall=0.273s thr(out)1 thr(in)16 conc_peak=10 pread=1.130s [reader]
DBG getmany L18 nw=11 wall=0.530s thr(out)1 thr(in)16 conc_peak=11 pread=4.567s
DBG getmany L23 nw=11 wall=0.302s thr(out)1 thr(in)16 conc_peak=11 pread=1.458s [reader]
DBG getmany L19 nw=13 wall=0.798s thr(out)1 thr(in)16 conc_peak=13 pread=9.101s
DBG getmany L24 nw=10 wall=0.355s thr(out)1 thr(in)16 conc_peak=10 pread=1.135s [reader]
DBG getmany L20 nw=8 wall=0.649s thr(out)1 thr(in)16 conc_peak=8 pread=5.466s
DBG getmany L25 nw=15 wall=0.794s thr(out)1 thr(in)16 conc_peak=15 pread=6.783s [reader]
DBG getmany L21 nw=12 wall=0.835s thr(out)1 thr(in)16 conc_peak=12 pread=11.728s
DBG getmany L26 nw=12 wall=0.688s thr(out)1 thr(in)16 conc_peak=12 pread=6.843s [reader]
DBG getmany L22 nw=13 wall=0.630s thr(out)1 thr(in)16 conc_peak=13 pread=9.293s
DBG getmany L27 nw=14 wall=0.359s thr(out)1 thr(in)16 conc_peak=14 pread=2.382s [reader]
DBG getmany L23 nw=13 wall=0.842s thr(out)1 thr(in)16 conc_peak=13 pread=10.489s
DBG getmany L28 nw=15 wall=0.984s thr(out)1 thr(in)16 conc_peak=15 pread=12.393s [reader]
DBG getmany L24 nw=14 wall=0.889s thr(out)1 thr(in)16 conc_peak=14 pread=16.312s
DBG getmany L29 nw=13 wall=0.495s thr(out)1 thr(in)16 conc_peak=13 pread=2.572s [reader]
DBG getmany L25 nw=14 wall=0.837s thr(out)1 thr(in)16 conc_peak=14 pread=10.423s
DBG getmany L30 nw=13 wall=0.722s thr(out)1 thr(in)16 conc_peak=13 pread=9.278s [reader]
DBG getmany L26 nw=11 wall=0.616s thr(out)1 thr(in)16 conc_peak=11 pread=11.589s
DBG getmany L31 nw=14 wall=0.737s thr(out)1 thr(in)16 conc_peak=14 pread=8.757s [reader]
DBG getmany L27 nw=14 wall=0.858s thr(out)1 thr(in)16 conc_peak=14 pread=13.393s
DBG getmany L32 nw=12 wall=0.784s thr(out)1 thr(in)16 conc_peak=12 pread=8.167s [reader]
DBG getmany L28 nw=13 wall=0.748s thr(out)1 thr(in)16 conc_peak=13 pread=12.945s
DBG getmany L33 nw=11 wall=0.305s thr(out)1 thr(in)16 conc_peak=11 pread=2.093s [reader]
DBG getmany L29 nw=13 wall=0.819s thr(out)1 thr(in)16 conc_peak=13 pread=9.121s
DBG getmany L34 nw=15 wall=0.724s thr(out)1 thr(in)16 conc_peak=15 pread=5.636s [reader]
DBG getmany L30 nw=11 wall=0.637s thr(out)1 thr(in)16 conc_peak=11 pread=8.185s
DBG getmany L35 nw=13 wall=0.795s thr(out)1 thr(in)16 conc_peak=13 pread=9.868s [reader]
DBG getmany L31 nw=10 wall=0.817s thr(out)1 thr(in)16 conc_peak=10 pread=11.413s
DBG getmany L36 nw=13 wall=0.718s thr(out)1 thr(in)16 conc_peak=13 pread=7.125s [reader]
DBG getmany L32 nw=12 wall=0.809s thr(out)1 thr(in)16 conc_peak=12 pread=13.531s
DBG getmany L37 nw=13 wall=0.749s thr(out)1 thr(in)16 conc_peak=13 pread=4.144s [reader]
DBG getmany L33 nw=9 wall=0.812s thr(out)1 thr(in)16 conc_peak=9 pread=8.579s
DBG getmany L38 nw=11 wall=0.273s thr(out)1 thr(in)16 conc_peak=11 pread=1.207s [reader]
DBG getmany L34 nw=13 wall=0.626s thr(out)1 thr(in)16 conc_peak=13 pread=8.110s
DBG getmany L39 nw=12 wall=0.498s thr(out)1 thr(in)16 conc_peak=12 pread=2.650s [reader]
DBG getmany L35 nw=11 wall=0.771s thr(out)1 thr(in)16 conc_peak=11 pread=7.768s
DBG getmany L40 nw=12 wall=0.351s thr(out)1 thr(in)16 conc_peak=12 pread=1.794s [reader]
DBG getmany L36 nw=14 wall=0.866s thr(out)1 thr(in)16 conc_peak=14 pread=11.403s
DBG getmany L41 nw=11 wall=0.471s thr(out)1 thr(in)16 conc_peak=11 pread=2.484s [reader]
DBG getmany L37 nw=14 wall=0.839s thr(out)1 thr(in)16 conc_peak=14 pread=11.416s
DBG getmany L42 nw=7 wall=0.288s thr(out)1 thr(in)16 conc_peak=7 pread=0.763s [reader]
DBG getmany L38 nw=8 wall=0.475s thr(out)1 thr(in)16 conc_peak=8 pread=3.710s
DBG getmany L43 nw=11 wall=0.288s thr(out)1 thr(in)16 conc_peak=11 pread=1.896s [reader]
DBG getmany L39 nw=11 wall=0.815s thr(out)1 thr(in)16 conc_peak=11 pread=7.973s
DBG getmany L44 nw=13 wall=0.687s thr(out)1 thr(in)16 conc_peak=13 pread=6.596s [reader]
DBG getmany L40 nw=11 wall=0.851s thr(out)1 thr(in)16 conc_peak=11 pread=12.725s
DBG getmany L45 nw=9 wall=0.483s thr(out)1 thr(in)16 conc_peak=9 pread=2.195s [reader]
DBG getmany L41 nw=8 wall=0.657s thr(out)1 thr(in)16 conc_peak=8 pread=5.130s
DBG getmany L46 nw=10 wall=0.286s thr(out)1 thr(in)16 conc_peak=10 pread=1.110s [reader]
DBG getmany L42 nw=9 wall=0.571s thr(out)1 thr(in)16 conc_peak=9 pread=5.116s
DBG getmany L47 nw=11 wall=0.492s thr(out)1 thr(in)16 conc_peak=11 pread=2.509s [reader]
DBG getmany L43 nw=8 wall=0.811s thr(out)1 thr(in)16 conc_peak=8 pread=7.264s
DBG getmany L48 nw=11 wall=0.845s thr(out)1 thr(in)16 conc_peak=11 pread=9.446s [reader]
DBG getmany L44 nw=13 wall=0.892s thr(out)1 thr(in)16 conc_peak=13 pread=14.557s
DBG getmany L49 nw=14 wall=0.901s thr(out)1 thr(in)16 conc_peak=14 pread=11.607s [reader]
DBG getmany L45 nw=11 wall=0.854s thr(out)1 thr(in)16 conc_peak=11 pread=13.239s
DBG getmany L50 nw=12 wall=0.496s thr(out)1 thr(in)16 conc_peak=12 pread=2.592s [reader]
DBG getmany L46 nw=10 wall=0.587s thr(out)1 thr(in)16 conc_peak=10 pread=7.668s
DBG getmany L51 nw=11 wall=0.610s thr(out)1 thr(in)16 conc_peak=11 pread=3.264s [reader]
DBG getmany L47 nw=11 wall=0.835s thr(out)1 thr(in)16 conc_peak=11 pread=6.758s
DBG getmany L52 nw=12 wall=0.686s thr(out)1 thr(in)16 conc_peak=12 pread=7.392s [reader]
DBG getmany L48 nw=12 wall=0.848s thr(out)1 thr(in)16 conc_peak=12 pread=12.631s
DBG getmany L53 nw=11 wall=0.828s thr(out)1 thr(in)16 conc_peak=11 pread=9.075s [reader]
DBG getmany L49 nw=15 wall=0.861s thr(out)1 thr(in)16 conc_peak=15 pread=11.361s
DBG getmany L54 nw=12 wall=0.583s thr(out)1 thr(in)16 conc_peak=12 pread=3.716s [reader]
DBG getmany L50 nw=11 wall=0.532s thr(out)1 thr(in)16 conc_peak=11 pread=7.174s
DBG getmany L55 nw=10 wall=0.473s thr(out)1 thr(in)16 conc_peak=10 pread=2.715s [reader]
DBG getmany L51 nw=12 wall=0.788s thr(out)1 thr(in)16 conc_peak=12 pread=9.398s
DBG getmany L56 nw=11 wall=0.405s thr(out)1 thr(in)16 conc_peak=11 pread=2.315s [reader]
DBG getmany L52 nw=10 wall=0.706s thr(out)1 thr(in)16 conc_peak=10 pread=7.523s
DBG getmany L57 nw=13 wall=0.727s thr(out)1 thr(in)16 conc_peak=13 pread=6.591s [reader]
DBG getmany L53 nw=13 wall=0.845s thr(out)1 thr(in)16 conc_peak=13 pread=11.773s
DBG getmany L58 nw=10 wall=0.623s thr(out)1 thr(in)16 conc_peak=10 pread=2.691s [reader]
DBG getmany L54 nw=13 wall=0.611s thr(out)1 thr(in)16 conc_peak=13 pread=7.626s
DBG getmany L59 nw=10 wall=0.174s thr(out)1 thr(in)16 conc_peak=10 pread=0.885s [reader]
DBG getmany L55 nw=13 wall=0.782s thr(out)1 thr(in)16 conc_peak=13 pread=9.419s
DBG getmany L60 nw=11 wall=0.425s thr(out)1 thr(in)16 conc_peak=11 pread=1.885s [reader]
DBG getmany L56 nw=13 wall=0.832s thr(out)1 thr(in)16 conc_peak=13 pread=10.453s
DBG getmany L61 nw=12 wall=0.412s thr(out)1 thr(in)16 conc_peak=12 pread=2.298s [reader]
DBG getmany L57 nw=15 wall=0.825s thr(out)1 thr(in)16 conc_peak=15 pread=11.197s
DBG getmany L62 nw=10 wall=0.230s thr(out)1 thr(in)16 conc_peak=10 pread=1.074s [reader]
DBG getmany L58 nw=9 wall=0.579s thr(out)1 thr(in)16 conc_peak=9 pread=5.175s
DBG getmany L63 nw=13 wall=0.519s thr(out)1 thr(in)16 conc_peak=13 pread=3.990s [reader]
DBG getmany L59 nw=8 wall=0.809s thr(out)1 thr(in)16 conc_peak=8 pread=7.445s
DBG getmany L64 nw=11 wall=0.489s thr(out)1 thr(in)16 conc_peak=11 pread=3.574s [reader]
DBG getmany L60 nw=12 wall=0.816s thr(out)1 thr(in)16 conc_peak=12 pread=8.776s
DBG getmany L65 nw=12 wall=0.399s thr(out)1 thr(in)16 conc_peak=12 pread=2.837s [reader]
DBG getmany L61 nw=12 wall=0.837s thr(out)1 thr(in)16 conc_peak=12 pread=9.622s
DBG getmany L66 nw=12 wall=0.260s thr(out)1 thr(in)16 conc_peak=12 pread=1.464s [reader]
DBG getmany L62 nw=10 wall=0.580s thr(out)1 thr(in)16 conc_peak=10 pread=5.242s
DBG getmany L67 nw=9 wall=0.538s thr(out)1 thr(in)16 conc_peak=9 pread=1.127s [reader]
DBG getmany L63 nw=13 wall=0.854s thr(out)1 thr(in)16 conc_peak=13 pread=10.228s
DBG getmany L68 nw=12 wall=0.842s thr(out)1 thr(in)16 conc_peak=12 pread=10.401s [reader]
DBG getmany L64 nw=11 wall=0.837s thr(out)1 thr(in)16 conc_peak=11 pread=13.623s
DBG getmany L69 nw=9 wall=0.203s thr(out)1 thr(in)16 conc_peak=9 pread=1.378s [reader]
DBG getmany L65 nw=10 wall=0.753s thr(out)1 thr(in)16 conc_peak=10 pread=6.158s
DBG getmany L70 nw=8 wall=0.305s thr(out)1 thr(in)16 conc_peak=8 pread=1.389s [reader]
DBG getmany L66 nw=8 wall=0.551s thr(out)1 thr(in)16 conc_peak=8 pread=4.894s
DBG getmany L71 nw=12 wall=0.251s thr(out)1 thr(in)16 conc_peak=12 pread=1.375s [reader]
DBG getmany L67 nw=12 wall=0.838s thr(out)1 thr(in)16 conc_peak=12 pread=9.440s
DBG getmany L72 nw=11 wall=0.269s thr(out)1 thr(in)16 conc_peak=11 pread=1.898s [reader]
DBG getmany L68 nw=14 wall=0.843s thr(out)1 thr(in)16 conc_peak=14 pread=10.301s
DBG getmany L73 nw=11 wall=0.518s thr(out)1 thr(in)16 conc_peak=11 pread=3.309s [reader]
DBG getmany L69 nw=9 wall=0.729s thr(out)1 thr(in)16 conc_peak=9 pread=8.290s
DBG getmany L70 nw=7 wall=0.461s thr(out)1 thr(in)16 conc_peak=7 pread=5.029s
DBG getmany L74 nw=9 wall=0.624s thr(out)1 thr(in)16 conc_peak=9 pread=6.907s [reader]
DBG getmany L75 nw=7 wall=0.588s thr(out)1 thr(in)16 conc_peak=7 pread=2.153s [reader]
DBG getmany L71 nw=9 wall=0.722s thr(out)1 thr(in)16 conc_peak=9 pread=8.367s
DBG getmany L76 nw=11 wall=0.457s thr(out)1 thr(in)16 conc_peak=11 pread=3.131s [reader]
DBG getmany L72 nw=10 wall=0.764s thr(out)1 thr(in)16 conc_peak=10 pread=7.081s
DBG getmany L77 nw=8 wall=0.316s thr(out)1 thr(in)16 conc_peak=8 pread=1.420s [reader]
DBG getmany L73 nw=11 wall=0.738s thr(out)1 thr(in)16 conc_peak=11 pread=8.130s
DBG getmany L78 nw=9 wall=0.443s thr(out)1 thr(in)16 conc_peak=9 pread=2.827s [reader]
DBG getmany L74 nw=6 wall=0.521s thr(out)1 thr(in)16 conc_peak=6 pread=4.248s
DBG getmany L75 nw=6 wall=0.584s thr(out)1 thr(in)16 conc_peak=6 pread=3.998s
DBG getmany L79 nw=8 wall=0.743s thr(out)1 thr(in)16 conc_peak=8 pread=6.283s [reader]
DBG getmany L80 nw=11 wall=0.547s thr(out)1 thr(in)16 conc_peak=11 pread=4.230s [reader]
DBG getmany L76 nw=10 wall=0.758s thr(out)1 thr(in)16 conc_peak=10 pread=7.378s
DBG getmany L81 nw=13 wall=0.596s thr(out)1 thr(in)16 conc_peak=13 pread=2.989s [reader]
DBG getmany L77 nw=8 wall=0.775s thr(out)1 thr(in)16 conc_peak=8 pread=7.101s
DBG getmany L82 nw=12 wall=0.367s thr(out)1 thr(in)16 conc_peak=12 pread=2.777s [reader]
DBG getmany L78 nw=10 wall=0.600s thr(out)1 thr(in)16 conc_peak=10 pread=7.584s
DBG getmany L83 nw=11 wall=0.559s thr(out)1 thr(in)16 conc_peak=11 pread=4.439s [reader]
DBG getmany L79 nw=8 wall=0.760s thr(out)1 thr(in)16 conc_peak=8 pread=7.319s
DBG getmany L84 nw=10 wall=0.632s thr(out)1 thr(in)16 conc_peak=10 pread=2.988s [reader]
DBG getmany L80 nw=11 wall=0.748s thr(out)1 thr(in)16 conc_peak=11 pread=9.700s
DBG getmany L85 nw=12 wall=0.380s thr(out)1 thr(in)16 conc_peak=12 pread=1.616s [reader]
DBG getmany L81 nw=11 wall=0.801s thr(out)1 thr(in)16 conc_peak=11 pread=8.700s
DBG getmany L86 nw=12 wall=0.613s thr(out)1 thr(in)16 conc_peak=12 pread=6.070s [reader]
DBG getmany L82 nw=11 wall=0.624s thr(out)1 thr(in)16 conc_peak=11 pread=11.163s
DBG getmany L87 nw=8 wall=0.314s thr(out)1 thr(in)16 conc_peak=8 pread=0.916s [reader]
DBG getmany L83 nw=10 wall=0.721s thr(out)1 thr(in)16 conc_peak=10 pread=6.397s
DBG getmany L88 nw=11 wall=0.425s thr(out)1 thr(in)16 conc_peak=11 pread=1.691s [reader]
DBG getmany L84 nw=13 wall=0.789s thr(out)1 thr(in)16 conc_peak=13 pread=10.194s
DBG getmany L89 nw=8 wall=0.146s thr(out)1 thr(in)16 conc_peak=8 pread=0.679s [reader]
DBG getmany L85 nw=11 wall=0.459s thr(out)1 thr(in)16 conc_peak=11 pread=4.472s
DBG getmany L90 nw=8 wall=0.262s thr(out)1 thr(in)16 conc_peak=8 pread=1.224s [reader]
DBG getmany L86 nw=11 wall=0.513s thr(out)1 thr(in)16 conc_peak=11 pread=5.791s
DBG getmany L91 nw=9 wall=0.324s thr(out)1 thr(in)16 conc_peak=9 pread=1.636s [reader]
DBG getmany L87 nw=8 wall=0.409s thr(out)1 thr(in)16 conc_peak=8 pread=2.272s
DBG getmany L92 nw=14 wall=0.894s thr(out)1 thr(in)16 conc_peak=14 pread=6.833s [reader]
DBG getmany L88 nw=12 wall=0.870s thr(out)1 thr(in)16 conc_peak=12 pread=13.355s
DBG getmany L89 nw=7 wall=0.600s thr(out)1 thr(in)16 conc_peak=7 pread=3.733s
DBG getmany L90 nw=9 wall=0.263s thr(out)1 thr(in)16 conc_peak=9 pread=1.998s
DBG getmany L91 nw=8 wall=0.426s thr(out)1 thr(in)16 conc_peak=8 pread=2.739s
DBG getmany L92 nw=12 wall=0.171s thr(out)1 thr(in)16 conc_peak=12 pread=1.180s
5      15         98.98        100.0      35.64      0.010
  L2   resident=6778/14589 slots hit=100.0% read=229.41GB write=0.00GB
DBG getmany L4 nw=12 wall=0.614s thr(out)1 thr(in)16 conc_peak=12 pread=3.450s [reader]
DBG getmany L5 nw=9 wall=0.596s thr(out)1 thr(in)16 conc_peak=9 pread=3.640s [reader]
DBG getmany L1 nw=14 wall=0.737s thr(out)1 thr(in)16 conc_peak=14 pread=10.888s
DBG getmany L6 nw=15 wall=0.725s thr(out)1 thr(in)16 conc_peak=15 pread=6.504s [reader]
DBG getmany L2 nw=12 wall=0.695s thr(out)1 thr(in)16 conc_peak=12 pread=10.214s
DBG getmany L7 nw=12 wall=0.415s thr(out)1 thr(in)16 conc_peak=12 pread=2.083s [reader]
DBG getmany L3 nw=10 wall=0.768s thr(out)1 thr(in)16 conc_peak=10 pread=7.964s
DBG getmany L8 nw=12 wall=0.639s thr(out)1 thr(in)16 conc_peak=12 pread=2.963s [reader]
DBG getmany L4 nw=10 wall=0.790s thr(out)1 thr(in)16 conc_peak=10 pread=10.067s
DBG getmany L9 nw=12 wall=0.982s thr(out)1 thr(in)16 conc_peak=12 pread=12.191s [reader]
DBG getmany L5 nw=7 wall=0.922s thr(out)1 thr(in)16 conc_peak=7 pread=13.113s
DBG getmany L10 nw=8 wall=0.196s thr(out)1 thr(in)16 conc_peak=8 pread=0.624s [reader]
DBG getmany L6 nw=15 wall=0.625s thr(out)1 thr(in)16 conc_peak=15 pread=8.596s
DBG getmany L11 nw=8 wall=0.658s thr(out)1 thr(in)16 conc_peak=8 pread=2.128s [reader]
DBG getmany L7 nw=14 wall=0.847s thr(out)1 thr(in)16 conc_peak=14 pread=12.683s
DBG getmany L12 nw=8 wall=0.224s thr(out)1 thr(in)16 conc_peak=8 pread=1.111s [reader]
DBG getmany L8 nw=14 wall=0.777s thr(out)1 thr(in)16 conc_peak=14 pread=9.716s
DBG getmany L13 nw=10 wall=0.784s thr(out)1 thr(in)16 conc_peak=9 pread=6.198s [reader]
DBG getmany L9 nw=12 wall=0.782s thr(out)1 thr(in)16 conc_peak=12 pread=12.031s
DBG getmany L14 nw=13 wall=0.703s thr(out)1 thr(in)16 conc_peak=13 pread=6.878s [reader]
DBG getmany L10 nw=10 wall=0.580s thr(out)1 thr(in)16 conc_peak=10 pread=7.140s
DBG getmany L15 nw=12 wall=0.611s thr(out)1 thr(in)16 conc_peak=12 pread=3.697s [reader]
DBG getmany L11 nw=12 wall=0.839s thr(out)1 thr(in)16 conc_peak=12 pread=8.583s
DBG getmany L16 nw=11 wall=0.431s thr(out)1 thr(in)16 conc_peak=11 pread=2.044s [reader]
DBG getmany L12 nw=13 wall=0.856s thr(out)1 thr(in)16 conc_peak=13 pread=11.004s
DBG getmany L17 nw=12 wall=0.630s thr(out)1 thr(in)16 conc_peak=12 pread=3.923s [reader]
DBG getmany L13 nw=13 wall=0.795s thr(out)1 thr(in)16 conc_peak=13 pread=12.028s
DBG getmany L18 nw=9 wall=0.631s thr(out)1 thr(in)16 conc_peak=9 pread=6.359s [reader]
DBG getmany L14 nw=16 wall=0.655s thr(out)1 thr(in)16 conc_peak=16 pread=12.449s
DBG getmany L19 nw=12 wall=0.297s thr(out)1 thr(in)16 conc_peak=12 pread=1.605s [reader]
DBG getmany L15 nw=14 wall=0.819s thr(out)1 thr(in)16 conc_peak=14 pread=10.901s
DBG getmany L20 nw=7 wall=0.669s thr(out)1 thr(in)16 conc_peak=7 pread=4.439s [reader]
DBG getmany L16 nw=12 wall=0.659s thr(out)1 thr(in)16 conc_peak=12 pread=9.996s
DBG getmany L21 nw=11 wall=0.234s thr(out)1 thr(in)16 conc_peak=11 pread=1.252s [reader]
DBG getmany L17 nw=13 wall=0.753s thr(out)1 thr(in)16 conc_peak=13 pread=9.853s
DBG getmany L22 nw=11 wall=0.629s thr(out)1 thr(in)16 conc_peak=11 pread=6.089s [reader]
DBG getmany L18 nw=12 wall=0.599s thr(out)1 thr(in)16 conc_peak=12 pread=10.011s
DBG getmany L23 nw=9 wall=0.265s thr(out)1 thr(in)16 conc_peak=9 pread=0.984s [reader]
DBG getmany L19 nw=14 wall=0.777s thr(out)1 thr(in)16 conc_peak=14 pread=10.565s
DBG getmany L24 nw=14 wall=0.869s thr(out)1 thr(in)16 conc_peak=14 pread=12.007s [reader]
DBG getmany L20 nw=10 wall=0.770s thr(out)1 thr(in)16 conc_peak=10 pread=14.284s
DBG getmany L25 nw=12 wall=0.927s thr(out)1 thr(in)16 conc_peak=12 pread=13.612s [reader]
DBG getmany L21 nw=13 wall=0.833s thr(out)1 thr(in)16 conc_peak=13 pread=14.445s
DBG getmany L26 nw=10 wall=0.658s thr(out)1 thr(in)16 conc_peak=10 pread=6.201s [reader]
DBG getmany L22 nw=10 wall=0.552s thr(out)1 thr(in)16 conc_peak=10 pread=7.625s
DBG getmany L27 nw=12 wall=0.560s thr(out)1 thr(in)16 conc_peak=12 pread=2.241s [reader]
DBG getmany L23 nw=12 wall=0.775s thr(out)1 thr(in)16 conc_peak=12 pread=10.530s
DBG getmany L28 nw=13 wall=0.490s thr(out)1 thr(in)16 conc_peak=13 pread=3.406s [reader]
DBG getmany L24 nw=15 wall=0.875s thr(out)1 thr(in)16 conc_peak=15 pread=12.559s
DBG getmany L29 nw=13 wall=0.580s thr(out)1 thr(in)16 conc_peak=13 pread=6.242s [reader]
DBG getmany L25 nw=13 wall=0.800s thr(out)1 thr(in)16 conc_peak=13 pread=9.276s
DBG getmany L30 nw=11 wall=0.346s thr(out)1 thr(in)16 conc_peak=11 pread=2.408s [reader]
DBG getmany L26 nw=13 wall=0.623s thr(out)1 thr(in)16 conc_peak=13 pread=8.311s
DBG getmany L31 nw=10 wall=0.817s thr(out)1 thr(in)16 conc_peak=10 pread=9.289s [reader]
DBG getmany L27 nw=15 wall=0.792s thr(out)1 thr(in)16 conc_peak=15 pread=12.347s
DBG getmany L32 nw=11 wall=0.579s thr(out)1 thr(in)16 conc_peak=11 pread=3.418s [reader]
DBG getmany L28 nw=14 wall=0.778s thr(out)1 thr(in)16 conc_peak=14 pread=10.144s
DBG getmany L33 nw=9 wall=0.388s thr(out)1 thr(in)16 conc_peak=9 pread=1.680s [reader]
DBG getmany L29 nw=14 wall=0.782s thr(out)1 thr(in)16 conc_peak=14 pread=11.257s
DBG getmany L34 nw=12 wall=0.526s thr(out)1 thr(in)16 conc_peak=12 pread=2.770s [reader]
DBG getmany L30 nw=11 wall=0.605s thr(out)1 thr(in)16 conc_peak=11 pread=7.325s
DBG getmany L35 nw=10 wall=0.502s thr(out)1 thr(in)16 conc_peak=10 pread=1.964s [reader]
DBG getmany L31 nw=13 wall=0.822s thr(out)1 thr(in)16 conc_peak=13 pread=10.047s
DBG getmany L36 nw=13 wall=0.500s thr(out)1 thr(in)16 conc_peak=13 pread=3.166s [reader]
DBG getmany L32 nw=11 wall=0.775s thr(out)1 thr(in)16 conc_peak=11 pread=8.397s
DBG getmany L37 nw=13 wall=0.707s thr(out)1 thr(in)16 conc_peak=13 pread=6.757s [reader]
DBG getmany L33 nw=14 wall=0.854s thr(out)1 thr(in)16 conc_peak=14 pread=12.392s
DBG getmany L38 nw=7 wall=0.525s thr(out)1 thr(in)16 conc_peak=7 pread=3.349s [reader]
DBG getmany L34 nw=14 wall=0.604s thr(out)1 thr(in)16 conc_peak=14 pread=9.776s
DBG getmany L39 nw=11 wall=0.642s thr(out)1 thr(in)16 conc_peak=11 pread=2.639s [reader]
DBG getmany L35 nw=11 wall=0.809s thr(out)1 thr(in)16 conc_peak=11 pread=9.822s
DBG getmany L40 nw=11 wall=0.713s thr(out)1 thr(in)16 conc_peak=11 pread=6.386s [reader]
DBG getmany L36 nw=14 wall=0.827s thr(out)1 thr(in)16 conc_peak=14 pread=14.492s
DBG getmany L41 nw=8 wall=0.208s thr(out)1 thr(in)16 conc_peak=8 pread=1.069s [reader]
DBG getmany L37 nw=15 wall=0.788s thr(out)1 thr(in)16 conc_peak=15 pread=10.689s
DBG getmany L42 nw=7 wall=0.581s thr(out)1 thr(in)16 conc_peak=7 pread=5.694s [reader]
DBG getmany L38 nw=11 wall=0.542s thr(out)1 thr(in)16 conc_peak=11 pread=7.201s
DBG getmany L43 nw=8 wall=0.183s thr(out)1 thr(in)16 conc_peak=8 pread=0.657s [reader]
DBG getmany L39 nw=14 wall=0.765s thr(out)1 thr(in)16 conc_peak=14 pread=10.187s
DBG getmany L44 nw=12 wall=0.398s thr(out)1 thr(in)16 conc_peak=12 pread=3.186s [reader]
DBG getmany L40 nw=13 wall=0.819s thr(out)1 thr(in)16 conc_peak=13 pread=10.239s
DBG getmany L45 nw=10 wall=0.408s thr(out)1 thr(in)16 conc_peak=10 pread=1.882s [reader]
DBG getmany L41 nw=9 wall=0.744s thr(out)1 thr(in)16 conc_peak=9 pread=6.261s
DBG getmany L46 nw=9 wall=0.409s thr(out)1 thr(in)16 conc_peak=9 pread=2.192s [reader]
DBG getmany L42 nw=9 wall=0.556s thr(out)1 thr(in)16 conc_peak=9 pread=5.083s
DBG getmany L47 nw=10 wall=0.192s thr(out)1 thr(in)16 conc_peak=10 pread=0.934s [reader]
DBG getmany L43 nw=9 wall=0.748s thr(out)1 thr(in)16 conc_peak=9 pread=6.325s
DBG getmany L48 nw=12 wall=0.440s thr(out)1 thr(in)16 conc_peak=12 pread=2.770s [reader]
DBG getmany L44 nw=12 wall=0.797s thr(out)1 thr(in)16 conc_peak=12 pread=9.205s
DBG getmany L49 nw=15 wall=0.712s thr(out)1 thr(in)16 conc_peak=15 pread=4.891s [reader]
DBG getmany L45 nw=11 wall=0.833s thr(out)1 thr(in)16 conc_peak=11 pread=10.186s
DBG getmany L50 nw=11 wall=0.307s thr(out)1 thr(in)16 conc_peak=11 pread=1.248s [reader]
DBG getmany L46 nw=11 wall=0.558s thr(out)1 thr(in)16 conc_peak=11 pread=6.365s
DBG getmany L51 nw=12 wall=0.226s thr(out)1 thr(in)16 conc_peak=12 pread=1.288s [reader]
DBG getmany L47 nw=11 wall=0.761s thr(out)1 thr(in)16 conc_peak=11 pread=7.748s
DBG getmany L52 nw=9 wall=0.411s thr(out)1 thr(in)16 conc_peak=9 pread=1.480s [reader]
DBG getmany L48 nw=13 wall=0.779s thr(out)1 thr(in)16 conc_peak=13 pread=10.585s
DBG getmany L53 nw=13 wall=0.930s thr(out)1 thr(in)16 conc_peak=13 pread=11.687s [reader]
DBG getmany L49 nw=15 wall=0.880s thr(out)1 thr(in)16 conc_peak=15 pread=15.025s
DBG getmany L54 nw=11 wall=0.631s thr(out)1 thr(in)16 conc_peak=11 pread=6.726s [reader]
DBG getmany L50 nw=12 wall=0.622s thr(out)1 thr(in)16 conc_peak=12 pread=8.976s
DBG getmany L55 nw=13 wall=0.394s thr(out)1 thr(in)16 conc_peak=13 pread=1.871s [reader]
DBG getmany L51 nw=12 wall=0.779s thr(out)1 thr(in)16 conc_peak=12 pread=8.890s
DBG getmany L56 nw=12 wall=0.629s thr(out)1 thr(in)16 conc_peak=12 pread=5.724s [reader]
DBG getmany L52 nw=13 wall=0.786s thr(out)1 thr(in)16 conc_peak=13 pread=10.635s
DBG getmany L57 nw=15 wall=0.816s thr(out)1 thr(in)16 conc_peak=15 pread=11.533s [reader]
DBG getmany L53 nw=12 wall=0.848s thr(out)1 thr(in)16 conc_peak=12 pread=15.550s
DBG getmany L58 nw=9 wall=0.631s thr(out)1 thr(in)16 conc_peak=9 pread=2.848s [reader]
DBG getmany L54 nw=12 wall=0.552s thr(out)1 thr(in)16 conc_peak=12 pread=6.946s
DBG getmany L59 nw=6 wall=0.091s thr(out)1 thr(in)16 conc_peak=6 pread=0.335s [reader]
DBG getmany L55 nw=12 wall=0.751s thr(out)1 thr(in)16 conc_peak=12 pread=8.651s
DBG getmany L60 nw=11 wall=0.806s thr(out)1 thr(in)16 conc_peak=11 pread=3.891s [reader]
DBG getmany L56 nw=13 wall=0.782s thr(out)1 thr(in)16 conc_peak=13 pread=10.901s
DBG getmany L61 nw=12 wall=0.946s thr(out)1 thr(in)16 conc_peak=12 pread=11.198s [reader]
DBG getmany L57 nw=15 wall=0.861s thr(out)1 thr(in)16 conc_peak=15 pread=12.707s
DBG getmany L58 nw=11 wall=0.561s thr(out)1 thr(in)16 conc_peak=11 pread=6.520s
DBG getmany L62 nw=10 wall=0.673s thr(out)1 thr(in)16 conc_peak=10 pread=7.385s [reader]
DBG getmany L63 nw=12 wall=0.518s thr(out)1 thr(in)16 conc_peak=12 pread=3.213s [reader]
DBG getmany L59 nw=9 wall=0.788s thr(out)1 thr(in)16 conc_peak=9 pread=8.658s
DBG getmany L64 nw=9 wall=0.240s thr(out)1 thr(in)16 conc_peak=9 pread=1.258s [reader]
DBG getmany L60 nw=12 wall=0.780s thr(out)1 thr(in)16 conc_peak=12 pread=7.898s
DBG getmany L61 nw=13 wall=0.669s thr(out)1 thr(in)16 conc_peak=13 pread=5.771s
DBG getmany L65 nw=10 wall=0.908s thr(out)1 thr(in)16 conc_peak=10 pread=7.005s [reader]
DBG getmany L66 nw=7 wall=0.208s thr(out)1 thr(in)16 conc_peak=7 pread=1.063s [reader]
DBG getmany L62 nw=14 wall=0.571s thr(out)1 thr(in)16 conc_peak=14 pread=7.037s
DBG getmany L67 nw=12 wall=0.284s thr(out)1 thr(in)16 conc_peak=12 pread=2.053s [reader]
DBG getmany L63 nw=12 wall=0.843s thr(out)1 thr(in)16 conc_peak=12 pread=7.845s
DBG getmany L68 nw=14 wall=0.937s thr(out)1 thr(in)16 conc_peak=14 pread=10.198s [reader]
DBG getmany L64 nw=13 wall=0.890s thr(out)1 thr(in)16 conc_peak=13 pread=12.837s
DBG getmany L69 nw=9 wall=0.142s thr(out)1 thr(in)16 conc_peak=9 pread=0.747s [reader]
DBG getmany L65 nw=14 wall=0.768s thr(out)1 thr(in)16 conc_peak=14 pread=9.827s
DBG getmany L70 nw=8 wall=0.509s thr(out)1 thr(in)16 conc_peak=8 pread=3.901s [reader]
DBG getmany L66 nw=14 wall=0.600s thr(out)1 thr(in)16 conc_peak=14 pread=9.626s
DBG getmany L71 nw=11 wall=0.230s thr(out)1 thr(in)16 conc_peak=11 pread=1.133s [reader]
DBG getmany L67 nw=14 wall=0.852s thr(out)1 thr(in)16 conc_peak=14 pread=10.111s
DBG getmany L72 nw=12 wall=0.838s thr(out)1 thr(in)16 conc_peak=12 pread=10.876s [reader]
DBG getmany L68 nw=13 wall=0.809s thr(out)1 thr(in)16 conc_peak=13 pread=13.251s
DBG getmany L73 nw=12 wall=0.655s thr(out)1 thr(in)16 conc_peak=12 pread=2.414s [reader]
DBG getmany L69 nw=12 wall=0.812s thr(out)1 thr(in)16 conc_peak=12 pread=8.694s
DBG getmany L74 nw=9 wall=0.556s thr(out)1 thr(in)16 conc_peak=9 pread=2.059s [reader]
DBG getmany L70 nw=10 wall=0.540s thr(out)1 thr(in)16 conc_peak=10 pread=4.776s
DBG getmany L75 nw=8 wall=0.270s thr(out)1 thr(in)16 conc_peak=8 pread=0.860s [reader]
DBG getmany L71 nw=12 wall=0.780s thr(out)1 thr(in)16 conc_peak=12 pread=9.225s
DBG getmany L76 nw=13 wall=0.884s thr(out)1 thr(in)16 conc_peak=13 pread=11.617s [reader]
DBG getmany L72 nw=11 wall=0.822s thr(out)1 thr(in)16 conc_peak=11 pread=14.034s
DBG getmany L77 nw=9 wall=0.766s thr(out)1 thr(in)16 conc_peak=9 pread=7.536s [reader]
DBG getmany L73 nw=13 wall=0.766s thr(out)1 thr(in)16 conc_peak=13 pread=9.526s
DBG getmany L74 nw=7 wall=0.402s thr(out)1 thr(in)16 conc_peak=7 pread=2.984s
DBG getmany L78 nw=10 wall=0.633s thr(out)1 thr(in)16 conc_peak=10 pread=7.212s [reader]
DBG getmany L79 nw=9 wall=0.154s thr(out)1 thr(in)16 conc_peak=9 pread=0.768s [reader]
DBG getmany L75 nw=8 wall=0.663s thr(out)1 thr(in)16 conc_peak=8 pread=5.088s
DBG getmany L80 nw=13 wall=0.371s thr(out)1 thr(in)16 conc_peak=13 pread=2.373s [reader]
DBG getmany L76 nw=10 wall=0.746s thr(out)1 thr(in)16 conc_peak=10 pread=7.727s
DBG getmany L81 nw=14 wall=0.558s thr(out)1 thr(in)16 conc_peak=14 pread=5.322s [reader]
DBG getmany L77 nw=9 wall=0.814s thr(out)1 thr(in)16 conc_peak=9 pread=8.493s
DBG getmany L82 nw=13 wall=0.505s thr(out)1 thr(in)16 conc_peak=13 pread=5.040s [reader]
DBG getmany L78 nw=11 wall=0.602s thr(out)1 thr(in)16 conc_peak=11 pread=8.087s
DBG getmany L83 nw=12 wall=0.855s thr(out)1 thr(in)16 conc_peak=12 pread=8.149s [reader]
DBG getmany L79 nw=9 wall=0.800s thr(out)1 thr(in)16 conc_peak=9 pread=8.949s
DBG getmany L84 nw=13 wall=0.849s thr(out)1 thr(in)16 conc_peak=13 pread=6.065s [reader]
DBG getmany L80 nw=10 wall=0.757s thr(out)1 thr(in)16 conc_peak=10 pread=10.208s
DBG getmany L81 nw=13 wall=0.746s thr(out)1 thr(in)16 conc_peak=13 pread=14.837s
DBG getmany L85 nw=13 wall=0.912s thr(out)1 thr(in)16 conc_peak=13 pread=15.834s [reader]
DBG getmany L86 nw=12 wall=0.664s thr(out)1 thr(in)16 conc_peak=12 pread=5.140s [reader]
DBG getmany L82 nw=11 wall=0.592s thr(out)1 thr(in)16 conc_peak=11 pread=8.845s
DBG getmany L87 nw=9 wall=0.143s thr(out)1 thr(in)16 conc_peak=9 pread=0.756s [reader]
DBG getmany L83 nw=11 wall=0.716s thr(out)1 thr(in)16 conc_peak=11 pread=7.228s
DBG getmany L88 nw=13 wall=0.889s thr(out)1 thr(in)16 conc_peak=13 pread=10.997s [reader]
DBG getmany L84 nw=12 wall=0.797s thr(out)1 thr(in)16 conc_peak=12 pread=11.479s
DBG getmany L89 nw=10 wall=0.278s thr(out)1 thr(in)16 conc_peak=10 pread=1.411s [reader]
DBG getmany L85 nw=10 wall=0.742s thr(out)1 thr(in)16 conc_peak=10 pread=7.758s
DBG getmany L90 nw=10 wall=0.350s thr(out)1 thr(in)16 conc_peak=10 pread=1.367s [reader]
DBG getmany L86 nw=11 wall=0.531s thr(out)1 thr(in)16 conc_peak=11 pread=5.507s
DBG getmany L91 nw=9 wall=0.414s thr(out)1 thr(in)16 conc_peak=9 pread=1.389s [reader]
DBG getmany L87 nw=9 wall=0.646s thr(out)1 thr(in)16 conc_peak=9 pread=5.187s
DBG getmany L92 nw=12 wall=0.821s thr(out)1 thr(in)16 conc_peak=12 pread=8.408s [reader]
DBG getmany L88 nw=11 wall=0.815s thr(out)1 thr(in)16 conc_peak=11 pread=14.412s
DBG getmany L89 nw=7 wall=0.592s thr(out)1 thr(in)16 conc_peak=7 pread=3.854s
DBG getmany L90 nw=8 wall=0.429s thr(out)1 thr(in)16 conc_peak=8 pread=2.431s
DBG getmany L91 nw=8 wall=0.395s thr(out)1 thr(in)16 conc_peak=8 pread=2.763s
DBG getmany L92 nw=10 wall=0.145s thr(out)1 thr(in)16 conc_peak=10 pread=0.852s
6      3629       90.11        99.7       36.18      0.011
  L2   resident=6778/14589 slots hit=100.0% read=265.47GB write=0.00GB
DBG getmany L4 nw=12 wall=0.387s thr(out)1 thr(in)16 conc_peak=12 pread=2.339s [reader]
DBG getmany L5 nw=7 wall=0.117s thr(out)1 thr(in)16 conc_peak=7 pread=0.516s [reader]
DBG getmany L1 nw=15 wall=0.723s thr(out)1 thr(in)16 conc_peak=15 pread=8.328s
DBG getmany L2 nw=14 wall=0.645s thr(out)1 thr(in)16 conc_peak=14 pread=8.389s
DBG getmany L6 nw=15 wall=0.792s thr(out)1 thr(in)16 conc_peak=15 pread=10.361s [reader]
DBG getmany L7 nw=14 wall=0.493s thr(out)1 thr(in)16 conc_peak=14 pread=4.240s [reader]
DBG getmany L3 nw=10 wall=0.683s thr(out)1 thr(in)16 conc_peak=10 pread=8.607s
DBG getmany L8 nw=14 wall=0.488s thr(out)1 thr(in)16 conc_peak=14 pread=2.753s [reader]
DBG getmany L4 nw=13 wall=0.824s thr(out)1 thr(in)16 conc_peak=13 pread=10.166s
DBG getmany L9 nw=12 wall=0.954s thr(out)1 thr(in)16 conc_peak=12 pread=7.138s [reader]
DBG getmany L5 nw=13 wall=0.981s thr(out)1 thr(in)16 conc_peak=13 pread=15.382s
DBG getmany L10 nw=10 wall=0.236s thr(out)1 thr(in)16 conc_peak=10 pread=1.571s [reader]
DBG getmany L6 nw=15 wall=0.619s thr(out)1 thr(in)16 conc_peak=15 pread=8.054s
DBG getmany L11 nw=12 wall=0.265s thr(out)1 thr(in)16 conc_peak=12 pread=1.402s [reader]
DBG getmany L7 nw=14 wall=0.912s thr(out)1 thr(in)16 conc_peak=14 pread=12.522s
DBG getmany L12 nw=13 wall=0.388s thr(out)1 thr(in)16 conc_peak=13 pread=3.298s [reader]
DBG getmany L8 nw=13 wall=0.834s thr(out)1 thr(in)16 conc_peak=13 pread=9.967s
DBG getmany L13 nw=13 wall=0.919s thr(out)1 thr(in)16 conc_peak=13 pread=15.130s [reader]
DBG getmany L9 nw=15 wall=0.828s thr(out)1 thr(in)16 conc_peak=15 pread=15.843s
DBG getmany L14 nw=16 wall=0.676s thr(out)1 thr(in)16 conc_peak=16 pread=7.811s [reader]
DBG getmany L10 nw=10 wall=0.635s thr(out)1 thr(in)16 conc_peak=10 pread=9.916s
DBG getmany L15 nw=14 wall=0.355s thr(out)1 thr(in)16 conc_peak=14 pread=2.142s [reader]
DBG getmany L11 nw=12 wall=0.832s thr(out)1 thr(in)16 conc_peak=12 pread=9.642s
DBG getmany L16 nw=11 wall=0.323s thr(out)1 thr(in)16 conc_peak=11 pread=2.484s [reader]
DBG getmany L12 nw=12 wall=0.825s thr(out)1 thr(in)16 conc_peak=12 pread=9.385s
DBG getmany L17 nw=13 wall=0.339s thr(out)1 thr(in)16 conc_peak=13 pread=2.598s [reader]
DBG getmany L13 nw=14 wall=0.810s thr(out)1 thr(in)16 conc_peak=14 pread=9.958s
DBG getmany L18 nw=12 wall=0.263s thr(out)1 thr(in)16 conc_peak=12 pread=1.468s [reader]
DBG getmany L14 nw=15 wall=10.723s thr(out)1 thr(in)16 conc_peak=15 pread=133.993s
DBG getmany L19 nw=14 wall=7.259s thr(out)1 thr(in)16 conc_peak=14 pread=86.302s [reader]
DBG getmany L15 nw=14 wall=7.369s thr(out)1 thr(in)16 conc_peak=14 pread=151.857s
DBG getmany L20 nw=10 wall=0.620s thr(out)1 thr(in)16 conc_peak=10 pread=3.945s [reader]
DBG getmany L16 nw=13 wall=0.713s thr(out)1 thr(in)16 conc_peak=13 pread=11.056s
DBG getmany L21 nw=13 wall=0.698s thr(out)1 thr(in)16 conc_peak=13 pread=3.667s [reader]
DBG getmany L17 nw=10 wall=0.738s thr(out)1 thr(in)16 conc_peak=10 pread=8.913s
DBG getmany L22 nw=10 wall=0.630s thr(out)1 thr(in)16 conc_peak=10 pread=6.509s [reader]
DBG getmany L18 nw=10 wall=0.518s thr(out)1 thr(in)16 conc_peak=10 pread=6.831s
DBG getmany L23 nw=12 wall=0.303s thr(out)1 thr(in)16 conc_peak=12 pread=1.648s [reader]
DBG getmany L19 nw=12 wall=0.738s thr(out)1 thr(in)16 conc_peak=12 pread=8.795s
DBG getmany L24 nw=15 wall=0.515s thr(out)1 thr(in)16 conc_peak=15 pread=4.339s [reader]
DBG getmany L20 nw=11 wall=0.787s thr(out)1 thr(in)16 conc_peak=11 pread=9.097s
DBG getmany L25 nw=13 wall=0.745s thr(out)1 thr(in)16 conc_peak=13 pread=6.446s [reader]
DBG getmany L21 nw=12 wall=0.830s thr(out)1 thr(in)16 conc_peak=12 pread=13.899s
DBG getmany L26 nw=13 wall=0.718s thr(out)1 thr(in)16 conc_peak=13 pread=8.211s [reader]
DBG getmany L22 nw=13 wall=0.645s thr(out)1 thr(in)16 conc_peak=13 pread=10.564s
DBG getmany L27 nw=15 wall=0.667s thr(out)1 thr(in)16 conc_peak=15 pread=4.830s [reader]
DBG getmany L23 nw=9 wall=0.752s thr(out)1 thr(in)16 conc_peak=9 pread=9.698s
DBG getmany L28 nw=14 wall=1.270s thr(out)1 thr(in)16 conc_peak=14 pread=11.176s [reader]
DBG getmany L24 nw=15 wall=1.227s thr(out)1 thr(in)16 conc_peak=15 pread=21.354s
DBG getmany L29 nw=14 wall=0.933s thr(out)1 thr(in)16 conc_peak=14 pread=16.217s [reader]
DBG getmany L25 nw=12 wall=0.783s thr(out)1 thr(in)16 conc_peak=12 pread=16.999s
DBG getmany L30 nw=11 wall=0.507s thr(out)1 thr(in)16 conc_peak=11 pread=3.358s [reader]
DBG getmany L26 nw=13 wall=0.649s thr(out)1 thr(in)16 conc_peak=13 pread=8.649s
DBG getmany L31 nw=13 wall=0.589s thr(out)1 thr(in)16 conc_peak=13 pread=5.774s [reader]
DBG getmany L27 nw=13 wall=0.811s thr(out)1 thr(in)16 conc_peak=13 pread=12.018s
DBG getmany L32 nw=11 wall=0.771s thr(out)1 thr(in)16 conc_peak=11 pread=5.364s [reader]
DBG getmany L28 nw=14 wall=0.732s thr(out)1 thr(in)16 conc_peak=14 pread=9.745s
DBG getmany L33 nw=14 wall=0.832s thr(out)1 thr(in)16 conc_peak=14 pread=7.375s [reader]
DBG getmany L29 nw=11 wall=0.790s thr(out)1 thr(in)16 conc_peak=11 pread=11.703s
DBG getmany L34 nw=14 wall=0.538s thr(out)1 thr(in)16 conc_peak=14 pread=2.279s [reader]
DBG getmany L30 nw=11 wall=0.609s thr(out)1 thr(in)16 conc_peak=11 pread=8.114s
DBG getmany L35 nw=11 wall=0.475s thr(out)1 thr(in)16 conc_peak=11 pread=1.946s [reader]
DBG getmany L31 nw=14 wall=0.837s thr(out)1 thr(in)16 conc_peak=14 pread=12.049s
DBG getmany L36 nw=14 wall=0.431s thr(out)1 thr(in)16 conc_peak=14 pread=3.417s [reader]
DBG getmany L32 nw=10 wall=0.767s thr(out)1 thr(in)16 conc_peak=10 pread=8.825s
DBG getmany L33 nw=11 wall=0.785s thr(out)1 thr(in)16 conc_peak=11 pread=9.308s
DBG getmany L37 nw=14 wall=0.951s thr(out)1 thr(in)16 conc_peak=14 pread=10.523s [reader]
DBG getmany L38 nw=11 wall=0.284s thr(out)1 thr(in)16 conc_peak=11 pread=1.281s [reader]
DBG getmany L34 nw=13 wall=0.613s thr(out)1 thr(in)16 conc_peak=13 pread=7.323s
DBG getmany L39 nw=14 wall=0.925s thr(out)1 thr(in)16 conc_peak=14 pread=15.871s [reader]
DBG getmany L35 nw=11 wall=0.859s thr(out)1 thr(in)16 conc_peak=11 pread=16.711s
DBG getmany L40 nw=13 wall=0.725s thr(out)1 thr(in)16 conc_peak=13 pread=4.955s [reader]
DBG getmany L36 nw=10 wall=0.832s thr(out)1 thr(in)16 conc_peak=10 pread=10.060s
DBG getmany L41 nw=9 wall=0.309s thr(out)1 thr(in)16 conc_peak=9 pread=1.497s [reader]
DBG getmany L37 nw=12 wall=0.636s thr(out)1 thr(in)16 conc_peak=12 pread=6.929s
DBG getmany L42 nw=8 wall=0.228s thr(out)1 thr(in)16 conc_peak=8 pread=1.155s [reader]
DBG getmany L38 nw=12 wall=0.545s thr(out)1 thr(in)16 conc_peak=12 pread=6.571s
DBG getmany L43 nw=9 wall=0.343s thr(out)1 thr(in)16 conc_peak=9 pread=0.951s [reader]
DBG getmany L39 nw=11 wall=0.768s thr(out)1 thr(in)16 conc_peak=11 pread=7.705s
DBG getmany L44 nw=12 wall=0.464s thr(out)1 thr(in)16 conc_peak=12 pread=2.211s [reader]
DBG getmany L40 nw=10 wall=0.789s thr(out)1 thr(in)16 conc_peak=10 pread=8.877s
DBG getmany L45 nw=10 wall=0.808s thr(out)1 thr(in)16 conc_peak=10 pread=7.302s [reader]
DBG getmany L41 nw=8 wall=0.728s thr(out)1 thr(in)16 conc_peak=8 pread=9.465s
DBG getmany L46 nw=10 wall=0.572s thr(out)1 thr(in)16 conc_peak=10 pread=2.602s [reader]
DBG getmany L42 nw=9 wall=0.525s thr(out)1 thr(in)16 conc_peak=9 pread=4.580s
DBG getmany L47 nw=11 wall=0.767s thr(out)1 thr(in)16 conc_peak=11 pread=2.759s [reader]
DBG getmany L43 nw=8 wall=0.741s thr(out)1 thr(in)16 conc_peak=8 pread=6.562s
DBG getmany L48 nw=13 wall=0.499s thr(out)1 thr(in)16 conc_peak=13 pread=2.122s [reader]
DBG getmany L44 nw=9 wall=0.792s thr(out)1 thr(in)16 conc_peak=9 pread=8.101s
DBG getmany L49 nw=15 wall=0.916s thr(out)1 thr(in)16 conc_peak=15 pread=12.370s [reader]
DBG getmany L45 nw=11 wall=0.847s thr(out)1 thr(in)16 conc_peak=11 pread=13.032s
DBG getmany L50 nw=12 wall=0.591s thr(out)1 thr(in)16 conc_peak=12 pread=6.235s [reader]
DBG getmany L46 nw=11 wall=0.620s thr(out)1 thr(in)16 conc_peak=11 pread=8.306s
DBG getmany L51 nw=11 wall=0.292s thr(out)1 thr(in)16 conc_peak=11 pread=1.700s [reader]
DBG getmany L47 nw=12 wall=0.849s thr(out)1 thr(in)16 conc_peak=12 pread=8.347s
DBG getmany L52 nw=13 wall=0.469s thr(out)1 thr(in)16 conc_peak=13 pread=2.064s [reader]
DBG getmany L48 nw=10 wall=0.746s thr(out)1 thr(in)16 conc_peak=10 pread=8.163s
DBG getmany L53 nw=12 wall=0.365s thr(out)1 thr(in)16 conc_peak=12 pread=2.989s [reader]
DBG getmany L49 nw=13 wall=0.814s thr(out)1 thr(in)16 conc_peak=13 pread=10.398s
DBG getmany L54 nw=12 wall=0.386s thr(out)1 thr(in)16 conc_peak=12 pread=2.837s [reader]
DBG getmany L50 nw=13 wall=0.675s thr(out)1 thr(in)16 conc_peak=13 pread=8.325s
DBG getmany L55 nw=11 wall=0.427s thr(out)1 thr(in)16 conc_peak=11 pread=2.081s [reader]
DBG getmany L51 nw=11 wall=0.770s thr(out)1 thr(in)16 conc_peak=11 pread=9.347s
DBG getmany L56 nw=11 wall=0.839s thr(out)1 thr(in)16 conc_peak=11 pread=6.300s [reader]
DBG getmany L52 nw=11 wall=0.742s thr(out)1 thr(in)16 conc_peak=11 pread=9.143s
DBG getmany L57 nw=14 wall=0.695s thr(out)1 thr(in)16 conc_peak=14 pread=4.831s [reader]
DBG getmany L53 nw=13 wall=0.846s thr(out)1 thr(in)16 conc_peak=13 pread=10.854s
DBG getmany L58 nw=9 wall=0.341s thr(out)1 thr(in)16 conc_peak=9 pread=1.532s [reader]
DBG getmany L54 nw=12 wall=0.545s thr(out)1 thr(in)16 conc_peak=12 pread=6.914s
DBG getmany L59 nw=9 wall=0.149s thr(out)1 thr(in)16 conc_peak=9 pread=0.740s [reader]
DBG getmany L55 nw=10 wall=0.746s thr(out)1 thr(in)16 conc_peak=10 pread=7.203s
DBG getmany L60 nw=12 wall=0.860s thr(out)1 thr(in)16 conc_peak=12 pread=11.968s [reader]
DBG getmany L56 nw=11 wall=0.832s thr(out)1 thr(in)16 conc_peak=11 pread=16.016s
DBG getmany L61 nw=12 wall=0.588s thr(out)1 thr(in)16 conc_peak=12 pread=5.824s [reader]
DBG getmany L57 nw=14 wall=0.861s thr(out)1 thr(in)16 conc_peak=14 pread=11.902s
DBG getmany L62 nw=13 wall=0.307s thr(out)1 thr(in)16 conc_peak=13 pread=2.227s [reader]
DBG getmany L58 nw=10 wall=0.650s thr(out)1 thr(in)16 conc_peak=10 pread=7.230s
DBG getmany L63 nw=10 wall=0.332s thr(out)1 thr(in)16 conc_peak=10 pread=1.788s [reader]
DBG getmany L59 nw=9 wall=0.755s thr(out)1 thr(in)16 conc_peak=9 pread=6.665s
DBG getmany L64 nw=11 wall=0.300s thr(out)1 thr(in)16 conc_peak=11 pread=1.234s [reader]
DBG getmany L60 nw=11 wall=0.733s thr(out)1 thr(in)16 conc_peak=11 pread=7.788s
DBG getmany L65 nw=11 wall=0.186s thr(out)1 thr(in)16 conc_peak=11 pread=1.250s [reader]
DBG getmany L61 nw=13 wall=0.791s thr(out)1 thr(in)16 conc_peak=13 pread=9.778s
DBG getmany L66 nw=9 wall=0.499s thr(out)1 thr(in)16 conc_peak=9 pread=3.687s [reader]
DBG getmany L62 nw=9 wall=0.488s thr(out)1 thr(in)16 conc_peak=9 pread=5.958s
DBG getmany L67 nw=9 wall=0.456s thr(out)1 thr(in)16 conc_peak=9 pread=1.350s [reader]
DBG getmany L63 nw=11 wall=0.729s thr(out)1 thr(in)16 conc_peak=11 pread=7.288s
DBG getmany L68 nw=12 wall=0.243s thr(out)1 thr(in)16 conc_peak=12 pread=1.455s [reader]
DBG getmany L64 nw=13 wall=0.803s thr(out)1 thr(in)16 conc_peak=13 pread=9.956s
DBG getmany L69 nw=12 wall=0.571s thr(out)1 thr(in)16 conc_peak=12 pread=2.429s [reader]
DBG getmany L65 nw=9 wall=0.755s thr(out)1 thr(in)16 conc_peak=9 pread=8.241s
DBG getmany L70 nw=10 wall=0.639s thr(out)1 thr(in)16 conc_peak=10 pread=4.831s [reader]
DBG getmany L66 nw=11 wall=0.582s thr(out)1 thr(in)16 conc_peak=11 pread=7.542s
DBG getmany L71 nw=10 wall=0.319s thr(out)1 thr(in)16 conc_peak=10 pread=1.429s [reader]
DBG getmany L67 nw=12 wall=0.791s thr(out)1 thr(in)16 conc_peak=12 pread=8.918s
DBG getmany L72 nw=10 wall=0.291s thr(out)1 thr(in)16 conc_peak=10 pread=1.161s [reader]
DBG getmany L68 nw=15 wall=0.716s thr(out)1 thr(in)16 conc_peak=15 pread=9.350s
DBG getmany L73 nw=12 wall=0.631s thr(out)1 thr(in)16 conc_peak=12 pread=3.824s [reader]
DBG getmany L69 nw=13 wall=0.786s thr(out)1 thr(in)16 conc_peak=13 pread=12.150s
DBG getmany L74 nw=7 wall=0.155s thr(out)1 thr(in)16 conc_peak=7 pread=0.511s [reader]
DBG getmany L70 nw=11 wall=0.532s thr(out)1 thr(in)16 conc_peak=11 pread=5.076s
DBG getmany L75 nw=7 wall=0.116s thr(out)1 thr(in)16 conc_peak=7 pread=0.518s [reader]
DBG getmany L71 nw=12 wall=0.740s thr(out)1 thr(in)16 conc_peak=12 pread=7.492s
DBG getmany L76 nw=9 wall=0.277s thr(out)1 thr(in)16 conc_peak=9 pread=1.072s [reader]
DBG getmany L72 nw=11 wall=0.724s thr(out)1 thr(in)16 conc_peak=11 pread=7.728s
DBG getmany L77 nw=9 wall=0.349s thr(out)1 thr(in)16 conc_peak=9 pread=1.387s [reader]
DBG getmany L73 nw=14 wall=0.805s thr(out)1 thr(in)16 conc_peak=14 pread=10.418s
DBG getmany L74 nw=9 wall=0.493s thr(out)1 thr(in)16 conc_peak=9 pread=5.389s
DBG getmany L78 nw=11 wall=0.655s thr(out)1 thr(in)16 conc_peak=11 pread=9.231s [reader]
DBG getmany L79 nw=9 wall=0.153s thr(out)1 thr(in)16 conc_peak=9 pread=0.766s [reader]
DBG getmany L75 nw=10 wall=0.731s thr(out)1 thr(in)16 conc_peak=10 pread=7.297s
DBG getmany L80 nw=9 wall=0.488s thr(out)1 thr(in)16 conc_peak=9 pread=2.134s [reader]
DBG getmany L76 nw=10 wall=0.695s thr(out)1 thr(in)16 conc_peak=10 pread=8.645s
DBG getmany L81 nw=12 wall=0.875s thr(out)1 thr(in)16 conc_peak=12 pread=12.016s [reader]
DBG getmany L77 nw=10 wall=0.753s thr(out)1 thr(in)16 conc_peak=10 pread=12.571s
DBG getmany L78 nw=9 wall=0.526s thr(out)1 thr(in)16 conc_peak=9 pread=5.985s
DBG getmany L82 nw=10 wall=0.652s thr(out)1 thr(in)16 conc_peak=10 pread=6.710s [reader]
DBG getmany L83 nw=9 wall=0.139s thr(out)1 thr(in)16 conc_peak=9 pread=0.709s [reader]
DBG getmany L79 nw=9 wall=0.662s thr(out)1 thr(in)16 conc_peak=9 pread=5.253s
DBG getmany L84 nw=11 wall=0.536s thr(out)1 thr(in)16 conc_peak=11 pread=3.180s [reader]
DBG getmany L80 nw=14 wall=0.793s thr(out)1 thr(in)16 conc_peak=14 pread=10.842s
DBG getmany L85 nw=9 wall=0.788s thr(out)1 thr(in)16 conc_peak=9 pread=4.348s [reader]
DBG getmany L81 nw=13 wall=0.748s thr(out)1 thr(in)16 conc_peak=13 pread=11.200s
DBG getmany L82 nw=12 wall=0.599s thr(out)1 thr(in)16 conc_peak=12 pread=7.664s
DBG getmany L86 nw=11 wall=0.730s thr(out)1 thr(in)16 conc_peak=11 pread=9.408s [reader]
DBG getmany L87 nw=8 wall=0.137s thr(out)1 thr(in)16 conc_peak=8 pread=0.657s [reader]
DBG getmany L83 nw=11 wall=0.709s thr(out)1 thr(in)16 conc_peak=11 pread=7.680s
DBG getmany L88 nw=11 wall=0.452s thr(out)1 thr(in)16 conc_peak=11 pread=1.846s [reader]
DBG getmany L84 nw=12 wall=0.762s thr(out)1 thr(in)16 conc_peak=12 pread=9.681s
DBG getmany L89 nw=7 wall=0.724s thr(out)1 thr(in)16 conc_peak=7 pread=2.683s [reader]
DBG getmany L85 nw=10 wall=0.643s thr(out)1 thr(in)16 conc_peak=10 pread=7.396s
DBG getmany L90 nw=8 wall=0.139s thr(out)1 thr(in)16 conc_peak=8 pread=0.639s [reader]
DBG getmany L86 nw=10 wall=0.458s thr(out)1 thr(in)16 conc_peak=10 pread=3.680s
DBG getmany L91 nw=8 wall=0.121s thr(out)1 thr(in)16 conc_peak=8 pread=0.546s [reader]
DBG getmany L87 nw=10 wall=0.693s thr(out)1 thr(in)16 conc_peak=10 pread=6.555s
DBG getmany L92 nw=11 wall=0.495s thr(out)1 thr(in)16 conc_peak=11 pread=3.844s [reader]
DBG getmany L88 nw=9 wall=0.793s thr(out)1 thr(in)16 conc_peak=9 pread=8.084s
DBG getmany L89 nw=7 wall=0.612s thr(out)1 thr(in)16 conc_peak=7 pread=3.792s
DBG getmany L90 nw=9 wall=0.427s thr(out)1 thr(in)16 conc_peak=9 pread=3.500s
DBG getmany L91 nw=11 wall=0.421s thr(out)1 thr(in)16 conc_peak=11 pread=4.076s
DBG getmany L92 nw=13 wall=0.186s thr(out)1 thr(in)16 conc_peak=13 pread=1.406s
7      1389       105.88       100.0      36.34      0.009
  L2   resident=6778/14589 slots hit=100.0% read=301.80GB write=0.02GB
--------------------------------------------------------------------
8 tokens in 806.0 s, 100.75 s/token average
PEAK RSS for the whole run: 22.88 GB   <- quote this, not the plan
layers completed: 93/93; routed expert drops: 0


[chip] simulated MXFP4 GEMV bill over 9 tokens
  11776 expert chains | 777925951488 flops | 206636580864 bytes (206.64 GB)
  per token: 1308 chains | 22.96 GB | 0.09 Gflops
  compute wall @ 4 TFLOPS : 0.19 s (21.61 ms/token)
  bandwidth wall @ 200 GB/s : 1.03 s (114.80 ms/token)
  -> bandwidth-bound; to be compute-bound at 4 TFLOPS this needs 1062 GB/s
  expert fetch (host wall, measured): 595.78 s moving 206.64 GB = 0 GB/s
  chip pool wall (measured): 60.00 s

cache [final step]
  slots        : 784 of 17.56 MB = 13.76 GB arena (784 resident, 0 pinned)
  requests     : 1472  hits 1472 (100.00%)  misses 0  evictions 2071
  of those hits : 2071 came from the batch prefetch, i.e. read from disk
                  this token; TRUE resident hit rate 0.00%
  read from disk: 36.34 GB in 134.80 s (270 MB/s while loading)
  phase2 i/o    : 36.36 GB in 134.80 s (270 MB/s)  [pure parallel disk read]
  prefetch      : issued 1011  LATE 0  survival 28.0% (412/1472 prev-token routed experts still resident)
l2cache [final step]
  requests     : 17203  hits 17202 (99.99%)  misses 1
  read  from sdd7: 301.80 GB, written 0.02 GB
  hit I/O   : 301.80 GB in 987.07 s (wall) = 306 MB/s [pread 8340.26 s, 36 MB/s per-thread]
  miss I/O  : 1 misses, 0.02 GB from /model in 0.06 s (wall) = 272 MB/s
  restored from meta: 6778 slots

wrote /mnt/f/kimi-k3-in-c/reports/k_sweep_20260924_132402/k4.json
I/O share of wall clock: 204.0%  (trunk 655.6 s + experts 988.7 s of 806.0 s)
  both figures are WHOLE-RUN totals over 8 steps
  over 100% because trunk reads overlap compute on the reader thread;
  838.3 s of device time was hidden behind arithmetic
  experts, whole run: 302.08 GB read | 0 of 11776 requests retained in RAM (0.00%) | 16431 evictions
    (retention = requests - evictions; the raw `hits` counter includes
     experts the prefetcher had just read from disk, so it is not a
     measure of avoided I/O)

trunk [final]
  pinned 1/93 layers, ring 2 slots
  binds 744, hits 7 (0.9%), reads 737
  read 436.45 GB in 655.63 s (666 MB/s pread)
  per-layer loads [L]=count: 0=1 1=8 2=8 3=8 4=8 5=8 6=8 7=8 8=8 9=8 10=8 11=8 12=8 13=8 14=8 15=8 16=8 17=8 18=8 19=8 20=8 21=8 22=8 23=8 24=8 25=8 26=8 27=8 28=8 29=8 30=8 31=8 32=8 33=8 34=8 35=8 36=8 37=8 38=8 39=8 40=8 41=8 42=8 43=8 44=8 45=8 46=8 47=8 48=8 49=8 50=8 51=8 52=8 53=8 54=8 55=8 56=8 57=8 58=8 59=8 60=8 61=8 62=8 63=8 64=8 65=8 66=8 67=8 68=8 69=8 70=8 71=8 72=8 73=8 74=8 75=8 76=8 77=8 78=8 79=8 80=8 81=8 82=8 83=8 84=8 85=8 86=8 87=8 88=8 89=8 90=8 91=8 92=8
  bind wall 27.21 s over 744 binds; read 655.63 + widen 3.39 = 659.02 s of device work,
                    of which 631.81 s (96%) overlapped compute on the reader thread
  widen breakdown: find 305 ms (19640)  copy 0 ms (9184)  deq 3072 ms (6320)  timed 3 s of widen 3.39 s
TIME_ELAPSED=827.92
