L2 auto: 209 GB free on /mnt/nvme -> L2 at 256 GB
k3 chip: 4 workers, 4 TFLOPS, 200 GB/s simulated wall
  L2 want=17547264 slot=17547264 nbytes=17547264 fd=O_DIRECT
  L2 want=17547264 slot=17547264 nbytes=17547264 fd=O_DIRECT
  L2 want=17547264 slot=17547264 nbytes=17547264 fd=O_DIRECT
  L2 want=17547264 slot=17547264 nbytes=17547264 fd=O_DIRECT
  L2 want=17547264 slot=17547264 nbytes=17547264 fd=O_DIRECT
  L2 want=17547264 slot=17547264 nbytes=17547264 fd=O_DIRECT
  L2 want=17547264 slot=17547264 nbytes=17547264 fd=O_DIRECT
  L2 want=17547264 slot=17547264 nbytes=17547264 fd=O_DIRECT
  L2 want=17547264 slot=17547264 nbytes=17547264 fd=O_DIRECT
  L2 want=17547264 slot=17547264 nbytes=17547264 fd=O_DIRECT
  L2 want=17547264 slot=17547264 nbytes=17547264 fd=O_DIRECT
  L2 want=17547264 slot=17547264 nbytes=17547264 fd=O_DIRECT
  L2 want=17547264 slot=17547264 nbytes=17547264 fd=O_DIRECT
  L2 want=17547264 slot=17547264 nbytes=17547264 fd=O_DIRECT
  L2 want=17547264 slot=17547264 nbytes=17547264 fd=O_DIRECT
  L2 want=17547264 slot=17547264 nbytes=17547264 fd=O_DIRECT
DBG getmany L1 nw=16 wall=0.209s thr(out)1 thr(in)16 conc_peak=16 pread=0.000s
  L2 want=17547264 slot=17547264 nbytes=17547264 fd=O_DIRECT
  L2 want=17547264 slot=17547264 nbytes=17547264 fd=O_DIRECT
  L2 want=17547264 slot=17547264 nbytes=17547264 fd=O_DIRECT
  L2 want=17547264 slot=17547264 nbytes=17547264 fd=O_DIRECT
  L2 want=17547264 slot=17547264 nbytes=17547264 fd=O_DIRECT
  L2 want=17547264 slot=17547264 nbytes=17547264 fd=O_DIRECT
  L2 want=17547264 slot=17547264 nbytes=17547264 fd=O_DIRECT
  L2 want=17547264 slot=17547264 nbytes=17547264 fd=O_DIRECT
  L2 want=17547264 slot=17547264 nbytes=17547264 fd=O_DIRECT
  L2 want=17547264 slot=17547264 nbytes=17547264 fd=O_DIRECT
  L2 want=17547264 slot=17547264 nbytes=17547264 fd=O_DIRECT
  L2 want=17547264 slot=17547264 nbytes=17547264 fd=O_DIRECT
  L2 want=17547264 slot=17547264 nbytes=17547264 fd=O_DIRECT
  L2 want=17547264 slot=17547264 nbytes=17547264 fd=O_DIRECT
  L2 want=17547264 slot=17547264 nbytes=17547264 fd=O_DIRECT
  L2 want=17547264 slot=17547264 nbytes=17547264 fd=O_DIRECT
DBG getmany L2 nw=16 wall=0.187s thr(out)1 thr(in)16 conc_peak=16 pread=0.000s
  L2 want=17547264 slot=17547264 nbytes=17547264 fd=O_DIRECT
  L2 want=17547264 slot=17547264 nbytes=17547264 fd=O_DIRECT
  L2 want=17547264 slot=17547264 nbytes=17547264 fd=O_DIRECT
  L2 want=17547264 slot=17547264 nbytes=17547264 fd=O_DIRECT
  L2 want=17547264 slot=17547264 nbytes=17547264 fd=O_DIRECT
  L2 want=17547264 slot=17547264 nbytes=17547264 fd=O_DIRECT
  L2 want=17547264 slot=17547264 nbytes=17547264 fd=O_DIRECT
  L2 want=17547264 slot=17547264 nbytes=17547264 fd=O_DIRECT
  L2 want=17547264 slot=17547264 nbytes=17547264 fd=O_DIRECT
  L2 want=17547264 slot=17547264 nbytes=17547264 fd=O_DIRECT
  L2 want=17547264 slot=17547264 nbytes=17547264 fd=O_DIRECT
  L2 want=17547264 slot=17547264 nbytes=17547264 fd=O_DIRECT
  L2 want=17547264 slot=17547264 nbytes=17547264 fd=O_DIRECT
  L2 want=17547264 slot=17547264 nbytes=17547264 fd=O_DIRECT
  L2 want=17547264 slot=17547264 nbytes=17547264 fd=O_DIRECT
  L2 want=17547264 slot=17547264 nbytes=17547264 fd=O_DIRECT
DBG getmany L3 nw=16 wall=0.195s thr(out)1 thr(in)16 conc_peak=16 pread=0.000s
DBG getmany L4 nw=16 wall=0.186s thr(out)1 thr(in)16 conc_peak=16 pread=0.000s
DBG getmany L5 nw=16 wall=0.193s thr(out)1 thr(in)16 conc_peak=16 pread=0.000s
DBG getmany L6 nw=16 wall=0.198s thr(out)1 thr(in)16 conc_peak=16 pread=0.000s
  L2 want=17547264 slot=17547264 nbytes=17547264 fd=O_DIRECT
  L2 want=17547264 slot=17547264 nbytes=17547264 fd=O_DIRECT
  L2 want=17547264 slot=17547264 nbytes=17547264 fd=O_DIRECT
  L2 want=17547264 slot=17547264 nbytes=17547264 fd=O_DIRECT
  L2 want=17547264 slot=17547264 nbytes=17547264 fd=O_DIRECT
  L2 want=17547264 slot=17547264 nbytes=17547264 fd=O_DIRECT
  L2 want=17547264 slot=17547264 nbytes=17547264 fd=O_DIRECT
  L2 want=17547264 slot=17547264 nbytes=17547264 fd=O_DIRECT
  L2 want=17547264 slot=17547264 nbytes=17547264 fd=O_DIRECT
  L2 want=17547264 slot=17547264 nbytes=17547264 fd=O_DIRECT
  L2 want=17547264 slot=17547264 nbytes=17547264 fd=O_DIRECT
  L2 want=17547264 slot=17547264 nbytes=17547264 fd=O_DIRECT
  L2 want=17547264 slot=17547264 nbytes=17547264 fd=O_DIRECT
  L2 want=17547264 slot=17547264 nbytes=17547264 fd=O_DIRECT
  L2 want=17547264 slot=17547264 nbytes=17547264 fd=O_DIRECT
  L2 want=17547264 slot=17547264 nbytes=17547264 fd=O_DIRECT
DBG getmany L7 nw=16 wall=0.175s thr(out)1 thr(in)16 conc_peak=16 pread=0.000s
  L2 want=17547264 slot=17547264 nbytes=17547264 fd=O_DIRECT
  L2 want=17547264 slot=17547264 nbytes=17547264 fd=O_DIRECT
  L2 want=17547264 slot=17547264 nbytes=17547264 fd=O_DIRECT
  L2 want=17547264 slot=17547264 nbytes=17547264 fd=O_DIRECT
  L2 want=17547264 slot=17547264 nbytes=17547264 fd=O_DIRECT
  L2 want=17547264 slot=17547264 nbytes=17547264 fd=O_DIRECT
  L2 want=17547264 slot=17547264 nbytes=17547264 fd=O_DIRECT
  L2 want=17547264 slot=17547264 nbytes=17547264 fd=O_DIRECT
  L2 want=17547264 slot=17547264 nbytes=17547264 fd=O_DIRECT
  L2 want=17547264 slot=17547264 nbytes=17547264 fd=O_DIRECT
  L2 want=17547264 slot=17547264 nbytes=17547264 fd=O_DIRECT
  L2 want=17547264 slot=17547264 nbytes=17547264 fd=O_DIRECT
  L2 want=17547264 slot=17547264 nbytes=17547264 fd=O_DIRECT
  L2 want=17547264 slot=17547264 nbytes=17547264 fd=O_DIRECT
  L2 want=17547264 slot=17547264 nbytes=17547264 fd=O_DIRECT
  L2 want=17547264 slot=17547264 nbytes=17547264 fd=O_DIRECT
DBG getmany L8 nw=16 wall=0.182s thr(out)1 thr(in)16 conc_peak=16 pread=0.000s
  L2 want=17547264 slot=17547264 nbytes=17547264 fd=O_DIRECT
  L2 want=17547264 slot=17547264 nbytes=17547264 fd=O_DIRECT
  L2 want=17547264 slot=17547264 nbytes=17547264 fd=O_DIRECT
  L2 want=17547264 slot=17547264 nbytes=17547264 fd=O_DIRECT
  L2 want=17547264 slot=17547264 nbytes=17547264 fd=O_DIRECT
  L2 want=17547264 slot=17547264 nbytes=17547264 fd=O_DIRECT
  L2 want=17547264 slot=17547264 nbytes=17547264 fd=O_DIRECT
  L2 want=17547264 slot=17547264 nbytes=17547264 fd=O_DIRECT
  L2 want=17547264 slot=17547264 nbytes=17547264 fd=O_DIRECT
  L2 want=17547264 slot=17547264 nbytes=17547264 fd=O_DIRECT
  L2 want=17547264 slot=17547264 nbytes=17547264 fd=O_DIRECT
  L2 want=17547264 slot=17547264 nbytes=17547264 fd=O_DIRECT
  L2 want=17547264 slot=17547264 nbytes=17547264 fd=O_DIRECT
  L2 want=17547264 slot=17547264 nbytes=17547264 fd=O_DIRECT
  L2 want=17547264 slot=17547264 nbytes=17547264 fd=O_DIRECT
  L2 want=17547264 slot=17547264 nbytes=17547264 fd=O_DIRECT
DBG getmany L9 nw=16 wall=0.209s thr(out)1 thr(in)16 conc_peak=16 pread=0.000s
  L2 want=17547264 slot=17547264 nbytes=17547264 fd=O_DIRECT
  L2 want=17547264 slot=17547264 nbytes=17547264 fd=O_DIRECT
  L2 want=17547264 slot=17547264 nbytes=17547264 fd=O_DIRECT
  L2 want=17547264 slot=17547264 nbytes=17547264 fd=O_DIRECT
  L2 want=17547264 slot=17547264 nbytes=17547264 fd=O_DIRECT
  L2 want=17547264 slot=17547264 nbytes=17547264 fd=O_DIRECT
  L2 want=17547264 slot=17547264 nbytes=17547264 fd=O_DIRECT
  L2 want=17547264 slot=17547264 nbytes=17547264 fd=O_DIRECT
  L2 want=17547264 slot=17547264 nbytes=17547264 fd=O_DIRECT
  L2 want=17547264 slot=17547264 nbytes=17547264 fd=O_DIRECT
  L2 want=17547264 slot=17547264 nbytes=17547264 fd=O_DIRECT
  L2 want=17547264 slot=17547264 nbytes=17547264 fd=O_DIRECT
  L2 want=17547264 slot=17547264 nbytes=17547264 fd=O_DIRECT
  L2 want=17547264 slot=17547264 nbytes=17547264 fd=O_DIRECT
  L2 want=17547264 slot=17547264 nbytes=17547264 fd=O_DIRECT
  L2 want=17547264 slot=17547264 nbytes=17547264 fd=O_DIRECT
DBG getmany L10 nw=16 wall=0.204s thr(out)1 thr(in)16 conc_peak=16 pread=0.000s
  L2 want=17547264 slot=17547264 nbytes=17547264 fd=O_DIRECT
  L2 want=17547264 slot=17547264 nbytes=17547264 fd=O_DIRECT
  L2 want=17547264 slot=17547264 nbytes=17547264 fd=O_DIRECT
  L2 want=17547264 slot=17547264 nbytes=17547264 fd=O_DIRECT
  L2 want=17547264 slot=17547264 nbytes=17547264 fd=O_DIRECT
  L2 want=17547264 slot=17547264 nbytes=17547264 fd=O_DIRECT
  L2 want=17547264 slot=17547264 nbytes=17547264 fd=O_DIRECT
  L2 want=17547264 slot=17547264 nbytes=17547264 fd=O_DIRECT
  L2 want=17547264 slot=17547264 nbytes=17547264 fd=O_DIRECT
  L2 want=17547264 slot=17547264 nbytes=17547264 fd=O_DIRECT
  L2 want=17547264 slot=17547264 nbytes=17547264 fd=O_DIRECT
  L2 want=17547264 slot=17547264 nbytes=17547264 fd=O_DIRECT
  L2 want=17547264 slot=17547264 nbytes=17547264 fd=O_DIRECT
  L2 want=17547264 slot=17547264 nbytes=17547264 fd=O_DIRECT
  L2 want=17547264 slot=17547264 nbytes=17547264 fd=O_DIRECT
  L2 want=17547264 slot=17547264 nbytes=17547264 fd=O_DIRECT
DBG getmany L11 nw=16 wall=0.197s thr(out)1 thr(in)16 conc_peak=16 pread=0.000s
DBG getmany L12 nw=16 wall=0.205s thr(out)1 thr(in)16 conc_peak=16 pread=0.000s
DBG getmany L13 nw=16 wall=0.199s thr(out)1 thr(in)16 conc_peak=16 pread=0.000s
  L2 want=17547264 slot=17547264 nbytes=17547264 fd=O_DIRECT
  L2 want=17547264 slot=17547264 nbytes=17547264 fd=O_DIRECT
  L2 want=17547264 slot=17547264 nbytes=17547264 fd=O_DIRECT
  L2 want=17547264 slot=17547264 nbytes=17547264 fd=O_DIRECT
  L2 want=17547264 slot=17547264 nbytes=17547264 fd=O_DIRECT
  L2 want=17547264 slot=17547264 nbytes=17547264 fd=O_DIRECT
  L2 want=17547264 slot=17547264 nbytes=17547264 fd=O_DIRECT
  L2 want=17547264 slot=17547264 nbytes=17547264 fd=O_DIRECT
  L2 want=17547264 slot=17547264 nbytes=17547264 fd=O_DIRECT
  L2 want=17547264 slot=17547264 nbytes=17547264 fd=O_DIRECT
  L2 want=17547264 slot=17547264 nbytes=17547264 fd=O_DIRECT
  L2 want=17547264 slot=17547264 nbytes=17547264 fd=O_DIRECT
  L2 want=17547264 slot=17547264 nbytes=17547264 fd=O_DIRECT
  L2 want=17547264 slot=17547264 nbytes=17547264 fd=O_DIRECT
  L2 want=17547264 slot=17547264 nbytes=17547264 fd=O_DIRECT
  L2 want=17547264 slot=17547264 nbytes=17547264 fd=O_DIRECT
DBG getmany L14 nw=16 wall=0.252s thr(out)1 thr(in)16 conc_peak=16 pread=0.000s
  L2 want=17547264 slot=17547264 nbytes=17547264 fd=O_DIRECT
  L2 want=17547264 slot=17547264 nbytes=17547264 fd=O_DIRECT
  L2 want=17547264 slot=17547264 nbytes=17547264 fd=O_DIRECT
  L2 want=17547264 slot=17547264 nbytes=17547264 fd=O_DIRECT
  L2 want=17547264 slot=17547264 nbytes=17547264 fd=O_DIRECT
  L2 want=17547264 slot=17547264 nbytes=17547264 fd=O_DIRECT
  L2 want=17547264 slot=17547264 nbytes=17547264 fd=O_DIRECT
  L2 want=17547264 slot=17547264 nbytes=17547264 fd=O_DIRECT
  L2 want=17547264 slot=17547264 nbytes=17547264 fd=O_DIRECT
  L2 want=17547264 slot=17547264 nbytes=17547264 fd=O_DIRECT
  L2 want=17547264 slot=17547264 nbytes=17547264 fd=O_DIRECT
  L2 want=17547264 slot=17547264 nbytes=17547264 fd=O_DIRECT
  L2 want=17547264 slot=17547264 nbytes=17547264 fd=O_DIRECT
  L2 want=17547264 slot=17547264 nbytes=17547264 fd=O_DIRECT
  L2 want=17547264 slot=17547264 nbytes=17547264 fd=O_DIRECT
  L2 want=17547264 slot=17547264 nbytes=17547264 fd=O_DIRECT
DBG getmany L15 nw=16 wall=0.206s thr(out)1 thr(in)16 conc_peak=16 pread=0.000s
  L2 want=17547264 slot=17547264 nbytes=17547264 fd=O_DIRECT
  L2 want=17547264 slot=17547264 nbytes=17547264 fd=O_DIRECT
  L2 want=17547264 slot=17547264 nbytes=17547264 fd=O_DIRECT
  L2 want=17547264 slot=17547264 nbytes=17547264 fd=O_DIRECT
  L2 want=17547264 slot=17547264 nbytes=17547264 fd=O_DIRECT
  L2 want=17547264 slot=17547264 nbytes=17547264 fd=O_DIRECT
  L2 want=17547264 slot=17547264 nbytes=17547264 fd=O_DIRECT
  L2 want=17547264 slot=17547264 nbytes=17547264 fd=O_DIRECT
  L2 want=17547264 slot=17547264 nbytes=17547264 fd=O_DIRECT
  L2 want=17547264 slot=17547264 nbytes=17547264 fd=O_DIRECT
  L2 want=17547264 slot=17547264 nbytes=17547264 fd=O_DIRECT
  L2 want=17547264 slot=17547264 nbytes=17547264 fd=O_DIRECT
  L2 want=17547264 slot=17547264 nbytes=17547264 fd=O_DIRECT
  L2 want=17547264 slot=17547264 nbytes=17547264 fd=O_DIRECT
  L2 want=17547264 slot=17547264 nbytes=17547264 fd=O_DIRECT
  L2 want=17547264 slot=17547264 nbytes=17547264 fd=O_DIRECT
DBG getmany L16 nw=16 wall=0.194s thr(out)1 thr(in)16 conc_peak=16 pread=0.000s
DBG getmany L17 nw=16 wall=0.505s thr(out)1 thr(in)16 conc_peak=16 pread=0.000s
  L2 want=17547264 slot=17547264 nbytes=17547264 fd=O_DIRECT
  L2 want=17547264 slot=17547264 nbytes=17547264 fd=O_DIRECT
  L2 want=17547264 slot=17547264 nbytes=17547264 fd=O_DIRECT
  L2 want=17547264 slot=17547264 nbytes=17547264 fd=O_DIRECT
  L2 want=17547264 slot=17547264 nbytes=17547264 fd=O_DIRECT
  L2 want=17547264 slot=17547264 nbytes=17547264 fd=O_DIRECT
  L2 want=17547264 slot=17547264 nbytes=17547264 fd=O_DIRECT
  L2 want=17547264 slot=17547264 nbytes=17547264 fd=O_DIRECT
  L2 want=17547264 slot=17547264 nbytes=17547264 fd=O_DIRECT
  L2 want=17547264 slot=17547264 nbytes=17547264 fd=O_DIRECT
  L2 want=17547264 slot=17547264 nbytes=17547264 fd=O_DIRECT
  L2 want=17547264 slot=17547264 nbytes=17547264 fd=O_DIRECT
  L2 want=17547264 slot=17547264 nbytes=17547264 fd=O_DIRECT
  L2 want=17547264 slot=17547264 nbytes=17547264 fd=O_DIRECT
  L2 want=17547264 slot=17547264 nbytes=17547264 fd=O_DIRECT
  L2 want=17547264 slot=17547264 nbytes=17547264 fd=O_DIRECT
DBG getmany L18 nw=16 wall=0.401s thr(out)1 thr(in)16 conc_peak=16 pread=0.000s
DBG getmany L19 nw=16 wall=0.494s thr(out)1 thr(in)16 conc_peak=16 pread=0.000s
DBG getmany L20 nw=16 wall=0.479s thr(out)1 thr(in)16 conc_peak=16 pread=0.000s
  L2 want=17547264 slot=17547264 nbytes=17547264 fd=O_DIRECT
  L2 want=17547264 slot=17547264 nbytes=17547264 fd=O_DIRECT
  L2 want=17547264 slot=17547264 nbytes=17547264 fd=O_DIRECT
  L2 want=17547264 slot=17547264 nbytes=17547264 fd=O_DIRECT
  L2 want=17547264 slot=17547264 nbytes=17547264 fd=O_DIRECT
  L2 want=17547264 slot=17547264 nbytes=17547264 fd=O_DIRECT
  L2 want=17547264 slot=17547264 nbytes=17547264 fd=O_DIRECT
  L2 want=17547264 slot=17547264 nbytes=17547264 fd=O_DIRECT
  L2 want=17547264 slot=17547264 nbytes=17547264 fd=O_DIRECT
  L2 want=17547264 slot=17547264 nbytes=17547264 fd=O_DIRECT
  L2 want=17547264 slot=17547264 nbytes=17547264 fd=O_DIRECT
  L2 want=17547264 slot=17547264 nbytes=17547264 fd=O_DIRECT
  L2 want=17547264 slot=17547264 nbytes=17547264 fd=O_DIRECT
  L2 want=17547264 slot=17547264 nbytes=17547264 fd=O_DIRECT
  L2 want=17547264 slot=17547264 nbytes=17547264 fd=O_DIRECT
  L2 want=17547264 slot=17547264 nbytes=17547264 fd=O_DIRECT
DBG getmany L21 nw=16 wall=0.513s thr(out)1 thr(in)16 conc_peak=16 pread=0.000s
  L2 want=17547264 slot=17547264 nbytes=17547264 fd=O_DIRECT
  L2 want=17547264 slot=17547264 nbytes=17547264 fd=O_DIRECT
  L2 want=17547264 slot=17547264 nbytes=17547264 fd=O_DIRECT
  L2 want=17547264 slot=17547264 nbytes=17547264 fd=O_DIRECT
  L2 want=17547264 slot=17547264 nbytes=17547264 fd=O_DIRECT
  L2 want=17547264 slot=17547264 nbytes=17547264 fd=O_DIRECT
  L2 want=17547264 slot=17547264 nbytes=17547264 fd=O_DIRECT
  L2 want=17547264 slot=17547264 nbytes=17547264 fd=O_DIRECT
  L2 want=17547264 slot=17547264 nbytes=17547264 fd=O_DIRECT
  L2 want=17547264 slot=17547264 nbytes=17547264 fd=O_DIRECT
  L2 want=17547264 slot=17547264 nbytes=17547264 fd=O_DIRECT
  L2 want=17547264 slot=17547264 nbytes=17547264 fd=O_DIRECT
  L2 want=17547264 slot=17547264 nbytes=17547264 fd=O_DIRECT
  L2 want=17547264 slot=17547264 nbytes=17547264 fd=O_DIRECT
  L2 want=17547264 slot=17547264 nbytes=17547264 fd=O_DIRECT
  L2 want=17547264 slot=17547264 nbytes=17547264 fd=O_DIRECT
DBG getmany L22 nw=16 wall=0.403s thr(out)1 thr(in)16 conc_peak=16 pread=0.000s
DBG getmany L23 nw=16 wall=0.499s thr(out)1 thr(in)16 conc_peak=16 pread=0.000s
  L2 want=17547264 slot=17547264 nbytes=17547264 fd=O_DIRECT
  L2 want=17547264 slot=17547264 nbytes=17547264 fd=O_DIRECT
  L2 want=17547264 slot=17547264 nbytes=17547264 fd=O_DIRECT
  L2 want=17547264 slot=17547264 nbytes=17547264 fd=O_DIRECT
  L2 want=17547264 slot=17547264 nbytes=17547264 fd=O_DIRECT
  L2 want=17547264 slot=17547264 nbytes=17547264 fd=O_DIRECT
  L2 want=17547264 slot=17547264 nbytes=17547264 fd=O_DIRECT
  L2 want=17547264 slot=17547264 nbytes=17547264 fd=O_DIRECT
  L2 want=17547264 slot=17547264 nbytes=17547264 fd=O_DIRECT
  L2 want=17547264 slot=17547264 nbytes=17547264 fd=O_DIRECT
  L2 want=17547264 slot=17547264 nbytes=17547264 fd=O_DIRECT
  L2 want=17547264 slot=17547264 nbytes=17547264 fd=O_DIRECT
  L2 want=17547264 slot=17547264 nbytes=17547264 fd=O_DIRECT
  L2 want=17547264 slot=17547264 nbytes=17547264 fd=O_DIRECT
  L2 want=17547264 slot=17547264 nbytes=17547264 fd=O_DIRECT
  L2 want=17547264 slot=17547264 nbytes=17547264 fd=O_DIRECT
DBG getmany L24 nw=16 wall=0.577s thr(out)1 thr(in)16 conc_peak=16 pread=0.000s
  L2 want=17547264 slot=17547264 nbytes=17547264 fd=O_DIRECT
  L2 want=17547264 slot=17547264 nbytes=17547264 fd=O_DIRECT
  L2 want=17547264 slot=17547264 nbytes=17547264 fd=O_DIRECT
  L2 want=17547264 slot=17547264 nbytes=17547264 fd=O_DIRECT
  L2 want=17547264 slot=17547264 nbytes=17547264 fd=O_DIRECT
  L2 want=17547264 slot=17547264 nbytes=17547264 fd=O_DIRECT
  L2 want=17547264 slot=17547264 nbytes=17547264 fd=O_DIRECT
  L2 want=17547264 slot=17547264 nbytes=17547264 fd=O_DIRECT
  L2 want=17547264 slot=17547264 nbytes=17547264 fd=O_DIRECT
  L2 want=17547264 slot=17547264 nbytes=17547264 fd=O_DIRECT
  L2 want=17547264 slot=17547264 nbytes=17547264 fd=O_DIRECT
  L2 want=17547264 slot=17547264 nbytes=17547264 fd=O_DIRECT
  L2 want=17547264 slot=17547264 nbytes=17547264 fd=O_DIRECT
  L2 want=17547264 slot=17547264 nbytes=17547264 fd=O_DIRECT
  L2 want=17547264 slot=17547264 nbytes=17547264 fd=O_DIRECT
  L2 want=17547264 slot=17547264 nbytes=17547264 fd=O_DIRECT
DBG getmany L25 nw=16 wall=0.544s thr(out)1 thr(in)16 conc_peak=16 pread=0.000s
  L2 want=17547264 slot=17547264 nbytes=17547264 fd=O_DIRECT
  L2 want=17547264 slot=17547264 nbytes=17547264 fd=O_DIRECT
  L2 want=17547264 slot=17547264 nbytes=17547264 fd=O_DIRECT
  L2 want=17547264 slot=17547264 nbytes=17547264 fd=O_DIRECT
  L2 want=17547264 slot=17547264 nbytes=17547264 fd=O_DIRECT
  L2 want=17547264 slot=17547264 nbytes=17547264 fd=O_DIRECT
  L2 want=17547264 slot=17547264 nbytes=17547264 fd=O_DIRECT
  L2 want=17547264 slot=17547264 nbytes=17547264 fd=O_DIRECT
  L2 want=17547264 slot=17547264 nbytes=17547264 fd=O_DIRECT
  L2 want=17547264 slot=17547264 nbytes=17547264 fd=O_DIRECT
  L2 want=17547264 slot=17547264 nbytes=17547264 fd=O_DIRECT
  L2 want=17547264 slot=17547264 nbytes=17547264 fd=O_DIRECT
  L2 want=17547264 slot=17547264 nbytes=17547264 fd=O_DIRECT
  L2 want=17547264 slot=17547264 nbytes=17547264 fd=O_DIRECT
  L2 want=17547264 slot=17547264 nbytes=17547264 fd=O_DIRECT
  L2 want=17547264 slot=17547264 nbytes=17547264 fd=O_DIRECT
DBG getmany L26 nw=16 wall=0.411s thr(out)1 thr(in)16 conc_peak=16 pread=0.000s
DBG getmany L27 nw=16 wall=0.499s thr(out)1 thr(in)16 conc_peak=16 pread=0.000s
  L2 want=17547264 slot=17547264 nbytes=17547264 fd=O_DIRECT
  L2 want=17547264 slot=17547264 nbytes=17547264 fd=O_DIRECT
  L2 want=17547264 slot=17547264 nbytes=17547264 fd=O_DIRECT
  L2 want=17547264 slot=17547264 nbytes=17547264 fd=O_DIRECT
  L2 want=17547264 slot=17547264 nbytes=17547264 fd=O_DIRECT
  L2 want=17547264 slot=17547264 nbytes=17547264 fd=O_DIRECT
  L2 want=17547264 slot=17547264 nbytes=17547264 fd=O_DIRECT
  L2 want=17547264 slot=17547264 nbytes=17547264 fd=O_DIRECT
  L2 want=17547264 slot=17547264 nbytes=17547264 fd=O_DIRECT
  L2 want=17547264 slot=17547264 nbytes=17547264 fd=O_DIRECT
  L2 want=17547264 slot=17547264 nbytes=17547264 fd=O_DIRECT
  L2 want=17547264 slot=17547264 nbytes=17547264 fd=O_DIRECT
  L2 want=17547264 slot=17547264 nbytes=17547264 fd=O_DIRECT
  L2 want=17547264 slot=17547264 nbytes=17547264 fd=O_DIRECT
  L2 want=17547264 slot=17547264 nbytes=17547264 fd=O_DIRECT
  L2 want=17547264 slot=17547264 nbytes=17547264 fd=O_DIRECT
DBG getmany L28 nw=16 wall=0.470s thr(out)1 thr(in)16 conc_peak=16 pread=0.000s
  L2 want=17547264 slot=17547264 nbytes=17547264 fd=O_DIRECT
  L2 want=17547264 slot=17547264 nbytes=17547264 fd=O_DIRECT
  L2 want=17547264 slot=17547264 nbytes=17547264 fd=O_DIRECT
  L2 want=17547264 slot=17547264 nbytes=17547264 fd=O_DIRECT
  L2 want=17547264 slot=17547264 nbytes=17547264 fd=O_DIRECT
  L2 want=17547264 slot=17547264 nbytes=17547264 fd=O_DIRECT
  L2 want=17547264 slot=17547264 nbytes=17547264 fd=O_DIRECT
  L2 want=17547264 slot=17547264 nbytes=17547264 fd=O_DIRECT
  L2 want=17547264 slot=17547264 nbytes=17547264 fd=O_DIRECT
  L2 want=17547264 slot=17547264 nbytes=17547264 fd=O_DIRECT
  L2 want=17547264 slot=17547264 nbytes=17547264 fd=O_DIRECT
  L2 want=17547264 slot=17547264 nbytes=17547264 fd=O_DIRECT
  L2 want=17547264 slot=17547264 nbytes=17547264 fd=O_DIRECT
  L2 want=17547264 slot=17547264 nbytes=17547264 fd=O_DIRECT
  L2 want=17547264 slot=17547264 nbytes=17547264 fd=O_DIRECT
  L2 want=17547264 slot=17547264 nbytes=17547264 fd=O_DIRECT
DBG getmany L29 nw=16 wall=0.513s thr(out)1 thr(in)16 conc_peak=16 pread=0.000s
  L2 want=17547264 slot=17547264 nbytes=17547264 fd=O_DIRECT
  L2 want=17547264 slot=17547264 nbytes=17547264 fd=O_DIRECT
  L2 want=17547264 slot=17547264 nbytes=17547264 fd=O_DIRECT
  L2 want=17547264 slot=17547264 nbytes=17547264 fd=O_DIRECT
  L2 want=17547264 slot=17547264 nbytes=17547264 fd=O_DIRECT
  L2 want=17547264 slot=17547264 nbytes=17547264 fd=O_DIRECT
  L2 want=17547264 slot=17547264 nbytes=17547264 fd=O_DIRECT
  L2 want=17547264 slot=17547264 nbytes=17547264 fd=O_DIRECT
  L2 want=17547264 slot=17547264 nbytes=17547264 fd=O_DIRECT
  L2 want=17547264 slot=17547264 nbytes=17547264 fd=O_DIRECT
  L2 want=17547264 slot=17547264 nbytes=17547264 fd=O_DIRECT
  L2 want=17547264 slot=17547264 nbytes=17547264 fd=O_DIRECT
  L2 want=17547264 slot=17547264 nbytes=17547264 fd=O_DIRECT
  L2 want=17547264 slot=17547264 nbytes=17547264 fd=O_DIRECT
  L2 want=17547264 slot=17547264 nbytes=17547264 fd=O_DIRECT
  L2 want=17547264 slot=17547264 nbytes=17547264 fd=O_DIRECT
DBG getmany L30 nw=16 wall=0.401s thr(out)1 thr(in)16 conc_peak=16 pread=0.000s
DBG getmany L31 nw=16 wall=0.564s thr(out)1 thr(in)16 conc_peak=16 pread=0.000s
  L2 want=17547264 slot=17547264 nbytes=17547264 fd=O_DIRECT
  L2 want=17547264 slot=17547264 nbytes=17547264 fd=O_DIRECT
  L2 want=17547264 slot=17547264 nbytes=17547264 fd=O_DIRECT
  L2 want=17547264 slot=17547264 nbytes=17547264 fd=O_DIRECT
  L2 want=17547264 slot=17547264 nbytes=17547264 fd=O_DIRECT
  L2 want=17547264 slot=17547264 nbytes=17547264 fd=O_DIRECT
  L2 want=17547264 slot=17547264 nbytes=17547264 fd=O_DIRECT
  L2 want=17547264 slot=17547264 nbytes=17547264 fd=O_DIRECT
  L2 want=17547264 slot=17547264 nbytes=17547264 fd=O_DIRECT
  L2 want=17547264 slot=17547264 nbytes=17547264 fd=O_DIRECT
  L2 want=17547264 slot=17547264 nbytes=17547264 fd=O_DIRECT
  L2 want=17547264 slot=17547264 nbytes=17547264 fd=O_DIRECT
  L2 want=17547264 slot=17547264 nbytes=17547264 fd=O_DIRECT
  L2 want=17547264 slot=17547264 nbytes=17547264 fd=O_DIRECT
  L2 want=17547264 slot=17547264 nbytes=17547264 fd=O_DIRECT
  L2 want=17547264 slot=17547264 nbytes=17547264 fd=O_DIRECT
DBG getmany L32 nw=16 wall=0.559s thr(out)1 thr(in)16 conc_peak=16 pread=0.000s
DBG getmany L33 nw=16 wall=0.591s thr(out)1 thr(in)16 conc_peak=15 pread=0.000s
  L2 want=17547264 slot=17547264 nbytes=17547264 fd=O_DIRECT
  L2 want=17547264 slot=17547264 nbytes=17547264 fd=O_DIRECT
  L2 want=17547264 slot=17547264 nbytes=17547264 fd=O_DIRECT
  L2 want=17547264 slot=17547264 nbytes=17547264 fd=O_DIRECT
  L2 want=17547264 slot=17547264 nbytes=17547264 fd=O_DIRECT
  L2 want=17547264 slot=17547264 nbytes=17547264 fd=O_DIRECT
  L2 want=17547264 slot=17547264 nbytes=17547264 fd=O_DIRECT
  L2 want=17547264 slot=17547264 nbytes=17547264 fd=O_DIRECT
  L2 want=17547264 slot=17547264 nbytes=17547264 fd=O_DIRECT
  L2 want=17547264 slot=17547264 nbytes=17547264 fd=O_DIRECT
  L2 want=17547264 slot=17547264 nbytes=17547264 fd=O_DIRECT
  L2 want=17547264 slot=17547264 nbytes=17547264 fd=O_DIRECT
  L2 want=17547264 slot=17547264 nbytes=17547264 fd=O_DIRECT
  L2 want=17547264 slot=17547264 nbytes=17547264 fd=O_DIRECT
  L2 want=17547264 slot=17547264 nbytes=17547264 fd=O_DIRECT
  L2 want=17547264 slot=17547264 nbytes=17547264 fd=O_DIRECT
DBG getmany L34 nw=16 wall=0.412s thr(out)1 thr(in)16 conc_peak=16 pread=0.000s
  L2 want=17547264 slot=17547264 nbytes=17547264 fd=O_DIRECT
  L2 want=17547264 slot=17547264 nbytes=17547264 fd=O_DIRECT
  L2 want=17547264 slot=17547264 nbytes=17547264 fd=O_DIRECT
  L2 want=17547264 slot=17547264 nbytes=17547264 fd=O_DIRECT
  L2 want=17547264 slot=17547264 nbytes=17547264 fd=O_DIRECT
  L2 want=17547264 slot=17547264 nbytes=17547264 fd=O_DIRECT
  L2 want=17547264 slot=17547264 nbytes=17547264 fd=O_DIRECT
  L2 want=17547264 slot=17547264 nbytes=17547264 fd=O_DIRECT
  L2 want=17547264 slot=17547264 nbytes=17547264 fd=O_DIRECT
  L2 want=17547264 slot=17547264 nbytes=17547264 fd=O_DIRECT
  L2 want=17547264 slot=17547264 nbytes=17547264 fd=O_DIRECT
  L2 want=17547264 slot=17547264 nbytes=17547264 fd=O_DIRECT
  L2 want=17547264 slot=17547264 nbytes=17547264 fd=O_DIRECT
  L2 want=17547264 slot=17547264 nbytes=17547264 fd=O_DIRECT
  L2 want=17547264 slot=17547264 nbytes=17547264 fd=O_DIRECT
  L2 want=17547264 slot=17547264 nbytes=17547264 fd=O_DIRECT
DBG getmany L35 nw=16 wall=0.593s thr(out)1 thr(in)16 conc_peak=16 pread=0.000s
DBG getmany L36 nw=16 wall=0.577s thr(out)1 thr(in)16 conc_peak=16 pread=0.000s
DBG getmany L37 nw=16 wall=0.546s thr(out)1 thr(in)16 conc_peak=16 pread=0.000s
  L2 want=17547264 slot=17547264 nbytes=17547264 fd=O_DIRECT
  L2 want=17547264 slot=17547264 nbytes=17547264 fd=O_DIRECT
  L2 want=17547264 slot=17547264 nbytes=17547264 fd=O_DIRECT
  L2 want=17547264 slot=17547264 nbytes=17547264 fd=O_DIRECT
  L2 want=17547264 slot=17547264 nbytes=17547264 fd=O_DIRECT
  L2 want=17547264 slot=17547264 nbytes=17547264 fd=O_DIRECT
  L2 want=17547264 slot=17547264 nbytes=17547264 fd=O_DIRECT
  L2 want=17547264 slot=17547264 nbytes=17547264 fd=O_DIRECT
  L2 want=17547264 slot=17547264 nbytes=17547264 fd=O_DIRECT
  L2 want=17547264 slot=17547264 nbytes=17547264 fd=O_DIRECT
  L2 want=17547264 slot=17547264 nbytes=17547264 fd=O_DIRECT
  L2 want=17547264 slot=17547264 nbytes=17547264 fd=O_DIRECT
  L2 want=17547264 slot=17547264 nbytes=17547264 fd=O_DIRECT
  L2 want=17547264 slot=17547264 nbytes=17547264 fd=O_DIRECT
  L2 want=17547264 slot=17547264 nbytes=17547264 fd=O_DIRECT
  L2 want=17547264 slot=17547264 nbytes=17547264 fd=O_DIRECT
DBG getmany L38 nw=16 wall=0.406s thr(out)1 thr(in)16 conc_peak=16 pread=0.000s
DBG getmany L39 nw=16 wall=0.561s thr(out)1 thr(in)16 conc_peak=16 pread=0.000s
DBG getmany L40 nw=16 wall=0.557s thr(out)1 thr(in)16 conc_peak=16 pread=0.000s
  L2 want=17547264 slot=17547264 nbytes=17547264 fd=O_DIRECT
  L2 want=17547264 slot=17547264 nbytes=17547264 fd=O_DIRECT
  L2 want=17547264 slot=17547264 nbytes=17547264 fd=O_DIRECT
  L2 want=17547264 slot=17547264 nbytes=17547264 fd=O_DIRECT
  L2 want=17547264 slot=17547264 nbytes=17547264 fd=O_DIRECT
  L2 want=17547264 slot=17547264 nbytes=17547264 fd=O_DIRECT
  L2 want=17547264 slot=17547264 nbytes=17547264 fd=O_DIRECT
  L2 want=17547264 slot=17547264 nbytes=17547264 fd=O_DIRECT
  L2 want=17547264 slot=17547264 nbytes=17547264 fd=O_DIRECT
  L2 want=17547264 slot=17547264 nbytes=17547264 fd=O_DIRECT
  L2 want=17547264 slot=17547264 nbytes=17547264 fd=O_DIRECT
  L2 want=17547264 slot=17547264 nbytes=17547264 fd=O_DIRECT
  L2 want=17547264 slot=17547264 nbytes=17547264 fd=O_DIRECT
  L2 want=17547264 slot=17547264 nbytes=17547264 fd=O_DIRECT
  L2 want=17547264 slot=17547264 nbytes=17547264 fd=O_DIRECT
  L2 want=17547264 slot=17547264 nbytes=17547264 fd=O_DIRECT
DBG getmany L41 nw=16 wall=2.718s thr(out)1 thr(in)16 conc_peak=16 pread=0.000s
  L2 want=17547264 slot=17547264 nbytes=17547264 fd=O_DIRECT
  L2 want=17547264 slot=17547264 nbytes=17547264 fd=O_DIRECT
  L2 want=17547264 slot=17547264 nbytes=17547264 fd=O_DIRECT
  L2 want=17547264 slot=17547264 nbytes=17547264 fd=O_DIRECT
  L2 want=17547264 slot=17547264 nbytes=17547264 fd=O_DIRECT
  L2 want=17547264 slot=17547264 nbytes=17547264 fd=O_DIRECT
  L2 want=17547264 slot=17547264 nbytes=17547264 fd=O_DIRECT
  L2 want=17547264 slot=17547264 nbytes=17547264 fd=O_DIRECT
  L2 want=17547264 slot=17547264 nbytes=17547264 fd=O_DIRECT
  L2 want=17547264 slot=17547264 nbytes=17547264 fd=O_DIRECT
  L2 want=17547264 slot=17547264 nbytes=17547264 fd=O_DIRECT
  L2 want=17547264 slot=17547264 nbytes=17547264 fd=O_DIRECT
  L2 want=17547264 slot=17547264 nbytes=17547264 fd=O_DIRECT
  L2 want=17547264 slot=17547264 nbytes=17547264 fd=O_DIRECT
  L2 want=17547264 slot=17547264 nbytes=17547264 fd=O_DIRECT
  L2 want=17547264 slot=17547264 nbytes=17547264 fd=O_DIRECT
DBG getmany L42 nw=16 wall=8.219s thr(out)1 thr(in)16 conc_peak=16 pread=0.000s
DBG getmany L43 nw=16 wall=0.577s thr(out)1 thr(in)16 conc_peak=16 pread=0.000s
  L2 want=17547264 slot=17547264 nbytes=17547264 fd=O_DIRECT
  L2 want=17547264 slot=17547264 nbytes=17547264 fd=O_DIRECT
  L2 want=17547264 slot=17547264 nbytes=17547264 fd=O_DIRECT
  L2 want=17547264 slot=17547264 nbytes=17547264 fd=O_DIRECT
  L2 want=17547264 slot=17547264 nbytes=17547264 fd=O_DIRECT
  L2 want=17547264 slot=17547264 nbytes=17547264 fd=O_DIRECT
  L2 want=17547264 slot=17547264 nbytes=17547264 fd=O_DIRECT
  L2 want=17547264 slot=17547264 nbytes=17547264 fd=O_DIRECT
  L2 want=17547264 slot=17547264 nbytes=17547264 fd=O_DIRECT
  L2 want=17547264 slot=17547264 nbytes=17547264 fd=O_DIRECT
  L2 want=17547264 slot=17547264 nbytes=17547264 fd=O_DIRECT
  L2 want=17547264 slot=17547264 nbytes=17547264 fd=O_DIRECT
  L2 want=17547264 slot=17547264 nbytes=17547264 fd=O_DIRECT
  L2 want=17547264 slot=17547264 nbytes=17547264 fd=O_DIRECT
  L2 want=17547264 slot=17547264 nbytes=17547264 fd=O_DIRECT
  L2 want=17547264 slot=17547264 nbytes=17547264 fd=O_DIRECT
DBG getmany L44 nw=16 wall=0.565s thr(out)1 thr(in)16 conc_peak=16 pread=0.000s
DBG getmany L45 nw=16 wall=0.559s thr(out)1 thr(in)16 conc_peak=16 pread=0.000s
DBG getmany L46 nw=16 wall=0.427s thr(out)1 thr(in)16 conc_peak=16 pread=0.000s
  L2 want=17547264 slot=17547264 nbytes=17547264 fd=O_DIRECT
  L2 want=17547264 slot=17547264 nbytes=17547264 fd=O_DIRECT
  L2 want=17547264 slot=17547264 nbytes=17547264 fd=O_DIRECT
  L2 want=17547264 slot=17547264 nbytes=17547264 fd=O_DIRECT
  L2 want=17547264 slot=17547264 nbytes=17547264 fd=O_DIRECT
  L2 want=17547264 slot=17547264 nbytes=17547264 fd=O_DIRECT
  L2 want=17547264 slot=17547264 nbytes=17547264 fd=O_DIRECT
  L2 want=17547264 slot=17547264 nbytes=17547264 fd=O_DIRECT
  L2 want=17547264 slot=17547264 nbytes=17547264 fd=O_DIRECT
  L2 want=17547264 slot=17547264 nbytes=17547264 fd=O_DIRECT
  L2 want=17547264 slot=17547264 nbytes=17547264 fd=O_DIRECT
  L2 want=17547264 slot=17547264 nbytes=17547264 fd=O_DIRECT
  L2 want=17547264 slot=17547264 nbytes=17547264 fd=O_DIRECT
  L2 want=17547264 slot=17547264 nbytes=17547264 fd=O_DIRECT
  L2 want=17547264 slot=17547264 nbytes=17547264 fd=O_DIRECT
  L2 want=17547264 slot=17547264 nbytes=17547264 fd=O_DIRECT
DBG getmany L47 nw=16 wall=0.589s thr(out)1 thr(in)16 conc_peak=16 pread=0.000s
  L2 want=17547264 slot=17547264 nbytes=17547264 fd=O_DIRECT
  L2 want=17547264 slot=17547264 nbytes=17547264 fd=O_DIRECT
  L2 want=17547264 slot=17547264 nbytes=17547264 fd=O_DIRECT
  L2 want=17547264 slot=17547264 nbytes=17547264 fd=O_DIRECT
  L2 want=17547264 slot=17547264 nbytes=17547264 fd=O_DIRECT
  L2 want=17547264 slot=17547264 nbytes=17547264 fd=O_DIRECT
  L2 want=17547264 slot=17547264 nbytes=17547264 fd=O_DIRECT
  L2 want=17547264 slot=17547264 nbytes=17547264 fd=O_DIRECT
  L2 want=17547264 slot=17547264 nbytes=17547264 fd=O_DIRECT
  L2 want=17547264 slot=17547264 nbytes=17547264 fd=O_DIRECT
  L2 want=17547264 slot=17547264 nbytes=17547264 fd=O_DIRECT
  L2 want=17547264 slot=17547264 nbytes=17547264 fd=O_DIRECT
  L2 want=17547264 slot=17547264 nbytes=17547264 fd=O_DIRECT
  L2 want=17547264 slot=17547264 nbytes=17547264 fd=O_DIRECT
  L2 want=17547264 slot=17547264 nbytes=17547264 fd=O_DIRECT
  L2 want=17547264 slot=17547264 nbytes=17547264 fd=O_DIRECT
DBG getmany L48 nw=16 wall=0.583s thr(out)1 thr(in)16 conc_peak=16 pread=0.000s
DBG getmany L49 nw=16 wall=0.583s thr(out)1 thr(in)16 conc_peak=16 pread=0.000s
DBG getmany L50 nw=16 wall=0.491s thr(out)1 thr(in)16 conc_peak=16 pread=0.000s
  L2 want=17547264 slot=17547264 nbytes=17547264 fd=O_DIRECT
  L2 want=17547264 slot=17547264 nbytes=17547264 fd=O_DIRECT
  L2 want=17547264 slot=17547264 nbytes=17547264 fd=O_DIRECT
  L2 want=17547264 slot=17547264 nbytes=17547264 fd=O_DIRECT
  L2 want=17547264 slot=17547264 nbytes=17547264 fd=O_DIRECT
  L2 want=17547264 slot=17547264 nbytes=17547264 fd=O_DIRECT
  L2 want=17547264 slot=17547264 nbytes=17547264 fd=O_DIRECT
  L2 want=17547264 slot=17547264 nbytes=17547264 fd=O_DIRECT
  L2 want=17547264 slot=17547264 nbytes=17547264 fd=O_DIRECT
  L2 want=17547264 slot=17547264 nbytes=17547264 fd=O_DIRECT
  L2 want=17547264 slot=17547264 nbytes=17547264 fd=O_DIRECT
  L2 want=17547264 slot=17547264 nbytes=17547264 fd=O_DIRECT
  L2 want=17547264 slot=17547264 nbytes=17547264 fd=O_DIRECT
  L2 want=17547264 slot=17547264 nbytes=17547264 fd=O_DIRECT
  L2 want=17547264 slot=17547264 nbytes=17547264 fd=O_DIRECT
  L2 want=17547264 slot=17547264 nbytes=17547264 fd=O_DIRECT
DBG getmany L51 nw=16 wall=0.610s thr(out)1 thr(in)16 conc_peak=16 pread=0.000s
  L2 want=17547264 slot=17547264 nbytes=17547264 fd=O_DIRECT
  L2 want=17547264 slot=17547264 nbytes=17547264 fd=O_DIRECT
  L2 want=17547264 slot=17547264 nbytes=17547264 fd=O_DIRECT
  L2 want=17547264 slot=17547264 nbytes=17547264 fd=O_DIRECT
  L2 want=17547264 slot=17547264 nbytes=17547264 fd=O_DIRECT
  L2 want=17547264 slot=17547264 nbytes=17547264 fd=O_DIRECT
  L2 want=17547264 slot=17547264 nbytes=17547264 fd=O_DIRECT
  L2 want=17547264 slot=17547264 nbytes=17547264 fd=O_DIRECT
  L2 want=17547264 slot=17547264 nbytes=17547264 fd=O_DIRECT
  L2 want=17547264 slot=17547264 nbytes=17547264 fd=O_DIRECT
  L2 want=17547264 slot=17547264 nbytes=17547264 fd=O_DIRECT
  L2 want=17547264 slot=17547264 nbytes=17547264 fd=O_DIRECT
  L2 want=17547264 slot=17547264 nbytes=17547264 fd=O_DIRECT
  L2 want=17547264 slot=17547264 nbytes=17547264 fd=O_DIRECT
  L2 want=17547264 slot=17547264 nbytes=17547264 fd=O_DIRECT
  L2 want=17547264 slot=17547264 nbytes=17547264 fd=O_DIRECT
DBG getmany L52 nw=16 wall=0.558s thr(out)1 thr(in)16 conc_peak=16 pread=0.000s
DBG getmany L53 nw=16 wall=0.572s thr(out)1 thr(in)16 conc_peak=16 pread=0.000s
DBG getmany L54 nw=16 wall=0.448s thr(out)1 thr(in)16 conc_peak=16 pread=0.000s
DBG getmany L55 nw=16 wall=0.585s thr(out)1 thr(in)16 conc_peak=16 pread=0.000s
  L2 want=17547264 slot=17547264 nbytes=17547264 fd=O_DIRECT
  L2 want=17547264 slot=17547264 nbytes=17547264 fd=O_DIRECT
  L2 want=17547264 slot=17547264 nbytes=17547264 fd=O_DIRECT
  L2 want=17547264 slot=17547264 nbytes=17547264 fd=O_DIRECT
  L2 want=17547264 slot=17547264 nbytes=17547264 fd=O_DIRECT
  L2 want=17547264 slot=17547264 nbytes=17547264 fd=O_DIRECT
  L2 want=17547264 slot=17547264 nbytes=17547264 fd=O_DIRECT
  L2 want=17547264 slot=17547264 nbytes=17547264 fd=O_DIRECT
  L2 want=17547264 slot=17547264 nbytes=17547264 fd=O_DIRECT
  L2 want=17547264 slot=17547264 nbytes=17547264 fd=O_DIRECT
  L2 want=17547264 slot=17547264 nbytes=17547264 fd=O_DIRECT
  L2 want=17547264 slot=17547264 nbytes=17547264 fd=O_DIRECT
  L2 want=17547264 slot=17547264 nbytes=17547264 fd=O_DIRECT
  L2 want=17547264 slot=17547264 nbytes=17547264 fd=O_DIRECT
  L2 want=17547264 slot=17547264 nbytes=17547264 fd=O_DIRECT
  L2 want=17547264 slot=17547264 nbytes=17547264 fd=O_DIRECT
DBG getmany L56 nw=16 wall=0.623s thr(out)1 thr(in)16 conc_peak=16 pread=0.000s
DBG getmany L57 nw=16 wall=0.586s thr(out)1 thr(in)16 conc_peak=16 pread=0.000s
DBG getmany L58 nw=16 wall=0.396s thr(out)1 thr(in)16 conc_peak=16 pread=0.000s
DBG getmany L59 nw=16 wall=0.579s thr(out)1 thr(in)16 conc_peak=16 pread=0.000s
DBG getmany L60 nw=16 wall=0.570s thr(out)1 thr(in)16 conc_peak=16 pread=0.000s
  L2 want=17547264 slot=17547264 nbytes=17547264 fd=O_DIRECT
  L2 want=17547264 slot=17547264 nbytes=17547264 fd=O_DIRECT
  L2 want=17547264 slot=17547264 nbytes=17547264 fd=O_DIRECT
  L2 want=17547264 slot=17547264 nbytes=17547264 fd=O_DIRECT
  L2 want=17547264 slot=17547264 nbytes=17547264 fd=O_DIRECT
  L2 want=17547264 slot=17547264 nbytes=17547264 fd=O_DIRECT
  L2 want=17547264 slot=17547264 nbytes=17547264 fd=O_DIRECT
  L2 want=17547264 slot=17547264 nbytes=17547264 fd=O_DIRECT
  L2 want=17547264 slot=17547264 nbytes=17547264 fd=O_DIRECT
  L2 want=17547264 slot=17547264 nbytes=17547264 fd=O_DIRECT
  L2 want=17547264 slot=17547264 nbytes=17547264 fd=O_DIRECT
  L2 want=17547264 slot=17547264 nbytes=17547264 fd=O_DIRECT
  L2 want=17547264 slot=17547264 nbytes=17547264 fd=O_DIRECT
  L2 want=17547264 slot=17547264 nbytes=17547264 fd=O_DIRECT
  L2 want=17547264 slot=17547264 nbytes=17547264 fd=O_DIRECT
  L2 want=17547264 slot=17547264 nbytes=17547264 fd=O_DIRECT
DBG getmany L61 nw=16 wall=0.574s thr(out)1 thr(in)16 conc_peak=16 pread=0.000s
DBG getmany L62 nw=16 wall=0.417s thr(out)1 thr(in)16 conc_peak=16 pread=0.000s
  L2 want=17547264 slot=17547264 nbytes=17547264 fd=O_DIRECT
  L2 want=17547264 slot=17547264 nbytes=17547264 fd=O_DIRECT
  L2 want=17547264 slot=17547264 nbytes=17547264 fd=O_DIRECT
  L2 want=17547264 slot=17547264 nbytes=17547264 fd=O_DIRECT
  L2 want=17547264 slot=17547264 nbytes=17547264 fd=O_DIRECT
  L2 want=17547264 slot=17547264 nbytes=17547264 fd=O_DIRECT
  L2 want=17547264 slot=17547264 nbytes=17547264 fd=O_DIRECT
  L2 want=17547264 slot=17547264 nbytes=17547264 fd=O_DIRECT
  L2 want=17547264 slot=17547264 nbytes=17547264 fd=O_DIRECT
  L2 want=17547264 slot=17547264 nbytes=17547264 fd=O_DIRECT
  L2 want=17547264 slot=17547264 nbytes=17547264 fd=O_DIRECT
  L2 want=17547264 slot=17547264 nbytes=17547264 fd=O_DIRECT
  L2 want=17547264 slot=17547264 nbytes=17547264 fd=O_DIRECT
  L2 want=17547264 slot=17547264 nbytes=17547264 fd=O_DIRECT
  L2 want=17547264 slot=17547264 nbytes=17547264 fd=O_DIRECT
  L2 want=17547264 slot=17547264 nbytes=17547264 fd=O_DIRECT
DBG getmany L63 nw=16 wall=0.562s thr(out)1 thr(in)16 conc_peak=16 pread=0.000s
  L2 want=17547264 slot=17547264 nbytes=17547264 fd=O_DIRECT
  L2 want=17547264 slot=17547264 nbytes=17547264 fd=O_DIRECT
  L2 want=17547264 slot=17547264 nbytes=17547264 fd=O_DIRECT
  L2 want=17547264 slot=17547264 nbytes=17547264 fd=O_DIRECT
  L2 want=17547264 slot=17547264 nbytes=17547264 fd=O_DIRECT
  L2 want=17547264 slot=17547264 nbytes=17547264 fd=O_DIRECT
  L2 want=17547264 slot=17547264 nbytes=17547264 fd=O_DIRECT
  L2 want=17547264 slot=17547264 nbytes=17547264 fd=O_DIRECT
  L2 want=17547264 slot=17547264 nbytes=17547264 fd=O_DIRECT
  L2 want=17547264 slot=17547264 nbytes=17547264 fd=O_DIRECT
  L2 want=17547264 slot=17547264 nbytes=17547264 fd=O_DIRECT
  L2 want=17547264 slot=17547264 nbytes=17547264 fd=O_DIRECT
  L2 want=17547264 slot=17547264 nbytes=17547264 fd=O_DIRECT
  L2 want=17547264 slot=17547264 nbytes=17547264 fd=O_DIRECT
  L2 want=17547264 slot=17547264 nbytes=17547264 fd=O_DIRECT
  L2 want=17547264 slot=17547264 nbytes=17547264 fd=O_DIRECT
DBG getmany L64 nw=16 wall=0.600s thr(out)1 thr(in)16 conc_peak=16 pread=0.000s
  L2 want=17547264 slot=17547264 nbytes=17547264 fd=O_DIRECT
  L2 want=17547264 slot=17547264 nbytes=17547264 fd=O_DIRECT
  L2 want=17547264 slot=17547264 nbytes=17547264 fd=O_DIRECT
  L2 want=17547264 slot=17547264 nbytes=17547264 fd=O_DIRECT
  L2 want=17547264 slot=17547264 nbytes=17547264 fd=O_DIRECT
  L2 want=17547264 slot=17547264 nbytes=17547264 fd=O_DIRECT
  L2 want=17547264 slot=17547264 nbytes=17547264 fd=O_DIRECT
  L2 want=17547264 slot=17547264 nbytes=17547264 fd=O_DIRECT
  L2 want=17547264 slot=17547264 nbytes=17547264 fd=O_DIRECT
  L2 want=17547264 slot=17547264 nbytes=17547264 fd=O_DIRECT
  L2 want=17547264 slot=17547264 nbytes=17547264 fd=O_DIRECT
  L2 want=17547264 slot=17547264 nbytes=17547264 fd=O_DIRECT
  L2 want=17547264 slot=17547264 nbytes=17547264 fd=O_DIRECT
  L2 want=17547264 slot=17547264 nbytes=17547264 fd=O_DIRECT
  L2 want=17547264 slot=17547264 nbytes=17547264 fd=O_DIRECT
  L2 want=17547264 slot=17547264 nbytes=17547264 fd=O_DIRECT
DBG getmany L65 nw=16 wall=0.590s thr(out)1 thr(in)16 conc_peak=15 pread=0.000s
  L2 want=17547264 slot=17547264 nbytes=17547264 fd=O_DIRECT
  L2 want=17547264 slot=17547264 nbytes=17547264 fd=O_DIRECT
  L2 want=17547264 slot=17547264 nbytes=17547264 fd=O_DIRECT
  L2 want=17547264 slot=17547264 nbytes=17547264 fd=O_DIRECT
  L2 want=17547264 slot=17547264 nbytes=17547264 fd=O_DIRECT
  L2 want=17547264 slot=17547264 nbytes=17547264 fd=O_DIRECT
  L2 want=17547264 slot=17547264 nbytes=17547264 fd=O_DIRECT
  L2 want=17547264 slot=17547264 nbytes=17547264 fd=O_DIRECT
  L2 want=17547264 slot=17547264 nbytes=17547264 fd=O_DIRECT
  L2 want=17547264 slot=17547264 nbytes=17547264 fd=O_DIRECT
  L2 want=17547264 slot=17547264 nbytes=17547264 fd=O_DIRECT
  L2 want=17547264 slot=17547264 nbytes=17547264 fd=O_DIRECT
  L2 want=17547264 slot=17547264 nbytes=17547264 fd=O_DIRECT
  L2 want=17547264 slot=17547264 nbytes=17547264 fd=O_DIRECT
  L2 want=17547264 slot=17547264 nbytes=17547264 fd=O_DIRECT
  L2 want=17547264 slot=17547264 nbytes=17547264 fd=O_DIRECT
DBG getmany L66 nw=16 wall=0.461s thr(out)1 thr(in)16 conc_peak=16 pread=0.000s
DBG getmany L67 nw=16 wall=0.600s thr(out)1 thr(in)16 conc_peak=16 pread=0.000s
DBG getmany L68 nw=16 wall=0.549s thr(out)1 thr(in)16 conc_peak=16 pread=0.000s
DBG getmany L69 nw=16 wall=0.567s thr(out)1 thr(in)16 conc_peak=16 pread=0.000s
DBG getmany L70 nw=16 wall=0.413s thr(out)1 thr(in)16 conc_peak=16 pread=0.000s
  L2 want=17547264 slot=17547264 nbytes=17547264 fd=O_DIRECT
  L2 want=17547264 slot=17547264 nbytes=17547264 fd=O_DIRECT
  L2 want=17547264 slot=17547264 nbytes=17547264 fd=O_DIRECT
  L2 want=17547264 slot=17547264 nbytes=17547264 fd=O_DIRECT
  L2 want=17547264 slot=17547264 nbytes=17547264 fd=O_DIRECT
  L2 want=17547264 slot=17547264 nbytes=17547264 fd=O_DIRECT
  L2 want=17547264 slot=17547264 nbytes=17547264 fd=O_DIRECT
  L2 want=17547264 slot=17547264 nbytes=17547264 fd=O_DIRECT
  L2 want=17547264 slot=17547264 nbytes=17547264 fd=O_DIRECT
  L2 want=17547264 slot=17547264 nbytes=17547264 fd=O_DIRECT
  L2 want=17547264 slot=17547264 nbytes=17547264 fd=O_DIRECT
  L2 want=17547264 slot=17547264 nbytes=17547264 fd=O_DIRECT
  L2 want=17547264 slot=17547264 nbytes=17547264 fd=O_DIRECT
  L2 want=17547264 slot=17547264 nbytes=17547264 fd=O_DIRECT
  L2 want=17547264 slot=17547264 nbytes=17547264 fd=O_DIRECT
  L2 want=17547264 slot=17547264 nbytes=17547264 fd=O_DIRECT
DBG getmany L71 nw=16 wall=0.628s thr(out)1 thr(in)16 conc_peak=16 pread=0.000s
DBG getmany L72 nw=16 wall=0.569s thr(out)1 thr(in)16 conc_peak=16 pread=0.000s
  L2 want=17547264 slot=17547264 nbytes=17547264 fd=O_DIRECT
  L2 want=17547264 slot=17547264 nbytes=17547264 fd=O_DIRECT
  L2 want=17547264 slot=17547264 nbytes=17547264 fd=O_DIRECT
  L2 want=17547264 slot=17547264 nbytes=17547264 fd=O_DIRECT
  L2 want=17547264 slot=17547264 nbytes=17547264 fd=O_DIRECT
  L2 want=17547264 slot=17547264 nbytes=17547264 fd=O_DIRECT
  L2 want=17547264 slot=17547264 nbytes=17547264 fd=O_DIRECT
  L2 want=17547264 slot=17547264 nbytes=17547264 fd=O_DIRECT
  L2 want=17547264 slot=17547264 nbytes=17547264 fd=O_DIRECT
  L2 want=17547264 slot=17547264 nbytes=17547264 fd=O_DIRECT
  L2 want=17547264 slot=17547264 nbytes=17547264 fd=O_DIRECT
  L2 want=17547264 slot=17547264 nbytes=17547264 fd=O_DIRECT
  L2 want=17547264 slot=17547264 nbytes=17547264 fd=O_DIRECT
  L2 want=17547264 slot=17547264 nbytes=17547264 fd=O_DIRECT
  L2 want=17547264 slot=17547264 nbytes=17547264 fd=O_DIRECT
  L2 want=17547264 slot=17547264 nbytes=17547264 fd=O_DIRECT
DBG getmany L73 nw=16 wall=0.578s thr(out)1 thr(in)16 conc_peak=16 pread=0.000s
  L2 want=17547264 slot=17547264 nbytes=17547264 fd=O_DIRECT
  L2 want=17547264 slot=17547264 nbytes=17547264 fd=O_DIRECT
  L2 want=17547264 slot=17547264 nbytes=17547264 fd=O_DIRECT
  L2 want=17547264 slot=17547264 nbytes=17547264 fd=O_DIRECT
  L2 want=17547264 slot=17547264 nbytes=17547264 fd=O_DIRECT
  L2 want=17547264 slot=17547264 nbytes=17547264 fd=O_DIRECT
  L2 want=17547264 slot=17547264 nbytes=17547264 fd=O_DIRECT
  L2 want=17547264 slot=17547264 nbytes=17547264 fd=O_DIRECT
  L2 want=17547264 slot=17547264 nbytes=17547264 fd=O_DIRECT
  L2 want=17547264 slot=17547264 nbytes=17547264 fd=O_DIRECT
  L2 want=17547264 slot=17547264 nbytes=17547264 fd=O_DIRECT
  L2 want=17547264 slot=17547264 nbytes=17547264 fd=O_DIRECT
  L2 want=17547264 slot=17547264 nbytes=17547264 fd=O_DIRECT
  L2 want=17547264 slot=17547264 nbytes=17547264 fd=O_DIRECT
  L2 want=17547264 slot=17547264 nbytes=17547264 fd=O_DIRECT
  L2 want=17547264 slot=17547264 nbytes=17547264 fd=O_DIRECT
DBG getmany L74 nw=16 wall=0.418s thr(out)1 thr(in)16 conc_peak=16 pread=0.000s
DBG getmany L75 nw=16 wall=0.579s thr(out)1 thr(in)16 conc_peak=16 pread=0.000s
DBG getmany L76 nw=16 wall=2.237s thr(out)1 thr(in)16 conc_peak=16 pread=0.000s
DBG getmany L77 nw=16 wall=10.946s thr(out)1 thr(in)16 conc_peak=16 pread=0.000s
DBG getmany L78 nw=16 wall=11.162s thr(out)1 thr(in)16 conc_peak=16 pread=0.000s
DBG getmany L79 nw=16 wall=12.124s thr(out)1 thr(in)16 conc_peak=16 pread=0.000s
DBG getmany L80 nw=16 wall=9.804s thr(out)1 thr(in)16 conc_peak=16 pread=0.000s
  L2 want=17547264 slot=17547264 nbytes=17547264 fd=O_DIRECT
  L2 want=17547264 slot=17547264 nbytes=17547264 fd=O_DIRECT
  L2 want=17547264 slot=17547264 nbytes=17547264 fd=O_DIRECT
  L2 want=17547264 slot=17547264 nbytes=17547264 fd=O_DIRECT
  L2 want=17547264 slot=17547264 nbytes=17547264 fd=O_DIRECT
  L2 want=17547264 slot=17547264 nbytes=17547264 fd=O_DIRECT
  L2 want=17547264 slot=17547264 nbytes=17547264 fd=O_DIRECT
  L2 want=17547264 slot=17547264 nbytes=17547264 fd=O_DIRECT
  L2 want=17547264 slot=17547264 nbytes=17547264 fd=O_DIRECT
  L2 want=17547264 slot=17547264 nbytes=17547264 fd=O_DIRECT
  L2 want=17547264 slot=17547264 nbytes=17547264 fd=O_DIRECT
  L2 want=17547264 slot=17547264 nbytes=17547264 fd=O_DIRECT
  L2 want=17547264 slot=17547264 nbytes=17547264 fd=O_DIRECT
  L2 want=17547264 slot=17547264 nbytes=17547264 fd=O_DIRECT
  L2 want=17547264 slot=17547264 nbytes=17547264 fd=O_DIRECT
  L2 want=17547264 slot=17547264 nbytes=17547264 fd=O_DIRECT
DBG getmany L81 nw=16 wall=11.182s thr(out)1 thr(in)16 conc_peak=16 pread=0.000s
DBG getmany L82 nw=16 wall=11.924s thr(out)1 thr(in)16 conc_peak=16 pread=0.000s
  L2 want=17547264 slot=17547264 nbytes=17547264 fd=O_DIRECT
  L2 want=17547264 slot=17547264 nbytes=17547264 fd=O_DIRECT
  L2 want=17547264 slot=17547264 nbytes=17547264 fd=O_DIRECT
  L2 want=17547264 slot=17547264 nbytes=17547264 fd=O_DIRECT
  L2 want=17547264 slot=17547264 nbytes=17547264 fd=O_DIRECT
  L2 want=17547264 slot=17547264 nbytes=17547264 fd=O_DIRECT
  L2 want=17547264 slot=17547264 nbytes=17547264 fd=O_DIRECT
  L2 want=17547264 slot=17547264 nbytes=17547264 fd=O_DIRECT
  L2 want=17547264 slot=17547264 nbytes=17547264 fd=O_DIRECT
  L2 want=17547264 slot=17547264 nbytes=17547264 fd=O_DIRECT
  L2 want=17547264 slot=17547264 nbytes=17547264 fd=O_DIRECT
  L2 want=17547264 slot=17547264 nbytes=17547264 fd=O_DIRECT
  L2 want=17547264 slot=17547264 nbytes=17547264 fd=O_DIRECT
  L2 want=17547264 slot=17547264 nbytes=17547264 fd=O_DIRECT
  L2 want=17547264 slot=17547264 nbytes=17547264 fd=O_DIRECT
  L2 want=17547264 slot=17547264 nbytes=17547264 fd=O_DIRECT
DBG getmany L83 nw=16 wall=11.845s thr(out)1 thr(in)16 conc_peak=16 pread=0.000s
  L2 want=17547264 slot=17547264 nbytes=17547264 fd=O_DIRECT
  L2 want=17547264 slot=17547264 nbytes=17547264 fd=O_DIRECT
  L2 want=17547264 slot=17547264 nbytes=17547264 fd=O_DIRECT
  L2 want=17547264 slot=17547264 nbytes=17547264 fd=O_DIRECT
  L2 want=17547264 slot=17547264 nbytes=17547264 fd=O_DIRECT
  L2 want=17547264 slot=17547264 nbytes=17547264 fd=O_DIRECT
  L2 want=17547264 slot=17547264 nbytes=17547264 fd=O_DIRECT
  L2 want=17547264 slot=17547264 nbytes=17547264 fd=O_DIRECT
  L2 want=17547264 slot=17547264 nbytes=17547264 fd=O_DIRECT
  L2 want=17547264 slot=17547264 nbytes=17547264 fd=O_DIRECT
  L2 want=17547264 slot=17547264 nbytes=17547264 fd=O_DIRECT
  L2 want=17547264 slot=17547264 nbytes=17547264 fd=O_DIRECT
  L2 want=17547264 slot=17547264 nbytes=17547264 fd=O_DIRECT
  L2 want=17547264 slot=17547264 nbytes=17547264 fd=O_DIRECT
  L2 want=17547264 slot=17547264 nbytes=17547264 fd=O_DIRECT
  L2 want=17547264 slot=17547264 nbytes=17547264 fd=O_DIRECT
DBG getmany L84 nw=16 wall=11.429s thr(out)1 thr(in)16 conc_peak=16 pread=0.000s
DBG getmany L85 nw=16 wall=11.360s thr(out)1 thr(in)16 conc_peak=16 pread=0.000s
DBG getmany L86 nw=16 wall=9.371s thr(out)1 thr(in)16 conc_peak=16 pread=0.000s
DBG getmany L87 nw=16 wall=0.575s thr(out)1 thr(in)16 conc_peak=16 pread=0.000s
  L2 want=17547264 slot=17547264 nbytes=17547264 fd=O_DIRECT
  L2 want=17547264 slot=17547264 nbytes=17547264 fd=O_DIRECT
  L2 want=17547264 slot=17547264 nbytes=17547264 fd=O_DIRECT
  L2 want=17547264 slot=17547264 nbytes=17547264 fd=O_DIRECT
  L2 want=17547264 slot=17547264 nbytes=17547264 fd=O_DIRECT
  L2 want=17547264 slot=17547264 nbytes=17547264 fd=O_DIRECT
  L2 want=17547264 slot=17547264 nbytes=17547264 fd=O_DIRECT
  L2 want=17547264 slot=17547264 nbytes=17547264 fd=O_DIRECT
  L2 want=17547264 slot=17547264 nbytes=17547264 fd=O_DIRECT
  L2 want=17547264 slot=17547264 nbytes=17547264 fd=O_DIRECT
  L2 want=17547264 slot=17547264 nbytes=17547264 fd=O_DIRECT
  L2 want=17547264 slot=17547264 nbytes=17547264 fd=O_DIRECT
  L2 want=17547264 slot=17547264 nbytes=17547264 fd=O_DIRECT
  L2 want=17547264 slot=17547264 nbytes=17547264 fd=O_DIRECT
  L2 want=17547264 slot=17547264 nbytes=17547264 fd=O_DIRECT
  L2 want=17547264 slot=17547264 nbytes=17547264 fd=O_DIRECT
DBG getmany L88 nw=16 wall=0.572s thr(out)1 thr(in)16 conc_peak=16 pread=0.000s
  L2 want=17547264 slot=17547264 nbytes=17547264 fd=O_DIRECT
  L2 want=17547264 slot=17547264 nbytes=17547264 fd=O_DIRECT
  L2 want=17547264 slot=17547264 nbytes=17547264 fd=O_DIRECT
  L2 want=17547264 slot=17547264 nbytes=17547264 fd=O_DIRECT
  L2 want=17547264 slot=17547264 nbytes=17547264 fd=O_DIRECT
  L2 want=17547264 slot=17547264 nbytes=17547264 fd=O_DIRECT
  L2 want=17547264 slot=17547264 nbytes=17547264 fd=O_DIRECT
  L2 want=17547264 slot=17547264 nbytes=17547264 fd=O_DIRECT
  L2 want=17547264 slot=17547264 nbytes=17547264 fd=O_DIRECT
  L2 want=17547264 slot=17547264 nbytes=17547264 fd=O_DIRECT
  L2 want=17547264 slot=17547264 nbytes=17547264 fd=O_DIRECT
  L2 want=17547264 slot=17547264 nbytes=17547264 fd=O_DIRECT
  L2 want=17547264 slot=17547264 nbytes=17547264 fd=O_DIRECT
  L2 want=17547264 slot=17547264 nbytes=17547264 fd=O_DIRECT
  L2 want=17547264 slot=17547264 nbytes=17547264 fd=O_DIRECT
  L2 want=17547264 slot=17547264 nbytes=17547264 fd=O_DIRECT
DBG getmany L89 nw=16 wall=0.577s thr(out)1 thr(in)16 conc_peak=16 pread=0.000s
DBG getmany L90 nw=16 wall=0.403s thr(out)1 thr(in)16 conc_peak=16 pread=0.000s
DBG getmany L91 nw=16 wall=0.435s thr(out)1 thr(in)16 conc_peak=16 pread=0.000s
DBG getmany L92 nw=16 wall=0.164s thr(out)1 thr(in)16 conc_peak=16 pread=0.000s
config: /model/config.json (nested shape) | hidden=7168 layers=93 vocab=163840 | 24 MLA + 69 KDA | experts 896 top16 shared2 | latent=3584
  KV cache : 11.85 MB for 5 positions (2.37 MB/position)
Kimi K3, pure C, released checkpoint
  model    : /model
  prompt   : 1 tokens, generating 3

indexed 497220 tensors from 96 shards in 0.47 s
trunk on disk : 110.00 GB total (STREAMED from /mnt/nvme/trunk_layers_out, not held in RAM)

memory plan
  trunk (STREAMED) 24.00 GB
  embed + lm_head  4.70 GB
  expert cache     24.00 GB
  recurrent state  626.25 MB
  buffers          4.68 MB
  KV cache         11.83 MB
  TOTAL            53.34 GB
  available        57.77 GB

k3_trunk: trunk.bin absent - using per-layer slices (layer_%03d.bin)
trunk stream: 56.60 GB packed, 15/93 layers PINNED (20.61 GB), ring 2 x 1.30 GB
              reads use buffered I/O
              ring holds 2 slots: layers repeat over ~2 tokens, so recent ones are reused instead of re-read
trunk streaming enabled from /mnt/nvme/trunk_layers_out in 0.1 s
embedding, final norm and lm_head: 4.70 GB in 3.5 s

expert L1 eviction policy: heat
expert L2 cache enabled: 14589 slots x 17.55 MB = 256.00 GB on /mnt/nvme/experts.l2
expert L2 exact: nslot=14589 slot_bytes=17547264 l2_slot=17547264 K3_ST_ALIGN=4096
expert L2 eviction policy: heat
peak RSS after loading weights: 4.78 GB  (the plan above is a forecast, this is measured)
expert cache: 1367 slots x 17.56 MB = 24.00 GB (1.66% of the 1.45 TB expert pool)

recurrent state for 93 layers: 626.25 MB

incremental decode: KV cache 11.83 MB for 24 MLA layers at 5 positions

STEP   TOKEN      SECONDS      CACHE HIT  READ GB    TOK/S
--------------------------------------------------------------------
0      220        188.99       100.0      25.83      0.005
  L2   resident=6779/14589 slots hit=100.0% read=25.83GB write=0.00GB
  L2 want=17547264 slot=17547264 nbytes=17547264 fd=O_DIRECT
  L2 want=17547264 slot=17547264 nbytes=17547264 fd=O_DIRECT
  L2 want=17547264 slot=17547264 nbytes=17547264 fd=O_DIRECT
  L2 want=17547264 slot=17547264 nbytes=17547264 fd=O_DIRECT
  L2 want=17547264 slot=17547264 nbytes=17547264 fd=O_DIRECT
  L2 want=17547264 slot=17547264 nbytes=17547264 fd=O_DIRECT
  L2 want=17547264 slot=17547264 nbytes=17547264 fd=O_DIRECT
  L2 want=17547264 slot=17547264 nbytes=17547264 fd=O_DIRECT
  L2 want=17547264 slot=17547264 nbytes=17547264 fd=O_DIRECT
  L2 want=17547264 slot=17547264 nbytes=17547264 fd=O_DIRECT
  L2 want=17547264 slot=17547264 nbytes=17547264 fd=O_DIRECT
  L2 want=17547264 slot=17547264 nbytes=17547264 fd=O_DIRECT
  L2 want=17547264 slot=17547264 nbytes=17547264 fd=O_DIRECT
  L2 want=17547264 slot=17547264 nbytes=17547264 fd=O_DIRECT
  L2 want=17547264 slot=17547264 nbytes=17547264 fd=O_DIRECT
  L2 want=17547264 slot=17547264 nbytes=17547264 fd=O_DIRECT
DBG getmany L1 nw=16 wall=0.181s thr(out)1 thr(in)16 conc_peak=16 pread=0.000s
  L2 want=17547264 slot=17547264 nbytes=17547264 fd=O_DIRECT
  L2 want=17547264 slot=17547264 nbytes=17547264 fd=O_DIRECT
  L2 want=17547264 slot=17547264 nbytes=17547264 fd=O_DIRECT
  L2 want=17547264 slot=17547264 nbytes=17547264 fd=O_DIRECT
  L2 want=17547264 slot=17547264 nbytes=17547264 fd=O_DIRECT
  L2 want=17547264 slot=17547264 nbytes=17547264 fd=O_DIRECT
  L2 want=17547264 slot=17547264 nbytes=17547264 fd=O_DIRECT
  L2 want=17547264 slot=17547264 nbytes=17547264 fd=O_DIRECT
  L2 want=17547264 slot=17547264 nbytes=17547264 fd=O_DIRECT
  L2 want=17547264 slot=17547264 nbytes=17547264 fd=O_DIRECT
  L2 want=17547264 slot=17547264 nbytes=17547264 fd=O_DIRECT
  L2 want=17547264 slot=17547264 nbytes=17547264 fd=O_DIRECT
  L2 want=17547264 slot=17547264 nbytes=17547264 fd=O_DIRECT
  L2 want=17547264 slot=17547264 nbytes=17547264 fd=O_DIRECT
  L2 want=17547264 slot=17547264 nbytes=17547264 fd=O_DIRECT
  L2 want=17547264 slot=17547264 nbytes=17547264 fd=O_DIRECT
DBG getmany L2 nw=16 wall=0.173s thr(out)1 thr(in)16 conc_peak=16 pread=0.000s
DBG getmany L3 nw=16 wall=0.164s thr(out)1 thr(in)16 conc_peak=16 pread=0.000s
DBG getmany L4 nw=16 wall=0.161s thr(out)1 thr(in)16 conc_peak=16 pread=0.000s
  L2 want=17547264 slot=17547264 nbytes=17547264 fd=O_DIRECT
  L2 want=17547264 slot=17547264 nbytes=17547264 fd=O_DIRECT
  L2 want=17547264 slot=17547264 nbytes=17547264 fd=O_DIRECT
  L2 want=17547264 slot=17547264 nbytes=17547264 fd=O_DIRECT
  L2 want=17547264 slot=17547264 nbytes=17547264 fd=O_DIRECT
  L2 want=17547264 slot=17547264 nbytes=17547264 fd=O_DIRECT
  L2 want=17547264 slot=17547264 nbytes=17547264 fd=O_DIRECT
  L2 want=17547264 slot=17547264 nbytes=17547264 fd=O_DIRECT
  L2 want=17547264 slot=17547264 nbytes=17547264 fd=O_DIRECT
  L2 want=17547264 slot=17547264 nbytes=17547264 fd=O_DIRECT
  L2 want=17547264 slot=17547264 nbytes=17547264 fd=O_DIRECT
  L2 want=17547264 slot=17547264 nbytes=17547264 fd=O_DIRECT
  L2 want=17547264 slot=17547264 nbytes=17547264 fd=O_DIRECT
  L2 want=17547264 slot=17547264 nbytes=17547264 fd=O_DIRECT
  L2 want=17547264 slot=17547264 nbytes=17547264 fd=O_DIRECT
  L2 want=17547264 slot=17547264 nbytes=17547264 fd=O_DIRECT
DBG getmany L5 nw=16 wall=0.159s thr(out)1 thr(in)16 conc_peak=16 pread=0.000s
DBG getmany L6 nw=16 wall=0.174s thr(out)1 thr(in)16 conc_peak=16 pread=0.000s
DBG getmany L7 nw=16 wall=0.161s thr(out)1 thr(in)16 conc_peak=16 pread=0.000s
DBG getmany L8 nw=16 wall=0.156s thr(out)1 thr(in)16 conc_peak=16 pread=0.000s
DBG getmany L9 nw=16 wall=0.161s thr(out)1 thr(in)16 conc_peak=14 pread=0.000s
DBG getmany L10 nw=16 wall=0.165s thr(out)1 thr(in)16 conc_peak=16 pread=0.000s
  L2 want=17547264 slot=17547264 nbytes=17547264 fd=O_DIRECT
  L2 want=17547264 slot=17547264 nbytes=17547264 fd=O_DIRECT
  L2 want=17547264 slot=17547264 nbytes=17547264 fd=O_DIRECT
  L2 want=17547264 slot=17547264 nbytes=17547264 fd=O_DIRECT
  L2 want=17547264 slot=17547264 nbytes=17547264 fd=O_DIRECT
  L2 want=17547264 slot=17547264 nbytes=17547264 fd=O_DIRECT
  L2 want=17547264 slot=17547264 nbytes=17547264 fd=O_DIRECT
  L2 want=17547264 slot=17547264 nbytes=17547264 fd=O_DIRECT
  L2 want=17547264 slot=17547264 nbytes=17547264 fd=O_DIRECT
  L2 want=17547264 slot=17547264 nbytes=17547264 fd=O_DIRECT
  L2 want=17547264 slot=17547264 nbytes=17547264 fd=O_DIRECT
  L2 want=17547264 slot=17547264 nbytes=17547264 fd=O_DIRECT
  L2 want=17547264 slot=17547264 nbytes=17547264 fd=O_DIRECT
  L2 want=17547264 slot=17547264 nbytes=17547264 fd=O_DIRECT
  L2 want=17547264 slot=17547264 nbytes=17547264 fd=O_DIRECT
  L2 want=17547264 slot=17547264 nbytes=17547264 fd=O_DIRECT
DBG getmany L11 nw=16 wall=0.162s thr(out)1 thr(in)16 conc_peak=16 pread=0.000s
  L2 want=17547264 slot=17547264 nbytes=17547264 fd=O_DIRECT
  L2 want=17547264 slot=17547264 nbytes=17547264 fd=O_DIRECT
  L2 want=17547264 slot=17547264 nbytes=17547264 fd=O_DIRECT
  L2 want=17547264 slot=17547264 nbytes=17547264 fd=O_DIRECT
  L2 want=17547264 slot=17547264 nbytes=17547264 fd=O_DIRECT
  L2 want=17547264 slot=17547264 nbytes=17547264 fd=O_DIRECT
  L2 want=17547264 slot=17547264 nbytes=17547264 fd=O_DIRECT
  L2 want=17547264 slot=17547264 nbytes=17547264 fd=O_DIRECT
  L2 want=17547264 slot=17547264 nbytes=17547264 fd=O_DIRECT
  L2 want=17547264 slot=17547264 nbytes=17547264 fd=O_DIRECT
  L2 want=17547264 slot=17547264 nbytes=17547264 fd=O_DIRECT
  L2 want=17547264 slot=17547264 nbytes=17547264 fd=O_DIRECT
  L2 want=17547264 slot=17547264 nbytes=17547264 fd=O_DIRECT
  L2 want=17547264 slot=17547264 nbytes=17547264 fd=O_DIRECT
  L2 want=17547264 slot=17547264 nbytes=17547264 fd=O_DIRECT
  L2 want=17547264 slot=17547264 nbytes=17547264 fd=O_DIRECT
DBG getmany L12 nw=16 wall=0.165s thr(out)1 thr(in)16 conc_peak=16 pread=0.000s
  L2 want=17547264 slot=17547264 nbytes=17547264 fd=O_DIRECT
  L2 want=17547264 slot=17547264 nbytes=17547264 fd=O_DIRECT
  L2 want=17547264 slot=17547264 nbytes=17547264 fd=O_DIRECT
  L2 want=17547264 slot=17547264 nbytes=17547264 fd=O_DIRECT
  L2 want=17547264 slot=17547264 nbytes=17547264 fd=O_DIRECT
  L2 want=17547264 slot=17547264 nbytes=17547264 fd=O_DIRECT
  L2 want=17547264 slot=17547264 nbytes=17547264 fd=O_DIRECT
  L2 want=17547264 slot=17547264 nbytes=17547264 fd=O_DIRECT
  L2 want=17547264 slot=17547264 nbytes=17547264 fd=O_DIRECT
  L2 want=17547264 slot=17547264 nbytes=17547264 fd=O_DIRECT
  L2 want=17547264 slot=17547264 nbytes=17547264 fd=O_DIRECT
  L2 want=17547264 slot=17547264 nbytes=17547264 fd=O_DIRECT
  L2 want=17547264 slot=17547264 nbytes=17547264 fd=O_DIRECT
  L2 want=17547264 slot=17547264 nbytes=17547264 fd=O_DIRECT
  L2 want=17547264 slot=17547264 nbytes=17547264 fd=O_DIRECT
  L2 want=17547264 slot=17547264 nbytes=17547264 fd=O_DIRECT
DBG getmany L13 nw=16 wall=0.173s thr(out)1 thr(in)16 conc_peak=16 pread=0.000s
  L2 want=17547264 slot=17547264 nbytes=17547264 fd=O_DIRECT
  L2 want=17547264 slot=17547264 nbytes=17547264 fd=O_DIRECT
  L2 want=17547264 slot=17547264 nbytes=17547264 fd=O_DIRECT
  L2 want=17547264 slot=17547264 nbytes=17547264 fd=O_DIRECT
  L2 want=17547264 slot=17547264 nbytes=17547264 fd=O_DIRECT
  L2 want=17547264 slot=17547264 nbytes=17547264 fd=O_DIRECT
  L2 want=17547264 slot=17547264 nbytes=17547264 fd=O_DIRECT
  L2 want=17547264 slot=17547264 nbytes=17547264 fd=O_DIRECT
  L2 want=17547264 slot=17547264 nbytes=17547264 fd=O_DIRECT
  L2 want=17547264 slot=17547264 nbytes=17547264 fd=O_DIRECT
  L2 want=17547264 slot=17547264 nbytes=17547264 fd=O_DIRECT
  L2 want=17547264 slot=17547264 nbytes=17547264 fd=O_DIRECT
  L2 want=17547264 slot=17547264 nbytes=17547264 fd=O_DIRECT
  L2 want=17547264 slot=17547264 nbytes=17547264 fd=O_DIRECT
  L2 want=17547264 slot=17547264 nbytes=17547264 fd=O_DIRECT
  L2 want=17547264 slot=17547264 nbytes=17547264 fd=O_DIRECT
DBG getmany L14 nw=16 wall=0.362s thr(out)1 thr(in)16 conc_peak=16 pread=0.000s
DBG getmany L15 nw=16 wall=0.489s thr(out)1 thr(in)16 conc_peak=16 pread=0.000s
DBG getmany L16 nw=16 wall=0.432s thr(out)1 thr(in)16 conc_peak=16 pread=0.000s
DBG getmany L17 nw=16 wall=0.483s thr(out)1 thr(in)16 conc_peak=16 pread=0.000s
  L2 want=17547264 slot=17547264 nbytes=17547264 fd=O_DIRECT
  L2 want=17547264 slot=17547264 nbytes=17547264 fd=O_DIRECT
  L2 want=17547264 slot=17547264 nbytes=17547264 fd=O_DIRECT
  L2 want=17547264 slot=17547264 nbytes=17547264 fd=O_DIRECT
  L2 want=17547264 slot=17547264 nbytes=17547264 fd=O_DIRECT
  L2 want=17547264 slot=17547264 nbytes=17547264 fd=O_DIRECT
  L2 want=17547264 slot=17547264 nbytes=17547264 fd=O_DIRECT
  L2 want=17547264 slot=17547264 nbytes=17547264 fd=O_DIRECT
  L2 want=17547264 slot=17547264 nbytes=17547264 fd=O_DIRECT
  L2 want=17547264 slot=17547264 nbytes=17547264 fd=O_DIRECT
  L2 want=17547264 slot=17547264 nbytes=17547264 fd=O_DIRECT
  L2 want=17547264 slot=17547264 nbytes=17547264 fd=O_DIRECT
  L2 want=17547264 slot=17547264 nbytes=17547264 fd=O_DIRECT
  L2 want=17547264 slot=17547264 nbytes=17547264 fd=O_DIRECT
  L2 want=17547264 slot=17547264 nbytes=17547264 fd=O_DIRECT
  L2 want=17547264 slot=17547264 nbytes=17547264 fd=O_DIRECT
DBG getmany L18 nw=16 wall=0.388s thr(out)1 thr(in)16 conc_peak=16 pread=0.000s
DBG getmany L19 nw=16 wall=0.390s thr(out)1 thr(in)16 conc_peak=16 pread=0.000s
  L2 want=17547264 slot=17547264 nbytes=17547264 fd=O_DIRECT
  L2 want=17547264 slot=17547264 nbytes=17547264 fd=O_DIRECT
  L2 want=17547264 slot=17547264 nbytes=17547264 fd=O_DIRECT
  L2 want=17547264 slot=17547264 nbytes=17547264 fd=O_DIRECT
  L2 want=17547264 slot=17547264 nbytes=17547264 fd=O_DIRECT
  L2 want=17547264 slot=17547264 nbytes=17547264 fd=O_DIRECT
  L2 want=17547264 slot=17547264 nbytes=17547264 fd=O_DIRECT
  L2 want=17547264 slot=17547264 nbytes=17547264 fd=O_DIRECT
  L2 want=17547264 slot=17547264 nbytes=17547264 fd=O_DIRECT
  L2 want=17547264 slot=17547264 nbytes=17547264 fd=O_DIRECT
  L2 want=17547264 slot=17547264 nbytes=17547264 fd=O_DIRECT
  L2 want=17547264 slot=17547264 nbytes=17547264 fd=O_DIRECT
  L2 want=17547264 slot=17547264 nbytes=17547264 fd=O_DIRECT
  L2 want=17547264 slot=17547264 nbytes=17547264 fd=O_DIRECT
  L2 want=17547264 slot=17547264 nbytes=17547264 fd=O_DIRECT
  L2 want=17547264 slot=17547264 nbytes=17547264 fd=O_DIRECT
DBG getmany L20 nw=16 wall=0.417s thr(out)1 thr(in)16 conc_peak=16 pread=0.000s
  L2 want=17547264 slot=17547264 nbytes=17547264 fd=O_DIRECT
  L2 want=17547264 slot=17547264 nbytes=17547264 fd=O_DIRECT
  L2 want=17547264 slot=17547264 nbytes=17547264 fd=O_DIRECT
  L2 want=17547264 slot=17547264 nbytes=17547264 fd=O_DIRECT
  L2 want=17547264 slot=17547264 nbytes=17547264 fd=O_DIRECT
  L2 want=17547264 slot=17547264 nbytes=17547264 fd=O_DIRECT
  L2 want=17547264 slot=17547264 nbytes=17547264 fd=O_DIRECT
  L2 want=17547264 slot=17547264 nbytes=17547264 fd=O_DIRECT
  L2 want=17547264 slot=17547264 nbytes=17547264 fd=O_DIRECT
  L2 want=17547264 slot=17547264 nbytes=17547264 fd=O_DIRECT
  L2 want=17547264 slot=17547264 nbytes=17547264 fd=O_DIRECT
  L2 want=17547264 slot=17547264 nbytes=17547264 fd=O_DIRECT
  L2 want=17547264 slot=17547264 nbytes=17547264 fd=O_DIRECT
  L2 want=17547264 slot=17547264 nbytes=17547264 fd=O_DIRECT
  L2 want=17547264 slot=17547264 nbytes=17547264 fd=O_DIRECT
  L2 want=17547264 slot=17547264 nbytes=17547264 fd=O_DIRECT
DBG getmany L21 nw=16 wall=0.497s thr(out)1 thr(in)16 conc_peak=16 pread=0.000s
  L2 want=17547264 slot=17547264 nbytes=17547264 fd=O_DIRECT
  L2 want=17547264 slot=17547264 nbytes=17547264 fd=O_DIRECT
  L2 want=17547264 slot=17547264 nbytes=17547264 fd=O_DIRECT
  L2 want=17547264 slot=17547264 nbytes=17547264 fd=O_DIRECT
  L2 want=17547264 slot=17547264 nbytes=17547264 fd=O_DIRECT
  L2 want=17547264 slot=17547264 nbytes=17547264 fd=O_DIRECT
  L2 want=17547264 slot=17547264 nbytes=17547264 fd=O_DIRECT
  L2 want=17547264 slot=17547264 nbytes=17547264 fd=O_DIRECT
  L2 want=17547264 slot=17547264 nbytes=17547264 fd=O_DIRECT
  L2 want=17547264 slot=17547264 nbytes=17547264 fd=O_DIRECT
  L2 want=17547264 slot=17547264 nbytes=17547264 fd=O_DIRECT
  L2 want=17547264 slot=17547264 nbytes=17547264 fd=O_DIRECT
  L2 want=17547264 slot=17547264 nbytes=17547264 fd=O_DIRECT
  L2 want=17547264 slot=17547264 nbytes=17547264 fd=O_DIRECT
  L2 want=17547264 slot=17547264 nbytes=17547264 fd=O_DIRECT
  L2 want=17547264 slot=17547264 nbytes=17547264 fd=O_DIRECT
DBG getmany L22 nw=16 wall=0.370s thr(out)1 thr(in)16 conc_peak=16 pread=0.000s
DBG getmany L23 nw=16 wall=0.457s thr(out)1 thr(in)16 conc_peak=16 pread=0.000s
  L2 want=17547264 slot=17547264 nbytes=17547264 fd=O_DIRECT
  L2 want=17547264 slot=17547264 nbytes=17547264 fd=O_DIRECT
  L2 want=17547264 slot=17547264 nbytes=17547264 fd=O_DIRECT
  L2 want=17547264 slot=17547264 nbytes=17547264 fd=O_DIRECT
  L2 want=17547264 slot=17547264 nbytes=17547264 fd=O_DIRECT
  L2 want=17547264 slot=17547264 nbytes=17547264 fd=O_DIRECT
  L2 want=17547264 slot=17547264 nbytes=17547264 fd=O_DIRECT
  L2 want=17547264 slot=17547264 nbytes=17547264 fd=O_DIRECT
  L2 want=17547264 slot=17547264 nbytes=17547264 fd=O_DIRECT
  L2 want=17547264 slot=17547264 nbytes=17547264 fd=O_DIRECT
  L2 want=17547264 slot=17547264 nbytes=17547264 fd=O_DIRECT
  L2 want=17547264 slot=17547264 nbytes=17547264 fd=O_DIRECT
  L2 want=17547264 slot=17547264 nbytes=17547264 fd=O_DIRECT
  L2 want=17547264 slot=17547264 nbytes=17547264 fd=O_DIRECT
  L2 want=17547264 slot=17547264 nbytes=17547264 fd=O_DIRECT
  L2 want=17547264 slot=17547264 nbytes=17547264 fd=O_DIRECT
DBG getmany L24 nw=16 wall=0.556s thr(out)1 thr(in)16 conc_peak=16 pread=0.000s
DBG getmany L25 nw=16 wall=0.543s thr(out)1 thr(in)16 conc_peak=16 pread=0.000s
DBG getmany L26 nw=16 wall=0.405s thr(out)1 thr(in)16 conc_peak=16 pread=0.000s
  L2 want=17547264 slot=17547264 nbytes=17547264 fd=O_DIRECT
  L2 want=17547264 slot=17547264 nbytes=17547264 fd=O_DIRECT
  L2 want=17547264 slot=17547264 nbytes=17547264 fd=O_DIRECT
  L2 want=17547264 slot=17547264 nbytes=17547264 fd=O_DIRECT
  L2 want=17547264 slot=17547264 nbytes=17547264 fd=O_DIRECT
  L2 want=17547264 slot=17547264 nbytes=17547264 fd=O_DIRECT
  L2 want=17547264 slot=17547264 nbytes=17547264 fd=O_DIRECT
  L2 want=17547264 slot=17547264 nbytes=17547264 fd=O_DIRECT
  L2 want=17547264 slot=17547264 nbytes=17547264 fd=O_DIRECT
  L2 want=17547264 slot=17547264 nbytes=17547264 fd=O_DIRECT
  L2 want=17547264 slot=17547264 nbytes=17547264 fd=O_DIRECT
  L2 want=17547264 slot=17547264 nbytes=17547264 fd=O_DIRECT
  L2 want=17547264 slot=17547264 nbytes=17547264 fd=O_DIRECT
  L2 want=17547264 slot=17547264 nbytes=17547264 fd=O_DIRECT
  L2 want=17547264 slot=17547264 nbytes=17547264 fd=O_DIRECT
  L2 want=17547264 slot=17547264 nbytes=17547264 fd=O_DIRECT
DBG getmany L27 nw=16 wall=0.491s thr(out)1 thr(in)16 conc_peak=16 pread=0.000s
  L2 want=17547264 slot=17547264 nbytes=17547264 fd=O_DIRECT
  L2 want=17547264 slot=17547264 nbytes=17547264 fd=O_DIRECT
  L2 want=17547264 slot=17547264 nbytes=17547264 fd=O_DIRECT
  L2 want=17547264 slot=17547264 nbytes=17547264 fd=O_DIRECT
  L2 want=17547264 slot=17547264 nbytes=17547264 fd=O_DIRECT
  L2 want=17547264 slot=17547264 nbytes=17547264 fd=O_DIRECT
  L2 want=17547264 slot=17547264 nbytes=17547264 fd=O_DIRECT
  L2 want=17547264 slot=17547264 nbytes=17547264 fd=O_DIRECT
  L2 want=17547264 slot=17547264 nbytes=17547264 fd=O_DIRECT
  L2 want=17547264 slot=17547264 nbytes=17547264 fd=O_DIRECT
  L2 want=17547264 slot=17547264 nbytes=17547264 fd=O_DIRECT
  L2 want=17547264 slot=17547264 nbytes=17547264 fd=O_DIRECT
  L2 want=17547264 slot=17547264 nbytes=17547264 fd=O_DIRECT
  L2 want=17547264 slot=17547264 nbytes=17547264 fd=O_DIRECT
  L2 want=17547264 slot=17547264 nbytes=17547264 fd=O_DIRECT
  L2 want=17547264 slot=17547264 nbytes=17547264 fd=O_DIRECT
DBG getmany L28 nw=16 wall=0.472s thr(out)1 thr(in)16 conc_peak=16 pread=0.000s
DBG getmany L29 nw=16 wall=0.505s thr(out)1 thr(in)16 conc_peak=16 pread=0.000s
  L2 want=17547264 slot=17547264 nbytes=17547264 fd=O_DIRECT
  L2 want=17547264 slot=17547264 nbytes=17547264 fd=O_DIRECT
  L2 want=17547264 slot=17547264 nbytes=17547264 fd=O_DIRECT
  L2 want=17547264 slot=17547264 nbytes=17547264 fd=O_DIRECT
  L2 want=17547264 slot=17547264 nbytes=17547264 fd=O_DIRECT
  L2 want=17547264 slot=17547264 nbytes=17547264 fd=O_DIRECT
  L2 want=17547264 slot=17547264 nbytes=17547264 fd=O_DIRECT
  L2 want=17547264 slot=17547264 nbytes=17547264 fd=O_DIRECT
  L2 want=17547264 slot=17547264 nbytes=17547264 fd=O_DIRECT
  L2 want=17547264 slot=17547264 nbytes=17547264 fd=O_DIRECT
  L2 want=17547264 slot=17547264 nbytes=17547264 fd=O_DIRECT
  L2 want=17547264 slot=17547264 nbytes=17547264 fd=O_DIRECT
  L2 want=17547264 slot=17547264 nbytes=17547264 fd=O_DIRECT
  L2 want=17547264 slot=17547264 nbytes=17547264 fd=O_DIRECT
  L2 want=17547264 slot=17547264 nbytes=17547264 fd=O_DIRECT
  L2 want=17547264 slot=17547264 nbytes=17547264 fd=O_DIRECT
DBG getmany L30 nw=16 wall=0.353s thr(out)1 thr(in)16 conc_peak=16 pread=0.000s
DBG getmany L31 nw=16 wall=0.565s thr(out)1 thr(in)16 conc_peak=16 pread=0.000s
DBG getmany L32 nw=16 wall=0.584s thr(out)1 thr(in)16 conc_peak=16 pread=0.000s
  L2 want=17547264 slot=17547264 nbytes=17547264 fd=O_DIRECT
  L2 want=17547264 slot=17547264 nbytes=17547264 fd=O_DIRECT
  L2 want=17547264 slot=17547264 nbytes=17547264 fd=O_DIRECT
  L2 want=17547264 slot=17547264 nbytes=17547264 fd=O_DIRECT
  L2 want=17547264 slot=17547264 nbytes=17547264 fd=O_DIRECT
  L2 want=17547264 slot=17547264 nbytes=17547264 fd=O_DIRECT
  L2 want=17547264 slot=17547264 nbytes=17547264 fd=O_DIRECT
  L2 want=17547264 slot=17547264 nbytes=17547264 fd=O_DIRECT
  L2 want=17547264 slot=17547264 nbytes=17547264 fd=O_DIRECT
  L2 want=17547264 slot=17547264 nbytes=17547264 fd=O_DIRECT
  L2 want=17547264 slot=17547264 nbytes=17547264 fd=O_DIRECT
  L2 want=17547264 slot=17547264 nbytes=17547264 fd=O_DIRECT
  L2 want=17547264 slot=17547264 nbytes=17547264 fd=O_DIRECT
  L2 want=17547264 slot=17547264 nbytes=17547264 fd=O_DIRECT
  L2 want=17547264 slot=17547264 nbytes=17547264 fd=O_DIRECT
  L2 want=17547264 slot=17547264 nbytes=17547264 fd=O_DIRECT
DBG getmany L33 nw=16 wall=0.619s thr(out)1 thr(in)16 conc_peak=16 pread=0.000s
DBG getmany L34 nw=16 wall=0.412s thr(out)1 thr(in)16 conc_peak=16 pread=0.000s
DBG getmany L35 nw=16 wall=0.536s thr(out)1 thr(in)16 conc_peak=16 pread=0.000s
DBG getmany L36 nw=16 wall=0.543s thr(out)1 thr(in)16 conc_peak=16 pread=0.000s
  L2 want=17547264 slot=17547264 nbytes=17547264 fd=O_DIRECT
  L2 want=17547264 slot=17547264 nbytes=17547264 fd=O_DIRECT
  L2 want=17547264 slot=17547264 nbytes=17547264 fd=O_DIRECT
  L2 want=17547264 slot=17547264 nbytes=17547264 fd=O_DIRECT
  L2 want=17547264 slot=17547264 nbytes=17547264 fd=O_DIRECT
  L2 want=17547264 slot=17547264 nbytes=17547264 fd=O_DIRECT
  L2 want=17547264 slot=17547264 nbytes=17547264 fd=O_DIRECT
  L2 want=17547264 slot=17547264 nbytes=17547264 fd=O_DIRECT
  L2 want=17547264 slot=17547264 nbytes=17547264 fd=O_DIRECT
  L2 want=17547264 slot=17547264 nbytes=17547264 fd=O_DIRECT
  L2 want=17547264 slot=17547264 nbytes=17547264 fd=O_DIRECT
  L2 want=17547264 slot=17547264 nbytes=17547264 fd=O_DIRECT
  L2 want=17547264 slot=17547264 nbytes=17547264 fd=O_DIRECT
  L2 want=17547264 slot=17547264 nbytes=17547264 fd=O_DIRECT
  L2 want=17547264 slot=17547264 nbytes=17547264 fd=O_DIRECT
  L2 want=17547264 slot=17547264 nbytes=17547264 fd=O_DIRECT
DBG getmany L37 nw=16 wall=0.553s thr(out)1 thr(in)16 conc_peak=16 pread=0.000s
DBG getmany L38 nw=16 wall=0.423s thr(out)1 thr(in)16 conc_peak=16 pread=0.000s
  L2 want=17547264 slot=17547264 nbytes=17547264 fd=O_DIRECT
  L2 want=17547264 slot=17547264 nbytes=17547264 fd=O_DIRECT
  L2 want=17547264 slot=17547264 nbytes=17547264 fd=O_DIRECT
  L2 want=17547264 slot=17547264 nbytes=17547264 fd=O_DIRECT
  L2 want=17547264 slot=17547264 nbytes=17547264 fd=O_DIRECT
  L2 want=17547264 slot=17547264 nbytes=17547264 fd=O_DIRECT
  L2 want=17547264 slot=17547264 nbytes=17547264 fd=O_DIRECT
  L2 want=17547264 slot=17547264 nbytes=17547264 fd=O_DIRECT
  L2 want=17547264 slot=17547264 nbytes=17547264 fd=O_DIRECT
  L2 want=17547264 slot=17547264 nbytes=17547264 fd=O_DIRECT
  L2 want=17547264 slot=17547264 nbytes=17547264 fd=O_DIRECT
  L2 want=17547264 slot=17547264 nbytes=17547264 fd=O_DIRECT
  L2 want=17547264 slot=17547264 nbytes=17547264 fd=O_DIRECT
  L2 want=17547264 slot=17547264 nbytes=17547264 fd=O_DIRECT
  L2 want=17547264 slot=17547264 nbytes=17547264 fd=O_DIRECT
  L2 want=17547264 slot=17547264 nbytes=17547264 fd=O_DIRECT
DBG getmany L39 nw=16 wall=0.577s thr(out)1 thr(in)16 conc_peak=16 pread=0.000s
  L2 want=17547264 slot=17547264 nbytes=17547264 fd=O_DIRECT
  L2 want=17547264 slot=17547264 nbytes=17547264 fd=O_DIRECT
  L2 want=17547264 slot=17547264 nbytes=17547264 fd=O_DIRECT
  L2 want=17547264 slot=17547264 nbytes=17547264 fd=O_DIRECT
  L2 want=17547264 slot=17547264 nbytes=17547264 fd=O_DIRECT
  L2 want=17547264 slot=17547264 nbytes=17547264 fd=O_DIRECT
  L2 want=17547264 slot=17547264 nbytes=17547264 fd=O_DIRECT
  L2 want=17547264 slot=17547264 nbytes=17547264 fd=O_DIRECT
  L2 want=17547264 slot=17547264 nbytes=17547264 fd=O_DIRECT
  L2 want=17547264 slot=17547264 nbytes=17547264 fd=O_DIRECT
  L2 want=17547264 slot=17547264 nbytes=17547264 fd=O_DIRECT
  L2 want=17547264 slot=17547264 nbytes=17547264 fd=O_DIRECT
  L2 want=17547264 slot=17547264 nbytes=17547264 fd=O_DIRECT
  L2 want=17547264 slot=17547264 nbytes=17547264 fd=O_DIRECT
  L2 want=17547264 slot=17547264 nbytes=17547264 fd=O_DIRECT
  L2 want=17547264 slot=17547264 nbytes=17547264 fd=O_DIRECT
DBG getmany L40 nw=16 wall=0.546s thr(out)1 thr(in)16 conc_peak=16 pread=0.000s
  L2 want=17547264 slot=17547264 nbytes=17547264 fd=O_DIRECT
  L2 want=17547264 slot=17547264 nbytes=17547264 fd=O_DIRECT
  L2 want=17547264 slot=17547264 nbytes=17547264 fd=O_DIRECT
  L2 want=17547264 slot=17547264 nbytes=17547264 fd=O_DIRECT
  L2 want=17547264 slot=17547264 nbytes=17547264 fd=O_DIRECT
  L2 want=17547264 slot=17547264 nbytes=17547264 fd=O_DIRECT
  L2 want=17547264 slot=17547264 nbytes=17547264 fd=O_DIRECT
  L2 want=17547264 slot=17547264 nbytes=17547264 fd=O_DIRECT
  L2 want=17547264 slot=17547264 nbytes=17547264 fd=O_DIRECT
  L2 want=17547264 slot=17547264 nbytes=17547264 fd=O_DIRECT
  L2 want=17547264 slot=17547264 nbytes=17547264 fd=O_DIRECT
  L2 want=17547264 slot=17547264 nbytes=17547264 fd=O_DIRECT
  L2 want=17547264 slot=17547264 nbytes=17547264 fd=O_DIRECT
  L2 want=17547264 slot=17547264 nbytes=17547264 fd=O_DIRECT
  L2 want=17547264 slot=17547264 nbytes=17547264 fd=O_DIRECT
  L2 want=17547264 slot=17547264 nbytes=17547264 fd=O_DIRECT
DBG getmany L41 nw=16 wall=0.527s thr(out)1 thr(in)16 conc_peak=16 pread=0.000s
  L2 want=17547264 slot=17547264 nbytes=17547264 fd=O_DIRECT
  L2 want=17547264 slot=17547264 nbytes=17547264 fd=O_DIRECT
  L2 want=17547264 slot=17547264 nbytes=17547264 fd=O_DIRECT
  L2 want=17547264 slot=17547264 nbytes=17547264 fd=O_DIRECT
  L2 want=17547264 slot=17547264 nbytes=17547264 fd=O_DIRECT
  L2 want=17547264 slot=17547264 nbytes=17547264 fd=O_DIRECT
  L2 want=17547264 slot=17547264 nbytes=17547264 fd=O_DIRECT
  L2 want=17547264 slot=17547264 nbytes=17547264 fd=O_DIRECT
  L2 want=17547264 slot=17547264 nbytes=17547264 fd=O_DIRECT
  L2 want=17547264 slot=17547264 nbytes=17547264 fd=O_DIRECT
  L2 want=17547264 slot=17547264 nbytes=17547264 fd=O_DIRECT
  L2 want=17547264 slot=17547264 nbytes=17547264 fd=O_DIRECT
  L2 want=17547264 slot=17547264 nbytes=17547264 fd=O_DIRECT
  L2 want=17547264 slot=17547264 nbytes=17547264 fd=O_DIRECT
  L2 want=17547264 slot=17547264 nbytes=17547264 fd=O_DIRECT
  L2 want=17547264 slot=17547264 nbytes=17547264 fd=O_DIRECT
DBG getmany L42 nw=16 wall=0.410s thr(out)1 thr(in)16 conc_peak=16 pread=0.000s
DBG getmany L43 nw=16 wall=0.553s thr(out)1 thr(in)16 conc_peak=16 pread=0.000s
DBG getmany L44 nw=16 wall=0.541s thr(out)1 thr(in)16 conc_peak=16 pread=0.000s
DBG getmany L45 nw=16 wall=0.564s thr(out)1 thr(in)16 conc_peak=16 pread=0.000s
  L2 want=17547264 slot=17547264 nbytes=17547264 fd=O_DIRECT
  L2 want=17547264 slot=17547264 nbytes=17547264 fd=O_DIRECT
  L2 want=17547264 slot=17547264 nbytes=17547264 fd=O_DIRECT
  L2 want=17547264 slot=17547264 nbytes=17547264 fd=O_DIRECT
  L2 want=17547264 slot=17547264 nbytes=17547264 fd=O_DIRECT
  L2 want=17547264 slot=17547264 nbytes=17547264 fd=O_DIRECT
  L2 want=17547264 slot=17547264 nbytes=17547264 fd=O_DIRECT
  L2 want=17547264 slot=17547264 nbytes=17547264 fd=O_DIRECT
  L2 want=17547264 slot=17547264 nbytes=17547264 fd=O_DIRECT
  L2 want=17547264 slot=17547264 nbytes=17547264 fd=O_DIRECT
  L2 want=17547264 slot=17547264 nbytes=17547264 fd=O_DIRECT
  L2 want=17547264 slot=17547264 nbytes=17547264 fd=O_DIRECT
  L2 want=17547264 slot=17547264 nbytes=17547264 fd=O_DIRECT
  L2 want=17547264 slot=17547264 nbytes=17547264 fd=O_DIRECT
  L2 want=17547264 slot=17547264 nbytes=17547264 fd=O_DIRECT
  L2 want=17547264 slot=17547264 nbytes=17547264 fd=O_DIRECT
DBG getmany L46 nw=16 wall=0.425s thr(out)1 thr(in)16 conc_peak=16 pread=0.000s
  L2 want=17547264 slot=17547264 nbytes=17547264 fd=O_DIRECT
  L2 want=17547264 slot=17547264 nbytes=17547264 fd=O_DIRECT
  L2 want=17547264 slot=17547264 nbytes=17547264 fd=O_DIRECT
  L2 want=17547264 slot=17547264 nbytes=17547264 fd=O_DIRECT
  L2 want=17547264 slot=17547264 nbytes=17547264 fd=O_DIRECT
  L2 want=17547264 slot=17547264 nbytes=17547264 fd=O_DIRECT
  L2 want=17547264 slot=17547264 nbytes=17547264 fd=O_DIRECT
  L2 want=17547264 slot=17547264 nbytes=17547264 fd=O_DIRECT
  L2 want=17547264 slot=17547264 nbytes=17547264 fd=O_DIRECT
  L2 want=17547264 slot=17547264 nbytes=17547264 fd=O_DIRECT
  L2 want=17547264 slot=17547264 nbytes=17547264 fd=O_DIRECT
  L2 want=17547264 slot=17547264 nbytes=17547264 fd=O_DIRECT
  L2 want=17547264 slot=17547264 nbytes=17547264 fd=O_DIRECT
  L2 want=17547264 slot=17547264 nbytes=17547264 fd=O_DIRECT
  L2 want=17547264 slot=17547264 nbytes=17547264 fd=O_DIRECT
  L2 want=17547264 slot=17547264 nbytes=17547264 fd=O_DIRECT
DBG getmany L47 nw=16 wall=0.549s thr(out)1 thr(in)16 conc_peak=16 pread=0.000s
  L2 want=17547264 slot=17547264 nbytes=17547264 fd=O_DIRECT
  L2 want=17547264 slot=17547264 nbytes=17547264 fd=O_DIRECT
  L2 want=17547264 slot=17547264 nbytes=17547264 fd=O_DIRECT
  L2 want=17547264 slot=17547264 nbytes=17547264 fd=O_DIRECT
  L2 want=17547264 slot=17547264 nbytes=17547264 fd=O_DIRECT
  L2 want=17547264 slot=17547264 nbytes=17547264 fd=O_DIRECT
  L2 want=17547264 slot=17547264 nbytes=17547264 fd=O_DIRECT
  L2 want=17547264 slot=17547264 nbytes=17547264 fd=O_DIRECT
  L2 want=17547264 slot=17547264 nbytes=17547264 fd=O_DIRECT
  L2 want=17547264 slot=17547264 nbytes=17547264 fd=O_DIRECT
  L2 want=17547264 slot=17547264 nbytes=17547264 fd=O_DIRECT
  L2 want=17547264 slot=17547264 nbytes=17547264 fd=O_DIRECT
  L2 want=17547264 slot=17547264 nbytes=17547264 fd=O_DIRECT
  L2 want=17547264 slot=17547264 nbytes=17547264 fd=O_DIRECT
  L2 want=17547264 slot=17547264 nbytes=17547264 fd=O_DIRECT
  L2 want=17547264 slot=17547264 nbytes=17547264 fd=O_DIRECT
DBG getmany L48 nw=16 wall=0.558s thr(out)1 thr(in)16 conc_peak=16 pread=0.000s
DBG getmany L49 nw=16 wall=0.585s thr(out)1 thr(in)16 conc_peak=16 pread=0.000s
  L2 want=17547264 slot=17547264 nbytes=17547264 fd=O_DIRECT
  L2 want=17547264 slot=17547264 nbytes=17547264 fd=O_DIRECT
  L2 want=17547264 slot=17547264 nbytes=17547264 fd=O_DIRECT
  L2 want=17547264 slot=17547264 nbytes=17547264 fd=O_DIRECT
  L2 want=17547264 slot=17547264 nbytes=17547264 fd=O_DIRECT
  L2 want=17547264 slot=17547264 nbytes=17547264 fd=O_DIRECT
  L2 want=17547264 slot=17547264 nbytes=17547264 fd=O_DIRECT
  L2 want=17547264 slot=17547264 nbytes=17547264 fd=O_DIRECT
  L2 want=17547264 slot=17547264 nbytes=17547264 fd=O_DIRECT
  L2 want=17547264 slot=17547264 nbytes=17547264 fd=O_DIRECT
  L2 want=17547264 slot=17547264 nbytes=17547264 fd=O_DIRECT
  L2 want=17547264 slot=17547264 nbytes=17547264 fd=O_DIRECT
  L2 want=17547264 slot=17547264 nbytes=17547264 fd=O_DIRECT
  L2 want=17547264 slot=17547264 nbytes=17547264 fd=O_DIRECT
  L2 want=17547264 slot=17547264 nbytes=17547264 fd=O_DIRECT
  L2 want=17547264 slot=17547264 nbytes=17547264 fd=O_DIRECT
DBG getmany L50 nw=16 wall=0.439s thr(out)1 thr(in)16 conc_peak=16 pread=0.000s
  L2 want=17547264 slot=17547264 nbytes=17547264 fd=O_DIRECT
  L2 want=17547264 slot=17547264 nbytes=17547264 fd=O_DIRECT
  L2 want=17547264 slot=17547264 nbytes=17547264 fd=O_DIRECT
  L2 want=17547264 slot=17547264 nbytes=17547264 fd=O_DIRECT
  L2 want=17547264 slot=17547264 nbytes=17547264 fd=O_DIRECT
  L2 want=17547264 slot=17547264 nbytes=17547264 fd=O_DIRECT
  L2 want=17547264 slot=17547264 nbytes=17547264 fd=O_DIRECT
  L2 want=17547264 slot=17547264 nbytes=17547264 fd=O_DIRECT
  L2 want=17547264 slot=17547264 nbytes=17547264 fd=O_DIRECT
  L2 want=17547264 slot=17547264 nbytes=17547264 fd=O_DIRECT
  L2 want=17547264 slot=17547264 nbytes=17547264 fd=O_DIRECT
  L2 want=17547264 slot=17547264 nbytes=17547264 fd=O_DIRECT
  L2 want=17547264 slot=17547264 nbytes=17547264 fd=O_DIRECT
  L2 want=17547264 slot=17547264 nbytes=17547264 fd=O_DIRECT
  L2 want=17547264 slot=17547264 nbytes=17547264 fd=O_DIRECT
  L2 want=17547264 slot=17547264 nbytes=17547264 fd=O_DIRECT
DBG getmany L51 nw=16 wall=0.567s thr(out)1 thr(in)16 conc_peak=16 pread=0.000s
DBG getmany L52 nw=16 wall=0.530s thr(out)1 thr(in)16 conc_peak=16 pread=0.000s
  L2 want=17547264 slot=17547264 nbytes=17547264 fd=O_DIRECT
  L2 want=17547264 slot=17547264 nbytes=17547264 fd=O_DIRECT
  L2 want=17547264 slot=17547264 nbytes=17547264 fd=O_DIRECT
  L2 want=17547264 slot=17547264 nbytes=17547264 fd=O_DIRECT
  L2 want=17547264 slot=17547264 nbytes=17547264 fd=O_DIRECT
  L2 want=17547264 slot=17547264 nbytes=17547264 fd=O_DIRECT
  L2 want=17547264 slot=17547264 nbytes=17547264 fd=O_DIRECT
  L2 want=17547264 slot=17547264 nbytes=17547264 fd=O_DIRECT
  L2 want=17547264 slot=17547264 nbytes=17547264 fd=O_DIRECT
  L2 want=17547264 slot=17547264 nbytes=17547264 fd=O_DIRECT
  L2 want=17547264 slot=17547264 nbytes=17547264 fd=O_DIRECT
  L2 want=17547264 slot=17547264 nbytes=17547264 fd=O_DIRECT
  L2 want=17547264 slot=17547264 nbytes=17547264 fd=O_DIRECT
  L2 want=17547264 slot=17547264 nbytes=17547264 fd=O_DIRECT
  L2 want=17547264 slot=17547264 nbytes=17547264 fd=O_DIRECT
  L2 want=17547264 slot=17547264 nbytes=17547264 fd=O_DIRECT
DBG getmany L53 nw=16 wall=0.560s thr(out)1 thr(in)16 conc_peak=16 pread=0.000s
  L2 want=17547264 slot=17547264 nbytes=17547264 fd=O_DIRECT
  L2 want=17547264 slot=17547264 nbytes=17547264 fd=O_DIRECT
  L2 want=17547264 slot=17547264 nbytes=17547264 fd=O_DIRECT
  L2 want=17547264 slot=17547264 nbytes=17547264 fd=O_DIRECT
  L2 want=17547264 slot=17547264 nbytes=17547264 fd=O_DIRECT
  L2 want=17547264 slot=17547264 nbytes=17547264 fd=O_DIRECT
  L2 want=17547264 slot=17547264 nbytes=17547264 fd=O_DIRECT
  L2 want=17547264 slot=17547264 nbytes=17547264 fd=O_DIRECT
  L2 want=17547264 slot=17547264 nbytes=17547264 fd=O_DIRECT
  L2 want=17547264 slot=17547264 nbytes=17547264 fd=O_DIRECT
  L2 want=17547264 slot=17547264 nbytes=17547264 fd=O_DIRECT
  L2 want=17547264 slot=17547264 nbytes=17547264 fd=O_DIRECT
  L2 want=17547264 slot=17547264 nbytes=17547264 fd=O_DIRECT
  L2 want=17547264 slot=17547264 nbytes=17547264 fd=O_DIRECT
  L2 want=17547264 slot=17547264 nbytes=17547264 fd=O_DIRECT
  L2 want=17547264 slot=17547264 nbytes=17547264 fd=O_DIRECT
DBG getmany L54 nw=16 wall=0.427s thr(out)1 thr(in)16 conc_peak=16 pread=0.000s
  L2 want=17547264 slot=17547264 nbytes=17547264 fd=O_DIRECT
  L2 want=17547264 slot=17547264 nbytes=17547264 fd=O_DIRECT
  L2 want=17547264 slot=17547264 nbytes=17547264 fd=O_DIRECT
  L2 want=17547264 slot=17547264 nbytes=17547264 fd=O_DIRECT
  L2 want=17547264 slot=17547264 nbytes=17547264 fd=O_DIRECT
  L2 want=17547264 slot=17547264 nbytes=17547264 fd=O_DIRECT
  L2 want=17547264 slot=17547264 nbytes=17547264 fd=O_DIRECT
  L2 want=17547264 slot=17547264 nbytes=17547264 fd=O_DIRECT
  L2 want=17547264 slot=17547264 nbytes=17547264 fd=O_DIRECT
  L2 want=17547264 slot=17547264 nbytes=17547264 fd=O_DIRECT
  L2 want=17547264 slot=17547264 nbytes=17547264 fd=O_DIRECT
  L2 want=17547264 slot=17547264 nbytes=17547264 fd=O_DIRECT
  L2 want=17547264 slot=17547264 nbytes=17547264 fd=O_DIRECT
  L2 want=17547264 slot=17547264 nbytes=17547264 fd=O_DIRECT
  L2 want=17547264 slot=17547264 nbytes=17547264 fd=O_DIRECT
  L2 want=17547264 slot=17547264 nbytes=17547264 fd=O_DIRECT
DBG getmany L55 nw=16 wall=0.531s thr(out)1 thr(in)16 conc_peak=16 pread=0.000s
DBG getmany L56 nw=16 wall=0.524s thr(out)1 thr(in)16 conc_peak=16 pread=0.000s
  L2 want=17547264 slot=17547264 nbytes=17547264 fd=O_DIRECT
  L2 want=17547264 slot=17547264 nbytes=17547264 fd=O_DIRECT
  L2 want=17547264 slot=17547264 nbytes=17547264 fd=O_DIRECT
  L2 want=17547264 slot=17547264 nbytes=17547264 fd=O_DIRECT
  L2 want=17547264 slot=17547264 nbytes=17547264 fd=O_DIRECT
  L2 want=17547264 slot=17547264 nbytes=17547264 fd=O_DIRECT
  L2 want=17547264 slot=17547264 nbytes=17547264 fd=O_DIRECT
  L2 want=17547264 slot=17547264 nbytes=17547264 fd=O_DIRECT
  L2 want=17547264 slot=17547264 nbytes=17547264 fd=O_DIRECT
  L2 want=17547264 slot=17547264 nbytes=17547264 fd=O_DIRECT
  L2 want=17547264 slot=17547264 nbytes=17547264 fd=O_DIRECT
  L2 want=17547264 slot=17547264 nbytes=17547264 fd=O_DIRECT
  L2 want=17547264 slot=17547264 nbytes=17547264 fd=O_DIRECT
  L2 want=17547264 slot=17547264 nbytes=17547264 fd=O_DIRECT
  L2 want=17547264 slot=17547264 nbytes=17547264 fd=O_DIRECT
  L2 want=17547264 slot=17547264 nbytes=17547264 fd=O_DIRECT
DBG getmany L57 nw=16 wall=0.534s thr(out)1 thr(in)16 conc_peak=16 pread=0.000s
  L2 want=17547264 slot=17547264 nbytes=17547264 fd=O_DIRECT
  L2 want=17547264 slot=17547264 nbytes=17547264 fd=O_DIRECT
  L2 want=17547264 slot=17547264 nbytes=17547264 fd=O_DIRECT
  L2 want=17547264 slot=17547264 nbytes=17547264 fd=O_DIRECT
  L2 want=17547264 slot=17547264 nbytes=17547264 fd=O_DIRECT
  L2 want=17547264 slot=17547264 nbytes=17547264 fd=O_DIRECT
  L2 want=17547264 slot=17547264 nbytes=17547264 fd=O_DIRECT
  L2 want=17547264 slot=17547264 nbytes=17547264 fd=O_DIRECT
  L2 want=17547264 slot=17547264 nbytes=17547264 fd=O_DIRECT
  L2 want=17547264 slot=17547264 nbytes=17547264 fd=O_DIRECT
  L2 want=17547264 slot=17547264 nbytes=17547264 fd=O_DIRECT
  L2 want=17547264 slot=17547264 nbytes=17547264 fd=O_DIRECT
  L2 want=17547264 slot=17547264 nbytes=17547264 fd=O_DIRECT
  L2 want=17547264 slot=17547264 nbytes=17547264 fd=O_DIRECT
  L2 want=17547264 slot=17547264 nbytes=17547264 fd=O_DIRECT
  L2 want=17547264 slot=17547264 nbytes=17547264 fd=O_DIRECT
DBG getmany L58 nw=16 wall=0.379s thr(out)1 thr(in)16 conc_peak=16 pread=0.000s
  L2 want=17547264 slot=17547264 nbytes=17547264 fd=O_DIRECT
  L2 want=17547264 slot=17547264 nbytes=17547264 fd=O_DIRECT
  L2 want=17547264 slot=17547264 nbytes=17547264 fd=O_DIRECT
  L2 want=17547264 slot=17547264 nbytes=17547264 fd=O_DIRECT
  L2 want=17547264 slot=17547264 nbytes=17547264 fd=O_DIRECT
  L2 want=17547264 slot=17547264 nbytes=17547264 fd=O_DIRECT
  L2 want=17547264 slot=17547264 nbytes=17547264 fd=O_DIRECT
  L2 want=17547264 slot=17547264 nbytes=17547264 fd=O_DIRECT
  L2 want=17547264 slot=17547264 nbytes=17547264 fd=O_DIRECT
  L2 want=17547264 slot=17547264 nbytes=17547264 fd=O_DIRECT
  L2 want=17547264 slot=17547264 nbytes=17547264 fd=O_DIRECT
  L2 want=17547264 slot=17547264 nbytes=17547264 fd=O_DIRECT
  L2 want=17547264 slot=17547264 nbytes=17547264 fd=O_DIRECT
  L2 want=17547264 slot=17547264 nbytes=17547264 fd=O_DIRECT
  L2 want=17547264 slot=17547264 nbytes=17547264 fd=O_DIRECT
  L2 want=17547264 slot=17547264 nbytes=17547264 fd=O_DIRECT
DBG getmany L59 nw=16 wall=5.049s thr(out)1 thr(in)16 conc_peak=16 pread=0.000s
  L2 want=17547264 slot=17547264 nbytes=17547264 fd=O_DIRECT
  L2 want=17547264 slot=17547264 nbytes=17547264 fd=O_DIRECT
  L2 want=17547264 slot=17547264 nbytes=17547264 fd=O_DIRECT
  L2 want=17547264 slot=17547264 nbytes=17547264 fd=O_DIRECT
  L2 want=17547264 slot=17547264 nbytes=17547264 fd=O_DIRECT
  L2 want=17547264 slot=17547264 nbytes=17547264 fd=O_DIRECT
  L2 want=17547264 slot=17547264 nbytes=17547264 fd=O_DIRECT
  L2 want=17547264 slot=17547264 nbytes=17547264 fd=O_DIRECT
  L2 want=17547264 slot=17547264 nbytes=17547264 fd=O_DIRECT
  L2 want=17547264 slot=17547264 nbytes=17547264 fd=O_DIRECT
  L2 want=17547264 slot=17547264 nbytes=17547264 fd=O_DIRECT
  L2 want=17547264 slot=17547264 nbytes=17547264 fd=O_DIRECT
  L2 want=17547264 slot=17547264 nbytes=17547264 fd=O_DIRECT
  L2 want=17547264 slot=17547264 nbytes=17547264 fd=O_DIRECT
  L2 want=17547264 slot=17547264 nbytes=17547264 fd=O_DIRECT
  L2 want=17547264 slot=17547264 nbytes=17547264 fd=O_DIRECT
DBG getmany L60 nw=16 wall=0.413s thr(out)1 thr(in)16 conc_peak=16 pread=0.000s
DBG getmany L61 nw=16 wall=0.659s thr(out)1 thr(in)16 conc_peak=16 pread=0.000s
DBG getmany L62 nw=16 wall=6.018s thr(out)1 thr(in)16 conc_peak=16 pread=0.000s
DBG getmany L63 nw=16 wall=9.609s thr(out)1 thr(in)16 conc_peak=16 pread=0.000s
DBG getmany L64 nw=16 wall=1.689s thr(out)1 thr(in)16 conc_peak=16 pread=0.000s
DBG getmany L65 nw=16 wall=0.545s thr(out)1 thr(in)16 conc_peak=16 pread=0.000s
DBG getmany L66 nw=16 wall=0.413s thr(out)1 thr(in)16 conc_peak=16 pread=0.000s
  L2 want=17547264 slot=17547264 nbytes=17547264 fd=O_DIRECT
  L2 want=17547264 slot=17547264 nbytes=17547264 fd=O_DIRECT
  L2 want=17547264 slot=17547264 nbytes=17547264 fd=O_DIRECT
  L2 want=17547264 slot=17547264 nbytes=17547264 fd=O_DIRECT
  L2 want=17547264 slot=17547264 nbytes=17547264 fd=O_DIRECT
  L2 want=17547264 slot=17547264 nbytes=17547264 fd=O_DIRECT
  L2 want=17547264 slot=17547264 nbytes=17547264 fd=O_DIRECT
  L2 want=17547264 slot=17547264 nbytes=17547264 fd=O_DIRECT
  L2 want=17547264 slot=17547264 nbytes=17547264 fd=O_DIRECT
  L2 want=17547264 slot=17547264 nbytes=17547264 fd=O_DIRECT
  L2 want=17547264 slot=17547264 nbytes=17547264 fd=O_DIRECT
  L2 want=17547264 slot=17547264 nbytes=17547264 fd=O_DIRECT
  L2 want=17547264 slot=17547264 nbytes=17547264 fd=O_DIRECT
  L2 want=17547264 slot=17547264 nbytes=17547264 fd=O_DIRECT
  L2 want=17547264 slot=17547264 nbytes=17547264 fd=O_DIRECT
  L2 want=17547264 slot=17547264 nbytes=17547264 fd=O_DIRECT
DBG getmany L67 nw=16 wall=0.585s thr(out)1 thr(in)16 conc_peak=16 pread=0.000s
DBG getmany L68 nw=16 wall=0.460s thr(out)1 thr(in)16 conc_peak=16 pread=0.000s
DBG getmany L69 nw=16 wall=0.547s thr(out)1 thr(in)16 conc_peak=16 pread=0.000s
DBG getmany L70 nw=16 wall=0.283s thr(out)1 thr(in)16 conc_peak=16 pread=0.000s
  L2 want=17547264 slot=17547264 nbytes=17547264 fd=O_DIRECT
  L2 want=17547264 slot=17547264 nbytes=17547264 fd=O_DIRECT
  L2 want=17547264 slot=17547264 nbytes=17547264 fd=O_DIRECT
  L2 want=17547264 slot=17547264 nbytes=17547264 fd=O_DIRECT
  L2 want=17547264 slot=17547264 nbytes=17547264 fd=O_DIRECT
  L2 want=17547264 slot=17547264 nbytes=17547264 fd=O_DIRECT
  L2 want=17547264 slot=17547264 nbytes=17547264 fd=O_DIRECT
  L2 want=17547264 slot=17547264 nbytes=17547264 fd=O_DIRECT
  L2 want=17547264 slot=17547264 nbytes=17547264 fd=O_DIRECT
  L2 want=17547264 slot=17547264 nbytes=17547264 fd=O_DIRECT
  L2 want=17547264 slot=17547264 nbytes=17547264 fd=O_DIRECT
  L2 want=17547264 slot=17547264 nbytes=17547264 fd=O_DIRECT
  L2 want=17547264 slot=17547264 nbytes=17547264 fd=O_DIRECT
  L2 want=17547264 slot=17547264 nbytes=17547264 fd=O_DIRECT
  L2 want=17547264 slot=17547264 nbytes=17547264 fd=O_DIRECT
  L2 want=17547264 slot=17547264 nbytes=17547264 fd=O_DIRECT
DBG getmany L71 nw=16 wall=0.537s thr(out)1 thr(in)16 conc_peak=16 pread=0.000s
  L2 want=17547264 slot=17547264 nbytes=17547264 fd=O_DIRECT
  L2 want=17547264 slot=17547264 nbytes=17547264 fd=O_DIRECT
  L2 want=17547264 slot=17547264 nbytes=17547264 fd=O_DIRECT
  L2 want=17547264 slot=17547264 nbytes=17547264 fd=O_DIRECT
  L2 want=17547264 slot=17547264 nbytes=17547264 fd=O_DIRECT
  L2 want=17547264 slot=17547264 nbytes=17547264 fd=O_DIRECT
  L2 want=17547264 slot=17547264 nbytes=17547264 fd=O_DIRECT
  L2 want=17547264 slot=17547264 nbytes=17547264 fd=O_DIRECT
  L2 want=17547264 slot=17547264 nbytes=17547264 fd=O_DIRECT
  L2 want=17547264 slot=17547264 nbytes=17547264 fd=O_DIRECT
  L2 want=17547264 slot=17547264 nbytes=17547264 fd=O_DIRECT
  L2 want=17547264 slot=17547264 nbytes=17547264 fd=O_DIRECT
  L2 want=17547264 slot=17547264 nbytes=17547264 fd=O_DIRECT
  L2 want=17547264 slot=17547264 nbytes=17547264 fd=O_DIRECT
  L2 want=17547264 slot=17547264 nbytes=17547264 fd=O_DIRECT
  L2 want=17547264 slot=17547264 nbytes=17547264 fd=O_DIRECT
DBG getmany L72 nw=16 wall=0.505s thr(out)1 thr(in)16 conc_peak=16 pread=0.000s
DBG getmany L73 nw=16 wall=0.601s thr(out)1 thr(in)16 conc_peak=16 pread=0.000s
  L2 want=17547264 slot=17547264 nbytes=17547264 fd=O_DIRECT
  L2 want=17547264 slot=17547264 nbytes=17547264 fd=O_DIRECT
  L2 want=17547264 slot=17547264 nbytes=17547264 fd=O_DIRECT
  L2 want=17547264 slot=17547264 nbytes=17547264 fd=O_DIRECT
  L2 want=17547264 slot=17547264 nbytes=17547264 fd=O_DIRECT
  L2 want=17547264 slot=17547264 nbytes=17547264 fd=O_DIRECT
  L2 want=17547264 slot=17547264 nbytes=17547264 fd=O_DIRECT
  L2 want=17547264 slot=17547264 nbytes=17547264 fd=O_DIRECT
  L2 want=17547264 slot=17547264 nbytes=17547264 fd=O_DIRECT
  L2 want=17547264 slot=17547264 nbytes=17547264 fd=O_DIRECT
  L2 want=17547264 slot=17547264 nbytes=17547264 fd=O_DIRECT
  L2 want=17547264 slot=17547264 nbytes=17547264 fd=O_DIRECT
  L2 want=17547264 slot=17547264 nbytes=17547264 fd=O_DIRECT
  L2 want=17547264 slot=17547264 nbytes=17547264 fd=O_DIRECT
  L2 want=17547264 slot=17547264 nbytes=17547264 fd=O_DIRECT
  L2 want=17547264 slot=17547264 nbytes=17547264 fd=O_DIRECT
DBG getmany L74 nw=16 wall=0.398s thr(out)1 thr(in)16 conc_peak=16 pread=0.000s
DBG getmany L75 nw=16 wall=0.605s thr(out)1 thr(in)16 conc_peak=16 pread=0.000s
DBG getmany L76 nw=16 wall=0.564s thr(out)1 thr(in)16 conc_peak=16 pread=0.000s
  L2 want=17547264 slot=17547264 nbytes=17547264 fd=O_DIRECT
  L2 want=17547264 slot=17547264 nbytes=17547264 fd=O_DIRECT
  L2 want=17547264 slot=17547264 nbytes=17547264 fd=O_DIRECT
  L2 want=17547264 slot=17547264 nbytes=17547264 fd=O_DIRECT
  L2 want=17547264 slot=17547264 nbytes=17547264 fd=O_DIRECT
  L2 want=17547264 slot=17547264 nbytes=17547264 fd=O_DIRECT
  L2 want=17547264 slot=17547264 nbytes=17547264 fd=O_DIRECT
  L2 want=17547264 slot=17547264 nbytes=17547264 fd=O_DIRECT
  L2 want=17547264 slot=17547264 nbytes=17547264 fd=O_DIRECT
  L2 want=17547264 slot=17547264 nbytes=17547264 fd=O_DIRECT
  L2 want=17547264 slot=17547264 nbytes=17547264 fd=O_DIRECT
  L2 want=17547264 slot=17547264 nbytes=17547264 fd=O_DIRECT
  L2 want=17547264 slot=17547264 nbytes=17547264 fd=O_DIRECT
  L2 want=17547264 slot=17547264 nbytes=17547264 fd=O_DIRECT
  L2 want=17547264 slot=17547264 nbytes=17547264 fd=O_DIRECT
  L2 want=17547264 slot=17547264 nbytes=17547264 fd=O_DIRECT
DBG getmany L77 nw=16 wall=0.594s thr(out)1 thr(in)16 conc_peak=16 pread=0.000s
DBG getmany L78 nw=16 wall=0.440s thr(out)1 thr(in)16 conc_peak=16 pread=0.000s
DBG getmany L79 nw=16 wall=0.569s thr(out)1 thr(in)16 conc_peak=16 pread=0.000s
DBG getmany L80 nw=16 wall=0.491s thr(out)1 thr(in)16 conc_peak=16 pread=0.000s
  L2 want=17547264 slot=17547264 nbytes=17547264 fd=O_DIRECT
  L2 want=17547264 slot=17547264 nbytes=17547264 fd=O_DIRECT
  L2 want=17547264 slot=17547264 nbytes=17547264 fd=O_DIRECT
  L2 want=17547264 slot=17547264 nbytes=17547264 fd=O_DIRECT
  L2 want=17547264 slot=17547264 nbytes=17547264 fd=O_DIRECT
  L2 want=17547264 slot=17547264 nbytes=17547264 fd=O_DIRECT
  L2 want=17547264 slot=17547264 nbytes=17547264 fd=O_DIRECT
  L2 want=17547264 slot=17547264 nbytes=17547264 fd=O_DIRECT
  L2 want=17547264 slot=17547264 nbytes=17547264 fd=O_DIRECT
  L2 want=17547264 slot=17547264 nbytes=17547264 fd=O_DIRECT
  L2 want=17547264 slot=17547264 nbytes=17547264 fd=O_DIRECT
  L2 want=17547264 slot=17547264 nbytes=17547264 fd=O_DIRECT
  L2 want=17547264 slot=17547264 nbytes=17547264 fd=O_DIRECT
  L2 want=17547264 slot=17547264 nbytes=17547264 fd=O_DIRECT
  L2 want=17547264 slot=17547264 nbytes=17547264 fd=O_DIRECT
  L2 want=17547264 slot=17547264 nbytes=17547264 fd=O_DIRECT
DBG getmany L81 nw=16 wall=0.574s thr(out)1 thr(in)16 conc_peak=16 pread=0.000s
DBG getmany L82 nw=16 wall=0.411s thr(out)1 thr(in)16 conc_peak=16 pread=0.000s
DBG getmany L83 nw=16 wall=9.944s thr(out)1 thr(in)16 conc_peak=16 pread=0.000s
  L2 want=17547264 slot=17547264 nbytes=17547264 fd=O_DIRECT
  L2 want=17547264 slot=17547264 nbytes=17547264 fd=O_DIRECT
  L2 want=17547264 slot=17547264 nbytes=17547264 fd=O_DIRECT
  L2 want=17547264 slot=17547264 nbytes=17547264 fd=O_DIRECT
  L2 want=17547264 slot=17547264 nbytes=17547264 fd=O_DIRECT
  L2 want=17547264 slot=17547264 nbytes=17547264 fd=O_DIRECT
  L2 want=17547264 slot=17547264 nbytes=17547264 fd=O_DIRECT
  L2 want=17547264 slot=17547264 nbytes=17547264 fd=O_DIRECT
  L2 want=17547264 slot=17547264 nbytes=17547264 fd=O_DIRECT
  L2 want=17547264 slot=17547264 nbytes=17547264 fd=O_DIRECT
  L2 want=17547264 slot=17547264 nbytes=17547264 fd=O_DIRECT
  L2 want=17547264 slot=17547264 nbytes=17547264 fd=O_DIRECT
  L2 want=17547264 slot=17547264 nbytes=17547264 fd=O_DIRECT
  L2 want=17547264 slot=17547264 nbytes=17547264 fd=O_DIRECT
  L2 want=17547264 slot=17547264 nbytes=17547264 fd=O_DIRECT
  L2 want=17547264 slot=17547264 nbytes=17547264 fd=O_DIRECT
DBG getmany L84 nw=16 wall=0.497s thr(out)1 thr(in)16 conc_peak=16 pread=0.000s
DBG getmany L85 nw=16 wall=0.505s thr(out)1 thr(in)16 conc_peak=16 pread=0.000s
DBG getmany L86 nw=16 wall=0.360s thr(out)1 thr(in)16 conc_peak=16 pread=0.000s
DBG getmany L87 nw=16 wall=0.583s thr(out)1 thr(in)16 conc_peak=16 pread=0.000s
  L2 want=17547264 slot=17547264 nbytes=17547264 fd=O_DIRECT
  L2 want=17547264 slot=17547264 nbytes=17547264 fd=O_DIRECT
  L2 want=17547264 slot=17547264 nbytes=17547264 fd=O_DIRECT
  L2 want=17547264 slot=17547264 nbytes=17547264 fd=O_DIRECT
  L2 want=17547264 slot=17547264 nbytes=17547264 fd=O_DIRECT
  L2 want=17547264 slot=17547264 nbytes=17547264 fd=O_DIRECT
  L2 want=17547264 slot=17547264 nbytes=17547264 fd=O_DIRECT
  L2 want=17547264 slot=17547264 nbytes=17547264 fd=O_DIRECT
  L2 want=17547264 slot=17547264 nbytes=17547264 fd=O_DIRECT
  L2 want=17547264 slot=17547264 nbytes=17547264 fd=O_DIRECT
  L2 want=17547264 slot=17547264 nbytes=17547264 fd=O_DIRECT
  L2 want=17547264 slot=17547264 nbytes=17547264 fd=O_DIRECT
  L2 want=17547264 slot=17547264 nbytes=17547264 fd=O_DIRECT
  L2 want=17547264 slot=17547264 nbytes=17547264 fd=O_DIRECT
  L2 want=17547264 slot=17547264 nbytes=17547264 fd=O_DIRECT
  L2 want=17547264 slot=17547264 nbytes=17547264 fd=O_DIRECT
DBG getmany L88 nw=16 wall=0.488s thr(out)1 thr(in)16 conc_peak=16 pread=0.000s
  L2 want=17547264 slot=17547264 nbytes=17547264 fd=O_DIRECT
  L2 want=17547264 slot=17547264 nbytes=17547264 fd=O_DIRECT
  L2 want=17547264 slot=17547264 nbytes=17547264 fd=O_DIRECT
  L2 want=17547264 slot=17547264 nbytes=17547264 fd=O_DIRECT
  L2 want=17547264 slot=17547264 nbytes=17547264 fd=O_DIRECT
  L2 want=17547264 slot=17547264 nbytes=17547264 fd=O_DIRECT
  L2 want=17547264 slot=17547264 nbytes=17547264 fd=O_DIRECT
  L2 want=17547264 slot=17547264 nbytes=17547264 fd=O_DIRECT
  L2 want=17547264 slot=17547264 nbytes=17547264 fd=O_DIRECT
  L2 want=17547264 slot=17547264 nbytes=17547264 fd=O_DIRECT
  L2 want=17547264 slot=17547264 nbytes=17547264 fd=O_DIRECT
  L2 want=17547264 slot=17547264 nbytes=17547264 fd=O_DIRECT
  L2 want=17547264 slot=17547264 nbytes=17547264 fd=O_DIRECT
  L2 want=17547264 slot=17547264 nbytes=17547264 fd=O_DIRECT
  L2 want=17547264 slot=17547264 nbytes=17547264 fd=O_DIRECT
  L2 want=17547264 slot=17547264 nbytes=17547264 fd=O_DIRECT
DBG getmany L89 nw=16 wall=0.522s thr(out)1 thr(in)16 conc_peak=16 pread=0.000s
DBG getmany L90 nw=16 wall=0.348s thr(out)1 thr(in)16 conc_peak=16 pread=0.000s
  L2 want=17547264 slot=17547264 nbytes=17547264 fd=O_DIRECT
  L2 want=17547264 slot=17547264 nbytes=17547264 fd=O_DIRECT
  L2 want=17547264 slot=17547264 nbytes=17547264 fd=O_DIRECT
  L2 want=17547264 slot=17547264 nbytes=17547264 fd=O_DIRECT
  L2 want=17547264 slot=17547264 nbytes=17547264 fd=O_DIRECT
  L2 want=17547264 slot=17547264 nbytes=17547264 fd=O_DIRECT
  L2 want=17547264 slot=17547264 nbytes=17547264 fd=O_DIRECT
  L2 want=17547264 slot=17547264 nbytes=17547264 fd=O_DIRECT
  L2 want=17547264 slot=17547264 nbytes=17547264 fd=O_DIRECT
  L2 want=17547264 slot=17547264 nbytes=17547264 fd=O_DIRECT
  L2 want=17547264 slot=17547264 nbytes=17547264 fd=O_DIRECT
  L2 want=17547264 slot=17547264 nbytes=17547264 fd=O_DIRECT
  L2 want=17547264 slot=17547264 nbytes=17547264 fd=O_DIRECT
  L2 want=17547264 slot=17547264 nbytes=17547264 fd=O_DIRECT
  L2 want=17547264 slot=17547264 nbytes=17547264 fd=O_DIRECT
  L2 want=17547264 slot=17547264 nbytes=17547264 fd=O_DIRECT
DBG getmany L91 nw=16 wall=0.415s thr(out)1 thr(in)16 conc_peak=16 pread=0.000s
  L2 want=17547264 slot=17547264 nbytes=17547264 fd=O_DIRECT
  L2 want=17547264 slot=17547264 nbytes=17547264 fd=O_DIRECT
  L2 want=17547264 slot=17547264 nbytes=17547264 fd=O_DIRECT
  L2 want=17547264 slot=17547264 nbytes=17547264 fd=O_DIRECT
  L2 want=17547264 slot=17547264 nbytes=17547264 fd=O_DIRECT
  L2 want=17547264 slot=17547264 nbytes=17547264 fd=O_DIRECT
  L2 want=17547264 slot=17547264 nbytes=17547264 fd=O_DIRECT
  L2 want=17547264 slot=17547264 nbytes=17547264 fd=O_DIRECT
  L2 want=17547264 slot=17547264 nbytes=17547264 fd=O_DIRECT
  L2 want=17547264 slot=17547264 nbytes=17547264 fd=O_DIRECT
  L2 want=17547264 slot=17547264 nbytes=17547264 fd=O_DIRECT
  L2 want=17547264 slot=17547264 nbytes=17547264 fd=O_DIRECT
  L2 want=17547264 slot=17547264 nbytes=17547264 fd=O_DIRECT
  L2 want=17547264 slot=17547264 nbytes=17547264 fd=O_DIRECT
  L2 want=17547264 slot=17547264 nbytes=17547264 fd=O_DIRECT
  L2 want=17547264 slot=17547264 nbytes=17547264 fd=O_DIRECT
DBG getmany L92 nw=16 wall=0.175s thr(out)1 thr(in)16 conc_peak=16 pread=0.000s
1      802        94.74        100.0      25.83      0.011
  L2   resident=6779/14589 slots hit=100.0% read=51.66GB write=0.00GB
DBG getmany L1 nw=16 wall=0.175s thr(out)1 thr(in)16 conc_peak=16 pread=0.000s
  L2 want=17547264 slot=17547264 nbytes=17547264 fd=O_DIRECT
  L2 want=17547264 slot=17547264 nbytes=17547264 fd=O_DIRECT
  L2 want=17547264 slot=17547264 nbytes=17547264 fd=O_DIRECT
  L2 want=17547264 slot=17547264 nbytes=17547264 fd=O_DIRECT
  L2 want=17547264 slot=17547264 nbytes=17547264 fd=O_DIRECT
  L2 want=17547264 slot=17547264 nbytes=17547264 fd=O_DIRECT
  L2 want=17547264 slot=17547264 nbytes=17547264 fd=O_DIRECT
  L2 want=17547264 slot=17547264 nbytes=17547264 fd=O_DIRECT
  L2 want=17547264 slot=17547264 nbytes=17547264 fd=O_DIRECT
  L2 want=17547264 slot=17547264 nbytes=17547264 fd=O_DIRECT
  L2 want=17547264 slot=17547264 nbytes=17547264 fd=O_DIRECT
  L2 want=17547264 slot=17547264 nbytes=17547264 fd=O_DIRECT
  L2 want=17547264 slot=17547264 nbytes=17547264 fd=O_DIRECT
  L2 want=17547264 slot=17547264 nbytes=17547264 fd=O_DIRECT
  L2 want=17547264 slot=17547264 nbytes=17547264 fd=O_DIRECT
DBG getmany L2 nw=15 wall=0.171s thr(out)1 thr(in)16 conc_peak=15 pread=0.000s
  L2 want=17547264 slot=17547264 nbytes=17547264 fd=O_DIRECT
  L2 want=17547264 slot=17547264 nbytes=17547264 fd=O_DIRECT
  L2 want=17547264 slot=17547264 nbytes=17547264 fd=O_DIRECT
  L2 want=17547264 slot=17547264 nbytes=17547264 fd=O_DIRECT
  L2 want=17547264 slot=17547264 nbytes=17547264 fd=O_DIRECT
  L2 want=17547264 slot=17547264 nbytes=17547264 fd=O_DIRECT
  L2 want=17547264 slot=17547264 nbytes=17547264 fd=O_DIRECT
  L2 want=17547264 slot=17547264 nbytes=17547264 fd=O_DIRECT
  L2 want=17547264 slot=17547264 nbytes=17547264 fd=O_DIRECT
  L2 want=17547264 slot=17547264 nbytes=17547264 fd=O_DIRECT
  L2 want=17547264 slot=17547264 nbytes=17547264 fd=O_DIRECT
  L2 want=17547264 slot=17547264 nbytes=17547264 fd=O_DIRECT
  L2 want=17547264 slot=17547264 nbytes=17547264 fd=O_DIRECT
DBG getmany L3 nw=13 wall=0.143s thr(out)1 thr(in)16 conc_peak=13 pread=0.000s
DBG getmany L4 nw=15 wall=0.153s thr(out)1 thr(in)16 conc_peak=15 pread=0.000s
  L2 want=17547264 slot=17547264 nbytes=17547264 fd=O_DIRECT
  L2 want=17547264 slot=17547264 nbytes=17547264 fd=O_DIRECT
  L2 want=17547264 slot=17547264 nbytes=17547264 fd=O_DIRECT
  L2 want=17547264 slot=17547264 nbytes=17547264 fd=O_DIRECT
  L2 want=17547264 slot=17547264 nbytes=17547264 fd=O_DIRECT
  L2 want=17547264 slot=17547264 nbytes=17547264 fd=O_DIRECT
  L2 want=17547264 slot=17547264 nbytes=17547264 fd=O_DIRECT
  L2 want=17547264 slot=17547264 nbytes=17547264 fd=O_DIRECT
  L2 want=17547264 slot=17547264 nbytes=17547264 fd=O_DIRECT
  L2 want=17547264 slot=17547264 nbytes=17547264 fd=O_DIRECT
  L2 want=17547264 slot=17547264 nbytes=17547264 fd=O_DIRECT
  L2 want=17547264 slot=17547264 nbytes=17547264 fd=O_DIRECT
  L2 want=17547264 slot=17547264 nbytes=17547264 fd=O_DIRECT
  L2 want=17547264 slot=17547264 nbytes=17547264 fd=O_DIRECT
  L2 want=17547264 slot=17547264 nbytes=17547264 fd=O_DIRECT
  L2 want=17547264 slot=17547264 nbytes=17547264 fd=O_DIRECT
DBG getmany L5 nw=16 wall=0.173s thr(out)1 thr(in)16 conc_peak=16 pread=0.000s
DBG getmany L6 nw=15 wall=0.162s thr(out)1 thr(in)16 conc_peak=15 pread=0.000s
  L2 want=17547264 slot=17547264 nbytes=17547264 fd=O_DIRECT
  L2 want=17547264 slot=17547264 nbytes=17547264 fd=O_DIRECT
  L2 want=17547264 slot=17547264 nbytes=17547264 fd=O_DIRECT
  L2 want=17547264 slot=17547264 nbytes=17547264 fd=O_DIRECT
  L2 want=17547264 slot=17547264 nbytes=17547264 fd=O_DIRECT
  L2 want=17547264 slot=17547264 nbytes=17547264 fd=O_DIRECT
  L2 want=17547264 slot=17547264 nbytes=17547264 fd=O_DIRECT
  L2 want=17547264 slot=17547264 nbytes=17547264 fd=O_DIRECT
  L2 want=17547264 slot=17547264 nbytes=17547264 fd=O_DIRECT
  L2 want=17547264 slot=17547264 nbytes=17547264 fd=O_DIRECT
  L2 want=17547264 slot=17547264 nbytes=17547264 fd=O_DIRECT
  L2 want=17547264 slot=17547264 nbytes=17547264 fd=O_DIRECT
  L2 want=17547264 slot=17547264 nbytes=17547264 fd=O_DIRECT
  L2 want=17547264 slot=17547264 nbytes=17547264 fd=O_DIRECT
  L2 want=17547264 slot=17547264 nbytes=17547264 fd=O_DIRECT
DBG getmany L7 nw=15 wall=0.517s thr(out)1 thr(in)16 conc_peak=15 pread=0.000s
  L2 want=17547264 slot=17547264 nbytes=17547264 fd=O_DIRECT
  L2 want=17547264 slot=17547264 nbytes=17547264 fd=O_DIRECT
  L2 want=17547264 slot=17547264 nbytes=17547264 fd=O_DIRECT
  L2 want=17547264 slot=17547264 nbytes=17547264 fd=O_DIRECT
  L2 want=17547264 slot=17547264 nbytes=17547264 fd=O_DIRECT
  L2 want=17547264 slot=17547264 nbytes=17547264 fd=O_DIRECT
  L2 want=17547264 slot=17547264 nbytes=17547264 fd=O_DIRECT
  L2 want=17547264 slot=17547264 nbytes=17547264 fd=O_DIRECT
  L2 want=17547264 slot=17547264 nbytes=17547264 fd=O_DIRECT
  L2 want=17547264 slot=17547264 nbytes=17547264 fd=O_DIRECT
  L2 want=17547264 slot=17547264 nbytes=17547264 fd=O_DIRECT
  L2 want=17547264 slot=17547264 nbytes=17547264 fd=O_DIRECT
  L2 want=17547264 slot=17547264 nbytes=17547264 fd=O_DIRECT
  L2 want=17547264 slot=17547264 nbytes=17547264 fd=O_DIRECT
  L2 want=17547264 slot=17547264 nbytes=17547264 fd=O_DIRECT
  L2 want=17547264 slot=17547264 nbytes=17547264 fd=O_DIRECT
DBG getmany L8 nw=16 wall=0.165s thr(out)1 thr(in)16 conc_peak=16 pread=0.000s
DBG getmany L9 nw=15 wall=0.150s thr(out)1 thr(in)16 conc_peak=15 pread=0.000s
  L2 want=17547264 slot=17547264 nbytes=17547264 fd=O_DIRECT
  L2 want=17547264 slot=17547264 nbytes=17547264 fd=O_DIRECT
  L2 want=17547264 slot=17547264 nbytes=17547264 fd=O_DIRECT
  L2 want=17547264 slot=17547264 nbytes=17547264 fd=O_DIRECT
  L2 want=17547264 slot=17547264 nbytes=17547264 fd=O_DIRECT
  L2 want=17547264 slot=17547264 nbytes=17547264 fd=O_DIRECT
  L2 want=17547264 slot=17547264 nbytes=17547264 fd=O_DIRECT
  L2 want=17547264 slot=17547264 nbytes=17547264 fd=O_DIRECT
  L2 want=17547264 slot=17547264 nbytes=17547264 fd=O_DIRECT
  L2 want=17547264 slot=17547264 nbytes=17547264 fd=O_DIRECT
  L2 want=17547264 slot=17547264 nbytes=17547264 fd=O_DIRECT
  L2 want=17547264 slot=17547264 nbytes=17547264 fd=O_DIRECT
  L2 want=17547264 slot=17547264 nbytes=17547264 fd=O_DIRECT
  L2 want=17547264 slot=17547264 nbytes=17547264 fd=O_DIRECT
  L2 want=17547264 slot=17547264 nbytes=17547264 fd=O_DIRECT
DBG getmany L10 nw=15 wall=0.154s thr(out)1 thr(in)16 conc_peak=15 pread=0.000s
  L2 want=17547264 slot=17547264 nbytes=17547264 fd=O_DIRECT
  L2 want=17547264 slot=17547264 nbytes=17547264 fd=O_DIRECT
  L2 want=17547264 slot=17547264 nbytes=17547264 fd=O_DIRECT
  L2 want=17547264 slot=17547264 nbytes=17547264 fd=O_DIRECT
  L2 want=17547264 slot=17547264 nbytes=17547264 fd=O_DIRECT
  L2 want=17547264 slot=17547264 nbytes=17547264 fd=O_DIRECT
  L2 want=17547264 slot=17547264 nbytes=17547264 fd=O_DIRECT
  L2 want=17547264 slot=17547264 nbytes=17547264 fd=O_DIRECT
  L2 want=17547264 slot=17547264 nbytes=17547264 fd=O_DIRECT
  L2 want=17547264 slot=17547264 nbytes=17547264 fd=O_DIRECT
  L2 want=17547264 slot=17547264 nbytes=17547264 fd=O_DIRECT
  L2 want=17547264 slot=17547264 nbytes=17547264 fd=O_DIRECT
  L2 want=17547264 slot=17547264 nbytes=17547264 fd=O_DIRECT
  L2 want=17547264 slot=17547264 nbytes=17547264 fd=O_DIRECT
  L2 want=17547264 slot=17547264 nbytes=17547264 fd=O_DIRECT
DBG getmany L11 nw=15 wall=0.162s thr(out)1 thr(in)16 conc_peak=15 pread=0.000s
  L2 want=17547264 slot=17547264 nbytes=17547264 fd=O_DIRECT
  L2 want=17547264 slot=17547264 nbytes=17547264 fd=O_DIRECT
  L2 want=17547264 slot=17547264 nbytes=17547264 fd=O_DIRECT
  L2 want=17547264 slot=17547264 nbytes=17547264 fd=O_DIRECT
  L2 want=17547264 slot=17547264 nbytes=17547264 fd=O_DIRECT
  L2 want=17547264 slot=17547264 nbytes=17547264 fd=O_DIRECT
  L2 want=17547264 slot=17547264 nbytes=17547264 fd=O_DIRECT
  L2 want=17547264 slot=17547264 nbytes=17547264 fd=O_DIRECT
  L2 want=17547264 slot=17547264 nbytes=17547264 fd=O_DIRECT
  L2 want=17547264 slot=17547264 nbytes=17547264 fd=O_DIRECT
  L2 want=17547264 slot=17547264 nbytes=17547264 fd=O_DIRECT
  L2 want=17547264 slot=17547264 nbytes=17547264 fd=O_DIRECT
  L2 want=17547264 slot=17547264 nbytes=17547264 fd=O_DIRECT
  L2 want=17547264 slot=17547264 nbytes=17547264 fd=O_DIRECT
  L2 want=17547264 slot=17547264 nbytes=17547264 fd=O_DIRECT
DBG getmany L12 nw=15 wall=0.157s thr(out)1 thr(in)16 conc_peak=15 pread=0.000s
  L2 want=17547264 slot=17547264 nbytes=17547264 fd=O_DIRECT
  L2 want=17547264 slot=17547264 nbytes=17547264 fd=O_DIRECT
  L2 want=17547264 slot=17547264 nbytes=17547264 fd=O_DIRECT
  L2 want=17547264 slot=17547264 nbytes=17547264 fd=O_DIRECT
  L2 want=17547264 slot=17547264 nbytes=17547264 fd=O_DIRECT
  L2 want=17547264 slot=17547264 nbytes=17547264 fd=O_DIRECT
  L2 want=17547264 slot=17547264 nbytes=17547264 fd=O_DIRECT
  L2 want=17547264 slot=17547264 nbytes=17547264 fd=O_DIRECT
  L2 want=17547264 slot=17547264 nbytes=17547264 fd=O_DIRECT
  L2 want=17547264 slot=17547264 nbytes=17547264 fd=O_DIRECT
  L2 want=17547264 slot=17547264 nbytes=17547264 fd=O_DIRECT
  L2 want=17547264 slot=17547264 nbytes=17547264 fd=O_DIRECT
  L2 want=17547264 slot=17547264 nbytes=17547264 fd=O_DIRECT
  L2 want=17547264 slot=17547264 nbytes=17547264 fd=O_DIRECT
  L2 want=17547264 slot=17547264 nbytes=17547264 fd=O_DIRECT
  L2 want=17547264 slot=17547264 nbytes=17547264 fd=O_DIRECT
DBG getmany L13 nw=16 wall=0.174s thr(out)1 thr(in)16 conc_peak=16 pread=0.000s
  L2 want=17547264 slot=17547264 nbytes=17547264 fd=O_DIRECT
  L2 want=17547264 slot=17547264 nbytes=17547264 fd=O_DIRECT
  L2 want=17547264 slot=17547264 nbytes=17547264 fd=O_DIRECT
  L2 want=17547264 slot=17547264 nbytes=17547264 fd=O_DIRECT
  L2 want=17547264 slot=17547264 nbytes=17547264 fd=O_DIRECT
  L2 want=17547264 slot=17547264 nbytes=17547264 fd=O_DIRECT
  L2 want=17547264 slot=17547264 nbytes=17547264 fd=O_DIRECT
  L2 want=17547264 slot=17547264 nbytes=17547264 fd=O_DIRECT
  L2 want=17547264 slot=17547264 nbytes=17547264 fd=O_DIRECT
  L2 want=17547264 slot=17547264 nbytes=17547264 fd=O_DIRECT
  L2 want=17547264 slot=17547264 nbytes=17547264 fd=O_DIRECT
  L2 want=17547264 slot=17547264 nbytes=17547264 fd=O_DIRECT
  L2 want=17547264 slot=17547264 nbytes=17547264 fd=O_DIRECT
  L2 want=17547264 slot=17547264 nbytes=17547264 fd=O_DIRECT
  L2 want=17547264 slot=17547264 nbytes=17547264 fd=O_DIRECT
DBG getmany L14 nw=15 wall=0.150s thr(out)1 thr(in)16 conc_peak=15 pread=0.000s
DBG getmany L15 nw=16 wall=0.466s thr(out)1 thr(in)16 conc_peak=16 pread=0.000s
DBG getmany L16 nw=15 wall=0.201s thr(out)1 thr(in)16 conc_peak=15 pread=0.000s
DBG getmany L17 nw=16 wall=0.386s thr(out)1 thr(in)16 conc_peak=16 pread=0.000s
DBG getmany L18 nw=16 wall=0.339s thr(out)1 thr(in)16 conc_peak=16 pread=0.000s
DBG getmany L19 nw=16 wall=11.590s thr(out)1 thr(in)16 conc_peak=16 pread=0.000s
DBG getmany L20 nw=16 wall=0.438s thr(out)1 thr(in)16 conc_peak=16 pread=0.000s
DBG getmany L21 nw=16 wall=0.457s thr(out)1 thr(in)16 conc_peak=16 pread=0.000s
DBG getmany L22 nw=16 wall=0.391s thr(out)1 thr(in)16 conc_peak=16 pread=0.000s
  L2 want=17547264 slot=17547264 nbytes=17547264 fd=O_DIRECT
  L2 want=17547264 slot=17547264 nbytes=17547264 fd=O_DIRECT
  L2 want=17547264 slot=17547264 nbytes=17547264 fd=O_DIRECT
  L2 want=17547264 slot=17547264 nbytes=17547264 fd=O_DIRECT
  L2 want=17547264 slot=17547264 nbytes=17547264 fd=O_DIRECT
  L2 want=17547264 slot=17547264 nbytes=17547264 fd=O_DIRECT
  L2 want=17547264 slot=17547264 nbytes=17547264 fd=O_DIRECT
  L2 want=17547264 slot=17547264 nbytes=17547264 fd=O_DIRECT
  L2 want=17547264 slot=17547264 nbytes=17547264 fd=O_DIRECT
  L2 want=17547264 slot=17547264 nbytes=17547264 fd=O_DIRECT
  L2 want=17547264 slot=17547264 nbytes=17547264 fd=O_DIRECT
  L2 want=17547264 slot=17547264 nbytes=17547264 fd=O_DIRECT
  L2 want=17547264 slot=17547264 nbytes=17547264 fd=O_DIRECT
  L2 want=17547264 slot=17547264 nbytes=17547264 fd=O_DIRECT
  L2 want=17547264 slot=17547264 nbytes=17547264 fd=O_DIRECT
DBG getmany L23 nw=15 wall=0.503s thr(out)1 thr(in)16 conc_peak=15 pread=0.000s
  L2 want=17547264 slot=17547264 nbytes=17547264 fd=O_DIRECT
  L2 want=17547264 slot=17547264 nbytes=17547264 fd=O_DIRECT
  L2 want=17547264 slot=17547264 nbytes=17547264 fd=O_DIRECT
  L2 want=17547264 slot=17547264 nbytes=17547264 fd=O_DIRECT
  L2 want=17547264 slot=17547264 nbytes=17547264 fd=O_DIRECT
  L2 want=17547264 slot=17547264 nbytes=17547264 fd=O_DIRECT
  L2 want=17547264 slot=17547264 nbytes=17547264 fd=O_DIRECT
  L2 want=17547264 slot=17547264 nbytes=17547264 fd=O_DIRECT
  L2 want=17547264 slot=17547264 nbytes=17547264 fd=O_DIRECT
  L2 want=17547264 slot=17547264 nbytes=17547264 fd=O_DIRECT
  L2 want=17547264 slot=17547264 nbytes=17547264 fd=O_DIRECT
  L2 want=17547264 slot=17547264 nbytes=17547264 fd=O_DIRECT
  L2 want=17547264 slot=17547264 nbytes=17547264 fd=O_DIRECT
DBG getmany L24 nw=13 wall=0.491s thr(out)1 thr(in)16 conc_peak=13 pread=0.000s
DBG getmany L25 nw=15 wall=0.543s thr(out)1 thr(in)16 conc_peak=15 pread=0.000s
DBG getmany L26 nw=15 wall=0.355s thr(out)1 thr(in)16 conc_peak=15 pread=0.000s
DBG getmany L27 nw=16 wall=0.484s thr(out)1 thr(in)16 conc_peak=16 pread=0.000s
DBG getmany L28 nw=15 wall=0.424s thr(out)1 thr(in)16 conc_peak=15 pread=0.000s
DBG getmany L29 nw=16 wall=0.433s thr(out)1 thr(in)16 conc_peak=16 pread=0.000s
  L2 want=17547264 slot=17547264 nbytes=17547264 fd=O_DIRECT
  L2 want=17547264 slot=17547264 nbytes=17547264 fd=O_DIRECT
  L2 want=17547264 slot=17547264 nbytes=17547264 fd=O_DIRECT
  L2 want=17547264 slot=17547264 nbytes=17547264 fd=O_DIRECT
  L2 want=17547264 slot=17547264 nbytes=17547264 fd=O_DIRECT
  L2 want=17547264 slot=17547264 nbytes=17547264 fd=O_DIRECT
  L2 want=17547264 slot=17547264 nbytes=17547264 fd=O_DIRECT
  L2 want=17547264 slot=17547264 nbytes=17547264 fd=O_DIRECT
  L2 want=17547264 slot=17547264 nbytes=17547264 fd=O_DIRECT
  L2 want=17547264 slot=17547264 nbytes=17547264 fd=O_DIRECT
  L2 want=17547264 slot=17547264 nbytes=17547264 fd=O_DIRECT
  L2 want=17547264 slot=17547264 nbytes=17547264 fd=O_DIRECT
  L2 want=17547264 slot=17547264 nbytes=17547264 fd=O_DIRECT
  L2 want=17547264 slot=17547264 nbytes=17547264 fd=O_DIRECT
  L2 want=17547264 slot=17547264 nbytes=17547264 fd=O_DIRECT
  L2 want=17547264 slot=17547264 nbytes=17547264 fd=O_DIRECT
DBG getmany L30 nw=16 wall=0.402s thr(out)1 thr(in)16 conc_peak=16 pread=0.000s
  L2 want=17547264 slot=17547264 nbytes=17547264 fd=O_DIRECT
  L2 want=17547264 slot=17547264 nbytes=17547264 fd=O_DIRECT
  L2 want=17547264 slot=17547264 nbytes=17547264 fd=O_DIRECT
  L2 want=17547264 slot=17547264 nbytes=17547264 fd=O_DIRECT
  L2 want=17547264 slot=17547264 nbytes=17547264 fd=O_DIRECT
  L2 want=17547264 slot=17547264 nbytes=17547264 fd=O_DIRECT
  L2 want=17547264 slot=17547264 nbytes=17547264 fd=O_DIRECT
  L2 want=17547264 slot=17547264 nbytes=17547264 fd=O_DIRECT
  L2 want=17547264 slot=17547264 nbytes=17547264 fd=O_DIRECT
  L2 want=17547264 slot=17547264 nbytes=17547264 fd=O_DIRECT
  L2 want=17547264 slot=17547264 nbytes=17547264 fd=O_DIRECT
  L2 want=17547264 slot=17547264 nbytes=17547264 fd=O_DIRECT
  L2 want=17547264 slot=17547264 nbytes=17547264 fd=O_DIRECT
  L2 want=17547264 slot=17547264 nbytes=17547264 fd=O_DIRECT
  L2 want=17547264 slot=17547264 nbytes=17547264 fd=O_DIRECT
  L2 want=17547264 slot=17547264 nbytes=17547264 fd=O_DIRECT
DBG getmany L31 nw=16 wall=0.549s thr(out)1 thr(in)16 conc_peak=16 pread=0.000s
  L2 want=17547264 slot=17547264 nbytes=17547264 fd=O_DIRECT
  L2 want=17547264 slot=17547264 nbytes=17547264 fd=O_DIRECT
  L2 want=17547264 slot=17547264 nbytes=17547264 fd=O_DIRECT
  L2 want=17547264 slot=17547264 nbytes=17547264 fd=O_DIRECT
  L2 want=17547264 slot=17547264 nbytes=17547264 fd=O_DIRECT
  L2 want=17547264 slot=17547264 nbytes=17547264 fd=O_DIRECT
  L2 want=17547264 slot=17547264 nbytes=17547264 fd=O_DIRECT
  L2 want=17547264 slot=17547264 nbytes=17547264 fd=O_DIRECT
  L2 want=17547264 slot=17547264 nbytes=17547264 fd=O_DIRECT
  L2 want=17547264 slot=17547264 nbytes=17547264 fd=O_DIRECT
  L2 want=17547264 slot=17547264 nbytes=17547264 fd=O_DIRECT
  L2 want=17547264 slot=17547264 nbytes=17547264 fd=O_DIRECT
  L2 want=17547264 slot=17547264 nbytes=17547264 fd=O_DIRECT
  L2 want=17547264 slot=17547264 nbytes=17547264 fd=O_DIRECT
DBG getmany L32 nw=14 wall=0.517s thr(out)1 thr(in)16 conc_peak=14 pread=0.000s
DBG getmany L33 nw=15 wall=0.535s thr(out)1 thr(in)16 conc_peak=15 pread=0.000s
DBG getmany L34 nw=16 wall=0.377s thr(out)1 thr(in)16 conc_peak=16 pread=0.000s
DBG getmany L35 nw=16 wall=0.424s thr(out)1 thr(in)16 conc_peak=16 pread=0.000s
  L2 want=17547264 slot=17547264 nbytes=17547264 fd=O_DIRECT
  L2 want=17547264 slot=17547264 nbytes=17547264 fd=O_DIRECT
  L2 want=17547264 slot=17547264 nbytes=17547264 fd=O_DIRECT
  L2 want=17547264 slot=17547264 nbytes=17547264 fd=O_DIRECT
  L2 want=17547264 slot=17547264 nbytes=17547264 fd=O_DIRECT
  L2 want=17547264 slot=17547264 nbytes=17547264 fd=O_DIRECT
  L2 want=17547264 slot=17547264 nbytes=17547264 fd=O_DIRECT
  L2 want=17547264 slot=17547264 nbytes=17547264 fd=O_DIRECT
  L2 want=17547264 slot=17547264 nbytes=17547264 fd=O_DIRECT
  L2 want=17547264 slot=17547264 nbytes=17547264 fd=O_DIRECT
  L2 want=17547264 slot=17547264 nbytes=17547264 fd=O_DIRECT
  L2 want=17547264 slot=17547264 nbytes=17547264 fd=O_DIRECT
  L2 want=17547264 slot=17547264 nbytes=17547264 fd=O_DIRECT
  L2 want=17547264 slot=17547264 nbytes=17547264 fd=O_DIRECT
DBG getmany L36 nw=14 wall=0.491s thr(out)1 thr(in)16 conc_peak=14 pread=0.000s
DBG getmany L37 nw=16 wall=0.573s thr(out)1 thr(in)16 conc_peak=16 pread=0.000s
  L2 want=17547264 slot=17547264 nbytes=17547264 fd=O_DIRECT
  L2 want=17547264 slot=17547264 nbytes=17547264 fd=O_DIRECT
  L2 want=17547264 slot=17547264 nbytes=17547264 fd=O_DIRECT
  L2 want=17547264 slot=17547264 nbytes=17547264 fd=O_DIRECT
  L2 want=17547264 slot=17547264 nbytes=17547264 fd=O_DIRECT
  L2 want=17547264 slot=17547264 nbytes=17547264 fd=O_DIRECT
  L2 want=17547264 slot=17547264 nbytes=17547264 fd=O_DIRECT
  L2 want=17547264 slot=17547264 nbytes=17547264 fd=O_DIRECT
  L2 want=17547264 slot=17547264 nbytes=17547264 fd=O_DIRECT
  L2 want=17547264 slot=17547264 nbytes=17547264 fd=O_DIRECT
  L2 want=17547264 slot=17547264 nbytes=17547264 fd=O_DIRECT
  L2 want=17547264 slot=17547264 nbytes=17547264 fd=O_DIRECT
  L2 want=17547264 slot=17547264 nbytes=17547264 fd=O_DIRECT
  L2 want=17547264 slot=17547264 nbytes=17547264 fd=O_DIRECT
  L2 want=17547264 slot=17547264 nbytes=17547264 fd=O_DIRECT
  L2 want=17547264 slot=17547264 nbytes=17547264 fd=O_DIRECT
DBG getmany L38 nw=16 wall=0.346s thr(out)1 thr(in)16 conc_peak=16 pread=0.000s
DBG getmany L39 nw=16 wall=0.576s thr(out)1 thr(in)16 conc_peak=16 pread=0.000s
  L2 want=17547264 slot=17547264 nbytes=17547264 fd=O_DIRECT
  L2 want=17547264 slot=17547264 nbytes=17547264 fd=O_DIRECT
  L2 want=17547264 slot=17547264 nbytes=17547264 fd=O_DIRECT
  L2 want=17547264 slot=17547264 nbytes=17547264 fd=O_DIRECT
  L2 want=17547264 slot=17547264 nbytes=17547264 fd=O_DIRECT
  L2 want=17547264 slot=17547264 nbytes=17547264 fd=O_DIRECT
  L2 want=17547264 slot=17547264 nbytes=17547264 fd=O_DIRECT
  L2 want=17547264 slot=17547264 nbytes=17547264 fd=O_DIRECT
  L2 want=17547264 slot=17547264 nbytes=17547264 fd=O_DIRECT
  L2 want=17547264 slot=17547264 nbytes=17547264 fd=O_DIRECT
  L2 want=17547264 slot=17547264 nbytes=17547264 fd=O_DIRECT
  L2 want=17547264 slot=17547264 nbytes=17547264 fd=O_DIRECT
  L2 want=17547264 slot=17547264 nbytes=17547264 fd=O_DIRECT
  L2 want=17547264 slot=17547264 nbytes=17547264 fd=O_DIRECT
  L2 want=17547264 slot=17547264 nbytes=17547264 fd=O_DIRECT
  L2 want=17547264 slot=17547264 nbytes=17547264 fd=O_DIRECT
DBG getmany L40 nw=16 wall=0.600s thr(out)1 thr(in)16 conc_peak=16 pread=0.000s
DBG getmany L41 nw=16 wall=0.536s thr(out)1 thr(in)16 conc_peak=16 pread=0.000s
  L2 want=17547264 slot=17547264 nbytes=17547264 fd=O_DIRECT
  L2 want=17547264 slot=17547264 nbytes=17547264 fd=O_DIRECT
  L2 want=17547264 slot=17547264 nbytes=17547264 fd=O_DIRECT
  L2 want=17547264 slot=17547264 nbytes=17547264 fd=O_DIRECT
  L2 want=17547264 slot=17547264 nbytes=17547264 fd=O_DIRECT
  L2 want=17547264 slot=17547264 nbytes=17547264 fd=O_DIRECT
  L2 want=17547264 slot=17547264 nbytes=17547264 fd=O_DIRECT
  L2 want=17547264 slot=17547264 nbytes=17547264 fd=O_DIRECT
  L2 want=17547264 slot=17547264 nbytes=17547264 fd=O_DIRECT
  L2 want=17547264 slot=17547264 nbytes=17547264 fd=O_DIRECT
  L2 want=17547264 slot=17547264 nbytes=17547264 fd=O_DIRECT
  L2 want=17547264 slot=17547264 nbytes=17547264 fd=O_DIRECT
  L2 want=17547264 slot=17547264 nbytes=17547264 fd=O_DIRECT
  L2 want=17547264 slot=17547264 nbytes=17547264 fd=O_DIRECT
  L2 want=17547264 slot=17547264 nbytes=17547264 fd=O_DIRECT
  L2 want=17547264 slot=17547264 nbytes=17547264 fd=O_DIRECT
DBG getmany L42 nw=16 wall=0.401s thr(out)1 thr(in)16 conc_peak=16 pread=0.000s
  L2 want=17547264 slot=17547264 nbytes=17547264 fd=O_DIRECT
  L2 want=17547264 slot=17547264 nbytes=17547264 fd=O_DIRECT
  L2 want=17547264 slot=17547264 nbytes=17547264 fd=O_DIRECT
  L2 want=17547264 slot=17547264 nbytes=17547264 fd=O_DIRECT
  L2 want=17547264 slot=17547264 nbytes=17547264 fd=O_DIRECT
  L2 want=17547264 slot=17547264 nbytes=17547264 fd=O_DIRECT
  L2 want=17547264 slot=17547264 nbytes=17547264 fd=O_DIRECT
  L2 want=17547264 slot=17547264 nbytes=17547264 fd=O_DIRECT
  L2 want=17547264 slot=17547264 nbytes=17547264 fd=O_DIRECT
  L2 want=17547264 slot=17547264 nbytes=17547264 fd=O_DIRECT
  L2 want=17547264 slot=17547264 nbytes=17547264 fd=O_DIRECT
  L2 want=17547264 slot=17547264 nbytes=17547264 fd=O_DIRECT
  L2 want=17547264 slot=17547264 nbytes=17547264 fd=O_DIRECT
  L2 want=17547264 slot=17547264 nbytes=17547264 fd=O_DIRECT
  L2 want=17547264 slot=17547264 nbytes=17547264 fd=O_DIRECT
  L2 want=17547264 slot=17547264 nbytes=17547264 fd=O_DIRECT
DBG getmany L43 nw=16 wall=0.290s thr(out)1 thr(in)16 conc_peak=16 pread=0.000s
  L2 want=17547264 slot=17547264 nbytes=17547264 fd=O_DIRECT
  L2 want=17547264 slot=17547264 nbytes=17547264 fd=O_DIRECT
  L2 want=17547264 slot=17547264 nbytes=17547264 fd=O_DIRECT
  L2 want=17547264 slot=17547264 nbytes=17547264 fd=O_DIRECT
  L2 want=17547264 slot=17547264 nbytes=17547264 fd=O_DIRECT
  L2 want=17547264 slot=17547264 nbytes=17547264 fd=O_DIRECT
  L2 want=17547264 slot=17547264 nbytes=17547264 fd=O_DIRECT
  L2 want=17547264 slot=17547264 nbytes=17547264 fd=O_DIRECT
  L2 want=17547264 slot=17547264 nbytes=17547264 fd=O_DIRECT
  L2 want=17547264 slot=17547264 nbytes=17547264 fd=O_DIRECT
  L2 want=17547264 slot=17547264 nbytes=17547264 fd=O_DIRECT
  L2 want=17547264 slot=17547264 nbytes=17547264 fd=O_DIRECT
  L2 want=17547264 slot=17547264 nbytes=17547264 fd=O_DIRECT
  L2 want=17547264 slot=17547264 nbytes=17547264 fd=O_DIRECT
  L2 want=17547264 slot=17547264 nbytes=17547264 fd=O_DIRECT
  L2 want=17547264 slot=17547264 nbytes=17547264 fd=O_DIRECT
DBG getmany L44 nw=16 wall=0.570s thr(out)1 thr(in)16 conc_peak=16 pread=0.000s
DBG getmany L45 nw=16 wall=0.579s thr(out)1 thr(in)16 conc_peak=16 pread=0.000s
  L2 want=17547264 slot=17547264 nbytes=17547264 fd=O_DIRECT
  L2 want=17547264 slot=17547264 nbytes=17547264 fd=O_DIRECT
  L2 want=17547264 slot=17547264 nbytes=17547264 fd=O_DIRECT
  L2 want=17547264 slot=17547264 nbytes=17547264 fd=O_DIRECT
  L2 want=17547264 slot=17547264 nbytes=17547264 fd=O_DIRECT
  L2 want=17547264 slot=17547264 nbytes=17547264 fd=O_DIRECT
  L2 want=17547264 slot=17547264 nbytes=17547264 fd=O_DIRECT
  L2 want=17547264 slot=17547264 nbytes=17547264 fd=O_DIRECT
  L2 want=17547264 slot=17547264 nbytes=17547264 fd=O_DIRECT
  L2 want=17547264 slot=17547264 nbytes=17547264 fd=O_DIRECT
  L2 want=17547264 slot=17547264 nbytes=17547264 fd=O_DIRECT
  L2 want=17547264 slot=17547264 nbytes=17547264 fd=O_DIRECT
  L2 want=17547264 slot=17547264 nbytes=17547264 fd=O_DIRECT
  L2 want=17547264 slot=17547264 nbytes=17547264 fd=O_DIRECT
  L2 want=17547264 slot=17547264 nbytes=17547264 fd=O_DIRECT
DBG getmany L46 nw=15 wall=0.429s thr(out)1 thr(in)16 conc_peak=15 pread=0.000s
  L2 want=17547264 slot=17547264 nbytes=17547264 fd=O_DIRECT
  L2 want=17547264 slot=17547264 nbytes=17547264 fd=O_DIRECT
  L2 want=17547264 slot=17547264 nbytes=17547264 fd=O_DIRECT
  L2 want=17547264 slot=17547264 nbytes=17547264 fd=O_DIRECT
  L2 want=17547264 slot=17547264 nbytes=17547264 fd=O_DIRECT
  L2 want=17547264 slot=17547264 nbytes=17547264 fd=O_DIRECT
  L2 want=17547264 slot=17547264 nbytes=17547264 fd=O_DIRECT
  L2 want=17547264 slot=17547264 nbytes=17547264 fd=O_DIRECT
  L2 want=17547264 slot=17547264 nbytes=17547264 fd=O_DIRECT
  L2 want=17547264 slot=17547264 nbytes=17547264 fd=O_DIRECT
  L2 want=17547264 slot=17547264 nbytes=17547264 fd=O_DIRECT
  L2 want=17547264 slot=17547264 nbytes=17547264 fd=O_DIRECT
  L2 want=17547264 slot=17547264 nbytes=17547264 fd=O_DIRECT
  L2 want=17547264 slot=17547264 nbytes=17547264 fd=O_DIRECT
  L2 want=17547264 slot=17547264 nbytes=17547264 fd=O_DIRECT
DBG getmany L47 nw=15 wall=0.514s thr(out)1 thr(in)16 conc_peak=15 pread=0.000s
  L2 want=17547264 slot=17547264 nbytes=17547264 fd=O_DIRECT
  L2 want=17547264 slot=17547264 nbytes=17547264 fd=O_DIRECT
  L2 want=17547264 slot=17547264 nbytes=17547264 fd=O_DIRECT
  L2 want=17547264 slot=17547264 nbytes=17547264 fd=O_DIRECT
  L2 want=17547264 slot=17547264 nbytes=17547264 fd=O_DIRECT
  L2 want=17547264 slot=17547264 nbytes=17547264 fd=O_DIRECT
  L2 want=17547264 slot=17547264 nbytes=17547264 fd=O_DIRECT
  L2 want=17547264 slot=17547264 nbytes=17547264 fd=O_DIRECT
  L2 want=17547264 slot=17547264 nbytes=17547264 fd=O_DIRECT
  L2 want=17547264 slot=17547264 nbytes=17547264 fd=O_DIRECT
  L2 want=17547264 slot=17547264 nbytes=17547264 fd=O_DIRECT
  L2 want=17547264 slot=17547264 nbytes=17547264 fd=O_DIRECT
  L2 want=17547264 slot=17547264 nbytes=17547264 fd=O_DIRECT
  L2 want=17547264 slot=17547264 nbytes=17547264 fd=O_DIRECT
  L2 want=17547264 slot=17547264 nbytes=17547264 fd=O_DIRECT
DBG getmany L48 nw=15 wall=0.499s thr(out)1 thr(in)16 conc_peak=15 pread=0.000s
DBG getmany L49 nw=15 wall=0.594s thr(out)1 thr(in)16 conc_peak=15 pread=0.000s
DBG getmany L50 nw=16 wall=0.367s thr(out)1 thr(in)16 conc_peak=16 pread=0.000s
DBG getmany L51 nw=16 wall=0.551s thr(out)1 thr(in)16 conc_peak=16 pread=0.000s
  L2 want=17547264 slot=17547264 nbytes=17547264 fd=O_DIRECT
  L2 want=17547264 slot=17547264 nbytes=17547264 fd=O_DIRECT
  L2 want=17547264 slot=17547264 nbytes=17547264 fd=O_DIRECT
  L2 want=17547264 slot=17547264 nbytes=17547264 fd=O_DIRECT
  L2 want=17547264 slot=17547264 nbytes=17547264 fd=O_DIRECT
  L2 want=17547264 slot=17547264 nbytes=17547264 fd=O_DIRECT
  L2 want=17547264 slot=17547264 nbytes=17547264 fd=O_DIRECT
  L2 want=17547264 slot=17547264 nbytes=17547264 fd=O_DIRECT
  L2 want=17547264 slot=17547264 nbytes=17547264 fd=O_DIRECT
  L2 want=17547264 slot=17547264 nbytes=17547264 fd=O_DIRECT
  L2 want=17547264 slot=17547264 nbytes=17547264 fd=O_DIRECT
  L2 want=17547264 slot=17547264 nbytes=17547264 fd=O_DIRECT
  L2 want=17547264 slot=17547264 nbytes=17547264 fd=O_DIRECT
  L2 want=17547264 slot=17547264 nbytes=17547264 fd=O_DIRECT
  L2 want=17547264 slot=17547264 nbytes=17547264 fd=O_DIRECT
  L2 want=17547264 slot=17547264 nbytes=17547264 fd=O_DIRECT
DBG getmany L52 nw=16 wall=0.553s thr(out)1 thr(in)16 conc_peak=16 pread=0.000s
  L2 want=17547264 slot=17547264 nbytes=17547264 fd=O_DIRECT
  L2 want=17547264 slot=17547264 nbytes=17547264 fd=O_DIRECT
  L2 want=17547264 slot=17547264 nbytes=17547264 fd=O_DIRECT
  L2 want=17547264 slot=17547264 nbytes=17547264 fd=O_DIRECT
  L2 want=17547264 slot=17547264 nbytes=17547264 fd=O_DIRECT
  L2 want=17547264 slot=17547264 nbytes=17547264 fd=O_DIRECT
  L2 want=17547264 slot=17547264 nbytes=17547264 fd=O_DIRECT
  L2 want=17547264 slot=17547264 nbytes=17547264 fd=O_DIRECT
  L2 want=17547264 slot=17547264 nbytes=17547264 fd=O_DIRECT
  L2 want=17547264 slot=17547264 nbytes=17547264 fd=O_DIRECT
  L2 want=17547264 slot=17547264 nbytes=17547264 fd=O_DIRECT
  L2 want=17547264 slot=17547264 nbytes=17547264 fd=O_DIRECT
  L2 want=17547264 slot=17547264 nbytes=17547264 fd=O_DIRECT
  L2 want=17547264 slot=17547264 nbytes=17547264 fd=O_DIRECT
  L2 want=17547264 slot=17547264 nbytes=17547264 fd=O_DIRECT
DBG getmany L53 nw=15 wall=0.488s thr(out)1 thr(in)16 conc_peak=10 pread=0.000s
DBG getmany L54 nw=16 wall=0.417s thr(out)1 thr(in)16 conc_peak=16 pread=0.000s
  L2 want=17547264 slot=17547264 nbytes=17547264 fd=O_DIRECT
  L2 want=17547264 slot=17547264 nbytes=17547264 fd=O_DIRECT
  L2 want=17547264 slot=17547264 nbytes=17547264 fd=O_DIRECT
  L2 want=17547264 slot=17547264 nbytes=17547264 fd=O_DIRECT
  L2 want=17547264 slot=17547264 nbytes=17547264 fd=O_DIRECT
  L2 want=17547264 slot=17547264 nbytes=17547264 fd=O_DIRECT
  L2 want=17547264 slot=17547264 nbytes=17547264 fd=O_DIRECT
  L2 want=17547264 slot=17547264 nbytes=17547264 fd=O_DIRECT
  L2 want=17547264 slot=17547264 nbytes=17547264 fd=O_DIRECT
  L2 want=17547264 slot=17547264 nbytes=17547264 fd=O_DIRECT
  L2 want=17547264 slot=17547264 nbytes=17547264 fd=O_DIRECT
  L2 want=17547264 slot=17547264 nbytes=17547264 fd=O_DIRECT
  L2 want=17547264 slot=17547264 nbytes=17547264 fd=O_DIRECT
  L2 want=17547264 slot=17547264 nbytes=17547264 fd=O_DIRECT
  L2 want=17547264 slot=17547264 nbytes=17547264 fd=O_DIRECT
  L2 want=17547264 slot=17547264 nbytes=17547264 fd=O_DIRECT
DBG getmany L55 nw=16 wall=0.599s thr(out)1 thr(in)16 conc_peak=16 pread=0.000s
  L2 want=17547264 slot=17547264 nbytes=17547264 fd=O_DIRECT
  L2 want=17547264 slot=17547264 nbytes=17547264 fd=O_DIRECT
  L2 want=17547264 slot=17547264 nbytes=17547264 fd=O_DIRECT
  L2 want=17547264 slot=17547264 nbytes=17547264 fd=O_DIRECT
  L2 want=17547264 slot=17547264 nbytes=17547264 fd=O_DIRECT
  L2 want=17547264 slot=17547264 nbytes=17547264 fd=O_DIRECT
  L2 want=17547264 slot=17547264 nbytes=17547264 fd=O_DIRECT
  L2 want=17547264 slot=17547264 nbytes=17547264 fd=O_DIRECT
  L2 want=17547264 slot=17547264 nbytes=17547264 fd=O_DIRECT
  L2 want=17547264 slot=17547264 nbytes=17547264 fd=O_DIRECT
  L2 want=17547264 slot=17547264 nbytes=17547264 fd=O_DIRECT
  L2 want=17547264 slot=17547264 nbytes=17547264 fd=O_DIRECT
  L2 want=17547264 slot=17547264 nbytes=17547264 fd=O_DIRECT
  L2 want=17547264 slot=17547264 nbytes=17547264 fd=O_DIRECT
  L2 want=17547264 slot=17547264 nbytes=17547264 fd=O_DIRECT
  L2 want=17547264 slot=17547264 nbytes=17547264 fd=O_DIRECT
DBG getmany L56 nw=16 wall=0.501s thr(out)1 thr(in)16 conc_peak=16 pread=0.000s
  L2 want=17547264 slot=17547264 nbytes=17547264 fd=O_DIRECT
  L2 want=17547264 slot=17547264 nbytes=17547264 fd=O_DIRECT
  L2 want=17547264 slot=17547264 nbytes=17547264 fd=O_DIRECT
  L2 want=17547264 slot=17547264 nbytes=17547264 fd=O_DIRECT
  L2 want=17547264 slot=17547264 nbytes=17547264 fd=O_DIRECT
  L2 want=17547264 slot=17547264 nbytes=17547264 fd=O_DIRECT
  L2 want=17547264 slot=17547264 nbytes=17547264 fd=O_DIRECT
  L2 want=17547264 slot=17547264 nbytes=17547264 fd=O_DIRECT
  L2 want=17547264 slot=17547264 nbytes=17547264 fd=O_DIRECT
  L2 want=17547264 slot=17547264 nbytes=17547264 fd=O_DIRECT
  L2 want=17547264 slot=17547264 nbytes=17547264 fd=O_DIRECT
  L2 want=17547264 slot=17547264 nbytes=17547264 fd=O_DIRECT
  L2 want=17547264 slot=17547264 nbytes=17547264 fd=O_DIRECT
  L2 want=17547264 slot=17547264 nbytes=17547264 fd=O_DIRECT
  L2 want=17547264 slot=17547264 nbytes=17547264 fd=O_DIRECT
  L2 want=17547264 slot=17547264 nbytes=17547264 fd=O_DIRECT
DBG getmany L57 nw=16 wall=0.570s thr(out)1 thr(in)16 conc_peak=16 pread=0.000s
DBG getmany L58 nw=16 wall=3.860s thr(out)1 thr(in)16 conc_peak=16 pread=0.000s
DBG getmany L59 nw=16 wall=8.148s thr(out)1 thr(in)16 conc_peak=16 pread=0.000s
DBG getmany L60 nw=16 wall=0.567s thr(out)1 thr(in)16 conc_peak=16 pread=0.000s
  L2 want=17547264 slot=17547264 nbytes=17547264 fd=O_DIRECT
  L2 want=17547264 slot=17547264 nbytes=17547264 fd=O_DIRECT
  L2 want=17547264 slot=17547264 nbytes=17547264 fd=O_DIRECT
  L2 want=17547264 slot=17547264 nbytes=17547264 fd=O_DIRECT
  L2 want=17547264 slot=17547264 nbytes=17547264 fd=O_DIRECT
  L2 want=17547264 slot=17547264 nbytes=17547264 fd=O_DIRECT
  L2 want=17547264 slot=17547264 nbytes=17547264 fd=O_DIRECT
  L2 want=17547264 slot=17547264 nbytes=17547264 fd=O_DIRECT
  L2 want=17547264 slot=17547264 nbytes=17547264 fd=O_DIRECT
  L2 want=17547264 slot=17547264 nbytes=17547264 fd=O_DIRECT
  L2 want=17547264 slot=17547264 nbytes=17547264 fd=O_DIRECT
  L2 want=17547264 slot=17547264 nbytes=17547264 fd=O_DIRECT
  L2 want=17547264 slot=17547264 nbytes=17547264 fd=O_DIRECT
  L2 want=17547264 slot=17547264 nbytes=17547264 fd=O_DIRECT
  L2 want=17547264 slot=17547264 nbytes=17547264 fd=O_DIRECT
  L2 want=17547264 slot=17547264 nbytes=17547264 fd=O_DIRECT
DBG getmany L61 nw=16 wall=0.579s thr(out)1 thr(in)16 conc_peak=16 pread=0.000s
  L2 want=17547264 slot=17547264 nbytes=17547264 fd=O_DIRECT
  L2 want=17547264 slot=17547264 nbytes=17547264 fd=O_DIRECT
  L2 want=17547264 slot=17547264 nbytes=17547264 fd=O_DIRECT
  L2 want=17547264 slot=17547264 nbytes=17547264 fd=O_DIRECT
  L2 want=17547264 slot=17547264 nbytes=17547264 fd=O_DIRECT
  L2 want=17547264 slot=17547264 nbytes=17547264 fd=O_DIRECT
  L2 want=17547264 slot=17547264 nbytes=17547264 fd=O_DIRECT
  L2 want=17547264 slot=17547264 nbytes=17547264 fd=O_DIRECT
  L2 want=17547264 slot=17547264 nbytes=17547264 fd=O_DIRECT
  L2 want=17547264 slot=17547264 nbytes=17547264 fd=O_DIRECT
  L2 want=17547264 slot=17547264 nbytes=17547264 fd=O_DIRECT
  L2 want=17547264 slot=17547264 nbytes=17547264 fd=O_DIRECT
  L2 want=17547264 slot=17547264 nbytes=17547264 fd=O_DIRECT
  L2 want=17547264 slot=17547264 nbytes=17547264 fd=O_DIRECT
  L2 want=17547264 slot=17547264 nbytes=17547264 fd=O_DIRECT
  L2 want=17547264 slot=17547264 nbytes=17547264 fd=O_DIRECT
DBG getmany L62 nw=16 wall=0.434s thr(out)1 thr(in)16 conc_peak=16 pread=0.000s
DBG getmany L63 nw=16 wall=0.568s thr(out)1 thr(in)16 conc_peak=16 pread=0.000s
  L2 want=17547264 slot=17547264 nbytes=17547264 fd=O_DIRECT
  L2 want=17547264 slot=17547264 nbytes=17547264 fd=O_DIRECT
  L2 want=17547264 slot=17547264 nbytes=17547264 fd=O_DIRECT
  L2 want=17547264 slot=17547264 nbytes=17547264 fd=O_DIRECT
  L2 want=17547264 slot=17547264 nbytes=17547264 fd=O_DIRECT
  L2 want=17547264 slot=17547264 nbytes=17547264 fd=O_DIRECT
  L2 want=17547264 slot=17547264 nbytes=17547264 fd=O_DIRECT
  L2 want=17547264 slot=17547264 nbytes=17547264 fd=O_DIRECT
  L2 want=17547264 slot=17547264 nbytes=17547264 fd=O_DIRECT
  L2 want=17547264 slot=17547264 nbytes=17547264 fd=O_DIRECT
  L2 want=17547264 slot=17547264 nbytes=17547264 fd=O_DIRECT
  L2 want=17547264 slot=17547264 nbytes=17547264 fd=O_DIRECT
  L2 want=17547264 slot=17547264 nbytes=17547264 fd=O_DIRECT
  L2 want=17547264 slot=17547264 nbytes=17547264 fd=O_DIRECT
  L2 want=17547264 slot=17547264 nbytes=17547264 fd=O_DIRECT
  L2 want=17547264 slot=17547264 nbytes=17547264 fd=O_DIRECT
DBG getmany L64 nw=16 wall=0.596s thr(out)1 thr(in)16 conc_peak=16 pread=0.000s
  L2 want=17547264 slot=17547264 nbytes=17547264 fd=O_DIRECT
  L2 want=17547264 slot=17547264 nbytes=17547264 fd=O_DIRECT
  L2 want=17547264 slot=17547264 nbytes=17547264 fd=O_DIRECT
  L2 want=17547264 slot=17547264 nbytes=17547264 fd=O_DIRECT
  L2 want=17547264 slot=17547264 nbytes=17547264 fd=O_DIRECT
  L2 want=17547264 slot=17547264 nbytes=17547264 fd=O_DIRECT
  L2 want=17547264 slot=17547264 nbytes=17547264 fd=O_DIRECT
  L2 want=17547264 slot=17547264 nbytes=17547264 fd=O_DIRECT
  L2 want=17547264 slot=17547264 nbytes=17547264 fd=O_DIRECT
  L2 want=17547264 slot=17547264 nbytes=17547264 fd=O_DIRECT
  L2 want=17547264 slot=17547264 nbytes=17547264 fd=O_DIRECT
  L2 want=17547264 slot=17547264 nbytes=17547264 fd=O_DIRECT
  L2 want=17547264 slot=17547264 nbytes=17547264 fd=O_DIRECT
  L2 want=17547264 slot=17547264 nbytes=17547264 fd=O_DIRECT
  L2 want=17547264 slot=17547264 nbytes=17547264 fd=O_DIRECT
  L2 want=17547264 slot=17547264 nbytes=17547264 fd=O_DIRECT
DBG getmany L65 nw=16 wall=0.580s thr(out)1 thr(in)16 conc_peak=16 pread=0.000s
  L2 want=17547264 slot=17547264 nbytes=17547264 fd=O_DIRECT
  L2 want=17547264 slot=17547264 nbytes=17547264 fd=O_DIRECT
  L2 want=17547264 slot=17547264 nbytes=17547264 fd=O_DIRECT
  L2 want=17547264 slot=17547264 nbytes=17547264 fd=O_DIRECT
  L2 want=17547264 slot=17547264 nbytes=17547264 fd=O_DIRECT
  L2 want=17547264 slot=17547264 nbytes=17547264 fd=O_DIRECT
  L2 want=17547264 slot=17547264 nbytes=17547264 fd=O_DIRECT
  L2 want=17547264 slot=17547264 nbytes=17547264 fd=O_DIRECT
  L2 want=17547264 slot=17547264 nbytes=17547264 fd=O_DIRECT
  L2 want=17547264 slot=17547264 nbytes=17547264 fd=O_DIRECT
  L2 want=17547264 slot=17547264 nbytes=17547264 fd=O_DIRECT
  L2 want=17547264 slot=17547264 nbytes=17547264 fd=O_DIRECT
  L2 want=17547264 slot=17547264 nbytes=17547264 fd=O_DIRECT
  L2 want=17547264 slot=17547264 nbytes=17547264 fd=O_DIRECT
  L2 want=17547264 slot=17547264 nbytes=17547264 fd=O_DIRECT
  L2 want=17547264 slot=17547264 nbytes=17547264 fd=O_DIRECT
DBG getmany L66 nw=16 wall=0.436s thr(out)1 thr(in)16 conc_peak=16 pread=0.000s
DBG getmany L67 nw=16 wall=0.569s thr(out)1 thr(in)16 conc_peak=16 pread=0.000s
  L2 want=17547264 slot=17547264 nbytes=17547264 fd=O_DIRECT
  L2 want=17547264 slot=17547264 nbytes=17547264 fd=O_DIRECT
  L2 want=17547264 slot=17547264 nbytes=17547264 fd=O_DIRECT
  L2 want=17547264 slot=17547264 nbytes=17547264 fd=O_DIRECT
  L2 want=17547264 slot=17547264 nbytes=17547264 fd=O_DIRECT
  L2 want=17547264 slot=17547264 nbytes=17547264 fd=O_DIRECT
  L2 want=17547264 slot=17547264 nbytes=17547264 fd=O_DIRECT
  L2 want=17547264 slot=17547264 nbytes=17547264 fd=O_DIRECT
  L2 want=17547264 slot=17547264 nbytes=17547264 fd=O_DIRECT
  L2 want=17547264 slot=17547264 nbytes=17547264 fd=O_DIRECT
  L2 want=17547264 slot=17547264 nbytes=17547264 fd=O_DIRECT
  L2 want=17547264 slot=17547264 nbytes=17547264 fd=O_DIRECT
  L2 want=17547264 slot=17547264 nbytes=17547264 fd=O_DIRECT
  L2 want=17547264 slot=17547264 nbytes=17547264 fd=O_DIRECT
  L2 want=17547264 slot=17547264 nbytes=17547264 fd=O_DIRECT
  L2 want=17547264 slot=17547264 nbytes=17547264 fd=O_DIRECT
DBG getmany L68 nw=16 wall=0.476s thr(out)1 thr(in)16 conc_peak=16 pread=0.000s
  L2 want=17547264 slot=17547264 nbytes=17547264 fd=O_DIRECT
  L2 want=17547264 slot=17547264 nbytes=17547264 fd=O_DIRECT
  L2 want=17547264 slot=17547264 nbytes=17547264 fd=O_DIRECT
  L2 want=17547264 slot=17547264 nbytes=17547264 fd=O_DIRECT
  L2 want=17547264 slot=17547264 nbytes=17547264 fd=O_DIRECT
  L2 want=17547264 slot=17547264 nbytes=17547264 fd=O_DIRECT
  L2 want=17547264 slot=17547264 nbytes=17547264 fd=O_DIRECT
  L2 want=17547264 slot=17547264 nbytes=17547264 fd=O_DIRECT
  L2 want=17547264 slot=17547264 nbytes=17547264 fd=O_DIRECT
  L2 want=17547264 slot=17547264 nbytes=17547264 fd=O_DIRECT
  L2 want=17547264 slot=17547264 nbytes=17547264 fd=O_DIRECT
  L2 want=17547264 slot=17547264 nbytes=17547264 fd=O_DIRECT
  L2 want=17547264 slot=17547264 nbytes=17547264 fd=O_DIRECT
  L2 want=17547264 slot=17547264 nbytes=17547264 fd=O_DIRECT
  L2 want=17547264 slot=17547264 nbytes=17547264 fd=O_DIRECT
  L2 want=17547264 slot=17547264 nbytes=17547264 fd=O_DIRECT
DBG getmany L69 nw=16 wall=0.509s thr(out)1 thr(in)16 conc_peak=16 pread=0.000s
DBG getmany L70 nw=16 wall=0.352s thr(out)1 thr(in)16 conc_peak=16 pread=0.000s
DBG getmany L71 nw=16 wall=0.558s thr(out)1 thr(in)16 conc_peak=16 pread=0.000s
DBG getmany L72 nw=16 wall=0.599s thr(out)1 thr(in)16 conc_peak=16 pread=0.000s
  L2 want=17547264 slot=17547264 nbytes=17547264 fd=O_DIRECT
  L2 want=17547264 slot=17547264 nbytes=17547264 fd=O_DIRECT
  L2 want=17547264 slot=17547264 nbytes=17547264 fd=O_DIRECT
  L2 want=17547264 slot=17547264 nbytes=17547264 fd=O_DIRECT
  L2 want=17547264 slot=17547264 nbytes=17547264 fd=O_DIRECT
  L2 want=17547264 slot=17547264 nbytes=17547264 fd=O_DIRECT
  L2 want=17547264 slot=17547264 nbytes=17547264 fd=O_DIRECT
  L2 want=17547264 slot=17547264 nbytes=17547264 fd=O_DIRECT
  L2 want=17547264 slot=17547264 nbytes=17547264 fd=O_DIRECT
  L2 want=17547264 slot=17547264 nbytes=17547264 fd=O_DIRECT
  L2 want=17547264 slot=17547264 nbytes=17547264 fd=O_DIRECT
  L2 want=17547264 slot=17547264 nbytes=17547264 fd=O_DIRECT
  L2 want=17547264 slot=17547264 nbytes=17547264 fd=O_DIRECT
  L2 want=17547264 slot=17547264 nbytes=17547264 fd=O_DIRECT
  L2 want=17547264 slot=17547264 nbytes=17547264 fd=O_DIRECT
  L2 want=17547264 slot=17547264 nbytes=17547264 fd=O_DIRECT
DBG getmany L73 nw=16 wall=0.598s thr(out)1 thr(in)16 conc_peak=16 pread=0.000s
DBG getmany L74 nw=16 wall=0.415s thr(out)1 thr(in)16 conc_peak=16 pread=0.000s
DBG getmany L75 nw=16 wall=0.592s thr(out)1 thr(in)16 conc_peak=16 pread=0.000s
DBG getmany L76 nw=16 wall=0.578s thr(out)1 thr(in)16 conc_peak=16 pread=0.000s
  L2 want=17547264 slot=17547264 nbytes=17547264 fd=O_DIRECT
  L2 want=17547264 slot=17547264 nbytes=17547264 fd=O_DIRECT
  L2 want=17547264 slot=17547264 nbytes=17547264 fd=O_DIRECT
  L2 want=17547264 slot=17547264 nbytes=17547264 fd=O_DIRECT
  L2 want=17547264 slot=17547264 nbytes=17547264 fd=O_DIRECT
  L2 want=17547264 slot=17547264 nbytes=17547264 fd=O_DIRECT
  L2 want=17547264 slot=17547264 nbytes=17547264 fd=O_DIRECT
  L2 want=17547264 slot=17547264 nbytes=17547264 fd=O_DIRECT
  L2 want=17547264 slot=17547264 nbytes=17547264 fd=O_DIRECT
  L2 want=17547264 slot=17547264 nbytes=17547264 fd=O_DIRECT
  L2 want=17547264 slot=17547264 nbytes=17547264 fd=O_DIRECT
  L2 want=17547264 slot=17547264 nbytes=17547264 fd=O_DIRECT
  L2 want=17547264 slot=17547264 nbytes=17547264 fd=O_DIRECT
  L2 want=17547264 slot=17547264 nbytes=17547264 fd=O_DIRECT
  L2 want=17547264 slot=17547264 nbytes=17547264 fd=O_DIRECT
  L2 want=17547264 slot=17547264 nbytes=17547264 fd=O_DIRECT
DBG getmany L77 nw=16 wall=0.600s thr(out)1 thr(in)16 conc_peak=16 pread=0.000s
  L2 want=17547264 slot=17547264 nbytes=17547264 fd=O_DIRECT
  L2 want=17547264 slot=17547264 nbytes=17547264 fd=O_DIRECT
  L2 want=17547264 slot=17547264 nbytes=17547264 fd=O_DIRECT
  L2 want=17547264 slot=17547264 nbytes=17547264 fd=O_DIRECT
  L2 want=17547264 slot=17547264 nbytes=17547264 fd=O_DIRECT
  L2 want=17547264 slot=17547264 nbytes=17547264 fd=O_DIRECT
  L2 want=17547264 slot=17547264 nbytes=17547264 fd=O_DIRECT
  L2 want=17547264 slot=17547264 nbytes=17547264 fd=O_DIRECT
  L2 want=17547264 slot=17547264 nbytes=17547264 fd=O_DIRECT
  L2 want=17547264 slot=17547264 nbytes=17547264 fd=O_DIRECT
  L2 want=17547264 slot=17547264 nbytes=17547264 fd=O_DIRECT
  L2 want=17547264 slot=17547264 nbytes=17547264 fd=O_DIRECT
  L2 want=17547264 slot=17547264 nbytes=17547264 fd=O_DIRECT
  L2 want=17547264 slot=17547264 nbytes=17547264 fd=O_DIRECT
  L2 want=17547264 slot=17547264 nbytes=17547264 fd=O_DIRECT
  L2 want=17547264 slot=17547264 nbytes=17547264 fd=O_DIRECT
DBG getmany L78 nw=16 wall=0.433s thr(out)1 thr(in)16 conc_peak=16 pread=0.000s
DBG getmany L79 nw=16 wall=0.598s thr(out)1 thr(in)16 conc_peak=16 pread=0.000s
DBG getmany L80 nw=16 wall=0.564s thr(out)1 thr(in)16 conc_peak=16 pread=0.000s
  L2 want=17547264 slot=17547264 nbytes=17547264 fd=O_DIRECT
  L2 want=17547264 slot=17547264 nbytes=17547264 fd=O_DIRECT
  L2 want=17547264 slot=17547264 nbytes=17547264 fd=O_DIRECT
  L2 want=17547264 slot=17547264 nbytes=17547264 fd=O_DIRECT
  L2 want=17547264 slot=17547264 nbytes=17547264 fd=O_DIRECT
  L2 want=17547264 slot=17547264 nbytes=17547264 fd=O_DIRECT
  L2 want=17547264 slot=17547264 nbytes=17547264 fd=O_DIRECT
  L2 want=17547264 slot=17547264 nbytes=17547264 fd=O_DIRECT
  L2 want=17547264 slot=17547264 nbytes=17547264 fd=O_DIRECT
  L2 want=17547264 slot=17547264 nbytes=17547264 fd=O_DIRECT
  L2 want=17547264 slot=17547264 nbytes=17547264 fd=O_DIRECT
  L2 want=17547264 slot=17547264 nbytes=17547264 fd=O_DIRECT
  L2 want=17547264 slot=17547264 nbytes=17547264 fd=O_DIRECT
  L2 want=17547264 slot=17547264 nbytes=17547264 fd=O_DIRECT
  L2 want=17547264 slot=17547264 nbytes=17547264 fd=O_DIRECT
DBG getmany L81 nw=15 wall=0.554s thr(out)1 thr(in)16 conc_peak=14 pread=0.000s
DBG getmany L82 nw=16 wall=0.444s thr(out)1 thr(in)16 conc_peak=16 pread=0.000s
DBG getmany L83 nw=13 wall=0.557s thr(out)1 thr(in)16 conc_peak=13 pread=0.000s
  L2 want=17547264 slot=17547264 nbytes=17547264 fd=O_DIRECT
  L2 want=17547264 slot=17547264 nbytes=17547264 fd=O_DIRECT
  L2 want=17547264 slot=17547264 nbytes=17547264 fd=O_DIRECT
  L2 want=17547264 slot=17547264 nbytes=17547264 fd=O_DIRECT
  L2 want=17547264 slot=17547264 nbytes=17547264 fd=O_DIRECT
  L2 want=17547264 slot=17547264 nbytes=17547264 fd=O_DIRECT
  L2 want=17547264 slot=17547264 nbytes=17547264 fd=O_DIRECT
  L2 want=17547264 slot=17547264 nbytes=17547264 fd=O_DIRECT
  L2 want=17547264 slot=17547264 nbytes=17547264 fd=O_DIRECT
  L2 want=17547264 slot=17547264 nbytes=17547264 fd=O_DIRECT
  L2 want=17547264 slot=17547264 nbytes=17547264 fd=O_DIRECT
  L2 want=17547264 slot=17547264 nbytes=17547264 fd=O_DIRECT
  L2 want=17547264 slot=17547264 nbytes=17547264 fd=O_DIRECT
DBG getmany L84 nw=13 wall=0.490s thr(out)1 thr(in)16 conc_peak=13 pread=0.000s
  L2 want=17547264 slot=17547264 nbytes=17547264 fd=O_DIRECT
  L2 want=17547264 slot=17547264 nbytes=17547264 fd=O_DIRECT
  L2 want=17547264 slot=17547264 nbytes=17547264 fd=O_DIRECT
  L2 want=17547264 slot=17547264 nbytes=17547264 fd=O_DIRECT
  L2 want=17547264 slot=17547264 nbytes=17547264 fd=O_DIRECT
  L2 want=17547264 slot=17547264 nbytes=17547264 fd=O_DIRECT
  L2 want=17547264 slot=17547264 nbytes=17547264 fd=O_DIRECT
  L2 want=17547264 slot=17547264 nbytes=17547264 fd=O_DIRECT
  L2 want=17547264 slot=17547264 nbytes=17547264 fd=O_DIRECT
  L2 want=17547264 slot=17547264 nbytes=17547264 fd=O_DIRECT
  L2 want=17547264 slot=17547264 nbytes=17547264 fd=O_DIRECT
  L2 want=17547264 slot=17547264 nbytes=17547264 fd=O_DIRECT
  L2 want=17547264 slot=17547264 nbytes=17547264 fd=O_DIRECT
  L2 want=17547264 slot=17547264 nbytes=17547264 fd=O_DIRECT
DBG getmany L85 nw=14 wall=0.534s thr(out)1 thr(in)16 conc_peak=14 pread=0.000s
DBG getmany L86 nw=16 wall=0.419s thr(out)1 thr(in)16 conc_peak=16 pread=0.000s
DBG getmany L87 nw=13 wall=0.503s thr(out)1 thr(in)16 conc_peak=13 pread=0.000s
  L2 want=17547264 slot=17547264 nbytes=17547264 fd=O_DIRECT
  L2 want=17547264 slot=17547264 nbytes=17547264 fd=O_DIRECT
  L2 want=17547264 slot=17547264 nbytes=17547264 fd=O_DIRECT
  L2 want=17547264 slot=17547264 nbytes=17547264 fd=O_DIRECT
  L2 want=17547264 slot=17547264 nbytes=17547264 fd=O_DIRECT
  L2 want=17547264 slot=17547264 nbytes=17547264 fd=O_DIRECT
  L2 want=17547264 slot=17547264 nbytes=17547264 fd=O_DIRECT
  L2 want=17547264 slot=17547264 nbytes=17547264 fd=O_DIRECT
  L2 want=17547264 slot=17547264 nbytes=17547264 fd=O_DIRECT
  L2 want=17547264 slot=17547264 nbytes=17547264 fd=O_DIRECT
  L2 want=17547264 slot=17547264 nbytes=17547264 fd=O_DIRECT
  L2 want=17547264 slot=17547264 nbytes=17547264 fd=O_DIRECT
  L2 want=17547264 slot=17547264 nbytes=17547264 fd=O_DIRECT
  L2 want=17547264 slot=17547264 nbytes=17547264 fd=O_DIRECT
  L2 want=17547264 slot=17547264 nbytes=17547264 fd=O_DIRECT
DBG getmany L88 nw=15 wall=0.515s thr(out)1 thr(in)16 conc_peak=15 pread=0.000s
DBG getmany L89 nw=13 wall=0.556s thr(out)1 thr(in)16 conc_peak=13 pread=0.000s
  L2 want=17547264 slot=17547264 nbytes=17547264 fd=O_DIRECT
  L2 want=17547264 slot=17547264 nbytes=17547264 fd=O_DIRECT
  L2 want=17547264 slot=17547264 nbytes=17547264 fd=O_DIRECT
  L2 want=17547264 slot=17547264 nbytes=17547264 fd=O_DIRECT
  L2 want=17547264 slot=17547264 nbytes=17547264 fd=O_DIRECT
  L2 want=17547264 slot=17547264 nbytes=17547264 fd=O_DIRECT
  L2 want=17547264 slot=17547264 nbytes=17547264 fd=O_DIRECT
  L2 want=17547264 slot=17547264 nbytes=17547264 fd=O_DIRECT
  L2 want=17547264 slot=17547264 nbytes=17547264 fd=O_DIRECT
  L2 want=17547264 slot=17547264 nbytes=17547264 fd=O_DIRECT
  L2 want=17547264 slot=17547264 nbytes=17547264 fd=O_DIRECT
  L2 want=17547264 slot=17547264 nbytes=17547264 fd=O_DIRECT
DBG getmany L90 nw=12 wall=0.513s thr(out)1 thr(in)16 conc_peak=12 pread=0.000s
DBG getmany L91 nw=13 wall=0.552s thr(out)1 thr(in)16 conc_peak=13 pread=0.000s
  L2 want=17547264 slot=17547264 nbytes=17547264 fd=O_DIRECT
  L2 want=17547264 slot=17547264 nbytes=17547264 fd=O_DIRECT
  L2 want=17547264 slot=17547264 nbytes=17547264 fd=O_DIRECT
  L2 want=17547264 slot=17547264 nbytes=17547264 fd=O_DIRECT
  L2 want=17547264 slot=17547264 nbytes=17547264 fd=O_DIRECT
  L2 want=17547264 slot=17547264 nbytes=17547264 fd=O_DIRECT
  L2 want=17547264 slot=17547264 nbytes=17547264 fd=O_DIRECT
  L2 want=17547264 slot=17547264 nbytes=17547264 fd=O_DIRECT
  L2 want=17547264 slot=17547264 nbytes=17547264 fd=O_DIRECT
  L2 want=17547264 slot=17547264 nbytes=17547264 fd=O_DIRECT
  L2 want=17547264 slot=17547264 nbytes=17547264 fd=O_DIRECT
  L2 want=17547264 slot=17547264 nbytes=17547264 fd=O_DIRECT
  L2 want=17547264 slot=17547264 nbytes=17547264 fd=O_DIRECT
DBG getmany L92 nw=13 wall=0.200s thr(out)1 thr(in)16 conc_peak=13 pread=0.000s
2      24         92.43        100.0      24.85      0.011
  L2   resident=6779/14589 slots hit=100.0% read=76.51GB write=0.00GB
--------------------------------------------------------------------
3 tokens in 376.2 s, 125.39 s/token average
PEAK RSS for the whole run: 41.88 GB   <- quote this, not the plan
layers completed: 93/93; routed expert drops: 0


[chip] simulated MXFP4 GEMV bill over 4 tokens
  4416 expert chains | 291722231808 flops | 77488717824 bytes (77.49 GB)
  per token: 1104 chains | 19.37 GB | 0.07 Gflops
  compute wall @ 4 TFLOPS : 0.07 s (18.23 ms/token)
  bandwidth wall @ 200 GB/s : 0.39 s (96.86 ms/token)
  -> bandwidth-bound; to be compute-bound at 4 TFLOPS this needs 1062 GB/s
  expert fetch (host wall, measured): 295.22 s moving 77.49 GB = 0 GB/s
  chip pool wall (measured): 22.94 s

cache [final step]
  slots        : 1367 of 17.56 MB = 24.00 GB arena (1367 resident, 0 pinned)
  requests     : 1472  hits 1472 (100.00%)  misses 0  evictions 1416
  of those hits : 1416 came from the batch prefetch, i.e. read from disk
                  this token; TRUE resident hit rate 3.80%
  read from disk: 24.85 GB in 63.00 s (394 MB/s while loading)
  phase2 i/o    : 24.86 GB in 63.00 s (395 MB/s)  [pure parallel disk read]
l2cache [final step]
  requests     : 4360  hits 4360 (100.00%)  misses 0
  read  from sdd7: 76.51 GB, written 0.00 GB
  fd split  : 3100 O_DIRECT, 0 BUFFERED (0.00% buffered)
  hit I/O   : 76.51 GB in 0.00 s (wall) = 0 MB/s [pread 3752.30 s, 20 MB/s per-thread]
  miss I/O  : 0 misses, 0.00 GB from /model in 0.00 s (wall) = 0 MB/s
  restored from meta: 6779 slots
kio tier0: 4608 reqs, 224.83 GB, device 58 MB/s | queue 66.6 s (1.7% of req time), submit-lock 2.7 s, worker-lock 0.1 s, idle 0.1 s

wrote reports/gateab_ab/v54_arena/C_24_24_pf0_r1-20260930_145506/ctrl.json
I/O share of wall clock: 128.5%  (trunk 189.2 s + experts 294.0 s of 376.2 s)
  both figures are WHOLE-RUN totals over 3 steps
  expert phase split: phase1 SERIAL reserve 0.2 s (552 calls) vs phase2 read 294.0 s
  over 100% because trunk reads overlap compute on the reader thread;
  107.1 s of device time was hidden behind arithmetic
  experts, whole run: 76.51 GB read | 1423 of 4416 requests retained in RAM (32.22%) | 2993 evictions
    (retention = requests - evictions; the raw `hits` counter includes
     experts the prefetcher had just read from disk, so it is not a
     measure of avoided I/O)

trunk [final]
  pinned 15/93 layers, ring 2 slots
  binds 279, hits 30 (10.8%), reads 249
  read 148.34 GB in 189.19 s (784 MB/s pread)
  per-layer loads [L]=count: 0=1 1=1 2=1 3=1 4=1 5=1 6=1 7=1 8=1 9=1 10=1 11=1 12=1 13=1 14=1 15=3 16=3 17=3 18=3 19=3 20=3 21=3 22=3 23=3 24=3 25=3 26=3 27=3 28=3 29=3 30=3 31=3 32=3 33=3 34=3 35=3 36=3 37=3 38=3 39=3 40=3 41=3 42=3 43=3 44=3 45=3 46=3 47=3 48=3 49=3 50=3 51=3 52=3 53=3 54=3 55=3 56=3 57=3 58=3 59=3 60=3 61=3 62=3 63=3 64=3 65=3 66=3 67=3 68=3 69=3 70=3 71=3 72=3 73=3 74=3 75=3 76=3 77=3 78=3 79=3 80=3 81=3 82=3 83=3 84=3 85=3 86=3 87=3 88=3 89=3 90=3 91=3 92=3
  bind wall 18.25 s over 279 binds; read 189.19 + widen 3.97 = 193.17 s of device work,
                    of which 174.91 s (91%) overlapped compute on the reader thread
  widen breakdown: find 3 ms (7365)  copy 0 ms (3444)  deq 3964 ms (2370)  timed 4 s of widen 3.97 s
