token,layer,phase,t0,t1,dur_s,bytes,l1_hit,l1_miss,l2_hit,l2_miss
0,0,trunk,62.519637,64.925359,2.405721,2341216256,0,1,0,0
0,0,compute,64.925360,65.031797,0.106437,0,0,0,0,0
0,1,trunk,65.031798,65.662641,0.630843,645562368,-1,1,0,0
0,1,expert,65.702112,65.908133,0.206020,280887296,0,0,16,0
0,1,compute,65.662643,66.027012,0.364370,0,0,0,0,0
0,2,trunk,66.027014,66.821114,0.794100,645562368,-2,1,0,0
0,2,expert,66.859562,67.054895,0.195333,280887296,0,0,16,0
0,2,compute,66.821115,67.167010,0.345894,0,0,0,0,0
0,3,trunk,67.167011,67.582853,0.415842,431890432,-3,1,0,0
0,3,expert,67.665423,67.865726,0.200303,280887296,0,0,16,0
0,3,compute,67.582855,67.986209,0.403354,0,0,0,0,0
0,4,trunk,67.986211,68.505466,0.519255,645562368,-4,1,0,0
0,4,expert,68.543882,68.732499,0.188617,280887296,0,0,16,0
0,4,compute,68.505467,68.821779,0.316312,0,0,0,0,0
0,5,trunk,68.821781,69.449389,0.627608,645562368,-5,1,0,0
0,5,expert,69.488652,69.677616,0.188964,280887296,0,0,16,0
0,5,compute,69.449392,69.790278,0.340886,0,0,0,0,0
0,6,trunk,69.790280,70.400444,0.610164,645562368,-6,1,0,0
0,6,expert,70.440386,70.626522,0.186136,280887296,0,0,16,0
0,6,compute,70.400446,70.715029,0.314583,0,0,0,0,0
0,7,trunk,70.715031,79.360481,8.645450,431890432,-7,1,0,0
0,7,expert,79.381252,82.248264,2.867013,280887296,0,0,16,0
0,7,compute,79.360482,82.343219,2.982736,0,0,0,0,0
0,8,trunk,82.343220,82.929735,0.586515,645562368,-8,1,0,0
0,8,expert,82.970153,83.158469,0.188317,280887296,0,0,16,0
0,8,compute,82.929738,83.256369,0.326631,0,0,0,0,0
0,9,trunk,83.256370,83.937584,0.681214,645562368,-9,1,0,0
0,9,expert,83.977978,84.174249,0.196271,280887296,0,0,16,0
0,9,compute,83.937586,84.265331,0.327745,0,0,0,0,0
0,10,trunk,84.265332,84.969074,0.703742,645562368,-10,1,0,0
0,10,expert,85.024782,85.216770,0.191988,280887296,0,0,16,0
0,10,compute,84.969076,85.324636,0.355560,0,0,0,0,0
0,11,trunk,85.324638,85.775690,0.451053,431890432,-11,1,0,0
0,11,expert,85.805820,85.997797,0.191977,280887296,0,0,16,0
0,11,compute,85.775692,86.114165,0.338473,0,0,0,0,0
0,12,trunk,86.114167,86.794306,0.680139,645562368,-12,1,0,0
0,12,expert,86.901651,87.097723,0.196072,280887296,0,0,16,0
0,12,compute,86.794307,87.205388,0.411081,0,0,0,0,0
0,13,trunk,87.205390,87.904819,0.699429,645562368,-13,1,0,0
0,13,expert,87.944467,88.142240,0.197773,280887296,0,0,16,0
0,13,compute,87.904820,88.235499,0.330678,0,0,0,0,0
0,14,trunk,88.235500,89.035915,0.800415,645562368,-14,1,0,0
0,14,expert,89.078894,89.276326,0.197432,280887296,0,0,16,0
0,14,compute,89.035917,89.367541,0.331625,0,0,0,0,0
0,15,trunk,89.367543,89.812814,0.445271,431890432,-15,1,0,0
0,15,expert,89.836531,90.038892,0.202361,280887296,0,0,16,0
0,15,compute,89.812815,90.132942,0.320127,0,0,0,0,0
0,16,trunk,90.132943,90.937320,0.804377,645562368,-16,1,0,0
0,16,expert,90.975494,91.179050,0.203556,280887296,0,0,16,0
0,16,compute,90.937322,91.271580,0.334258,0,0,0,0,0
0,17,trunk,91.271581,92.062781,0.791200,645562368,-17,1,0,0
0,17,expert,92.107973,92.313994,0.206021,280887296,0,0,16,0
0,17,compute,92.062783,92.430200,0.367418,0,0,0,0,0
0,18,trunk,92.430202,93.156222,0.726020,645562368,-18,1,0,0
0,18,expert,93.202323,93.397792,0.195469,280887296,0,0,16,0
0,18,compute,93.156224,93.530518,0.374295,0,0,0,0,0
0,19,trunk,93.530520,94.063560,0.533040,431890432,-19,1,0,0
0,19,expert,94.125564,94.334743,0.209179,280887296,0,0,16,0
0,19,compute,94.063562,94.430869,0.367307,0,0,0,0,0
0,20,trunk,94.430871,95.277146,0.846275,645562368,-20,1,0,0
0,20,expert,95.326160,95.532705,0.206546,280887296,0,0,16,0
0,20,compute,95.277147,95.654169,0.377022,0,0,0,0,0
0,21,trunk,95.654171,96.175051,0.520880,645562368,-21,1,0,0
0,21,expert,96.238042,96.467904,0.229861,280887296,0,0,16,0
0,21,compute,96.175095,96.587021,0.411926,0,0,0,0,0
0,22,trunk,96.587022,97.115277,0.528255,645562368,-22,1,0,0
0,22,expert,97.245482,97.496531,0.251049,280887296,0,0,16,0
0,22,compute,97.115328,97.591692,0.476364,0,0,0,0,0
0,23,trunk,97.591694,97.645102,0.053408,431890432,-23,1,0,0
0,23,expert,97.679814,98.174352,0.494538,280887296,0,0,16,0
0,23,compute,97.645145,98.269184,0.624039,0,0,0,0,0
0,24,trunk,98.269186,98.272605,0.003418,645562368,-24,1,0,0
0,24,expert,98.337569,98.827636,0.490067,280887296,0,0,16,0
0,24,compute,98.272629,98.945366,0.672738,0,0,0,0,0
0,25,trunk,98.945369,98.968937,0.023568,645562368,-25,1,0,0
0,25,expert,99.021077,99.573509,0.552432,280887296,0,0,16,0
0,25,compute,98.968984,99.670733,0.701749,0,0,0,0,0
0,26,trunk,99.670736,99.674221,0.003486,645562368,-26,1,0,0
0,26,expert,99.727721,100.122413,0.394691,280887296,0,0,16,0
0,26,compute,99.674279,100.238169,0.563890,0,0,0,0,0
0,27,trunk,100.238171,100.241903,0.003732,431890432,-27,1,0,0
0,27,expert,100.269925,100.770672,0.500747,280887296,0,0,16,0
0,27,compute,100.241945,100.886260,0.644315,0,0,0,0,0
0,28,trunk,100.886262,100.889709,0.003447,645562368,-28,1,0,0
0,28,expert,100.943600,101.418334,0.474734,280887296,0,0,16,0
0,28,compute,100.889731,101.530234,0.640504,0,0,0,0,0
0,29,trunk,101.530236,101.533971,0.003735,645562368,-29,1,0,0
0,29,expert,101.587707,102.093614,0.505907,280887296,0,0,16,0
0,29,compute,101.534011,102.216043,0.682032,0,0,0,0,0
0,30,trunk,102.216044,102.219186,0.003142,645562368,-30,1,0,0
0,30,expert,102.271870,102.669516,0.397646,280887296,0,0,16,0
0,30,compute,102.219208,102.783031,0.563823,0,0,0,0,0
0,31,trunk,102.783033,102.787050,0.004018,431890432,-31,1,0,0
0,31,expert,102.843033,103.393540,0.550507,280887296,0,0,16,0
0,31,compute,102.787079,103.510193,0.723114,0,0,0,0,0
0,32,trunk,103.510196,103.513707,0.003511,645562368,-32,1,0,0
0,32,expert,103.569309,104.116025,0.546716,280887296,0,0,16,0
0,32,compute,103.513729,104.209850,0.696121,0,0,0,0,0
0,33,trunk,104.209852,104.213645,0.003793,645562368,-33,1,0,0
0,33,expert,104.271015,104.855293,0.584277,280887296,0,0,16,0
0,33,compute,104.213668,104.957867,0.744199,0,0,0,0,0
0,34,trunk,104.957869,104.961584,0.003715,645562368,-34,1,0,0
0,34,expert,105.015993,105.419584,0.403591,280887296,0,0,16,0
0,34,compute,104.961609,105.538205,0.576596,0,0,0,0,0
0,35,trunk,105.538206,105.541697,0.003491,431890432,-35,1,0,0
0,35,expert,105.573409,106.159959,0.586550,280887296,0,0,16,0
0,35,compute,105.541720,106.254145,0.712425,0,0,0,0,0
0,36,trunk,106.254148,106.257567,0.003419,645562368,-36,1,0,0
0,36,expert,106.311019,106.876317,0.565297,280887296,0,0,16,0
0,36,compute,106.257593,106.968750,0.711157,0,0,0,0,0
0,37,trunk,106.968752,106.972211,0.003459,645562368,-37,1,0,0
0,37,expert,107.028216,107.581646,0.553429,280887296,0,0,16,0
0,37,compute,106.972228,107.690280,0.718052,0,0,0,0,0
0,38,trunk,107.690282,107.693873,0.003591,645562368,-38,1,0,0
0,38,expert,107.742552,108.141873,0.399321,280887296,0,0,16,0
0,38,compute,107.694210,108.262208,0.567998,0,0,0,0,0
0,39,trunk,108.262210,108.265847,0.003636,431890432,-39,1,0,0
0,39,expert,108.302109,108.868476,0.566367,280887296,0,0,16,0
0,39,compute,108.265874,108.960158,0.694284,0,0,0,0,0
0,40,trunk,108.960159,108.963801,0.003642,645562368,-40,1,0,0
0,40,expert,109.016578,109.582858,0.566281,280887296,0,0,16,0
0,40,compute,108.964104,109.687220,0.723116,0,0,0,0,0
0,41,trunk,109.687222,109.690786,0.003563,645562368,-41,1,0,0
0,41,expert,109.744466,110.257204,0.512738,280887296,0,0,16,0
0,41,compute,109.691052,110.386413,0.695361,0,0,0,0,0
0,42,trunk,110.386414,110.390151,0.003737,645562368,-42,1,0,0
0,42,expert,110.455679,110.858336,0.402657,280887296,0,0,16,0
0,42,compute,110.393899,110.980035,0.586136,0,0,0,0,0
0,43,trunk,110.980037,110.983519,0.003482,431890432,-43,1,0,0
0,43,expert,111.012132,111.591174,0.579042,280887296,0,0,16,0
0,43,compute,110.983542,111.687962,0.704420,0,0,0,0,0
0,44,trunk,111.687964,111.691466,0.003501,645562368,-44,1,0,0
0,44,expert,111.747239,112.304027,0.556788,280887296,0,0,16,0
0,44,compute,111.691564,112.395636,0.704072,0,0,0,0,0
0,45,trunk,112.395638,112.399113,0.003476,645562368,-45,1,0,0
0,45,expert,112.452407,113.027885,0.575478,280887296,0,0,16,0
0,45,compute,112.399141,113.147031,0.747891,0,0,0,0,0
0,46,trunk,113.147034,113.150563,0.003529,645562368,-46,1,0,0
0,46,expert,113.201205,113.645161,0.443957,280887296,0,0,16,0
0,46,compute,113.154298,113.750199,0.595901,0,0,0,0,0
0,47,trunk,113.750201,113.753781,0.003580,431890432,-47,1,0,0
0,47,expert,113.789171,114.402133,0.612961,280887296,0,0,16,0
0,47,compute,113.754335,114.500178,0.745843,0,0,0,0,0
0,48,trunk,114.500180,114.503672,0.003492,645562368,-48,1,0,0
0,48,expert,114.570011,115.130549,0.560537,280887296,0,0,16,0
0,48,compute,114.503693,115.228105,0.724412,0,0,0,0,0
0,49,trunk,115.228107,115.231473,0.003367,645562368,-49,1,0,0
0,49,expert,115.286464,115.886154,0.599690,280887296,0,0,16,0
0,49,compute,115.231497,115.998218,0.766720,0,0,0,0,0
0,50,trunk,115.998219,116.001673,0.003454,645562368,-50,1,0,0
0,50,expert,116.050447,116.493536,0.443089,280887296,0,0,16,0
0,50,compute,116.001695,116.611674,0.609979,0,0,0,0,0
0,51,trunk,116.611676,116.615340,0.003664,431890432,-51,1,0,0
0,51,expert,116.650081,117.255856,0.605775,280887296,0,0,16,0
0,51,compute,116.615362,117.366997,0.751635,0,0,0,0,0
0,52,trunk,117.366999,117.370167,0.003168,645562368,-52,1,0,0
0,52,expert,117.439233,118.001409,0.562177,280887296,0,0,16,0
0,52,compute,117.370187,118.118198,0.748011,0,0,0,0,0
0,53,trunk,118.118200,118.121790,0.003589,645562368,-53,1,0,0
0,53,expert,118.178429,118.761720,0.583291,280887296,0,0,16,0
0,53,compute,118.121822,118.894289,0.772467,0,0,0,0,0
0,54,trunk,118.894291,118.897848,0.003557,645562368,-54,1,0,0
0,54,expert,118.948232,119.408993,0.460762,280887296,0,0,16,0
0,54,compute,118.897870,119.514166,0.616296,0,0,0,0,0
0,55,trunk,119.514169,119.518009,0.003840,431890432,-55,1,0,0
0,55,expert,119.563190,120.149051,0.585862,280887296,0,0,16,0
0,55,compute,119.518033,120.263028,0.744996,0,0,0,0,0
0,56,trunk,120.263030,120.266526,0.003496,645562368,-56,1,0,0
0,56,expert,120.329189,120.938848,0.609659,280887296,0,0,16,0
0,56,compute,120.266547,121.036182,0.769634,0,0,0,0,0
0,57,trunk,121.036183,121.039591,0.003407,645562368,-57,1,0,0
0,57,expert,121.093894,121.663880,0.569986,280887296,0,0,16,0
0,57,compute,121.039630,121.759018,0.719387,0,0,0,0,0
0,58,trunk,121.759019,121.762641,0.003621,645562368,-58,1,0,0
0,58,expert,121.813454,122.236076,0.422621,280887296,0,0,16,0
0,58,compute,121.762671,122.350315,0.587643,0,0,0,0,0
0,59,trunk,122.350317,122.353860,0.003543,431890432,-59,1,0,0
0,59,expert,122.392770,122.978146,0.585375,280887296,0,0,16,0
0,59,compute,122.353896,123.090191,0.736295,0,0,0,0,0
0,60,trunk,123.090193,123.093441,0.003248,645562368,-60,1,0,0
0,60,expert,123.156262,123.725350,0.569087,280887296,0,0,16,0
0,60,compute,123.093460,123.842232,0.748773,0,0,0,0,0
0,61,trunk,123.842234,123.845886,0.003652,645562368,-61,1,0,0
0,61,expert,123.905295,124.507424,0.602129,280887296,0,0,16,0
0,61,compute,123.845940,124.618169,0.772228,0,0,0,0,0
0,62,trunk,124.618171,124.621543,0.003373,645562368,-62,1,0,0
0,62,expert,124.680635,125.103286,0.422651,280887296,0,0,16,0
0,62,compute,124.621564,125.214249,0.592684,0,0,0,0,0
0,63,trunk,125.214250,125.217727,0.003477,431890432,-63,1,0,0
0,63,expert,125.255674,125.867027,0.611353,280887296,0,0,16,0
0,63,compute,125.217750,125.966158,0.748408,0,0,0,0,0
0,64,trunk,125.966160,125.969590,0.003430,645562368,-64,1,0,0
0,64,expert,126.023544,126.650168,0.626625,280887296,0,0,16,0
0,64,compute,125.969612,126.783054,0.813442,0,0,0,0,0
0,65,trunk,126.783056,126.786569,0.003514,645562368,-65,1,0,0
0,65,expert,126.841621,127.438523,0.596903,280887296,0,0,16,0
0,65,compute,126.786629,127.555005,0.768377,0,0,0,0,0
0,66,trunk,127.555007,127.558493,0.003486,645562368,-66,1,0,0
0,66,expert,127.606687,128.049712,0.443025,280887296,0,0,16,0
0,66,compute,127.558514,128.162278,0.603764,0,0,0,0,0
0,67,trunk,128.162281,128.165780,0.003499,431890432,-67,1,0,0
0,67,expert,128.200442,128.826747,0.626305,280887296,0,0,16,0
0,67,compute,128.165804,128.934212,0.768407,0,0,0,0,0
0,68,trunk,128.934213,128.937731,0.003518,645562368,-68,1,0,0
0,68,expert,128.994298,129.590921,0.596623,280887296,0,0,16,0
0,68,compute,128.937799,129.722203,0.784405,0,0,0,0,0
0,69,trunk,129.722205,129.726176,0.003971,645562368,-69,1,0,0
0,69,expert,129.786334,130.356276,0.569942,280887296,0,0,16,0
0,69,compute,129.726266,130.486185,0.759919,0,0,0,0,0
0,70,trunk,130.486187,130.489672,0.003485,645562368,-70,1,0,0
0,70,expert,130.543133,130.976731,0.433599,280887296,0,0,16,0
0,70,compute,130.489693,131.066236,0.576543,0,0,0,0,0
0,71,trunk,131.066261,131.069755,0.003493,431890432,-71,1,0,0
0,71,expert,131.099149,131.719617,0.620467,280887296,0,0,16,0
0,71,compute,131.069776,131.838194,0.768417,0,0,0,0,0
0,72,trunk,131.838196,131.841695,0.003499,645562368,-72,1,0,0
0,72,expert,131.899510,132.481477,0.581967,280887296,0,0,16,0
0,72,compute,131.841732,132.574769,0.733036,0,0,0,0,0
0,73,trunk,132.574771,132.578193,0.003423,645562368,-73,1,0,0
0,73,expert,132.630678,133.232485,0.601808,280887296,0,0,16,0
0,73,compute,132.578215,133.346236,0.768021,0,0,0,0,0
0,74,trunk,133.346237,133.349722,0.003484,645562368,-74,1,0,0
0,74,expert,133.399009,133.830296,0.431287,280887296,0,0,16,0
0,74,compute,133.349751,133.946238,0.596487,0,0,0,0,0
0,75,trunk,133.946240,133.949838,0.003598,431890432,-75,1,0,0
0,75,expert,133.987288,134.562982,0.575694,280887296,0,0,16,0
0,75,compute,133.949859,134.654801,0.704942,0,0,0,0,0
0,76,trunk,134.654803,134.658325,0.003522,645562368,-76,1,0,0
0,76,expert,134.715651,135.252298,0.536647,280887296,0,0,16,0
0,76,compute,134.658350,135.366240,0.707889,0,0,0,0,0
0,77,trunk,135.366241,135.369690,0.003449,645562368,-77,1,0,0
0,77,expert,135.420435,136.008583,0.588149,280887296,0,0,16,0
0,77,compute,135.369713,136.099502,0.729789,0,0,0,0,0
0,78,trunk,136.099504,136.102906,0.003402,645562368,-78,1,0,0
0,78,expert,136.149264,136.596067,0.446803,280887296,0,0,16,0
0,78,compute,136.102928,136.718173,0.615244,0,0,0,0,0
0,79,trunk,136.718175,136.721664,0.003490,431890432,-79,1,0,0
0,79,expert,136.754481,137.326543,0.572062,280887296,0,0,16,0
0,79,compute,136.721723,137.418929,0.697206,0,0,0,0,0
0,80,trunk,137.418930,137.422466,0.003535,645562368,-80,1,0,0
0,80,expert,137.471356,138.004214,0.532859,280887296,0,0,16,0
0,80,compute,137.422507,138.098244,0.675737,0,0,0,0,0
0,81,trunk,138.098246,138.101673,0.003427,645562368,-81,1,0,0
0,81,expert,138.150555,138.708869,0.558314,280887296,0,0,16,0
0,81,compute,138.101695,138.842196,0.740501,0,0,0,0,0
0,82,trunk,138.842197,138.845641,0.003443,645562368,-82,1,0,0
0,82,expert,138.895089,139.310781,0.415692,280887296,0,0,16,0
0,82,compute,138.845661,139.407289,0.561628,0,0,0,0,0
0,83,trunk,139.407291,139.410796,0.003504,431890432,-83,1,0,0
0,83,expert,139.441165,140.011522,0.570356,280887296,0,0,16,0
0,83,compute,139.410819,140.116582,0.705763,0,0,0,0,0
0,84,trunk,140.116584,140.120377,0.003793,645562368,-84,1,0,0
0,84,expert,140.176415,140.732491,0.556076,280887296,0,0,16,0
0,84,compute,140.120394,140.850242,0.729848,0,0,0,0,0
0,85,trunk,140.850244,140.853943,0.003699,645562368,-85,1,0,0
0,85,expert,140.905080,141.468042,0.562962,280887296,0,0,16,0
0,85,compute,140.853964,141.586218,0.732254,0,0,0,0,0
0,86,trunk,141.586220,141.589879,0.003659,645562368,-86,1,0,0
0,86,expert,141.636655,142.040158,0.403504,280887296,0,0,16,0
0,86,compute,141.589934,142.154249,0.564316,0,0,0,0,0
0,87,trunk,142.154251,142.157858,0.003608,431890432,-87,1,0,0
0,87,expert,142.190570,142.726720,0.536150,280887296,0,0,16,0
0,87,compute,142.157879,142.842217,0.684338,0,0,0,0,0
0,88,trunk,142.842219,142.845650,0.003431,645562368,-88,1,0,0
0,88,expert,142.894595,143.452907,0.558311,280887296,0,0,16,0
0,88,compute,142.845670,143.546414,0.700744,0,0,0,0,0
0,89,trunk,143.546416,143.549893,0.003476,645562368,-89,1,0,0
0,89,expert,143.605037,144.184071,0.579035,280887296,0,0,16,0
0,89,compute,143.549915,144.284800,0.734884,0,0,0,0,0
0,90,trunk,144.284802,144.288300,0.003498,645562368,-90,1,0,0
0,90,expert,144.338111,144.765423,0.427312,280887296,0,0,16,0
0,90,compute,144.288319,144.878171,0.589852,0,0,0,0,0
0,91,trunk,144.878173,144.881746,0.003572,431890432,-91,1,0,0
0,91,expert,144.910264,145.338763,0.428499,280887296,0,0,16,0
0,91,compute,144.881775,145.470220,0.588445,0,0,0,0,0
0,92,trunk,145.470222,145.473323,0.003101,431890432,-92,1,0,0
0,92,expert,145.509374,145.667892,0.158518,280887296,0,0,16,0
0,92,compute,145.473325,145.794232,0.320907,0,0,0,0,0
0,0,trunk,145.899414,145.899449,0.000035,0,-92,0,0,0
0,0,compute,145.899450,146.001934,0.102484,0,0,0,0,0
0,1,trunk,146.001935,146.005501,0.003566,0,-91,0,0,0
0,1,expert,146.043802,146.228214,0.184412,280887296,0,0,16,0
0,1,compute,146.005503,146.321130,0.315628,0,0,0,0,0
0,2,trunk,146.321132,146.324701,0.003569,0,-90,0,0,0
0,2,expert,146.364926,146.539930,0.175004,280887296,0,0,16,0
0,2,compute,146.324703,146.659057,0.334354,0,0,0,0,0
0,3,trunk,146.659059,146.662487,0.003428,0,-89,0,0,0
0,3,expert,146.704983,146.870142,0.165159,280887296,0,0,16,0
0,3,compute,146.662489,146.982205,0.319716,0,0,0,0,0
0,4,trunk,146.982206,146.985669,0.003462,0,-88,0,0,0
0,4,expert,147.028985,147.186183,0.157198,280887296,0,0,16,0
0,4,compute,146.985671,147.294161,0.308490,0,0,0,0,0
0,5,trunk,147.294163,147.297473,0.003311,0,-87,0,0,0
0,5,expert,147.336756,147.500071,0.163315,280887296,0,0,16,0
0,5,compute,147.297476,147.615038,0.317562,0,0,0,0,0
0,6,trunk,147.615039,147.618543,0.003504,0,-86,0,0,0
0,6,expert,147.658314,147.837479,0.179165,280887296,0,0,16,0
0,6,compute,147.618544,147.971034,0.352489,0,0,0,0,0
0,7,trunk,147.971036,147.974489,0.003453,0,-85,0,0,0
0,7,expert,148.000873,148.162565,0.161692,280887296,0,0,16,0
0,7,compute,147.974491,148.282307,0.307817,0,0,0,0,0
0,8,trunk,148.282309,148.285680,0.003371,0,-84,0,0,0
0,8,expert,148.324439,148.479288,0.154850,280887296,0,0,16,0
0,8,compute,148.285682,148.567879,0.282197,0,0,0,0,0
0,9,trunk,148.567880,148.571258,0.003378,0,-83,0,0,0
0,9,expert,148.608576,148.764906,0.156330,280887296,0,0,16,0
0,9,compute,148.571260,148.861847,0.290587,0,0,0,0,0
0,10,trunk,148.861849,148.865266,0.003418,0,-82,0,0,0
0,10,expert,148.903276,149.064178,0.160902,280887296,0,0,16,0
0,10,compute,148.865268,149.169682,0.304414,0,0,0,0,0
0,11,trunk,149.169683,149.173201,0.003518,0,-81,0,0,0
0,11,expert,149.194049,149.360999,0.166950,280887296,0,0,16,0
0,11,compute,149.173204,149.454681,0.281477,0,0,0,0,0
0,12,trunk,149.454682,149.458151,0.003469,0,-80,0,0,0
0,12,expert,149.496620,149.661965,0.165345,280887296,0,0,16,0
0,12,compute,149.458153,149.778432,0.320278,0,0,0,0,0
0,13,trunk,149.778433,149.782185,0.003752,0,-79,0,0,0
0,13,expert,149.831831,149.999301,0.167470,280887296,0,0,16,0
0,13,compute,149.782187,150.115024,0.332837,0,0,0,0,0
0,14,trunk,150.115026,150.118469,0.003444,0,-78,0,0,0
0,14,expert,150.168303,150.332131,0.163829,280887296,0,0,16,0
0,14,compute,150.118472,150.450231,0.331760,0,0,0,0,0
0,15,trunk,150.450253,150.453714,0.003461,0,-77,0,0,0
0,15,expert,150.474527,150.640242,0.165714,280887296,0,0,16,0
0,15,compute,150.453716,150.758980,0.305264,0,0,0,0,0
0,16,trunk,150.758982,150.762425,0.003443,0,-76,0,0,0
0,16,expert,150.802387,150.962452,0.160065,280887296,0,0,16,0
0,16,compute,150.762427,151.074996,0.312569,0,0,0,0,0
0,17,trunk,151.074997,151.078435,0.003438,0,-75,0,0,0
0,17,expert,151.117430,151.282839,0.165409,280887296,0,0,16,0
0,17,compute,151.078437,151.395004,0.316567,0,0,0,0,0
0,18,trunk,151.395006,151.398350,0.003343,0,-74,0,0,0
0,18,expert,151.438427,151.603355,0.164928,280887296,0,0,16,0
0,18,compute,151.398351,151.718276,0.319925,0,0,0,0,0
0,19,trunk,151.718278,151.721969,0.003691,0,-73,0,0,0
0,19,expert,151.743114,151.903705,0.160592,280887296,0,0,16,0
0,19,compute,151.721972,152.014198,0.292227,0,0,0,0,0
0,20,trunk,152.014200,152.017736,0.003536,0,-72,0,0,0
0,20,expert,152.057179,152.215812,0.158633,280887296,0,0,16,0
0,20,compute,152.017738,152.304355,0.286617,0,0,0,0,0
0,21,trunk,152.304356,152.307974,0.003618,0,-71,0,0,0
0,21,expert,152.365209,152.863456,0.498247,280887296,0,0,16,0
0,21,compute,152.308000,152.974246,0.666246,0,0,0,0,0
0,22,trunk,152.974248,152.977781,0.003533,645562368,-71,1,0,0
0,22,expert,153.025744,153.397846,0.372103,280887296,0,0,16,0
0,22,compute,152.977801,153.510220,0.532418,0,0,0,0,0
0,23,trunk,153.510221,153.513676,0.003455,431890432,-72,1,0,0
0,23,expert,153.546963,154.052298,0.505335,280887296,0,0,16,0
0,23,compute,153.513705,154.145061,0.631356,0,0,0,0,0
0,24,trunk,154.145063,154.149139,0.004076,645562368,-73,1,0,0
0,24,expert,154.201147,155.024585,0.823438,280887296,0,0,16,0
0,24,compute,154.149162,155.119706,0.970543,0,0,0,0,0
0,25,trunk,155.119708,155.123240,0.003532,645562368,-74,1,0,0
0,25,expert,155.174784,155.940250,0.765465,280887296,0,0,16,0
0,25,compute,155.123264,156.070173,0.946909,0,0,0,0,0
0,26,trunk,156.070175,156.073644,0.003469,645562368,-75,1,0,0
0,26,expert,156.118112,156.701906,0.583794,280887296,0,0,16,0
0,26,compute,156.073667,156.815269,0.741602,0,0,0,0,0
0,27,trunk,156.815301,156.818750,0.003449,431890432,-76,1,0,0
0,27,expert,156.851553,157.594134,0.742581,280887296,0,0,16,0
0,27,compute,156.824324,157.683855,0.859531,0,0,0,0,0
0,28,trunk,157.683857,157.687386,0.003529,645562368,-77,1,0,0
0,28,expert,157.741082,158.454713,0.713631,280887296,0,0,16,0
0,28,compute,157.693099,158.566230,0.873131,0,0,0,0,0
0,29,trunk,158.566232,158.569677,0.003445,645562368,-78,1,0,0
0,29,expert,158.617443,159.320452,0.703008,280887296,0,0,16,0
0,29,compute,158.569701,159.438192,0.868491,0,0,0,0,0
0,30,trunk,159.438194,159.441984,0.003789,645562368,-79,1,0,0
0,30,expert,159.497639,160.088345,0.590707,280887296,0,0,16,0
0,30,compute,159.442029,160.206247,0.764218,0,0,0,0,0
0,31,trunk,160.206249,160.209705,0.003456,431890432,-80,1,0,0
0,31,expert,160.244819,161.021737,0.776918,280887296,0,0,16,0
0,31,compute,160.209761,161.138200,0.928439,0,0,0,0,0
0,32,trunk,161.138202,161.141626,0.003424,645562368,-81,1,0,0
0,32,expert,161.189011,161.979949,0.790938,280887296,0,0,16,0
0,32,compute,161.141648,162.103006,0.961359,0,0,0,0,0
0,33,trunk,162.103008,162.106947,0.003939,645562368,-82,1,0,0
0,33,expert,162.161700,162.975763,0.814063,280887296,0,0,16,0
0,33,compute,162.106969,163.073898,0.966929,0,0,0,0,0
0,34,trunk,163.073900,163.077818,0.003919,645562368,-83,1,0,0
0,34,expert,163.126799,163.715704,0.588905,280887296,0,0,16,0
0,34,compute,163.077901,163.822859,0.744958,0,0,0,0,0
0,35,trunk,163.822861,163.826248,0.003388,431890432,-84,1,0,0
0,35,expert,163.865429,164.657061,0.791632,280887296,0,0,16,0
0,35,compute,163.826269,164.774501,0.948233,0,0,0,0,0
0,36,trunk,164.774503,164.777987,0.003484,645562368,-85,1,0,0
0,36,expert,164.825911,165.616256,0.790345,280887296,0,0,16,0
0,36,compute,164.778008,165.730997,0.952989,0,0,0,0,0
0,37,trunk,165.730999,165.734479,0.003480,645562368,-86,1,0,0
0,37,expert,165.786161,166.559248,0.773086,280887296,0,0,16,0
0,37,compute,165.734533,166.674188,0.939656,0,0,0,0,0
0,38,trunk,166.674190,166.677980,0.003790,645562368,-87,1,0,0
0,38,expert,166.727425,167.287809,0.560384,280887296,0,0,16,0
0,38,compute,166.678007,167.403048,0.725040,0,0,0,0,0
0,39,trunk,167.403049,167.406669,0.003620,431890432,-88,1,0,0
0,39,expert,167.440437,168.215201,0.774764,280887296,0,0,16,0
0,39,compute,167.406693,168.307771,0.901078,0,0,0,0,0
0,40,trunk,168.307772,168.311222,0.003450,645562368,-89,1,0,0
0,40,expert,168.364914,169.147306,0.782393,280887296,0,0,16,0
0,40,compute,168.311243,169.258205,0.946962,0,0,0,0,0
0,41,trunk,169.258207,169.261747,0.003540,645562368,-90,1,0,0
0,41,expert,169.311302,170.074832,0.763530,280887296,0,0,16,0
0,41,compute,169.261775,170.171271,0.909495,0,0,0,0,0
0,42,trunk,170.171272,170.174919,0.003647,645562368,-91,1,0,0
0,42,expert,170.221970,170.824028,0.602058,280887296,0,0,16,0
0,42,compute,170.174972,170.913010,0.738038,0,0,0,0,0
0,43,trunk,170.913012,170.916754,0.003742,431890432,-92,1,0,0
0,43,expert,170.950948,171.772432,0.821483,280887296,0,0,16,0
0,43,compute,170.916779,171.867952,0.951173,0,0,0,0,0
0,44,trunk,171.867954,171.871426,0.003472,645562368,-93,1,0,0
0,44,expert,171.929115,172.724055,0.794941,280887296,0,0,16,0
0,44,compute,171.871447,172.838221,0.966773,0,0,0,0,0
0,45,trunk,172.838223,172.841754,0.003531,645562368,-94,1,0,0
0,45,expert,172.896803,173.689121,0.792318,280887296,0,0,16,0
0,45,compute,172.841775,173.802218,0.960443,0,0,0,0,0
0,46,trunk,173.802220,173.805721,0.003501,645562368,-95,1,0,0
0,46,expert,173.851778,174.460997,0.609219,280887296,0,0,16,0
0,46,compute,173.805741,174.578176,0.772434,0,0,0,0,0
0,47,trunk,174.578178,174.581571,0.003393,431890432,-96,1,0,0
0,47,expert,174.613773,175.404778,0.791005,280887296,0,0,16,0
0,47,compute,174.581591,175.522335,0.940745,0,0,0,0,0
0,48,trunk,175.522337,175.525731,0.003394,645562368,-97,1,0,0
0,48,expert,175.578637,176.336863,0.758226,280887296,0,0,16,0
0,48,compute,175.525766,176.429882,0.904116,0,0,0,0,0
0,49,trunk,176.429884,176.433771,0.003887,645562368,-98,1,0,0
0,49,expert,176.488191,177.291891,0.803700,280887296,0,0,16,0
0,49,compute,176.433802,177.387384,0.953582,0,0,0,0,0
0,50,trunk,177.387386,177.390859,0.003474,645562368,-99,1,0,0
0,50,expert,177.439717,178.048107,0.608391,280887296,0,0,16,0
0,50,compute,177.390882,178.160698,0.769816,0,0,0,0,0
0,51,trunk,178.160700,178.164095,0.003395,431890432,-100,1,0,0
0,51,expert,178.192843,178.976241,0.783398,280887296,0,0,16,0
0,51,compute,178.164262,179.073690,0.909428,0,0,0,0,0
0,52,trunk,179.073692,179.077331,0.003639,645562368,-101,1,0,0
0,52,expert,179.135115,179.876048,0.740933,280887296,0,0,16,0
0,52,compute,179.077350,179.994210,0.916860,0,0,0,0,0
0,53,trunk,179.994212,179.997594,0.003382,645562368,-102,1,0,0
0,53,expert,180.056159,180.840338,0.784179,280887296,0,0,16,0
0,53,compute,179.997615,180.962205,0.964589,0,0,0,0,0
0,54,trunk,180.962207,180.965652,0.003445,645562368,-103,1,0,0
0,54,expert,181.016898,181.618632,0.601734,280887296,0,0,16,0
0,54,compute,180.965674,181.730551,0.764878,0,0,0,0,0
0,55,trunk,181.730553,181.734103,0.003549,431890432,-104,1,0,0
0,55,expert,181.764186,182.549009,0.784824,280887296,0,0,16,0
0,55,compute,181.734126,182.666223,0.932096,0,0,0,0,0
0,56,trunk,182.666224,182.669698,0.003474,645562368,-105,1,0,0
0,56,expert,182.724402,183.485104,0.760702,280887296,0,0,16,0
0,56,compute,182.669720,183.583362,0.913642,0,0,0,0,0
0,57,trunk,183.583364,183.586858,0.003494,645562368,-106,1,0,0
0,57,expert,183.635192,184.421745,0.786554,280887296,0,0,16,0
0,57,compute,183.586882,184.534232,0.947350,0,0,0,0,0
0,58,trunk,184.534234,184.537665,0.003431,645562368,-107,1,0,0
0,58,expert,184.585996,185.166071,0.580075,280887296,0,0,16,0
0,58,compute,184.537685,185.272575,0.734889,0,0,0,0,0
0,59,trunk,185.272577,185.275928,0.003351,431890432,-108,1,0,0
0,59,expert,185.313060,186.102415,0.789355,280887296,0,0,16,0
0,59,compute,185.275949,186.195799,0.919850,0,0,0,0,0
0,60,trunk,186.195801,186.199249,0.003448,645562368,-109,1,0,0
0,60,expert,186.254077,187.044436,0.790360,280887296,0,0,16,0
0,60,compute,186.199272,187.162508,0.963237,0,0,0,0,0
0,61,trunk,187.162511,187.165937,0.003426,645562368,-110,1,0,0
0,61,expert,187.218002,187.971403,0.753401,280887296,0,0,16,0
0,61,compute,187.165965,188.069022,0.903057,0,0,0,0,0
0,62,trunk,188.069024,188.072580,0.003556,645562368,-111,1,0,0
0,62,expert,188.127742,188.685968,0.558226,280887296,0,0,16,0
0,62,compute,188.072598,188.802269,0.729671,0,0,0,0,0
0,63,trunk,188.802271,188.805702,0.003431,431890432,-112,1,0,0
0,63,expert,188.840414,189.623865,0.783451,280887296,0,0,16,0
0,63,compute,188.805723,189.743005,0.937282,0,0,0,0,0
0,64,trunk,189.743007,189.746145,0.003138,645562368,-113,1,0,0
0,64,expert,189.807651,190.786374,0.978722,280887296,0,0,16,0
0,64,compute,189.746169,190.898210,1.152041,0,0,0,0,0
0,65,trunk,190.898212,190.901755,0.003543,645562368,-114,1,0,0
0,65,expert,190.958747,191.738828,0.780081,280887296,0,0,16,0
0,65,compute,190.901776,191.850267,0.948491,0,0,0,0,0
0,66,trunk,191.850269,191.853718,0.003448,645562368,-115,1,0,0
0,66,expert,191.918712,192.485378,0.566666,280887296,0,0,16,0
0,66,compute,191.853739,192.598204,0.744466,0,0,0,0,0
0,67,trunk,192.598206,192.601612,0.003406,431890432,-116,1,0,0
0,67,expert,192.634863,193.414730,0.779867,280887296,0,0,16,0
0,67,compute,192.601633,193.536036,0.934402,0,0,0,0,0
0,68,trunk,193.536037,193.539452,0.003415,645562368,-117,1,0,0
0,68,expert,193.588275,194.344602,0.756327,280887296,0,0,16,0
0,68,compute,193.539474,194.456050,0.916577,0,0,0,0,0
0,69,trunk,194.456052,194.459373,0.003321,645562368,-118,1,0,0
0,69,expert,194.510015,195.296801,0.786786,280887296,0,0,16,0
0,69,compute,194.459431,195.402155,0.942724,0,0,0,0,0
0,70,trunk,195.402156,195.405650,0.003493,645562368,-119,1,0,0
0,70,expert,195.452280,196.035178,0.582898,280887296,0,0,16,0
0,70,compute,195.405673,196.150453,0.744780,0,0,0,0,0
0,71,trunk,196.150455,196.153769,0.003314,431890432,-120,1,0,0
0,71,expert,196.198721,196.914165,0.715444,280887296,0,0,16,0
0,71,compute,196.153790,197.031063,0.877272,0,0,0,0,0
0,72,trunk,197.031064,197.034665,0.003601,645562368,-121,1,0,0
0,72,expert,197.089702,197.890702,0.801001,280887296,0,0,16,0
0,72,compute,197.034730,198.006319,0.971589,0,0,0,0,0
0,73,trunk,198.006321,198.009816,0.003495,645562368,-122,1,0,0
0,73,expert,198.064209,198.862299,0.798090,280887296,0,0,16,0
0,73,compute,198.009842,198.975052,0.965210,0,0,0,0,0
0,74,trunk,198.975054,198.978503,0.003449,645562368,-123,1,0,0
0,74,expert,199.028485,199.639120,0.610635,280887296,0,0,16,0
0,74,compute,198.978527,199.755007,0.776480,0,0,0,0,0
0,75,trunk,199.755008,199.758447,0.003438,431890432,-124,1,0,0
0,75,expert,199.791297,200.601044,0.809748,280887296,0,0,16,0
0,75,compute,199.758488,200.735027,0.976538,0,0,0,0,0
0,76,trunk,200.735052,200.738426,0.003374,645562368,-125,1,0,0
0,76,expert,200.790819,209.408432,8.617613,280887296,0,0,16,0
0,76,compute,200.738747,209.500176,8.761429,0,0,0,0,0
0,77,trunk,209.500178,209.503605,0.003427,645562368,-126,1,0,0
0,77,expert,209.547718,213.606415,4.058697,280887296,0,0,16,0
0,77,compute,209.503629,213.701275,4.197646,0,0,0,0,0
0,78,trunk,213.701277,213.704737,0.003460,645562368,-127,1,0,0
0,78,expert,213.756090,214.344048,0.587958,280887296,0,0,16,0
0,78,compute,213.708363,214.453884,0.745521,0,0,0,0,0
0,79,trunk,214.453886,214.457305,0.003419,431890432,-128,1,0,0
0,79,expert,214.491523,215.252899,0.761376,280887296,0,0,16,0
0,79,compute,214.457497,215.370269,0.912772,0,0,0,0,0
0,80,trunk,215.370271,215.373688,0.003417,645562368,-129,1,0,0
0,80,expert,215.427703,216.184214,0.756512,280887296,0,0,16,0
0,80,compute,215.373710,216.278921,0.905211,0,0,0,0,0
0,81,trunk,216.278923,216.282528,0.003606,645562368,-130,1,0,0
0,81,expert,216.344261,217.109150,0.764889,280887296,0,0,16,0
0,81,compute,216.282555,217.226194,0.943640,0,0,0,0,0
0,82,trunk,217.226196,217.229642,0.003445,645562368,-131,1,0,0
0,82,expert,217.280123,217.864893,0.584770,280887296,0,0,16,0
0,82,compute,217.229684,217.982189,0.752505,0,0,0,0,0
0,83,trunk,217.982191,217.985695,0.003504,431890432,-132,1,0,0
0,83,expert,218.022463,218.817108,0.794645,280887296,0,0,16,0
0,83,compute,217.985718,218.912427,0.926709,0,0,0,0,0
0,84,trunk,218.912429,218.915849,0.003420,645562368,-133,1,0,0
0,84,expert,218.967780,219.740079,0.772298,280887296,0,0,16,0
0,84,compute,218.915876,219.850200,0.934324,0,0,0,0,0
0,85,trunk,219.850202,219.853591,0.003390,645562368,-134,1,0,0
0,85,expert,219.906805,220.677103,0.770297,280887296,0,0,16,0
0,85,compute,219.853636,220.772813,0.919177,0,0,0,0,0
0,86,trunk,220.772815,220.776328,0.003513,645562368,-135,1,0,0
0,86,expert,220.825269,221.395565,0.570296,280887296,0,0,16,0
0,86,compute,220.776372,221.534178,0.757806,0,0,0,0,0
0,87,trunk,221.534180,221.537645,0.003466,431890432,-136,1,0,0
0,87,expert,221.573697,222.316716,0.743019,280887296,0,0,16,0
0,87,compute,221.537667,222.434217,0.896550,0,0,0,0,0
0,88,trunk,222.434219,222.437803,0.003583,645562368,-137,1,0,0
0,88,expert,222.489122,223.240798,0.751676,280887296,0,0,16,0
0,88,compute,222.437826,223.349630,0.911804,0,0,0,0,0
0,89,trunk,223.349632,223.353231,0.003599,645562368,-138,1,0,0
0,89,expert,223.410175,224.213511,0.803336,280887296,0,0,16,0
0,89,compute,223.353260,224.331068,0.977808,0,0,0,0,0
0,90,trunk,224.331069,224.334555,0.003486,645562368,-139,1,0,0
0,90,expert,224.384160,224.956386,0.572226,280887296,0,0,16,0
0,90,compute,224.334576,225.062195,0.727619,0,0,0,0,0
0,91,trunk,225.062197,225.065645,0.003447,431890432,-140,1,0,0
0,91,expert,225.098716,225.686876,0.588160,280887296,0,0,16,0
0,91,compute,225.065704,225.798239,0.732535,0,0,0,0,0
0,92,trunk,225.798241,225.801738,0.003497,431890432,-141,1,0,0
0,92,expert,225.823480,226.064083,0.240603,280887296,0,0,16,0
0,92,compute,225.801739,226.155439,0.353700,0,0,0,0,0
0,0,trunk,226.253651,226.253691,0.000040,0,-141,0,0,0
0,0,compute,226.253692,226.360680,0.106988,0,0,0,0,0
0,1,trunk,226.360682,226.364253,0.003572,0,-140,0,0,0
0,1,expert,226.417973,226.648885,0.230913,280887296,0,0,16,0
0,1,compute,226.364255,226.761318,0.397062,0,0,0,0,0
0,2,trunk,226.761319,226.764745,0.003426,0,-139,0,0,0
0,2,expert,226.802178,227.022348,0.220170,263331840,0,0,15,0
0,2,compute,226.764747,227.138220,0.373473,0,0,0,0,0
0,3,trunk,227.138222,227.141666,0.003444,0,-138,0,0,0
0,3,expert,227.163212,227.350063,0.186851,228220928,0,0,13,0
0,3,compute,227.141667,227.462480,0.320813,0,0,0,0,0
0,4,trunk,227.462482,227.466062,0.003580,0,-137,0,0,0
0,4,expert,227.505011,227.716656,0.211645,263331840,0,0,15,0
0,4,compute,227.466063,227.836062,0.369999,0,0,0,0,0
0,5,trunk,227.836064,227.839593,0.003529,0,-136,0,0,0
0,5,expert,227.890039,228.126309,0.236270,280887296,0,0,16,0
0,5,compute,227.839594,228.236037,0.396443,0,0,0,0,0
0,6,trunk,228.236039,228.239676,0.003637,0,-135,0,0,0
0,6,expert,228.279204,228.504138,0.224934,263331840,0,0,15,0
0,6,compute,228.239677,228.596179,0.356502,0,0,0,0,0
0,7,trunk,228.596181,228.599527,0.003346,0,-134,0,0,0
0,7,expert,228.620279,228.835915,0.215636,263331840,0,0,15,0
0,7,compute,228.599529,228.923947,0.324419,0,0,0,0,0
0,8,trunk,228.923949,228.927324,0.003375,0,-133,0,0,0
0,8,expert,228.967306,229.198288,0.230982,280887296,0,0,16,0
0,8,compute,228.927326,229.310252,0.382927,0,0,0,0,0
0,9,trunk,229.310254,229.313928,0.003674,0,-132,0,0,0
0,9,expert,229.353144,229.568518,0.215374,263331840,0,0,15,0
0,9,compute,229.313930,229.661898,0.347968,0,0,0,0,0
0,10,trunk,229.661899,229.665245,0.003346,0,-131,0,0,0
0,10,expert,229.704709,229.920643,0.215935,263331840,0,0,15,0
0,10,compute,229.665247,230.014463,0.349215,0,0,0,0,0
0,11,trunk,230.014464,230.018154,0.003690,0,-130,0,0,0
0,11,expert,230.038509,230.254688,0.216179,263331840,0,0,15,0
0,11,compute,230.018156,230.366165,0.348009,0,0,0,0,0
0,12,trunk,230.366167,230.369605,0.003438,0,-129,0,0,0
0,12,expert,230.431404,230.646574,0.215170,263331840,0,0,15,0
0,12,compute,230.369607,230.762206,0.392600,0,0,0,0,0
0,13,trunk,230.762208,230.765879,0.003672,0,-128,0,0,0
0,13,expert,230.805467,231.041702,0.236235,280887296,0,0,16,0
0,13,compute,230.765881,231.150176,0.384295,0,0,0,0,0
0,14,trunk,231.150178,231.153562,0.003383,0,-127,0,0,0
0,14,expert,231.200799,231.414317,0.213518,263331840,0,0,15,0
0,14,compute,231.153563,231.526200,0.372637,0,0,0,0,0
0,15,trunk,231.526202,231.529716,0.003514,0,-126,0,0,0
0,15,expert,231.550721,231.781231,0.230510,280887296,0,0,16,0
0,15,compute,231.529717,231.871699,0.341981,0,0,0,0,0
0,16,trunk,231.871700,231.875069,0.003369,0,-125,0,0,0
0,16,expert,231.913390,232.131001,0.217611,263331840,0,0,15,0
0,16,compute,231.875071,232.243989,0.368919,0,0,0,0,0
0,17,trunk,232.243991,232.247550,0.003559,0,-124,0,0,0
0,17,expert,232.284947,232.514448,0.229501,280887296,0,0,16,0
0,17,compute,232.247553,232.631008,0.383455,0,0,0,0,0
0,18,trunk,232.631009,232.634342,0.003333,0,-123,0,0,0
0,18,expert,232.673199,232.907722,0.234523,280887296,0,0,16,0
0,18,compute,232.634344,233.027090,0.392746,0,0,0,0,0
0,19,trunk,233.027092,233.030656,0.003564,0,-122,0,0,0
0,19,expert,233.051687,233.287113,0.235427,280887296,0,0,16,0
0,19,compute,233.030658,233.375697,0.345039,0,0,0,0,0
0,20,trunk,233.375698,233.379064,0.003366,0,-121,0,0,0
0,20,expert,233.421657,233.653088,0.231432,280887296,0,0,16,0
0,20,compute,233.379065,233.770195,0.391130,0,0,0,0,0
0,21,trunk,233.770197,233.773648,0.003451,0,-120,0,0,0
0,21,expert,233.828293,234.599015,0.770722,280887296,0,0,16,0
0,21,compute,233.773676,234.711065,0.937390,0,0,0,0,0
0,22,trunk,234.711067,234.714648,0.003580,645562368,-120,1,0,0
0,22,expert,234.769507,235.353291,0.583784,280887296,0,0,16,0
0,22,compute,234.714670,235.470193,0.755524,0,0,0,0,0
0,23,trunk,235.470195,235.473722,0.003527,431890432,-121,1,0,0
0,23,expert,235.505282,236.161517,0.656235,263331840,0,0,15,0
0,23,compute,235.473745,236.282212,0.808467,0,0,0,0,0
0,24,trunk,236.282214,236.285663,0.003450,645562368,-122,1,0,0
0,24,expert,236.338961,237.121599,0.782637,228220928,0,0,13,0
0,24,compute,236.285683,237.214025,0.928342,0,0,0,0,0
0,25,trunk,237.214027,237.217444,0.003416,645562368,-123,1,0,0
0,25,expert,237.271345,238.225934,0.954590,263331840,0,0,15,0
0,25,compute,237.217486,238.321300,1.103813,0,0,0,0,0
0,26,trunk,238.321301,238.324796,0.003494,645562368,-124,1,0,0
0,26,expert,238.372326,238.956569,0.584243,263331840,0,0,15,0
0,26,compute,238.324816,239.070163,0.745347,0,0,0,0,0
0,27,trunk,239.070165,239.073737,0.003572,431890432,-125,1,0,0
0,27,expert,239.105889,239.802581,0.696692,280887296,0,0,16,0
0,27,compute,239.073763,239.918165,0.844402,0,0,0,0,0
0,28,trunk,239.918167,239.921589,0.003421,645562368,-126,1,0,0
0,28,expert,240.008785,240.671861,0.663076,263331840,0,0,15,0
0,28,compute,239.921643,240.765135,0.843492,0,0,0,0,0
0,29,trunk,240.765137,240.768772,0.003635,645562368,-127,1,0,0
0,29,expert,240.821966,241.594700,0.772734,280887296,0,0,16,0
0,29,compute,240.768791,241.689577,0.920786,0,0,0,0,0
0,30,trunk,241.689579,241.693025,0.003446,645562368,-128,1,0,0
0,30,expert,241.741364,242.335570,0.594206,280887296,0,0,16,0
0,30,compute,241.693050,242.470215,0.777165,0,0,0,0,0
0,31,trunk,242.470217,242.473789,0.003572,431890432,-129,1,0,0
0,31,expert,242.510758,243.232307,0.721549,280887296,0,0,16,0
0,31,compute,242.473818,243.350254,0.876436,0,0,0,0,0
0,32,trunk,243.350276,243.353693,0.003417,645562368,-130,1,0,0
0,32,expert,243.408245,244.152195,0.743950,245776384,0,0,14,0
0,32,compute,243.353723,244.271073,0.917350,0,0,0,0,0
0,33,trunk,244.271075,244.274570,0.003495,645562368,-131,1,0,0
0,33,expert,244.328083,245.125323,0.797240,263331840,0,0,15,0
0,33,compute,244.274609,245.246282,0.971674,0,0,0,0,0
0,34,trunk,245.246284,245.249653,0.003369,645562368,-132,1,0,0
0,34,expert,245.298443,245.889932,0.591489,280887296,0,0,16,0
0,34,compute,245.249675,246.002166,0.752492,0,0,0,0,0
0,35,trunk,246.002168,246.005683,0.003515,431890432,-133,1,0,0
0,35,expert,246.044446,246.833278,0.788832,280887296,0,0,16,0
0,35,compute,246.005705,246.938189,0.932483,0,0,0,0,0
0,36,trunk,246.938190,246.941354,0.003164,645562368,-134,1,0,0
0,36,expert,246.994953,247.745648,0.750695,245776384,0,0,14,0
0,36,compute,246.941374,247.859028,0.917654,0,0,0,0,0
0,37,trunk,247.859030,247.862676,0.003646,645562368,-135,1,0,0
0,37,expert,247.916531,248.686642,0.770111,280887296,0,0,16,0
0,37,compute,247.862706,248.781509,0.918804,0,0,0,0,0
0,38,trunk,248.781511,248.784931,0.003420,645562368,-136,1,0,0
0,38,expert,248.833517,249.400539,0.567023,280887296,0,0,16,0
0,38,compute,248.784951,249.491597,0.706646,0,0,0,0,0
0,39,trunk,249.491599,249.495086,0.003487,431890432,-137,1,0,0
0,39,expert,249.526531,250.303614,0.777083,280887296,0,0,16,0
0,39,compute,249.495106,250.418206,0.923099,0,0,0,0,0
0,40,trunk,250.418207,250.421626,0.003419,645562368,-138,1,0,0
0,40,expert,250.474920,251.264140,0.789220,280887296,0,0,16,0
0,40,compute,250.421648,251.359269,0.937622,0,0,0,0,0
0,41,trunk,251.359271,251.362703,0.003432,645562368,-139,1,0,0
0,41,expert,251.412345,252.169877,0.757532,280887296,0,0,16,0
0,41,compute,251.362725,252.284035,0.921310,0,0,0,0,0
0,42,trunk,252.284037,252.287464,0.003427,645562368,-140,1,0,0
0,42,expert,252.335532,252.928091,0.592559,280887296,0,0,16,0
0,42,compute,252.287487,253.029515,0.742029,0,0,0,0,0
0,43,trunk,253.029517,253.033047,0.003530,431890432,-141,1,0,0
0,43,expert,253.065648,253.880460,0.814812,280887296,0,0,16,0
0,43,compute,253.033073,253.994234,0.961160,0,0,0,0,0
0,44,trunk,253.994236,253.998108,0.003872,645562368,-142,1,0,0
0,44,expert,254.054635,254.836461,0.781827,280887296,0,0,16,0
0,44,compute,253.998138,254.928881,0.930743,0,0,0,0,0
0,45,trunk,254.928883,254.932418,0.003535,645562368,-143,1,0,0
0,45,expert,254.981011,255.759675,0.778664,280887296,0,0,16,0
0,45,compute,254.932442,255.863200,0.930758,0,0,0,0,0
0,46,trunk,255.863201,255.866757,0.003556,645562368,-144,1,0,0
0,46,expert,255.916083,256.498290,0.582207,263331840,0,0,15,0
0,46,compute,255.866783,256.615027,0.748245,0,0,0,0,0
0,47,trunk,256.615029,256.618586,0.003557,431890432,-145,1,0,0
0,47,expert,256.660185,257.395018,0.734832,263331840,0,0,15,0
0,47,compute,256.618609,257.518204,0.899595,0,0,0,0,0
0,48,trunk,257.518206,257.521622,0.003416,645562368,-146,1,0,0
0,48,expert,257.573962,258.307612,0.733650,263331840,0,0,15,0
0,48,compute,257.521643,258.397746,0.876103,0,0,0,0,0
0,49,trunk,258.397748,258.401315,0.003567,645562368,-147,1,0,0
0,49,expert,258.454887,259.236557,0.781670,263331840,0,0,15,0
0,49,compute,258.401335,259.329078,0.927743,0,0,0,0,0
0,50,trunk,259.329080,259.332500,0.003419,645562368,-148,1,0,0
0,50,expert,259.378024,259.967115,0.589091,280887296,0,0,16,0
0,50,compute,259.332538,260.082158,0.749620,0,0,0,0,0
0,51,trunk,260.082160,260.085497,0.003336,431890432,-149,1,0,0
0,51,expert,260.121062,260.877175,0.756113,280887296,0,0,16,0
0,51,compute,260.085517,260.990182,0.904664,0,0,0,0,0
0,52,trunk,260.990184,260.993544,0.003361,645562368,-150,1,0,0
0,52,expert,261.048277,261.790907,0.742630,280887296,0,0,16,0
0,52,compute,260.993566,261.907044,0.913477,0,0,0,0,0
0,53,trunk,261.907045,261.910586,0.003541,645562368,-151,1,0,0
0,53,expert,261.959553,262.720278,0.760725,263331840,0,0,15,0
0,53,compute,261.910614,262.809354,0.898741,0,0,0,0,0
0,54,trunk,262.809356,262.812759,0.003403,645562368,-152,1,0,0
0,54,expert,262.861191,263.437389,0.576199,280887296,0,0,16,0
0,54,compute,262.812792,263.554250,0.741458,0,0,0,0,0
0,55,trunk,263.554252,263.557743,0.003491,431890432,-153,1,0,0
0,55,expert,263.594179,264.353382,0.759203,280887296,0,0,16,0
0,55,compute,263.557764,264.466202,0.908439,0,0,0,0,0
0,56,trunk,264.466204,264.469979,0.003775,645562368,-154,1,0,0
0,56,expert,264.529886,265.279978,0.750091,280887296,0,0,16,0
0,56,compute,264.475676,265.400037,0.924361,0,0,0,0,0
0,57,trunk,265.400039,265.403403,0.003364,645562368,-155,1,0,0
0,57,expert,265.449342,266.237033,0.787690,280887296,0,0,16,0
0,57,compute,265.408028,266.355020,0.946993,0,0,0,0,0
0,58,trunk,266.355022,266.358571,0.003548,645562368,-156,1,0,0
0,58,expert,266.407709,266.977184,0.569476,280887296,0,0,16,0
0,58,compute,266.358601,267.095164,0.736562,0,0,0,0,0
0,59,trunk,267.095165,267.098634,0.003468,431890432,-157,1,0,0
0,59,expert,267.134357,267.918410,0.784053,280887296,0,0,16,0
0,59,compute,267.098653,268.039019,0.940366,0,0,0,0,0
0,60,trunk,268.039021,268.042404,0.003383,645562368,-158,1,0,0
0,60,expert,268.095186,268.873258,0.778072,280887296,0,0,16,0
0,60,compute,268.042424,268.986190,0.943766,0,0,0,0,0
0,61,trunk,268.986191,268.989761,0.003569,645562368,-159,1,0,0
0,61,expert,269.041259,269.791331,0.750072,280887296,0,0,16,0
0,61,compute,268.989802,269.898162,0.908360,0,0,0,0,0
0,62,trunk,269.898163,269.901885,0.003721,645562368,-160,1,0,0
0,62,expert,269.950763,270.517355,0.566591,280887296,0,0,16,0
0,62,compute,269.901907,270.614593,0.712686,0,0,0,0,0
0,63,trunk,270.614595,270.618233,0.003638,431890432,-161,1,0,0
0,63,expert,270.657253,271.436492,0.779239,280887296,0,0,16,0
0,63,compute,270.618253,271.555688,0.937435,0,0,0,0,0
0,64,trunk,271.555690,271.559085,0.003395,645562368,-162,1,0,0
0,64,expert,271.614436,272.387611,0.773175,280887296,0,0,16,0
0,64,compute,271.559127,272.485776,0.926650,0,0,0,0,0
0,65,trunk,272.485778,272.489406,0.003628,645562368,-163,1,0,0
0,65,expert,272.544496,273.313715,0.769219,280887296,0,0,16,0
0,65,compute,272.489429,273.434197,0.944767,0,0,0,0,0
0,66,trunk,273.434199,273.437579,0.003380,645562368,-164,1,0,0
0,66,expert,273.486740,274.072771,0.586031,280887296,0,0,16,0
0,66,compute,273.437600,274.186283,0.748683,0,0,0,0,0
0,67,trunk,274.186285,274.189812,0.003526,431890432,-165,1,0,0
0,67,expert,274.226227,275.013221,0.786994,280887296,0,0,16,0
0,67,compute,274.189834,275.126158,0.936325,0,0,0,0,0
0,68,trunk,275.126160,275.129776,0.003616,645562368,-166,1,0,0
0,68,expert,275.186179,275.891132,0.704953,280887296,0,0,16,0
0,68,compute,275.129798,275.987437,0.857639,0,0,0,0,0
0,69,trunk,275.987439,275.990885,0.003446,645562368,-167,1,0,0
0,69,expert,276.044851,276.824701,0.779849,280887296,0,0,16,0
0,69,compute,275.990907,276.938201,0.947295,0,0,0,0,0
0,70,trunk,276.938203,276.941654,0.003450,645562368,-168,1,0,0
0,70,expert,276.991957,277.559815,0.567858,280887296,0,0,16,0
0,70,compute,276.941674,277.675447,0.733773,0,0,0,0,0
0,71,trunk,277.675449,277.679073,0.003624,431890432,-169,1,0,0
0,71,expert,277.714724,278.533819,0.819094,280887296,0,0,16,0
0,71,compute,277.679110,278.650244,0.971134,0,0,0,0,0
0,72,trunk,278.650246,278.653674,0.003428,645562368,-170,1,0,0
0,72,expert,278.711586,279.495239,0.783654,280887296,0,0,16,0
0,72,compute,278.653695,279.614256,0.960561,0,0,0,0,0
0,73,trunk,279.614258,279.617737,0.003479,645562368,-171,1,0,0
0,73,expert,279.671510,280.420106,0.748595,280887296,0,0,16,0
0,73,compute,279.617759,280.512829,0.895070,0,0,0,0,0
0,74,trunk,280.512831,280.516423,0.003592,645562368,-172,1,0,0
0,74,expert,280.563305,281.150301,0.586997,280887296,0,0,16,0
0,74,compute,280.516444,281.246895,0.730451,0,0,0,0,0
0,75,trunk,281.246897,281.250399,0.003503,431890432,-173,1,0,0
0,75,expert,281.287761,282.074701,0.786941,280887296,0,0,16,0
0,75,compute,281.250424,282.163414,0.912990,0,0,0,0,0
0,76,trunk,282.163417,282.166837,0.003420,645562368,-174,1,0,0
0,76,expert,282.215832,282.957944,0.742112,280887296,0,0,16,0
0,76,compute,282.166859,283.074208,0.907349,0,0,0,0,0
0,77,trunk,283.074210,283.077739,0.003529,645562368,-175,1,0,0
0,77,expert,283.132478,283.878241,0.745763,280887296,0,0,16,0
0,77,compute,283.077759,283.975394,0.897634,0,0,0,0,0
0,78,trunk,283.975395,283.978808,0.003413,645562368,-176,1,0,0
0,78,expert,284.030687,284.617019,0.586332,280887296,0,0,16,0
0,78,compute,283.978837,284.730226,0.751390,0,0,0,0,0
0,79,trunk,284.730228,284.733796,0.003568,431890432,-177,1,0,0
0,79,expert,284.763659,285.546478,0.782820,280887296,0,0,16,0
0,79,compute,284.733818,285.643629,0.909811,0,0,0,0,0
0,80,trunk,285.643631,285.647071,0.003440,645562368,-178,1,0,0
0,80,expert,285.701031,286.456930,0.755899,280887296,0,0,16,0
0,80,compute,285.647094,286.551460,0.904367,0,0,0,0,0
0,81,trunk,286.551462,286.555026,0.003564,645562368,-179,1,0,0
0,81,expert,286.609734,287.375466,0.765731,263331840,0,0,15,0
0,81,compute,286.555047,287.483000,0.927953,0,0,0,0,0
0,82,trunk,287.483001,287.486386,0.003385,645562368,-180,1,0,0
0,82,expert,287.540309,288.118454,0.578146,280887296,0,0,16,0
0,82,compute,287.486415,288.234212,0.747797,0,0,0,0,0
0,83,trunk,288.234214,288.237914,0.003700,431890432,-181,1,0,0
0,83,expert,288.274666,289.029362,0.754696,228220928,0,0,13,0
0,83,compute,288.237946,289.142192,0.904247,0,0,0,0,0
0,84,trunk,289.142195,289.145753,0.003558,645562368,-182,1,0,0
0,84,expert,289.204468,289.925927,0.721459,228220928,0,0,13,0
0,84,compute,289.145780,290.046243,0.900463,0,0,0,0,0
0,85,trunk,290.046246,290.049705,0.003459,645562368,-183,1,0,0
0,85,expert,290.109397,290.842360,0.732963,245776384,0,0,14,0
0,85,compute,290.049735,290.937335,0.887600,0,0,0,0,0
0,86,trunk,290.937337,290.940791,0.003455,645562368,-184,1,0,0
0,86,expert,290.991351,291.551189,0.559839,280887296,0,0,16,0
0,86,compute,290.940811,291.672041,0.731230,0,0,0,0,0
0,87,trunk,291.672044,291.675629,0.003585,431890432,-185,1,0,0
0,87,expert,291.709795,292.403559,0.693764,228220928,0,0,13,0
0,87,compute,291.675651,292.519075,0.843424,0,0,0,0,0
0,88,trunk,292.519077,292.522551,0.003474,645562368,-186,1,0,0
0,88,expert,292.577530,293.327400,0.749870,263331840,0,0,15,0
0,88,compute,292.522573,293.442176,0.919602,0,0,0,0,0
0,89,trunk,293.442178,293.445613,0.003436,645562368,-187,1,0,0
0,89,expert,293.502124,294.252719,0.750595,228220928,0,0,13,0
0,89,compute,293.445635,294.370190,0.924556,0,0,0,0,0
0,90,trunk,294.370192,294.373617,0.003425,645562368,-188,1,0,0
0,90,expert,294.426559,294.925421,0.498862,210665472,0,0,12,0
0,90,compute,294.373639,295.020808,0.647169,0,0,0,0,0
0,91,trunk,295.020810,295.024365,0.003555,431890432,-189,1,0,0
0,91,expert,295.055654,295.588187,0.532533,228220928,0,0,13,0
0,91,compute,295.024383,295.722218,0.697835,0,0,0,0,0
0,92,trunk,295.722220,295.725179,0.002959,431890432,-190,1,0,0
0,92,expert,295.755574,295.940137,0.184563,228220928,0,0,13,0
0,92,compute,295.725181,296.053709,0.328528,0,0,0,0,0
0,0,trunk,296.154436,296.154474,0.000038,0,-190,0,0,0
0,0,compute,296.154475,296.256660,0.102185,0,0,0,0,0
0,1,trunk,296.256662,296.260317,0.003655,0,-189,0,0,0
0,1,expert,296.301138,296.508584,0.207446,263331840,0,0,15,0
0,1,compute,296.260318,296.596488,0.336170,0,0,0,0,0
0,2,trunk,296.596489,296.599822,0.003333,0,-188,0,0,0
0,2,expert,296.638051,296.835542,0.197491,245776384,0,0,14,0
0,2,compute,296.599824,296.950315,0.350491,0,0,0,0,0
0,3,trunk,296.950317,296.953914,0.003597,0,-187,0,0,0
0,3,expert,296.984202,297.162065,0.177863,210665472,0,0,12,0
0,3,compute,296.953916,297.274436,0.320520,0,0,0,0,0
0,4,trunk,297.274438,297.278209,0.003771,0,-186,0,0,0
0,4,expert,297.317746,297.503465,0.185719,228220928,0,0,13,0
0,4,compute,297.278210,297.635045,0.356834,0,0,0,0,0
0,5,trunk,297.635047,297.638341,0.003294,0,-185,0,0,0
0,5,expert,297.686377,297.909079,0.222702,263331840,0,0,15,0
0,5,compute,297.638343,298.022172,0.383829,0,0,0,0,0
0,6,trunk,298.022174,298.025760,0.003585,0,-184,0,0,0
0,6,expert,298.064367,298.295402,0.231035,280887296,0,0,16,0
0,6,compute,298.025761,298.418201,0.392440,0,0,0,0,0
0,7,trunk,298.418203,298.421588,0.003385,0,-183,0,0,0
0,7,expert,298.442532,298.661488,0.218957,263331840,0,0,15,0
0,7,compute,298.421590,298.751482,0.329892,0,0,0,0,0
0,8,trunk,298.751483,298.754922,0.003439,0,-182,0,0,0
0,8,expert,298.793769,299.022153,0.228384,280887296,0,0,16,0
0,8,compute,298.754924,299.127093,0.372169,0,0,0,0,0
0,9,trunk,299.127094,299.130508,0.003413,0,-181,0,0,0
0,9,expert,299.169008,299.339679,0.170671,210665472,0,0,12,0
0,9,compute,299.130510,299.432880,0.302371,0,0,0,0,0
0,10,trunk,299.432882,299.436255,0.003373,0,-180,0,0,0
0,10,expert,299.474160,299.621071,0.146910,175554560,0,0,10,0
0,10,compute,299.436257,299.734344,0.298088,0,0,0,0,0
0,11,trunk,299.734346,299.737897,0.003551,0,-179,0,0,0
0,11,expert,299.758700,299.944935,0.186235,228220928,0,0,13,0
0,11,compute,299.737898,300.054179,0.316281,0,0,0,0,0
0,12,trunk,300.054181,300.057609,0.003428,0,-178,0,0,0
0,12,expert,300.096536,300.301519,0.204983,245776384,0,0,14,0
0,12,compute,300.057635,300.414194,0.356559,0,0,0,0,0
0,13,trunk,300.414196,300.417799,0.003603,0,-177,0,0,0
0,13,expert,300.456303,300.649709,0.193406,228220928,0,0,13,0
0,13,compute,300.417800,300.762206,0.344406,0,0,0,0,0
0,14,trunk,300.762208,300.765703,0.003495,0,-176,0,0,0
0,14,expert,300.805274,300.987075,0.181801,228220928,0,0,13,0
0,14,compute,300.765705,301.098207,0.332503,0,0,0,0,0
0,15,trunk,301.098209,301.101657,0.003449,0,-175,0,0,0
0,15,expert,301.124690,301.321762,0.197072,245776384,0,0,14,0
0,15,compute,301.101659,301.438719,0.337060,0,0,0,0,0
0,16,trunk,301.438721,301.442035,0.003313,0,-174,0,0,0
0,16,expert,301.480102,301.647482,0.167380,210665472,0,0,12,0
0,16,compute,301.442037,301.758307,0.316270,0,0,0,0,0
0,17,trunk,301.758309,301.762007,0.003699,0,-173,0,0,0
0,17,expert,301.811263,302.013804,0.202541,245776384,0,0,14,0
0,17,compute,301.762009,302.126809,0.364800,0,0,0,0,0
0,18,trunk,302.126811,302.130301,0.003490,0,-172,0,0,0
0,18,expert,302.171573,302.359986,0.188413,228220928,0,0,13,0
0,18,compute,302.130302,302.453775,0.323472,0,0,0,0,0
0,19,trunk,302.453776,302.457230,0.003453,0,-171,0,0,0
0,19,expert,302.478755,302.665496,0.186741,228220928,0,0,13,0
0,19,compute,302.457232,302.756217,0.298985,0,0,0,0,0
0,20,trunk,302.756219,302.759619,0.003400,0,-170,0,0,0
0,20,expert,302.799642,302.968869,0.169227,210665472,0,0,12,0
0,20,compute,302.759621,303.065760,0.306139,0,0,0,0,0
0,21,trunk,303.065762,303.069409,0.003648,0,-169,0,0,0
0,21,expert,303.118815,303.881083,0.762269,263331840,0,0,15,0
0,21,compute,303.069430,303.994211,0.924781,0,0,0,0,0
0,22,trunk,303.994213,303.997676,0.003463,645562368,-169,1,0,0
0,22,expert,304.052973,304.617725,0.564751,263331840,0,0,15,0
0,22,compute,303.997699,304.734218,0.736519,0,0,0,0,0
0,23,trunk,304.734220,304.737702,0.003482,431890432,-170,1,0,0
0,23,expert,304.771631,305.438836,0.667206,210665472,0,0,12,0
0,23,compute,304.737742,305.531236,0.793494,0,0,0,0,0
0,24,trunk,305.531238,305.534642,0.003404,645562368,-171,1,0,0
0,24,expert,305.588426,306.379922,0.791496,228220928,0,0,13,0
0,24,compute,305.534671,306.470183,0.935511,0,0,0,0,0
0,25,trunk,306.470184,306.473795,0.003611,645562368,-172,1,0,0
0,25,expert,306.529155,307.475644,0.946489,280887296,0,0,16,0
0,25,compute,306.473834,307.586998,1.113164,0,0,0,0,0
0,26,trunk,307.587000,307.590616,0.003615,645562368,-173,1,0,0
0,26,expert,307.641284,308.200189,0.558905,245776384,0,0,14,0
0,26,compute,307.590639,308.288702,0.698063,0,0,0,0,0
0,27,trunk,308.288704,308.292144,0.003440,431890432,-174,1,0,0
0,27,expert,308.323636,308.816703,0.493066,280887296,0,0,16,0
0,27,compute,308.292181,308.932037,0.639856,0,0,0,0,0
0,28,trunk,308.932038,309.058350,0.126311,645562368,-175,1,0,0
0,28,expert,309.153560,309.804379,0.650818,263331840,0,0,15,0
0,28,compute,309.058405,309.897892,0.839488,0,0,0,0,0
0,29,trunk,309.897895,309.901346,0.003451,645562368,-176,1,0,0
0,29,expert,309.955690,310.552472,0.596781,245776384,0,0,14,0
0,29,compute,309.901374,310.645809,0.744435,0,0,0,0,0
0,30,trunk,310.645811,310.708301,0.062490,645562368,-177,1,0,0
0,30,expert,310.758913,311.342570,0.583656,263331840,0,0,15,0
0,30,compute,310.708345,311.434483,0.726138,0,0,0,0,0
0,31,trunk,311.434485,311.438108,0.003623,431890432,-178,1,0,0
0,31,expert,311.471696,312.244678,0.772983,263331840,0,0,15,0
0,31,compute,311.438130,312.363020,0.924889,0,0,0,0,0
0,32,trunk,312.363022,312.366572,0.003550,645562368,-179,1,0,0
0,32,expert,312.423084,313.136868,0.713784,210665472,0,0,12,0
0,32,compute,312.366595,313.256039,0.889444,0,0,0,0,0
0,33,trunk,313.256041,313.259401,0.003360,645562368,-180,1,0,0
0,33,expert,313.320053,314.078474,0.758421,228220928,0,0,13,0
0,33,compute,313.259422,314.216039,0.956616,0,0,0,0,0
0,34,trunk,314.216040,314.219418,0.003378,645562368,-181,1,0,0
0,34,expert,314.270053,314.844551,0.574498,263331840,0,0,15,0
0,34,compute,314.219442,314.962197,0.742755,0,0,0,0,0
0,35,trunk,314.962199,314.965678,0.003478,431890432,-182,1,0,0
0,35,expert,314.998466,315.764156,0.765689,245776384,0,0,14,0
0,35,compute,314.965699,315.878194,0.912494,0,0,0,0,0
0,36,trunk,315.878196,315.881683,0.003487,645562368,-183,1,0,0
0,36,expert,315.935100,316.646558,0.711458,245776384,0,0,14,0
0,36,compute,315.881705,316.742253,0.860548,0,0,0,0,0
0,37,trunk,316.742255,316.745701,0.003446,645562368,-184,1,0,0
0,37,expert,316.795414,317.553866,0.758452,263331840,0,0,15,0
0,37,compute,316.745721,317.648995,0.903274,0,0,0,0,0
0,38,trunk,317.648997,317.652486,0.003490,645562368,-185,1,0,0
0,38,expert,317.702862,318.193671,0.490809,245776384,0,0,14,0
0,38,compute,317.652505,318.326205,0.673700,0,0,0,0,0
0,39,trunk,318.326207,318.329188,0.002981,431890432,-186,1,0,0
0,39,expert,318.381412,318.817657,0.436245,245776384,0,0,14,0
0,39,compute,318.329208,318.934311,0.605103,0,0,0,0,0
0,40,trunk,318.934313,319.117244,0.182930,645562368,-187,1,0,0
0,40,expert,319.179458,319.928970,0.749512,263331840,0,0,15,0
0,40,compute,319.117300,320.042210,0.924910,0,0,0,0,0
0,41,trunk,320.042212,320.045778,0.003566,645562368,-188,1,0,0
0,41,expert,320.097962,320.827645,0.729683,245776384,0,0,14,0
0,41,compute,320.045800,320.921051,0.875251,0,0,0,0,0
0,42,trunk,320.921053,320.924507,0.003454,645562368,-189,1,0,0
0,42,expert,320.972189,321.537437,0.565248,245776384,0,0,14,0
0,42,compute,320.924525,321.639645,0.715120,0,0,0,0,0
0,43,trunk,321.639647,321.643418,0.003771,431890432,-190,1,0,0
0,43,expert,321.677423,322.487583,0.810160,280887296,0,0,16,0
0,43,compute,321.643440,322.606175,0.962734,0,0,0,0,0
0,44,trunk,322.606176,322.609669,0.003493,645562368,-191,1,0,0
0,44,expert,322.661319,323.445139,0.783819,280887296,0,0,16,0
0,44,compute,322.609698,323.539483,0.929785,0,0,0,0,0
0,45,trunk,323.539484,323.542888,0.003403,645562368,-192,1,0,0
0,45,expert,323.596304,324.360198,0.763894,263331840,0,0,15,0
0,45,compute,323.542935,324.455116,0.912181,0,0,0,0,0
0,46,trunk,324.455118,324.458612,0.003494,645562368,-193,1,0,0
0,46,expert,324.506762,325.069200,0.562438,245776384,0,0,14,0
0,46,compute,324.458633,325.190216,0.731583,0,0,0,0,0
0,47,trunk,325.190218,325.193838,0.003620,431890432,-194,1,0,0
0,47,expert,325.237992,325.930603,0.692611,245776384,0,0,14,0
0,47,compute,325.193879,326.052237,0.858358,0,0,0,0,0
0,48,trunk,326.052239,326.055754,0.003516,645562368,-195,1,0,0
0,48,expert,326.116806,326.860052,0.743245,263331840,0,0,15,0
0,48,compute,326.055785,326.986237,0.930452,0,0,0,0,0
0,49,trunk,326.986239,326.989853,0.003614,645562368,-196,1,0,0
0,49,expert,327.047141,327.816466,0.769324,263331840,0,0,15,0
0,49,compute,326.989874,327.920970,0.931096,0,0,0,0,0
0,50,trunk,327.920972,327.924369,0.003397,645562368,-197,1,0,0
0,50,expert,327.977081,328.551742,0.574662,263331840,0,0,15,0
0,50,compute,327.924388,328.658339,0.733951,0,0,0,0,0
0,51,trunk,328.658341,328.661927,0.003586,431890432,-198,1,0,0
0,51,expert,328.737518,329.266621,0.529103,245776384,0,0,14,0
0,51,compute,328.661951,329.378197,0.716246,0,0,0,0,0
0,52,trunk,329.378199,329.440703,0.062504,645562368,-199,1,0,0
0,52,expert,329.483902,329.940819,0.456916,228220928,0,0,13,0
0,52,compute,329.440747,330.054202,0.613455,0,0,0,0,0
0,53,trunk,330.054204,330.204308,0.150104,645562368,-200,1,0,0
0,53,expert,330.264884,330.999772,0.734888,245776384,0,0,14,0
0,53,compute,330.204350,331.118253,0.913903,0,0,0,0,0
0,54,trunk,331.118255,331.121644,0.003389,645562368,-201,1,0,0
0,54,expert,331.170184,331.727548,0.557364,263331840,0,0,15,0
0,54,compute,331.121697,331.862198,0.740501,0,0,0,0,0
0,55,trunk,331.862200,331.865731,0.003531,431890432,-202,1,0,0
0,55,expert,331.898159,332.623134,0.724975,228220928,0,0,13,0
0,55,compute,331.865755,332.734206,0.868451,0,0,0,0,0
0,56,trunk,332.734207,332.737715,0.003508,645562368,-203,1,0,0
0,56,expert,332.792258,333.543020,0.750762,263331840,0,0,15,0
0,56,compute,332.737736,333.654628,0.916892,0,0,0,0,0
0,57,trunk,333.654629,333.658392,0.003763,645562368,-204,1,0,0
0,57,expert,333.711079,334.489098,0.778019,280887296,0,0,16,0
0,57,compute,333.658429,334.594184,0.935755,0,0,0,0,0
0,58,trunk,334.594186,334.597807,0.003621,645562368,-205,1,0,0
0,58,expert,334.646734,335.190025,0.543291,228220928,0,0,13,0
0,58,compute,334.597831,335.318168,0.720337,0,0,0,0,0
0,59,trunk,335.318170,335.321459,0.003289,431890432,-206,1,0,0
0,59,expert,335.358071,336.102974,0.744903,228220928,0,0,13,0
0,59,compute,335.321487,336.199457,0.877970,0,0,0,0,0
0,60,trunk,336.199459,336.202877,0.003418,645562368,-207,1,0,0
0,60,expert,336.251961,337.029569,0.777608,263331840,0,0,15,0
0,60,compute,336.202899,337.146277,0.943379,0,0,0,0,0
0,61,trunk,337.146280,337.149817,0.003537,645562368,-208,1,0,0
0,61,expert,337.206534,337.947781,0.741247,263331840,0,0,15,0
0,61,compute,337.149889,338.050570,0.900682,0,0,0,0,0
0,62,trunk,338.050572,338.054279,0.003707,645562368,-209,1,0,0
0,62,expert,338.101977,338.611545,0.509568,210665472,0,0,12,0
0,62,compute,338.054301,338.722225,0.667924,0,0,0,0,0
0,63,trunk,338.722226,338.725648,0.003422,431890432,-210,1,0,0
0,63,expert,338.759697,339.487112,0.727415,228220928,0,0,13,0
0,63,compute,338.725688,339.606201,0.880513,0,0,0,0,0
0,64,trunk,339.606202,339.609647,0.003445,645562368,-211,1,0,0
0,64,expert,339.659789,340.400343,0.740554,245776384,0,0,14,0
0,64,compute,339.609669,340.530504,0.920835,0,0,0,0,0
0,65,trunk,340.530506,340.534225,0.003719,645562368,-212,1,0,0
0,65,expert,340.587226,341.285339,0.698112,210665472,0,0,12,0
0,65,compute,340.534254,341.402179,0.867925,0,0,0,0,0
0,66,trunk,341.402181,341.405657,0.003476,645562368,-213,1,0,0
0,66,expert,341.450474,342.007164,0.556690,245776384,0,0,14,0
0,66,compute,341.405681,342.122257,0.716576,0,0,0,0,0
0,67,trunk,342.122259,342.125877,0.003618,431890432,-214,1,0,0
0,67,expert,342.162388,342.901774,0.739386,245776384,0,0,14,0
0,67,compute,342.125901,343.018194,0.892293,0,0,0,0,0
0,68,trunk,343.018196,343.021745,0.003549,645562368,-215,1,0,0
0,68,expert,343.073288,343.779872,0.706583,228220928,0,0,13,0
0,68,compute,343.021773,343.868933,0.847161,0,0,0,0,0
0,69,trunk,343.868935,343.872322,0.003386,645562368,-216,1,0,0
0,69,expert,343.926167,344.618176,0.692009,228220928,0,0,13,0
0,69,compute,343.872341,344.730567,0.858226,0,0,0,0,0
0,70,trunk,344.730569,344.734330,0.003761,645562368,-217,1,0,0
0,70,expert,344.789118,345.295333,0.506215,210665472,0,0,12,0
0,70,compute,344.734354,345.402156,0.667802,0,0,0,0,0
0,71,trunk,345.402159,345.405547,0.003388,431890432,-218,1,0,0
0,71,expert,345.454570,346.230139,0.775570,245776384,0,0,14,0
0,71,compute,345.405568,346.346288,0.940720,0,0,0,0,0
0,72,trunk,346.346290,346.349804,0.003514,645562368,-219,1,0,0
0,72,expert,346.405990,347.165733,0.759743,263331840,0,0,15,0
0,72,compute,346.349826,347.282353,0.932527,0,0,0,0,0
0,73,trunk,347.282355,347.285939,0.003585,645562368,-220,1,0,0
0,73,expert,347.341063,357.556099,10.215036,280887296,0,0,16,0
0,73,compute,347.285983,357.669217,10.383234,0,0,0,0,0
0,74,trunk,357.669219,357.672767,0.003548,645562368,-221,1,0,0
0,74,expert,357.717524,359.959858,2.242334,280887296,0,0,16,0
0,74,compute,357.672787,360.066157,2.393371,0,0,0,0,0
0,75,trunk,360.066159,360.069566,0.003406,431890432,-222,1,0,0
0,75,expert,360.101833,360.882634,0.780801,280887296,0,0,16,0
0,75,compute,360.069590,360.980212,0.910622,0,0,0,0,0
0,76,trunk,360.980214,360.983752,0.003538,645562368,-223,1,0,0
0,76,expert,361.034633,361.774939,0.740306,280887296,0,0,16,0
0,76,compute,360.983779,361.890223,0.906444,0,0,0,0,0
0,77,trunk,361.890224,361.893783,0.003559,645562368,-224,1,0,0
0,77,expert,361.942978,362.664780,0.721803,228220928,0,0,13,0
0,77,compute,361.893813,362.755347,0.861535,0,0,0,0,0
0,78,trunk,362.755349,362.758825,0.003476,645562368,-225,1,0,0
0,78,expert,362.810119,363.366718,0.556598,245776384,0,0,14,0
0,78,compute,362.758847,363.473507,0.714660,0,0,0,0,0
0,79,trunk,363.473509,363.477064,0.003556,431890432,-226,1,0,0
0,79,expert,363.510070,364.246358,0.736289,245776384,0,0,14,0
0,79,compute,363.477084,364.362292,0.885208,0,0,0,0,0
0,80,trunk,364.362294,364.365709,0.003416,645562368,-227,1,0,0
0,80,expert,364.416855,365.166448,0.749592,280887296,0,0,16,0
0,80,compute,364.365738,365.286275,0.920538,0,0,0,0,0
0,81,trunk,365.286277,365.289892,0.003615,645562368,-228,1,0,0
0,81,expert,365.340640,366.086637,0.745997,245776384,0,0,14,0
0,81,compute,365.289915,366.198317,0.908402,0,0,0,0,0
0,82,trunk,366.198319,366.201852,0.003533,645562368,-229,1,0,0
0,82,expert,366.252632,378.747342,12.494710,263331840,0,0,15,0
0,82,compute,366.201875,378.863004,12.661130,0,0,0,0,0
0,83,trunk,378.863006,378.866198,0.003192,431890432,-230,1,0,0
0,83,expert,378.899647,379.651539,0.751892,228220928,0,0,13,0
0,83,compute,378.866219,379.763039,0.896820,0,0,0,0,0
0,84,trunk,379.763041,379.766452,0.003411,645562368,-231,1,0,0
0,84,expert,379.817750,380.687693,0.869943,175554560,0,0,10,0
0,84,compute,379.766477,380.802239,1.035763,0,0,0,0,0
0,85,trunk,380.802241,380.805647,0.003405,645562368,-232,1,0,0
0,85,expert,380.856374,381.595040,0.738666,228220928,0,0,13,0
0,85,compute,380.805668,381.691741,0.886073,0,0,0,0,0
0,86,trunk,381.691743,381.695510,0.003767,645562368,-233,1,0,0
0,86,expert,381.749376,382.278411,0.529035,245776384,0,0,14,0
0,86,compute,381.695532,382.376248,0.680716,0,0,0,0,0
0,87,trunk,382.376250,382.379658,0.003409,431890432,-234,1,0,0
0,87,expert,382.420967,383.138556,0.717589,228220928,0,0,13,0
0,87,compute,382.379683,383.246163,0.866480,0,0,0,0,0
0,88,trunk,383.246165,383.249669,0.003504,645562368,-235,1,0,0
0,88,expert,383.351161,384.012945,0.661784,210665472,0,0,12,0
0,88,compute,383.249693,384.139383,0.889689,0,0,0,0,0
0,89,trunk,384.139385,384.142828,0.003443,645562368,-236,1,0,0
0,89,expert,384.190170,384.985949,0.795779,245776384,0,0,14,0
0,89,compute,384.142867,385.102225,0.959357,0,0,0,0,0
0,90,trunk,385.102226,385.105731,0.003505,645562368,-237,1,0,0
0,90,expert,385.153847,385.697657,0.543810,228220928,0,0,13,0
0,90,compute,385.105755,385.812041,0.706286,0,0,0,0,0
0,91,trunk,385.812043,385.815570,0.003528,431890432,-238,1,0,0
0,91,expert,385.883093,386.347001,0.463907,210665472,0,0,12,0
0,91,compute,385.815593,386.454160,0.638567,0,0,0,0,0
0,92,trunk,386.454162,386.457702,0.003540,431890432,-239,1,0,0
0,92,expert,386.484101,386.672023,0.187921,228220928,0,0,13,0
0,92,compute,386.457704,386.791608,0.333905,0,0,0,0,0
0,0,trunk,386.907051,386.907089,0.000037,0,-239,0,0,0
0,0,compute,386.907090,387.084488,0.177399,0,0,0,0,0
0,1,trunk,387.084490,387.088450,0.003960,0,-238,0,0,0
0,1,expert,387.213429,387.398117,0.184688,228220928,0,0,13,0
0,1,compute,387.088452,387.515843,0.427391,0,0,0,0,0
0,2,trunk,387.515845,387.519275,0.003431,0,-237,0,0,0
0,2,expert,387.557844,387.699975,0.142132,175554560,0,0,10,0
0,2,compute,387.519278,387.810226,0.290948,0,0,0,0,0
0,3,trunk,387.810228,387.813684,0.003456,0,-236,0,0,0
0,3,expert,387.835242,387.973687,0.138445,175554560,0,0,10,0
0,3,compute,387.813686,388.090170,0.276484,0,0,0,0,0
0,4,trunk,388.090173,388.094270,0.004098,0,-235,0,0,0
0,4,expert,388.217414,388.370945,0.153531,193110016,0,0,11,0
0,4,compute,388.094273,388.486322,0.392049,0,0,0,0,0
0,5,trunk,388.486324,388.489770,0.003446,0,-234,0,0,0
0,5,expert,388.536863,388.691872,0.155009,193110016,0,0,11,0
0,5,compute,388.489771,388.810193,0.320422,0,0,0,0,0
0,6,trunk,388.810194,388.813723,0.003529,0,-233,0,0,0
0,6,expert,388.854426,389.076318,0.221892,280887296,0,0,16,0
0,6,compute,388.813725,389.192041,0.378316,0,0,0,0,0
0,7,trunk,389.192043,389.195428,0.003385,0,-232,0,0,0
0,7,expert,389.216478,389.428083,0.211604,263331840,0,0,15,0
0,7,compute,389.195429,389.522836,0.327407,0,0,0,0,0
0,8,trunk,389.522837,389.526349,0.003511,0,-231,0,0,0
0,8,expert,389.575678,389.792050,0.216372,263331840,0,0,15,0
0,8,compute,389.526350,389.902173,0.375823,0,0,0,0,0
0,9,trunk,389.902174,389.905647,0.003473,0,-230,0,0,0
0,9,expert,390.033458,390.191772,0.158314,193110016,0,0,11,0
0,9,compute,389.905649,390.308038,0.402390,0,0,0,0,0
0,10,trunk,390.308040,390.311390,0.003350,0,-229,0,0,0
0,10,expert,390.351335,390.532345,0.181010,228220928,0,0,13,0
0,10,compute,390.311397,390.620709,0.309312,0,0,0,0,0
0,11,trunk,390.620711,390.624454,0.003743,0,-228,0,0,0
0,11,expert,390.644992,390.784672,0.139680,175554560,0,0,10,0
0,11,compute,390.624455,390.877000,0.252544,0,0,0,0,0
0,12,trunk,390.877001,390.880417,0.003416,0,-227,0,0,0
0,12,expert,390.918582,391.104560,0.185978,228220928,0,0,13,0
0,12,compute,390.880419,391.206867,0.326449,0,0,0,0,0
0,13,trunk,391.206869,391.210233,0.003365,0,-226,0,0,0
0,13,expert,391.248511,391.434621,0.186111,228220928,0,0,13,0
0,13,compute,391.210235,391.554997,0.344763,0,0,0,0,0
0,14,trunk,391.554999,391.558367,0.003368,0,-225,0,0,0
0,14,expert,391.597751,391.795873,0.198122,245776384,0,0,14,0
0,14,compute,391.558369,391.906198,0.347829,0,0,0,0,0
0,15,trunk,391.906200,391.909673,0.003473,0,-224,0,0,0
0,15,expert,391.931321,392.084992,0.153671,193110016,0,0,11,0
0,15,compute,391.909674,392.198306,0.288631,0,0,0,0,0
0,16,trunk,392.198307,392.201697,0.003390,0,-223,0,0,0
0,16,expert,392.244432,392.396198,0.151766,193110016,0,0,11,0
0,16,compute,392.201699,392.488129,0.286430,0,0,0,0,0
0,17,trunk,392.488131,392.491416,0.003285,0,-222,0,0,0
0,17,expert,392.532524,392.699035,0.166511,210665472,0,0,12,0
0,17,compute,392.491445,392.818347,0.326902,0,0,0,0,0
0,18,trunk,392.818349,392.821875,0.003526,0,-221,0,0,0
0,18,expert,392.861116,393.040272,0.179156,228220928,0,0,13,0
0,18,compute,392.821878,393.131919,0.310041,0,0,0,0,0
0,19,trunk,393.131920,393.135465,0.003544,0,-220,0,0,0
0,19,expert,393.155787,393.295869,0.140082,175554560,0,0,10,0
0,19,compute,393.135466,393.388278,0.252811,0,0,0,0,0
0,20,trunk,393.388279,393.391625,0.003346,0,-219,0,0,0
0,20,expert,393.430867,393.601292,0.170426,210665472,0,0,12,0
0,20,compute,393.391627,393.714195,0.322569,0,0,0,0,0
0,21,trunk,393.714197,393.717566,0.003369,0,-218,0,0,0
0,21,expert,393.777925,394.518862,0.740936,228220928,0,0,13,0
0,21,compute,393.717589,394.630245,0.912656,0,0,0,0,0
0,22,trunk,394.630246,394.633806,0.003559,645562368,-218,1,0,0
0,22,expert,394.681996,395.206447,0.524451,193110016,0,0,11,0
0,22,compute,394.633829,395.324037,0.690208,0,0,0,0,0
0,23,trunk,395.324039,395.327558,0.003519,431890432,-219,1,0,0
0,23,expert,395.383334,395.857760,0.474426,193110016,0,0,11,0
0,23,compute,395.327614,395.972039,0.644425,0,0,0,0,0
0,24,trunk,395.972041,396.033684,0.061643,645562368,-220,1,0,0
0,24,expert,396.087288,396.848455,0.761167,193110016,0,0,11,0
0,24,compute,396.033741,396.959100,0.925359,0,0,0,0,0
0,25,trunk,396.959102,396.962713,0.003610,645562368,-221,1,0,0
0,25,expert,397.019992,397.788497,0.768505,263331840,0,0,15,0
0,25,compute,396.962734,397.900037,0.937303,0,0,0,0,0
0,26,trunk,397.900039,397.903261,0.003222,645562368,-222,1,0,0
0,26,expert,397.968212,398.487620,0.519408,228220928,0,0,13,0
0,26,compute,397.903320,398.622488,0.719167,0,0,0,0,0
0,27,trunk,398.622490,398.626111,0.003621,431890432,-223,1,0,0
0,27,expert,398.660036,399.403128,0.743092,263331840,0,0,15,0
0,27,compute,398.626171,399.522203,0.896033,0,0,0,0,0
0,28,trunk,399.522205,399.525676,0.003470,645562368,-224,1,0,0
0,28,expert,399.578494,400.284825,0.706331,263331840,0,0,15,0
0,28,compute,399.525727,400.398262,0.872536,0,0,0,0,0
0,29,trunk,400.398265,400.401743,0.003479,645562368,-225,1,0,0
0,29,expert,400.453280,401.194775,0.741496,228220928,0,0,13,0
0,29,compute,400.401765,401.306194,0.904429,0,0,0,0,0
0,30,trunk,401.306196,401.309872,0.003676,645562368,-226,1,0,0
0,30,expert,401.360178,401.916919,0.556741,228220928,0,0,13,0
0,30,compute,401.309894,402.030325,0.720431,0,0,0,0,0
0,31,trunk,402.030327,402.033828,0.003500,431890432,-227,1,0,0
0,31,expert,402.067830,402.838861,0.771032,245776384,0,0,14,0
0,31,compute,402.033849,402.950247,0.916398,0,0,0,0,0
0,32,trunk,402.950249,402.953657,0.003408,645562368,-228,1,0,0
0,32,expert,403.008916,403.730954,0.722038,210665472,0,0,12,0
0,32,compute,402.953678,403.850245,0.896568,0,0,0,0,0
0,33,trunk,403.850247,403.853668,0.003421,645562368,-229,1,0,0
0,33,expert,403.907956,404.667590,0.759635,210665472,0,0,12,0
0,33,compute,403.853697,404.759719,0.906022,0,0,0,0,0
0,34,trunk,404.759720,404.763437,0.003717,645562368,-230,1,0,0
0,34,expert,404.812813,405.412616,0.599803,263331840,0,0,15,0
0,34,compute,404.763459,405.532891,0.769432,0,0,0,0,0
0,35,trunk,405.532893,405.536896,0.004003,431890432,-231,1,0,0
0,35,expert,405.569071,406.348124,0.779053,228220928,0,0,13,0
0,35,compute,405.536921,406.454301,0.917380,0,0,0,0,0
0,36,trunk,406.454303,406.457765,0.003462,645562368,-232,1,0,0
0,36,expert,406.512221,407.260464,0.748243,228220928,0,0,13,0
0,36,compute,406.457785,407.356175,0.898390,0,0,0,0,0
0,37,trunk,407.356177,407.359630,0.003453,645562368,-233,1,0,0
0,37,expert,407.412271,408.157395,0.745124,228220928,0,0,13,0
0,37,compute,407.359653,408.278203,0.918550,0,0,0,0,0
0,38,trunk,408.278205,408.281753,0.003548,645562368,-234,1,0,0
0,38,expert,408.332067,408.834186,0.502119,193110016,0,0,11,0
0,38,compute,408.281790,408.946269,0.664479,0,0,0,0,0
0,39,trunk,408.946271,408.949772,0.003502,431890432,-235,1,0,0
0,39,expert,408.986627,409.714401,0.727774,210665472,0,0,12,0
0,39,compute,408.949800,409.831024,0.881225,0,0,0,0,0
0,40,trunk,409.831026,409.834610,0.003584,645562368,-236,1,0,0
0,40,expert,409.894091,410.635902,0.741812,210665472,0,0,12,0
0,40,compute,409.834632,410.746189,0.911557,0,0,0,0,0
0,41,trunk,410.746191,410.749688,0.003498,645562368,-237,1,0,0
0,41,expert,410.803408,411.494603,0.691195,193110016,0,0,11,0
0,41,compute,410.749710,411.610731,0.861022,0,0,0,0,0
0,42,trunk,411.610734,411.613971,0.003237,645562368,-238,1,0,0
0,42,expert,411.662734,412.122599,0.459866,122888192,0,0,7,0
0,42,compute,411.614025,412.234336,0.620311,0,0,0,0,0
0,43,trunk,412.234338,412.237876,0.003537,431890432,-239,1,0,0
0,43,expert,412.270068,412.918908,0.648840,210665472,0,0,12,0
0,43,compute,412.237897,413.030282,0.792385,0,0,0,0,0
0,44,trunk,413.030284,413.040235,0.009951,645562368,-240,1,0,0
0,44,expert,413.095435,413.848219,0.752784,228220928,0,0,13,0
0,44,compute,413.040284,413.954200,0.913916,0,0,0,0,0
0,45,trunk,413.954202,413.957590,0.003388,645562368,-241,1,0,0
0,45,expert,414.012283,414.712996,0.700712,157999104,0,0,9,0
0,45,compute,413.957610,414.826360,0.868749,0,0,0,0,0
0,46,trunk,414.826361,414.829932,0.003570,645562368,-242,1,0,0
0,46,expert,414.877297,415.342668,0.465371,175554560,0,0,10,0
0,46,compute,414.829976,415.462198,0.632223,0,0,0,0,0
0,47,trunk,415.462200,415.465790,0.003590,431890432,-243,1,0,0
0,47,expert,415.499488,416.201308,0.701820,193110016,0,0,11,0
0,47,compute,415.465833,416.314425,0.848592,0,0,0,0,0
0,48,trunk,416.314427,416.317997,0.003570,645562368,-244,1,0,0
0,48,expert,416.372587,417.071648,0.699061,193110016,0,0,11,0
0,48,compute,416.318019,417.162019,0.843999,0,0,0,0,0
0,49,trunk,417.162021,417.165423,0.003402,645562368,-245,1,0,0
0,49,expert,417.220342,417.997378,0.777036,245776384,0,0,14,0
0,49,compute,417.165445,418.091607,0.926162,0,0,0,0,0
0,50,trunk,418.091609,418.095179,0.003570,645562368,-246,1,0,0
0,50,expert,418.145654,418.690023,0.544369,210665472,0,0,12,0
0,50,compute,418.095201,418.806910,0.711709,0,0,0,0,0
0,51,trunk,418.806912,418.810694,0.003782,431890432,-247,1,0,0
0,51,expert,418.849210,419.551680,0.702470,193110016,0,0,11,0
0,51,compute,418.810722,419.675030,0.864307,0,0,0,0,0
0,52,trunk,419.675031,419.678461,0.003430,645562368,-248,1,0,0
0,52,expert,419.741566,420.439318,0.697752,210665472,0,0,12,0
0,52,compute,419.678485,420.554199,0.875714,0,0,0,0,0
0,53,trunk,420.554201,420.557604,0.003403,645562368,-249,1,0,0
0,53,expert,420.615249,421.342989,0.727740,193110016,0,0,11,0
0,53,compute,420.557632,421.462337,0.904705,0,0,0,0,0
0,54,trunk,421.462338,421.465804,0.003465,645562368,-250,1,0,0
0,54,expert,421.514879,422.045506,0.530627,210665472,0,0,12,0
0,54,compute,421.465825,422.156126,0.690302,0,0,0,0,0
0,55,trunk,422.156128,422.159646,0.003518,431890432,-251,1,0,0
0,55,expert,422.191568,422.899578,0.708010,193110016,0,0,11,0
0,55,compute,422.159669,423.176937,1.017268,0,0,0,0,0
0,56,trunk,423.176939,423.180353,0.003414,645562368,-252,1,0,0
0,56,expert,423.236756,423.973151,0.736395,210665472,0,0,12,0
0,56,compute,423.180372,424.575975,1.395603,0,0,0,0,0
0,57,trunk,424.575977,424.580475,0.004498,645562368,-253,1,0,0
0,57,expert,424.635142,425.429257,0.794115,263331840,0,0,15,0
0,57,compute,424.580496,425.710876,1.130380,0,0,0,0,0
0,58,trunk,425.710878,425.714316,0.003438,645562368,-254,1,0,0
0,58,expert,425.768105,426.343044,0.574939,245776384,0,0,14,0
0,58,compute,425.714337,426.771973,1.057636,0,0,0,0,0
0,59,trunk,426.771975,426.775885,0.003910,431890432,-255,1,0,0
0,59,expert,426.809507,427.565462,0.755956,228220928,0,0,13,0
0,59,compute,426.775912,427.686206,0.910294,0,0,0,0,0
0,60,trunk,427.686208,427.689882,0.003674,645562368,-256,1,0,0
0,60,expert,427.745370,428.497700,0.752330,280887296,0,0,16,0
0,60,compute,427.689904,428.591414,0.901510,0,0,0,0,0
0,61,trunk,428.591415,428.594878,0.003462,645562368,-257,1,0,0
0,61,expert,428.648964,429.409913,0.760950,263331840,0,0,15,0
0,61,compute,428.594899,429.526386,0.931487,0,0,0,0,0
0,62,trunk,429.526388,429.529966,0.003577,645562368,-258,1,0,0
0,62,expert,429.578786,430.111475,0.532689,228220928,0,0,13,0
0,62,compute,429.530013,430.200925,0.670911,0,0,0,0,0
0,63,trunk,430.200926,430.204452,0.003525,431890432,-259,1,0,0
0,63,expert,430.240624,431.028758,0.788134,263331840,0,0,15,0
0,63,compute,430.204561,431.142192,0.937631,0,0,0,0,0
0,64,trunk,431.142193,431.145831,0.003638,645562368,-260,1,0,0
0,64,expert,431.200485,431.943277,0.742792,228220928,0,0,13,0
0,64,compute,431.145855,432.228037,1.082182,0,0,0,0,0
0,65,trunk,432.228039,432.231420,0.003382,645562368,-261,1,0,0
0,65,expert,432.285889,433.073057,0.787169,263331840,0,0,15,0
0,65,compute,432.231443,433.186195,0.954752,0,0,0,0,0
0,66,trunk,433.186216,433.189802,0.003586,645562368,-262,1,0,0
0,66,expert,433.243112,433.837761,0.594649,280887296,0,0,16,0
0,66,compute,433.189826,433.954265,0.764439,0,0,0,0,0
0,67,trunk,433.954266,433.957880,0.003614,431890432,-263,1,0,0
0,67,expert,434.003421,434.734664,0.731243,210665472,0,0,12,0
0,67,compute,433.957910,435.276912,1.319002,0,0,0,0,0
0,68,trunk,435.276914,435.280404,0.003490,645562368,-264,1,0,0
0,68,expert,435.333386,435.964304,0.630919,245776384,0,0,14,0
0,68,compute,435.280423,436.053018,0.772595,0,0,0,0,0
0,69,trunk,436.053020,436.070182,0.017162,645562368,-265,1,0,0
0,69,expert,436.121066,436.888060,0.766994,245776384,0,0,14,0
0,69,compute,436.070247,436.983859,0.913613,0,0,0,0,0
0,70,trunk,436.983861,436.987581,0.003720,645562368,-266,1,0,0
0,70,expert,437.035387,437.578230,0.542844,228220928,0,0,13,0
0,70,compute,436.987609,437.691059,0.703451,0,0,0,0,0
0,71,trunk,437.691061,437.694668,0.003607,431890432,-267,1,0,0
0,71,expert,437.727885,438.492976,0.765092,245776384,0,0,14,0
0,71,compute,437.694692,438.588133,0.893442,0,0,0,0,0
0,72,trunk,438.588135,438.591662,0.003527,645562368,-268,1,0,0
0,72,expert,438.639376,439.436030,0.796654,280887296,0,0,16,0
0,72,compute,438.591706,439.550327,0.958622,0,0,0,0,0
0,73,trunk,439.550329,439.553816,0.003487,645562368,-269,1,0,0
0,73,expert,439.606530,440.390017,0.783487,280887296,0,0,16,0
0,73,compute,439.553846,440.502849,0.949003,0,0,0,0,0
0,74,trunk,440.502850,440.507606,0.004756,645562368,-270,1,0,0
0,74,expert,440.576672,441.134089,0.557417,280887296,0,0,16,0
0,74,compute,440.507634,441.262290,0.754656,0,0,0,0,0
0,75,trunk,441.262292,441.265962,0.003670,431890432,-271,1,0,0
0,75,expert,441.313042,442.051840,0.738798,263331840,0,0,15,0
0,75,compute,441.265986,442.336056,1.070070,0,0,0,0,0
0,76,trunk,442.336058,442.339878,0.003820,645562368,-272,1,0,0
0,76,expert,442.407205,443.123445,0.716240,280887296,0,0,16,0
0,76,compute,442.339946,443.239039,0.899094,0,0,0,0,0
0,77,trunk,443.239041,443.242851,0.003809,645562368,-273,1,0,0
0,77,expert,443.317433,444.036441,0.719008,245776384,0,0,14,0
0,77,compute,443.242896,444.132830,0.889934,0,0,0,0,0
0,78,trunk,444.132832,444.136348,0.003516,645562368,-274,1,0,0
0,78,expert,444.200282,444.740444,0.540162,245776384,0,0,14,0
0,78,compute,444.136366,444.833200,0.696834,0,0,0,0,0
0,79,trunk,444.833202,444.836697,0.003494,431890432,-275,1,0,0
0,79,expert,444.870273,445.621688,0.751415,263331840,0,0,15,0
0,79,compute,444.836720,445.724344,0.887624,0,0,0,0,0
0,80,trunk,445.724346,445.727736,0.003390,645562368,-276,1,0,0
0,80,expert,445.791733,446.520385,0.728652,280887296,0,0,16,0
0,80,compute,445.727759,446.638186,0.910427,0,0,0,0,0
0,81,trunk,446.638188,446.641622,0.003434,645562368,-277,1,0,0
0,81,expert,446.692678,447.465769,0.773091,263331840,0,0,15,0
0,81,compute,446.641642,447.558714,0.917072,0,0,0,0,0
0,82,trunk,447.558716,447.562184,0.003468,645562368,-278,1,0,0
0,82,expert,447.611229,448.204484,0.593255,280887296,0,0,16,0
0,82,compute,447.562235,448.303118,0.740883,0,0,0,0,0
0,83,trunk,448.303120,448.306718,0.003598,431890432,-279,1,0,0
0,83,expert,448.338801,449.092480,0.753678,245776384,0,0,14,0
0,83,compute,448.306741,449.216592,0.909850,0,0,0,0,0
0,84,trunk,449.216594,449.219987,0.003393,645562368,-280,1,0,0
0,84,expert,449.269183,450.129339,0.860156,228220928,0,0,13,0
0,84,compute,449.220032,450.242172,1.022141,0,0,0,0,0
0,85,trunk,450.242174,450.245878,0.003704,645562368,-281,1,0,0
0,85,expert,450.300121,451.052746,0.752625,263331840,0,0,15,0
0,85,compute,450.245900,451.162920,0.917020,0,0,0,0,0
0,86,trunk,451.162922,451.166355,0.003433,645562368,-282,1,0,0
0,86,expert,451.226053,451.790646,0.564592,263331840,0,0,15,0
0,86,compute,451.166384,451.914198,0.747813,0,0,0,0,0
0,87,trunk,451.914200,451.917745,0.003546,431890432,-283,1,0,0
0,87,expert,451.947909,452.567691,0.619782,245776384,0,0,14,0
0,87,compute,451.917767,452.663952,0.746184,0,0,0,0,0
0,88,trunk,452.663954,452.702383,0.038429,645562368,-284,1,0,0
0,88,expert,452.754266,453.502607,0.748341,228220928,0,0,13,0
0,88,compute,452.702437,453.622202,0.919766,0,0,0,0,0
0,89,trunk,453.622204,453.625769,0.003565,645562368,-285,1,0,0
0,89,expert,453.676497,454.374217,0.697720,175554560,0,0,10,0
0,89,compute,453.625805,455.042179,1.416374,0,0,0,0,0
0,90,trunk,455.042181,455.045462,0.003281,645562368,-286,1,0,0
0,90,expert,455.103567,455.576339,0.472772,157999104,0,0,9,0
0,90,compute,455.045502,456.223908,1.178406,0,0,0,0,0
0,91,trunk,456.223910,456.227393,0.003483,431890432,-287,1,0,0
0,91,expert,456.266731,456.740228,0.473497,157999104,0,0,9,0
0,91,compute,456.227414,456.833219,0.605805,0,0,0,0,0
0,92,trunk,456.833221,456.836709,0.003488,431890432,-288,1,0,0
0,92,expert,456.858190,457.087716,0.229526,245776384,0,0,14,0
0,92,compute,456.836710,457.330036,0.493326,0,0,0,0,0
0,0,trunk,457.427475,457.427513,0.000038,0,-288,0,0,0
0,0,compute,457.427514,457.528453,0.100938,0,0,0,0,0
0,1,trunk,457.528454,457.531990,0.003535,0,-287,0,0,0
0,1,expert,457.575036,457.768040,0.193003,228220928,0,0,13,0
0,1,compute,457.531992,457.858689,0.326697,0,0,0,0,0
0,2,trunk,457.858690,457.862100,0.003410,0,-286,0,0,0
0,2,expert,457.902112,458.086927,0.184815,210665472,0,0,12,0
0,2,compute,457.862102,458.193181,0.331079,0,0,0,0,0
0,3,trunk,458.193183,458.196648,0.003465,0,-285,0,0,0
0,3,expert,458.224634,458.383626,0.158992,193110016,0,0,11,0
0,3,compute,458.196649,458.476906,0.280257,0,0,0,0,0
0,4,trunk,458.476908,458.480376,0.003468,0,-284,0,0,0
0,4,expert,458.518491,458.718936,0.200446,228220928,0,0,13,0
0,4,compute,458.480378,458.834167,0.353789,0,0,0,0,0
0,5,trunk,458.834168,458.837588,0.003420,0,-283,0,0,0
0,5,expert,458.876424,459.061586,0.185162,210665472,0,0,12,0
0,5,compute,458.837590,459.182190,0.344600,0,0,0,0,0
0,6,trunk,459.182191,459.185324,0.003133,0,-282,0,0,0
0,6,expert,459.233125,459.472066,0.238942,280887296,0,0,16,0
0,6,compute,459.185326,459.586618,0.401292,0,0,0,0,0
0,7,trunk,459.586619,459.590149,0.003530,0,-281,0,0,0
0,7,expert,459.611207,459.825941,0.214735,263331840,0,0,15,0
0,7,compute,459.590151,459.942215,0.352064,0,0,0,0,0
0,8,trunk,459.942217,459.945658,0.003441,0,-280,0,0,0
0,8,expert,459.988967,460.210981,0.222015,263331840,0,0,15,0
0,8,compute,459.945660,460.330203,0.384544,0,0,0,0,0
0,9,trunk,460.330205,460.333546,0.003342,0,-279,0,0,0
0,9,expert,460.376725,460.553374,0.176649,210665472,0,0,12,0
0,9,compute,460.333548,460.670348,0.336800,0,0,0,0,0
0,10,trunk,460.670350,460.673799,0.003450,0,-278,0,0,0
0,10,expert,460.717334,460.874850,0.157516,193110016,0,0,11,0
0,10,compute,460.673801,460.986192,0.312391,0,0,0,0,0
0,11,trunk,460.986193,460.989693,0.003499,0,-277,0,0,0
0,11,expert,461.010343,461.187792,0.177450,210665472,0,0,12,0
0,11,compute,460.989694,461.276421,0.286727,0,0,0,0,0
0,12,trunk,461.276423,461.279797,0.003374,0,-276,0,0,0
0,12,expert,461.333861,461.540286,0.206425,245776384,0,0,14,0
0,12,compute,461.279799,461.655586,0.375787,0,0,0,0,0
0,13,trunk,461.655587,461.659065,0.003478,0,-275,0,0,0
0,13,expert,461.697683,461.907121,0.209438,228220928,0,0,13,0
0,13,compute,461.659066,462.022178,0.363112,0,0,0,0,0
0,14,trunk,462.022180,462.025713,0.003534,0,-274,0,0,0
0,14,expert,462.064524,462.285787,0.221263,245776384,0,0,14,0
0,14,compute,462.025715,462.407007,0.381293,0,0,0,0,0
0,15,trunk,462.407009,462.410827,0.003818,0,-273,0,0,0
0,15,expert,462.434640,462.628751,0.194110,210665472,0,0,12,0
0,15,compute,462.410829,462.742206,0.331377,0,0,0,0,0
0,16,trunk,462.742208,462.745519,0.003311,0,-272,0,0,0
0,16,expert,462.799708,462.990585,0.190877,210665472,0,0,12,0
0,16,compute,462.745520,463.102213,0.356692,0,0,0,0,0
0,17,trunk,463.102215,463.105649,0.003435,0,-271,0,0,0
0,17,expert,463.145957,463.353545,0.207587,245776384,0,0,14,0
0,17,compute,463.105651,463.471030,0.365379,0,0,0,0,0
0,18,trunk,463.471031,463.474366,0.003335,0,-270,0,0,0
0,18,expert,463.512800,463.710797,0.197998,228220928,0,0,13,0
0,18,compute,463.474368,463.830221,0.355853,0,0,0,0,0
0,19,trunk,463.830223,463.833915,0.003692,0,-269,0,0,0
0,19,expert,463.854686,464.052406,0.197720,228220928,0,0,13,0
0,19,compute,463.833916,464.143350,0.309434,0,0,0,0,0
0,20,trunk,464.143352,464.146680,0.003328,0,-268,0,0,0
0,20,expert,464.185828,464.352358,0.166529,193110016,0,0,11,0
0,20,compute,464.146682,464.453073,0.306391,0,0,0,0,0
0,21,trunk,464.453075,464.456540,0.003465,0,-267,0,0,0
0,21,expert,464.511987,465.257166,0.745180,245776384,0,0,14,0
0,21,compute,464.456559,465.361528,0.904969,0,0,0,0,0
0,22,trunk,465.361550,465.365111,0.003561,645562368,-267,1,0,0
0,22,expert,465.412774,465.968869,0.556095,228220928,0,0,13,0
0,22,compute,465.365133,466.082163,0.717030,0,0,0,0,0
0,23,trunk,466.082165,466.085817,0.003652,431890432,-268,1,0,0
0,23,expert,466.121014,466.807817,0.686803,228220928,0,0,13,0
0,23,compute,466.085845,466.900211,0.814367,0,0,0,0,0
0,24,trunk,466.900213,466.903811,0.003597,645562368,-269,1,0,0
0,24,expert,466.952126,467.767099,0.814973,245776384,0,0,14,0
0,24,compute,466.903833,467.861240,0.957406,0,0,0,0,0
0,25,trunk,467.861241,467.864735,0.003494,645562368,-270,1,0,0
0,25,expert,467.918484,468.696089,0.777604,280887296,0,0,16,0
0,25,compute,467.864755,468.787950,0.923195,0,0,0,0,0
0,26,trunk,468.787952,468.791537,0.003585,645562368,-271,1,0,0
0,26,expert,468.838290,469.349987,0.511697,193110016,0,0,11,0
0,26,compute,468.791558,469.443709,0.652150,0,0,0,0,0
0,27,trunk,469.443711,469.447080,0.003370,431890432,-272,1,0,0
0,27,expert,469.480658,470.204349,0.723691,263331840,0,0,15,0
0,27,compute,469.447105,470.297713,0.850607,0,0,0,0,0
0,28,trunk,470.297714,470.301182,0.003467,645562368,-273,1,0,0
0,28,expert,470.351421,471.056050,0.704629,263331840,0,0,15,0
0,28,compute,470.301203,471.147245,0.846042,0,0,0,0,0
0,29,trunk,471.147247,471.150716,0.003469,645562368,-274,1,0,0
0,29,expert,471.201995,471.951550,0.749556,245776384,0,0,14,0
0,29,compute,471.150742,472.062157,0.911415,0,0,0,0,0
0,30,trunk,472.062159,472.065655,0.003496,645562368,-275,1,0,0
0,30,expert,472.111938,472.689400,0.577463,245776384,0,0,14,0
0,30,compute,472.065675,472.798191,0.732515,0,0,0,0,0
0,31,trunk,472.798193,472.801826,0.003633,431890432,-276,1,0,0
0,31,expert,472.836239,473.596535,0.760296,245776384,0,0,14,0
0,31,compute,472.801847,473.688872,0.887025,0,0,0,0,0
0,32,trunk,473.688874,473.692474,0.003599,645562368,-277,1,0,0
0,32,expert,473.743029,474.469406,0.726378,228220928,0,0,13,0
0,32,compute,473.692493,474.590222,0.897730,0,0,0,0,0
0,33,trunk,474.590224,474.593517,0.003292,645562368,-278,1,0,0
0,33,expert,474.645327,475.361406,0.716079,157999104,0,0,9,0
0,33,compute,474.593573,475.478225,0.884652,0,0,0,0,0
0,34,trunk,475.478227,475.481662,0.003436,645562368,-279,1,0,0
0,34,expert,475.527545,476.125739,0.598194,263331840,0,0,15,0
0,34,compute,475.481682,476.238243,0.756561,0,0,0,0,0
0,35,trunk,476.238246,476.241494,0.003248,431890432,-280,1,0,0
0,35,expert,476.277164,477.063885,0.786721,263331840,0,0,15,0
0,35,compute,476.241515,477.170273,0.928758,0,0,0,0,0
0,36,trunk,477.170275,477.173674,0.003399,645562368,-281,1,0,0
0,36,expert,477.226489,477.997825,0.771336,263331840,0,0,15,0
0,36,compute,477.173696,478.110228,0.936532,0,0,0,0,0
0,37,trunk,478.110230,478.113580,0.003350,645562368,-282,1,0,0
0,37,expert,478.169111,478.923583,0.754472,245776384,0,0,14,0
0,37,compute,478.113631,479.011513,0.897882,0,0,0,0,0
0,38,trunk,479.011514,479.014978,0.003464,645562368,-283,1,0,0
0,38,expert,479.061109,479.567298,0.506190,193110016,0,0,11,0
0,38,compute,479.015000,479.655398,0.640397,0,0,0,0,0
0,39,trunk,479.655399,479.659138,0.003739,431890432,-284,1,0,0
0,39,expert,479.697900,480.422757,0.724857,210665472,0,0,12,0
0,39,compute,479.659168,480.522517,0.863349,0,0,0,0,0
0,40,trunk,480.522518,480.525941,0.003422,645562368,-285,1,0,0
0,40,expert,480.577613,481.308770,0.731157,210665472,0,0,12,0
0,40,compute,480.525969,481.419902,0.893933,0,0,0,0,0
0,41,trunk,481.419904,481.423380,0.003476,645562368,-286,1,0,0
0,41,expert,481.480735,482.179041,0.698306,210665472,0,0,12,0
0,41,compute,481.423403,482.267866,0.844463,0,0,0,0,0
0,42,trunk,482.267867,482.271352,0.003484,645562368,-287,1,0,0
0,42,expert,482.321051,482.809664,0.488612,157999104,0,0,9,0
0,42,compute,482.271379,482.926248,0.654869,0,0,0,0,0
0,43,trunk,482.926250,482.929759,0.003509,431890432,-288,1,0,0
0,43,expert,482.961958,483.705768,0.743809,193110016,0,0,11,0
0,43,compute,482.929780,483.800994,0.871214,0,0,0,0,0
0,44,trunk,483.800995,483.804408,0.003413,645562368,-289,1,0,0
0,44,expert,483.858458,484.619546,0.761088,245776384,0,0,14,0
0,44,compute,483.804435,484.739017,0.934582,0,0,0,0,0
0,45,trunk,484.739018,484.742687,0.003669,645562368,-290,1,0,0
0,45,expert,484.803237,485.510315,0.707078,193110016,0,0,11,0
0,45,compute,484.742711,485.602344,0.859634,0,0,0,0,0
0,46,trunk,485.602346,485.605900,0.003554,645562368,-291,1,0,0
0,46,expert,485.653919,486.165415,0.511496,193110016,0,0,11,0
0,46,compute,485.605921,486.286222,0.680301,0,0,0,0,0
0,47,trunk,486.286224,486.290009,0.003785,431890432,-292,1,0,0
0,47,expert,486.324973,487.025307,0.700334,228220928,0,0,13,0
0,47,compute,486.290073,487.146199,0.856126,0,0,0,0,0
0,48,trunk,487.146201,487.149703,0.003502,645562368,-293,1,0,0
0,48,expert,487.197758,487.896536,0.698778,210665472,0,0,12,0
0,48,compute,487.149726,488.009060,0.859334,0,0,0,0,0
0,49,trunk,488.009062,488.012575,0.003513,645562368,-294,1,0,0
0,49,expert,488.067722,488.841918,0.774196,263331840,0,0,15,0
0,49,compute,488.012620,488.959049,0.946428,0,0,0,0,0
0,50,trunk,488.959051,488.962627,0.003576,645562368,-295,1,0,0
0,50,expert,489.009661,489.561706,0.552045,228220928,0,0,13,0
0,50,compute,488.962650,489.656948,0.694298,0,0,0,0,0
0,51,trunk,489.656950,489.660376,0.003426,431890432,-296,1,0,0
0,51,expert,489.694626,490.402910,0.708284,228220928,0,0,13,0
0,51,compute,489.660394,490.518234,0.857840,0,0,0,0,0
0,52,trunk,490.518236,490.521689,0.003453,645562368,-297,1,0,0
0,52,expert,490.578010,491.283691,0.705681,210665472,0,0,12,0
0,52,compute,490.521711,491.402189,0.880477,0,0,0,0,0
0,53,trunk,491.402190,491.405704,0.003514,645562368,-298,1,0,0
0,53,expert,491.468061,492.189700,0.721639,228220928,0,0,13,0
0,53,compute,491.405726,492.314994,0.909268,0,0,0,0,0
0,54,trunk,492.314996,492.318511,0.003515,645562368,-299,1,0,0
0,54,expert,492.364621,492.918374,0.553753,245776384,0,0,14,0
0,54,compute,492.318534,493.034208,0.715673,0,0,0,0,0
0,55,trunk,493.034209,493.037662,0.003452,431890432,-300,1,0,0
0,55,expert,493.071018,493.805749,0.734731,228220928,0,0,13,0
0,55,compute,493.037697,493.918458,0.880761,0,0,0,0,0
0,56,trunk,493.918459,493.922093,0.003634,645562368,-301,1,0,0
0,56,expert,493.974902,494.729380,0.754477,263331840,0,0,15,0
0,56,compute,493.922117,494.827534,0.905417,0,0,0,0,0
0,57,trunk,494.827536,494.831242,0.003706,645562368,-302,1,0,0
0,57,expert,494.888703,495.650731,0.762028,263331840,0,0,15,0
0,57,compute,494.831269,495.743306,0.912037,0,0,0,0,0
0,58,trunk,495.743308,495.746774,0.003466,645562368,-303,1,0,0
0,58,expert,495.796518,498.821697,3.025179,175554560,0,0,10,0
0,58,compute,495.746796,498.923876,3.177081,0,0,0,0,0
0,59,trunk,498.923878,498.927253,0.003375,431890432,-304,1,0,0
0,59,expert,498.953595,508.015907,9.062313,175554560,0,0,10,0
0,59,compute,498.927276,508.104000,9.176724,0,0,0,0,0
0,60,trunk,508.104042,508.107435,0.003393,645562368,-305,1,0,0
0,60,expert,508.160175,508.917603,0.757428,228220928,0,0,13,0
0,60,compute,508.107455,509.030630,0.923174,0,0,0,0,0
0,61,trunk,509.030632,509.034046,0.003414,645562368,-306,1,0,0
0,61,expert,509.089341,509.822434,0.733092,245776384,0,0,14,0
0,61,compute,509.034077,509.934224,0.900147,0,0,0,0,0
0,62,trunk,509.934226,509.937754,0.003529,645562368,-307,1,0,0
0,62,expert,509.985182,510.481742,0.496560,175554560,0,0,10,0
0,62,compute,509.937775,510.598191,0.660416,0,0,0,0,0
0,63,trunk,510.598193,510.601546,0.003353,431890432,-308,1,0,0
0,63,expert,510.634626,511.383667,0.749041,245776384,0,0,14,0
0,63,compute,510.601568,511.477600,0.876032,0,0,0,0,0
0,64,trunk,511.477602,511.481114,0.003511,645562368,-309,1,0,0
0,64,expert,511.532793,512.262151,0.729359,210665472,0,0,12,0
0,64,compute,511.481134,512.378173,0.897039,0,0,0,0,0
0,65,trunk,512.378175,512.381710,0.003535,645562368,-310,1,0,0
0,65,expert,512.441208,513.158831,0.717622,228220928,0,0,13,0
0,65,compute,512.387074,513.278231,0.891157,0,0,0,0,0
0,66,trunk,513.278233,513.281661,0.003428,645562368,-311,1,0,0
0,66,expert,513.328260,513.875749,0.547488,228220928,0,0,13,0
0,66,compute,513.281835,513.988491,0.706656,0,0,0,0,0
0,67,trunk,513.988493,513.991902,0.003410,431890432,-312,1,0,0
0,67,expert,514.023010,514.791226,0.768216,245776384,0,0,14,0
0,67,compute,513.991925,514.902336,0.910411,0,0,0,0,0
0,68,trunk,514.902338,514.905759,0.003421,645562368,-313,1,0,0
0,68,expert,514.987261,515.708957,0.721696,263331840,0,0,15,0
0,68,compute,514.911194,515.834205,0.923011,0,0,0,0,0
0,69,trunk,515.834207,515.837620,0.003413,645562368,-314,1,0,0
0,69,expert,515.893155,516.596282,0.703127,175554560,0,0,10,0
0,69,compute,515.842929,516.684882,0.841953,0,0,0,0,0
0,70,trunk,516.684883,516.688490,0.003607,645562368,-315,1,0,0
0,70,expert,516.742475,517.202380,0.459906,140443648,0,0,8,0
0,70,compute,516.692354,517.314209,0.621855,0,0,0,0,0
0,71,trunk,517.314231,517.317674,0.003443,431890432,-316,1,0,0
0,71,expert,517.354387,518.128114,0.773727,228220928,0,0,13,0
0,71,compute,517.322927,518.251000,0.928073,0,0,0,0,0
0,72,trunk,518.251002,518.254431,0.003429,645562368,-317,1,0,0
0,72,expert,518.312518,519.045232,0.732714,210665472,0,0,12,0
0,72,compute,518.262643,519.158211,0.895568,0,0,0,0,0
0,73,trunk,519.158213,519.161828,0.003614,645562368,-318,1,0,0
0,73,expert,519.211768,519.939657,0.727889,210665472,0,0,12,0
0,73,compute,519.161980,520.054294,0.892313,0,0,0,0,0
0,74,trunk,520.054295,520.057805,0.003509,645562368,-319,1,0,0
0,74,expert,520.114245,520.596072,0.481828,157999104,0,0,9,0
0,74,compute,520.057828,520.710429,0.652601,0,0,0,0,0
0,75,trunk,520.710432,520.713856,0.003424,431890432,-320,1,0,0
0,75,expert,520.748988,521.343093,0.594105,140443648,0,0,8,0
0,75,compute,520.719115,521.459023,0.739908,0,0,0,0,0
0,76,trunk,521.459025,521.462523,0.003498,645562368,-321,1,0,0
0,76,expert,521.512826,522.169643,0.656818,228220928,0,0,13,0
0,76,compute,521.462694,522.265984,0.803289,0,0,0,0,0
0,77,trunk,522.265986,522.270037,0.004051,645562368,-322,1,0,0
0,77,expert,522.329440,522.880617,0.551177,157999104,0,0,9,0
0,77,compute,522.275300,522.971052,0.695752,0,0,0,0,0
0,78,trunk,522.971054,523.007441,0.036387,645562368,-323,1,0,0
0,78,expert,523.056563,523.566099,0.509535,175554560,0,0,10,0
0,78,compute,523.007861,523.682221,0.674360,0,0,0,0,0
0,79,trunk,523.682223,523.685643,0.003420,431890432,-324,1,0,0
0,79,expert,523.718302,524.388497,0.670194,157999104,0,0,9,0
0,79,compute,523.685664,524.494194,0.808530,0,0,0,0,0
0,80,trunk,524.494196,524.497684,0.003489,645562368,-325,1,0,0
0,80,expert,524.550535,525.227835,0.677300,228220928,0,0,13,0
0,80,compute,524.497711,525.321867,0.824156,0,0,0,0,0
0,81,trunk,525.321869,525.325425,0.003556,645562368,-326,1,0,0
0,81,expert,525.377391,526.139246,0.761855,245776384,0,0,14,0
0,81,compute,525.325454,526.262257,0.936803,0,0,0,0,0
0,82,trunk,526.262259,526.265822,0.003564,645562368,-327,1,0,0
0,82,expert,526.321924,526.876167,0.554243,228220928,0,0,13,0
0,82,compute,526.265844,526.991028,0.725184,0,0,0,0,0
0,83,trunk,526.991030,526.994509,0.003479,431890432,-328,1,0,0
0,83,expert,527.025620,527.724644,0.699024,210665472,0,0,12,0
0,83,compute,526.994545,527.854179,0.859634,0,0,0,0,0
0,84,trunk,527.854181,527.857831,0.003650,645562368,-329,1,0,0
0,84,expert,527.908946,528.650144,0.741199,228220928,0,0,13,0
0,84,compute,527.857850,528.767023,0.909174,0,0,0,0,0
0,85,trunk,528.767025,528.770473,0.003448,645562368,-330,1,0,0
0,85,expert,528.828586,529.566939,0.738353,228220928,0,0,13,0
0,85,compute,528.770496,529.659441,0.888945,0,0,0,0,0
0,86,trunk,529.659442,529.662944,0.003502,645562368,-331,1,0,0
0,86,expert,529.710081,530.247513,0.537432,210665472,0,0,12,0
0,86,compute,529.662964,530.341245,0.678281,0,0,0,0,0
0,87,trunk,530.341247,530.344807,0.003560,431890432,-332,1,0,0
0,87,expert,530.376633,531.046684,0.670051,157999104,0,0,9,0
0,87,compute,530.344826,531.162274,0.817448,0,0,0,0,0
0,88,trunk,531.162276,531.165673,0.003397,645562368,-333,1,0,0
0,88,expert,531.218466,531.947655,0.729189,228220928,0,0,13,0
0,88,compute,531.165694,532.062191,0.896497,0,0,0,0,0
0,89,trunk,532.062193,532.065593,0.003400,645562368,-334,1,0,0
0,89,expert,532.121490,532.831961,0.710471,175554560,0,0,10,0
0,89,compute,532.065613,532.924470,0.858857,0,0,0,0,0
0,90,trunk,532.924472,532.927847,0.003375,645562368,-335,1,0,0
0,90,expert,532.976750,533.484561,0.507811,175554560,0,0,10,0
0,90,compute,532.927871,533.602388,0.674517,0,0,0,0,0
0,91,trunk,533.602389,533.605845,0.003456,431890432,-336,1,0,0
0,91,expert,533.638056,534.116539,0.478484,157999104,0,0,9,0
0,91,compute,533.605867,534.206624,0.600756,0,0,0,0,0
0,92,trunk,534.206626,534.210315,0.003689,431890432,-337,1,0,0
0,92,expert,534.231418,534.402361,0.170943,210665472,0,0,12,0
0,92,compute,534.210316,534.518234,0.307918,0,0,0,0,0
0,0,trunk,534.621775,534.621813,0.000038,0,-337,0,0,0
0,0,compute,534.621814,534.724475,0.102661,0,0,0,0,0
0,1,trunk,534.724477,534.727806,0.003329,0,-336,0,0,0
0,1,expert,534.765717,534.966520,0.200804,245776384,0,0,14,0
0,1,compute,534.727808,535.086316,0.358508,0,0,0,0,0
0,2,trunk,535.086317,535.089707,0.003390,0,-335,0,0,0
0,2,expert,535.142432,535.319093,0.176661,210665472,0,0,12,0
0,2,compute,535.089709,535.434267,0.344558,0,0,0,0,0
0,3,trunk,535.434269,535.437919,0.003650,0,-334,0,0,0
0,3,expert,535.458357,535.606484,0.148127,175554560,0,0,10,0
0,3,compute,535.437920,535.726220,0.288300,0,0,0,0,0
0,4,trunk,535.726222,535.729635,0.003413,0,-333,0,0,0
0,4,expert,535.768602,535.947386,0.178784,210665472,0,0,12,0
0,4,compute,535.729638,536.058314,0.328677,0,0,0,0,0
0,5,trunk,536.058316,536.061655,0.003340,0,-332,0,0,0
0,5,expert,536.100516,536.206593,0.106077,122888192,0,0,7,0
0,5,compute,536.061657,536.338173,0.276515,0,0,0,0,0
0,6,trunk,536.338174,536.341637,0.003463,0,-331,0,0,0
0,6,expert,536.398430,536.613867,0.215437,263331840,0,0,15,0
0,6,compute,536.341639,536.703631,0.361992,0,0,0,0,0
0,7,trunk,536.703633,536.707015,0.003383,0,-330,0,0,0
0,7,expert,536.728465,536.931161,0.202696,245776384,0,0,14,0
0,7,compute,536.707017,537.042209,0.335192,0,0,0,0,0
0,8,trunk,537.042211,537.045528,0.003317,0,-329,0,0,0
0,8,expert,537.122695,537.324344,0.201649,245776384,0,0,14,0
0,8,compute,537.045531,537.415417,0.369886,0,0,0,0,0
0,9,trunk,537.415418,537.418802,0.003384,0,-328,0,0,0
0,9,expert,537.457287,537.638878,0.181591,210665472,0,0,12,0
0,9,compute,537.418803,537.759019,0.340215,0,0,0,0,0
0,10,trunk,537.759021,537.762358,0.003337,0,-327,0,0,0
0,10,expert,537.802380,537.946415,0.144035,175554560,0,0,10,0
0,10,compute,537.762360,538.063000,0.300640,0,0,0,0,0
0,11,trunk,538.063002,538.066420,0.003418,0,-326,0,0,0
0,11,expert,538.092041,538.266461,0.174420,210665472,0,0,12,0
0,11,compute,538.066422,538.379028,0.312606,0,0,0,0,0
0,12,trunk,538.379030,538.382369,0.003339,0,-325,0,0,0
0,12,expert,538.430467,538.624936,0.194469,228220928,0,0,13,0
0,12,compute,538.382371,538.738205,0.355834,0,0,0,0,0
0,13,trunk,538.738207,538.741638,0.003431,0,-324,0,0,0
0,13,expert,538.779632,538.980705,0.201074,228220928,0,0,13,0
0,13,compute,538.741640,539.071479,0.329840,0,0,0,0,0
0,14,trunk,539.071481,539.074923,0.003442,0,-323,0,0,0
0,14,expert,539.115477,539.355266,0.239788,280887296,0,0,16,0
0,14,compute,539.074925,539.470215,0.395290,0,0,0,0,0
0,15,trunk,539.470216,539.473861,0.003645,0,-322,0,0,0
0,15,expert,539.495993,539.705551,0.209558,245776384,0,0,14,0
0,15,compute,539.473862,539.795831,0.321969,0,0,0,0,0
0,16,trunk,539.795833,539.799193,0.003360,0,-321,0,0,0
0,16,expert,539.837557,540.002326,0.164769,193110016,0,0,11,0
0,16,compute,539.799195,540.114337,0.315142,0,0,0,0,0
0,17,trunk,540.114338,540.117690,0.003353,0,-320,0,0,0
0,17,expert,540.157373,540.346790,0.189417,228220928,0,0,13,0
0,17,compute,540.117692,540.466203,0.348511,0,0,0,0,0
0,18,trunk,540.466205,540.469625,0.003420,0,-319,0,0,0
0,18,expert,540.508317,540.686584,0.178267,210665472,0,0,12,0
0,18,compute,540.469627,540.783278,0.313652,0,0,0,0,0
0,19,trunk,540.783280,540.786792,0.003511,0,-318,0,0,0
0,19,expert,540.807785,541.018712,0.210927,245776384,0,0,14,0
0,19,compute,540.786793,541.134251,0.347457,0,0,0,0,0
0,20,trunk,541.134253,541.137586,0.003333,0,-317,0,0,0
0,20,expert,541.214187,541.365952,0.151765,175554560,0,0,10,0
0,20,compute,541.137588,541.458917,0.321329,0,0,0,0,0
0,21,trunk,541.458919,541.462262,0.003343,0,-316,0,0,0
0,21,expert,541.514854,542.171887,0.657033,228220928,0,0,13,0
0,21,compute,541.462283,542.264795,0.802512,0,0,0,0,0
0,22,trunk,542.264797,542.268377,0.003580,645562368,-316,1,0,0
0,22,expert,542.319221,542.822041,0.502820,175554560,0,0,10,0
0,22,compute,542.268397,542.945065,0.676668,0,0,0,0,0
0,23,trunk,542.945067,542.948621,0.003555,431890432,-317,1,0,0
0,23,expert,542.981191,543.651983,0.670792,210665472,0,0,12,0
0,23,compute,542.948641,543.770215,0.821574,0,0,0,0,0
0,24,trunk,543.770217,543.773645,0.003429,645562368,-318,1,0,0
0,24,expert,543.829205,544.641282,0.812077,263331840,0,0,15,0
0,24,compute,543.773667,544.735892,0.962225,0,0,0,0,0
0,25,trunk,544.735894,544.739386,0.003492,645562368,-319,1,0,0
0,25,expert,544.792068,545.533954,0.741886,228220928,0,0,13,0
0,25,compute,544.739411,545.627574,0.888163,0,0,0,0,0
0,26,trunk,545.627576,545.631002,0.003426,645562368,-320,1,0,0
0,26,expert,545.678447,546.212651,0.534204,228220928,0,0,13,0
0,26,compute,545.631025,546.300880,0.669855,0,0,0,0,0
0,27,trunk,546.300902,546.304483,0.003580,431890432,-321,1,0,0
0,27,expert,546.334727,547.056407,0.721680,263331840,0,0,15,0
0,27,compute,546.304502,547.168055,0.863554,0,0,0,0,0
0,28,trunk,547.168057,547.171568,0.003511,645562368,-322,1,0,0
0,28,expert,547.225999,547.899359,0.673360,245776384,0,0,14,0
0,28,compute,547.171598,548.016375,0.844777,0,0,0,0,0
0,29,trunk,548.016378,548.019821,0.003444,645562368,-323,1,0,0
0,29,expert,548.074946,548.816981,0.742035,245776384,0,0,14,0
0,29,compute,548.019866,548.930212,0.910346,0,0,0,0,0
0,30,trunk,548.930215,548.933569,0.003355,645562368,-324,1,0,0
0,30,expert,548.982849,549.512839,0.529990,193110016,0,0,11,0
0,30,compute,548.933591,549.634229,0.700638,0,0,0,0,0
0,31,trunk,549.634231,549.637698,0.003468,431890432,-325,1,0,0
0,31,expert,549.673919,550.408094,0.734175,228220928,0,0,13,0
0,31,compute,549.637727,550.510849,0.873122,0,0,0,0,0
0,32,trunk,550.510851,550.514279,0.003428,645562368,-326,1,0,0
0,32,expert,550.569356,551.268173,0.698816,193110016,0,0,11,0
0,32,compute,550.514301,551.382316,0.868014,0,0,0,0,0
0,33,trunk,551.382318,551.385889,0.003572,645562368,-327,1,0,0
0,33,expert,551.438485,552.218893,0.780408,245776384,0,0,14,0
0,33,compute,551.385912,552.315043,0.929131,0,0,0,0,0
0,34,trunk,552.315044,552.318409,0.003365,645562368,-328,1,0,0
0,34,expert,552.369255,552.929970,0.560715,245776384,0,0,14,0
0,34,compute,552.318431,553.042242,0.723810,0,0,0,0,0
0,35,trunk,553.042244,553.045815,0.003571,431890432,-329,1,0,0
0,35,expert,553.080813,553.791095,0.710281,193110016,0,0,11,0
0,35,compute,553.045837,553.886745,0.840908,0,0,0,0,0
0,36,trunk,553.886747,553.890180,0.003433,645562368,-330,1,0,0
0,36,expert,553.945304,554.694824,0.749520,245776384,0,0,14,0
0,36,compute,553.890203,554.806437,0.916233,0,0,0,0,0
0,37,trunk,554.806439,554.809909,0.003471,645562368,-331,1,0,0
0,37,expert,554.863386,555.601188,0.737801,245776384,0,0,14,0
0,37,compute,554.809933,555.722197,0.912264,0,0,0,0,0
0,38,trunk,555.722199,555.725583,0.003383,645562368,-332,1,0,0
0,38,expert,555.774091,556.263718,0.489627,193110016,0,0,11,0
0,38,compute,555.725611,556.357788,0.632177,0,0,0,0,0
0,39,trunk,556.357790,556.361284,0.003494,431890432,-333,1,0,0
0,39,expert,556.399321,557.141848,0.742528,245776384,0,0,14,0
0,39,compute,556.361305,557.254316,0.893010,0,0,0,0,0
0,40,trunk,557.254318,557.257841,0.003523,645562368,-334,1,0,0
0,40,expert,557.315983,558.046674,0.730691,228220928,0,0,13,0
0,40,compute,557.257864,558.158219,0.900355,0,0,0,0,0
0,41,trunk,558.158221,558.161735,0.003514,645562368,-335,1,0,0
0,41,expert,558.217114,558.873225,0.656111,157999104,0,0,9,0
0,41,compute,558.161784,558.986195,0.824410,0,0,0,0,0
0,42,trunk,558.986196,558.989583,0.003387,645562368,-336,1,0,0
0,42,expert,559.037865,559.515880,0.478015,140443648,0,0,8,0
0,42,compute,558.989605,559.608920,0.619315,0,0,0,0,0
0,43,trunk,559.608922,559.612446,0.003524,431890432,-337,1,0,0
0,43,expert,559.643564,560.361479,0.717914,157999104,0,0,9,0
0,43,compute,559.612463,560.478737,0.866275,0,0,0,0,0
0,44,trunk,560.478739,560.482159,0.003420,645562368,-338,1,0,0
0,44,expert,560.534410,561.271813,0.737403,210665472,0,0,12,0
0,44,compute,560.482181,561.378161,0.895980,0,0,0,0,0
0,45,trunk,561.378162,561.381589,0.003427,645562368,-339,1,0,0
0,45,expert,561.453808,561.902110,0.448302,175554560,0,0,10,0
0,45,compute,561.381610,562.022208,0.640597,0,0,0,0,0
0,46,trunk,562.022210,562.145041,0.122831,645562368,-340,1,0,0
0,46,expert,562.194663,562.695593,0.500931,175554560,0,0,10,0
0,46,compute,562.145087,562.801481,0.656394,0,0,0,0,0
0,47,trunk,562.801483,562.805247,0.003764,431890432,-341,1,0,0
0,47,expert,562.838489,563.535845,0.697356,193110016,0,0,11,0
0,47,compute,562.805268,563.624126,0.818858,0,0,0,0,0
0,48,trunk,563.624128,563.627488,0.003360,645562368,-342,1,0,0
0,48,expert,563.678408,564.389371,0.710963,228220928,0,0,13,0
0,48,compute,563.627511,564.502257,0.874747,0,0,0,0,0
0,49,trunk,564.502259,564.505708,0.003449,645562368,-343,1,0,0
0,49,expert,564.561231,565.346536,0.785305,263331840,0,0,15,0
0,49,compute,564.505730,565.462257,0.956528,0,0,0,0,0
0,50,trunk,565.462259,565.465829,0.003570,645562368,-344,1,0,0
0,50,expert,565.529359,566.044787,0.515428,210665472,0,0,12,0
0,50,compute,565.465853,566.167026,0.701173,0,0,0,0,0
0,51,trunk,566.167028,566.170735,0.003707,431890432,-345,1,0,0
0,51,expert,566.209376,566.899648,0.690272,193110016,0,0,11,0
0,51,compute,566.170779,567.010205,0.839426,0,0,0,0,0
0,52,trunk,567.010207,567.013678,0.003471,645562368,-346,1,0,0
0,52,expert,567.068585,567.770505,0.701920,228220928,0,0,13,0
0,52,compute,567.013699,567.890226,0.876526,0,0,0,0,0
0,53,trunk,567.890228,567.893685,0.003457,645562368,-347,1,0,0
0,53,expert,567.948147,568.667610,0.719463,210665472,0,0,12,0
0,53,compute,567.893706,568.764848,0.871142,0,0,0,0,0
0,54,trunk,568.764850,568.768560,0.003710,645562368,-348,1,0,0
0,54,expert,568.827327,569.340715,0.513388,210665472,0,0,12,0
0,54,compute,568.768586,569.441769,0.673184,0,0,0,0,0
0,55,trunk,569.441771,569.445372,0.003601,431890432,-349,1,0,0
0,55,expert,569.478368,570.194801,0.716433,210665472,0,0,12,0
0,55,compute,569.445399,570.310234,0.864834,0,0,0,0,0
0,56,trunk,570.310236,570.313668,0.003432,645562368,-350,1,0,0
0,56,expert,570.370926,570.996801,0.625875,193110016,0,0,11,0
0,56,compute,570.313690,571.094696,0.781006,0,0,0,0,0
0,57,trunk,571.094698,571.098134,0.003436,645562368,-351,1,0,0
0,57,expert,571.152351,571.910847,0.758496,245776384,0,0,14,0
0,57,compute,571.098162,572.023039,0.924878,0,0,0,0,0
0,58,trunk,572.023041,572.026477,0.003436,645562368,-352,1,0,0
0,58,expert,572.073579,572.587894,0.514315,175554560,0,0,10,0
0,58,compute,572.026502,572.685208,0.658706,0,0,0,0,0
0,59,trunk,572.685210,572.688746,0.003535,431890432,-353,1,0,0
0,59,expert,572.723310,573.415957,0.692648,157999104,0,0,9,0
0,59,compute,572.688764,573.507075,0.818311,0,0,0,0,0
0,60,trunk,573.507077,573.510512,0.003435,645562368,-354,1,0,0
0,60,expert,573.561036,574.300175,0.739138,210665472,0,0,12,0
0,60,compute,573.510535,574.388967,0.878432,0,0,0,0,0
0,61,trunk,574.388969,574.392513,0.003545,645562368,-355,1,0,0
0,61,expert,574.445954,575.148326,0.702371,210665472,0,0,12,0
0,61,compute,574.392533,575.240711,0.848178,0,0,0,0,0
0,62,trunk,575.240713,575.244149,0.003436,645562368,-356,1,0,0
0,62,expert,575.289021,575.768689,0.479668,228220928,0,0,13,0
0,62,compute,575.244183,576.023972,0.779789,0,0,0,0,0
0,63,trunk,576.023974,576.027513,0.003539,431890432,-357,1,0,0
0,63,expert,576.056523,576.794083,0.737560,210665472,0,0,12,0
0,63,compute,576.027535,576.906169,0.878634,0,0,0,0,0
0,64,trunk,576.906171,576.909558,0.003387,645562368,-358,1,0,0
0,64,expert,577.000000,577.676441,0.676442,210665472,0,0,12,0
0,64,compute,576.909612,577.773703,0.864091,0,0,0,0,0
0,65,trunk,577.773704,577.777410,0.003705,645562368,-359,1,0,0
0,65,expert,577.831163,578.529410,0.698246,193110016,0,0,11,0
0,65,compute,577.777432,578.647079,0.869646,0,0,0,0,0
0,66,trunk,578.647081,578.650479,0.003399,645562368,-360,1,0,0
0,66,expert,578.702539,579.207147,0.504608,175554560,0,0,10,0
0,66,compute,578.650500,579.318209,0.667710,0,0,0,0,0
0,67,trunk,579.318211,579.321757,0.003546,431890432,-361,1,0,0
0,67,expert,579.350524,579.995914,0.645391,228220928,0,0,13,0
0,67,compute,579.321778,580.088465,0.766687,0,0,0,0,0
0,68,trunk,580.088467,580.100948,0.012482,645562368,-362,1,0,0
0,68,expert,580.147684,584.447484,4.299799,210665472,0,0,12,0
0,68,compute,580.100997,584.558192,4.457195,0,0,0,0,0
0,69,trunk,584.558194,584.629269,0.071075,645562368,-363,1,0,0
0,69,expert,584.671983,592.628453,7.956470,210665472,0,0,12,0
0,69,compute,584.629323,592.722286,8.092963,0,0,0,0,0
0,70,trunk,592.722288,592.857126,0.134838,645562368,-364,1,0,0
0,70,expert,592.905299,593.400259,0.494960,175554560,0,0,10,0
0,70,compute,592.857181,593.493024,0.635844,0,0,0,0,0
0,71,trunk,593.493027,593.496632,0.003606,431890432,-365,1,0,0
0,71,expert,593.528486,594.216564,0.688078,175554560,0,0,10,0
0,71,compute,593.496678,594.313898,0.817220,0,0,0,0,0
0,72,trunk,594.313900,594.317336,0.003436,645562368,-366,1,0,0
0,72,expert,594.374409,595.090162,0.715753,193110016,0,0,11,0
0,72,compute,594.317357,595.203039,0.885681,0,0,0,0,0
0,73,trunk,595.203040,595.206770,0.003729,645562368,-367,1,0,0
0,73,expert,595.259341,596.000196,0.740855,228220928,0,0,13,0
0,73,compute,595.206792,596.088613,0.881821,0,0,0,0,0
0,74,trunk,596.088614,596.092065,0.003451,645562368,-368,1,0,0
0,74,expert,596.142882,596.654583,0.511701,122888192,0,0,7,0
0,74,compute,596.092083,596.767000,0.674916,0,0,0,0,0
0,75,trunk,596.767001,596.770524,0.003523,431890432,-369,1,0,0
0,75,expert,596.798504,597.481262,0.682758,140443648,0,0,8,0
0,75,compute,596.770545,597.580994,0.810448,0,0,0,0,0
0,76,trunk,597.580996,597.584492,0.003496,645562368,-370,1,0,0
0,76,expert,597.640115,598.297586,0.657470,175554560,0,0,10,0
0,76,compute,597.584511,598.410258,0.825747,0,0,0,0,0
0,77,trunk,598.410260,598.413779,0.003518,645562368,-371,1,0,0
0,77,expert,598.467158,599.126519,0.659361,157999104,0,0,9,0
0,77,compute,598.413802,599.242249,0.828447,0,0,0,0,0
0,78,trunk,599.242251,599.245993,0.003742,645562368,-372,1,0,0
0,78,expert,599.293806,599.805776,0.511970,193110016,0,0,11,0
0,78,compute,599.246021,599.928047,0.682026,0,0,0,0,0
0,79,trunk,599.928049,599.931497,0.003448,431890432,-373,1,0,0
0,79,expert,599.986382,600.569631,0.583249,157999104,0,0,9,0
0,79,compute,599.931520,600.690201,0.758681,0,0,0,0,0
0,80,trunk,600.690203,600.693576,0.003373,645562368,-374,1,0,0
0,80,expert,600.749700,601.416037,0.666337,175554560,0,0,10,0
0,80,compute,600.693598,601.530248,0.836649,0,0,0,0,0
0,81,trunk,601.530250,601.533699,0.003450,645562368,-375,1,0,0
0,81,expert,601.582268,602.331304,0.749035,228220928,0,0,13,0
0,81,compute,601.533720,602.447016,0.913296,0,0,0,0,0
0,82,trunk,602.447018,602.450608,0.003590,645562368,-376,1,0,0
0,82,expert,602.497721,603.019038,0.521317,193110016,0,0,11,0
0,82,compute,602.450630,603.134209,0.683579,0,0,0,0,0
0,83,trunk,603.134211,603.137702,0.003490,431890432,-377,1,0,0
0,83,expert,603.173391,603.896218,0.722827,193110016,0,0,11,0
0,83,compute,603.137722,603.984834,0.847112,0,0,0,0,0
0,84,trunk,603.984836,603.988597,0.003761,645562368,-378,1,0,0
0,84,expert,604.040140,604.592652,0.552513,210665472,0,0,12,0
0,84,compute,603.988623,604.710298,0.721675,0,0,0,0,0
0,85,trunk,604.710299,604.762631,0.052332,645562368,-379,1,0,0
0,85,expert,604.823344,605.519952,0.696608,175554560,0,0,10,0
0,85,compute,604.762699,605.626174,0.863475,0,0,0,0,0
0,86,trunk,605.626176,605.629473,0.003298,645562368,-380,1,0,0
0,86,expert,605.677530,606.191448,0.513918,193110016,0,0,11,0
0,86,compute,605.629494,606.311022,0.681528,0,0,0,0,0
0,87,trunk,606.311024,606.314720,0.003696,431890432,-381,1,0,0
0,87,expert,606.348226,606.946192,0.597966,157999104,0,0,9,0
0,87,compute,606.314743,607.062193,0.747451,0,0,0,0,0
0,88,trunk,607.062195,607.065777,0.003582,645562368,-382,1,0,0
0,88,expert,607.120610,607.712408,0.591799,193110016,0,0,11,0
0,88,compute,607.065801,607.825866,0.760064,0,0,0,0,0
0,89,trunk,607.825868,607.829411,0.003543,645562368,-383,1,0,0
0,89,expert,607.880064,608.562836,0.682772,122888192,0,0,7,0
0,89,compute,607.829434,608.674205,0.844771,0,0,0,0,0
0,90,trunk,608.674207,608.677814,0.003607,645562368,-384,1,0,0
0,90,expert,608.749086,609.186901,0.437814,140443648,0,0,8,0
0,90,compute,608.677836,609.275317,0.597482,0,0,0,0,0
0,91,trunk,609.275319,609.278854,0.003534,431890432,-385,1,0,0
0,91,expert,609.308812,609.776350,0.467538,140443648,0,0,8,0
0,91,compute,609.278875,609.865108,0.586233,0,0,0,0,0
0,92,trunk,609.865110,609.868470,0.003360,431890432,-386,1,0,0
0,92,expert,609.889584,610.045132,0.155549,193110016,0,0,11,0
0,92,compute,609.868471,610.290719,0.422248,0,0,0,0,0
0,0,trunk,610.389324,610.389359,0.000036,0,-386,0,0,0
0,0,compute,610.389361,610.499899,0.110538,0,0,0,0,0
0,1,trunk,610.499900,610.503521,0.003621,0,-385,0,0,0
0,1,expert,610.545516,610.761262,0.215747,263331840,0,0,15,0
0,1,compute,610.503523,610.877726,0.374203,0,0,0,0,0
0,2,trunk,610.877727,610.881182,0.003454,0,-384,0,0,0
0,2,expert,610.933759,611.140632,0.206873,245776384,0,0,14,0
0,2,compute,610.881184,611.233596,0.352412,0,0,0,0,0
0,3,trunk,611.233597,611.237067,0.003470,0,-383,0,0,0
0,3,expert,611.257748,611.405218,0.147470,175554560,0,0,10,0
0,3,compute,611.237069,611.526166,0.289097,0,0,0,0,0
0,4,trunk,611.526167,611.529595,0.003428,0,-382,0,0,0
0,4,expert,611.591234,611.798541,0.207308,245776384,0,0,14,0
0,4,compute,611.529597,611.914221,0.384624,0,0,0,0,0
0,5,trunk,611.914223,611.917527,0.003304,0,-381,0,0,0
0,5,expert,611.961937,612.152218,0.190280,228220928,0,0,13,0
0,5,compute,611.917528,612.247213,0.329685,0,0,0,0,0
0,6,trunk,612.247215,612.250674,0.003459,0,-380,0,0,0
0,6,expert,612.291547,612.510973,0.219426,263331840,0,0,15,0
0,6,compute,612.250676,612.603541,0.352865,0,0,0,0,0
0,7,trunk,612.603542,612.606971,0.003429,0,-379,0,0,0
0,7,expert,612.628321,612.842877,0.214556,263331840,0,0,15,0
0,7,compute,612.607005,612.954067,0.347062,0,0,0,0,0
0,8,trunk,612.954069,612.957424,0.003355,0,-378,0,0,0
0,8,expert,613.034823,613.253391,0.218568,263331840,0,0,15,0
0,8,compute,612.957425,613.370226,0.412800,0,0,0,0,0
0,9,trunk,613.370227,613.373598,0.003371,0,-377,0,0,0
0,9,expert,613.417385,613.630737,0.213352,263331840,0,0,15,0
0,9,compute,613.373600,613.738215,0.364615,0,0,0,0,0
0,10,trunk,613.738217,613.741795,0.003578,0,-376,0,0,0
0,10,expert,613.784433,613.953127,0.168694,210665472,0,0,12,0
0,10,compute,613.741797,614.067071,0.325274,0,0,0,0,0
0,11,trunk,614.067073,614.070526,0.003453,0,-375,0,0,0
0,11,expert,614.091906,614.277671,0.185765,228220928,0,0,13,0
0,11,compute,614.070527,614.398234,0.327707,0,0,0,0,0
0,12,trunk,614.398236,614.401722,0.003486,0,-374,0,0,0
0,12,expert,614.444477,614.628018,0.183541,228220928,0,0,13,0
0,12,compute,614.401724,614.720597,0.318873,0,0,0,0,0
0,13,trunk,614.720598,614.723932,0.003334,0,-373,0,0,0
0,13,expert,614.764368,614.979614,0.215246,263331840,0,0,15,0
0,13,compute,614.723934,615.075559,0.351625,0,0,0,0,0
0,14,trunk,615.075560,615.079068,0.003508,0,-372,0,0,0
0,14,expert,615.131454,615.369720,0.238267,280887296,0,0,16,0
0,14,compute,615.079071,615.483014,0.403944,0,0,0,0,0
0,15,trunk,615.483016,615.486644,0.003628,0,-371,0,0,0
0,15,expert,615.511924,615.730390,0.218466,263331840,0,0,15,0
0,15,compute,615.486646,615.846581,0.359936,0,0,0,0,0
0,16,trunk,615.846583,615.849930,0.003347,0,-370,0,0,0
0,16,expert,615.887861,616.100107,0.212246,245776384,0,0,14,0
0,16,compute,615.849932,616.192572,0.342641,0,0,0,0,0
0,17,trunk,616.192574,616.195921,0.003347,0,-369,0,0,0
0,17,expert,616.245191,616.433756,0.188565,228220928,0,0,13,0
0,17,compute,616.195923,616.550186,0.354263,0,0,0,0,0
0,18,trunk,616.550188,616.553404,0.003217,0,-368,0,0,0
0,18,expert,616.612073,616.780023,0.167950,193110016,0,0,11,0
0,18,compute,616.553406,616.875081,0.321675,0,0,0,0,0
0,19,trunk,616.875082,616.878562,0.003479,0,-367,0,0,0
0,19,expert,616.899433,617.120124,0.220691,263331840,0,0,15,0
0,19,compute,616.878563,617.227002,0.348439,0,0,0,0,0
0,20,trunk,617.227003,617.230326,0.003323,0,-366,0,0,0
0,20,expert,617.314250,617.486016,0.171766,210665472,0,0,12,0
0,20,compute,617.230327,617.594184,0.363857,0,0,0,0,0
0,21,trunk,617.594186,617.597732,0.003546,0,-365,0,0,0
0,21,expert,617.657187,618.401771,0.744584,245776384,0,0,14,0
0,21,compute,617.597754,618.494168,0.896414,0,0,0,0,0
0,22,trunk,618.494169,618.497941,0.003772,645562368,-365,1,0,0
0,22,expert,618.548236,619.115906,0.567670,245776384,0,0,14,0
0,22,compute,618.497985,619.208661,0.710676,0,0,0,0,0
0,23,trunk,619.208663,619.212099,0.003436,431890432,-366,1,0,0
0,23,expert,619.240172,619.955129,0.714957,245776384,0,0,14,0
0,23,compute,619.212115,620.062217,0.850102,0,0,0,0,0
0,24,trunk,620.062219,620.065742,0.003523,645562368,-367,1,0,0
0,24,expert,620.113509,620.936531,0.823022,263331840,0,0,15,0
0,24,compute,620.065765,621.051060,0.985295,0,0,0,0,0
0,25,trunk,621.051062,621.054971,0.003909,645562368,-368,1,0,0
0,25,expert,621.106364,621.853432,0.747067,228220928,0,0,13,0
0,25,compute,621.054994,621.966417,0.911422,0,0,0,0,0
0,26,trunk,621.966418,621.970000,0.003581,645562368,-369,1,0,0
0,26,expert,622.019856,622.575979,0.556123,245776384,0,0,14,0
0,26,compute,621.970023,622.669565,0.699542,0,0,0,0,0
0,27,trunk,622.669567,622.673069,0.003502,431890432,-370,1,0,0
0,27,expert,622.709337,623.439877,0.730540,280887296,0,0,16,0
0,27,compute,622.673106,623.558197,0.885091,0,0,0,0,0
0,28,trunk,623.558198,623.561600,0.003402,645562368,-371,1,0,0
0,28,expert,623.623496,624.310592,0.687096,263331840,0,0,15,0
0,28,compute,623.566904,624.415524,0.848619,0,0,0,0,0
0,29,trunk,624.415526,624.418948,0.003423,645562368,-372,1,0,0
0,29,expert,624.472806,625.088612,0.615806,228220928,0,0,13,0
0,29,compute,624.418969,625.185858,0.766889,0,0,0,0,0
0,30,trunk,625.185860,625.208979,0.023119,645562368,-373,1,0,0
0,30,expert,625.256629,625.796226,0.539597,210665472,0,0,12,0
0,30,compute,625.209038,625.902219,0.693181,0,0,0,0,0
0,31,trunk,625.902221,625.905681,0.003460,431890432,-374,1,0,0
0,31,expert,625.942354,626.686758,0.744403,263331840,0,0,15,0
0,31,compute,625.905747,626.794185,0.888438,0,0,0,0,0
0,32,trunk,626.794207,626.797719,0.003511,645562368,-375,1,0,0
0,32,expert,626.849593,627.560589,0.710996,210665472,0,0,12,0
0,32,compute,626.797742,627.672126,0.874384,0,0,0,0,0
0,33,trunk,627.672128,627.675620,0.003492,645562368,-376,1,0,0
0,33,expert,627.722735,628.516978,0.794243,245776384,0,0,14,0
0,33,compute,627.675651,628.635104,0.959453,0,0,0,0,0
0,34,trunk,628.635105,628.638536,0.003431,645562368,-377,1,0,0
0,34,expert,628.710061,629.238885,0.528824,228220928,0,0,13,0
0,34,compute,628.638559,629.358994,0.720435,0,0,0,0,0
0,35,trunk,629.358996,629.362602,0.003606,431890432,-378,1,0,0
0,35,expert,629.398075,630.155554,0.757479,228220928,0,0,13,0
0,35,compute,629.362624,630.266164,0.903540,0,0,0,0,0
0,36,trunk,630.266166,630.269509,0.003343,645562368,-379,1,0,0
0,36,expert,630.324078,631.059333,0.735256,228220928,0,0,13,0
0,36,compute,630.269530,631.182387,0.912857,0,0,0,0,0
0,37,trunk,631.182389,631.185771,0.003382,645562368,-380,1,0,0
0,37,expert,631.240282,631.977932,0.737649,245776384,0,0,14,0
0,37,compute,631.185793,632.090248,0.904455,0,0,0,0,0
0,38,trunk,632.090249,632.093682,0.003432,645562368,-381,1,0,0
0,38,expert,632.139623,632.632471,0.492848,210665472,0,0,12,0
0,38,compute,632.093710,632.725254,0.631544,0,0,0,0,0
0,39,trunk,632.725256,632.728716,0.003461,431890432,-382,1,0,0
0,39,expert,632.762872,633.489178,0.726306,228220928,0,0,13,0
0,39,compute,632.728736,633.606183,0.877447,0,0,0,0,0
0,40,trunk,633.606185,633.609744,0.003559,645562368,-383,1,0,0
0,40,expert,633.690899,634.407027,0.716127,228220928,0,0,13,0
0,40,compute,633.609768,634.526236,0.916468,0,0,0,0,0
0,41,trunk,634.526238,634.529357,0.003119,645562368,-384,1,0,0
0,41,expert,634.581284,635.271960,0.690676,193110016,0,0,11,0
0,41,compute,634.529380,635.386206,0.856826,0,0,0,0,0
0,42,trunk,635.386208,635.389830,0.003623,645562368,-385,1,0,0
0,42,expert,635.439458,635.922046,0.482588,157999104,0,0,9,0
0,42,compute,635.389851,636.016878,0.627027,0,0,0,0,0
0,43,trunk,636.016880,636.020437,0.003557,431890432,-386,1,0,0
0,43,expert,636.051406,636.784107,0.732701,175554560,0,0,10,0
0,43,compute,636.020457,636.902331,0.881874,0,0,0,0,0
0,44,trunk,636.902333,636.905902,0.003569,645562368,-387,1,0,0
0,44,expert,636.956247,637.702082,0.745835,228220928,0,0,13,0
0,44,compute,636.905923,637.795649,0.889725,0,0,0,0,0
0,45,trunk,637.795651,637.799088,0.003438,645562368,-388,1,0,0
0,45,expert,637.855843,638.611503,0.755660,245776384,0,0,14,0
0,45,compute,637.799119,638.732709,0.933590,0,0,0,0,0
0,46,trunk,638.732711,638.736313,0.003602,645562368,-389,1,0,0
0,46,expert,638.784736,639.340193,0.555457,228220928,0,0,13,0
0,46,compute,638.736331,639.462287,0.725956,0,0,0,0,0
0,47,trunk,639.462289,639.465655,0.003366,431890432,-390,1,0,0
0,47,expert,639.498194,640.215826,0.717632,228220928,0,0,13,0
0,47,compute,639.465676,640.305693,0.840016,0,0,0,0,0
0,48,trunk,640.305694,640.309176,0.003482,645562368,-391,1,0,0
0,48,expert,640.359524,641.053505,0.693981,210665472,0,0,12,0
0,48,compute,640.309194,641.171000,0.861805,0,0,0,0,0
0,49,trunk,641.171002,641.174491,0.003490,645562368,-392,1,0,0
0,49,expert,641.228981,641.993323,0.764342,263331840,0,0,15,0
0,49,compute,641.174513,642.086425,0.911911,0,0,0,0,0
0,50,trunk,642.086427,642.090027,0.003600,645562368,-393,1,0,0
0,50,expert,642.139110,642.697458,0.558348,245776384,0,0,14,0
0,50,compute,642.090057,642.810333,0.720275,0,0,0,0,0
0,51,trunk,642.810335,642.813772,0.003437,431890432,-394,1,0,0
0,51,expert,642.841982,643.550274,0.708292,210665472,0,0,12,0
0,51,compute,642.813793,643.646031,0.832238,0,0,0,0,0
0,52,trunk,643.646033,643.649591,0.003557,645562368,-395,1,0,0
0,52,expert,643.697761,644.374399,0.676638,210665472,0,0,12,0
0,52,compute,643.649614,644.486244,0.836631,0,0,0,0,0
0,53,trunk,644.486246,644.489693,0.003447,645562368,-396,1,0,0
0,53,expert,644.537901,645.260790,0.722889,228220928,0,0,13,0
0,53,compute,644.489715,645.352809,0.863095,0,0,0,0,0
0,54,trunk,645.352811,645.356248,0.003438,645562368,-397,1,0,0
0,54,expert,645.404150,645.941221,0.537071,210665472,0,0,12,0
0,54,compute,645.356266,646.054259,0.697993,0,0,0,0,0
0,55,trunk,646.054261,646.057921,0.003660,431890432,-398,1,0,0
0,55,expert,646.091030,646.850072,0.759042,263331840,0,0,15,0
0,55,compute,646.057949,646.962218,0.904269,0,0,0,0,0
0,56,trunk,646.962220,646.965723,0.003504,645562368,-399,1,0,0
0,56,expert,647.020311,647.608645,0.588334,228220928,0,0,13,0
0,56,compute,646.965774,647.698129,0.732356,0,0,0,0,0
0,57,trunk,647.698131,647.746356,0.048225,645562368,-400,1,0,0
0,57,expert,647.795637,648.583042,0.787405,280887296,0,0,16,0
0,57,compute,647.746419,648.675058,0.928639,0,0,0,0,0
0,58,trunk,648.675060,648.678804,0.003744,645562368,-401,1,0,0
0,58,expert,648.728514,649.258651,0.530137,193110016,0,0,11,0
0,58,compute,648.678826,649.370242,0.691416,0,0,0,0,0
0,59,trunk,649.370244,649.373617,0.003373,431890432,-402,1,0,0
0,59,expert,649.410780,650.126733,0.715953,193110016,0,0,11,0
0,59,compute,649.373644,650.247012,0.873368,0,0,0,0,0
0,60,trunk,650.247014,650.250515,0.003501,645562368,-403,1,0,0
0,60,expert,650.299532,651.044918,0.745387,228220928,0,0,13,0
0,60,compute,650.250538,651.159039,0.908501,0,0,0,0,0
0,61,trunk,651.159041,651.162599,0.003557,645562368,-404,1,0,0
0,61,expert,651.213008,651.824210,0.611202,263331840,0,0,15,0
0,61,compute,651.162618,651.918832,0.756214,0,0,0,0,0
0,62,trunk,651.918835,651.966985,0.048150,645562368,-405,1,0,0
0,62,expert,652.013043,652.526987,0.513944,210665472,0,0,12,0
0,62,compute,651.967043,652.642274,0.675231,0,0,0,0,0
0,63,trunk,652.642275,652.645711,0.003436,431890432,-406,1,0,0
0,63,expert,652.678965,653.412362,0.733397,228220928,0,0,13,0
0,63,compute,652.645733,653.530166,0.884434,0,0,0,0,0
0,64,trunk,653.530168,653.533844,0.003676,645562368,-407,1,0,0
0,64,expert,653.584177,654.318329,0.734152,228220928,0,0,13,0
0,64,compute,653.533875,654.411146,0.877271,0,0,0,0,0
0,65,trunk,654.411148,654.415168,0.004020,645562368,-408,1,0,0
0,65,expert,654.474819,655.191153,0.716334,228220928,0,0,13,0
0,65,compute,654.415193,655.287741,0.872548,0,0,0,0,0
0,66,trunk,655.287743,655.291323,0.003580,645562368,-409,1,0,0
0,66,expert,655.336960,655.831358,0.494397,228220928,0,0,13,0
0,66,compute,655.291347,655.938166,0.646819,0,0,0,0,0
0,67,trunk,655.938168,655.941593,0.003425,431890432,-410,1,0,0
0,67,expert,655.972965,656.713681,0.740716,228220928,0,0,13,0
0,67,compute,655.941614,656.810984,0.869370,0,0,0,0,0
0,68,trunk,656.810986,656.814406,0.003421,645562368,-411,1,0,0
0,68,expert,656.867839,657.603403,0.735564,263331840,0,0,15,0
0,68,compute,656.814428,657.714198,0.899770,0,0,0,0,0
0,69,trunk,657.714199,657.717644,0.003445,645562368,-412,1,0,0
0,69,expert,657.769167,658.511180,0.742013,228220928,0,0,13,0
0,69,compute,657.717667,658.624075,0.906408,0,0,0,0,0
0,70,trunk,658.624077,658.627533,0.003456,645562368,-413,1,0,0
0,70,expert,658.682306,659.191990,0.509684,210665472,0,0,12,0
0,70,compute,658.627555,659.282651,0.655096,0,0,0,0,0
0,71,trunk,659.282653,659.286092,0.003440,431890432,-414,1,0,0
0,71,expert,659.322271,660.115320,0.793048,228220928,0,0,13,0
0,71,compute,659.286115,660.226256,0.940141,0,0,0,0,0
0,72,trunk,660.226257,660.230049,0.003791,645562368,-415,1,0,0
0,72,expert,660.289681,661.016431,0.726749,210665472,0,0,12,0
0,72,compute,660.230066,661.109536,0.879470,0,0,0,0,0
0,73,trunk,661.109538,661.112957,0.003419,645562368,-416,1,0,0
0,73,expert,661.168071,661.918266,0.750195,245776384,0,0,14,0
0,73,compute,661.112979,662.038041,0.925063,0,0,0,0,0
0,74,trunk,662.038043,662.041588,0.003544,645562368,-417,1,0,0
0,74,expert,662.092311,662.578882,0.486572,157999104,0,0,9,0
0,74,compute,662.041616,662.708290,0.666675,0,0,0,0,0
0,75,trunk,662.708292,662.711706,0.003414,431890432,-418,1,0,0
0,75,expert,662.758473,663.460625,0.702153,193110016,0,0,11,0
0,75,compute,662.711734,663.570315,0.858581,0,0,0,0,0
0,76,trunk,663.570317,663.573877,0.003560,645562368,-419,1,0,0
0,76,expert,663.625339,664.294729,0.669390,193110016,0,0,11,0
0,76,compute,663.573899,664.392645,0.818747,0,0,0,0,0
0,77,trunk,664.392647,664.396097,0.003450,645562368,-420,1,0,0
0,77,expert,664.450752,665.173568,0.722816,210665472,0,0,12,0
0,77,compute,664.396116,665.286186,0.890069,0,0,0,0,0
0,78,trunk,665.286187,665.289618,0.003431,645562368,-421,1,0,0
0,78,expert,665.342856,665.863814,0.520958,210665472,0,0,12,0
0,78,compute,665.289640,665.956790,0.667150,0,0,0,0,0
0,79,trunk,665.956792,665.960318,0.003527,431890432,-422,1,0,0
0,79,expert,665.991461,666.681973,0.690512,175554560,0,0,10,0
0,79,compute,665.960336,666.794207,0.833871,0,0,0,0,0
0,80,trunk,666.794209,666.797704,0.003494,645562368,-423,1,0,0
0,80,expert,666.853050,667.553255,0.700205,245776384,0,0,14,0
0,80,compute,666.797727,667.666201,0.868473,0,0,0,0,0
0,81,trunk,667.666203,667.669639,0.003436,645562368,-424,1,0,0
0,81,expert,667.726412,668.492575,0.766163,263331840,0,0,15,0
0,81,compute,667.669666,668.585975,0.916309,0,0,0,0,0
0,82,trunk,668.585977,668.589534,0.003556,645562368,-425,1,0,0
0,82,expert,668.639250,669.174202,0.534952,228220928,0,0,13,0
0,82,compute,668.589557,669.290327,0.700770,0,0,0,0,0
0,83,trunk,669.290329,669.293726,0.003397,431890432,-426,1,0,0
0,83,expert,669.329133,670.038429,0.709297,193110016,0,0,11,0
0,83,compute,669.293747,670.150210,0.856463,0,0,0,0,0
0,84,trunk,670.150212,670.153616,0.003404,645562368,-427,1,0,0
0,84,expert,670.208253,670.954883,0.746631,263331840,0,0,15,0
0,84,compute,670.153639,671.074259,0.920621,0,0,0,0,0
0,85,trunk,671.074261,671.077755,0.003494,645562368,-428,1,0,0
0,85,expert,671.133667,671.878440,0.744773,228220928,0,0,13,0
0,85,compute,671.077782,671.994183,0.916401,0,0,0,0,0
0,86,trunk,671.994184,671.997606,0.003422,645562368,-429,1,0,0
0,86,expert,672.050776,672.579560,0.528783,228220928,0,0,13,0
0,86,compute,671.997627,672.694410,0.696783,0,0,0,0,0
0,87,trunk,672.694413,672.697938,0.003525,431890432,-430,1,0,0
0,87,expert,672.726434,673.372610,0.646176,193110016,0,0,11,0
0,87,compute,672.697961,673.464649,0.766689,0,0,0,0,0
0,88,trunk,673.464651,673.468034,0.003383,645562368,-431,1,0,0
0,88,expert,673.520330,674.254133,0.733803,228220928,0,0,13,0
0,88,compute,673.468052,674.366252,0.898200,0,0,0,0,0
0,89,trunk,674.366253,674.369676,0.003423,645562368,-432,1,0,0
0,89,expert,674.425583,675.128229,0.702647,157999104,0,0,9,0
0,89,compute,674.369698,675.246229,0.876531,0,0,0,0,0
0,90,trunk,675.246231,675.249627,0.003396,645562368,-433,1,0,0
0,90,expert,675.303645,675.812728,0.509083,193110016,0,0,11,0
0,90,compute,675.249648,675.918206,0.668558,0,0,0,0,0
0,91,trunk,675.918208,675.921602,0.003393,431890432,-434,1,0,0
0,91,expert,675.951293,676.472672,0.521379,193110016,0,0,11,0
0,91,compute,675.921624,676.586171,0.664548,0,0,0,0,0
0,92,trunk,676.586173,676.589696,0.003523,431890432,-435,1,0,0
0,92,expert,676.613905,676.822126,0.208220,245776384,0,0,14,0
0,92,compute,676.589697,676.958203,0.368506,0,0,0,0,0
