token,layer,phase,t0,t1,dur_s,bytes,l1_hit,l1_miss,l2_hit,l2_miss
0,0,trunk,1770.664081,1773.042583,2.378502,2341216256,0,1,0,0
0,0,compute,1773.042584,1773.185585,0.143001,0,0,0,0,0
0,1,trunk,1773.185586,1773.864968,0.679382,645562368,-1,1,0,0
0,1,expert,1773.908197,1774.110156,0.201959,280887296,0,0,16,0
0,1,compute,1773.864970,1774.222248,0.357277,0,0,0,0,0
0,2,trunk,1774.222249,1775.042902,0.820653,645562368,-2,1,0,0
0,2,expert,1775.083058,1775.278409,0.195352,280887296,0,0,16,0
0,2,compute,1775.042904,1775.402515,0.359611,0,0,0,0,0
0,3,trunk,1775.402517,1775.819792,0.417275,431890432,-3,1,0,0
0,3,expert,1775.871026,1776.072714,0.201687,280887296,0,0,16,0
0,3,compute,1775.819794,1776.186204,0.366410,0,0,0,0,0
0,4,trunk,1776.186205,1776.730614,0.544409,645562368,-4,1,0,0
0,4,expert,1776.835673,1777.024073,0.188401,280887296,0,0,16,0
0,4,compute,1776.730616,1777.138776,0.408160,0,0,0,0,0
0,5,trunk,1777.138777,1777.782951,0.644174,645562368,-5,1,0,0
0,5,expert,1777.822253,1778.013725,0.191472,280887296,0,0,16,0
0,5,compute,1777.782953,1778.108530,0.325578,0,0,0,0,0
0,6,trunk,1778.108532,1778.742082,0.633550,645562368,-6,1,0,0
0,6,expert,1778.789840,1778.980463,0.190623,280887296,0,0,16,0
0,6,compute,1778.742084,1779.089359,0.347275,0,0,0,0,0
0,7,trunk,1779.089361,1779.523057,0.433696,431890432,-7,1,0,0
0,7,expert,1779.545999,1779.739828,0.193829,280887296,0,0,16,0
0,7,compute,1779.523058,1779.852617,0.329558,0,0,0,0,0
0,8,trunk,1779.852618,1780.450432,0.597813,645562368,-8,1,0,0
0,8,expert,1780.519957,1780.712944,0.192987,280887296,0,0,16,0
0,8,compute,1780.450434,1780.831058,0.380624,0,0,0,0,0
0,9,trunk,1780.831059,1781.509162,0.678103,645562368,-9,1,0,0
0,9,expert,1781.555709,1781.744045,0.188336,280887296,0,0,16,0
0,9,compute,1781.509164,1781.862197,0.353033,0,0,0,0,0
0,10,trunk,1781.862198,1782.558964,0.696766,645562368,-10,1,0,0
0,10,expert,1782.597988,1782.798675,0.200687,280887296,0,0,16,0
0,10,compute,1782.558966,1782.914259,0.355294,0,0,0,0,0
0,11,trunk,1782.914260,1783.359978,0.445718,431890432,-11,1,0,0
0,11,expert,1783.432450,1783.638725,0.206276,280887296,0,0,16,0
0,11,compute,1783.359980,1783.750198,0.390218,0,0,0,0,0
0,12,trunk,1783.750200,1784.407252,0.657052,645562368,-12,1,0,0
0,12,expert,1784.515743,1784.725159,0.209415,280887296,0,0,16,0
0,12,compute,1784.407254,1784.838238,0.430985,0,0,0,0,0
0,13,trunk,1784.838240,1785.546310,0.708071,645562368,-13,1,0,0
0,13,expert,1785.590370,1785.799445,0.209075,280887296,0,0,16,0
0,13,compute,1785.546312,1785.910227,0.363915,0,0,0,0,0
0,14,trunk,1785.910228,1786.716498,0.806270,645562368,-14,1,0,0
0,14,expert,1786.760229,1786.961294,0.201065,280887296,0,0,16,0
0,14,compute,1786.716501,1787.078982,0.362482,0,0,0,0,0
0,15,trunk,1787.078983,1787.527367,0.448384,431890432,-15,1,0,0
0,15,expert,1787.590477,1787.790035,0.199558,280887296,0,0,16,0
0,15,compute,1787.527369,1787.912057,0.384688,0,0,0,0,0
0,16,trunk,1787.912058,1788.717831,0.805773,645562368,-16,1,0,0
0,16,expert,1788.787284,1788.982089,0.194805,280887296,0,0,16,0
0,16,compute,1788.717833,1789.081320,0.363487,0,0,0,0,0
0,17,trunk,1789.081321,1789.907789,0.826468,645562368,-17,1,0,0
0,17,expert,1789.949717,1790.153897,0.204179,280887296,0,0,16,0
0,17,compute,1789.907790,1790.253598,0.345808,0,0,0,0,0
0,18,trunk,1790.253600,1791.005988,0.752388,645562368,-18,1,0,0
0,18,expert,1791.049742,1791.247431,0.197689,280887296,0,0,16,0
0,18,compute,1791.005990,1791.343076,0.337086,0,0,0,0,0
0,19,trunk,1791.343077,1791.889897,0.546820,431890432,-19,1,0,0
0,19,expert,1791.911969,1792.123734,0.211765,280887296,0,0,16,0
0,19,compute,1791.889899,1792.211237,0.321339,0,0,0,0,0
0,20,trunk,1792.211239,1793.048584,0.837345,645562368,-20,1,0,0
0,20,expert,1793.089585,1793.294926,0.205341,280887296,0,0,16,0
0,20,compute,1793.048585,1793.406225,0.357640,0,0,0,0,0
0,21,trunk,1793.406227,1794.117008,0.710781,645562368,-21,1,0,0
0,21,expert,1794.241459,1794.448832,0.207373,280887296,0,0,16,0
0,21,compute,1794.117053,1794.574240,0.457186,0,0,0,0,0
0,22,trunk,1794.574241,1795.083819,0.509578,645562368,-22,1,0,0
0,22,expert,1795.209507,1795.469393,0.259886,280887296,0,0,16,0
0,22,compute,1795.083864,1795.590177,0.506312,0,0,0,0,0
0,23,trunk,1795.590285,1795.616979,0.026694,431890432,-23,1,0,0
0,23,expert,1795.686146,1796.154843,0.468697,280887296,0,0,16,0
0,23,compute,1795.617027,1796.268036,0.651009,0,0,0,0,0
0,24,trunk,1796.268038,1796.272584,0.004546,645562368,-24,1,0,0
0,24,expert,1796.333168,1796.872792,0.539624,280887296,0,0,16,0
0,24,compute,1796.272600,1796.973288,0.700688,0,0,0,0,0
0,25,trunk,1796.973290,1796.996934,0.023644,645562368,-25,1,0,0
0,25,expert,1797.051340,1797.607672,0.556332,280887296,0,0,16,0
0,25,compute,1796.996971,1797.717898,0.720927,0,0,0,0,0
0,26,trunk,1797.717900,1797.721949,0.004049,645562368,-26,1,0,0
0,26,expert,1797.771803,1798.172198,0.400395,280887296,0,0,16,0
0,26,compute,1797.721985,1798.286057,0.564072,0,0,0,0,0
0,27,trunk,1798.286058,1798.289507,0.003449,431890432,-27,1,0,0
0,27,expert,1798.329037,1798.812433,0.483396,280887296,0,0,16,0
0,27,compute,1798.289527,1798.926144,0.636617,0,0,0,0,0
0,28,trunk,1798.926146,1798.929687,0.003541,645562368,-28,1,0,0
0,28,expert,1798.986859,1799.463557,0.476698,280887296,0,0,16,0
0,28,compute,1798.929707,1799.584040,0.654333,0,0,0,0,0
0,29,trunk,1799.584042,1799.587327,0.003285,645562368,-29,1,0,0
0,29,expert,1799.649278,1800.162889,0.513610,280887296,0,0,16,0
0,29,compute,1799.587350,1800.276037,0.688688,0,0,0,0,0
0,30,trunk,1800.276040,1800.279644,0.003604,645562368,-30,1,0,0
0,30,expert,1800.337349,1800.743231,0.405882,280887296,0,0,16,0
0,30,compute,1800.279667,1800.854170,0.574503,0,0,0,0,0
0,31,trunk,1800.854172,1800.857812,0.003640,431890432,-31,1,0,0
0,31,expert,1800.901219,1801.442804,0.541585,280887296,0,0,16,0
0,31,compute,1800.857833,1801.543283,0.685450,0,0,0,0,0
0,32,trunk,1801.543285,1801.546822,0.003537,645562368,-32,1,0,0
0,32,expert,1801.608290,1802.139253,0.530964,280887296,0,0,16,0
0,32,compute,1801.546844,1802.254442,0.707598,0,0,0,0,0
0,33,trunk,1802.254444,1802.257845,0.003401,645562368,-33,1,0,0
0,33,expert,1802.313732,1802.872747,0.559015,280887296,0,0,16,0
0,33,compute,1802.257867,1802.986165,0.728298,0,0,0,0,0
0,34,trunk,1802.986167,1802.989841,0.003674,645562368,-34,1,0,0
0,34,expert,1803.039448,1803.448070,0.408622,280887296,0,0,16,0
0,34,compute,1802.989863,1803.586310,0.596447,0,0,0,0,0
0,35,trunk,1803.586312,1803.590578,0.004267,431890432,-35,1,0,0
0,35,expert,1803.624126,1804.216157,0.592030,280887296,0,0,16,0
0,35,compute,1803.590601,1804.318848,0.728247,0,0,0,0,0
0,36,trunk,1804.318850,1804.322516,0.003666,645562368,-36,1,0,0
0,36,expert,1804.394055,1804.938648,0.544593,280887296,0,0,16,0
0,36,compute,1804.322552,1805.059068,0.736515,0,0,0,0,0
0,37,trunk,1805.059070,1805.063178,0.004108,645562368,-37,1,0,0
0,37,expert,1805.117310,1805.661099,0.543789,280887296,0,0,16,0
0,37,compute,1805.063199,1805.774212,0.711013,0,0,0,0,0
0,38,trunk,1805.774214,1805.777777,0.003563,645562368,-38,1,0,0
0,38,expert,1805.826230,1806.219678,0.393448,280887296,0,0,16,0
0,38,compute,1805.777803,1806.318512,0.540710,0,0,0,0,0
0,39,trunk,1806.318514,1806.322150,0.003636,431890432,-39,1,0,0
0,39,expert,1806.365515,1806.911520,0.546006,280887296,0,0,16,0
0,39,compute,1806.322203,1807.017737,0.695534,0,0,0,0,0
0,40,trunk,1807.017739,1807.021484,0.003745,645562368,-40,1,0,0
0,40,expert,1807.074354,1807.622851,0.548497,280887296,0,0,16,0
0,40,compute,1807.021512,1807.734404,0.712893,0,0,0,0,0
0,41,trunk,1807.734407,1807.737791,0.003384,645562368,-41,1,0,0
0,41,expert,1807.788424,1808.317235,0.528811,280887296,0,0,16,0
0,41,compute,1807.737812,1808.438467,0.700655,0,0,0,0,0
0,42,trunk,1808.438468,1808.442738,0.004269,645562368,-42,1,0,0
0,42,expert,1808.514063,1808.903832,0.389769,280887296,0,0,16,0
0,42,compute,1808.442762,1809.028043,0.585281,0,0,0,0,0
0,43,trunk,1809.028045,1809.031657,0.003612,431890432,-43,1,0,0
0,43,expert,1809.096500,1809.659550,0.563050,280887296,0,0,16,0
0,43,compute,1809.036060,1809.774390,0.738330,0,0,0,0,0
0,44,trunk,1809.774392,1809.778985,0.004593,645562368,-44,1,0,0
0,44,expert,1809.837140,1810.380747,0.543608,280887296,0,0,16,0
0,44,compute,1809.779030,1810.497473,0.718443,0,0,0,0,0
0,45,trunk,1810.497475,1810.501422,0.003947,645562368,-45,1,0,0
0,45,expert,1810.587088,1811.103312,0.516224,280887296,0,0,16,0
0,45,compute,1810.501447,1811.210189,0.708742,0,0,0,0,0
0,46,trunk,1811.210191,1811.213838,0.003647,645562368,-46,1,0,0
0,46,expert,1811.267457,1811.707685,0.440228,280887296,0,0,16,0
0,46,compute,1811.213868,1811.798093,0.584225,0,0,0,0,0
0,47,trunk,1811.798095,1811.801990,0.003895,431890432,-47,1,0,0
0,47,expert,1811.841314,1812.421892,0.580579,280887296,0,0,16,0
0,47,compute,1811.802045,1812.525707,0.723662,0,0,0,0,0
0,48,trunk,1812.525709,1812.529203,0.003494,645562368,-48,1,0,0
0,48,expert,1812.585628,1813.171198,0.585570,280887296,0,0,16,0
0,48,compute,1812.529227,1813.306163,0.776936,0,0,0,0,0
0,49,trunk,1813.306165,1813.309654,0.003489,645562368,-49,1,0,0
0,49,expert,1813.374421,1813.974858,0.600437,280887296,0,0,16,0
0,49,compute,1813.309677,1814.087050,0.777373,0,0,0,0,0
0,50,trunk,1814.087051,1814.090500,0.003449,645562368,-50,1,0,0
0,50,expert,1814.141512,1814.591018,0.449506,280887296,0,0,16,0
0,50,compute,1814.090521,1814.706212,0.615691,0,0,0,0,0
0,51,trunk,1814.706214,1814.709696,0.003482,431890432,-51,1,0,0
0,51,expert,1814.744976,1815.355386,0.610409,280887296,0,0,16,0
0,51,compute,1814.709724,1815.475288,0.765564,0,0,0,0,0
0,52,trunk,1815.475290,1815.478925,0.003635,645562368,-52,1,0,0
0,52,expert,1815.533245,1816.155323,0.622078,280887296,0,0,16,0
0,52,compute,1815.478948,1816.266215,0.787267,0,0,0,0,0
0,53,trunk,1816.266217,1816.269525,0.003308,645562368,-53,1,0,0
0,53,expert,1816.327997,1816.909911,0.581915,280887296,0,0,16,0
0,53,compute,1816.269546,1817.023255,0.753709,0,0,0,0,0
0,54,trunk,1817.023256,1817.026676,0.003420,645562368,-54,1,0,0
0,54,expert,1817.076094,1817.537660,0.461566,280887296,0,0,16,0
0,54,compute,1817.026701,1817.658295,0.631595,0,0,0,0,0
0,55,trunk,1817.658297,1817.661730,0.003433,431890432,-55,1,0,0
0,55,expert,1817.699419,1818.298109,0.598691,280887296,0,0,16,0
0,55,compute,1817.661752,1818.422480,0.760729,0,0,0,0,0
0,56,trunk,1818.422482,1818.426110,0.003627,645562368,-56,1,0,0
0,56,expert,1818.494321,1819.096106,0.601785,280887296,0,0,16,0
0,56,compute,1818.426132,1819.222593,0.796460,0,0,0,0,0
0,57,trunk,1819.222595,1819.226335,0.003741,645562368,-57,1,0,0
0,57,expert,1819.283706,1819.844663,0.560957,280887296,0,0,16,0
0,57,compute,1819.226358,1819.948763,0.722405,0,0,0,0,0
0,58,trunk,1819.948765,1819.952358,0.003593,645562368,-58,1,0,0
0,58,expert,1820.004469,1820.435976,0.431507,280887296,0,0,16,0
0,58,compute,1819.952375,1820.554681,0.602305,0,0,0,0,0
0,59,trunk,1820.554683,1820.558289,0.003606,431890432,-59,1,0,0
0,59,expert,1820.591621,1821.203838,0.612216,280887296,0,0,16,0
0,59,compute,1820.558320,1821.323092,0.764771,0,0,0,0,0
0,60,trunk,1821.323094,1821.326590,0.003496,645562368,-60,1,0,0
0,60,expert,1821.383611,1821.583463,0.199852,280887296,0,0,16,0
0,60,compute,1821.326613,1821.712039,0.385426,0,0,0,0,0
0,61,trunk,1821.712041,1822.027504,0.315463,645562368,-61,1,0,0
0,61,expert,1822.083274,1822.691048,0.607774,280887296,0,0,16,0
0,61,compute,1822.027508,1822.797936,0.770428,0,0,0,0,0
0,62,trunk,1822.797938,1822.801376,0.003438,645562368,-62,1,0,0
0,62,expert,1822.859125,1823.307822,0.448697,280887296,0,0,16,0
0,62,compute,1822.801396,1823.428033,0.626637,0,0,0,0,0
0,63,trunk,1823.428035,1823.431369,0.003334,431890432,-63,1,0,0
0,63,expert,1823.466728,1824.086248,0.619520,280887296,0,0,16,0
0,63,compute,1823.431416,1824.202244,0.770828,0,0,0,0,0
0,64,trunk,1824.202245,1824.206023,0.003778,645562368,-64,1,0,0
0,64,expert,1824.283907,1824.748862,0.464955,280887296,0,0,16,0
0,64,compute,1824.206045,1824.848160,0.642115,0,0,0,0,0
0,65,trunk,1824.848162,1824.864997,0.016835,645562368,-65,1,0,0
0,65,expert,1824.917405,1825.510748,0.593342,280887296,0,0,16,0
0,65,compute,1824.865134,1825.626182,0.761047,0,0,0,0,0
0,66,trunk,1825.626184,1825.629552,0.003368,645562368,-66,1,0,0
0,66,expert,1825.679540,1826.122965,0.443425,280887296,0,0,16,0
0,66,compute,1825.629591,1826.242422,0.612831,0,0,0,0,0
0,67,trunk,1826.242424,1826.246319,0.003895,431890432,-67,1,0,0
0,67,expert,1826.280576,1826.893403,0.612826,280887296,0,0,16,0
0,67,compute,1826.246345,1826.991701,0.745356,0,0,0,0,0
0,68,trunk,1826.991703,1826.995340,0.003637,645562368,-68,1,0,0
0,68,expert,1827.048523,1827.627617,0.579094,280887296,0,0,16,0
0,68,compute,1826.995370,1827.738205,0.742835,0,0,0,0,0
0,69,trunk,1827.738206,1827.741582,0.003375,645562368,-69,1,0,0
0,69,expert,1827.798019,1828.350255,0.552236,280887296,0,0,16,0
0,69,compute,1827.741614,1828.462179,0.720565,0,0,0,0,0
0,70,trunk,1828.462181,1828.465564,0.003383,645562368,-70,1,0,0
0,70,expert,1828.518318,1828.951669,0.433351,280887296,0,0,16,0
0,70,compute,1828.465593,1829.052268,0.586675,0,0,0,0,0
0,71,trunk,1829.052270,1829.055613,0.003343,431890432,-71,1,0,0
0,71,expert,1829.083262,1829.706353,0.623091,280887296,0,0,16,0
0,71,compute,1829.055637,1829.807608,0.751971,0,0,0,0,0
0,72,trunk,1829.807610,1829.811233,0.003624,645562368,-72,1,0,0
0,72,expert,1829.864267,1830.453209,0.588942,280887296,0,0,16,0
0,72,compute,1829.811254,1830.576036,0.764782,0,0,0,0,0
0,73,trunk,1830.576038,1830.579398,0.003360,645562368,-73,1,0,0
0,73,expert,1830.637579,1831.234399,0.596820,280887296,0,0,16,0
0,73,compute,1830.579698,1831.354544,0.774846,0,0,0,0,0
0,74,trunk,1831.354546,1831.358352,0.003806,645562368,-74,1,0,0
0,74,expert,1831.419218,1831.844356,0.425138,280887296,0,0,16,0
0,74,compute,1831.361984,1831.958129,0.596145,0,0,0,0,0
0,75,trunk,1831.958130,1831.961507,0.003376,431890432,-75,1,0,0
0,75,expert,1831.998105,1832.579654,0.581549,280887296,0,0,16,0
0,75,compute,1831.961793,1832.676638,0.714845,0,0,0,0,0
0,76,trunk,1832.676640,1832.679952,0.003312,645562368,-76,1,0,0
0,76,expert,1832.735215,1833.492588,0.757373,280887296,0,0,16,0
0,76,compute,1832.680244,1833.610170,0.929926,0,0,0,0,0
0,77,trunk,1833.610172,1833.613546,0.003375,645562368,-77,1,0,0
0,77,expert,1833.670564,1834.464798,0.794234,280887296,0,0,16,0
0,77,compute,1833.613569,1834.560769,0.947200,0,0,0,0,0
0,78,trunk,1834.560771,1834.564295,0.003524,645562368,-78,1,0,0
0,78,expert,1834.614397,1835.224200,0.609803,280887296,0,0,16,0
0,78,compute,1834.564313,1835.338165,0.773852,0,0,0,0,0
0,79,trunk,1835.338167,1835.341508,0.003341,431890432,-79,1,0,0
0,79,expert,1835.413049,1836.154388,0.741339,280887296,0,0,16,0
0,79,compute,1835.341527,1836.278254,0.936727,0,0,0,0,0
0,80,trunk,1836.278256,1836.281823,0.003567,645562368,-80,1,0,0
0,80,expert,1836.338594,1837.091333,0.752739,280887296,0,0,16,0
0,80,compute,1836.281844,1837.214441,0.932596,0,0,0,0,0
0,81,trunk,1837.214442,1837.217818,0.003376,645562368,-81,1,0,0
0,81,expert,1837.277511,1838.057003,0.779492,280887296,0,0,16,0
0,81,compute,1837.217838,1838.178231,0.960393,0,0,0,0,0
0,82,trunk,1838.178233,1838.181904,0.003672,645562368,-82,1,0,0
0,82,expert,1838.230855,1838.807967,0.577112,280887296,0,0,16,0
0,82,compute,1838.181927,1838.930322,0.748396,0,0,0,0,0
0,83,trunk,1838.930324,1838.933873,0.003548,431890432,-83,1,0,0
0,83,expert,1838.969395,1839.757537,0.788142,280887296,0,0,16,0
0,83,compute,1838.933895,1839.851845,0.917951,0,0,0,0,0
0,84,trunk,1839.851847,1839.855239,0.003392,645562368,-84,1,0,0
0,84,expert,1839.908400,1840.683599,0.775199,280887296,0,0,16,0
0,84,compute,1839.855261,1840.798164,0.942903,0,0,0,0,0
0,85,trunk,1840.798166,1840.801181,0.003015,645562368,-85,1,0,0
0,85,expert,1840.856525,1841.453429,0.596904,280887296,0,0,16,0
0,85,compute,1840.801200,1841.567010,0.765810,0,0,0,0,0
0,86,trunk,1841.567012,1841.619289,0.052277,645562368,-86,1,0,0
0,86,expert,1841.670161,1842.239595,0.569433,280887296,0,0,16,0
0,86,compute,1841.619349,1842.344312,0.724963,0,0,0,0,0
0,87,trunk,1842.344314,1842.347791,0.003477,431890432,-87,1,0,0
0,87,expert,1842.379812,1843.129299,0.749487,280887296,0,0,16,0
0,87,compute,1842.347813,1843.246168,0.898355,0,0,0,0,0
0,88,trunk,1843.246169,1843.249563,0.003393,645562368,-88,1,0,0
0,88,expert,1843.300948,1844.071862,0.770915,280887296,0,0,16,0
0,88,compute,1843.249604,1844.191128,0.941523,0,0,0,0,0
0,89,trunk,1844.191130,1844.194475,0.003345,645562368,-89,1,0,0
0,89,expert,1844.252898,1845.052857,0.799959,280887296,0,0,16,0
0,89,compute,1844.194516,1845.178218,0.983702,0,0,0,0,0
0,90,trunk,1845.178220,1845.181661,0.003441,645562368,-90,1,0,0
0,90,expert,1845.231495,1845.814250,0.582755,280887296,0,0,16,0
0,90,compute,1845.181728,1845.934194,0.752467,0,0,0,0,0
0,91,trunk,1845.934196,1845.937955,0.003759,431890432,-91,1,0,0
0,91,expert,1845.971229,1846.543628,0.572398,280887296,0,0,16,0
0,91,compute,1845.937982,1846.670267,0.732285,0,0,0,0,0
0,92,trunk,1846.670269,1846.673786,0.003517,431890432,-92,1,0,0
0,92,expert,1846.696168,1846.923839,0.227671,280887296,0,0,16,0
0,92,compute,1846.673787,1847.044048,0.370261,0,0,0,0,0
1,0,trunk,1847.143424,1847.143470,0.000047,0,-92,0,0,0
1,0,compute,1847.143471,1847.258777,0.115307,0,0,0,0,0
1,1,trunk,1847.258779,1847.263291,0.004512,0,-91,0,0,0
1,1,expert,1847.314646,1847.561326,0.246680,280887296,0,0,16,0
1,1,compute,1847.263292,1847.686353,0.423061,0,0,0,0,0
1,2,trunk,1847.686354,1847.691144,0.004791,0,-90,0,0,0
1,2,expert,1847.737152,1847.975779,0.238628,280887296,0,0,16,0
1,2,compute,1847.691146,1848.075319,0.384172,0,0,0,0,0
1,3,trunk,1848.075320,1848.080160,0.004841,0,-89,0,0,0
1,3,expert,1848.103189,1848.339709,0.236520,280887296,0,0,16,0
1,3,compute,1848.080183,1848.437222,0.357039,0,0,0,0,0
1,4,trunk,1848.437224,1848.441922,0.004698,0,-88,0,0,0
1,4,expert,1848.484638,1848.710596,0.225958,280887296,0,0,16,0
1,4,compute,1848.441924,1848.830441,0.388518,0,0,0,0,0
1,5,trunk,1848.830442,1848.834784,0.004342,0,-87,0,0,0
1,5,expert,1848.877309,1849.109003,0.231694,280887296,0,0,16,0
1,5,compute,1848.834786,1849.205694,0.370908,0,0,0,0,0
1,6,trunk,1849.205695,1849.210322,0.004627,0,-86,0,0,0
1,6,expert,1849.252822,1849.494141,0.241319,280887296,0,0,16,0
1,6,compute,1849.210324,1849.606401,0.396077,0,0,0,0,0
1,7,trunk,1849.606402,1849.611046,0.004644,0,-85,0,0,0
1,7,expert,1849.634214,1849.866828,0.232615,280887296,0,0,16,0
1,7,compute,1849.611047,1849.978444,0.367396,0,0,0,0,0
1,8,trunk,1849.978445,1849.983099,0.004654,0,-84,0,0,0
1,8,expert,1850.025338,1850.253962,0.228625,280887296,0,0,16,0
1,8,compute,1849.983100,1850.369663,0.386562,0,0,0,0,0
1,9,trunk,1850.369664,1850.378487,0.008823,0,-83,0,0,0
1,9,expert,1850.429155,1850.662462,0.233307,280887296,0,0,16,0
1,9,compute,1850.378489,1850.757504,0.379015,0,0,0,0,0
1,10,trunk,1850.757505,1850.762422,0.004917,0,-82,0,0,0
1,10,expert,1850.804538,1851.044645,0.240107,280887296,0,0,16,0
1,10,compute,1850.762425,1851.138329,0.375904,0,0,0,0,0
1,11,trunk,1851.138331,1851.142964,0.004634,0,-81,0,0,0
1,11,expert,1851.165536,1851.400202,0.234665,280887296,0,0,16,0
1,11,compute,1851.142966,1851.494041,0.351075,0,0,0,0,0
1,12,trunk,1851.494042,1851.498541,0.004499,0,-80,0,0,0
1,12,expert,1851.540176,1851.771762,0.231586,280887296,0,0,16,0
1,12,compute,1851.498543,1851.866717,0.368174,0,0,0,0,0
1,13,trunk,1851.866719,1851.871381,0.004662,0,-79,0,0,0
1,13,expert,1851.913475,1852.151722,0.238247,280887296,0,0,16,0
1,13,compute,1851.871384,1852.245396,0.374012,0,0,0,0,0
1,14,trunk,1852.245397,1852.250028,0.004630,0,-78,0,0,0
1,14,expert,1852.292581,1852.525774,0.233193,280887296,0,0,16,0
1,14,compute,1852.250029,1852.621473,0.371444,0,0,0,0,0
1,15,trunk,1852.621474,1852.626372,0.004898,0,-77,0,0,0
1,15,expert,1852.650923,1852.883331,0.232408,280887296,0,0,16,0
1,15,compute,1852.626374,1853.002440,0.376066,0,0,0,0,0
1,16,trunk,1853.002441,1853.007157,0.004715,0,-76,0,0,0
1,16,expert,1853.084481,1853.318378,0.233897,280887296,0,0,16,0
1,16,compute,1853.007159,1853.430525,0.423366,0,0,0,0,0
1,17,trunk,1853.430526,1853.434992,0.004466,0,-75,0,0,0
1,17,expert,1853.479561,1853.711328,0.231767,280887296,0,0,16,0
1,17,compute,1853.434994,1853.801194,0.366200,0,0,0,0,0
1,18,trunk,1853.801195,1853.806093,0.004898,0,-74,0,0,0
1,18,expert,1853.847060,1854.080362,0.233302,280887296,0,0,16,0
1,18,compute,1853.806095,1854.186455,0.380360,0,0,0,0,0
1,19,trunk,1854.186456,1854.191258,0.004802,0,-73,0,0,0
1,19,expert,1854.214019,1854.447266,0.233247,280887296,0,0,16,0
1,19,compute,1854.191260,1854.558435,0.367174,0,0,0,0,0
1,20,trunk,1854.558436,1854.562954,0.004519,0,-72,0,0,0
1,20,expert,1854.606653,1854.838723,0.232070,280887296,0,0,16,0
1,20,compute,1854.562957,1854.950804,0.387847,0,0,0,0,0
1,21,trunk,1854.950805,1854.955298,0.004493,0,-71,0,0,0
1,21,expert,1855.011889,1855.760464,0.748575,280887296,0,0,16,0
1,21,compute,1854.955327,1855.902622,0.947295,0,0,0,0,0
1,22,trunk,1855.902623,1855.905919,0.003296,645562368,-71,1,0,0
1,22,expert,1855.969869,1856.552535,0.582666,280887296,0,0,16,0
1,22,compute,1855.905947,1856.666163,0.760216,0,0,0,0,0
1,23,trunk,1856.666165,1856.669528,0.003363,431890432,-72,1,0,0
1,23,expert,1856.707112,1857.435137,0.728025,280887296,0,0,16,0
1,23,compute,1856.669547,1857.556036,0.886488,0,0,0,0,0
1,24,trunk,1857.556038,1857.559516,0.003478,645562368,-73,1,0,0
1,24,expert,1857.616636,1858.452104,0.835469,280887296,0,0,16,0
1,24,compute,1857.559543,1858.571061,1.011518,0,0,0,0,0
1,25,trunk,1858.571063,1858.574458,0.003395,645562368,-74,1,0,0
1,25,expert,1858.623932,1859.396023,0.772091,280887296,0,0,16,0
1,25,compute,1858.574479,1859.514195,0.939716,0,0,0,0,0
1,26,trunk,1859.514197,1859.517567,0.003371,645562368,-75,1,0,0
1,26,expert,1859.565155,1860.152563,0.587408,280887296,0,0,16,0
1,26,compute,1859.517588,1860.253411,0.735824,0,0,0,0,0
1,27,trunk,1860.253413,1860.256838,0.003425,431890432,-76,1,0,0
1,27,expert,1860.289357,1860.999178,0.709821,280887296,0,0,16,0
1,27,compute,1860.256857,1861.110161,0.853305,0,0,0,0,0
1,28,trunk,1861.110183,1861.113817,0.003634,645562368,-77,1,0,0
1,28,expert,1861.163350,1861.893565,0.730215,280887296,0,0,16,0
1,28,compute,1861.113871,1862.010198,0.896327,0,0,0,0,0
1,29,trunk,1862.010200,1862.013700,0.003500,645562368,-78,1,0,0
1,29,expert,1862.063120,1862.846663,0.783543,280887296,0,0,16,0
1,29,compute,1862.013722,1862.958204,0.944481,0,0,0,0,0
1,30,trunk,1862.958205,1862.961533,0.003328,645562368,-79,1,0,0
1,30,expert,1863.009021,1863.608448,0.599426,280887296,0,0,16,0
1,30,compute,1862.961585,1863.719011,0.757426,0,0,0,0,0
1,31,trunk,1863.719013,1863.722388,0.003374,431890432,-80,1,0,0
1,31,expert,1863.757205,1864.536161,0.778956,280887296,0,0,16,0
1,31,compute,1863.722461,1864.637741,0.915280,0,0,0,0,0
1,32,trunk,1864.637743,1864.641167,0.003424,645562368,-81,1,0,0
1,32,expert,1864.690481,1865.475923,0.785443,280887296,0,0,16,0
1,32,compute,1864.641189,1865.564265,0.923076,0,0,0,0,0
1,33,trunk,1865.564267,1865.567677,0.003410,645562368,-82,1,0,0
1,33,expert,1865.623421,1866.448726,0.825305,280887296,0,0,16,0
1,33,compute,1865.567699,1866.558194,0.990496,0,0,0,0,0
1,34,trunk,1866.558196,1866.561216,0.003020,645562368,-83,1,0,0
1,34,expert,1866.608213,1867.200949,0.592736,280887296,0,0,16,0
1,34,compute,1866.561281,1867.291203,0.729922,0,0,0,0,0
1,35,trunk,1867.291205,1867.294685,0.003480,431890432,-84,1,0,0
1,35,expert,1867.330853,1868.127438,0.796586,280887296,0,0,16,0
1,35,compute,1867.294706,1868.221717,0.927010,0,0,0,0,0
1,36,trunk,1868.221718,1868.225263,0.003545,645562368,-85,1,0,0
1,36,expert,1868.276315,1869.059684,0.783369,280887296,0,0,16,0
1,36,compute,1868.225284,1869.151590,0.926306,0,0,0,0,0
1,37,trunk,1869.151592,1869.155198,0.003606,645562368,-86,1,0,0
1,37,expert,1869.205102,1869.986833,0.781731,280887296,0,0,16,0
1,37,compute,1869.155219,1870.098219,0.942999,0,0,0,0,0
1,38,trunk,1870.098221,1870.101662,0.003442,645562368,-87,1,0,0
1,38,expert,1870.148973,1870.711347,0.562373,280887296,0,0,16,0
1,38,compute,1870.101683,1870.824038,0.722355,0,0,0,0,0
1,39,trunk,1870.824040,1870.827519,0.003479,431890432,-88,1,0,0
1,39,expert,1870.866111,1871.640842,0.774731,280887296,0,0,16,0
1,39,compute,1870.827583,1871.746158,0.918575,0,0,0,0,0
1,40,trunk,1871.746160,1871.749216,0.003055,645562368,-89,1,0,0
1,40,expert,1871.798887,1872.596017,0.797130,280887296,0,0,16,0
1,40,compute,1871.749237,1872.689303,0.940067,0,0,0,0,0
1,41,trunk,1872.689306,1872.692826,0.003520,645562368,-90,1,0,0
1,41,expert,1872.744090,1873.495396,0.751306,280887296,0,0,16,0
1,41,compute,1872.692845,1873.620036,0.927190,0,0,0,0,0
1,42,trunk,1873.620038,1873.623356,0.003318,645562368,-91,1,0,0
1,42,expert,1873.671993,1874.270942,0.598949,280887296,0,0,16,0
1,42,compute,1873.623404,1874.386160,0.762756,0,0,0,0,0
1,43,trunk,1874.386162,1874.389710,0.003548,431890432,-92,1,0,0
1,43,expert,1874.424285,1875.237150,0.812866,280887296,0,0,16,0
1,43,compute,1874.389750,1875.350177,0.960427,0,0,0,0,0
1,44,trunk,1875.350179,1875.353823,0.003645,645562368,-93,1,0,0
1,44,expert,1875.406525,1876.195959,0.789434,280887296,0,0,16,0
1,44,compute,1875.353847,1876.314489,0.960642,0,0,0,0,0
1,45,trunk,1876.314492,1876.318671,0.004180,645562368,-94,1,0,0
1,45,expert,1876.380985,1877.172556,0.791571,280887296,0,0,16,0
1,45,compute,1876.318718,1877.286180,0.967463,0,0,0,0,0
1,46,trunk,1877.286182,1877.289653,0.003471,645562368,-95,1,0,0
1,46,expert,1877.337347,1877.943193,0.605846,280887296,0,0,16,0
1,46,compute,1877.289674,1878.058191,0.768517,0,0,0,0,0
1,47,trunk,1878.058192,1878.061650,0.003458,431890432,-96,1,0,0
1,47,expert,1878.095982,1878.886943,0.790961,280887296,0,0,16,0
1,47,compute,1878.061676,1878.998213,0.936537,0,0,0,0,0
1,48,trunk,1878.998215,1879.001581,0.003366,645562368,-97,1,0,0
1,48,expert,1879.058916,1879.813753,0.754837,280887296,0,0,16,0
1,48,compute,1879.001616,1879.917549,0.915932,0,0,0,0,0
1,49,trunk,1879.917550,1879.921200,0.003650,645562368,-98,1,0,0
1,49,expert,1879.969131,1880.786989,0.817858,280887296,0,0,16,0
1,49,compute,1879.921222,1880.894465,0.973242,0,0,0,0,0
1,50,trunk,1880.894466,1880.897918,0.003451,645562368,-99,1,0,0
1,50,expert,1880.946150,1881.543218,0.597069,280887296,0,0,16,0
1,50,compute,1880.897940,1881.658210,0.760270,0,0,0,0,0
1,51,trunk,1881.658212,1881.661929,0.003717,431890432,-100,1,0,0
1,51,expert,1881.697657,1882.464354,0.766697,280887296,0,0,16,0
1,51,compute,1881.661955,1882.598187,0.936232,0,0,0,0,0
1,52,trunk,1882.598188,1882.601763,0.003574,645562368,-101,1,0,0
1,52,expert,1882.672655,1883.407868,0.735214,280887296,0,0,16,0
1,52,compute,1882.601985,1883.522196,0.920211,0,0,0,0,0
1,53,trunk,1883.522199,1883.525906,0.003707,645562368,-102,1,0,0
1,53,expert,1883.582073,1884.330879,0.748806,280887296,0,0,16,0
1,53,compute,1883.525934,1884.446194,0.920260,0,0,0,0,0
1,54,trunk,1884.446196,1884.449853,0.003657,645562368,-103,1,0,0
1,54,expert,1884.499253,1885.075311,0.576058,280887296,0,0,16,0
1,54,compute,1884.449883,1885.187112,0.737229,0,0,0,0,0
1,55,trunk,1885.187114,1885.190462,0.003349,431890432,-104,1,0,0
1,55,expert,1885.223893,1886.013184,0.789291,280887296,0,0,16,0
1,55,compute,1885.190483,1886.126345,0.935862,0,0,0,0,0
1,56,trunk,1886.126346,1886.129854,0.003508,645562368,-105,1,0,0
1,56,expert,1886.228627,1886.950202,0.721575,280887296,0,0,16,0
1,56,compute,1886.129876,1887.075616,0.945740,0,0,0,0,0
1,57,trunk,1887.075618,1887.079253,0.003635,645562368,-106,1,0,0
1,57,expert,1887.128732,1887.913867,0.785135,280887296,0,0,16,0
1,57,compute,1887.085895,1888.030191,0.944296,0,0,0,0,0
1,58,trunk,1888.030193,1888.033549,0.003357,645562368,-107,1,0,0
1,58,expert,1888.078222,1888.674577,0.596355,280887296,0,0,16,0
1,58,compute,1888.033578,1888.786262,0.752684,0,0,0,0,0
1,59,trunk,1888.786264,1888.789831,0.003567,431890432,-108,1,0,0
1,59,expert,1888.823126,1889.625866,0.802740,280887296,0,0,16,0
1,59,compute,1888.789853,1889.738656,0.948803,0,0,0,0,0
1,60,trunk,1889.738658,1889.742538,0.003880,645562368,-109,1,0,0
1,60,expert,1889.801366,1890.585189,0.783824,280887296,0,0,16,0
1,60,compute,1889.742585,1890.703410,0.960825,0,0,0,0,0
1,61,trunk,1890.703412,1890.706955,0.003543,645562368,-110,1,0,0
1,61,expert,1890.758014,1891.506746,0.748732,280887296,0,0,16,0
1,61,compute,1890.706985,1891.618271,0.911286,0,0,0,0,0
1,62,trunk,1891.618273,1891.621919,0.003647,645562368,-111,1,0,0
1,62,expert,1891.671160,1892.240689,0.569530,280887296,0,0,16,0
1,62,compute,1891.621947,1892.354217,0.732270,0,0,0,0,0
1,63,trunk,1892.354219,1892.357650,0.003432,431890432,-112,1,0,0
1,63,expert,1892.391597,1893.139479,0.747883,280887296,0,0,16,0
1,63,compute,1892.357671,1893.250179,0.892508,0,0,0,0,0
1,64,trunk,1893.250181,1893.253588,0.003407,645562368,-113,1,0,0
1,64,expert,1893.310762,1894.087648,0.776886,280887296,0,0,16,0
1,64,compute,1893.253609,1894.204335,0.950726,0,0,0,0,0
1,65,trunk,1894.204337,1894.207997,0.003660,645562368,-114,1,0,0
1,65,expert,1894.269449,1895.029477,0.760028,280887296,0,0,16,0
1,65,compute,1894.208064,1895.150189,0.942124,0,0,0,0,0
1,66,trunk,1895.150190,1895.153588,0.003398,645562368,-115,1,0,0
1,66,expert,1895.200753,1895.781125,0.580372,280887296,0,0,16,0
1,66,compute,1895.153610,1895.894239,0.740629,0,0,0,0,0
1,67,trunk,1895.894241,1895.897612,0.003371,431890432,-116,1,0,0
1,67,expert,1895.932942,1896.724935,0.791993,280887296,0,0,16,0
1,67,compute,1895.897634,1896.835036,0.937402,0,0,0,0,0
1,68,trunk,1896.835038,1896.838067,0.003029,645562368,-117,1,0,0
1,68,expert,1896.896283,1897.666690,0.770407,280887296,0,0,16,0
1,68,compute,1896.838090,1897.779193,0.941104,0,0,0,0,0
1,69,trunk,1897.779195,1897.782809,0.003615,645562368,-118,1,0,0
1,69,expert,1897.828334,1898.619496,0.791163,280887296,0,0,16,0
1,69,compute,1897.782831,1898.727199,0.944368,0,0,0,0,0
1,70,trunk,1898.727201,1898.730630,0.003429,645562368,-119,1,0,0
1,70,expert,1898.787781,1899.351352,0.563570,280887296,0,0,16,0
1,70,compute,1898.730654,1899.470208,0.739554,0,0,0,0,0
1,71,trunk,1899.470210,1899.473621,0.003411,431890432,-120,1,0,0
1,71,expert,1899.512229,1900.340016,0.827788,280887296,0,0,16,0
1,71,compute,1899.473642,1900.430012,0.956371,0,0,0,0,0
1,72,trunk,1900.430014,1900.433381,0.003367,645562368,-121,1,0,0
1,72,expert,1900.482725,1901.286320,0.803595,280887296,0,0,16,0
1,72,compute,1900.433424,1901.383895,0.950471,0,0,0,0,0
1,73,trunk,1901.383897,1901.387339,0.003442,645562368,-122,1,0,0
1,73,expert,1901.439601,1902.242461,0.802860,280887296,0,0,16,0
1,73,compute,1901.387389,1902.354305,0.966917,0,0,0,0,0
1,74,trunk,1902.354307,1902.357657,0.003349,645562368,-123,1,0,0
1,74,expert,1902.405366,1903.003887,0.598521,280887296,0,0,16,0
1,74,compute,1902.357678,1903.115031,0.757352,0,0,0,0,0
1,75,trunk,1903.115032,1903.118203,0.003171,431890432,-124,1,0,0
1,75,expert,1903.165362,1903.937896,0.772534,280887296,0,0,16,0
1,75,compute,1903.118226,1904.027697,0.909472,0,0,0,0,0
1,76,trunk,1904.027699,1904.031010,0.003311,645562368,-125,1,0,0
1,76,expert,1904.083347,1904.830387,0.747040,280887296,0,0,16,0
1,76,compute,1904.031055,1904.938165,0.907110,0,0,0,0,0
1,77,trunk,1904.938166,1904.941536,0.003369,645562368,-126,1,0,0
1,77,expert,1904.993704,1905.777263,0.783559,280887296,0,0,16,0
1,77,compute,1904.941600,1905.898203,0.956603,0,0,0,0,0
1,78,trunk,1905.898205,1905.901512,0.003308,645562368,-127,1,0,0
1,78,expert,1905.950645,1906.549780,0.599134,280887296,0,0,16,0
1,78,compute,1905.901535,1906.643309,0.741774,0,0,0,0,0
1,79,trunk,1906.643311,1906.646682,0.003371,431890432,-128,1,0,0
1,79,expert,1906.680235,1907.444933,0.764698,280887296,0,0,16,0
1,79,compute,1906.646703,1907.562235,0.915532,0,0,0,0,0
1,80,trunk,1907.562237,1907.565657,0.003421,645562368,-129,1,0,0
1,80,expert,1907.618408,1908.361063,0.742655,280887296,0,0,16,0
1,80,compute,1907.565680,1908.478274,0.912594,0,0,0,0,0
1,81,trunk,1908.478276,1908.481815,0.003539,645562368,-130,1,0,0
1,81,expert,1908.532286,1909.310919,0.778633,280887296,0,0,16,0
1,81,compute,1908.481843,1909.422529,0.940686,0,0,0,0,0
1,82,trunk,1909.422531,1909.425818,0.003287,645562368,-131,1,0,0
1,82,expert,1909.471728,1910.052521,0.580794,280887296,0,0,16,0
1,82,compute,1909.425846,1910.170410,0.744564,0,0,0,0,0
1,83,trunk,1910.170412,1910.173804,0.003392,431890432,-132,1,0,0
1,83,expert,1910.205834,1910.996180,0.790346,280887296,0,0,16,0
1,83,compute,1910.173827,1911.091492,0.917665,0,0,0,0,0
1,84,trunk,1911.091494,1911.094840,0.003346,645562368,-133,1,0,0
1,84,expert,1911.146894,1911.910183,0.763289,280887296,0,0,16,0
1,84,compute,1911.094862,1912.003290,0.908429,0,0,0,0,0
1,85,trunk,1912.003293,1912.006727,0.003434,645562368,-134,1,0,0
1,85,expert,1912.058848,1912.820032,0.761185,280887296,0,0,16,0
1,85,compute,1912.006749,1912.912874,0.906124,0,0,0,0,0
1,86,trunk,1912.912879,1912.916199,0.003320,645562368,-135,1,0,0
1,86,expert,1912.963914,1913.539138,0.575224,280887296,0,0,16,0
1,86,compute,1912.916222,1913.650293,0.734071,0,0,0,0,0
1,87,trunk,1913.650296,1913.654080,0.003784,431890432,-136,1,0,0
1,87,expert,1913.686525,1914.428373,0.741848,280887296,0,0,16,0
1,87,compute,1913.654143,1914.548042,0.893899,0,0,0,0,0
1,88,trunk,1914.548044,1914.551489,0.003445,645562368,-137,1,0,0
1,88,expert,1914.606197,1915.358151,0.751955,280887296,0,0,16,0
1,88,compute,1914.551515,1915.451327,0.899812,0,0,0,0,0
1,89,trunk,1915.451328,1915.454712,0.003384,645562368,-138,1,0,0
1,89,expert,1915.504235,1916.320505,0.816270,280887296,0,0,16,0
1,89,compute,1915.454751,1916.435021,0.980269,0,0,0,0,0
1,90,trunk,1916.435023,1916.438371,0.003348,645562368,-139,1,0,0
1,90,expert,1916.494618,1917.058546,0.563928,280887296,0,0,16,0
1,90,compute,1916.438393,1917.151736,0.713343,0,0,0,0,0
1,91,trunk,1917.151738,1917.155196,0.003458,431890432,-140,1,0,0
1,91,expert,1917.183248,1917.776121,0.592873,280887296,0,0,16,0
1,91,compute,1917.155216,1917.871979,0.716764,0,0,0,0,0
1,92,trunk,1917.871981,1917.875389,0.003408,431890432,-141,1,0,0
1,92,expert,1917.896550,1918.132534,0.235984,280887296,0,0,16,0
1,92,compute,1917.875390,1918.225162,0.349772,0,0,0,0,0
2,0,trunk,1918.321635,1918.321671,0.000037,0,-141,0,0,0
2,0,compute,1918.321672,1918.423628,0.101956,0,0,0,0,0
2,1,trunk,1918.423630,1918.427254,0.003624,0,-140,0,0,0
2,1,expert,1918.467139,1918.696711,0.229572,280887296,0,0,16,0
2,1,compute,1918.427256,1918.789895,0.362638,0,0,0,0,0
2,2,trunk,1918.789897,1918.793736,0.003839,0,-139,0,0,0
2,2,expert,1918.837258,1919.055421,0.218164,263331840,0,0,15,0
2,2,compute,1918.793738,1919.167005,0.373267,0,0,0,0,0
2,3,trunk,1919.167006,1919.170452,0.003446,0,-138,0,0,0
2,3,expert,1919.192180,1919.377748,0.185568,228220928,0,0,13,0
2,3,compute,1919.170454,1919.499004,0.328550,0,0,0,0,0
2,4,trunk,1919.499005,1919.502512,0.003506,0,-137,0,0,0
2,4,expert,1919.543202,1919.759639,0.216437,263331840,0,0,15,0
2,4,compute,1919.502514,1919.862503,0.359989,0,0,0,0,0
2,5,trunk,1919.862505,1919.865902,0.003397,0,-136,0,0,0
2,5,expert,1919.904474,1920.140507,0.236034,280887296,0,0,16,0
2,5,compute,1919.865905,1920.253411,0.387506,0,0,0,0,0
2,6,trunk,1920.253412,1920.256889,0.003477,0,-135,0,0,0
2,6,expert,1920.295550,1920.517390,0.221840,263331840,0,0,15,0
2,6,compute,1920.256891,1920.634204,0.377313,0,0,0,0,0
2,7,trunk,1920.634206,1920.637823,0.003618,0,-134,0,0,0
2,7,expert,1920.667987,1920.884382,0.216395,263331840,0,0,15,0
2,7,compute,1920.637825,1920.998499,0.360674,0,0,0,0,0
2,8,trunk,1920.998501,1921.002176,0.003675,0,-133,0,0,0
2,8,expert,1921.050714,1921.278422,0.227708,280887296,0,0,16,0
2,8,compute,1921.002202,1921.390382,0.388179,0,0,0,0,0
2,9,trunk,1921.390383,1921.394018,0.003635,0,-132,0,0,0
2,9,expert,1921.439450,1921.655658,0.216208,263331840,0,0,15,0
2,9,compute,1921.394020,1921.770287,0.376267,0,0,0,0,0
2,10,trunk,1921.770288,1921.773722,0.003434,0,-131,0,0,0
2,10,expert,1921.816327,1922.033864,0.217537,263331840,0,0,15,0
2,10,compute,1921.773724,1922.137444,0.363720,0,0,0,0,0
2,11,trunk,1922.137446,1922.140889,0.003443,0,-130,0,0,0
2,11,expert,1922.164682,1922.381985,0.217303,263331840,0,0,15,0
2,11,compute,1922.140890,1922.490206,0.349316,0,0,0,0,0
2,12,trunk,1922.490208,1922.493792,0.003584,0,-129,0,0,0
2,12,expert,1922.545870,1922.764075,0.218206,263331840,0,0,15,0
2,12,compute,1922.493794,1922.860973,0.367179,0,0,0,0,0
2,13,trunk,1922.860974,1922.864538,0.003564,0,-128,0,0,0
2,13,expert,1922.912880,1923.145563,0.232684,280887296,0,0,16,0
2,13,compute,1922.864540,1923.258294,0.393755,0,0,0,0,0
2,14,trunk,1923.258299,1923.262132,0.003834,0,-127,0,0,0
2,14,expert,1923.307873,1923.528055,0.220182,263331840,0,0,15,0
2,14,compute,1923.262134,1923.643147,0.381013,0,0,0,0,0
2,15,trunk,1923.643148,1923.646784,0.003636,0,-126,0,0,0
2,15,expert,1923.677180,1923.909021,0.231841,280887296,0,0,16,0
2,15,compute,1923.646786,1924.000578,0.353792,0,0,0,0,0
2,16,trunk,1924.000579,1924.004094,0.003515,0,-125,0,0,0
2,16,expert,1924.051603,1924.268291,0.216688,263331840,0,0,15,0
2,16,compute,1924.004096,1924.358456,0.354360,0,0,0,0,0
2,17,trunk,1924.358457,1924.361933,0.003476,0,-124,0,0,0
2,17,expert,1924.400532,1924.631157,0.230626,280887296,0,0,16,0
2,17,compute,1924.361935,1924.742304,0.380368,0,0,0,0,0
2,18,trunk,1924.742305,1924.745640,0.003335,0,-123,0,0,0
2,18,expert,1924.784263,1925.018016,0.233752,280887296,0,0,16,0
2,18,compute,1924.745642,1925.138241,0.392599,0,0,0,0,0
2,19,trunk,1925.138243,1925.141866,0.003623,0,-122,0,0,0
2,19,expert,1925.171000,1925.408040,0.237040,280887296,0,0,16,0
2,19,compute,1925.141868,1925.502495,0.360628,0,0,0,0,0
2,20,trunk,1925.502497,1925.505964,0.003468,0,-121,0,0,0
2,20,expert,1925.549773,1925.787929,0.238156,280887296,0,0,16,0
2,20,compute,1925.505967,1925.881278,0.375310,0,0,0,0,0
2,21,trunk,1925.881279,1925.884692,0.003413,0,-120,0,0,0
2,21,expert,1925.933386,1926.707550,0.774164,280887296,0,0,16,0
2,21,compute,1925.884709,1926.813542,0.928832,0,0,0,0,0
2,22,trunk,1926.813543,1926.817411,0.003868,645562368,-120,1,0,0
2,22,expert,1926.869978,1927.459092,0.589115,280887296,0,0,16,0
2,22,compute,1926.821520,1927.578267,0.756747,0,0,0,0,0
2,23,trunk,1927.578269,1927.581793,0.003524,431890432,-121,1,0,0
2,23,expert,1927.617058,1928.333659,0.716600,263331840,0,0,15,0
2,23,compute,1927.581815,1928.451016,0.869200,0,0,0,0,0
2,24,trunk,1928.451017,1928.454677,0.003660,645562368,-122,1,0,0
2,24,expert,1928.504791,1929.293328,0.788537,228220928,0,0,13,0
2,24,compute,1928.460610,1929.435004,0.974394,0,0,0,0,0
2,25,trunk,1929.435006,1929.438428,0.003422,645562368,-123,1,0,0
2,25,expert,1929.490355,1930.244101,0.753746,263331840,0,0,15,0
2,25,compute,1929.443960,1930.362308,0.918348,0,0,0,0,0
2,26,trunk,1930.362310,1930.365797,0.003487,645562368,-124,1,0,0
2,26,expert,1930.417737,1930.987047,0.569310,263331840,0,0,15,0
2,26,compute,1930.366005,1931.098288,0.732283,0,0,0,0,0
2,27,trunk,1931.098290,1931.101728,0.003438,431890432,-125,1,0,0
2,27,expert,1931.137389,1931.873677,0.736287,280887296,0,0,16,0
2,27,compute,1931.101748,1931.968741,0.866992,0,0,0,0,0
2,28,trunk,1931.968743,1931.972163,0.003421,645562368,-126,1,0,0
2,28,expert,1932.027630,1932.738703,0.711073,263331840,0,0,15,0
2,28,compute,1931.972180,1932.850170,0.877990,0,0,0,0,0
2,29,trunk,1932.850172,1932.853589,0.003417,645562368,-127,1,0,0
2,29,expert,1932.905809,1933.680713,0.774905,280887296,0,0,16,0
2,29,compute,1932.853615,1933.769593,0.915978,0,0,0,0,0
2,30,trunk,1933.769595,1933.773018,0.003423,645562368,-128,1,0,0
2,30,expert,1933.822789,1934.392832,0.570042,280887296,0,0,16,0
2,30,compute,1933.773039,1934.496603,0.723565,0,0,0,0,0
2,31,trunk,1934.496605,1934.500263,0.003658,431890432,-129,1,0,0
2,31,expert,1934.531217,1935.329835,0.798618,280887296,0,0,16,0
2,31,compute,1934.500282,1935.446204,0.945922,0,0,0,0,0
2,32,trunk,1935.446206,1935.449567,0.003361,645562368,-130,1,0,0
2,32,expert,1935.506036,1936.253540,0.747503,245776384,0,0,14,0
2,32,compute,1935.449588,1936.370208,0.920621,0,0,0,0,0
2,33,trunk,1936.370210,1936.373554,0.003343,645562368,-131,1,0,0
2,33,expert,1936.436047,1937.232041,0.795993,263331840,0,0,15,0
2,33,compute,1936.373579,1937.333503,0.959924,0,0,0,0,0
2,34,trunk,1937.333505,1937.336938,0.003433,645562368,-132,1,0,0
2,34,expert,1937.383483,1937.987947,0.604465,280887296,0,0,16,0
2,34,compute,1937.336964,1938.082054,0.745090,0,0,0,0,0
2,35,trunk,1938.082056,1938.085481,0.003426,431890432,-133,1,0,0
2,35,expert,1938.118996,1938.922070,0.803074,280887296,0,0,16,0
2,35,compute,1938.085504,1939.039911,0.954407,0,0,0,0,0
2,36,trunk,1939.039913,1939.043282,0.003369,645562368,-134,1,0,0
2,36,expert,1939.102524,1939.856015,0.753491,245776384,0,0,14,0
2,36,compute,1939.043303,1939.951271,0.907968,0,0,0,0,0
2,37,trunk,1939.951273,1939.954633,0.003359,645562368,-135,1,0,0
2,37,expert,1940.004828,1940.796437,0.791609,280887296,0,0,16,0
2,37,compute,1939.954656,1940.910433,0.955778,0,0,0,0,0
2,38,trunk,1940.910435,1940.913808,0.003372,645562368,-136,1,0,0
2,38,expert,1940.965085,1941.532016,0.566931,280887296,0,0,16,0
2,38,compute,1940.913829,1941.650253,0.736424,0,0,0,0,0
2,39,trunk,1941.650255,1941.653716,0.003461,431890432,-137,1,0,0
2,39,expert,1941.685447,1942.458686,0.773239,280887296,0,0,16,0
2,39,compute,1941.653744,1942.573703,0.919959,0,0,0,0,0
2,40,trunk,1942.573704,1942.576791,0.003086,645562368,-138,1,0,0
2,40,expert,1942.626938,1943.415077,0.788139,280887296,0,0,16,0
2,40,compute,1942.576812,1943.527387,0.950575,0,0,0,0,0
2,41,trunk,1943.527389,1943.530747,0.003358,645562368,-139,1,0,0
2,41,expert,1943.621374,1944.338259,0.716885,280887296,0,0,16,0
2,41,compute,1943.530776,1944.458194,0.927418,0,0,0,0,0
2,42,trunk,1944.458196,1944.461873,0.003677,645562368,-140,1,0,0
2,42,expert,1944.508582,1945.103048,0.594466,280887296,0,0,16,0
2,42,compute,1944.461894,1945.214346,0.752452,0,0,0,0,0
2,43,trunk,1945.214347,1945.217918,0.003570,431890432,-141,1,0,0
2,43,expert,1945.252156,1946.072070,0.819915,280887296,0,0,16,0
2,43,compute,1945.217940,1946.163921,0.945982,0,0,0,0,0
2,44,trunk,1946.163923,1946.167389,0.003465,645562368,-142,1,0,0
2,44,expert,1946.218169,1947.008595,0.790426,280887296,0,0,16,0
2,44,compute,1946.167410,1947.101175,0.933765,0,0,0,0,0
2,45,trunk,1947.101178,1947.104631,0.003453,645562368,-143,1,0,0
2,45,expert,1947.159505,1947.942491,0.782986,280887296,0,0,16,0
2,45,compute,1947.104679,1948.062274,0.957595,0,0,0,0,0
2,46,trunk,1948.062276,1948.065710,0.003434,645562368,-144,1,0,0
2,46,expert,1948.122851,1948.694717,0.571866,263331840,0,0,15,0
2,46,compute,1948.065748,1948.810198,0.744451,0,0,0,0,0
2,47,trunk,1948.810200,1948.813624,0.003424,431890432,-145,1,0,0
2,47,expert,1948.843261,1949.596267,0.753006,263331840,0,0,15,0
2,47,compute,1948.813647,1949.687759,0.874112,0,0,0,0,0
2,48,trunk,1949.687761,1949.691141,0.003380,645562368,-146,1,0,0
2,48,expert,1949.739423,1950.483518,0.744095,263331840,0,0,15,0
2,48,compute,1949.691162,1950.598518,0.907356,0,0,0,0,0
2,49,trunk,1950.598520,1950.602142,0.003622,645562368,-147,1,0,0
2,49,expert,1950.651357,1951.428963,0.777606,263331840,0,0,15,0
2,49,compute,1950.602165,1951.534159,0.931994,0,0,0,0,0
2,50,trunk,1951.534161,1951.537738,0.003577,645562368,-148,1,0,0
2,50,expert,1951.585925,1952.174576,0.588651,280887296,0,0,16,0
2,50,compute,1951.537758,1952.290163,0.752405,0,0,0,0,0
2,51,trunk,1952.290165,1952.293730,0.003565,431890432,-149,1,0,0
2,51,expert,1952.329722,1953.087313,0.757591,280887296,0,0,16,0
2,51,compute,1952.293758,1953.208258,0.914500,0,0,0,0,0
2,52,trunk,1953.208260,1953.211603,0.003343,645562368,-150,1,0,0
2,52,expert,1953.268402,1954.010705,0.742304,280887296,0,0,16,0
2,52,compute,1953.211623,1954.146197,0.934574,0,0,0,0,0
2,53,trunk,1954.146199,1954.149755,0.003555,645562368,-151,1,0,0
2,53,expert,1954.203716,1954.960324,0.756607,263331840,0,0,15,0
2,53,compute,1954.149778,1955.086198,0.936420,0,0,0,0,0
2,54,trunk,1955.086200,1955.089592,0.003392,645562368,-152,1,0,0
2,54,expert,1955.134615,1955.712537,0.577923,280887296,0,0,16,0
2,54,compute,1955.089613,1955.808075,0.718462,0,0,0,0,0
2,55,trunk,1955.808078,1955.811460,0.003382,431890432,-153,1,0,0
2,55,expert,1955.842244,1956.616834,0.774591,280887296,0,0,16,0
2,55,compute,1955.811481,1956.711250,0.899769,0,0,0,0,0
2,56,trunk,1956.711252,1956.714702,0.003449,645562368,-154,1,0,0
2,56,expert,1956.765443,1957.543006,0.777563,280887296,0,0,16,0
2,56,compute,1956.714722,1957.654621,0.939899,0,0,0,0,0
2,57,trunk,1957.654641,1957.658040,0.003399,645562368,-155,1,0,0
2,57,expert,1957.710814,1958.497008,0.786194,280887296,0,0,16,0
2,57,compute,1957.658079,1958.610195,0.952116,0,0,0,0,0
2,58,trunk,1958.610197,1958.613815,0.003618,645562368,-156,1,0,0
2,58,expert,1958.664952,1959.263178,0.598227,280887296,0,0,16,0
2,58,compute,1958.613844,1959.378842,0.764998,0,0,0,0,0
2,59,trunk,1959.378844,1959.382474,0.003630,431890432,-157,1,0,0
2,59,expert,1959.416637,1960.222605,0.805968,280887296,0,0,16,0
2,59,compute,1959.382498,1960.323357,0.940860,0,0,0,0,0
2,60,trunk,1960.323360,1960.326726,0.003367,645562368,-158,1,0,0
2,60,expert,1960.376512,1961.162256,0.785743,280887296,0,0,16,0
2,60,compute,1960.326755,1961.255245,0.928490,0,0,0,0,0
2,61,trunk,1961.255248,1961.258564,0.003317,645562368,-159,1,0,0
2,61,expert,1961.315338,1962.064187,0.748849,280887296,0,0,16,0
2,61,compute,1961.258604,1962.159776,0.901172,0,0,0,0,0
2,62,trunk,1962.159778,1962.163260,0.003482,645562368,-160,1,0,0
2,62,expert,1962.210285,1962.770951,0.560666,280887296,0,0,16,0
2,62,compute,1962.163289,1962.882186,0.718897,0,0,0,0,0
2,63,trunk,1962.882188,1962.885964,0.003776,431890432,-161,1,0,0
2,63,expert,1962.919979,1963.699176,0.779197,280887296,0,0,16,0
2,63,compute,1962.885980,1963.814317,0.928338,0,0,0,0,0
2,64,trunk,1963.814319,1963.818002,0.003683,645562368,-162,1,0,0
2,64,expert,1963.869698,1964.640076,0.770378,280887296,0,0,16,0
2,64,compute,1963.823496,1964.756039,0.932543,0,0,0,0,0
2,65,trunk,1964.756041,1964.759352,0.003311,645562368,-163,1,0,0
2,65,expert,1964.813780,1965.546239,0.732459,280887296,0,0,16,0
2,65,compute,1964.759373,1965.640355,0.880982,0,0,0,0,0
2,66,trunk,1965.640357,1965.643741,0.003384,645562368,-164,1,0,0
2,66,expert,1965.691378,1966.276525,0.585146,280887296,0,0,16,0
2,66,compute,1965.643765,1966.415042,0.771277,0,0,0,0,0
2,67,trunk,1966.415043,1966.418554,0.003511,431890432,-165,1,0,0
2,67,expert,1966.456870,1967.247660,0.790791,280887296,0,0,16,0
2,67,compute,1966.418578,1967.359607,0.941029,0,0,0,0,0
2,68,trunk,1967.359609,1967.363040,0.003431,645562368,-166,1,0,0
2,68,expert,1967.413876,1979.307791,11.893915,280887296,0,0,16,0
2,68,compute,1967.363082,1979.444039,12.080957,0,0,0,0,0
2,69,trunk,1979.444042,1979.447766,0.003724,645562368,-167,1,0,0
2,69,expert,1979.513630,1980.350853,0.837224,280887296,0,0,16,0
2,69,compute,1979.447791,1980.462297,1.014506,0,0,0,0,0
2,70,trunk,1980.462299,1980.465514,0.003215,645562368,-168,1,0,0
2,70,expert,1980.511264,1981.127758,0.616494,280887296,0,0,16,0
2,70,compute,1980.465558,1981.246226,0.780668,0,0,0,0,0
2,71,trunk,1981.246228,1981.249700,0.003472,431890432,-169,1,0,0
2,71,expert,1981.284041,1982.130639,0.846597,280887296,0,0,16,0
2,71,compute,1981.249722,1982.250270,1.000549,0,0,0,0,0
2,72,trunk,1982.250272,1982.253701,0.003429,645562368,-170,1,0,0
2,72,expert,1982.304133,1983.113601,0.809468,280887296,0,0,16,0
2,72,compute,1982.253723,1983.209842,0.956119,0,0,0,0,0
2,73,trunk,1983.209844,1983.213242,0.003398,645562368,-171,1,0,0
2,73,expert,1983.263899,1984.071928,0.808029,280887296,0,0,16,0
2,73,compute,1983.213269,1984.194466,0.981197,0,0,0,0,0
2,74,trunk,1984.194468,1984.198258,0.003790,645562368,-172,1,0,0
2,74,expert,1984.246964,1984.843044,0.596080,280887296,0,0,16,0
2,74,compute,1984.198281,1984.962241,0.763960,0,0,0,0,0
2,75,trunk,1984.962243,1984.965862,0.003619,431890432,-173,1,0,0
2,75,expert,1985.001856,1985.794110,0.792254,280887296,0,0,16,0
2,75,compute,1984.965883,1985.889948,0.924066,0,0,0,0,0
2,76,trunk,1985.889951,1985.893457,0.003506,645562368,-174,1,0,0
2,76,expert,1985.943179,1986.703305,0.760125,280887296,0,0,16,0
2,76,compute,1985.893502,1986.819021,0.925519,0,0,0,0,0
2,77,trunk,1986.819023,1986.822556,0.003533,645562368,-175,1,0,0
2,77,expert,1986.887355,1987.654072,0.766718,280887296,0,0,16,0
2,77,compute,1986.822581,1987.752103,0.929521,0,0,0,0,0
2,78,trunk,1987.752104,1987.755581,0.003477,645562368,-176,1,0,0
2,78,expert,1987.807293,1988.403529,0.596236,280887296,0,0,16,0
2,78,compute,1987.755612,1988.522277,0.766666,0,0,0,0,0
2,79,trunk,1988.522279,1988.525663,0.003384,431890432,-177,1,0,0
2,79,expert,1988.564931,1989.331586,0.766654,280887296,0,0,16,0
2,79,compute,1988.525684,1989.462164,0.936481,0,0,0,0,0
2,80,trunk,1989.462166,1989.466065,0.003899,645562368,-178,1,0,0
2,80,expert,1989.528058,1990.282545,0.754487,280887296,0,0,16,0
2,80,compute,1989.466088,1990.400276,0.934188,0,0,0,0,0
2,81,trunk,1990.400278,1990.403613,0.003335,645562368,-179,1,0,0
2,81,expert,1990.459122,1991.236025,0.776903,263331840,0,0,15,0
2,81,compute,1990.403667,1991.358189,0.954522,0,0,0,0,0
2,82,trunk,1991.358190,1991.361603,0.003413,645562368,-180,1,0,0
2,82,expert,1991.409874,1992.010096,0.600222,280887296,0,0,16,0
2,82,compute,1991.361629,1992.126156,0.764527,0,0,0,0,0
2,83,trunk,1992.126158,1992.129533,0.003375,431890432,-181,1,0,0
2,83,expert,1992.161645,1992.920359,0.758714,228220928,0,0,13,0
2,83,compute,1992.129578,1993.034168,0.904590,0,0,0,0,0
2,84,trunk,1993.034170,1993.037741,0.003571,645562368,-182,1,0,0
2,84,expert,1993.083263,1993.819378,0.736116,228220928,0,0,13,0
2,84,compute,1993.037762,1993.938297,0.900534,0,0,0,0,0
2,85,trunk,1993.938299,1993.941654,0.003355,645562368,-183,1,0,0
2,85,expert,1993.989228,1994.734163,0.744934,245776384,0,0,14,0
2,85,compute,1993.941675,1994.827807,0.886131,0,0,0,0,0
2,86,trunk,1994.827808,1994.831205,0.003396,645562368,-184,1,0,0
2,86,expert,1994.884291,1995.459080,0.574789,280887296,0,0,16,0
2,86,compute,1994.831227,1995.564106,0.732879,0,0,0,0,0
2,87,trunk,1995.564108,1995.567518,0.003410,431890432,-185,1,0,0
2,87,expert,1995.600561,1996.317400,0.716839,228220928,0,0,13,0
2,87,compute,1995.567540,1996.439020,0.871480,0,0,0,0,0
2,88,trunk,1996.439022,1996.442435,0.003414,645562368,-186,1,0,0
2,88,expert,1996.495245,1997.248263,0.753018,263331840,0,0,15,0
2,88,compute,1996.442473,1997.344826,0.902353,0,0,0,0,0
2,89,trunk,1997.344832,1997.348192,0.003360,645562368,-187,1,0,0
2,89,expert,1997.396086,1998.176269,0.780183,228220928,0,0,13,0
2,89,compute,1997.348217,1998.290433,0.942216,0,0,0,0,0
2,90,trunk,1998.290435,1998.293886,0.003451,645562368,-188,1,0,0
2,90,expert,1998.341988,1998.869668,0.527681,210665472,0,0,12,0
2,90,compute,1998.293908,1998.965509,0.671601,0,0,0,0,0
2,91,trunk,1998.965510,1998.968948,0.003437,431890432,-189,1,0,0
2,91,expert,1998.997746,1999.546722,0.548976,228220928,0,0,13,0
2,91,compute,1998.968976,1999.662313,0.693338,0,0,0,0,0
2,92,trunk,1999.662315,1999.665858,0.003543,431890432,-190,1,0,0
2,92,expert,1999.686793,1999.874333,0.187540,228220928,0,0,13,0
2,92,compute,1999.665859,1999.991004,0.325145,0,0,0,0,0
3,0,trunk,2000.091205,2000.091249,0.000044,0,-190,0,0,0
3,0,compute,2000.091249,2000.191307,0.100058,0,0,0,0,0
3,1,trunk,2000.191308,2000.194678,0.003370,0,-189,0,0,0
3,1,expert,2000.233514,2000.446213,0.212699,263331840,0,0,15,0
3,1,compute,2000.194680,2000.534182,0.339502,0,0,0,0,0
3,2,trunk,2000.534184,2000.538149,0.003965,0,-188,0,0,0
3,2,expert,2000.580834,2000.779234,0.198400,245776384,0,0,14,0
3,2,compute,2000.538151,2000.894184,0.356033,0,0,0,0,0
3,3,trunk,2000.894185,2000.897636,0.003451,0,-187,0,0,0
3,3,expert,2000.918656,2001.091877,0.173222,210665472,0,0,12,0
3,3,compute,2000.897638,2001.189264,0.291626,0,0,0,0,0
3,4,trunk,2001.189266,2001.192712,0.003446,0,-186,0,0,0
3,4,expert,2001.231698,2001.421730,0.190032,228220928,0,0,13,0
3,4,compute,2001.192714,2001.534278,0.341564,0,0,0,0,0
3,5,trunk,2001.534279,2001.537658,0.003379,0,-185,0,0,0
3,5,expert,2001.576668,2001.800759,0.224091,263331840,0,0,15,0
3,5,compute,2001.537660,2001.914194,0.376535,0,0,0,0,0
3,6,trunk,2001.914196,2001.917686,0.003490,0,-184,0,0,0
3,6,expert,2001.955972,2002.186476,0.230504,280887296,0,0,16,0
3,6,compute,2001.917688,2002.299023,0.381335,0,0,0,0,0
3,7,trunk,2002.299024,2002.302407,0.003382,0,-183,0,0,0
3,7,expert,2002.322751,2002.536529,0.213777,263331840,0,0,15,0
3,7,compute,2002.302408,2002.629478,0.327070,0,0,0,0,0
3,8,trunk,2002.629480,2002.633177,0.003697,0,-182,0,0,0
3,8,expert,2002.671651,2002.897173,0.225522,280887296,0,0,16,0
3,8,compute,2002.633179,2003.030165,0.396987,0,0,0,0,0
3,9,trunk,2003.030167,2003.033628,0.003462,0,-181,0,0,0
3,9,expert,2003.091018,2003.262023,0.171005,210665472,0,0,12,0
3,9,compute,2003.033630,2003.375009,0.341379,0,0,0,0,0
3,10,trunk,2003.375010,2003.378724,0.003714,0,-180,0,0,0
3,10,expert,2003.434285,2003.577822,0.143537,175554560,0,0,10,0
3,10,compute,2003.378726,2003.698170,0.319444,0,0,0,0,0
3,11,trunk,2003.698172,2003.701790,0.003619,0,-179,0,0,0
3,11,expert,2003.735282,2003.916805,0.181523,228220928,0,0,13,0
3,11,compute,2003.701792,2004.038443,0.336652,0,0,0,0,0
3,12,trunk,2004.038445,2004.041871,0.003426,0,-178,0,0,0
3,12,expert,2004.101037,2004.298517,0.197480,245776384,0,0,14,0
3,12,compute,2004.041872,2004.410202,0.368330,0,0,0,0,0
3,13,trunk,2004.410203,2004.413551,0.003348,0,-177,0,0,0
3,13,expert,2004.452644,2004.644457,0.191813,228220928,0,0,13,0
3,13,compute,2004.413607,2004.739147,0.325541,0,0,0,0,0
3,14,trunk,2004.739149,2004.742789,0.003641,0,-176,0,0,0
3,14,expert,2004.789854,2004.967505,0.177651,228220928,0,0,13,0
3,14,compute,2004.742792,2005.078200,0.335409,0,0,0,0,0
3,15,trunk,2005.078202,2005.081673,0.003472,0,-175,0,0,0
3,15,expert,2005.103052,2005.298322,0.195271,245776384,0,0,14,0
3,15,compute,2005.081676,2005.387137,0.305461,0,0,0,0,0
3,16,trunk,2005.387139,2005.390703,0.003565,0,-174,0,0,0
3,16,expert,2005.429088,2005.594068,0.164980,210665472,0,0,12,0
3,16,compute,2005.390705,2005.727021,0.336316,0,0,0,0,0
3,17,trunk,2005.727023,2005.730314,0.003292,0,-173,0,0,0
3,17,expert,2005.779031,2005.980210,0.201178,245776384,0,0,14,0
3,17,compute,2005.730316,2006.070869,0.340553,0,0,0,0,0
3,18,trunk,2006.070870,2006.074297,0.003427,0,-172,0,0,0
3,18,expert,2006.112049,2006.300185,0.188135,228220928,0,0,13,0
3,18,compute,2006.074299,2006.401576,0.327277,0,0,0,0,0
3,19,trunk,2006.401577,2006.405167,0.003590,0,-171,0,0,0
3,19,expert,2006.426659,2006.613088,0.186429,228220928,0,0,13,0
3,19,compute,2006.405168,2006.731010,0.325841,0,0,0,0,0
3,20,trunk,2006.731011,2006.734534,0.003523,0,-170,0,0,0
3,20,expert,2006.772992,2006.938830,0.165838,210665472,0,0,12,0
3,20,compute,2006.734537,2007.054162,0.319625,0,0,0,0,0
3,21,trunk,2007.054164,2007.057495,0.003332,0,-169,0,0,0
3,21,expert,2007.104402,2007.886080,0.781678,263331840,0,0,15,0
3,21,compute,2007.057517,2007.998195,0.940678,0,0,0,0,0
3,22,trunk,2007.998197,2008.001535,0.003338,645562368,-169,1,0,0
3,22,expert,2008.049646,2008.633014,0.583368,263331840,0,0,15,0
3,22,compute,2008.001555,2008.750171,0.748616,0,0,0,0,0
3,23,trunk,2008.750173,2008.753415,0.003242,431890432,-170,1,0,0
3,23,expert,2008.785749,2009.478956,0.693207,210665472,0,0,12,0
3,23,compute,2008.753435,2009.586190,0.832754,0,0,0,0,0
3,24,trunk,2009.586192,2009.589557,0.003365,645562368,-171,1,0,0
3,24,expert,2009.642456,2010.447533,0.805077,228220928,0,0,13,0
3,24,compute,2009.589577,2010.582191,0.992614,0,0,0,0,0
3,25,trunk,2010.582193,2010.585572,0.003379,645562368,-172,1,0,0
3,25,expert,2010.635914,2011.437186,0.801272,280887296,0,0,16,0
3,25,compute,2010.585593,2011.531961,0.946368,0,0,0,0,0
3,26,trunk,2011.531963,2011.535385,0.003422,645562368,-173,1,0,0
3,26,expert,2011.581372,2012.139165,0.557793,245776384,0,0,14,0
3,26,compute,2011.535405,2012.258693,0.723287,0,0,0,0,0
3,27,trunk,2012.258694,2012.262058,0.003363,431890432,-174,1,0,0
3,27,expert,2012.294085,2013.043580,0.749495,280887296,0,0,16,0
3,27,compute,2012.262079,2013.162197,0.900118,0,0,0,0,0
3,28,trunk,2013.162199,2013.165515,0.003316,645562368,-175,1,0,0
3,28,expert,2013.213579,2013.935739,0.722161,263331840,0,0,15,0
3,28,compute,2013.165537,2014.034360,0.868823,0,0,0,0,0
3,29,trunk,2014.034362,2014.037816,0.003454,645562368,-176,1,0,0
3,29,expert,2014.087563,2014.841084,0.753521,245776384,0,0,14,0
3,29,compute,2014.037838,2014.958195,0.920357,0,0,0,0,0
3,30,trunk,2014.958197,2014.961717,0.003520,645562368,-177,1,0,0
3,30,expert,2015.006237,2015.600350,0.594113,263331840,0,0,15,0
3,30,compute,2014.961740,2015.722566,0.760827,0,0,0,0,0
3,31,trunk,2015.722568,2015.725934,0.003366,431890432,-178,1,0,0
3,31,expert,2015.762953,2016.551666,0.788713,263331840,0,0,15,0
3,31,compute,2015.725957,2016.671021,0.945064,0,0,0,0,0
3,32,trunk,2016.671022,2016.674480,0.003458,645562368,-179,1,0,0
3,32,expert,2016.733341,2017.451750,0.718409,210665472,0,0,12,0
3,32,compute,2016.674509,2017.570172,0.895662,0,0,0,0,0
3,33,trunk,2017.570173,2017.573546,0.003373,645562368,-180,1,0,0
3,33,expert,2017.628130,2018.407507,0.779376,228220928,0,0,13,0
3,33,compute,2017.573567,2018.526191,0.952624,0,0,0,0,0
3,34,trunk,2018.526193,2018.529783,0.003590,645562368,-181,1,0,0
3,34,expert,2018.577007,2019.167767,0.590761,263331840,0,0,15,0
3,34,compute,2018.529812,2019.288141,0.758329,0,0,0,0,0
3,35,trunk,2019.288143,2019.291497,0.003354,431890432,-182,1,0,0
3,35,expert,2019.324486,2020.105631,0.781145,245776384,0,0,14,0
3,35,compute,2019.291526,2020.222615,0.931089,0,0,0,0,0
3,36,trunk,2020.222616,2020.226128,0.003512,645562368,-183,1,0,0
3,36,expert,2020.280847,2021.050723,0.769876,245776384,0,0,14,0
3,36,compute,2020.226156,2021.162252,0.936095,0,0,0,0,0
3,37,trunk,2021.162253,2021.165684,0.003430,645562368,-184,1,0,0
3,37,expert,2021.214084,2022.006356,0.792272,263331840,0,0,15,0
3,37,compute,2021.165706,2022.099549,0.933844,0,0,0,0,0
3,38,trunk,2022.099552,2022.102900,0.003348,645562368,-185,1,0,0
3,38,expert,2022.149378,2022.700229,0.550851,245776384,0,0,14,0
3,38,compute,2022.102920,2022.810172,0.707252,0,0,0,0,0
3,39,trunk,2022.810175,2022.813238,0.003063,431890432,-186,1,0,0
3,39,expert,2022.849888,2023.590197,0.740308,245776384,0,0,14,0
3,39,compute,2022.813260,2023.704037,0.890777,0,0,0,0,0
3,40,trunk,2023.704039,2023.707335,0.003297,645562368,-187,1,0,0
3,40,expert,2023.760327,2024.541545,0.781218,263331840,0,0,15,0
3,40,compute,2023.707358,2024.634689,0.927331,0,0,0,0,0
3,41,trunk,2024.634691,2024.638307,0.003616,645562368,-188,1,0,0
3,41,expert,2024.686195,2025.428825,0.742630,245776384,0,0,14,0
3,41,compute,2024.638329,2025.539520,0.901191,0,0,0,0,0
3,42,trunk,2025.539523,2025.542989,0.003466,645562368,-189,1,0,0
3,42,expert,2025.592496,2026.155904,0.563408,245776384,0,0,14,0
3,42,compute,2025.543011,2026.247475,0.704464,0,0,0,0,0
3,43,trunk,2026.247477,2026.251260,0.003783,431890432,-190,1,0,0
3,43,expert,2026.283483,2027.117074,0.833591,280887296,0,0,16,0
3,43,compute,2026.251282,2027.230211,0.978929,0,0,0,0,0
3,44,trunk,2027.230213,2027.233648,0.003434,645562368,-191,1,0,0
3,44,expert,2027.284302,2028.090990,0.806688,280887296,0,0,16,0
3,44,compute,2027.233673,2028.202288,0.968614,0,0,0,0,0
3,45,trunk,2028.202289,2028.205778,0.003489,645562368,-192,1,0,0
3,45,expert,2028.254575,2029.036456,0.781881,263331840,0,0,15,0
3,45,compute,2028.205800,2029.152046,0.946246,0,0,0,0,0
3,46,trunk,2029.152047,2029.155342,0.003295,645562368,-193,1,0,0
3,46,expert,2029.199543,2029.783452,0.583908,245776384,0,0,14,0
3,46,compute,2029.155364,2029.894178,0.738815,0,0,0,0,0
3,47,trunk,2029.894181,2029.897592,0.003412,431890432,-194,1,0,0
3,47,expert,2029.930629,2030.676080,0.745451,245776384,0,0,14,0
3,47,compute,2029.897613,2030.787734,0.890120,0,0,0,0,0
3,48,trunk,2030.787736,2030.791182,0.003446,645562368,-195,1,0,0
3,48,expert,2030.856426,2031.600696,0.744270,263331840,0,0,15,0
3,48,compute,2030.791211,2031.722218,0.931007,0,0,0,0,0
3,49,trunk,2031.722220,2031.725612,0.003392,645562368,-196,1,0,0
3,49,expert,2031.775301,2032.571939,0.796637,263331840,0,0,15,0
3,49,compute,2031.725651,2032.686196,0.960545,0,0,0,0,0
3,50,trunk,2032.686198,2032.690001,0.003803,645562368,-197,1,0,0
3,50,expert,2032.736241,2033.293655,0.557414,263331840,0,0,15,0
3,50,compute,2032.690041,2033.406197,0.716156,0,0,0,0,0
3,51,trunk,2033.406199,2033.409748,0.003548,431890432,-198,1,0,0
3,51,expert,2033.442599,2034.193024,0.750424,245776384,0,0,14,0
3,51,compute,2033.409768,2034.309716,0.899949,0,0,0,0,0
3,52,trunk,2034.309718,2034.313061,0.003342,645562368,-199,1,0,0
3,52,expert,2034.356336,2034.757977,0.401641,228220928,0,0,13,0
3,52,compute,2034.313081,2034.878570,0.565489,0,0,0,0,0
3,53,trunk,2034.878572,2035.066996,0.188424,645562368,-200,1,0,0
3,53,expert,2035.120792,2035.882948,0.762156,245776384,0,0,14,0
3,53,compute,2035.067048,2035.999034,0.931986,0,0,0,0,0
3,54,trunk,2035.999035,2036.002405,0.003370,645562368,-201,1,0,0
3,54,expert,2036.049871,2036.615121,0.565249,263331840,0,0,15,0
3,54,compute,2036.002426,2036.742160,0.739733,0,0,0,0,0
3,55,trunk,2036.742161,2036.745563,0.003402,431890432,-202,1,0,0
3,55,expert,2036.778731,2037.508885,0.730154,228220928,0,0,13,0
3,55,compute,2036.745603,2037.597458,0.851855,0,0,0,0,0
3,56,trunk,2037.597460,2037.600781,0.003321,645562368,-203,1,0,0
3,56,expert,2037.649630,2038.354552,0.704921,263331840,0,0,15,0
3,56,compute,2037.600831,2038.470233,0.869402,0,0,0,0,0
3,57,trunk,2038.470236,2038.473806,0.003570,645562368,-204,1,0,0
3,57,expert,2038.522912,2039.302073,0.779161,280887296,0,0,16,0
3,57,compute,2038.473827,2039.415327,0.941500,0,0,0,0,0
3,58,trunk,2039.415329,2039.418698,0.003369,645562368,-205,1,0,0
3,58,expert,2039.466339,2040.006318,0.539979,228220928,0,0,13,0
3,58,compute,2039.422737,2040.122171,0.699434,0,0,0,0,0
3,59,trunk,2040.122173,2040.125632,0.003459,431890432,-206,1,0,0
3,59,expert,2040.162963,2040.901922,0.738959,228220928,0,0,13,0
3,59,compute,2040.131286,2041.014196,0.882910,0,0,0,0,0
3,60,trunk,2041.014198,2041.017482,0.003284,645562368,-207,1,0,0
3,60,expert,2041.070441,2041.842652,0.772211,263331840,0,0,15,0
3,60,compute,2041.023761,2041.943609,0.919849,0,0,0,0,0
3,61,trunk,2041.943611,2041.947122,0.003510,645562368,-208,1,0,0
3,61,expert,2042.006406,2042.730440,0.724034,263331840,0,0,15,0
3,61,compute,2041.952854,2042.842238,0.889384,0,0,0,0,0
3,62,trunk,2042.842259,2042.845662,0.003403,645562368,-209,1,0,0
3,62,expert,2042.898345,2043.411024,0.512679,210665472,0,0,12,0
3,62,compute,2042.845686,2043.530232,0.684545,0,0,0,0,0
3,63,trunk,2043.530233,2043.534189,0.003956,431890432,-210,1,0,0
3,63,expert,2043.565645,2044.301877,0.736232,228220928,0,0,13,0
3,63,compute,2043.534211,2044.430164,0.895954,0,0,0,0,0
3,64,trunk,2044.430166,2044.433484,0.003318,645562368,-211,1,0,0
3,64,expert,2044.489587,2045.240364,0.750777,245776384,0,0,14,0
3,64,compute,2044.433504,2045.358223,0.924719,0,0,0,0,0
3,65,trunk,2045.358224,2045.361679,0.003455,645562368,-212,1,0,0
3,65,expert,2045.412096,2046.123567,0.711471,210665472,0,0,12,0
3,65,compute,2045.361718,2046.242202,0.880484,0,0,0,0,0
3,66,trunk,2046.242204,2046.245587,0.003383,645562368,-213,1,0,0
3,66,expert,2046.297644,2046.863641,0.565997,245776384,0,0,14,0
3,66,compute,2046.245607,2046.959148,0.713541,0,0,0,0,0
3,67,trunk,2046.959151,2046.962639,0.003488,431890432,-214,1,0,0
3,67,expert,2046.998818,2047.725084,0.726266,245776384,0,0,14,0
3,67,compute,2046.962659,2047.827301,0.864642,0,0,0,0,0
3,68,trunk,2047.827304,2047.830623,0.003319,645562368,-215,1,0,0
3,68,expert,2047.885865,2048.626666,0.740801,228220928,0,0,13,0
3,68,compute,2047.830645,2048.719424,0.888779,0,0,0,0,0
3,69,trunk,2048.719426,2048.722813,0.003387,645562368,-216,1,0,0
3,69,expert,2048.771919,2049.532613,0.760695,228220928,0,0,13,0
3,69,compute,2048.722836,2049.625068,0.902233,0,0,0,0,0
3,70,trunk,2049.625070,2049.628586,0.003516,645562368,-217,1,0,0
3,70,expert,2049.678017,2050.202586,0.524569,210665472,0,0,12,0
3,70,compute,2049.628605,2050.318172,0.689567,0,0,0,0,0
3,71,trunk,2050.318174,2050.321519,0.003345,431890432,-218,1,0,0
3,71,expert,2050.357207,2051.132415,0.775208,245776384,0,0,14,0
3,71,compute,2050.321539,2051.232143,0.910603,0,0,0,0,0
3,72,trunk,2051.232144,2051.235588,0.003444,645562368,-219,1,0,0
3,72,expert,2051.295885,2052.060782,0.764897,263331840,0,0,15,0
3,72,compute,2051.235619,2052.150654,0.915035,0,0,0,0,0
3,73,trunk,2052.150657,2052.154123,0.003467,645562368,-220,1,0,0
3,73,expert,2052.205414,2052.995895,0.790482,280887296,0,0,16,0
3,73,compute,2052.154152,2053.089336,0.935184,0,0,0,0,0
3,74,trunk,2053.089339,2053.092676,0.003336,645562368,-221,1,0,0
3,74,expert,2053.140150,2053.732056,0.591906,280887296,0,0,16,0
3,74,compute,2053.092695,2053.846271,0.753575,0,0,0,0,0
3,75,trunk,2053.846273,2053.849815,0.003542,431890432,-222,1,0,0
3,75,expert,2053.884570,2054.651936,0.767366,280887296,0,0,16,0
3,75,compute,2053.849835,2054.770310,0.920475,0,0,0,0,0
3,76,trunk,2054.770312,2054.773775,0.003463,645562368,-223,1,0,0
3,76,expert,2054.824086,2055.559057,0.734971,280887296,0,0,16,0
3,76,compute,2054.773796,2055.671004,0.897208,0,0,0,0,0
3,77,trunk,2055.671005,2055.674179,0.003174,645562368,-224,1,0,0
3,77,expert,2055.720315,2056.444321,0.724006,228220928,0,0,13,0
3,77,compute,2055.674202,2056.536706,0.862504,0,0,0,0,0
3,78,trunk,2056.536708,2056.540106,0.003398,645562368,-225,1,0,0
3,78,expert,2056.587361,2057.142389,0.555028,245776384,0,0,14,0
3,78,compute,2056.540133,2057.262218,0.722085,0,0,0,0,0
3,79,trunk,2057.262219,2057.265587,0.003368,431890432,-226,1,0,0
3,79,expert,2057.298671,2058.026745,0.728074,245776384,0,0,14,0
3,79,compute,2057.265609,2058.143166,0.877557,0,0,0,0,0
3,80,trunk,2058.143168,2058.146750,0.003582,645562368,-227,1,0,0
3,80,expert,2058.195095,2058.938064,0.742970,280887296,0,0,16,0
3,80,compute,2058.146772,2059.050185,0.903414,0,0,0,0,0
3,81,trunk,2059.050187,2059.053704,0.003517,645562368,-228,1,0,0
3,81,expert,2059.111043,2059.853419,0.742376,245776384,0,0,14,0
3,81,compute,2059.053726,2059.966197,0.912472,0,0,0,0,0
3,82,trunk,2059.966199,2059.969349,0.003150,645562368,-229,1,0,0
3,82,expert,2060.015841,2060.576309,0.560468,263331840,0,0,15,0
3,82,compute,2059.969368,2060.690229,0.720861,0,0,0,0,0
3,83,trunk,2060.690231,2060.693679,0.003449,431890432,-230,1,0,0
3,83,expert,2060.729031,2061.424395,0.695364,228220928,0,0,13,0
3,83,compute,2060.693709,2061.542220,0.848511,0,0,0,0,0
3,84,trunk,2061.542222,2061.545562,0.003341,645562368,-231,1,0,0
3,84,expert,2061.593960,2062.272686,0.678726,175554560,0,0,10,0
3,84,compute,2061.545583,2062.365362,0.819779,0,0,0,0,0
3,85,trunk,2062.365364,2062.368944,0.003579,645562368,-232,1,0,0
3,85,expert,2062.422478,2063.145740,0.723262,228220928,0,0,13,0
3,85,compute,2062.368995,2063.259059,0.890064,0,0,0,0,0
3,86,trunk,2063.259061,2063.262350,0.003289,645562368,-233,1,0,0
3,86,expert,2063.306885,2063.844273,0.537388,245776384,0,0,14,0
3,86,compute,2063.262393,2063.946165,0.683772,0,0,0,0,0
3,87,trunk,2063.946166,2063.949700,0.003533,431890432,-234,1,0,0
3,87,expert,2063.989216,2073.249829,9.260612,228220928,0,0,13,0
3,87,compute,2063.949721,2073.343586,9.393865,0,0,0,0,0
3,88,trunk,2073.343587,2073.346924,0.003337,645562368,-235,1,0,0
3,88,expert,2073.390880,2076.544290,3.153410,210665472,0,0,12,0
3,88,compute,2073.346967,2076.662253,3.315286,0,0,0,0,0
3,89,trunk,2076.662254,2076.705974,0.043720,645562368,-236,1,0,0
3,89,expert,2076.760068,2077.529020,0.768953,245776384,0,0,14,0
3,89,compute,2076.706029,2077.625211,0.919181,0,0,0,0,0
3,90,trunk,2077.625213,2077.628561,0.003348,645562368,-237,1,0,0
3,90,expert,2077.681272,2078.212349,0.531077,228220928,0,0,13,0
3,90,compute,2077.628580,2078.318168,0.689588,0,0,0,0,0
3,91,trunk,2078.318170,2078.321586,0.003416,431890432,-238,1,0,0
3,91,expert,2078.349567,2078.876231,0.526664,210665472,0,0,12,0
3,91,compute,2078.321607,2078.970074,0.648467,0,0,0,0,0
3,92,trunk,2078.970076,2078.973635,0.003559,431890432,-239,1,0,0
3,92,expert,2078.994789,2079.187064,0.192275,228220928,0,0,13,0
3,92,compute,2078.973636,2079.298278,0.324642,0,0,0,0,0
4,0,trunk,2079.400038,2079.400077,0.000038,0,-239,0,0,0
4,0,compute,2079.400078,2079.501452,0.101375,0,0,0,0,0
4,1,trunk,2079.501454,2079.504753,0.003299,0,-238,0,0,0
4,1,expert,2079.542731,2079.733370,0.190639,228220928,0,0,13,0
4,1,compute,2079.504755,2079.846203,0.341448,0,0,0,0,0
4,2,trunk,2079.846204,2079.849775,0.003570,0,-237,0,0,0
4,2,expert,2079.893007,2080.058819,0.165812,175554560,0,0,10,0
4,2,compute,2079.849777,2080.170210,0.320433,0,0,0,0,0
4,3,trunk,2080.170212,2080.173669,0.003457,0,-236,0,0,0
4,3,expert,2080.194530,2080.395054,0.200524,175554560,0,0,10,0
4,3,compute,2080.173671,2080.510235,0.336564,0,0,0,0,0
4,4,trunk,2080.510236,2080.513664,0.003427,0,-235,0,0,0
4,4,expert,2080.551624,2080.707440,0.155816,193110016,0,0,11,0
4,4,compute,2080.513666,2080.822541,0.308875,0,0,0,0,0
4,5,trunk,2080.822543,2080.825980,0.003438,0,-234,0,0,0
4,5,expert,2080.873800,2081.026648,0.152848,193110016,0,0,11,0
4,5,compute,2080.825982,2081.134205,0.308222,0,0,0,0,0
4,6,trunk,2081.134206,2081.137632,0.003426,0,-233,0,0,0
4,6,expert,2081.186519,2081.405131,0.218612,280887296,0,0,16,0
4,6,compute,2081.137634,2081.514306,0.376672,0,0,0,0,0
4,7,trunk,2081.514308,2081.517685,0.003377,0,-232,0,0,0
4,7,expert,2081.540130,2081.751683,0.211553,263331840,0,0,15,0
4,7,compute,2081.517687,2081.843578,0.325890,0,0,0,0,0
4,8,trunk,2081.843579,2081.846949,0.003370,0,-231,0,0,0
4,8,expert,2081.885083,2082.099076,0.213993,263331840,0,0,15,0
4,8,compute,2081.846951,2082.210198,0.363247,0,0,0,0,0
4,9,trunk,2082.210200,2082.213562,0.003362,0,-230,0,0,0
4,9,expert,2082.266471,2082.421044,0.154573,193110016,0,0,11,0
4,9,compute,2082.213564,2082.546196,0.332632,0,0,0,0,0
4,10,trunk,2082.546198,2082.549525,0.003327,0,-229,0,0,0
4,10,expert,2082.588578,2082.770852,0.182274,228220928,0,0,13,0
4,10,compute,2082.549527,2082.882187,0.332659,0,0,0,0,0
4,11,trunk,2082.882188,2082.885668,0.003480,0,-228,0,0,0
4,11,expert,2082.908751,2083.048196,0.139445,175554560,0,0,10,0
4,11,compute,2082.885670,2083.136207,0.250538,0,0,0,0,0
4,12,trunk,2083.136208,2083.139485,0.003277,0,-227,0,0,0
4,12,expert,2083.177295,2083.362714,0.185420,228220928,0,0,13,0
4,12,compute,2083.139487,2083.478201,0.338714,0,0,0,0,0
4,13,trunk,2083.478202,2083.481692,0.003489,0,-226,0,0,0
4,13,expert,2083.524572,2083.709799,0.185227,228220928,0,0,13,0
4,13,compute,2083.481694,2083.822195,0.340501,0,0,0,0,0
4,14,trunk,2083.822197,2083.825552,0.003355,0,-225,0,0,0
4,14,expert,2083.864203,2084.064867,0.200664,245776384,0,0,14,0
4,14,compute,2083.825554,2084.171012,0.345459,0,0,0,0,0
4,15,trunk,2084.171014,2084.174479,0.003466,0,-224,0,0,0
4,15,expert,2084.197533,2084.355111,0.157577,193110016,0,0,11,0
4,15,compute,2084.174481,2084.471020,0.296539,0,0,0,0,0
4,16,trunk,2084.471022,2084.474630,0.003608,0,-223,0,0,0
4,16,expert,2084.521892,2084.674475,0.152583,193110016,0,0,11,0
4,16,compute,2084.474632,2084.790289,0.315656,0,0,0,0,0
4,17,trunk,2084.790291,2084.793723,0.003433,0,-222,0,0,0
4,17,expert,2084.839404,2085.005963,0.166559,210665472,0,0,12,0
4,17,compute,2084.793726,2085.110195,0.316469,0,0,0,0,0
4,18,trunk,2085.110216,2085.113580,0.003364,0,-221,0,0,0
4,18,expert,2085.171394,2085.353628,0.182234,228220928,0,0,13,0
4,18,compute,2085.113582,2085.449287,0.335705,0,0,0,0,0
4,19,trunk,2085.449289,2085.452738,0.003449,0,-220,0,0,0
4,19,expert,2085.473217,2085.614640,0.141423,175554560,0,0,10,0
4,19,compute,2085.452739,2085.730719,0.277980,0,0,0,0,0
4,20,trunk,2085.730720,2085.734104,0.003383,0,-219,0,0,0
4,20,expert,2085.780195,2085.950655,0.170461,210665472,0,0,12,0
4,20,compute,2085.734105,2086.063008,0.328903,0,0,0,0,0
4,21,trunk,2086.063009,2086.066390,0.003381,0,-218,0,0,0
4,21,expert,2086.115413,2086.849323,0.733910,228220928,0,0,13,0
4,21,compute,2086.066433,2086.962340,0.895908,0,0,0,0,0
4,22,trunk,2086.962342,2086.965944,0.003602,645562368,-218,1,0,0
4,22,expert,2087.013023,2087.533312,0.520289,193110016,0,0,11,0
4,22,compute,2086.965974,2087.628912,0.662938,0,0,0,0,0
4,23,trunk,2087.628914,2087.632315,0.003402,431890432,-219,1,0,0
4,23,expert,2087.664445,2088.322720,0.658275,193110016,0,0,11,0
4,23,compute,2087.632334,2088.430168,0.797833,0,0,0,0,0
4,24,trunk,2088.430170,2088.433704,0.003534,645562368,-220,1,0,0
4,24,expert,2088.488199,2089.144249,0.656050,193110016,0,0,11,0
4,24,compute,2088.433726,2089.244131,0.810405,0,0,0,0,0
4,25,trunk,2089.244133,2089.251542,0.007409,645562368,-221,1,0,0
4,25,expert,2089.301842,2090.062225,0.760383,263331840,0,0,15,0
4,25,compute,2089.251568,2090.174202,0.922635,0,0,0,0,0
4,26,trunk,2090.174204,2090.178497,0.004292,645562368,-222,1,0,0
4,26,expert,2090.225666,2090.762282,0.536616,228220928,0,0,13,0
4,26,compute,2090.178521,2090.875039,0.696518,0,0,0,0,0
4,27,trunk,2090.875041,2090.878589,0.003548,431890432,-223,1,0,0
4,27,expert,2090.914875,2091.635133,0.720258,263331840,0,0,15,0
4,27,compute,2090.878618,2091.754284,0.875666,0,0,0,0,0
4,28,trunk,2091.754286,2091.757550,0.003264,645562368,-224,1,0,0
4,28,expert,2091.810249,2092.511909,0.701661,263331840,0,0,15,0
4,28,compute,2091.757570,2092.626231,0.868661,0,0,0,0,0
4,29,trunk,2092.626233,2092.629535,0.003302,645562368,-225,1,0,0
4,29,expert,2092.678802,2093.402572,0.723770,228220928,0,0,13,0
4,29,compute,2092.629556,2093.514774,0.885219,0,0,0,0,0
4,30,trunk,2093.514776,2093.518495,0.003719,645562368,-226,1,0,0
4,30,expert,2093.568490,2094.117210,0.548720,228220928,0,0,13,0
4,30,compute,2093.518521,2094.230195,0.711674,0,0,0,0,0
4,31,trunk,2094.230197,2094.233540,0.003343,431890432,-227,1,0,0
4,31,expert,2094.266315,2095.015453,0.749139,245776384,0,0,14,0
4,31,compute,2094.233560,2095.134363,0.900802,0,0,0,0,0
4,32,trunk,2095.134365,2095.137832,0.003467,645562368,-228,1,0,0
4,32,expert,2095.185623,2095.893295,0.707671,210665472,0,0,12,0
4,32,compute,2095.137854,2095.987194,0.849340,0,0,0,0,0
4,33,trunk,2095.987196,2095.990510,0.003314,645562368,-229,1,0,0
4,33,expert,2096.042832,2096.794648,0.751816,210665472,0,0,12,0
4,33,compute,2095.990536,2096.914252,0.923716,0,0,0,0,0
4,34,trunk,2096.914254,2096.917751,0.003497,645562368,-230,1,0,0
4,34,expert,2096.966379,2097.545110,0.578731,263331840,0,0,15,0
4,34,compute,2096.917772,2097.663108,0.745335,0,0,0,0,0
4,35,trunk,2097.663110,2097.666622,0.003512,431890432,-231,1,0,0
4,35,expert,2097.702966,2098.446291,0.743325,228220928,0,0,13,0
4,35,compute,2097.666643,2098.558817,0.892174,0,0,0,0,0
4,36,trunk,2098.558819,2098.562403,0.003584,645562368,-232,1,0,0
4,36,expert,2098.614060,2099.345760,0.731700,228220928,0,0,13,0
4,36,compute,2098.562445,2099.463077,0.900632,0,0,0,0,0
4,37,trunk,2099.463079,2099.466335,0.003256,645562368,-233,1,0,0
4,37,expert,2099.510965,2100.245603,0.734638,228220928,0,0,13,0
4,37,compute,2099.466382,2100.363058,0.896677,0,0,0,0,0
4,38,trunk,2100.363060,2100.366550,0.003490,645562368,-234,1,0,0
4,38,expert,2100.420565,2100.900869,0.480304,193110016,0,0,11,0
4,38,compute,2100.366574,2101.042287,0.675713,0,0,0,0,0
4,39,trunk,2101.042289,2101.045314,0.003025,431890432,-235,1,0,0
4,39,expert,2101.101916,2101.801666,0.699751,210665472,0,0,12,0
4,39,compute,2101.045336,2101.910166,0.864830,0,0,0,0,0
4,40,trunk,2101.910168,2101.913693,0.003525,645562368,-236,1,0,0
4,40,expert,2101.977346,2102.688764,0.711419,210665472,0,0,12,0
4,40,compute,2101.913716,2102.810206,0.896490,0,0,0,0,0
4,41,trunk,2102.810208,2102.813431,0.003224,645562368,-237,1,0,0
4,41,expert,2102.867632,2103.545655,0.678023,193110016,0,0,11,0
4,41,compute,2102.813452,2103.639688,0.826236,0,0,0,0,0
4,42,trunk,2103.639690,2103.643095,0.003405,645562368,-238,1,0,0
4,42,expert,2103.689713,2104.147289,0.457576,122888192,0,0,7,0
4,42,compute,2103.643137,2104.266168,0.623031,0,0,0,0,0
4,43,trunk,2104.266170,2104.269586,0.003416,431890432,-239,1,0,0
4,43,expert,2104.302763,2105.054514,0.751751,210665472,0,0,12,0
4,43,compute,2104.269609,2105.166233,0.896624,0,0,0,0,0
4,44,trunk,2105.166235,2105.169612,0.003377,645562368,-240,1,0,0
4,44,expert,2105.223448,2105.857501,0.634052,228220928,0,0,13,0
4,44,compute,2105.169666,2105.957903,0.788237,0,0,0,0,0
4,45,trunk,2105.957906,2105.970022,0.012116,645562368,-241,1,0,0
4,45,expert,2106.024580,2106.713747,0.689167,157999104,0,0,9,0
4,45,compute,2105.970077,2106.802459,0.832382,0,0,0,0,0
4,46,trunk,2106.802461,2106.805954,0.003493,645562368,-242,1,0,0
4,46,expert,2106.859676,2107.359160,0.499484,175554560,0,0,10,0
4,46,compute,2106.805975,2107.470210,0.664235,0,0,0,0,0
4,47,trunk,2107.470212,2107.473649,0.003437,431890432,-243,1,0,0
4,47,expert,2107.509596,2108.192939,0.683342,193110016,0,0,11,0
4,47,compute,2107.473670,2108.298209,0.824539,0,0,0,0,0
4,48,trunk,2108.298211,2108.301733,0.003522,645562368,-244,1,0,0
4,48,expert,2108.354432,2109.032346,0.677914,193110016,0,0,11,0
4,48,compute,2108.301755,2109.125597,0.823842,0,0,0,0,0
4,49,trunk,2109.125599,2109.128972,0.003373,645562368,-245,1,0,0
4,49,expert,2109.182031,2109.949244,0.767213,245776384,0,0,14,0
4,49,compute,2109.128996,2110.054186,0.925191,0,0,0,0,0
4,50,trunk,2110.054188,2110.057571,0.003383,645562368,-246,1,0,0
4,50,expert,2110.112119,2110.634827,0.522708,210665472,0,0,12,0
4,50,compute,2110.057600,2110.746215,0.688615,0,0,0,0,0
4,51,trunk,2110.746217,2110.749632,0.003415,431890432,-247,1,0,0
4,51,expert,2110.784227,2111.454760,0.670533,193110016,0,0,11,0
4,51,compute,2110.749655,2111.574272,0.824617,0,0,0,0,0
4,52,trunk,2111.574274,2111.577858,0.003585,645562368,-248,1,0,0
4,52,expert,2111.634178,2112.317176,0.682998,210665472,0,0,12,0
4,52,compute,2111.577881,2112.430270,0.852389,0,0,0,0,0
4,53,trunk,2112.430272,2112.433693,0.003421,645562368,-249,1,0,0
4,53,expert,2112.483450,2113.192201,0.708750,193110016,0,0,11,0
4,53,compute,2112.433714,2113.310194,0.876481,0,0,0,0,0
4,54,trunk,2113.310196,2113.313477,0.003281,645562368,-250,1,0,0
4,54,expert,2113.362060,2113.880156,0.518096,210665472,0,0,12,0
4,54,compute,2113.313498,2113.995478,0.681980,0,0,0,0,0
4,55,trunk,2113.995480,2113.999367,0.003887,431890432,-251,1,0,0
4,55,expert,2114.046089,2114.740200,0.694111,193110016,0,0,11,0
4,55,compute,2113.999414,2115.036359,1.036945,0,0,0,0,0
4,56,trunk,2115.036361,2115.040102,0.003741,645562368,-252,1,0,0
4,56,expert,2115.109653,2115.799525,0.689873,210665472,0,0,12,0
4,56,compute,2115.040121,2116.426387,1.386266,0,0,0,0,0
4,57,trunk,2116.426389,2116.430067,0.003678,645562368,-253,1,0,0
4,57,expert,2116.503582,2117.248370,0.744788,263331840,0,0,15,0
4,57,compute,2116.430089,2117.541388,1.111298,0,0,0,0,0
4,58,trunk,2117.541389,2117.545059,0.003670,645562368,-254,1,0,0
4,58,expert,2117.604213,2118.158677,0.554464,245776384,0,0,14,0
4,58,compute,2117.545079,2118.575194,1.030115,0,0,0,0,0
4,59,trunk,2118.575196,2118.578578,0.003382,431890432,-255,1,0,0
4,59,expert,2118.613709,2119.355537,0.741828,228220928,0,0,13,0
4,59,compute,2118.578600,2119.447436,0.868836,0,0,0,0,0
4,60,trunk,2119.447438,2119.450922,0.003484,645562368,-256,1,0,0
4,60,expert,2119.505189,2120.303894,0.798705,280887296,0,0,16,0
4,60,compute,2119.450951,2120.416227,0.965277,0,0,0,0,0
4,61,trunk,2120.416229,2120.419558,0.003329,645562368,-257,1,0,0
4,61,expert,2120.473784,2121.227868,0.754083,263331840,0,0,15,0
4,61,compute,2120.419584,2121.346245,0.926661,0,0,0,0,0
4,62,trunk,2121.346248,2121.349755,0.003507,645562368,-258,1,0,0
4,62,expert,2121.410846,2121.903349,0.492503,228220928,0,0,13,0
4,62,compute,2121.349775,2122.020048,0.670273,0,0,0,0,0
4,63,trunk,2122.020050,2122.023840,0.003790,431890432,-259,1,0,0
4,63,expert,2122.056558,2122.827757,0.771199,263331840,0,0,15,0
4,63,compute,2122.023868,2122.924699,0.900831,0,0,0,0,0
4,64,trunk,2122.924701,2122.928130,0.003428,645562368,-260,1,0,0
4,64,expert,2122.977178,2123.722708,0.745530,228220928,0,0,13,0
4,64,compute,2122.928147,2124.003940,1.075793,0,0,0,0,0
4,65,trunk,2124.003942,2124.007355,0.003413,645562368,-261,1,0,0
4,65,expert,2124.062684,2124.826249,0.763565,263331840,0,0,15,0
4,65,compute,2124.007377,2124.938367,0.930990,0,0,0,0,0
4,66,trunk,2124.938369,2124.941729,0.003359,645562368,-262,1,0,0
4,66,expert,2124.990082,2125.583378,0.593296,280887296,0,0,16,0
4,66,compute,2124.941750,2125.678978,0.737228,0,0,0,0,0
4,67,trunk,2125.678980,2125.682453,0.003473,431890432,-263,1,0,0
4,67,expert,2125.716117,2126.457942,0.741825,210665472,0,0,12,0
4,67,compute,2125.688053,2127.017273,1.329220,0,0,0,0,0
4,68,trunk,2127.017275,2127.020676,0.003400,645562368,-264,1,0,0
4,68,expert,2127.070963,2127.809182,0.738219,245776384,0,0,14,0
4,68,compute,2127.026202,2127.926281,0.900079,0,0,0,0,0
4,69,trunk,2127.926282,2127.929726,0.003443,645562368,-265,1,0,0
4,69,expert,2127.978896,2128.749894,0.770998,245776384,0,0,14,0
4,69,compute,2127.929747,2128.863032,0.933285,0,0,0,0,0
4,70,trunk,2128.863034,2128.866605,0.003571,645562368,-266,1,0,0
4,70,expert,2128.913641,2129.450104,0.536463,228220928,0,0,13,0
4,70,compute,2128.866627,2129.545865,0.679238,0,0,0,0,0
4,71,trunk,2129.545867,2129.549262,0.003395,431890432,-267,1,0,0
4,71,expert,2129.579656,2130.390302,0.810646,245776384,0,0,14,0
4,71,compute,2129.549284,2130.506231,0.956947,0,0,0,0,0
4,72,trunk,2130.506233,2130.509772,0.003539,645562368,-268,1,0,0
4,72,expert,2130.561747,2131.351424,0.789677,280887296,0,0,16,0
4,72,compute,2130.509795,2131.462884,0.953088,0,0,0,0,0
4,73,trunk,2131.462886,2131.466176,0.003290,645562368,-269,1,0,0
4,73,expert,2131.514151,2132.303892,0.789741,280887296,0,0,16,0
4,73,compute,2131.466198,2132.418216,0.952018,0,0,0,0,0
4,74,trunk,2132.418218,2132.421583,0.003365,645562368,-270,1,0,0
4,74,expert,2132.468925,2133.056860,0.587935,280887296,0,0,16,0
4,74,compute,2132.421605,2133.174196,0.752591,0,0,0,0,0
4,75,trunk,2133.174197,2133.177670,0.003473,431890432,-271,1,0,0
4,75,expert,2133.212985,2133.970679,0.757694,263331840,0,0,15,0
4,75,compute,2133.177691,2134.229037,1.051347,0,0,0,0,0
4,76,trunk,2134.229040,2134.232468,0.003429,645562368,-272,1,0,0
4,76,expert,2134.281385,2135.021526,0.740141,280887296,0,0,16,0
4,76,compute,2134.232486,2135.134264,0.901778,0,0,0,0,0
4,77,trunk,2135.134266,2135.137429,0.003163,645562368,-273,1,0,0
4,77,expert,2135.185169,2135.932973,0.747804,245776384,0,0,14,0
4,77,compute,2135.137453,2136.029254,0.891801,0,0,0,0,0
4,78,trunk,2136.029256,2136.032704,0.003448,645562368,-274,1,0,0
4,78,expert,2136.079053,2136.642271,0.563218,245776384,0,0,14,0
4,78,compute,2136.032723,2136.738963,0.706240,0,0,0,0,0
4,79,trunk,2136.738965,2136.742426,0.003461,431890432,-275,1,0,0
4,79,expert,2136.775609,2137.525207,0.749598,263331840,0,0,15,0
4,79,compute,2136.742448,2137.619110,0.876662,0,0,0,0,0
4,80,trunk,2137.619112,2137.622674,0.003562,645562368,-276,1,0,0
4,80,expert,2137.672339,2138.416736,0.744397,280887296,0,0,16,0
4,80,compute,2137.622703,2138.508565,0.885862,0,0,0,0,0
4,81,trunk,2138.508567,2138.512052,0.003485,645562368,-277,1,0,0
4,81,expert,2138.561787,2139.339823,0.778037,263331840,0,0,15,0
4,81,compute,2138.512068,2139.452722,0.940654,0,0,0,0,0
4,82,trunk,2139.452724,2139.456169,0.003445,645562368,-278,1,0,0
4,82,expert,2139.504399,2140.090608,0.586209,280887296,0,0,16,0
4,82,compute,2139.456187,2140.207468,0.751281,0,0,0,0,0
4,83,trunk,2140.207470,2140.211151,0.003681,431890432,-279,1,0,0
4,83,expert,2140.251774,2141.012967,0.761192,245776384,0,0,14,0
4,83,compute,2140.211172,2141.104610,0.893439,0,0,0,0,0
4,84,trunk,2141.104612,2141.108066,0.003454,645562368,-280,1,0,0
4,84,expert,2141.158249,2141.903902,0.745653,228220928,0,0,13,0
4,84,compute,2141.108081,2142.016954,0.908872,0,0,0,0,0
4,85,trunk,2142.016956,2142.020376,0.003420,645562368,-281,1,0,0
4,85,expert,2142.070771,2142.836305,0.765534,263331840,0,0,15,0
4,85,compute,2142.020395,2142.932321,0.911927,0,0,0,0,0
4,86,trunk,2142.932323,2142.935698,0.003375,645562368,-282,1,0,0
4,86,expert,2142.988267,2143.560597,0.572331,263331840,0,0,15,0
4,86,compute,2142.935732,2143.678203,0.742471,0,0,0,0,0
4,87,trunk,2143.678205,2143.681547,0.003341,431890432,-283,1,0,0
4,87,expert,2143.715073,2144.443955,0.728883,245776384,0,0,14,0
4,87,compute,2143.681569,2144.562211,0.880642,0,0,0,0,0
4,88,trunk,2144.562213,2144.565565,0.003352,645562368,-284,1,0,0
4,88,expert,2144.615224,2145.345731,0.730506,228220928,0,0,13,0
4,88,compute,2144.565586,2145.458246,0.892660,0,0,0,0,0
4,89,trunk,2145.458248,2145.461586,0.003337,645562368,-285,1,0,0
4,89,expert,2145.509967,2146.232540,0.722573,175554560,0,0,10,0
4,89,compute,2145.461607,2146.887326,1.425718,0,0,0,0,0
4,90,trunk,2146.887328,2146.890708,0.003381,645562368,-286,1,0,0
4,90,expert,2146.937109,2147.411971,0.474862,157999104,0,0,9,0
4,90,compute,2146.890730,2148.063708,1.172978,0,0,0,0,0
4,91,trunk,2148.063710,2148.067224,0.003513,431890432,-287,1,0,0
4,91,expert,2148.097416,2148.581489,0.484073,157999104,0,0,9,0
4,91,compute,2148.067293,2148.702201,0.634908,0,0,0,0,0
4,92,trunk,2148.702202,2148.705738,0.003536,431890432,-288,1,0,0
4,92,expert,2148.727076,2148.960566,0.233489,245776384,0,0,14,0
4,92,compute,2148.705740,2149.201864,0.496124,0,0,0,0,0
5,0,trunk,2149.297782,2149.297818,0.000036,0,-288,0,0,0
5,0,compute,2149.297819,2149.398555,0.100735,0,0,0,0,0
5,1,trunk,2149.398556,2149.401893,0.003337,0,-287,0,0,0
5,1,expert,2149.442669,2149.637062,0.194393,228220928,0,0,13,0
5,1,compute,2149.401894,2149.750253,0.348359,0,0,0,0,0
5,2,trunk,2149.750255,2149.753662,0.003407,0,-286,0,0,0
5,2,expert,2149.805415,2150.000574,0.195159,210665472,0,0,12,0
5,2,compute,2149.753664,2150.092652,0.338987,0,0,0,0,0
5,3,trunk,2150.092653,2150.096184,0.003531,0,-285,0,0,0
5,3,expert,2150.116844,2150.275113,0.158269,193110016,0,0,11,0
5,3,compute,2150.096186,2150.386216,0.290029,0,0,0,0,0
5,4,trunk,2150.386217,2150.389774,0.003557,0,-284,0,0,0
5,4,expert,2150.436840,2150.637510,0.200670,228220928,0,0,13,0
5,4,compute,2150.389776,2150.750428,0.360652,0,0,0,0,0
5,5,trunk,2150.750430,2150.753763,0.003333,0,-283,0,0,0
5,5,expert,2150.802665,2150.987674,0.185010,210665472,0,0,12,0
5,5,compute,2150.753765,2151.081007,0.327242,0,0,0,0,0
5,6,trunk,2151.081008,2151.084421,0.003413,0,-282,0,0,0
5,6,expert,2151.122411,2151.371263,0.248852,280887296,0,0,16,0
5,6,compute,2151.084428,2151.483039,0.398611,0,0,0,0,0
5,7,trunk,2151.483040,2151.486495,0.003454,0,-281,0,0,0
5,7,expert,2151.508188,2151.725023,0.216835,263331840,0,0,15,0
5,7,compute,2151.486497,2151.834175,0.347678,0,0,0,0,0
5,8,trunk,2151.834177,2151.837491,0.003314,0,-280,0,0,0
5,8,expert,2151.918547,2152.142426,0.223879,263331840,0,0,15,0
5,8,compute,2151.837493,2152.262315,0.424823,0,0,0,0,0
5,9,trunk,2152.262317,2152.265644,0.003328,0,-279,0,0,0
5,9,expert,2152.314068,2152.492625,0.178557,210665472,0,0,12,0
5,9,compute,2152.265646,2152.586582,0.320936,0,0,0,0,0
5,10,trunk,2152.586583,2152.590029,0.003446,0,-278,0,0,0
5,10,expert,2152.628442,2152.781652,0.153211,193110016,0,0,11,0
5,10,compute,2152.590031,2152.903036,0.313006,0,0,0,0,0
5,11,trunk,2152.903038,2152.906500,0.003462,0,-277,0,0,0
5,11,expert,2152.927163,2153.106280,0.179117,210665472,0,0,12,0
5,11,compute,2152.906502,2153.218192,0.311690,0,0,0,0,0
5,12,trunk,2153.218193,2153.221601,0.003408,0,-276,0,0,0
5,12,expert,2153.298889,2153.504410,0.205522,245776384,0,0,14,0
5,12,compute,2153.221603,2153.599895,0.378292,0,0,0,0,0
5,13,trunk,2153.599896,2153.603269,0.003373,0,-275,0,0,0
5,13,expert,2153.641820,2153.839313,0.197493,228220928,0,0,13,0
5,13,compute,2153.603270,2153.954221,0.350951,0,0,0,0,0
5,14,trunk,2153.954222,2153.957658,0.003435,0,-274,0,0,0
5,14,expert,2153.996221,2154.211893,0.215672,245776384,0,0,14,0
5,14,compute,2153.957660,2154.304252,0.346592,0,0,0,0,0
5,15,trunk,2154.304253,2154.307675,0.003422,0,-273,0,0,0
5,15,expert,2154.328086,2154.519110,0.191024,210665472,0,0,12,0
5,15,compute,2154.307676,2154.630212,0.322536,0,0,0,0,0
5,16,trunk,2154.630214,2154.633610,0.003397,0,-272,0,0,0
5,16,expert,2154.715542,2154.904300,0.188758,210665472,0,0,12,0
5,16,compute,2154.633612,2154.993234,0.359621,0,0,0,0,0
5,17,trunk,2154.993235,2154.996544,0.003309,0,-271,0,0,0
5,17,expert,2155.035086,2155.241858,0.206771,245776384,0,0,14,0
5,17,compute,2154.996545,2155.332268,0.335722,0,0,0,0,0
5,18,trunk,2155.332270,2155.335637,0.003367,0,-270,0,0,0
5,18,expert,2155.375118,2155.573729,0.198612,228220928,0,0,13,0
5,18,compute,2155.335638,2155.706209,0.370570,0,0,0,0,0
5,19,trunk,2155.706210,2155.709636,0.003426,0,-269,0,0,0
5,19,expert,2155.732764,2155.930433,0.197668,228220928,0,0,13,0
5,19,compute,2155.709638,2156.043085,0.333446,0,0,0,0,0
5,20,trunk,2156.043086,2156.046411,0.003325,0,-268,0,0,0
5,20,expert,2156.122702,2156.287187,0.164485,193110016,0,0,11,0
5,20,compute,2156.046413,2156.406197,0.359784,0,0,0,0,0
5,21,trunk,2156.406198,2156.409617,0.003418,0,-267,0,0,0
5,21,expert,2156.468218,2157.164902,0.696683,245776384,0,0,14,0
5,21,compute,2156.409636,2157.270330,0.860694,0,0,0,0,0
5,22,trunk,2157.270331,2157.273716,0.003384,645562368,-267,1,0,0
5,22,expert,2157.323012,2157.880565,0.557553,228220928,0,0,13,0
5,22,compute,2157.273736,2157.994286,0.720549,0,0,0,0,0
5,23,trunk,2157.994323,2157.997693,0.003370,431890432,-268,1,0,0
5,23,expert,2158.030129,2158.727032,0.696904,228220928,0,0,13,0
5,23,compute,2157.997713,2158.824001,0.826287,0,0,0,0,0
5,24,trunk,2158.824040,2158.827338,0.003298,645562368,-269,1,0,0
5,24,expert,2158.889391,2159.693403,0.804012,245776384,0,0,14,0
5,24,compute,2158.827392,2159.787786,0.960394,0,0,0,0,0
5,25,trunk,2159.787789,2159.791223,0.003434,645562368,-270,1,0,0
5,25,expert,2159.839858,2160.625887,0.786030,280887296,0,0,16,0
5,25,compute,2159.791246,2160.739031,0.947785,0,0,0,0,0
5,26,trunk,2160.739032,2160.742491,0.003458,645562368,-271,1,0,0
5,26,expert,2160.794018,2161.299434,0.505416,193110016,0,0,11,0
5,26,compute,2160.742511,2161.418185,0.675674,0,0,0,0,0
5,27,trunk,2161.418187,2161.421645,0.003458,431890432,-272,1,0,0
5,27,expert,2161.462284,2162.182883,0.720598,263331840,0,0,15,0
5,27,compute,2161.421666,2162.290693,0.869027,0,0,0,0,0
5,28,trunk,2162.290695,2162.293725,0.003030,645562368,-273,1,0,0
5,28,expert,2162.345741,2163.053409,0.707668,263331840,0,0,15,0
5,28,compute,2162.293746,2163.174200,0.880454,0,0,0,0,0
5,29,trunk,2163.174202,2163.177599,0.003397,645562368,-274,1,0,0
5,29,expert,2163.226363,2164.039963,0.813600,245776384,0,0,14,0
5,29,compute,2163.177624,2164.159067,0.981443,0,0,0,0,0
5,30,trunk,2164.159070,2164.162790,0.003720,645562368,-275,1,0,0
5,30,expert,2164.209177,2164.793909,0.584732,245776384,0,0,14,0
5,30,compute,2164.162812,2164.906219,0.743407,0,0,0,0,0
5,31,trunk,2164.906221,2164.913922,0.007701,431890432,-276,1,0,0
5,31,expert,2164.948689,2165.700236,0.751548,245776384,0,0,14,0
5,31,compute,2164.913943,2165.818265,0.904322,0,0,0,0,0
5,32,trunk,2165.818267,2165.821827,0.003560,645562368,-277,1,0,0
5,32,expert,2165.871260,2166.597334,0.726074,228220928,0,0,13,0
5,32,compute,2165.821850,2166.710171,0.888321,0,0,0,0,0
5,33,trunk,2166.710173,2166.713602,0.003430,645562368,-278,1,0,0
5,33,expert,2166.761376,2167.478922,0.717547,157999104,0,0,9,0
5,33,compute,2166.713663,2167.600047,0.886383,0,0,0,0,0
5,34,trunk,2167.600049,2167.603378,0.003330,645562368,-279,1,0,0
5,34,expert,2167.659489,2168.223280,0.563792,263331840,0,0,15,0
5,34,compute,2167.603399,2168.338258,0.734859,0,0,0,0,0
5,35,trunk,2168.338260,2168.341705,0.003445,431890432,-280,1,0,0
5,35,expert,2168.374961,2169.162177,0.787216,263331840,0,0,15,0
5,35,compute,2168.341725,2169.279741,0.938016,0,0,0,0,0
5,36,trunk,2169.279742,2169.283108,0.003366,645562368,-281,1,0,0
5,36,expert,2169.332369,2170.113761,0.781392,263331840,0,0,15,0
5,36,compute,2169.283130,2170.227011,0.943881,0,0,0,0,0
5,37,trunk,2170.227013,2170.230688,0.003675,645562368,-282,1,0,0
5,37,expert,2170.286929,2171.062829,0.775900,245776384,0,0,14,0
5,37,compute,2170.230709,2171.171020,0.940311,0,0,0,0,0
5,38,trunk,2171.171022,2171.174372,0.003349,645562368,-283,1,0,0
5,38,expert,2171.225418,2171.730492,0.505074,193110016,0,0,11,0
5,38,compute,2171.174433,2171.825672,0.651239,0,0,0,0,0
5,39,trunk,2171.825675,2171.829108,0.003433,431890432,-284,1,0,0
5,39,expert,2171.867811,2172.596153,0.728342,210665472,0,0,12,0
5,39,compute,2171.829128,2172.688381,0.859253,0,0,0,0,0
5,40,trunk,2172.688383,2172.691709,0.003325,645562368,-285,1,0,0
5,40,expert,2172.750023,2173.482370,0.732347,210665472,0,0,12,0
5,40,compute,2172.691733,2173.577443,0.885710,0,0,0,0,0
5,41,trunk,2173.577446,2173.580844,0.003398,645562368,-286,1,0,0
5,41,expert,2173.628433,2174.338465,0.710031,210665472,0,0,12,0
5,41,compute,2173.580864,2174.450295,0.869431,0,0,0,0,0
5,42,trunk,2174.450297,2174.453683,0.003386,645562368,-287,1,0,0
5,42,expert,2174.500058,2174.996554,0.496496,157999104,0,0,9,0
5,42,compute,2174.453704,2175.089785,0.636081,0,0,0,0,0
5,43,trunk,2175.089787,2175.093231,0.003445,431890432,-288,1,0,0
5,43,expert,2175.127404,2175.877785,0.750381,193110016,0,0,11,0
5,43,compute,2175.093253,2175.986163,0.892910,0,0,0,0,0
5,44,trunk,2175.986165,2175.989467,0.003301,645562368,-289,1,0,0
5,44,expert,2176.050158,2176.804563,0.754405,245776384,0,0,14,0
5,44,compute,2175.989488,2176.897569,0.908082,0,0,0,0,0
5,45,trunk,2176.897571,2176.900982,0.003411,645562368,-290,1,0,0
5,45,expert,2176.951895,2177.669962,0.718066,193110016,0,0,11,0
5,45,compute,2176.901003,2177.762928,0.861925,0,0,0,0,0
5,46,trunk,2177.762930,2177.766252,0.003322,645562368,-291,1,0,0
5,46,expert,2177.814746,2178.342074,0.527328,193110016,0,0,11,0
5,46,compute,2177.766275,2178.454237,0.687962,0,0,0,0,0
5,47,trunk,2178.454239,2178.457662,0.003423,431890432,-292,1,0,0
5,47,expert,2178.492981,2179.212553,0.719572,228220928,0,0,13,0
5,47,compute,2178.457706,2179.331064,0.873359,0,0,0,0,0
5,48,trunk,2179.331066,2179.334371,0.003305,645562368,-293,1,0,0
5,48,expert,2179.382121,2180.078213,0.696092,210665472,0,0,12,0
5,48,compute,2179.334429,2180.190198,0.855768,0,0,0,0,0
5,49,trunk,2180.190199,2180.193928,0.003729,645562368,-294,1,0,0
5,49,expert,2180.248759,2181.035091,0.786332,263331840,0,0,15,0
5,49,compute,2180.193965,2181.154182,0.960216,0,0,0,0,0
5,50,trunk,2181.154183,2181.157476,0.003293,645562368,-295,1,0,0
5,50,expert,2181.204105,2181.756325,0.552220,228220928,0,0,13,0
5,50,compute,2181.157507,2181.848381,0.690874,0,0,0,0,0
5,51,trunk,2181.848382,2181.851761,0.003378,431890432,-296,1,0,0
5,51,expert,2181.885462,2182.584382,0.698920,228220928,0,0,13,0
5,51,compute,2181.851805,2182.677475,0.825670,0,0,0,0,0
5,52,trunk,2182.677477,2182.680792,0.003315,645562368,-297,1,0,0
5,52,expert,2182.735078,2183.426702,0.691624,210665472,0,0,12,0
5,52,compute,2182.680812,2183.538267,0.857455,0,0,0,0,0
5,53,trunk,2183.538268,2183.541663,0.003394,645562368,-298,1,0,0
5,53,expert,2183.590044,2184.324313,0.734269,228220928,0,0,13,0
5,53,compute,2183.541683,2184.438217,0.896534,0,0,0,0,0
5,54,trunk,2184.438218,2184.441645,0.003426,645562368,-299,1,0,0
5,54,expert,2184.499118,2185.052392,0.553274,245776384,0,0,14,0
5,54,compute,2184.441670,2185.143212,0.701542,0,0,0,0,0
5,55,trunk,2185.143214,2185.146730,0.003517,431890432,-300,1,0,0
5,55,expert,2185.181029,2185.909556,0.728526,228220928,0,0,13,0
5,55,compute,2185.146757,2186.027258,0.880502,0,0,0,0,0
5,56,trunk,2186.027260,2186.030584,0.003324,645562368,-301,1,0,0
5,56,expert,2186.082435,2186.847220,0.764785,263331840,0,0,15,0
5,56,compute,2186.030606,2186.943910,0.913305,0,0,0,0,0
5,57,trunk,2186.943913,2186.947300,0.003387,645562368,-302,1,0,0
5,57,expert,2186.992721,2187.773315,0.780594,263331840,0,0,15,0
5,57,compute,2186.947322,2187.884041,0.936719,0,0,0,0,0
5,58,trunk,2187.884043,2187.887384,0.003341,645562368,-303,1,0,0
5,58,expert,2187.935795,2188.439624,0.503829,175554560,0,0,10,0
5,58,compute,2187.887439,2188.534018,0.646579,0,0,0,0,0
5,59,trunk,2188.534020,2188.537696,0.003675,431890432,-304,1,0,0
5,59,expert,2188.566380,2189.152369,0.585989,175554560,0,0,10,0
5,59,compute,2188.537717,2189.247551,0.709833,0,0,0,0,0
5,60,trunk,2189.247553,2189.298756,0.051203,645562368,-305,1,0,0
5,60,expert,2189.353177,2190.101835,0.748658,228220928,0,0,13,0
5,60,compute,2189.298829,2190.218158,0.919328,0,0,0,0,0
5,61,trunk,2190.218159,2190.221626,0.003467,645562368,-306,1,0,0
5,61,expert,2190.273834,2191.017842,0.744008,245776384,0,0,14,0
5,61,compute,2190.221648,2191.130553,0.908905,0,0,0,0,0
5,62,trunk,2191.130555,2191.134090,0.003535,645562368,-307,1,0,0
5,62,expert,2191.184055,2191.688305,0.504250,175554560,0,0,10,0
5,62,compute,2191.134113,2191.782237,0.648124,0,0,0,0,0
5,63,trunk,2191.782239,2191.785874,0.003635,431890432,-308,1,0,0
5,63,expert,2191.820433,2192.582939,0.762506,245776384,0,0,14,0
5,63,compute,2191.785905,2192.674938,0.889033,0,0,0,0,0
5,64,trunk,2192.674940,2192.678254,0.003314,645562368,-309,1,0,0
5,64,expert,2192.734985,2193.464237,0.729252,210665472,0,0,12,0
5,64,compute,2192.678275,2193.582271,0.903996,0,0,0,0,0
5,65,trunk,2193.582273,2193.585724,0.003450,645562368,-310,1,0,0
5,65,expert,2193.639150,2194.365986,0.726835,228220928,0,0,13,0
5,65,compute,2193.585746,2194.478324,0.892578,0,0,0,0,0
5,66,trunk,2194.478326,2194.481663,0.003337,645562368,-311,1,0,0
5,66,expert,2194.531538,2195.090375,0.558837,228220928,0,0,13,0
5,66,compute,2194.481704,2195.210194,0.728490,0,0,0,0,0
5,67,trunk,2195.210196,2195.213796,0.003599,431890432,-312,1,0,0
5,67,expert,2195.251606,2196.008729,0.757123,245776384,0,0,14,0
5,67,compute,2195.213819,2196.111483,0.897664,0,0,0,0,0
5,68,trunk,2196.111485,2196.114848,0.003363,645562368,-313,1,0,0
5,68,expert,2196.163192,2196.900414,0.737222,263331840,0,0,15,0
5,68,compute,2196.114869,2196.992430,0.877561,0,0,0,0,0
5,69,trunk,2196.992432,2196.995842,0.003410,645562368,-314,1,0,0
5,69,expert,2197.046429,2197.744565,0.698136,175554560,0,0,10,0
5,69,compute,2196.995871,2197.836143,0.840273,0,0,0,0,0
5,70,trunk,2197.836145,2197.839664,0.003519,645562368,-315,1,0,0
5,70,expert,2197.889255,2198.345900,0.456645,140443648,0,0,8,0
5,70,compute,2197.839716,2198.462330,0.622614,0,0,0,0,0
5,71,trunk,2198.462332,2198.465815,0.003483,431890432,-316,1,0,0
5,71,expert,2198.502110,2199.294868,0.792758,228220928,0,0,13,0
5,71,compute,2198.465842,2199.410226,0.944384,0,0,0,0,0
5,72,trunk,2199.410228,2199.413639,0.003411,645562368,-317,1,0,0
5,72,expert,2199.465320,2200.201057,0.735737,210665472,0,0,12,0
5,72,compute,2199.413660,2200.315003,0.901343,0,0,0,0,0
5,73,trunk,2200.315004,2200.318409,0.003405,645562368,-318,1,0,0
5,73,expert,2200.367856,2201.104931,0.737075,210665472,0,0,12,0
5,73,compute,2200.318435,2201.219300,0.900865,0,0,0,0,0
5,74,trunk,2201.219302,2201.222679,0.003377,645562368,-319,1,0,0
5,74,expert,2201.269262,2201.754859,0.485597,157999104,0,0,9,0
5,74,compute,2201.222708,2201.862173,0.639466,0,0,0,0,0
5,75,trunk,2201.862176,2201.865230,0.003054,431890432,-320,1,0,0
5,75,expert,2201.899648,2202.539982,0.640335,140443648,0,0,8,0
5,75,compute,2201.865250,2202.635216,0.769966,0,0,0,0,0
5,76,trunk,2202.635218,2202.638612,0.003395,645562368,-321,1,0,0
5,76,expert,2202.696226,2203.396903,0.700677,228220928,0,0,13,0
5,76,compute,2202.638642,2203.510239,0.871598,0,0,0,0,0
5,77,trunk,2203.510241,2203.513726,0.003485,645562368,-322,1,0,0
5,77,expert,2203.565169,2204.107862,0.542693,157999104,0,0,9,0
5,77,compute,2203.513749,2204.198935,0.685187,0,0,0,0,0
5,78,trunk,2204.198937,2204.256578,0.057640,645562368,-323,1,0,0
5,78,expert,2204.303802,2204.820348,0.516546,175554560,0,0,10,0
5,78,compute,2204.256616,2204.912918,0.656302,0,0,0,0,0
5,79,trunk,2204.912919,2204.916308,0.003388,431890432,-324,1,0,0
5,79,expert,2204.949217,2205.631361,0.682144,157999104,0,0,9,0
5,79,compute,2204.916326,2205.750391,0.834065,0,0,0,0,0
5,80,trunk,2205.750393,2205.753803,0.003410,645562368,-325,1,0,0
5,80,expert,2205.802753,2206.504769,0.702017,228220928,0,0,13,0
5,80,compute,2205.753824,2206.597677,0.843853,0,0,0,0,0
5,81,trunk,2206.597679,2206.601306,0.003627,645562368,-326,1,0,0
5,81,expert,2206.652698,2207.397461,0.744764,245776384,0,0,14,0
5,81,compute,2206.601326,2207.514168,0.912842,0,0,0,0,0
5,82,trunk,2207.514170,2207.517489,0.003319,645562368,-327,1,0,0
5,82,expert,2207.567055,2208.125240,0.558185,228220928,0,0,13,0
5,82,compute,2207.517509,2208.242227,0.724718,0,0,0,0,0
5,83,trunk,2208.242229,2208.245782,0.003553,431890432,-328,1,0,0
5,83,expert,2208.286344,2209.030870,0.744526,210665472,0,0,12,0
5,83,compute,2208.245805,2209.127971,0.882167,0,0,0,0,0
5,84,trunk,2209.127973,2209.131274,0.003301,645562368,-329,1,0,0
5,84,expert,2209.188258,2209.937448,0.749190,228220928,0,0,13,0
5,84,compute,2209.131297,2210.050207,0.918911,0,0,0,0,0
5,85,trunk,2210.050209,2210.053631,0.003422,645562368,-330,1,0,0
5,85,expert,2210.107338,2210.834705,0.727367,228220928,0,0,13,0
5,85,compute,2210.053659,2210.955034,0.901375,0,0,0,0,0
5,86,trunk,2210.955036,2210.958385,0.003349,645562368,-331,1,0,0
5,86,expert,2211.003303,2211.538439,0.535136,210665472,0,0,12,0
5,86,compute,2210.958409,2211.641965,0.683557,0,0,0,0,0
5,87,trunk,2211.641967,2211.645404,0.003437,431890432,-332,1,0,0
5,87,expert,2211.680972,2212.321350,0.640378,157999104,0,0,9,0
5,87,compute,2211.645429,2212.442214,0.796785,0,0,0,0,0
5,88,trunk,2212.442216,2212.445713,0.003496,645562368,-333,1,0,0
5,88,expert,2212.495903,2213.228205,0.732301,228220928,0,0,13,0
5,88,compute,2212.445734,2213.325394,0.879659,0,0,0,0,0
5,89,trunk,2213.325395,2213.328966,0.003571,645562368,-334,1,0,0
5,89,expert,2213.381588,2214.096198,0.714610,175554560,0,0,10,0
5,89,compute,2213.328985,2214.185433,0.856448,0,0,0,0,0
5,90,trunk,2214.185435,2214.188839,0.003404,645562368,-335,1,0,0
5,90,expert,2214.236362,2214.736669,0.500306,175554560,0,0,10,0
5,90,compute,2214.188863,2214.829901,0.641038,0,0,0,0,0
5,91,trunk,2214.829903,2214.833282,0.003379,431890432,-336,1,0,0
5,91,expert,2214.867866,2215.340188,0.472322,157999104,0,0,9,0
5,91,compute,2214.833302,2215.430206,0.596904,0,0,0,0,0
5,92,trunk,2215.430207,2215.433647,0.003440,431890432,-337,1,0,0
5,92,expert,2215.454840,2215.626413,0.171573,210665472,0,0,12,0
5,92,compute,2215.433648,2215.738181,0.304533,0,0,0,0,0
6,0,trunk,2215.832243,2215.832277,0.000034,0,-337,0,0,0
6,0,compute,2215.832278,2215.933299,0.101021,0,0,0,0,0
6,1,trunk,2215.933301,2215.936622,0.003322,0,-336,0,0,0
6,1,expert,2215.975362,2216.177627,0.202266,245776384,0,0,14,0
6,1,compute,2215.936624,2216.290264,0.353641,0,0,0,0,0
6,2,trunk,2216.290265,2216.293576,0.003311,0,-335,0,0,0
6,2,expert,2216.339836,2216.521039,0.181203,210665472,0,0,12,0
6,2,compute,2216.293578,2216.634194,0.340616,0,0,0,0,0
6,3,trunk,2216.634195,2216.637590,0.003394,0,-334,0,0,0
6,3,expert,2216.659838,2216.809159,0.149321,175554560,0,0,10,0
6,3,compute,2216.637622,2216.922210,0.284587,0,0,0,0,0
6,4,trunk,2216.922211,2216.925613,0.003401,0,-333,0,0,0
6,4,expert,2216.963509,2217.146352,0.182844,210665472,0,0,12,0
6,4,compute,2216.925615,2217.258208,0.332594,0,0,0,0,0
6,5,trunk,2217.258210,2217.261571,0.003362,0,-332,0,0,0
6,5,expert,2217.299219,2218.899035,1.599816,122888192,0,0,7,0
6,5,compute,2217.261573,2219.034171,1.772598,0,0,0,0,0
6,6,trunk,2219.034172,2219.037549,0.003377,0,-331,0,0,0
6,6,expert,2219.076920,2224.340119,5.263199,263331840,0,0,15,0
6,6,compute,2219.037551,2224.464046,5.426495,0,0,0,0,0
6,7,trunk,2224.464048,2224.467792,0.003744,0,-330,0,0,0
6,7,expert,2224.496365,2228.842438,4.346073,245776384,0,0,14,0
6,7,compute,2224.467793,2228.950074,4.482280,0,0,0,0,0
6,8,trunk,2228.950075,2228.953473,0.003398,0,-329,0,0,0
6,8,expert,2228.992097,2229.196694,0.204597,245776384,0,0,14,0
6,8,compute,2228.953475,2229.287542,0.334067,0,0,0,0,0
6,9,trunk,2229.287543,2229.290995,0.003451,0,-328,0,0,0
6,9,expert,2229.329631,2229.509984,0.180353,210665472,0,0,12,0
6,9,compute,2229.290996,2229.622194,0.331197,0,0,0,0,0
6,10,trunk,2229.622195,2229.625520,0.003326,0,-327,0,0,0
6,10,expert,2229.667439,2229.814768,0.147329,175554560,0,0,10,0
6,10,compute,2229.625523,2229.926167,0.300644,0,0,0,0,0
6,11,trunk,2229.926168,2229.929192,0.003023,0,-326,0,0,0
6,11,expert,2229.955516,2230.130743,0.175228,210665472,0,0,12,0
6,11,compute,2229.929194,2230.250200,0.321006,0,0,0,0,0
6,12,trunk,2230.250202,2230.253773,0.003571,0,-325,0,0,0
6,12,expert,2230.291296,2230.483887,0.192590,228220928,0,0,13,0
6,12,compute,2230.253775,2230.598206,0.344431,0,0,0,0,0
6,13,trunk,2230.598208,2230.601808,0.003600,0,-324,0,0,0
6,13,expert,2230.661568,2230.857742,0.196175,228220928,0,0,13,0
6,13,compute,2230.601810,2230.982230,0.380420,0,0,0,0,0
6,14,trunk,2230.982231,2230.986323,0.004092,0,-323,0,0,0
6,14,expert,2231.045579,2231.283297,0.237719,280887296,0,0,16,0
6,14,compute,2230.986325,2231.402348,0.416023,0,0,0,0,0
6,15,trunk,2231.402349,2231.405856,0.003507,0,-322,0,0,0
6,15,expert,2231.444365,2231.652885,0.208520,245776384,0,0,14,0
6,15,compute,2231.405859,2231.770192,0.364333,0,0,0,0,0
6,16,trunk,2231.770194,2231.773683,0.003489,0,-321,0,0,0
6,16,expert,2231.817770,2231.981279,0.163510,193110016,0,0,11,0
6,16,compute,2231.773685,2232.102170,0.328485,0,0,0,0,0
6,17,trunk,2232.102172,2232.105494,0.003322,0,-320,0,0,0
6,17,expert,2232.151739,2232.341211,0.189472,228220928,0,0,13,0
6,17,compute,2232.105496,2232.464825,0.359329,0,0,0,0,0
6,18,trunk,2232.464827,2232.468348,0.003520,0,-319,0,0,0
6,18,expert,2232.509171,2232.687664,0.178493,210665472,0,0,12,0
6,18,compute,2232.468350,2232.794165,0.325815,0,0,0,0,0
6,19,trunk,2232.794167,2232.797616,0.003450,0,-318,0,0,0
6,19,expert,2232.820390,2233.030398,0.210008,245776384,0,0,14,0
6,19,compute,2232.797618,2233.141705,0.344087,0,0,0,0,0
6,20,trunk,2233.141706,2233.144975,0.003269,0,-317,0,0,0
6,20,expert,2233.183646,2233.336149,0.152502,175554560,0,0,10,0
6,20,compute,2233.144977,2233.425647,0.280670,0,0,0,0,0
6,21,trunk,2233.425648,2233.429028,0.003379,0,-316,0,0,0
6,21,expert,2233.487773,2234.214773,0.726999,228220928,0,0,13,0
6,21,compute,2233.429047,2234.330183,0.901135,0,0,0,0,0
6,22,trunk,2234.330185,2234.333807,0.003623,645562368,-316,1,0,0
6,22,expert,2234.379329,2234.903153,0.523825,175554560,0,0,10,0
6,22,compute,2234.333832,2234.992258,0.658426,0,0,0,0,0
6,23,trunk,2234.992260,2234.995662,0.003401,431890432,-317,1,0,0
6,23,expert,2235.034432,2235.704637,0.670205,210665472,0,0,12,0
6,23,compute,2234.995700,2235.808817,0.813117,0,0,0,0,0
6,24,trunk,2235.808819,2235.812262,0.003442,645562368,-318,1,0,0
6,24,expert,2235.865162,2236.603968,0.738806,263331840,0,0,15,0
6,24,compute,2235.812281,2236.693097,0.880816,0,0,0,0,0
6,25,trunk,2236.693099,2236.696496,0.003397,645562368,-319,1,0,0
6,25,expert,2236.754116,2237.473443,0.719327,228220928,0,0,13,0
6,25,compute,2236.696514,2237.586214,0.889700,0,0,0,0,0
6,26,trunk,2237.586216,2237.589623,0.003407,645562368,-320,1,0,0
6,26,expert,2237.637939,2238.149616,0.511678,228220928,0,0,13,0
6,26,compute,2237.589661,2238.262190,0.672529,0,0,0,0,0
6,27,trunk,2238.262192,2238.265622,0.003430,431890432,-321,1,0,0
6,27,expert,2238.297523,2239.015811,0.718288,263331840,0,0,15,0
6,27,compute,2238.265644,2239.103898,0.838254,0,0,0,0,0
6,28,trunk,2239.103899,2239.107311,0.003412,645562368,-322,1,0,0
6,28,expert,2239.164780,2239.842844,0.678063,245776384,0,0,14,0
6,28,compute,2239.107332,2239.958196,0.850863,0,0,0,0,0
6,29,trunk,2239.958198,2239.961769,0.003572,645562368,-323,1,0,0
6,29,expert,2240.013827,2240.750693,0.736866,245776384,0,0,14,0
6,29,compute,2239.961793,2240.844782,0.882990,0,0,0,0,0
6,30,trunk,2240.844784,2240.848281,0.003497,645562368,-324,1,0,0
6,30,expert,2240.907534,2241.423138,0.515604,193110016,0,0,11,0
6,30,compute,2240.848300,2241.548176,0.699876,0,0,0,0,0
6,31,trunk,2241.548178,2241.551581,0.003403,431890432,-325,1,0,0
6,31,expert,2241.585772,2242.326272,0.740500,228220928,0,0,13,0
6,31,compute,2241.551609,2242.421217,0.869608,0,0,0,0,0
6,32,trunk,2242.421219,2242.424754,0.003536,645562368,-326,1,0,0
6,32,expert,2242.473000,2243.174977,0.701977,193110016,0,0,11,0
6,32,compute,2242.424780,2243.290371,0.865591,0,0,0,0,0
6,33,trunk,2243.290373,2243.293903,0.003531,645562368,-327,1,0,0
6,33,expert,2243.354694,2244.128569,0.773875,245776384,0,0,14,0
6,33,compute,2243.293926,2244.230813,0.936887,0,0,0,0,0
6,34,trunk,2244.230815,2244.234339,0.003524,645562368,-328,1,0,0
6,34,expert,2244.295626,2244.845997,0.550371,245776384,0,0,14,0
6,34,compute,2244.234374,2244.979028,0.744654,0,0,0,0,0
6,35,trunk,2244.979030,2244.982431,0.003401,431890432,-329,1,0,0
6,35,expert,2245.016716,2245.740376,0.723660,193110016,0,0,11,0
6,35,compute,2244.982452,2245.858246,0.875793,0,0,0,0,0
6,36,trunk,2245.858248,2245.861614,0.003366,645562368,-330,1,0,0
6,36,expert,2245.911099,2246.660265,0.749166,245776384,0,0,14,0
6,36,compute,2245.861636,2246.778211,0.916575,0,0,0,0,0
6,37,trunk,2246.778213,2246.781825,0.003612,645562368,-331,1,0,0
6,37,expert,2246.835314,2247.583392,0.748078,245776384,0,0,14,0
6,37,compute,2246.781847,2247.698994,0.917147,0,0,0,0,0
6,38,trunk,2247.698995,2247.702399,0.003404,645562368,-332,1,0,0
6,38,expert,2247.753108,2248.213123,0.460015,193110016,0,0,11,0
6,38,compute,2247.702420,2248.330210,0.627790,0,0,0,0,0
6,39,trunk,2248.330212,2248.333572,0.003360,431890432,-333,1,0,0
6,39,expert,2248.370040,2249.108036,0.737996,245776384,0,0,14,0
6,39,compute,2248.333672,2249.222237,0.888565,0,0,0,0,0
6,40,trunk,2249.222239,2249.225795,0.003556,645562368,-334,1,0,0
6,40,expert,2249.275003,2250.012535,0.737531,228220928,0,0,13,0
6,40,compute,2249.225816,2250.126284,0.900467,0,0,0,0,0
6,41,trunk,2250.126289,2250.129705,0.003415,645562368,-335,1,0,0
6,41,expert,2250.182195,2250.840241,0.658046,157999104,0,0,9,0
6,41,compute,2250.129727,2250.932914,0.803188,0,0,0,0,0
6,42,trunk,2250.932917,2250.936487,0.003571,645562368,-336,1,0,0
6,42,expert,2250.981668,2251.456483,0.474814,140443648,0,0,8,0
6,42,compute,2250.936506,2251.545789,0.609283,0,0,0,0,0
6,43,trunk,2251.545791,2251.549210,0.003419,431890432,-337,1,0,0
6,43,expert,2251.583710,2252.298590,0.714880,157999104,0,0,9,0
6,43,compute,2251.549230,2252.414175,0.864945,0,0,0,0,0
6,44,trunk,2252.414177,2252.417661,0.003484,645562368,-338,1,0,0
6,44,expert,2252.474251,2253.200694,0.726443,210665472,0,0,12,0
6,44,compute,2252.417683,2253.330493,0.912810,0,0,0,0,0
6,45,trunk,2253.330494,2253.333915,0.003421,645562368,-339,1,0,0
6,45,expert,2253.382957,2254.082384,0.699427,175554560,0,0,10,0
6,45,compute,2253.333936,2254.170023,0.836088,0,0,0,0,0
6,46,trunk,2254.170026,2254.173626,0.003600,645562368,-340,1,0,0
6,46,expert,2254.223736,2254.721797,0.498061,175554560,0,0,10,0
6,46,compute,2254.173676,2254.836078,0.662401,0,0,0,0,0
6,47,trunk,2254.836079,2254.839582,0.003503,431890432,-341,1,0,0
6,47,expert,2254.877428,2255.571733,0.694305,193110016,0,0,11,0
6,47,compute,2254.839611,2255.684638,0.845027,0,0,0,0,0
6,48,trunk,2255.684640,2255.688143,0.003502,645562368,-342,1,0,0
6,48,expert,2255.737902,2256.454692,0.716790,228220928,0,0,13,0
6,48,compute,2255.688179,2256.547250,0.859071,0,0,0,0,0
6,49,trunk,2256.547252,2256.550620,0.003368,645562368,-343,1,0,0
6,49,expert,2256.599371,2257.374671,0.775300,263331840,0,0,15,0
6,49,compute,2256.550645,2257.474490,0.923845,0,0,0,0,0
6,50,trunk,2257.474492,2257.478046,0.003554,645562368,-344,1,0,0
6,50,expert,2257.538022,2258.055270,0.517249,210665472,0,0,12,0
6,50,compute,2257.478069,2258.147613,0.669544,0,0,0,0,0
6,51,trunk,2258.147615,2258.151029,0.003414,431890432,-345,1,0,0
6,51,expert,2258.188135,2259.050405,0.862269,193110016,0,0,11,0
6,51,compute,2258.151052,2259.178228,1.027176,0,0,0,0,0
6,52,trunk,2259.178250,2259.181736,0.003486,645562368,-346,1,0,0
6,52,expert,2259.238101,2259.933625,0.695524,228220928,0,0,13,0
6,52,compute,2259.181758,2260.030132,0.848374,0,0,0,0,0
6,53,trunk,2260.030164,2260.033604,0.003440,645562368,-347,1,0,0
6,53,expert,2260.080521,2260.798909,0.718388,210665472,0,0,12,0
6,53,compute,2260.033625,2260.906158,0.872534,0,0,0,0,0
6,54,trunk,2260.906160,2260.909603,0.003443,645562368,-348,1,0,0
6,54,expert,2260.959766,2261.474822,0.515055,210665472,0,0,12,0
6,54,compute,2260.909625,2261.569485,0.659860,0,0,0,0,0
6,55,trunk,2261.569487,2261.573076,0.003589,431890432,-349,1,0,0
6,55,expert,2261.608264,2262.306136,0.697873,210665472,0,0,12,0
6,55,compute,2261.573096,2262.423031,0.849935,0,0,0,0,0
6,56,trunk,2262.423034,2262.426406,0.003372,645562368,-350,1,0,0
6,56,expert,2262.480213,2263.172786,0.692572,193110016,0,0,11,0
6,56,compute,2262.426435,2263.265895,0.839460,0,0,0,0,0
6,57,trunk,2263.265897,2263.269234,0.003337,645562368,-351,1,0,0
6,57,expert,2263.321365,2264.084302,0.762937,245776384,0,0,14,0
6,57,compute,2263.269254,2264.178830,0.909575,0,0,0,0,0
6,58,trunk,2264.178832,2264.182216,0.003385,645562368,-352,1,0,0
6,58,expert,2264.228790,2264.741775,0.512984,175554560,0,0,10,0
6,58,compute,2264.182237,2264.855009,0.672773,0,0,0,0,0
6,59,trunk,2264.855011,2264.858487,0.003476,431890432,-353,1,0,0
6,59,expert,2264.897933,2265.583749,0.685816,157999104,0,0,9,0
6,59,compute,2264.858517,2265.676867,0.818350,0,0,0,0,0
6,60,trunk,2265.676869,2265.680302,0.003434,645562368,-354,1,0,0
6,60,expert,2265.740836,2266.477792,0.736956,210665472,0,0,12,0
6,60,compute,2265.680321,2266.571097,0.890776,0,0,0,0,0
6,61,trunk,2266.571099,2266.574454,0.003356,645562368,-355,1,0,0
6,61,expert,2266.629473,2267.326482,0.697009,210665472,0,0,12,0
6,61,compute,2266.574474,2267.438180,0.863706,0,0,0,0,0
6,62,trunk,2267.438182,2267.441572,0.003390,645562368,-356,1,0,0
6,62,expert,2267.489459,2268.017791,0.528331,228220928,0,0,13,0
6,62,compute,2267.441634,2268.271450,0.829816,0,0,0,0,0
6,63,trunk,2268.271452,2268.275090,0.003638,431890432,-357,1,0,0
6,63,expert,2268.308320,2269.037303,0.728982,210665472,0,0,12,0
6,63,compute,2268.275112,2269.150254,0.875142,0,0,0,0,0
6,64,trunk,2269.150256,2269.153817,0.003561,645562368,-358,1,0,0
6,64,expert,2269.210285,2269.930835,0.720550,210665472,0,0,12,0
6,64,compute,2269.153838,2270.023087,0.869249,0,0,0,0,0
6,65,trunk,2270.023089,2270.026407,0.003318,645562368,-359,1,0,0
6,65,expert,2270.079196,2270.787538,0.708342,193110016,0,0,11,0
6,65,compute,2270.026430,2270.902195,0.875765,0,0,0,0,0
6,66,trunk,2270.902197,2270.905594,0.003396,645562368,-360,1,0,0
6,66,expert,2270.951813,2271.466538,0.514724,175554560,0,0,10,0
6,66,compute,2270.905615,2271.590234,0.684619,0,0,0,0,0
6,67,trunk,2271.590236,2271.593179,0.002943,431890432,-361,1,0,0
6,67,expert,2271.635899,2272.328111,0.692212,228220928,0,0,13,0
6,67,compute,2271.593200,2272.419914,0.826715,0,0,0,0,0
6,68,trunk,2272.419917,2272.423325,0.003408,645562368,-362,1,0,0
6,68,expert,2272.474402,2273.174196,0.699794,210665472,0,0,12,0
6,68,compute,2272.423346,2273.286154,0.862808,0,0,0,0,0
6,69,trunk,2273.286155,2273.289490,0.003335,645562368,-363,1,0,0
6,69,expert,2273.336441,2274.075499,0.739059,210665472,0,0,12,0
6,69,compute,2273.289513,2274.173139,0.883626,0,0,0,0,0
6,70,trunk,2274.173141,2274.176685,0.003544,645562368,-364,1,0,0
6,70,expert,2274.227721,2274.719227,0.491507,175554560,0,0,10,0
6,70,compute,2274.176703,2274.835005,0.658301,0,0,0,0,0
6,71,trunk,2274.835006,2274.838380,0.003373,431890432,-365,1,0,0
6,71,expert,2274.872574,2275.561716,0.689142,175554560,0,0,10,0
6,71,compute,2274.838403,2275.657100,0.818697,0,0,0,0,0
6,72,trunk,2275.657103,2275.660522,0.003419,645562368,-366,1,0,0
6,72,expert,2275.714976,2276.433370,0.718394,193110016,0,0,11,0
6,72,compute,2275.660541,2276.546182,0.885641,0,0,0,0,0
6,73,trunk,2276.546184,2276.549558,0.003374,645562368,-367,1,0,0
6,73,expert,2276.599345,2277.342094,0.742749,228220928,0,0,13,0
6,73,compute,2276.549579,2277.454188,0.904609,0,0,0,0,0
6,74,trunk,2277.454190,2277.457623,0.003432,645562368,-368,1,0,0
6,74,expert,2277.503058,2277.955789,0.452731,122888192,0,0,7,0
6,74,compute,2277.457646,2278.047739,0.590093,0,0,0,0,0
6,75,trunk,2278.047741,2278.051171,0.003430,431890432,-369,1,0,0
6,75,expert,2278.089241,2278.714575,0.625333,140443648,0,0,8,0
6,75,compute,2278.051198,2278.834221,0.783023,0,0,0,0,0
6,76,trunk,2278.834223,2278.837817,0.003594,645562368,-370,1,0,0
6,76,expert,2278.900188,2279.557009,0.656821,175554560,0,0,10,0
6,76,compute,2278.837840,2279.662250,0.824410,0,0,0,0,0
6,77,trunk,2279.662252,2279.665371,0.003119,645562368,-371,1,0,0
6,77,expert,2279.716433,2280.398501,0.682068,157999104,0,0,9,0
6,77,compute,2279.665396,2280.493906,0.828509,0,0,0,0,0
6,78,trunk,2280.493908,2280.497381,0.003473,645562368,-372,1,0,0
6,78,expert,2280.544718,2281.063500,0.518782,193110016,0,0,11,0
6,78,compute,2280.497403,2281.165887,0.668484,0,0,0,0,0
6,79,trunk,2281.165889,2281.169976,0.004087,431890432,-373,1,0,0
6,79,expert,2281.202226,2281.860123,0.657897,157999104,0,0,9,0
6,79,compute,2281.169999,2281.955637,0.785639,0,0,0,0,0
6,80,trunk,2281.955639,2281.959044,0.003405,645562368,-374,1,0,0
6,80,expert,2282.012701,2282.656955,0.644255,175554560,0,0,10,0
6,80,compute,2281.959066,2282.770181,0.811115,0,0,0,0,0
6,81,trunk,2282.770183,2282.773726,0.003543,645562368,-375,1,0,0
6,81,expert,2282.828378,2283.581657,0.753279,228220928,0,0,13,0
6,81,compute,2282.773749,2283.675220,0.901471,0,0,0,0,0
6,82,trunk,2283.675222,2283.678698,0.003476,645562368,-376,1,0,0
6,82,expert,2283.730798,2284.247577,0.516779,193110016,0,0,11,0
6,82,compute,2283.678721,2284.359063,0.680343,0,0,0,0,0
6,83,trunk,2284.359065,2284.362574,0.003508,431890432,-377,1,0,0
6,83,expert,2284.397905,2285.114361,0.716456,193110016,0,0,11,0
6,83,compute,2284.362595,2285.234199,0.871604,0,0,0,0,0
6,84,trunk,2285.234201,2285.238136,0.003936,645562368,-378,1,0,0
6,84,expert,2285.299025,2286.019577,0.720552,210665472,0,0,12,0
6,84,compute,2285.238184,2286.111840,0.873656,0,0,0,0,0
6,85,trunk,2286.111842,2286.115445,0.003603,645562368,-379,1,0,0
6,85,expert,2286.168190,2286.865251,0.697061,175554560,0,0,10,0
6,85,compute,2286.115467,2286.979023,0.863556,0,0,0,0,0
6,86,trunk,2286.979025,2286.982634,0.003609,645562368,-380,1,0,0
6,86,expert,2287.031567,2287.539803,0.508236,193110016,0,0,11,0
6,86,compute,2286.982657,2287.629508,0.646852,0,0,0,0,0
6,87,trunk,2287.629511,2287.632922,0.003412,431890432,-381,1,0,0
6,87,expert,2287.672142,2288.324990,0.652848,157999104,0,0,9,0
6,87,compute,2287.632950,2288.442256,0.809305,0,0,0,0,0
6,88,trunk,2288.442258,2288.445725,0.003467,645562368,-382,1,0,0
6,88,expert,2288.499836,2289.196954,0.697118,193110016,0,0,11,0
6,88,compute,2288.445746,2289.310224,0.864478,0,0,0,0,0
6,89,trunk,2289.310226,2289.313775,0.003549,645562368,-383,1,0,0
6,89,expert,2289.368753,2290.038978,0.670225,122888192,0,0,7,0
6,89,compute,2289.313813,2290.134904,0.821091,0,0,0,0,0
6,90,trunk,2290.134906,2290.138303,0.003397,645562368,-384,1,0,0
6,90,expert,2290.187794,2290.664178,0.476384,140443648,0,0,8,0
6,90,compute,2290.138329,2290.779004,0.640674,0,0,0,0,0
6,91,trunk,2290.779006,2290.782514,0.003508,431890432,-385,1,0,0
6,91,expert,2290.815296,2291.289671,0.474375,140443648,0,0,8,0
6,91,compute,2290.782536,2291.383024,0.600488,0,0,0,0,0
6,92,trunk,2291.383026,2291.386418,0.003392,431890432,-386,1,0,0
6,92,expert,2291.408818,2291.565540,0.156722,193110016,0,0,11,0
6,92,compute,2291.386420,2291.820901,0.434481,0,0,0,0,0
7,0,trunk,2291.915525,2291.915559,0.000034,0,-386,0,0,0
7,0,compute,2291.915560,2292.020575,0.105015,0,0,0,0,0
7,1,trunk,2292.020576,2292.023865,0.003289,0,-385,0,0,0
7,1,expert,2292.063719,2292.281725,0.218006,263331840,0,0,15,0
7,1,compute,2292.023867,2292.402192,0.378324,0,0,0,0,0
7,2,trunk,2292.402193,2292.405580,0.003387,0,-384,0,0,0
7,2,expert,2292.456728,2292.663947,0.207219,245776384,0,0,14,0
7,2,compute,2292.405582,2292.770545,0.364964,0,0,0,0,0
7,3,trunk,2292.770547,2292.773988,0.003441,0,-383,0,0,0
7,3,expert,2292.795776,2292.943121,0.147345,175554560,0,0,10,0
7,3,compute,2292.773991,2293.058219,0.284228,0,0,0,0,0
7,4,trunk,2293.058220,2293.061765,0.003545,0,-382,0,0,0
7,4,expert,2293.100391,2293.302084,0.201693,245776384,0,0,14,0
7,4,compute,2293.061768,2293.422193,0.360425,0,0,0,0,0
7,5,trunk,2293.422194,2293.425625,0.003431,0,-381,0,0,0
7,5,expert,2293.469966,2293.662544,0.192578,228220928,0,0,13,0
7,5,compute,2293.425627,2293.770249,0.344622,0,0,0,0,0
7,6,trunk,2293.770251,2293.773808,0.003557,0,-380,0,0,0
7,6,expert,2293.813049,2294.029865,0.216816,263331840,0,0,15,0
7,6,compute,2293.773810,2294.147029,0.373219,0,0,0,0,0
7,7,trunk,2294.147030,2294.150344,0.003313,0,-379,0,0,0
7,7,expert,2294.171807,2294.387343,0.215536,263331840,0,0,15,0
7,7,compute,2294.150346,2294.481081,0.330735,0,0,0,0,0
7,8,trunk,2294.481082,2294.484579,0.003497,0,-378,0,0,0
7,8,expert,2294.528502,2294.744930,0.216428,263331840,0,0,15,0
7,8,compute,2294.484602,2294.858339,0.373737,0,0,0,0,0
7,9,trunk,2294.858340,2294.861766,0.003426,0,-377,0,0,0
7,9,expert,2294.913918,2295.127894,0.213976,263331840,0,0,15,0
7,9,compute,2294.861768,2295.242261,0.380493,0,0,0,0,0
7,10,trunk,2295.242262,2295.245551,0.003289,0,-376,0,0,0
7,10,expert,2295.283980,2295.453717,0.169737,210665472,0,0,12,0
7,10,compute,2295.245554,2295.571048,0.325494,0,0,0,0,0
7,11,trunk,2295.571049,2295.574591,0.003541,0,-375,0,0,0
7,11,expert,2295.603320,2295.789184,0.185864,228220928,0,0,13,0
7,11,compute,2295.574592,2295.906202,0.331609,0,0,0,0,0
7,12,trunk,2295.906203,2295.909541,0.003338,0,-374,0,0,0
7,12,expert,2295.956643,2296.142234,0.185591,228220928,0,0,13,0
7,12,compute,2295.909543,2296.254216,0.344673,0,0,0,0,0
7,13,trunk,2296.254217,2296.257861,0.003645,0,-373,0,0,0
7,13,expert,2296.295846,2296.516122,0.220276,263331840,0,0,15,0
7,13,compute,2296.257863,2296.626177,0.368313,0,0,0,0,0
7,14,trunk,2296.626178,2296.629358,0.003180,0,-372,0,0,0
7,14,expert,2296.669778,2296.904273,0.234496,280887296,0,0,16,0
7,14,compute,2296.629360,2297.022256,0.392896,0,0,0,0,0
7,15,trunk,2297.022257,2297.025746,0.003489,0,-371,0,0,0
7,15,expert,2297.046729,2297.264906,0.218176,263331840,0,0,15,0
7,15,compute,2297.025748,2297.370222,0.344473,0,0,0,0,0
7,16,trunk,2297.370223,2297.373921,0.003699,0,-370,0,0,0
7,16,expert,2297.413641,2297.622001,0.208359,245776384,0,0,14,0
7,16,compute,2297.373923,2297.734203,0.360280,0,0,0,0,0
7,17,trunk,2297.734204,2297.737499,0.003294,0,-369,0,0,0
7,17,expert,2297.776402,2297.968215,0.191813,228220928,0,0,13,0
7,17,compute,2297.737501,2298.080036,0.342535,0,0,0,0,0
7,18,trunk,2298.080037,2298.083342,0.003305,0,-368,0,0,0
7,18,expert,2298.121767,2298.289148,0.167380,193110016,0,0,11,0
7,18,compute,2298.083344,2298.394168,0.310824,0,0,0,0,0
7,19,trunk,2298.394169,2298.398143,0.003973,0,-367,0,0,0
7,19,expert,2298.420903,2298.633947,0.213044,263331840,0,0,15,0
7,19,compute,2298.398144,2298.747107,0.348963,0,0,0,0,0
7,20,trunk,2298.747108,2298.750527,0.003418,0,-366,0,0,0
7,20,expert,2298.789119,2298.961073,0.171953,210665472,0,0,12,0
7,20,compute,2298.750529,2299.074180,0.323651,0,0,0,0,0
7,21,trunk,2299.074182,2299.077510,0.003329,0,-365,0,0,0
7,21,expert,2299.131227,2299.877644,0.746417,245776384,0,0,14,0
7,21,compute,2299.077575,2299.974420,0.896845,0,0,0,0,0
7,22,trunk,2299.974422,2299.977981,0.003560,645562368,-365,1,0,0
7,22,expert,2300.036157,2300.590924,0.554768,245776384,0,0,14,0
7,22,compute,2299.978008,2300.706211,0.728202,0,0,0,0,0
7,23,trunk,2300.706212,2300.709625,0.003412,431890432,-366,1,0,0
7,23,expert,2300.746274,2301.443754,0.697480,245776384,0,0,14,0
7,23,compute,2300.709646,2301.536612,0.826967,0,0,0,0,0
7,24,trunk,2301.536614,2301.539889,0.003275,645562368,-367,1,0,0
7,24,expert,2301.591802,2302.415038,0.823236,263331840,0,0,15,0
7,24,compute,2301.539916,2302.534206,0.994289,0,0,0,0,0
7,25,trunk,2302.534208,2302.537721,0.003513,645562368,-368,1,0,0
7,25,expert,2302.590525,2303.329862,0.739337,228220928,0,0,13,0
7,25,compute,2302.537743,2303.442541,0.904798,0,0,0,0,0
7,26,trunk,2303.442542,2303.445907,0.003364,645562368,-369,1,0,0
7,26,expert,2303.494609,2304.052021,0.557411,245776384,0,0,14,0
7,26,compute,2303.445936,2304.184035,0.738099,0,0,0,0,0
7,27,trunk,2304.184036,2304.187362,0.003326,431890432,-370,1,0,0
7,27,expert,2304.222226,2304.959258,0.737033,280887296,0,0,16,0
7,27,compute,2304.187391,2305.076917,0.889526,0,0,0,0,0
7,28,trunk,2305.076919,2305.080333,0.003414,645562368,-371,1,0,0
7,28,expert,2305.133454,2305.838504,0.705050,263331840,0,0,15,0
7,28,compute,2305.080351,2305.958168,0.877817,0,0,0,0,0
7,29,trunk,2305.958170,2305.961689,0.003519,645562368,-372,1,0,0
7,29,expert,2306.010715,2306.741379,0.730664,228220928,0,0,13,0
7,29,compute,2305.961710,2306.854199,0.892489,0,0,0,0,0
7,30,trunk,2306.854201,2306.857508,0.003307,645562368,-373,1,0,0
7,30,expert,2306.905600,2307.438632,0.533032,210665472,0,0,12,0
7,30,compute,2306.857529,2307.551152,0.693623,0,0,0,0,0
7,31,trunk,2307.551154,2307.554616,0.003462,431890432,-374,1,0,0
7,31,expert,2307.589763,2308.349597,0.759833,263331840,0,0,15,0
7,31,compute,2307.554676,2308.476038,0.921362,0,0,0,0,0
7,32,trunk,2308.476040,2308.479442,0.003403,645562368,-375,1,0,0
7,32,expert,2308.544377,2309.248355,0.703978,210665472,0,0,12,0
7,32,compute,2308.479538,2309.358436,0.878897,0,0,0,0,0
7,33,trunk,2309.358438,2309.361859,0.003422,645562368,-376,1,0,0
7,33,expert,2309.416328,2310.199337,0.783009,245776384,0,0,14,0
7,33,compute,2309.361881,2310.310340,0.948459,0,0,0,0,0
7,34,trunk,2310.310342,2310.313656,0.003314,645562368,-377,1,0,0
7,34,expert,2310.358266,2310.914880,0.556614,228220928,0,0,13,0
7,34,compute,2310.313683,2311.031702,0.718018,0,0,0,0,0
7,35,trunk,2311.031704,2311.035134,0.003431,431890432,-378,1,0,0
7,35,expert,2311.070969,2311.818292,0.747323,228220928,0,0,13,0
7,35,compute,2311.035157,2311.913249,0.878092,0,0,0,0,0
7,36,trunk,2311.913251,2311.916657,0.003406,645562368,-379,1,0,0
7,36,expert,2311.968979,2312.722328,0.753349,228220928,0,0,13,0
7,36,compute,2311.916675,2312.834165,0.917489,0,0,0,0,0
7,37,trunk,2312.834166,2312.837693,0.003527,645562368,-380,1,0,0
7,37,expert,2312.892651,2313.629714,0.737063,245776384,0,0,14,0
7,37,compute,2312.837714,2313.725404,0.887690,0,0,0,0,0
7,38,trunk,2313.725406,2313.728729,0.003323,645562368,-381,1,0,0
7,38,expert,2313.776558,2314.287635,0.511077,210665472,0,0,12,0
7,38,compute,2313.728770,2314.398194,0.669424,0,0,0,0,0
7,39,trunk,2314.398196,2314.401697,0.003501,431890432,-382,1,0,0
7,39,expert,2314.440866,2315.169349,0.728483,228220928,0,0,13,0
7,39,compute,2314.401718,2315.290216,0.888497,0,0,0,0,0
7,40,trunk,2315.290218,2315.293536,0.003318,645562368,-383,1,0,0
7,40,expert,2315.346546,2316.078714,0.732169,228220928,0,0,13,0
7,40,compute,2315.293564,2316.177519,0.883955,0,0,0,0,0
7,41,trunk,2316.177521,2316.180932,0.003411,645562368,-384,1,0,0
7,41,expert,2316.229567,2316.926959,0.697393,193110016,0,0,11,0
7,41,compute,2316.180953,2317.046486,0.865533,0,0,0,0,0
7,42,trunk,2317.046487,2317.049863,0.003375,645562368,-385,1,0,0
7,42,expert,2317.098025,2317.585990,0.487965,157999104,0,0,9,0
7,42,compute,2317.049892,2317.698267,0.648375,0,0,0,0,0
7,43,trunk,2317.698269,2317.701780,0.003511,431890432,-386,1,0,0
7,43,expert,2317.738451,2318.464482,0.726031,175554560,0,0,10,0
7,43,compute,2317.701808,2318.577235,0.875426,0,0,0,0,0
7,44,trunk,2318.577237,2318.580733,0.003496,645562368,-387,1,0,0
7,44,expert,2318.630073,2319.376417,0.746344,228220928,0,0,13,0
7,44,compute,2318.580753,2319.495042,0.914289,0,0,0,0,0
7,45,trunk,2319.495044,2319.498549,0.003505,645562368,-388,1,0,0
7,45,expert,2319.554664,2320.306522,0.751859,245776384,0,0,14,0
7,45,compute,2319.498572,2320.419005,0.920433,0,0,0,0,0
7,46,trunk,2320.419006,2320.422457,0.003450,645562368,-389,1,0,0
7,46,expert,2320.470354,2321.013623,0.543269,228220928,0,0,13,0
7,46,compute,2320.422478,2321.106605,0.684126,0,0,0,0,0
7,47,trunk,2321.106606,2321.110169,0.003562,431890432,-390,1,0,0
7,47,expert,2321.141703,2321.870313,0.728609,228220928,0,0,13,0
7,47,compute,2321.110194,2321.986176,0.875982,0,0,0,0,0
7,48,trunk,2321.986177,2321.989565,0.003388,645562368,-391,1,0,0
7,48,expert,2322.040418,2322.737355,0.696936,210665472,0,0,12,0
7,48,compute,2321.989586,2322.834484,0.844898,0,0,0,0,0
7,49,trunk,2322.834485,2322.838084,0.003599,645562368,-392,1,0,0
7,49,expert,2322.892039,2323.664293,0.772254,263331840,0,0,15,0
7,49,compute,2322.838105,2323.778236,0.940131,0,0,0,0,0
7,50,trunk,2323.778238,2323.781519,0.003281,645562368,-393,1,0,0
7,50,expert,2323.831601,2324.398278,0.566677,245776384,0,0,14,0
7,50,compute,2323.781541,2324.512037,0.730496,0,0,0,0,0
7,51,trunk,2324.512039,2324.515389,0.003350,431890432,-394,1,0,0
7,51,expert,2324.548533,2325.436245,0.887711,210665472,0,0,12,0
7,51,compute,2324.516195,2325.554253,1.038059,0,0,0,0,0
7,52,trunk,2325.554256,2325.557664,0.003409,645562368,-395,1,0,0
7,52,expert,2325.610533,2326.259788,0.649254,210665472,0,0,12,0
7,52,compute,2325.557859,2326.347756,0.789897,0,0,0,0,0
7,53,trunk,2326.347758,2326.351359,0.003601,645562368,-396,1,0,0
7,53,expert,2326.400971,2327.132242,0.731271,228220928,0,0,13,0
7,53,compute,2326.351488,2327.255422,0.903934,0,0,0,0,0
7,54,trunk,2327.255427,2327.258929,0.003501,645562368,-397,1,0,0
7,54,expert,2327.307776,2327.838698,0.530922,210665472,0,0,12,0
7,54,compute,2327.258948,2327.954174,0.695225,0,0,0,0,0
7,55,trunk,2327.954175,2327.957618,0.003442,431890432,-398,1,0,0
7,55,expert,2327.992290,2328.756996,0.764706,263331840,0,0,15,0
7,55,compute,2327.957639,2328.870162,0.912523,0,0,0,0,0
7,56,trunk,2328.870164,2328.873639,0.003475,645562368,-399,1,0,0
7,56,expert,2328.924428,2329.648815,0.724387,228220928,0,0,13,0
7,56,compute,2328.873661,2329.743817,0.870155,0,0,0,0,0
7,57,trunk,2329.743848,2329.747228,0.003379,645562368,-400,1,0,0
7,57,expert,2329.801970,2330.584642,0.782672,280887296,0,0,16,0
7,57,compute,2329.747254,2330.702943,0.955689,0,0,0,0,0
7,58,trunk,2330.702945,2330.706472,0.003527,645562368,-401,1,0,0
7,58,expert,2330.754695,2331.251781,0.497086,193110016,0,0,11,0
7,58,compute,2330.706494,2331.346427,0.639934,0,0,0,0,0
7,59,trunk,2331.346429,2331.350010,0.003581,431890432,-402,1,0,0
7,59,expert,2331.386654,2332.106050,0.719395,193110016,0,0,11,0
7,59,compute,2331.350034,2332.222251,0.872217,0,0,0,0,0
7,60,trunk,2332.222253,2332.225741,0.003488,645562368,-403,1,0,0
7,60,expert,2332.273684,2333.012990,0.739306,228220928,0,0,13,0
7,60,compute,2332.225764,2333.109460,0.883696,0,0,0,0,0
7,61,trunk,2333.109462,2333.112938,0.003476,645562368,-404,1,0,0
7,61,expert,2333.172329,2333.896097,0.723768,263331840,0,0,15,0
7,61,compute,2333.112964,2333.989935,0.876970,0,0,0,0,0
7,62,trunk,2333.989936,2333.993255,0.003318,645562368,-405,1,0,0
7,62,expert,2334.043218,2334.551300,0.508082,210665472,0,0,12,0
7,62,compute,2333.993275,2334.670242,0.676966,0,0,0,0,0
7,63,trunk,2334.670244,2334.673865,0.003622,431890432,-406,1,0,0
7,63,expert,2334.713323,2335.441933,0.728610,228220928,0,0,13,0
7,63,compute,2334.673886,2335.556037,0.882151,0,0,0,0,0
7,64,trunk,2335.556039,2335.559278,0.003239,645562368,-407,1,0,0
7,64,expert,2335.604957,2336.346401,0.741444,228220928,0,0,13,0
7,64,compute,2335.559300,2336.459021,0.899720,0,0,0,0,0
7,65,trunk,2336.459023,2336.462493,0.003470,645562368,-408,1,0,0
7,65,expert,2336.519408,2337.241977,0.722569,228220928,0,0,13,0
7,65,compute,2336.462514,2337.362294,0.899779,0,0,0,0,0
7,66,trunk,2337.362296,2337.365563,0.003267,645562368,-409,1,0,0
7,66,expert,2337.415057,2337.967092,0.552035,228220928,0,0,13,0
7,66,compute,2337.365584,2338.074159,0.708575,0,0,0,0,0
7,67,trunk,2338.074161,2338.077639,0.003478,431890432,-410,1,0,0
7,67,expert,2338.115583,2338.864521,0.748938,228220928,0,0,13,0
7,67,compute,2338.077693,2338.982277,0.904584,0,0,0,0,0
7,68,trunk,2338.982279,2338.985627,0.003348,645562368,-411,1,0,0
7,68,expert,2339.044525,2339.801155,0.756630,263331840,0,0,15,0
7,68,compute,2338.985683,2339.895170,0.909487,0,0,0,0,0
7,69,trunk,2339.895172,2339.898811,0.003639,645562368,-412,1,0,0
7,69,expert,2339.952841,2340.699854,0.747013,228220928,0,0,13,0
7,69,compute,2339.898836,2340.793752,0.894916,0,0,0,0,0
7,70,trunk,2340.793754,2340.797092,0.003338,645562368,-413,1,0,0
7,70,expert,2340.845173,2341.375451,0.530278,210665472,0,0,12,0
7,70,compute,2340.797118,2341.486161,0.689043,0,0,0,0,0
7,71,trunk,2341.486163,2341.489637,0.003474,431890432,-414,1,0,0
7,71,expert,2341.518496,2342.322714,0.804218,228220928,0,0,13,0
7,71,compute,2341.489656,2342.416133,0.926477,0,0,0,0,0
7,72,trunk,2342.416135,2342.419450,0.003315,645562368,-415,1,0,0
7,72,expert,2342.476221,2343.214475,0.738255,210665472,0,0,12,0
7,72,compute,2342.419473,2343.326272,0.906798,0,0,0,0,0
7,73,trunk,2343.326274,2343.329767,0.003493,645562368,-416,1,0,0
7,73,expert,2343.386612,2344.061064,0.674452,245776384,0,0,14,0
7,73,compute,2343.329796,2344.163791,0.833995,0,0,0,0,0
7,74,trunk,2344.163793,2344.167206,0.003413,645562368,-417,1,0,0
7,74,expert,2344.217382,2344.703069,0.485687,157999104,0,0,9,0
7,74,compute,2344.167234,2344.822269,0.655035,0,0,0,0,0
7,75,trunk,2344.822271,2344.825741,0.003470,431890432,-418,1,0,0
7,75,expert,2344.860092,2345.581141,0.721049,193110016,0,0,11,0
7,75,compute,2344.825762,2345.698202,0.872440,0,0,0,0,0
7,76,trunk,2345.698204,2345.701502,0.003298,645562368,-419,1,0,0
7,76,expert,2345.755723,2346.423132,0.667410,193110016,0,0,11,0
7,76,compute,2345.701522,2346.534199,0.832677,0,0,0,0,0
7,77,trunk,2346.534201,2346.537729,0.003529,645562368,-420,1,0,0
7,77,expert,2346.598662,2347.316301,0.717639,210665472,0,0,12,0
7,77,compute,2346.537750,2347.423660,0.885909,0,0,0,0,0
7,78,trunk,2347.423662,2347.427025,0.003363,645562368,-421,1,0,0
7,78,expert,2347.473371,2348.004414,0.531043,210665472,0,0,12,0
7,78,compute,2347.427048,2348.097085,0.670037,0,0,0,0,0
7,79,trunk,2348.097087,2348.100596,0.003509,431890432,-422,1,0,0
7,79,expert,2348.132844,2348.818221,0.685377,175554560,0,0,10,0
7,79,compute,2348.100621,2348.934298,0.833677,0,0,0,0,0
7,80,trunk,2348.934300,2348.937687,0.003387,645562368,-423,1,0,0
7,80,expert,2348.990224,2349.602784,0.612560,245776384,0,0,14,0
7,80,compute,2348.937739,2349.710190,0.772451,0,0,0,0,0
7,81,trunk,2349.710191,2349.713576,0.003385,645562368,-424,1,0,0
7,81,expert,2349.763827,2350.536111,0.772283,263331840,0,0,15,0
7,81,compute,2349.713659,2350.650222,0.936562,0,0,0,0,0
7,82,trunk,2350.650224,2350.653576,0.003352,645562368,-425,1,0,0
7,82,expert,2350.700348,2351.233953,0.533605,228220928,0,0,13,0
7,82,compute,2350.653596,2351.326236,0.672640,0,0,0,0,0
7,83,trunk,2351.326237,2351.329847,0.003610,431890432,-426,1,0,0
7,83,expert,2351.362878,2357.659441,6.296563,193110016,0,0,11,0
7,83,compute,2351.329879,2357.755739,6.425860,0,0,0,0,0
7,84,trunk,2357.755741,2357.759105,0.003364,645562368,-427,1,0,0
7,84,expert,2357.807235,2363.849571,6.042336,263331840,0,0,15,0
7,84,compute,2357.759128,2363.950390,6.191262,0,0,0,0,0
7,85,trunk,2363.950392,2363.954206,0.003814,645562368,-428,1,0,0
7,85,expert,2364.012643,2364.732963,0.720319,228220928,0,0,13,0
7,85,compute,2363.954229,2364.827563,0.873334,0,0,0,0,0
7,86,trunk,2364.827565,2364.830971,0.003406,645562368,-429,1,0,0
7,86,expert,2364.877331,2365.422756,0.545425,228220928,0,0,13,0
7,86,compute,2364.831010,2365.534218,0.703208,0,0,0,0,0
7,87,trunk,2365.534220,2365.537781,0.003562,431890432,-430,1,0,0
7,87,expert,2365.577176,2366.251175,0.673998,193110016,0,0,11,0
7,87,compute,2365.537803,2366.370275,0.832472,0,0,0,0,0
7,88,trunk,2366.370277,2366.373799,0.003522,645562368,-431,1,0,0
7,88,expert,2366.437152,2367.148303,0.711152,228220928,0,0,13,0
7,88,compute,2366.373852,2367.266249,0.892397,0,0,0,0,0
7,89,trunk,2367.266251,2367.269546,0.003294,645562368,-432,1,0,0
7,89,expert,2367.323428,2368.026493,0.703065,157999104,0,0,9,0
7,89,compute,2367.269568,2368.143082,0.873513,0,0,0,0,0
7,90,trunk,2368.143084,2368.146573,0.003489,645562368,-433,1,0,0
7,90,expert,2368.196973,2368.708251,0.511278,193110016,0,0,11,0
7,90,compute,2368.146595,2368.800524,0.653930,0,0,0,0,0
7,91,trunk,2368.800527,2368.803893,0.003367,431890432,-434,1,0,0
7,91,expert,2368.833098,2369.340986,0.507887,193110016,0,0,11,0
7,91,compute,2368.803915,2369.458306,0.654391,0,0,0,0,0
7,92,trunk,2369.458308,2369.461540,0.003232,431890432,-435,1,0,0
7,92,expert,2369.524299,2369.732667,0.208368,245776384,0,0,14,0
7,92,compute,2369.461541,2369.824952,0.363410,0,0,0,0,0
