token,layer,phase,t0,t1,dur_s,bytes,l1_hit,l1_miss,l2_hit,l2_miss
0,0,trunk,954.952861,957.396238,2.443378,2341216256,0,1,0,0
0,0,compute,957.396240,957.533215,0.136975,0,0,0,0,0
0,1,trunk,957.533216,958.201818,0.668602,645562368,-1,1,0,0
0,1,widen,958.268146,958.268240,0.000094,0,0,0,0,0
0,1,expert,958.268240,958.473290,0.205050,280887296,0,0,16,0
0,1,compute,958.201821,958.599018,0.397198,0,0,0,0,0
0,2,trunk,958.599019,959.506689,0.907669,645562368,-2,1,0,0
0,2,widen,959.573660,959.573756,0.000096,0,0,0,0,0
0,2,expert,959.573756,959.768421,0.194665,280887296,0,0,16,0
0,2,compute,959.506691,959.890886,0.384195,0,0,0,0,0
0,3,trunk,959.890887,960.365550,0.474662,431890432,-3,1,0,0
0,3,widen,960.401123,960.401250,0.000127,0,0,0,0,0
0,3,expert,960.401250,960.611496,0.210246,280887296,0,0,16,0
0,3,compute,960.365552,960.715863,0.350311,0,0,0,0,0
0,4,trunk,960.715865,961.270114,0.554249,645562368,-4,1,0,0
0,4,widen,961.327918,961.328045,0.000127,0,0,0,0,0
0,4,expert,961.328045,961.522026,0.193981,280887296,0,0,16,0
0,4,compute,961.270116,961.642266,0.372150,0,0,0,0,0
0,5,trunk,961.642267,962.306932,0.664665,645562368,-5,1,0,0
0,5,widen,962.369637,962.369737,0.000100,0,0,0,0,0
0,5,expert,962.369738,962.587175,0.217438,280887296,0,0,16,0
0,5,compute,962.306934,962.706235,0.399301,0,0,0,0,0
0,6,trunk,962.706236,963.426117,0.719880,645562368,-6,1,0,0
0,6,widen,963.499759,963.499858,0.000100,0,0,0,0,0
0,6,expert,963.499859,963.710922,0.211063,280887296,0,0,16,0
0,6,compute,963.426119,963.814620,0.388501,0,0,0,0,0
0,7,trunk,963.814621,964.310535,0.495914,431890432,-7,1,0,0
0,7,widen,964.336810,964.336931,0.000121,0,0,0,0,0
0,7,expert,964.336932,964.540544,0.203613,280887296,0,0,16,0
0,7,compute,964.310538,964.642993,0.332455,0,0,0,0,0
0,8,trunk,964.642994,965.395588,0.752593,645562368,-8,1,0,0
0,8,widen,965.450332,965.450435,0.000103,0,0,0,0,0
0,8,expert,965.450435,965.676975,0.226539,280887296,0,0,16,0
0,8,compute,965.395589,965.799023,0.403433,0,0,0,0,0
0,9,trunk,965.799024,966.526890,0.727866,645562368,-9,1,0,0
0,9,widen,966.604835,966.604970,0.000135,0,0,0,0,0
0,9,expert,966.604970,966.806780,0.201810,280887296,0,0,16,0
0,9,compute,966.526892,966.937556,0.410663,0,0,0,0,0
0,10,trunk,966.937557,967.695101,0.757544,645562368,-10,1,0,0
0,10,widen,967.744598,967.744708,0.000111,0,0,0,0,0
0,10,expert,967.744709,967.960468,0.215759,280887296,0,0,16,0
0,10,compute,967.695103,968.079304,0.384201,0,0,0,0,0
0,11,trunk,968.079305,968.629036,0.549731,431890432,-11,1,0,0
0,11,widen,968.717558,968.717662,0.000103,0,0,0,0,0
0,11,expert,968.717662,968.911722,0.194059,280887296,0,0,16,0
0,11,compute,968.629038,969.034261,0.405223,0,0,0,0,0
0,12,trunk,969.034262,969.839681,0.805419,645562368,-12,1,0,0
0,12,widen,969.903787,969.903903,0.000116,0,0,0,0,0
0,12,expert,969.903904,970.112484,0.208580,280887296,0,0,16,0
0,12,compute,969.839683,970.231080,0.391397,0,0,0,0,0
0,13,trunk,970.231081,971.055594,0.824512,645562368,-13,1,0,0
0,13,widen,971.115047,971.115152,0.000105,0,0,0,0,0
0,13,expert,971.115152,971.331382,0.216230,280887296,0,0,16,0
0,13,compute,971.055596,971.462229,0.406633,0,0,0,0,0
0,14,trunk,971.462230,972.393439,0.931209,645562368,-14,1,0,0
0,14,widen,972.461813,972.461927,0.000114,0,0,0,0,0
0,14,expert,972.461928,972.658924,0.196996,280887296,0,0,16,0
0,14,compute,972.393441,972.779043,0.385602,0,0,0,0,0
0,15,trunk,972.779045,973.260236,0.481191,431890432,-15,1,0,0
0,15,widen,973.319094,973.319212,0.000118,0,0,0,0,0
0,15,expert,973.319212,973.530835,0.211622,280887296,0,0,16,0
0,15,compute,973.260238,973.655523,0.395285,0,0,0,0,0
0,16,trunk,973.655525,974.570678,0.915153,645562368,-16,1,0,0
0,16,widen,974.638723,974.638843,0.000120,0,0,0,0,0
0,16,expert,974.638843,974.847300,0.208457,280887296,0,0,16,0
0,16,compute,974.570712,974.982717,0.412005,0,0,0,0,0
0,17,trunk,974.982718,975.837487,0.854768,645562368,-17,1,0,0
0,17,widen,975.893335,975.893453,0.000118,0,0,0,0,0
0,17,expert,975.893477,976.102543,0.209066,280887296,0,0,16,0
0,17,compute,975.837489,976.219501,0.382012,0,0,0,0,0
0,18,trunk,976.219503,977.045752,0.826249,645562368,-18,1,0,0
0,18,widen,977.096785,977.096942,0.000158,0,0,0,0,0
0,18,expert,977.096944,977.306618,0.209674,280887296,0,0,16,0
0,18,compute,977.045754,977.415011,0.369257,0,0,0,0,0
0,19,trunk,977.415012,978.053857,0.638845,431890432,-19,1,0,0
0,19,widen,978.119106,978.119237,0.000131,0,0,0,0,0
0,19,expert,978.119238,978.330901,0.211663,280887296,0,0,16,0
0,19,compute,978.053859,978.452572,0.398713,0,0,0,0,0
0,20,trunk,978.452574,979.333863,0.881289,645562368,-20,1,0,0
0,20,widen,979.409162,979.409286,0.000124,0,0,0,0,0
0,20,expert,979.409287,979.620035,0.210748,280887296,0,0,16,0
0,20,compute,979.333865,979.740392,0.406527,0,0,0,0,0
0,21,trunk,979.740393,980.295997,0.555604,645562368,-21,1,0,0
0,21,widen,980.368516,980.368641,0.000125,0,0,0,0,0
0,21,expert,980.368642,980.583910,0.215269,280887296,0,0,16,0
0,21,compute,980.296040,980.710289,0.414249,0,0,0,0,0
0,22,trunk,980.710290,981.347971,0.637681,645562368,-22,1,0,0
0,22,widen,981.477341,981.477701,0.000360,0,0,0,0,0
0,22,expert,981.477702,981.753857,0.276155,280887296,0,0,16,0
0,22,compute,981.347993,981.879472,0.531479,0,0,0,0,0
0,23,trunk,981.879474,981.913983,0.034509,431890432,-23,1,0,0
0,23,widen,981.973659,981.973794,0.000134,0,0,0,0,0
0,23,expert,981.973795,982.454542,0.480748,280887296,0,0,16,0
0,23,compute,981.914028,982.586760,0.672732,0,0,0,0,0
0,24,trunk,982.586762,982.591165,0.004403,645562368,-24,1,0,0
0,24,widen,982.678141,982.678327,0.000186,0,0,0,0,0
0,24,expert,982.678328,983.286665,0.608336,280887296,0,0,16,0
0,24,compute,982.591202,983.406828,0.815626,0,0,0,0,0
0,25,trunk,983.406830,983.434955,0.028125,645562368,-25,1,0,0
0,25,widen,983.502827,983.502960,0.000132,0,0,0,0,0
0,25,expert,983.502960,984.028546,0.525586,280887296,0,0,16,0
0,25,compute,983.435003,984.137943,0.702940,0,0,0,0,0
0,26,trunk,984.137944,984.142019,0.004075,645562368,-26,1,0,0
0,26,widen,984.208095,984.208235,0.000140,0,0,0,0,0
0,26,expert,984.208235,984.596232,0.387997,280887296,0,0,16,0
0,26,compute,984.142041,984.718352,0.576312,0,0,0,0,0
0,27,trunk,984.718354,984.722323,0.003968,431890432,-27,1,0,0
0,27,widen,984.761659,984.761806,0.000147,0,0,0,0,0
0,27,expert,984.761807,985.254195,0.492388,280887296,0,0,16,0
0,27,compute,984.722397,985.395990,0.673593,0,0,0,0,0
0,28,trunk,985.395992,985.400978,0.004986,645562368,-28,1,0,0
0,28,widen,985.477605,985.477752,0.000147,0,0,0,0,0
0,28,expert,985.477753,985.934230,0.456477,280887296,0,0,16,0
0,28,compute,985.401002,986.058260,0.657258,0,0,0,0,0
0,29,trunk,986.058263,986.062355,0.004092,645562368,-29,1,0,0
0,29,widen,986.131817,986.131956,0.000139,0,0,0,0,0
0,29,expert,986.131960,986.648048,0.516088,280887296,0,0,16,0
0,29,compute,986.062438,986.771838,0.709400,0,0,0,0,0
0,30,trunk,986.771840,986.775953,0.004113,645562368,-30,1,0,0
0,30,widen,986.850093,986.850232,0.000139,0,0,0,0,0
0,30,expert,986.850232,987.229911,0.379679,280887296,0,0,16,0
0,30,compute,986.776060,987.339021,0.562961,0,0,0,0,0
0,31,trunk,987.339023,987.342889,0.003866,431890432,-31,1,0,0
0,31,widen,987.417200,987.417371,0.000171,0,0,0,0,0
0,31,expert,987.417372,987.945297,0.527926,280887296,0,0,16,0
0,31,compute,987.342936,988.063033,0.720097,0,0,0,0,0
0,32,trunk,988.063035,988.066725,0.003690,645562368,-32,1,0,0
0,32,widen,988.139569,988.139721,0.000152,0,0,0,0,0
0,32,expert,988.139721,988.679033,0.539312,280887296,0,0,16,0
0,32,compute,988.066746,988.799269,0.732523,0,0,0,0,0
0,33,trunk,988.799271,988.803075,0.003804,645562368,-33,1,0,0
0,33,widen,988.890789,988.890940,0.000151,0,0,0,0,0
0,33,expert,988.890941,989.437058,0.546117,280887296,0,0,16,0
0,33,compute,988.803113,989.530078,0.726965,0,0,0,0,0
0,34,trunk,989.530083,989.534681,0.004598,645562368,-34,1,0,0
0,34,widen,989.605756,989.605901,0.000145,0,0,0,0,0
0,34,expert,989.605902,989.987888,0.381985,280887296,0,0,16,0
0,34,compute,989.534707,990.103522,0.568815,0,0,0,0,0
0,35,trunk,990.103523,990.107413,0.003890,431890432,-35,1,0,0
0,35,widen,990.151748,990.151927,0.000179,0,0,0,0,0
0,35,expert,990.151928,990.716677,0.564749,280887296,0,0,16,0
0,35,compute,990.107443,990.854176,0.746733,0,0,0,0,0
0,36,trunk,990.854178,990.858112,0.003933,645562368,-36,1,0,0
0,36,widen,990.932888,990.933080,0.000192,0,0,0,0,0
0,36,expert,990.933081,991.478356,0.545274,280887296,0,0,16,0
0,36,compute,990.858133,991.598253,0.740120,0,0,0,0,0
0,37,trunk,991.598256,991.601817,0.003562,645562368,-37,1,0,0
0,37,widen,991.675952,991.676150,0.000198,0,0,0,0,0
0,37,expert,991.676151,992.204751,0.528600,280887296,0,0,16,0
0,37,compute,991.601840,992.389690,0.787850,0,0,0,0,0
0,38,trunk,992.389691,992.393140,0.003448,645562368,-38,1,0,0
0,38,widen,992.464624,992.464793,0.000169,0,0,0,0,0
0,38,expert,992.464793,992.847330,0.382537,280887296,0,0,16,0
0,38,compute,992.393169,992.970397,0.577229,0,0,0,0,0
0,39,trunk,992.970399,992.974144,0.003745,431890432,-39,1,0,0
0,39,widen,993.022189,993.022367,0.000179,0,0,0,0,0
0,39,expert,993.022368,993.572629,0.550261,280887296,0,0,16,0
0,39,compute,992.974192,993.694464,0.720273,0,0,0,0,0
0,40,trunk,993.694466,993.698357,0.003891,645562368,-40,1,0,0
0,40,widen,993.780609,993.780766,0.000157,0,0,0,0,0
0,40,expert,993.780767,994.301133,0.520366,280887296,0,0,16,0
0,40,compute,993.698493,994.416547,0.718054,0,0,0,0,0
0,41,trunk,994.416549,994.420609,0.004060,645562368,-41,1,0,0
0,41,widen,994.496956,994.497124,0.000167,0,0,0,0,0
0,41,expert,994.497124,994.985524,0.488400,280887296,0,0,16,0
0,41,compute,994.420651,995.114630,0.693979,0,0,0,0,0
0,42,trunk,995.114632,995.118246,0.003613,645562368,-42,1,0,0
0,42,widen,995.177807,995.177993,0.000186,0,0,0,0,0
0,42,expert,995.177994,995.587636,0.409643,280887296,0,0,16,0
0,42,compute,995.118298,995.707184,0.588886,0,0,0,0,0
0,43,trunk,995.707186,995.710886,0.003700,431890432,-43,1,0,0
0,43,widen,995.778233,995.778407,0.000174,0,0,0,0,0
0,43,expert,995.778407,996.326634,0.548227,280887296,0,0,16,0
0,43,compute,995.710910,996.446652,0.735742,0,0,0,0,0
0,44,trunk,996.446654,996.450296,0.003642,645562368,-44,1,0,0
0,44,widen,996.517693,996.517876,0.000182,0,0,0,0,0
0,44,expert,996.517877,997.078282,0.560406,280887296,0,0,16,0
0,44,compute,996.450322,997.186839,0.736517,0,0,0,0,0
0,45,trunk,997.186840,997.190724,0.003884,645562368,-45,1,0,0
0,45,widen,997.262360,997.262532,0.000172,0,0,0,0,0
0,45,expert,997.262533,997.793772,0.531239,280887296,0,0,16,0
0,45,compute,997.190754,997.910747,0.719993,0,0,0,0,0
0,46,trunk,997.910749,997.914463,0.003714,645562368,-46,1,0,0
0,46,widen,997.981516,997.981821,0.000305,0,0,0,0,0
0,46,expert,997.981822,998.402020,0.420198,280887296,0,0,16,0
0,46,compute,997.914486,998.518410,0.603924,0,0,0,0,0
0,47,trunk,998.518411,998.522411,0.004000,431890432,-47,1,0,0
0,47,widen,998.577077,998.577258,0.000181,0,0,0,0,0
0,47,expert,998.577259,999.147388,0.570129,280887296,0,0,16,0
0,47,compute,998.522441,999.254850,0.732409,0,0,0,0,0
0,48,trunk,999.254852,999.258456,0.003604,645562368,-48,1,0,0
0,48,widen,999.361443,999.361629,0.000186,0,0,0,0,0
0,48,expert,999.361630,999.894702,0.533072,263331840,1,0,15,0
0,48,compute,999.258478,1000.018577,0.760099,0,0,0,0,0
0,49,trunk,1000.018578,1000.022936,0.004358,645562368,-49,1,0,0
0,49,widen,1000.090375,1000.090588,0.000213,0,0,0,0,0
0,49,expert,1000.090589,1000.680342,0.589753,280887296,0,0,16,0
0,49,compute,1000.022967,1000.773034,0.750067,0,0,0,0,0
0,50,trunk,1000.773036,1000.776608,0.003572,645562368,-50,1,0,0
0,50,widen,1000.841684,1000.841868,0.000183,0,0,0,0,0
0,50,expert,1000.841868,1001.268082,0.426213,280887296,0,0,16,0
0,50,compute,1000.776633,1001.368876,0.592243,0,0,0,0,0
0,51,trunk,1001.368878,1001.373522,0.004644,431890432,-51,1,0,0
0,51,widen,1001.419018,1001.419234,0.000216,0,0,0,0,0
0,51,expert,1001.419234,1002.011415,0.592181,280887296,0,0,16,0
0,51,compute,1001.373562,1002.123037,0.749475,0,0,0,0,0
0,52,trunk,1002.123040,1002.126656,0.003617,645562368,-52,1,0,0
0,52,widen,1002.193996,1002.194202,0.000205,0,0,0,0,0
0,52,expert,1002.194203,1002.752451,0.558249,280887296,0,0,16,0
0,52,compute,1002.126680,1002.853413,0.726733,0,0,0,0,0
0,53,trunk,1002.853415,1002.857052,0.003637,645562368,-53,1,0,0
0,53,widen,1002.928180,1002.928357,0.000177,0,0,0,0,0
0,53,expert,1002.928358,1003.493710,0.565352,280887296,0,0,16,0
0,53,compute,1002.857073,1003.603756,0.746683,0,0,0,0,0
0,54,trunk,1003.603781,1003.607471,0.003690,645562368,-54,1,0,0
0,54,widen,1003.686877,1003.687202,0.000325,0,0,0,0,0
0,54,expert,1003.687203,1004.118347,0.431144,280887296,0,0,16,0
0,54,compute,1003.607495,1004.246570,0.639075,0,0,0,0,0
0,55,trunk,1004.246571,1004.250552,0.003981,431890432,-55,1,0,0
0,55,widen,1004.294000,1004.294187,0.000187,0,0,0,0,0
0,55,expert,1004.294188,1004.886599,0.592411,280887296,0,0,16,0
0,55,compute,1004.250584,1005.008757,0.758174,0,0,0,0,0
0,56,trunk,1005.008760,1005.012664,0.003904,645562368,-56,1,0,0
0,56,widen,1005.079375,1005.079564,0.000189,0,0,0,0,0
0,56,expert,1005.079564,1005.686998,0.607433,280887296,0,0,16,0
0,56,compute,1005.012692,1005.803091,0.790399,0,0,0,0,0
0,57,trunk,1005.803093,1005.807146,0.004053,645562368,-57,1,0,0
0,57,widen,1005.877888,1005.878187,0.000299,0,0,0,0,0
0,57,expert,1005.878188,1006.445989,0.567801,280887296,0,0,16,0
0,57,compute,1005.807197,1006.575051,0.767854,0,0,0,0,0
0,58,trunk,1006.575053,1006.578719,0.003666,645562368,-58,1,0,0
0,58,widen,1006.644618,1006.644805,0.000187,0,0,0,0,0
0,58,expert,1006.644806,1007.057579,0.412773,280887296,0,0,16,0
0,58,compute,1006.578743,1007.170321,0.591578,0,0,0,0,0
0,59,trunk,1007.170322,1007.174471,0.004149,431890432,-59,1,0,0
0,59,widen,1007.220240,1007.220424,0.000184,0,0,0,0,0
0,59,expert,1007.220425,1007.801424,0.580998,280887296,0,0,16,0
0,59,compute,1007.174497,1007.914277,0.739780,0,0,0,0,0
0,60,trunk,1007.914279,1007.917962,0.003683,645562368,-60,1,0,0
0,60,widen,1007.988365,1007.988576,0.000212,0,0,0,0,0
0,60,expert,1007.988577,1008.535824,0.547247,280887296,0,0,16,0
0,60,compute,1007.918022,1008.627353,0.709330,0,0,0,0,0
0,61,trunk,1008.627355,1008.630860,0.003505,645562368,-61,1,0,0
0,61,widen,1008.700054,1008.700239,0.000185,0,0,0,0,0
0,61,expert,1008.700240,1009.258776,0.558536,280887296,0,0,16,0
0,61,compute,1008.630882,1009.372691,0.741809,0,0,0,0,0
0,62,trunk,1009.372692,1009.376300,0.003607,645562368,-62,1,0,0
0,62,widen,1009.438724,1009.438926,0.000202,0,0,0,0,0
0,62,expert,1009.438927,1009.856753,0.417826,280887296,0,0,16,0
0,62,compute,1009.376319,1009.961005,0.584686,0,0,0,0,0
0,63,trunk,1009.961007,1009.964449,0.003442,431890432,-63,1,0,0
0,63,widen,1010.006980,1010.007168,0.000188,0,0,0,0,0
0,63,expert,1010.007169,1010.612526,0.605357,280887296,0,0,16,0
0,63,compute,1009.964467,1010.730288,0.765822,0,0,0,0,0
0,64,trunk,1010.730290,1010.734257,0.003966,645562368,-64,1,0,0
0,64,widen,1010.801469,1010.801676,0.000207,0,0,0,0,0
0,64,expert,1010.801677,1011.382856,0.581179,280887296,0,0,16,0
0,64,compute,1010.734283,1011.502428,0.768145,0,0,0,0,0
0,65,trunk,1011.502429,1011.506154,0.003725,645562368,-65,1,0,0
0,65,widen,1011.576203,1011.576406,0.000203,0,0,0,0,0
0,65,expert,1011.576406,1012.133100,0.556694,280887296,0,0,16,0
0,65,compute,1011.506182,1012.246431,0.740249,0,0,0,0,0
0,66,trunk,1012.246433,1012.250531,0.004098,645562368,-66,1,0,0
0,66,widen,1012.320192,1012.320454,0.000262,0,0,0,0,0
0,66,expert,1012.320455,1012.753316,0.432861,280887296,0,0,16,0
0,66,compute,1012.250579,1012.878183,0.627604,0,0,0,0,0
0,67,trunk,1012.878185,1012.881701,0.003516,431890432,-67,1,0,0
0,67,widen,1012.924666,1012.924855,0.000190,0,0,0,0,0
0,67,expert,1012.924856,1013.509858,0.585002,280887296,0,0,16,0
0,67,compute,1012.881723,1013.638163,0.756440,0,0,0,0,0
0,68,trunk,1013.638164,1013.641696,0.003532,645562368,-68,1,0,0
0,68,widen,1013.705930,1013.706129,0.000199,0,0,0,0,0
0,68,expert,1013.706130,1014.283850,0.577720,280887296,0,0,16,0
0,68,compute,1013.641717,1014.406338,0.764621,0,0,0,0,0
0,69,trunk,1014.406340,1014.409973,0.003633,645562368,-69,1,0,0
0,69,widen,1014.467238,1014.467431,0.000193,0,0,0,0,0
0,69,expert,1014.467432,1015.031449,0.564017,280887296,0,0,16,0
0,69,compute,1014.409994,1015.150367,0.740373,0,0,0,0,0
0,70,trunk,1015.150368,1015.154009,0.003641,645562368,-70,1,0,0
0,70,widen,1015.209211,1015.209445,0.000234,0,0,0,0,0
0,70,expert,1015.209446,1015.648885,0.439440,280887296,0,0,16,0
0,70,compute,1015.154039,1015.766581,0.612542,0,0,0,0,0
0,71,trunk,1015.766583,1015.770664,0.004081,431890432,-71,1,0,0
0,71,widen,1015.817814,1015.818066,0.000252,0,0,0,0,0
0,71,expert,1015.818067,1016.420078,0.602010,280887296,0,0,16,0
0,71,compute,1015.770697,1016.523688,0.752991,0,0,0,0,0
0,72,trunk,1016.523690,1016.528328,0.004638,645562368,-72,1,0,0
0,72,widen,1016.599700,1016.599897,0.000197,0,0,0,0,0
0,72,expert,1016.599898,1017.160242,0.560344,280887296,0,0,16,0
0,72,compute,1016.528395,1017.257643,0.729249,0,0,0,0,0
0,73,trunk,1017.257645,1017.261092,0.003447,645562368,-73,1,0,0
0,73,widen,1017.323908,1017.324163,0.000255,0,0,0,0,0
0,73,expert,1017.324164,1017.915784,0.591620,280887296,0,0,16,0
0,73,compute,1017.261120,1018.034239,0.773118,0,0,0,0,0
0,74,trunk,1018.034240,1018.037911,0.003671,645562368,-74,1,0,0
0,74,widen,1018.107226,1018.107634,0.000408,0,0,0,0,0
0,74,expert,1018.107635,1018.521347,0.413712,280887296,0,0,16,0
0,74,compute,1018.037936,1018.642187,0.604251,0,0,0,0,0
0,75,trunk,1018.642190,1018.645699,0.003509,431890432,-75,1,0,0
0,75,widen,1018.687934,1018.688190,0.000256,0,0,0,0,0
0,75,expert,1018.688191,1019.270780,0.582590,280887296,0,0,16,0
0,75,compute,1018.645724,1019.388049,0.742325,0,0,0,0,0
0,76,trunk,1019.388051,1019.391755,0.003704,645562368,-76,1,0,0
0,76,widen,1019.460386,1019.460596,0.000210,0,0,0,0,0
0,76,expert,1019.460597,1019.985430,0.524832,280887296,0,0,16,0
0,76,compute,1019.391777,1020.102991,0.711214,0,0,0,0,0
0,77,trunk,1020.102994,1020.106710,0.003716,645562368,-77,1,0,0
0,77,widen,1020.182489,1020.182968,0.000478,0,0,0,0,0
0,77,expert,1020.182969,1020.745732,0.562763,280887296,0,0,16,0
0,77,compute,1020.106738,1020.862278,0.755540,0,0,0,0,0
0,78,trunk,1020.862280,1020.866142,0.003862,645562368,-78,1,0,0
0,78,widen,1020.933754,1020.933967,0.000213,0,0,0,0,0
0,78,expert,1020.933968,1021.369835,0.435867,280887296,0,0,16,0
0,78,compute,1020.866165,1021.476131,0.609966,0,0,0,0,0
0,79,trunk,1021.476133,1021.480290,0.004157,431890432,-79,1,0,0
0,79,widen,1021.527216,1021.527434,0.000218,0,0,0,0,0
0,79,expert,1021.527434,1022.085196,0.557762,280887296,0,0,16,0
0,79,compute,1021.480313,1022.203037,0.722725,0,0,0,0,0
0,80,trunk,1022.203039,1022.206777,0.003738,645562368,-80,1,0,0
0,80,widen,1022.275648,1022.275883,0.000235,0,0,0,0,0
0,80,expert,1022.275883,1022.860925,0.585042,280887296,0,0,16,0
0,80,compute,1022.206820,1022.967514,0.760694,0,0,0,0,0
0,81,trunk,1022.967516,1022.971234,0.003718,645562368,-81,1,0,0
0,81,widen,1023.036187,1023.036493,0.000306,0,0,0,0,0
0,81,expert,1023.036494,1023.585061,0.548567,280887296,0,0,16,0
0,81,compute,1022.971266,1023.706452,0.735186,0,0,0,0,0
0,82,trunk,1023.706454,1023.710557,0.004104,645562368,-82,1,0,0
0,82,widen,1023.781326,1023.781540,0.000214,0,0,0,0,0
0,82,expert,1023.781541,1024.176296,0.394756,280887296,0,0,16,0
0,82,compute,1023.710584,1024.294586,0.584002,0,0,0,0,0
0,83,trunk,1024.294588,1024.298225,0.003637,431890432,-83,1,0,0
0,83,widen,1024.332091,1024.332287,0.000196,0,0,0,0,0
0,83,expert,1024.332288,1024.884022,0.551735,280887296,0,0,16,0
0,83,compute,1024.298249,1024.993530,0.695282,0,0,0,0,0
0,84,trunk,1024.993532,1024.997310,0.003778,645562368,-84,1,0,0
0,84,widen,1025.062177,1025.062413,0.000236,0,0,0,0,0
0,84,expert,1025.062414,1025.600410,0.537996,280887296,0,0,16,0
0,84,compute,1024.997332,1025.716055,0.718723,0,0,0,0,0
0,85,trunk,1025.716057,1025.719502,0.003445,645562368,-85,1,0,0
0,85,widen,1025.797748,1025.797968,0.000221,0,0,0,0,0
0,85,expert,1025.797969,1026.320984,0.523015,280887296,0,0,16,0
0,85,compute,1025.719560,1026.418972,0.699412,0,0,0,0,0
0,86,trunk,1026.418974,1026.423230,0.004257,645562368,-86,1,0,0
0,86,widen,1026.493044,1026.493264,0.000221,0,0,0,0,0
0,86,expert,1026.493265,1026.880149,0.386884,280887296,0,0,16,0
0,86,compute,1026.423275,1026.980245,0.556970,0,0,0,0,0
0,87,trunk,1026.980247,1026.983816,0.003569,431890432,-87,1,0,0
0,87,widen,1027.027528,1027.027730,0.000202,0,0,0,0,0
0,87,expert,1027.027731,1027.564558,0.536827,280887296,0,0,16,0
0,87,compute,1026.983843,1027.663923,0.680080,0,0,0,0,0
0,88,trunk,1027.663925,1027.667651,0.003726,645562368,-88,1,0,0
0,88,widen,1027.741494,1027.741776,0.000282,0,0,0,0,0
0,88,expert,1027.741777,1028.281499,0.539723,280887296,0,0,16,0
0,88,compute,1027.667721,1028.375662,0.707941,0,0,0,0,0
0,89,trunk,1028.375664,1028.379317,0.003653,645562368,-89,1,0,0
0,89,widen,1028.438952,1028.439195,0.000243,0,0,0,0,0
0,89,expert,1028.439196,1029.002583,0.563387,280887296,0,0,16,0
0,89,compute,1028.379341,1029.114618,0.735278,0,0,0,0,0
0,90,trunk,1029.114620,1029.118417,0.003797,645562368,-90,1,0,0
0,90,widen,1029.195719,1029.195933,0.000214,0,0,0,0,0
0,90,expert,1029.195934,1029.581376,0.385443,280887296,0,0,16,0
0,90,compute,1029.118495,1029.678389,0.559893,0,0,0,0,0
0,91,trunk,1029.678391,1029.682262,0.003871,431890432,-91,1,0,0
0,91,widen,1029.718755,1029.718977,0.000222,0,0,0,0,0
0,91,expert,1029.718978,1030.124435,0.405457,280887296,0,0,16,0
0,91,compute,1029.682285,1030.246203,0.563918,0,0,0,0,0
0,92,trunk,1030.246205,1030.250341,0.004136,431890432,-92,1,0,0
0,92,widen,1030.289867,1030.290163,0.000296,0,0,0,0,0
0,92,expert,1030.290164,1030.450227,0.160063,280887296,0,0,16,0
0,92,compute,1030.250343,1030.578264,0.327921,0,0,0,0,0
1,0,trunk,1030.691590,1030.691628,0.000039,0,-92,0,0,0
1,0,compute,1030.691629,1030.808167,0.116538,0,0,0,0,0
1,1,trunk,1030.808169,1030.813944,0.005775,0,-91,0,0,0
1,1,widen,1030.876649,1030.876814,0.000165,0,0,0,0,0
1,1,expert,1030.876815,1031.063324,0.186509,280887296,0,0,16,0
1,1,compute,1030.813946,1031.170911,0.356965,0,0,0,0,0
1,2,trunk,1031.170912,1031.174264,0.003352,0,-90,0,0,0
1,2,widen,1031.223980,1031.224178,0.000197,0,0,0,0,0
1,2,expert,1031.224178,1031.396294,0.172116,280887296,0,0,16,0
1,2,compute,1031.174266,1031.514541,0.340275,0,0,0,0,0
1,3,trunk,1031.514542,1031.518612,0.004070,0,-89,0,0,0
1,3,widen,1031.553257,1031.553421,0.000164,0,0,0,0,0
1,3,expert,1031.553422,1031.714800,0.161378,280887296,0,0,16,0
1,3,compute,1031.518615,1031.823316,0.304701,0,0,0,0,0
1,4,trunk,1031.823318,1031.827031,0.003713,0,-88,0,0,0
1,4,widen,1031.889583,1031.889743,0.000159,0,0,0,0,0
1,4,expert,1031.889743,1032.047943,0.158200,280887296,0,0,16,0
1,4,compute,1031.827033,1032.166171,0.339138,0,0,0,0,0
1,5,trunk,1032.166172,1032.171329,0.005157,0,-87,0,0,0
1,5,widen,1032.236306,1032.236493,0.000187,0,0,0,0,0
1,5,expert,1032.236494,1032.395463,0.158970,280887296,0,0,16,0
1,5,compute,1032.171332,1032.515113,0.343782,0,0,0,0,0
1,6,trunk,1032.515115,1032.520125,0.005011,0,-86,0,0,0
1,6,widen,1032.581976,1032.582159,0.000182,0,0,0,0,0
1,6,expert,1032.582159,1032.757256,0.175096,280887296,0,0,16,0
1,6,compute,1032.520127,1032.884972,0.364844,0,0,0,0,0
1,7,trunk,1032.884973,1032.889303,0.004329,0,-85,0,0,0
1,7,widen,1032.924784,1032.924997,0.000214,0,0,0,0,0
1,7,expert,1032.924998,1033.085895,0.160897,280887296,0,0,16,0
1,7,compute,1032.889305,1033.198382,0.309076,0,0,0,0,0
1,8,trunk,1033.198383,1033.201619,0.003237,0,-84,0,0,0
1,8,widen,1033.255129,1033.255302,0.000173,0,0,0,0,0
1,8,expert,1033.255303,1033.408477,0.153174,280887296,0,0,16,0
1,8,compute,1033.201622,1033.522282,0.320660,0,0,0,0,0
1,9,trunk,1033.522283,1033.525999,0.003716,0,-83,0,0,0
1,9,widen,1033.589254,1033.589428,0.000174,0,0,0,0,0
1,9,expert,1033.589429,1033.752416,0.162987,280887296,0,0,16,0
1,9,compute,1033.526001,1033.852933,0.326932,0,0,0,0,0
1,10,trunk,1033.852934,1033.856799,0.003865,0,-82,0,0,0
1,10,widen,1033.923083,1033.923267,0.000185,0,0,0,0,0
1,10,expert,1033.923268,1034.082064,0.158795,280887296,0,0,16,0
1,10,compute,1033.856802,1034.202291,0.345489,0,0,0,0,0
1,11,trunk,1034.202293,1034.207084,0.004791,0,-81,0,0,0
1,11,widen,1034.239000,1034.239216,0.000216,0,0,0,0,0
1,11,expert,1034.239217,1034.403063,0.163847,280887296,0,0,16,0
1,11,compute,1034.207085,1034.522603,0.315518,0,0,0,0,0
1,12,trunk,1034.522605,1034.526486,0.003880,0,-80,0,0,0
1,12,widen,1034.578899,1034.579093,0.000193,0,0,0,0,0
1,12,expert,1034.579093,1034.741819,0.162726,280887296,0,0,16,0
1,12,compute,1034.526488,1034.858596,0.332109,0,0,0,0,0
1,13,trunk,1034.858618,1034.862302,0.003684,0,-79,0,0,0
1,13,widen,1034.920107,1034.920279,0.000172,0,0,0,0,0
1,13,expert,1034.920280,1035.085361,0.165082,280887296,0,0,16,0
1,13,compute,1034.862305,1035.202351,0.340046,0,0,0,0,0
1,14,trunk,1035.202352,1035.206245,0.003893,0,-78,0,0,0
1,14,widen,1035.274103,1035.274318,0.000215,0,0,0,0,0
1,14,expert,1035.274319,1035.435622,0.161303,280887296,0,0,16,0
1,14,compute,1035.206247,1035.566208,0.359961,0,0,0,0,0
1,15,trunk,1035.566210,1035.570041,0.003831,0,-77,0,0,0
1,15,widen,1035.604411,1035.604581,0.000169,0,0,0,0,0
1,15,expert,1035.604581,1035.762822,0.158240,280887296,0,0,16,0
1,15,compute,1035.570043,1035.882179,0.312136,0,0,0,0,0
1,16,trunk,1035.882180,1035.885645,0.003465,0,-76,0,0,0
1,16,widen,1035.942209,1035.942393,0.000185,0,0,0,0,0
1,16,expert,1035.942417,1036.106316,0.163899,280887296,0,0,16,0
1,16,compute,1035.885648,1036.230473,0.344826,0,0,0,0,0
1,17,trunk,1036.230475,1036.233927,0.003453,0,-75,0,0,0
1,17,widen,1036.302798,1036.302977,0.000180,0,0,0,0,0
1,17,expert,1036.302978,1036.472920,0.169941,280887296,0,0,16,0
1,17,compute,1036.233929,1036.582166,0.348237,0,0,0,0,0
1,18,trunk,1036.582167,1036.586342,0.004175,0,-74,0,0,0
1,18,widen,1036.639328,1036.639500,0.000172,0,0,0,0,0
1,18,expert,1036.639500,1036.804482,0.164981,280887296,0,0,16,0
1,18,compute,1036.586344,1036.922270,0.335926,0,0,0,0,0
1,19,trunk,1036.922272,1036.925743,0.003471,0,-73,0,0,0
1,19,widen,1036.958869,1036.959065,0.000196,0,0,0,0,0
1,19,expert,1036.959066,1037.121818,0.162752,280887296,0,0,16,0
1,19,compute,1036.925744,1037.242514,0.316770,0,0,0,0,0
1,20,trunk,1037.242515,1037.245971,0.003455,0,-72,0,0,0
1,20,widen,1037.312170,1037.312364,0.000193,0,0,0,0,0
1,20,expert,1037.312364,1037.478555,0.166191,280887296,0,0,16,0
1,20,compute,1037.245973,1037.586384,0.340410,0,0,0,0,0
1,21,trunk,1037.586385,1037.590044,0.003659,0,-71,0,0,0
1,21,widen,1037.651006,1037.651218,0.000212,0,0,0,0,0
1,21,expert,1037.651219,1038.146513,0.495294,280887296,0,0,16,0
1,21,compute,1037.590065,1038.266409,0.676344,0,0,0,0,0
1,22,trunk,1038.266411,1038.269940,0.003530,645562368,-71,1,0,0
1,22,widen,1038.339840,1038.340060,0.000220,0,0,0,0,0
1,22,expert,1038.340060,1038.703522,0.363461,280887296,0,0,16,0
1,22,compute,1038.269962,1038.799683,0.529721,0,0,0,0,0
1,23,trunk,1038.799685,1038.803245,0.003560,431890432,-72,1,0,0
1,23,widen,1038.850942,1038.851122,0.000180,0,0,0,0,0
1,23,expert,1038.851123,1039.583960,0.732837,280887296,0,0,16,0
1,23,compute,1038.803268,1039.689749,0.886482,0,0,0,0,0
1,24,trunk,1039.689751,1039.694679,0.004928,645562368,-73,1,0,0
1,24,widen,1039.761352,1039.761573,0.000221,0,0,0,0,0
1,24,expert,1039.761574,1040.586754,0.825180,280887296,0,0,16,0
1,24,compute,1039.694704,1040.702394,1.007690,0,0,0,0,0
1,25,trunk,1040.702395,1040.706442,0.004047,645562368,-74,1,0,0
1,25,widen,1040.775607,1040.775853,0.000247,0,0,0,0,0
1,25,expert,1040.775854,1041.539565,0.763710,280887296,0,0,16,0
1,25,compute,1040.706467,1041.636244,0.929777,0,0,0,0,0
1,26,trunk,1041.636246,1041.639625,0.003379,645562368,-75,1,0,0
1,26,widen,1041.702442,1041.702630,0.000188,0,0,0,0,0
1,26,expert,1041.702631,1042.272210,0.569580,280887296,0,0,16,0
1,26,compute,1041.639648,1042.390164,0.750516,0,0,0,0,0
1,27,trunk,1042.390167,1042.393901,0.003733,431890432,-76,1,0,0
1,27,widen,1042.438270,1042.438456,0.000186,0,0,0,0,0
1,27,expert,1042.438457,1043.179156,0.740699,280887296,0,0,16,0
1,27,compute,1042.393930,1043.285295,0.891365,0,0,0,0,0
1,28,trunk,1043.285297,1043.289143,0.003846,645562368,-77,1,0,0
1,28,widen,1043.355904,1043.356145,0.000241,0,0,0,0,0
1,28,expert,1043.356146,1044.077624,0.721478,280887296,0,0,16,0
1,28,compute,1043.289167,1044.194231,0.905064,0,0,0,0,0
1,29,trunk,1044.194233,1044.197979,0.003745,645562368,-78,1,0,0
1,29,widen,1044.264475,1044.264661,0.000186,0,0,0,0,0
1,29,expert,1044.264662,1045.044990,0.780329,280887296,0,0,16,0
1,29,compute,1044.198005,1045.139521,0.941516,0,0,0,0,0
1,30,trunk,1045.139523,1045.143598,0.004075,645562368,-79,1,0,0
1,30,widen,1045.197702,1045.197889,0.000186,0,0,0,0,0
1,30,expert,1045.197890,1045.796913,0.599023,280887296,0,0,16,0
1,30,compute,1045.143649,1045.900496,0.756847,0,0,0,0,0
1,31,trunk,1045.900497,1045.903984,0.003487,431890432,-80,1,0,0
1,31,widen,1045.942772,1045.942951,0.000179,0,0,0,0,0
1,31,expert,1045.942952,1046.724437,0.781485,280887296,0,0,16,0
1,31,compute,1045.904034,1046.843014,0.938980,0,0,0,0,0
1,32,trunk,1046.843015,1046.846793,0.003777,645562368,-81,1,0,0
1,32,widen,1046.904807,1046.905006,0.000199,0,0,0,0,0
1,32,expert,1046.905007,1047.691478,0.786471,280887296,0,0,16,0
1,32,compute,1046.846822,1047.810547,0.963724,0,0,0,0,0
1,33,trunk,1047.810549,1047.814544,0.003995,645562368,-82,1,0,0
1,33,widen,1047.888597,1047.888787,0.000190,0,0,0,0,0
1,33,expert,1047.888789,1048.700548,0.811759,280887296,0,0,16,0
1,33,compute,1047.814574,1048.804092,0.989518,0,0,0,0,0
1,34,trunk,1048.804094,1048.808155,0.004061,645562368,-83,1,0,0
1,34,widen,1048.874149,1048.874335,0.000185,0,0,0,0,0
1,34,expert,1048.874336,1049.452330,0.577994,280887296,0,0,16,0
1,34,compute,1048.808177,1049.566540,0.758363,0,0,0,0,0
1,35,trunk,1049.566542,1049.570370,0.003828,431890432,-84,1,0,0
1,35,widen,1049.626153,1049.626348,0.000195,0,0,0,0,0
1,35,expert,1049.626349,1050.418545,0.792196,280887296,0,0,16,0
1,35,compute,1049.570436,1050.538298,0.967862,0,0,0,0,0
1,36,trunk,1050.538300,1050.541978,0.003679,645562368,-85,1,0,0
1,36,widen,1050.607780,1050.607989,0.000209,0,0,0,0,0
1,36,expert,1050.607990,1051.384292,0.776302,280887296,0,0,16,0
1,36,compute,1050.542003,1051.488928,0.946925,0,0,0,0,0
1,37,trunk,1051.488930,1051.493913,0.004983,645562368,-86,1,0,0
1,37,widen,1051.551924,1051.552267,0.000343,0,0,0,0,0
1,37,expert,1051.552268,1052.336369,0.784101,280887296,0,0,16,0
1,37,compute,1051.493940,1052.439528,0.945588,0,0,0,0,0
1,38,trunk,1052.439530,1052.443944,0.004414,645562368,-87,1,0,0
1,38,widen,1052.511140,1052.511335,0.000195,0,0,0,0,0
1,38,expert,1052.511336,1053.054073,0.542737,280887296,0,0,16,0
1,38,compute,1052.443976,1053.178525,0.734549,0,0,0,0,0
1,39,trunk,1053.178527,1053.182643,0.004116,431890432,-88,1,0,0
1,39,widen,1053.225664,1053.225857,0.000192,0,0,0,0,0
1,39,expert,1053.225857,1053.989393,0.763535,280887296,0,0,16,0
1,39,compute,1053.182667,1054.102336,0.919670,0,0,0,0,0
1,40,trunk,1054.102338,1054.106139,0.003801,645562368,-89,1,0,0
1,40,widen,1054.165704,1054.165905,0.000201,0,0,0,0,0
1,40,expert,1054.165906,1054.942166,0.776261,280887296,0,0,16,0
1,40,compute,1054.106163,1055.051007,0.944845,0,0,0,0,0
1,41,trunk,1055.051010,1055.055750,0.004740,645562368,-90,1,0,0
1,41,widen,1055.124505,1055.124698,0.000193,0,0,0,0,0
1,41,expert,1055.124699,1055.872147,0.747448,280887296,0,0,16,0
1,41,compute,1055.055782,1055.995014,0.939233,0,0,0,0,0
1,42,trunk,1055.995016,1055.998537,0.003520,645562368,-91,1,0,0
1,42,widen,1056.063542,1056.063731,0.000189,0,0,0,0,0
1,42,expert,1056.063732,1056.645432,0.581701,280887296,0,0,16,0
1,42,compute,1055.998557,1056.761042,0.762485,0,0,0,0,0
1,43,trunk,1056.761044,1056.764846,0.003802,431890432,-92,1,0,0
1,43,widen,1056.812401,1056.812593,0.000192,0,0,0,0,0
1,43,expert,1056.812593,1057.628340,0.815746,280887296,0,0,16,0
1,43,compute,1056.764872,1057.750457,0.985585,0,0,0,0,0
1,44,trunk,1057.750458,1057.754229,0.003771,645562368,-93,1,0,0
1,44,widen,1057.820097,1057.820296,0.000199,0,0,0,0,0
1,44,expert,1057.820297,1058.604790,0.784493,280887296,0,0,16,0
1,44,compute,1057.754257,1058.718315,0.964058,0,0,0,0,0
1,45,trunk,1058.718316,1058.721899,0.003583,645562368,-94,1,0,0
1,45,widen,1058.789851,1058.790042,0.000191,0,0,0,0,0
1,45,expert,1058.790043,1059.593066,0.803023,280887296,0,0,16,0
1,45,compute,1058.721922,1059.710338,0.988417,0,0,0,0,0
1,46,trunk,1059.710341,1059.714356,0.004015,645562368,-95,1,0,0
1,46,widen,1059.774419,1059.774647,0.000228,0,0,0,0,0
1,46,expert,1059.774648,1060.375174,0.600526,280887296,0,0,16,0
1,46,compute,1059.714384,1060.495020,0.780636,0,0,0,0,0
1,47,trunk,1060.495022,1060.498939,0.003917,431890432,-96,1,0,0
1,47,widen,1060.553433,1060.553739,0.000306,0,0,0,0,0
1,47,expert,1060.553740,1061.324816,0.771076,280887296,0,0,16,0
1,47,compute,1060.498961,1061.442771,0.943810,0,0,0,0,0
1,48,trunk,1061.442773,1061.446651,0.003878,645562368,-97,1,0,0
1,48,widen,1061.513761,1061.514018,0.000257,0,0,0,0,0
1,48,expert,1061.514019,1062.200174,0.686155,280887296,0,0,16,0
1,48,compute,1061.446684,1062.325474,0.878790,0,0,0,0,0
1,49,trunk,1062.325476,1062.329368,0.003892,645562368,-98,1,0,0
1,49,widen,1062.394204,1062.394408,0.000204,0,0,0,0,0
1,49,expert,1062.394409,1063.194647,0.800238,280887296,0,0,16,0
1,49,compute,1062.329395,1063.310470,0.981075,0,0,0,0,0
1,50,trunk,1063.310472,1063.314728,0.004255,645562368,-99,1,0,0
1,50,widen,1063.383309,1063.383540,0.000232,0,0,0,0,0
1,50,expert,1063.383541,1063.970149,0.586608,280887296,0,0,16,0
1,50,compute,1063.314757,1064.084480,0.769723,0,0,0,0,0
1,51,trunk,1064.084481,1064.088790,0.004309,431890432,-100,1,0,0
1,51,widen,1064.140826,1064.141029,0.000203,0,0,0,0,0
1,51,expert,1064.141031,1075.892588,11.751558,280887296,0,0,16,0
1,51,compute,1064.088816,1076.016038,11.927222,0,0,0,0,0
1,52,trunk,1076.016039,1076.019698,0.003659,645562368,-101,1,0,0
1,52,widen,1076.095692,1076.095900,0.000207,0,0,0,0,0
1,52,expert,1076.095900,1076.816609,0.720709,280887296,0,0,16,0
1,52,compute,1076.019747,1076.946421,0.926674,0,0,0,0,0
1,53,trunk,1076.946446,1076.951065,0.004619,645562368,-102,1,0,0
1,53,widen,1077.024289,1077.024495,0.000206,0,0,0,0,0
1,53,expert,1077.024496,1077.797665,0.773169,280887296,0,0,16,0
1,53,compute,1076.951107,1077.919112,0.968005,0,0,0,0,0
1,54,trunk,1077.919114,1077.922934,0.003821,645562368,-103,1,0,0
1,54,widen,1077.991043,1077.991326,0.000283,0,0,0,0,0
1,54,expert,1077.991327,1078.566396,0.575069,280887296,0,0,16,0
1,54,compute,1077.922976,1078.687360,0.764384,0,0,0,0,0
1,55,trunk,1078.687361,1078.691456,0.004095,431890432,-104,1,0,0
1,55,widen,1078.734672,1078.734906,0.000234,0,0,0,0,0
1,55,expert,1078.734906,1079.513780,0.778874,280887296,0,0,16,0
1,55,compute,1078.691485,1079.638394,0.946908,0,0,0,0,0
1,56,trunk,1079.638396,1079.642322,0.003926,645562368,-105,1,0,0
1,56,widen,1079.713663,1079.713945,0.000282,0,0,0,0,0
1,56,expert,1079.713946,1080.475667,0.761721,280887296,0,0,16,0
1,56,compute,1079.642365,1080.574017,0.931652,0,0,0,0,0
1,57,trunk,1080.574019,1080.577870,0.003851,645562368,-106,1,0,0
1,57,widen,1080.655587,1080.655813,0.000226,0,0,0,0,0
1,57,expert,1080.655815,1081.412704,0.756889,280887296,0,0,16,0
1,57,compute,1080.577908,1081.542191,0.964283,0,0,0,0,0
1,58,trunk,1081.542193,1081.545894,0.003701,645562368,-107,1,0,0
1,58,widen,1081.609488,1081.609691,0.000203,0,0,0,0,0
1,58,expert,1081.609692,1082.188415,0.578723,280887296,0,0,16,0
1,58,compute,1081.545916,1082.306196,0.760280,0,0,0,0,0
1,59,trunk,1082.306198,1082.310037,0.003838,431890432,-108,1,0,0
1,59,widen,1082.354252,1082.354479,0.000227,0,0,0,0,0
1,59,expert,1082.354480,1083.138696,0.784216,280887296,0,0,16,0
1,59,compute,1082.310063,1083.261634,0.951571,0,0,0,0,0
1,60,trunk,1083.261636,1083.265266,0.003630,645562368,-109,1,0,0
1,60,widen,1083.332173,1083.332430,0.000257,0,0,0,0,0
1,60,expert,1083.332431,1084.106877,0.774447,280887296,0,0,16,0
1,60,compute,1083.265293,1084.234275,0.968982,0,0,0,0,0
1,61,trunk,1084.234276,1084.237980,0.003704,645562368,-110,1,0,0
1,61,widen,1084.302566,1084.302798,0.000232,0,0,0,0,0
1,61,expert,1084.302799,1085.040847,0.738048,280887296,0,0,16,0
1,61,compute,1084.238005,1085.139414,0.901409,0,0,0,0,0
1,62,trunk,1085.139415,1085.143139,0.003724,645562368,-111,1,0,0
1,62,widen,1085.204563,1085.204841,0.000278,0,0,0,0,0
1,62,expert,1085.204842,1085.763306,0.558464,280887296,0,0,16,0
1,62,compute,1085.143162,1085.877086,0.733924,0,0,0,0,0
1,63,trunk,1085.877087,1085.881039,0.003952,431890432,-112,1,0,0
1,63,widen,1085.923118,1085.923327,0.000209,0,0,0,0,0
1,63,expert,1085.923328,1086.692875,0.769547,280887296,0,0,16,0
1,63,compute,1085.881063,1086.806250,0.925187,0,0,0,0,0
1,64,trunk,1086.806251,1086.810091,0.003839,645562368,-113,1,0,0
1,64,widen,1086.875986,1086.876550,0.000565,0,0,0,0,0
1,64,expert,1086.876551,1087.646953,0.770402,280887296,0,0,16,0
1,64,compute,1086.810122,1087.762464,0.952342,0,0,0,0,0
1,65,trunk,1087.762466,1087.766208,0.003742,645562368,-114,1,0,0
1,65,widen,1087.838568,1087.838795,0.000228,0,0,0,0,0
1,65,expert,1087.838797,1088.585919,0.747122,280887296,0,0,16,0
1,65,compute,1087.766249,1088.727419,0.961170,0,0,0,0,0
1,66,trunk,1088.727421,1088.731567,0.004147,645562368,-115,1,0,0
1,66,widen,1088.795433,1088.795680,0.000247,0,0,0,0,0
1,66,expert,1088.795680,1089.358140,0.562459,280887296,0,0,16,0
1,66,compute,1088.731591,1089.478237,0.746646,0,0,0,0,0
1,67,trunk,1089.478238,1089.482013,0.003775,431890432,-116,1,0,0
1,67,widen,1089.537207,1089.537431,0.000224,0,0,0,0,0
1,67,expert,1089.537432,1090.329970,0.792538,280887296,0,0,16,0
1,67,compute,1089.482037,1090.450871,0.968834,0,0,0,0,0
1,68,trunk,1090.450873,1090.454831,0.003958,645562368,-117,1,0,0
1,68,widen,1090.526067,1090.526273,0.000206,0,0,0,0,0
1,68,expert,1090.526273,1091.264555,0.738281,280887296,0,0,16,0
1,68,compute,1090.454856,1091.364938,0.910082,0,0,0,0,0
1,69,trunk,1091.364939,1091.368858,0.003919,645562368,-118,1,0,0
1,69,widen,1091.436547,1091.436772,0.000225,0,0,0,0,0
1,69,expert,1091.436773,1092.226400,0.789627,280887296,0,0,16,0
1,69,compute,1091.368879,1092.347327,0.978448,0,0,0,0,0
1,70,trunk,1092.347329,1092.351280,0.003951,645562368,-119,1,0,0
1,70,widen,1092.421417,1092.421660,0.000242,0,0,0,0,0
1,70,expert,1092.421661,1092.990482,0.568821,280887296,0,0,16,0
1,70,compute,1092.351307,1093.095068,0.743762,0,0,0,0,0
1,71,trunk,1093.095070,1093.098930,0.003860,431890432,-120,1,0,0
1,71,widen,1093.151068,1093.151310,0.000242,0,0,0,0,0
1,71,expert,1093.151311,1093.990503,0.839191,280887296,0,0,16,0
1,71,compute,1093.099102,1094.123440,1.024338,0,0,0,0,0
1,72,trunk,1094.123442,1094.127323,0.003880,645562368,-121,1,0,0
1,72,widen,1094.206585,1094.206808,0.000223,0,0,0,0,0
1,72,expert,1094.206809,1094.991766,0.784958,280887296,0,0,16,0
1,72,compute,1094.127345,1095.104565,0.977220,0,0,0,0,0
1,73,trunk,1095.104567,1095.108134,0.003567,645562368,-122,1,0,0
1,73,widen,1095.174051,1095.174305,0.000255,0,0,0,0,0
1,73,expert,1095.174306,1095.980122,0.805816,280887296,0,0,16,0
1,73,compute,1095.108152,1096.098164,0.990012,0,0,0,0,0
1,74,trunk,1096.098166,1096.101807,0.003641,645562368,-123,1,0,0
1,74,widen,1096.161066,1096.161294,0.000228,0,0,0,0,0
1,74,expert,1096.161295,1096.757008,0.595714,280887296,0,0,16,0
1,74,compute,1096.101862,1096.882166,0.780305,0,0,0,0,0
1,75,trunk,1096.882168,1096.886340,0.004172,431890432,-124,1,0,0
1,75,widen,1096.933199,1096.933436,0.000237,0,0,0,0,0
1,75,expert,1096.933437,1097.716151,0.782715,280887296,0,0,16,0
1,75,compute,1096.886400,1097.828037,0.941636,0,0,0,0,0
1,76,trunk,1097.828039,1097.831511,0.003473,645562368,-125,1,0,0
1,76,widen,1097.890433,1097.890712,0.000279,0,0,0,0,0
1,76,expert,1097.890713,1098.637714,0.747002,280887296,0,0,16,0
1,76,compute,1097.831590,1098.747001,0.915411,0,0,0,0,0
1,77,trunk,1098.747003,1098.750867,0.003864,645562368,-126,1,0,0
1,77,widen,1098.840892,1098.841813,0.000921,0,0,0,0,0
1,77,expert,1098.841813,1099.584486,0.742673,280887296,0,0,16,0
1,77,compute,1098.750928,1099.680143,0.929216,0,0,0,0,0
1,78,trunk,1099.680145,1099.683903,0.003758,645562368,-127,1,0,0
1,78,widen,1099.743193,1099.743488,0.000295,0,0,0,0,0
1,78,expert,1099.743489,1100.341652,0.598163,280887296,0,0,16,0
1,78,compute,1099.683928,1100.449214,0.765286,0,0,0,0,0
1,79,trunk,1100.449216,1100.453699,0.004483,431890432,-128,1,0,0
1,79,widen,1100.506999,1100.507250,0.000251,0,0,0,0,0
1,79,expert,1100.507251,1101.271593,0.764342,280887296,0,0,16,0
1,79,compute,1100.453730,1101.382088,0.928358,0,0,0,0,0
1,80,trunk,1101.382089,1101.385754,0.003664,645562368,-129,1,0,0
1,80,widen,1101.455168,1101.455455,0.000287,0,0,0,0,0
1,80,expert,1101.455456,1113.357680,11.902224,280887296,0,0,16,0
1,80,compute,1101.385774,1113.459527,12.073753,0,0,0,0,0
1,81,trunk,1113.459529,1113.463107,0.003578,645562368,-130,1,0,0
1,81,widen,1113.522626,1113.522871,0.000245,0,0,0,0,0
1,81,expert,1113.522872,1114.307164,0.784292,280887296,0,0,16,0
1,81,compute,1113.463130,1114.419025,0.955895,0,0,0,0,0
1,82,trunk,1114.419026,1114.422553,0.003527,645562368,-131,1,0,0
1,82,widen,1114.476346,1114.476577,0.000231,0,0,0,0,0
1,82,expert,1114.476577,1115.057480,0.580902,280887296,0,0,16,0
1,82,compute,1114.422592,1115.161356,0.738763,0,0,0,0,0
1,83,trunk,1115.161358,1115.164935,0.003577,431890432,-132,1,0,0
1,83,widen,1115.206994,1115.207311,0.000317,0,0,0,0,0
1,83,expert,1115.207312,1116.002304,0.794991,280887296,0,0,16,0
1,83,compute,1115.164953,1116.118208,0.953255,0,0,0,0,0
1,84,trunk,1116.118210,1116.121646,0.003436,645562368,-133,1,0,0
1,84,widen,1116.181603,1116.181866,0.000263,0,0,0,0,0
1,84,expert,1116.181867,1116.948174,0.766307,280887296,0,0,16,0
1,84,compute,1116.121667,1117.050446,0.928779,0,0,0,0,0
1,85,trunk,1117.050447,1117.054285,0.003838,645562368,-134,1,0,0
1,85,widen,1117.113032,1117.113284,0.000252,0,0,0,0,0
1,85,expert,1117.113285,1117.869216,0.755931,280887296,0,0,16,0
1,85,compute,1117.054308,1117.978193,0.923885,0,0,0,0,0
1,86,trunk,1117.978195,1117.981561,0.003366,645562368,-135,1,0,0
1,86,widen,1118.038585,1118.038893,0.000308,0,0,0,0,0
1,86,expert,1118.038894,1118.603243,0.564349,280887296,0,0,16,0
1,86,compute,1117.981589,1118.723428,0.741840,0,0,0,0,0
1,87,trunk,1118.723430,1118.728750,0.005320,431890432,-136,1,0,0
1,87,widen,1118.768123,1118.768387,0.000265,0,0,0,0,0
1,87,expert,1118.768388,1119.511295,0.742907,280887296,0,0,16,0
1,87,compute,1118.728769,1119.607370,0.878601,0,0,0,0,0
1,88,trunk,1119.607372,1119.610867,0.003494,645562368,-137,1,0,0
1,88,widen,1119.674481,1119.674719,0.000238,0,0,0,0,0
1,88,expert,1119.674719,1120.438398,0.763678,280887296,0,0,16,0
1,88,compute,1119.616629,1120.543981,0.927352,0,0,0,0,0
1,89,trunk,1120.543983,1120.547741,0.003758,645562368,-138,1,0,0
1,89,widen,1120.616361,1120.616614,0.000253,0,0,0,0,0
1,89,expert,1120.616635,1121.409267,0.792632,280887296,0,0,16,0
1,89,compute,1120.553684,1121.530430,0.976745,0,0,0,0,0
1,90,trunk,1121.530431,1121.535935,0.005504,645562368,-139,1,0,0
1,90,widen,1121.592869,1121.593113,0.000244,0,0,0,0,0
1,90,expert,1121.593114,1122.175546,0.582432,280887296,0,0,16,0
1,90,compute,1121.535986,1122.294546,0.758560,0,0,0,0,0
1,91,trunk,1122.294548,1122.298101,0.003553,431890432,-140,1,0,0
1,91,widen,1122.329913,1122.330166,0.000253,0,0,0,0,0
1,91,expert,1122.330167,1122.928995,0.598828,280887296,0,0,16,0
1,91,compute,1122.298132,1123.047093,0.748961,0,0,0,0,0
1,92,trunk,1123.047094,1123.050899,0.003804,431890432,-141,1,0,0
1,92,widen,1123.073374,1123.073661,0.000287,0,0,0,0,0
1,92,expert,1123.073662,1123.320022,0.246360,280887296,0,0,16,0
1,92,compute,1123.050901,1123.434710,0.383809,0,0,0,0,0
2,0,trunk,1123.532665,1123.532701,0.000036,0,-141,0,0,0
2,0,compute,1123.532701,1123.646804,0.114102,0,0,0,0,0
2,1,trunk,1123.646805,1123.650648,0.003844,0,-140,0,0,0
2,1,widen,1123.696072,1123.696263,0.000191,0,0,0,0,0
2,1,expert,1123.696264,1123.950706,0.254442,280887296,0,0,16,0
2,1,compute,1123.650651,1124.078863,0.428212,0,0,0,0,0
2,2,trunk,1124.078864,1124.082418,0.003553,0,-139,0,0,0
2,2,widen,1124.131116,1124.131294,0.000177,0,0,0,0,0
2,2,expert,1124.131295,1124.371342,0.240047,263331840,0,0,15,0
2,2,compute,1124.082420,1124.490918,0.408499,0,0,0,0,0
2,3,trunk,1124.490920,1124.494910,0.003990,0,-138,0,0,0
2,3,widen,1124.528263,1124.528442,0.000179,0,0,0,0,0
2,3,expert,1124.528443,1124.732247,0.203805,228220928,0,0,13,0
2,3,compute,1124.494912,1124.854203,0.359291,0,0,0,0,0
2,4,trunk,1124.854204,1124.857981,0.003776,0,-137,0,0,0
2,4,widen,1124.907075,1124.907252,0.000177,0,0,0,0,0
2,4,expert,1124.907253,1125.130341,0.223088,263331840,0,0,15,0
2,4,compute,1124.857983,1125.255163,0.397181,0,0,0,0,0
2,5,trunk,1125.255165,1125.258702,0.003537,0,-136,0,0,0
2,5,widen,1125.299914,1125.300140,0.000226,0,0,0,0,0
2,5,expert,1125.300141,1125.537859,0.237718,280887296,0,0,16,0
2,5,compute,1125.258704,1125.650381,0.391678,0,0,0,0,0
2,6,trunk,1125.650383,1125.654573,0.004191,0,-135,0,0,0
2,6,widen,1125.724418,1125.724608,0.000190,0,0,0,0,0
2,6,expert,1125.724609,1125.951363,0.226754,263331840,0,0,15,0
2,6,compute,1125.654576,1126.070277,0.415701,0,0,0,0,0
2,7,trunk,1126.070278,1126.074123,0.003845,0,-134,0,0,0
2,7,widen,1126.105579,1126.105757,0.000178,0,0,0,0,0
2,7,expert,1126.105758,1126.319542,0.213784,263331840,0,0,15,0
2,7,compute,1126.074125,1126.436231,0.362106,0,0,0,0,0
2,8,trunk,1126.436232,1126.439699,0.003467,0,-133,0,0,0
2,8,widen,1126.495133,1126.495415,0.000281,0,0,0,0,0
2,8,expert,1126.495415,1126.723895,0.228480,280887296,0,0,16,0
2,8,compute,1126.439701,1126.823356,0.383655,0,0,0,0,0
2,9,trunk,1126.823357,1126.826785,0.003427,0,-132,0,0,0
2,9,widen,1126.874908,1126.875087,0.000179,0,0,0,0,0
2,9,expert,1126.875088,1127.087514,0.212427,263331840,0,0,15,0
2,9,compute,1126.826787,1127.196603,0.369816,0,0,0,0,0
2,10,trunk,1127.196604,1127.200123,0.003519,0,-131,0,0,0
2,10,widen,1127.252373,1127.252553,0.000181,0,0,0,0,0
2,10,expert,1127.252555,1127.469669,0.217115,263331840,0,0,15,0
2,10,compute,1127.200125,1127.591007,0.390881,0,0,0,0,0
2,11,trunk,1127.591008,1127.594106,0.003098,0,-130,0,0,0
2,11,widen,1127.618619,1127.618801,0.000183,0,0,0,0,0
2,11,expert,1127.618802,1127.840038,0.221235,263331840,0,0,15,0
2,11,compute,1127.594108,1127.954168,0.360060,0,0,0,0,0
2,12,trunk,1127.954170,1127.957588,0.003418,0,-129,0,0,0
2,12,widen,1128.043539,1128.043724,0.000184,0,0,0,0,0
2,12,expert,1128.043725,1128.263796,0.220071,263331840,0,0,15,0
2,12,compute,1127.957589,1128.377331,0.419742,0,0,0,0,0
2,13,trunk,1128.377332,1128.381252,0.003920,0,-128,0,0,0
2,13,widen,1128.435635,1128.435825,0.000190,0,0,0,0,0
2,13,expert,1128.435826,1128.678044,0.242218,280887296,0,0,16,0
2,13,compute,1128.381254,1128.802318,0.421064,0,0,0,0,0
2,14,trunk,1128.802319,1128.805361,0.003042,0,-127,0,0,0
2,14,widen,1128.866587,1128.866785,0.000198,0,0,0,0,0
2,14,expert,1128.866786,1129.087544,0.220758,263331840,0,0,15,0
2,14,compute,1128.805362,1129.202459,0.397097,0,0,0,0,0
2,15,trunk,1129.202460,1129.205974,0.003514,0,-126,0,0,0
2,15,widen,1129.238836,1129.239054,0.000218,0,0,0,0,0
2,15,expert,1129.239055,1129.481657,0.242603,280887296,0,0,16,0
2,15,compute,1129.206098,1129.594339,0.388241,0,0,0,0,0
2,16,trunk,1129.594340,1129.598194,0.003854,0,-125,0,0,0
2,16,widen,1129.641580,1129.641764,0.000184,0,0,0,0,0
2,16,expert,1129.641765,1129.866087,0.224323,263331840,0,0,15,0
2,16,compute,1129.598196,1129.982628,0.384432,0,0,0,0,0
2,17,trunk,1129.982629,1129.986208,0.003579,0,-124,0,0,0
2,17,widen,1130.029418,1130.029611,0.000193,0,0,0,0,0
2,17,expert,1130.029612,1130.265790,0.236178,280887296,0,0,16,0
2,17,compute,1129.986210,1130.371413,0.385203,0,0,0,0,0
2,18,trunk,1130.371414,1130.375069,0.003655,0,-123,0,0,0
2,18,widen,1130.420699,1130.420884,0.000185,0,0,0,0,0
2,18,expert,1130.420885,1130.657965,0.237080,280887296,0,0,16,0
2,18,compute,1130.375071,1130.775526,0.400455,0,0,0,0,0
2,19,trunk,1130.775527,1130.779545,0.004018,0,-122,0,0,0
2,19,widen,1130.807564,1130.807759,0.000195,0,0,0,0,0
2,19,expert,1130.807760,1131.047037,0.239278,280887296,0,0,16,0
2,19,compute,1130.779547,1131.182369,0.402821,0,0,0,0,0
2,20,trunk,1131.182371,1131.185916,0.003545,0,-121,0,0,0
2,20,widen,1131.241766,1131.241954,0.000188,0,0,0,0,0
2,20,expert,1131.241955,1131.471649,0.229694,280887296,0,0,16,0
2,20,compute,1131.185918,1131.605545,0.419627,0,0,0,0,0
2,21,trunk,1131.605547,1131.609213,0.003667,0,-120,0,0,0
2,21,widen,1131.670582,1131.670773,0.000191,0,0,0,0,0
2,21,expert,1131.670774,1132.433401,0.762627,280887296,0,0,16,0
2,21,compute,1131.609235,1132.554385,0.945150,0,0,0,0,0
2,22,trunk,1132.554386,1132.558536,0.004149,645562368,-120,1,0,0
2,22,widen,1132.614476,1132.614670,0.000194,0,0,0,0,0
2,22,expert,1132.614671,1133.209166,0.594496,280887296,0,0,16,0
2,22,compute,1132.558568,1133.326189,0.767621,0,0,0,0,0
2,23,trunk,1133.326191,1133.329830,0.003639,431890432,-121,1,0,0
2,23,widen,1133.367319,1133.367520,0.000201,0,0,0,0,0
2,23,expert,1133.367521,1134.092025,0.724504,263331840,0,0,15,0
2,23,compute,1133.329883,1134.202162,0.872279,0,0,0,0,0
2,24,trunk,1134.202164,1134.205905,0.003741,645562368,-122,1,0,0
2,24,widen,1134.262395,1134.262561,0.000166,0,0,0,0,0
2,24,expert,1134.262562,1135.056246,0.793685,228220928,0,0,13,0
2,24,compute,1134.205927,1135.198183,0.992256,0,0,0,0,0
2,25,trunk,1135.198184,1135.201944,0.003760,645562368,-123,1,0,0
2,25,widen,1135.261754,1135.261947,0.000194,0,0,0,0,0
2,25,expert,1135.261948,1136.017987,0.756039,263331840,0,0,15,0
2,25,compute,1135.201967,1136.144129,0.942162,0,0,0,0,0
2,26,trunk,1136.144131,1136.147841,0.003710,645562368,-124,1,0,0
2,26,widen,1136.202591,1136.202810,0.000219,0,0,0,0,0
2,26,expert,1136.202810,1136.772535,0.569724,263331840,0,0,15,0
2,26,compute,1136.147864,1136.895394,0.747530,0,0,0,0,0
2,27,trunk,1136.895396,1136.898870,0.003474,431890432,-125,1,0,0
2,27,widen,1136.940873,1136.941093,0.000219,0,0,0,0,0
2,27,expert,1136.941093,1137.681486,0.740392,280887296,0,0,16,0
2,27,compute,1136.898892,1137.798188,0.899296,0,0,0,0,0
2,28,trunk,1137.798190,1137.802175,0.003985,645562368,-126,1,0,0
2,28,widen,1137.867164,1137.867353,0.000189,0,0,0,0,0
2,28,expert,1137.867354,1138.566804,0.699450,263331840,0,0,15,0
2,28,compute,1137.802197,1138.691010,0.888813,0,0,0,0,0
2,29,trunk,1138.691012,1138.694729,0.003718,645562368,-127,1,0,0
2,29,widen,1138.753731,1138.753929,0.000198,0,0,0,0,0
2,29,expert,1138.753930,1139.537696,0.783766,280887296,0,0,16,0
2,29,compute,1138.694755,1139.654227,0.959471,0,0,0,0,0
2,30,trunk,1139.654228,1139.657776,0.003547,645562368,-128,1,0,0
2,30,widen,1139.722432,1139.722625,0.000193,0,0,0,0,0
2,30,expert,1139.722626,1140.298697,0.576071,280887296,0,0,16,0
2,30,compute,1139.657798,1140.410424,0.752626,0,0,0,0,0
2,31,trunk,1140.410426,1140.414118,0.003692,431890432,-129,1,0,0
2,31,widen,1140.451274,1140.451481,0.000207,0,0,0,0,0
2,31,expert,1140.451482,1141.229369,0.777887,280887296,0,0,16,0
2,31,compute,1140.414145,1141.349293,0.935149,0,0,0,0,0
2,32,trunk,1141.349295,1141.353317,0.004022,645562368,-130,1,0,0
2,32,widen,1141.417388,1141.417572,0.000183,0,0,0,0,0
2,32,expert,1141.417573,1142.148891,0.731319,245776384,0,0,14,0
2,32,compute,1141.353362,1142.271867,0.918505,0,0,0,0,0
2,33,trunk,1142.271869,1142.275478,0.003610,645562368,-131,1,0,0
2,33,widen,1142.339601,1142.339795,0.000194,0,0,0,0,0
2,33,expert,1142.339796,1143.128329,0.788533,263331840,0,0,15,0
2,33,compute,1142.275506,1143.225901,0.950394,0,0,0,0,0
2,34,trunk,1143.225902,1143.229682,0.003780,645562368,-132,1,0,0
2,34,widen,1143.291844,1143.292101,0.000256,0,0,0,0,0
2,34,expert,1143.292101,1143.885888,0.593786,280887296,0,0,16,0
2,34,compute,1143.229703,1144.006322,0.776619,0,0,0,0,0
2,35,trunk,1144.006324,1144.010283,0.003959,431890432,-133,1,0,0
2,35,widen,1144.052582,1144.052793,0.000211,0,0,0,0,0
2,35,expert,1144.052794,1144.858274,0.805481,280887296,0,0,16,0
2,35,compute,1144.010315,1144.985751,0.975436,0,0,0,0,0
2,36,trunk,1144.985756,1144.989423,0.003667,645562368,-134,1,0,0
2,36,widen,1145.057460,1145.057641,0.000181,0,0,0,0,0
2,36,expert,1145.057642,1145.810227,0.752585,245776384,0,0,14,0
2,36,compute,1144.989462,1145.931151,0.941689,0,0,0,0,0
2,37,trunk,1145.931153,1145.935061,0.003908,645562368,-135,1,0,0
2,37,widen,1145.997772,1145.998114,0.000342,0,0,0,0,0
2,37,expert,1145.998115,1146.785317,0.787202,280887296,0,0,16,0
2,37,compute,1145.935101,1146.887029,0.951928,0,0,0,0,0
2,38,trunk,1146.887031,1146.890647,0.003615,645562368,-136,1,0,0
2,38,widen,1146.957112,1146.957337,0.000225,0,0,0,0,0
2,38,expert,1146.957337,1147.515559,0.558222,280887296,0,0,16,0
2,38,compute,1146.890670,1147.606168,0.715497,0,0,0,0,0
2,39,trunk,1147.606169,1147.609711,0.003542,431890432,-137,1,0,0
2,39,widen,1147.648275,1147.648474,0.000199,0,0,0,0,0
2,39,expert,1147.648475,1148.419093,0.770617,280887296,0,0,16,0
2,39,compute,1147.609737,1148.538216,0.928479,0,0,0,0,0
2,40,trunk,1148.538218,1148.541751,0.003533,645562368,-138,1,0,0
2,40,widen,1148.602186,1148.602458,0.000272,0,0,0,0,0
2,40,expert,1148.602459,1149.377575,0.775116,280887296,0,0,16,0
2,40,compute,1148.541790,1149.498591,0.956801,0,0,0,0,0
2,41,trunk,1149.498593,1149.502124,0.003531,645562368,-139,1,0,0
2,41,widen,1149.565803,1149.566012,0.000209,0,0,0,0,0
2,41,expert,1149.566013,1150.314330,0.748317,280887296,0,0,16,0
2,41,compute,1149.502146,1150.439086,0.936940,0,0,0,0,0
2,42,trunk,1150.439088,1150.442516,0.003428,645562368,-140,1,0,0
2,42,widen,1150.508131,1150.508373,0.000242,0,0,0,0,0
2,42,expert,1150.508374,1151.082907,0.574533,280887296,0,0,16,0
2,42,compute,1150.442538,1151.226163,0.783625,0,0,0,0,0
2,43,trunk,1151.226165,1151.229256,0.003091,431890432,-141,1,0,0
2,43,widen,1151.273285,1151.273488,0.000203,0,0,0,0,0
2,43,expert,1151.273489,1152.085894,0.812405,280887296,0,0,16,0
2,43,compute,1151.229318,1152.191980,0.962662,0,0,0,0,0
2,44,trunk,1152.191982,1152.195839,0.003857,645562368,-142,1,0,0
2,44,widen,1152.262402,1152.262629,0.000227,0,0,0,0,0
2,44,expert,1152.262630,1153.043324,0.780694,280887296,0,0,16,0
2,44,compute,1152.195880,1153.168577,0.972696,0,0,0,0,0
2,45,trunk,1153.168579,1153.172526,0.003947,645562368,-143,1,0,0
2,45,widen,1153.241078,1153.241312,0.000234,0,0,0,0,0
2,45,expert,1153.241313,1154.053794,0.812481,280887296,0,0,16,0
2,45,compute,1153.172546,1154.174176,1.001630,0,0,0,0,0
2,46,trunk,1154.174177,1154.177639,0.003462,645562368,-144,1,0,0
2,46,widen,1154.236665,1154.236859,0.000194,0,0,0,0,0
2,46,expert,1154.236860,1154.832510,0.595651,263331840,0,0,15,0
2,46,compute,1154.177667,1154.946379,0.768712,0,0,0,0,0
2,47,trunk,1154.946381,1154.949970,0.003589,431890432,-145,1,0,0
2,47,widen,1154.982086,1154.982301,0.000215,0,0,0,0,0
2,47,expert,1154.982302,1155.712740,0.730437,263331840,0,0,15,0
2,47,compute,1154.949992,1155.834209,0.884217,0,0,0,0,0
2,48,trunk,1155.834210,1155.837911,0.003701,645562368,-146,1,0,0
2,48,widen,1155.903413,1155.903618,0.000205,0,0,0,0,0
2,48,expert,1155.903619,1156.660490,0.756871,263331840,0,0,15,0
2,48,compute,1155.837968,1156.748735,0.910768,0,0,0,0,0
2,49,trunk,1156.748737,1156.752429,0.003692,645562368,-147,1,0,0
2,49,widen,1156.810699,1156.811028,0.000329,0,0,0,0,0
2,49,expert,1156.811028,1157.615357,0.804328,263331840,0,0,15,0
2,49,compute,1156.752454,1157.734221,0.981766,0,0,0,0,0
2,50,trunk,1157.734222,1157.737712,0.003490,645562368,-148,1,0,0
2,50,widen,1157.793064,1157.793325,0.000261,0,0,0,0,0
2,50,expert,1157.793326,1158.386773,0.593446,280887296,0,0,16,0
2,50,compute,1157.737732,1158.498230,0.760498,0,0,0,0,0
2,51,trunk,1158.498232,1158.501814,0.003582,431890432,-149,1,0,0
2,51,widen,1158.537062,1158.537278,0.000216,0,0,0,0,0
2,51,expert,1158.537279,1159.309625,0.772347,280887296,0,0,16,0
2,51,compute,1158.501836,1159.412512,0.910676,0,0,0,0,0
2,52,trunk,1159.412537,1159.416234,0.003696,645562368,-150,1,0,0
2,52,widen,1159.472601,1159.472810,0.000209,0,0,0,0,0
2,52,expert,1159.472811,1160.228301,0.755490,280887296,0,0,16,0
2,52,compute,1159.416270,1160.334796,0.918527,0,0,0,0,0
2,53,trunk,1160.334798,1160.338208,0.003409,645562368,-151,1,0,0
2,53,widen,1160.400975,1160.401179,0.000205,0,0,0,0,0
2,53,expert,1160.401180,1161.151942,0.750762,263331840,0,0,15,0
2,53,compute,1160.338232,1161.246605,0.908374,0,0,0,0,0
2,54,trunk,1161.246607,1161.250547,0.003940,645562368,-152,1,0,0
2,54,widen,1161.307801,1161.308122,0.000321,0,0,0,0,0
2,54,expert,1161.308123,1161.886773,0.578651,280887296,0,0,16,0
2,54,compute,1161.250570,1161.999006,0.748436,0,0,0,0,0
2,55,trunk,1161.999008,1162.002382,0.003374,431890432,-153,1,0,0
2,55,widen,1162.038597,1162.038913,0.000316,0,0,0,0,0
2,55,expert,1162.038914,1162.820130,0.781216,280887296,0,0,16,0
2,55,compute,1162.002453,1162.942280,0.939827,0,0,0,0,0
2,56,trunk,1162.942282,1162.945897,0.003615,645562368,-154,1,0,0
2,56,widen,1163.001289,1163.001496,0.000207,0,0,0,0,0
2,56,expert,1163.001497,1163.781986,0.780490,280887296,0,0,16,0
2,56,compute,1162.945918,1163.886085,0.940167,0,0,0,0,0
2,57,trunk,1163.886087,1163.889945,0.003858,645562368,-155,1,0,0
2,57,widen,1163.951614,1163.951822,0.000208,0,0,0,0,0
2,57,expert,1163.951823,1164.732025,0.780202,280887296,0,0,16,0
2,57,compute,1163.889970,1164.820390,0.930420,0,0,0,0,0
2,58,trunk,1164.820392,1164.823765,0.003373,645562368,-156,1,0,0
2,58,widen,1164.877642,1164.877856,0.000214,0,0,0,0,0
2,58,expert,1164.877857,1165.478969,0.601112,280887296,0,0,16,0
2,58,compute,1164.823794,1165.588522,0.764728,0,0,0,0,0
2,59,trunk,1165.588524,1165.592312,0.003788,431890432,-157,1,0,0
2,59,widen,1165.627079,1165.627301,0.000222,0,0,0,0,0
2,59,expert,1165.627302,1166.377365,0.750063,280887296,0,0,16,0
2,59,compute,1165.592330,1166.491210,0.898880,0,0,0,0,0
2,60,trunk,1166.491212,1166.494914,0.003702,645562368,-158,1,0,0
2,60,widen,1166.559659,1166.559868,0.000209,0,0,0,0,0
2,60,expert,1166.559869,1167.348490,0.788620,280887296,0,0,16,0
2,60,compute,1166.494963,1167.462393,0.967430,0,0,0,0,0
2,61,trunk,1167.462394,1167.466197,0.003802,645562368,-159,1,0,0
2,61,widen,1167.537717,1167.537964,0.000247,0,0,0,0,0
2,61,expert,1167.537965,1168.296104,0.758139,280887296,0,0,16,0
2,61,compute,1167.466225,1168.386940,0.920715,0,0,0,0,0
2,62,trunk,1168.386942,1168.390434,0.003492,645562368,-160,1,0,0
2,62,widen,1168.446057,1168.446283,0.000226,0,0,0,0,0
2,62,expert,1168.446284,1169.019177,0.572893,280887296,0,0,16,0
2,62,compute,1168.390455,1169.135039,0.744584,0,0,0,0,0
2,63,trunk,1169.135040,1169.138571,0.003531,431890432,-161,1,0,0
2,63,widen,1169.176594,1169.176802,0.000209,0,0,0,0,0
2,63,expert,1169.176803,1169.959993,0.783190,280887296,0,0,16,0
2,63,compute,1169.138631,1170.082209,0.943578,0,0,0,0,0
2,64,trunk,1170.082210,1170.085699,0.003489,645562368,-162,1,0,0
2,64,widen,1170.144133,1170.144372,0.000239,0,0,0,0,0
2,64,expert,1170.144373,1170.937709,0.793336,280887296,0,0,16,0
2,64,compute,1170.085721,1171.062577,0.976856,0,0,0,0,0
2,65,trunk,1171.062578,1171.066285,0.003707,645562368,-163,1,0,0
2,65,widen,1171.125272,1171.125667,0.000395,0,0,0,0,0
2,65,expert,1171.125668,1171.899469,0.773802,280887296,0,0,16,0
2,65,compute,1171.066309,1172.018224,0.951915,0,0,0,0,0
2,66,trunk,1172.018225,1172.022097,0.003872,645562368,-164,1,0,0
2,66,widen,1172.077883,1172.078095,0.000212,0,0,0,0,0
2,66,expert,1172.078096,1172.676232,0.598137,280887296,0,0,16,0
2,66,compute,1172.022136,1172.803880,0.781744,0,0,0,0,0
2,67,trunk,1172.803882,1172.807368,0.003486,431890432,-165,1,0,0
2,67,widen,1172.839210,1172.839413,0.000202,0,0,0,0,0
2,67,expert,1172.839414,1173.640378,0.800965,280887296,0,0,16,0
2,67,compute,1172.807390,1173.758216,0.950826,0,0,0,0,0
2,68,trunk,1173.758218,1173.762417,0.004199,645562368,-166,1,0,0
2,68,widen,1173.821716,1173.821928,0.000212,0,0,0,0,0
2,68,expert,1173.821929,1174.579597,0.757669,280887296,0,0,16,0
2,68,compute,1173.762443,1174.678187,0.915744,0,0,0,0,0
2,69,trunk,1174.678189,1174.681926,0.003737,645562368,-167,1,0,0
2,69,widen,1174.739920,1174.740166,0.000246,0,0,0,0,0
2,69,expert,1174.740167,1175.545009,0.804843,280887296,0,0,16,0
2,69,compute,1174.681948,1175.662247,0.980299,0,0,0,0,0
2,70,trunk,1175.662248,1175.665946,0.003698,645562368,-168,1,0,0
2,70,widen,1175.726046,1175.726272,0.000225,0,0,0,0,0
2,70,expert,1175.726272,1176.308664,0.582392,280887296,0,0,16,0
2,70,compute,1175.666003,1176.414229,0.748226,0,0,0,0,0
2,71,trunk,1176.414230,1176.418129,0.003898,431890432,-169,1,0,0
2,71,widen,1176.452265,1176.452484,0.000219,0,0,0,0,0
2,71,expert,1176.452485,1177.222974,0.770489,280887296,0,0,16,0
2,71,compute,1176.418194,1177.342174,0.923981,0,0,0,0,0
2,72,trunk,1177.342176,1177.345642,0.003466,645562368,-170,1,0,0
2,72,widen,1177.404313,1177.404536,0.000223,0,0,0,0,0
2,72,expert,1177.404537,1178.190133,0.785596,280887296,0,0,16,0
2,72,compute,1177.345699,1178.302209,0.956510,0,0,0,0,0
2,73,trunk,1178.302211,1178.305617,0.003406,645562368,-171,1,0,0
2,73,widen,1178.360828,1178.361053,0.000225,0,0,0,0,0
2,73,expert,1178.361054,1179.149058,0.788005,280887296,0,0,16,0
2,73,compute,1178.305638,1179.263031,0.957393,0,0,0,0,0
2,74,trunk,1179.263032,1179.266962,0.003930,645562368,-172,1,0,0
2,74,widen,1179.322534,1179.322769,0.000235,0,0,0,0,0
2,74,expert,1179.322770,1179.909003,0.586234,280887296,0,0,16,0
2,74,compute,1179.266986,1180.005826,0.738840,0,0,0,0,0
2,75,trunk,1180.005828,1180.009726,0.003897,431890432,-173,1,0,0
2,75,widen,1180.048338,1180.048598,0.000261,0,0,0,0,0
2,75,expert,1180.048599,1180.813866,0.765267,280887296,0,0,16,0
2,75,compute,1180.009746,1180.932211,0.922465,0,0,0,0,0
2,76,trunk,1180.932213,1180.936267,0.004053,645562368,-174,1,0,0
2,76,widen,1180.995825,1180.996085,0.000260,0,0,0,0,0
2,76,expert,1180.996086,1181.736210,0.740123,280887296,0,0,16,0
2,76,compute,1180.936287,1181.830289,0.894002,0,0,0,0,0
2,77,trunk,1181.830291,1181.834201,0.003910,645562368,-175,1,0,0
2,77,widen,1181.887748,1181.887976,0.000228,0,0,0,0,0
2,77,expert,1181.887977,1182.658167,0.770191,280887296,0,0,16,0
2,77,compute,1181.834244,1182.752901,0.918657,0,0,0,0,0
2,78,trunk,1182.752903,1182.756318,0.003415,645562368,-176,1,0,0
2,78,widen,1182.810459,1182.810727,0.000268,0,0,0,0,0
2,78,expert,1182.810728,1183.398161,0.587434,280887296,0,0,16,0
2,78,compute,1182.756338,1183.518660,0.762322,0,0,0,0,0
2,79,trunk,1183.518662,1183.522344,0.003682,431890432,-177,1,0,0
2,79,widen,1183.562182,1183.562432,0.000250,0,0,0,0,0
2,79,expert,1183.562433,1184.332202,0.769768,280887296,0,0,16,0
2,79,compute,1183.522367,1184.425419,0.903052,0,0,0,0,0
2,80,trunk,1184.425421,1184.428900,0.003479,645562368,-178,1,0,0
2,80,widen,1184.492986,1184.493224,0.000238,0,0,0,0,0
2,80,expert,1184.493226,1185.243626,0.750401,280887296,0,0,16,0
2,80,compute,1184.428920,1185.370223,0.941303,0,0,0,0,0
2,81,trunk,1185.370225,1185.373607,0.003382,645562368,-179,1,0,0
2,81,widen,1185.433177,1185.433381,0.000204,0,0,0,0,0
2,81,expert,1185.433382,1186.208514,0.775132,263331840,0,0,15,0
2,81,compute,1185.373628,1186.322205,0.948577,0,0,0,0,0
2,82,trunk,1186.322207,1186.325835,0.003628,645562368,-180,1,0,0
2,82,widen,1186.381192,1186.381410,0.000218,0,0,0,0,0
2,82,expert,1186.381411,1186.959774,0.578363,280887296,0,0,16,0
2,82,compute,1186.325858,1187.086204,0.760346,0,0,0,0,0
2,83,trunk,1187.086206,1187.089677,0.003472,431890432,-181,1,0,0
2,83,widen,1187.126309,1187.126508,0.000199,0,0,0,0,0
2,83,expert,1187.126509,1187.860939,0.734430,228220928,0,0,13,0
2,83,compute,1187.089733,1187.978234,0.888502,0,0,0,0,0
2,84,trunk,1187.978236,1187.981743,0.003508,645562368,-182,1,0,0
2,84,widen,1188.042496,1188.042743,0.000247,0,0,0,0,0
2,84,expert,1188.042744,1188.775934,0.733190,228220928,0,0,13,0
2,84,compute,1187.981770,1188.867446,0.885676,0,0,0,0,0
2,85,trunk,1188.867448,1188.870857,0.003410,645562368,-183,1,0,0
2,85,widen,1188.930162,1188.930405,0.000243,0,0,0,0,0
2,85,expert,1188.930406,1189.669757,0.739350,245776384,0,0,14,0
2,85,compute,1188.870879,1189.802532,0.931653,0,0,0,0,0
2,86,trunk,1189.802534,1189.806090,0.003556,645562368,-184,1,0,0
2,86,widen,1189.870135,1189.870381,0.000246,0,0,0,0,0
2,86,expert,1189.870381,1190.423124,0.552743,280887296,0,0,16,0
2,86,compute,1189.806113,1190.517611,0.711498,0,0,0,0,0
2,87,trunk,1190.517612,1190.522275,0.004663,431890432,-185,1,0,0
2,87,widen,1190.568684,1190.568897,0.000213,0,0,0,0,0
2,87,expert,1190.568898,1191.260332,0.691434,228220928,0,0,13,0
2,87,compute,1190.522298,1191.370169,0.847871,0,0,0,0,0
2,88,trunk,1191.370171,1191.373749,0.003578,645562368,-186,1,0,0
2,88,widen,1191.435447,1191.435664,0.000217,0,0,0,0,0
2,88,expert,1191.435694,1192.187817,0.752123,263331840,0,0,15,0
2,88,compute,1191.373814,1192.298172,0.924358,0,0,0,0,0
2,89,trunk,1192.298174,1192.302178,0.004004,645562368,-187,1,0,0
2,89,widen,1192.358140,1192.358351,0.000211,0,0,0,0,0
2,89,expert,1192.358352,1193.116225,0.757873,228220928,0,0,13,0
2,89,compute,1192.302239,1193.211790,0.909551,0,0,0,0,0
2,90,trunk,1193.211792,1193.215627,0.003835,645562368,-188,1,0,0
2,90,widen,1193.273275,1193.273479,0.000204,0,0,0,0,0
2,90,expert,1193.273480,1193.787444,0.513964,210665472,0,0,12,0
2,90,compute,1193.215651,1193.894207,0.678557,0,0,0,0,0
2,91,trunk,1193.894209,1193.897751,0.003542,431890432,-189,1,0,0
2,91,widen,1193.935976,1193.936318,0.000342,0,0,0,0,0
2,91,expert,1193.936319,1194.467347,0.531028,228220928,0,0,13,0
2,91,compute,1193.897814,1194.587107,0.689293,0,0,0,0,0
2,92,trunk,1194.587109,1194.590719,0.003611,431890432,-190,1,0,0
2,92,widen,1194.621573,1194.621793,0.000220,0,0,0,0,0
2,92,expert,1194.621793,1194.809384,0.187591,228220928,0,0,13,0
2,92,compute,1194.590721,1194.926233,0.335512,0,0,0,0,0
3,0,trunk,1195.027928,1195.027964,0.000036,0,-190,0,0,0
3,0,compute,1195.027965,1195.138373,0.110408,0,0,0,0,0
3,1,trunk,1195.138374,1195.141976,0.003602,0,-189,0,0,0
3,1,widen,1195.191103,1195.191306,0.000203,0,0,0,0,0
3,1,expert,1195.191307,1195.413243,0.221936,263331840,0,0,15,0
3,1,compute,1195.141979,1195.542174,0.400196,0,0,0,0,0
3,2,trunk,1195.542176,1195.546261,0.004085,0,-188,0,0,0
3,2,widen,1195.612946,1195.613119,0.000173,0,0,0,0,0
3,2,expert,1195.613120,1195.823640,0.210520,245776384,0,0,14,0
3,2,compute,1195.546263,1195.951103,0.404840,0,0,0,0,0
3,3,trunk,1195.951105,1195.954622,0.003517,0,-187,0,0,0
3,3,widen,1195.988000,1195.988192,0.000192,0,0,0,0,0
3,3,expert,1195.988193,1196.173763,0.185570,210665472,0,0,12,0
3,3,compute,1195.954624,1196.286813,0.332188,0,0,0,0,0
3,4,trunk,1196.286814,1196.290204,0.003390,0,-186,0,0,0
3,4,widen,1196.338256,1196.338415,0.000158,0,0,0,0,0
3,4,expert,1196.338416,1196.530748,0.192332,228220928,0,0,13,0
3,4,compute,1196.290206,1196.642167,0.351961,0,0,0,0,0
3,5,trunk,1196.642168,1196.645762,0.003594,0,-185,0,0,0
3,5,widen,1196.687870,1196.688097,0.000227,0,0,0,0,0
3,5,expert,1196.688098,1196.916099,0.228001,263331840,0,0,15,0
3,5,compute,1196.645764,1197.011146,0.365381,0,0,0,0,0
3,6,trunk,1197.011147,1197.014725,0.003578,0,-184,0,0,0
3,6,widen,1197.060168,1197.060365,0.000196,0,0,0,0,0
3,6,expert,1197.060365,1197.292550,0.232185,280887296,0,0,16,0
3,6,compute,1197.014727,1197.386228,0.371501,0,0,0,0,0
3,7,trunk,1197.386229,1197.389947,0.003718,0,-183,0,0,0
3,7,widen,1197.415884,1197.416090,0.000206,0,0,0,0,0
3,7,expert,1197.416091,1197.634361,0.218271,263331840,0,0,15,0
3,7,compute,1197.389949,1197.750201,0.360252,0,0,0,0,0
3,8,trunk,1197.750202,1197.753941,0.003739,0,-182,0,0,0
3,8,widen,1197.794254,1197.794443,0.000189,0,0,0,0,0
3,8,expert,1197.794444,1198.025745,0.231301,280887296,0,0,16,0
3,8,compute,1197.753945,1198.142328,0.388383,0,0,0,0,0
3,9,trunk,1198.142330,1198.145872,0.003543,0,-181,0,0,0
3,9,widen,1198.187397,1198.187553,0.000157,0,0,0,0,0
3,9,expert,1198.187554,1198.358039,0.170486,210665472,0,0,12,0
3,9,compute,1198.145875,1198.467037,0.321163,0,0,0,0,0
3,10,trunk,1198.467038,1198.470340,0.003302,0,-180,0,0,0
3,10,widen,1198.517424,1198.517555,0.000131,0,0,0,0,0
3,10,expert,1198.517555,1198.661124,0.143569,175554560,0,0,10,0
3,10,compute,1198.470342,1198.782333,0.311991,0,0,0,0,0
3,11,trunk,1198.782334,1198.785911,0.003577,0,-179,0,0,0
3,11,widen,1198.808683,1198.808839,0.000156,0,0,0,0,0
3,11,expert,1198.808840,1198.993124,0.184284,228220928,0,0,13,0
3,11,compute,1198.785913,1199.122369,0.336457,0,0,0,0,0
3,12,trunk,1199.122371,1199.125877,0.003506,0,-178,0,0,0
3,12,widen,1199.172963,1199.173177,0.000214,0,0,0,0,0
3,12,expert,1199.173177,1199.377784,0.204607,245776384,0,0,14,0
3,12,compute,1199.125879,1199.514252,0.388373,0,0,0,0,0
3,13,trunk,1199.514254,1199.517649,0.003395,0,-177,0,0,0
3,13,widen,1199.565896,1199.566063,0.000167,0,0,0,0,0
3,13,expert,1199.566064,1199.757107,0.191044,228220928,0,0,13,0
3,13,compute,1199.517651,1199.870932,0.353281,0,0,0,0,0
3,14,trunk,1199.870934,1199.874962,0.004028,0,-176,0,0,0
3,14,widen,1199.920425,1199.920597,0.000172,0,0,0,0,0
3,14,expert,1199.920598,1200.108396,0.187798,228220928,0,0,13,0
3,14,compute,1199.875101,1200.203161,0.328060,0,0,0,0,0
3,15,trunk,1200.203163,1200.207104,0.003941,0,-175,0,0,0
3,15,widen,1200.235323,1200.235491,0.000168,0,0,0,0,0
3,15,expert,1200.235492,1200.440357,0.204865,245776384,0,0,14,0
3,15,compute,1200.207105,1200.574191,0.367086,0,0,0,0,0
3,16,trunk,1200.574192,1200.577684,0.003492,0,-174,0,0,0
3,16,widen,1200.633892,1200.634053,0.000161,0,0,0,0,0
3,16,expert,1200.634054,1200.811618,0.177564,210665472,0,0,12,0
3,16,compute,1200.577686,1200.909747,0.332061,0,0,0,0,0
3,17,trunk,1200.909748,1200.913159,0.003410,0,-173,0,0,0
3,17,widen,1200.961741,1200.961915,0.000174,0,0,0,0,0
3,17,expert,1200.961916,1201.171683,0.209767,245776384,0,0,14,0
3,17,compute,1200.913161,1201.281136,0.367975,0,0,0,0,0
3,18,trunk,1201.281138,1201.284574,0.003436,0,-172,0,0,0
3,18,widen,1201.329105,1201.329283,0.000178,0,0,0,0,0
3,18,expert,1201.329284,1201.526060,0.196776,228220928,0,0,13,0
3,18,compute,1201.284576,1201.617015,0.332439,0,0,0,0,0
3,19,trunk,1201.617016,1201.620606,0.003590,0,-171,0,0,0
3,19,widen,1201.652511,1201.652679,0.000168,0,0,0,0,0
3,19,expert,1201.652680,1201.847149,0.194469,228220928,0,0,13,0
3,19,compute,1201.620608,1201.963280,0.342672,0,0,0,0,0
3,20,trunk,1201.963281,1201.966762,0.003481,0,-170,0,0,0
3,20,widen,1202.013258,1202.013416,0.000159,0,0,0,0,0
3,20,expert,1202.013417,1202.184786,0.171369,210665472,0,0,12,0
3,20,compute,1201.966764,1202.281219,0.314455,0,0,0,0,0
3,21,trunk,1202.281220,1202.284676,0.003456,0,-169,0,0,0
3,21,widen,1202.345795,1202.345971,0.000175,0,0,0,0,0
3,21,expert,1202.345971,1203.071520,0.725549,263331840,0,0,15,0
3,21,compute,1202.284696,1203.190210,0.905514,0,0,0,0,0
3,22,trunk,1203.190212,1203.193835,0.003624,645562368,-169,1,0,0
3,22,widen,1203.244638,1203.244864,0.000226,0,0,0,0,0
3,22,expert,1203.244865,1203.831918,0.587053,263331840,0,0,15,0
3,22,compute,1203.193881,1203.954229,0.760348,0,0,0,0,0
3,23,trunk,1203.954231,1203.957918,0.003687,431890432,-170,1,0,0
3,23,widen,1203.993539,1203.993700,0.000161,0,0,0,0,0
3,23,expert,1203.993701,1204.674904,0.681203,210665472,0,0,12,0
3,23,compute,1203.957946,1204.794221,0.836275,0,0,0,0,0
3,24,trunk,1204.794223,1204.797690,0.003468,645562368,-171,1,0,0
3,24,widen,1204.857194,1204.857353,0.000159,0,0,0,0,0
3,24,expert,1204.857354,1205.639788,0.782435,228220928,0,0,13,0
3,24,compute,1204.797713,1205.737505,0.939792,0,0,0,0,0
3,25,trunk,1205.737506,1205.741534,0.004028,645562368,-172,1,0,0
3,25,widen,1205.804178,1205.804370,0.000192,0,0,0,0,0
3,25,expert,1205.804371,1206.521551,0.717181,280887296,0,0,16,0
3,25,compute,1205.741557,1206.639007,0.897451,0,0,0,0,0
3,26,trunk,1206.639010,1206.642785,0.003775,645562368,-173,1,0,0
3,26,widen,1206.703086,1206.703265,0.000179,0,0,0,0,0
3,26,expert,1206.703266,1207.235536,0.532270,245776384,0,0,14,0
3,26,compute,1206.646977,1207.354309,0.707332,0,0,0,0,0
3,27,trunk,1207.354310,1207.357862,0.003552,431890432,-174,1,0,0
3,27,widen,1207.396410,1207.396630,0.000220,0,0,0,0,0
3,27,expert,1207.396632,1208.131408,0.734777,280887296,0,0,16,0
3,27,compute,1207.363521,1208.242180,0.878659,0,0,0,0,0
3,28,trunk,1208.242181,1208.245923,0.003742,645562368,-175,1,0,0
3,28,widen,1208.301766,1208.301946,0.000181,0,0,0,0,0
3,28,expert,1208.301947,1209.000895,0.698948,263331840,0,0,15,0
3,28,compute,1208.251492,1209.138517,0.887025,0,0,0,0,0
3,29,trunk,1209.138519,1209.142159,0.003640,645562368,-176,1,0,0
3,29,widen,1209.203149,1209.203315,0.000166,0,0,0,0,0
3,29,expert,1209.203316,1209.955024,0.751708,245776384,0,0,14,0
3,29,compute,1209.142315,1210.053498,0.911183,0,0,0,0,0
3,30,trunk,1210.053500,1210.057187,0.003688,645562368,-177,1,0,0
3,30,widen,1210.111154,1210.111337,0.000183,0,0,0,0,0
3,30,expert,1210.111338,1210.695869,0.584532,263331840,0,0,15,0
3,30,compute,1210.057208,1210.801536,0.744328,0,0,0,0,0
3,31,trunk,1210.801538,1210.805000,0.003462,431890432,-178,1,0,0
3,31,widen,1210.846696,1210.846881,0.000184,0,0,0,0,0
3,31,expert,1210.846882,1211.619275,0.772393,263331840,0,0,15,0
3,31,compute,1210.805021,1211.731993,0.926972,0,0,0,0,0
3,32,trunk,1211.731995,1211.735813,0.003818,645562368,-179,1,0,0
3,32,widen,1211.790021,1211.790173,0.000152,0,0,0,0,0
3,32,expert,1211.790201,1212.410873,0.620672,210665472,0,0,12,0
3,32,compute,1211.735835,1212.526204,0.790369,0,0,0,0,0
3,33,trunk,1212.526206,1212.529420,0.003214,645562368,-180,1,0,0
3,33,widen,1212.590006,1212.590201,0.000196,0,0,0,0,0
3,33,expert,1212.590202,1213.367249,0.777047,228220928,0,0,13,0
3,33,compute,1212.529448,1213.486210,0.956762,0,0,0,0,0
3,34,trunk,1213.486212,1213.489629,0.003417,645562368,-181,1,0,0
3,34,widen,1213.539660,1213.539842,0.000182,0,0,0,0,0
3,34,expert,1213.539843,1214.087005,0.547162,263331840,0,0,15,0
3,34,compute,1213.489657,1214.187162,0.697505,0,0,0,0,0
3,35,trunk,1214.187164,1214.190638,0.003474,431890432,-182,1,0,0
3,35,widen,1214.230815,1214.230997,0.000182,0,0,0,0,0
3,35,expert,1214.230998,1215.004809,0.773811,245776384,0,0,14,0
3,35,compute,1214.190682,1215.142187,0.951505,0,0,0,0,0
3,36,trunk,1215.142188,1215.145552,0.003364,645562368,-183,1,0,0
3,36,widen,1215.205026,1215.205207,0.000182,0,0,0,0,0
3,36,expert,1215.205208,1215.950833,0.745625,245776384,0,0,14,0
3,36,compute,1215.145574,1216.059012,0.913438,0,0,0,0,0
3,37,trunk,1216.059013,1216.062282,0.003269,645562368,-184,1,0,0
3,37,widen,1216.115556,1216.115748,0.000192,0,0,0,0,0
3,37,expert,1216.115749,1216.887531,0.771781,263331840,0,0,15,0
3,37,compute,1216.062305,1217.006788,0.944483,0,0,0,0,0
3,38,trunk,1217.006790,1217.010737,0.003947,645562368,-185,1,0,0
3,38,widen,1217.065752,1217.065929,0.000177,0,0,0,0,0
3,38,expert,1217.065930,1217.587346,0.521416,245776384,0,0,14,0
3,38,compute,1217.010775,1217.722220,0.711446,0,0,0,0,0
3,39,trunk,1217.722222,1217.725884,0.003662,431890432,-186,1,0,0
3,39,widen,1217.765421,1217.765593,0.000172,0,0,0,0,0
3,39,expert,1217.765594,1218.508866,0.743272,245776384,0,0,14,0
3,39,compute,1217.725907,1218.646210,0.920303,0,0,0,0,0
3,40,trunk,1218.646212,1218.649954,0.003741,645562368,-187,1,0,0
3,40,widen,1218.706434,1218.706618,0.000184,0,0,0,0,0
3,40,expert,1218.706619,1219.471026,0.764407,263331840,0,0,15,0
3,40,compute,1218.650000,1219.586259,0.936260,0,0,0,0,0
3,41,trunk,1219.586261,1219.590143,0.003882,645562368,-188,1,0,0
3,41,widen,1219.654191,1219.654378,0.000187,0,0,0,0,0
3,41,expert,1219.654379,1220.371264,0.716885,245776384,0,0,14,0
3,41,compute,1219.590169,1220.507041,0.916872,0,0,0,0,0
3,42,trunk,1220.507043,1220.510549,0.003505,645562368,-189,1,0,0
3,42,widen,1220.579392,1220.579574,0.000182,0,0,0,0,0
3,42,expert,1220.579575,1221.119241,0.539665,245776384,0,0,14,0
3,42,compute,1220.510614,1221.238214,0.727600,0,0,0,0,0
3,43,trunk,1221.238219,1221.241751,0.003532,431890432,-190,1,0,0
3,43,widen,1221.279989,1221.280221,0.000233,0,0,0,0,0
3,43,expert,1221.280222,1222.093069,0.812847,280887296,0,0,16,0
3,43,compute,1221.241773,1222.214673,0.972900,0,0,0,0,0
3,44,trunk,1222.214674,1222.218469,0.003794,645562368,-191,1,0,0
3,44,widen,1222.277791,1222.277994,0.000203,0,0,0,0,0
3,44,expert,1222.277995,1223.055257,0.777262,280887296,0,0,16,0
3,44,compute,1222.218508,1223.166169,0.947660,0,0,0,0,0
3,45,trunk,1223.166170,1223.169945,0.003775,645562368,-192,1,0,0
3,45,widen,1223.222029,1223.222211,0.000183,0,0,0,0,0
3,45,expert,1223.222212,1224.022412,0.800200,263331840,0,0,15,0
3,45,compute,1223.170006,1224.138266,0.968260,0,0,0,0,0
3,46,trunk,1224.138268,1224.142049,0.003781,645562368,-193,1,0,0
3,46,widen,1224.200652,1224.200824,0.000172,0,0,0,0,0
3,46,expert,1224.200825,1224.769437,0.568612,245776384,0,0,14,0
3,46,compute,1224.142083,1224.894549,0.752467,0,0,0,0,0
3,47,trunk,1224.894551,1224.898163,0.003612,431890432,-194,1,0,0
3,47,widen,1224.934030,1224.934220,0.000190,0,0,0,0,0
3,47,expert,1224.934221,1225.678899,0.744679,245776384,0,0,14,0
3,47,compute,1224.898188,1225.791750,0.893561,0,0,0,0,0
3,48,trunk,1225.791751,1225.795175,0.003424,645562368,-195,1,0,0
3,48,widen,1225.855197,1225.855447,0.000250,0,0,0,0,0
3,48,expert,1225.855448,1226.600628,0.745180,263331840,0,0,15,0
3,48,compute,1225.795198,1226.702243,0.907045,0,0,0,0,0
3,49,trunk,1226.702245,1226.705784,0.003539,645562368,-196,1,0,0
3,49,widen,1226.768421,1226.768639,0.000218,0,0,0,0,0
3,49,expert,1226.768640,1227.549476,0.780836,263331840,0,0,15,0
3,49,compute,1226.705807,1227.666399,0.960592,0,0,0,0,0
3,50,trunk,1227.666401,1227.670487,0.004086,645562368,-197,1,0,0
3,50,widen,1227.728913,1227.729119,0.000206,0,0,0,0,0
3,50,expert,1227.729120,1228.286715,0.557595,263331840,0,0,15,0
3,50,compute,1227.670515,1228.394225,0.723710,0,0,0,0,0
3,51,trunk,1228.394226,1228.397597,0.003370,431890432,-198,1,0,0
3,51,widen,1228.433775,1228.433988,0.000212,0,0,0,0,0
3,51,expert,1228.433989,1229.166735,0.732747,245776384,0,0,14,0
3,51,compute,1228.397619,1229.282410,0.884791,0,0,0,0,0
3,52,trunk,1229.282412,1229.287067,0.004656,645562368,-199,1,0,0
3,52,widen,1229.344043,1229.344223,0.000180,0,0,0,0,0
3,52,expert,1229.344224,1230.039238,0.695014,228220928,0,0,13,0
3,52,compute,1229.287113,1230.156340,0.869227,0,0,0,0,0
3,53,trunk,1230.156342,1230.159848,0.003506,645562368,-200,1,0,0
3,53,widen,1230.223016,1230.223230,0.000214,0,0,0,0,0
3,53,expert,1230.223231,1230.953062,0.729830,245776384,0,0,14,0
3,53,compute,1230.159871,1231.070407,0.910536,0,0,0,0,0
3,54,trunk,1231.070409,1231.074029,0.003619,645562368,-201,1,0,0
3,54,widen,1231.129766,1231.129983,0.000217,0,0,0,0,0
3,54,expert,1231.129985,1231.675644,0.545660,263331840,0,0,15,0
3,54,compute,1231.074057,1231.771608,0.697551,0,0,0,0,0
3,55,trunk,1231.771610,1231.775460,0.003850,431890432,-202,1,0,0
3,55,widen,1231.812052,1231.812278,0.000226,0,0,0,0,0
3,55,expert,1231.812279,1232.556956,0.744677,228220928,0,0,13,0
3,55,compute,1231.775486,1232.656447,0.880961,0,0,0,0,0
3,56,trunk,1232.656449,1232.659816,0.003366,645562368,-203,1,0,0
3,56,widen,1232.721149,1232.721388,0.000239,0,0,0,0,0
3,56,expert,1232.721389,1233.491368,0.769979,263331840,0,0,15,0
3,56,compute,1232.659842,1233.606193,0.946351,0,0,0,0,0
3,57,trunk,1233.606195,1233.610148,0.003953,645562368,-204,1,0,0
3,57,widen,1233.670604,1233.670804,0.000200,0,0,0,0,0
3,57,expert,1233.670805,1234.439290,0.768485,280887296,0,0,16,0
3,57,compute,1233.610173,1234.558691,0.948518,0,0,0,0,0
3,58,trunk,1234.558693,1234.562433,0.003741,645562368,-205,1,0,0
3,58,widen,1234.620766,1234.620958,0.000191,0,0,0,0,0
3,58,expert,1234.620958,1235.125865,0.504907,228220928,0,0,13,0
3,58,compute,1234.562454,1235.242196,0.679742,0,0,0,0,0
3,59,trunk,1235.242198,1235.245711,0.003513,431890432,-206,1,0,0
3,59,widen,1235.279717,1235.279910,0.000193,0,0,0,0,0
3,59,expert,1235.279911,1235.943022,0.663111,228220928,0,0,13,0
3,59,compute,1235.245734,1236.064510,0.818777,0,0,0,0,0
3,60,trunk,1236.064512,1236.068792,0.004280,645562368,-207,1,0,0
3,60,widen,1236.130470,1236.130670,0.000199,0,0,0,0,0
3,60,expert,1236.130670,1236.896529,0.765859,263331840,0,0,15,0
3,60,compute,1236.068813,1237.014201,0.945388,0,0,0,0,0
3,61,trunk,1237.014203,1237.017630,0.003427,645562368,-208,1,0,0
3,61,widen,1237.080347,1237.080558,0.000211,0,0,0,0,0
3,61,expert,1237.080559,1237.816407,0.735848,263331840,0,0,15,0
3,61,compute,1237.017651,1237.907400,0.889749,0,0,0,0,0
3,62,trunk,1237.907401,1237.910858,0.003457,645562368,-209,1,0,0
3,62,widen,1237.968650,1237.968835,0.000185,0,0,0,0,0
3,62,expert,1237.968836,1238.475498,0.506662,210665472,0,0,12,0
3,62,compute,1237.910880,1238.586174,0.675294,0,0,0,0,0
3,63,trunk,1238.586175,1238.590061,0.003886,431890432,-210,1,0,0
3,63,widen,1238.630566,1238.630751,0.000185,0,0,0,0,0
3,63,expert,1238.630752,1239.355615,0.724863,228220928,0,0,13,0
3,63,compute,1238.590084,1239.452340,0.862256,0,0,0,0,0
3,64,trunk,1239.452341,1239.455937,0.003596,645562368,-211,1,0,0
3,64,widen,1239.517104,1239.517310,0.000206,0,0,0,0,0
3,64,expert,1239.517311,1240.278084,0.760773,245776384,0,0,14,0
3,64,compute,1239.455965,1240.397115,0.941150,0,0,0,0,0
3,65,trunk,1240.397116,1240.400742,0.003626,645562368,-212,1,0,0
3,65,widen,1240.460867,1240.461035,0.000168,0,0,0,0,0
3,65,expert,1240.461037,1241.164485,0.703449,210665472,0,0,12,0
3,65,compute,1240.400761,1241.278307,0.877546,0,0,0,0,0
3,66,trunk,1241.278309,1241.281971,0.003662,645562368,-213,1,0,0
3,66,widen,1241.332997,1241.333280,0.000282,0,0,0,0,0
3,66,expert,1241.333280,1241.902287,0.569006,245776384,0,0,14,0
3,66,compute,1241.281997,1242.026216,0.744220,0,0,0,0,0
3,67,trunk,1242.026218,1242.029818,0.003600,431890432,-214,1,0,0
3,67,widen,1242.074091,1242.074301,0.000211,0,0,0,0,0
3,67,expert,1242.074302,1242.840515,0.766213,245776384,0,0,14,0
3,67,compute,1242.029839,1242.946175,0.916336,0,0,0,0,0
3,68,trunk,1242.946177,1242.950695,0.004518,645562368,-215,1,0,0
3,68,widen,1243.021588,1243.021819,0.000231,0,0,0,0,0
3,68,expert,1243.021820,1243.720573,0.698753,228220928,0,0,13,0
3,68,compute,1242.950722,1243.821190,0.870468,0,0,0,0,0
3,69,trunk,1243.821192,1243.824653,0.003461,645562368,-216,1,0,0
3,69,widen,1243.886495,1243.886717,0.000222,0,0,0,0,0
3,69,expert,1243.886718,1244.637120,0.750402,228220928,0,0,13,0
3,69,compute,1243.824798,1244.733876,0.909078,0,0,0,0,0
3,70,trunk,1244.733878,1244.737392,0.003514,645562368,-217,1,0,0
3,70,widen,1244.793631,1244.793807,0.000176,0,0,0,0,0
3,70,expert,1244.793808,1245.316028,0.522220,210665472,0,0,12,0
3,70,compute,1244.737413,1245.414407,0.676994,0,0,0,0,0
3,71,trunk,1245.414409,1245.417865,0.003457,431890432,-218,1,0,0
3,71,widen,1245.451400,1245.451595,0.000195,0,0,0,0,0
3,71,expert,1245.451595,1246.173533,0.721938,245776384,0,0,14,0
3,71,compute,1245.417895,1246.286625,0.868730,0,0,0,0,0
3,72,trunk,1246.286627,1246.290402,0.003774,645562368,-219,1,0,0
3,72,widen,1246.351435,1246.351662,0.000228,0,0,0,0,0
3,72,expert,1246.351663,1247.116357,0.764694,263331840,0,0,15,0
3,72,compute,1246.290430,1247.230541,0.940111,0,0,0,0,0
3,73,trunk,1247.230543,1247.234400,0.003857,645562368,-220,1,0,0
3,73,widen,1247.291431,1247.291754,0.000323,0,0,0,0,0
3,73,expert,1247.291755,1248.083472,0.791717,280887296,0,0,16,0
3,73,compute,1247.234425,1248.190474,0.956049,0,0,0,0,0
3,74,trunk,1248.190477,1248.194386,0.003909,645562368,-221,1,0,0
3,74,widen,1248.254004,1248.254230,0.000227,0,0,0,0,0
3,74,expert,1248.254231,1248.841479,0.587248,280887296,0,0,16,0
3,74,compute,1248.194409,1248.954205,0.759797,0,0,0,0,0
3,75,trunk,1248.954207,1248.957634,0.003427,431890432,-222,1,0,0
3,75,widen,1249.002609,1249.002871,0.000261,0,0,0,0,0
3,75,expert,1249.002872,1249.776700,0.773829,280887296,0,0,16,0
3,75,compute,1248.957654,1249.890171,0.932518,0,0,0,0,0
3,76,trunk,1249.890173,1249.894094,0.003921,645562368,-223,1,0,0
3,76,widen,1249.953404,1249.953671,0.000267,0,0,0,0,0
3,76,expert,1249.953673,1250.691085,0.737412,280887296,0,0,16,0
3,76,compute,1249.894152,1250.806319,0.912168,0,0,0,0,0
3,77,trunk,1250.806321,1250.810105,0.003783,645562368,-224,1,0,0
3,77,widen,1250.876529,1250.876770,0.000241,0,0,0,0,0
3,77,expert,1250.876770,1251.599982,0.723211,228220928,0,0,13,0
3,77,compute,1250.810134,1251.699450,0.889316,0,0,0,0,0
3,78,trunk,1251.699452,1251.703084,0.003632,645562368,-225,1,0,0
3,78,widen,1251.759945,1251.760199,0.000254,0,0,0,0,0
3,78,expert,1251.760200,1252.310772,0.550572,245776384,0,0,14,0
3,78,compute,1251.703110,1252.426245,0.723135,0,0,0,0,0
3,79,trunk,1252.426247,1252.429912,0.003665,431890432,-226,1,0,0
3,79,widen,1252.468472,1252.468684,0.000213,0,0,0,0,0
3,79,expert,1252.468685,1253.217280,0.748594,245776384,0,0,14,0
3,79,compute,1252.429942,1253.334677,0.904735,0,0,0,0,0
3,80,trunk,1253.334680,1253.338408,0.003729,645562368,-227,1,0,0
3,80,widen,1253.397761,1253.397982,0.000221,0,0,0,0,0
3,80,expert,1253.397982,1254.143251,0.745269,280887296,0,0,16,0
3,80,compute,1253.338432,1254.266253,0.927821,0,0,0,0,0
3,81,trunk,1254.266255,1254.270711,0.004456,645562368,-228,1,0,0
3,81,widen,1254.333271,1254.333476,0.000205,0,0,0,0,0
3,81,expert,1254.333477,1255.082894,0.749417,245776384,0,0,14,0
3,81,compute,1254.270738,1255.200045,0.929307,0,0,0,0,0
3,82,trunk,1255.200047,1255.203516,0.003469,645562368,-229,1,0,0
3,82,widen,1255.261184,1255.261440,0.000257,0,0,0,0,0
3,82,expert,1255.261441,1255.823923,0.562482,263331840,0,0,15,0
3,82,compute,1255.203539,1255.922030,0.718491,0,0,0,0,0
3,83,trunk,1255.922032,1255.925660,0.003628,431890432,-230,1,0,0
3,83,widen,1255.963362,1255.963573,0.000211,0,0,0,0,0
3,83,expert,1255.963574,1256.683380,0.719806,228220928,0,0,13,0
3,83,compute,1255.925689,1256.798165,0.872477,0,0,0,0,0
3,84,trunk,1256.798167,1256.801588,0.003420,645562368,-231,1,0,0
3,84,widen,1256.860175,1256.860334,0.000159,0,0,0,0,0
3,84,expert,1256.860335,1257.550638,0.690303,175554560,0,0,10,0
3,84,compute,1256.801615,1257.672054,0.870439,0,0,0,0,0
3,85,trunk,1257.672056,1257.675777,0.003721,645562368,-232,1,0,0
3,85,widen,1257.737017,1257.737230,0.000213,0,0,0,0,0
3,85,expert,1257.737231,1258.448932,0.711701,228220928,0,0,13,0
3,85,compute,1257.675811,1258.544569,0.868758,0,0,0,0,0
3,86,trunk,1258.544571,1258.548537,0.003966,645562368,-233,1,0,0
3,86,widen,1258.600047,1258.600370,0.000323,0,0,0,0,0
3,86,expert,1258.600371,1259.141411,0.541039,245776384,0,0,14,0
3,86,compute,1258.548559,1259.258203,0.709644,0,0,0,0,0
3,87,trunk,1259.258205,1259.261658,0.003453,431890432,-234,1,0,0
3,87,widen,1259.300204,1259.300408,0.000204,0,0,0,0,0
3,87,expert,1259.300430,1260.004690,0.704260,228220928,0,0,13,0
3,87,compute,1259.261705,1260.098044,0.836339,0,0,0,0,0
3,88,trunk,1260.098045,1260.101668,0.003623,645562368,-235,1,0,0
3,88,widen,1260.167917,1260.168149,0.000232,0,0,0,0,0
3,88,expert,1260.168150,1260.870405,0.702255,210665472,0,0,12,0
3,88,compute,1260.101712,1260.975794,0.874082,0,0,0,0,0
3,89,trunk,1260.975796,1260.979618,0.003823,645562368,-236,1,0,0
3,89,widen,1261.041689,1261.041899,0.000209,0,0,0,0,0
3,89,expert,1261.041899,1261.810082,0.768183,245776384,0,0,14,0
3,89,compute,1260.979651,1261.906049,0.926398,0,0,0,0,0
3,90,trunk,1261.906050,1261.909966,0.003915,645562368,-237,1,0,0
3,90,widen,1261.962395,1261.962609,0.000214,0,0,0,0,0
3,90,expert,1261.962610,1262.496325,0.533715,228220928,0,0,13,0
3,90,compute,1261.909986,1262.630222,0.720236,0,0,0,0,0
3,91,trunk,1262.630227,1262.633712,0.003485,431890432,-238,1,0,0
3,91,widen,1262.670356,1262.670585,0.000229,0,0,0,0,0
3,91,expert,1262.670586,1263.188257,0.517671,210665472,0,0,12,0
3,91,compute,1262.633734,1263.298265,0.664531,0,0,0,0,0
3,92,trunk,1263.298267,1263.301523,0.003256,431890432,-239,1,0,0
3,92,widen,1263.330163,1263.330390,0.000226,0,0,0,0,0
3,92,expert,1263.330390,1263.516297,0.185907,228220928,0,0,13,0
3,92,compute,1263.301525,1263.634213,0.332688,0,0,0,0,0
4,0,trunk,1263.735427,1263.735463,0.000035,0,-239,0,0,0
4,0,compute,1263.735463,1263.842153,0.106690,0,0,0,0,0
4,1,trunk,1263.842155,1263.845477,0.003322,0,-238,0,0,0
4,1,widen,1263.894025,1263.894183,0.000158,0,0,0,0,0
4,1,expert,1263.894184,1264.081388,0.187204,228220928,0,0,13,0
4,1,compute,1263.845479,1264.206269,0.360790,0,0,0,0,0
4,2,trunk,1264.206271,1264.209706,0.003435,0,-237,0,0,0
4,2,widen,1264.273682,1264.273814,0.000132,0,0,0,0,0
4,2,expert,1264.273815,1264.417876,0.144061,175554560,0,0,10,0
4,2,compute,1264.209708,1264.510349,0.300642,0,0,0,0,0
4,3,trunk,1264.510351,1264.514361,0.004010,0,-236,0,0,0
4,3,widen,1264.537282,1264.537412,0.000130,0,0,0,0,0
4,3,expert,1264.537413,1264.681097,0.143684,175554560,0,0,10,0
4,3,compute,1264.514364,1264.778989,0.264625,0,0,0,0,0
4,4,trunk,1264.778991,1264.782425,0.003434,0,-235,0,0,0
4,4,widen,1264.827215,1264.827352,0.000137,0,0,0,0,0
4,4,expert,1264.827352,1264.983610,0.156258,193110016,0,0,11,0
4,4,compute,1264.782427,1265.090225,0.307798,0,0,0,0,0
4,5,trunk,1265.090226,1265.093933,0.003707,0,-234,0,0,0
4,5,widen,1265.142868,1265.143012,0.000144,0,0,0,0,0
4,5,expert,1265.143013,1265.298753,0.155740,193110016,0,0,11,0
4,5,compute,1265.093936,1265.418239,0.324303,0,0,0,0,0
4,6,trunk,1265.418240,1265.421918,0.003677,0,-233,0,0,0
4,6,widen,1265.471751,1265.471934,0.000183,0,0,0,0,0
4,6,expert,1265.471936,1265.696337,0.224402,280887296,0,0,16,0
4,6,compute,1265.421919,1265.812040,0.390120,0,0,0,0,0
4,7,trunk,1265.812041,1265.815790,0.003749,0,-232,0,0,0
4,7,widen,1265.843042,1265.843225,0.000183,0,0,0,0,0
4,7,expert,1265.843226,1266.060029,0.216803,263331840,0,0,15,0
4,7,compute,1265.815791,1266.153038,0.337246,0,0,0,0,0
4,8,trunk,1266.153039,1266.156585,0.003546,0,-231,0,0,0
4,8,widen,1266.206427,1266.206600,0.000173,0,0,0,0,0
4,8,expert,1266.206601,1266.420093,0.213492,263331840,0,0,15,0
4,8,compute,1266.156587,1266.538235,0.381648,0,0,0,0,0
4,9,trunk,1266.538236,1266.541576,0.003340,0,-230,0,0,0
4,9,widen,1266.587862,1266.588045,0.000184,0,0,0,0,0
4,9,expert,1266.588046,1266.746723,0.158677,193110016,0,0,11,0
4,9,compute,1266.541578,1266.870791,0.329212,0,0,0,0,0
4,10,trunk,1266.870792,1266.874597,0.003805,0,-229,0,0,0
4,10,widen,1266.933497,1266.933656,0.000159,0,0,0,0,0
4,10,expert,1266.933657,1267.116580,0.182922,228220928,0,0,13,0
4,10,compute,1266.874599,1267.238386,0.363787,0,0,0,0,0
4,11,trunk,1267.238387,1267.241961,0.003573,0,-228,0,0,0
4,11,widen,1267.275649,1267.275767,0.000118,0,0,0,0,0
4,11,expert,1267.275768,1267.420434,0.144666,175554560,0,0,10,0
4,11,compute,1267.241963,1267.536759,0.294796,0,0,0,0,0
4,12,trunk,1267.536761,1267.540367,0.003606,0,-227,0,0,0
4,12,widen,1267.584425,1267.584586,0.000160,0,0,0,0,0
4,12,expert,1267.584587,1267.775123,0.190536,228220928,0,0,13,0
4,12,compute,1267.540368,1267.890857,0.350489,0,0,0,0,0
4,13,trunk,1267.890858,1267.894664,0.003805,0,-226,0,0,0
4,13,widen,1267.938966,1267.939130,0.000163,0,0,0,0,0
4,13,expert,1267.939130,1268.128906,0.189776,228220928,0,0,13,0
4,13,compute,1267.894698,1268.234214,0.339516,0,0,0,0,0
4,14,trunk,1268.234216,1268.237837,0.003621,0,-225,0,0,0
4,14,widen,1268.282998,1268.283264,0.000265,0,0,0,0,0
4,14,expert,1268.283264,1268.482365,0.199101,245776384,0,0,14,0
4,14,compute,1268.237838,1268.594256,0.356417,0,0,0,0,0
4,15,trunk,1268.594257,1268.597949,0.003692,0,-224,0,0,0
4,15,widen,1268.624587,1268.624732,0.000145,0,0,0,0,0
4,15,expert,1268.624733,1268.781795,0.157062,193110016,0,0,11,0
4,15,compute,1268.597951,1268.894578,0.296627,0,0,0,0,0
4,16,trunk,1268.894580,1268.898465,0.003884,0,-223,0,0,0
4,16,widen,1268.941973,1268.942121,0.000149,0,0,0,0,0
4,16,expert,1268.942122,1269.096398,0.154276,193110016,0,0,11,0
4,16,compute,1268.898467,1269.200703,0.302237,0,0,0,0,0
4,17,trunk,1269.200705,1269.204085,0.003380,0,-222,0,0,0
4,17,widen,1269.252512,1269.252658,0.000145,0,0,0,0,0
4,17,expert,1269.252659,1269.420174,0.167515,210665472,0,0,12,0
4,17,compute,1269.204086,1269.512657,0.308571,0,0,0,0,0
4,18,trunk,1269.512659,1269.516612,0.003953,0,-221,0,0,0
4,18,widen,1269.559180,1269.559341,0.000161,0,0,0,0,0
4,18,expert,1269.559342,1269.745365,0.186023,228220928,0,0,13,0
4,18,compute,1269.516614,1269.858298,0.341684,0,0,0,0,0
4,19,trunk,1269.858300,1269.861759,0.003460,0,-220,0,0,0
4,19,widen,1269.888392,1269.888525,0.000133,0,0,0,0,0
4,19,expert,1269.888526,1270.031897,0.143371,175554560,0,0,10,0
4,19,compute,1269.861761,1270.128340,0.266579,0,0,0,0,0
4,20,trunk,1270.128341,1270.131799,0.003458,0,-219,0,0,0
4,20,widen,1270.175878,1270.176103,0.000225,0,0,0,0,0
4,20,expert,1270.176104,1270.350302,0.174198,210665472,0,0,12,0
4,20,compute,1270.131801,1270.470294,0.338493,0,0,0,0,0
4,21,trunk,1270.470296,1270.473811,0.003516,0,-218,0,0,0
4,21,widen,1270.536535,1270.536710,0.000175,0,0,0,0,0
4,21,expert,1270.536711,1271.240232,0.703521,228220928,0,0,13,0
4,21,compute,1270.473832,1271.338491,0.864659,0,0,0,0,0
4,22,trunk,1271.338492,1271.341913,0.003420,645562368,-218,1,0,0
4,22,widen,1271.393761,1271.393913,0.000152,0,0,0,0,0
4,22,expert,1271.393914,1271.918798,0.524884,193110016,0,0,11,0
4,22,compute,1271.341935,1272.030218,0.688283,0,0,0,0,0
4,23,trunk,1272.030220,1272.033839,0.003618,431890432,-219,1,0,0
4,23,widen,1272.067415,1272.067563,0.000148,0,0,0,0,0
4,23,expert,1272.067564,1272.729974,0.662410,193110016,0,0,11,0
4,23,compute,1272.033863,1272.842210,0.808347,0,0,0,0,0
4,24,trunk,1272.842211,1272.845922,0.003711,645562368,-220,1,0,0
4,24,widen,1272.903055,1272.903196,0.000141,0,0,0,0,0
4,24,expert,1272.903197,1273.669113,0.765916,193110016,0,0,11,0
4,24,compute,1272.845967,1273.790202,0.944235,0,0,0,0,0
4,25,trunk,1273.790204,1273.793667,0.003463,645562368,-221,1,0,0
4,25,widen,1273.852454,1273.852642,0.000188,0,0,0,0,0
4,25,expert,1273.852643,1274.612699,0.760056,263331840,0,0,15,0
4,25,compute,1273.793692,1274.707872,0.914180,0,0,0,0,0
4,26,trunk,1274.707874,1274.711328,0.003454,645562368,-222,1,0,0
4,26,widen,1274.773401,1274.773558,0.000157,0,0,0,0,0
4,26,expert,1274.773562,1275.312179,0.538617,228220928,0,0,13,0
4,26,compute,1274.711353,1275.426203,0.714850,0,0,0,0,0
4,27,trunk,1275.426205,1275.429744,0.003540,431890432,-223,1,0,0
4,27,widen,1275.465394,1275.465587,0.000193,0,0,0,0,0
4,27,expert,1275.465588,1276.168376,0.702787,263331840,0,0,15,0
4,27,compute,1275.429796,1276.292065,0.862270,0,0,0,0,0
4,28,trunk,1276.292067,1276.295434,0.003367,645562368,-224,1,0,0
4,28,widen,1276.356468,1276.356661,0.000193,0,0,0,0,0
4,28,expert,1276.356662,1277.050805,0.694143,263331840,0,0,15,0
4,28,compute,1276.295465,1277.162674,0.867209,0,0,0,0,0
4,29,trunk,1277.162676,1277.166371,0.003696,645562368,-225,1,0,0
4,29,widen,1277.224848,1277.225019,0.000171,0,0,0,0,0
4,29,expert,1277.225020,1277.961517,0.736497,228220928,0,0,13,0
4,29,compute,1277.166402,1278.070173,0.903771,0,0,0,0,0
4,30,trunk,1278.070175,1278.073759,0.003584,645562368,-226,1,0,0
4,30,widen,1278.130317,1278.130743,0.000426,0,0,0,0,0
4,30,expert,1278.130744,1278.686544,0.555801,228220928,0,0,13,0
4,30,compute,1278.073783,1278.802276,0.728493,0,0,0,0,0
4,31,trunk,1278.802279,1278.805975,0.003696,431890432,-227,1,0,0
4,31,widen,1278.844211,1278.844410,0.000199,0,0,0,0,0
4,31,expert,1278.844431,1279.603590,0.759159,245776384,0,0,14,0
4,31,compute,1278.805998,1279.718380,0.912382,0,0,0,0,0
4,32,trunk,1279.718381,1279.721940,0.003558,645562368,-228,1,0,0
4,32,widen,1279.779841,1279.780085,0.000244,0,0,0,0,0
4,32,expert,1279.780086,1280.492089,0.712003,210665472,0,0,12,0
4,32,compute,1279.721966,1280.606469,0.884502,0,0,0,0,0
4,33,trunk,1280.606470,1280.610022,0.003552,645562368,-229,1,0,0
4,33,widen,1280.667244,1280.667407,0.000163,0,0,0,0,0
4,33,expert,1280.667408,1281.427262,0.759854,210665472,0,0,12,0
4,33,compute,1280.610045,1281.524940,0.914894,0,0,0,0,0
4,34,trunk,1281.524942,1281.528397,0.003455,645562368,-230,1,0,0
4,34,widen,1281.585153,1281.585360,0.000208,0,0,0,0,0
4,34,expert,1281.585361,1282.164444,0.579082,263331840,0,0,15,0
4,34,compute,1281.528422,1282.262196,0.733773,0,0,0,0,0
4,35,trunk,1282.262198,1282.266092,0.003894,431890432,-231,1,0,0
4,35,widen,1282.300627,1282.300789,0.000162,0,0,0,0,0
4,35,expert,1282.300790,1282.985228,0.684438,228220928,0,0,13,0
4,35,compute,1282.266116,1283.114185,0.848069,0,0,0,0,0
4,36,trunk,1283.114187,1283.117843,0.003656,645562368,-232,1,0,0
4,36,widen,1283.172724,1283.172902,0.000178,0,0,0,0,0
4,36,expert,1283.172903,1283.917119,0.744216,228220928,0,0,13,0
4,36,compute,1283.117876,1284.030220,0.912345,0,0,0,0,0
4,37,trunk,1284.030222,1284.033628,0.003406,645562368,-233,1,0,0
4,37,widen,1284.092409,1284.092589,0.000180,0,0,0,0,0
4,37,expert,1284.092590,1284.824852,0.732263,228220928,0,0,13,0
4,37,compute,1284.033649,1284.924564,0.890915,0,0,0,0,0
4,38,trunk,1284.924566,1284.928075,0.003510,645562368,-234,1,0,0
4,38,widen,1284.983164,1284.983393,0.000229,0,0,0,0,0
4,38,expert,1284.983394,1285.475038,0.491644,193110016,0,0,11,0
4,38,compute,1284.928094,1285.594268,0.666174,0,0,0,0,0
4,39,trunk,1285.594270,1285.597925,0.003655,431890432,-235,1,0,0
4,39,widen,1285.642977,1285.643130,0.000153,0,0,0,0,0
4,39,expert,1285.643131,1286.356755,0.713624,210665472,0,0,12,0
4,39,compute,1285.597947,1286.465264,0.867317,0,0,0,0,0
4,40,trunk,1286.465265,1286.469359,0.004094,645562368,-236,1,0,0
4,40,widen,1286.529922,1286.530115,0.000193,0,0,0,0,0
4,40,expert,1286.530116,1287.249371,0.719255,210665472,0,0,12,0
4,40,compute,1286.469382,1287.353253,0.883871,0,0,0,0,0
4,41,trunk,1287.353254,1287.356733,0.003478,645562368,-237,1,0,0
4,41,widen,1287.415255,1287.415429,0.000174,0,0,0,0,0
4,41,expert,1287.415430,1288.096925,0.681496,193110016,0,0,11,0
4,41,compute,1287.356752,1288.191033,0.834281,0,0,0,0,0
4,42,trunk,1288.191035,1288.194510,0.003475,645562368,-238,1,0,0
4,42,widen,1288.247360,1288.247472,0.000112,0,0,0,0,0
4,42,expert,1288.247473,1288.678372,0.430899,122888192,0,0,7,0
4,42,compute,1288.194539,1288.798201,0.603662,0,0,0,0,0
4,43,trunk,1288.798203,1288.801612,0.003409,431890432,-239,1,0,0
4,43,widen,1288.842314,1288.842481,0.000168,0,0,0,0,0
4,43,expert,1288.842482,1294.539968,5.697486,210665472,0,0,12,0
4,43,compute,1288.801632,1294.658572,5.856940,0,0,0,0,0
4,44,trunk,1294.658574,1294.662413,0.003840,645562368,-240,1,0,0
4,44,widen,1294.716978,1294.717158,0.000180,0,0,0,0,0
4,44,expert,1294.717159,1301.276991,6.559832,228220928,0,0,13,0
4,44,compute,1294.662475,1301.401072,6.738597,0,0,0,0,0
4,45,trunk,1301.401074,1301.622825,0.221751,645562368,-241,1,0,0
4,45,widen,1301.691612,1301.691741,0.000129,0,0,0,0,0
4,45,expert,1301.691742,1311.305872,9.614130,157999104,0,0,9,0
4,45,compute,1301.622892,1311.403584,9.780693,0,0,0,0,0
4,46,trunk,1311.403586,1312.875437,1.471850,645562368,-242,1,0,0
4,46,widen,1312.932588,1312.932751,0.000163,0,0,0,0,0
4,46,expert,1312.932752,1313.437690,0.504938,175554560,0,0,10,0
4,46,compute,1312.875513,1313.542019,0.666506,0,0,0,0,0
4,47,trunk,1313.542021,1313.545880,0.003860,431890432,-243,1,0,0
4,47,widen,1313.589976,1313.590130,0.000154,0,0,0,0,0
4,47,expert,1313.590131,1314.251040,0.660909,193110016,0,0,11,0
4,47,compute,1313.545922,1314.375006,0.829084,0,0,0,0,0
4,48,trunk,1314.375008,1314.378701,0.003693,645562368,-244,1,0,0
4,48,widen,1314.444346,1314.444534,0.000188,0,0,0,0,0
4,48,expert,1314.444535,1315.109334,0.664800,193110016,0,0,11,0
4,48,compute,1314.378728,1315.242205,0.863477,0,0,0,0,0
4,49,trunk,1315.242207,1315.245943,0.003736,645562368,-245,1,0,0
4,49,widen,1315.304213,1315.304405,0.000192,0,0,0,0,0
4,49,expert,1315.304406,1316.071631,0.767225,245776384,0,0,14,0
4,49,compute,1315.245966,1316.190543,0.944577,0,0,0,0,0
4,50,trunk,1316.190544,1316.194352,0.003808,645562368,-246,1,0,0
4,50,widen,1316.253246,1316.253424,0.000178,0,0,0,0,0
4,50,expert,1316.253425,1316.780626,0.527201,210665472,0,0,12,0
4,50,compute,1316.194385,1316.870196,0.675811,0,0,0,0,0
4,51,trunk,1316.870197,1316.873864,0.003667,431890432,-247,1,0,0
4,51,widen,1316.913950,1316.914110,0.000160,0,0,0,0,0
4,51,expert,1316.914111,1317.610921,0.696810,193110016,0,0,11,0
4,51,compute,1316.873894,1317.734196,0.860302,0,0,0,0,0
4,52,trunk,1317.734198,1317.737950,0.003752,645562368,-248,1,0,0
4,52,widen,1317.799099,1317.799301,0.000203,0,0,0,0,0
4,52,expert,1317.799303,1318.483887,0.684584,210665472,0,0,12,0
4,52,compute,1317.737974,1318.590190,0.852217,0,0,0,0,0
4,53,trunk,1318.590192,1318.593667,0.003475,645562368,-249,1,0,0
4,53,widen,1318.664313,1318.664493,0.000180,0,0,0,0,0
4,53,expert,1318.664494,1319.349616,0.685121,193110016,0,0,11,0
4,53,compute,1318.593691,1319.462220,0.868529,0,0,0,0,0
4,54,trunk,1319.462221,1319.465712,0.003491,645562368,-250,1,0,0
4,54,widen,1319.519108,1319.519276,0.000169,0,0,0,0,0
4,54,expert,1319.519277,1320.048247,0.528970,210665472,0,0,12,0
4,54,compute,1319.465741,1320.166421,0.700680,0,0,0,0,0
4,55,trunk,1320.166423,1320.170048,0.003625,431890432,-251,1,0,0
4,55,widen,1320.204273,1320.204455,0.000182,0,0,0,0,0
4,55,expert,1320.204456,1320.923709,0.719253,193110016,0,0,11,0
4,55,compute,1320.170077,1321.242199,1.072122,0,0,0,0,0
4,56,trunk,1321.242201,1321.246015,0.003814,645562368,-252,1,0,0
4,56,widen,1321.305468,1321.305646,0.000177,0,0,0,0,0
4,56,expert,1321.305646,1322.028153,0.722506,210665472,0,0,12,0
4,56,compute,1321.246037,1322.637585,1.391548,0,0,0,0,0
4,57,trunk,1322.637587,1322.641065,0.003478,645562368,-253,1,0,0
4,57,widen,1322.699935,1322.700165,0.000230,0,0,0,0,0
4,57,expert,1322.700166,1323.468174,0.768008,263331840,0,0,15,0
4,57,compute,1322.641088,1323.746514,1.105427,0,0,0,0,0
4,58,trunk,1323.746516,1323.750263,0.003747,645562368,-254,1,0,0
4,58,widen,1323.809111,1323.809303,0.000192,0,0,0,0,0
4,58,expert,1323.809304,1324.380759,0.571455,245776384,0,0,14,0
4,58,compute,1323.750299,1324.806930,1.056631,0,0,0,0,0
4,59,trunk,1324.806932,1324.810432,0.003500,431890432,-255,1,0,0
4,59,widen,1324.844929,1324.845120,0.000191,0,0,0,0,0
4,59,expert,1324.845121,1325.600888,0.755767,228220928,0,0,13,0
4,59,compute,1324.810464,1325.718431,0.907967,0,0,0,0,0
4,60,trunk,1325.718433,1325.721995,0.003562,645562368,-256,1,0,0
4,60,widen,1325.784549,1325.784769,0.000220,0,0,0,0,0
4,60,expert,1325.784770,1326.578101,0.793331,280887296,0,0,16,0
4,60,compute,1325.722019,1326.666217,0.944198,0,0,0,0,0
4,61,trunk,1326.666218,1326.670127,0.003909,645562368,-257,1,0,0
4,61,widen,1326.772645,1326.772859,0.000214,0,0,0,0,0
4,61,expert,1326.772861,1327.476938,0.704078,263331840,0,0,15,0
4,61,compute,1326.670175,1327.586214,0.916040,0,0,0,0,0
4,62,trunk,1327.586216,1327.589598,0.003382,645562368,-258,1,0,0
4,62,widen,1327.646989,1327.647182,0.000193,0,0,0,0,0
4,62,expert,1327.647183,1328.185088,0.537905,228220928,0,0,13,0
4,62,compute,1327.589625,1328.302197,0.712571,0,0,0,0,0
4,63,trunk,1328.302198,1328.305617,0.003419,431890432,-259,1,0,0
4,63,widen,1328.362573,1328.362821,0.000248,0,0,0,0,0
4,63,expert,1328.362822,1329.121852,0.759030,263331840,0,0,15,0
4,63,compute,1328.305639,1329.238209,0.932570,0,0,0,0,0
4,64,trunk,1329.238211,1329.242256,0.004046,645562368,-260,1,0,0
4,64,widen,1329.302598,1329.302816,0.000218,0,0,0,0,0
4,64,expert,1329.302816,1330.055596,0.752780,228220928,0,0,13,0
4,64,compute,1329.242298,1330.317625,1.075327,0,0,0,0,0
4,65,trunk,1330.317627,1330.321004,0.003377,645562368,-261,1,0,0
4,65,widen,1330.376127,1330.376332,0.000205,0,0,0,0,0
4,65,expert,1330.376333,1331.140549,0.764216,263331840,0,0,15,0
4,65,compute,1330.321026,1331.274616,0.953589,0,0,0,0,0
4,66,trunk,1331.274618,1331.279286,0.004668,645562368,-262,1,0,0
4,66,widen,1331.332183,1331.332404,0.000221,0,0,0,0,0
4,66,expert,1331.332404,1331.930112,0.597707,280887296,0,0,16,0
4,66,compute,1331.279320,1332.038906,0.759586,0,0,0,0,0
4,67,trunk,1332.038907,1332.042599,0.003691,431890432,-263,1,0,0
4,67,widen,1332.080851,1332.081142,0.000291,0,0,0,0,0
4,67,expert,1332.081143,1332.821578,0.740434,210665472,0,0,12,0
4,67,compute,1332.042622,1333.363852,1.321231,0,0,0,0,0
4,68,trunk,1333.363877,1333.368158,0.004281,645562368,-264,1,0,0
4,68,widen,1333.433729,1333.433963,0.000235,0,0,0,0,0
4,68,expert,1333.433964,1334.176070,0.742106,245776384,0,0,14,0
4,68,compute,1333.368197,1334.302169,0.933972,0,0,0,0,0
4,69,trunk,1334.302170,1334.305815,0.003644,645562368,-265,1,0,0
4,69,widen,1334.381861,1334.382069,0.000208,0,0,0,0,0
4,69,expert,1334.382070,1335.021387,0.639318,245776384,0,0,14,0
4,69,compute,1334.305838,1335.138243,0.832406,0,0,0,0,0
4,70,trunk,1335.138245,1335.155355,0.017110,645562368,-266,1,0,0
4,70,widen,1335.235786,1335.235970,0.000184,0,0,0,0,0
4,70,expert,1335.235971,1335.750743,0.514772,228220928,0,0,13,0
4,70,compute,1335.155410,1335.858692,0.703283,0,0,0,0,0
4,71,trunk,1335.858695,1335.862786,0.004092,431890432,-267,1,0,0
4,71,widen,1335.900052,1335.900304,0.000252,0,0,0,0,0
4,71,expert,1335.900305,1336.712944,0.812639,245776384,0,0,14,0
4,71,compute,1335.862842,1336.834233,0.971391,0,0,0,0,0
4,72,trunk,1336.834235,1336.837810,0.003575,645562368,-268,1,0,0
4,72,widen,1336.900206,1336.900444,0.000238,0,0,0,0,0
4,72,expert,1336.900445,1337.688282,0.787836,280887296,0,0,16,0
4,72,compute,1336.837831,1337.809214,0.971382,0,0,0,0,0
4,73,trunk,1337.809215,1337.813305,0.004090,645562368,-269,1,0,0
4,73,widen,1337.868420,1337.868652,0.000233,0,0,0,0,0
4,73,expert,1337.868653,1338.658889,0.790235,280887296,0,0,16,0
4,73,compute,1337.813350,1338.782178,0.968828,0,0,0,0,0
4,74,trunk,1338.782180,1338.785824,0.003644,645562368,-270,1,0,0
4,74,widen,1338.843186,1338.843421,0.000236,0,0,0,0,0
4,74,expert,1338.843422,1339.420766,0.577344,280887296,0,0,16,0
4,74,compute,1338.785848,1339.513406,0.727558,0,0,0,0,0
4,75,trunk,1339.513408,1339.517280,0.003872,431890432,-271,1,0,0
4,75,widen,1339.555043,1339.555441,0.000398,0,0,0,0,0
4,75,expert,1339.555442,1340.312612,0.757170,263331840,0,0,15,0
4,75,compute,1339.517304,1340.571913,1.054609,0,0,0,0,0
4,76,trunk,1340.571915,1340.575795,0.003880,645562368,-272,1,0,0
4,76,widen,1340.636304,1340.636534,0.000229,0,0,0,0,0
4,76,expert,1340.636535,1341.380065,0.743530,280887296,0,0,16,0
4,76,compute,1340.575833,1341.489443,0.913610,0,0,0,0,0
4,77,trunk,1341.489445,1341.493078,0.003632,645562368,-273,1,0,0
4,77,widen,1341.554832,1341.555096,0.000264,0,0,0,0,0
4,77,expert,1341.555097,1342.292694,0.737597,245776384,0,0,14,0
4,77,compute,1341.493099,1342.406351,0.913252,0,0,0,0,0
4,78,trunk,1342.406352,1342.409992,0.003639,645562368,-274,1,0,0
4,78,widen,1342.465642,1342.465929,0.000288,0,0,0,0,0
4,78,expert,1342.465930,1343.032363,0.566432,245776384,0,0,14,0
4,78,compute,1342.410021,1343.146327,0.736306,0,0,0,0,0
4,79,trunk,1343.146329,1343.150013,0.003684,431890432,-275,1,0,0
4,79,widen,1343.186825,1343.187039,0.000214,0,0,0,0,0
4,79,expert,1343.187040,1343.949439,0.762399,263331840,0,0,15,0
4,79,compute,1343.150036,1344.070268,0.920232,0,0,0,0,0
4,80,trunk,1344.070269,1344.073744,0.003475,645562368,-276,1,0,0
4,80,widen,1344.129271,1344.129511,0.000240,0,0,0,0,0
4,80,expert,1344.129512,1344.876730,0.747218,280887296,0,0,16,0
4,80,compute,1344.073765,1344.990187,0.916422,0,0,0,0,0
4,81,trunk,1344.990189,1344.993628,0.003439,645562368,-277,1,0,0
4,81,widen,1345.052770,1345.052998,0.000229,0,0,0,0,0
4,81,expert,1345.052999,1345.828031,0.775032,263331840,0,0,15,0
4,81,compute,1344.993649,1345.942178,0.948529,0,0,0,0,0
4,82,trunk,1345.942180,1345.945923,0.003743,645562368,-278,1,0,0
4,82,widen,1346.006309,1346.006547,0.000238,0,0,0,0,0
4,82,expert,1346.006548,1346.591610,0.585062,280887296,0,0,16,0
4,82,compute,1345.945944,1346.715446,0.769502,0,0,0,0,0
4,83,trunk,1346.715448,1346.719114,0.003666,431890432,-279,1,0,0
4,83,widen,1346.762523,1346.762735,0.000213,0,0,0,0,0
4,83,expert,1346.762736,1347.529221,0.766485,245776384,0,0,14,0
4,83,compute,1346.719156,1347.651811,0.932654,0,0,0,0,0
4,84,trunk,1347.651813,1347.655956,0.004143,645562368,-280,1,0,0
4,84,widen,1347.717933,1347.718152,0.000219,0,0,0,0,0
4,84,expert,1347.718153,1348.448735,0.730582,228220928,0,0,13,0
4,84,compute,1347.655987,1348.538516,0.882529,0,0,0,0,0
4,85,trunk,1348.538518,1348.542146,0.003628,645562368,-281,1,0,0
4,85,widen,1348.604604,1348.605064,0.000460,0,0,0,0,0
4,85,expert,1348.605066,1349.362105,0.757039,263331840,0,0,15,0
4,85,compute,1348.542190,1349.476560,0.934370,0,0,0,0,0
4,86,trunk,1349.476562,1349.480453,0.003891,645562368,-282,1,0,0
4,86,widen,1349.537314,1349.537539,0.000225,0,0,0,0,0
4,86,expert,1349.537540,1350.119459,0.581920,263331840,0,0,15,0
4,86,compute,1349.480492,1350.241086,0.760594,0,0,0,0,0
4,87,trunk,1350.241087,1350.244856,0.003769,431890432,-283,1,0,0
4,87,widen,1350.281164,1350.281821,0.000657,0,0,0,0,0
4,87,expert,1350.281822,1350.949246,0.667424,245776384,0,0,14,0
4,87,compute,1350.244878,1351.074210,0.829332,0,0,0,0,0
4,88,trunk,1351.074211,1351.078113,0.003901,645562368,-284,1,0,0
4,88,widen,1351.142753,1351.143074,0.000322,0,0,0,0,0
4,88,expert,1351.143075,1351.649887,0.506812,228220928,0,0,13,0
4,88,compute,1351.078198,1351.764851,0.686652,0,0,0,0,0
4,89,trunk,1351.764853,1351.881371,0.116518,645562368,-285,1,0,0
4,89,widen,1351.958096,1351.958258,0.000162,0,0,0,0,0
4,89,expert,1351.958259,1352.654156,0.695897,175554560,0,0,10,0
4,89,compute,1351.881426,1353.307744,1.426318,0,0,0,0,0
4,90,trunk,1353.307746,1353.311276,0.003530,645562368,-286,1,0,0
4,90,widen,1353.366784,1353.366948,0.000164,0,0,0,0,0
4,90,expert,1353.366949,1353.858518,0.491569,157999104,0,0,9,0
4,90,compute,1353.311301,1354.512130,1.200829,0,0,0,0,0
4,91,trunk,1354.512132,1354.516110,0.003978,431890432,-287,1,0,0
4,91,widen,1354.549893,1354.550032,0.000139,0,0,0,0,0
4,91,expert,1354.550033,1355.047165,0.497132,157999104,0,0,9,0
4,91,compute,1354.516129,1355.174170,0.658042,0,0,0,0,0
4,92,trunk,1355.174172,1355.177663,0.003492,431890432,-288,1,0,0
4,92,widen,1355.201500,1355.201731,0.000231,0,0,0,0,0
4,92,expert,1355.201731,1355.424968,0.223236,245776384,0,0,14,0
4,92,compute,1355.177665,1355.666092,0.488427,0,0,0,0,0
5,0,trunk,1355.765041,1355.765081,0.000040,0,-288,0,0,0
5,0,compute,1355.765082,1355.873802,0.108720,0,0,0,0,0
5,1,trunk,1355.873804,1355.877709,0.003905,0,-287,0,0,0
5,1,widen,1355.926319,1355.926506,0.000187,0,0,0,0,0
5,1,expert,1355.926507,1356.129715,0.203208,228220928,0,0,13,0
5,1,compute,1355.877710,1356.250187,0.372477,0,0,0,0,0
5,2,trunk,1356.250189,1356.253590,0.003402,0,-286,0,0,0
5,2,widen,1356.307960,1356.308229,0.000270,0,0,0,0,0
5,2,expert,1356.308230,1356.492134,0.183904,210665472,0,0,12,0
5,2,compute,1356.253592,1356.586551,0.332960,0,0,0,0,0
5,3,trunk,1356.586553,1356.589982,0.003429,0,-285,0,0,0
5,3,widen,1356.616054,1356.616193,0.000139,0,0,0,0,0
5,3,expert,1356.616194,1356.780620,0.164426,193110016,0,0,11,0
5,3,compute,1356.589984,1356.898190,0.308206,0,0,0,0,0
5,4,trunk,1356.898191,1356.902339,0.004147,0,-284,0,0,0
5,4,widen,1356.953176,1356.953337,0.000161,0,0,0,0,0
5,4,expert,1356.953338,1357.156282,0.202944,228220928,0,0,13,0
5,4,compute,1356.902341,1357.269923,0.367582,0,0,0,0,0
5,5,trunk,1357.269925,1357.273387,0.003462,0,-283,0,0,0
5,5,widen,1357.317580,1357.317756,0.000175,0,0,0,0,0
5,5,expert,1357.317756,1357.503534,0.185778,210665472,0,0,12,0
5,5,compute,1357.273388,1357.618551,0.345163,0,0,0,0,0
5,6,trunk,1357.618553,1357.622188,0.003635,0,-282,0,0,0
5,6,widen,1357.664969,1357.665159,0.000190,0,0,0,0,0
5,6,expert,1357.665160,1357.920907,0.255748,280887296,0,0,16,0
5,6,compute,1357.622190,1358.058346,0.436156,0,0,0,0,0
5,7,trunk,1358.058348,1358.061937,0.003589,0,-281,0,0,0
5,7,widen,1358.092547,1358.092748,0.000200,0,0,0,0,0
5,7,expert,1358.092749,1358.313076,0.220327,263331840,0,0,15,0
5,7,compute,1358.061939,1358.421593,0.359654,0,0,0,0,0
5,8,trunk,1358.421595,1358.425358,0.003763,0,-280,0,0,0
5,8,widen,1358.468871,1358.469058,0.000187,0,0,0,0,0
5,8,expert,1358.469059,1358.695406,0.226347,263331840,0,0,15,0
5,8,compute,1358.425360,1358.810765,0.385405,0,0,0,0,0
5,9,trunk,1358.810767,1358.814483,0.003717,0,-279,0,0,0
5,9,widen,1358.856076,1358.856231,0.000156,0,0,0,0,0
5,9,expert,1358.856232,1359.039199,0.182967,210665472,0,0,12,0
5,9,compute,1358.814485,1359.158278,0.343793,0,0,0,0,0
5,10,trunk,1359.158280,1359.162072,0.003792,0,-278,0,0,0
5,10,widen,1359.207741,1359.207886,0.000145,0,0,0,0,0
5,10,expert,1359.207888,1359.366414,0.158527,193110016,0,0,11,0
5,10,compute,1359.162075,1359.486202,0.324126,0,0,0,0,0
5,11,trunk,1359.486203,1359.489911,0.003708,0,-277,0,0,0
5,11,widen,1359.516924,1359.517083,0.000159,0,0,0,0,0
5,11,expert,1359.517084,1359.701872,0.184788,210665472,0,0,12,0
5,11,compute,1359.489912,1359.834199,0.344286,0,0,0,0,0
5,12,trunk,1359.834200,1359.837797,0.003597,0,-276,0,0,0
5,12,widen,1359.885688,1359.885860,0.000172,0,0,0,0,0
5,12,expert,1359.885861,1360.102890,0.217030,245776384,0,0,14,0
5,12,compute,1359.837824,1360.218480,0.380655,0,0,0,0,0
5,13,trunk,1360.218481,1360.221912,0.003432,0,-275,0,0,0
5,13,widen,1360.262260,1360.262425,0.000165,0,0,0,0,0
5,13,expert,1360.262426,1360.470549,0.208123,228220928,0,0,13,0
5,13,compute,1360.221914,1360.578213,0.356299,0,0,0,0,0
5,14,trunk,1360.578215,1360.581808,0.003593,0,-274,0,0,0
5,14,widen,1360.627105,1360.627287,0.000182,0,0,0,0,0
5,14,expert,1360.627287,1360.854964,0.227677,245776384,0,0,14,0
5,14,compute,1360.581810,1360.962230,0.380420,0,0,0,0,0
5,15,trunk,1360.962232,1360.966224,0.003992,0,-273,0,0,0
5,15,widen,1361.001835,1361.001993,0.000158,0,0,0,0,0
5,15,expert,1361.001994,1361.194242,0.192248,210665472,0,0,12,0
5,15,compute,1360.966226,1361.322176,0.355951,0,0,0,0,0
5,16,trunk,1361.322177,1361.325724,0.003547,0,-272,0,0,0
5,16,widen,1361.374330,1361.374488,0.000158,0,0,0,0,0
5,16,expert,1361.374489,1361.561978,0.187489,210665472,0,0,12,0
5,16,compute,1361.325726,1361.674237,0.348512,0,0,0,0,0
5,17,trunk,1361.674239,1361.677736,0.003497,0,-271,0,0,0
5,17,widen,1361.721222,1361.721397,0.000176,0,0,0,0,0
5,17,expert,1361.721398,1361.928958,0.207560,245776384,0,0,14,0
5,17,compute,1361.677739,1362.046290,0.368552,0,0,0,0,0
5,18,trunk,1362.046292,1362.049816,0.003525,0,-270,0,0,0
5,18,widen,1362.093950,1362.094111,0.000160,0,0,0,0,0
5,18,expert,1362.094111,1362.292681,0.198569,228220928,0,0,13,0
5,18,compute,1362.049818,1362.389987,0.340170,0,0,0,0,0
5,19,trunk,1362.389988,1362.393488,0.003500,0,-269,0,0,0
5,19,widen,1362.414134,1362.414309,0.000175,0,0,0,0,0
5,19,expert,1362.414310,1362.614189,0.199879,228220928,0,0,13,0
5,19,compute,1362.393490,1362.709036,0.315546,0,0,0,0,0
5,20,trunk,1362.709037,1362.712519,0.003482,0,-268,0,0,0
5,20,widen,1362.755807,1362.755946,0.000139,0,0,0,0,0
5,20,expert,1362.755947,1362.923135,0.167188,193110016,0,0,11,0
5,20,compute,1362.712521,1363.042158,0.329637,0,0,0,0,0
5,21,trunk,1363.042159,1363.045315,0.003156,0,-267,0,0,0
5,21,widen,1363.109105,1363.109276,0.000171,0,0,0,0,0
5,21,expert,1363.109276,1363.847088,0.737812,245776384,0,0,14,0
5,21,compute,1363.045370,1363.954243,0.908873,0,0,0,0,0
5,22,trunk,1363.954244,1363.957780,0.003536,645562368,-267,1,0,0
5,22,widen,1364.011194,1364.011370,0.000176,0,0,0,0,0
5,22,expert,1364.011371,1364.572288,0.560916,228220928,0,0,13,0
5,22,compute,1363.957834,1364.685604,0.727770,0,0,0,0,0
5,23,trunk,1364.685606,1364.689083,0.003477,431890432,-268,1,0,0
5,23,widen,1364.727636,1364.727807,0.000170,0,0,0,0,0
5,23,expert,1364.727808,1365.424051,0.696243,228220928,0,0,13,0
5,23,compute,1364.689108,1365.538208,0.849100,0,0,0,0,0
5,24,trunk,1365.538209,1365.541673,0.003464,645562368,-269,1,0,0
5,24,widen,1365.601145,1365.601320,0.000176,0,0,0,0,0
5,24,expert,1365.601322,1366.408397,0.807076,245776384,0,0,14,0
5,24,compute,1365.541695,1366.520079,0.978383,0,0,0,0,0
5,25,trunk,1366.520080,1366.523500,0.003420,645562368,-270,1,0,0
5,25,widen,1366.583482,1366.583760,0.000278,0,0,0,0,0
5,25,expert,1366.583761,1367.360763,0.777002,280887296,0,0,16,0
5,25,compute,1366.524150,1367.476051,0.951901,0,0,0,0,0
5,26,trunk,1367.476053,1367.479518,0.003466,645562368,-271,1,0,0
5,26,widen,1367.543513,1367.543662,0.000149,0,0,0,0,0
5,26,expert,1367.543663,1368.047889,0.504226,193110016,0,0,11,0
5,26,compute,1367.479547,1368.162722,0.683174,0,0,0,0,0
5,27,trunk,1368.162723,1368.166541,0.003818,431890432,-272,1,0,0
5,27,widen,1368.202326,1368.202513,0.000187,0,0,0,0,0
5,27,expert,1368.202514,1368.932442,0.729927,263331840,0,0,15,0
5,27,compute,1368.166589,1369.050217,0.883628,0,0,0,0,0
5,28,trunk,1369.050219,1369.053947,0.003728,645562368,-273,1,0,0
5,28,widen,1369.112194,1369.112372,0.000178,0,0,0,0,0
5,28,expert,1369.112374,1369.815674,0.703301,263331840,0,0,15,0
5,28,compute,1369.053971,1369.911628,0.857658,0,0,0,0,0
5,29,trunk,1369.911630,1369.915068,0.003438,645562368,-274,1,0,0
5,29,widen,1369.975419,1369.975599,0.000180,0,0,0,0,0
5,29,expert,1369.975600,1370.733545,0.757945,245776384,0,0,14,0
5,29,compute,1369.915092,1370.830093,0.915000,0,0,0,0,0
5,30,trunk,1370.830095,1370.833713,0.003618,645562368,-275,1,0,0
5,30,widen,1370.884586,1370.884798,0.000212,0,0,0,0,0
5,30,expert,1370.884819,1371.461122,0.576303,245776384,0,0,14,0
5,30,compute,1370.833735,1371.558467,0.724732,0,0,0,0,0
5,31,trunk,1371.558469,1371.562146,0.003677,431890432,-276,1,0,0
5,31,widen,1371.603440,1371.603620,0.000180,0,0,0,0,0
5,31,expert,1371.603620,1372.363391,0.759770,245776384,0,0,14,0
5,31,compute,1371.562200,1372.479027,0.916827,0,0,0,0,0
5,32,trunk,1372.479029,1372.482448,0.003419,645562368,-277,1,0,0
5,32,widen,1372.541287,1372.541451,0.000164,0,0,0,0,0
5,32,expert,1372.541452,1373.275550,0.734099,228220928,0,0,13,0
5,32,compute,1372.482468,1373.373884,0.891415,0,0,0,0,0
5,33,trunk,1373.373885,1373.377410,0.003525,645562368,-278,1,0,0
5,33,widen,1373.436815,1373.436938,0.000122,0,0,0,0,0
5,33,expert,1373.436939,1374.161510,0.724571,157999104,0,0,9,0
5,33,compute,1373.377427,1374.263092,0.885665,0,0,0,0,0
5,34,trunk,1374.263094,1374.266615,0.003520,645562368,-279,1,0,0
5,34,widen,1374.318202,1374.318403,0.000201,0,0,0,0,0
5,34,expert,1374.318404,1374.880167,0.561763,263331840,0,0,15,0
5,34,compute,1374.266646,1374.990231,0.723585,0,0,0,0,0
5,35,trunk,1374.990233,1374.993587,0.003355,431890432,-280,1,0,0
5,35,widen,1375.030907,1375.031100,0.000193,0,0,0,0,0
5,35,expert,1375.031101,1375.784046,0.752945,263331840,0,0,15,0
5,35,compute,1374.993632,1375.922401,0.928769,0,0,0,0,0
5,36,trunk,1375.922403,1375.926397,0.003995,645562368,-281,1,0,0
5,36,widen,1375.984669,1375.984906,0.000237,0,0,0,0,0
5,36,expert,1375.984907,1376.753071,0.768163,263331840,0,0,15,0
5,36,compute,1375.926445,1376.854588,0.928143,0,0,0,0,0
5,37,trunk,1376.854590,1376.858205,0.003615,645562368,-282,1,0,0
5,37,widen,1376.916743,1376.916929,0.000186,0,0,0,0,0
5,37,expert,1376.916930,1377.670067,0.753138,245776384,0,0,14,0
5,37,compute,1376.858226,1377.769251,0.911025,0,0,0,0,0
5,38,trunk,1377.769253,1377.773030,0.003777,645562368,-283,1,0,0
5,38,widen,1377.828774,1377.828956,0.000182,0,0,0,0,0
5,38,expert,1377.828957,1378.322266,0.493308,193110016,0,0,11,0
5,38,compute,1377.773054,1378.440047,0.666993,0,0,0,0,0
5,39,trunk,1378.440049,1378.443801,0.003752,431890432,-284,1,0,0
5,39,widen,1378.490326,1378.490493,0.000167,0,0,0,0,0
5,39,expert,1378.490494,1379.209007,0.718513,210665472,0,0,12,0
5,39,compute,1378.443825,1379.322177,0.878352,0,0,0,0,0
5,40,trunk,1379.322179,1379.325611,0.003433,645562368,-285,1,0,0
5,40,widen,1379.417346,1379.417513,0.000167,0,0,0,0,0
5,40,expert,1379.417514,1380.108550,0.691036,210665472,0,0,12,0
5,40,compute,1379.325634,1380.200506,0.874872,0,0,0,0,0
5,41,trunk,1380.200508,1380.203961,0.003453,645562368,-286,1,0,0
5,41,widen,1380.263224,1380.263389,0.000165,0,0,0,0,0
5,41,expert,1380.263390,1380.964048,0.700658,210665472,0,0,12,0
5,41,compute,1380.203987,1381.082213,0.878226,0,0,0,0,0
5,42,trunk,1381.082215,1381.085621,0.003406,645562368,-287,1,0,0
5,42,widen,1381.153668,1381.153800,0.000132,0,0,0,0,0
5,42,expert,1381.153801,1381.625372,0.471571,157999104,0,0,9,0
5,42,compute,1381.085682,1381.724082,0.638400,0,0,0,0,0
5,43,trunk,1381.724084,1381.727781,0.003698,431890432,-288,1,0,0
5,43,widen,1381.762778,1381.762938,0.000160,0,0,0,0,0
5,43,expert,1381.762939,1382.440737,0.677798,193110016,0,0,11,0
5,43,compute,1381.727805,1382.542949,0.815144,0,0,0,0,0
5,44,trunk,1382.542951,1382.546418,0.003467,645562368,-289,1,0,0
5,44,widen,1382.605764,1382.605941,0.000177,0,0,0,0,0
5,44,expert,1382.605942,1383.250970,0.645028,245776384,0,0,14,0
5,44,compute,1382.546444,1383.351805,0.805361,0,0,0,0,0
5,45,trunk,1383.351807,1383.373384,0.021577,645562368,-290,1,0,0
5,45,widen,1383.434962,1383.435113,0.000151,0,0,0,0,0
5,45,expert,1383.435114,1384.158553,0.723439,193110016,0,0,11,0
5,45,compute,1383.373439,1384.270213,0.896774,0,0,0,0,0
5,46,trunk,1384.270215,1384.273717,0.003501,645562368,-291,1,0,0
5,46,widen,1384.324543,1384.324699,0.000156,0,0,0,0,0
5,46,expert,1384.324700,1384.852794,0.528094,193110016,0,0,11,0
5,46,compute,1384.273740,1384.952144,0.678404,0,0,0,0,0
5,47,trunk,1384.952147,1384.955670,0.003524,431890432,-292,1,0,0
5,47,widen,1384.996399,1384.996575,0.000176,0,0,0,0,0
5,47,expert,1384.996576,1385.729361,0.732785,228220928,0,0,13,0
5,47,compute,1384.955696,1385.839253,0.883557,0,0,0,0,0
5,48,trunk,1385.839255,1385.843676,0.004421,645562368,-293,1,0,0
5,48,widen,1385.903094,1385.903258,0.000165,0,0,0,0,0
5,48,expert,1385.903259,1386.603011,0.699752,210665472,0,0,12,0
5,48,compute,1385.843703,1386.714264,0.870560,0,0,0,0,0
5,49,trunk,1386.714266,1386.718024,0.003758,645562368,-294,1,0,0
5,49,widen,1386.777898,1386.778098,0.000200,0,0,0,0,0
5,49,expert,1386.778099,1387.567753,0.789655,263331840,0,0,15,0
5,49,compute,1386.718046,1387.672633,0.954587,0,0,0,0,0
5,50,trunk,1387.672635,1387.676959,0.004325,645562368,-295,1,0,0
5,50,widen,1387.730303,1387.730475,0.000171,0,0,0,0,0
5,50,expert,1387.730476,1388.274258,0.543783,228220928,0,0,13,0
5,50,compute,1387.676980,1388.373267,0.696286,0,0,0,0,0
5,51,trunk,1388.373268,1388.377151,0.003883,431890432,-296,1,0,0
5,51,widen,1388.414038,1388.414208,0.000169,0,0,0,0,0
5,51,expert,1388.414208,1389.133161,0.718953,228220928,0,0,13,0
5,51,compute,1388.377175,1389.231158,0.853984,0,0,0,0,0
5,52,trunk,1389.231160,1389.234581,0.003420,645562368,-297,1,0,0
5,52,widen,1389.291543,1389.291699,0.000156,0,0,0,0,0
5,52,expert,1389.291700,1389.996980,0.705280,210665472,0,0,12,0
5,52,compute,1389.234609,1390.110345,0.875736,0,0,0,0,0
5,53,trunk,1390.110347,1390.114269,0.003922,645562368,-298,1,0,0
5,53,widen,1390.174703,1390.174885,0.000183,0,0,0,0,0
5,53,expert,1390.174886,1390.901080,0.726194,228220928,0,0,13,0
5,53,compute,1390.114293,1391.014545,0.900253,0,0,0,0,0
5,54,trunk,1391.014547,1391.018022,0.003475,645562368,-299,1,0,0
5,54,widen,1391.072480,1391.072739,0.000259,0,0,0,0,0
5,54,expert,1391.072740,1391.627483,0.554743,245776384,0,0,14,0
5,54,compute,1391.018045,1391.735045,0.717000,0,0,0,0,0
5,55,trunk,1391.735046,1391.738640,0.003594,431890432,-300,1,0,0
5,55,widen,1391.813300,1391.813473,0.000174,0,0,0,0,0
5,55,expert,1391.813474,1392.517428,0.703953,228220928,0,0,13,0
5,55,compute,1391.738669,1392.638998,0.900328,0,0,0,0,0
5,56,trunk,1392.639000,1392.642642,0.003642,645562368,-301,1,0,0
5,56,widen,1392.700213,1392.700416,0.000203,0,0,0,0,0
5,56,expert,1392.700417,1393.463455,0.763038,263331840,0,0,15,0
5,56,compute,1392.642667,1393.587107,0.944440,0,0,0,0,0
5,57,trunk,1393.587109,1393.590549,0.003441,645562368,-302,1,0,0
5,57,widen,1393.655370,1393.655577,0.000207,0,0,0,0,0
5,57,expert,1393.655578,1394.419256,0.763678,263331840,0,0,15,0
5,57,compute,1393.590572,1394.526187,0.935615,0,0,0,0,0
5,58,trunk,1394.526189,1394.529750,0.003561,645562368,-303,1,0,0
5,58,widen,1394.580983,1394.581129,0.000146,0,0,0,0,0
5,58,expert,1394.581130,1395.091665,0.510535,175554560,0,0,10,0
5,58,compute,1394.529772,1395.198245,0.668473,0,0,0,0,0
5,59,trunk,1395.198247,1395.201773,0.003526,431890432,-304,1,0,0
5,59,widen,1395.238426,1395.238629,0.000204,0,0,0,0,0
5,59,expert,1395.238630,1395.945525,0.706895,175554560,0,0,10,0
5,59,compute,1395.201796,1396.066495,0.864699,0,0,0,0,0
5,60,trunk,1396.066497,1396.070211,0.003714,645562368,-305,1,0,0
5,60,widen,1396.129507,1396.129836,0.000329,0,0,0,0,0
5,60,expert,1396.129837,1396.878124,0.748287,228220928,0,0,13,0
5,60,compute,1396.070238,1397.002221,0.931983,0,0,0,0,0
5,61,trunk,1397.002223,1397.005617,0.003395,645562368,-306,1,0,0
5,61,widen,1397.066720,1397.066972,0.000251,0,0,0,0,0
5,61,expert,1397.066973,1397.807023,0.740049,245776384,0,0,14,0
5,61,compute,1397.005656,1397.901011,0.895354,0,0,0,0,0
5,62,trunk,1397.901013,1397.904771,0.003758,645562368,-307,1,0,0
5,62,widen,1397.959240,1397.959382,0.000142,0,0,0,0,0
5,62,expert,1397.959383,1398.455170,0.495787,175554560,0,0,10,0
5,62,compute,1397.904791,1398.570250,0.665459,0,0,0,0,0
5,63,trunk,1398.570252,1398.574098,0.003846,431890432,-308,1,0,0
5,63,widen,1398.611575,1398.611779,0.000204,0,0,0,0,0
5,63,expert,1398.611780,1399.373774,0.761994,245776384,0,0,14,0
5,63,compute,1398.574166,1399.486232,0.912067,0,0,0,0,0
5,64,trunk,1399.486234,1399.489711,0.003477,645562368,-309,1,0,0
5,64,widen,1399.551153,1399.551349,0.000196,0,0,0,0,0
5,64,expert,1399.551350,1400.212310,0.660960,210665472,0,0,12,0
5,64,compute,1399.489734,1400.327661,0.837927,0,0,0,0,0
5,65,trunk,1400.327663,1400.331189,0.003526,645562368,-310,1,0,0
5,65,widen,1400.386348,1400.386525,0.000177,0,0,0,0,0
5,65,expert,1400.386526,1401.124071,0.737545,228220928,0,0,13,0
5,65,compute,1400.331214,1401.235004,0.903791,0,0,0,0,0
5,66,trunk,1401.235006,1401.238358,0.003352,645562368,-311,1,0,0
5,66,widen,1401.317936,1401.318124,0.000188,0,0,0,0,0
5,66,expert,1401.318125,1401.846155,0.528030,228220928,0,0,13,0
5,66,compute,1401.238381,1401.963207,0.724826,0,0,0,0,0
5,67,trunk,1401.963231,1401.966945,0.003714,431890432,-312,1,0,0
5,67,widen,1402.002566,1402.002772,0.000205,0,0,0,0,0
5,67,expert,1402.002773,1402.768868,0.766095,245776384,0,0,14,0
5,67,compute,1401.966975,1402.878237,0.911261,0,0,0,0,0
5,68,trunk,1402.878239,1402.882202,0.003964,645562368,-313,1,0,0
5,68,widen,1402.938931,1402.939122,0.000192,0,0,0,0,0
5,68,expert,1402.939123,1403.694608,0.755485,263331840,0,0,15,0
5,68,compute,1402.882261,1403.814184,0.931923,0,0,0,0,0
5,69,trunk,1403.814185,1403.821550,0.007365,645562368,-314,1,0,0
5,69,widen,1403.884840,1403.884993,0.000153,0,0,0,0,0
5,69,expert,1403.884994,1404.584266,0.699272,175554560,0,0,10,0
5,69,compute,1403.821573,1404.702834,0.881261,0,0,0,0,0
5,70,trunk,1404.702836,1404.706538,0.003702,645562368,-315,1,0,0
5,70,widen,1404.760105,1404.760260,0.000155,0,0,0,0,0
5,70,expert,1404.760261,1405.098376,0.338116,140443648,0,0,8,0
5,70,compute,1404.706561,1405.206195,0.499633,0,0,0,0,0
5,71,trunk,1405.206197,1405.225769,0.019572,431890432,-316,1,0,0
5,71,widen,1405.263691,1405.263872,0.000181,0,0,0,0,0
5,71,expert,1405.263872,1406.064259,0.800387,228220928,0,0,13,0
5,71,compute,1405.225829,1406.186244,0.960414,0,0,0,0,0
5,72,trunk,1406.186246,1406.189899,0.003653,645562368,-317,1,0,0
5,72,widen,1406.251618,1406.251801,0.000182,0,0,0,0,0
5,72,expert,1406.251801,1406.976053,0.724252,210665472,0,0,12,0
5,72,compute,1406.189920,1407.090177,0.900257,0,0,0,0,0
5,73,trunk,1407.090179,1407.093761,0.003582,645562368,-318,1,0,0
5,73,widen,1407.160770,1407.160948,0.000178,0,0,0,0,0
5,73,expert,1407.160949,1407.879091,0.718142,210665472,0,0,12,0
5,73,compute,1407.093790,1407.998224,0.904434,0,0,0,0,0
5,74,trunk,1407.998226,1408.001805,0.003579,645562368,-319,1,0,0
5,74,widen,1408.062118,1408.062259,0.000141,0,0,0,0,0
5,74,expert,1408.062260,1408.534946,0.472686,157999104,0,0,9,0
5,74,compute,1408.001827,1408.650176,0.648349,0,0,0,0,0
5,75,trunk,1408.650178,1408.653711,0.003533,431890432,-320,1,0,0
5,75,widen,1408.689752,1408.689887,0.000134,0,0,0,0,0
5,75,expert,1408.689887,1409.106751,0.416863,140443648,0,0,8,0
5,75,compute,1408.653732,1409.226173,0.572441,0,0,0,0,0
5,76,trunk,1409.226175,1409.389253,0.163078,645562368,-321,1,0,0
5,76,widen,1409.448758,1409.448939,0.000180,0,0,0,0,0
5,76,expert,1409.448940,1410.149928,0.700989,228220928,0,0,13,0
5,76,compute,1409.389309,1410.272073,0.882764,0,0,0,0,0
5,77,trunk,1410.272075,1410.275771,0.003696,645562368,-322,1,0,0
5,77,widen,1410.344125,1410.344288,0.000163,0,0,0,0,0
5,77,expert,1410.344289,1411.019857,0.675567,157999104,0,0,9,0
5,77,compute,1410.275794,1411.113577,0.837783,0,0,0,0,0
5,78,trunk,1411.113578,1411.117074,0.003496,645562368,-323,1,0,0
5,78,widen,1411.170317,1411.170484,0.000166,0,0,0,0,0
5,78,expert,1411.170484,1411.576328,0.405843,175554560,0,0,10,0
5,78,compute,1411.117097,1411.671111,0.554015,0,0,0,0,0
5,79,trunk,1411.671113,1411.689109,0.017996,431890432,-324,1,0,0
5,79,widen,1411.727232,1411.727792,0.000560,0,0,0,0,0
5,79,expert,1411.727825,1412.373841,0.646016,157999104,0,0,9,0
5,79,compute,1411.689165,1412.486170,0.797005,0,0,0,0,0
5,80,trunk,1412.486171,1412.489211,0.003040,645562368,-325,1,0,0
5,80,widen,1412.544842,1412.545051,0.000209,0,0,0,0,0
5,80,expert,1412.545051,1413.268966,0.723915,228220928,0,0,13,0
5,80,compute,1412.489232,1413.364889,0.875657,0,0,0,0,0
5,81,trunk,1413.364891,1413.368383,0.003491,645562368,-326,1,0,0
5,81,widen,1413.434070,1413.434273,0.000203,0,0,0,0,0
5,81,expert,1413.434274,1414.199602,0.765328,245776384,0,0,14,0
5,81,compute,1413.368403,1414.311536,0.943133,0,0,0,0,0
5,82,trunk,1414.311538,1414.315385,0.003847,645562368,-327,1,0,0
5,82,widen,1414.366643,1414.366839,0.000196,0,0,0,0,0
5,82,expert,1414.366840,1414.921719,0.554878,228220928,0,0,13,0
5,82,compute,1414.315427,1415.038529,0.723101,0,0,0,0,0
5,83,trunk,1415.038531,1415.042071,0.003541,431890432,-328,1,0,0
5,83,widen,1415.093464,1415.093646,0.000182,0,0,0,0,0
5,83,expert,1415.093647,1415.829838,0.736191,210665472,0,0,12,0
5,83,compute,1415.042092,1415.946168,0.904076,0,0,0,0,0
5,84,trunk,1415.946170,1415.949576,0.003407,645562368,-329,1,0,0
5,84,widen,1416.006973,1416.007176,0.000203,0,0,0,0,0
5,84,expert,1416.007177,1416.749759,0.742582,228220928,0,0,13,0
5,84,compute,1415.949598,1416.844118,0.894521,0,0,0,0,0
5,85,trunk,1416.844120,1416.847809,0.003689,645562368,-330,1,0,0
5,85,widen,1416.905695,1416.905912,0.000217,0,0,0,0,0
5,85,expert,1416.905913,1417.636186,0.730273,228220928,0,0,13,0
5,85,compute,1416.847860,1417.732095,0.884235,0,0,0,0,0
5,86,trunk,1417.732096,1417.735452,0.003356,645562368,-331,1,0,0
5,86,widen,1417.787848,1417.788072,0.000223,0,0,0,0,0
5,86,expert,1417.788072,1418.333298,0.545225,210665472,0,0,12,0
5,86,compute,1417.735483,1418.438443,0.702960,0,0,0,0,0
5,87,trunk,1418.438445,1418.442113,0.003668,431890432,-332,1,0,0
5,87,widen,1418.483613,1418.483768,0.000156,0,0,0,0,0
5,87,expert,1418.483770,1419.131138,0.647368,157999104,0,0,9,0
5,87,compute,1418.442138,1419.246628,0.804489,0,0,0,0,0
5,88,trunk,1419.246629,1419.250270,0.003641,645562368,-333,1,0,0
5,88,widen,1419.311627,1419.311869,0.000243,0,0,0,0,0
5,88,expert,1419.311870,1420.040946,0.729076,228220928,0,0,13,0
5,88,compute,1419.250292,1420.158933,0.908641,0,0,0,0,0
5,89,trunk,1420.158934,1420.162672,0.003737,645562368,-334,1,0,0
5,89,widen,1420.228378,1420.228530,0.000151,0,0,0,0,0
5,89,expert,1420.228530,1420.928336,0.699806,175554560,0,0,10,0
5,89,compute,1420.162694,1421.033802,0.871108,0,0,0,0,0
5,90,trunk,1421.033805,1421.037222,0.003417,645562368,-335,1,0,0
5,90,widen,1421.088317,1421.088480,0.000163,0,0,0,0,0
5,90,expert,1421.088481,1421.583184,0.494704,175554560,0,0,10,0
5,90,compute,1421.037243,1421.695777,0.658535,0,0,0,0,0
5,91,trunk,1421.695779,1421.699532,0.003753,431890432,-336,1,0,0
5,91,widen,1421.737038,1421.737194,0.000155,0,0,0,0,0
5,91,expert,1421.737194,1422.219871,0.482677,157999104,0,0,9,0
5,91,compute,1421.699557,1422.322988,0.623431,0,0,0,0,0
5,92,trunk,1422.322990,1422.326569,0.003579,431890432,-337,1,0,0
5,92,widen,1422.354184,1422.354398,0.000214,0,0,0,0,0
5,92,expert,1422.354399,1422.528818,0.174419,210665472,0,0,12,0
5,92,compute,1422.326570,1422.632605,0.306034,0,0,0,0,0
6,0,trunk,1422.733301,1422.733338,0.000037,0,-337,0,0,0
6,0,compute,1422.733338,1422.845414,0.112076,0,0,0,0,0
6,1,trunk,1422.845416,1422.848886,0.003470,0,-336,0,0,0
6,1,widen,1422.898732,1422.898912,0.000180,0,0,0,0,0
6,1,expert,1422.898913,1423.100401,0.201488,245776384,0,0,14,0
6,1,compute,1422.848888,1423.196736,0.347848,0,0,0,0,0
6,2,trunk,1423.196738,1423.200178,0.003440,0,-335,0,0,0
6,2,widen,1423.241078,1423.241409,0.000330,0,0,0,0,0
6,2,expert,1423.241410,1423.421186,0.179776,210665472,0,0,12,0
6,2,compute,1423.200180,1423.536039,0.335859,0,0,0,0,0
6,3,trunk,1423.536040,1423.539412,0.003372,0,-334,0,0,0
6,3,widen,1423.588944,1423.589101,0.000158,0,0,0,0,0
6,3,expert,1423.589103,1423.736828,0.147725,175554560,0,0,10,0
6,3,compute,1423.539414,1423.854218,0.314804,0,0,0,0,0
6,4,trunk,1423.854220,1423.857876,0.003656,0,-333,0,0,0
6,4,widen,1423.907964,1423.908260,0.000295,0,0,0,0,0
6,4,expert,1423.908260,1424.089439,0.181179,210665472,0,0,12,0
6,4,compute,1423.857878,1424.212043,0.354165,0,0,0,0,0
6,5,trunk,1424.212044,1424.215464,0.003420,0,-332,0,0,0
6,5,widen,1424.273032,1424.273128,0.000097,0,0,0,0,0
6,5,expert,1424.273129,1424.376180,0.103051,122888192,0,0,7,0
6,5,compute,1424.215466,1424.496055,0.280589,0,0,0,0,0
6,6,trunk,1424.496057,1424.508630,0.012573,0,-331,0,0,0
6,6,widen,1424.556606,1424.556778,0.000172,0,0,0,0,0
6,6,expert,1424.556779,1424.782133,0.225354,263331840,0,0,15,0
6,6,compute,1424.508633,1424.898872,0.390240,0,0,0,0,0
6,7,trunk,1424.898874,1424.902529,0.003654,0,-330,0,0,0
6,7,widen,1424.928597,1424.928784,0.000187,0,0,0,0,0
6,7,expert,1424.928784,1425.134555,0.205771,245776384,0,0,14,0
6,7,compute,1424.902531,1425.250677,0.348147,0,0,0,0,0
6,8,trunk,1425.250679,1425.254669,0.003990,0,-329,0,0,0
6,8,widen,1425.304825,1425.305009,0.000184,0,0,0,0,0
6,8,expert,1425.305010,1425.513629,0.208619,245776384,0,0,14,0
6,8,compute,1425.254671,1425.630648,0.375977,0,0,0,0,0
6,9,trunk,1425.630649,1425.634596,0.003947,0,-328,0,0,0
6,9,widen,1425.682532,1425.682679,0.000147,0,0,0,0,0
6,9,expert,1425.682679,1425.866556,0.183876,210665472,0,0,12,0
6,9,compute,1425.634598,1425.999765,0.365167,0,0,0,0,0
6,10,trunk,1425.999767,1426.004211,0.004443,0,-327,0,0,0
6,10,widen,1426.049646,1426.049770,0.000124,0,0,0,0,0
6,10,expert,1426.049771,1426.198506,0.148735,175554560,0,0,10,0
6,10,compute,1426.004213,1426.318314,0.314102,0,0,0,0,0
6,11,trunk,1426.318337,1426.321768,0.003431,0,-326,0,0,0
6,11,widen,1426.347517,1426.347674,0.000157,0,0,0,0,0
6,11,expert,1426.347675,1426.532181,0.184507,210665472,0,0,12,0
6,11,compute,1426.321769,1426.646173,0.324404,0,0,0,0,0
6,12,trunk,1426.646175,1426.649588,0.003413,0,-325,0,0,0
6,12,widen,1426.697652,1426.697806,0.000154,0,0,0,0,0
6,12,expert,1426.697807,1426.903375,0.205568,228220928,0,0,13,0
6,12,compute,1426.649590,1427.022207,0.372617,0,0,0,0,0
6,13,trunk,1427.022208,1427.025714,0.003507,0,-324,0,0,0
6,13,widen,1427.071871,1427.072064,0.000194,0,0,0,0,0
6,13,expert,1427.072065,1427.274660,0.202594,228220928,0,0,13,0
6,13,compute,1427.025716,1427.394204,0.368487,0,0,0,0,0
6,14,trunk,1427.394205,1427.397590,0.003384,0,-323,0,0,0
6,14,widen,1427.443637,1427.443834,0.000197,0,0,0,0,0
6,14,expert,1427.443835,1427.689938,0.246103,280887296,0,0,16,0
6,14,compute,1427.397592,1427.803512,0.405921,0,0,0,0,0
6,15,trunk,1427.803514,1427.807302,0.003788,0,-322,0,0,0
6,15,widen,1427.833182,1427.833337,0.000155,0,0,0,0,0
6,15,expert,1427.833338,1428.044736,0.211397,245776384,0,0,14,0
6,15,compute,1427.807304,1428.142915,0.335610,0,0,0,0,0
6,16,trunk,1428.142917,1428.146437,0.003520,0,-321,0,0,0
6,16,widen,1428.191684,1428.191824,0.000141,0,0,0,0,0
6,16,expert,1428.191825,1428.363097,0.171272,193110016,0,0,11,0
6,16,compute,1428.146438,1428.478236,0.331798,0,0,0,0,0
6,17,trunk,1428.478238,1428.481845,0.003608,0,-320,0,0,0
6,17,widen,1428.529140,1428.529311,0.000171,0,0,0,0,0
6,17,expert,1428.529312,1428.723046,0.193734,228220928,0,0,13,0
6,17,compute,1428.481848,1428.846821,0.364973,0,0,0,0,0
6,18,trunk,1428.846822,1428.850412,0.003590,0,-319,0,0,0
6,18,widen,1428.895827,1428.895962,0.000135,0,0,0,0,0
6,18,expert,1428.895962,1429.073748,0.177786,210665472,0,0,12,0
6,18,compute,1428.850414,1429.200785,0.350371,0,0,0,0,0
6,19,trunk,1429.200786,1429.204394,0.003608,0,-318,0,0,0
6,19,widen,1429.246080,1429.246245,0.000165,0,0,0,0,0
6,19,expert,1429.246250,1429.455598,0.209348,245776384,0,0,14,0
6,19,compute,1429.204395,1429.553893,0.349498,0,0,0,0,0
6,20,trunk,1429.553894,1429.557874,0.003979,0,-317,0,0,0
6,20,widen,1429.630275,1429.630419,0.000144,0,0,0,0,0
6,20,expert,1429.630420,1429.784875,0.154455,175554560,0,0,10,0
6,20,compute,1429.557875,1429.900467,0.342591,0,0,0,0,0
6,21,trunk,1429.900468,1429.904295,0.003827,0,-316,0,0,0
6,21,widen,1429.971041,1429.971190,0.000148,0,0,0,0,0
6,21,expert,1429.971191,1430.704053,0.732862,228220928,0,0,13,0
6,21,compute,1429.904316,1430.818231,0.913915,0,0,0,0,0
6,22,trunk,1430.818232,1430.821636,0.003403,645562368,-316,1,0,0
6,22,widen,1430.878042,1430.878197,0.000154,0,0,0,0,0
6,22,expert,1430.878198,1431.396170,0.517972,175554560,0,0,10,0
6,22,compute,1430.821658,1431.492552,0.670893,0,0,0,0,0
6,23,trunk,1431.492553,1431.497005,0.004452,431890432,-317,1,0,0
6,23,widen,1431.535536,1431.535690,0.000154,0,0,0,0,0
6,23,expert,1431.535691,1432.215115,0.679424,210665472,0,0,12,0
6,23,compute,1431.497062,1432.330540,0.833478,0,0,0,0,0
6,24,trunk,1432.330545,1432.334154,0.003609,645562368,-318,1,0,0
6,24,widen,1432.387651,1432.387821,0.000170,0,0,0,0,0
6,24,expert,1432.387822,1433.229123,0.841301,263331840,0,0,15,0
6,24,compute,1432.334198,1433.342307,1.008109,0,0,0,0,0
6,25,trunk,1433.342309,1433.345802,0.003493,645562368,-319,1,0,0
6,25,widen,1433.406610,1433.406786,0.000176,0,0,0,0,0
6,25,expert,1433.406787,1434.139659,0.732873,228220928,0,0,13,0
6,25,compute,1433.345824,1434.241078,0.895254,0,0,0,0,0
6,26,trunk,1434.241080,1434.244617,0.003537,645562368,-320,1,0,0
6,26,widen,1434.301008,1434.301178,0.000170,0,0,0,0,0
6,26,expert,1434.301178,1434.828262,0.527084,228220928,0,0,13,0
6,26,compute,1434.244636,1434.950274,0.705638,0,0,0,0,0
6,27,trunk,1434.950295,1434.954242,0.003947,431890432,-321,1,0,0
6,27,widen,1434.991244,1434.991439,0.000195,0,0,0,0,0
6,27,expert,1434.991440,1435.716581,0.725141,263331840,0,0,15,0
6,27,compute,1434.954345,1435.838222,0.883878,0,0,0,0,0
6,28,trunk,1435.838224,1435.842006,0.003782,645562368,-322,1,0,0
6,28,widen,1435.903295,1435.903490,0.000194,0,0,0,0,0
6,28,expert,1435.903491,1436.536412,0.632921,245776384,0,0,14,0
6,28,compute,1435.842037,1436.654191,0.812154,0,0,0,0,0
6,29,trunk,1436.654193,1436.657754,0.003561,645562368,-323,1,0,0
6,29,widen,1436.716977,1436.717160,0.000183,0,0,0,0,0
6,29,expert,1436.717161,1437.463577,0.746416,245776384,0,0,14,0
6,29,compute,1436.657806,1437.590258,0.932452,0,0,0,0,0
6,30,trunk,1437.590259,1437.593917,0.003657,645562368,-324,1,0,0
6,30,widen,1437.654154,1437.654294,0.000141,0,0,0,0,0
6,30,expert,1437.654295,1438.169934,0.515639,193110016,0,0,11,0
6,30,compute,1437.593938,1438.291038,0.697100,0,0,0,0,0
6,31,trunk,1438.291040,1438.294677,0.003638,431890432,-325,1,0,0
6,31,widen,1438.333977,1438.334178,0.000201,0,0,0,0,0
6,31,expert,1438.334179,1439.081097,0.746918,228220928,0,0,13,0
6,31,compute,1438.294705,1439.194208,0.899503,0,0,0,0,0
6,32,trunk,1439.194209,1439.198616,0.004406,645562368,-326,1,0,0
6,32,widen,1439.248756,1439.248889,0.000133,0,0,0,0,0
6,32,expert,1439.248891,1439.594462,0.345571,193110016,0,0,11,0
6,32,compute,1439.198798,1439.717233,0.518435,0,0,0,0,0
6,33,trunk,1439.717235,1439.972997,0.255762,645562368,-327,1,0,0
6,33,widen,1440.031400,1440.031564,0.000164,0,0,0,0,0
6,33,expert,1440.031565,1440.826620,0.795056,245776384,0,0,14,0
6,33,compute,1439.973042,1440.962196,0.989154,0,0,0,0,0
6,34,trunk,1440.962198,1440.965803,0.003605,645562368,-328,1,0,0
6,34,widen,1441.024079,1441.024247,0.000167,0,0,0,0,0
6,34,expert,1441.024248,1441.534266,0.510019,245776384,0,0,14,0
6,34,compute,1440.965824,1441.657092,0.691268,0,0,0,0,0
6,35,trunk,1441.657094,1441.665922,0.008828,431890432,-329,1,0,0
6,35,widen,1441.702839,1441.702985,0.000146,0,0,0,0,0
6,35,expert,1441.702986,1442.407746,0.704760,193110016,0,0,11,0
6,35,compute,1441.665940,1442.522268,0.856328,0,0,0,0,0
6,36,trunk,1442.522270,1442.526034,0.003764,645562368,-330,1,0,0
6,36,widen,1442.588303,1442.588486,0.000183,0,0,0,0,0
6,36,expert,1442.588487,1443.334304,0.745817,245776384,0,0,14,0
6,36,compute,1442.526076,1443.454212,0.928136,0,0,0,0,0
6,37,trunk,1443.454213,1443.457712,0.003498,645562368,-331,1,0,0
6,37,widen,1443.522331,1443.522513,0.000182,0,0,0,0,0
6,37,expert,1443.522514,1444.263324,0.740811,245776384,0,0,14,0
6,37,compute,1443.457733,1444.375394,0.917661,0,0,0,0,0
6,38,trunk,1444.375397,1444.380290,0.004893,645562368,-332,1,0,0
6,38,widen,1444.439454,1444.439610,0.000156,0,0,0,0,0
6,38,expert,1444.439611,1444.923490,0.483879,193110016,0,0,11,0
6,38,compute,1444.380318,1445.042252,0.661934,0,0,0,0,0
6,39,trunk,1445.042254,1445.045908,0.003654,431890432,-333,1,0,0
6,39,widen,1445.096169,1445.096353,0.000184,0,0,0,0,0
6,39,expert,1445.096354,1445.730790,0.634436,245776384,0,0,14,0
6,39,compute,1445.045930,1445.850220,0.804289,0,0,0,0,0
6,40,trunk,1445.850221,1445.853719,0.003498,645562368,-334,1,0,0
6,40,widen,1445.918533,1445.918706,0.000172,0,0,0,0,0
6,40,expert,1445.918706,1446.657908,0.739201,228220928,0,0,13,0
6,40,compute,1445.853743,1446.757813,0.904070,0,0,0,0,0
6,41,trunk,1446.757815,1446.761640,0.003825,645562368,-335,1,0,0
6,41,widen,1446.821624,1446.821763,0.000140,0,0,0,0,0
6,41,expert,1446.821764,1447.476013,0.654249,157999104,0,0,9,0
6,41,compute,1446.761663,1447.602167,0.840504,0,0,0,0,0
6,42,trunk,1447.602169,1447.605653,0.003484,645562368,-336,1,0,0
6,42,widen,1447.659298,1447.659404,0.000106,0,0,0,0,0
6,42,expert,1447.659405,1448.058583,0.399177,140443648,0,0,8,0
6,42,compute,1447.605674,1448.166192,0.560518,0,0,0,0,0
6,43,trunk,1448.166194,1448.169686,0.003492,431890432,-337,1,0,0
6,43,widen,1448.205876,1448.206016,0.000140,0,0,0,0,0
6,43,expert,1448.206017,1448.918545,0.712528,157999104,0,0,9,0
6,43,compute,1448.169707,1449.020332,0.850626,0,0,0,0,0
6,44,trunk,1449.020335,1449.023818,0.003483,645562368,-338,1,0,0
6,44,widen,1449.085891,1449.086095,0.000204,0,0,0,0,0
6,44,expert,1449.086096,1449.807726,0.721630,210665472,0,0,12,0
6,44,compute,1449.023844,1449.909262,0.885417,0,0,0,0,0
6,45,trunk,1449.909264,1449.912950,0.003686,645562368,-339,1,0,0
6,45,widen,1449.976173,1449.976318,0.000145,0,0,0,0,0
6,45,expert,1449.976318,1450.688124,0.711805,175554560,0,0,10,0
6,45,compute,1449.912978,1450.807384,0.894406,0,0,0,0,0
6,46,trunk,1450.807386,1450.811392,0.004006,645562368,-340,1,0,0
6,46,widen,1450.866251,1450.866394,0.000143,0,0,0,0,0
6,46,expert,1450.866395,1451.365972,0.499577,175554560,0,0,10,0
6,46,compute,1450.811434,1451.494525,0.683091,0,0,0,0,0
6,47,trunk,1451.494528,1451.498234,0.003707,431890432,-341,1,0,0
6,47,widen,1451.539791,1451.540109,0.000318,0,0,0,0,0
6,47,expert,1451.540111,1452.179799,0.639688,193110016,0,0,11,0
6,47,compute,1451.498263,1452.282264,0.784001,0,0,0,0,0
6,48,trunk,1452.282265,1452.285933,0.003668,645562368,-342,1,0,0
6,48,widen,1452.341118,1452.341304,0.000186,0,0,0,0,0
6,48,expert,1452.341305,1453.048943,0.707638,228220928,0,0,13,0
6,48,compute,1452.285956,1453.194761,0.908806,0,0,0,0,0
6,49,trunk,1453.194764,1453.199358,0.004594,645562368,-343,1,0,0
6,49,widen,1453.259321,1453.259525,0.000204,0,0,0,0,0
6,49,expert,1453.259526,1454.029761,0.770235,263331840,0,0,15,0
6,49,compute,1453.199402,1454.150215,0.950813,0,0,0,0,0
6,50,trunk,1454.150217,1454.153621,0.003405,645562368,-344,1,0,0
6,50,widen,1454.212312,1454.212499,0.000187,0,0,0,0,0
6,50,expert,1454.212500,1454.736722,0.524222,210665472,0,0,12,0
6,50,compute,1454.153649,1454.854316,0.700667,0,0,0,0,0
6,51,trunk,1454.854318,1454.857784,0.003466,431890432,-345,1,0,0
6,51,widen,1454.897190,1454.897383,0.000193,0,0,0,0,0
6,51,expert,1454.897383,1455.602028,0.704645,193110016,0,0,11,0
6,51,compute,1454.857804,1455.699502,0.841697,0,0,0,0,0
6,52,trunk,1455.699504,1455.703308,0.003804,645562368,-346,1,0,0
6,52,widen,1455.760738,1455.760936,0.000198,0,0,0,0,0
6,52,expert,1455.760937,1456.453583,0.692646,228220928,0,0,13,0
6,52,compute,1455.703334,1456.566316,0.862982,0,0,0,0,0
6,53,trunk,1456.566317,1456.569846,0.003529,645562368,-347,1,0,0
6,53,widen,1456.630450,1456.630651,0.000201,0,0,0,0,0
6,53,expert,1456.630652,1457.343824,0.713172,210665472,0,0,12,0
6,53,compute,1456.569868,1457.437737,0.867869,0,0,0,0,0
6,54,trunk,1457.437738,1457.441291,0.003552,645562368,-348,1,0,0
6,54,widen,1457.498035,1457.498224,0.000189,0,0,0,0,0
6,54,expert,1457.498225,1458.019648,0.521423,210665472,0,0,12,0
6,54,compute,1457.441314,1458.127575,0.686261,0,0,0,0,0
6,55,trunk,1458.127577,1458.131058,0.003481,431890432,-349,1,0,0
6,55,widen,1458.163587,1458.163828,0.000240,0,0,0,0,0
6,55,expert,1458.163829,1458.895301,0.731472,210665472,0,0,12,0
6,55,compute,1458.131104,1459.022343,0.891240,0,0,0,0,0
6,56,trunk,1459.022345,1459.025916,0.003571,645562368,-350,1,0,0
6,56,widen,1459.078872,1459.079021,0.000149,0,0,0,0,0
6,56,expert,1459.079021,1459.797419,0.718398,193110016,0,0,11,0
6,56,compute,1459.025944,1459.896438,0.870495,0,0,0,0,0
6,57,trunk,1459.896440,1459.899818,0.003378,645562368,-351,1,0,0
6,57,widen,1459.962010,1459.962224,0.000214,0,0,0,0,0
6,57,expert,1459.962225,1460.705545,0.743320,245776384,0,0,14,0
6,57,compute,1459.899844,1460.826169,0.926325,0,0,0,0,0
6,58,trunk,1460.826171,1460.829980,0.003809,645562368,-352,1,0,0
6,58,widen,1460.883796,1460.883955,0.000159,0,0,0,0,0
6,58,expert,1460.883956,1461.397718,0.513762,175554560,0,0,10,0
6,58,compute,1460.830027,1461.510417,0.680390,0,0,0,0,0
6,59,trunk,1461.510419,1461.514117,0.003698,431890432,-353,1,0,0
6,59,widen,1461.550297,1461.550453,0.000156,0,0,0,0,0
6,59,expert,1461.550454,1462.240905,0.690451,157999104,0,0,9,0
6,59,compute,1461.514139,1462.334452,0.820313,0,0,0,0,0
6,60,trunk,1462.334454,1462.337959,0.003505,645562368,-354,1,0,0
6,60,widen,1462.396491,1462.396903,0.000413,0,0,0,0,0
6,60,expert,1462.396904,1463.145345,0.748440,210665472,0,0,12,0
6,60,compute,1462.337979,1463.258432,0.920453,0,0,0,0,0
6,61,trunk,1463.258434,1463.261884,0.003450,645562368,-355,1,0,0
6,61,widen,1463.316895,1463.317066,0.000170,0,0,0,0,0
6,61,expert,1463.317066,1464.022101,0.705035,210665472,0,0,12,0
6,61,compute,1463.261912,1464.138183,0.876271,0,0,0,0,0
6,62,trunk,1464.138186,1464.141839,0.003653,645562368,-356,1,0,0
6,62,widen,1464.213756,1464.213946,0.000190,0,0,0,0,0
6,62,expert,1464.213947,1464.731122,0.517174,228220928,0,0,13,0
6,62,compute,1464.141861,1464.994724,0.852863,0,0,0,0,0
6,63,trunk,1464.994726,1464.998679,0.003953,431890432,-357,1,0,0
6,63,widen,1465.037580,1465.037765,0.000185,0,0,0,0,0
6,63,expert,1465.037766,1465.766412,0.728646,210665472,0,0,12,0
6,63,compute,1464.998708,1465.882170,0.883463,0,0,0,0,0
6,64,trunk,1465.882172,1465.886154,0.003982,645562368,-358,1,0,0
6,64,widen,1465.946453,1465.946655,0.000202,0,0,0,0,0
6,64,expert,1465.946656,1466.662206,0.715550,210665472,0,0,12,0
6,64,compute,1465.886176,1466.782199,0.896024,0,0,0,0,0
6,65,trunk,1466.782201,1466.785606,0.003405,645562368,-359,1,0,0
6,65,widen,1466.842567,1466.842733,0.000166,0,0,0,0,0
6,65,expert,1466.842734,1467.547679,0.704945,193110016,0,0,11,0
6,65,compute,1466.785627,1467.638234,0.852607,0,0,0,0,0
6,66,trunk,1467.638257,1467.642008,0.003751,645562368,-360,1,0,0
6,66,widen,1467.700244,1467.700526,0.000282,0,0,0,0,0
6,66,expert,1467.700527,1468.212435,0.511908,175554560,0,0,10,0
6,66,compute,1467.642033,1468.308939,0.666906,0,0,0,0,0
6,67,trunk,1468.308940,1468.312415,0.003475,431890432,-361,1,0,0
6,67,widen,1468.349777,1468.350020,0.000243,0,0,0,0,0
6,67,expert,1468.350021,1469.100032,0.750011,228220928,0,0,13,0
6,67,compute,1468.312441,1469.197400,0.884959,0,0,0,0,0
6,68,trunk,1469.197402,1469.201019,0.003617,645562368,-362,1,0,0
6,68,widen,1469.259430,1469.259598,0.000168,0,0,0,0,0
6,68,expert,1469.259599,1469.973203,0.713603,210665472,0,0,12,0
6,68,compute,1469.201040,1470.074169,0.873129,0,0,0,0,0
6,69,trunk,1470.074171,1470.077697,0.003526,645562368,-363,1,0,0
6,69,widen,1470.136976,1470.137180,0.000204,0,0,0,0,0
6,69,expert,1470.137181,1470.864033,0.726851,210665472,0,0,12,0
6,69,compute,1470.077720,1470.953552,0.875832,0,0,0,0,0
6,70,trunk,1470.953554,1470.957096,0.003543,645562368,-364,1,0,0
6,70,widen,1471.015609,1471.015760,0.000151,0,0,0,0,0
6,70,expert,1471.015761,1471.505052,0.489291,175554560,0,0,10,0
6,70,compute,1470.957120,1471.626637,0.669517,0,0,0,0,0
6,71,trunk,1471.626639,1471.630109,0.003470,431890432,-365,1,0,0
6,71,widen,1471.665334,1471.665509,0.000175,0,0,0,0,0
6,71,expert,1471.665510,1472.404683,0.739173,175554560,0,0,10,0
6,71,compute,1471.630131,1472.503159,0.873028,0,0,0,0,0
6,72,trunk,1472.503161,1472.506943,0.003782,645562368,-366,1,0,0
6,72,widen,1472.568284,1472.568449,0.000165,0,0,0,0,0
6,72,expert,1472.568450,1473.280629,0.712179,193110016,0,0,11,0
6,72,compute,1472.506966,1473.398211,0.891245,0,0,0,0,0
6,73,trunk,1473.398213,1473.401988,0.003775,645562368,-367,1,0,0
6,73,widen,1473.457304,1473.457506,0.000202,0,0,0,0,0
6,73,expert,1473.457506,1474.182740,0.725234,228220928,0,0,13,0
6,73,compute,1473.402010,1474.302841,0.900831,0,0,0,0,0
6,74,trunk,1474.302842,1474.306556,0.003714,645562368,-368,1,0,0
6,74,widen,1474.361641,1474.361768,0.000127,0,0,0,0,0
6,74,expert,1474.361769,1474.807335,0.445565,122888192,0,0,7,0
6,74,compute,1474.306579,1474.922837,0.616258,0,0,0,0,0
6,75,trunk,1474.922839,1474.926514,0.003676,431890432,-369,1,0,0
6,75,widen,1474.968939,1474.969069,0.000130,0,0,0,0,0
6,75,expert,1474.969070,1475.629005,0.659935,140443648,0,0,8,0
6,75,compute,1474.926536,1475.728164,0.801628,0,0,0,0,0
6,76,trunk,1475.728166,1475.731915,0.003749,645562368,-370,1,0,0
6,76,widen,1475.791736,1475.791882,0.000146,0,0,0,0,0
6,76,expert,1475.791882,1476.439957,0.648075,175554560,0,0,10,0
6,76,compute,1475.731962,1476.554205,0.822243,0,0,0,0,0
6,77,trunk,1476.554207,1476.557832,0.003625,645562368,-371,1,0,0
6,77,widen,1476.613272,1476.613402,0.000130,0,0,0,0,0
6,77,expert,1476.613402,1477.287196,0.673794,157999104,0,0,9,0
6,77,compute,1476.557862,1477.414207,0.856345,0,0,0,0,0
6,78,trunk,1477.414209,1477.417376,0.003167,645562368,-372,1,0,0
6,78,widen,1477.470388,1477.470570,0.000182,0,0,0,0,0
6,78,expert,1477.470570,1477.991287,0.520716,193110016,0,0,11,0
6,78,compute,1477.417398,1478.102251,0.684853,0,0,0,0,0
6,79,trunk,1478.102253,1478.105710,0.003457,431890432,-373,1,0,0
6,79,widen,1478.144514,1478.144680,0.000166,0,0,0,0,0
6,79,expert,1478.144681,1478.804187,0.659506,157999104,0,0,9,0
6,79,compute,1478.105732,1478.904818,0.799086,0,0,0,0,0
6,80,trunk,1478.904820,1478.909121,0.004301,645562368,-374,1,0,0
6,80,widen,1478.966693,1478.966858,0.000165,0,0,0,0,0
6,80,expert,1478.966859,1479.623953,0.657094,175554560,0,0,10,0
6,80,compute,1478.909141,1479.738187,0.829046,0,0,0,0,0
6,81,trunk,1479.738189,1479.741684,0.003495,645562368,-375,1,0,0
6,81,widen,1479.796692,1479.796888,0.000196,0,0,0,0,0
6,81,expert,1479.796889,1480.543874,0.746985,228220928,0,0,13,0
6,81,compute,1479.741705,1480.657765,0.916060,0,0,0,0,0
6,82,trunk,1480.657767,1480.661416,0.003649,645562368,-376,1,0,0
6,82,widen,1480.716143,1480.716371,0.000228,0,0,0,0,0
6,82,expert,1480.716372,1481.229273,0.512901,193110016,0,0,11,0
6,82,compute,1480.661439,1481.328891,0.667452,0,0,0,0,0
6,83,trunk,1481.328893,1481.332578,0.003685,431890432,-377,1,0,0
6,83,widen,1481.372652,1481.372884,0.000232,0,0,0,0,0
6,83,expert,1481.372885,1482.085917,0.713032,193110016,0,0,11,0
6,83,compute,1481.332597,1482.194199,0.861602,0,0,0,0,0
6,84,trunk,1482.194201,1482.197641,0.003440,645562368,-378,1,0,0
6,84,widen,1482.259339,1482.259534,0.000195,0,0,0,0,0
6,84,expert,1482.259535,1482.983650,0.724115,210665472,0,0,12,0
6,84,compute,1482.197689,1483.082730,0.885040,0,0,0,0,0
6,85,trunk,1483.082731,1483.086280,0.003548,645562368,-379,1,0,0
6,85,widen,1483.142267,1483.142491,0.000224,0,0,0,0,0
6,85,expert,1483.142492,1483.830586,0.688094,175554560,0,0,10,0
6,85,compute,1483.086303,1483.942339,0.856036,0,0,0,0,0
6,86,trunk,1483.942340,1483.945824,0.003484,645562368,-380,1,0,0
6,86,widen,1484.002035,1484.002278,0.000242,0,0,0,0,0
6,86,expert,1484.002279,1484.528466,0.526188,193110016,0,0,11,0
6,86,compute,1483.945847,1484.646222,0.700375,0,0,0,0,0
6,87,trunk,1484.646224,1484.649733,0.003510,431890432,-381,1,0,0
6,87,widen,1484.685583,1484.685735,0.000152,0,0,0,0,0
6,87,expert,1484.685736,1485.364974,0.679238,157999104,0,0,9,0
6,87,compute,1484.649756,1485.462050,0.812294,0,0,0,0,0
6,88,trunk,1485.462052,1485.465456,0.003403,645562368,-382,1,0,0
6,88,widen,1485.530386,1485.530583,0.000197,0,0,0,0,0
6,88,expert,1485.530584,1486.234657,0.704073,193110016,0,0,11,0
6,88,compute,1485.465479,1486.374165,0.908686,0,0,0,0,0
6,89,trunk,1486.374167,1486.378012,0.003845,645562368,-383,1,0,0
6,89,widen,1486.440549,1486.440681,0.000132,0,0,0,0,0
6,89,expert,1486.440682,1487.120480,0.679799,122888192,0,0,7,0
6,89,compute,1486.378037,1487.213926,0.835889,0,0,0,0,0
6,90,trunk,1487.213928,1487.217456,0.003528,645562368,-384,1,0,0
6,90,widen,1487.271196,1487.271335,0.000139,0,0,0,0,0
6,90,expert,1487.271336,1487.742166,0.470830,140443648,0,0,8,0
6,90,compute,1487.217477,1487.855049,0.637572,0,0,0,0,0
6,91,trunk,1487.855050,1487.858606,0.003556,431890432,-385,1,0,0
6,91,widen,1487.912353,1487.912530,0.000176,0,0,0,0,0
6,91,expert,1487.912530,1488.356984,0.444453,140443648,0,0,8,0
6,91,compute,1487.858628,1488.452462,0.593834,0,0,0,0,0
6,92,trunk,1488.452464,1488.455961,0.003498,431890432,-386,1,0,0
6,92,widen,1488.483879,1488.484121,0.000243,0,0,0,0,0
6,92,expert,1488.484123,1488.642364,0.158241,193110016,0,0,11,0
6,92,compute,1488.455963,1488.896846,0.440883,0,0,0,0,0
7,0,trunk,1488.995910,1488.995946,0.000036,0,-386,0,0,0
7,0,compute,1488.995947,1489.109742,0.113795,0,0,0,0,0
7,1,trunk,1489.109743,1489.113349,0.003605,0,-385,0,0,0
7,1,widen,1489.155669,1489.155875,0.000206,0,0,0,0,0
7,1,expert,1489.155875,1489.378431,0.222556,263331840,0,0,15,0
7,1,compute,1489.113351,1489.494538,0.381188,0,0,0,0,0
7,2,trunk,1489.494540,1489.497917,0.003377,0,-384,0,0,0
7,2,widen,1489.556717,1489.556935,0.000218,0,0,0,0,0
7,2,expert,1489.556935,1489.766660,0.209724,245776384,0,0,14,0
7,2,compute,1489.497919,1489.878391,0.380471,0,0,0,0,0
7,3,trunk,1489.878392,1489.881975,0.003583,0,-383,0,0,0
7,3,widen,1489.908976,1489.909149,0.000173,0,0,0,0,0
7,3,expert,1489.909150,1490.057257,0.148107,175554560,0,0,10,0
7,3,compute,1489.881977,1490.170158,0.288181,0,0,0,0,0
7,4,trunk,1490.170160,1490.173531,0.003371,0,-382,0,0,0
7,4,widen,1490.219423,1490.219595,0.000171,0,0,0,0,0
7,4,expert,1490.219596,1490.427566,0.207970,245776384,0,0,14,0
7,4,compute,1490.173532,1490.546155,0.372622,0,0,0,0,0
7,5,trunk,1490.546156,1490.549572,0.003416,0,-381,0,0,0
7,5,widen,1490.595250,1490.595414,0.000164,0,0,0,0,0
7,5,expert,1490.595415,1490.786359,0.190944,228220928,0,0,13,0
7,5,compute,1490.549574,1490.910209,0.360635,0,0,0,0,0
7,6,trunk,1490.910210,1490.913826,0.003616,0,-380,0,0,0
7,6,widen,1490.959232,1490.959410,0.000179,0,0,0,0,0
7,6,expert,1490.959411,1491.183996,0.224585,263331840,0,0,15,0
7,6,compute,1490.913828,1491.302217,0.388389,0,0,0,0,0
7,7,trunk,1491.302218,1491.305805,0.003587,0,-379,0,0,0
7,7,widen,1491.342397,1491.342570,0.000172,0,0,0,0,0
7,7,expert,1491.342571,1491.568028,0.225457,263331840,0,0,15,0
7,7,compute,1491.305806,1491.683006,0.377200,0,0,0,0,0
7,8,trunk,1491.683008,1491.686476,0.003468,0,-378,0,0,0
7,8,widen,1491.733133,1491.733301,0.000168,0,0,0,0,0
7,8,expert,1491.733302,1491.956198,0.222896,263331840,0,0,15,0
7,8,compute,1491.686478,1492.049441,0.362963,0,0,0,0,0
7,9,trunk,1492.049442,1492.052891,0.003449,0,-377,0,0,0
7,9,widen,1492.101767,1492.101955,0.000188,0,0,0,0,0
7,9,expert,1492.101955,1492.319277,0.217322,263331840,0,0,15,0
7,9,compute,1492.052892,1492.434208,0.381315,0,0,0,0,0
7,10,trunk,1492.434228,1492.437578,0.003350,0,-376,0,0,0
7,10,widen,1492.479606,1492.479764,0.000158,0,0,0,0,0
7,10,expert,1492.479765,1492.651236,0.171470,210665472,0,0,12,0
7,10,compute,1492.437580,1492.774314,0.336734,0,0,0,0,0
7,11,trunk,1492.774316,1492.778032,0.003716,0,-375,0,0,0
7,11,widen,1492.815118,1492.815282,0.000165,0,0,0,0,0
7,11,expert,1492.815283,1493.003165,0.187882,228220928,0,0,13,0
7,11,compute,1492.778034,1493.127360,0.349326,0,0,0,0,0
7,12,trunk,1493.127362,1493.130905,0.003544,0,-374,0,0,0
7,12,widen,1493.181607,1493.181781,0.000173,0,0,0,0,0
7,12,expert,1493.181781,1493.364673,0.182892,228220928,0,0,13,0
7,12,compute,1493.130907,1493.479038,0.348131,0,0,0,0,0
7,13,trunk,1493.479039,1493.482601,0.003561,0,-373,0,0,0
7,13,widen,1493.523291,1493.523515,0.000224,0,0,0,0,0
7,13,expert,1493.523516,1493.748454,0.224938,263331840,0,0,15,0
7,13,compute,1493.482603,1493.857583,0.374980,0,0,0,0,0
7,14,trunk,1493.857585,1493.861196,0.003611,0,-372,0,0,0
7,14,widen,1493.902741,1493.902935,0.000194,0,0,0,0,0
7,14,expert,1493.902936,1494.140560,0.237623,280887296,0,0,16,0
7,14,compute,1493.861198,1494.275025,0.413826,0,0,0,0,0
7,15,trunk,1494.275026,1494.278715,0.003689,0,-371,0,0,0
7,15,widen,1494.323237,1494.323415,0.000178,0,0,0,0,0
7,15,expert,1494.323416,1494.539733,0.216317,263331840,0,0,15,0
7,15,compute,1494.278716,1494.647793,0.369076,0,0,0,0,0
7,16,trunk,1494.647794,1494.651234,0.003439,0,-370,0,0,0
7,16,widen,1494.691287,1494.691462,0.000175,0,0,0,0,0
7,16,expert,1494.691463,1494.899290,0.207827,245776384,0,0,14,0
7,16,compute,1494.651235,1495.015054,0.363819,0,0,0,0,0
7,17,trunk,1495.015055,1495.018507,0.003452,0,-369,0,0,0
7,17,widen,1495.065043,1495.065256,0.000213,0,0,0,0,0
7,17,expert,1495.065257,1495.257676,0.192419,228220928,0,0,13,0
7,17,compute,1495.018509,1495.374224,0.355715,0,0,0,0,0
7,18,trunk,1495.374225,1495.378058,0.003833,0,-368,0,0,0
7,18,widen,1495.418009,1495.418157,0.000148,0,0,0,0,0
7,18,expert,1495.418157,1495.583508,0.165351,193110016,0,0,11,0
7,18,compute,1495.378060,1495.706232,0.328172,0,0,0,0,0
7,19,trunk,1495.706233,1495.709774,0.003541,0,-367,0,0,0
7,19,widen,1495.737396,1495.737588,0.000192,0,0,0,0,0
7,19,expert,1495.737589,1495.951555,0.213966,263331840,0,0,15,0
7,19,compute,1495.709776,1496.058200,0.348424,0,0,0,0,0
7,20,trunk,1496.058201,1496.061807,0.003606,0,-366,0,0,0
7,20,widen,1496.110363,1496.110516,0.000153,0,0,0,0,0
7,20,expert,1496.110516,1496.283366,0.172849,210665472,0,0,12,0
7,20,compute,1496.061809,1496.398259,0.336450,0,0,0,0,0
7,21,trunk,1496.398261,1496.401767,0.003506,0,-365,0,0,0
7,21,widen,1496.461902,1496.462146,0.000244,0,0,0,0,0
7,21,expert,1496.462147,1497.204926,0.742779,245776384,0,0,14,0
7,21,compute,1496.401832,1497.334252,0.932420,0,0,0,0,0
7,22,trunk,1497.334254,1497.338106,0.003852,645562368,-365,1,0,0
7,22,widen,1497.398895,1497.399083,0.000188,0,0,0,0,0
7,22,expert,1497.399084,1497.963144,0.564060,245776384,0,0,14,0
7,22,compute,1497.338466,1498.083034,0.744568,0,0,0,0,0
7,23,trunk,1498.083036,1498.086670,0.003633,431890432,-366,1,0,0
7,23,widen,1498.128738,1498.128913,0.000176,0,0,0,0,0
7,23,expert,1498.128914,1498.824718,0.695804,245776384,0,0,14,0
7,23,compute,1498.086692,1498.938299,0.851608,0,0,0,0,0
7,24,trunk,1498.938301,1498.941776,0.003475,645562368,-367,1,0,0
7,24,widen,1499.000801,1499.000986,0.000185,0,0,0,0,0
7,24,expert,1499.000987,1499.819971,0.818984,263331840,0,0,15,0
7,24,compute,1498.941819,1499.926169,0.984350,0,0,0,0,0
7,25,trunk,1499.926171,1499.930043,0.003873,645562368,-368,1,0,0
7,25,widen,1499.991410,1499.991574,0.000164,0,0,0,0,0
7,25,expert,1499.991575,1500.728481,0.736906,228220928,0,0,13,0
7,25,compute,1499.930067,1500.817878,0.887811,0,0,0,0,0
7,26,trunk,1500.817880,1500.821575,0.003696,645562368,-369,1,0,0
7,26,widen,1500.874102,1500.874284,0.000182,0,0,0,0,0
7,26,expert,1500.874284,1501.428297,0.554013,245776384,0,0,14,0
7,26,compute,1500.821623,1501.536930,0.715307,0,0,0,0,0
7,27,trunk,1501.536932,1501.540894,0.003962,431890432,-370,1,0,0
7,27,widen,1501.579391,1501.579590,0.000199,0,0,0,0,0
7,27,expert,1501.579591,1502.240229,0.660638,280887296,0,0,16,0
7,27,compute,1501.540934,1502.362228,0.821294,0,0,0,0,0
7,28,trunk,1502.362230,1502.365638,0.003408,645562368,-371,1,0,0
7,28,widen,1502.430092,1502.430286,0.000193,0,0,0,0,0
7,28,expert,1502.430287,1503.122109,0.691822,263331840,0,0,15,0
7,28,compute,1502.365678,1503.235066,0.869389,0,0,0,0,0
7,29,trunk,1503.235068,1503.238676,0.003608,645562368,-372,1,0,0
7,29,widen,1503.297554,1503.297732,0.000177,0,0,0,0,0
7,29,expert,1503.297732,1504.036101,0.738369,228220928,0,0,13,0
7,29,compute,1503.238700,1504.133948,0.895248,0,0,0,0,0
7,30,trunk,1504.133949,1504.137558,0.003608,645562368,-373,1,0,0
7,30,widen,1504.199855,1504.200049,0.000193,0,0,0,0,0
7,30,expert,1504.200049,1504.730205,0.530156,210665472,0,0,12,0
7,30,compute,1504.137582,1504.840155,0.702573,0,0,0,0,0
7,31,trunk,1504.840157,1504.843750,0.003593,431890432,-374,1,0,0
7,31,widen,1504.880286,1504.880588,0.000301,0,0,0,0,0
7,31,expert,1504.880589,1505.660024,0.779435,263331840,0,0,15,0
7,31,compute,1504.843780,1505.770167,0.926387,0,0,0,0,0
7,32,trunk,1505.770168,1505.774255,0.004087,645562368,-375,1,0,0
7,32,widen,1505.832368,1505.832515,0.000146,0,0,0,0,0
7,32,expert,1505.832515,1506.543824,0.711308,210665472,0,0,12,0
7,32,compute,1505.774320,1506.635357,0.861037,0,0,0,0,0
7,33,trunk,1506.635359,1506.640921,0.005562,645562368,-376,1,0,0
7,33,widen,1506.703041,1506.703228,0.000187,0,0,0,0,0
7,33,expert,1506.703229,1507.503510,0.800282,245776384,0,0,14,0
7,33,compute,1506.640947,1507.622384,0.981437,0,0,0,0,0
7,34,trunk,1507.622386,1507.625897,0.003511,645562368,-377,1,0,0
7,34,widen,1507.678123,1507.678289,0.000166,0,0,0,0,0
7,34,expert,1507.678290,1508.235076,0.556787,228220928,0,0,13,0
7,34,compute,1507.625941,1508.346989,0.721049,0,0,0,0,0
7,35,trunk,1508.346991,1508.350474,0.003483,431890432,-378,1,0,0
7,35,widen,1508.389216,1508.389393,0.000177,0,0,0,0,0
7,35,expert,1508.389394,1509.082359,0.692965,228220928,0,0,13,0
7,35,compute,1508.350496,1509.209518,0.859022,0,0,0,0,0
7,36,trunk,1509.209519,1509.213274,0.003755,645562368,-379,1,0,0
7,36,widen,1509.273629,1509.273806,0.000177,0,0,0,0,0
7,36,expert,1509.273806,1510.001373,0.727567,228220928,0,0,13,0
7,36,compute,1509.213295,1510.114196,0.900901,0,0,0,0,0
7,37,trunk,1510.114198,1510.117694,0.003496,645562368,-380,1,0,0
7,37,widen,1510.170697,1510.170882,0.000185,0,0,0,0,0
7,37,expert,1510.170883,1510.918660,0.747777,245776384,0,0,14,0
7,37,compute,1510.117723,1511.020065,0.902343,0,0,0,0,0
7,38,trunk,1511.020067,1511.023551,0.003484,645562368,-381,1,0,0
7,38,widen,1511.076840,1511.077216,0.000376,0,0,0,0,0
7,38,expert,1511.077217,1511.590880,0.513663,210665472,0,0,12,0
7,38,compute,1511.023582,1511.706816,0.683234,0,0,0,0,0
7,39,trunk,1511.706818,1511.710497,0.003679,431890432,-382,1,0,0
7,39,widen,1511.749284,1511.749459,0.000175,0,0,0,0,0
7,39,expert,1511.749460,1512.488373,0.738913,228220928,0,0,13,0
7,39,compute,1511.710522,1512.592795,0.882272,0,0,0,0,0
7,40,trunk,1512.592796,1512.596326,0.003530,645562368,-383,1,0,0
7,40,widen,1512.658003,1512.658167,0.000165,0,0,0,0,0
7,40,expert,1512.658168,1513.361527,0.703359,228220928,0,0,13,0
7,40,compute,1512.596345,1513.494184,0.897839,0,0,0,0,0
7,41,trunk,1513.494186,1513.497406,0.003221,645562368,-384,1,0,0
7,41,widen,1513.561783,1513.561959,0.000176,0,0,0,0,0
7,41,expert,1513.561960,1514.245778,0.683818,193110016,0,0,11,0
7,41,compute,1513.497428,1514.349237,0.851809,0,0,0,0,0
7,42,trunk,1514.349239,1514.352658,0.003419,645562368,-385,1,0,0
7,42,widen,1514.403854,1514.404049,0.000195,0,0,0,0,0
7,42,expert,1514.404050,1514.894300,0.490250,157999104,0,0,9,0
7,42,compute,1514.352675,1515.002203,0.649528,0,0,0,0,0
7,43,trunk,1515.002205,1515.005852,0.003647,431890432,-386,1,0,0
7,43,widen,1515.042863,1515.043012,0.000149,0,0,0,0,0
7,43,expert,1515.043013,1515.568094,0.525081,175554560,0,0,10,0
7,43,compute,1515.005875,1515.690518,0.684643,0,0,0,0,0
7,44,trunk,1515.690520,1515.782332,0.091812,645562368,-387,1,0,0
7,44,widen,1515.841444,1515.841615,0.000171,0,0,0,0,0
7,44,expert,1515.841616,1516.587883,0.746267,228220928,0,0,13,0
7,44,compute,1515.782391,1516.714347,0.931956,0,0,0,0,0
7,45,trunk,1516.714349,1516.718028,0.003679,645562368,-388,1,0,0
7,45,widen,1516.774378,1516.774569,0.000191,0,0,0,0,0
7,45,expert,1516.774570,1517.552590,0.778020,245776384,0,0,14,0
7,45,compute,1516.718051,1517.670288,0.952237,0,0,0,0,0
7,46,trunk,1517.670290,1517.673688,0.003398,645562368,-389,1,0,0
7,46,widen,1517.733411,1517.733616,0.000205,0,0,0,0,0
7,46,expert,1517.733638,1518.282236,0.548598,228220928,0,0,13,0
7,46,compute,1517.673717,1518.403437,0.729720,0,0,0,0,0
7,47,trunk,1518.403438,1518.407453,0.004015,431890432,-390,1,0,0
7,47,widen,1518.444306,1518.444485,0.000179,0,0,0,0,0
7,47,expert,1518.444486,1519.147261,0.702774,228220928,0,0,13,0
7,47,compute,1518.407484,1519.270202,0.862719,0,0,0,0,0
7,48,trunk,1519.270204,1519.273756,0.003552,645562368,-391,1,0,0
7,48,widen,1519.332663,1519.332833,0.000170,0,0,0,0,0
7,48,expert,1519.332834,1520.026578,0.693744,210665472,0,0,12,0
7,48,compute,1519.273778,1520.146256,0.872479,0,0,0,0,0
7,49,trunk,1520.146258,1520.149827,0.003570,645562368,-392,1,0,0
7,49,widen,1520.204066,1520.204257,0.000192,0,0,0,0,0
7,49,expert,1520.204258,1520.986495,0.782236,263331840,0,0,15,0
7,49,compute,1520.149853,1521.082469,0.932616,0,0,0,0,0
7,50,trunk,1521.082471,1521.086146,0.003675,645562368,-393,1,0,0
7,50,widen,1521.142801,1521.142980,0.000179,0,0,0,0,0
7,50,expert,1521.142981,1521.702830,0.559849,245776384,0,0,14,0
7,50,compute,1521.086171,1521.822167,0.735995,0,0,0,0,0
7,51,trunk,1521.822168,1521.826107,0.003939,431890432,-394,1,0,0
7,51,widen,1521.901948,1521.902111,0.000163,0,0,0,0,0
7,51,expert,1521.902112,1522.568549,0.666437,210665472,0,0,12,0
7,51,compute,1521.826149,1522.668755,0.842606,0,0,0,0,0
7,52,trunk,1522.668757,1522.672619,0.003862,645562368,-395,1,0,0
7,52,widen,1522.730247,1522.730409,0.000162,0,0,0,0,0
7,52,expert,1522.730410,1523.418472,0.688062,210665472,0,0,12,0
7,52,compute,1522.672657,1523.516991,0.844334,0,0,0,0,0
7,53,trunk,1523.516993,1523.521055,0.004062,645562368,-396,1,0,0
7,53,widen,1523.578399,1523.578573,0.000174,0,0,0,0,0
7,53,expert,1523.578574,1524.305937,0.727363,228220928,0,0,13,0
7,53,compute,1523.521099,1524.419036,0.897937,0,0,0,0,0
7,54,trunk,1524.419038,1524.422537,0.003498,645562368,-397,1,0,0
7,54,widen,1524.473796,1524.474469,0.000673,0,0,0,0,0
7,54,expert,1524.474470,1524.994411,0.519942,210665472,0,0,12,0
7,54,compute,1524.422563,1525.092057,0.669493,0,0,0,0,0
7,55,trunk,1525.092058,1525.095553,0.003494,431890432,-398,1,0,0
7,55,widen,1525.135106,1525.135327,0.000221,0,0,0,0,0
7,55,expert,1525.135328,1525.826130,0.690802,263331840,0,0,15,0
7,55,compute,1525.095579,1525.943036,0.847457,0,0,0,0,0
7,56,trunk,1525.943038,1525.946482,0.003444,645562368,-399,1,0,0
7,56,widen,1526.004886,1526.005117,0.000232,0,0,0,0,0
7,56,expert,1526.005118,1526.737053,0.731935,228220928,0,0,13,0
7,56,compute,1525.946506,1526.850242,0.903736,0,0,0,0,0
7,57,trunk,1526.850244,1526.854092,0.003848,645562368,-400,1,0,0
7,57,widen,1526.915599,1526.915827,0.000228,0,0,0,0,0
7,57,expert,1526.915828,1527.692444,0.776616,280887296,0,0,16,0
7,57,compute,1526.854116,1527.814438,0.960322,0,0,0,0,0
7,58,trunk,1527.814439,1527.817875,0.003436,645562368,-401,1,0,0
7,58,widen,1527.885286,1527.885440,0.000154,0,0,0,0,0
7,58,expert,1527.885441,1528.353907,0.468466,193110016,0,0,11,0
7,58,compute,1527.817897,1528.451327,0.633430,0,0,0,0,0
7,59,trunk,1528.451329,1528.454792,0.003464,431890432,-402,1,0,0
7,59,widen,1528.490813,1528.490995,0.000182,0,0,0,0,0
7,59,expert,1528.490996,1529.166380,0.675384,193110016,0,0,11,0
7,59,compute,1528.454819,1529.287037,0.832218,0,0,0,0,0
7,60,trunk,1529.287039,1529.291065,0.004026,645562368,-403,1,0,0
7,60,widen,1529.348337,1529.348520,0.000183,0,0,0,0,0
7,60,expert,1529.348520,1530.088357,0.739837,228220928,0,0,13,0
7,60,compute,1529.291091,1530.183564,0.892473,0,0,0,0,0
7,61,trunk,1530.183566,1530.187145,0.003579,645562368,-404,1,0,0
7,61,widen,1530.246338,1530.246538,0.000200,0,0,0,0,0
7,61,expert,1530.246539,1530.976461,0.729922,263331840,0,0,15,0
7,61,compute,1530.187168,1531.106239,0.919071,0,0,0,0,0
7,62,trunk,1531.106241,1531.109676,0.003434,645562368,-405,1,0,0
7,62,widen,1531.165680,1531.165854,0.000174,0,0,0,0,0
7,62,expert,1531.165855,1531.681378,0.515522,210665472,0,0,12,0
7,62,compute,1531.109720,1531.794317,0.684597,0,0,0,0,0
7,63,trunk,1531.794319,1531.797757,0.003438,431890432,-406,1,0,0
7,63,widen,1531.831203,1531.831383,0.000180,0,0,0,0,0
7,63,expert,1531.831384,1532.350111,0.518727,228220928,0,0,13,0
7,63,compute,1531.797778,1532.466578,0.668800,0,0,0,0,0
7,64,trunk,1532.466580,1532.582600,0.116020,645562368,-407,1,0,0
7,64,widen,1532.640259,1532.640436,0.000177,0,0,0,0,0
7,64,expert,1532.640437,1533.381213,0.740776,228220928,0,0,13,0
7,64,compute,1532.582651,1533.478025,0.895375,0,0,0,0,0
7,65,trunk,1533.478027,1533.482109,0.004082,645562368,-408,1,0,0
7,65,widen,1533.544797,1533.545006,0.000209,0,0,0,0,0
7,65,expert,1533.545007,1534.266524,0.721517,228220928,0,0,13,0
7,65,compute,1533.482131,1534.386225,0.904094,0,0,0,0,0
7,66,trunk,1534.386227,1534.389969,0.003742,645562368,-409,1,0,0
7,66,widen,1534.464260,1534.464437,0.000177,0,0,0,0,0
7,66,expert,1534.464438,1534.992699,0.528261,228220928,0,0,13,0
7,66,compute,1534.390012,1535.106174,0.716163,0,0,0,0,0
7,67,trunk,1535.106176,1535.110534,0.004358,431890432,-410,1,0,0
7,67,widen,1535.148596,1535.148786,0.000190,0,0,0,0,0
7,67,expert,1535.148787,1535.870587,0.721800,228220928,0,0,13,0
7,67,compute,1535.110591,1535.994542,0.883950,0,0,0,0,0
7,68,trunk,1535.994543,1535.998062,0.003519,645562368,-411,1,0,0
7,68,widen,1536.056759,1536.056960,0.000200,0,0,0,0,0
7,68,expert,1536.056960,1536.823444,0.766484,263331840,0,0,15,0
7,68,compute,1535.998103,1536.930550,0.932448,0,0,0,0,0
7,69,trunk,1536.930552,1536.934464,0.003912,645562368,-412,1,0,0
7,69,widen,1537.000765,1537.000973,0.000208,0,0,0,0,0
7,69,expert,1537.000974,1537.734908,0.733934,228220928,0,0,13,0
7,69,compute,1536.934490,1537.850331,0.915841,0,0,0,0,0
7,70,trunk,1537.850333,1537.853705,0.003372,645562368,-413,1,0,0
7,70,widen,1537.901158,1537.901330,0.000173,0,0,0,0,0
7,70,expert,1537.901331,1538.432177,0.530845,210665472,0,0,12,0
7,70,compute,1537.853728,1538.550168,0.696440,0,0,0,0,0
7,71,trunk,1538.550170,1538.553616,0.003446,431890432,-414,1,0,0
7,71,widen,1538.591910,1538.592132,0.000223,0,0,0,0,0
7,71,expert,1538.592133,1539.372929,0.780796,228220928,0,0,13,0
7,71,compute,1538.553678,1539.482112,0.928434,0,0,0,0,0
7,72,trunk,1539.482114,1539.486023,0.003909,645562368,-415,1,0,0
7,72,widen,1539.543283,1539.543458,0.000175,0,0,0,0,0
7,72,expert,1539.543459,1540.159317,0.615858,210665472,0,0,12,0
7,72,compute,1539.486054,1540.279055,0.793001,0,0,0,0,0
7,73,trunk,1540.279057,1540.291461,0.012405,645562368,-416,1,0,0
7,73,widen,1540.344235,1540.344465,0.000230,0,0,0,0,0
7,73,expert,1540.344467,1541.010593,0.666127,245776384,0,0,14,0
7,73,compute,1540.291517,1541.126162,0.834645,0,0,0,0,0
7,74,trunk,1541.126164,1541.130060,0.003896,645562368,-417,1,0,0
7,74,widen,1541.229118,1541.229267,0.000149,0,0,0,0,0
7,74,expert,1541.229268,1541.662098,0.432830,157999104,0,0,9,0
7,74,compute,1541.133207,1541.760748,0.627541,0,0,0,0,0
7,75,trunk,1541.760750,1541.764306,0.003556,431890432,-418,1,0,0
7,75,widen,1541.804886,1541.805066,0.000180,0,0,0,0,0
7,75,expert,1541.805067,1542.506930,0.701863,193110016,0,0,11,0
7,75,compute,1541.764436,1542.623261,0.858825,0,0,0,0,0
7,76,trunk,1542.623264,1542.628263,0.005000,645562368,-419,1,0,0
7,76,widen,1542.729719,1542.729882,0.000163,0,0,0,0,0
7,76,expert,1542.729883,1543.355122,0.625239,193110016,0,0,11,0
7,76,compute,1542.628307,1543.475913,0.847606,0,0,0,0,0
7,77,trunk,1543.475918,1543.479457,0.003539,645562368,-420,1,0,0
7,77,widen,1543.549798,1543.549969,0.000172,0,0,0,0,0
7,77,expert,1543.549970,1544.246068,0.696097,210665472,0,0,12,0
7,77,compute,1543.479484,1544.348459,0.868975,0,0,0,0,0
7,78,trunk,1544.348461,1544.351844,0.003384,645562368,-421,1,0,0
7,78,widen,1544.408528,1544.408696,0.000168,0,0,0,0,0
7,78,expert,1544.408697,1544.931142,0.522445,210665472,0,0,12,0
7,78,compute,1544.351991,1545.050328,0.698337,0,0,0,0,0
7,79,trunk,1545.050330,1545.053965,0.003635,431890432,-422,1,0,0
7,79,widen,1545.093070,1545.093271,0.000201,0,0,0,0,0
7,79,expert,1545.093272,1545.770715,0.677443,175554560,0,0,10,0
7,79,compute,1545.054023,1545.889188,0.835165,0,0,0,0,0
7,80,trunk,1545.889190,1545.892716,0.003526,645562368,-423,1,0,0
7,80,widen,1545.944589,1545.944803,0.000214,0,0,0,0,0
7,80,expert,1545.944804,1546.658867,0.714064,245776384,0,0,14,0
7,80,compute,1545.892734,1546.778213,0.885479,0,0,0,0,0
7,81,trunk,1546.778215,1546.782288,0.004073,645562368,-424,1,0,0
7,81,widen,1546.844810,1546.845023,0.000213,0,0,0,0,0
7,81,expert,1546.845024,1547.619048,0.774024,263331840,0,0,15,0
7,81,compute,1546.782329,1547.730162,0.947833,0,0,0,0,0
7,82,trunk,1547.730164,1547.733651,0.003487,645562368,-425,1,0,0
7,82,widen,1547.787136,1547.787367,0.000231,0,0,0,0,0
7,82,expert,1547.787368,1548.321068,0.533700,228220928,0,0,13,0
7,82,compute,1547.733713,1548.435013,0.701300,0,0,0,0,0
7,83,trunk,1548.435015,1548.439230,0.004215,431890432,-426,1,0,0
7,83,widen,1548.480697,1548.480885,0.000188,0,0,0,0,0
7,83,expert,1548.480886,1549.194460,0.713574,193110016,0,0,11,0
7,83,compute,1548.439277,1549.314192,0.874915,0,0,0,0,0
7,84,trunk,1549.314193,1549.318122,0.003929,645562368,-427,1,0,0
7,84,widen,1549.378146,1549.378370,0.000224,0,0,0,0,0
7,84,expert,1549.378371,1550.131107,0.752736,263331840,0,0,15,0
7,84,compute,1549.318205,1550.246211,0.928006,0,0,0,0,0
7,85,trunk,1550.246212,1550.250084,0.003871,645562368,-428,1,0,0
7,85,widen,1550.316585,1550.316817,0.000232,0,0,0,0,0
7,85,expert,1550.316818,1551.034483,0.717664,228220928,0,0,13,0
7,85,compute,1550.250107,1551.151070,0.900963,0,0,0,0,0
7,86,trunk,1551.151071,1551.155098,0.004027,645562368,-429,1,0,0
7,86,widen,1551.208212,1551.208446,0.000234,0,0,0,0,0
7,86,expert,1551.208447,1551.752301,0.543854,228220928,0,0,13,0
7,86,compute,1551.155121,1551.866971,0.711850,0,0,0,0,0
7,87,trunk,1551.866973,1551.870924,0.003951,431890432,-430,1,0,0
7,87,widen,1551.915548,1551.915727,0.000178,0,0,0,0,0
7,87,expert,1551.915727,1552.619603,0.703875,193110016,0,0,11,0
7,87,compute,1551.870949,1552.733715,0.862766,0,0,0,0,0
7,88,trunk,1552.733717,1552.737129,0.003412,645562368,-431,1,0,0
7,88,widen,1552.799509,1552.799720,0.000211,0,0,0,0,0
7,88,expert,1552.799721,1553.516748,0.717026,228220928,0,0,13,0
7,88,compute,1552.737155,1553.642215,0.905060,0,0,0,0,0
7,89,trunk,1553.642217,1553.646294,0.004077,645562368,-432,1,0,0
7,89,widen,1553.707125,1553.707261,0.000136,0,0,0,0,0
7,89,expert,1553.707261,1554.409474,0.702212,157999104,0,0,9,0
7,89,compute,1553.646344,1554.522248,0.875903,0,0,0,0,0
7,90,trunk,1554.522249,1554.525716,0.003467,645562368,-433,1,0,0
7,90,widen,1554.576569,1554.576738,0.000169,0,0,0,0,0
7,90,expert,1554.576739,1555.095353,0.518614,193110016,0,0,11,0
7,90,compute,1554.525738,1555.209957,0.684219,0,0,0,0,0
7,91,trunk,1555.209959,1555.213326,0.003368,431890432,-434,1,0,0
7,91,widen,1555.251862,1555.252122,0.000260,0,0,0,0,0
7,91,expert,1555.252123,1555.762560,0.510437,193110016,0,0,11,0
7,91,compute,1555.213350,1555.870315,0.656965,0,0,0,0,0
7,92,trunk,1555.870317,1555.874129,0.003812,431890432,-435,1,0,0
7,92,widen,1555.905613,1555.905859,0.000245,0,0,0,0,0
7,92,expert,1555.905860,1556.118075,0.212215,245776384,0,0,14,0
7,92,compute,1555.874130,1556.242518,0.368388,0,0,0,0,0
