token,layer,phase,t0,t1,dur_s,bytes,l1_hit,l1_miss,l2_hit,l2_miss
0,0,trunk,61.906225,64.283368,2.377143,2341216256,0,1,0,0
0,0,compute,64.283370,64.504867,0.221497,0,0,0,0,0
0,1,trunk,64.504868,65.152430,0.647562,645562368,-1,1,0,0
0,1,expert,65.217255,65.432346,0.215091,280887296,0,0,16,0
0,1,compute,65.152432,65.534470,0.382038,0,0,0,0,0
0,2,trunk,65.534472,66.338576,0.804104,645562368,-2,1,0,0
0,2,expert,66.398477,66.586317,0.187840,280887296,0,0,16,0
0,2,compute,66.338578,66.702214,0.363636,0,0,0,0,0
0,3,trunk,66.702218,67.124087,0.421869,431890432,-3,1,0,0
0,3,expert,67.161702,67.344347,0.182645,280887296,0,0,16,0
0,3,compute,67.124089,67.466467,0.342378,0,0,0,0,0
0,4,trunk,67.466468,67.993048,0.526580,645562368,-4,1,0,0
0,4,expert,68.073223,68.245819,0.172596,280887296,0,0,16,0
0,4,compute,67.993050,68.358204,0.365154,0,0,0,0,0
0,5,trunk,68.358205,68.994126,0.635920,645562368,-5,1,0,0
0,5,expert,69.057552,69.230601,0.173049,280887296,0,0,16,0
0,5,compute,68.994128,69.333812,0.339684,0,0,0,0,0
0,6,trunk,69.333813,69.950980,0.617166,645562368,-6,1,0,0
0,6,expert,70.013759,70.208526,0.194767,280887296,0,0,16,0
0,6,compute,69.950982,70.330356,0.379374,0,0,0,0,0
0,7,trunk,70.330357,70.759701,0.429344,431890432,-7,1,0,0
0,7,expert,70.794886,70.976316,0.181431,280887296,0,0,16,0
0,7,compute,70.759703,71.101896,0.342193,0,0,0,0,0
0,8,trunk,71.101897,71.691309,0.589412,645562368,-8,1,0,0
0,8,expert,71.749300,71.932261,0.182962,280887296,0,0,16,0
0,8,compute,71.691311,72.046508,0.355197,0,0,0,0,0
0,9,trunk,72.046509,72.732117,0.685607,645562368,-9,1,0,0
0,9,expert,72.803885,72.999930,0.196045,280887296,0,0,16,0
0,9,compute,72.732119,73.121413,0.389294,0,0,0,0,0
0,10,trunk,73.121414,73.834256,0.712842,645562368,-10,1,0,0
0,10,expert,73.899142,74.085949,0.186807,280887296,0,0,16,0
0,10,compute,73.834258,74.213478,0.379220,0,0,0,0,0
0,11,trunk,74.213479,74.670694,0.457215,431890432,-11,1,0,0
0,11,expert,74.706159,74.900074,0.193915,280887296,0,0,16,0
0,11,compute,74.670696,75.022172,0.351476,0,0,0,0,0
0,12,trunk,75.022173,75.686212,0.664039,645562368,-12,1,0,0
0,12,expert,75.743557,75.937433,0.193876,280887296,0,0,16,0
0,12,compute,75.686214,76.054509,0.368295,0,0,0,0,0
0,13,trunk,76.054510,76.757302,0.702792,645562368,-13,1,0,0
0,13,expert,76.817617,77.016927,0.199310,280887296,0,0,16,0
0,13,compute,76.757304,77.121136,0.363832,0,0,0,0,0
0,14,trunk,77.121137,77.942199,0.821062,645562368,-14,1,0,0
0,14,expert,78.002694,78.197652,0.194958,280887296,0,0,16,0
0,14,compute,77.942201,78.322548,0.380347,0,0,0,0,0
0,15,trunk,78.322549,78.770744,0.448195,431890432,-15,1,0,0
0,15,expert,78.805571,79.008516,0.202945,280887296,0,0,16,0
0,15,compute,78.770746,79.138168,0.367423,0,0,0,0,0
0,16,trunk,79.138170,79.958584,0.820414,645562368,-16,1,0,0
0,16,expert,80.018705,80.215536,0.196832,280887296,0,0,16,0
0,16,compute,79.958586,80.346197,0.387611,0,0,0,0,0
0,17,trunk,80.346199,81.143698,0.797499,645562368,-17,1,0,0
0,17,expert,81.201518,81.400270,0.198752,280887296,0,0,16,0
0,17,compute,81.143700,81.522254,0.378554,0,0,0,0,0
0,18,trunk,81.522255,82.256447,0.734192,645562368,-18,1,0,0
0,18,expert,82.324664,82.517079,0.192415,280887296,0,0,16,0
0,18,compute,82.256449,82.636056,0.379607,0,0,0,0,0
0,19,trunk,82.636058,83.175740,0.539682,431890432,-19,1,0,0
0,19,expert,83.232266,83.436730,0.204464,280887296,0,0,16,0
0,19,compute,83.175742,83.535185,0.359443,0,0,0,0,0
0,20,trunk,83.535186,84.376696,0.841509,645562368,-20,1,0,0
0,20,expert,84.441664,84.636241,0.194577,280887296,0,0,16,0
0,20,compute,84.376697,84.746189,0.369491,0,0,0,0,0
0,21,trunk,84.746190,85.281295,0.535105,645562368,-21,1,0,0
0,21,expert,85.405453,85.649107,0.243655,280887296,0,0,16,0
0,21,compute,85.281341,85.774471,0.493130,0,0,0,0,0
0,22,trunk,85.774472,86.251874,0.477402,645562368,-22,1,0,0
0,22,expert,86.380298,86.665670,0.285372,280887296,0,0,16,0
0,22,compute,86.251928,86.781088,0.529160,0,0,0,0,0
0,23,trunk,86.781089,86.804364,0.023275,431890432,-23,1,0,0
0,23,expert,86.841731,87.327410,0.485679,280887296,0,0,16,0
0,23,compute,86.804408,87.442223,0.637815,0,0,0,0,0
0,24,trunk,87.442224,87.445647,0.003422,645562368,-24,1,0,0
0,24,expert,87.573587,88.060610,0.487024,280887296,0,0,16,0
0,24,compute,87.445701,88.170198,0.724497,0,0,0,0,0
0,25,trunk,88.170200,88.194270,0.024070,645562368,-25,1,0,0
0,25,expert,88.266743,88.817454,0.550711,280887296,0,0,16,0
0,25,compute,88.194318,88.949058,0.754740,0,0,0,0,0
0,26,trunk,88.949060,88.952484,0.003424,645562368,-26,1,0,0
0,26,expert,89.022336,89.407141,0.384804,280887296,0,0,16,0
0,26,compute,88.952524,89.518357,0.565833,0,0,0,0,0
0,27,trunk,89.518358,89.522029,0.003671,431890432,-27,1,0,0
0,27,expert,89.576852,90.045503,0.468652,280887296,0,0,16,0
0,27,compute,89.522078,90.166207,0.644129,0,0,0,0,0
0,28,trunk,90.166209,90.169742,0.003532,645562368,-28,1,0,0
0,28,expert,90.233054,90.697920,0.464865,280887296,0,0,16,0
0,28,compute,90.169762,90.814288,0.644526,0,0,0,0,0
0,29,trunk,90.814289,90.817895,0.003606,645562368,-29,1,0,0
0,29,expert,90.880496,91.380286,0.499790,280887296,0,0,16,0
0,29,compute,90.817917,91.491052,0.673135,0,0,0,0,0
0,30,trunk,91.491054,91.494509,0.003456,645562368,-30,1,0,0
0,30,expert,91.560568,91.952477,0.391909,280887296,0,0,16,0
0,30,compute,91.494532,92.074247,0.579715,0,0,0,0,0
0,31,trunk,92.074248,92.077786,0.003538,431890432,-31,1,0,0
0,31,expert,92.120547,92.687142,0.566595,280887296,0,0,16,0
0,31,compute,92.077844,92.806166,0.728322,0,0,0,0,0
0,32,trunk,92.806168,92.810064,0.003896,645562368,-32,1,0,0
0,32,expert,92.879074,93.405003,0.525929,280887296,0,0,16,0
0,32,compute,92.810089,93.520599,0.710510,0,0,0,0,0
0,33,trunk,93.520601,93.524139,0.003538,645562368,-33,1,0,0
0,33,expert,93.588885,94.161642,0.572757,280887296,0,0,16,0
0,33,compute,93.524178,94.286227,0.762049,0,0,0,0,0
0,34,trunk,94.286228,94.289775,0.003547,645562368,-34,1,0,0
0,34,expert,94.354290,94.743064,0.388773,280887296,0,0,16,0
0,34,compute,94.289796,94.882221,0.592425,0,0,0,0,0
0,35,trunk,94.882223,94.886004,0.003781,431890432,-35,1,0,0
0,35,expert,94.926584,95.507431,0.580847,280887296,0,0,16,0
0,35,compute,94.886047,95.626783,0.740735,0,0,0,0,0
0,36,trunk,95.626784,95.630639,0.003856,645562368,-36,1,0,0
0,36,expert,95.702914,96.256270,0.553355,280887296,0,0,16,0
0,36,compute,95.630662,96.382250,0.751588,0,0,0,0,0
0,37,trunk,96.382252,96.385998,0.003747,645562368,-37,1,0,0
0,37,expert,96.455318,96.993428,0.538109,280887296,0,0,16,0
0,37,compute,96.386048,97.106317,0.720269,0,0,0,0,0
0,38,trunk,97.106319,97.110045,0.003726,645562368,-38,1,0,0
0,38,expert,97.174026,97.563827,0.389801,280887296,0,0,16,0
0,38,compute,97.110067,97.674239,0.564172,0,0,0,0,0
0,39,trunk,97.674241,97.677994,0.003753,431890432,-39,1,0,0
0,39,expert,97.725125,98.280267,0.555142,280887296,0,0,16,0
0,39,compute,97.678019,98.406287,0.728268,0,0,0,0,0
0,40,trunk,98.406289,98.410463,0.004174,645562368,-40,1,0,0
0,40,expert,98.477001,99.031602,0.554601,280887296,0,0,16,0
0,40,compute,98.410546,99.146209,0.735662,0,0,0,0,0
0,41,trunk,99.146210,99.149587,0.003377,645562368,-41,1,0,0
0,41,expert,99.222303,99.728925,0.506622,280887296,0,0,16,0
0,41,compute,99.149609,99.846255,0.696646,0,0,0,0,0
0,42,trunk,99.846257,99.850232,0.003975,645562368,-42,1,0,0
0,42,expert,99.909524,100.316487,0.406963,280887296,0,0,16,0
0,42,compute,99.850295,100.433505,0.583211,0,0,0,0,0
0,43,trunk,100.433507,100.437063,0.003556,431890432,-43,1,0,0
0,43,expert,100.478839,101.058583,0.579745,280887296,0,0,16,0
0,43,compute,100.437085,101.182498,0.745413,0,0,0,0,0
0,44,trunk,101.182499,101.186201,0.003701,645562368,-44,1,0,0
0,44,expert,101.260149,101.780182,0.520033,280887296,0,0,16,0
0,44,compute,101.186223,101.902668,0.716445,0,0,0,0,0
0,45,trunk,101.902670,101.906163,0.003494,645562368,-45,1,0,0
0,45,expert,101.981113,102.504818,0.523705,280887296,0,0,16,0
0,45,compute,101.906218,102.626272,0.720053,0,0,0,0,0
0,46,trunk,102.626273,102.630094,0.003821,645562368,-46,1,0,0
0,46,expert,102.696723,103.136939,0.440215,280887296,0,0,16,0
0,46,compute,102.630165,103.262220,0.632055,0,0,0,0,0
0,47,trunk,103.262222,103.265674,0.003452,431890432,-47,1,0,0
0,47,expert,103.311369,103.906814,0.595445,280887296,0,0,16,0
0,47,compute,103.265693,104.034353,0.768659,0,0,0,0,0
0,48,trunk,104.034355,104.038066,0.003711,645562368,-48,1,0,0
0,48,expert,104.105734,104.673536,0.567802,280887296,0,0,16,0
0,48,compute,104.038144,104.789236,0.751092,0,0,0,0,0
0,49,trunk,104.789238,104.792833,0.003595,645562368,-49,1,0,0
0,49,expert,104.858470,105.447967,0.589497,280887296,0,0,16,0
0,49,compute,104.792850,105.570309,0.777458,0,0,0,0,0
0,50,trunk,105.570311,105.573887,0.003577,645562368,-50,1,0,0
0,50,expert,105.649431,106.067633,0.418202,280887296,0,0,16,0
0,50,compute,105.573909,106.173614,0.599706,0,0,0,0,0
0,51,trunk,106.173616,106.177664,0.004048,431890432,-51,1,0,0
0,51,expert,106.216096,106.798862,0.582766,280887296,0,0,16,0
0,51,compute,106.177684,106.910453,0.732769,0,0,0,0,0
0,52,trunk,106.910454,106.913950,0.003496,645562368,-52,1,0,0
0,52,expert,106.979821,107.545653,0.565832,280887296,0,0,16,0
0,52,compute,106.913972,107.666327,0.752355,0,0,0,0,0
0,53,trunk,107.666329,107.669928,0.003599,645562368,-53,1,0,0
0,53,expert,107.735319,108.325918,0.590598,280887296,0,0,16,0
0,53,compute,107.669951,108.442253,0.772302,0,0,0,0,0
0,54,trunk,108.442255,108.445827,0.003572,645562368,-54,1,0,0
0,54,expert,108.517775,108.961931,0.444157,280887296,0,0,16,0
0,54,compute,108.445849,109.082408,0.636559,0,0,0,0,0
0,55,trunk,109.082410,109.085919,0.003509,431890432,-55,1,0,0
0,55,expert,109.141399,109.700888,0.559488,280887296,0,0,16,0
0,55,compute,109.085941,109.818254,0.732313,0,0,0,0,0
0,56,trunk,109.818255,109.821850,0.003595,645562368,-56,1,0,0
0,56,expert,109.889144,110.465710,0.576566,280887296,0,0,16,0
0,56,compute,109.821897,110.579069,0.757172,0,0,0,0,0
0,57,trunk,110.579071,110.582808,0.003737,645562368,-57,1,0,0
0,57,expert,110.659005,111.209607,0.550603,280887296,0,0,16,0
0,57,compute,110.582850,111.330576,0.747727,0,0,0,0,0
0,58,trunk,111.330578,111.334605,0.004027,645562368,-58,1,0,0
0,58,expert,111.405691,111.810247,0.404555,280887296,0,0,16,0
0,58,compute,111.334697,111.936191,0.601495,0,0,0,0,0
0,59,trunk,111.936193,111.939694,0.003501,431890432,-59,1,0,0
0,59,expert,111.990480,112.561589,0.571110,280887296,0,0,16,0
0,59,compute,111.939717,112.669287,0.729570,0,0,0,0,0
0,60,trunk,112.669289,112.673139,0.003850,645562368,-60,1,0,0
0,60,expert,112.741788,113.295481,0.553693,280887296,0,0,16,0
0,60,compute,112.673169,113.410647,0.737478,0,0,0,0,0
0,61,trunk,113.410649,113.416560,0.005912,645562368,-61,1,0,0
0,61,expert,113.492290,114.065749,0.573459,280887296,0,0,16,0
0,61,compute,113.416581,114.193831,0.777250,0,0,0,0,0
0,62,trunk,114.193832,114.197779,0.003947,645562368,-62,1,0,0
0,62,expert,114.264257,114.696232,0.431975,280887296,0,0,16,0
0,62,compute,114.197823,114.817135,0.619312,0,0,0,0,0
0,63,trunk,114.817137,114.821013,0.003876,431890432,-63,1,0,0
0,63,expert,114.864001,115.460035,0.596034,280887296,0,0,16,0
0,63,compute,114.821044,115.578438,0.757394,0,0,0,0,0
0,64,trunk,115.578440,115.582370,0.003930,645562368,-64,1,0,0
0,64,expert,115.652579,116.201178,0.548599,280887296,0,0,16,0
0,64,compute,115.582397,116.318558,0.736161,0,0,0,0,0
0,65,trunk,116.318560,116.322338,0.003778,645562368,-65,1,0,0
0,65,expert,116.384743,116.960968,0.576226,280887296,0,0,16,0
0,65,compute,116.322360,117.086155,0.763795,0,0,0,0,0
0,66,trunk,117.086157,117.089765,0.003608,645562368,-66,1,0,0
0,66,expert,117.157301,117.592774,0.435473,280887296,0,0,16,0
0,66,compute,117.089791,117.706311,0.616520,0,0,0,0,0
0,67,trunk,117.706312,117.709990,0.003677,431890432,-67,1,0,0
0,67,expert,117.761389,118.349430,0.588041,280887296,0,0,16,0
0,67,compute,117.710047,118.459111,0.749065,0,0,0,0,0
0,68,trunk,118.459113,118.462960,0.003847,645562368,-68,1,0,0
0,68,expert,118.536066,118.966369,0.430303,280887296,0,0,16,0
0,68,compute,118.462992,119.093956,0.630964,0,0,0,0,0
0,69,trunk,119.093958,119.106108,0.012150,645562368,-69,1,0,0
0,69,expert,119.182952,119.733049,0.550097,280887296,0,0,16,0
0,69,compute,119.106129,119.861441,0.755312,0,0,0,0,0
0,70,trunk,119.861442,119.865285,0.003843,645562368,-70,1,0,0
0,70,expert,119.930595,120.346656,0.416061,280887296,0,0,16,0
0,70,compute,119.865354,120.462233,0.596879,0,0,0,0,0
0,71,trunk,120.462257,120.465844,0.003587,431890432,-71,1,0,0
0,71,expert,120.512892,121.089581,0.576689,280887296,0,0,16,0
0,71,compute,120.465864,121.207541,0.741677,0,0,0,0,0
0,72,trunk,121.207543,121.213765,0.006221,645562368,-72,1,0,0
0,72,expert,121.278632,121.847901,0.569268,280887296,0,0,16,0
0,72,compute,121.213787,121.957277,0.743490,0,0,0,0,0
0,73,trunk,121.957280,121.960765,0.003486,645562368,-73,1,0,0
0,73,expert,122.035528,122.615534,0.580007,280887296,0,0,16,0
0,73,compute,121.960787,122.722949,0.762163,0,0,0,0,0
0,74,trunk,122.722951,122.728771,0.005821,645562368,-74,1,0,0
0,74,expert,122.799410,123.226435,0.427026,280887296,0,0,16,0
0,74,compute,122.728814,123.346296,0.617482,0,0,0,0,0
0,75,trunk,123.346297,123.349765,0.003468,431890432,-75,1,0,0
0,75,expert,123.392430,123.992822,0.600391,280887296,0,0,16,0
0,75,compute,123.349820,124.098511,0.748691,0,0,0,0,0
0,76,trunk,124.098512,124.102908,0.004395,645562368,-76,1,0,0
0,76,expert,124.170219,124.635523,0.465303,280887296,0,0,16,0
0,76,compute,124.102933,124.754410,0.651477,0,0,0,0,0
0,77,trunk,124.754412,124.758582,0.004170,645562368,-77,1,0,0
0,77,expert,124.830418,125.420067,0.589648,280887296,0,0,16,0
0,77,compute,124.758638,125.546233,0.787595,0,0,0,0,0
0,78,trunk,125.546235,125.550655,0.004420,645562368,-78,1,0,0
0,78,expert,125.619712,126.050211,0.430498,280887296,0,0,16,0
0,78,compute,125.550705,126.178298,0.627593,0,0,0,0,0
0,79,trunk,126.178300,126.181885,0.003585,431890432,-79,1,0,0
0,79,expert,126.225413,126.814808,0.589395,280887296,0,0,16,0
0,79,compute,126.181910,126.946197,0.764287,0,0,0,0,0
0,80,trunk,126.946198,126.949693,0.003495,645562368,-80,1,0,0
0,80,expert,127.023770,127.561639,0.537869,280887296,0,0,16,0
0,80,compute,126.949714,127.682428,0.732714,0,0,0,0,0
0,81,trunk,127.682430,127.686050,0.003620,645562368,-81,1,0,0
0,81,expert,127.755375,128.320840,0.565465,280887296,0,0,16,0
0,81,compute,127.686072,128.430459,0.744387,0,0,0,0,0
0,82,trunk,128.430461,128.433973,0.003512,645562368,-82,1,0,0
0,82,expert,128.497280,128.908428,0.411148,280887296,0,0,16,0
0,82,compute,128.433999,129.018645,0.584646,0,0,0,0,0
0,83,trunk,129.018647,129.022110,0.003464,431890432,-83,1,0,0
0,83,expert,129.060816,129.624057,0.563241,280887296,0,0,16,0
0,83,compute,129.022156,129.739015,0.716860,0,0,0,0,0
0,84,trunk,129.739017,129.742852,0.003834,645562368,-84,1,0,0
0,84,expert,129.811309,130.371679,0.560370,280887296,0,0,16,0
0,84,compute,129.742875,130.490328,0.747453,0,0,0,0,0
0,85,trunk,130.490329,130.493733,0.003404,645562368,-85,1,0,0
0,85,expert,130.564492,131.112848,0.548356,280887296,0,0,16,0
0,85,compute,130.493755,131.213939,0.720184,0,0,0,0,0
0,86,trunk,131.213941,131.217386,0.003445,645562368,-86,1,0,0
0,86,expert,131.278203,131.671764,0.393561,280887296,0,0,16,0
0,86,compute,131.217406,131.806388,0.588982,0,0,0,0,0
0,87,trunk,131.806390,131.809886,0.003497,431890432,-87,1,0,0
0,87,expert,131.847722,132.385577,0.537855,280887296,0,0,16,0
0,87,compute,131.809929,132.500952,0.691023,0,0,0,0,0
0,88,trunk,132.500954,132.504519,0.003566,645562368,-88,1,0,0
0,88,expert,132.567285,133.109005,0.541720,280887296,0,0,16,0
0,88,compute,132.504539,133.228467,0.723929,0,0,0,0,0
0,89,trunk,133.228469,133.232034,0.003565,645562368,-89,1,0,0
0,89,expert,133.296988,133.870508,0.573520,280887296,0,0,16,0
0,89,compute,133.232050,133.986190,0.754140,0,0,0,0,0
0,90,trunk,133.986192,133.989663,0.003471,645562368,-90,1,0,0
0,90,expert,134.055372,134.460050,0.404678,280887296,0,0,16,0
0,90,compute,133.989715,134.578212,0.588497,0,0,0,0,0
0,91,trunk,134.578213,134.581664,0.003450,431890432,-91,1,0,0
0,91,expert,134.619068,135.048993,0.429925,280887296,0,0,16,0
0,91,compute,134.581685,135.163039,0.581354,0,0,0,0,0
0,92,trunk,135.163041,135.166535,0.003495,431890432,-92,1,0,0
0,92,expert,135.204456,135.362596,0.158141,280887296,0,0,16,0
0,92,compute,135.166537,135.480044,0.313507,0,0,0,0,0
0,0,trunk,135.581667,135.581704,0.000036,0,-92,0,0,0
0,0,compute,135.581704,135.692844,0.111139,0,0,0,0,0
0,1,trunk,135.692845,135.697514,0.004668,0,-91,0,0,0
0,1,expert,135.761238,135.942101,0.180862,280887296,0,0,16,0
0,1,compute,135.697516,136.062635,0.365119,0,0,0,0,0
0,2,trunk,136.062637,136.066120,0.003484,0,-90,0,0,0
0,2,expert,136.129721,136.300326,0.170605,280887296,0,0,16,0
0,2,compute,136.066123,136.438670,0.372547,0,0,0,0,0
0,3,trunk,136.438671,136.442484,0.003812,0,-89,0,0,0
0,3,expert,136.475477,136.636105,0.160628,280887296,0,0,16,0
0,3,compute,136.442486,136.753159,0.310673,0,0,0,0,0
0,4,trunk,136.753161,136.757004,0.003844,0,-88,0,0,0
0,4,expert,136.825580,136.983273,0.157693,280887296,0,0,16,0
0,4,compute,136.757007,137.098163,0.341156,0,0,0,0,0
0,5,trunk,137.098164,137.101758,0.003593,0,-87,0,0,0
0,5,expert,137.169941,137.335099,0.165158,280887296,0,0,16,0
0,5,compute,137.101760,137.450165,0.348405,0,0,0,0,0
0,6,trunk,137.450166,137.453786,0.003620,0,-86,0,0,0
0,6,expert,137.518861,137.680792,0.161931,280887296,0,0,16,0
0,6,compute,137.453787,137.796737,0.342950,0,0,0,0,0
0,7,trunk,137.796738,137.800302,0.003564,0,-85,0,0,0
0,7,expert,137.833424,137.993588,0.160164,280887296,0,0,16,0
0,7,compute,137.800304,138.110172,0.309868,0,0,0,0,0
0,8,trunk,138.110174,138.113519,0.003345,0,-84,0,0,0
0,8,expert,138.192273,138.349896,0.157623,280887296,0,0,16,0
0,8,compute,138.113520,138.459859,0.346339,0,0,0,0,0
0,9,trunk,138.459861,138.463413,0.003552,0,-83,0,0,0
0,9,expert,138.527353,138.681033,0.153680,280887296,0,0,16,0
0,9,compute,138.463415,138.802500,0.339085,0,0,0,0,0
0,10,trunk,138.802501,138.805934,0.003433,0,-82,0,0,0
0,10,expert,138.865421,139.026731,0.161309,280887296,0,0,16,0
0,10,compute,138.805936,139.142180,0.336244,0,0,0,0,0
0,11,trunk,139.142181,139.146220,0.004039,0,-81,0,0,0
0,11,expert,139.187221,139.347803,0.160582,280887296,0,0,16,0
0,11,compute,139.146223,139.470735,0.324513,0,0,0,0,0
0,12,trunk,139.470736,139.474395,0.003659,0,-80,0,0,0
0,12,expert,139.539629,139.703534,0.163905,280887296,0,0,16,0
0,12,compute,139.474397,139.833341,0.358944,0,0,0,0,0
0,13,trunk,139.833343,139.836849,0.003507,0,-79,0,0,0
0,13,expert,139.899202,140.068629,0.169426,280887296,0,0,16,0
0,13,compute,139.836851,140.190164,0.353313,0,0,0,0,0
0,14,trunk,140.190166,140.194485,0.004319,0,-78,0,0,0
0,14,expert,140.255284,140.418548,0.163264,280887296,0,0,16,0
0,14,compute,140.194487,140.544605,0.350118,0,0,0,0,0
0,15,trunk,140.544607,140.548715,0.004109,0,-77,0,0,0
0,15,expert,140.590603,140.749231,0.158629,280887296,0,0,16,0
0,15,compute,140.548717,140.868782,0.320065,0,0,0,0,0
0,16,trunk,140.868783,140.872451,0.003668,0,-76,0,0,0
0,16,expert,140.936606,141.095010,0.158404,280887296,0,0,16,0
0,16,compute,140.872453,141.210700,0.338247,0,0,0,0,0
0,17,trunk,141.210701,141.214212,0.003510,0,-75,0,0,0
0,17,expert,141.272673,141.436274,0.163602,280887296,0,0,16,0
0,17,compute,141.214214,141.558335,0.344121,0,0,0,0,0
0,18,trunk,141.558336,141.561678,0.003342,0,-74,0,0,0
0,18,expert,141.620792,141.781952,0.161160,280887296,0,0,16,0
0,18,compute,141.561680,141.898606,0.336926,0,0,0,0,0
0,19,trunk,141.898607,141.902113,0.003506,0,-73,0,0,0
0,19,expert,141.939903,142.104077,0.164175,280887296,0,0,16,0
0,19,compute,141.902115,142.210992,0.308877,0,0,0,0,0
0,20,trunk,142.210993,142.214194,0.003201,0,-72,0,0,0
0,20,expert,142.269504,142.427799,0.158295,280887296,0,0,16,0
0,20,compute,142.214196,142.542202,0.328006,0,0,0,0,0
0,21,trunk,142.542204,142.545558,0.003354,0,-71,0,0,0
0,21,expert,142.606576,143.101074,0.494498,280887296,0,0,16,0
0,21,compute,142.545579,143.234226,0.688647,0,0,0,0,0
0,22,trunk,143.234227,143.237590,0.003363,645562368,-71,1,0,0
0,22,expert,143.302877,143.659133,0.356257,280887296,0,0,16,0
0,22,compute,143.237612,143.778373,0.540761,0,0,0,0,0
0,23,trunk,143.778375,143.781861,0.003487,431890432,-72,1,0,0
0,23,expert,143.824601,144.225025,0.400424,280887296,0,0,16,0
0,23,compute,143.781882,144.339024,0.557142,0,0,0,0,0
0,24,trunk,144.339025,144.342465,0.003439,645562368,-73,1,0,0
0,24,expert,144.406408,144.953728,0.547320,280887296,0,0,16,0
0,24,compute,144.342487,145.086485,0.743998,0,0,0,0,0
0,25,trunk,145.086487,145.090101,0.003614,645562368,-74,1,0,0
0,25,expert,145.161667,145.685617,0.523951,280887296,0,0,16,0
0,25,compute,145.090123,145.820380,0.730257,0,0,0,0,0
0,26,trunk,145.820382,145.823847,0.003465,645562368,-75,1,0,0
0,26,expert,145.882407,146.288023,0.405617,280887296,0,0,16,0
0,26,compute,145.823897,146.386417,0.562520,0,0,0,0,0
0,27,trunk,146.386438,146.389850,0.003412,431890432,-76,1,0,0
0,27,expert,146.427255,146.912807,0.485552,280887296,0,0,16,0
0,27,compute,146.389872,147.034156,0.644284,0,0,0,0,0
0,28,trunk,147.034158,147.037585,0.003427,645562368,-77,1,0,0
0,28,expert,147.098064,147.560515,0.462450,280887296,0,0,16,0
0,28,compute,147.037635,147.674195,0.636559,0,0,0,0,0
0,29,trunk,147.674197,147.677838,0.003641,645562368,-78,1,0,0
0,29,expert,147.743279,148.236201,0.492922,280887296,0,0,16,0
0,29,compute,147.677867,148.348767,0.670899,0,0,0,0,0
0,30,trunk,148.348768,148.352290,0.003522,645562368,-79,1,0,0
0,30,expert,148.411291,148.812257,0.400966,280887296,0,0,16,0
0,30,compute,148.352322,148.930202,0.577880,0,0,0,0,0
0,31,trunk,148.930203,148.933668,0.003465,431890432,-80,1,0,0
0,31,expert,148.975146,149.530755,0.555609,280887296,0,0,16,0
0,31,compute,148.933690,149.648044,0.714354,0,0,0,0,0
0,32,trunk,149.648046,149.651600,0.003554,645562368,-81,1,0,0
0,32,expert,149.721169,150.271354,0.550185,280887296,0,0,16,0
0,32,compute,149.651623,150.390495,0.738873,0,0,0,0,0
0,33,trunk,150.390496,150.394072,0.003576,645562368,-82,1,0,0
0,33,expert,150.461901,151.037626,0.575725,280887296,0,0,16,0
0,33,compute,150.394159,151.140647,0.746488,0,0,0,0,0
0,34,trunk,151.140649,151.144221,0.003572,645562368,-83,1,0,0
0,34,expert,151.209458,151.599990,0.390532,280887296,0,0,16,0
0,34,compute,151.144241,151.700203,0.555962,0,0,0,0,0
0,35,trunk,151.700204,151.703570,0.003366,431890432,-84,1,0,0
0,35,expert,151.742091,152.322042,0.579951,280887296,0,0,16,0
0,35,compute,151.703607,152.443076,0.739469,0,0,0,0,0
0,36,trunk,152.443078,152.446650,0.003572,645562368,-85,1,0,0
0,36,expert,152.509096,153.060831,0.551735,280887296,0,0,16,0
0,36,compute,152.446671,153.186396,0.739725,0,0,0,0,0
0,37,trunk,153.186398,153.189811,0.003414,645562368,-86,1,0,0
0,37,expert,153.250198,164.909695,11.659496,280887296,0,0,16,0
0,37,compute,153.189838,165.012999,11.823160,0,0,0,0,0
0,38,trunk,165.013000,165.016541,0.003541,645562368,-87,1,0,0
0,38,expert,165.077486,165.466628,0.389142,280887296,0,0,16,0
0,38,compute,165.016561,165.586222,0.569661,0,0,0,0,0
0,39,trunk,165.586224,165.589692,0.003468,431890432,-88,1,0,0
0,39,expert,165.631236,166.206995,0.575760,280887296,0,0,16,0
0,39,compute,165.589731,166.322846,0.733115,0,0,0,0,0
0,40,trunk,166.322847,166.326389,0.003542,645562368,-89,1,0,0
0,40,expert,166.386747,166.946604,0.559857,280887296,0,0,16,0
0,40,compute,166.326611,167.059237,0.732626,0,0,0,0,0
0,41,trunk,167.059239,167.062820,0.003580,645562368,-90,1,0,0
0,41,expert,167.121097,167.640876,0.519778,280887296,0,0,16,0
0,41,compute,167.062847,167.758266,0.695419,0,0,0,0,0
0,42,trunk,167.758268,167.761934,0.003666,645562368,-91,1,0,0
0,42,expert,167.821102,168.219437,0.398335,280887296,0,0,16,0
0,42,compute,167.761964,168.323745,0.561781,0,0,0,0,0
0,43,trunk,168.323746,168.327134,0.003388,431890432,-92,1,0,0
0,43,expert,168.369370,168.952478,0.583108,280887296,0,0,16,0
0,43,compute,168.327156,169.058007,0.730851,0,0,0,0,0
0,44,trunk,169.058009,169.061767,0.003758,645562368,-93,1,0,0
0,44,expert,169.126377,169.644428,0.518051,280887296,0,0,16,0
0,44,compute,169.067000,169.750160,0.683160,0,0,0,0,0
0,45,trunk,169.750162,169.753872,0.003710,645562368,-94,1,0,0
0,45,expert,169.821324,170.362998,0.541674,280887296,0,0,16,0
0,45,compute,169.759964,170.491055,0.731091,0,0,0,0,0
0,46,trunk,170.491057,170.494524,0.003468,645562368,-95,1,0,0
0,46,expert,170.558252,170.987562,0.429310,280887296,0,0,16,0
0,46,compute,170.498211,171.092371,0.594160,0,0,0,0,0
0,47,trunk,171.092376,171.095961,0.003585,431890432,-96,1,0,0
0,47,expert,171.137339,171.738449,0.601110,280887296,0,0,16,0
0,47,compute,171.101240,171.841504,0.740264,0,0,0,0,0
0,48,trunk,171.841506,171.845061,0.003555,645562368,-97,1,0,0
0,48,expert,171.905160,172.463741,0.558581,280887296,0,0,16,0
0,48,compute,171.845081,172.582200,0.737120,0,0,0,0,0
0,49,trunk,172.582202,172.585608,0.003406,645562368,-98,1,0,0
0,49,expert,172.652881,173.213943,0.561062,280887296,0,0,16,0
0,49,compute,172.585634,173.326630,0.740995,0,0,0,0,0
0,50,trunk,173.326631,173.330154,0.003522,645562368,-99,1,0,0
0,50,expert,173.391693,173.818582,0.426889,280887296,0,0,16,0
0,50,compute,173.330175,173.938335,0.608159,0,0,0,0,0
0,51,trunk,173.938336,173.941752,0.003416,431890432,-100,1,0,0
0,51,expert,173.981553,174.548707,0.567154,280887296,0,0,16,0
0,51,compute,173.941794,174.662466,0.720672,0,0,0,0,0
0,52,trunk,174.662468,174.665952,0.003484,645562368,-101,1,0,0
0,52,expert,174.725495,175.260673,0.535178,280887296,0,0,16,0
0,52,compute,174.665993,175.369224,0.703231,0,0,0,0,0
0,53,trunk,175.369226,175.372730,0.003505,645562368,-102,1,0,0
0,53,expert,175.435139,176.013757,0.578618,280887296,0,0,16,0
0,53,compute,175.372750,176.126491,0.753741,0,0,0,0,0
0,54,trunk,176.126493,176.129986,0.003493,645562368,-103,1,0,0
0,54,expert,176.189409,176.631237,0.441828,280887296,0,0,16,0
0,54,compute,176.130009,176.727073,0.597064,0,0,0,0,0
0,55,trunk,176.727075,176.730586,0.003512,431890432,-104,1,0,0
0,55,expert,176.769299,177.338309,0.569010,280887296,0,0,16,0
0,55,compute,176.730610,177.450165,0.719555,0,0,0,0,0
0,56,trunk,177.450166,177.453638,0.003472,645562368,-105,1,0,0
0,56,expert,177.515097,178.068283,0.553186,280887296,0,0,16,0
0,56,compute,177.453673,178.190271,0.736598,0,0,0,0,0
0,57,trunk,178.190272,178.194378,0.004106,645562368,-106,1,0,0
0,57,expert,178.256775,178.795963,0.539188,280887296,0,0,16,0
0,57,compute,178.194400,178.900468,0.706068,0,0,0,0,0
0,58,trunk,178.900470,178.904234,0.003764,645562368,-107,1,0,0
0,58,expert,178.964825,179.372503,0.407678,280887296,0,0,16,0
0,58,compute,178.904274,179.491144,0.586870,0,0,0,0,0
0,59,trunk,179.491146,179.494577,0.003431,431890432,-108,1,0,0
0,59,expert,179.534003,180.092084,0.558081,280887296,0,0,16,0
0,59,compute,179.494602,180.210971,0.716368,0,0,0,0,0
0,60,trunk,180.210972,180.214330,0.003357,645562368,-109,1,0,0
0,60,expert,180.274237,180.814638,0.540401,280887296,0,0,16,0
0,60,compute,180.214369,180.926910,0.712541,0,0,0,0,0
0,61,trunk,180.926912,180.930559,0.003647,645562368,-110,1,0,0
0,61,expert,180.990444,181.536704,0.546260,280887296,0,0,16,0
0,61,compute,180.930581,181.650342,0.719761,0,0,0,0,0
0,62,trunk,181.650343,181.653737,0.003394,645562368,-111,1,0,0
0,62,expert,181.715397,182.107537,0.392140,280887296,0,0,16,0
0,62,compute,181.653757,182.218159,0.564402,0,0,0,0,0
0,63,trunk,182.218161,182.222049,0.003888,431890432,-112,1,0,0
0,63,expert,182.260404,182.836185,0.575781,280887296,0,0,16,0
0,63,compute,182.222071,182.952048,0.729976,0,0,0,0,0
0,64,trunk,182.952049,182.955489,0.003440,645562368,-113,1,0,0
0,64,expert,183.019162,183.506936,0.487773,280887296,0,0,16,0
0,64,compute,182.955553,183.624888,0.669335,0,0,0,0,0
0,65,trunk,183.624890,183.628570,0.003680,645562368,-114,1,0,0
0,65,expert,183.690111,184.276417,0.586306,280887296,0,0,16,0
0,65,compute,183.628590,184.390215,0.761625,0,0,0,0,0
0,66,trunk,184.390217,184.393841,0.003624,645562368,-115,1,0,0
0,66,expert,184.455183,185.027816,0.572633,280887296,0,0,16,0
0,66,compute,184.393870,185.132209,0.738340,0,0,0,0,0
0,67,trunk,185.132211,185.135565,0.003354,431890432,-116,1,0,0
0,67,expert,185.173749,185.961062,0.787313,280887296,0,0,16,0
0,67,compute,185.135587,186.086179,0.950592,0,0,0,0,0
0,68,trunk,186.086180,186.089526,0.003346,645562368,-117,1,0,0
0,68,expert,186.157573,186.879995,0.722422,280887296,0,0,16,0
0,68,compute,186.089552,186.981120,0.891568,0,0,0,0,0
0,69,trunk,186.981122,186.985001,0.003879,645562368,-118,1,0,0
0,69,expert,187.059759,187.821429,0.761670,280887296,0,0,16,0
0,69,compute,186.985022,187.943002,0.957980,0,0,0,0,0
0,70,trunk,187.943004,187.946553,0.003549,645562368,-119,1,0,0
0,70,expert,188.006009,188.570947,0.564938,280887296,0,0,16,0
0,70,compute,187.946575,188.694214,0.747640,0,0,0,0,0
0,71,trunk,188.694216,188.697712,0.003496,431890432,-120,1,0,0
0,71,expert,188.739061,189.559748,0.820687,280887296,0,0,16,0
0,71,compute,188.697733,189.685277,0.987544,0,0,0,0,0
0,72,trunk,189.685279,189.688791,0.003513,645562368,-121,1,0,0
0,72,expert,189.755306,190.545566,0.790260,280887296,0,0,16,0
0,72,compute,189.688821,190.646468,0.957647,0,0,0,0,0
0,73,trunk,190.646469,190.649886,0.003417,645562368,-122,1,0,0
0,73,expert,190.712275,191.498874,0.786599,280887296,0,0,16,0
0,73,compute,190.649907,191.623058,0.973151,0,0,0,0,0
0,74,trunk,191.623060,191.626590,0.003530,645562368,-123,1,0,0
0,74,expert,191.689161,192.265734,0.576573,280887296,0,0,16,0
0,74,compute,191.626619,192.382195,0.755576,0,0,0,0,0
0,75,trunk,192.382197,192.385655,0.003458,431890432,-124,1,0,0
0,75,expert,192.425013,193.216056,0.791043,280887296,0,0,16,0
0,75,compute,192.385683,193.331145,0.945462,0,0,0,0,0
0,76,trunk,193.331167,193.334605,0.003438,645562368,-125,1,0,0
0,76,expert,193.396857,194.138623,0.741766,280887296,0,0,16,0
0,76,compute,193.334627,194.254868,0.920241,0,0,0,0,0
0,77,trunk,194.254870,194.258790,0.003920,645562368,-126,1,0,0
0,77,expert,194.321963,195.105483,0.783520,280887296,0,0,16,0
0,77,compute,194.258814,195.225382,0.966567,0,0,0,0,0
0,78,trunk,195.225383,195.228888,0.003505,645562368,-127,1,0,0
0,78,expert,195.289711,195.863258,0.573546,280887296,0,0,16,0
0,78,compute,195.228909,195.974467,0.745558,0,0,0,0,0
0,79,trunk,195.974469,195.977826,0.003357,431890432,-128,1,0,0
0,79,expert,196.017197,196.779589,0.762392,280887296,0,0,16,0
0,79,compute,195.977847,196.899027,0.921180,0,0,0,0,0
0,80,trunk,196.899028,196.903128,0.004100,645562368,-129,1,0,0
0,80,expert,196.967173,197.758847,0.791673,280887296,0,0,16,0
0,80,compute,196.903164,197.874195,0.971031,0,0,0,0,0
0,81,trunk,197.874197,197.877702,0.003505,645562368,-130,1,0,0
0,81,expert,197.937674,198.692812,0.755137,280887296,0,0,16,0
0,81,compute,197.877724,198.810195,0.932471,0,0,0,0,0
0,82,trunk,198.810196,198.813581,0.003384,645562368,-131,1,0,0
0,82,expert,198.873195,199.445973,0.572777,280887296,0,0,16,0
0,82,compute,198.813601,199.558199,0.744598,0,0,0,0,0
0,83,trunk,199.558200,199.561619,0.003419,431890432,-132,1,0,0
0,83,expert,199.600738,200.373035,0.772298,280887296,0,0,16,0
0,83,compute,199.561648,200.490490,0.928842,0,0,0,0,0
0,84,trunk,200.490492,200.494101,0.003609,645562368,-133,1,0,0
0,84,expert,200.559387,201.319488,0.760101,280887296,0,0,16,0
0,84,compute,200.494138,201.434653,0.940515,0,0,0,0,0
0,85,trunk,201.434655,201.438470,0.003815,645562368,-134,1,0,0
0,85,expert,201.499589,202.252326,0.752737,280887296,0,0,16,0
0,85,compute,201.438493,202.353827,0.915334,0,0,0,0,0
0,86,trunk,202.353829,202.357352,0.003524,645562368,-135,1,0,0
0,86,expert,202.418300,202.979134,0.560834,280887296,0,0,16,0
0,86,compute,202.357386,203.102200,0.744814,0,0,0,0,0
0,87,trunk,203.102201,203.105790,0.003589,431890432,-136,1,0,0
0,87,expert,203.146176,203.888836,0.742660,280887296,0,0,16,0
0,87,compute,203.105856,204.010224,0.904368,0,0,0,0,0
0,88,trunk,204.010226,204.013964,0.003738,645562368,-137,1,0,0
0,88,expert,204.078191,204.842574,0.764383,280887296,0,0,16,0
0,88,compute,204.014006,204.960643,0.946637,0,0,0,0,0
0,89,trunk,204.960645,204.964149,0.003504,645562368,-138,1,0,0
0,89,expert,205.025012,205.828730,0.803718,280887296,0,0,16,0
0,89,compute,204.964221,205.967315,1.003094,0,0,0,0,0
0,90,trunk,205.967316,205.971183,0.003867,645562368,-139,1,0,0
0,90,expert,206.032255,206.598491,0.566236,280887296,0,0,16,0
0,90,compute,205.971218,206.714726,0.743508,0,0,0,0,0
0,91,trunk,206.714728,206.718134,0.003405,431890432,-140,1,0,0
0,91,expert,206.754468,207.338230,0.583761,280887296,0,0,16,0
0,91,compute,206.718179,207.458213,0.740035,0,0,0,0,0
0,92,trunk,207.458215,207.461773,0.003558,431890432,-141,1,0,0
0,92,expert,207.492644,207.732471,0.239826,280887296,0,0,16,0
0,92,compute,207.461775,207.850204,0.388429,0,0,0,0,0
0,0,trunk,207.946927,207.946964,0.000037,0,-141,0,0,0
0,0,compute,207.946965,208.055217,0.108252,0,0,0,0,0
0,1,trunk,208.055218,208.058556,0.003338,0,-140,0,0,0
0,1,expert,208.112154,208.340386,0.228233,280887296,0,0,16,0
0,1,compute,208.058558,208.444712,0.386154,0,0,0,0,0
0,2,trunk,208.444714,208.448309,0.003595,0,-139,0,0,0
0,2,expert,208.508445,208.726377,0.217932,263331840,0,0,15,0
0,2,compute,208.448310,208.846522,0.398212,0,0,0,0,0
0,3,trunk,208.846523,208.850316,0.003793,0,-138,0,0,0
0,3,expert,208.880389,209.069143,0.188754,228220928,0,0,13,0
0,3,compute,208.850318,209.182434,0.332116,0,0,0,0,0
0,4,trunk,209.182436,209.185955,0.003519,0,-137,0,0,0
0,4,expert,209.247601,209.459878,0.212277,263331840,0,0,15,0
0,4,compute,209.185957,209.565573,0.379616,0,0,0,0,0
0,5,trunk,209.565574,209.569072,0.003498,0,-136,0,0,0
0,5,expert,209.626472,209.856977,0.230506,280887296,0,0,16,0
0,5,compute,209.569074,209.965144,0.396070,0,0,0,0,0
0,6,trunk,209.965146,209.968462,0.003317,0,-135,0,0,0
0,6,expert,210.021576,210.244765,0.223189,263331840,0,0,15,0
0,6,compute,209.968464,210.344898,0.376434,0,0,0,0,0
0,7,trunk,210.344900,210.348620,0.003720,0,-134,0,0,0
0,7,expert,210.381130,210.595242,0.214112,263331840,0,0,15,0
0,7,compute,210.348622,210.722173,0.373552,0,0,0,0,0
0,8,trunk,210.722175,210.725520,0.003345,0,-133,0,0,0
0,8,expert,210.786352,211.014707,0.228356,280887296,0,0,16,0
0,8,compute,210.725523,211.126174,0.400651,0,0,0,0,0
0,9,trunk,211.126175,211.129900,0.003725,0,-132,0,0,0
0,9,expert,211.188265,211.403543,0.215278,263331840,0,0,15,0
0,9,compute,211.129902,211.514203,0.384301,0,0,0,0,0
0,10,trunk,211.514204,211.517586,0.003382,0,-131,0,0,0
0,10,expert,211.570698,211.788019,0.217322,263331840,0,0,15,0
0,10,compute,211.517588,211.885731,0.368143,0,0,0,0,0
0,11,trunk,211.885732,211.889485,0.003753,0,-130,0,0,0
0,11,expert,211.919954,212.133654,0.213700,263331840,0,0,15,0
0,11,compute,211.889486,212.251077,0.361591,0,0,0,0,0
0,12,trunk,212.251078,212.254390,0.003311,0,-129,0,0,0
0,12,expert,212.312041,212.527636,0.215595,263331840,0,0,15,0
0,12,compute,212.254392,212.630599,0.376207,0,0,0,0,0
0,13,trunk,212.630600,212.633926,0.003325,0,-128,0,0,0
0,13,expert,212.688281,212.924364,0.236083,280887296,0,0,16,0
0,13,compute,212.633927,213.030169,0.396241,0,0,0,0,0
0,14,trunk,213.030171,213.033575,0.003404,0,-127,0,0,0
0,14,expert,213.088120,213.306781,0.218661,263331840,0,0,15,0
0,14,compute,213.033577,213.418226,0.384650,0,0,0,0,0
0,15,trunk,213.418228,213.421683,0.003456,0,-126,0,0,0
0,15,expert,213.452920,213.682206,0.229286,280887296,0,0,16,0
0,15,compute,213.421685,213.794199,0.372514,0,0,0,0,0
0,16,trunk,213.794200,213.797756,0.003556,0,-125,0,0,0
0,16,expert,213.850017,214.067596,0.217579,263331840,0,0,15,0
0,16,compute,213.797759,214.194568,0.396809,0,0,0,0,0
0,17,trunk,214.194570,214.198081,0.003511,0,-124,0,0,0
0,17,expert,214.257467,214.488096,0.230629,280887296,0,0,16,0
0,17,compute,214.198083,214.602250,0.404167,0,0,0,0,0
0,18,trunk,214.602251,214.605629,0.003378,0,-123,0,0,0
0,18,expert,214.664184,214.897452,0.233268,280887296,0,0,16,0
0,18,compute,214.605630,215.030203,0.424573,0,0,0,0,0
0,19,trunk,215.030204,215.033527,0.003323,0,-122,0,0,0
0,19,expert,215.075720,215.312161,0.236441,280887296,0,0,16,0
0,19,compute,215.033529,215.415048,0.381519,0,0,0,0,0
0,20,trunk,215.415049,215.418634,0.003585,0,-121,0,0,0
0,20,expert,215.476456,215.706276,0.229820,280887296,0,0,16,0
0,20,compute,215.418638,215.819046,0.400408,0,0,0,0,0
0,21,trunk,215.819048,215.823039,0.003991,0,-120,0,0,0
0,21,expert,215.888604,216.607309,0.718705,280887296,0,0,16,0
0,21,compute,215.823086,216.723006,0.899919,0,0,0,0,0
0,22,trunk,216.723007,216.726452,0.003445,645562368,-120,1,0,0
0,22,expert,216.785404,217.366038,0.580635,280887296,0,0,16,0
0,22,compute,216.726477,217.478160,0.751683,0,0,0,0,0
0,23,trunk,217.478161,217.481856,0.003694,431890432,-121,1,0,0
0,23,expert,217.557524,218.225339,0.667815,263331840,0,0,15,0
0,23,compute,217.481884,218.338165,0.856281,0,0,0,0,0
0,24,trunk,218.338167,218.341642,0.003476,645562368,-122,1,0,0
0,24,expert,218.411082,219.185019,0.773936,228220928,0,0,13,0
0,24,compute,218.341664,219.305390,0.963726,0,0,0,0,0
0,25,trunk,219.305392,219.309279,0.003887,645562368,-123,1,0,0
0,25,expert,219.372376,220.114788,0.742412,263331840,0,0,15,0
0,25,compute,219.309300,220.217769,0.908469,0,0,0,0,0
0,26,trunk,220.217771,220.221217,0.003447,645562368,-124,1,0,0
0,26,expert,220.284968,220.840308,0.555340,263331840,0,0,15,0
0,26,compute,220.221239,220.950171,0.728933,0,0,0,0,0
0,27,trunk,220.950173,220.953685,0.003512,431890432,-125,1,0,0
0,27,expert,220.996955,221.721706,0.724751,280887296,0,0,16,0
0,27,compute,220.953737,221.834536,0.880799,0,0,0,0,0
0,28,trunk,221.834538,221.838217,0.003679,645562368,-126,1,0,0
0,28,expert,221.898931,222.584036,0.685105,263331840,0,0,15,0
0,28,compute,221.838259,222.682643,0.844384,0,0,0,0,0
0,29,trunk,222.682645,222.686126,0.003482,645562368,-127,1,0,0
0,29,expert,222.749282,223.514539,0.765257,280887296,0,0,16,0
0,29,compute,222.686173,223.648203,0.962031,0,0,0,0,0
0,30,trunk,223.648205,223.651625,0.003420,645562368,-128,1,0,0
0,30,expert,223.710004,224.292625,0.582621,280887296,0,0,16,0
0,30,compute,223.651648,224.407189,0.755541,0,0,0,0,0
0,31,trunk,224.407192,224.410745,0.003553,431890432,-129,1,0,0
0,31,expert,224.461797,225.229649,0.767851,280887296,0,0,16,0
0,31,compute,224.410776,225.343703,0.932927,0,0,0,0,0
0,32,trunk,225.343725,225.347333,0.003607,645562368,-130,1,0,0
0,32,expert,225.409881,226.155151,0.745270,245776384,0,0,14,0
0,32,compute,225.347354,226.270252,0.922897,0,0,0,0,0
0,33,trunk,226.270253,226.273642,0.003389,645562368,-131,1,0,0
0,33,expert,226.337289,227.123542,0.786253,263331840,0,0,15,0
0,33,compute,226.273667,227.246227,0.972559,0,0,0,0,0
0,34,trunk,227.246229,227.249625,0.003396,645562368,-132,1,0,0
0,34,expert,227.308712,227.897967,0.589255,280887296,0,0,16,0
0,34,compute,227.249648,228.014441,0.764794,0,0,0,0,0
0,35,trunk,228.014443,228.017990,0.003547,431890432,-133,1,0,0
0,35,expert,228.058068,228.849528,0.791460,280887296,0,0,16,0
0,35,compute,228.018011,228.954573,0.936563,0,0,0,0,0
0,36,trunk,228.954575,228.958439,0.003864,645562368,-134,1,0,0
0,36,expert,229.027983,229.772023,0.744040,245776384,0,0,14,0
0,36,compute,228.958465,229.872778,0.914313,0,0,0,0,0
0,37,trunk,229.872779,229.876178,0.003399,645562368,-135,1,0,0
0,37,expert,229.936868,230.728851,0.791984,280887296,0,0,16,0
0,37,compute,229.876195,230.848055,0.971860,0,0,0,0,0
0,38,trunk,230.848057,230.851582,0.003525,645562368,-136,1,0,0
0,38,expert,230.932863,231.468275,0.535411,280887296,0,0,16,0
0,38,compute,230.851644,231.588055,0.736411,0,0,0,0,0
0,39,trunk,231.588057,231.591519,0.003462,431890432,-137,1,0,0
0,39,expert,231.649728,232.403603,0.753876,280887296,0,0,16,0
0,39,compute,231.591581,232.525854,0.934273,0,0,0,0,0
0,40,trunk,232.525856,232.529430,0.003574,645562368,-138,1,0,0
0,40,expert,232.590304,233.352944,0.762640,280887296,0,0,16,0
0,40,compute,232.529452,233.487045,0.957592,0,0,0,0,0
0,41,trunk,233.487047,233.490618,0.003571,645562368,-139,1,0,0
0,41,expert,233.596157,234.291270,0.695113,280887296,0,0,16,0
0,41,compute,233.490674,234.414202,0.923529,0,0,0,0,0
0,42,trunk,234.414203,234.418347,0.004144,645562368,-140,1,0,0
0,42,expert,234.481439,235.048536,0.567096,280887296,0,0,16,0
0,42,compute,234.418382,235.162514,0.744133,0,0,0,0,0
0,43,trunk,235.162516,235.166504,0.003988,431890432,-141,1,0,0
0,43,expert,235.207546,236.014309,0.806763,280887296,0,0,16,0
0,43,compute,235.166532,236.130202,0.963670,0,0,0,0,0
0,44,trunk,236.130203,236.133765,0.003562,645562368,-142,1,0,0
0,44,expert,236.201465,236.970810,0.769345,280887296,0,0,16,0
0,44,compute,236.133793,237.079009,0.945217,0,0,0,0,0
0,45,trunk,237.079011,237.082494,0.003484,645562368,-143,1,0,0
0,45,expert,237.146431,237.847328,0.700897,280887296,0,0,16,0
0,45,compute,237.082516,237.965913,0.883397,0,0,0,0,0
0,46,trunk,237.965915,237.969569,0.003654,645562368,-144,1,0,0
0,46,expert,238.032560,238.595756,0.563197,263331840,0,0,15,0
0,46,compute,237.969591,238.714205,0.744613,0,0,0,0,0
0,47,trunk,238.714206,238.717737,0.003531,431890432,-145,1,0,0
0,47,expert,238.756467,239.502076,0.745609,263331840,0,0,15,0
0,47,compute,238.717773,239.616056,0.898284,0,0,0,0,0
0,48,trunk,239.616058,239.619734,0.003676,645562368,-146,1,0,0
0,48,expert,239.684065,240.396019,0.711955,263331840,0,0,15,0
0,48,compute,239.619758,240.514309,0.894551,0,0,0,0,0
0,49,trunk,240.514311,240.517678,0.003367,645562368,-147,1,0,0
0,49,expert,240.580109,241.357457,0.777348,263331840,0,0,15,0
0,49,compute,240.517700,241.457713,0.940013,0,0,0,0,0
0,50,trunk,241.457714,241.461104,0.003390,645562368,-148,1,0,0
0,50,expert,241.522023,242.105043,0.583020,280887296,0,0,16,0
0,50,compute,241.461125,242.230516,0.769391,0,0,0,0,0
0,51,trunk,242.230518,242.234087,0.003570,431890432,-149,1,0,0
0,51,expert,242.276527,243.032213,0.755686,280887296,0,0,16,0
0,51,compute,242.234110,243.135045,0.900935,0,0,0,0,0
0,52,trunk,243.135047,243.138662,0.003615,645562368,-150,1,0,0
0,52,expert,243.199625,243.941619,0.741994,280887296,0,0,16,0
0,52,compute,243.138685,244.063869,0.925184,0,0,0,0,0
0,53,trunk,244.063871,244.067362,0.003491,645562368,-151,1,0,0
0,53,expert,244.128641,244.880226,0.751586,263331840,0,0,15,0
0,53,compute,244.067386,244.994200,0.926813,0,0,0,0,0
0,54,trunk,244.994201,244.997891,0.003690,645562368,-152,1,0,0
0,54,expert,245.060235,245.626385,0.566150,280887296,0,0,16,0
0,54,compute,244.997913,245.746204,0.748291,0,0,0,0,0
0,55,trunk,245.746205,245.749642,0.003436,431890432,-153,1,0,0
0,55,expert,245.785296,246.532108,0.746812,280887296,0,0,16,0
0,55,compute,245.749662,246.646073,0.896410,0,0,0,0,0
0,56,trunk,246.646074,246.649648,0.003574,645562368,-154,1,0,0
0,56,expert,246.712139,247.471198,0.759059,280887296,0,0,16,0
0,56,compute,246.649691,247.583338,0.933647,0,0,0,0,0
0,57,trunk,247.583340,247.586991,0.003650,645562368,-155,1,0,0
0,57,expert,247.656391,248.422995,0.766604,280887296,0,0,16,0
0,57,compute,247.587012,248.534641,0.947629,0,0,0,0,0
0,58,trunk,248.534642,248.538298,0.003655,645562368,-156,1,0,0
0,58,expert,248.618818,249.174748,0.555930,280887296,0,0,16,0
0,58,compute,248.538319,249.290858,0.752539,0,0,0,0,0
0,59,trunk,249.290859,249.294427,0.003567,431890432,-157,1,0,0
0,59,expert,249.335273,250.118433,0.783161,280887296,0,0,16,0
0,59,compute,249.294450,250.254562,0.960112,0,0,0,0,0
0,60,trunk,250.254565,250.258778,0.004213,645562368,-158,1,0,0
0,60,expert,250.332739,251.085437,0.752697,280887296,0,0,16,0
0,60,compute,250.258827,251.214337,0.955511,0,0,0,0,0
0,61,trunk,251.214339,251.218296,0.003957,645562368,-159,1,0,0
0,61,expert,251.286613,252.025636,0.739023,280887296,0,0,16,0
0,61,compute,251.218337,252.123059,0.904722,0,0,0,0,0
0,62,trunk,252.123061,252.126643,0.003582,645562368,-160,1,0,0
0,62,expert,252.188085,252.736060,0.547975,280887296,0,0,16,0
0,62,compute,252.126666,252.850480,0.723814,0,0,0,0,0
0,63,trunk,252.850481,252.854047,0.003566,431890432,-161,1,0,0
0,63,expert,252.892463,253.668096,0.775633,280887296,0,0,16,0
0,63,compute,252.854069,253.764850,0.910781,0,0,0,0,0
0,64,trunk,253.764851,253.768468,0.003617,645562368,-162,1,0,0
0,64,expert,253.828799,254.596635,0.767836,280887296,0,0,16,0
0,64,compute,253.768495,254.711005,0.942510,0,0,0,0,0
0,65,trunk,254.711006,254.714484,0.003478,645562368,-163,1,0,0
0,65,expert,254.777412,255.521900,0.744487,280887296,0,0,16,0
0,65,compute,254.714511,255.624966,0.910455,0,0,0,0,0
0,66,trunk,255.624968,255.628741,0.003773,645562368,-164,1,0,0
0,66,expert,255.690148,256.265883,0.575735,280887296,0,0,16,0
0,66,compute,255.628760,256.368840,0.740080,0,0,0,0,0
0,67,trunk,256.368842,256.372276,0.003434,431890432,-165,1,0,0
0,67,expert,256.412175,257.194550,0.782375,280887296,0,0,16,0
0,67,compute,256.372293,257.298679,0.926386,0,0,0,0,0
0,68,trunk,257.298681,257.302224,0.003543,645562368,-166,1,0,0
0,68,expert,257.367400,258.109316,0.741916,280887296,0,0,16,0
0,68,compute,257.302254,258.219014,0.916760,0,0,0,0,0
0,69,trunk,258.219015,258.222553,0.003538,645562368,-167,1,0,0
0,69,expert,258.285891,259.066319,0.780428,280887296,0,0,16,0
0,69,compute,258.222577,259.178633,0.956056,0,0,0,0,0
0,70,trunk,259.178635,259.182745,0.004110,645562368,-168,1,0,0
0,70,expert,259.244580,259.804984,0.560404,280887296,0,0,16,0
0,70,compute,259.182773,259.918297,0.735524,0,0,0,0,0
0,71,trunk,259.918298,259.922032,0.003734,431890432,-169,1,0,0
0,71,expert,259.963588,260.769899,0.806311,280887296,0,0,16,0
0,71,compute,259.922061,260.887358,0.965297,0,0,0,0,0
0,72,trunk,260.887360,260.891063,0.003703,645562368,-170,1,0,0
0,72,expert,260.958136,261.560756,0.602620,280887296,0,0,16,0
0,72,compute,260.896489,261.682602,0.786112,0,0,0,0,0
0,73,trunk,261.682603,261.749685,0.067081,645562368,-171,1,0,0
0,73,expert,261.817150,262.587054,0.769904,280887296,0,0,16,0
0,73,compute,261.749741,262.722471,0.972730,0,0,0,0,0
0,74,trunk,262.722472,262.726066,0.003594,645562368,-172,1,0,0
0,74,expert,262.788834,263.350806,0.561972,280887296,0,0,16,0
0,74,compute,262.726087,263.463030,0.736942,0,0,0,0,0
0,75,trunk,263.463031,263.466477,0.003446,431890432,-173,1,0,0
0,75,expert,263.541612,264.008342,0.466730,280887296,0,0,16,0
0,75,compute,263.466498,264.122468,0.655969,0,0,0,0,0
0,76,trunk,264.122469,264.301270,0.178801,645562368,-174,1,0,0
0,76,expert,264.365796,265.082893,0.717097,280887296,0,0,16,0
0,76,compute,264.301328,265.198273,0.896945,0,0,0,0,0
0,77,trunk,265.198275,265.201894,0.003619,645562368,-175,1,0,0
0,77,expert,265.269624,266.016839,0.747215,280887296,0,0,16,0
0,77,compute,265.201918,266.138822,0.936904,0,0,0,0,0
0,78,trunk,266.138824,266.142327,0.003503,645562368,-176,1,0,0
0,78,expert,266.201762,266.773859,0.572097,280887296,0,0,16,0
0,78,compute,266.142350,266.886207,0.743856,0,0,0,0,0
0,79,trunk,266.886209,266.889733,0.003525,431890432,-177,1,0,0
0,79,expert,266.926167,267.690949,0.764782,280887296,0,0,16,0
0,79,compute,266.889754,267.837401,0.947646,0,0,0,0,0
0,80,trunk,267.837402,267.840838,0.003436,645562368,-178,1,0,0
0,80,expert,267.903923,268.729652,0.825730,280887296,0,0,16,0
0,80,compute,267.840858,268.870220,1.029362,0,0,0,0,0
0,81,trunk,268.870222,268.873611,0.003389,645562368,-179,1,0,0
0,81,expert,268.933042,269.668500,0.735458,263331840,0,0,15,0
0,81,compute,268.873632,269.788568,0.914935,0,0,0,0,0
0,82,trunk,269.788569,269.792331,0.003762,645562368,-180,1,0,0
0,82,expert,269.855698,270.437582,0.581884,280887296,0,0,16,0
0,82,compute,269.792386,270.562206,0.769820,0,0,0,0,0
0,83,trunk,270.562208,270.565893,0.003685,431890432,-181,1,0,0
0,83,expert,270.603234,271.336933,0.733699,228220928,0,0,13,0
0,83,compute,270.565924,271.432689,0.866765,0,0,0,0,0
0,84,trunk,271.432690,271.436222,0.003532,645562368,-182,1,0,0
0,84,expert,271.495643,282.814614,11.318971,228220928,0,0,13,0
0,84,compute,271.436243,282.915911,11.479669,0,0,0,0,0
0,85,trunk,282.915913,283.383591,0.467679,645562368,-183,1,0,0
0,85,expert,283.445030,284.176158,0.731127,245776384,0,0,14,0
0,85,compute,283.383651,284.282401,0.898751,0,0,0,0,0
0,86,trunk,284.282403,284.286293,0.003891,645562368,-184,1,0,0
0,86,expert,284.349346,284.902646,0.553301,280887296,0,0,16,0
0,86,compute,284.286319,285.014999,0.728680,0,0,0,0,0
0,87,trunk,285.015000,285.018491,0.003491,431890432,-185,1,0,0
0,87,expert,285.095358,285.753366,0.658008,228220928,0,0,13,0
0,87,compute,285.018513,285.848860,0.830347,0,0,0,0,0
0,88,trunk,285.848862,285.852336,0.003474,645562368,-186,1,0,0
0,88,expert,285.912890,286.658532,0.745642,263331840,0,0,15,0
0,88,compute,285.852356,286.770457,0.918101,0,0,0,0,0
0,89,trunk,286.770459,286.773985,0.003526,645562368,-187,1,0,0
0,89,expert,286.834668,287.577609,0.742942,228220928,0,0,13,0
0,89,compute,286.774006,287.706222,0.932217,0,0,0,0,0
0,90,trunk,287.706224,287.709707,0.003484,645562368,-188,1,0,0
0,90,expert,287.767990,288.287189,0.519199,210665472,0,0,12,0
0,90,compute,287.709729,288.406223,0.696494,0,0,0,0,0
0,91,trunk,288.406225,288.409649,0.003424,431890432,-189,1,0,0
0,91,expert,288.447613,288.992261,0.544648,228220928,0,0,13,0
0,91,compute,288.409670,289.112881,0.703211,0,0,0,0,0
0,92,trunk,289.112883,289.116494,0.003611,431890432,-190,1,0,0
0,92,expert,289.147959,289.331076,0.183116,228220928,0,0,13,0
0,92,compute,289.116496,289.442998,0.326502,0,0,0,0,0
0,0,trunk,289.547144,289.547206,0.000062,0,-190,0,0,0
0,0,compute,289.547207,289.655009,0.107802,0,0,0,0,0
0,1,trunk,289.655010,289.658457,0.003447,0,-189,0,0,0
0,1,expert,289.714981,289.925670,0.210689,263331840,0,0,15,0
0,1,compute,289.658459,290.028461,0.370002,0,0,0,0,0
0,2,trunk,290.028463,290.031758,0.003295,0,-188,0,0,0
0,2,expert,290.085342,290.283396,0.198054,245776384,0,0,14,0
0,2,compute,290.031760,290.406521,0.374761,0,0,0,0,0
0,3,trunk,290.406523,290.409963,0.003441,0,-187,0,0,0
0,3,expert,290.441964,290.613051,0.171087,210665472,0,0,12,0
0,3,compute,290.409965,290.730997,0.321032,0,0,0,0,0
0,4,trunk,290.730998,290.734670,0.003672,0,-186,0,0,0
0,4,expert,290.792888,290.974971,0.182084,228220928,0,0,13,0
0,4,compute,290.734673,291.077832,0.343159,0,0,0,0,0
0,5,trunk,291.077834,291.081328,0.003494,0,-185,0,0,0
0,5,expert,291.135582,291.361825,0.226244,263331840,0,0,15,0
0,5,compute,291.081330,291.474265,0.392935,0,0,0,0,0
0,6,trunk,291.474267,291.477678,0.003411,0,-184,0,0,0
0,6,expert,291.535595,291.765141,0.229546,280887296,0,0,16,0
0,6,compute,291.477681,291.878447,0.400766,0,0,0,0,0
0,7,trunk,291.878448,291.881822,0.003374,0,-183,0,0,0
0,7,expert,291.915615,292.133349,0.217735,263331840,0,0,15,0
0,7,compute,291.881823,292.246220,0.364397,0,0,0,0,0
0,8,trunk,292.246221,292.250000,0.003778,0,-182,0,0,0
0,8,expert,292.304853,292.529504,0.224652,280887296,0,0,16,0
0,8,compute,292.250001,292.646287,0.396286,0,0,0,0,0
0,9,trunk,292.646288,292.649771,0.003483,0,-181,0,0,0
0,9,expert,292.704599,292.875025,0.170426,210665472,0,0,12,0
0,9,compute,292.649772,292.977631,0.327859,0,0,0,0,0
0,10,trunk,292.977633,292.980922,0.003289,0,-180,0,0,0
0,10,expert,293.044548,293.190342,0.145794,175554560,0,0,10,0
0,10,compute,292.980924,293.302509,0.321585,0,0,0,0,0
0,11,trunk,293.302510,293.305923,0.003413,0,-179,0,0,0
0,11,expert,293.336977,293.520460,0.183484,228220928,0,0,13,0
0,11,compute,293.305925,293.620709,0.314785,0,0,0,0,0
0,12,trunk,293.620711,293.624132,0.003421,0,-178,0,0,0
0,12,expert,293.682028,293.884116,0.202088,245776384,0,0,14,0
0,12,compute,293.624156,293.990228,0.366072,0,0,0,0,0
0,13,trunk,293.990229,293.993520,0.003291,0,-177,0,0,0
0,13,expert,294.057479,294.245293,0.187814,228220928,0,0,13,0
0,13,compute,293.993522,294.358333,0.364811,0,0,0,0,0
0,14,trunk,294.358334,294.361747,0.003413,0,-176,0,0,0
0,14,expert,294.418591,294.600353,0.181762,228220928,0,0,13,0
0,14,compute,294.361749,294.704588,0.342839,0,0,0,0,0
0,15,trunk,294.704589,294.707984,0.003395,0,-175,0,0,0
0,15,expert,294.740277,294.940271,0.199994,245776384,0,0,14,0
0,15,compute,294.707986,295.047803,0.339818,0,0,0,0,0
0,16,trunk,295.047805,295.051254,0.003449,0,-174,0,0,0
0,16,expert,295.105564,295.280027,0.174464,210665472,0,0,12,0
0,16,compute,295.051256,295.381020,0.329764,0,0,0,0,0
0,17,trunk,295.381021,295.384533,0.003512,0,-173,0,0,0
0,17,expert,295.440305,295.642445,0.202140,245776384,0,0,14,0
0,17,compute,295.384535,295.758201,0.373666,0,0,0,0,0
0,18,trunk,295.758203,295.761642,0.003439,0,-172,0,0,0
0,18,expert,295.822661,296.009171,0.186510,228220928,0,0,13,0
0,18,compute,295.761644,296.146171,0.384527,0,0,0,0,0
0,19,trunk,296.146172,296.149533,0.003360,0,-171,0,0,0
0,19,expert,296.184044,296.371149,0.187104,228220928,0,0,13,0
0,19,compute,296.149534,296.486244,0.336710,0,0,0,0,0
0,20,trunk,296.486245,296.489758,0.003513,0,-170,0,0,0
0,20,expert,296.548554,296.716103,0.167549,210665472,0,0,12,0
0,20,compute,296.489760,296.834272,0.344512,0,0,0,0,0
0,21,trunk,296.834273,296.837699,0.003426,0,-169,0,0,0
0,21,expert,296.904654,297.647074,0.742420,263331840,0,0,15,0
0,21,compute,296.837726,297.758301,0.920575,0,0,0,0,0
0,22,trunk,297.758303,297.761708,0.003405,645562368,-169,1,0,0
0,22,expert,297.818972,298.384391,0.565419,263331840,0,0,15,0
0,22,compute,297.761729,298.502923,0.741195,0,0,0,0,0
0,23,trunk,298.502924,298.506254,0.003329,431890432,-170,1,0,0
0,23,expert,298.589460,299.206107,0.616648,210665472,0,0,12,0
0,23,compute,298.506276,299.314876,0.808600,0,0,0,0,0
0,24,trunk,299.314877,299.318436,0.003558,645562368,-171,1,0,0
0,24,expert,299.381026,300.140822,0.759796,228220928,0,0,13,0
0,24,compute,299.318485,300.254387,0.935903,0,0,0,0,0
0,25,trunk,300.254389,300.257742,0.003353,645562368,-172,1,0,0
0,25,expert,300.317757,301.081206,0.763450,280887296,0,0,16,0
0,25,compute,300.257764,301.198927,0.941162,0,0,0,0,0
0,26,trunk,301.198928,301.202475,0.003547,645562368,-173,1,0,0
0,26,expert,301.257855,301.803743,0.545889,245776384,0,0,14,0
0,26,compute,301.202497,301.905006,0.702509,0,0,0,0,0
0,27,trunk,301.905008,301.908403,0.003395,431890432,-174,1,0,0
0,27,expert,301.955662,302.669242,0.713580,280887296,0,0,16,0
0,27,compute,301.908421,302.786516,0.878095,0,0,0,0,0
0,28,trunk,302.786518,302.789951,0.003434,645562368,-175,1,0,0
0,28,expert,302.850341,303.532961,0.682620,263331840,0,0,15,0
0,28,compute,302.789973,303.634521,0.844548,0,0,0,0,0
0,29,trunk,303.634522,303.638121,0.003599,645562368,-176,1,0,0
0,29,expert,303.703446,304.436620,0.733174,245776384,0,0,14,0
0,29,compute,303.638144,304.550208,0.912064,0,0,0,0,0
0,30,trunk,304.550210,304.553904,0.003695,645562368,-177,1,0,0
0,30,expert,304.615444,305.178344,0.562899,263331840,0,0,15,0
0,30,compute,304.553955,305.295011,0.741056,0,0,0,0,0
0,31,trunk,305.295012,305.298390,0.003378,431890432,-178,1,0,0
0,31,expert,305.336466,306.108288,0.771822,263331840,0,0,15,0
0,31,compute,305.298413,306.203207,0.904794,0,0,0,0,0
0,32,trunk,306.203208,306.206887,0.003678,645562368,-179,1,0,0
0,32,expert,306.267739,306.970748,0.703009,210665472,0,0,12,0
0,32,compute,306.206908,307.090605,0.883696,0,0,0,0,0
0,33,trunk,307.090606,307.094046,0.003440,645562368,-180,1,0,0
0,33,expert,307.158526,307.916356,0.757830,228220928,0,0,13,0
0,33,compute,307.094068,308.034926,0.940859,0,0,0,0,0
0,34,trunk,308.034928,308.038342,0.003414,645562368,-181,1,0,0
0,34,expert,308.096099,308.668021,0.571922,263331840,0,0,15,0
0,34,compute,308.038391,308.782298,0.743906,0,0,0,0,0
0,35,trunk,308.782299,308.785650,0.003351,431890432,-182,1,0,0
0,35,expert,308.823791,309.586149,0.762359,245776384,0,0,14,0
0,35,compute,308.785671,309.702528,0.916857,0,0,0,0,0
0,36,trunk,309.702529,309.706052,0.003523,645562368,-183,1,0,0
0,36,expert,309.768652,310.508533,0.739880,245776384,0,0,14,0
0,36,compute,309.706075,310.605440,0.899365,0,0,0,0,0
0,37,trunk,310.605441,310.608870,0.003429,645562368,-184,1,0,0
0,37,expert,310.673762,311.415659,0.741897,263331840,0,0,15,0
0,37,compute,310.608889,311.522000,0.913111,0,0,0,0,0
0,38,trunk,311.522001,311.525403,0.003402,645562368,-185,1,0,0
0,38,expert,311.585395,312.104974,0.519578,245776384,0,0,14,0
0,38,compute,311.525424,312.218576,0.693152,0,0,0,0,0
0,39,trunk,312.218578,312.222234,0.003656,431890432,-186,1,0,0
0,39,expert,312.264130,313.004184,0.740054,245776384,0,0,14,0
0,39,compute,312.222253,313.121642,0.899389,0,0,0,0,0
0,40,trunk,313.121643,313.125428,0.003784,645562368,-187,1,0,0
0,40,expert,313.205966,313.934584,0.728618,263331840,0,0,15,0
0,40,compute,313.125469,314.046658,0.921190,0,0,0,0,0
0,41,trunk,314.046660,314.050325,0.003665,645562368,-188,1,0,0
0,41,expert,314.126009,314.826653,0.700643,245776384,0,0,14,0
0,41,compute,314.050374,314.933024,0.882650,0,0,0,0,0
0,42,trunk,314.933026,314.936568,0.003542,645562368,-189,1,0,0
0,42,expert,314.996121,315.540391,0.544271,245776384,0,0,14,0
0,42,compute,314.936606,315.638785,0.702179,0,0,0,0,0
0,43,trunk,315.638787,315.642230,0.003443,431890432,-190,1,0,0
0,43,expert,315.683764,316.482981,0.799217,280887296,0,0,16,0
0,43,compute,315.642257,316.583039,0.940782,0,0,0,0,0
0,44,trunk,316.583041,316.586667,0.003626,645562368,-191,1,0,0
0,44,expert,316.650667,317.416160,0.765493,280887296,0,0,16,0
0,44,compute,316.586736,317.521825,0.935089,0,0,0,0,0
0,45,trunk,317.521827,317.525442,0.003615,645562368,-192,1,0,0
0,45,expert,317.590255,318.350648,0.760392,263331840,0,0,15,0
0,45,compute,317.525477,318.449383,0.923906,0,0,0,0,0
0,46,trunk,318.449384,318.452780,0.003395,645562368,-193,1,0,0
0,46,expert,318.515157,319.070912,0.555756,245776384,0,0,14,0
0,46,compute,318.452799,319.194221,0.741422,0,0,0,0,0
0,47,trunk,319.194222,319.197738,0.003516,431890432,-194,1,0,0
0,47,expert,319.240186,319.959920,0.719734,245776384,0,0,14,0
0,47,compute,319.197766,320.060750,0.862983,0,0,0,0,0
0,48,trunk,320.060752,320.064160,0.003409,645562368,-195,1,0,0
0,48,expert,320.123753,320.851681,0.727928,263331840,0,0,15,0
0,48,compute,320.064199,320.962165,0.897966,0,0,0,0,0
0,49,trunk,320.962166,320.966507,0.004341,645562368,-196,1,0,0
0,49,expert,321.037031,321.793698,0.756667,263331840,0,0,15,0
0,49,compute,320.966541,321.919884,0.953343,0,0,0,0,0
0,50,trunk,321.919885,321.923525,0.003640,645562368,-197,1,0,0
0,50,expert,322.010252,322.547991,0.537739,263331840,0,0,15,0
0,50,compute,321.923548,322.678544,0.754996,0,0,0,0,0
0,51,trunk,322.678545,322.683100,0.004555,431890432,-198,1,0,0
0,51,expert,322.720373,323.450008,0.729635,245776384,0,0,14,0
0,51,compute,322.683131,323.570195,0.887064,0,0,0,0,0
0,52,trunk,323.570197,323.573846,0.003649,645562368,-199,1,0,0
0,52,expert,323.642197,324.312984,0.670788,228220928,0,0,13,0
0,52,compute,323.573899,324.424377,0.850478,0,0,0,0,0
0,53,trunk,324.424378,324.428544,0.004166,645562368,-200,1,0,0
0,53,expert,324.496214,325.220491,0.724277,245776384,0,0,14,0
0,53,compute,324.428566,325.339081,0.910516,0,0,0,0,0
0,54,trunk,325.339083,325.342467,0.003384,645562368,-201,1,0,0
0,54,expert,325.407312,325.954927,0.547615,263331840,0,0,15,0
0,54,compute,325.342489,326.065490,0.723001,0,0,0,0,0
0,55,trunk,326.065492,326.069491,0.003999,431890432,-202,1,0,0
0,55,expert,326.110345,326.835998,0.725653,228220928,0,0,13,0
0,55,compute,326.069513,326.951117,0.881604,0,0,0,0,0
0,56,trunk,326.951119,326.954588,0.003469,645562368,-203,1,0,0
0,56,expert,327.020485,327.757841,0.737356,263331840,0,0,15,0
0,56,compute,326.954624,327.860264,0.905640,0,0,0,0,0
0,57,trunk,327.860269,327.863882,0.003614,645562368,-204,1,0,0
0,57,expert,327.932294,328.705035,0.772741,280887296,0,0,16,0
0,57,compute,327.863913,328.813156,0.949244,0,0,0,0,0
0,58,trunk,328.813158,328.816568,0.003410,645562368,-205,1,0,0
0,58,expert,328.879886,329.413624,0.533738,228220928,0,0,13,0
0,58,compute,328.816585,329.534219,0.717634,0,0,0,0,0
0,59,trunk,329.534221,329.537839,0.003619,431890432,-206,1,0,0
0,59,expert,329.581731,330.309819,0.728088,228220928,0,0,13,0
0,59,compute,329.537871,330.430207,0.892336,0,0,0,0,0
0,60,trunk,330.430208,330.433848,0.003639,645562368,-207,1,0,0
0,60,expert,330.513638,331.246717,0.733079,263331840,0,0,15,0
0,60,compute,330.433871,331.374352,0.940481,0,0,0,0,0
0,61,trunk,331.374354,331.377838,0.003485,645562368,-208,1,0,0
0,61,expert,331.445109,332.164445,0.719336,263331840,0,0,15,0
0,61,compute,331.377890,332.261304,0.883413,0,0,0,0,0
0,62,trunk,332.261305,332.264828,0.003522,645562368,-209,1,0,0
0,62,expert,332.323626,332.798988,0.475362,210665472,0,0,12,0
0,62,compute,332.264848,332.919100,0.654252,0,0,0,0,0
0,63,trunk,332.919103,332.923232,0.004130,431890432,-210,1,0,0
0,63,expert,332.967340,333.692057,0.724717,228220928,0,0,13,0
0,63,compute,332.923260,333.799732,0.876471,0,0,0,0,0
0,64,trunk,333.799734,333.803238,0.003504,645562368,-211,1,0,0
0,64,expert,333.869241,334.604304,0.735063,245776384,0,0,14,0
0,64,compute,333.803261,334.722310,0.919049,0,0,0,0,0
0,65,trunk,334.722311,334.725921,0.003610,645562368,-212,1,0,0
0,65,expert,334.794629,335.397462,0.602833,210665472,0,0,12,0
0,65,compute,334.725940,335.507312,0.781372,0,0,0,0,0
0,66,trunk,335.507314,335.510729,0.003415,645562368,-213,1,0,0
0,66,expert,335.582046,336.120228,0.538182,245776384,0,0,14,0
0,66,compute,335.510751,336.236038,0.725287,0,0,0,0,0
0,67,trunk,336.236040,336.239702,0.003662,431890432,-214,1,0,0
0,67,expert,336.286172,337.034820,0.748649,245776384,0,0,14,0
0,67,compute,336.244143,337.160037,0.915894,0,0,0,0,0
0,68,trunk,337.160038,337.163820,0.003782,645562368,-215,1,0,0
0,68,expert,337.252439,337.895363,0.642924,228220928,0,0,13,0
0,68,compute,337.163845,338.038274,0.874429,0,0,0,0,0
0,69,trunk,338.038276,338.041856,0.003581,645562368,-216,1,0,0
0,69,expert,338.107374,338.841703,0.734329,228220928,0,0,13,0
0,69,compute,338.041877,338.958548,0.916670,0,0,0,0,0
0,70,trunk,338.958549,338.962296,0.003746,645562368,-217,1,0,0
0,70,expert,339.040066,339.533695,0.493630,210665472,0,0,12,0
0,70,compute,338.962327,339.638565,0.676238,0,0,0,0,0
0,71,trunk,339.638567,339.642195,0.003628,431890432,-218,1,0,0
0,71,expert,339.680369,340.468037,0.787669,245776384,0,0,14,0
0,71,compute,339.642219,340.586466,0.944247,0,0,0,0,0
0,72,trunk,340.586468,340.590049,0.003581,645562368,-219,1,0,0
0,72,expert,340.663159,341.413500,0.750341,263331840,0,0,15,0
0,72,compute,340.590073,341.538017,0.947944,0,0,0,0,0
0,73,trunk,341.538019,341.541852,0.003833,645562368,-220,1,0,0
0,73,expert,341.612306,342.374202,0.761896,280887296,0,0,16,0
0,73,compute,341.541874,342.498816,0.956941,0,0,0,0,0
0,74,trunk,342.498818,342.502627,0.003809,645562368,-221,1,0,0
0,74,expert,342.572000,343.126042,0.554042,280887296,0,0,16,0
0,74,compute,342.502649,343.243108,0.740459,0,0,0,0,0
0,75,trunk,343.243110,343.247888,0.004778,431890432,-222,1,0,0
0,75,expert,343.325647,344.050339,0.724692,280887296,0,0,16,0
0,75,compute,343.247969,344.174170,0.926201,0,0,0,0,0
0,76,trunk,344.174171,344.177703,0.003532,645562368,-223,1,0,0
0,76,expert,344.297825,344.984026,0.686202,280887296,0,0,16,0
0,76,compute,344.177725,345.102316,0.924591,0,0,0,0,0
0,77,trunk,345.102318,345.106233,0.003915,645562368,-224,1,0,0
0,77,expert,345.182475,345.882950,0.700475,228220928,0,0,13,0
0,77,compute,345.106257,345.988049,0.881792,0,0,0,0,0
0,78,trunk,345.988051,345.992095,0.004045,645562368,-225,1,0,0
0,78,expert,346.052376,346.580536,0.528160,245776384,0,0,14,0
0,78,compute,345.992112,346.681509,0.689397,0,0,0,0,0
0,79,trunk,346.681510,346.685004,0.003493,431890432,-226,1,0,0
0,79,expert,346.722507,347.452602,0.730095,245776384,0,0,14,0
0,79,compute,346.685023,347.568045,0.883022,0,0,0,0,0
0,80,trunk,347.568046,347.572299,0.004253,645562368,-227,1,0,0
0,80,expert,347.632821,348.295704,0.662883,280887296,0,0,16,0
0,80,compute,347.572318,348.414252,0.841934,0,0,0,0,0
0,81,trunk,348.414254,348.418789,0.004535,645562368,-228,1,0,0
0,81,expert,348.487960,349.210881,0.722921,245776384,0,0,14,0
0,81,compute,348.418818,349.328271,0.909453,0,0,0,0,0
0,82,trunk,349.328273,349.331988,0.003715,645562368,-229,1,0,0
0,82,expert,349.398416,350.105706,0.707291,263331840,0,0,15,0
0,82,compute,349.332034,350.218281,0.886247,0,0,0,0,0
0,83,trunk,350.218282,350.221467,0.003184,431890432,-230,1,0,0
0,83,expert,350.291303,350.984343,0.693040,228220928,0,0,13,0
0,83,compute,350.221487,351.102342,0.880855,0,0,0,0,0
0,84,trunk,351.102343,351.105893,0.003550,645562368,-231,1,0,0
0,84,expert,351.175573,351.832414,0.656841,175554560,0,0,10,0
0,84,compute,351.105950,351.939775,0.833825,0,0,0,0,0
0,85,trunk,351.939776,351.943452,0.003676,645562368,-232,1,0,0
0,85,expert,352.006104,352.701936,0.695832,228220928,0,0,13,0
0,85,compute,351.943474,352.806207,0.862733,0,0,0,0,0
0,86,trunk,352.806209,352.809681,0.003472,645562368,-233,1,0,0
0,86,expert,352.871324,353.382009,0.510686,245776384,0,0,14,0
0,86,compute,352.809702,353.511066,0.701364,0,0,0,0,0
0,87,trunk,353.511068,353.514536,0.003468,431890432,-234,1,0,0
0,87,expert,353.556455,354.247622,0.691168,228220928,0,0,13,0
0,87,compute,353.514559,354.374195,0.859636,0,0,0,0,0
0,88,trunk,354.374197,354.377603,0.003406,645562368,-235,1,0,0
0,88,expert,354.443970,355.096957,0.652987,210665472,0,0,12,0
0,88,compute,354.377623,355.231335,0.853712,0,0,0,0,0
0,89,trunk,355.231337,355.235314,0.003977,645562368,-236,1,0,0
0,89,expert,355.301463,356.060711,0.759248,245776384,0,0,14,0
0,89,compute,355.235342,356.182310,0.946968,0,0,0,0,0
0,90,trunk,356.182312,356.190343,0.008031,645562368,-237,1,0,0
0,90,expert,356.253632,356.780057,0.526426,228220928,0,0,13,0
0,90,compute,356.190371,356.884542,0.694171,0,0,0,0,0
0,91,trunk,356.884544,356.891038,0.006493,431890432,-238,1,0,0
0,91,expert,356.930975,357.441720,0.510744,210665472,0,0,12,0
0,91,compute,356.891065,357.562381,0.671316,0,0,0,0,0
0,92,trunk,357.562383,357.566097,0.003714,431890432,-239,1,0,0
0,92,expert,357.620473,357.801926,0.181452,228220928,0,0,13,0
0,92,compute,357.566099,357.922256,0.356157,0,0,0,0,0
0,0,trunk,358.021291,358.021327,0.000036,0,-239,0,0,0
0,0,compute,358.021328,358.135290,0.113962,0,0,0,0,0
0,1,trunk,358.135291,358.138742,0.003451,0,-238,0,0,0
0,1,expert,358.199634,358.380166,0.180531,228220928,0,0,13,0
0,1,compute,358.138744,358.486278,0.347534,0,0,0,0,0
0,2,trunk,358.486280,358.489614,0.003334,0,-237,0,0,0
0,2,expert,358.548524,358.693143,0.144618,175554560,0,0,10,0
0,2,compute,358.489616,358.814238,0.324622,0,0,0,0,0
0,3,trunk,358.814240,358.817962,0.003722,0,-236,0,0,0
0,3,expert,358.850662,358.989443,0.138782,175554560,0,0,10,0
0,3,compute,358.817964,359.106535,0.288571,0,0,0,0,0
0,4,trunk,359.106537,359.110473,0.003936,0,-235,0,0,0
0,4,expert,359.168702,359.321272,0.152570,193110016,0,0,11,0
0,4,compute,359.110474,359.442478,0.332003,0,0,0,0,0
0,5,trunk,359.442479,359.446218,0.003739,0,-234,0,0,0
0,5,expert,359.510752,359.665320,0.154568,193110016,0,0,11,0
0,5,compute,359.446221,359.788115,0.341894,0,0,0,0,0
0,6,trunk,359.788116,359.791500,0.003384,0,-233,0,0,0
0,6,expert,359.855919,360.079183,0.223264,280887296,0,0,16,0
0,6,compute,359.791502,360.194213,0.402711,0,0,0,0,0
0,7,trunk,360.194214,360.197687,0.003473,0,-232,0,0,0
0,7,expert,360.233980,360.444387,0.210408,263331840,0,0,15,0
0,7,compute,360.197689,360.562233,0.364544,0,0,0,0,0
0,8,trunk,360.562234,360.565930,0.003696,0,-231,0,0,0
0,8,expert,360.630765,360.844779,0.214013,263331840,0,0,15,0
0,8,compute,360.565932,360.947521,0.381590,0,0,0,0,0
0,9,trunk,360.947522,360.951140,0.003618,0,-230,0,0,0
0,9,expert,361.010700,361.167391,0.156692,193110016,0,0,11,0
0,9,compute,360.951142,361.273068,0.321926,0,0,0,0,0
0,10,trunk,361.273069,361.276403,0.003333,0,-229,0,0,0
0,10,expert,361.338256,361.520381,0.182124,228220928,0,0,13,0
0,10,compute,361.276405,361.625475,0.349070,0,0,0,0,0
0,11,trunk,361.625476,361.629184,0.003708,0,-228,0,0,0
0,11,expert,361.661227,361.801602,0.140375,175554560,0,0,10,0
0,11,compute,361.629186,361.926171,0.296985,0,0,0,0,0
0,12,trunk,361.926172,361.929594,0.003422,0,-227,0,0,0
0,12,expert,361.990780,362.175355,0.184574,228220928,0,0,13,0
0,12,compute,361.929596,362.302613,0.373018,0,0,0,0,0
0,13,trunk,362.302615,362.305935,0.003320,0,-226,0,0,0
0,13,expert,362.363430,362.552240,0.188809,228220928,0,0,13,0
0,13,compute,362.305937,362.682791,0.376854,0,0,0,0,0
0,14,trunk,362.682792,362.686195,0.003403,0,-225,0,0,0
0,14,expert,362.746946,362.944023,0.197077,245776384,0,0,14,0
0,14,compute,362.686198,363.062283,0.376086,0,0,0,0,0
0,15,trunk,363.062286,363.066207,0.003921,0,-224,0,0,0
0,15,expert,363.103074,363.261526,0.158452,193110016,0,0,11,0
0,15,compute,363.066208,363.378189,0.311981,0,0,0,0,0
0,16,trunk,363.378190,363.381802,0.003612,0,-223,0,0,0
0,16,expert,363.447084,363.600164,0.153080,193110016,0,0,11,0
0,16,compute,363.381804,363.726199,0.344396,0,0,0,0,0
0,17,trunk,363.726201,363.729625,0.003424,0,-222,0,0,0
0,17,expert,363.790909,363.957200,0.166291,210665472,0,0,12,0
0,17,compute,363.729651,364.072505,0.342855,0,0,0,0,0
0,18,trunk,364.072507,364.075947,0.003440,0,-221,0,0,0
0,18,expert,364.134714,364.314047,0.179333,228220928,0,0,13,0
0,18,compute,364.075949,364.422206,0.346257,0,0,0,0,0
0,19,trunk,364.422207,364.425546,0.003339,0,-220,0,0,0
0,19,expert,364.464987,364.606265,0.141279,175554560,0,0,10,0
0,19,compute,364.425548,364.738410,0.312862,0,0,0,0,0
0,20,trunk,364.738411,364.742599,0.004188,0,-219,0,0,0
0,20,expert,364.800844,364.972401,0.171556,210665472,0,0,12,0
0,20,compute,364.742601,365.074891,0.332290,0,0,0,0,0
0,21,trunk,365.074892,365.078264,0.003372,0,-218,0,0,0
0,21,expert,365.143076,365.866691,0.723615,228220928,0,0,13,0
0,21,compute,365.078286,365.969154,0.890868,0,0,0,0,0
0,22,trunk,365.969156,365.972597,0.003441,645562368,-218,1,0,0
0,22,expert,366.034467,366.533233,0.498766,193110016,0,0,11,0
0,22,compute,365.972617,366.632953,0.660337,0,0,0,0,0
0,23,trunk,366.632955,366.636660,0.003705,431890432,-219,1,0,0
0,23,expert,366.683544,367.328262,0.644718,193110016,0,0,11,0
0,23,compute,366.636675,367.431280,0.794605,0,0,0,0,0
0,24,trunk,367.431282,367.435030,0.003748,645562368,-220,1,0,0
0,24,expert,367.502696,368.236994,0.734298,193110016,0,0,11,0
0,24,compute,367.435057,368.357417,0.922361,0,0,0,0,0
0,25,trunk,368.357419,368.360825,0.003405,645562368,-221,1,0,0
0,25,expert,368.433701,369.179181,0.745480,263331840,0,0,15,0
0,25,compute,368.360844,369.309210,0.948366,0,0,0,0,0
0,26,trunk,369.309212,369.312772,0.003560,645562368,-222,1,0,0
0,26,expert,369.381710,369.903158,0.521448,228220928,0,0,13,0
0,26,compute,369.312792,370.022162,0.709370,0,0,0,0,0
0,27,trunk,370.022163,370.025614,0.003450,431890432,-223,1,0,0
0,27,expert,370.069746,370.780322,0.710576,263331840,0,0,15,0
0,27,compute,370.030793,370.890172,0.859379,0,0,0,0,0
0,28,trunk,370.890174,370.893904,0.003730,645562368,-224,1,0,0
0,28,expert,370.956921,371.649582,0.692661,263331840,0,0,15,0
0,28,compute,370.893935,371.769673,0.875738,0,0,0,0,0
0,29,trunk,371.769675,371.773466,0.003791,645562368,-225,1,0,0
0,29,expert,371.835000,372.552851,0.717852,228220928,0,0,13,0
0,29,compute,371.773487,372.668311,0.894824,0,0,0,0,0
0,30,trunk,372.668313,372.671864,0.003551,645562368,-226,1,0,0
0,30,expert,372.743107,373.265663,0.522556,228220928,0,0,13,0
0,30,compute,372.671887,373.388037,0.716149,0,0,0,0,0
0,31,trunk,373.388038,373.396426,0.008388,431890432,-227,1,0,0
0,31,expert,373.439378,374.182092,0.742714,245776384,0,0,14,0
0,31,compute,373.396467,374.306524,0.910057,0,0,0,0,0
0,32,trunk,374.306526,374.310201,0.003675,645562368,-228,1,0,0
0,32,expert,374.385407,375.064532,0.679125,210665472,0,0,12,0
0,32,compute,374.310249,375.165688,0.855439,0,0,0,0,0
0,33,trunk,375.165690,375.169490,0.003800,645562368,-229,1,0,0
0,33,expert,375.232368,375.953020,0.720653,210665472,0,0,12,0
0,33,compute,375.169519,376.064788,0.895269,0,0,0,0,0
0,34,trunk,376.064789,376.068807,0.004017,645562368,-230,1,0,0
0,34,expert,376.136618,376.690092,0.553473,263331840,0,0,15,0
0,34,compute,376.068826,376.814171,0.745344,0,0,0,0,0
0,35,trunk,376.814173,376.818045,0.003873,431890432,-231,1,0,0
0,35,expert,376.879992,377.613357,0.733364,228220928,0,0,13,0
0,35,compute,376.818074,377.717239,0.899165,0,0,0,0,0
0,36,trunk,377.717241,377.720912,0.003672,645562368,-232,1,0,0
0,36,expert,377.836828,378.511693,0.674865,228220928,0,0,13,0
0,36,compute,377.720934,378.634328,0.913394,0,0,0,0,0
0,37,trunk,378.634330,378.637750,0.003419,645562368,-233,1,0,0
0,37,expert,378.708519,379.400086,0.691568,228220928,0,0,13,0
0,37,compute,378.637772,379.526692,0.888920,0,0,0,0,0
0,38,trunk,379.526694,379.530183,0.003489,645562368,-234,1,0,0
0,38,expert,379.597918,380.094206,0.496287,193110016,0,0,11,0
0,38,compute,379.530204,380.226228,0.696024,0,0,0,0,0
0,39,trunk,380.226229,380.229645,0.003415,431890432,-235,1,0,0
0,39,expert,380.269304,380.980153,0.710849,210665472,0,0,12,0
0,39,compute,380.229665,381.079564,0.849899,0,0,0,0,0
0,40,trunk,381.079566,381.083506,0.003940,645562368,-236,1,0,0
0,40,expert,381.148826,381.853313,0.704487,210665472,0,0,12,0
0,40,compute,381.083549,381.978279,0.894729,0,0,0,0,0
0,41,trunk,381.978280,381.981711,0.003430,645562368,-237,1,0,0
0,41,expert,382.054443,382.718611,0.664167,193110016,0,0,11,0
0,41,compute,381.981733,382.844042,0.862309,0,0,0,0,0
0,42,trunk,382.844044,382.847267,0.003224,645562368,-238,1,0,0
0,42,expert,382.908431,383.355948,0.447517,122888192,0,0,7,0
0,42,compute,382.847335,383.464232,0.616897,0,0,0,0,0
0,43,trunk,383.464234,383.468091,0.003857,431890432,-239,1,0,0
0,43,expert,383.512619,384.263060,0.750441,210665472,0,0,12,0
0,43,compute,383.468110,384.378463,0.910353,0,0,0,0,0
0,44,trunk,384.378465,384.382177,0.003713,645562368,-240,1,0,0
0,44,expert,384.453106,384.975990,0.522884,228220928,0,0,13,0
0,44,compute,384.382199,385.096652,0.714453,0,0,0,0,0
0,45,trunk,385.096654,385.185166,0.088512,645562368,-241,1,0,0
0,45,expert,385.253407,385.913314,0.659906,157999104,0,0,9,0
0,45,compute,385.185225,386.028056,0.842831,0,0,0,0,0
0,46,trunk,386.028057,386.031819,0.003762,645562368,-242,1,0,0
0,46,expert,386.090678,386.588306,0.497629,175554560,0,0,10,0
0,46,compute,386.031845,386.722228,0.690383,0,0,0,0,0
0,47,trunk,386.722230,386.725706,0.003476,431890432,-243,1,0,0
0,47,expert,386.765531,387.402101,0.636570,193110016,0,0,11,0
0,47,compute,386.725757,387.522201,0.796444,0,0,0,0,0
0,48,trunk,387.522202,387.525497,0.003294,645562368,-244,1,0,0
0,48,expert,387.593324,388.255091,0.661767,193110016,0,0,11,0
0,48,compute,387.525516,388.378227,0.852710,0,0,0,0,0
0,49,trunk,388.378229,388.382109,0.003881,645562368,-245,1,0,0
0,49,expert,388.446092,389.195752,0.749660,245776384,0,0,14,0
0,49,compute,388.382134,389.317417,0.935283,0,0,0,0,0
0,50,trunk,389.317419,389.320986,0.003568,645562368,-246,1,0,0
0,50,expert,389.383487,389.891863,0.508376,210665472,0,0,12,0
0,50,compute,389.321007,390.018481,0.697475,0,0,0,0,0
0,51,trunk,390.018483,390.022400,0.003917,431890432,-247,1,0,0
0,51,expert,390.074204,390.742005,0.667800,193110016,0,0,11,0
0,51,compute,390.022431,390.843088,0.820657,0,0,0,0,0
0,52,trunk,390.843090,390.847104,0.004014,645562368,-248,1,0,0
0,52,expert,390.927473,391.592398,0.664924,210665472,0,0,12,0
0,52,compute,390.847133,391.705092,0.857959,0,0,0,0,0
0,53,trunk,391.705093,391.710261,0.005168,645562368,-249,1,0,0
0,53,expert,391.779144,392.464598,0.685454,193110016,0,0,11,0
0,53,compute,391.710628,392.586206,0.875578,0,0,0,0,0
0,54,trunk,392.586208,392.589728,0.003520,645562368,-250,1,0,0
0,54,expert,392.650967,393.131166,0.480199,210665472,0,0,12,0
0,54,compute,392.589787,393.252510,0.662723,0,0,0,0,0
0,55,trunk,393.252512,393.256185,0.003673,431890432,-251,1,0,0
0,55,expert,393.310802,393.990036,0.679233,193110016,0,0,11,0
0,55,compute,393.256356,394.288942,1.032586,0,0,0,0,0
0,56,trunk,394.288944,394.292835,0.003892,645562368,-252,1,0,0
0,56,expert,394.371462,395.052169,0.680707,210665472,0,0,12,0
0,56,compute,394.292858,395.665670,1.372812,0,0,0,0,0
0,57,trunk,395.665672,395.670632,0.004960,645562368,-253,1,0,0
0,57,expert,395.737875,396.482893,0.745018,263331840,0,0,15,0
0,57,compute,395.670844,396.763261,1.092417,0,0,0,0,0
0,58,trunk,396.763262,396.766866,0.003604,645562368,-254,1,0,0
0,58,expert,396.832035,397.379817,0.547782,245776384,0,0,14,0
0,58,compute,396.766889,397.803596,1.036707,0,0,0,0,0
0,59,trunk,397.803597,397.807095,0.003498,431890432,-255,1,0,0
0,59,expert,397.846423,398.585460,0.739037,228220928,0,0,13,0
0,59,compute,397.807328,398.706679,0.899352,0,0,0,0,0
0,60,trunk,398.706681,398.710702,0.004021,645562368,-256,1,0,0
0,60,expert,398.782901,399.549366,0.766465,280887296,0,0,16,0
0,60,compute,398.710755,399.670301,0.959545,0,0,0,0,0
0,61,trunk,399.670303,399.673703,0.003400,645562368,-257,1,0,0
0,61,expert,399.743066,400.466530,0.723463,263331840,0,0,15,0
0,61,compute,399.673754,400.582221,0.908466,0,0,0,0,0
0,62,trunk,400.582222,400.585827,0.003605,645562368,-258,1,0,0
0,62,expert,400.654472,401.160296,0.505823,228220928,0,0,13,0
0,62,compute,400.589746,401.278206,0.688460,0,0,0,0,0
0,63,trunk,401.278208,401.281846,0.003638,431890432,-259,1,0,0
0,63,expert,401.330114,402.090771,0.760656,263331840,0,0,15,0
0,63,compute,401.282059,402.203002,0.920943,0,0,0,0,0
0,64,trunk,402.203007,402.206506,0.003499,645562368,-260,1,0,0
0,64,expert,402.288198,403.000332,0.712134,228220928,0,0,13,0
0,64,compute,402.206529,403.267086,1.060556,0,0,0,0,0
0,65,trunk,403.267088,403.271193,0.004106,645562368,-261,1,0,0
0,65,expert,403.338273,404.082502,0.744230,263331840,0,0,15,0
0,65,compute,403.271221,404.198243,0.927021,0,0,0,0,0
0,66,trunk,404.198264,404.201925,0.003661,645562368,-262,1,0,0
0,66,expert,404.284844,404.844317,0.559473,280887296,0,0,16,0
0,66,compute,404.201947,404.950679,0.748732,0,0,0,0,0
0,67,trunk,404.950681,404.954128,0.003447,431890432,-263,1,0,0
0,67,expert,405.001346,405.728385,0.727039,210665472,0,0,12,0
0,67,compute,404.959450,406.290628,1.331178,0,0,0,0,0
0,68,trunk,406.290630,406.294337,0.003708,645562368,-264,1,0,0
0,68,expert,406.357006,407.082702,0.725695,245776384,0,0,14,0
0,68,compute,406.294558,407.184665,0.890107,0,0,0,0,0
0,69,trunk,407.184667,407.188309,0.003642,645562368,-265,1,0,0
0,69,expert,407.251861,408.005300,0.753439,245776384,0,0,14,0
0,69,compute,407.188327,408.128050,0.939723,0,0,0,0,0
0,70,trunk,408.128051,408.132286,0.004235,645562368,-266,1,0,0
0,70,expert,408.198547,408.715125,0.516578,228220928,0,0,13,0
0,70,compute,408.132303,408.818817,0.686514,0,0,0,0,0
0,71,trunk,408.818818,408.822580,0.003762,431890432,-267,1,0,0
0,71,expert,408.860778,409.661962,0.801184,245776384,0,0,14,0
0,71,compute,408.822606,409.772545,0.949939,0,0,0,0,0
0,72,trunk,409.772547,409.775997,0.003451,645562368,-268,1,0,0
0,72,expert,409.839433,410.621225,0.781792,280887296,0,0,16,0
0,72,compute,409.776041,410.738220,0.962179,0,0,0,0,0
0,73,trunk,410.738222,410.741827,0.003605,645562368,-269,1,0,0
0,73,expert,410.809876,411.580212,0.770336,280887296,0,0,16,0
0,73,compute,410.741849,411.698216,0.956366,0,0,0,0,0
0,74,trunk,411.698217,411.702366,0.004149,645562368,-270,1,0,0
0,74,expert,411.767207,412.336635,0.569428,280887296,0,0,16,0
0,74,compute,411.702394,412.456307,0.753913,0,0,0,0,0
0,75,trunk,412.456308,412.459744,0.003436,431890432,-271,1,0,0
0,75,expert,412.503623,413.050913,0.547290,263331840,0,0,15,0
0,75,compute,412.459783,413.322135,0.862352,0,0,0,0,0
0,76,trunk,413.322137,413.325533,0.003396,645562368,-272,1,0,0
0,76,expert,413.388426,414.116500,0.728074,280887296,0,0,16,0
0,76,compute,413.325554,414.235187,0.909633,0,0,0,0,0
0,77,trunk,414.235189,414.238884,0.003695,645562368,-273,1,0,0
0,77,expert,414.301931,415.033142,0.731211,245776384,0,0,14,0
0,77,compute,414.238906,415.139768,0.900862,0,0,0,0,0
0,78,trunk,415.139769,415.143192,0.003423,645562368,-274,1,0,0
0,78,expert,415.201972,415.761204,0.559232,245776384,0,0,14,0
0,78,compute,415.143249,415.894449,0.751200,0,0,0,0,0
0,79,trunk,415.894451,415.898024,0.003573,431890432,-275,1,0,0
0,79,expert,415.938917,416.706195,0.767278,263331840,0,0,15,0
0,79,compute,415.898049,416.807692,0.909643,0,0,0,0,0
0,80,trunk,416.807694,416.811322,0.003628,645562368,-276,1,0,0
0,80,expert,416.874608,417.611452,0.736844,280887296,0,0,16,0
0,80,compute,416.811345,417.726210,0.914865,0,0,0,0,0
0,81,trunk,417.726212,417.729609,0.003397,645562368,-277,1,0,0
0,81,expert,417.795447,418.552202,0.756755,263331840,0,0,15,0
0,81,compute,417.729635,418.666996,0.937361,0,0,0,0,0
0,82,trunk,418.666998,418.670577,0.003578,645562368,-278,1,0,0
0,82,expert,418.732316,419.351124,0.618809,280887296,0,0,16,0
0,82,compute,418.670598,419.470311,0.799713,0,0,0,0,0
0,83,trunk,419.470313,419.473919,0.003606,431890432,-279,1,0,0
0,83,expert,419.517906,420.262982,0.745076,245776384,0,0,14,0
0,83,compute,419.473967,420.378327,0.904360,0,0,0,0,0
0,84,trunk,420.378328,420.381783,0.003455,645562368,-280,1,0,0
0,84,expert,420.448665,421.155059,0.706394,228220928,0,0,13,0
0,84,compute,420.381805,421.274228,0.892422,0,0,0,0,0
0,85,trunk,421.274229,421.277960,0.003731,645562368,-281,1,0,0
0,85,expert,421.341641,422.100466,0.758826,263331840,0,0,15,0
0,85,compute,421.277999,422.214353,0.936354,0,0,0,0,0
0,86,trunk,422.214355,422.217994,0.003639,645562368,-282,1,0,0
0,86,expert,422.278441,422.840398,0.561957,263331840,0,0,15,0
0,86,compute,422.218016,422.962508,0.744491,0,0,0,0,0
0,87,trunk,422.962509,422.966045,0.003536,431890432,-283,1,0,0
0,87,expert,423.004983,423.731711,0.726728,245776384,0,0,14,0
0,87,compute,422.966081,423.838275,0.872194,0,0,0,0,0
0,88,trunk,423.838277,423.841927,0.003650,645562368,-284,1,0,0
0,88,expert,423.903577,424.628544,0.724967,228220928,0,0,13,0
0,88,compute,423.841950,424.731094,0.889144,0,0,0,0,0
0,89,trunk,424.731096,424.734925,0.003829,645562368,-285,1,0,0
0,89,expert,424.798614,425.505961,0.707348,175554560,0,0,10,0
0,89,compute,424.734948,426.170654,1.435706,0,0,0,0,0
0,90,trunk,426.170655,426.174104,0.003448,645562368,-286,1,0,0
0,90,expert,426.234445,426.718480,0.484035,157999104,0,0,9,0
0,90,compute,426.174144,427.382260,1.208116,0,0,0,0,0
0,91,trunk,427.382262,427.385746,0.003484,431890432,-287,1,0,0
0,91,expert,427.423592,427.907699,0.484107,157999104,0,0,9,0
0,91,compute,427.385767,428.034526,0.648759,0,0,0,0,0
0,92,trunk,428.034528,428.037945,0.003417,431890432,-288,1,0,0
0,92,expert,428.078099,428.305599,0.227500,245776384,0,0,14,0
0,92,compute,428.037946,428.565326,0.527380,0,0,0,0,0
0,0,trunk,428.672190,428.672232,0.000042,0,-288,0,0,0
0,0,compute,428.672233,428.781648,0.109415,0,0,0,0,0
0,1,trunk,428.781649,428.785228,0.003579,0,-287,0,0,0
0,1,expert,428.843028,429.039290,0.196262,228220928,0,0,13,0
0,1,compute,428.785230,429.169113,0.383883,0,0,0,0,0
0,2,trunk,429.169114,429.172665,0.003551,0,-286,0,0,0
0,2,expert,429.230756,429.412844,0.182088,210665472,0,0,12,0
0,2,compute,429.172668,429.526282,0.353614,0,0,0,0,0
0,3,trunk,429.526286,429.529878,0.003591,0,-285,0,0,0
0,3,expert,429.573889,429.734944,0.161055,193110016,0,0,11,0
0,3,compute,429.529880,429.850258,0.320378,0,0,0,0,0
0,4,trunk,429.850260,429.853737,0.003478,0,-284,0,0,0
0,4,expert,429.916751,430.125596,0.208845,228220928,0,0,13,0
0,4,compute,429.853740,430.238270,0.384531,0,0,0,0,0
0,5,trunk,430.238271,430.241842,0.003571,0,-283,0,0,0
0,5,expert,430.298029,430.479338,0.181309,210665472,0,0,12,0
0,5,compute,430.241845,430.602488,0.360644,0,0,0,0,0
0,6,trunk,430.602490,430.606023,0.003533,0,-282,0,0,0
0,6,expert,430.663348,430.908042,0.244693,280887296,0,0,16,0
0,6,compute,430.606026,431.014552,0.408526,0,0,0,0,0
0,7,trunk,431.014554,431.018101,0.003547,0,-281,0,0,0
0,7,expert,431.048780,431.266506,0.217726,263331840,0,0,15,0
0,7,compute,431.018102,431.378464,0.360362,0,0,0,0,0
0,8,trunk,431.378466,431.382007,0.003541,0,-280,0,0,0
0,8,expert,431.443636,431.665391,0.221755,263331840,0,0,15,0
0,8,compute,431.382009,431.778357,0.396348,0,0,0,0,0
0,9,trunk,431.778358,431.782061,0.003703,0,-279,0,0,0
0,9,expert,431.836860,432.012795,0.175935,210665472,0,0,12,0
0,9,compute,431.782063,432.117719,0.335656,0,0,0,0,0
0,10,trunk,432.117720,432.121021,0.003300,0,-278,0,0,0
0,10,expert,432.179994,432.333442,0.153448,193110016,0,0,11,0
0,10,compute,432.121022,432.437067,0.316045,0,0,0,0,0
0,11,trunk,432.437069,432.440482,0.003413,0,-277,0,0,0
0,11,expert,432.474392,432.651981,0.177588,210665472,0,0,12,0
0,11,compute,432.440484,432.755241,0.314757,0,0,0,0,0
0,12,trunk,432.755242,432.758782,0.003540,0,-276,0,0,0
0,12,expert,432.823130,433.030769,0.207639,245776384,0,0,14,0
0,12,compute,432.758785,433.134612,0.375828,0,0,0,0,0
0,13,trunk,433.134614,433.138119,0.003505,0,-275,0,0,0
0,13,expert,433.200969,433.408938,0.207969,228220928,0,0,13,0
0,13,compute,433.138121,433.515929,0.377808,0,0,0,0,0
0,14,trunk,433.515930,433.519248,0.003318,0,-274,0,0,0
0,14,expert,433.571658,433.787614,0.215956,245776384,0,0,14,0
0,14,compute,433.519255,433.890299,0.371044,0,0,0,0,0
0,15,trunk,433.890301,433.893838,0.003537,0,-273,0,0,0
0,15,expert,433.926977,434.112148,0.185170,210665472,0,0,12,0
0,15,compute,433.893843,434.226298,0.332455,0,0,0,0,0
0,16,trunk,434.226299,434.229974,0.003675,0,-272,0,0,0
0,16,expert,434.286991,434.467592,0.180601,210665472,0,0,12,0
0,16,compute,434.229976,434.574202,0.344226,0,0,0,0,0
0,17,trunk,434.574203,434.578033,0.003829,0,-271,0,0,0
0,17,expert,434.637678,434.840184,0.202506,245776384,0,0,14,0
0,17,compute,434.578035,434.935357,0.357323,0,0,0,0,0
0,18,trunk,434.935358,434.938851,0.003492,0,-270,0,0,0
0,18,expert,434.995965,435.185875,0.189911,228220928,0,0,13,0
0,18,compute,434.938853,435.310244,0.371390,0,0,0,0,0
0,19,trunk,435.310245,435.313662,0.003417,0,-269,0,0,0
0,19,expert,435.348686,435.544487,0.195801,228220928,0,0,13,0
0,19,compute,435.313664,435.651631,0.337967,0,0,0,0,0
0,20,trunk,435.651632,435.655159,0.003527,0,-268,0,0,0
0,20,expert,435.712259,435.871547,0.159288,193110016,0,0,11,0
0,20,compute,435.655161,435.994212,0.339051,0,0,0,0,0
0,21,trunk,435.994213,435.997749,0.003535,0,-267,0,0,0
0,21,expert,436.062459,436.794958,0.732498,245776384,0,0,14,0
0,21,compute,435.997774,436.914484,0.916710,0,0,0,0,0
0,22,trunk,436.914509,436.918093,0.003583,645562368,-267,1,0,0
0,22,expert,436.980491,437.512146,0.531655,228220928,0,0,13,0
0,22,compute,436.918118,437.626179,0.708061,0,0,0,0,0
0,23,trunk,437.626181,437.629579,0.003399,431890432,-268,1,0,0
0,23,expert,437.673020,438.342734,0.669714,228220928,0,0,13,0
0,23,compute,437.629625,438.454341,0.824716,0,0,0,0,0
0,24,trunk,438.454343,438.458041,0.003698,645562368,-269,1,0,0
0,24,expert,438.523436,439.314328,0.790892,245776384,0,0,14,0
0,24,compute,438.458065,439.416179,0.958113,0,0,0,0,0
0,25,trunk,439.416180,439.419887,0.003707,645562368,-270,1,0,0
0,25,expert,439.489079,440.252755,0.763676,280887296,0,0,16,0
0,25,compute,439.419912,440.350094,0.930183,0,0,0,0,0
0,26,trunk,440.350096,440.353637,0.003541,645562368,-271,1,0,0
0,26,expert,440.416664,440.923674,0.507010,193110016,0,0,11,0
0,26,compute,440.353658,441.039853,0.686195,0,0,0,0,0
0,27,trunk,441.039855,441.043254,0.003399,431890432,-272,1,0,0
0,27,expert,441.081840,441.808377,0.726537,263331840,0,0,15,0
0,27,compute,441.043285,441.930207,0.886922,0,0,0,0,0
0,28,trunk,441.930209,441.933990,0.003781,645562368,-273,1,0,0
0,28,expert,441.995884,442.683575,0.687691,263331840,0,0,15,0
0,28,compute,441.934013,442.810707,0.876694,0,0,0,0,0
0,29,trunk,442.810709,442.814656,0.003947,645562368,-274,1,0,0
0,29,expert,442.875122,443.541990,0.666868,245776384,0,0,14,0
0,29,compute,442.814683,443.655119,0.840436,0,0,0,0,0
0,30,trunk,443.655121,443.658967,0.003846,645562368,-275,1,0,0
0,30,expert,443.721894,444.269474,0.547580,245776384,0,0,14,0
0,30,compute,443.658991,444.375634,0.716643,0,0,0,0,0
0,31,trunk,444.375636,444.379108,0.003472,431890432,-276,1,0,0
0,31,expert,444.426327,445.173478,0.747151,245776384,0,0,14,0
0,31,compute,444.379129,445.294269,0.915140,0,0,0,0,0
0,32,trunk,445.294271,445.298318,0.004046,645562368,-277,1,0,0
0,32,expert,445.364451,449.749423,4.384972,228220928,0,0,13,0
0,32,compute,445.298365,449.854528,4.556163,0,0,0,0,0
0,33,trunk,449.854530,450.321539,0.467009,645562368,-278,1,0,0
0,33,expert,450.390193,457.312723,6.922530,157999104,0,0,9,0
0,33,compute,450.321589,457.438297,7.116708,0,0,0,0,0
0,34,trunk,457.438299,457.569160,0.130861,645562368,-279,1,0,0
0,34,expert,457.634990,458.211060,0.576070,263331840,0,0,15,0
0,34,compute,457.569217,458.328243,0.759026,0,0,0,0,0
0,35,trunk,458.328245,458.331779,0.003534,431890432,-280,1,0,0
0,35,expert,458.378334,459.160736,0.782402,263331840,0,0,15,0
0,35,compute,458.331803,459.283459,0.951656,0,0,0,0,0
0,36,trunk,459.283460,459.287023,0.003563,645562368,-281,1,0,0
0,36,expert,459.360709,460.116958,0.756249,263331840,0,0,15,0
0,36,compute,459.287049,460.231186,0.944138,0,0,0,0,0
0,37,trunk,460.231188,460.234977,0.003789,645562368,-282,1,0,0
0,37,expert,460.299084,461.032350,0.733266,245776384,0,0,14,0
0,37,compute,460.235008,461.149193,0.914186,0,0,0,0,0
0,38,trunk,461.149195,461.152625,0.003431,645562368,-283,1,0,0
0,38,expert,461.220950,461.705906,0.484956,193110016,0,0,11,0
0,38,compute,461.152644,461.825373,0.672728,0,0,0,0,0
0,39,trunk,461.825374,461.828733,0.003358,431890432,-284,1,0,0
0,39,expert,461.872582,467.173729,5.301148,210665472,0,0,12,0
0,39,compute,461.828768,467.292569,5.463801,0,0,0,0,0
0,40,trunk,467.292570,467.296073,0.003503,645562368,-285,1,0,0
0,40,expert,467.359198,474.056163,6.696966,210665472,0,0,12,0
0,40,compute,467.296090,474.172037,6.875947,0,0,0,0,0
0,41,trunk,474.172039,474.362633,0.190595,645562368,-286,1,0,0
0,41,expert,474.438290,475.124217,0.685928,210665472,0,0,12,0
0,41,compute,474.362697,475.238465,0.875768,0,0,0,0,0
0,42,trunk,475.238467,475.242405,0.003937,645562368,-287,1,0,0
0,42,expert,475.306943,475.774814,0.467872,157999104,0,0,9,0
0,42,compute,475.242442,475.893484,0.651043,0,0,0,0,0
0,43,trunk,475.893728,475.897757,0.004029,431890432,-288,1,0,0
0,43,expert,475.941324,476.679633,0.738309,193110016,0,0,11,0
0,43,compute,475.897780,477.333364,1.435584,0,0,0,0,0
0,44,trunk,477.333365,477.336796,0.003431,645562368,-289,1,0,0
0,44,expert,477.412732,478.143789,0.731057,245776384,0,0,14,0
0,44,compute,477.336820,478.258503,0.921683,0,0,0,0,0
0,45,trunk,478.258505,478.262981,0.004476,645562368,-290,1,0,0
0,45,expert,478.329328,478.947199,0.617870,193110016,0,0,11,0
0,45,compute,478.263017,479.055408,0.792391,0,0,0,0,0
0,46,trunk,479.055409,479.059496,0.004087,645562368,-291,1,0,0
0,46,expert,479.121999,479.607105,0.485106,193110016,0,0,11,0
0,46,compute,479.059520,479.719696,0.660176,0,0,0,0,0
0,47,trunk,479.719697,479.723345,0.003648,431890432,-292,1,0,0
0,47,expert,479.763085,480.472624,0.709539,228220928,0,0,13,0
0,47,compute,479.723372,480.614743,0.891370,0,0,0,0,0
0,48,trunk,480.614744,480.618153,0.003408,645562368,-293,1,0,0
0,48,expert,480.685330,481.371407,0.686077,210665472,0,0,12,0
0,48,compute,480.618177,481.506215,0.888038,0,0,0,0,0
0,49,trunk,481.506217,481.509814,0.003597,645562368,-294,1,0,0
0,49,expert,481.584093,482.347889,0.763796,263331840,0,0,15,0
0,49,compute,481.509838,482.472259,0.962421,0,0,0,0,0
0,50,trunk,482.472261,482.475634,0.003373,645562368,-295,1,0,0
0,50,expert,482.537143,483.076333,0.539190,228220928,0,0,13,0
0,50,compute,482.475659,483.183394,0.707735,0,0,0,0,0
0,51,trunk,483.183396,483.187286,0.003890,431890432,-296,1,0,0
0,51,expert,483.225780,483.940328,0.714548,228220928,0,0,13,0
0,51,compute,483.187309,484.059014,0.871705,0,0,0,0,0
0,52,trunk,484.059016,484.062817,0.003802,645562368,-297,1,0,0
0,52,expert,484.126799,484.802461,0.675662,210665472,0,0,12,0
0,52,compute,484.062842,484.918337,0.855495,0,0,0,0,0
0,53,trunk,484.918339,484.921917,0.003578,645562368,-298,1,0,0
0,53,expert,484.987011,485.704504,0.717493,228220928,0,0,13,0
0,53,compute,484.921968,485.813189,0.891221,0,0,0,0,0
0,54,trunk,485.813190,485.816664,0.003474,645562368,-299,1,0,0
0,54,expert,485.876672,486.426958,0.550286,245776384,0,0,14,0
0,54,compute,485.816682,486.542950,0.726268,0,0,0,0,0
0,55,trunk,486.542952,486.546732,0.003780,431890432,-300,1,0,0
0,55,expert,486.584702,487.310369,0.725667,228220928,0,0,13,0
0,55,compute,486.546775,487.427034,0.880258,0,0,0,0,0
0,56,trunk,487.427035,487.430519,0.003483,645562368,-301,1,0,0
0,56,expert,487.496353,488.243598,0.747245,263331840,0,0,15,0
0,56,compute,487.430541,488.362337,0.931796,0,0,0,0,0
0,57,trunk,488.362338,488.365940,0.003602,645562368,-302,1,0,0
0,57,expert,488.431557,489.224484,0.792927,263331840,0,0,15,0
0,57,compute,488.365961,489.346389,0.980428,0,0,0,0,0
0,58,trunk,489.346391,489.350000,0.003609,645562368,-303,1,0,0
0,58,expert,489.411880,489.898607,0.486727,175554560,0,0,10,0
0,58,compute,489.350021,490.026474,0.676453,0,0,0,0,0
0,59,trunk,490.026476,490.029931,0.003456,431890432,-304,1,0,0
0,59,expert,490.073117,490.772775,0.699658,175554560,0,0,10,0
0,59,compute,490.029963,490.872882,0.842918,0,0,0,0,0
0,60,trunk,490.872883,490.876520,0.003637,645562368,-305,1,0,0
0,60,expert,490.935922,491.675438,0.739516,228220928,0,0,13,0
0,60,compute,490.876537,491.782405,0.905868,0,0,0,0,0
0,61,trunk,491.782406,491.786212,0.003806,645562368,-306,1,0,0
0,61,expert,491.847222,492.572885,0.725663,245776384,0,0,14,0
0,61,compute,491.786234,492.669977,0.883743,0,0,0,0,0
0,62,trunk,492.669978,492.673590,0.003612,645562368,-307,1,0,0
0,62,expert,492.736957,493.159799,0.422841,175554560,0,0,10,0
0,62,compute,492.673611,493.282216,0.608605,0,0,0,0,0
0,63,trunk,493.282218,493.285695,0.003478,431890432,-308,1,0,0
0,63,expert,493.324183,494.073526,0.749343,245776384,0,0,14,0
0,63,compute,493.285718,494.174683,0.888965,0,0,0,0,0
0,64,trunk,494.174685,494.178460,0.003775,645562368,-309,1,0,0
0,64,expert,494.243309,494.957521,0.714212,210665472,0,0,12,0
0,64,compute,494.178487,495.082785,0.904298,0,0,0,0,0
0,65,trunk,495.082786,495.086480,0.003694,645562368,-310,1,0,0
0,65,expert,495.153395,495.864985,0.711590,228220928,0,0,13,0
0,65,compute,495.086504,495.986385,0.899881,0,0,0,0,0
0,66,trunk,495.986387,495.989905,0.003518,645562368,-311,1,0,0
0,66,expert,496.053323,496.584922,0.531599,228220928,0,0,13,0
0,66,compute,495.989925,496.690670,0.700745,0,0,0,0,0
0,67,trunk,496.690673,496.694494,0.003821,431890432,-312,1,0,0
0,67,expert,496.741994,497.485554,0.743560,245776384,0,0,14,0
0,67,compute,496.694523,497.599143,0.904620,0,0,0,0,0
0,68,trunk,497.599145,497.602633,0.003488,645562368,-313,1,0,0
0,68,expert,497.666298,498.397049,0.730751,263331840,0,0,15,0
0,68,compute,497.602671,498.494965,0.892294,0,0,0,0,0
0,69,trunk,498.494967,498.498674,0.003706,645562368,-314,1,0,0
0,69,expert,498.564140,499.254616,0.690477,175554560,0,0,10,0
0,69,compute,498.498698,499.362779,0.864081,0,0,0,0,0
0,70,trunk,499.362780,499.366322,0.003541,645562368,-315,1,0,0
0,70,expert,499.429739,499.882166,0.452427,140443648,0,0,8,0
0,70,compute,499.366343,499.998218,0.631875,0,0,0,0,0
0,71,trunk,499.998240,500.001625,0.003384,431890432,-316,1,0,0
0,71,expert,500.043976,500.824687,0.780711,228220928,0,0,13,0
0,71,compute,500.001646,500.946177,0.944531,0,0,0,0,0
0,72,trunk,500.946178,500.950290,0.004112,645562368,-317,1,0,0
0,72,expert,501.011426,501.582848,0.571422,210665472,0,0,12,0
0,72,compute,500.950349,501.702265,0.751916,0,0,0,0,0
0,73,trunk,501.702267,501.747172,0.044905,645562368,-318,1,0,0
0,73,expert,501.812644,502.410132,0.597488,210665472,0,0,12,0
0,73,compute,501.747273,502.526263,0.778990,0,0,0,0,0
0,74,trunk,502.526265,502.530075,0.003810,645562368,-319,1,0,0
0,74,expert,502.595970,503.059511,0.463542,157999104,0,0,9,0
0,74,compute,502.530119,503.190265,0.660147,0,0,0,0,0
0,75,trunk,503.190267,503.194076,0.003809,431890432,-320,1,0,0
0,75,expert,503.231727,503.718112,0.486385,140443648,0,0,8,0
0,75,compute,503.194098,503.839028,0.644930,0,0,0,0,0
0,76,trunk,503.839030,503.894733,0.055703,645562368,-321,1,0,0
0,76,expert,503.960133,504.539036,0.578903,228220928,0,0,13,0
0,76,compute,503.894793,504.662243,0.767450,0,0,0,0,0
0,77,trunk,504.662244,504.667850,0.005606,645562368,-322,1,0,0
0,77,expert,504.731233,505.405313,0.674080,157999104,0,0,9,0
0,77,compute,504.667887,505.530222,0.862335,0,0,0,0,0
0,78,trunk,505.530223,505.533663,0.003440,645562368,-323,1,0,0
0,78,expert,505.596386,506.036727,0.440342,175554560,0,0,10,0
0,78,compute,505.533685,506.140737,0.607052,0,0,0,0,0
0,79,trunk,506.140739,506.144197,0.003459,431890432,-324,1,0,0
0,79,expert,506.187378,506.853348,0.665970,157999104,0,0,9,0
0,79,compute,506.144238,506.974174,0.829936,0,0,0,0,0
0,80,trunk,506.974176,506.978092,0.003916,645562368,-325,1,0,0
0,80,expert,507.042319,507.739638,0.697320,228220928,0,0,13,0
0,80,compute,506.978119,507.848714,0.870595,0,0,0,0,0
0,81,trunk,507.848716,507.852153,0.003437,645562368,-326,1,0,0
0,81,expert,507.915952,508.670986,0.755034,245776384,0,0,14,0
0,81,compute,507.852170,508.786486,0.934316,0,0,0,0,0
0,82,trunk,508.786488,508.789978,0.003490,645562368,-327,1,0,0
0,82,expert,508.856983,509.403457,0.546474,228220928,0,0,13,0
0,82,compute,508.790001,509.503834,0.713832,0,0,0,0,0
0,83,trunk,509.503835,509.507344,0.003508,431890432,-328,1,0,0
0,83,expert,509.554512,510.246952,0.692440,210665472,0,0,12,0
0,83,compute,509.507366,510.350330,0.842964,0,0,0,0,0
0,84,trunk,510.350332,510.353768,0.003437,645562368,-329,1,0,0
0,84,expert,510.419686,511.135341,0.715655,228220928,0,0,13,0
0,84,compute,510.353791,511.244270,0.890479,0,0,0,0,0
0,85,trunk,511.244272,511.247958,0.003687,645562368,-330,1,0,0
0,85,expert,511.313564,512.051309,0.737745,228220928,0,0,13,0
0,85,compute,511.247983,512.162169,0.914186,0,0,0,0,0
0,86,trunk,512.162170,512.165689,0.003519,645562368,-331,1,0,0
0,86,expert,512.228982,512.754951,0.525969,210665472,0,0,12,0
0,86,compute,512.165742,512.864388,0.698646,0,0,0,0,0
0,87,trunk,512.864390,512.867776,0.003386,431890432,-332,1,0,0
0,87,expert,512.912471,513.569690,0.657218,157999104,0,0,9,0
0,87,compute,512.867802,513.674610,0.806807,0,0,0,0,0
0,88,trunk,513.674611,513.678014,0.003403,645562368,-333,1,0,0
0,88,expert,513.747903,514.460385,0.712482,228220928,0,0,13,0
0,88,compute,513.678033,514.586171,0.908137,0,0,0,0,0
0,89,trunk,514.586172,514.590067,0.003895,645562368,-334,1,0,0
0,89,expert,514.655895,515.334735,0.678840,175554560,0,0,10,0
0,89,compute,514.590089,515.468062,0.877973,0,0,0,0,0
0,90,trunk,515.468064,515.472643,0.004579,645562368,-335,1,0,0
0,90,expert,515.543472,516.028470,0.484998,175554560,0,0,10,0
0,90,compute,515.472672,516.158219,0.685547,0,0,0,0,0
0,91,trunk,516.158221,516.162640,0.004419,431890432,-336,1,0,0
0,91,expert,516.212171,516.700356,0.488185,157999104,0,0,9,0
0,91,compute,516.162672,516.825507,0.662835,0,0,0,0,0
0,92,trunk,516.825509,516.830272,0.004763,431890432,-337,1,0,0
0,92,expert,516.887035,517.059297,0.172262,210665472,0,0,12,0
0,92,compute,516.830275,517.178112,0.347837,0,0,0,0,0
0,0,trunk,517.291123,517.291165,0.000043,0,-337,0,0,0
0,0,compute,517.291166,517.416368,0.125202,0,0,0,0,0
0,1,trunk,517.416369,517.421207,0.004838,0,-336,0,0,0
0,1,expert,517.491250,517.693399,0.202149,245776384,0,0,14,0
0,1,compute,517.421210,517.807838,0.386628,0,0,0,0,0
0,2,trunk,517.807839,517.811879,0.004039,0,-335,0,0,0
0,2,expert,517.887480,518.068576,0.181096,210665472,0,0,12,0
0,2,compute,517.811881,518.202786,0.390905,0,0,0,0,0
0,3,trunk,518.202788,518.206984,0.004196,0,-334,0,0,0
0,3,expert,518.251316,518.398008,0.146692,175554560,0,0,10,0
0,3,compute,518.206987,518.509935,0.302948,0,0,0,0,0
0,4,trunk,518.509937,518.513851,0.003914,0,-333,0,0,0
0,4,expert,518.586818,518.770022,0.183203,210665472,0,0,12,0
0,4,compute,518.513854,518.884133,0.370279,0,0,0,0,0
0,5,trunk,518.884135,518.888280,0.004145,0,-332,0,0,0
0,5,expert,518.962601,519.071292,0.108692,122888192,0,0,7,0
0,5,compute,518.888282,519.190160,0.301878,0,0,0,0,0
0,6,trunk,519.190162,519.193557,0.003395,0,-331,0,0,0
0,6,expert,519.259121,519.473997,0.214876,263331840,0,0,15,0
0,6,compute,519.193560,519.610227,0.416667,0,0,0,0,0
0,7,trunk,519.610228,519.613863,0.003635,0,-330,0,0,0
0,7,expert,519.649967,519.852272,0.202306,245776384,0,0,14,0
0,7,compute,519.613865,519.960556,0.346691,0,0,0,0,0
0,8,trunk,519.960557,519.964218,0.003661,0,-329,0,0,0
0,8,expert,520.025133,520.230577,0.205444,245776384,0,0,14,0
0,8,compute,519.964220,520.342472,0.378252,0,0,0,0,0
0,9,trunk,520.342473,520.346143,0.003670,0,-328,0,0,0
0,9,expert,520.403638,520.584639,0.181000,210665472,0,0,12,0
0,9,compute,520.346145,520.718160,0.372015,0,0,0,0,0
0,10,trunk,520.718161,520.721948,0.003787,0,-327,0,0,0
0,10,expert,520.779383,520.924259,0.144877,175554560,0,0,10,0
0,10,compute,520.721952,521.038326,0.316374,0,0,0,0,0
0,11,trunk,521.038327,521.041735,0.003407,0,-326,0,0,0
0,11,expert,521.082641,521.257993,0.175352,210665472,0,0,12,0
0,11,compute,521.041736,521.382343,0.340607,0,0,0,0,0
0,12,trunk,521.382344,521.386189,0.003845,0,-325,0,0,0
0,12,expert,521.445966,521.640456,0.194490,228220928,0,0,13,0
0,12,compute,521.386192,521.759846,0.373654,0,0,0,0,0
0,13,trunk,521.759848,521.763538,0.003690,0,-324,0,0,0
0,13,expert,521.828107,522.021685,0.193578,228220928,0,0,13,0
0,13,compute,521.763540,522.141758,0.378217,0,0,0,0,0
0,14,trunk,522.141759,522.145283,0.003524,0,-323,0,0,0
0,14,expert,522.212352,522.449072,0.236720,280887296,0,0,16,0
0,14,compute,522.145285,522.574545,0.429260,0,0,0,0,0
0,15,trunk,522.574546,522.578924,0.004378,0,-322,0,0,0
0,15,expert,522.616278,522.822491,0.206213,245776384,0,0,14,0
0,15,compute,522.578925,522.934171,0.355246,0,0,0,0,0
0,16,trunk,522.934173,522.937698,0.003525,0,-321,0,0,0
0,16,expert,523.002812,523.166297,0.163486,193110016,0,0,11,0
0,16,compute,522.937700,523.293175,0.355475,0,0,0,0,0
0,17,trunk,523.293176,523.296894,0.003718,0,-320,0,0,0
0,17,expert,523.357789,523.545655,0.187867,228220928,0,0,13,0
0,17,compute,523.296896,523.658164,0.361268,0,0,0,0,0
0,18,trunk,523.658165,523.661595,0.003430,0,-319,0,0,0
0,18,expert,523.724092,523.900538,0.176446,210665472,0,0,12,0
0,18,compute,523.661597,524.006253,0.344656,0,0,0,0,0
0,19,trunk,524.006254,524.009856,0.003602,0,-318,0,0,0
0,19,expert,524.042369,524.249010,0.206641,245776384,0,0,14,0
0,19,compute,524.009858,524.369086,0.359228,0,0,0,0,0
0,20,trunk,524.369088,524.372735,0.003648,0,-317,0,0,0
0,20,expert,524.428840,524.578745,0.149905,175554560,0,0,10,0
0,20,compute,524.372737,524.678488,0.305751,0,0,0,0,0
0,21,trunk,524.678489,524.681980,0.003491,0,-316,0,0,0
0,21,expert,524.748747,525.464402,0.715656,228220928,0,0,13,0
0,21,compute,524.682003,525.569723,0.887720,0,0,0,0,0
0,22,trunk,525.569724,525.573161,0.003437,645562368,-316,1,0,0
0,22,expert,525.632636,526.132127,0.499491,175554560,0,0,10,0
0,22,compute,525.573184,526.234411,0.661227,0,0,0,0,0
0,23,trunk,526.234412,526.238144,0.003732,431890432,-317,1,0,0
0,23,expert,526.278235,526.943149,0.664914,210665472,0,0,12,0
0,23,compute,526.238170,527.062477,0.824308,0,0,0,0,0
0,24,trunk,527.062479,527.065894,0.003414,645562368,-318,1,0,0
0,24,expert,527.129529,527.930371,0.800841,263331840,0,0,15,0
0,24,compute,527.065917,528.056807,0.990890,0,0,0,0,0
0,25,trunk,528.056809,528.060375,0.003566,645562368,-319,1,0,0
0,25,expert,528.122260,528.847494,0.725235,228220928,0,0,13,0
0,25,compute,528.060393,528.966812,0.906419,0,0,0,0,0
0,26,trunk,528.966814,528.971107,0.004293,645562368,-320,1,0,0
0,26,expert,529.039573,529.555257,0.515684,228220928,0,0,13,0
0,26,compute,528.971140,529.677252,0.706112,0,0,0,0,0
0,27,trunk,529.677276,529.680907,0.003631,431890432,-321,1,0,0
0,27,expert,529.721791,530.428594,0.706803,245776384,1,0,14,0
0,27,compute,529.680930,530.554208,0.873278,0,0,0,0,0
0,28,trunk,530.554210,530.557703,0.003494,645562368,-322,1,0,0
0,28,expert,530.624441,531.291179,0.666739,245776384,0,0,14,0
0,28,compute,530.557726,531.396658,0.838933,0,0,0,0,0
0,29,trunk,531.396660,531.400529,0.003869,645562368,-323,1,0,0
0,29,expert,531.463040,532.199855,0.736816,245776384,0,0,14,0
0,29,compute,531.400549,532.338345,0.937796,0,0,0,0,0
0,30,trunk,532.338347,532.342262,0.003915,645562368,-324,1,0,0
0,30,expert,532.409531,532.909865,0.500333,193110016,0,0,11,0
0,30,compute,532.342286,533.022213,0.679927,0,0,0,0,0
0,31,trunk,533.022215,533.025776,0.003561,431890432,-325,1,0,0
0,31,expert,533.075427,533.804527,0.729099,228220928,0,0,13,0
0,31,compute,533.025811,533.902392,0.876581,0,0,0,0,0
0,32,trunk,533.902394,533.905920,0.003527,645562368,-326,1,0,0
0,32,expert,533.968402,534.675476,0.707074,193110016,0,0,11,0
0,32,compute,533.905944,534.798231,0.892287,0,0,0,0,0
0,33,trunk,534.798233,534.801638,0.003405,645562368,-327,1,0,0
0,33,expert,534.866484,535.640335,0.773851,245776384,0,0,14,0
0,33,compute,534.801661,535.759473,0.957812,0,0,0,0,0
0,34,trunk,535.759475,535.763884,0.004410,645562368,-328,1,0,0
0,34,expert,535.832217,536.374642,0.542425,245776384,0,0,14,0
0,34,compute,535.763913,536.480222,0.716309,0,0,0,0,0
0,35,trunk,536.480224,536.484472,0.004248,431890432,-329,1,0,0
0,35,expert,536.521952,537.200932,0.678980,193110016,0,0,11,0
0,35,compute,536.484493,537.314615,0.830122,0,0,0,0,0
0,36,trunk,537.314617,537.318172,0.003556,645562368,-330,1,0,0
0,36,expert,537.385352,538.092040,0.706688,245776384,0,0,14,0
0,36,compute,537.318224,538.202756,0.884532,0,0,0,0,0
0,37,trunk,538.202758,538.207088,0.004330,645562368,-331,1,0,0
0,37,expert,538.282083,539.001900,0.719818,245776384,0,0,14,0
0,37,compute,538.207115,539.142201,0.935086,0,0,0,0,0
0,38,trunk,539.142203,539.146222,0.004019,645562368,-332,1,0,0
0,38,expert,539.209088,539.682906,0.473818,193110016,0,0,11,0
0,38,compute,539.146246,539.799600,0.653354,0,0,0,0,0
0,39,trunk,539.799602,539.803337,0.003735,431890432,-333,1,0,0
0,39,expert,539.844336,540.590691,0.746354,245776384,0,0,14,0
0,39,compute,539.803363,540.692493,0.889130,0,0,0,0,0
0,40,trunk,540.692494,540.696087,0.003593,645562368,-334,1,0,0
0,40,expert,540.760833,541.477389,0.716556,228220928,0,0,13,0
0,40,compute,540.696105,541.574676,0.878571,0,0,0,0,0
0,41,trunk,541.574678,541.578260,0.003582,645562368,-335,1,0,0
0,41,expert,541.644452,542.097310,0.452858,157999104,0,0,9,0
0,41,compute,541.578289,542.206876,0.628588,0,0,0,0,0
0,42,trunk,542.206878,542.314095,0.107217,645562368,-336,1,0,0
0,42,expert,542.379023,542.841008,0.461985,140443648,0,0,8,0
0,42,compute,542.314152,542.958228,0.644076,0,0,0,0,0
0,43,trunk,542.958230,542.961758,0.003528,431890432,-337,1,0,0
0,43,expert,543.000151,543.712690,0.712539,157999104,0,0,9,0
0,43,compute,542.961779,543.818203,0.856424,0,0,0,0,0
0,44,trunk,543.818205,543.821663,0.003458,645562368,-338,1,0,0
0,44,expert,543.884578,544.608276,0.723698,210665472,0,0,12,0
0,44,compute,543.821709,544.717059,0.895350,0,0,0,0,0
0,45,trunk,544.717060,544.720870,0.003810,645562368,-339,1,0,0
0,45,expert,544.788936,545.471758,0.682822,175554560,0,0,10,0
0,45,compute,544.720890,545.590511,0.869621,0,0,0,0,0
0,46,trunk,545.590512,545.597006,0.006494,645562368,-340,1,0,0
0,46,expert,545.661974,546.148927,0.486953,175554560,0,0,10,0
0,46,compute,545.597032,546.274177,0.677145,0,0,0,0,0
0,47,trunk,546.274178,546.277639,0.003460,431890432,-341,1,0,0
0,47,expert,546.325173,547.010670,0.685497,193110016,0,0,11,0
0,47,compute,546.277689,547.121678,0.843989,0,0,0,0,0
0,48,trunk,547.121680,547.125196,0.003516,645562368,-342,1,0,0
0,48,expert,547.202063,547.853864,0.651801,228220928,0,0,13,0
0,48,compute,547.125219,547.970779,0.845560,0,0,0,0,0
0,49,trunk,547.970781,547.975108,0.004327,645562368,-343,1,0,0
0,49,expert,548.040505,548.810911,0.770406,263331840,0,0,15,0
0,49,compute,547.975136,548.937996,0.962859,0,0,0,0,0
0,50,trunk,548.937997,548.941999,0.004002,645562368,-344,1,0,0
0,50,expert,549.001942,549.426708,0.424766,210665472,0,0,12,0
0,50,compute,548.942043,549.558732,0.616688,0,0,0,0,0
0,51,trunk,549.558733,549.562353,0.003620,431890432,-345,1,0,0
0,51,expert,549.603691,550.286323,0.682632,193110016,0,0,11,0
0,51,compute,549.562399,550.411807,0.849407,0,0,0,0,0
0,52,trunk,550.411808,550.415315,0.003507,645562368,-346,1,0,0
0,52,expert,550.478707,551.174288,0.695581,228220928,0,0,13,0
0,52,compute,550.415339,551.294238,0.878900,0,0,0,0,0
0,53,trunk,551.294240,551.297918,0.003678,645562368,-347,1,0,0
0,53,expert,551.362971,552.069153,0.706182,210665472,0,0,12,0
0,53,compute,551.297941,552.183644,0.885703,0,0,0,0,0
0,54,trunk,552.183646,552.187275,0.003629,645562368,-348,1,0,0
0,54,expert,552.259355,552.750547,0.491192,210665472,0,0,12,0
0,54,compute,552.187298,552.870205,0.682907,0,0,0,0,0
0,55,trunk,552.870207,552.873636,0.003429,431890432,-349,1,0,0
0,55,expert,552.915015,553.619782,0.704766,210665472,0,0,12,0
0,55,compute,552.873657,553.738448,0.864792,0,0,0,0,0
0,56,trunk,553.738450,553.741963,0.003513,645562368,-350,1,0,0
0,56,expert,553.807652,554.497682,0.690030,193110016,0,0,11,0
0,56,compute,553.741990,554.621111,0.879121,0,0,0,0,0
0,57,trunk,554.621113,554.624955,0.003843,645562368,-351,1,0,0
0,57,expert,554.699089,555.297416,0.598327,245776384,0,0,14,0
0,57,compute,554.624975,555.420855,0.795879,0,0,0,0,0
0,58,trunk,555.420857,555.474524,0.053667,645562368,-352,1,0,0
0,58,expert,555.539727,556.040026,0.500300,175554560,0,0,10,0
0,58,compute,555.474579,556.141349,0.666770,0,0,0,0,0
0,59,trunk,556.141351,556.144899,0.003548,431890432,-353,1,0,0
0,59,expert,556.186693,556.868655,0.681962,157999104,0,0,9,0
0,59,compute,556.144933,556.973292,0.828359,0,0,0,0,0
0,60,trunk,556.973293,556.976932,0.003639,645562368,-354,1,0,0
0,60,expert,557.042484,557.767551,0.725066,210665472,0,0,12,0
0,60,compute,556.976952,557.877193,0.900241,0,0,0,0,0
0,61,trunk,557.877195,557.880789,0.003594,645562368,-355,1,0,0
0,61,expert,557.945730,558.527929,0.582199,210665472,0,0,12,0
0,61,compute,557.880808,558.650198,0.769390,0,0,0,0,0
0,62,trunk,558.650200,558.654026,0.003826,645562368,-356,1,0,0
0,62,expert,558.716826,559.228995,0.512169,228220928,0,0,13,0
0,62,compute,558.654062,559.492437,0.838374,0,0,0,0,0
0,63,trunk,559.492438,559.495887,0.003449,431890432,-357,1,0,0
0,63,expert,559.537356,560.173240,0.635884,210665472,0,0,12,0
0,63,compute,559.495934,560.289135,0.793201,0,0,0,0,0
0,64,trunk,560.289137,560.292772,0.003635,645562368,-358,1,0,0
0,64,expert,560.363900,561.052450,0.688549,210665472,0,0,12,0
0,64,compute,560.292792,561.162094,0.869303,0,0,0,0,0
0,65,trunk,561.162096,561.166115,0.004019,645562368,-359,1,0,0
0,65,expert,561.233238,561.921436,0.688198,193110016,0,0,11,0
0,65,compute,561.166137,562.042179,0.876042,0,0,0,0,0
0,66,trunk,562.042181,562.045777,0.003596,645562368,-360,1,0,0
0,66,expert,562.115005,562.611724,0.496719,175554560,0,0,10,0
0,66,compute,562.045805,562.708447,0.662642,0,0,0,0,0
0,67,trunk,562.708449,562.712342,0.003893,431890432,-361,1,0,0
0,67,expert,562.753662,563.498733,0.745071,228220928,0,0,13,0
0,67,compute,562.712360,563.622510,0.910150,0,0,0,0,0
0,68,trunk,563.622512,563.625929,0.003416,645562368,-362,1,0,0
0,68,expert,563.698350,564.375749,0.677399,210665472,0,0,12,0
0,68,compute,563.625952,564.486879,0.860927,0,0,0,0,0
0,69,trunk,564.486880,564.490276,0.003395,645562368,-363,1,0,0
0,69,expert,564.575129,565.277824,0.702695,210665472,0,0,12,0
0,69,compute,564.490299,565.394961,0.904661,0,0,0,0,0
0,70,trunk,565.394962,565.398415,0.003452,645562368,-364,1,0,0
0,70,expert,565.467889,565.936025,0.468137,175554560,0,0,10,0
0,70,compute,565.398453,566.039255,0.640802,0,0,0,0,0
0,71,trunk,566.039257,566.042829,0.003572,431890432,-365,1,0,0
0,71,expert,566.085651,566.815524,0.729872,175554560,0,0,10,0
0,71,compute,566.042858,566.924175,0.881318,0,0,0,0,0
0,72,trunk,566.924177,566.928156,0.003979,645562368,-366,1,0,0
0,72,expert,566.991046,567.699744,0.708698,193110016,0,0,11,0
0,72,compute,566.928188,567.805208,0.877020,0,0,0,0,0
0,73,trunk,567.805210,567.811090,0.005880,645562368,-367,1,0,0
0,73,expert,567.884622,568.583752,0.699130,228220928,0,0,13,0
0,73,compute,567.811118,568.702534,0.891416,0,0,0,0,0
0,74,trunk,568.702536,568.706469,0.003933,645562368,-368,1,0,0
0,74,expert,568.769719,569.204318,0.434599,122888192,0,0,7,0
0,74,compute,568.706502,569.307723,0.601221,0,0,0,0,0
0,75,trunk,569.307725,569.311397,0.003672,431890432,-369,1,0,0
0,75,expert,569.370497,570.021403,0.650906,140443648,0,0,8,0
0,75,compute,569.311434,570.120543,0.809109,0,0,0,0,0
0,76,trunk,570.120545,570.123996,0.003451,645562368,-370,1,0,0
0,76,expert,570.194858,570.813154,0.618296,175554560,0,0,10,0
0,76,compute,570.124048,570.923894,0.799846,0,0,0,0,0
0,77,trunk,570.923895,570.927713,0.003818,645562368,-371,1,0,0
0,77,expert,570.997907,571.662661,0.664754,157999104,0,0,9,0
0,77,compute,570.927759,571.793431,0.865672,0,0,0,0,0
0,78,trunk,571.793433,571.797207,0.003774,645562368,-372,1,0,0
0,78,expert,571.861512,572.357668,0.496157,193110016,0,0,11,0
0,78,compute,571.797229,572.468737,0.671507,0,0,0,0,0
0,79,trunk,572.468738,572.472417,0.003679,431890432,-373,1,0,0
0,79,expert,572.508709,573.180280,0.671570,157999104,0,0,9,0
0,79,compute,572.472466,573.298568,0.826102,0,0,0,0,0
0,80,trunk,573.298569,573.301963,0.003394,645562368,-374,1,0,0
0,80,expert,573.381516,573.998883,0.617367,175554560,0,0,10,0
0,80,compute,573.301986,574.114191,0.812205,0,0,0,0,0
0,81,trunk,574.114193,574.117650,0.003457,645562368,-375,1,0,0
0,81,expert,574.185337,574.922253,0.736916,228220928,0,0,13,0
0,81,compute,574.117671,575.024640,0.906969,0,0,0,0,0
0,82,trunk,575.024642,575.028317,0.003675,645562368,-376,1,0,0
0,82,expert,575.093715,575.603010,0.509295,193110016,0,0,11,0
0,82,compute,575.028336,575.726023,0.697688,0,0,0,0,0
0,83,trunk,575.726025,575.729615,0.003590,431890432,-377,1,0,0
0,83,expert,575.768859,576.480196,0.711337,193110016,0,0,11,0
0,83,compute,575.729638,576.609083,0.879445,0,0,0,0,0
0,84,trunk,576.609084,576.612795,0.003711,645562368,-378,1,0,0
0,84,expert,576.722618,577.382623,0.660005,210665472,0,0,12,0
0,84,compute,576.612822,577.506200,0.893379,0,0,0,0,0
0,85,trunk,577.506202,577.509907,0.003705,645562368,-379,1,0,0
0,85,expert,577.594103,578.256425,0.662322,175554560,0,0,10,0
0,85,compute,577.509938,578.359800,0.849862,0,0,0,0,0
0,86,trunk,578.359802,578.363329,0.003527,645562368,-380,1,0,0
0,86,expert,578.432967,578.928031,0.495064,193110016,0,0,11,0
0,86,compute,578.363379,579.050298,0.686918,0,0,0,0,0
0,87,trunk,579.050299,579.053789,0.003490,431890432,-381,1,0,0
0,87,expert,579.096617,579.735649,0.639032,157999104,0,0,9,0
0,87,compute,579.053809,579.860591,0.806782,0,0,0,0,0
0,88,trunk,579.860593,579.864504,0.003910,645562368,-382,1,0,0
0,88,expert,579.933636,580.595018,0.661383,193110016,0,0,11,0
0,88,compute,579.864579,580.699598,0.835019,0,0,0,0,0
0,89,trunk,580.699600,580.703132,0.003533,645562368,-383,1,0,0
0,89,expert,580.768511,581.436849,0.668338,122888192,0,0,7,0
0,89,compute,580.703160,581.557979,0.854819,0,0,0,0,0
0,90,trunk,581.557981,581.562050,0.004069,645562368,-384,1,0,0
0,90,expert,581.621678,582.079173,0.457495,140443648,0,0,8,0
0,90,compute,581.562092,582.184527,0.622436,0,0,0,0,0
0,91,trunk,582.184529,582.188328,0.003798,431890432,-385,1,0,0
0,91,expert,582.225124,582.692392,0.467269,140443648,0,0,8,0
0,91,compute,582.188345,582.810221,0.621875,0,0,0,0,0
0,92,trunk,582.810222,582.813680,0.003458,431890432,-386,1,0,0
0,92,expert,582.859490,583.019554,0.160064,193110016,0,0,11,0
0,92,compute,582.813681,583.283783,0.470102,0,0,0,0,0
0,0,trunk,583.383705,583.383748,0.000043,0,-386,0,0,0
0,0,compute,583.383749,583.505639,0.121890,0,0,0,0,0
0,1,trunk,583.505640,583.509289,0.003649,0,-385,0,0,0
0,1,expert,583.570434,583.785443,0.215009,263331840,0,0,15,0
0,1,compute,583.509292,583.910216,0.400924,0,0,0,0,0
0,2,trunk,583.910218,583.913838,0.003620,0,-384,0,0,0
0,2,expert,583.972857,584.181016,0.208159,245776384,0,0,14,0
0,2,compute,583.913840,584.295974,0.382134,0,0,0,0,0
0,3,trunk,584.295976,584.300155,0.004180,0,-383,0,0,0
0,3,expert,584.333570,584.479349,0.145780,175554560,0,0,10,0
0,3,compute,584.300157,584.603024,0.302867,0,0,0,0,0
0,4,trunk,584.603026,584.606976,0.003950,0,-382,0,0,0
0,4,expert,584.667285,584.868990,0.201705,245776384,0,0,14,0
0,4,compute,584.606979,584.978292,0.371313,0,0,0,0,0
0,5,trunk,584.978293,584.982278,0.003985,0,-381,0,0,0
0,5,expert,585.044845,585.234642,0.189797,228220928,0,0,13,0
0,5,compute,584.982281,585.354532,0.372251,0,0,0,0,0
0,6,trunk,585.354533,585.358059,0.003526,0,-380,0,0,0
0,6,expert,585.417007,585.636268,0.219261,263331840,0,0,15,0
0,6,compute,585.358060,585.736598,0.378538,0,0,0,0,0
0,7,trunk,585.736599,585.739976,0.003377,0,-379,0,0,0
0,7,expert,585.772545,585.989687,0.217143,263331840,0,0,15,0
0,7,compute,585.740034,586.098175,0.358141,0,0,0,0,0
0,8,trunk,586.098177,586.101871,0.003694,0,-378,0,0,0
0,8,expert,586.175886,586.394162,0.218276,263331840,0,0,15,0
0,8,compute,586.101873,586.516397,0.414525,0,0,0,0,0
0,9,trunk,586.516399,586.521574,0.005176,0,-377,0,0,0
0,9,expert,586.581953,586.795455,0.213502,263331840,0,0,15,0
0,9,compute,586.521577,586.906182,0.384605,0,0,0,0,0
0,10,trunk,586.906183,586.909744,0.003561,0,-376,0,0,0
0,10,expert,586.974956,587.141811,0.166855,210665472,0,0,12,0
0,10,compute,586.909747,587.254186,0.344439,0,0,0,0,0
0,11,trunk,587.254188,587.257671,0.003484,0,-375,0,0,0
0,11,expert,587.297881,587.485210,0.187329,228220928,0,0,13,0
0,11,compute,587.257673,587.602214,0.344541,0,0,0,0,0
0,12,trunk,587.602215,587.605608,0.003392,0,-374,0,0,0
0,12,expert,587.666480,587.850639,0.184160,228220928,0,0,13,0
0,12,compute,587.605609,587.962263,0.356654,0,0,0,0,0
0,13,trunk,587.962265,587.966032,0.003767,0,-373,0,0,0
0,13,expert,588.026289,588.248494,0.222205,263331840,0,0,15,0
0,13,compute,587.966034,588.354118,0.388084,0,0,0,0,0
0,14,trunk,588.354120,588.357486,0.003366,0,-372,0,0,0
0,14,expert,588.445913,588.681683,0.235770,280887296,0,0,16,0
0,14,compute,588.357487,588.800521,0.443034,0,0,0,0,0
0,15,trunk,588.800523,588.804079,0.003556,0,-371,0,0,0
0,15,expert,588.835674,589.054154,0.218480,263331840,0,0,15,0
0,15,compute,588.804082,589.166238,0.362156,0,0,0,0,0
0,16,trunk,589.166239,589.169596,0.003357,0,-370,0,0,0
0,16,expert,589.231445,589.434601,0.203156,245776384,0,0,14,0
0,16,compute,589.169597,589.542741,0.373144,0,0,0,0,0
0,17,trunk,589.542743,589.546573,0.003830,0,-369,0,0,0
0,17,expert,589.607735,589.797730,0.189994,228220928,0,0,13,0
0,17,compute,589.546575,589.926435,0.379860,0,0,0,0,0
0,18,trunk,589.926437,589.930299,0.003863,0,-368,0,0,0
0,18,expert,589.997568,590.162422,0.164854,193110016,0,0,11,0
0,18,compute,589.930301,590.268291,0.337990,0,0,0,0,0
0,19,trunk,590.268292,590.271671,0.003379,0,-367,0,0,0
0,19,expert,590.303413,590.520102,0.216690,263331840,0,0,15,0
0,19,compute,590.271673,590.638251,0.366578,0,0,0,0,0
0,20,trunk,590.638252,590.641720,0.003468,0,-366,0,0,0
0,20,expert,590.701016,590.873083,0.172067,210665472,0,0,12,0
0,20,compute,590.641722,590.977241,0.335518,0,0,0,0,0
0,21,trunk,590.977242,590.980908,0.003666,0,-365,0,0,0
0,21,expert,591.042013,591.650060,0.608047,245776384,0,0,14,0
0,21,compute,590.980929,591.768513,0.787585,0,0,0,0,0
0,22,trunk,591.768514,591.786446,0.017931,645562368,-365,1,0,0
0,22,expert,591.849181,592.399544,0.550363,245776384,0,0,14,0
0,22,compute,591.786505,592.518331,0.731826,0,0,0,0,0
0,23,trunk,592.518333,592.521675,0.003342,431890432,-366,1,0,0
0,23,expert,592.560372,593.256654,0.696282,245776384,0,0,14,0
0,23,compute,592.521697,593.382534,0.860837,0,0,0,0,0
0,24,trunk,593.382536,593.385920,0.003384,645562368,-367,1,0,0
0,24,expert,593.455135,594.253634,0.798498,263331840,0,0,15,0
0,24,compute,593.385942,594.374936,0.988994,0,0,0,0,0
0,25,trunk,594.374938,594.378841,0.003903,645562368,-368,1,0,0
0,25,expert,594.447477,594.994700,0.547223,228220928,0,0,13,0
0,25,compute,594.378884,595.106039,0.727154,0,0,0,0,0
0,26,trunk,595.106040,595.175837,0.069798,645562368,-369,1,0,0
0,26,expert,595.240143,595.778174,0.538031,245776384,0,0,14,0
0,26,compute,595.175901,595.902167,0.726266,0,0,0,0,0
0,27,trunk,595.902169,595.905620,0.003451,431890432,-370,1,0,0
0,27,expert,595.947853,596.674147,0.726294,280887296,0,0,16,0
0,27,compute,595.905641,596.816036,0.910396,0,0,0,0,0
0,28,trunk,596.816038,596.819723,0.003685,645562368,-371,1,0,0
0,28,expert,596.883872,597.572223,0.688351,263331840,0,0,15,0
0,28,compute,596.819748,597.690493,0.870745,0,0,0,0,0
0,29,trunk,597.690494,597.694047,0.003552,645562368,-372,1,0,0
0,29,expert,597.762806,598.468387,0.705581,228220928,0,0,13,0
0,29,compute,597.694076,598.590168,0.896093,0,0,0,0,0
0,30,trunk,598.590170,598.593927,0.003757,645562368,-373,1,0,0
0,30,expert,598.662103,599.141275,0.479172,210665472,0,0,12,0
0,30,compute,598.593953,599.258235,0.664282,0,0,0,0,0
0,31,trunk,599.258237,599.261793,0.003556,431890432,-374,1,0,0
0,31,expert,599.305226,600.064263,0.759037,263331840,0,0,15,0
0,31,compute,599.261814,600.190309,0.928494,0,0,0,0,0
0,32,trunk,600.190331,600.193951,0.003620,645562368,-375,1,0,0
0,32,expert,600.259304,600.974488,0.715184,210665472,0,0,12,0
0,32,compute,600.193972,601.070987,0.877015,0,0,0,0,0
0,33,trunk,601.070989,601.074562,0.003573,645562368,-376,1,0,0
0,33,expert,601.143125,601.908341,0.765216,245776384,0,0,14,0
0,33,compute,601.074584,602.034250,0.959666,0,0,0,0,0
0,34,trunk,602.034252,602.037672,0.003420,645562368,-377,1,0,0
0,34,expert,602.098493,602.639513,0.541021,228220928,0,0,13,0
0,34,compute,602.037710,602.754189,0.716479,0,0,0,0,0
0,35,trunk,602.754191,602.757635,0.003444,431890432,-378,1,0,0
0,35,expert,602.801260,603.551383,0.750123,228220928,0,0,13,0
0,35,compute,602.757657,603.688317,0.930660,0,0,0,0,0
0,36,trunk,603.688319,603.692110,0.003791,645562368,-379,1,0,0
0,36,expert,603.754481,606.603661,2.849180,228220928,0,0,13,0
0,36,compute,603.692129,606.709698,3.017569,0,0,0,0,0
0,37,trunk,606.709699,606.713423,0.003723,645562368,-380,1,0,0
0,37,expert,606.773890,617.436915,10.663025,245776384,0,0,14,0
0,37,compute,606.713443,617.565487,10.852044,0,0,0,0,0
0,38,trunk,617.565489,617.569004,0.003515,645562368,-381,1,0,0
0,38,expert,617.629493,618.143366,0.513872,210665472,0,0,12,0
0,38,compute,617.569026,618.250184,0.681158,0,0,0,0,0
0,39,trunk,618.250185,618.253777,0.003591,431890432,-382,1,0,0
0,39,expert,618.303249,619.041514,0.738266,228220928,0,0,13,0
0,39,compute,618.253816,619.160039,0.906223,0,0,0,0,0
0,40,trunk,619.160041,619.163537,0.003496,645562368,-383,1,0,0
0,40,expert,619.224253,619.971435,0.747182,228220928,0,0,13,0
0,40,compute,619.163565,620.086468,0.922904,0,0,0,0,0
0,41,trunk,620.086470,620.090220,0.003749,645562368,-384,1,0,0
0,41,expert,620.161787,620.855413,0.693626,193110016,0,0,11,0
0,41,compute,620.090244,620.970214,0.879970,0,0,0,0,0
0,42,trunk,620.970216,620.974055,0.003839,645562368,-385,1,0,0
0,42,expert,621.032818,621.511973,0.479155,157999104,0,0,9,0
0,42,compute,620.974092,621.631238,0.657145,0,0,0,0,0
0,43,trunk,621.631240,621.634754,0.003515,431890432,-386,1,0,0
0,43,expert,621.674396,622.398695,0.724299,175554560,0,0,10,0
0,43,compute,621.634784,622.520148,0.885364,0,0,0,0,0
0,44,trunk,622.520149,622.523707,0.003557,645562368,-387,1,0,0
0,44,expert,622.585935,623.339599,0.753663,228220928,0,0,13,0
0,44,compute,622.523746,623.466466,0.942720,0,0,0,0,0
0,45,trunk,623.466468,623.470174,0.003706,645562368,-388,1,0,0
0,45,expert,623.539553,624.291766,0.752213,245776384,0,0,14,0
0,45,compute,623.470213,624.398427,0.928214,0,0,0,0,0
0,46,trunk,624.398429,624.402012,0.003583,645562368,-389,1,0,0
0,46,expert,624.464970,625.004207,0.539237,228220928,0,0,13,0
0,46,compute,624.402042,625.107825,0.705783,0,0,0,0,0
0,47,trunk,625.107826,625.111413,0.003586,431890432,-390,1,0,0
0,47,expert,625.151732,625.886533,0.734801,228220928,0,0,13,0
0,47,compute,625.111456,625.990608,0.879152,0,0,0,0,0
0,48,trunk,625.990610,625.994351,0.003741,645562368,-391,1,0,0
0,48,expert,626.055868,626.768872,0.713003,210665472,0,0,12,0
0,48,compute,625.994388,626.882422,0.888034,0,0,0,0,0
0,49,trunk,626.882424,626.885932,0.003508,645562368,-392,1,0,0
0,49,expert,626.948935,627.743216,0.794280,263331840,0,0,15,0
0,49,compute,626.885960,627.876987,0.991027,0,0,0,0,0
0,50,trunk,627.876989,627.880816,0.003827,645562368,-393,1,0,0
0,50,expert,627.947450,628.502299,0.554849,245776384,0,0,14,0
0,50,compute,627.880842,628.602082,0.721240,0,0,0,0,0
0,51,trunk,628.602083,628.605668,0.003585,431890432,-394,1,0,0
0,51,expert,628.646026,629.368073,0.722047,210665472,0,0,12,0
0,51,compute,628.605690,629.478999,0.873310,0,0,0,0,0
0,52,trunk,629.479001,629.482665,0.003665,645562368,-395,1,0,0
0,52,expert,629.557890,630.242793,0.684904,210665472,0,0,12,0
0,52,compute,629.482687,630.367058,0.884371,0,0,0,0,0
0,53,trunk,630.367059,630.370899,0.003840,645562368,-396,1,0,0
0,53,expert,630.449877,631.177348,0.727471,228220928,0,0,13,0
0,53,compute,630.370923,631.298803,0.927879,0,0,0,0,0
0,54,trunk,631.298805,631.302730,0.003926,645562368,-397,1,0,0
0,54,expert,631.367524,631.889240,0.521715,210665472,0,0,12,0
0,54,compute,631.302766,632.011420,0.708654,0,0,0,0,0
0,55,trunk,632.011422,632.014947,0.003525,431890432,-398,1,0,0
0,55,expert,632.060210,632.819494,0.759284,263331840,0,0,15,0
0,55,compute,632.014969,632.937839,0.922870,0,0,0,0,0
0,56,trunk,632.937841,632.941284,0.003444,645562368,-399,1,0,0
0,56,expert,633.005361,633.738960,0.733599,228220928,0,0,13,0
0,56,compute,632.941341,633.858507,0.917166,0,0,0,0,0
0,57,trunk,633.858509,633.862350,0.003841,645562368,-400,1,0,0
0,57,expert,633.932878,634.727415,0.794537,280887296,0,0,16,0
0,57,compute,633.862372,634.836432,0.974060,0,0,0,0,0
0,58,trunk,634.836434,634.839888,0.003454,645562368,-401,1,0,0
0,58,expert,634.905901,635.430226,0.524325,193110016,0,0,11,0
0,58,compute,634.839911,635.537637,0.697726,0,0,0,0,0
0,59,trunk,635.537639,635.541533,0.003894,431890432,-402,1,0,0
0,59,expert,635.580157,636.315089,0.734932,193110016,0,0,11,0
0,59,compute,635.541576,636.427222,0.885646,0,0,0,0,0
0,60,trunk,636.427224,636.430673,0.003449,645562368,-403,1,0,0
0,60,expert,636.502400,637.225878,0.723478,228220928,0,0,13,0
0,60,compute,636.430697,637.332370,0.901674,0,0,0,0,0
0,61,trunk,637.332372,637.335982,0.003610,645562368,-404,1,0,0
0,61,expert,637.400725,638.146142,0.745417,263331840,0,0,15,0
0,61,compute,637.336035,638.262247,0.926212,0,0,0,0,0
0,62,trunk,638.262249,638.266045,0.003796,645562368,-405,1,0,0
0,62,expert,638.325883,638.838559,0.512677,210665472,0,0,12,0
0,62,compute,638.266068,638.954252,0.688184,0,0,0,0,0
0,63,trunk,638.954254,638.957763,0.003510,431890432,-406,1,0,0
0,63,expert,639.004456,639.734576,0.730120,228220928,0,0,13,0
0,63,compute,638.957808,639.861790,0.903982,0,0,0,0,0
0,64,trunk,639.861792,639.865789,0.003998,645562368,-407,1,0,0
0,64,expert,639.924869,640.668251,0.743381,228220928,0,0,13,0
0,64,compute,639.865812,640.782190,0.916377,0,0,0,0,0
0,65,trunk,640.782191,640.787781,0.005590,645562368,-408,1,0,0
0,65,expert,640.850139,641.586355,0.736216,228220928,0,0,13,0
0,65,compute,640.787844,641.687484,0.899640,0,0,0,0,0
0,66,trunk,641.687486,641.690868,0.003382,645562368,-409,1,0,0
0,66,expert,641.755272,642.240538,0.485266,228220928,0,0,13,0
0,66,compute,641.690910,642.343044,0.652134,0,0,0,0,0
0,67,trunk,642.343046,642.346693,0.003647,431890432,-410,1,0,0
0,67,expert,642.385414,643.118199,0.732785,228220928,0,0,13,0
0,67,compute,642.346718,643.242291,0.895573,0,0,0,0,0
0,68,trunk,643.242293,643.245798,0.003506,645562368,-411,1,0,0
0,68,expert,643.308826,644.052451,0.743624,263331840,0,0,15,0
0,68,compute,643.245825,644.170451,0.924626,0,0,0,0,0
0,69,trunk,644.170453,644.174047,0.003595,645562368,-412,1,0,0
0,69,expert,644.239295,644.969641,0.730346,228220928,0,0,13,0
0,69,compute,644.174070,645.075780,0.901710,0,0,0,0,0
0,70,trunk,645.075782,645.079589,0.003807,645562368,-413,1,0,0
0,70,expert,645.145191,645.669613,0.524422,210665472,0,0,12,0
0,70,compute,645.079613,645.766817,0.687204,0,0,0,0,0
0,71,trunk,645.766819,645.770321,0.003502,431890432,-414,1,0,0
0,71,expert,645.818134,646.608300,0.790166,228220928,0,0,13,0
0,71,compute,645.770342,646.707464,0.937122,0,0,0,0,0
0,72,trunk,646.707465,646.711736,0.004270,645562368,-415,1,0,0
0,72,expert,646.776696,647.518359,0.741663,210665472,0,0,12,0
0,72,compute,646.711765,647.640102,0.928337,0,0,0,0,0
0,73,trunk,647.640104,647.643598,0.003494,645562368,-416,1,0,0
0,73,expert,647.712034,648.466875,0.754840,245776384,0,0,14,0
0,73,compute,647.643619,648.588384,0.944764,0,0,0,0,0
0,74,trunk,648.588385,648.592050,0.003665,645562368,-417,1,0,0
0,74,expert,648.651433,649.134585,0.483152,157999104,0,0,9,0
0,74,compute,648.592067,649.237367,0.645300,0,0,0,0,0
0,75,trunk,649.237369,649.240964,0.003595,431890432,-418,1,0,0
0,75,expert,649.282617,649.989405,0.706788,193110016,0,0,11,0
0,75,compute,649.240983,650.098112,0.857129,0,0,0,0,0
0,76,trunk,650.098113,650.101696,0.003583,645562368,-419,1,0,0
0,76,expert,650.171888,650.849063,0.677175,193110016,0,0,11,0
0,76,compute,650.101719,650.970919,0.869200,0,0,0,0,0
0,77,trunk,650.970921,650.978956,0.008035,645562368,-420,1,0,0
0,77,expert,651.065397,651.764236,0.698838,210665472,0,0,12,0
0,77,compute,650.978980,651.894647,0.915667,0,0,0,0,0
0,78,trunk,651.894649,651.899397,0.004747,645562368,-421,1,0,0
0,78,expert,651.958776,652.475685,0.516909,210665472,0,0,12,0
0,78,compute,651.899424,652.576404,0.676981,0,0,0,0,0
0,79,trunk,652.576406,652.579866,0.003460,431890432,-422,1,0,0
0,79,expert,652.620501,653.306349,0.685848,175554560,0,0,10,0
0,79,compute,652.579892,653.428618,0.848726,0,0,0,0,0
0,80,trunk,653.428620,653.432080,0.003460,645562368,-423,1,0,0
0,80,expert,653.499119,654.194288,0.695169,245776384,0,0,14,0
0,80,compute,653.432156,654.315040,0.882884,0,0,0,0,0
0,81,trunk,654.315042,654.321279,0.006236,645562368,-424,1,0,0
0,81,expert,654.392777,655.160891,0.768114,263331840,0,0,15,0
0,81,compute,654.321320,655.276042,0.954722,0,0,0,0,0
0,82,trunk,655.276043,655.279394,0.003350,645562368,-425,1,0,0
0,82,expert,655.337803,655.876963,0.539160,228220928,0,0,13,0
0,82,compute,655.279424,655.998601,0.719177,0,0,0,0,0
0,83,trunk,655.998603,656.001953,0.003350,431890432,-426,1,0,0
0,83,expert,656.041743,656.761669,0.719927,193110016,0,0,11,0
0,83,compute,656.001975,656.874156,0.872181,0,0,0,0,0
0,84,trunk,656.874158,656.877869,0.003711,645562368,-427,1,0,0
0,84,expert,656.944092,657.698299,0.754207,263331840,0,0,15,0
0,84,compute,656.877892,657.834242,0.956350,0,0,0,0,0
0,85,trunk,657.834247,657.837801,0.003554,645562368,-428,1,0,0
0,85,expert,657.907069,658.632129,0.725060,228220928,0,0,13,0
0,85,compute,657.837823,658.750229,0.912406,0,0,0,0,0
0,86,trunk,658.750231,658.754323,0.004092,645562368,-429,1,0,0
0,86,expert,658.818080,659.345023,0.526943,228220928,0,0,13,0
0,86,compute,658.754376,659.470676,0.716300,0,0,0,0,0
0,87,trunk,659.470677,659.474453,0.003776,431890432,-430,1,0,0
0,87,expert,659.518449,660.209404,0.690954,193110016,0,0,11,0
0,87,compute,659.474475,660.331035,0.856560,0,0,0,0,0
0,88,trunk,660.331037,660.335034,0.003997,645562368,-431,1,0,0
0,88,expert,660.397473,661.146364,0.748891,228220928,0,0,13,0
0,88,compute,660.335072,661.250684,0.915612,0,0,0,0,0
0,89,trunk,661.250686,661.254150,0.003464,645562368,-432,1,0,0
0,89,expert,661.321467,662.016522,0.695055,157999104,0,0,9,0
0,89,compute,661.254173,662.134673,0.880501,0,0,0,0,0
0,90,trunk,662.134675,662.138460,0.003785,645562368,-433,1,0,0
0,90,expert,662.206667,662.707233,0.500566,193110016,0,0,11,0
0,90,compute,662.138485,662.830480,0.691995,0,0,0,0,0
0,91,trunk,662.830482,662.833905,0.003423,431890432,-434,1,0,0
0,91,expert,662.876278,663.389347,0.513069,193110016,0,0,11,0
0,91,compute,662.833933,663.516094,0.682161,0,0,0,0,0
0,92,trunk,663.516096,663.519681,0.003586,431890432,-435,1,0,0
0,92,expert,663.553045,663.763519,0.210474,245776384,0,0,14,0
0,92,compute,663.519683,663.871595,0.351913,0,0,0,0,0
