"Time","Tag","Path","Disk","Value"
"15:52:32","idle_before","\\tanghaiyong\physicaldisk(0 c: d:)\% idle time","0 c: d:","99.5558"
"15:52:32","idle_before","\\tanghaiyong\physicaldisk(1 e: f: g: h:)\% idle time","1 e: f: g: h:","0"
"15:52:32","idle_before","\\tanghaiyong\physicaldisk(2)\% idle time","2","99.9837"
"15:52:32","idle_before","\\tanghaiyong\physicaldisk(0 c: d:)\avg. disk sec/read","0 c: d:","0.0002"
"15:52:32","idle_before","\\tanghaiyong\physicaldisk(1 e: f: g: h:)\avg. disk sec/read","1 e: f: g: h:","0.0369"
"15:52:32","idle_before","\\tanghaiyong\physicaldisk(2)\avg. disk sec/read","2","0"
"15:52:32","idle_before","\\tanghaiyong\physicaldisk(0 c: d:)\avg. disk sec/transfer","0 c: d:","0.0001"
"15:52:32","idle_before","\\tanghaiyong\physicaldisk(1 e: f: g: h:)\avg. disk sec/transfer","1 e: f: g: h:","0.0308"
"15:52:32","idle_before","\\tanghaiyong\physicaldisk(2)\avg. disk sec/transfer","2","0"
"15:52:32","idle_before","\\tanghaiyong\physicaldisk(0 c: d:)\current disk queue length","0 c: d:","0"
"15:52:32","idle_before","\\tanghaiyong\physicaldisk(1 e: f: g: h:)\current disk queue length","1 e: f: g: h:","10"
"15:52:32","idle_before","\\tanghaiyong\physicaldisk(2)\current disk queue length","2","0"
"15:52:32","idle_before","\\tanghaiyong\physicaldisk(0 c: d:)\avg. disk queue length","0 c: d:","0.0035"
"15:52:32","idle_before","\\tanghaiyong\physicaldisk(1 e: f: g: h:)\avg. disk queue length","1 e: f: g: h:","5.3149"
"15:52:32","idle_before","\\tanghaiyong\physicaldisk(2)\avg. disk queue length","2","0"
"15:52:32","idle_before","\\tanghaiyong\physicaldisk(0 c: d:)\disk read bytes/sec","0 c: d:","69600.0695"
"15:52:32","idle_before","\\tanghaiyong\physicaldisk(1 e: f: g: h:)\disk read bytes/sec","1 e: f: g: h:","2997846.472"
"15:52:32","idle_before","\\tanghaiyong\physicaldisk(2)\disk read bytes/sec","2","0"
"15:52:32","idle_before","\\tanghaiyong\physicaldisk(0 c: d:)\avg. disk bytes/read","0 c: d:","10093.7143"
"15:52:32","idle_before","\\tanghaiyong\physicaldisk(1 e: f: g: h:)\avg. disk bytes/read","1 e: f: g: h:","20988.469"
"15:52:32","idle_before","\\tanghaiyong\physicaldisk(2)\avg. disk bytes/read","2","0"
"15:52:32","idle_before","\\tanghaiyong\physicaldisk(0 c: d:)\disk reads/sec","0 c: d:","6.8954"
"15:52:32","idle_before","\\tanghaiyong\physicaldisk(1 e: f: g: h:)\disk reads/sec","1 e: f: g: h:","142.833"
"15:52:32","idle_before","\\tanghaiyong\physicaldisk(2)\disk reads/sec","2","0"
"15:52:34","run","\\tanghaiyong\physicaldisk(0 c: d:)\% idle time","0 c: d:","98.4108"
"15:52:34","run","\\tanghaiyong\physicaldisk(1 e: f: g: h:)\% idle time","1 e: f: g: h:","0"
"15:52:34","run","\\tanghaiyong\physicaldisk(2)\% idle time","2","99.989"
"15:52:34","run","\\tanghaiyong\physicaldisk(0 c: d:)\avg. disk sec/read","0 c: d:","0.0004"
"15:52:34","run","\\tanghaiyong\physicaldisk(1 e: f: g: h:)\avg. disk sec/read","1 e: f: g: h:","0.0245"
"15:52:34","run","\\tanghaiyong\physicaldisk(2)\avg. disk sec/read","2","0"
"15:52:34","run","\\tanghaiyong\physicaldisk(0 c: d:)\avg. disk sec/transfer","0 c: d:","0.0002"
"15:52:34","run","\\tanghaiyong\physicaldisk(1 e: f: g: h:)\avg. disk sec/transfer","1 e: f: g: h:","0.0245"
"15:52:34","run","\\tanghaiyong\physicaldisk(2)\avg. disk sec/transfer","2","0"
"15:52:34","run","\\tanghaiyong\physicaldisk(0 c: d:)\current disk queue length","0 c: d:","0"
"15:52:34","run","\\tanghaiyong\physicaldisk(1 e: f: g: h:)\current disk queue length","1 e: f: g: h:","5"
"15:52:34","run","\\tanghaiyong\physicaldisk(2)\current disk queue length","2","0"
"15:52:34","run","\\tanghaiyong\physicaldisk(0 c: d:)\avg. disk queue length","0 c: d:","0.0144"
"15:52:34","run","\\tanghaiyong\physicaldisk(1 e: f: g: h:)\avg. disk queue length","1 e: f: g: h:","4.9133"
"15:52:34","run","\\tanghaiyong\physicaldisk(2)\avg. disk queue length","2","0"
"15:52:34","run","\\tanghaiyong\physicaldisk(0 c: d:)\disk read bytes/sec","0 c: d:","277091.9157"
"15:52:34","run","\\tanghaiyong\physicaldisk(1 e: f: g: h:)\disk read bytes/sec","1 e: f: g: h:","7706618.9062"
"15:52:34","run","\\tanghaiyong\physicaldisk(2)\disk read bytes/sec","2","0"
"15:52:34","run","\\tanghaiyong\physicaldisk(0 c: d:)\avg. disk bytes/read","0 c: d:","34816"
"15:52:34","run","\\tanghaiyong\physicaldisk(1 e: f: g: h:)\avg. disk bytes/read","1 e: f: g: h:","38349.3069"
"15:52:34","run","\\tanghaiyong\physicaldisk(2)\avg. disk bytes/read","2","0"
"15:52:34","run","\\tanghaiyong\physicaldisk(0 c: d:)\disk reads/sec","0 c: d:","7.9588"
"15:52:34","run","\\tanghaiyong\physicaldisk(1 e: f: g: h:)\disk reads/sec","1 e: f: g: h:","200.9585"
"15:52:34","run","\\tanghaiyong\physicaldisk(2)\disk reads/sec","2","0"
"15:52:36","run","\\tanghaiyong\physicaldisk(0 c: d:)\% idle time","0 c: d:","99.5801"
"15:52:36","run","\\tanghaiyong\physicaldisk(1 e: f: g: h:)\% idle time","1 e: f: g: h:","0"
"15:52:36","run","\\tanghaiyong\physicaldisk(2)\% idle time","2","99.9574"
"15:52:36","run","\\tanghaiyong\physicaldisk(0 c: d:)\avg. disk sec/read","0 c: d:","0.0006"
"15:52:36","run","\\tanghaiyong\physicaldisk(1 e: f: g: h:)\avg. disk sec/read","1 e: f: g: h:","0.0406"
"15:52:36","run","\\tanghaiyong\physicaldisk(2)\avg. disk sec/read","2","0"
"15:52:36","run","\\tanghaiyong\physicaldisk(0 c: d:)\avg. disk sec/transfer","0 c: d:","0.0001"
"15:52:36","run","\\tanghaiyong\physicaldisk(1 e: f: g: h:)\avg. disk sec/transfer","1 e: f: g: h:","0.034"
"15:52:36","run","\\tanghaiyong\physicaldisk(2)\avg. disk sec/transfer","2","0"
"15:52:36","run","\\tanghaiyong\physicaldisk(0 c: d:)\current disk queue length","0 c: d:","0"
"15:52:36","run","\\tanghaiyong\physicaldisk(1 e: f: g: h:)\current disk queue length","1 e: f: g: h:","4"
"15:52:36","run","\\tanghaiyong\physicaldisk(2)\current disk queue length","2","0"
"15:52:36","run","\\tanghaiyong\physicaldisk(0 c: d:)\avg. disk queue length","0 c: d:","0.0033"
"15:52:36","run","\\tanghaiyong\physicaldisk(1 e: f: g: h:)\avg. disk queue length","1 e: f: g: h:","4.0308"
"15:52:36","run","\\tanghaiyong\physicaldisk(2)\avg. disk queue length","2","0"
"15:52:36","run","\\tanghaiyong\physicaldisk(0 c: d:)\disk read bytes/sec","0 c: d:","114373.9862"
"15:52:36","run","\\tanghaiyong\physicaldisk(1 e: f: g: h:)\disk read bytes/sec","1 e: f: g: h:","11862216.2852"
"15:52:36","run","\\tanghaiyong\physicaldisk(2)\disk read bytes/sec","2","0"
"15:52:36","run","\\tanghaiyong\physicaldisk(0 c: d:)\avg. disk bytes/read","0 c: d:","114688"
"15:52:36","run","\\tanghaiyong\physicaldisk(1 e: f: g: h:)\avg. disk bytes/read","1 e: f: g: h:","145058.3415"
"15:52:36","run","\\tanghaiyong\physicaldisk(2)\avg. disk bytes/read","2","0"
"15:52:36","run","\\tanghaiyong\physicaldisk(0 c: d:)\disk reads/sec","0 c: d:","0.9973"
"15:52:36","run","\\tanghaiyong\physicaldisk(1 e: f: g: h:)\disk reads/sec","1 e: f: g: h:","81.7755"
"15:52:36","run","\\tanghaiyong\physicaldisk(2)\disk reads/sec","2","0"
"15:52:38","run","\\tanghaiyong\physicaldisk(0 c: d:)\% idle time","0 c: d:","99.9714"
"15:52:38","run","\\tanghaiyong\physicaldisk(1 e: f: g: h:)\% idle time","1 e: f: g: h:","0"
"15:52:38","run","\\tanghaiyong\physicaldisk(2)\% idle time","2","99.9714"
"15:52:38","run","\\tanghaiyong\physicaldisk(0 c: d:)\avg. disk sec/read","0 c: d:","0"
"15:52:38","run","\\tanghaiyong\physicaldisk(1 e: f: g: h:)\avg. disk sec/read","1 e: f: g: h:","0.032"
"15:52:38","run","\\tanghaiyong\physicaldisk(2)\avg. disk sec/read","2","0"
"15:52:38","run","\\tanghaiyong\physicaldisk(0 c: d:)\avg. disk sec/transfer","0 c: d:","0"
"15:52:38","run","\\tanghaiyong\physicaldisk(1 e: f: g: h:)\avg. disk sec/transfer","1 e: f: g: h:","0.0415"
"15:52:38","run","\\tanghaiyong\physicaldisk(2)\avg. disk sec/transfer","2","0"
"15:52:38","run","\\tanghaiyong\physicaldisk(0 c: d:)\current disk queue length","0 c: d:","0"
"15:52:38","run","\\tanghaiyong\physicaldisk(1 e: f: g: h:)\current disk queue length","1 e: f: g: h:","6"
"15:52:38","run","\\tanghaiyong\physicaldisk(2)\current disk queue length","2","0"
"15:52:38","run","\\tanghaiyong\physicaldisk(0 c: d:)\avg. disk queue length","0 c: d:","0"
"15:52:38","run","\\tanghaiyong\physicaldisk(1 e: f: g: h:)\avg. disk queue length","1 e: f: g: h:","4.1739"
"15:52:38","run","\\tanghaiyong\physicaldisk(2)\avg. disk queue length","2","0"
"15:52:38","run","\\tanghaiyong\physicaldisk(0 c: d:)\disk read bytes/sec","0 c: d:","0"
"15:52:38","run","\\tanghaiyong\physicaldisk(1 e: f: g: h:)\disk read bytes/sec","1 e: f: g: h:","14495588.7122"
"15:52:38","run","\\tanghaiyong\physicaldisk(2)\disk read bytes/sec","2","0"
"15:52:38","run","\\tanghaiyong\physicaldisk(0 c: d:)\avg. disk bytes/read","0 c: d:","0"
"15:52:38","run","\\tanghaiyong\physicaldisk(1 e: f: g: h:)\avg. disk bytes/read","1 e: f: g: h:","146835.3939"
"15:52:38","run","\\tanghaiyong\physicaldisk(2)\avg. disk bytes/read","2","0"
"15:52:38","run","\\tanghaiyong\physicaldisk(0 c: d:)\disk reads/sec","0 c: d:","0"
"15:52:38","run","\\tanghaiyong\physicaldisk(1 e: f: g: h:)\disk reads/sec","1 e: f: g: h:","98.72"
"15:52:38","run","\\tanghaiyong\physicaldisk(2)\disk reads/sec","2","0"
"15:52:40","run","\\tanghaiyong\physicaldisk(0 c: d:)\% idle time","0 c: d:","99.3631"
"15:52:40","run","\\tanghaiyong\physicaldisk(1 e: f: g: h:)\% idle time","1 e: f: g: h:","0"
"15:52:40","run","\\tanghaiyong\physicaldisk(2)\% idle time","2","99.7252"
"15:52:40","run","\\tanghaiyong\physicaldisk(0 c: d:)\avg. disk sec/read","0 c: d:","0.0002"
"15:52:40","run","\\tanghaiyong\physicaldisk(1 e: f: g: h:)\avg. disk sec/read","1 e: f: g: h:","0.0431"
"15:52:40","run","\\tanghaiyong\physicaldisk(2)\avg. disk sec/read","2","0"
"15:52:40","run","\\tanghaiyong\physicaldisk(0 c: d:)\avg. disk sec/transfer","0 c: d:","0.0001"
"15:52:40","run","\\tanghaiyong\physicaldisk(1 e: f: g: h:)\avg. disk sec/transfer","1 e: f: g: h:","0.0412"
"15:52:40","run","\\tanghaiyong\physicaldisk(2)\avg. disk sec/transfer","2","0.0026"
"15:52:40","run","\\tanghaiyong\physicaldisk(0 c: d:)\current disk queue length","0 c: d:","0"
"15:52:40","run","\\tanghaiyong\physicaldisk(1 e: f: g: h:)\current disk queue length","1 e: f: g: h:","5"
"15:52:40","run","\\tanghaiyong\physicaldisk(2)\current disk queue length","2","0"
"15:52:40","run","\\tanghaiyong\physicaldisk(0 c: d:)\avg. disk queue length","0 c: d:","0.0039"
"15:52:40","run","\\tanghaiyong\physicaldisk(1 e: f: g: h:)\avg. disk queue length","1 e: f: g: h:","3.5989"
"15:52:40","run","\\tanghaiyong\physicaldisk(2)\avg. disk queue length","2","0.0026"
"15:52:40","run","\\tanghaiyong\physicaldisk(0 c: d:)\disk read bytes/sec","0 c: d:","203291.7379"
"15:52:40","run","\\tanghaiyong\physicaldisk(1 e: f: g: h:)\disk read bytes/sec","1 e: f: g: h:","12929354.5328"
"15:52:40","run","\\tanghaiyong\physicaldisk(2)\disk read bytes/sec","2","0"
"15:52:40","run","\\tanghaiyong\physicaldisk(0 c: d:)\avg. disk bytes/read","0 c: d:","17066.6667"
"15:52:40","run","\\tanghaiyong\physicaldisk(1 e: f: g: h:)\avg. disk bytes/read","1 e: f: g: h:","155062.8571"
"15:52:40","run","\\tanghaiyong\physicaldisk(2)\avg. disk bytes/read","2","0"
"15:52:40","run","\\tanghaiyong\physicaldisk(0 c: d:)\disk reads/sec","0 c: d:","11.9116"
"15:52:40","run","\\tanghaiyong\physicaldisk(1 e: f: g: h:)\disk reads/sec","1 e: f: g: h:","83.3814"
"15:52:40","run","\\tanghaiyong\physicaldisk(2)\disk reads/sec","2","0"
"15:52:42","run","\\tanghaiyong\physicaldisk(0 c: d:)\% idle time","0 c: d:","99.6673"
"15:52:42","run","\\tanghaiyong\physicaldisk(1 e: f: g: h:)\% idle time","1 e: f: g: h:","0"
"15:52:42","run","\\tanghaiyong\physicaldisk(2)\% idle time","2","99.9735"
"15:52:42","run","\\tanghaiyong\physicaldisk(0 c: d:)\avg. disk sec/read","0 c: d:","0.0002"
"15:52:42","run","\\tanghaiyong\physicaldisk(1 e: f: g: h:)\avg. disk sec/read","1 e: f: g: h:","0.0349"
"15:52:42","run","\\tanghaiyong\physicaldisk(2)\avg. disk sec/read","2","0"
"15:52:42","run","\\tanghaiyong\physicaldisk(0 c: d:)\avg. disk sec/transfer","0 c: d:","0.0001"
"15:52:42","run","\\tanghaiyong\physicaldisk(1 e: f: g: h:)\avg. disk sec/transfer","1 e: f: g: h:","0.0423"
"15:52:42","run","\\tanghaiyong\physicaldisk(2)\avg. disk sec/transfer","2","0"
"15:52:42","run","\\tanghaiyong\physicaldisk(0 c: d:)\current disk queue length","0 c: d:","0"
"15:52:42","run","\\tanghaiyong\physicaldisk(1 e: f: g: h:)\current disk queue length","1 e: f: g: h:","12"
"15:52:42","run","\\tanghaiyong\physicaldisk(2)\current disk queue length","2","0"
"15:52:42","run","\\tanghaiyong\physicaldisk(0 c: d:)\avg. disk queue length","0 c: d:","0.0023"
"15:52:42","run","\\tanghaiyong\physicaldisk(1 e: f: g: h:)\avg. disk queue length","1 e: f: g: h:","13.2897"
"15:52:42","run","\\tanghaiyong\physicaldisk(2)\avg. disk queue length","2","0"
"15:52:42","run","\\tanghaiyong\physicaldisk(0 c: d:)\disk read bytes/sec","0 c: d:","70423.8688"
"15:52:42","run","\\tanghaiyong\physicaldisk(1 e: f: g: h:)\disk read bytes/sec","1 e: f: g: h:","14742063.2112"
"15:52:42","run","\\tanghaiyong\physicaldisk(2)\disk read bytes/sec","2","0"
"15:52:42","run","\\tanghaiyong\physicaldisk(0 c: d:)\avg. disk bytes/read","0 c: d:","11776"
"15:52:42","run","\\tanghaiyong\physicaldisk(1 e: f: g: h:)\avg. disk bytes/read","1 e: f: g: h:","160768"
"15:52:42","run","\\tanghaiyong\physicaldisk(2)\avg. disk bytes/read","2","0"
"15:52:42","run","\\tanghaiyong\physicaldisk(0 c: d:)\disk reads/sec","0 c: d:","5.9803"
"15:52:42","run","\\tanghaiyong\physicaldisk(1 e: f: g: h:)\disk reads/sec","1 e: f: g: h:","91.6977"
"15:52:42","run","\\tanghaiyong\physicaldisk(2)\disk reads/sec","2","0"
"15:52:44","run","\\tanghaiyong\physicaldisk(0 c: d:)\% idle time","0 c: d:","99.9905"
"15:52:44","run","\\tanghaiyong\physicaldisk(1 e: f: g: h:)\% idle time","1 e: f: g: h:","0"
"15:52:44","run","\\tanghaiyong\physicaldisk(2)\% idle time","2","99.991"
"15:52:44","run","\\tanghaiyong\physicaldisk(0 c: d:)\avg. disk sec/read","0 c: d:","0"
"15:52:44","run","\\tanghaiyong\physicaldisk(1 e: f: g: h:)\avg. disk sec/read","1 e: f: g: h:","0.0276"
"15:52:44","run","\\tanghaiyong\physicaldisk(2)\avg. disk sec/read","2","0"
"15:52:44","run","\\tanghaiyong\physicaldisk(0 c: d:)\avg. disk sec/transfer","0 c: d:","0"
"15:52:44","run","\\tanghaiyong\physicaldisk(1 e: f: g: h:)\avg. disk sec/transfer","1 e: f: g: h:","0.0276"
"15:52:44","run","\\tanghaiyong\physicaldisk(2)\avg. disk sec/transfer","2","0"
"15:52:44","run","\\tanghaiyong\physicaldisk(0 c: d:)\current disk queue length","0 c: d:","0"
"15:52:44","run","\\tanghaiyong\physicaldisk(1 e: f: g: h:)\current disk queue length","1 e: f: g: h:","2"
"15:52:44","run","\\tanghaiyong\physicaldisk(2)\current disk queue length","2","0"
"15:52:44","run","\\tanghaiyong\physicaldisk(0 c: d:)\avg. disk queue length","0 c: d:","0"
"15:52:44","run","\\tanghaiyong\physicaldisk(1 e: f: g: h:)\avg. disk queue length","1 e: f: g: h:","3.5675"
"15:52:44","run","\\tanghaiyong\physicaldisk(2)\avg. disk queue length","2","0"
"15:52:44","run","\\tanghaiyong\physicaldisk(0 c: d:)\disk read bytes/sec","0 c: d:","0"
"15:52:44","run","\\tanghaiyong\physicaldisk(1 e: f: g: h:)\disk read bytes/sec","1 e: f: g: h:","18655946.8403"
"15:52:44","run","\\tanghaiyong\physicaldisk(2)\disk read bytes/sec","2","0"
"15:52:44","run","\\tanghaiyong\physicaldisk(0 c: d:)\avg. disk bytes/read","0 c: d:","0"
"15:52:44","run","\\tanghaiyong\physicaldisk(1 e: f: g: h:)\avg. disk bytes/read","1 e: f: g: h:","144462.7692"
"15:52:44","run","\\tanghaiyong\physicaldisk(2)\avg. disk bytes/read","2","0"
"15:52:44","run","\\tanghaiyong\physicaldisk(0 c: d:)\disk reads/sec","0 c: d:","0"
"15:52:44","run","\\tanghaiyong\physicaldisk(1 e: f: g: h:)\disk reads/sec","1 e: f: g: h:","129.1402"
"15:52:44","run","\\tanghaiyong\physicaldisk(2)\disk reads/sec","2","0"
"15:52:46","run","\\tanghaiyong\physicaldisk(0 c: d:)\% idle time","0 c: d:","99.6447"
"15:52:46","run","\\tanghaiyong\physicaldisk(1 e: f: g: h:)\% idle time","1 e: f: g: h:","0.0325"
"15:52:46","run","\\tanghaiyong\physicaldisk(2)\% idle time","2","99.9829"
"15:52:46","run","\\tanghaiyong\physicaldisk(0 c: d:)\avg. disk sec/read","0 c: d:","0.0003"
"15:52:46","run","\\tanghaiyong\physicaldisk(1 e: f: g: h:)\avg. disk sec/read","1 e: f: g: h:","0.0279"
"15:52:46","run","\\tanghaiyong\physicaldisk(2)\avg. disk sec/read","2","0"
"15:52:46","run","\\tanghaiyong\physicaldisk(0 c: d:)\avg. disk sec/transfer","0 c: d:","0.0001"
"15:52:46","run","\\tanghaiyong\physicaldisk(1 e: f: g: h:)\avg. disk sec/transfer","1 e: f: g: h:","0.0253"
"15:52:46","run","\\tanghaiyong\physicaldisk(2)\avg. disk sec/transfer","2","0"
"15:52:46","run","\\tanghaiyong\physicaldisk(0 c: d:)\current disk queue length","0 c: d:","0"
"15:52:46","run","\\tanghaiyong\physicaldisk(1 e: f: g: h:)\current disk queue length","1 e: f: g: h:","2"
"15:52:46","run","\\tanghaiyong\physicaldisk(2)\current disk queue length","2","0"
"15:52:46","run","\\tanghaiyong\physicaldisk(0 c: d:)\avg. disk queue length","0 c: d:","0.003"
"15:52:46","run","\\tanghaiyong\physicaldisk(1 e: f: g: h:)\avg. disk queue length","1 e: f: g: h:","3.1461"
"15:52:46","run","\\tanghaiyong\physicaldisk(2)\avg. disk queue length","2","0"
"15:52:46","run","\\tanghaiyong\physicaldisk(0 c: d:)\disk read bytes/sec","0 c: d:","130246.2518"
"15:52:46","run","\\tanghaiyong\physicaldisk(1 e: f: g: h:)\disk read bytes/sec","1 e: f: g: h:","15849340.7645"
"15:52:46","run","\\tanghaiyong\physicaldisk(2)\disk read bytes/sec","2","0"
"15:52:46","run","\\tanghaiyong\physicaldisk(0 c: d:)\avg. disk bytes/read","0 c: d:","26214.4"
"15:52:46","run","\\tanghaiyong\physicaldisk(1 e: f: g: h:)\avg. disk bytes/read","1 e: f: g: h:","141148.885"
"15:52:46","run","\\tanghaiyong\physicaldisk(2)\avg. disk bytes/read","2","0"
"15:52:46","run","\\tanghaiyong\physicaldisk(0 c: d:)\disk reads/sec","0 c: d:","4.9685"
"15:52:46","run","\\tanghaiyong\physicaldisk(1 e: f: g: h:)\disk reads/sec","1 e: f: g: h:","112.2881"
"15:52:46","run","\\tanghaiyong\physicaldisk(2)\disk reads/sec","2","0"
"15:52:48","run","\\tanghaiyong\physicaldisk(0 c: d:)\% idle time","0 c: d:","99.9758"
"15:52:48","run","\\tanghaiyong\physicaldisk(1 e: f: g: h:)\% idle time","1 e: f: g: h:","99.9759"
"15:52:48","run","\\tanghaiyong\physicaldisk(2)\% idle time","2","70.8023"
"15:52:48","run","\\tanghaiyong\physicaldisk(0 c: d:)\avg. disk sec/read","0 c: d:","0"
"15:52:48","run","\\tanghaiyong\physicaldisk(1 e: f: g: h:)\avg. disk sec/read","1 e: f: g: h:","0"
"15:52:48","run","\\tanghaiyong\physicaldisk(2)\avg. disk sec/read","2","0.0008"
"15:52:48","run","\\tanghaiyong\physicaldisk(0 c: d:)\avg. disk sec/transfer","0 c: d:","0"
"15:52:48","run","\\tanghaiyong\physicaldisk(1 e: f: g: h:)\avg. disk sec/transfer","1 e: f: g: h:","0"
"15:52:48","run","\\tanghaiyong\physicaldisk(2)\avg. disk sec/transfer","2","0.0008"
"15:52:48","run","\\tanghaiyong\physicaldisk(0 c: d:)\current disk queue length","0 c: d:","0"
"15:52:48","run","\\tanghaiyong\physicaldisk(1 e: f: g: h:)\current disk queue length","1 e: f: g: h:","0"
"15:52:48","run","\\tanghaiyong\physicaldisk(2)\current disk queue length","2","0"
"15:52:48","run","\\tanghaiyong\physicaldisk(0 c: d:)\avg. disk queue length","0 c: d:","0"
"15:52:48","run","\\tanghaiyong\physicaldisk(1 e: f: g: h:)\avg. disk queue length","1 e: f: g: h:","0"
"15:52:48","run","\\tanghaiyong\physicaldisk(2)\avg. disk queue length","2","0.2917"
"15:52:48","run","\\tanghaiyong\physicaldisk(0 c: d:)\disk read bytes/sec","0 c: d:","0"
"15:52:48","run","\\tanghaiyong\physicaldisk(1 e: f: g: h:)\disk read bytes/sec","1 e: f: g: h:","0"
"15:52:48","run","\\tanghaiyong\physicaldisk(2)\disk read bytes/sec","2","460115943.1274"
"15:52:48","run","\\tanghaiyong\physicaldisk(0 c: d:)\avg. disk bytes/read","0 c: d:","0"
"15:52:48","run","\\tanghaiyong\physicaldisk(1 e: f: g: h:)\avg. disk bytes/read","1 e: f: g: h:","0"
"15:52:48","run","\\tanghaiyong\physicaldisk(2)\avg. disk bytes/read","2","1310720"
"15:52:48","run","\\tanghaiyong\physicaldisk(0 c: d:)\disk reads/sec","0 c: d:","0"
"15:52:48","run","\\tanghaiyong\physicaldisk(1 e: f: g: h:)\disk reads/sec","1 e: f: g: h:","0"
"15:52:48","run","\\tanghaiyong\physicaldisk(2)\disk reads/sec","2","351.0406"
"15:52:50","run","\\tanghaiyong\physicaldisk(0 c: d:)\% idle time","0 c: d:","99.7808"
"15:52:50","run","\\tanghaiyong\physicaldisk(1 e: f: g: h:)\% idle time","1 e: f: g: h:","99.9845"
"15:52:50","run","\\tanghaiyong\physicaldisk(2)\% idle time","2","70.3391"
"15:52:50","run","\\tanghaiyong\physicaldisk(0 c: d:)\avg. disk sec/read","0 c: d:","0.0005"
"15:52:50","run","\\tanghaiyong\physicaldisk(1 e: f: g: h:)\avg. disk sec/read","1 e: f: g: h:","0"
"15:52:50","run","\\tanghaiyong\physicaldisk(2)\avg. disk sec/read","2","0.0008"
"15:52:50","run","\\tanghaiyong\physicaldisk(0 c: d:)\avg. disk sec/transfer","0 c: d:","0.0002"
"15:52:50","run","\\tanghaiyong\physicaldisk(1 e: f: g: h:)\avg. disk sec/transfer","1 e: f: g: h:","0"
"15:52:50","run","\\tanghaiyong\physicaldisk(2)\avg. disk sec/transfer","2","0.0008"
"15:52:50","run","\\tanghaiyong\physicaldisk(0 c: d:)\current disk queue length","0 c: d:","0"
"15:52:50","run","\\tanghaiyong\physicaldisk(1 e: f: g: h:)\current disk queue length","1 e: f: g: h:","0"
"15:52:50","run","\\tanghaiyong\physicaldisk(2)\current disk queue length","2","0"
"15:52:50","run","\\tanghaiyong\physicaldisk(0 c: d:)\avg. disk queue length","0 c: d:","0.0027"
"15:52:50","run","\\tanghaiyong\physicaldisk(1 e: f: g: h:)\avg. disk queue length","1 e: f: g: h:","0"
"15:52:50","run","\\tanghaiyong\physicaldisk(2)\avg. disk queue length","2","0.2965"
"15:52:50","run","\\tanghaiyong\physicaldisk(0 c: d:)\disk read bytes/sec","0 c: d:","146893.9836"
"15:52:50","run","\\tanghaiyong\physicaldisk(1 e: f: g: h:)\disk read bytes/sec","1 e: f: g: h:","0"
"15:52:50","run","\\tanghaiyong\physicaldisk(2)\disk read bytes/sec","2","460920677.4879"
"15:52:50","run","\\tanghaiyong\physicaldisk(0 c: d:)\avg. disk bytes/read","0 c: d:","73728"
"15:52:50","run","\\tanghaiyong\physicaldisk(1 e: f: g: h:)\avg. disk bytes/read","1 e: f: g: h:","0"
"15:52:50","run","\\tanghaiyong\physicaldisk(2)\avg. disk bytes/read","2","1310720"
"15:52:50","run","\\tanghaiyong\physicaldisk(0 c: d:)\disk reads/sec","0 c: d:","1.9924"
"15:52:50","run","\\tanghaiyong\physicaldisk(1 e: f: g: h:)\disk reads/sec","1 e: f: g: h:","0"
"15:52:50","run","\\tanghaiyong\physicaldisk(2)\disk reads/sec","2","351.6546"
"15:52:52","run","\\tanghaiyong\physicaldisk(0 c: d:)\% idle time","0 c: d:","98.5955"
"15:52:52","run","\\tanghaiyong\physicaldisk(1 e: f: g: h:)\% idle time","1 e: f: g: h:","1.7673"
"15:52:52","run","\\tanghaiyong\physicaldisk(2)\% idle time","2","68.0505"
"15:52:52","run","\\tanghaiyong\physicaldisk(0 c: d:)\avg. disk sec/read","0 c: d:","0.0002"
"15:52:52","run","\\tanghaiyong\physicaldisk(1 e: f: g: h:)\avg. disk sec/read","1 e: f: g: h:","0.0005"
"15:52:52","run","\\tanghaiyong\physicaldisk(2)\avg. disk sec/read","2","0.0009"
"15:52:52","run","\\tanghaiyong\physicaldisk(0 c: d:)\avg. disk sec/transfer","0 c: d:","0.0002"
"15:52:52","run","\\tanghaiyong\physicaldisk(1 e: f: g: h:)\avg. disk sec/transfer","1 e: f: g: h:","0.0046"
"15:52:52","run","\\tanghaiyong\physicaldisk(2)\avg. disk sec/transfer","2","0.0009"
"15:52:52","run","\\tanghaiyong\physicaldisk(0 c: d:)\current disk queue length","0 c: d:","0"
"15:52:52","run","\\tanghaiyong\physicaldisk(1 e: f: g: h:)\current disk queue length","1 e: f: g: h:","0"
"15:52:52","run","\\tanghaiyong\physicaldisk(2)\current disk queue length","2","0"
"15:52:52","run","\\tanghaiyong\physicaldisk(0 c: d:)\avg. disk queue length","0 c: d:","0.0124"
"15:52:52","run","\\tanghaiyong\physicaldisk(1 e: f: g: h:)\avg. disk queue length","1 e: f: g: h:","0.0276"
"15:52:52","run","\\tanghaiyong\physicaldisk(2)\avg. disk queue length","2","0.3191"
"15:52:52","run","\\tanghaiyong\physicaldisk(0 c: d:)\disk read bytes/sec","0 c: d:","881331.2253"
"15:52:52","run","\\tanghaiyong\physicaldisk(1 e: f: g: h:)\disk read bytes/sec","1 e: f: g: h:","65397.3315"
"15:52:52","run","\\tanghaiyong\physicaldisk(2)\disk read bytes/sec","2","461750121.0433"
"15:52:52","run","\\tanghaiyong\physicaldisk(0 c: d:)\avg. disk bytes/read","0 c: d:","16355.5556"
"15:52:52","run","\\tanghaiyong\physicaldisk(1 e: f: g: h:)\avg. disk bytes/read","1 e: f: g: h:","65536"
"15:52:52","run","\\tanghaiyong\physicaldisk(2)\avg. disk bytes/read","2","1307144.678"
"15:52:52","run","\\tanghaiyong\physicaldisk(0 c: d:)\disk reads/sec","0 c: d:","53.8857"
"15:52:52","run","\\tanghaiyong\physicaldisk(1 e: f: g: h:)\disk reads/sec","1 e: f: g: h:","0.9979"
"15:52:52","run","\\tanghaiyong\physicaldisk(2)\disk reads/sec","2","353.251"
"15:52:54","run","\\tanghaiyong\physicaldisk(0 c: d:)\% idle time","0 c: d:","99.9375"
"15:52:54","run","\\tanghaiyong\physicaldisk(1 e: f: g: h:)\% idle time","1 e: f: g: h:","99.9743"
"15:52:54","run","\\tanghaiyong\physicaldisk(2)\% idle time","2","69.957"
"15:52:54","run","\\tanghaiyong\physicaldisk(0 c: d:)\avg. disk sec/read","0 c: d:","0.0003"
"15:52:54","run","\\tanghaiyong\physicaldisk(1 e: f: g: h:)\avg. disk sec/read","1 e: f: g: h:","0"
"15:52:54","run","\\tanghaiyong\physicaldisk(2)\avg. disk sec/read","2","0.0008"
"15:52:54","run","\\tanghaiyong\physicaldisk(0 c: d:)\avg. disk sec/transfer","0 c: d:","0.0001"
"15:52:54","run","\\tanghaiyong\physicaldisk(1 e: f: g: h:)\avg. disk sec/transfer","1 e: f: g: h:","0"
"15:52:54","run","\\tanghaiyong\physicaldisk(2)\avg. disk sec/transfer","2","0.0008"
"15:52:54","run","\\tanghaiyong\physicaldisk(0 c: d:)\current disk queue length","0 c: d:","0"
"15:52:54","run","\\tanghaiyong\physicaldisk(1 e: f: g: h:)\current disk queue length","1 e: f: g: h:","0"
"15:52:54","run","\\tanghaiyong\physicaldisk(2)\current disk queue length","2","1"
"15:52:54","run","\\tanghaiyong\physicaldisk(0 c: d:)\avg. disk queue length","0 c: d:","0.0004"
"15:52:54","run","\\tanghaiyong\physicaldisk(1 e: f: g: h:)\avg. disk queue length","1 e: f: g: h:","0"
"15:52:54","run","\\tanghaiyong\physicaldisk(2)\avg. disk queue length","2","0.3002"
"15:52:54","run","\\tanghaiyong\physicaldisk(0 c: d:)\disk read bytes/sec","0 c: d:","4092.2163"
"15:52:54","run","\\tanghaiyong\physicaldisk(1 e: f: g: h:)\disk read bytes/sec","1 e: f: g: h:","0"
"15:52:54","run","\\tanghaiyong\physicaldisk(2)\disk read bytes/sec","2","462256757.4021"
"15:52:54","run","\\tanghaiyong\physicaldisk(0 c: d:)\avg. disk bytes/read","0 c: d:","4096"
"15:52:54","run","\\tanghaiyong\physicaldisk(1 e: f: g: h:)\avg. disk bytes/read","1 e: f: g: h:","0"
"15:52:54","run","\\tanghaiyong\physicaldisk(2)\avg. disk bytes/read","2","1303335.662"
"15:52:54","run","\\tanghaiyong\physicaldisk(0 c: d:)\disk reads/sec","0 c: d:","0.9991"
"15:52:54","run","\\tanghaiyong\physicaldisk(1 e: f: g: h:)\disk reads/sec","1 e: f: g: h:","0"
"15:52:54","run","\\tanghaiyong\physicaldisk(2)\disk reads/sec","2","354.6721"
"15:52:56","run","\\tanghaiyong\physicaldisk(0 c: d:)\% idle time","0 c: d:","99.9421"
"15:52:56","run","\\tanghaiyong\physicaldisk(1 e: f: g: h:)\% idle time","1 e: f: g: h:","99.976"
"15:52:56","run","\\tanghaiyong\physicaldisk(2)\% idle time","2","68.5182"
"15:52:56","run","\\tanghaiyong\physicaldisk(0 c: d:)\avg. disk sec/read","0 c: d:","0.0002"
"15:52:56","run","\\tanghaiyong\physicaldisk(1 e: f: g: h:)\avg. disk sec/read","1 e: f: g: h:","0"
"15:52:56","run","\\tanghaiyong\physicaldisk(2)\avg. disk sec/read","2","0.0009"
"15:52:56","run","\\tanghaiyong\physicaldisk(0 c: d:)\avg. disk sec/transfer","0 c: d:","0.0001"
"15:52:56","run","\\tanghaiyong\physicaldisk(1 e: f: g: h:)\avg. disk sec/transfer","1 e: f: g: h:","0"
"15:52:56","run","\\tanghaiyong\physicaldisk(2)\avg. disk sec/transfer","2","0.0009"
"15:52:56","run","\\tanghaiyong\physicaldisk(0 c: d:)\current disk queue length","0 c: d:","0"
"15:52:56","run","\\tanghaiyong\physicaldisk(1 e: f: g: h:)\current disk queue length","1 e: f: g: h:","0"
"15:52:56","run","\\tanghaiyong\physicaldisk(2)\current disk queue length","2","0"
"15:52:56","run","\\tanghaiyong\physicaldisk(0 c: d:)\avg. disk queue length","0 c: d:","0.0003"
"15:52:56","run","\\tanghaiyong\physicaldisk(1 e: f: g: h:)\avg. disk queue length","1 e: f: g: h:","0"
"15:52:56","run","\\tanghaiyong\physicaldisk(2)\avg. disk queue length","2","0.3154"
"15:52:56","run","\\tanghaiyong\physicaldisk(0 c: d:)\disk read bytes/sec","0 c: d:","8169.5794"
"15:52:56","run","\\tanghaiyong\physicaldisk(1 e: f: g: h:)\disk read bytes/sec","1 e: f: g: h:","0"
"15:52:56","run","\\tanghaiyong\physicaldisk(2)\disk read bytes/sec","2","465339242.9816"
"15:52:56","run","\\tanghaiyong\physicaldisk(0 c: d:)\avg. disk bytes/read","0 c: d:","8192"
"15:52:56","run","\\tanghaiyong\physicaldisk(1 e: f: g: h:)\avg. disk bytes/read","1 e: f: g: h:","0"
"15:52:56","run","\\tanghaiyong\physicaldisk(2)\avg. disk bytes/read","2","1307048.5154"
"15:52:56","run","\\tanghaiyong\physicaldisk(0 c: d:)\disk reads/sec","0 c: d:","0.9973"
"15:52:56","run","\\tanghaiyong\physicaldisk(1 e: f: g: h:)\disk reads/sec","1 e: f: g: h:","0"
"15:52:56","run","\\tanghaiyong\physicaldisk(2)\disk reads/sec","2","356.0229"
"15:52:58","run","\\tanghaiyong\physicaldisk(0 c: d:)\% idle time","0 c: d:","99.9224"
"15:52:58","run","\\tanghaiyong\physicaldisk(1 e: f: g: h:)\% idle time","1 e: f: g: h:","86.7173"
"15:52:58","run","\\tanghaiyong\physicaldisk(2)\% idle time","2","49.4064"
"15:52:58","run","\\tanghaiyong\physicaldisk(0 c: d:)\avg. disk sec/read","0 c: d:","0.0003"
"15:52:58","run","\\tanghaiyong\physicaldisk(1 e: f: g: h:)\avg. disk sec/read","1 e: f: g: h:","0.2318"
"15:52:58","run","\\tanghaiyong\physicaldisk(2)\avg. disk sec/read","2","0.0001"
"15:52:58","run","\\tanghaiyong\physicaldisk(0 c: d:)\avg. disk sec/transfer","0 c: d:","0.0001"
"15:52:58","run","\\tanghaiyong\physicaldisk(1 e: f: g: h:)\avg. disk sec/transfer","1 e: f: g: h:","0.0633"
"15:52:58","run","\\tanghaiyong\physicaldisk(2)\avg. disk sec/transfer","2","0.0001"
"15:52:58","run","\\tanghaiyong\physicaldisk(0 c: d:)\current disk queue length","0 c: d:","0"
"15:52:58","run","\\tanghaiyong\physicaldisk(1 e: f: g: h:)\current disk queue length","1 e: f: g: h:","0"
"15:52:58","run","\\tanghaiyong\physicaldisk(2)\current disk queue length","2","0"
"15:52:58","run","\\tanghaiyong\physicaldisk(0 c: d:)\avg. disk queue length","0 c: d:","0.0007"
"15:52:58","run","\\tanghaiyong\physicaldisk(1 e: f: g: h:)\avg. disk queue length","1 e: f: g: h:","0.7555"
"15:52:58","run","\\tanghaiyong\physicaldisk(2)\avg. disk queue length","2","0.5058"
"15:52:58","run","\\tanghaiyong\physicaldisk(0 c: d:)\disk read bytes/sec","0 c: d:","16286.7777"
"15:52:58","run","\\tanghaiyong\physicaldisk(1 e: f: g: h:)\disk read bytes/sec","1 e: f: g: h:","16286.7777"
"15:52:58","run","\\tanghaiyong\physicaldisk(2)\disk read bytes/sec","2","14116564.5794"
"15:52:58","run","\\tanghaiyong\physicaldisk(0 c: d:)\avg. disk bytes/read","0 c: d:","16384"
"15:52:58","run","\\tanghaiyong\physicaldisk(1 e: f: g: h:)\avg. disk bytes/read","1 e: f: g: h:","16384"
"15:52:58","run","\\tanghaiyong\physicaldisk(2)\avg. disk bytes/read","2","4096"
"15:52:58","run","\\tanghaiyong\physicaldisk(0 c: d:)\disk reads/sec","0 c: d:","0.9941"
"15:52:58","run","\\tanghaiyong\physicaldisk(1 e: f: g: h:)\disk reads/sec","1 e: f: g: h:","0.9941"
"15:52:58","run","\\tanghaiyong\physicaldisk(2)\disk reads/sec","2","3446.4269"
"15:53:00","run","\\tanghaiyong\physicaldisk(0 c: d:)\% idle time","0 c: d:","99.9862"
"15:53:00","run","\\tanghaiyong\physicaldisk(1 e: f: g: h:)\% idle time","1 e: f: g: h:","99.9932"
"15:53:00","run","\\tanghaiyong\physicaldisk(2)\% idle time","2","83.7625"
"15:53:00","run","\\tanghaiyong\physicaldisk(0 c: d:)\avg. disk sec/read","0 c: d:","0"
"15:53:00","run","\\tanghaiyong\physicaldisk(1 e: f: g: h:)\avg. disk sec/read","1 e: f: g: h:","0"
"15:53:00","run","\\tanghaiyong\physicaldisk(2)\avg. disk sec/read","2","0.0296"
"15:53:00","run","\\tanghaiyong\physicaldisk(0 c: d:)\avg. disk sec/transfer","0 c: d:","0.0001"
"15:53:00","run","\\tanghaiyong\physicaldisk(1 e: f: g: h:)\avg. disk sec/transfer","1 e: f: g: h:","0"
"15:53:00","run","\\tanghaiyong\physicaldisk(2)\avg. disk sec/transfer","2","0.0296"
"15:53:00","run","\\tanghaiyong\physicaldisk(0 c: d:)\current disk queue length","0 c: d:","0"
"15:53:00","run","\\tanghaiyong\physicaldisk(1 e: f: g: h:)\current disk queue length","1 e: f: g: h:","0"
"15:53:00","run","\\tanghaiyong\physicaldisk(2)\current disk queue length","2","58"
"15:53:00","run","\\tanghaiyong\physicaldisk(0 c: d:)\avg. disk queue length","0 c: d:","0.0001"
"15:53:00","run","\\tanghaiyong\physicaldisk(1 e: f: g: h:)\avg. disk queue length","1 e: f: g: h:","0"
"15:53:00","run","\\tanghaiyong\physicaldisk(2)\avg. disk queue length","2","5.7188"
"15:53:00","run","\\tanghaiyong\physicaldisk(0 c: d:)\disk read bytes/sec","0 c: d:","0"
"15:53:00","run","\\tanghaiyong\physicaldisk(1 e: f: g: h:)\disk read bytes/sec","1 e: f: g: h:","0"
"15:53:00","run","\\tanghaiyong\physicaldisk(2)\disk read bytes/sec","2","250185616.8645"
"15:53:00","run","\\tanghaiyong\physicaldisk(0 c: d:)\avg. disk bytes/read","0 c: d:","0"
"15:53:00","run","\\tanghaiyong\physicaldisk(1 e: f: g: h:)\avg. disk bytes/read","1 e: f: g: h:","0"
"15:53:00","run","\\tanghaiyong\physicaldisk(2)\avg. disk bytes/read","2","1293174.7629"
"15:53:00","run","\\tanghaiyong\physicaldisk(0 c: d:)\disk reads/sec","0 c: d:","0"
"15:53:00","run","\\tanghaiyong\physicaldisk(1 e: f: g: h:)\disk reads/sec","1 e: f: g: h:","0"
"15:53:00","run","\\tanghaiyong\physicaldisk(2)\disk reads/sec","2","193.4662"
"15:53:02","run","\\tanghaiyong\physicaldisk(0 c: d:)\% idle time","0 c: d:","99.7972"
"15:53:02","run","\\tanghaiyong\physicaldisk(1 e: f: g: h:)\% idle time","1 e: f: g: h:","99.9579"
"15:53:02","run","\\tanghaiyong\physicaldisk(2)\% idle time","2","14.7571"
"15:53:02","run","\\tanghaiyong\physicaldisk(0 c: d:)\avg. disk sec/read","0 c: d:","0.0001"
"15:53:02","run","\\tanghaiyong\physicaldisk(1 e: f: g: h:)\avg. disk sec/read","1 e: f: g: h:","0"
"15:53:02","run","\\tanghaiyong\physicaldisk(2)\avg. disk sec/read","2","0.3035"
"15:53:02","run","\\tanghaiyong\physicaldisk(0 c: d:)\avg. disk sec/transfer","0 c: d:","0.0001"
"15:53:02","run","\\tanghaiyong\physicaldisk(1 e: f: g: h:)\avg. disk sec/transfer","1 e: f: g: h:","0"
"15:53:02","run","\\tanghaiyong\physicaldisk(2)\avg. disk sec/transfer","2","0.3033"
"15:53:02","run","\\tanghaiyong\physicaldisk(0 c: d:)\current disk queue length","0 c: d:","0"
"15:53:02","run","\\tanghaiyong\physicaldisk(1 e: f: g: h:)\current disk queue length","1 e: f: g: h:","0"
"15:53:02","run","\\tanghaiyong\physicaldisk(2)\current disk queue length","2","103"
"15:53:02","run","\\tanghaiyong\physicaldisk(0 c: d:)\avg. disk queue length","0 c: d:","0.0008"
"15:53:02","run","\\tanghaiyong\physicaldisk(1 e: f: g: h:)\avg. disk queue length","1 e: f: g: h:","0"
"15:53:02","run","\\tanghaiyong\physicaldisk(2)\avg. disk queue length","2","338.5294"
"15:53:02","run","\\tanghaiyong\physicaldisk(0 c: d:)\disk read bytes/sec","0 c: d:","5087.2321"
"15:53:02","run","\\tanghaiyong\physicaldisk(1 e: f: g: h:)\disk read bytes/sec","1 e: f: g: h:","0"
"15:53:02","run","\\tanghaiyong\physicaldisk(2)\disk read bytes/sec","2","1461472252.9245"
"15:53:02","run","\\tanghaiyong\physicaldisk(0 c: d:)\avg. disk bytes/read","0 c: d:","1706.6667"
"15:53:02","run","\\tanghaiyong\physicaldisk(1 e: f: g: h:)\avg. disk bytes/read","1 e: f: g: h:","0"
"15:53:02","run","\\tanghaiyong\physicaldisk(2)\avg. disk bytes/read","2","1309782.6251"
"15:53:02","run","\\tanghaiyong\physicaldisk(0 c: d:)\disk reads/sec","0 c: d:","2.9808"
"15:53:02","run","\\tanghaiyong\physicaldisk(1 e: f: g: h:)\disk reads/sec","1 e: f: g: h:","0"
"15:53:02","run","\\tanghaiyong\physicaldisk(2)\disk reads/sec","2","1115.8128"
"15:53:04","run","\\tanghaiyong\physicaldisk(0 c: d:)\% idle time","0 c: d:","97.5833"
"15:53:04","run","\\tanghaiyong\physicaldisk(1 e: f: g: h:)\% idle time","1 e: f: g: h:","99.9582"
"15:53:04","run","\\tanghaiyong\physicaldisk(2)\% idle time","2","59.3262"
"15:53:04","run","\\tanghaiyong\physicaldisk(0 c: d:)\avg. disk sec/read","0 c: d:","0.0003"
"15:53:04","run","\\tanghaiyong\physicaldisk(1 e: f: g: h:)\avg. disk sec/read","1 e: f: g: h:","0"
"15:53:04","run","\\tanghaiyong\physicaldisk(2)\avg. disk sec/read","2","0.1216"
"15:53:04","run","\\tanghaiyong\physicaldisk(0 c: d:)\avg. disk sec/transfer","0 c: d:","0.0001"
"15:53:04","run","\\tanghaiyong\physicaldisk(1 e: f: g: h:)\avg. disk sec/transfer","1 e: f: g: h:","0"
"15:53:04","run","\\tanghaiyong\physicaldisk(2)\avg. disk sec/transfer","2","0.1216"
"15:53:04","run","\\tanghaiyong\physicaldisk(0 c: d:)\current disk queue length","0 c: d:","0"
"15:53:04","run","\\tanghaiyong\physicaldisk(1 e: f: g: h:)\current disk queue length","1 e: f: g: h:","0"
"15:53:04","run","\\tanghaiyong\physicaldisk(2)\current disk queue length","2","0"
"15:53:04","run","\\tanghaiyong\physicaldisk(0 c: d:)\avg. disk queue length","0 c: d:","0.0233"
"15:53:04","run","\\tanghaiyong\physicaldisk(1 e: f: g: h:)\avg. disk queue length","1 e: f: g: h:","0"
"15:53:04","run","\\tanghaiyong\physicaldisk(2)\avg. disk queue length","2","67.168"
"15:53:04","run","\\tanghaiyong\physicaldisk(0 c: d:)\disk read bytes/sec","0 c: d:","668626.7285"
"15:53:04","run","\\tanghaiyong\physicaldisk(1 e: f: g: h:)\disk read bytes/sec","1 e: f: g: h:","0"
"15:53:04","run","\\tanghaiyong\physicaldisk(2)\disk read bytes/sec","2","717028780.4199"
"15:53:04","run","\\tanghaiyong\physicaldisk(0 c: d:)\avg. disk bytes/read","0 c: d:","16384"
"15:53:04","run","\\tanghaiyong\physicaldisk(1 e: f: g: h:)\avg. disk bytes/read","1 e: f: g: h:","0"
"15:53:04","run","\\tanghaiyong\physicaldisk(2)\avg. disk bytes/read","2","1297967.0486"
"15:53:04","run","\\tanghaiyong\physicaldisk(0 c: d:)\disk reads/sec","0 c: d:","40.8097"
"15:53:04","run","\\tanghaiyong\physicaldisk(1 e: f: g: h:)\disk reads/sec","1 e: f: g: h:","0"
"15:53:04","run","\\tanghaiyong\physicaldisk(2)\disk reads/sec","2","552.4245"
"15:53:06","run","\\tanghaiyong\physicaldisk(0 c: d:)\% idle time","0 c: d:","99.9595"
"15:53:06","run","\\tanghaiyong\physicaldisk(1 e: f: g: h:)\% idle time","1 e: f: g: h:","99.9826"
"15:53:06","run","\\tanghaiyong\physicaldisk(2)\% idle time","2","41.7964"
"15:53:06","run","\\tanghaiyong\physicaldisk(0 c: d:)\avg. disk sec/read","0 c: d:","0"
"15:53:06","run","\\tanghaiyong\physicaldisk(1 e: f: g: h:)\avg. disk sec/read","1 e: f: g: h:","0"
"15:53:06","run","\\tanghaiyong\physicaldisk(2)\avg. disk sec/read","2","0.0433"
"15:53:06","run","\\tanghaiyong\physicaldisk(0 c: d:)\avg. disk sec/transfer","0 c: d:","0.0001"
"15:53:06","run","\\tanghaiyong\physicaldisk(1 e: f: g: h:)\avg. disk sec/transfer","1 e: f: g: h:","0"
"15:53:06","run","\\tanghaiyong\physicaldisk(2)\avg. disk sec/transfer","2","0.0433"
"15:53:06","run","\\tanghaiyong\physicaldisk(0 c: d:)\current disk queue length","0 c: d:","0"
"15:53:06","run","\\tanghaiyong\physicaldisk(1 e: f: g: h:)\current disk queue length","1 e: f: g: h:","0"
"15:53:06","run","\\tanghaiyong\physicaldisk(2)\current disk queue length","2","0"
"15:53:06","run","\\tanghaiyong\physicaldisk(0 c: d:)\avg. disk queue length","0 c: d:","0.0002"
"15:53:06","run","\\tanghaiyong\physicaldisk(1 e: f: g: h:)\avg. disk queue length","1 e: f: g: h:","0"
"15:53:06","run","\\tanghaiyong\physicaldisk(2)\avg. disk queue length","2","34.2961"
"15:53:06","run","\\tanghaiyong\physicaldisk(0 c: d:)\disk read bytes/sec","0 c: d:","0"
"15:53:06","run","\\tanghaiyong\physicaldisk(1 e: f: g: h:)\disk read bytes/sec","1 e: f: g: h:","0"
"15:53:06","run","\\tanghaiyong\physicaldisk(2)\disk read bytes/sec","2","1006378950.6948"
"15:53:06","run","\\tanghaiyong\physicaldisk(0 c: d:)\avg. disk bytes/read","0 c: d:","0"
"15:53:06","run","\\tanghaiyong\physicaldisk(1 e: f: g: h:)\avg. disk bytes/read","1 e: f: g: h:","0"
"15:53:06","run","\\tanghaiyong\physicaldisk(2)\avg. disk bytes/read","2","1270657.6121"
"15:53:06","run","\\tanghaiyong\physicaldisk(0 c: d:)\disk reads/sec","0 c: d:","0"
"15:53:06","run","\\tanghaiyong\physicaldisk(1 e: f: g: h:)\disk reads/sec","1 e: f: g: h:","0"
"15:53:06","run","\\tanghaiyong\physicaldisk(2)\disk reads/sec","2","792.0143"
"15:53:08","run","\\tanghaiyong\physicaldisk(0 c: d:)\% idle time","0 c: d:","99.9479"
"15:53:08","run","\\tanghaiyong\physicaldisk(1 e: f: g: h:)\% idle time","1 e: f: g: h:","99.6394"
"15:53:08","run","\\tanghaiyong\physicaldisk(2)\% idle time","2","45.8687"
"15:53:08","run","\\tanghaiyong\physicaldisk(0 c: d:)\avg. disk sec/read","0 c: d:","0"
"15:53:08","run","\\tanghaiyong\physicaldisk(1 e: f: g: h:)\avg. disk sec/read","1 e: f: g: h:","0"
"15:53:08","run","\\tanghaiyong\physicaldisk(2)\avg. disk sec/read","2","0.0485"
"15:53:08","run","\\tanghaiyong\physicaldisk(0 c: d:)\avg. disk sec/transfer","0 c: d:","0.0001"
"15:53:08","run","\\tanghaiyong\physicaldisk(1 e: f: g: h:)\avg. disk sec/transfer","1 e: f: g: h:","0.0015"
"15:53:08","run","\\tanghaiyong\physicaldisk(2)\avg. disk sec/transfer","2","0.0485"
"15:53:08","run","\\tanghaiyong\physicaldisk(0 c: d:)\current disk queue length","0 c: d:","0"
"15:53:08","run","\\tanghaiyong\physicaldisk(1 e: f: g: h:)\current disk queue length","1 e: f: g: h:","0"
"15:53:08","run","\\tanghaiyong\physicaldisk(2)\current disk queue length","2","0"
"15:53:08","run","\\tanghaiyong\physicaldisk(0 c: d:)\avg. disk queue length","0 c: d:","0.0002"
"15:53:08","run","\\tanghaiyong\physicaldisk(1 e: f: g: h:)\avg. disk queue length","1 e: f: g: h:","0.0169"
"15:53:08","run","\\tanghaiyong\physicaldisk(2)\avg. disk queue length","2","34.7594"
"15:53:08","run","\\tanghaiyong\physicaldisk(0 c: d:)\disk read bytes/sec","0 c: d:","0"
"15:53:08","run","\\tanghaiyong\physicaldisk(1 e: f: g: h:)\disk read bytes/sec","1 e: f: g: h:","0"
"15:53:08","run","\\tanghaiyong\physicaldisk(2)\disk read bytes/sec","2","923303485.6021"
"15:53:08","run","\\tanghaiyong\physicaldisk(0 c: d:)\avg. disk bytes/read","0 c: d:","0"
"15:53:08","run","\\tanghaiyong\physicaldisk(1 e: f: g: h:)\avg. disk bytes/read","1 e: f: g: h:","0"
"15:53:08","run","\\tanghaiyong\physicaldisk(2)\avg. disk bytes/read","2","1286559.2889"
"15:53:08","run","\\tanghaiyong\physicaldisk(0 c: d:)\disk reads/sec","0 c: d:","0"
"15:53:08","run","\\tanghaiyong\physicaldisk(1 e: f: g: h:)\disk reads/sec","1 e: f: g: h:","0"
"15:53:08","run","\\tanghaiyong\physicaldisk(2)\disk reads/sec","2","717.6533"
"15:53:10","run","\\tanghaiyong\physicaldisk(0 c: d:)\% idle time","0 c: d:","99.9559"
"15:53:10","run","\\tanghaiyong\physicaldisk(1 e: f: g: h:)\% idle time","1 e: f: g: h:","97.2732"
"15:53:10","run","\\tanghaiyong\physicaldisk(2)\% idle time","2","46.4009"
"15:53:10","run","\\tanghaiyong\physicaldisk(0 c: d:)\avg. disk sec/read","0 c: d:","0"
"15:53:10","run","\\tanghaiyong\physicaldisk(1 e: f: g: h:)\avg. disk sec/read","1 e: f: g: h:","0.0004"
"15:53:10","run","\\tanghaiyong\physicaldisk(2)\avg. disk sec/read","2","0.0513"
"15:53:10","run","\\tanghaiyong\physicaldisk(0 c: d:)\avg. disk sec/transfer","0 c: d:","0.0001"
"15:53:10","run","\\tanghaiyong\physicaldisk(1 e: f: g: h:)\avg. disk sec/transfer","1 e: f: g: h:","0.0003"
"15:53:10","run","\\tanghaiyong\physicaldisk(2)\avg. disk sec/transfer","2","0.0513"
"15:53:10","run","\\tanghaiyong\physicaldisk(0 c: d:)\current disk queue length","0 c: d:","0"
"15:53:10","run","\\tanghaiyong\physicaldisk(1 e: f: g: h:)\current disk queue length","1 e: f: g: h:","0"
"15:53:10","run","\\tanghaiyong\physicaldisk(2)\current disk queue length","2","152"
"15:53:10","run","\\tanghaiyong\physicaldisk(0 c: d:)\avg. disk queue length","0 c: d:","0.0001"
"15:53:10","run","\\tanghaiyong\physicaldisk(1 e: f: g: h:)\avg. disk queue length","1 e: f: g: h:","0.0024"
"15:53:10","run","\\tanghaiyong\physicaldisk(2)\avg. disk queue length","2","35.8776"
"15:53:10","run","\\tanghaiyong\physicaldisk(0 c: d:)\disk read bytes/sec","0 c: d:","0"
"15:53:10","run","\\tanghaiyong\physicaldisk(1 e: f: g: h:)\disk read bytes/sec","1 e: f: g: h:","16342.7525"
"15:53:10","run","\\tanghaiyong\physicaldisk(2)\disk read bytes/sec","2","900457064.4151"
"15:53:10","run","\\tanghaiyong\physicaldisk(0 c: d:)\avg. disk bytes/read","0 c: d:","0"
"15:53:10","run","\\tanghaiyong\physicaldisk(1 e: f: g: h:)\avg. disk bytes/read","1 e: f: g: h:","16384"
"15:53:10","run","\\tanghaiyong\physicaldisk(2)\avg. disk bytes/read","2","1287774.2197"
"15:53:10","run","\\tanghaiyong\physicaldisk(0 c: d:)\disk reads/sec","0 c: d:","0"
"15:53:10","run","\\tanghaiyong\physicaldisk(1 e: f: g: h:)\disk reads/sec","1 e: f: g: h:","0.9975"
"15:53:10","run","\\tanghaiyong\physicaldisk(2)\disk reads/sec","2","699.2352"
"15:53:12","run","\\tanghaiyong\physicaldisk(0 c: d:)\% idle time","0 c: d:","99.8868"
"15:53:12","run","\\tanghaiyong\physicaldisk(1 e: f: g: h:)\% idle time","1 e: f: g: h:","99.5473"
"15:53:12","run","\\tanghaiyong\physicaldisk(2)\% idle time","2","37.3911"
"15:53:12","run","\\tanghaiyong\physicaldisk(0 c: d:)\avg. disk sec/read","0 c: d:","0.0001"
"15:53:12","run","\\tanghaiyong\physicaldisk(1 e: f: g: h:)\avg. disk sec/read","1 e: f: g: h:","0"
"15:53:12","run","\\tanghaiyong\physicaldisk(2)\avg. disk sec/read","2","0.0783"
"15:53:12","run","\\tanghaiyong\physicaldisk(0 c: d:)\avg. disk sec/transfer","0 c: d:","0.0001"
"15:53:12","run","\\tanghaiyong\physicaldisk(1 e: f: g: h:)\avg. disk sec/transfer","1 e: f: g: h:","0.0014"
"15:53:12","run","\\tanghaiyong\physicaldisk(2)\avg. disk sec/transfer","2","0.0783"
"15:53:12","run","\\tanghaiyong\physicaldisk(0 c: d:)\current disk queue length","0 c: d:","0"
"15:53:12","run","\\tanghaiyong\physicaldisk(1 e: f: g: h:)\current disk queue length","1 e: f: g: h:","0"
"15:53:12","run","\\tanghaiyong\physicaldisk(2)\current disk queue length","2","58"
"15:53:12","run","\\tanghaiyong\physicaldisk(0 c: d:)\avg. disk queue length","0 c: d:","0.0007"
"15:53:12","run","\\tanghaiyong\physicaldisk(1 e: f: g: h:)\avg. disk queue length","1 e: f: g: h:","0.03"
"15:53:12","run","\\tanghaiyong\physicaldisk(2)\avg. disk queue length","2","60.8739"
"15:53:12","run","\\tanghaiyong\physicaldisk(0 c: d:)\disk read bytes/sec","0 c: d:","5098.9312"
"15:53:12","run","\\tanghaiyong\physicaldisk(1 e: f: g: h:)\disk read bytes/sec","1 e: f: g: h:","0"
"15:53:12","run","\\tanghaiyong\physicaldisk(2)\disk read bytes/sec","2","1002131703.7999"
"15:53:12","run","\\tanghaiyong\physicaldisk(0 c: d:)\avg. disk bytes/read","0 c: d:","1706.6667"
"15:53:12","run","\\tanghaiyong\physicaldisk(1 e: f: g: h:)\avg. disk bytes/read","1 e: f: g: h:","0"
"15:53:12","run","\\tanghaiyong\physicaldisk(2)\avg. disk bytes/read","2","1288441.1165"
"15:53:12","run","\\tanghaiyong\physicaldisk(0 c: d:)\disk reads/sec","0 c: d:","2.9877"
"15:53:12","run","\\tanghaiyong\physicaldisk(1 e: f: g: h:)\disk reads/sec","1 e: f: g: h:","0"
"15:53:12","run","\\tanghaiyong\physicaldisk(2)\disk reads/sec","2","777.7862"
"15:53:14","run","\\tanghaiyong\physicaldisk(0 c: d:)\% idle time","0 c: d:","99.9753"
"15:53:14","run","\\tanghaiyong\physicaldisk(1 e: f: g: h:)\% idle time","1 e: f: g: h:","99.9833"
"15:53:14","run","\\tanghaiyong\physicaldisk(2)\% idle time","2","52.9898"
"15:53:14","run","\\tanghaiyong\physicaldisk(0 c: d:)\avg. disk sec/read","0 c: d:","0"
"15:53:14","run","\\tanghaiyong\physicaldisk(1 e: f: g: h:)\avg. disk sec/read","1 e: f: g: h:","0"
"15:53:14","run","\\tanghaiyong\physicaldisk(2)\avg. disk sec/read","2","0.0686"
"15:53:14","run","\\tanghaiyong\physicaldisk(0 c: d:)\avg. disk sec/transfer","0 c: d:","0.0001"
"15:53:14","run","\\tanghaiyong\physicaldisk(1 e: f: g: h:)\avg. disk sec/transfer","1 e: f: g: h:","0"
"15:53:14","run","\\tanghaiyong\physicaldisk(2)\avg. disk sec/transfer","2","0.0686"
"15:53:14","run","\\tanghaiyong\physicaldisk(0 c: d:)\current disk queue length","0 c: d:","0"
"15:53:14","run","\\tanghaiyong\physicaldisk(1 e: f: g: h:)\current disk queue length","1 e: f: g: h:","0"
"15:53:14","run","\\tanghaiyong\physicaldisk(2)\current disk queue length","2","233"
"15:53:14","run","\\tanghaiyong\physicaldisk(0 c: d:)\avg. disk queue length","0 c: d:","0.0001"
"15:53:14","run","\\tanghaiyong\physicaldisk(1 e: f: g: h:)\avg. disk queue length","1 e: f: g: h:","0"
"15:53:14","run","\\tanghaiyong\physicaldisk(2)\avg. disk queue length","2","42.0287"
"15:53:14","run","\\tanghaiyong\physicaldisk(0 c: d:)\disk read bytes/sec","0 c: d:","0"
"15:53:14","run","\\tanghaiyong\physicaldisk(1 e: f: g: h:)\disk read bytes/sec","1 e: f: g: h:","0"
"15:53:14","run","\\tanghaiyong\physicaldisk(2)\disk read bytes/sec","2","787891151.0368"
"15:53:14","run","\\tanghaiyong\physicaldisk(0 c: d:)\avg. disk bytes/read","0 c: d:","0"
"15:53:14","run","\\tanghaiyong\physicaldisk(1 e: f: g: h:)\avg. disk bytes/read","1 e: f: g: h:","0"
"15:53:14","run","\\tanghaiyong\physicaldisk(2)\avg. disk bytes/read","2","1284991.7919"
"15:53:14","run","\\tanghaiyong\physicaldisk(0 c: d:)\disk reads/sec","0 c: d:","0"
"15:53:14","run","\\tanghaiyong\physicaldisk(1 e: f: g: h:)\disk reads/sec","1 e: f: g: h:","0"
"15:53:14","run","\\tanghaiyong\physicaldisk(2)\disk reads/sec","2","613.1488"
"15:53:16","run","\\tanghaiyong\physicaldisk(0 c: d:)\% idle time","0 c: d:","99.919"
"15:53:16","run","\\tanghaiyong\physicaldisk(1 e: f: g: h:)\% idle time","1 e: f: g: h:","99.9841"
"15:53:16","run","\\tanghaiyong\physicaldisk(2)\% idle time","2","36.7133"
"15:53:16","run","\\tanghaiyong\physicaldisk(0 c: d:)\avg. disk sec/read","0 c: d:","0.0003"
"15:53:16","run","\\tanghaiyong\physicaldisk(1 e: f: g: h:)\avg. disk sec/read","1 e: f: g: h:","0"
"15:53:16","run","\\tanghaiyong\physicaldisk(2)\avg. disk sec/read","2","0.0899"
"15:53:16","run","\\tanghaiyong\physicaldisk(0 c: d:)\avg. disk sec/transfer","0 c: d:","0.0001"
"15:53:16","run","\\tanghaiyong\physicaldisk(1 e: f: g: h:)\avg. disk sec/transfer","1 e: f: g: h:","0"
"15:53:16","run","\\tanghaiyong\physicaldisk(2)\avg. disk sec/transfer","2","0.0899"
"15:53:16","run","\\tanghaiyong\physicaldisk(0 c: d:)\current disk queue length","0 c: d:","0"
"15:53:16","run","\\tanghaiyong\physicaldisk(1 e: f: g: h:)\current disk queue length","1 e: f: g: h:","0"
"15:53:16","run","\\tanghaiyong\physicaldisk(2)\current disk queue length","2","0"
"15:53:16","run","\\tanghaiyong\physicaldisk(0 c: d:)\avg. disk queue length","0 c: d:","0.0006"
"15:53:16","run","\\tanghaiyong\physicaldisk(1 e: f: g: h:)\avg. disk queue length","1 e: f: g: h:","0"
"15:53:16","run","\\tanghaiyong\physicaldisk(2)\avg. disk queue length","2","75.7771"
"15:53:16","run","\\tanghaiyong\physicaldisk(0 c: d:)\disk read bytes/sec","0 c: d:","16325.548"
"15:53:16","run","\\tanghaiyong\physicaldisk(1 e: f: g: h:)\disk read bytes/sec","1 e: f: g: h:","0"
"15:53:16","run","\\tanghaiyong\physicaldisk(2)\disk read bytes/sec","2","1065115484.5192"
"15:53:16","run","\\tanghaiyong\physicaldisk(0 c: d:)\avg. disk bytes/read","0 c: d:","16384"
"15:53:16","run","\\tanghaiyong\physicaldisk(1 e: f: g: h:)\avg. disk bytes/read","1 e: f: g: h:","0"
"15:53:16","run","\\tanghaiyong\physicaldisk(2)\avg. disk bytes/read","2","1263509.4846"
"15:53:16","run","\\tanghaiyong\physicaldisk(0 c: d:)\disk reads/sec","0 c: d:","0.9964"
"15:53:16","run","\\tanghaiyong\physicaldisk(1 e: f: g: h:)\disk reads/sec","1 e: f: g: h:","0"
"15:53:16","run","\\tanghaiyong\physicaldisk(2)\disk reads/sec","2","842.9818"
"15:53:18","run","\\tanghaiyong\physicaldisk(0 c: d:)\% idle time","0 c: d:","99.9832"
"15:53:18","run","\\tanghaiyong\physicaldisk(1 e: f: g: h:)\% idle time","1 e: f: g: h:","99.9834"
"15:53:18","run","\\tanghaiyong\physicaldisk(2)\% idle time","2","46.683"
"15:53:18","run","\\tanghaiyong\physicaldisk(0 c: d:)\avg. disk sec/read","0 c: d:","0"
"15:53:18","run","\\tanghaiyong\physicaldisk(1 e: f: g: h:)\avg. disk sec/read","1 e: f: g: h:","0"
"15:53:18","run","\\tanghaiyong\physicaldisk(2)\avg. disk sec/read","2","0.1039"
"15:53:18","run","\\tanghaiyong\physicaldisk(0 c: d:)\avg. disk sec/transfer","0 c: d:","0"
"15:53:18","run","\\tanghaiyong\physicaldisk(1 e: f: g: h:)\avg. disk sec/transfer","1 e: f: g: h:","0"
"15:53:18","run","\\tanghaiyong\physicaldisk(2)\avg. disk sec/transfer","2","0.1039"
"15:53:18","run","\\tanghaiyong\physicaldisk(0 c: d:)\current disk queue length","0 c: d:","0"
"15:53:18","run","\\tanghaiyong\physicaldisk(1 e: f: g: h:)\current disk queue length","1 e: f: g: h:","0"
"15:53:18","run","\\tanghaiyong\physicaldisk(2)\current disk queue length","2","0"
"15:53:18","run","\\tanghaiyong\physicaldisk(0 c: d:)\avg. disk queue length","0 c: d:","0"
"15:53:18","run","\\tanghaiyong\physicaldisk(1 e: f: g: h:)\avg. disk queue length","1 e: f: g: h:","0"
"15:53:18","run","\\tanghaiyong\physicaldisk(2)\avg. disk queue length","2","74.291"
"15:53:18","run","\\tanghaiyong\physicaldisk(0 c: d:)\disk read bytes/sec","0 c: d:","0"
"15:53:18","run","\\tanghaiyong\physicaldisk(1 e: f: g: h:)\disk read bytes/sec","1 e: f: g: h:","0"
"15:53:18","run","\\tanghaiyong\physicaldisk(2)\disk read bytes/sec","2","921624522.6708"
"15:53:18","run","\\tanghaiyong\physicaldisk(0 c: d:)\avg. disk bytes/read","0 c: d:","0"
"15:53:18","run","\\tanghaiyong\physicaldisk(1 e: f: g: h:)\avg. disk bytes/read","1 e: f: g: h:","0"
"15:53:18","run","\\tanghaiyong\physicaldisk(2)\avg. disk bytes/read","2","1288348.662"
"15:53:18","run","\\tanghaiyong\physicaldisk(0 c: d:)\disk reads/sec","0 c: d:","0"
"15:53:18","run","\\tanghaiyong\physicaldisk(1 e: f: g: h:)\disk reads/sec","1 e: f: g: h:","0"
"15:53:18","run","\\tanghaiyong\physicaldisk(2)\disk reads/sec","2","715.3533"
"15:53:20","run","\\tanghaiyong\physicaldisk(0 c: d:)\% idle time","0 c: d:","99.6363"
"15:53:20","run","\\tanghaiyong\physicaldisk(1 e: f: g: h:)\% idle time","1 e: f: g: h:","60.4028"
"15:53:20","run","\\tanghaiyong\physicaldisk(2)\% idle time","2","53.2051"
"15:53:20","run","\\tanghaiyong\physicaldisk(0 c: d:)\avg. disk sec/read","0 c: d:","0.0004"
"15:53:20","run","\\tanghaiyong\physicaldisk(1 e: f: g: h:)\avg. disk sec/read","1 e: f: g: h:","0"
"15:53:20","run","\\tanghaiyong\physicaldisk(2)\avg. disk sec/read","2","0.1101"
"15:53:20","run","\\tanghaiyong\physicaldisk(0 c: d:)\avg. disk sec/transfer","0 c: d:","0.0001"
"15:53:20","run","\\tanghaiyong\physicaldisk(1 e: f: g: h:)\avg. disk sec/transfer","1 e: f: g: h:","0.0008"
"15:53:20","run","\\tanghaiyong\physicaldisk(2)\avg. disk sec/transfer","2","0.1101"
"15:53:20","run","\\tanghaiyong\physicaldisk(0 c: d:)\current disk queue length","0 c: d:","0"
"15:53:20","run","\\tanghaiyong\physicaldisk(1 e: f: g: h:)\current disk queue length","1 e: f: g: h:","0"
"15:53:20","run","\\tanghaiyong\physicaldisk(2)\current disk queue length","2","0"
"15:53:20","run","\\tanghaiyong\physicaldisk(0 c: d:)\avg. disk queue length","0 c: d:","0.0026"
"15:53:20","run","\\tanghaiyong\physicaldisk(1 e: f: g: h:)\avg. disk queue length","1 e: f: g: h:","0.0024"
"15:53:20","run","\\tanghaiyong\physicaldisk(2)\avg. disk queue length","2","69.1124"
"15:53:20","run","\\tanghaiyong\physicaldisk(0 c: d:)\disk read bytes/sec","0 c: d:","65284.3419"
"15:53:20","run","\\tanghaiyong\physicaldisk(1 e: f: g: h:)\disk read bytes/sec","1 e: f: g: h:","0"
"15:53:20","run","\\tanghaiyong\physicaldisk(2)\disk read bytes/sec","2","807861089.0738"
"15:53:20","run","\\tanghaiyong\physicaldisk(0 c: d:)\avg. disk bytes/read","0 c: d:","32768"
"15:53:20","run","\\tanghaiyong\physicaldisk(1 e: f: g: h:)\avg. disk bytes/read","1 e: f: g: h:","0"
"15:53:20","run","\\tanghaiyong\physicaldisk(2)\avg. disk bytes/read","2","1287262.273"
"15:53:20","run","\\tanghaiyong\physicaldisk(0 c: d:)\disk reads/sec","0 c: d:","1.9923"
"15:53:20","run","\\tanghaiyong\physicaldisk(1 e: f: g: h:)\disk reads/sec","1 e: f: g: h:","0"
"15:53:20","run","\\tanghaiyong\physicaldisk(2)\disk reads/sec","2","627.5808"
"15:53:22","run","\\tanghaiyong\physicaldisk(0 c: d:)\% idle time","0 c: d:","99.7904"
"15:53:22","run","\\tanghaiyong\physicaldisk(1 e: f: g: h:)\% idle time","1 e: f: g: h:","99.9589"
"15:53:22","run","\\tanghaiyong\physicaldisk(2)\% idle time","2","51.3006"
"15:53:22","run","\\tanghaiyong\physicaldisk(0 c: d:)\avg. disk sec/read","0 c: d:","0.0003"
"15:53:22","run","\\tanghaiyong\physicaldisk(1 e: f: g: h:)\avg. disk sec/read","1 e: f: g: h:","0"
"15:53:22","run","\\tanghaiyong\physicaldisk(2)\avg. disk sec/read","2","0.1279"
"15:53:22","run","\\tanghaiyong\physicaldisk(0 c: d:)\avg. disk sec/transfer","0 c: d:","0.0002"
"15:53:22","run","\\tanghaiyong\physicaldisk(1 e: f: g: h:)\avg. disk sec/transfer","1 e: f: g: h:","0.0004"
"15:53:22","run","\\tanghaiyong\physicaldisk(2)\avg. disk sec/transfer","2","0.1279"
"15:53:22","run","\\tanghaiyong\physicaldisk(0 c: d:)\current disk queue length","0 c: d:","0"
"15:53:22","run","\\tanghaiyong\physicaldisk(1 e: f: g: h:)\current disk queue length","1 e: f: g: h:","0"
"15:53:22","run","\\tanghaiyong\physicaldisk(2)\current disk queue length","2","2"
"15:53:22","run","\\tanghaiyong\physicaldisk(0 c: d:)\avg. disk queue length","0 c: d:","0.0023"
"15:53:22","run","\\tanghaiyong\physicaldisk(1 e: f: g: h:)\avg. disk queue length","1 e: f: g: h:","0.0009"
"15:53:22","run","\\tanghaiyong\physicaldisk(2)\avg. disk queue length","2","85.416"
"15:53:22","run","\\tanghaiyong\physicaldisk(0 c: d:)\disk read bytes/sec","0 c: d:","138219.3811"
"15:53:22","run","\\tanghaiyong\physicaldisk(1 e: f: g: h:)\disk read bytes/sec","1 e: f: g: h:","0"
"15:53:22","run","\\tanghaiyong\physicaldisk(2)\disk read bytes/sec","2","861007871.9863"
"15:53:22","run","\\tanghaiyong\physicaldisk(0 c: d:)\avg. disk bytes/read","0 c: d:","28057.6"
"15:53:22","run","\\tanghaiyong\physicaldisk(1 e: f: g: h:)\avg. disk bytes/read","1 e: f: g: h:","0"
"15:53:22","run","\\tanghaiyong\physicaldisk(2)\avg. disk bytes/read","2","1288929.0383"
"15:53:22","run","\\tanghaiyong\physicaldisk(0 c: d:)\disk reads/sec","0 c: d:","4.9263"
"15:53:22","run","\\tanghaiyong\physicaldisk(1 e: f: g: h:)\disk reads/sec","1 e: f: g: h:","0"
"15:53:22","run","\\tanghaiyong\physicaldisk(2)\disk reads/sec","2","668.0025"
"15:53:24","run","\\tanghaiyong\physicaldisk(0 c: d:)\% idle time","0 c: d:","99.9744"
"15:53:24","run","\\tanghaiyong\physicaldisk(1 e: f: g: h:)\% idle time","1 e: f: g: h:","99.9997"
"15:53:24","run","\\tanghaiyong\physicaldisk(2)\% idle time","2","20.7819"
"15:53:24","run","\\tanghaiyong\physicaldisk(0 c: d:)\avg. disk sec/read","0 c: d:","0"
"15:53:24","run","\\tanghaiyong\physicaldisk(1 e: f: g: h:)\avg. disk sec/read","1 e: f: g: h:","0"
"15:53:24","run","\\tanghaiyong\physicaldisk(2)\avg. disk sec/read","2","0.1136"
"15:53:24","run","\\tanghaiyong\physicaldisk(0 c: d:)\avg. disk sec/transfer","0 c: d:","0.0001"
"15:53:24","run","\\tanghaiyong\physicaldisk(1 e: f: g: h:)\avg. disk sec/transfer","1 e: f: g: h:","0"
"15:53:24","run","\\tanghaiyong\physicaldisk(2)\avg. disk sec/transfer","2","0.1136"
"15:53:24","run","\\tanghaiyong\physicaldisk(0 c: d:)\current disk queue length","0 c: d:","0"
"15:53:24","run","\\tanghaiyong\physicaldisk(1 e: f: g: h:)\current disk queue length","1 e: f: g: h:","0"
"15:53:24","run","\\tanghaiyong\physicaldisk(2)\current disk queue length","2","85"
"15:53:24","run","\\tanghaiyong\physicaldisk(0 c: d:)\avg. disk queue length","0 c: d:","0.0002"
"15:53:24","run","\\tanghaiyong\physicaldisk(1 e: f: g: h:)\avg. disk queue length","1 e: f: g: h:","0"
"15:53:24","run","\\tanghaiyong\physicaldisk(2)\avg. disk queue length","2","117.3433"
"15:53:24","run","\\tanghaiyong\physicaldisk(0 c: d:)\disk read bytes/sec","0 c: d:","0"
"15:53:24","run","\\tanghaiyong\physicaldisk(1 e: f: g: h:)\disk read bytes/sec","1 e: f: g: h:","0"
"15:53:24","run","\\tanghaiyong\physicaldisk(2)\disk read bytes/sec","2","1311450548.2394"
"15:53:24","run","\\tanghaiyong\physicaldisk(0 c: d:)\avg. disk bytes/read","0 c: d:","0"
"15:53:24","run","\\tanghaiyong\physicaldisk(1 e: f: g: h:)\avg. disk bytes/read","1 e: f: g: h:","0"
"15:53:24","run","\\tanghaiyong\physicaldisk(2)\avg. disk bytes/read","2","1269229.6966"
"15:53:24","run","\\tanghaiyong\physicaldisk(0 c: d:)\disk reads/sec","0 c: d:","0"
"15:53:24","run","\\tanghaiyong\physicaldisk(1 e: f: g: h:)\disk reads/sec","1 e: f: g: h:","0"
"15:53:24","run","\\tanghaiyong\physicaldisk(2)\disk reads/sec","2","1033.2649"
"15:53:27","run","\\tanghaiyong\physicaldisk(0 c: d:)\% idle time","0 c: d:","99.9857"
"15:53:27","run","\\tanghaiyong\physicaldisk(1 e: f: g: h:)\% idle time","1 e: f: g: h:","99.9859"
"15:53:27","run","\\tanghaiyong\physicaldisk(2)\% idle time","2","22.947"
"15:53:27","run","\\tanghaiyong\physicaldisk(0 c: d:)\avg. disk sec/read","0 c: d:","0"
"15:53:27","run","\\tanghaiyong\physicaldisk(1 e: f: g: h:)\avg. disk sec/read","1 e: f: g: h:","0"
"15:53:27","run","\\tanghaiyong\physicaldisk(2)\avg. disk sec/read","2","0.2913"
"15:53:27","run","\\tanghaiyong\physicaldisk(0 c: d:)\avg. disk sec/transfer","0 c: d:","0"
"15:53:27","run","\\tanghaiyong\physicaldisk(1 e: f: g: h:)\avg. disk sec/transfer","1 e: f: g: h:","0"
"15:53:27","run","\\tanghaiyong\physicaldisk(2)\avg. disk sec/transfer","2","0.2913"
"15:53:27","run","\\tanghaiyong\physicaldisk(0 c: d:)\current disk queue length","0 c: d:","0"
"15:53:27","run","\\tanghaiyong\physicaldisk(1 e: f: g: h:)\current disk queue length","1 e: f: g: h:","0"
"15:53:27","run","\\tanghaiyong\physicaldisk(2)\current disk queue length","2","0"
"15:53:27","run","\\tanghaiyong\physicaldisk(0 c: d:)\avg. disk queue length","0 c: d:","0"
"15:53:27","run","\\tanghaiyong\physicaldisk(1 e: f: g: h:)\avg. disk queue length","1 e: f: g: h:","0"
"15:53:27","run","\\tanghaiyong\physicaldisk(2)\avg. disk queue length","2","281.2238"
"15:53:27","run","\\tanghaiyong\physicaldisk(0 c: d:)\disk read bytes/sec","0 c: d:","0"
"15:53:27","run","\\tanghaiyong\physicaldisk(1 e: f: g: h:)\disk read bytes/sec","1 e: f: g: h:","0"
"15:53:27","run","\\tanghaiyong\physicaldisk(2)\disk read bytes/sec","2","1233633755.1587"
"15:53:27","run","\\tanghaiyong\physicaldisk(0 c: d:)\avg. disk bytes/read","0 c: d:","0"
"15:53:27","run","\\tanghaiyong\physicaldisk(1 e: f: g: h:)\avg. disk bytes/read","1 e: f: g: h:","0"
"15:53:27","run","\\tanghaiyong\physicaldisk(2)\avg. disk bytes/read","2","1277449.501"
"15:53:27","run","\\tanghaiyong\physicaldisk(0 c: d:)\disk reads/sec","0 c: d:","0"
"15:53:27","run","\\tanghaiyong\physicaldisk(1 e: f: g: h:)\disk reads/sec","1 e: f: g: h:","0"
"15:53:27","run","\\tanghaiyong\physicaldisk(2)\disk reads/sec","2","965.7006"
"15:53:29","run","\\tanghaiyong\physicaldisk(0 c: d:)\% idle time","0 c: d:","99.9734"
"15:53:29","run","\\tanghaiyong\physicaldisk(1 e: f: g: h:)\% idle time","1 e: f: g: h:","99.9896"
"15:53:29","run","\\tanghaiyong\physicaldisk(2)\% idle time","2","0"
"15:53:29","run","\\tanghaiyong\physicaldisk(0 c: d:)\avg. disk sec/read","0 c: d:","0"
"15:53:29","run","\\tanghaiyong\physicaldisk(1 e: f: g: h:)\avg. disk sec/read","1 e: f: g: h:","0"
"15:53:29","run","\\tanghaiyong\physicaldisk(2)\avg. disk sec/read","2","0.8489"
"15:53:29","run","\\tanghaiyong\physicaldisk(0 c: d:)\avg. disk sec/transfer","0 c: d:","0.0001"
"15:53:29","run","\\tanghaiyong\physicaldisk(1 e: f: g: h:)\avg. disk sec/transfer","1 e: f: g: h:","0"
"15:53:29","run","\\tanghaiyong\physicaldisk(2)\avg. disk sec/transfer","2","0.8489"
"15:53:29","run","\\tanghaiyong\physicaldisk(0 c: d:)\current disk queue length","0 c: d:","0"
"15:53:29","run","\\tanghaiyong\physicaldisk(1 e: f: g: h:)\current disk queue length","1 e: f: g: h:","0"
"15:53:29","run","\\tanghaiyong\physicaldisk(2)\current disk queue length","2","115"
"15:53:29","run","\\tanghaiyong\physicaldisk(0 c: d:)\avg. disk queue length","0 c: d:","0.0002"
"15:53:29","run","\\tanghaiyong\physicaldisk(1 e: f: g: h:)\avg. disk queue length","1 e: f: g: h:","0"
"15:53:29","run","\\tanghaiyong\physicaldisk(2)\avg. disk queue length","2","35.3767"
"15:53:29","run","\\tanghaiyong\physicaldisk(0 c: d:)\disk read bytes/sec","0 c: d:","0"
"15:53:29","run","\\tanghaiyong\physicaldisk(1 e: f: g: h:)\disk read bytes/sec","1 e: f: g: h:","0"
"15:53:29","run","\\tanghaiyong\physicaldisk(2)\disk read bytes/sec","2","53831703.2882"
"15:53:29","run","\\tanghaiyong\physicaldisk(0 c: d:)\avg. disk bytes/read","0 c: d:","0"
"15:53:29","run","\\tanghaiyong\physicaldisk(1 e: f: g: h:)\avg. disk bytes/read","1 e: f: g: h:","0"
"15:53:29","run","\\tanghaiyong\physicaldisk(2)\avg. disk bytes/read","2","1291605.3333"
"15:53:29","run","\\tanghaiyong\physicaldisk(0 c: d:)\disk reads/sec","0 c: d:","0"
"15:53:29","run","\\tanghaiyong\physicaldisk(1 e: f: g: h:)\disk reads/sec","1 e: f: g: h:","0"
"15:53:29","run","\\tanghaiyong\physicaldisk(2)\disk reads/sec","2","41.6781"
"15:53:31","run","\\tanghaiyong\physicaldisk(0 c: d:)\% idle time","0 c: d:","99.861"
"15:53:31","run","\\tanghaiyong\physicaldisk(1 e: f: g: h:)\% idle time","1 e: f: g: h:","93.7247"
"15:53:31","run","\\tanghaiyong\physicaldisk(2)\% idle time","2","0"
"15:53:31","run","\\tanghaiyong\physicaldisk(0 c: d:)\avg. disk sec/read","0 c: d:","0"
"15:53:31","run","\\tanghaiyong\physicaldisk(1 e: f: g: h:)\avg. disk sec/read","1 e: f: g: h:","0"
"15:53:31","run","\\tanghaiyong\physicaldisk(2)\avg. disk sec/read","2","2.8697"
"15:53:31","run","\\tanghaiyong\physicaldisk(0 c: d:)\avg. disk sec/transfer","0 c: d:","0.0001"
"15:53:31","run","\\tanghaiyong\physicaldisk(1 e: f: g: h:)\avg. disk sec/transfer","1 e: f: g: h:","0.0003"
"15:53:31","run","\\tanghaiyong\physicaldisk(2)\avg. disk sec/transfer","2","2.8697"
"15:53:31","run","\\tanghaiyong\physicaldisk(0 c: d:)\current disk queue length","0 c: d:","0"
"15:53:31","run","\\tanghaiyong\physicaldisk(1 e: f: g: h:)\current disk queue length","1 e: f: g: h:","1"
"15:53:31","run","\\tanghaiyong\physicaldisk(2)\current disk queue length","2","37"
"15:53:31","run","\\tanghaiyong\physicaldisk(0 c: d:)\avg. disk queue length","0 c: d:","0.0002"
"15:53:31","run","\\tanghaiyong\physicaldisk(1 e: f: g: h:)\avg. disk queue length","1 e: f: g: h:","0.0003"
"15:53:31","run","\\tanghaiyong\physicaldisk(2)\avg. disk queue length","2","114.0387"
"15:53:31","run","\\tanghaiyong\physicaldisk(0 c: d:)\disk read bytes/sec","0 c: d:","0"
"15:53:31","run","\\tanghaiyong\physicaldisk(1 e: f: g: h:)\disk read bytes/sec","1 e: f: g: h:","0"
"15:53:31","run","\\tanghaiyong\physicaldisk(2)\disk read bytes/sec","2","50820505.0837"
"15:53:31","run","\\tanghaiyong\physicaldisk(0 c: d:)\avg. disk bytes/read","0 c: d:","0"
"15:53:31","run","\\tanghaiyong\physicaldisk(1 e: f: g: h:)\avg. disk bytes/read","1 e: f: g: h:","0"
"15:53:31","run","\\tanghaiyong\physicaldisk(2)\avg. disk bytes/read","2","1278361.6"
"15:53:31","run","\\tanghaiyong\physicaldisk(0 c: d:)\disk reads/sec","0 c: d:","0"
"15:53:31","run","\\tanghaiyong\physicaldisk(1 e: f: g: h:)\disk reads/sec","1 e: f: g: h:","0"
"15:53:31","run","\\tanghaiyong\physicaldisk(2)\disk reads/sec","2","39.7544"
"15:53:33","run","\\tanghaiyong\physicaldisk(0 c: d:)\% idle time","0 c: d:","99.7237"
"15:53:33","run","\\tanghaiyong\physicaldisk(1 e: f: g: h:)\% idle time","1 e: f: g: h:","99.9878"
"15:53:33","run","\\tanghaiyong\physicaldisk(2)\% idle time","2","0"
"15:53:33","run","\\tanghaiyong\physicaldisk(0 c: d:)\avg. disk sec/read","0 c: d:","0.0002"
"15:53:33","run","\\tanghaiyong\physicaldisk(1 e: f: g: h:)\avg. disk sec/read","1 e: f: g: h:","0"
"15:53:33","run","\\tanghaiyong\physicaldisk(2)\avg. disk sec/read","2","4.8478"
"15:53:33","run","\\tanghaiyong\physicaldisk(0 c: d:)\avg. disk sec/transfer","0 c: d:","0.0001"
"15:53:33","run","\\tanghaiyong\physicaldisk(1 e: f: g: h:)\avg. disk sec/transfer","1 e: f: g: h:","0"
"15:53:33","run","\\tanghaiyong\physicaldisk(2)\avg. disk sec/transfer","2","4.8478"
"15:53:33","run","\\tanghaiyong\physicaldisk(0 c: d:)\current disk queue length","0 c: d:","0"
"15:53:33","run","\\tanghaiyong\physicaldisk(1 e: f: g: h:)\current disk queue length","1 e: f: g: h:","0"
"15:53:33","run","\\tanghaiyong\physicaldisk(2)\current disk queue length","2","215"
"15:53:33","run","\\tanghaiyong\physicaldisk(0 c: d:)\avg. disk queue length","0 c: d:","0.0023"
"15:53:33","run","\\tanghaiyong\physicaldisk(1 e: f: g: h:)\avg. disk queue length","1 e: f: g: h:","0"
"15:53:33","run","\\tanghaiyong\physicaldisk(2)\avg. disk queue length","2","192.6101"
"15:53:33","run","\\tanghaiyong\physicaldisk(0 c: d:)\disk read bytes/sec","0 c: d:","90535.739"
"15:53:33","run","\\tanghaiyong\physicaldisk(1 e: f: g: h:)\disk read bytes/sec","1 e: f: g: h:","0"
"15:53:33","run","\\tanghaiyong\physicaldisk(2)\disk read bytes/sec","2","51285953.003"
"15:53:33","run","\\tanghaiyong\physicaldisk(0 c: d:)\avg. disk bytes/read","0 c: d:","15189.3333"
"15:53:33","run","\\tanghaiyong\physicaldisk(1 e: f: g: h:)\avg. disk bytes/read","1 e: f: g: h:","0"
"15:53:33","run","\\tanghaiyong\physicaldisk(2)\avg. disk bytes/read","2","1290649.6"
"15:53:33","run","\\tanghaiyong\physicaldisk(0 c: d:)\disk reads/sec","0 c: d:","5.9605"
"15:53:33","run","\\tanghaiyong\physicaldisk(1 e: f: g: h:)\disk reads/sec","1 e: f: g: h:","0"
"15:53:33","run","\\tanghaiyong\physicaldisk(2)\disk reads/sec","2","39.7365"
"15:53:35","run","\\tanghaiyong\physicaldisk(0 c: d:)\% idle time","0 c: d:","99.9836"
"15:53:35","run","\\tanghaiyong\physicaldisk(1 e: f: g: h:)\% idle time","1 e: f: g: h:","99.9836"
"15:53:35","run","\\tanghaiyong\physicaldisk(2)\% idle time","2","0"
"15:53:35","run","\\tanghaiyong\physicaldisk(0 c: d:)\avg. disk sec/read","0 c: d:","0"
"15:53:35","run","\\tanghaiyong\physicaldisk(1 e: f: g: h:)\avg. disk sec/read","1 e: f: g: h:","0"
"15:53:35","run","\\tanghaiyong\physicaldisk(2)\avg. disk sec/read","2","6.8534"
"15:53:35","run","\\tanghaiyong\physicaldisk(0 c: d:)\avg. disk sec/transfer","0 c: d:","0"
"15:53:35","run","\\tanghaiyong\physicaldisk(1 e: f: g: h:)\avg. disk sec/transfer","1 e: f: g: h:","0"
"15:53:35","run","\\tanghaiyong\physicaldisk(2)\avg. disk sec/transfer","2","6.8534"
"15:53:35","run","\\tanghaiyong\physicaldisk(0 c: d:)\current disk queue length","0 c: d:","0"
"15:53:35","run","\\tanghaiyong\physicaldisk(1 e: f: g: h:)\current disk queue length","1 e: f: g: h:","0"
"15:53:35","run","\\tanghaiyong\physicaldisk(2)\current disk queue length","2","137"
"15:53:35","run","\\tanghaiyong\physicaldisk(0 c: d:)\avg. disk queue length","0 c: d:","0"
"15:53:35","run","\\tanghaiyong\physicaldisk(1 e: f: g: h:)\avg. disk queue length","1 e: f: g: h:","0"
"15:53:35","run","\\tanghaiyong\physicaldisk(2)\avg. disk queue length","2","258.4363"
"15:53:35","run","\\tanghaiyong\physicaldisk(0 c: d:)\disk read bytes/sec","0 c: d:","0"
"15:53:35","run","\\tanghaiyong\physicaldisk(1 e: f: g: h:)\disk read bytes/sec","1 e: f: g: h:","0"
"15:53:35","run","\\tanghaiyong\physicaldisk(2)\disk read bytes/sec","2","48637756.9473"
"15:53:35","run","\\tanghaiyong\physicaldisk(0 c: d:)\avg. disk bytes/read","0 c: d:","0"
"15:53:35","run","\\tanghaiyong\physicaldisk(1 e: f: g: h:)\avg. disk bytes/read","1 e: f: g: h:","0"
"15:53:35","run","\\tanghaiyong\physicaldisk(2)\avg. disk bytes/read","2","1289593.2632"
"15:53:35","run","\\tanghaiyong\physicaldisk(0 c: d:)\disk reads/sec","0 c: d:","0"
"15:53:35","run","\\tanghaiyong\physicaldisk(1 e: f: g: h:)\disk reads/sec","1 e: f: g: h:","0"
"15:53:35","run","\\tanghaiyong\physicaldisk(2)\disk reads/sec","2","37.7156"
"15:53:37","run","\\tanghaiyong\physicaldisk(0 c: d:)\% idle time","0 c: d:","99.6498"
"15:53:37","run","\\tanghaiyong\physicaldisk(1 e: f: g: h:)\% idle time","1 e: f: g: h:","18.1529"
"15:53:37","run","\\tanghaiyong\physicaldisk(2)\% idle time","2","0"
"15:53:37","run","\\tanghaiyong\physicaldisk(0 c: d:)\avg. disk sec/read","0 c: d:","0.0003"
"15:53:37","run","\\tanghaiyong\physicaldisk(1 e: f: g: h:)\avg. disk sec/read","1 e: f: g: h:","0"
"15:53:37","run","\\tanghaiyong\physicaldisk(2)\avg. disk sec/read","2","8.8992"
"15:53:37","run","\\tanghaiyong\physicaldisk(0 c: d:)\avg. disk sec/transfer","0 c: d:","0.0001"
"15:53:37","run","\\tanghaiyong\physicaldisk(1 e: f: g: h:)\avg. disk sec/transfer","1 e: f: g: h:","0"
"15:53:37","run","\\tanghaiyong\physicaldisk(2)\avg. disk sec/transfer","2","8.8992"
"15:53:37","run","\\tanghaiyong\physicaldisk(0 c: d:)\current disk queue length","0 c: d:","0"
"15:53:37","run","\\tanghaiyong\physicaldisk(1 e: f: g: h:)\current disk queue length","1 e: f: g: h:","0"
"15:53:37","run","\\tanghaiyong\physicaldisk(2)\current disk queue length","2","66"
"15:53:37","run","\\tanghaiyong\physicaldisk(0 c: d:)\avg. disk queue length","0 c: d:","0.0022"
"15:53:37","run","\\tanghaiyong\physicaldisk(1 e: f: g: h:)\avg. disk queue length","1 e: f: g: h:","0"
"15:53:37","run","\\tanghaiyong\physicaldisk(2)\avg. disk queue length","2","265.7079"
"15:53:37","run","\\tanghaiyong\physicaldisk(0 c: d:)\disk read bytes/sec","0 c: d:","65251.7958"
"15:53:37","run","\\tanghaiyong\physicaldisk(1 e: f: g: h:)\disk read bytes/sec","1 e: f: g: h:","0"
"15:53:37","run","\\tanghaiyong\physicaldisk(2)\disk read bytes/sec","2","37552408.4848"
"15:53:37","run","\\tanghaiyong\physicaldisk(0 c: d:)\avg. disk bytes/read","0 c: d:","65536"
"15:53:37","run","\\tanghaiyong\physicaldisk(1 e: f: g: h:)\avg. disk bytes/read","1 e: f: g: h:","0"
"15:53:37","run","\\tanghaiyong\physicaldisk(2)\avg. disk bytes/read","2","1257198.9333"
"15:53:37","run","\\tanghaiyong\physicaldisk(0 c: d:)\disk reads/sec","0 c: d:","0.9957"
"15:53:37","run","\\tanghaiyong\physicaldisk(1 e: f: g: h:)\disk reads/sec","1 e: f: g: h:","0"
"15:53:37","run","\\tanghaiyong\physicaldisk(2)\disk reads/sec","2","29.8699"
"15:53:39","run","\\tanghaiyong\physicaldisk(0 c: d:)\% idle time","0 c: d:","99.9601"
"15:53:39","run","\\tanghaiyong\physicaldisk(1 e: f: g: h:)\% idle time","1 e: f: g: h:","99.96"
"15:53:39","run","\\tanghaiyong\physicaldisk(2)\% idle time","2","12.9422"
"15:53:39","run","\\tanghaiyong\physicaldisk(0 c: d:)\avg. disk sec/read","0 c: d:","0"
"15:53:39","run","\\tanghaiyong\physicaldisk(1 e: f: g: h:)\avg. disk sec/read","1 e: f: g: h:","0"
"15:53:39","run","\\tanghaiyong\physicaldisk(2)\avg. disk sec/read","2","7.0069"
"15:53:39","run","\\tanghaiyong\physicaldisk(0 c: d:)\avg. disk sec/transfer","0 c: d:","0"
"15:53:39","run","\\tanghaiyong\physicaldisk(1 e: f: g: h:)\avg. disk sec/transfer","1 e: f: g: h:","0"
"15:53:39","run","\\tanghaiyong\physicaldisk(2)\avg. disk sec/transfer","2","7.0069"
"15:53:39","run","\\tanghaiyong\physicaldisk(0 c: d:)\current disk queue length","0 c: d:","0"
"15:53:39","run","\\tanghaiyong\physicaldisk(1 e: f: g: h:)\current disk queue length","1 e: f: g: h:","0"
"15:53:39","run","\\tanghaiyong\physicaldisk(2)\current disk queue length","2","186"
"15:53:39","run","\\tanghaiyong\physicaldisk(0 c: d:)\avg. disk queue length","0 c: d:","0"
"15:53:39","run","\\tanghaiyong\physicaldisk(1 e: f: g: h:)\avg. disk queue length","1 e: f: g: h:","0"
"15:53:39","run","\\tanghaiyong\physicaldisk(2)\avg. disk queue length","2","244.0289"
"15:53:39","run","\\tanghaiyong\physicaldisk(0 c: d:)\disk read bytes/sec","0 c: d:","0"
"15:53:39","run","\\tanghaiyong\physicaldisk(1 e: f: g: h:)\disk read bytes/sec","1 e: f: g: h:","0"
"15:53:39","run","\\tanghaiyong\physicaldisk(2)\disk read bytes/sec","2","44366910.6444"
"15:53:39","run","\\tanghaiyong\physicaldisk(0 c: d:)\avg. disk bytes/read","0 c: d:","0"
"15:53:39","run","\\tanghaiyong\physicaldisk(1 e: f: g: h:)\avg. disk bytes/read","1 e: f: g: h:","0"
"15:53:39","run","\\tanghaiyong\physicaldisk(2)\avg. disk bytes/read","2","1273387.8857"
"15:53:39","run","\\tanghaiyong\physicaldisk(0 c: d:)\disk reads/sec","0 c: d:","0"
"15:53:39","run","\\tanghaiyong\physicaldisk(1 e: f: g: h:)\disk reads/sec","1 e: f: g: h:","0"
"15:53:39","run","\\tanghaiyong\physicaldisk(2)\disk reads/sec","2","34.8416"
"15:53:41","run","\\tanghaiyong\physicaldisk(0 c: d:)\% idle time","0 c: d:","99.9868"
"15:53:41","run","\\tanghaiyong\physicaldisk(1 e: f: g: h:)\% idle time","1 e: f: g: h:","99.9943"
"15:53:41","run","\\tanghaiyong\physicaldisk(2)\% idle time","2","13.4414"
"15:53:41","run","\\tanghaiyong\physicaldisk(0 c: d:)\avg. disk sec/read","0 c: d:","0"
"15:53:41","run","\\tanghaiyong\physicaldisk(1 e: f: g: h:)\avg. disk sec/read","1 e: f: g: h:","0"
"15:53:41","run","\\tanghaiyong\physicaldisk(2)\avg. disk sec/read","2","0.2693"
"15:53:41","run","\\tanghaiyong\physicaldisk(0 c: d:)\avg. disk sec/transfer","0 c: d:","0.0001"
"15:53:41","run","\\tanghaiyong\physicaldisk(1 e: f: g: h:)\avg. disk sec/transfer","1 e: f: g: h:","0"
"15:53:41","run","\\tanghaiyong\physicaldisk(2)\avg. disk sec/transfer","2","0.2693"
"15:53:41","run","\\tanghaiyong\physicaldisk(0 c: d:)\current disk queue length","0 c: d:","0"
"15:53:41","run","\\tanghaiyong\physicaldisk(1 e: f: g: h:)\current disk queue length","1 e: f: g: h:","0"
"15:53:41","run","\\tanghaiyong\physicaldisk(2)\current disk queue length","2","0"
"15:53:41","run","\\tanghaiyong\physicaldisk(0 c: d:)\avg. disk queue length","0 c: d:","0.0001"
"15:53:41","run","\\tanghaiyong\physicaldisk(1 e: f: g: h:)\avg. disk queue length","1 e: f: g: h:","0"
"15:53:41","run","\\tanghaiyong\physicaldisk(2)\avg. disk queue length","2","292.3761"
"15:53:41","run","\\tanghaiyong\physicaldisk(0 c: d:)\disk read bytes/sec","0 c: d:","0"
"15:53:41","run","\\tanghaiyong\physicaldisk(1 e: f: g: h:)\disk read bytes/sec","1 e: f: g: h:","0"
"15:53:41","run","\\tanghaiyong\physicaldisk(2)\disk read bytes/sec","2","1350739578.4343"
"15:53:41","run","\\tanghaiyong\physicaldisk(0 c: d:)\avg. disk bytes/read","0 c: d:","0"
"15:53:41","run","\\tanghaiyong\physicaldisk(1 e: f: g: h:)\avg. disk bytes/read","1 e: f: g: h:","0"
"15:53:41","run","\\tanghaiyong\physicaldisk(2)\avg. disk bytes/read","2","1244024.967"
"15:53:41","run","\\tanghaiyong\physicaldisk(0 c: d:)\disk reads/sec","0 c: d:","0"
"15:53:41","run","\\tanghaiyong\physicaldisk(1 e: f: g: h:)\disk reads/sec","1 e: f: g: h:","0"
"15:53:41","run","\\tanghaiyong\physicaldisk(2)\disk reads/sec","2","1085.7817"
"15:53:43","run","\\tanghaiyong\physicaldisk(0 c: d:)\% idle time","0 c: d:","99.7265"
"15:53:43","run","\\tanghaiyong\physicaldisk(1 e: f: g: h:)\% idle time","1 e: f: g: h:","58.4502"
"15:53:43","run","\\tanghaiyong\physicaldisk(2)\% idle time","2","13.7298"
"15:53:43","run","\\tanghaiyong\physicaldisk(0 c: d:)\avg. disk sec/read","0 c: d:","0.0002"
"15:53:43","run","\\tanghaiyong\physicaldisk(1 e: f: g: h:)\avg. disk sec/read","1 e: f: g: h:","0.1594"
"15:53:43","run","\\tanghaiyong\physicaldisk(2)\avg. disk sec/read","2","0.2762"
"15:53:43","run","\\tanghaiyong\physicaldisk(0 c: d:)\avg. disk sec/transfer","0 c: d:","0.0001"
"15:53:43","run","\\tanghaiyong\physicaldisk(1 e: f: g: h:)\avg. disk sec/transfer","1 e: f: g: h:","0.2818"
"15:53:43","run","\\tanghaiyong\physicaldisk(2)\avg. disk sec/transfer","2","0.2762"
"15:53:43","run","\\tanghaiyong\physicaldisk(0 c: d:)\current disk queue length","0 c: d:","0"
"15:53:43","run","\\tanghaiyong\physicaldisk(1 e: f: g: h:)\current disk queue length","1 e: f: g: h:","0"
"15:53:43","run","\\tanghaiyong\physicaldisk(2)\current disk queue length","2","221"
"15:53:43","run","\\tanghaiyong\physicaldisk(0 c: d:)\avg. disk queue length","0 c: d:","0.0016"
"15:53:43","run","\\tanghaiyong\physicaldisk(1 e: f: g: h:)\avg. disk queue length","1 e: f: g: h:","13.7411"
"15:53:43","run","\\tanghaiyong\physicaldisk(2)\avg. disk queue length","2","266.0229"
"15:53:43","run","\\tanghaiyong\physicaldisk(0 c: d:)\disk read bytes/sec","0 c: d:","54020.4753"
"15:53:43","run","\\tanghaiyong\physicaldisk(1 e: f: g: h:)\disk read bytes/sec","1 e: f: g: h:","16308.068"
"15:53:43","run","\\tanghaiyong\physicaldisk(2)\disk read bytes/sec","2","1240200032.6281"
"15:53:43","run","\\tanghaiyong\physicaldisk(0 c: d:)\avg. disk bytes/read","0 c: d:","13568"
"15:53:43","run","\\tanghaiyong\physicaldisk(1 e: f: g: h:)\avg. disk bytes/read","1 e: f: g: h:","16384"
"15:53:43","run","\\tanghaiyong\physicaldisk(2)\avg. disk bytes/read","2","1287163.7686"
"15:53:43","run","\\tanghaiyong\physicaldisk(0 c: d:)\disk reads/sec","0 c: d:","3.9815"
"15:53:43","run","\\tanghaiyong\physicaldisk(1 e: f: g: h:)\disk reads/sec","1 e: f: g: h:","0.9954"
"15:53:43","run","\\tanghaiyong\physicaldisk(2)\disk reads/sec","2","963.5138"
"15:53:45","run","\\tanghaiyong\physicaldisk(0 c: d:)\% idle time","0 c: d:","99.7738"
"15:53:45","run","\\tanghaiyong\physicaldisk(1 e: f: g: h:)\% idle time","1 e: f: g: h:","99.9877"
"15:53:45","run","\\tanghaiyong\physicaldisk(2)\% idle time","2","12.8429"
"15:53:45","run","\\tanghaiyong\physicaldisk(0 c: d:)\avg. disk sec/read","0 c: d:","0.0004"
"15:53:45","run","\\tanghaiyong\physicaldisk(1 e: f: g: h:)\avg. disk sec/read","1 e: f: g: h:","0"
"15:53:45","run","\\tanghaiyong\physicaldisk(2)\avg. disk sec/read","2","0.2693"
"15:53:45","run","\\tanghaiyong\physicaldisk(0 c: d:)\avg. disk sec/transfer","0 c: d:","0.0002"
"15:53:45","run","\\tanghaiyong\physicaldisk(1 e: f: g: h:)\avg. disk sec/transfer","1 e: f: g: h:","0"
"15:53:45","run","\\tanghaiyong\physicaldisk(2)\avg. disk sec/transfer","2","0.2693"
"15:53:45","run","\\tanghaiyong\physicaldisk(0 c: d:)\current disk queue length","0 c: d:","0"
"15:53:45","run","\\tanghaiyong\physicaldisk(1 e: f: g: h:)\current disk queue length","1 e: f: g: h:","0"
"15:53:45","run","\\tanghaiyong\physicaldisk(2)\current disk queue length","2","81"
"15:53:45","run","\\tanghaiyong\physicaldisk(0 c: d:)\avg. disk queue length","0 c: d:","0.0021"
"15:53:45","run","\\tanghaiyong\physicaldisk(1 e: f: g: h:)\avg. disk queue length","1 e: f: g: h:","0"
"15:53:45","run","\\tanghaiyong\physicaldisk(2)\avg. disk queue length","2","265.6562"
"15:53:45","run","\\tanghaiyong\physicaldisk(0 c: d:)\disk read bytes/sec","0 c: d:","130483.922"
"15:53:45","run","\\tanghaiyong\physicaldisk(1 e: f: g: h:)\disk read bytes/sec","1 e: f: g: h:","0"
"15:53:45","run","\\tanghaiyong\physicaldisk(2)\disk read bytes/sec","2","1259597997.7838"
"15:53:45","run","\\tanghaiyong\physicaldisk(0 c: d:)\avg. disk bytes/read","0 c: d:","43690.6667"
"15:53:45","run","\\tanghaiyong\physicaldisk(1 e: f: g: h:)\avg. disk bytes/read","1 e: f: g: h:","0"
"15:53:45","run","\\tanghaiyong\physicaldisk(2)\avg. disk bytes/read","2","1276765.7719"
"15:53:45","run","\\tanghaiyong\physicaldisk(0 c: d:)\disk reads/sec","0 c: d:","2.9865"
"15:53:45","run","\\tanghaiyong\physicaldisk(1 e: f: g: h:)\disk reads/sec","1 e: f: g: h:","0"
"15:53:45","run","\\tanghaiyong\physicaldisk(2)\disk reads/sec","2","986.5537"
"15:53:47","run","\\tanghaiyong\physicaldisk(0 c: d:)\% idle time","0 c: d:","99.9733"
"15:53:47","run","\\tanghaiyong\physicaldisk(1 e: f: g: h:)\% idle time","1 e: f: g: h:","99.9516"
"15:53:47","run","\\tanghaiyong\physicaldisk(2)\% idle time","2","24.3111"
"15:53:47","run","\\tanghaiyong\physicaldisk(0 c: d:)\avg. disk sec/read","0 c: d:","0"
"15:53:47","run","\\tanghaiyong\physicaldisk(1 e: f: g: h:)\avg. disk sec/read","1 e: f: g: h:","0"
"15:53:47","run","\\tanghaiyong\physicaldisk(2)\avg. disk sec/read","2","0.2035"
"15:53:47","run","\\tanghaiyong\physicaldisk(0 c: d:)\avg. disk sec/transfer","0 c: d:","0.0001"
"15:53:47","run","\\tanghaiyong\physicaldisk(1 e: f: g: h:)\avg. disk sec/transfer","1 e: f: g: h:","0.0004"
"15:53:47","run","\\tanghaiyong\physicaldisk(2)\avg. disk sec/transfer","2","0.2035"
"15:53:47","run","\\tanghaiyong\physicaldisk(0 c: d:)\current disk queue length","0 c: d:","0"
"15:53:47","run","\\tanghaiyong\physicaldisk(1 e: f: g: h:)\current disk queue length","1 e: f: g: h:","0"
"15:53:47","run","\\tanghaiyong\physicaldisk(2)\current disk queue length","2","204"
"15:53:47","run","\\tanghaiyong\physicaldisk(0 c: d:)\avg. disk queue length","0 c: d:","0.0002"
"15:53:47","run","\\tanghaiyong\physicaldisk(1 e: f: g: h:)\avg. disk queue length","1 e: f: g: h:","0.0004"
"15:53:47","run","\\tanghaiyong\physicaldisk(2)\avg. disk queue length","2","181.358"
"15:53:47","run","\\tanghaiyong\physicaldisk(0 c: d:)\disk read bytes/sec","0 c: d:","0"
"15:53:47","run","\\tanghaiyong\physicaldisk(1 e: f: g: h:)\disk read bytes/sec","1 e: f: g: h:","0"
"15:53:47","run","\\tanghaiyong\physicaldisk(2)\disk read bytes/sec","2","1140689509.5607"
"15:53:47","run","\\tanghaiyong\physicaldisk(0 c: d:)\avg. disk bytes/read","0 c: d:","0"
"15:53:47","run","\\tanghaiyong\physicaldisk(1 e: f: g: h:)\avg. disk bytes/read","1 e: f: g: h:","0"
"15:53:47","run","\\tanghaiyong\physicaldisk(2)\avg. disk bytes/read","2","1279723.1196"
"15:53:47","run","\\tanghaiyong\physicaldisk(0 c: d:)\disk reads/sec","0 c: d:","0"
"15:53:47","run","\\tanghaiyong\physicaldisk(1 e: f: g: h:)\disk reads/sec","1 e: f: g: h:","0"
"15:53:47","run","\\tanghaiyong\physicaldisk(2)\disk reads/sec","2","891.3565"
"15:53:49","run","\\tanghaiyong\physicaldisk(0 c: d:)\% idle time","0 c: d:","99.9006"
"15:53:49","run","\\tanghaiyong\physicaldisk(1 e: f: g: h:)\% idle time","1 e: f: g: h:","99.9728"
"15:53:49","run","\\tanghaiyong\physicaldisk(2)\% idle time","2","26.1193"
"15:53:49","run","\\tanghaiyong\physicaldisk(0 c: d:)\avg. disk sec/read","0 c: d:","0.0003"
"15:53:49","run","\\tanghaiyong\physicaldisk(1 e: f: g: h:)\avg. disk sec/read","1 e: f: g: h:","0"
"15:53:49","run","\\tanghaiyong\physicaldisk(2)\avg. disk sec/read","2","0.2863"
"15:53:49","run","\\tanghaiyong\physicaldisk(0 c: d:)\avg. disk sec/transfer","0 c: d:","0.0001"
"15:53:49","run","\\tanghaiyong\physicaldisk(1 e: f: g: h:)\avg. disk sec/transfer","1 e: f: g: h:","0"
"15:53:49","run","\\tanghaiyong\physicaldisk(2)\avg. disk sec/transfer","2","0.2863"
"15:53:49","run","\\tanghaiyong\physicaldisk(0 c: d:)\current disk queue length","0 c: d:","0"
"15:53:49","run","\\tanghaiyong\physicaldisk(1 e: f: g: h:)\current disk queue length","1 e: f: g: h:","0"
"15:53:49","run","\\tanghaiyong\physicaldisk(2)\current disk queue length","2","36"
"15:53:49","run","\\tanghaiyong\physicaldisk(0 c: d:)\avg. disk queue length","0 c: d:","0.0007"
"15:53:49","run","\\tanghaiyong\physicaldisk(1 e: f: g: h:)\avg. disk queue length","1 e: f: g: h:","0"
"15:53:49","run","\\tanghaiyong\physicaldisk(2)\avg. disk queue length","2","260.2206"
"15:53:49","run","\\tanghaiyong\physicaldisk(0 c: d:)\disk read bytes/sec","0 c: d:","16335.2572"
"15:53:49","run","\\tanghaiyong\physicaldisk(1 e: f: g: h:)\disk read bytes/sec","1 e: f: g: h:","0"
"15:53:49","run","\\tanghaiyong\physicaldisk(2)\disk read bytes/sec","2","1166129091.4042"
"15:53:49","run","\\tanghaiyong\physicaldisk(0 c: d:)\avg. disk bytes/read","0 c: d:","16384"
"15:53:49","run","\\tanghaiyong\physicaldisk(1 e: f: g: h:)\avg. disk bytes/read","1 e: f: g: h:","0"
"15:53:49","run","\\tanghaiyong\physicaldisk(2)\avg. disk bytes/read","2","1282465.6842"
"15:53:49","run","\\tanghaiyong\physicaldisk(0 c: d:)\disk reads/sec","0 c: d:","0.997"
"15:53:49","run","\\tanghaiyong\physicaldisk(1 e: f: g: h:)\disk reads/sec","1 e: f: g: h:","0"
"15:53:49","run","\\tanghaiyong\physicaldisk(2)\disk reads/sec","2","909.2868"
"15:53:51","run","\\tanghaiyong\physicaldisk(0 c: d:)\% idle time","0 c: d:","99.9611"
"15:53:51","run","\\tanghaiyong\physicaldisk(1 e: f: g: h:)\% idle time","1 e: f: g: h:","99.9684"
"15:53:51","run","\\tanghaiyong\physicaldisk(2)\% idle time","2","19.5949"
"15:53:51","run","\\tanghaiyong\physicaldisk(0 c: d:)\avg. disk sec/read","0 c: d:","0"
"15:53:51","run","\\tanghaiyong\physicaldisk(1 e: f: g: h:)\avg. disk sec/read","1 e: f: g: h:","0"
"15:53:51","run","\\tanghaiyong\physicaldisk(2)\avg. disk sec/read","2","0.326"
"15:53:51","run","\\tanghaiyong\physicaldisk(0 c: d:)\avg. disk sec/transfer","0 c: d:","0.0001"
"15:53:51","run","\\tanghaiyong\physicaldisk(1 e: f: g: h:)\avg. disk sec/transfer","1 e: f: g: h:","0"
"15:53:51","run","\\tanghaiyong\physicaldisk(2)\avg. disk sec/transfer","2","0.326"
"15:53:51","run","\\tanghaiyong\physicaldisk(0 c: d:)\current disk queue length","0 c: d:","0"
"15:53:51","run","\\tanghaiyong\physicaldisk(1 e: f: g: h:)\current disk queue length","1 e: f: g: h:","0"
"15:53:51","run","\\tanghaiyong\physicaldisk(2)\current disk queue length","2","0"
"15:53:51","run","\\tanghaiyong\physicaldisk(0 c: d:)\avg. disk queue length","0 c: d:","0.0001"
"15:53:51","run","\\tanghaiyong\physicaldisk(1 e: f: g: h:)\avg. disk queue length","1 e: f: g: h:","0"
"15:53:51","run","\\tanghaiyong\physicaldisk(2)\avg. disk queue length","2","297.0416"
"15:53:51","run","\\tanghaiyong\physicaldisk(0 c: d:)\disk read bytes/sec","0 c: d:","0"
"15:53:51","run","\\tanghaiyong\physicaldisk(1 e: f: g: h:)\disk read bytes/sec","1 e: f: g: h:","0"
"15:53:51","run","\\tanghaiyong\physicaldisk(2)\disk read bytes/sec","2","1173659489.4099"
"15:53:51","run","\\tanghaiyong\physicaldisk(0 c: d:)\avg. disk bytes/read","0 c: d:","0"
"15:53:51","run","\\tanghaiyong\physicaldisk(1 e: f: g: h:)\avg. disk bytes/read","1 e: f: g: h:","0"
"15:53:51","run","\\tanghaiyong\physicaldisk(2)\avg. disk bytes/read","2","1287525.7293"
"15:53:51","run","\\tanghaiyong\physicaldisk(0 c: d:)\disk reads/sec","0 c: d:","0"
"15:53:51","run","\\tanghaiyong\physicaldisk(1 e: f: g: h:)\disk reads/sec","1 e: f: g: h:","0"
"15:53:51","run","\\tanghaiyong\physicaldisk(2)\disk reads/sec","2","911.562"
"15:53:53","run","\\tanghaiyong\physicaldisk(0 c: d:)\% idle time","0 c: d:","99.5896"
"15:53:53","run","\\tanghaiyong\physicaldisk(1 e: f: g: h:)\% idle time","1 e: f: g: h:","99.8134"
"15:53:53","run","\\tanghaiyong\physicaldisk(2)\% idle time","2","10.2044"
"15:53:53","run","\\tanghaiyong\physicaldisk(0 c: d:)\avg. disk sec/read","0 c: d:","0.0003"
"15:53:53","run","\\tanghaiyong\physicaldisk(1 e: f: g: h:)\avg. disk sec/read","1 e: f: g: h:","0"
"15:53:53","run","\\tanghaiyong\physicaldisk(2)\avg. disk sec/read","2","0.2647"
"15:53:53","run","\\tanghaiyong\physicaldisk(0 c: d:)\avg. disk sec/transfer","0 c: d:","0.0001"
"15:53:53","run","\\tanghaiyong\physicaldisk(1 e: f: g: h:)\avg. disk sec/transfer","1 e: f: g: h:","0.001"
"15:53:53","run","\\tanghaiyong\physicaldisk(2)\avg. disk sec/transfer","2","0.2647"
"15:53:53","run","\\tanghaiyong\physicaldisk(0 c: d:)\current disk queue length","0 c: d:","0"
"15:53:53","run","\\tanghaiyong\physicaldisk(1 e: f: g: h:)\current disk queue length","1 e: f: g: h:","0"
"15:53:53","run","\\tanghaiyong\physicaldisk(2)\current disk queue length","2","73"
"15:53:53","run","\\tanghaiyong\physicaldisk(0 c: d:)\avg. disk queue length","0 c: d:","0.0034"
"15:53:53","run","\\tanghaiyong\physicaldisk(1 e: f: g: h:)\avg. disk queue length","1 e: f: g: h:","0.002"
"15:53:53","run","\\tanghaiyong\physicaldisk(2)\avg. disk queue length","2","263.4562"
"15:53:53","run","\\tanghaiyong\physicaldisk(0 c: d:)\disk read bytes/sec","0 c: d:","151909.4366"
"15:53:53","run","\\tanghaiyong\physicaldisk(1 e: f: g: h:)\disk read bytes/sec","1 e: f: g: h:","0"
"15:53:53","run","\\tanghaiyong\physicaldisk(2)\disk read bytes/sec","2","1280618979.9778"
"15:53:53","run","\\tanghaiyong\physicaldisk(0 c: d:)\avg. disk bytes/read","0 c: d:","30515.2"
"15:53:53","run","\\tanghaiyong\physicaldisk(1 e: f: g: h:)\avg. disk bytes/read","1 e: f: g: h:","0"
"15:53:53","run","\\tanghaiyong\physicaldisk(2)\avg. disk bytes/read","2","1286238.208"
"15:53:53","run","\\tanghaiyong\physicaldisk(0 c: d:)\disk reads/sec","0 c: d:","4.9782"
"15:53:53","run","\\tanghaiyong\physicaldisk(1 e: f: g: h:)\disk reads/sec","1 e: f: g: h:","0"
"15:53:53","run","\\tanghaiyong\physicaldisk(2)\disk reads/sec","2","995.6313"
"15:53:55","run","\\tanghaiyong\physicaldisk(0 c: d:)\% idle time","0 c: d:","99.9871"
"15:53:55","run","\\tanghaiyong\physicaldisk(1 e: f: g: h:)\% idle time","1 e: f: g: h:","97.4931"
"15:53:55","run","\\tanghaiyong\physicaldisk(2)\% idle time","2","12.4717"
"15:53:55","run","\\tanghaiyong\physicaldisk(0 c: d:)\avg. disk sec/read","0 c: d:","0"
"15:53:55","run","\\tanghaiyong\physicaldisk(1 e: f: g: h:)\avg. disk sec/read","1 e: f: g: h:","0"
"15:53:55","run","\\tanghaiyong\physicaldisk(2)\avg. disk sec/read","2","0.2567"
"15:53:55","run","\\tanghaiyong\physicaldisk(0 c: d:)\avg. disk sec/transfer","0 c: d:","0.0001"
"15:53:55","run","\\tanghaiyong\physicaldisk(1 e: f: g: h:)\avg. disk sec/transfer","1 e: f: g: h:","0.0003"
"15:53:55","run","\\tanghaiyong\physicaldisk(2)\avg. disk sec/transfer","2","0.2567"
"15:53:55","run","\\tanghaiyong\physicaldisk(0 c: d:)\current disk queue length","0 c: d:","0"
"15:53:55","run","\\tanghaiyong\physicaldisk(1 e: f: g: h:)\current disk queue length","1 e: f: g: h:","0"
"15:53:55","run","\\tanghaiyong\physicaldisk(2)\current disk queue length","2","232"
"15:53:55","run","\\tanghaiyong\physicaldisk(0 c: d:)\avg. disk queue length","0 c: d:","0.0001"
"15:53:55","run","\\tanghaiyong\physicaldisk(1 e: f: g: h:)\avg. disk queue length","1 e: f: g: h:","0.0003"
"15:53:55","run","\\tanghaiyong\physicaldisk(2)\avg. disk queue length","2","252.6042"
"15:53:55","run","\\tanghaiyong\physicaldisk(0 c: d:)\disk read bytes/sec","0 c: d:","0"
"15:53:55","run","\\tanghaiyong\physicaldisk(1 e: f: g: h:)\disk read bytes/sec","1 e: f: g: h:","0"
"15:53:55","run","\\tanghaiyong\physicaldisk(2)\disk read bytes/sec","2","1233812847.0609"
"15:53:55","run","\\tanghaiyong\physicaldisk(0 c: d:)\avg. disk bytes/read","0 c: d:","0"
"15:53:55","run","\\tanghaiyong\physicaldisk(1 e: f: g: h:)\avg. disk bytes/read","1 e: f: g: h:","0"
"15:53:55","run","\\tanghaiyong\physicaldisk(2)\avg. disk bytes/read","2","1253873.9939"
"15:53:55","run","\\tanghaiyong\physicaldisk(0 c: d:)\disk reads/sec","0 c: d:","0"
"15:53:55","run","\\tanghaiyong\physicaldisk(1 e: f: g: h:)\disk reads/sec","1 e: f: g: h:","0"
"15:53:55","run","\\tanghaiyong\physicaldisk(2)\disk reads/sec","2","984.0007"
"15:53:57","run","\\tanghaiyong\physicaldisk(0 c: d:)\% idle time","0 c: d:","99.8733"
"15:53:57","run","\\tanghaiyong\physicaldisk(1 e: f: g: h:)\% idle time","1 e: f: g: h:","100.0179"
"15:53:57","run","\\tanghaiyong\physicaldisk(2)\% idle time","2","20.6499"
"15:53:57","run","\\tanghaiyong\physicaldisk(0 c: d:)\avg. disk sec/read","0 c: d:","0"
"15:53:57","run","\\tanghaiyong\physicaldisk(1 e: f: g: h:)\avg. disk sec/read","1 e: f: g: h:","0"
"15:53:57","run","\\tanghaiyong\physicaldisk(2)\avg. disk sec/read","2","0.2504"
"15:53:57","run","\\tanghaiyong\physicaldisk(0 c: d:)\avg. disk sec/transfer","0 c: d:","0.0001"
"15:53:57","run","\\tanghaiyong\physicaldisk(1 e: f: g: h:)\avg. disk sec/transfer","1 e: f: g: h:","0"
"15:53:57","run","\\tanghaiyong\physicaldisk(2)\avg. disk sec/transfer","2","0.2504"
"15:53:57","run","\\tanghaiyong\physicaldisk(0 c: d:)\current disk queue length","0 c: d:","0"
"15:53:57","run","\\tanghaiyong\physicaldisk(1 e: f: g: h:)\current disk queue length","1 e: f: g: h:","0"
"15:53:57","run","\\tanghaiyong\physicaldisk(2)\current disk queue length","2","49"
"15:53:57","run","\\tanghaiyong\physicaldisk(0 c: d:)\avg. disk queue length","0 c: d:","0.0005"
"15:53:57","run","\\tanghaiyong\physicaldisk(1 e: f: g: h:)\avg. disk queue length","1 e: f: g: h:","0"
"15:53:57","run","\\tanghaiyong\physicaldisk(2)\avg. disk queue length","2","215.2946"
"15:53:57","run","\\tanghaiyong\physicaldisk(0 c: d:)\disk read bytes/sec","0 c: d:","0"
"15:53:57","run","\\tanghaiyong\physicaldisk(1 e: f: g: h:)\disk read bytes/sec","1 e: f: g: h:","0"
"15:53:57","run","\\tanghaiyong\physicaldisk(2)\disk read bytes/sec","2","1109972722.7386"
"15:53:57","run","\\tanghaiyong\physicaldisk(0 c: d:)\avg. disk bytes/read","0 c: d:","0"
"15:53:57","run","\\tanghaiyong\physicaldisk(1 e: f: g: h:)\avg. disk bytes/read","1 e: f: g: h:","0"
"15:53:57","run","\\tanghaiyong\physicaldisk(2)\avg. disk bytes/read","2","1289656.2132"
"15:53:57","run","\\tanghaiyong\physicaldisk(0 c: d:)\disk reads/sec","0 c: d:","0"
"15:53:57","run","\\tanghaiyong\physicaldisk(1 e: f: g: h:)\disk reads/sec","1 e: f: g: h:","0"
"15:53:57","run","\\tanghaiyong\physicaldisk(2)\disk reads/sec","2","860.6733"
"15:53:59","run","\\tanghaiyong\physicaldisk(0 c: d:)\% idle time","0 c: d:","99.7939"
"15:53:59","run","\\tanghaiyong\physicaldisk(1 e: f: g: h:)\% idle time","1 e: f: g: h:","99.918"
"15:53:59","run","\\tanghaiyong\physicaldisk(2)\% idle time","2","16.4615"
"15:53:59","run","\\tanghaiyong\physicaldisk(0 c: d:)\avg. disk sec/read","0 c: d:","0.0007"
"15:53:59","run","\\tanghaiyong\physicaldisk(1 e: f: g: h:)\avg. disk sec/read","1 e: f: g: h:","0"
"15:53:59","run","\\tanghaiyong\physicaldisk(2)\avg. disk sec/read","2","0.3119"
"15:53:59","run","\\tanghaiyong\physicaldisk(0 c: d:)\avg. disk sec/transfer","0 c: d:","0.0002"
"15:53:59","run","\\tanghaiyong\physicaldisk(1 e: f: g: h:)\avg. disk sec/transfer","1 e: f: g: h:","0.0003"
"15:53:59","run","\\tanghaiyong\physicaldisk(2)\avg. disk sec/transfer","2","0.3119"
"15:53:59","run","\\tanghaiyong\physicaldisk(0 c: d:)\current disk queue length","0 c: d:","1"
"15:53:59","run","\\tanghaiyong\physicaldisk(1 e: f: g: h:)\current disk queue length","1 e: f: g: h:","0"
"15:53:59","run","\\tanghaiyong\physicaldisk(2)\current disk queue length","2","0"
"15:53:59","run","\\tanghaiyong\physicaldisk(0 c: d:)\avg. disk queue length","0 c: d:","0.0015"
"15:53:59","run","\\tanghaiyong\physicaldisk(1 e: f: g: h:)\avg. disk queue length","1 e: f: g: h:","0.0003"
"15:53:59","run","\\tanghaiyong\physicaldisk(2)\avg. disk queue length","2","287.5573"
"15:53:59","run","\\tanghaiyong\physicaldisk(0 c: d:)\disk read bytes/sec","0 c: d:","130704.9674"
"15:53:59","run","\\tanghaiyong\physicaldisk(1 e: f: g: h:)\disk read bytes/sec","1 e: f: g: h:","0"
"15:53:59","run","\\tanghaiyong\physicaldisk(2)\disk read bytes/sec","2","1185146869.0769"
"15:53:59","run","\\tanghaiyong\physicaldisk(0 c: d:)\avg. disk bytes/read","0 c: d:","131072"
"15:53:59","run","\\tanghaiyong\physicaldisk(1 e: f: g: h:)\avg. disk bytes/read","1 e: f: g: h:","0"
"15:53:59","run","\\tanghaiyong\physicaldisk(2)\avg. disk bytes/read","2","1284837.7081"
"15:53:59","run","\\tanghaiyong\physicaldisk(0 c: d:)\disk reads/sec","0 c: d:","0.9972"
"15:53:59","run","\\tanghaiyong\physicaldisk(1 e: f: g: h:)\disk reads/sec","1 e: f: g: h:","0"
"15:53:59","run","\\tanghaiyong\physicaldisk(2)\disk reads/sec","2","922.4098"
"15:54:01","run","\\tanghaiyong\physicaldisk(0 c: d:)\% idle time","0 c: d:","99.9728"
"15:54:01","run","\\tanghaiyong\physicaldisk(1 e: f: g: h:)\% idle time","1 e: f: g: h:","99.9843"
"15:54:01","run","\\tanghaiyong\physicaldisk(2)\% idle time","2","13.3345"
"15:54:01","run","\\tanghaiyong\physicaldisk(0 c: d:)\avg. disk sec/read","0 c: d:","0"
"15:54:01","run","\\tanghaiyong\physicaldisk(1 e: f: g: h:)\avg. disk sec/read","1 e: f: g: h:","0"
"15:54:01","run","\\tanghaiyong\physicaldisk(2)\avg. disk sec/read","2","0.2913"
"15:54:01","run","\\tanghaiyong\physicaldisk(0 c: d:)\avg. disk sec/transfer","0 c: d:","0.0001"
"15:54:01","run","\\tanghaiyong\physicaldisk(1 e: f: g: h:)\avg. disk sec/transfer","1 e: f: g: h:","0"
"15:54:01","run","\\tanghaiyong\physicaldisk(2)\avg. disk sec/transfer","2","0.2913"
"15:54:01","run","\\tanghaiyong\physicaldisk(0 c: d:)\current disk queue length","0 c: d:","0"
"15:54:01","run","\\tanghaiyong\physicaldisk(1 e: f: g: h:)\current disk queue length","1 e: f: g: h:","0"
"15:54:01","run","\\tanghaiyong\physicaldisk(2)\current disk queue length","2","35"
"15:54:01","run","\\tanghaiyong\physicaldisk(0 c: d:)\avg. disk queue length","0 c: d:","0.0001"
"15:54:01","run","\\tanghaiyong\physicaldisk(1 e: f: g: h:)\avg. disk queue length","1 e: f: g: h:","0"
"15:54:01","run","\\tanghaiyong\physicaldisk(2)\avg. disk queue length","2","290.4151"
"15:54:01","run","\\tanghaiyong\physicaldisk(0 c: d:)\disk read bytes/sec","0 c: d:","0"
"15:54:01","run","\\tanghaiyong\physicaldisk(1 e: f: g: h:)\disk read bytes/sec","1 e: f: g: h:","0"
"15:54:01","run","\\tanghaiyong\physicaldisk(2)\disk read bytes/sec","2","1254110724.814"
"15:54:01","run","\\tanghaiyong\physicaldisk(0 c: d:)\avg. disk bytes/read","0 c: d:","0"
"15:54:01","run","\\tanghaiyong\physicaldisk(1 e: f: g: h:)\avg. disk bytes/read","1 e: f: g: h:","0"
"15:54:01","run","\\tanghaiyong\physicaldisk(2)\avg. disk bytes/read","2","1257561.8425"
"15:54:01","run","\\tanghaiyong\physicaldisk(0 c: d:)\disk reads/sec","0 c: d:","0"
"15:54:01","run","\\tanghaiyong\physicaldisk(1 e: f: g: h:)\disk reads/sec","1 e: f: g: h:","0"
"15:54:01","run","\\tanghaiyong\physicaldisk(2)\disk reads/sec","2","997.2557"
"15:54:03","run","\\tanghaiyong\physicaldisk(0 c: d:)\% idle time","0 c: d:","99.9328"
"15:54:03","run","\\tanghaiyong\physicaldisk(1 e: f: g: h:)\% idle time","1 e: f: g: h:","99.9824"
"15:54:03","run","\\tanghaiyong\physicaldisk(2)\% idle time","2","9.6676"
"15:54:03","run","\\tanghaiyong\physicaldisk(0 c: d:)\avg. disk sec/read","0 c: d:","0.0001"
"15:54:03","run","\\tanghaiyong\physicaldisk(1 e: f: g: h:)\avg. disk sec/read","1 e: f: g: h:","0"
"15:54:03","run","\\tanghaiyong\physicaldisk(2)\avg. disk sec/read","2","0.2705"
"15:54:03","run","\\tanghaiyong\physicaldisk(0 c: d:)\avg. disk sec/transfer","0 c: d:","0.0001"
"15:54:03","run","\\tanghaiyong\physicaldisk(1 e: f: g: h:)\avg. disk sec/transfer","1 e: f: g: h:","0"
"15:54:03","run","\\tanghaiyong\physicaldisk(2)\avg. disk sec/transfer","2","0.2705"
"15:54:03","run","\\tanghaiyong\physicaldisk(0 c: d:)\current disk queue length","0 c: d:","0"
"15:54:03","run","\\tanghaiyong\physicaldisk(1 e: f: g: h:)\current disk queue length","1 e: f: g: h:","0"
"15:54:03","run","\\tanghaiyong\physicaldisk(2)\current disk queue length","2","118"
"15:54:03","run","\\tanghaiyong\physicaldisk(0 c: d:)\avg. disk queue length","0 c: d:","0.0005"
"15:54:03","run","\\tanghaiyong\physicaldisk(1 e: f: g: h:)\avg. disk queue length","1 e: f: g: h:","0"
"15:54:03","run","\\tanghaiyong\physicaldisk(2)\avg. disk queue length","2","270.6957"
"15:54:03","run","\\tanghaiyong\physicaldisk(0 c: d:)\disk read bytes/sec","0 c: d:","5093.2209"
"15:54:03","run","\\tanghaiyong\physicaldisk(1 e: f: g: h:)\disk read bytes/sec","1 e: f: g: h:","0"
"15:54:03","run","\\tanghaiyong\physicaldisk(2)\disk read bytes/sec","2","1269185818.8019"
"15:54:03","run","\\tanghaiyong\physicaldisk(0 c: d:)\avg. disk bytes/read","0 c: d:","1706.6667"
"15:54:03","run","\\tanghaiyong\physicaldisk(1 e: f: g: h:)\avg. disk bytes/read","1 e: f: g: h:","0"
"15:54:03","run","\\tanghaiyong\physicaldisk(2)\avg. disk bytes/read","2","1268249.4473"
"15:54:03","run","\\tanghaiyong\physicaldisk(0 c: d:)\disk reads/sec","0 c: d:","2.9843"
"15:54:03","run","\\tanghaiyong\physicaldisk(1 e: f: g: h:)\disk reads/sec","1 e: f: g: h:","0"
"15:54:03","run","\\tanghaiyong\physicaldisk(2)\disk reads/sec","2","1000.7383"
"15:54:05","run","\\tanghaiyong\physicaldisk(0 c: d:)\% idle time","0 c: d:","99.9832"
"15:54:05","run","\\tanghaiyong\physicaldisk(1 e: f: g: h:)\% idle time","1 e: f: g: h:","0"
"15:54:05","run","\\tanghaiyong\physicaldisk(2)\% idle time","2","19.6895"
"15:54:05","run","\\tanghaiyong\physicaldisk(0 c: d:)\avg. disk sec/read","0 c: d:","0"
"15:54:05","run","\\tanghaiyong\physicaldisk(1 e: f: g: h:)\avg. disk sec/read","1 e: f: g: h:","0"
"15:54:05","run","\\tanghaiyong\physicaldisk(2)\avg. disk sec/read","2","0.2639"
"15:54:05","run","\\tanghaiyong\physicaldisk(0 c: d:)\avg. disk sec/transfer","0 c: d:","0"
"15:54:05","run","\\tanghaiyong\physicaldisk(1 e: f: g: h:)\avg. disk sec/transfer","1 e: f: g: h:","0"
"15:54:05","run","\\tanghaiyong\physicaldisk(2)\avg. disk sec/transfer","2","0.2639"
"15:54:05","run","\\tanghaiyong\physicaldisk(0 c: d:)\current disk queue length","0 c: d:","0"
"15:54:05","run","\\tanghaiyong\physicaldisk(1 e: f: g: h:)\current disk queue length","1 e: f: g: h:","1"
"15:54:05","run","\\tanghaiyong\physicaldisk(2)\current disk queue length","2","49"
"15:54:05","run","\\tanghaiyong\physicaldisk(0 c: d:)\avg. disk queue length","0 c: d:","0"
"15:54:05","run","\\tanghaiyong\physicaldisk(1 e: f: g: h:)\avg. disk queue length","1 e: f: g: h:","0"
"15:54:05","run","\\tanghaiyong\physicaldisk(2)\avg. disk queue length","2","226.8005"
"15:54:05","run","\\tanghaiyong\physicaldisk(0 c: d:)\disk read bytes/sec","0 c: d:","0"
"15:54:05","run","\\tanghaiyong\physicaldisk(1 e: f: g: h:)\disk read bytes/sec","1 e: f: g: h:","0"
"15:54:05","run","\\tanghaiyong\physicaldisk(2)\disk read bytes/sec","2","1109383116.6664"
"15:54:05","run","\\tanghaiyong\physicaldisk(0 c: d:)\avg. disk bytes/read","0 c: d:","0"
"15:54:05","run","\\tanghaiyong\physicaldisk(1 e: f: g: h:)\avg. disk bytes/read","1 e: f: g: h:","0"
"15:54:05","run","\\tanghaiyong\physicaldisk(2)\avg. disk bytes/read","2","1290567.4902"
"15:54:05","run","\\tanghaiyong\physicaldisk(0 c: d:)\disk reads/sec","0 c: d:","0"
"15:54:05","run","\\tanghaiyong\physicaldisk(1 e: f: g: h:)\disk reads/sec","1 e: f: g: h:","0"
"15:54:05","run","\\tanghaiyong\physicaldisk(2)\disk reads/sec","2","859.6088"
"15:54:07","run","\\tanghaiyong\physicaldisk(0 c: d:)\% idle time","0 c: d:","98.3252"
"15:54:07","run","\\tanghaiyong\physicaldisk(1 e: f: g: h:)\% idle time","1 e: f: g: h:","99.9439"
"15:54:07","run","\\tanghaiyong\physicaldisk(2)\% idle time","2","19.3969"
"15:54:07","run","\\tanghaiyong\physicaldisk(0 c: d:)\avg. disk sec/read","0 c: d:","0.0002"
"15:54:07","run","\\tanghaiyong\physicaldisk(1 e: f: g: h:)\avg. disk sec/read","1 e: f: g: h:","0"
"15:54:07","run","\\tanghaiyong\physicaldisk(2)\avg. disk sec/read","2","0.3246"
"15:54:07","run","\\tanghaiyong\physicaldisk(0 c: d:)\avg. disk sec/transfer","0 c: d:","0.0002"
"15:54:07","run","\\tanghaiyong\physicaldisk(1 e: f: g: h:)\avg. disk sec/transfer","1 e: f: g: h:","0"
"15:54:07","run","\\tanghaiyong\physicaldisk(2)\avg. disk sec/transfer","2","0.3246"
"15:54:07","run","\\tanghaiyong\physicaldisk(0 c: d:)\current disk queue length","0 c: d:","0"
"15:54:07","run","\\tanghaiyong\physicaldisk(1 e: f: g: h:)\current disk queue length","1 e: f: g: h:","0"
"15:54:07","run","\\tanghaiyong\physicaldisk(2)\current disk queue length","2","0"
"15:54:07","run","\\tanghaiyong\physicaldisk(0 c: d:)\avg. disk queue length","0 c: d:","0.0163"
"15:54:07","run","\\tanghaiyong\physicaldisk(1 e: f: g: h:)\avg. disk queue length","1 e: f: g: h:","0"
"15:54:07","run","\\tanghaiyong\physicaldisk(2)\avg. disk queue length","2","274.4332"
"15:54:07","run","\\tanghaiyong\physicaldisk(0 c: d:)\disk read bytes/sec","0 c: d:","1083512.4993"
"15:54:07","run","\\tanghaiyong\physicaldisk(1 e: f: g: h:)\disk read bytes/sec","1 e: f: g: h:","0"
"15:54:07","run","\\tanghaiyong\physicaldisk(2)\disk read bytes/sec","2","1083982924.7072"
"15:54:07","run","\\tanghaiyong\physicaldisk(0 c: d:)\avg. disk bytes/read","0 c: d:","15280.6761"
"15:54:07","run","\\tanghaiyong\physicaldisk(1 e: f: g: h:)\avg. disk bytes/read","1 e: f: g: h:","0"
"15:54:07","run","\\tanghaiyong\physicaldisk(2)\avg. disk bytes/read","2","1281462.8571"
"15:54:07","run","\\tanghaiyong\physicaldisk(0 c: d:)\disk reads/sec","0 c: d:","70.9074"
"15:54:07","run","\\tanghaiyong\physicaldisk(1 e: f: g: h:)\disk reads/sec","1 e: f: g: h:","0"
"15:54:07","run","\\tanghaiyong\physicaldisk(2)\disk reads/sec","2","845.8949"
"15:54:09","run","\\tanghaiyong\physicaldisk(0 c: d:)\% idle time","0 c: d:","99.929"
"15:54:09","run","\\tanghaiyong\physicaldisk(1 e: f: g: h:)\% idle time","1 e: f: g: h:","99.9835"
"15:54:09","run","\\tanghaiyong\physicaldisk(2)\% idle time","2","12.2485"
"15:54:09","run","\\tanghaiyong\physicaldisk(0 c: d:)\avg. disk sec/read","0 c: d:","0"
"15:54:09","run","\\tanghaiyong\physicaldisk(1 e: f: g: h:)\avg. disk sec/read","1 e: f: g: h:","0"
"15:54:09","run","\\tanghaiyong\physicaldisk(2)\avg. disk sec/read","2","0.2787"
"15:54:09","run","\\tanghaiyong\physicaldisk(0 c: d:)\avg. disk sec/transfer","0 c: d:","0.0001"
"15:54:09","run","\\tanghaiyong\physicaldisk(1 e: f: g: h:)\avg. disk sec/transfer","1 e: f: g: h:","0"
"15:54:09","run","\\tanghaiyong\physicaldisk(2)\avg. disk sec/transfer","2","0.2787"
"15:54:09","run","\\tanghaiyong\physicaldisk(0 c: d:)\current disk queue length","0 c: d:","0"
"15:54:09","run","\\tanghaiyong\physicaldisk(1 e: f: g: h:)\current disk queue length","1 e: f: g: h:","0"
"15:54:09","run","\\tanghaiyong\physicaldisk(2)\current disk queue length","2","24"
"15:54:09","run","\\tanghaiyong\physicaldisk(0 c: d:)\avg. disk queue length","0 c: d:","0.0001"
"15:54:09","run","\\tanghaiyong\physicaldisk(1 e: f: g: h:)\avg. disk queue length","1 e: f: g: h:","0"
"15:54:09","run","\\tanghaiyong\physicaldisk(2)\avg. disk queue length","2","272.9981"
"15:54:09","run","\\tanghaiyong\physicaldisk(0 c: d:)\disk read bytes/sec","0 c: d:","0"
"15:54:09","run","\\tanghaiyong\physicaldisk(1 e: f: g: h:)\disk read bytes/sec","1 e: f: g: h:","0"
"15:54:09","run","\\tanghaiyong\physicaldisk(2)\disk read bytes/sec","2","1258597303.4829"
"15:54:09","run","\\tanghaiyong\physicaldisk(0 c: d:)\avg. disk bytes/read","0 c: d:","0"
"15:54:09","run","\\tanghaiyong\physicaldisk(1 e: f: g: h:)\avg. disk bytes/read","1 e: f: g: h:","0"
"15:54:09","run","\\tanghaiyong\physicaldisk(2)\avg. disk bytes/read","2","1284759.2609"
"15:54:09","run","\\tanghaiyong\physicaldisk(0 c: d:)\disk reads/sec","0 c: d:","0"
"15:54:09","run","\\tanghaiyong\physicaldisk(1 e: f: g: h:)\disk reads/sec","1 e: f: g: h:","0"
"15:54:09","run","\\tanghaiyong\physicaldisk(2)\disk reads/sec","2","979.6367"
"15:54:11","run","\\tanghaiyong\physicaldisk(0 c: d:)\% idle time","0 c: d:","98.5961"
"15:54:11","run","\\tanghaiyong\physicaldisk(1 e: f: g: h:)\% idle time","1 e: f: g: h:","99.9232"
"15:54:11","run","\\tanghaiyong\physicaldisk(2)\% idle time","2","12.7413"
"15:54:11","run","\\tanghaiyong\physicaldisk(0 c: d:)\avg. disk sec/read","0 c: d:","0.0003"
"15:54:11","run","\\tanghaiyong\physicaldisk(1 e: f: g: h:)\avg. disk sec/read","1 e: f: g: h:","0"
"15:54:11","run","\\tanghaiyong\physicaldisk(2)\avg. disk sec/read","2","0.2558"
"15:54:11","run","\\tanghaiyong\physicaldisk(0 c: d:)\avg. disk sec/transfer","0 c: d:","0.0002"
"15:54:11","run","\\tanghaiyong\physicaldisk(1 e: f: g: h:)\avg. disk sec/transfer","1 e: f: g: h:","0"
"15:54:11","run","\\tanghaiyong\physicaldisk(2)\avg. disk sec/transfer","2","0.2558"
"15:54:11","run","\\tanghaiyong\physicaldisk(0 c: d:)\current disk queue length","0 c: d:","0"
"15:54:11","run","\\tanghaiyong\physicaldisk(1 e: f: g: h:)\current disk queue length","1 e: f: g: h:","0"
"15:54:11","run","\\tanghaiyong\physicaldisk(2)\current disk queue length","2","222"
"15:54:11","run","\\tanghaiyong\physicaldisk(0 c: d:)\avg. disk queue length","0 c: d:","0.0101"
"15:54:11","run","\\tanghaiyong\physicaldisk(1 e: f: g: h:)\avg. disk queue length","1 e: f: g: h:","0"
"15:54:11","run","\\tanghaiyong\physicaldisk(2)\avg. disk queue length","2","235.5409"
"15:54:11","run","\\tanghaiyong\physicaldisk(0 c: d:)\disk read bytes/sec","0 c: d:","286610.535"
"15:54:11","run","\\tanghaiyong\physicaldisk(1 e: f: g: h:)\disk read bytes/sec","1 e: f: g: h:","0"
"15:54:11","run","\\tanghaiyong\physicaldisk(2)\disk read bytes/sec","2","1190382360.5849"
"15:54:11","run","\\tanghaiyong\physicaldisk(0 c: d:)\avg. disk bytes/read","0 c: d:","19387.7333"
"15:54:11","run","\\tanghaiyong\physicaldisk(1 e: f: g: h:)\avg. disk bytes/read","1 e: f: g: h:","0"
"15:54:11","run","\\tanghaiyong\physicaldisk(2)\avg. disk bytes/read","2","1291817.0695"
"15:54:11","run","\\tanghaiyong\physicaldisk(0 c: d:)\disk reads/sec","0 c: d:","14.7831"
"15:54:11","run","\\tanghaiyong\physicaldisk(1 e: f: g: h:)\disk reads/sec","1 e: f: g: h:","0"
"15:54:11","run","\\tanghaiyong\physicaldisk(2)\disk reads/sec","2","921.479"
"15:54:13","run","\\tanghaiyong\physicaldisk(0 c: d:)\% idle time","0 c: d:","99.8871"
"15:54:13","run","\\tanghaiyong\physicaldisk(1 e: f: g: h:)\% idle time","1 e: f: g: h:","100.0007"
"15:54:13","run","\\tanghaiyong\physicaldisk(2)\% idle time","2","19.7524"
"15:54:13","run","\\tanghaiyong\physicaldisk(0 c: d:)\avg. disk sec/read","0 c: d:","0.0001"
"15:54:13","run","\\tanghaiyong\physicaldisk(1 e: f: g: h:)\avg. disk sec/read","1 e: f: g: h:","0"
"15:54:13","run","\\tanghaiyong\physicaldisk(2)\avg. disk sec/read","2","0.3166"
"15:54:13","run","\\tanghaiyong\physicaldisk(0 c: d:)\avg. disk sec/transfer","0 c: d:","0.0001"
"15:54:13","run","\\tanghaiyong\physicaldisk(1 e: f: g: h:)\avg. disk sec/transfer","1 e: f: g: h:","0"
"15:54:13","run","\\tanghaiyong\physicaldisk(2)\avg. disk sec/transfer","2","0.3166"
"15:54:13","run","\\tanghaiyong\physicaldisk(0 c: d:)\current disk queue length","0 c: d:","0"
"15:54:13","run","\\tanghaiyong\physicaldisk(1 e: f: g: h:)\current disk queue length","1 e: f: g: h:","0"
"15:54:13","run","\\tanghaiyong\physicaldisk(2)\current disk queue length","2","0"
"15:54:13","run","\\tanghaiyong\physicaldisk(0 c: d:)\avg. disk queue length","0 c: d:","0.0013"
"15:54:13","run","\\tanghaiyong\physicaldisk(1 e: f: g: h:)\avg. disk queue length","1 e: f: g: h:","0"
"15:54:13","run","\\tanghaiyong\physicaldisk(2)\avg. disk queue length","2","268.4016"
"15:54:13","run","\\tanghaiyong\physicaldisk(0 c: d:)\disk read bytes/sec","0 c: d:","21425.5354"
"15:54:13","run","\\tanghaiyong\physicaldisk(1 e: f: g: h:)\disk read bytes/sec","1 e: f: g: h:","0"
"15:54:13","run","\\tanghaiyong\physicaldisk(2)\disk read bytes/sec","2","1090661778.435"
"15:54:13","run","\\tanghaiyong\physicaldisk(0 c: d:)\avg. disk bytes/read","0 c: d:","5376"
"15:54:13","run","\\tanghaiyong\physicaldisk(1 e: f: g: h:)\avg. disk bytes/read","1 e: f: g: h:","0"
"15:54:13","run","\\tanghaiyong\physicaldisk(2)\avg. disk bytes/read","2","1286317.2738"
"15:54:13","run","\\tanghaiyong\physicaldisk(0 c: d:)\disk reads/sec","0 c: d:","3.9854"
"15:54:13","run","\\tanghaiyong\physicaldisk(1 e: f: g: h:)\disk reads/sec","1 e: f: g: h:","0"
"15:54:13","run","\\tanghaiyong\physicaldisk(2)\disk reads/sec","2","847.8948"
"15:54:15","run","\\tanghaiyong\physicaldisk(0 c: d:)\% idle time","0 c: d:","99.9409"
"15:54:15","run","\\tanghaiyong\physicaldisk(1 e: f: g: h:)\% idle time","1 e: f: g: h:","99.9806"
"15:54:15","run","\\tanghaiyong\physicaldisk(2)\% idle time","2","12.7453"
"15:54:15","run","\\tanghaiyong\physicaldisk(0 c: d:)\avg. disk sec/read","0 c: d:","0"
"15:54:15","run","\\tanghaiyong\physicaldisk(1 e: f: g: h:)\avg. disk sec/read","1 e: f: g: h:","0"
"15:54:15","run","\\tanghaiyong\physicaldisk(2)\avg. disk sec/read","2","0.2712"
"15:54:15","run","\\tanghaiyong\physicaldisk(0 c: d:)\avg. disk sec/transfer","0 c: d:","0"
"15:54:15","run","\\tanghaiyong\physicaldisk(1 e: f: g: h:)\avg. disk sec/transfer","1 e: f: g: h:","0"
"15:54:15","run","\\tanghaiyong\physicaldisk(2)\avg. disk sec/transfer","2","0.2712"
"15:54:15","run","\\tanghaiyong\physicaldisk(0 c: d:)\current disk queue length","0 c: d:","0"
"15:54:15","run","\\tanghaiyong\physicaldisk(1 e: f: g: h:)\current disk queue length","1 e: f: g: h:","0"
"15:54:15","run","\\tanghaiyong\physicaldisk(2)\current disk queue length","2","23"
"15:54:15","run","\\tanghaiyong\physicaldisk(0 c: d:)\avg. disk queue length","0 c: d:","0.0004"
"15:54:15","run","\\tanghaiyong\physicaldisk(1 e: f: g: h:)\avg. disk queue length","1 e: f: g: h:","0"
"15:54:15","run","\\tanghaiyong\physicaldisk(2)\avg. disk queue length","2","270.819"
"15:54:15","run","\\tanghaiyong\physicaldisk(0 c: d:)\disk read bytes/sec","0 c: d:","0"
"15:54:15","run","\\tanghaiyong\physicaldisk(1 e: f: g: h:)\disk read bytes/sec","1 e: f: g: h:","0"
"15:54:15","run","\\tanghaiyong\physicaldisk(2)\disk read bytes/sec","2","1286531887.3351"
"15:54:15","run","\\tanghaiyong\physicaldisk(0 c: d:)\avg. disk bytes/read","0 c: d:","0"
"15:54:15","run","\\tanghaiyong\physicaldisk(1 e: f: g: h:)\avg. disk bytes/read","1 e: f: g: h:","0"
"15:54:15","run","\\tanghaiyong\physicaldisk(2)\avg. disk bytes/read","2","1288279.8006"
"15:54:15","run","\\tanghaiyong\physicaldisk(0 c: d:)\disk reads/sec","0 c: d:","0"
"15:54:15","run","\\tanghaiyong\physicaldisk(1 e: f: g: h:)\disk reads/sec","1 e: f: g: h:","0"
"15:54:15","run","\\tanghaiyong\physicaldisk(2)\disk reads/sec","2","998.6432"
"15:54:17","run","\\tanghaiyong\physicaldisk(0 c: d:)\% idle time","0 c: d:","99.0723"
"15:54:17","run","\\tanghaiyong\physicaldisk(1 e: f: g: h:)\% idle time","1 e: f: g: h:","99.9391"
"15:54:17","run","\\tanghaiyong\physicaldisk(2)\% idle time","2","9.9698"
"15:54:17","run","\\tanghaiyong\physicaldisk(0 c: d:)\avg. disk sec/read","0 c: d:","0"
"15:54:17","run","\\tanghaiyong\physicaldisk(1 e: f: g: h:)\avg. disk sec/read","1 e: f: g: h:","0"
"15:54:17","run","\\tanghaiyong\physicaldisk(2)\avg. disk sec/read","2","0.2452"
"15:54:17","run","\\tanghaiyong\physicaldisk(0 c: d:)\avg. disk sec/transfer","0 c: d:","0.0001"
"15:54:17","run","\\tanghaiyong\physicaldisk(1 e: f: g: h:)\avg. disk sec/transfer","1 e: f: g: h:","0"
"15:54:17","run","\\tanghaiyong\physicaldisk(2)\avg. disk sec/transfer","2","0.2452"
"15:54:17","run","\\tanghaiyong\physicaldisk(0 c: d:)\current disk queue length","0 c: d:","0"
"15:54:17","run","\\tanghaiyong\physicaldisk(1 e: f: g: h:)\current disk queue length","1 e: f: g: h:","0"
"15:54:17","run","\\tanghaiyong\physicaldisk(2)\current disk queue length","2","168"
"15:54:17","run","\\tanghaiyong\physicaldisk(0 c: d:)\avg. disk queue length","0 c: d:","0.0049"
"15:54:17","run","\\tanghaiyong\physicaldisk(1 e: f: g: h:)\avg. disk queue length","1 e: f: g: h:","0"
"15:54:17","run","\\tanghaiyong\physicaldisk(2)\avg. disk queue length","2","244.3502"
"15:54:17","run","\\tanghaiyong\physicaldisk(0 c: d:)\disk read bytes/sec","0 c: d:","0"
"15:54:17","run","\\tanghaiyong\physicaldisk(1 e: f: g: h:)\disk read bytes/sec","1 e: f: g: h:","0"
"15:54:17","run","\\tanghaiyong\physicaldisk(2)\disk read bytes/sec","2","1286060327.424"
"15:54:17","run","\\tanghaiyong\physicaldisk(0 c: d:)\avg. disk bytes/read","0 c: d:","0"
"15:54:17","run","\\tanghaiyong\physicaldisk(1 e: f: g: h:)\avg. disk bytes/read","1 e: f: g: h:","0"
"15:54:17","run","\\tanghaiyong\physicaldisk(2)\avg. disk bytes/read","2","1289555.968"
"15:54:17","run","\\tanghaiyong\physicaldisk(0 c: d:)\disk reads/sec","0 c: d:","0"
"15:54:17","run","\\tanghaiyong\physicaldisk(1 e: f: g: h:)\disk reads/sec","1 e: f: g: h:","0"
"15:54:17","run","\\tanghaiyong\physicaldisk(2)\disk reads/sec","2","997.2893"
"15:54:19","run","\\tanghaiyong\physicaldisk(0 c: d:)\% idle time","0 c: d:","99.9314"
"15:54:19","run","\\tanghaiyong\physicaldisk(1 e: f: g: h:)\% idle time","1 e: f: g: h:","99.9805"
"15:54:19","run","\\tanghaiyong\physicaldisk(2)\% idle time","2","17.7692"
"15:54:19","run","\\tanghaiyong\physicaldisk(0 c: d:)\avg. disk sec/read","0 c: d:","0.0002"
"15:54:19","run","\\tanghaiyong\physicaldisk(1 e: f: g: h:)\avg. disk sec/read","1 e: f: g: h:","0"
"15:54:19","run","\\tanghaiyong\physicaldisk(2)\avg. disk sec/read","2","0.2469"
"15:54:19","run","\\tanghaiyong\physicaldisk(0 c: d:)\avg. disk sec/transfer","0 c: d:","0.0001"
"15:54:19","run","\\tanghaiyong\physicaldisk(1 e: f: g: h:)\avg. disk sec/transfer","1 e: f: g: h:","0"
"15:54:19","run","\\tanghaiyong\physicaldisk(2)\avg. disk sec/transfer","2","0.2469"
"15:54:19","run","\\tanghaiyong\physicaldisk(0 c: d:)\current disk queue length","0 c: d:","0"
"15:54:19","run","\\tanghaiyong\physicaldisk(1 e: f: g: h:)\current disk queue length","1 e: f: g: h:","0"
"15:54:19","run","\\tanghaiyong\physicaldisk(2)\current disk queue length","2","16"
"15:54:19","run","\\tanghaiyong\physicaldisk(0 c: d:)\avg. disk queue length","0 c: d:","0.0005"
"15:54:19","run","\\tanghaiyong\physicaldisk(1 e: f: g: h:)\avg. disk queue length","1 e: f: g: h:","0"
"15:54:19","run","\\tanghaiyong\physicaldisk(2)\avg. disk queue length","2","221.0172"
"15:54:19","run","\\tanghaiyong\physicaldisk(0 c: d:)\disk read bytes/sec","0 c: d:","16337.0066"
"15:54:19","run","\\tanghaiyong\physicaldisk(1 e: f: g: h:)\disk read bytes/sec","1 e: f: g: h:","0"
"15:54:19","run","\\tanghaiyong\physicaldisk(2)\disk read bytes/sec","2","1151918251.1506"
"15:54:19","run","\\tanghaiyong\physicaldisk(0 c: d:)\avg. disk bytes/read","0 c: d:","16384"
"15:54:19","run","\\tanghaiyong\physicaldisk(1 e: f: g: h:)\avg. disk bytes/read","1 e: f: g: h:","0"
"15:54:19","run","\\tanghaiyong\physicaldisk(2)\avg. disk bytes/read","2","1286449.6036"
"15:54:19","run","\\tanghaiyong\physicaldisk(0 c: d:)\disk reads/sec","0 c: d:","0.9971"
"15:54:19","run","\\tanghaiyong\physicaldisk(1 e: f: g: h:)\disk reads/sec","1 e: f: g: h:","0"
"15:54:19","run","\\tanghaiyong\physicaldisk(2)\disk reads/sec","2","895.4243"
"15:54:21","run","\\tanghaiyong\physicaldisk(0 c: d:)\% idle time","0 c: d:","99.9833"
"15:54:21","run","\\tanghaiyong\physicaldisk(1 e: f: g: h:)\% idle time","1 e: f: g: h:","99.9834"
"15:54:21","run","\\tanghaiyong\physicaldisk(2)\% idle time","2","22.436"
"15:54:21","run","\\tanghaiyong\physicaldisk(0 c: d:)\avg. disk sec/read","0 c: d:","0"
"15:54:21","run","\\tanghaiyong\physicaldisk(1 e: f: g: h:)\avg. disk sec/read","1 e: f: g: h:","0"
"15:54:21","run","\\tanghaiyong\physicaldisk(2)\avg. disk sec/read","2","0.3459"
"15:54:21","run","\\tanghaiyong\physicaldisk(0 c: d:)\avg. disk sec/transfer","0 c: d:","0"
"15:54:21","run","\\tanghaiyong\physicaldisk(1 e: f: g: h:)\avg. disk sec/transfer","1 e: f: g: h:","0"
"15:54:21","run","\\tanghaiyong\physicaldisk(2)\avg. disk sec/transfer","2","0.3459"
"15:54:21","run","\\tanghaiyong\physicaldisk(0 c: d:)\current disk queue length","0 c: d:","0"
"15:54:21","run","\\tanghaiyong\physicaldisk(1 e: f: g: h:)\current disk queue length","1 e: f: g: h:","0"
"15:54:21","run","\\tanghaiyong\physicaldisk(2)\current disk queue length","2","0"
"15:54:21","run","\\tanghaiyong\physicaldisk(0 c: d:)\avg. disk queue length","0 c: d:","0"
"15:54:21","run","\\tanghaiyong\physicaldisk(1 e: f: g: h:)\avg. disk queue length","1 e: f: g: h:","0"
"15:54:21","run","\\tanghaiyong\physicaldisk(2)\avg. disk queue length","2","311.8109"
"15:54:21","run","\\tanghaiyong\physicaldisk(0 c: d:)\disk read bytes/sec","0 c: d:","0"
"15:54:21","run","\\tanghaiyong\physicaldisk(1 e: f: g: h:)\disk read bytes/sec","1 e: f: g: h:","0"
"15:54:21","run","\\tanghaiyong\physicaldisk(2)\disk read bytes/sec","2","1152080103.0541"
"15:54:21","run","\\tanghaiyong\physicaldisk(0 c: d:)\avg. disk bytes/read","0 c: d:","0"
"15:54:21","run","\\tanghaiyong\physicaldisk(1 e: f: g: h:)\avg. disk bytes/read","1 e: f: g: h:","0"
"15:54:21","run","\\tanghaiyong\physicaldisk(2)\avg. disk bytes/read","2","1277684.968"
"15:54:21","run","\\tanghaiyong\physicaldisk(0 c: d:)\disk reads/sec","0 c: d:","0"
"15:54:21","run","\\tanghaiyong\physicaldisk(1 e: f: g: h:)\disk reads/sec","1 e: f: g: h:","0"
"15:54:21","run","\\tanghaiyong\physicaldisk(2)\disk reads/sec","2","901.6934"
"15:54:23","run","\\tanghaiyong\physicaldisk(0 c: d:)\% idle time","0 c: d:","99.7363"
"15:54:23","run","\\tanghaiyong\physicaldisk(1 e: f: g: h:)\% idle time","1 e: f: g: h:","99.97"
"15:54:23","run","\\tanghaiyong\physicaldisk(2)\% idle time","2","4.5171"
"15:54:23","run","\\tanghaiyong\physicaldisk(0 c: d:)\avg. disk sec/read","0 c: d:","0.0003"
"15:54:23","run","\\tanghaiyong\physicaldisk(1 e: f: g: h:)\avg. disk sec/read","1 e: f: g: h:","0"
"15:54:23","run","\\tanghaiyong\physicaldisk(2)\avg. disk sec/read","2","0.2854"
"15:54:23","run","\\tanghaiyong\physicaldisk(0 c: d:)\avg. disk sec/transfer","0 c: d:","0.0002"
"15:54:23","run","\\tanghaiyong\physicaldisk(1 e: f: g: h:)\avg. disk sec/transfer","1 e: f: g: h:","0"
"15:54:23","run","\\tanghaiyong\physicaldisk(2)\avg. disk sec/transfer","2","0.2854"
"15:54:23","run","\\tanghaiyong\physicaldisk(0 c: d:)\current disk queue length","0 c: d:","0"
"15:54:23","run","\\tanghaiyong\physicaldisk(1 e: f: g: h:)\current disk queue length","1 e: f: g: h:","0"
"15:54:23","run","\\tanghaiyong\physicaldisk(2)\current disk queue length","2","43"
"15:54:23","run","\\tanghaiyong\physicaldisk(0 c: d:)\avg. disk queue length","0 c: d:","0.0023"
"15:54:23","run","\\tanghaiyong\physicaldisk(1 e: f: g: h:)\avg. disk queue length","1 e: f: g: h:","0"
"15:54:23","run","\\tanghaiyong\physicaldisk(2)\avg. disk queue length","2","303.2015"
"15:54:23","run","\\tanghaiyong\physicaldisk(0 c: d:)\disk read bytes/sec","0 c: d:","136024.9613"
"15:54:23","run","\\tanghaiyong\physicaldisk(1 e: f: g: h:)\disk read bytes/sec","1 e: f: g: h:","0"
"15:54:23","run","\\tanghaiyong\physicaldisk(2)\disk read bytes/sec","2","1370190685.8378"
"15:54:23","run","\\tanghaiyong\physicaldisk(0 c: d:)\avg. disk bytes/read","0 c: d:","34048"
"15:54:23","run","\\tanghaiyong\physicaldisk(1 e: f: g: h:)\avg. disk bytes/read","1 e: f: g: h:","0"
"15:54:23","run","\\tanghaiyong\physicaldisk(2)\avg. disk bytes/read","2","1289354.5865"
"15:54:23","run","\\tanghaiyong\physicaldisk(0 c: d:)\disk reads/sec","0 c: d:","3.9951"
"15:54:23","run","\\tanghaiyong\physicaldisk(1 e: f: g: h:)\disk reads/sec","1 e: f: g: h:","0"
"15:54:23","run","\\tanghaiyong\physicaldisk(2)\disk reads/sec","2","1062.695"
"15:54:25","run","\\tanghaiyong\physicaldisk(0 c: d:)\% idle time","0 c: d:","99.8626"
"15:54:25","run","\\tanghaiyong\physicaldisk(1 e: f: g: h:)\% idle time","1 e: f: g: h:","99.9821"
"15:54:25","run","\\tanghaiyong\physicaldisk(2)\% idle time","2","29.7772"
"15:54:25","run","\\tanghaiyong\physicaldisk(0 c: d:)\avg. disk sec/read","0 c: d:","0"
"15:54:25","run","\\tanghaiyong\physicaldisk(1 e: f: g: h:)\avg. disk sec/read","1 e: f: g: h:","0"
"15:54:25","run","\\tanghaiyong\physicaldisk(2)\avg. disk sec/read","2","0.2045"
"15:54:25","run","\\tanghaiyong\physicaldisk(0 c: d:)\avg. disk sec/transfer","0 c: d:","0.0001"
"15:54:25","run","\\tanghaiyong\physicaldisk(1 e: f: g: h:)\avg. disk sec/transfer","1 e: f: g: h:","0"
"15:54:25","run","\\tanghaiyong\physicaldisk(2)\avg. disk sec/transfer","2","0.2045"
"15:54:25","run","\\tanghaiyong\physicaldisk(0 c: d:)\current disk queue length","0 c: d:","0"
"15:54:25","run","\\tanghaiyong\physicaldisk(1 e: f: g: h:)\current disk queue length","1 e: f: g: h:","0"
"15:54:25","run","\\tanghaiyong\physicaldisk(2)\current disk queue length","2","0"
"15:54:25","run","\\tanghaiyong\physicaldisk(0 c: d:)\avg. disk queue length","0 c: d:","0.0004"
"15:54:25","run","\\tanghaiyong\physicaldisk(1 e: f: g: h:)\avg. disk queue length","1 e: f: g: h:","0"
"15:54:25","run","\\tanghaiyong\physicaldisk(2)\avg. disk queue length","2","183.6278"
"15:54:25","run","\\tanghaiyong\physicaldisk(0 c: d:)\disk read bytes/sec","0 c: d:","0"
"15:54:25","run","\\tanghaiyong\physicaldisk(1 e: f: g: h:)\disk read bytes/sec","1 e: f: g: h:","0"
"15:54:25","run","\\tanghaiyong\physicaldisk(2)\disk read bytes/sec","2","1134501188.3952"
"15:54:25","run","\\tanghaiyong\physicaldisk(0 c: d:)\avg. disk bytes/read","0 c: d:","0"
"15:54:25","run","\\tanghaiyong\physicaldisk(1 e: f: g: h:)\avg. disk bytes/read","1 e: f: g: h:","0"
"15:54:25","run","\\tanghaiyong\physicaldisk(2)\avg. disk bytes/read","2","1263001.6"
"15:54:25","run","\\tanghaiyong\physicaldisk(0 c: d:)\disk reads/sec","0 c: d:","0"
"15:54:25","run","\\tanghaiyong\physicaldisk(1 e: f: g: h:)\disk reads/sec","1 e: f: g: h:","0"
"15:54:25","run","\\tanghaiyong\physicaldisk(2)\disk reads/sec","2","898.2579"
"15:54:27","run","\\tanghaiyong\physicaldisk(0 c: d:)\% idle time","0 c: d:","99.9444"
"15:54:27","run","\\tanghaiyong\physicaldisk(1 e: f: g: h:)\% idle time","1 e: f: g: h:","99.9614"
"15:54:27","run","\\tanghaiyong\physicaldisk(2)\% idle time","2","48.6241"
"15:54:27","run","\\tanghaiyong\physicaldisk(0 c: d:)\avg. disk sec/read","0 c: d:","0"
"15:54:27","run","\\tanghaiyong\physicaldisk(1 e: f: g: h:)\avg. disk sec/read","1 e: f: g: h:","0"
"15:54:27","run","\\tanghaiyong\physicaldisk(2)\avg. disk sec/read","2","0.0708"
"15:54:27","run","\\tanghaiyong\physicaldisk(0 c: d:)\avg. disk sec/transfer","0 c: d:","0.0001"
"15:54:27","run","\\tanghaiyong\physicaldisk(1 e: f: g: h:)\avg. disk sec/transfer","1 e: f: g: h:","0"
"15:54:27","run","\\tanghaiyong\physicaldisk(2)\avg. disk sec/transfer","2","0.0708"
"15:54:27","run","\\tanghaiyong\physicaldisk(0 c: d:)\current disk queue length","0 c: d:","0"
"15:54:27","run","\\tanghaiyong\physicaldisk(1 e: f: g: h:)\current disk queue length","1 e: f: g: h:","0"
"15:54:27","run","\\tanghaiyong\physicaldisk(2)\current disk queue length","2","155"
"15:54:27","run","\\tanghaiyong\physicaldisk(0 c: d:)\avg. disk queue length","0 c: d:","0.0002"
"15:54:27","run","\\tanghaiyong\physicaldisk(1 e: f: g: h:)\avg. disk queue length","1 e: f: g: h:","0"
"15:54:27","run","\\tanghaiyong\physicaldisk(2)\avg. disk queue length","2","51.2781"
"15:54:27","run","\\tanghaiyong\physicaldisk(0 c: d:)\disk read bytes/sec","0 c: d:","0"
"15:54:27","run","\\tanghaiyong\physicaldisk(1 e: f: g: h:)\disk read bytes/sec","1 e: f: g: h:","0"
"15:54:27","run","\\tanghaiyong\physicaldisk(2)\disk read bytes/sec","2","908894439.7617"
"15:54:27","run","\\tanghaiyong\physicaldisk(0 c: d:)\avg. disk bytes/read","0 c: d:","0"
"15:54:27","run","\\tanghaiyong\physicaldisk(1 e: f: g: h:)\avg. disk bytes/read","1 e: f: g: h:","0"
"15:54:27","run","\\tanghaiyong\physicaldisk(2)\avg. disk bytes/read","2","1253952.2648"
"15:54:27","run","\\tanghaiyong\physicaldisk(0 c: d:)\disk reads/sec","0 c: d:","0"
"15:54:27","run","\\tanghaiyong\physicaldisk(1 e: f: g: h:)\disk reads/sec","1 e: f: g: h:","0"
"15:54:27","run","\\tanghaiyong\physicaldisk(2)\disk reads/sec","2","724.8238"
"15:54:29","run","\\tanghaiyong\physicaldisk(0 c: d:)\% idle time","0 c: d:","98.7785"
"15:54:29","run","\\tanghaiyong\physicaldisk(1 e: f: g: h:)\% idle time","1 e: f: g: h:","99.9786"
"15:54:29","run","\\tanghaiyong\physicaldisk(2)\% idle time","2","49.9518"
"15:54:29","run","\\tanghaiyong\physicaldisk(0 c: d:)\avg. disk sec/read","0 c: d:","0"
"15:54:29","run","\\tanghaiyong\physicaldisk(1 e: f: g: h:)\avg. disk sec/read","1 e: f: g: h:","0"
"15:54:29","run","\\tanghaiyong\physicaldisk(2)\avg. disk sec/read","2","0.0799"
"15:54:29","run","\\tanghaiyong\physicaldisk(0 c: d:)\avg. disk sec/transfer","0 c: d:","0.0001"
"15:54:29","run","\\tanghaiyong\physicaldisk(1 e: f: g: h:)\avg. disk sec/transfer","1 e: f: g: h:","0"
"15:54:29","run","\\tanghaiyong\physicaldisk(2)\avg. disk sec/transfer","2","0.0799"
"15:54:29","run","\\tanghaiyong\physicaldisk(0 c: d:)\current disk queue length","0 c: d:","0"
"15:54:29","run","\\tanghaiyong\physicaldisk(1 e: f: g: h:)\current disk queue length","1 e: f: g: h:","0"
"15:54:29","run","\\tanghaiyong\physicaldisk(2)\current disk queue length","2","0"
"15:54:29","run","\\tanghaiyong\physicaldisk(0 c: d:)\avg. disk queue length","0 c: d:","0.0053"
"15:54:29","run","\\tanghaiyong\physicaldisk(1 e: f: g: h:)\avg. disk queue length","1 e: f: g: h:","0"
"15:54:29","run","\\tanghaiyong\physicaldisk(2)\avg. disk queue length","2","56.3752"
"15:54:29","run","\\tanghaiyong\physicaldisk(0 c: d:)\disk read bytes/sec","0 c: d:","0"
"15:54:29","run","\\tanghaiyong\physicaldisk(1 e: f: g: h:)\disk read bytes/sec","1 e: f: g: h:","0"
"15:54:29","run","\\tanghaiyong\physicaldisk(2)\disk read bytes/sec","2","883906885.8253"
"15:54:29","run","\\tanghaiyong\physicaldisk(0 c: d:)\avg. disk bytes/read","0 c: d:","0"
"15:54:29","run","\\tanghaiyong\physicaldisk(1 e: f: g: h:)\avg. disk bytes/read","1 e: f: g: h:","0"
"15:54:29","run","\\tanghaiyong\physicaldisk(2)\avg. disk bytes/read","2","1252808.2376"
"15:54:29","run","\\tanghaiyong\physicaldisk(0 c: d:)\disk reads/sec","0 c: d:","0"
"15:54:29","run","\\tanghaiyong\physicaldisk(1 e: f: g: h:)\disk reads/sec","1 e: f: g: h:","0"
"15:54:29","run","\\tanghaiyong\physicaldisk(2)\disk reads/sec","2","705.5404"
"15:54:31","run","\\tanghaiyong\physicaldisk(0 c: d:)\% idle time","0 c: d:","100.0165"
"15:54:31","run","\\tanghaiyong\physicaldisk(1 e: f: g: h:)\% idle time","1 e: f: g: h:","100.0248"
"15:54:31","run","\\tanghaiyong\physicaldisk(2)\% idle time","2","52.289"
"15:54:31","run","\\tanghaiyong\physicaldisk(0 c: d:)\avg. disk sec/read","0 c: d:","0"
"15:54:31","run","\\tanghaiyong\physicaldisk(1 e: f: g: h:)\avg. disk sec/read","1 e: f: g: h:","0"
"15:54:31","run","\\tanghaiyong\physicaldisk(2)\avg. disk sec/read","2","0.0804"
"15:54:31","run","\\tanghaiyong\physicaldisk(0 c: d:)\avg. disk sec/transfer","0 c: d:","0.0001"
"15:54:31","run","\\tanghaiyong\physicaldisk(1 e: f: g: h:)\avg. disk sec/transfer","1 e: f: g: h:","0"
"15:54:31","run","\\tanghaiyong\physicaldisk(2)\avg. disk sec/transfer","2","0.0804"
"15:54:31","run","\\tanghaiyong\physicaldisk(0 c: d:)\current disk queue length","0 c: d:","0"
"15:54:31","run","\\tanghaiyong\physicaldisk(1 e: f: g: h:)\current disk queue length","1 e: f: g: h:","0"
"15:54:31","run","\\tanghaiyong\physicaldisk(2)\current disk queue length","2","0"
"15:54:31","run","\\tanghaiyong\physicaldisk(0 c: d:)\avg. disk queue length","0 c: d:","0.0001"
"15:54:31","run","\\tanghaiyong\physicaldisk(1 e: f: g: h:)\avg. disk queue length","1 e: f: g: h:","0"
"15:54:31","run","\\tanghaiyong\physicaldisk(2)\avg. disk queue length","2","53.5407"
"15:54:31","run","\\tanghaiyong\physicaldisk(0 c: d:)\disk read bytes/sec","0 c: d:","0"
"15:54:31","run","\\tanghaiyong\physicaldisk(1 e: f: g: h:)\disk read bytes/sec","1 e: f: g: h:","0"
"15:54:31","run","\\tanghaiyong\physicaldisk(2)\disk read bytes/sec","2","829495192.5799"
"15:54:31","run","\\tanghaiyong\physicaldisk(0 c: d:)\avg. disk bytes/read","0 c: d:","0"
"15:54:31","run","\\tanghaiyong\physicaldisk(1 e: f: g: h:)\avg. disk bytes/read","1 e: f: g: h:","0"
"15:54:31","run","\\tanghaiyong\physicaldisk(2)\avg. disk bytes/read","2","1244119.161"
"15:54:31","run","\\tanghaiyong\physicaldisk(0 c: d:)\disk reads/sec","0 c: d:","0"
"15:54:31","run","\\tanghaiyong\physicaldisk(1 e: f: g: h:)\disk reads/sec","1 e: f: g: h:","0"
"15:54:31","run","\\tanghaiyong\physicaldisk(2)\disk reads/sec","2","666.7329"
"15:54:33","run","\\tanghaiyong\physicaldisk(0 c: d:)\% idle time","0 c: d:","98.4111"
"15:54:33","run","\\tanghaiyong\physicaldisk(1 e: f: g: h:)\% idle time","1 e: f: g: h:","99.9876"
"15:54:33","run","\\tanghaiyong\physicaldisk(2)\% idle time","2","26.1456"
"15:54:33","run","\\tanghaiyong\physicaldisk(0 c: d:)\avg. disk sec/read","0 c: d:","0.0001"
"15:54:33","run","\\tanghaiyong\physicaldisk(1 e: f: g: h:)\avg. disk sec/read","1 e: f: g: h:","0"
"15:54:33","run","\\tanghaiyong\physicaldisk(2)\avg. disk sec/read","2","0.2426"
"15:54:33","run","\\tanghaiyong\physicaldisk(0 c: d:)\avg. disk sec/transfer","0 c: d:","0.0016"
"15:54:33","run","\\tanghaiyong\physicaldisk(1 e: f: g: h:)\avg. disk sec/transfer","1 e: f: g: h:","0"
"15:54:33","run","\\tanghaiyong\physicaldisk(2)\avg. disk sec/transfer","2","0.2426"
"15:54:33","run","\\tanghaiyong\physicaldisk(0 c: d:)\current disk queue length","0 c: d:","0"
"15:54:33","run","\\tanghaiyong\physicaldisk(1 e: f: g: h:)\current disk queue length","1 e: f: g: h:","0"
"15:54:33","run","\\tanghaiyong\physicaldisk(2)\current disk queue length","2","113"
"15:54:33","run","\\tanghaiyong\physicaldisk(0 c: d:)\avg. disk queue length","0 c: d:","0.016"
"15:54:33","run","\\tanghaiyong\physicaldisk(1 e: f: g: h:)\avg. disk queue length","1 e: f: g: h:","0"
"15:54:33","run","\\tanghaiyong\physicaldisk(2)\avg. disk queue length","2","224.7255"
"15:54:33","run","\\tanghaiyong\physicaldisk(0 c: d:)\disk read bytes/sec","0 c: d:","5099.947"
"15:54:33","run","\\tanghaiyong\physicaldisk(1 e: f: g: h:)\disk read bytes/sec","1 e: f: g: h:","0"
"15:54:33","run","\\tanghaiyong\physicaldisk(2)\disk read bytes/sec","2","1166827075.9374"
"15:54:33","run","\\tanghaiyong\physicaldisk(0 c: d:)\avg. disk bytes/read","0 c: d:","1706.6667"
"15:54:33","run","\\tanghaiyong\physicaldisk(1 e: f: g: h:)\avg. disk bytes/read","1 e: f: g: h:","0"
"15:54:33","run","\\tanghaiyong\physicaldisk(2)\avg. disk bytes/read","2","1259586.0645"
"15:54:33","run","\\tanghaiyong\physicaldisk(0 c: d:)\disk reads/sec","0 c: d:","2.9883"
"15:54:33","run","\\tanghaiyong\physicaldisk(1 e: f: g: h:)\disk reads/sec","1 e: f: g: h:","0"
"15:54:33","run","\\tanghaiyong\physicaldisk(2)\disk reads/sec","2","926.3576"
"15:54:35","run","\\tanghaiyong\physicaldisk(0 c: d:)\% idle time","0 c: d:","99.9559"
"15:54:35","run","\\tanghaiyong\physicaldisk(1 e: f: g: h:)\% idle time","1 e: f: g: h:","98.0018"
"15:54:35","run","\\tanghaiyong\physicaldisk(2)\% idle time","2","17.3966"
"15:54:35","run","\\tanghaiyong\physicaldisk(0 c: d:)\avg. disk sec/read","0 c: d:","0"
"15:54:35","run","\\tanghaiyong\physicaldisk(1 e: f: g: h:)\avg. disk sec/read","1 e: f: g: h:","0"
"15:54:35","run","\\tanghaiyong\physicaldisk(2)\avg. disk sec/read","2","0.3203"
"15:54:35","run","\\tanghaiyong\physicaldisk(0 c: d:)\avg. disk sec/transfer","0 c: d:","0.0001"
"15:54:35","run","\\tanghaiyong\physicaldisk(1 e: f: g: h:)\avg. disk sec/transfer","1 e: f: g: h:","0.0003"
"15:54:35","run","\\tanghaiyong\physicaldisk(2)\avg. disk sec/transfer","2","0.3203"
"15:54:35","run","\\tanghaiyong\physicaldisk(0 c: d:)\current disk queue length","0 c: d:","0"
"15:54:35","run","\\tanghaiyong\physicaldisk(1 e: f: g: h:)\current disk queue length","1 e: f: g: h:","0"
"15:54:35","run","\\tanghaiyong\physicaldisk(2)\current disk queue length","2","0"
"15:54:35","run","\\tanghaiyong\physicaldisk(0 c: d:)\avg. disk queue length","0 c: d:","0.0004"
"15:54:35","run","\\tanghaiyong\physicaldisk(1 e: f: g: h:)\avg. disk queue length","1 e: f: g: h:","0.001"
"15:54:35","run","\\tanghaiyong\physicaldisk(2)\avg. disk queue length","2","319.1048"
"15:54:35","run","\\tanghaiyong\physicaldisk(0 c: d:)\disk read bytes/sec","0 c: d:","0"
"15:54:35","run","\\tanghaiyong\physicaldisk(1 e: f: g: h:)\disk read bytes/sec","1 e: f: g: h:","0"
"15:54:35","run","\\tanghaiyong\physicaldisk(2)\disk read bytes/sec","2","1275212707.5334"
"15:54:35","run","\\tanghaiyong\physicaldisk(0 c: d:)\avg. disk bytes/read","0 c: d:","0"
"15:54:35","run","\\tanghaiyong\physicaldisk(1 e: f: g: h:)\avg. disk bytes/read","1 e: f: g: h:","0"
"15:54:35","run","\\tanghaiyong\physicaldisk(2)\avg. disk bytes/read","2","1279652.5349"
"15:54:35","run","\\tanghaiyong\physicaldisk(0 c: d:)\disk reads/sec","0 c: d:","0"
"15:54:35","run","\\tanghaiyong\physicaldisk(1 e: f: g: h:)\disk reads/sec","1 e: f: g: h:","0"
"15:54:35","run","\\tanghaiyong\physicaldisk(2)\disk reads/sec","2","996.5304"
"15:54:37","run","\\tanghaiyong\physicaldisk(0 c: d:)\% idle time","0 c: d:","99.1769"
"15:54:37","run","\\tanghaiyong\physicaldisk(1 e: f: g: h:)\% idle time","1 e: f: g: h:","99.9516"
"15:54:37","run","\\tanghaiyong\physicaldisk(2)\% idle time","2","23.6009"
"15:54:37","run","\\tanghaiyong\physicaldisk(0 c: d:)\avg. disk sec/read","0 c: d:","0.0003"
"15:54:37","run","\\tanghaiyong\physicaldisk(1 e: f: g: h:)\avg. disk sec/read","1 e: f: g: h:","0"
"15:54:37","run","\\tanghaiyong\physicaldisk(2)\avg. disk sec/read","2","0.2483"
"15:54:37","run","\\tanghaiyong\physicaldisk(0 c: d:)\avg. disk sec/transfer","0 c: d:","0.0004"
"15:54:37","run","\\tanghaiyong\physicaldisk(1 e: f: g: h:)\avg. disk sec/transfer","1 e: f: g: h:","0"
"15:54:37","run","\\tanghaiyong\physicaldisk(2)\avg. disk sec/transfer","2","0.2483"
"15:54:37","run","\\tanghaiyong\physicaldisk(0 c: d:)\current disk queue length","0 c: d:","0"
"15:54:37","run","\\tanghaiyong\physicaldisk(1 e: f: g: h:)\current disk queue length","1 e: f: g: h:","0"
"15:54:37","run","\\tanghaiyong\physicaldisk(2)\current disk queue length","2","94"
"15:54:37","run","\\tanghaiyong\physicaldisk(0 c: d:)\avg. disk queue length","0 c: d:","0.0073"
"15:54:37","run","\\tanghaiyong\physicaldisk(1 e: f: g: h:)\avg. disk queue length","1 e: f: g: h:","0"
"15:54:37","run","\\tanghaiyong\physicaldisk(2)\avg. disk queue length","2","259.4725"
"15:54:37","run","\\tanghaiyong\physicaldisk(0 c: d:)\disk read bytes/sec","0 c: d:","32685.5377"
"15:54:37","run","\\tanghaiyong\physicaldisk(1 e: f: g: h:)\disk read bytes/sec","1 e: f: g: h:","0"
"15:54:37","run","\\tanghaiyong\physicaldisk(2)\disk read bytes/sec","2","1344405192.1407"
"15:54:37","run","\\tanghaiyong\physicaldisk(0 c: d:)\avg. disk bytes/read","0 c: d:","16384"
"15:54:37","run","\\tanghaiyong\physicaldisk(1 e: f: g: h:)\avg. disk bytes/read","1 e: f: g: h:","0"
"15:54:37","run","\\tanghaiyong\physicaldisk(2)\avg. disk bytes/read","2","1286065.8321"
"15:54:37","run","\\tanghaiyong\physicaldisk(0 c: d:)\disk reads/sec","0 c: d:","1.995"
"15:54:37","run","\\tanghaiyong\physicaldisk(1 e: f: g: h:)\disk reads/sec","1 e: f: g: h:","0"
"15:54:37","run","\\tanghaiyong\physicaldisk(2)\disk reads/sec","2","1045.3627"
"15:54:39","run","\\tanghaiyong\physicaldisk(0 c: d:)\% idle time","0 c: d:","99.9397"
"15:54:39","run","\\tanghaiyong\physicaldisk(1 e: f: g: h:)\% idle time","1 e: f: g: h:","99.9825"
"15:54:39","run","\\tanghaiyong\physicaldisk(2)\% idle time","2","24.5495"
"15:54:39","run","\\tanghaiyong\physicaldisk(0 c: d:)\avg. disk sec/read","0 c: d:","0"
"15:54:39","run","\\tanghaiyong\physicaldisk(1 e: f: g: h:)\avg. disk sec/read","1 e: f: g: h:","0"
"15:54:39","run","\\tanghaiyong\physicaldisk(2)\avg. disk sec/read","2","0.2657"
"15:54:39","run","\\tanghaiyong\physicaldisk(0 c: d:)\avg. disk sec/transfer","0 c: d:","0.0001"
"15:54:39","run","\\tanghaiyong\physicaldisk(1 e: f: g: h:)\avg. disk sec/transfer","1 e: f: g: h:","0"
"15:54:39","run","\\tanghaiyong\physicaldisk(2)\avg. disk sec/transfer","2","0.2657"
"15:54:39","run","\\tanghaiyong\physicaldisk(0 c: d:)\current disk queue length","0 c: d:","0"
"15:54:39","run","\\tanghaiyong\physicaldisk(1 e: f: g: h:)\current disk queue length","1 e: f: g: h:","0"
"15:54:39","run","\\tanghaiyong\physicaldisk(2)\current disk queue length","2","78"
"15:54:39","run","\\tanghaiyong\physicaldisk(0 c: d:)\avg. disk queue length","0 c: d:","0.0004"
"15:54:39","run","\\tanghaiyong\physicaldisk(1 e: f: g: h:)\avg. disk queue length","1 e: f: g: h:","0"
"15:54:39","run","\\tanghaiyong\physicaldisk(2)\avg. disk queue length","2","235.5553"
"15:54:39","run","\\tanghaiyong\physicaldisk(0 c: d:)\disk read bytes/sec","0 c: d:","0"
"15:54:39","run","\\tanghaiyong\physicaldisk(1 e: f: g: h:)\disk read bytes/sec","1 e: f: g: h:","0"
"15:54:39","run","\\tanghaiyong\physicaldisk(2)\disk read bytes/sec","2","1141288293.8077"
"15:54:39","run","\\tanghaiyong\physicaldisk(0 c: d:)\avg. disk bytes/read","0 c: d:","0"
"15:54:39","run","\\tanghaiyong\physicaldisk(1 e: f: g: h:)\avg. disk bytes/read","1 e: f: g: h:","0"
"15:54:39","run","\\tanghaiyong\physicaldisk(2)\avg. disk bytes/read","2","1287036.836"
"15:54:39","run","\\tanghaiyong\physicaldisk(0 c: d:)\disk reads/sec","0 c: d:","0"
"15:54:39","run","\\tanghaiyong\physicaldisk(1 e: f: g: h:)\disk reads/sec","1 e: f: g: h:","0"
"15:54:39","run","\\tanghaiyong\physicaldisk(2)\disk reads/sec","2","886.7565"
"15:54:41","run","\\tanghaiyong\physicaldisk(0 c: d:)\% idle time","0 c: d:","99.941"
"15:54:41","run","\\tanghaiyong\physicaldisk(1 e: f: g: h:)\% idle time","1 e: f: g: h:","99.9718"
"15:54:41","run","\\tanghaiyong\physicaldisk(2)\% idle time","2","24.2583"
"15:54:41","run","\\tanghaiyong\physicaldisk(0 c: d:)\avg. disk sec/read","0 c: d:","0"
"15:54:41","run","\\tanghaiyong\physicaldisk(1 e: f: g: h:)\avg. disk sec/read","1 e: f: g: h:","0"
"15:54:41","run","\\tanghaiyong\physicaldisk(2)\avg. disk sec/read","2","0.2619"
"15:54:41","run","\\tanghaiyong\physicaldisk(0 c: d:)\avg. disk sec/transfer","0 c: d:","0.0001"
"15:54:41","run","\\tanghaiyong\physicaldisk(1 e: f: g: h:)\avg. disk sec/transfer","1 e: f: g: h:","0"
"15:54:41","run","\\tanghaiyong\physicaldisk(2)\avg. disk sec/transfer","2","0.2619"
"15:54:41","run","\\tanghaiyong\physicaldisk(0 c: d:)\current disk queue length","0 c: d:","0"
"15:54:41","run","\\tanghaiyong\physicaldisk(1 e: f: g: h:)\current disk queue length","1 e: f: g: h:","0"
"15:54:41","run","\\tanghaiyong\physicaldisk(2)\current disk queue length","2","109"
"15:54:41","run","\\tanghaiyong\physicaldisk(0 c: d:)\avg. disk queue length","0 c: d:","0.0003"
"15:54:41","run","\\tanghaiyong\physicaldisk(1 e: f: g: h:)\avg. disk queue length","1 e: f: g: h:","0"
"15:54:41","run","\\tanghaiyong\physicaldisk(2)\avg. disk queue length","2","238.844"
"15:54:41","run","\\tanghaiyong\physicaldisk(0 c: d:)\disk read bytes/sec","0 c: d:","0"
"15:54:41","run","\\tanghaiyong\physicaldisk(1 e: f: g: h:)\disk read bytes/sec","1 e: f: g: h:","0"
"15:54:41","run","\\tanghaiyong\physicaldisk(2)\disk read bytes/sec","2","1144513174.3312"
"15:54:41","run","\\tanghaiyong\physicaldisk(0 c: d:)\avg. disk bytes/read","0 c: d:","0"
"15:54:41","run","\\tanghaiyong\physicaldisk(1 e: f: g: h:)\avg. disk bytes/read","1 e: f: g: h:","0"
"15:54:41","run","\\tanghaiyong\physicaldisk(2)\avg. disk bytes/read","2","1254601.2227"
"15:54:41","run","\\tanghaiyong\physicaldisk(0 c: d:)\disk reads/sec","0 c: d:","0"
"15:54:41","run","\\tanghaiyong\physicaldisk(1 e: f: g: h:)\disk reads/sec","1 e: f: g: h:","0"
"15:54:41","run","\\tanghaiyong\physicaldisk(2)\disk reads/sec","2","912.2526"
"15:54:43","run","\\tanghaiyong\physicaldisk(0 c: d:)\% idle time","0 c: d:","99.9299"
"15:54:43","run","\\tanghaiyong\physicaldisk(1 e: f: g: h:)\% idle time","1 e: f: g: h:","74.8441"
"15:54:43","run","\\tanghaiyong\physicaldisk(2)\% idle time","2","15.2863"
"15:54:43","run","\\tanghaiyong\physicaldisk(0 c: d:)\avg. disk sec/read","0 c: d:","0.0001"
"15:54:43","run","\\tanghaiyong\physicaldisk(1 e: f: g: h:)\avg. disk sec/read","1 e: f: g: h:","0.0003"
"15:54:43","run","\\tanghaiyong\physicaldisk(2)\avg. disk sec/read","2","0.3143"
"15:54:43","run","\\tanghaiyong\physicaldisk(0 c: d:)\avg. disk sec/transfer","0 c: d:","0.0001"
"15:54:43","run","\\tanghaiyong\physicaldisk(1 e: f: g: h:)\avg. disk sec/transfer","1 e: f: g: h:","0.0003"
"15:54:43","run","\\tanghaiyong\physicaldisk(2)\avg. disk sec/transfer","2","0.3143"
"15:54:43","run","\\tanghaiyong\physicaldisk(0 c: d:)\current disk queue length","0 c: d:","0"
"15:54:43","run","\\tanghaiyong\physicaldisk(1 e: f: g: h:)\current disk queue length","1 e: f: g: h:","0"
"15:54:43","run","\\tanghaiyong\physicaldisk(2)\current disk queue length","2","0"
"15:54:43","run","\\tanghaiyong\physicaldisk(0 c: d:)\avg. disk queue length","0 c: d:","0.0006"
"15:54:43","run","\\tanghaiyong\physicaldisk(1 e: f: g: h:)\avg. disk queue length","1 e: f: g: h:","0.002"
"15:54:43","run","\\tanghaiyong\physicaldisk(2)\avg. disk queue length","2","336.6646"
"15:54:43","run","\\tanghaiyong\physicaldisk(0 c: d:)\disk read bytes/sec","0 c: d:","5088.0774"
"15:54:43","run","\\tanghaiyong\physicaldisk(1 e: f: g: h:)\disk read bytes/sec","1 e: f: g: h:","16281.8477"
"15:54:43","run","\\tanghaiyong\physicaldisk(2)\disk read bytes/sec","2","1341721940.545"
"15:54:43","run","\\tanghaiyong\physicaldisk(0 c: d:)\avg. disk bytes/read","0 c: d:","1706.6667"
"15:54:43","run","\\tanghaiyong\physicaldisk(1 e: f: g: h:)\avg. disk bytes/read","1 e: f: g: h:","16384"
"15:54:43","run","\\tanghaiyong\physicaldisk(2)\avg. disk bytes/read","2","1252448.8905"
"15:54:43","run","\\tanghaiyong\physicaldisk(0 c: d:)\disk reads/sec","0 c: d:","2.9813"
"15:54:43","run","\\tanghaiyong\physicaldisk(1 e: f: g: h:)\disk reads/sec","1 e: f: g: h:","0.9938"
"15:54:43","run","\\tanghaiyong\physicaldisk(2)\disk reads/sec","2","1071.2788"
"15:54:45","run","\\tanghaiyong\physicaldisk(0 c: d:)\% idle time","0 c: d:","99.9452"
"15:54:45","run","\\tanghaiyong\physicaldisk(1 e: f: g: h:)\% idle time","1 e: f: g: h:","99.9661"
"15:54:45","run","\\tanghaiyong\physicaldisk(2)\% idle time","2","15.0166"
"15:54:45","run","\\tanghaiyong\physicaldisk(0 c: d:)\avg. disk sec/read","0 c: d:","0"
"15:54:45","run","\\tanghaiyong\physicaldisk(1 e: f: g: h:)\avg. disk sec/read","1 e: f: g: h:","0"
"15:54:45","run","\\tanghaiyong\physicaldisk(2)\avg. disk sec/read","2","0.3301"
"15:54:45","run","\\tanghaiyong\physicaldisk(0 c: d:)\avg. disk sec/transfer","0 c: d:","0.0001"
"15:54:45","run","\\tanghaiyong\physicaldisk(1 e: f: g: h:)\avg. disk sec/transfer","1 e: f: g: h:","0"
"15:54:45","run","\\tanghaiyong\physicaldisk(2)\avg. disk sec/transfer","2","0.3301"
"15:54:45","run","\\tanghaiyong\physicaldisk(0 c: d:)\current disk queue length","0 c: d:","0"
"15:54:45","run","\\tanghaiyong\physicaldisk(1 e: f: g: h:)\current disk queue length","1 e: f: g: h:","0"
"15:54:45","run","\\tanghaiyong\physicaldisk(2)\current disk queue length","2","0"
"15:54:45","run","\\tanghaiyong\physicaldisk(0 c: d:)\avg. disk queue length","0 c: d:","0.0002"
"15:54:45","run","\\tanghaiyong\physicaldisk(1 e: f: g: h:)\avg. disk queue length","1 e: f: g: h:","0"
"15:54:45","run","\\tanghaiyong\physicaldisk(2)\avg. disk queue length","2","342.1267"
"15:54:45","run","\\tanghaiyong\physicaldisk(0 c: d:)\disk read bytes/sec","0 c: d:","0"
"15:54:45","run","\\tanghaiyong\physicaldisk(1 e: f: g: h:)\disk read bytes/sec","1 e: f: g: h:","0"
"15:54:45","run","\\tanghaiyong\physicaldisk(2)\disk read bytes/sec","2","1334249065.527"
"15:54:45","run","\\tanghaiyong\physicaldisk(0 c: d:)\avg. disk bytes/read","0 c: d:","0"
"15:54:45","run","\\tanghaiyong\physicaldisk(1 e: f: g: h:)\avg. disk bytes/read","1 e: f: g: h:","0"
"15:54:45","run","\\tanghaiyong\physicaldisk(2)\avg. disk bytes/read","2","1286915.9385"
"15:54:45","run","\\tanghaiyong\physicaldisk(0 c: d:)\disk reads/sec","0 c: d:","0"
"15:54:45","run","\\tanghaiyong\physicaldisk(1 e: f: g: h:)\disk reads/sec","1 e: f: g: h:","0"
"15:54:45","run","\\tanghaiyong\physicaldisk(2)\disk reads/sec","2","1036.7803"
"15:54:47","run","\\tanghaiyong\physicaldisk(0 c: d:)\% idle time","0 c: d:","99.9585"
"15:54:47","run","\\tanghaiyong\physicaldisk(1 e: f: g: h:)\% idle time","1 e: f: g: h:","99.9587"
"15:54:47","run","\\tanghaiyong\physicaldisk(2)\% idle time","2","19.2876"
"15:54:47","run","\\tanghaiyong\physicaldisk(0 c: d:)\avg. disk sec/read","0 c: d:","0"
"15:54:47","run","\\tanghaiyong\physicaldisk(1 e: f: g: h:)\avg. disk sec/read","1 e: f: g: h:","0"
"15:54:47","run","\\tanghaiyong\physicaldisk(2)\avg. disk sec/read","2","0.2939"
"15:54:47","run","\\tanghaiyong\physicaldisk(0 c: d:)\avg. disk sec/transfer","0 c: d:","0"
"15:54:47","run","\\tanghaiyong\physicaldisk(1 e: f: g: h:)\avg. disk sec/transfer","1 e: f: g: h:","0"
"15:54:47","run","\\tanghaiyong\physicaldisk(2)\avg. disk sec/transfer","2","0.2939"
"15:54:47","run","\\tanghaiyong\physicaldisk(0 c: d:)\current disk queue length","0 c: d:","0"
"15:54:47","run","\\tanghaiyong\physicaldisk(1 e: f: g: h:)\current disk queue length","1 e: f: g: h:","0"
"15:54:47","run","\\tanghaiyong\physicaldisk(2)\current disk queue length","2","222"
"15:54:47","run","\\tanghaiyong\physicaldisk(0 c: d:)\avg. disk queue length","0 c: d:","0"
"15:54:47","run","\\tanghaiyong\physicaldisk(1 e: f: g: h:)\avg. disk queue length","1 e: f: g: h:","0"
"15:54:47","run","\\tanghaiyong\physicaldisk(2)\avg. disk queue length","2","291.4065"
"15:54:47","run","\\tanghaiyong\physicaldisk(0 c: d:)\disk read bytes/sec","0 c: d:","0"
"15:54:47","run","\\tanghaiyong\physicaldisk(1 e: f: g: h:)\disk read bytes/sec","1 e: f: g: h:","0"
"15:54:47","run","\\tanghaiyong\physicaldisk(2)\disk read bytes/sec","2","1274562696.6495"
"15:54:47","run","\\tanghaiyong\physicaldisk(0 c: d:)\avg. disk bytes/read","0 c: d:","0"
"15:54:47","run","\\tanghaiyong\physicaldisk(1 e: f: g: h:)\avg. disk bytes/read","1 e: f: g: h:","0"
"15:54:47","run","\\tanghaiyong\physicaldisk(2)\avg. disk bytes/read","2","1284780.0361"
"15:54:47","run","\\tanghaiyong\physicaldisk(0 c: d:)\disk reads/sec","0 c: d:","0"
"15:54:47","run","\\tanghaiyong\physicaldisk(1 e: f: g: h:)\disk reads/sec","1 e: f: g: h:","0"
"15:54:47","run","\\tanghaiyong\physicaldisk(2)\disk reads/sec","2","992.0474"
"15:54:49","run","\\tanghaiyong\physicaldisk(0 c: d:)\% idle time","0 c: d:","99.9857"
"15:54:49","run","\\tanghaiyong\physicaldisk(1 e: f: g: h:)\% idle time","1 e: f: g: h:","86.4814"
"15:54:49","run","\\tanghaiyong\physicaldisk(2)\% idle time","2","22.2135"
"15:54:49","run","\\tanghaiyong\physicaldisk(0 c: d:)\avg. disk sec/read","0 c: d:","0"
"15:54:49","run","\\tanghaiyong\physicaldisk(1 e: f: g: h:)\avg. disk sec/read","1 e: f: g: h:","0.0003"
"15:54:49","run","\\tanghaiyong\physicaldisk(2)\avg. disk sec/read","2","0.2887"
"15:54:49","run","\\tanghaiyong\physicaldisk(0 c: d:)\avg. disk sec/transfer","0 c: d:","0.0001"
"15:54:49","run","\\tanghaiyong\physicaldisk(1 e: f: g: h:)\avg. disk sec/transfer","1 e: f: g: h:","0.0003"
"15:54:49","run","\\tanghaiyong\physicaldisk(2)\avg. disk sec/transfer","2","0.2887"
"15:54:49","run","\\tanghaiyong\physicaldisk(0 c: d:)\current disk queue length","0 c: d:","0"
"15:54:49","run","\\tanghaiyong\physicaldisk(1 e: f: g: h:)\current disk queue length","1 e: f: g: h:","0"
"15:54:49","run","\\tanghaiyong\physicaldisk(2)\current disk queue length","2","0"
"15:54:49","run","\\tanghaiyong\physicaldisk(0 c: d:)\avg. disk queue length","0 c: d:","0.0001"
"15:54:49","run","\\tanghaiyong\physicaldisk(1 e: f: g: h:)\avg. disk queue length","1 e: f: g: h:","0.0016"
"15:54:49","run","\\tanghaiyong\physicaldisk(2)\avg. disk queue length","2","269.7627"
"15:54:49","run","\\tanghaiyong\physicaldisk(0 c: d:)\disk read bytes/sec","0 c: d:","0"
"15:54:49","run","\\tanghaiyong\physicaldisk(1 e: f: g: h:)\disk read bytes/sec","1 e: f: g: h:","16306.479"
"15:54:49","run","\\tanghaiyong\physicaldisk(2)\disk read bytes/sec","2","1199708426.1421"
"15:54:49","run","\\tanghaiyong\physicaldisk(0 c: d:)\avg. disk bytes/read","0 c: d:","0"
"15:54:49","run","\\tanghaiyong\physicaldisk(1 e: f: g: h:)\avg. disk bytes/read","1 e: f: g: h:","16384"
"15:54:49","run","\\tanghaiyong\physicaldisk(2)\avg. disk bytes/read","2","1283718.6794"
"15:54:49","run","\\tanghaiyong\physicaldisk(0 c: d:)\disk reads/sec","0 c: d:","0"
"15:54:49","run","\\tanghaiyong\physicaldisk(1 e: f: g: h:)\disk reads/sec","1 e: f: g: h:","0.9953"
"15:54:49","run","\\tanghaiyong\physicaldisk(2)\disk reads/sec","2","934.5571"
"15:54:51","run","\\tanghaiyong\physicaldisk(0 c: d:)\% idle time","0 c: d:","99.832"
"15:54:51","run","\\tanghaiyong\physicaldisk(1 e: f: g: h:)\% idle time","1 e: f: g: h:","99.994"
"15:54:51","run","\\tanghaiyong\physicaldisk(2)\% idle time","2","12.6189"
"15:54:51","run","\\tanghaiyong\physicaldisk(0 c: d:)\avg. disk sec/read","0 c: d:","0"
"15:54:51","run","\\tanghaiyong\physicaldisk(1 e: f: g: h:)\avg. disk sec/read","1 e: f: g: h:","0"
"15:54:51","run","\\tanghaiyong\physicaldisk(2)\avg. disk sec/read","2","0.2885"
"15:54:51","run","\\tanghaiyong\physicaldisk(0 c: d:)\avg. disk sec/transfer","0 c: d:","0"
"15:54:51","run","\\tanghaiyong\physicaldisk(1 e: f: g: h:)\avg. disk sec/transfer","1 e: f: g: h:","0"
"15:54:51","run","\\tanghaiyong\physicaldisk(2)\avg. disk sec/transfer","2","0.2885"
"15:54:51","run","\\tanghaiyong\physicaldisk(0 c: d:)\current disk queue length","0 c: d:","0"
"15:54:51","run","\\tanghaiyong\physicaldisk(1 e: f: g: h:)\current disk queue length","1 e: f: g: h:","0"
"15:54:51","run","\\tanghaiyong\physicaldisk(2)\current disk queue length","2","163"
"15:54:51","run","\\tanghaiyong\physicaldisk(0 c: d:)\avg. disk queue length","0 c: d:","0.0004"
"15:54:51","run","\\tanghaiyong\physicaldisk(1 e: f: g: h:)\avg. disk queue length","1 e: f: g: h:","0"
"15:54:51","run","\\tanghaiyong\physicaldisk(2)\avg. disk queue length","2","310.1069"
"15:54:51","run","\\tanghaiyong\physicaldisk(0 c: d:)\disk read bytes/sec","0 c: d:","0"
"15:54:51","run","\\tanghaiyong\physicaldisk(1 e: f: g: h:)\disk read bytes/sec","1 e: f: g: h:","0"
"15:54:51","run","\\tanghaiyong\physicaldisk(2)\disk read bytes/sec","2","1332451410.7357"
"15:54:51","run","\\tanghaiyong\physicaldisk(0 c: d:)\avg. disk bytes/read","0 c: d:","0"
"15:54:51","run","\\tanghaiyong\physicaldisk(1 e: f: g: h:)\avg. disk bytes/read","1 e: f: g: h:","0"
"15:54:51","run","\\tanghaiyong\physicaldisk(2)\avg. disk bytes/read","2","1239343.4074"
"15:54:51","run","\\tanghaiyong\physicaldisk(0 c: d:)\disk reads/sec","0 c: d:","0"
"15:54:51","run","\\tanghaiyong\physicaldisk(1 e: f: g: h:)\disk reads/sec","1 e: f: g: h:","0"
"15:54:51","run","\\tanghaiyong\physicaldisk(2)\disk reads/sec","2","1075.1269"
"15:54:53","run","\\tanghaiyong\physicaldisk(0 c: d:)\% idle time","0 c: d:","99.8859"
"15:54:53","run","\\tanghaiyong\physicaldisk(1 e: f: g: h:)\% idle time","1 e: f: g: h:","49.0655"
"15:54:53","run","\\tanghaiyong\physicaldisk(2)\% idle time","2","12.2313"
"15:54:53","run","\\tanghaiyong\physicaldisk(0 c: d:)\avg. disk sec/read","0 c: d:","0.0001"
"15:54:53","run","\\tanghaiyong\physicaldisk(1 e: f: g: h:)\avg. disk sec/read","1 e: f: g: h:","0"
"15:54:53","run","\\tanghaiyong\physicaldisk(2)\avg. disk sec/read","2","0.2876"
"15:54:53","run","\\tanghaiyong\physicaldisk(0 c: d:)\avg. disk sec/transfer","0 c: d:","0.0001"
"15:54:53","run","\\tanghaiyong\physicaldisk(1 e: f: g: h:)\avg. disk sec/transfer","1 e: f: g: h:","0.0003"
"15:54:53","run","\\tanghaiyong\physicaldisk(2)\avg. disk sec/transfer","2","0.2876"
"15:54:53","run","\\tanghaiyong\physicaldisk(0 c: d:)\current disk queue length","0 c: d:","0"
"15:54:53","run","\\tanghaiyong\physicaldisk(1 e: f: g: h:)\current disk queue length","1 e: f: g: h:","0"
"15:54:53","run","\\tanghaiyong\physicaldisk(2)\current disk queue length","2","189"
"15:54:53","run","\\tanghaiyong\physicaldisk(0 c: d:)\avg. disk queue length","0 c: d:","0.001"
"15:54:53","run","\\tanghaiyong\physicaldisk(1 e: f: g: h:)\avg. disk queue length","1 e: f: g: h:","0.001"
"15:54:53","run","\\tanghaiyong\physicaldisk(2)\avg. disk queue length","2","301.7615"
"15:54:53","run","\\tanghaiyong\physicaldisk(0 c: d:)\disk read bytes/sec","0 c: d:","21390.9254"
"15:54:53","run","\\tanghaiyong\physicaldisk(1 e: f: g: h:)\disk read bytes/sec","1 e: f: g: h:","0"
"15:54:53","run","\\tanghaiyong\physicaldisk(2)\disk read bytes/sec","2","1356828437.1981"
"15:54:53","run","\\tanghaiyong\physicaldisk(0 c: d:)\avg. disk bytes/read","0 c: d:","5376"
"15:54:53","run","\\tanghaiyong\physicaldisk(1 e: f: g: h:)\avg. disk bytes/read","1 e: f: g: h:","0"
"15:54:53","run","\\tanghaiyong\physicaldisk(2)\avg. disk bytes/read","2","1292891.7232"
"15:54:53","run","\\tanghaiyong\physicaldisk(0 c: d:)\disk reads/sec","0 c: d:","3.979"
"15:54:53","run","\\tanghaiyong\physicaldisk(1 e: f: g: h:)\disk reads/sec","1 e: f: g: h:","0"
"15:54:53","run","\\tanghaiyong\physicaldisk(2)\disk reads/sec","2","1049.4525"
"15:54:55","run","\\tanghaiyong\physicaldisk(0 c: d:)\% idle time","0 c: d:","99.9459"
"15:54:55","run","\\tanghaiyong\physicaldisk(1 e: f: g: h:)\% idle time","1 e: f: g: h:","99.9453"
"15:54:55","run","\\tanghaiyong\physicaldisk(2)\% idle time","2","12.0963"
"15:54:55","run","\\tanghaiyong\physicaldisk(0 c: d:)\avg. disk sec/read","0 c: d:","0"
"15:54:55","run","\\tanghaiyong\physicaldisk(1 e: f: g: h:)\avg. disk sec/read","1 e: f: g: h:","0"
"15:54:55","run","\\tanghaiyong\physicaldisk(2)\avg. disk sec/read","2","0.2104"
"15:54:55","run","\\tanghaiyong\physicaldisk(0 c: d:)\avg. disk sec/transfer","0 c: d:","0"
"15:54:55","run","\\tanghaiyong\physicaldisk(1 e: f: g: h:)\avg. disk sec/transfer","1 e: f: g: h:","0"
"15:54:55","run","\\tanghaiyong\physicaldisk(2)\avg. disk sec/transfer","2","0.2104"
"15:54:55","run","\\tanghaiyong\physicaldisk(0 c: d:)\current disk queue length","0 c: d:","0"
"15:54:55","run","\\tanghaiyong\physicaldisk(1 e: f: g: h:)\current disk queue length","1 e: f: g: h:","0"
"15:54:55","run","\\tanghaiyong\physicaldisk(2)\current disk queue length","2","73"
"15:54:55","run","\\tanghaiyong\physicaldisk(0 c: d:)\avg. disk queue length","0 c: d:","0"
"15:54:55","run","\\tanghaiyong\physicaldisk(1 e: f: g: h:)\avg. disk queue length","1 e: f: g: h:","0"
"15:54:55","run","\\tanghaiyong\physicaldisk(2)\avg. disk queue length","2","194.3613"
"15:54:55","run","\\tanghaiyong\physicaldisk(0 c: d:)\disk read bytes/sec","0 c: d:","0"
"15:54:55","run","\\tanghaiyong\physicaldisk(1 e: f: g: h:)\disk read bytes/sec","1 e: f: g: h:","0"
"15:54:55","run","\\tanghaiyong\physicaldisk(2)\disk read bytes/sec","2","1194646747.8656"
"15:54:55","run","\\tanghaiyong\physicaldisk(0 c: d:)\avg. disk bytes/read","0 c: d:","0"
"15:54:55","run","\\tanghaiyong\physicaldisk(1 e: f: g: h:)\avg. disk bytes/read","1 e: f: g: h:","0"
"15:54:55","run","\\tanghaiyong\physicaldisk(2)\avg. disk bytes/read","2","1292720.5517"
"15:54:55","run","\\tanghaiyong\physicaldisk(0 c: d:)\disk reads/sec","0 c: d:","0"
"15:54:55","run","\\tanghaiyong\physicaldisk(1 e: f: g: h:)\disk reads/sec","1 e: f: g: h:","0"
"15:54:55","run","\\tanghaiyong\physicaldisk(2)\disk reads/sec","2","924.1338"
"15:54:57","run","\\tanghaiyong\physicaldisk(0 c: d:)\% idle time","0 c: d:","99.7913"
"15:54:57","run","\\tanghaiyong\physicaldisk(1 e: f: g: h:)\% idle time","1 e: f: g: h:","99.8906"
"15:54:57","run","\\tanghaiyong\physicaldisk(2)\% idle time","2","13.2216"
"15:54:57","run","\\tanghaiyong\physicaldisk(0 c: d:)\avg. disk sec/read","0 c: d:","0.0004"
"15:54:57","run","\\tanghaiyong\physicaldisk(1 e: f: g: h:)\avg. disk sec/read","1 e: f: g: h:","0"
"15:54:57","run","\\tanghaiyong\physicaldisk(2)\avg. disk sec/read","2","0.2256"
"15:54:57","run","\\tanghaiyong\physicaldisk(0 c: d:)\avg. disk sec/transfer","0 c: d:","0.0001"
"15:54:57","run","\\tanghaiyong\physicaldisk(1 e: f: g: h:)\avg. disk sec/transfer","1 e: f: g: h:","0.0004"
"15:54:57","run","\\tanghaiyong\physicaldisk(2)\avg. disk sec/transfer","2","0.2256"
"15:54:57","run","\\tanghaiyong\physicaldisk(0 c: d:)\current disk queue length","0 c: d:","1"
"15:54:57","run","\\tanghaiyong\physicaldisk(1 e: f: g: h:)\current disk queue length","1 e: f: g: h:","0"
"15:54:57","run","\\tanghaiyong\physicaldisk(2)\current disk queue length","2","207"
"15:54:57","run","\\tanghaiyong\physicaldisk(0 c: d:)\avg. disk queue length","0 c: d:","0.0009"
"15:54:57","run","\\tanghaiyong\physicaldisk(1 e: f: g: h:)\avg. disk queue length","1 e: f: g: h:","0.0004"
"15:54:57","run","\\tanghaiyong\physicaldisk(2)\avg. disk queue length","2","243.4935"
"15:54:57","run","\\tanghaiyong\physicaldisk(0 c: d:)\disk read bytes/sec","0 c: d:","48934.8175"
"15:54:57","run","\\tanghaiyong\physicaldisk(1 e: f: g: h:)\disk read bytes/sec","1 e: f: g: h:","0"
"15:54:57","run","\\tanghaiyong\physicaldisk(2)\disk read bytes/sec","2","1348040040.6914"
"15:54:57","run","\\tanghaiyong\physicaldisk(0 c: d:)\avg. disk bytes/read","0 c: d:","49152"
"15:54:57","run","\\tanghaiyong\physicaldisk(1 e: f: g: h:)\avg. disk bytes/read","1 e: f: g: h:","0"
"15:54:57","run","\\tanghaiyong\physicaldisk(2)\avg. disk bytes/read","2","1247947.3843"
"15:54:57","run","\\tanghaiyong\physicaldisk(0 c: d:)\disk reads/sec","0 c: d:","0.9956"
"15:54:57","run","\\tanghaiyong\physicaldisk(1 e: f: g: h:)\disk reads/sec","1 e: f: g: h:","0"
"15:54:57","run","\\tanghaiyong\physicaldisk(2)\disk reads/sec","2","1080.2058"
"15:54:59","run","\\tanghaiyong\physicaldisk(0 c: d:)\% idle time","0 c: d:","99.9241"
"15:54:59","run","\\tanghaiyong\physicaldisk(1 e: f: g: h:)\% idle time","1 e: f: g: h:","99.9241"
"15:54:59","run","\\tanghaiyong\physicaldisk(2)\% idle time","2","12.4042"
"15:54:59","run","\\tanghaiyong\physicaldisk(0 c: d:)\avg. disk sec/read","0 c: d:","0"
"15:54:59","run","\\tanghaiyong\physicaldisk(1 e: f: g: h:)\avg. disk sec/read","1 e: f: g: h:","0"
"15:54:59","run","\\tanghaiyong\physicaldisk(2)\avg. disk sec/read","2","0.2321"
"15:54:59","run","\\tanghaiyong\physicaldisk(0 c: d:)\avg. disk sec/transfer","0 c: d:","0"
"15:54:59","run","\\tanghaiyong\physicaldisk(1 e: f: g: h:)\avg. disk sec/transfer","1 e: f: g: h:","0"
"15:54:59","run","\\tanghaiyong\physicaldisk(2)\avg. disk sec/transfer","2","0.2321"
"15:54:59","run","\\tanghaiyong\physicaldisk(0 c: d:)\current disk queue length","0 c: d:","0"
"15:54:59","run","\\tanghaiyong\physicaldisk(1 e: f: g: h:)\current disk queue length","1 e: f: g: h:","0"
"15:54:59","run","\\tanghaiyong\physicaldisk(2)\current disk queue length","2","107"
"15:54:59","run","\\tanghaiyong\physicaldisk(0 c: d:)\avg. disk queue length","0 c: d:","0"
"15:54:59","run","\\tanghaiyong\physicaldisk(1 e: f: g: h:)\avg. disk queue length","1 e: f: g: h:","0"
"15:54:59","run","\\tanghaiyong\physicaldisk(2)\avg. disk queue length","2","241.8813"
"15:54:59","run","\\tanghaiyong\physicaldisk(0 c: d:)\disk read bytes/sec","0 c: d:","0"
"15:54:59","run","\\tanghaiyong\physicaldisk(1 e: f: g: h:)\disk read bytes/sec","1 e: f: g: h:","0"
"15:54:59","run","\\tanghaiyong\physicaldisk(2)\disk read bytes/sec","2","1328201033.2947"
"15:54:59","run","\\tanghaiyong\physicaldisk(0 c: d:)\avg. disk bytes/read","0 c: d:","0"
"15:54:59","run","\\tanghaiyong\physicaldisk(1 e: f: g: h:)\avg. disk bytes/read","1 e: f: g: h:","0"
"15:54:59","run","\\tanghaiyong\physicaldisk(2)\avg. disk bytes/read","2","1273754.1874"
"15:54:59","run","\\tanghaiyong\physicaldisk(0 c: d:)\disk reads/sec","0 c: d:","0"
"15:54:59","run","\\tanghaiyong\physicaldisk(1 e: f: g: h:)\disk reads/sec","1 e: f: g: h:","0"
"15:54:59","run","\\tanghaiyong\physicaldisk(2)\disk reads/sec","2","1042.7452"
"15:55:01","run","\\tanghaiyong\physicaldisk(0 c: d:)\% idle time","0 c: d:","99.8894"
"15:55:01","run","\\tanghaiyong\physicaldisk(1 e: f: g: h:)\% idle time","1 e: f: g: h:","99.9339"
"15:55:01","run","\\tanghaiyong\physicaldisk(2)\% idle time","2","10.0182"
"15:55:01","run","\\tanghaiyong\physicaldisk(0 c: d:)\avg. disk sec/read","0 c: d:","0.0003"
"15:55:01","run","\\tanghaiyong\physicaldisk(1 e: f: g: h:)\avg. disk sec/read","1 e: f: g: h:","0"
"15:55:01","run","\\tanghaiyong\physicaldisk(2)\avg. disk sec/read","2","0.2428"
"15:55:01","run","\\tanghaiyong\physicaldisk(0 c: d:)\avg. disk sec/transfer","0 c: d:","0.0001"
"15:55:01","run","\\tanghaiyong\physicaldisk(1 e: f: g: h:)\avg. disk sec/transfer","1 e: f: g: h:","0"
"15:55:01","run","\\tanghaiyong\physicaldisk(2)\avg. disk sec/transfer","2","0.2428"
"15:55:01","run","\\tanghaiyong\physicaldisk(0 c: d:)\current disk queue length","0 c: d:","0"
"15:55:01","run","\\tanghaiyong\physicaldisk(1 e: f: g: h:)\current disk queue length","1 e: f: g: h:","0"
"15:55:01","run","\\tanghaiyong\physicaldisk(2)\current disk queue length","2","106"
"15:55:01","run","\\tanghaiyong\physicaldisk(0 c: d:)\avg. disk queue length","0 c: d:","0.0004"
"15:55:01","run","\\tanghaiyong\physicaldisk(1 e: f: g: h:)\avg. disk queue length","1 e: f: g: h:","0"
"15:55:01","run","\\tanghaiyong\physicaldisk(2)\avg. disk queue length","2","255.1578"
"15:55:01","run","\\tanghaiyong\physicaldisk(0 c: d:)\disk read bytes/sec","0 c: d:","16346.8746"
"15:55:01","run","\\tanghaiyong\physicaldisk(1 e: f: g: h:)\disk read bytes/sec","1 e: f: g: h:","0"
"15:55:01","run","\\tanghaiyong\physicaldisk(2)\disk read bytes/sec","2","1353799114.8303"
"15:55:01","run","\\tanghaiyong\physicaldisk(0 c: d:)\avg. disk bytes/read","0 c: d:","16384"
"15:55:01","run","\\tanghaiyong\physicaldisk(1 e: f: g: h:)\avg. disk bytes/read","1 e: f: g: h:","0"
"15:55:01","run","\\tanghaiyong\physicaldisk(2)\avg. disk bytes/read","2","1287356.4782"
"15:55:01","run","\\tanghaiyong\physicaldisk(0 c: d:)\disk reads/sec","0 c: d:","0.9977"
"15:55:01","run","\\tanghaiyong\physicaldisk(1 e: f: g: h:)\disk reads/sec","1 e: f: g: h:","0"
"15:55:01","run","\\tanghaiyong\physicaldisk(2)\disk reads/sec","2","1051.6117"
"15:55:03","run","\\tanghaiyong\physicaldisk(0 c: d:)\% idle time","0 c: d:","99.9844"
"15:55:03","run","\\tanghaiyong\physicaldisk(1 e: f: g: h:)\% idle time","1 e: f: g: h:","99.9844"
"15:55:03","run","\\tanghaiyong\physicaldisk(2)\% idle time","2","30.3255"
"15:55:03","run","\\tanghaiyong\physicaldisk(0 c: d:)\avg. disk sec/read","0 c: d:","0"
"15:55:03","run","\\tanghaiyong\physicaldisk(1 e: f: g: h:)\avg. disk sec/read","1 e: f: g: h:","0"
"15:55:03","run","\\tanghaiyong\physicaldisk(2)\avg. disk sec/read","2","0.1992"
"15:55:03","run","\\tanghaiyong\physicaldisk(0 c: d:)\avg. disk sec/transfer","0 c: d:","0"
"15:55:03","run","\\tanghaiyong\physicaldisk(1 e: f: g: h:)\avg. disk sec/transfer","1 e: f: g: h:","0"
"15:55:03","run","\\tanghaiyong\physicaldisk(2)\avg. disk sec/transfer","2","0.1992"
"15:55:03","run","\\tanghaiyong\physicaldisk(0 c: d:)\current disk queue length","0 c: d:","0"
"15:55:03","run","\\tanghaiyong\physicaldisk(1 e: f: g: h:)\current disk queue length","1 e: f: g: h:","0"
"15:55:03","run","\\tanghaiyong\physicaldisk(2)\current disk queue length","2","217"
"15:55:03","run","\\tanghaiyong\physicaldisk(0 c: d:)\avg. disk queue length","0 c: d:","0"
"15:55:03","run","\\tanghaiyong\physicaldisk(1 e: f: g: h:)\avg. disk queue length","1 e: f: g: h:","0"
"15:55:03","run","\\tanghaiyong\physicaldisk(2)\avg. disk queue length","2","160.1365"
"15:55:03","run","\\tanghaiyong\physicaldisk(0 c: d:)\disk read bytes/sec","0 c: d:","0"
"15:55:03","run","\\tanghaiyong\physicaldisk(1 e: f: g: h:)\disk read bytes/sec","1 e: f: g: h:","0"
"15:55:03","run","\\tanghaiyong\physicaldisk(2)\disk read bytes/sec","2","1039740176.557"
"15:55:03","run","\\tanghaiyong\physicaldisk(0 c: d:)\avg. disk bytes/read","0 c: d:","0"
"15:55:03","run","\\tanghaiyong\physicaldisk(1 e: f: g: h:)\avg. disk bytes/read","1 e: f: g: h:","0"
"15:55:03","run","\\tanghaiyong\physicaldisk(2)\avg. disk bytes/read","2","1293006.1958"
"15:55:03","run","\\tanghaiyong\physicaldisk(0 c: d:)\disk reads/sec","0 c: d:","0"
"15:55:03","run","\\tanghaiyong\physicaldisk(1 e: f: g: h:)\disk reads/sec","1 e: f: g: h:","0"
"15:55:03","run","\\tanghaiyong\physicaldisk(2)\disk reads/sec","2","804.1262"
"15:55:05","run","\\tanghaiyong\physicaldisk(0 c: d:)\% idle time","0 c: d:","100.0107"
"15:55:05","run","\\tanghaiyong\physicaldisk(1 e: f: g: h:)\% idle time","1 e: f: g: h:","100.0645"
"15:55:05","run","\\tanghaiyong\physicaldisk(2)\% idle time","2","24.989"
"15:55:05","run","\\tanghaiyong\physicaldisk(0 c: d:)\avg. disk sec/read","0 c: d:","0"
"15:55:05","run","\\tanghaiyong\physicaldisk(1 e: f: g: h:)\avg. disk sec/read","1 e: f: g: h:","0"
"15:55:05","run","\\tanghaiyong\physicaldisk(2)\avg. disk sec/read","2","0.3226"
"15:55:05","run","\\tanghaiyong\physicaldisk(0 c: d:)\avg. disk sec/transfer","0 c: d:","0.0001"
"15:55:05","run","\\tanghaiyong\physicaldisk(1 e: f: g: h:)\avg. disk sec/transfer","1 e: f: g: h:","0"
"15:55:05","run","\\tanghaiyong\physicaldisk(2)\avg. disk sec/transfer","2","0.3226"
"15:55:05","run","\\tanghaiyong\physicaldisk(0 c: d:)\current disk queue length","0 c: d:","0"
"15:55:05","run","\\tanghaiyong\physicaldisk(1 e: f: g: h:)\current disk queue length","1 e: f: g: h:","0"
"15:55:05","run","\\tanghaiyong\physicaldisk(2)\current disk queue length","2","60"
"15:55:05","run","\\tanghaiyong\physicaldisk(0 c: d:)\avg. disk queue length","0 c: d:","0.0006"
"15:55:05","run","\\tanghaiyong\physicaldisk(1 e: f: g: h:)\avg. disk queue length","1 e: f: g: h:","0"
"15:55:05","run","\\tanghaiyong\physicaldisk(2)\avg. disk queue length","2","288.703"
"15:55:05","run","\\tanghaiyong\physicaldisk(0 c: d:)\disk read bytes/sec","0 c: d:","0"
"15:55:05","run","\\tanghaiyong\physicaldisk(1 e: f: g: h:)\disk read bytes/sec","1 e: f: g: h:","0"
"15:55:05","run","\\tanghaiyong\physicaldisk(2)\disk read bytes/sec","2","1142601527.1061"
"15:55:05","run","\\tanghaiyong\physicaldisk(0 c: d:)\avg. disk bytes/read","0 c: d:","0"
"15:55:05","run","\\tanghaiyong\physicaldisk(1 e: f: g: h:)\avg. disk bytes/read","1 e: f: g: h:","0"
"15:55:05","run","\\tanghaiyong\physicaldisk(2)\avg. disk bytes/read","2","1277742.8812"
"15:55:05","run","\\tanghaiyong\physicaldisk(0 c: d:)\disk reads/sec","0 c: d:","0"
"15:55:05","run","\\tanghaiyong\physicaldisk(1 e: f: g: h:)\disk reads/sec","1 e: f: g: h:","0"
"15:55:05","run","\\tanghaiyong\physicaldisk(2)\disk reads/sec","2","894.2343"
"15:55:07","run","\\tanghaiyong\physicaldisk(0 c: d:)\% idle time","0 c: d:","99.3002"
"15:55:07","run","\\tanghaiyong\physicaldisk(1 e: f: g: h:)\% idle time","1 e: f: g: h:","87.3282"
"15:55:07","run","\\tanghaiyong\physicaldisk(2)\% idle time","2","21.2567"
"15:55:07","run","\\tanghaiyong\physicaldisk(0 c: d:)\avg. disk sec/read","0 c: d:","0.0002"
"15:55:07","run","\\tanghaiyong\physicaldisk(1 e: f: g: h:)\avg. disk sec/read","1 e: f: g: h:","0"
"15:55:07","run","\\tanghaiyong\physicaldisk(2)\avg. disk sec/read","2","0.3302"
"15:55:07","run","\\tanghaiyong\physicaldisk(0 c: d:)\avg. disk sec/transfer","0 c: d:","0.0003"
"15:55:07","run","\\tanghaiyong\physicaldisk(1 e: f: g: h:)\avg. disk sec/transfer","1 e: f: g: h:","0"
"15:55:07","run","\\tanghaiyong\physicaldisk(2)\avg. disk sec/transfer","2","0.3302"
"15:55:07","run","\\tanghaiyong\physicaldisk(0 c: d:)\current disk queue length","0 c: d:","0"
"15:55:07","run","\\tanghaiyong\physicaldisk(1 e: f: g: h:)\current disk queue length","1 e: f: g: h:","1"
"15:55:07","run","\\tanghaiyong\physicaldisk(2)\current disk queue length","2","0"
"15:55:07","run","\\tanghaiyong\physicaldisk(0 c: d:)\avg. disk queue length","0 c: d:","0.0064"
"15:55:07","run","\\tanghaiyong\physicaldisk(1 e: f: g: h:)\avg. disk queue length","1 e: f: g: h:","0"
"15:55:07","run","\\tanghaiyong\physicaldisk(2)\avg. disk queue length","2","305.6832"
"15:55:07","run","\\tanghaiyong\physicaldisk(0 c: d:)\disk read bytes/sec","0 c: d:","135434.3127"
"15:55:07","run","\\tanghaiyong\physicaldisk(1 e: f: g: h:)\disk read bytes/sec","1 e: f: g: h:","0"
"15:55:07","run","\\tanghaiyong\physicaldisk(2)\disk read bytes/sec","2","1196286192.8939"
"15:55:07","run","\\tanghaiyong\physicaldisk(0 c: d:)\avg. disk bytes/read","0 c: d:","34048"
"15:55:07","run","\\tanghaiyong\physicaldisk(1 e: f: g: h:)\avg. disk bytes/read","1 e: f: g: h:","0"
"15:55:07","run","\\tanghaiyong\physicaldisk(2)\avg. disk bytes/read","2","1292136.2148"
"15:55:07","run","\\tanghaiyong\physicaldisk(0 c: d:)\disk reads/sec","0 c: d:","3.9777"
"15:55:07","run","\\tanghaiyong\physicaldisk(1 e: f: g: h:)\disk reads/sec","1 e: f: g: h:","0"
"15:55:07","run","\\tanghaiyong\physicaldisk(2)\disk reads/sec","2","925.8205"
"15:55:09","run","\\tanghaiyong\physicaldisk(0 c: d:)\% idle time","0 c: d:","99.9774"
"15:55:09","run","\\tanghaiyong\physicaldisk(1 e: f: g: h:)\% idle time","1 e: f: g: h:","99.9918"
"15:55:09","run","\\tanghaiyong\physicaldisk(2)\% idle time","2","12.9776"
"15:55:09","run","\\tanghaiyong\physicaldisk(0 c: d:)\avg. disk sec/read","0 c: d:","0"
"15:55:09","run","\\tanghaiyong\physicaldisk(1 e: f: g: h:)\avg. disk sec/read","1 e: f: g: h:","0"
"15:55:09","run","\\tanghaiyong\physicaldisk(2)\avg. disk sec/read","2","0.2964"
"15:55:09","run","\\tanghaiyong\physicaldisk(0 c: d:)\avg. disk sec/transfer","0 c: d:","0"
"15:55:09","run","\\tanghaiyong\physicaldisk(1 e: f: g: h:)\avg. disk sec/transfer","1 e: f: g: h:","0"
"15:55:09","run","\\tanghaiyong\physicaldisk(2)\avg. disk sec/transfer","2","0.2964"
"15:55:09","run","\\tanghaiyong\physicaldisk(0 c: d:)\current disk queue length","0 c: d:","0"
"15:55:09","run","\\tanghaiyong\physicaldisk(1 e: f: g: h:)\current disk queue length","1 e: f: g: h:","0"
"15:55:09","run","\\tanghaiyong\physicaldisk(2)\current disk queue length","2","23"
"15:55:09","run","\\tanghaiyong\physicaldisk(0 c: d:)\avg. disk queue length","0 c: d:","0.0001"
"15:55:09","run","\\tanghaiyong\physicaldisk(1 e: f: g: h:)\avg. disk queue length","1 e: f: g: h:","0"
"15:55:09","run","\\tanghaiyong\physicaldisk(2)\avg. disk queue length","2","298.4501"
"15:55:09","run","\\tanghaiyong\physicaldisk(0 c: d:)\disk read bytes/sec","0 c: d:","0"
"15:55:09","run","\\tanghaiyong\physicaldisk(1 e: f: g: h:)\disk read bytes/sec","1 e: f: g: h:","0"
"15:55:09","run","\\tanghaiyong\physicaldisk(2)\disk read bytes/sec","2","1294345099.1957"
"15:55:09","run","\\tanghaiyong\physicaldisk(0 c: d:)\avg. disk bytes/read","0 c: d:","0"
"15:55:09","run","\\tanghaiyong\physicaldisk(1 e: f: g: h:)\avg. disk bytes/read","1 e: f: g: h:","0"
"15:55:09","run","\\tanghaiyong\physicaldisk(2)\avg. disk bytes/read","2","1285512.6008"
"15:55:09","run","\\tanghaiyong\physicaldisk(0 c: d:)\disk reads/sec","0 c: d:","0"
"15:55:09","run","\\tanghaiyong\physicaldisk(1 e: f: g: h:)\disk reads/sec","1 e: f: g: h:","0"
"15:55:09","run","\\tanghaiyong\physicaldisk(2)\disk reads/sec","2","1006.8708"
"15:55:11","run","\\tanghaiyong\physicaldisk(0 c: d:)\% idle time","0 c: d:","99.7806"
"15:55:11","run","\\tanghaiyong\physicaldisk(1 e: f: g: h:)\% idle time","1 e: f: g: h:","100.0443"
"15:55:11","run","\\tanghaiyong\physicaldisk(2)\% idle time","2","12.4413"
"15:55:11","run","\\tanghaiyong\physicaldisk(0 c: d:)\avg. disk sec/read","0 c: d:","0.0003"
"15:55:11","run","\\tanghaiyong\physicaldisk(1 e: f: g: h:)\avg. disk sec/read","1 e: f: g: h:","0"
"15:55:11","run","\\tanghaiyong\physicaldisk(2)\avg. disk sec/read","2","0.3025"
"15:55:11","run","\\tanghaiyong\physicaldisk(0 c: d:)\avg. disk sec/transfer","0 c: d:","0.0001"
"15:55:11","run","\\tanghaiyong\physicaldisk(1 e: f: g: h:)\avg. disk sec/transfer","1 e: f: g: h:","0"
"15:55:11","run","\\tanghaiyong\physicaldisk(2)\avg. disk sec/transfer","2","0.3025"
"15:55:11","run","\\tanghaiyong\physicaldisk(0 c: d:)\current disk queue length","0 c: d:","0"
"15:55:11","run","\\tanghaiyong\physicaldisk(1 e: f: g: h:)\current disk queue length","1 e: f: g: h:","0"
"15:55:11","run","\\tanghaiyong\physicaldisk(2)\current disk queue length","2","0"
"15:55:11","run","\\tanghaiyong\physicaldisk(0 c: d:)\avg. disk queue length","0 c: d:","0.0023"
"15:55:11","run","\\tanghaiyong\physicaldisk(1 e: f: g: h:)\avg. disk queue length","1 e: f: g: h:","0"
"15:55:11","run","\\tanghaiyong\physicaldisk(2)\avg. disk queue length","2","297.4367"
"15:55:11","run","\\tanghaiyong\physicaldisk(0 c: d:)\disk read bytes/sec","0 c: d:","105849.7344"
"15:55:11","run","\\tanghaiyong\physicaldisk(1 e: f: g: h:)\disk read bytes/sec","1 e: f: g: h:","0"
"15:55:11","run","\\tanghaiyong\physicaldisk(2)\disk read bytes/sec","2","1265628990.2003"
"15:55:11","run","\\tanghaiyong\physicaldisk(0 c: d:)\avg. disk bytes/read","0 c: d:","26624"
"15:55:11","run","\\tanghaiyong\physicaldisk(1 e: f: g: h:)\avg. disk bytes/read","1 e: f: g: h:","0"
"15:55:11","run","\\tanghaiyong\physicaldisk(2)\avg. disk bytes/read","2","1287518.997"
"15:55:11","run","\\tanghaiyong\physicaldisk(0 c: d:)\disk reads/sec","0 c: d:","3.9757"
"15:55:11","run","\\tanghaiyong\physicaldisk(1 e: f: g: h:)\disk reads/sec","1 e: f: g: h:","0"
"15:55:11","run","\\tanghaiyong\physicaldisk(2)\disk reads/sec","2","982.9983"
"15:55:13","run","\\tanghaiyong\physicaldisk(0 c: d:)\% idle time","0 c: d:","99.8473"
"15:55:13","run","\\tanghaiyong\physicaldisk(1 e: f: g: h:)\% idle time","1 e: f: g: h:","99.9856"
"15:55:13","run","\\tanghaiyong\physicaldisk(2)\% idle time","2","10.7792"
"15:55:13","run","\\tanghaiyong\physicaldisk(0 c: d:)\avg. disk sec/read","0 c: d:","0.0004"
"15:55:13","run","\\tanghaiyong\physicaldisk(1 e: f: g: h:)\avg. disk sec/read","1 e: f: g: h:","0"
"15:55:13","run","\\tanghaiyong\physicaldisk(2)\avg. disk sec/read","2","0.2569"
"15:55:13","run","\\tanghaiyong\physicaldisk(0 c: d:)\avg. disk sec/transfer","0 c: d:","0.0001"
"15:55:13","run","\\tanghaiyong\physicaldisk(1 e: f: g: h:)\avg. disk sec/transfer","1 e: f: g: h:","0"
"15:55:13","run","\\tanghaiyong\physicaldisk(2)\avg. disk sec/transfer","2","0.2569"
"15:55:13","run","\\tanghaiyong\physicaldisk(0 c: d:)\current disk queue length","0 c: d:","0"
"15:55:13","run","\\tanghaiyong\physicaldisk(1 e: f: g: h:)\current disk queue length","1 e: f: g: h:","0"
"15:55:13","run","\\tanghaiyong\physicaldisk(2)\current disk queue length","2","235"
"15:55:13","run","\\tanghaiyong\physicaldisk(0 c: d:)\avg. disk queue length","0 c: d:","0.001"
"15:55:13","run","\\tanghaiyong\physicaldisk(1 e: f: g: h:)\avg. disk queue length","1 e: f: g: h:","0"
"15:55:13","run","\\tanghaiyong\physicaldisk(2)\avg. disk queue length","2","271.0009"
"15:55:13","run","\\tanghaiyong\physicaldisk(0 c: d:)\disk read bytes/sec","0 c: d:","81454.0584"
"15:55:13","run","\\tanghaiyong\physicaldisk(1 e: f: g: h:)\disk read bytes/sec","1 e: f: g: h:","0"
"15:55:13","run","\\tanghaiyong\physicaldisk(2)\disk read bytes/sec","2","1359728886.8486"
"15:55:13","run","\\tanghaiyong\physicaldisk(0 c: d:)\avg. disk bytes/read","0 c: d:","81920"
"15:55:13","run","\\tanghaiyong\physicaldisk(1 e: f: g: h:)\avg. disk bytes/read","1 e: f: g: h:","0"
"15:55:13","run","\\tanghaiyong\physicaldisk(2)\avg. disk bytes/read","2","1288884.9614"
"15:55:13","run","\\tanghaiyong\physicaldisk(0 c: d:)\disk reads/sec","0 c: d:","0.9943"
"15:55:13","run","\\tanghaiyong\physicaldisk(1 e: f: g: h:)\disk reads/sec","1 e: f: g: h:","0"
"15:55:13","run","\\tanghaiyong\physicaldisk(2)\disk reads/sec","2","1054.9653"
"15:55:15","run","\\tanghaiyong\physicaldisk(0 c: d:)\% idle time","0 c: d:","99.6706"
"15:55:15","run","\\tanghaiyong\physicaldisk(1 e: f: g: h:)\% idle time","1 e: f: g: h:","99.9601"
"15:55:15","run","\\tanghaiyong\physicaldisk(2)\% idle time","2","12.1104"
"15:55:15","run","\\tanghaiyong\physicaldisk(0 c: d:)\avg. disk sec/read","0 c: d:","0.0004"
"15:55:15","run","\\tanghaiyong\physicaldisk(1 e: f: g: h:)\avg. disk sec/read","1 e: f: g: h:","0"
"15:55:15","run","\\tanghaiyong\physicaldisk(2)\avg. disk sec/read","2","0.2543"
"15:55:15","run","\\tanghaiyong\physicaldisk(0 c: d:)\avg. disk sec/transfer","0 c: d:","0.0001"
"15:55:15","run","\\tanghaiyong\physicaldisk(1 e: f: g: h:)\avg. disk sec/transfer","1 e: f: g: h:","0"
"15:55:15","run","\\tanghaiyong\physicaldisk(2)\avg. disk sec/transfer","2","0.2543"
"15:55:15","run","\\tanghaiyong\physicaldisk(0 c: d:)\current disk queue length","0 c: d:","0"
"15:55:15","run","\\tanghaiyong\physicaldisk(1 e: f: g: h:)\current disk queue length","1 e: f: g: h:","0"
"15:55:15","run","\\tanghaiyong\physicaldisk(2)\current disk queue length","2","52"
"15:55:15","run","\\tanghaiyong\physicaldisk(0 c: d:)\avg. disk queue length","0 c: d:","0.0025"
"15:55:15","run","\\tanghaiyong\physicaldisk(1 e: f: g: h:)\avg. disk queue length","1 e: f: g: h:","0"
"15:55:15","run","\\tanghaiyong\physicaldisk(2)\avg. disk queue length","2","264.9982"
"15:55:15","run","\\tanghaiyong\physicaldisk(0 c: d:)\disk read bytes/sec","0 c: d:","32591.8638"
"15:55:15","run","\\tanghaiyong\physicaldisk(1 e: f: g: h:)\disk read bytes/sec","1 e: f: g: h:","0"
"15:55:15","run","\\tanghaiyong\physicaldisk(2)\disk read bytes/sec","2","1343078114.9434"
"15:55:15","run","\\tanghaiyong\physicaldisk(0 c: d:)\avg. disk bytes/read","0 c: d:","16384"
"15:55:15","run","\\tanghaiyong\physicaldisk(1 e: f: g: h:)\avg. disk bytes/read","1 e: f: g: h:","0"
"15:55:15","run","\\tanghaiyong\physicaldisk(2)\avg. disk bytes/read","2","1288489.0382"
"15:55:15","run","\\tanghaiyong\physicaldisk(0 c: d:)\disk reads/sec","0 c: d:","1.9892"
"15:55:15","run","\\tanghaiyong\physicaldisk(1 e: f: g: h:)\disk reads/sec","1 e: f: g: h:","0"
"15:55:15","run","\\tanghaiyong\physicaldisk(2)\disk reads/sec","2","1042.3667"
"15:55:17","run","\\tanghaiyong\physicaldisk(0 c: d:)\% idle time","0 c: d:","99.9099"
"15:55:17","run","\\tanghaiyong\physicaldisk(1 e: f: g: h:)\% idle time","1 e: f: g: h:","99.964"
"15:55:17","run","\\tanghaiyong\physicaldisk(2)\% idle time","2","20.4681"
"15:55:17","run","\\tanghaiyong\physicaldisk(0 c: d:)\avg. disk sec/read","0 c: d:","0.0001"
"15:55:17","run","\\tanghaiyong\physicaldisk(1 e: f: g: h:)\avg. disk sec/read","1 e: f: g: h:","0"
"15:55:17","run","\\tanghaiyong\physicaldisk(2)\avg. disk sec/read","2","0.1843"
"15:55:17","run","\\tanghaiyong\physicaldisk(0 c: d:)\avg. disk sec/transfer","0 c: d:","0.0001"
"15:55:17","run","\\tanghaiyong\physicaldisk(1 e: f: g: h:)\avg. disk sec/transfer","1 e: f: g: h:","0"
"15:55:17","run","\\tanghaiyong\physicaldisk(2)\avg. disk sec/transfer","2","0.1843"
"15:55:17","run","\\tanghaiyong\physicaldisk(0 c: d:)\current disk queue length","0 c: d:","0"
"15:55:17","run","\\tanghaiyong\physicaldisk(1 e: f: g: h:)\current disk queue length","1 e: f: g: h:","0"
"15:55:17","run","\\tanghaiyong\physicaldisk(2)\current disk queue length","2","104"
"15:55:17","run","\\tanghaiyong\physicaldisk(0 c: d:)\avg. disk queue length","0 c: d:","0.0005"
"15:55:17","run","\\tanghaiyong\physicaldisk(1 e: f: g: h:)\avg. disk queue length","1 e: f: g: h:","0"
"15:55:17","run","\\tanghaiyong\physicaldisk(2)\avg. disk queue length","2","168.1258"
"15:55:17","run","\\tanghaiyong\physicaldisk(0 c: d:)\disk read bytes/sec","0 c: d:","5106.8891"
"15:55:17","run","\\tanghaiyong\physicaldisk(1 e: f: g: h:)\disk read bytes/sec","1 e: f: g: h:","0"
"15:55:17","run","\\tanghaiyong\physicaldisk(2)\disk read bytes/sec","2","1172909429.6213"
"15:55:17","run","\\tanghaiyong\physicaldisk(0 c: d:)\avg. disk bytes/read","0 c: d:","1706.6667"
"15:55:17","run","\\tanghaiyong\physicaldisk(1 e: f: g: h:)\avg. disk bytes/read","1 e: f: g: h:","0"
"15:55:17","run","\\tanghaiyong\physicaldisk(2)\avg. disk bytes/read","2","1285159.1694"
"15:55:17","run","\\tanghaiyong\physicaldisk(0 c: d:)\disk reads/sec","0 c: d:","2.9923"
"15:55:17","run","\\tanghaiyong\physicaldisk(1 e: f: g: h:)\disk reads/sec","1 e: f: g: h:","0"
"15:55:17","run","\\tanghaiyong\physicaldisk(2)\disk reads/sec","2","912.6569"
"15:55:19","run","\\tanghaiyong\physicaldisk(0 c: d:)\% idle time","0 c: d:","99.8613"
"15:55:19","run","\\tanghaiyong\physicaldisk(1 e: f: g: h:)\% idle time","1 e: f: g: h:","99.9776"
"15:55:19","run","\\tanghaiyong\physicaldisk(2)\% idle time","2","10.3491"
"15:55:19","run","\\tanghaiyong\physicaldisk(0 c: d:)\avg. disk sec/read","0 c: d:","0"
"15:55:19","run","\\tanghaiyong\physicaldisk(1 e: f: g: h:)\avg. disk sec/read","1 e: f: g: h:","0"
"15:55:19","run","\\tanghaiyong\physicaldisk(2)\avg. disk sec/read","2","0.3936"
"15:55:19","run","\\tanghaiyong\physicaldisk(0 c: d:)\avg. disk sec/transfer","0 c: d:","0"
"15:55:19","run","\\tanghaiyong\physicaldisk(1 e: f: g: h:)\avg. disk sec/transfer","1 e: f: g: h:","0"
"15:55:19","run","\\tanghaiyong\physicaldisk(2)\avg. disk sec/transfer","2","0.3936"
"15:55:19","run","\\tanghaiyong\physicaldisk(0 c: d:)\current disk queue length","0 c: d:","0"
"15:55:19","run","\\tanghaiyong\physicaldisk(1 e: f: g: h:)\current disk queue length","1 e: f: g: h:","0"
"15:55:19","run","\\tanghaiyong\physicaldisk(2)\current disk queue length","2","235"
"15:55:19","run","\\tanghaiyong\physicaldisk(0 c: d:)\avg. disk queue length","0 c: d:","0.0001"
"15:55:19","run","\\tanghaiyong\physicaldisk(1 e: f: g: h:)\avg. disk queue length","1 e: f: g: h:","0"
"15:55:19","run","\\tanghaiyong\physicaldisk(2)\avg. disk queue length","2","295.5325"
"15:55:19","run","\\tanghaiyong\physicaldisk(0 c: d:)\disk read bytes/sec","0 c: d:","0"
"15:55:19","run","\\tanghaiyong\physicaldisk(1 e: f: g: h:)\disk read bytes/sec","1 e: f: g: h:","0"
"15:55:19","run","\\tanghaiyong\physicaldisk(2)\disk read bytes/sec","2","975219539.99"
"15:55:19","run","\\tanghaiyong\physicaldisk(0 c: d:)\avg. disk bytes/read","0 c: d:","0"
"15:55:19","run","\\tanghaiyong\physicaldisk(1 e: f: g: h:)\avg. disk bytes/read","1 e: f: g: h:","0"
"15:55:19","run","\\tanghaiyong\physicaldisk(2)\avg. disk bytes/read","2","1298399.4058"
"15:55:19","run","\\tanghaiyong\physicaldisk(0 c: d:)\disk reads/sec","0 c: d:","0"
"15:55:19","run","\\tanghaiyong\physicaldisk(1 e: f: g: h:)\disk reads/sec","1 e: f: g: h:","0"
"15:55:19","run","\\tanghaiyong\physicaldisk(2)\disk reads/sec","2","751.0936"
"15:55:21","run","\\tanghaiyong\physicaldisk(0 c: d:)\% idle time","0 c: d:","96.0066"
"15:55:21","run","\\tanghaiyong\physicaldisk(1 e: f: g: h:)\% idle time","1 e: f: g: h:","99.9933"
"15:55:21","run","\\tanghaiyong\physicaldisk(2)\% idle time","2","26.3684"
"15:55:21","run","\\tanghaiyong\physicaldisk(0 c: d:)\avg. disk sec/read","0 c: d:","0"
"15:55:21","run","\\tanghaiyong\physicaldisk(1 e: f: g: h:)\avg. disk sec/read","1 e: f: g: h:","0"
"15:55:21","run","\\tanghaiyong\physicaldisk(2)\avg. disk sec/read","2","0.2774"
"15:55:21","run","\\tanghaiyong\physicaldisk(0 c: d:)\avg. disk sec/transfer","0 c: d:","0.0001"
"15:55:21","run","\\tanghaiyong\physicaldisk(1 e: f: g: h:)\avg. disk sec/transfer","1 e: f: g: h:","0"
"15:55:21","run","\\tanghaiyong\physicaldisk(2)\avg. disk sec/transfer","2","0.2774"
"15:55:21","run","\\tanghaiyong\physicaldisk(0 c: d:)\current disk queue length","0 c: d:","0"
"15:55:21","run","\\tanghaiyong\physicaldisk(1 e: f: g: h:)\current disk queue length","1 e: f: g: h:","0"
"15:55:21","run","\\tanghaiyong\physicaldisk(2)\current disk queue length","2","155"
"15:55:21","run","\\tanghaiyong\physicaldisk(0 c: d:)\avg. disk queue length","0 c: d:","0.0004"
"15:55:21","run","\\tanghaiyong\physicaldisk(1 e: f: g: h:)\avg. disk queue length","1 e: f: g: h:","0"
"15:55:21","run","\\tanghaiyong\physicaldisk(2)\avg. disk queue length","2","179.4003"
"15:55:21","run","\\tanghaiyong\physicaldisk(0 c: d:)\disk read bytes/sec","0 c: d:","0"
"15:55:21","run","\\tanghaiyong\physicaldisk(1 e: f: g: h:)\disk read bytes/sec","1 e: f: g: h:","0"
"15:55:21","run","\\tanghaiyong\physicaldisk(2)\disk read bytes/sec","2","822548802.3115"
"15:55:21","run","\\tanghaiyong\physicaldisk(0 c: d:)\avg. disk bytes/read","0 c: d:","0"
"15:55:21","run","\\tanghaiyong\physicaldisk(1 e: f: g: h:)\avg. disk bytes/read","1 e: f: g: h:","0"
"15:55:21","run","\\tanghaiyong\physicaldisk(2)\avg. disk bytes/read","2","1271628.1294"
"15:55:21","run","\\tanghaiyong\physicaldisk(0 c: d:)\disk reads/sec","0 c: d:","0"
"15:55:21","run","\\tanghaiyong\physicaldisk(1 e: f: g: h:)\disk reads/sec","1 e: f: g: h:","0"
"15:55:21","run","\\tanghaiyong\physicaldisk(2)\disk reads/sec","2","646.847"
"15:55:23","run","\\tanghaiyong\physicaldisk(0 c: d:)\% idle time","0 c: d:","95.0967"
"15:55:23","run","\\tanghaiyong\physicaldisk(1 e: f: g: h:)\% idle time","1 e: f: g: h:","99.9484"
"15:55:23","run","\\tanghaiyong\physicaldisk(2)\% idle time","2","44.9541"
"15:55:23","run","\\tanghaiyong\physicaldisk(0 c: d:)\avg. disk sec/read","0 c: d:","0.0009"
"15:55:23","run","\\tanghaiyong\physicaldisk(1 e: f: g: h:)\avg. disk sec/read","1 e: f: g: h:","0"
"15:55:23","run","\\tanghaiyong\physicaldisk(2)\avg. disk sec/read","2","0.118"
"15:55:23","run","\\tanghaiyong\physicaldisk(0 c: d:)\avg. disk sec/transfer","0 c: d:","0.0001"
"15:55:23","run","\\tanghaiyong\physicaldisk(1 e: f: g: h:)\avg. disk sec/transfer","1 e: f: g: h:","0"
"15:55:23","run","\\tanghaiyong\physicaldisk(2)\avg. disk sec/transfer","2","0.118"
"15:55:23","run","\\tanghaiyong\physicaldisk(0 c: d:)\current disk queue length","0 c: d:","0"
"15:55:23","run","\\tanghaiyong\physicaldisk(1 e: f: g: h:)\current disk queue length","1 e: f: g: h:","0"
"15:55:23","run","\\tanghaiyong\physicaldisk(2)\current disk queue length","2","0"
"15:55:23","run","\\tanghaiyong\physicaldisk(0 c: d:)\avg. disk queue length","0 c: d:","0.0015"
"15:55:23","run","\\tanghaiyong\physicaldisk(1 e: f: g: h:)\avg. disk queue length","1 e: f: g: h:","0"
"15:55:23","run","\\tanghaiyong\physicaldisk(2)\avg. disk queue length","2","60.1454"
"15:55:23","run","\\tanghaiyong\physicaldisk(0 c: d:)\disk read bytes/sec","0 c: d:","16390.1168"
"15:55:23","run","\\tanghaiyong\physicaldisk(1 e: f: g: h:)\disk read bytes/sec","1 e: f: g: h:","0"
"15:55:23","run","\\tanghaiyong\physicaldisk(2)\disk read bytes/sec","2","639001483.3536"
"15:55:23","run","\\tanghaiyong\physicaldisk(0 c: d:)\avg. disk bytes/read","0 c: d:","16384"
"15:55:23","run","\\tanghaiyong\physicaldisk(1 e: f: g: h:)\avg. disk bytes/read","1 e: f: g: h:","0"
"15:55:23","run","\\tanghaiyong\physicaldisk(2)\avg. disk bytes/read","2","1252476.4863"
"15:55:23","run","\\tanghaiyong\physicaldisk(0 c: d:)\disk reads/sec","0 c: d:","1.0004"
"15:55:23","run","\\tanghaiyong\physicaldisk(1 e: f: g: h:)\disk reads/sec","1 e: f: g: h:","0"
"15:55:23","run","\\tanghaiyong\physicaldisk(2)\disk reads/sec","2","510.1904"
"15:55:25","run","\\tanghaiyong\physicaldisk(0 c: d:)\% idle time","0 c: d:","99.6858"
"15:55:25","run","\\tanghaiyong\physicaldisk(1 e: f: g: h:)\% idle time","1 e: f: g: h:","99.9674"
"15:55:25","run","\\tanghaiyong\physicaldisk(2)\% idle time","2","42.9336"
"15:55:25","run","\\tanghaiyong\physicaldisk(0 c: d:)\avg. disk sec/read","0 c: d:","0.0009"
"15:55:25","run","\\tanghaiyong\physicaldisk(1 e: f: g: h:)\avg. disk sec/read","1 e: f: g: h:","0"
"15:55:25","run","\\tanghaiyong\physicaldisk(2)\avg. disk sec/read","2","0.0965"
"15:55:25","run","\\tanghaiyong\physicaldisk(0 c: d:)\avg. disk sec/transfer","0 c: d:","0.0006"
"15:55:25","run","\\tanghaiyong\physicaldisk(1 e: f: g: h:)\avg. disk sec/transfer","1 e: f: g: h:","0"
"15:55:25","run","\\tanghaiyong\physicaldisk(2)\avg. disk sec/transfer","2","0.0965"
"15:55:25","run","\\tanghaiyong\physicaldisk(0 c: d:)\current disk queue length","0 c: d:","0"
"15:55:25","run","\\tanghaiyong\physicaldisk(1 e: f: g: h:)\current disk queue length","1 e: f: g: h:","0"
"15:55:25","run","\\tanghaiyong\physicaldisk(2)\current disk queue length","2","76"
"15:55:25","run","\\tanghaiyong\physicaldisk(0 c: d:)\avg. disk queue length","0 c: d:","0.0028"
"15:55:25","run","\\tanghaiyong\physicaldisk(1 e: f: g: h:)\avg. disk queue length","1 e: f: g: h:","0"
"15:55:25","run","\\tanghaiyong\physicaldisk(2)\avg. disk queue length","2","55.1827"
"15:55:25","run","\\tanghaiyong\physicaldisk(0 c: d:)\disk read bytes/sec","0 c: d:","82282.3531"
"15:55:25","run","\\tanghaiyong\physicaldisk(1 e: f: g: h:)\disk read bytes/sec","1 e: f: g: h:","0"
"15:55:25","run","\\tanghaiyong\physicaldisk(2)\disk read bytes/sec","2","713192772.305"
"15:55:25","run","\\tanghaiyong\physicaldisk(0 c: d:)\avg. disk bytes/read","0 c: d:","27477.3333"
"15:55:25","run","\\tanghaiyong\physicaldisk(1 e: f: g: h:)\avg. disk bytes/read","1 e: f: g: h:","0"
"15:55:25","run","\\tanghaiyong\physicaldisk(2)\avg. disk bytes/read","2","1246928.1955"
"15:55:25","run","\\tanghaiyong\physicaldisk(0 c: d:)\disk reads/sec","0 c: d:","2.9946"
"15:55:25","run","\\tanghaiyong\physicaldisk(1 e: f: g: h:)\disk reads/sec","1 e: f: g: h:","0"
"15:55:25","run","\\tanghaiyong\physicaldisk(2)\disk reads/sec","2","571.9598"
"15:55:27","run","\\tanghaiyong\physicaldisk(0 c: d:)\% idle time","0 c: d:","99.3356"
"15:55:27","run","\\tanghaiyong\physicaldisk(1 e: f: g: h:)\% idle time","1 e: f: g: h:","100.003"
"15:55:27","run","\\tanghaiyong\physicaldisk(2)\% idle time","2","39.5136"
"15:55:27","run","\\tanghaiyong\physicaldisk(0 c: d:)\avg. disk sec/read","0 c: d:","0.0011"
"15:55:27","run","\\tanghaiyong\physicaldisk(1 e: f: g: h:)\avg. disk sec/read","1 e: f: g: h:","0"
"15:55:27","run","\\tanghaiyong\physicaldisk(2)\avg. disk sec/read","2","0.1194"
"15:55:27","run","\\tanghaiyong\physicaldisk(0 c: d:)\avg. disk sec/transfer","0 c: d:","0.0005"
"15:55:27","run","\\tanghaiyong\physicaldisk(1 e: f: g: h:)\avg. disk sec/transfer","1 e: f: g: h:","0"
"15:55:27","run","\\tanghaiyong\physicaldisk(2)\avg. disk sec/transfer","2","0.1194"
"15:55:27","run","\\tanghaiyong\physicaldisk(0 c: d:)\current disk queue length","0 c: d:","0"
"15:55:27","run","\\tanghaiyong\physicaldisk(1 e: f: g: h:)\current disk queue length","1 e: f: g: h:","0"
"15:55:27","run","\\tanghaiyong\physicaldisk(2)\current disk queue length","2","0"
"15:55:27","run","\\tanghaiyong\physicaldisk(0 c: d:)\avg. disk queue length","0 c: d:","0.0067"
"15:55:27","run","\\tanghaiyong\physicaldisk(1 e: f: g: h:)\avg. disk queue length","1 e: f: g: h:","0"
"15:55:27","run","\\tanghaiyong\physicaldisk(2)\avg. disk queue length","2","71.8981"
"15:55:27","run","\\tanghaiyong\physicaldisk(0 c: d:)\disk read bytes/sec","0 c: d:","37352.3892"
"15:55:27","run","\\tanghaiyong\physicaldisk(1 e: f: g: h:)\disk read bytes/sec","1 e: f: g: h:","0"
"15:55:27","run","\\tanghaiyong\physicaldisk(2)\disk read bytes/sec","2","743865763.2741"
"15:55:27","run","\\tanghaiyong\physicaldisk(0 c: d:)\avg. disk bytes/read","0 c: d:","9472"
"15:55:27","run","\\tanghaiyong\physicaldisk(1 e: f: g: h:)\avg. disk bytes/read","1 e: f: g: h:","0"
"15:55:27","run","\\tanghaiyong\physicaldisk(2)\avg. disk bytes/read","2","1234913.8331"
"15:55:27","run","\\tanghaiyong\physicaldisk(0 c: d:)\disk reads/sec","0 c: d:","3.9435"
"15:55:27","run","\\tanghaiyong\physicaldisk(1 e: f: g: h:)\disk reads/sec","1 e: f: g: h:","0"
"15:55:27","run","\\tanghaiyong\physicaldisk(2)\disk reads/sec","2","602.3625"
"15:55:29","run","\\tanghaiyong\physicaldisk(0 c: d:)\% idle time","0 c: d:","99.9477"
"15:55:29","run","\\tanghaiyong\physicaldisk(1 e: f: g: h:)\% idle time","1 e: f: g: h:","99.967"
"15:55:29","run","\\tanghaiyong\physicaldisk(2)\% idle time","2","41.5812"
"15:55:29","run","\\tanghaiyong\physicaldisk(0 c: d:)\avg. disk sec/read","0 c: d:","0"
"15:55:29","run","\\tanghaiyong\physicaldisk(1 e: f: g: h:)\avg. disk sec/read","1 e: f: g: h:","0"
"15:55:29","run","\\tanghaiyong\physicaldisk(2)\avg. disk sec/read","2","0.1124"
"15:55:29","run","\\tanghaiyong\physicaldisk(0 c: d:)\avg. disk sec/transfer","0 c: d:","0.0001"
"15:55:29","run","\\tanghaiyong\physicaldisk(1 e: f: g: h:)\avg. disk sec/transfer","1 e: f: g: h:","0"
"15:55:29","run","\\tanghaiyong\physicaldisk(2)\avg. disk sec/transfer","2","0.1124"
"15:55:29","run","\\tanghaiyong\physicaldisk(0 c: d:)\current disk queue length","0 c: d:","0"
"15:55:29","run","\\tanghaiyong\physicaldisk(1 e: f: g: h:)\current disk queue length","1 e: f: g: h:","0"
"15:55:29","run","\\tanghaiyong\physicaldisk(2)\current disk queue length","2","126"
"15:55:29","run","\\tanghaiyong\physicaldisk(0 c: d:)\avg. disk queue length","0 c: d:","0.0002"
"15:55:29","run","\\tanghaiyong\physicaldisk(1 e: f: g: h:)\avg. disk queue length","1 e: f: g: h:","0"
"15:55:29","run","\\tanghaiyong\physicaldisk(2)\avg. disk queue length","2","63.6676"
"15:55:29","run","\\tanghaiyong\physicaldisk(0 c: d:)\disk read bytes/sec","0 c: d:","0"
"15:55:29","run","\\tanghaiyong\physicaldisk(1 e: f: g: h:)\disk read bytes/sec","1 e: f: g: h:","0"
"15:55:29","run","\\tanghaiyong\physicaldisk(2)\disk read bytes/sec","2","697520049.8691"
"15:55:29","run","\\tanghaiyong\physicaldisk(0 c: d:)\avg. disk bytes/read","0 c: d:","0"
"15:55:29","run","\\tanghaiyong\physicaldisk(1 e: f: g: h:)\avg. disk bytes/read","1 e: f: g: h:","0"
"15:55:29","run","\\tanghaiyong\physicaldisk(2)\avg. disk bytes/read","2","1231251.831"
"15:55:29","run","\\tanghaiyong\physicaldisk(0 c: d:)\disk reads/sec","0 c: d:","0"
"15:55:29","run","\\tanghaiyong\physicaldisk(1 e: f: g: h:)\disk reads/sec","1 e: f: g: h:","0"
"15:55:29","run","\\tanghaiyong\physicaldisk(2)\disk reads/sec","2","566.5129"
"15:55:31","run","\\tanghaiyong\physicaldisk(0 c: d:)\% idle time","0 c: d:","96.2549"
"15:55:31","run","\\tanghaiyong\physicaldisk(1 e: f: g: h:)\% idle time","1 e: f: g: h:","99.9949"
"15:55:31","run","\\tanghaiyong\physicaldisk(2)\% idle time","2","12.1223"
"15:55:31","run","\\tanghaiyong\physicaldisk(0 c: d:)\avg. disk sec/read","0 c: d:","0.0102"
"15:55:31","run","\\tanghaiyong\physicaldisk(1 e: f: g: h:)\avg. disk sec/read","1 e: f: g: h:","0"
"15:55:31","run","\\tanghaiyong\physicaldisk(2)\avg. disk sec/read","2","0.2812"
"15:55:31","run","\\tanghaiyong\physicaldisk(0 c: d:)\avg. disk sec/transfer","0 c: d:","0.0006"
"15:55:31","run","\\tanghaiyong\physicaldisk(1 e: f: g: h:)\avg. disk sec/transfer","1 e: f: g: h:","0"
"15:55:31","run","\\tanghaiyong\physicaldisk(2)\avg. disk sec/transfer","2","0.2812"
"15:55:31","run","\\tanghaiyong\physicaldisk(0 c: d:)\current disk queue length","0 c: d:","0"
"15:55:31","run","\\tanghaiyong\physicaldisk(1 e: f: g: h:)\current disk queue length","1 e: f: g: h:","0"
"15:55:31","run","\\tanghaiyong\physicaldisk(2)\current disk queue length","2","89"
"15:55:31","run","\\tanghaiyong\physicaldisk(0 c: d:)\avg. disk queue length","0 c: d:","0.0218"
"15:55:31","run","\\tanghaiyong\physicaldisk(1 e: f: g: h:)\avg. disk queue length","1 e: f: g: h:","0"
"15:55:31","run","\\tanghaiyong\physicaldisk(2)\avg. disk queue length","2","227.1353"
"15:55:31","run","\\tanghaiyong\physicaldisk(0 c: d:)\disk read bytes/sec","0 c: d:","32633.5465"
"15:55:31","run","\\tanghaiyong\physicaldisk(1 e: f: g: h:)\disk read bytes/sec","1 e: f: g: h:","0"
"15:55:31","run","\\tanghaiyong\physicaldisk(2)\disk read bytes/sec","2","1022172419.4148"
"15:55:31","run","\\tanghaiyong\physicaldisk(0 c: d:)\avg. disk bytes/read","0 c: d:","16384"
"15:55:31","run","\\tanghaiyong\physicaldisk(1 e: f: g: h:)\avg. disk bytes/read","1 e: f: g: h:","0"
"15:55:31","run","\\tanghaiyong\physicaldisk(2)\avg. disk bytes/read","2","1265578.1406"
"15:55:31","run","\\tanghaiyong\physicaldisk(0 c: d:)\disk reads/sec","0 c: d:","1.9918"
"15:55:31","run","\\tanghaiyong\physicaldisk(1 e: f: g: h:)\disk reads/sec","1 e: f: g: h:","0"
"15:55:31","run","\\tanghaiyong\physicaldisk(2)\disk reads/sec","2","807.6723"
"15:55:33","run","\\tanghaiyong\physicaldisk(0 c: d:)\% idle time","0 c: d:","98.4118"
"15:55:33","run","\\tanghaiyong\physicaldisk(1 e: f: g: h:)\% idle time","1 e: f: g: h:","99.9868"
"15:55:33","run","\\tanghaiyong\physicaldisk(2)\% idle time","2","14.9855"
"15:55:33","run","\\tanghaiyong\physicaldisk(0 c: d:)\avg. disk sec/read","0 c: d:","0.0004"
"15:55:33","run","\\tanghaiyong\physicaldisk(1 e: f: g: h:)\avg. disk sec/read","1 e: f: g: h:","0"
"15:55:33","run","\\tanghaiyong\physicaldisk(2)\avg. disk sec/read","2","0.3969"
"15:55:33","run","\\tanghaiyong\physicaldisk(0 c: d:)\avg. disk sec/transfer","0 c: d:","0.0001"
"15:55:33","run","\\tanghaiyong\physicaldisk(1 e: f: g: h:)\avg. disk sec/transfer","1 e: f: g: h:","0"
"15:55:33","run","\\tanghaiyong\physicaldisk(2)\avg. disk sec/transfer","2","0.3969"
"15:55:33","run","\\tanghaiyong\physicaldisk(0 c: d:)\current disk queue length","0 c: d:","0"
"15:55:33","run","\\tanghaiyong\physicaldisk(1 e: f: g: h:)\current disk queue length","1 e: f: g: h:","0"
"15:55:33","run","\\tanghaiyong\physicaldisk(2)\current disk queue length","2","246"
"15:55:33","run","\\tanghaiyong\physicaldisk(0 c: d:)\avg. disk queue length","0 c: d:","0.001"
"15:55:33","run","\\tanghaiyong\physicaldisk(1 e: f: g: h:)\avg. disk queue length","1 e: f: g: h:","0"
"15:55:33","run","\\tanghaiyong\physicaldisk(2)\avg. disk queue length","2","282.233"
"15:55:33","run","\\tanghaiyong\physicaldisk(0 c: d:)\disk read bytes/sec","0 c: d:","48888.6272"
"15:55:33","run","\\tanghaiyong\physicaldisk(1 e: f: g: h:)\disk read bytes/sec","1 e: f: g: h:","0"
"15:55:33","run","\\tanghaiyong\physicaldisk(2)\disk read bytes/sec","2","920817293.0787"
"15:55:33","run","\\tanghaiyong\physicaldisk(0 c: d:)\avg. disk bytes/read","0 c: d:","49152"
"15:55:33","run","\\tanghaiyong\physicaldisk(1 e: f: g: h:)\avg. disk bytes/read","1 e: f: g: h:","0"
"15:55:33","run","\\tanghaiyong\physicaldisk(2)\avg. disk bytes/read","2","1294794.2937"
"15:55:33","run","\\tanghaiyong\physicaldisk(0 c: d:)\disk reads/sec","0 c: d:","0.9946"
"15:55:33","run","\\tanghaiyong\physicaldisk(1 e: f: g: h:)\disk reads/sec","1 e: f: g: h:","0"
"15:55:33","run","\\tanghaiyong\physicaldisk(2)\disk reads/sec","2","711.1688"
"15:55:35","run","\\tanghaiyong\physicaldisk(0 c: d:)\% idle time","0 c: d:","99.9523"
"15:55:35","run","\\tanghaiyong\physicaldisk(1 e: f: g: h:)\% idle time","1 e: f: g: h:","99.9952"
"15:55:35","run","\\tanghaiyong\physicaldisk(2)\% idle time","2","21.1906"
"15:55:35","run","\\tanghaiyong\physicaldisk(0 c: d:)\avg. disk sec/read","0 c: d:","0"
"15:55:35","run","\\tanghaiyong\physicaldisk(1 e: f: g: h:)\avg. disk sec/read","1 e: f: g: h:","0"
"15:55:35","run","\\tanghaiyong\physicaldisk(2)\avg. disk sec/read","2","0.3432"
"15:55:35","run","\\tanghaiyong\physicaldisk(0 c: d:)\avg. disk sec/transfer","0 c: d:","0"
"15:55:35","run","\\tanghaiyong\physicaldisk(1 e: f: g: h:)\avg. disk sec/transfer","1 e: f: g: h:","0"
"15:55:35","run","\\tanghaiyong\physicaldisk(2)\avg. disk sec/transfer","2","0.3432"
"15:55:35","run","\\tanghaiyong\physicaldisk(0 c: d:)\current disk queue length","0 c: d:","0"
"15:55:35","run","\\tanghaiyong\physicaldisk(1 e: f: g: h:)\current disk queue length","1 e: f: g: h:","0"
"15:55:35","run","\\tanghaiyong\physicaldisk(2)\current disk queue length","2","116"
"15:55:35","run","\\tanghaiyong\physicaldisk(0 c: d:)\avg. disk queue length","0 c: d:","0.0002"
"15:55:35","run","\\tanghaiyong\physicaldisk(1 e: f: g: h:)\avg. disk queue length","1 e: f: g: h:","0"
"15:55:35","run","\\tanghaiyong\physicaldisk(2)\avg. disk queue length","2","252.9651"
"15:55:35","run","\\tanghaiyong\physicaldisk(0 c: d:)\disk read bytes/sec","0 c: d:","0"
"15:55:35","run","\\tanghaiyong\physicaldisk(1 e: f: g: h:)\disk read bytes/sec","1 e: f: g: h:","0"
"15:55:35","run","\\tanghaiyong\physicaldisk(2)\disk read bytes/sec","2","946161910.4434"
"15:55:35","run","\\tanghaiyong\physicaldisk(0 c: d:)\avg. disk bytes/read","0 c: d:","0"
"15:55:35","run","\\tanghaiyong\physicaldisk(1 e: f: g: h:)\avg. disk bytes/read","1 e: f: g: h:","0"
"15:55:35","run","\\tanghaiyong\physicaldisk(2)\avg. disk bytes/read","2","1283627.6482"
"15:55:35","run","\\tanghaiyong\physicaldisk(0 c: d:)\disk reads/sec","0 c: d:","0"
"15:55:35","run","\\tanghaiyong\physicaldisk(1 e: f: g: h:)\disk reads/sec","1 e: f: g: h:","0"
"15:55:35","run","\\tanghaiyong\physicaldisk(2)\disk reads/sec","2","737.1"
"15:55:37","run","\\tanghaiyong\physicaldisk(0 c: d:)\% idle time","0 c: d:","76.0667"
"15:55:37","run","\\tanghaiyong\physicaldisk(1 e: f: g: h:)\% idle time","1 e: f: g: h:","99.9436"
"15:55:37","run","\\tanghaiyong\physicaldisk(2)\% idle time","2","12.0936"
"15:55:37","run","\\tanghaiyong\physicaldisk(0 c: d:)\avg. disk sec/read","0 c: d:","0.0002"
"15:55:37","run","\\tanghaiyong\physicaldisk(1 e: f: g: h:)\avg. disk sec/read","1 e: f: g: h:","0"
"15:55:37","run","\\tanghaiyong\physicaldisk(2)\avg. disk sec/read","2","0.3726"
"15:55:37","run","\\tanghaiyong\physicaldisk(0 c: d:)\avg. disk sec/transfer","0 c: d:","0.02"
"15:55:37","run","\\tanghaiyong\physicaldisk(1 e: f: g: h:)\avg. disk sec/transfer","1 e: f: g: h:","0"
"15:55:37","run","\\tanghaiyong\physicaldisk(2)\avg. disk sec/transfer","2","0.3726"
"15:55:37","run","\\tanghaiyong\physicaldisk(0 c: d:)\current disk queue length","0 c: d:","0"
"15:55:37","run","\\tanghaiyong\physicaldisk(1 e: f: g: h:)\current disk queue length","1 e: f: g: h:","0"
"15:55:37","run","\\tanghaiyong\physicaldisk(2)\current disk queue length","2","141"
"15:55:37","run","\\tanghaiyong\physicaldisk(0 c: d:)\avg. disk queue length","0 c: d:","0.2388"
"15:55:37","run","\\tanghaiyong\physicaldisk(1 e: f: g: h:)\avg. disk queue length","1 e: f: g: h:","0"
"15:55:37","run","\\tanghaiyong\physicaldisk(2)\avg. disk queue length","2","281.4339"
"15:55:37","run","\\tanghaiyong\physicaldisk(0 c: d:)\disk read bytes/sec","0 c: d:","5097.5423"
"15:55:37","run","\\tanghaiyong\physicaldisk(1 e: f: g: h:)\disk read bytes/sec","1 e: f: g: h:","0"
"15:55:37","run","\\tanghaiyong\physicaldisk(2)\disk read bytes/sec","2","960719518.0911"
"15:55:37","run","\\tanghaiyong\physicaldisk(0 c: d:)\avg. disk bytes/read","0 c: d:","1706.6667"
"15:55:37","run","\\tanghaiyong\physicaldisk(1 e: f: g: h:)\avg. disk bytes/read","1 e: f: g: h:","0"
"15:55:37","run","\\tanghaiyong\physicaldisk(2)\avg. disk bytes/read","2","1271346.5929"
"15:55:37","run","\\tanghaiyong\physicaldisk(0 c: d:)\disk reads/sec","0 c: d:","2.9868"
"15:55:37","run","\\tanghaiyong\physicaldisk(1 e: f: g: h:)\disk reads/sec","1 e: f: g: h:","0"
"15:55:37","run","\\tanghaiyong\physicaldisk(2)\disk reads/sec","2","755.6708"
"15:55:39","run","\\tanghaiyong\physicaldisk(0 c: d:)\% idle time","0 c: d:","99.9644"
"15:55:39","run","\\tanghaiyong\physicaldisk(1 e: f: g: h:)\% idle time","1 e: f: g: h:","99.9803"
"15:55:39","run","\\tanghaiyong\physicaldisk(2)\% idle time","2","13.013"
"15:55:39","run","\\tanghaiyong\physicaldisk(0 c: d:)\avg. disk sec/read","0 c: d:","0"
"15:55:39","run","\\tanghaiyong\physicaldisk(1 e: f: g: h:)\avg. disk sec/read","1 e: f: g: h:","0"
"15:55:39","run","\\tanghaiyong\physicaldisk(2)\avg. disk sec/read","2","0.3863"
"15:55:39","run","\\tanghaiyong\physicaldisk(0 c: d:)\avg. disk sec/transfer","0 c: d:","0.0001"
"15:55:39","run","\\tanghaiyong\physicaldisk(1 e: f: g: h:)\avg. disk sec/transfer","1 e: f: g: h:","0"
"15:55:39","run","\\tanghaiyong\physicaldisk(2)\avg. disk sec/transfer","2","0.3863"
"15:55:39","run","\\tanghaiyong\physicaldisk(0 c: d:)\current disk queue length","0 c: d:","0"
"15:55:39","run","\\tanghaiyong\physicaldisk(1 e: f: g: h:)\current disk queue length","1 e: f: g: h:","0"
"15:55:39","run","\\tanghaiyong\physicaldisk(2)\current disk queue length","2","223"
"15:55:39","run","\\tanghaiyong\physicaldisk(0 c: d:)\avg. disk queue length","0 c: d:","0.0002"
"15:55:39","run","\\tanghaiyong\physicaldisk(1 e: f: g: h:)\avg. disk queue length","1 e: f: g: h:","0"
"15:55:39","run","\\tanghaiyong\physicaldisk(2)\avg. disk queue length","2","301.5911"
"15:55:39","run","\\tanghaiyong\physicaldisk(0 c: d:)\disk read bytes/sec","0 c: d:","0"
"15:55:39","run","\\tanghaiyong\physicaldisk(1 e: f: g: h:)\disk read bytes/sec","1 e: f: g: h:","0"
"15:55:39","run","\\tanghaiyong\physicaldisk(2)\disk read bytes/sec","2","999935597.4614"
"15:55:39","run","\\tanghaiyong\physicaldisk(0 c: d:)\avg. disk bytes/read","0 c: d:","0"
"15:55:39","run","\\tanghaiyong\physicaldisk(1 e: f: g: h:)\avg. disk bytes/read","1 e: f: g: h:","0"
"15:55:39","run","\\tanghaiyong\physicaldisk(2)\avg. disk bytes/read","2","1280606.0408"
"15:55:39","run","\\tanghaiyong\physicaldisk(0 c: d:)\disk reads/sec","0 c: d:","0"
"15:55:39","run","\\tanghaiyong\physicaldisk(1 e: f: g: h:)\disk reads/sec","1 e: f: g: h:","0"
"15:55:39","run","\\tanghaiyong\physicaldisk(2)\disk reads/sec","2","780.83"
"15:55:42","run","\\tanghaiyong\physicaldisk(0 c: d:)\% idle time","0 c: d:","99.6822"
"15:55:42","run","\\tanghaiyong\physicaldisk(1 e: f: g: h:)\% idle time","1 e: f: g: h:","99.9845"
"15:55:42","run","\\tanghaiyong\physicaldisk(2)\% idle time","2","12.0105"
"15:55:42","run","\\tanghaiyong\physicaldisk(0 c: d:)\avg. disk sec/read","0 c: d:","0"
"15:55:42","run","\\tanghaiyong\physicaldisk(1 e: f: g: h:)\avg. disk sec/read","1 e: f: g: h:","0"
"15:55:42","run","\\tanghaiyong\physicaldisk(2)\avg. disk sec/read","2","0.3882"
"15:55:42","run","\\tanghaiyong\physicaldisk(0 c: d:)\avg. disk sec/transfer","0 c: d:","0.0001"
"15:55:42","run","\\tanghaiyong\physicaldisk(1 e: f: g: h:)\avg. disk sec/transfer","1 e: f: g: h:","0"
"15:55:42","run","\\tanghaiyong\physicaldisk(2)\avg. disk sec/transfer","2","0.3882"
"15:55:42","run","\\tanghaiyong\physicaldisk(0 c: d:)\current disk queue length","0 c: d:","0"
"15:55:42","run","\\tanghaiyong\physicaldisk(1 e: f: g: h:)\current disk queue length","1 e: f: g: h:","0"
"15:55:42","run","\\tanghaiyong\physicaldisk(2)\current disk queue length","2","0"
"15:55:42","run","\\tanghaiyong\physicaldisk(0 c: d:)\avg. disk queue length","0 c: d:","0.0003"
"15:55:42","run","\\tanghaiyong\physicaldisk(1 e: f: g: h:)\avg. disk queue length","1 e: f: g: h:","0"
"15:55:42","run","\\tanghaiyong\physicaldisk(2)\avg. disk queue length","2","299.3232"
"15:55:42","run","\\tanghaiyong\physicaldisk(0 c: d:)\disk read bytes/sec","0 c: d:","0"
"15:55:42","run","\\tanghaiyong\physicaldisk(1 e: f: g: h:)\disk read bytes/sec","1 e: f: g: h:","0"
"15:55:42","run","\\tanghaiyong\physicaldisk(2)\disk read bytes/sec","2","948990782.963"
"15:55:42","run","\\tanghaiyong\physicaldisk(0 c: d:)\avg. disk bytes/read","0 c: d:","0"
"15:55:42","run","\\tanghaiyong\physicaldisk(1 e: f: g: h:)\avg. disk bytes/read","1 e: f: g: h:","0"
"15:55:42","run","\\tanghaiyong\physicaldisk(2)\avg. disk bytes/read","2","1230544.1032"
"15:55:42","run","\\tanghaiyong\physicaldisk(0 c: d:)\disk reads/sec","0 c: d:","0"
"15:55:42","run","\\tanghaiyong\physicaldisk(1 e: f: g: h:)\disk reads/sec","1 e: f: g: h:","0"
"15:55:42","run","\\tanghaiyong\physicaldisk(2)\disk reads/sec","2","771.1961"
"15:55:44","run","\\tanghaiyong\physicaldisk(0 c: d:)\% idle time","0 c: d:","84.3504"
"15:55:44","run","\\tanghaiyong\physicaldisk(1 e: f: g: h:)\% idle time","1 e: f: g: h:","98.8087"
"15:55:44","run","\\tanghaiyong\physicaldisk(2)\% idle time","2","12.5233"
"15:55:44","run","\\tanghaiyong\physicaldisk(0 c: d:)\avg. disk sec/read","0 c: d:","0.0122"
"15:55:44","run","\\tanghaiyong\physicaldisk(1 e: f: g: h:)\avg. disk sec/read","1 e: f: g: h:","0"
"15:55:44","run","\\tanghaiyong\physicaldisk(2)\avg. disk sec/read","2","0.3467"
"15:55:44","run","\\tanghaiyong\physicaldisk(0 c: d:)\avg. disk sec/transfer","0 c: d:","0.0162"
"15:55:44","run","\\tanghaiyong\physicaldisk(1 e: f: g: h:)\avg. disk sec/transfer","1 e: f: g: h:","0.0003"
"15:55:44","run","\\tanghaiyong\physicaldisk(2)\avg. disk sec/transfer","2","0.3467"
"15:55:44","run","\\tanghaiyong\physicaldisk(0 c: d:)\current disk queue length","0 c: d:","0"
"15:55:44","run","\\tanghaiyong\physicaldisk(1 e: f: g: h:)\current disk queue length","1 e: f: g: h:","0"
"15:55:44","run","\\tanghaiyong\physicaldisk(2)\current disk queue length","2","152"
"15:55:44","run","\\tanghaiyong\physicaldisk(0 c: d:)\avg. disk queue length","0 c: d:","0.1451"
"15:55:44","run","\\tanghaiyong\physicaldisk(1 e: f: g: h:)\avg. disk queue length","1 e: f: g: h:","0.001"
"15:55:44","run","\\tanghaiyong\physicaldisk(2)\avg. disk queue length","2","263.6192"
"15:55:44","run","\\tanghaiyong\physicaldisk(0 c: d:)\disk read bytes/sec","0 c: d:","48928.4118"
"15:55:44","run","\\tanghaiyong\physicaldisk(1 e: f: g: h:)\disk read bytes/sec","1 e: f: g: h:","0"
"15:55:44","run","\\tanghaiyong\physicaldisk(2)\disk read bytes/sec","2","969369695.3034"
"15:55:44","run","\\tanghaiyong\physicaldisk(0 c: d:)\avg. disk bytes/read","0 c: d:","49152"
"15:55:44","run","\\tanghaiyong\physicaldisk(1 e: f: g: h:)\avg. disk bytes/read","1 e: f: g: h:","0"
"15:55:44","run","\\tanghaiyong\physicaldisk(2)\avg. disk bytes/read","2","1274606.5759"
"15:55:44","run","\\tanghaiyong\physicaldisk(0 c: d:)\disk reads/sec","0 c: d:","0.9955"
"15:55:44","run","\\tanghaiyong\physicaldisk(1 e: f: g: h:)\disk reads/sec","1 e: f: g: h:","0"
"15:55:44","run","\\tanghaiyong\physicaldisk(2)\disk reads/sec","2","760.5246"
"15:55:46","run","\\tanghaiyong\physicaldisk(0 c: d:)\% idle time","0 c: d:","99.9384"
"15:55:46","run","\\tanghaiyong\physicaldisk(1 e: f: g: h:)\% idle time","1 e: f: g: h:","99.9384"
"15:55:46","run","\\tanghaiyong\physicaldisk(2)\% idle time","2","12.6576"
"15:55:46","run","\\tanghaiyong\physicaldisk(0 c: d:)\avg. disk sec/read","0 c: d:","0"
"15:55:46","run","\\tanghaiyong\physicaldisk(1 e: f: g: h:)\avg. disk sec/read","1 e: f: g: h:","0"
"15:55:46","run","\\tanghaiyong\physicaldisk(2)\avg. disk sec/read","2","0.2644"
"15:55:46","run","\\tanghaiyong\physicaldisk(0 c: d:)\avg. disk sec/transfer","0 c: d:","0"
"15:55:46","run","\\tanghaiyong\physicaldisk(1 e: f: g: h:)\avg. disk sec/transfer","1 e: f: g: h:","0"
"15:55:46","run","\\tanghaiyong\physicaldisk(2)\avg. disk sec/transfer","2","0.2644"
"15:55:46","run","\\tanghaiyong\physicaldisk(0 c: d:)\current disk queue length","0 c: d:","0"
"15:55:46","run","\\tanghaiyong\physicaldisk(1 e: f: g: h:)\current disk queue length","1 e: f: g: h:","0"
"15:55:46","run","\\tanghaiyong\physicaldisk(2)\current disk queue length","2","130"
"15:55:46","run","\\tanghaiyong\physicaldisk(0 c: d:)\avg. disk queue length","0 c: d:","0"
"15:55:46","run","\\tanghaiyong\physicaldisk(1 e: f: g: h:)\avg. disk queue length","1 e: f: g: h:","0"
"15:55:46","run","\\tanghaiyong\physicaldisk(2)\avg. disk queue length","2","210.8796"
"15:55:46","run","\\tanghaiyong\physicaldisk(0 c: d:)\disk read bytes/sec","0 c: d:","0"
"15:55:46","run","\\tanghaiyong\physicaldisk(1 e: f: g: h:)\disk read bytes/sec","1 e: f: g: h:","0"
"15:55:46","run","\\tanghaiyong\physicaldisk(2)\disk read bytes/sec","2","1021004922.8215"
"15:55:46","run","\\tanghaiyong\physicaldisk(0 c: d:)\avg. disk bytes/read","0 c: d:","0"
"15:55:46","run","\\tanghaiyong\physicaldisk(1 e: f: g: h:)\avg. disk bytes/read","1 e: f: g: h:","0"
"15:55:46","run","\\tanghaiyong\physicaldisk(2)\avg. disk bytes/read","2","1279232"
"15:55:46","run","\\tanghaiyong\physicaldisk(0 c: d:)\disk reads/sec","0 c: d:","0"
"15:55:46","run","\\tanghaiyong\physicaldisk(1 e: f: g: h:)\disk reads/sec","1 e: f: g: h:","0"
"15:55:46","run","\\tanghaiyong\physicaldisk(2)\disk reads/sec","2","798.139"
"15:55:48","run","\\tanghaiyong\physicaldisk(0 c: d:)\% idle time","0 c: d:","99.739"
"15:55:48","run","\\tanghaiyong\physicaldisk(1 e: f: g: h:)\% idle time","1 e: f: g: h:","99.9159"
"15:55:48","run","\\tanghaiyong\physicaldisk(2)\% idle time","2","12.8089"
"15:55:48","run","\\tanghaiyong\physicaldisk(0 c: d:)\avg. disk sec/read","0 c: d:","0.0001"
"15:55:48","run","\\tanghaiyong\physicaldisk(1 e: f: g: h:)\avg. disk sec/read","1 e: f: g: h:","0"
"15:55:48","run","\\tanghaiyong\physicaldisk(2)\avg. disk sec/read","2","0.3902"
"15:55:48","run","\\tanghaiyong\physicaldisk(0 c: d:)\avg. disk sec/transfer","0 c: d:","0.0001"
"15:55:48","run","\\tanghaiyong\physicaldisk(1 e: f: g: h:)\avg. disk sec/transfer","1 e: f: g: h:","0.0005"
"15:55:48","run","\\tanghaiyong\physicaldisk(2)\avg. disk sec/transfer","2","0.3902"
"15:55:48","run","\\tanghaiyong\physicaldisk(0 c: d:)\current disk queue length","0 c: d:","0"
"15:55:48","run","\\tanghaiyong\physicaldisk(1 e: f: g: h:)\current disk queue length","1 e: f: g: h:","0"
"15:55:48","run","\\tanghaiyong\physicaldisk(2)\current disk queue length","2","4"
"15:55:48","run","\\tanghaiyong\physicaldisk(0 c: d:)\avg. disk queue length","0 c: d:","0.002"
"15:55:48","run","\\tanghaiyong\physicaldisk(1 e: f: g: h:)\avg. disk queue length","1 e: f: g: h:","0.0016"
"15:55:48","run","\\tanghaiyong\physicaldisk(2)\avg. disk queue length","2","302.7693"
"15:55:48","run","\\tanghaiyong\physicaldisk(0 c: d:)\disk read bytes/sec","0 c: d:","21425.3582"
"15:55:48","run","\\tanghaiyong\physicaldisk(1 e: f: g: h:)\disk read bytes/sec","1 e: f: g: h:","0"
"15:55:48","run","\\tanghaiyong\physicaldisk(2)\disk read bytes/sec","2","998038077.2375"
"15:55:48","run","\\tanghaiyong\physicaldisk(0 c: d:)\avg. disk bytes/read","0 c: d:","5376"
"15:55:48","run","\\tanghaiyong\physicaldisk(1 e: f: g: h:)\avg. disk bytes/read","1 e: f: g: h:","0"
"15:55:48","run","\\tanghaiyong\physicaldisk(2)\avg. disk bytes/read","2","1285881.0988"
"15:55:48","run","\\tanghaiyong\physicaldisk(0 c: d:)\disk reads/sec","0 c: d:","3.9854"
"15:55:48","run","\\tanghaiyong\physicaldisk(1 e: f: g: h:)\disk reads/sec","1 e: f: g: h:","0"
"15:55:48","run","\\tanghaiyong\physicaldisk(2)\disk reads/sec","2","776.1511"
"15:55:50","run","\\tanghaiyong\physicaldisk(0 c: d:)\% idle time","0 c: d:","99.8678"
"15:55:50","run","\\tanghaiyong\physicaldisk(1 e: f: g: h:)\% idle time","1 e: f: g: h:","27.3051"
"15:55:50","run","\\tanghaiyong\physicaldisk(2)\% idle time","2","14.3931"
"15:55:50","run","\\tanghaiyong\physicaldisk(0 c: d:)\avg. disk sec/read","0 c: d:","0.0004"
"15:55:50","run","\\tanghaiyong\physicaldisk(1 e: f: g: h:)\avg. disk sec/read","1 e: f: g: h:","0"
"15:55:50","run","\\tanghaiyong\physicaldisk(2)\avg. disk sec/read","2","0.4091"
"15:55:50","run","\\tanghaiyong\physicaldisk(0 c: d:)\avg. disk sec/transfer","0 c: d:","0.0001"
"15:55:50","run","\\tanghaiyong\physicaldisk(1 e: f: g: h:)\avg. disk sec/transfer","1 e: f: g: h:","0"
"15:55:50","run","\\tanghaiyong\physicaldisk(2)\avg. disk sec/transfer","2","0.4091"
"15:55:50","run","\\tanghaiyong\physicaldisk(0 c: d:)\current disk queue length","0 c: d:","0"
"15:55:50","run","\\tanghaiyong\physicaldisk(1 e: f: g: h:)\current disk queue length","1 e: f: g: h:","0"
"15:55:50","run","\\tanghaiyong\physicaldisk(2)\current disk queue length","2","4"
"15:55:50","run","\\tanghaiyong\physicaldisk(0 c: d:)\avg. disk queue length","0 c: d:","0.0009"
"15:55:50","run","\\tanghaiyong\physicaldisk(1 e: f: g: h:)\avg. disk queue length","1 e: f: g: h:","0"
"15:55:50","run","\\tanghaiyong\physicaldisk(2)\avg. disk queue length","2","298.3206"
"15:55:50","run","\\tanghaiyong\physicaldisk(0 c: d:)\disk read bytes/sec","0 c: d:","48898.1501"
"15:55:50","run","\\tanghaiyong\physicaldisk(1 e: f: g: h:)\disk read bytes/sec","1 e: f: g: h:","0"
"15:55:50","run","\\tanghaiyong\physicaldisk(2)\disk read bytes/sec","2","941093797.6588"
"15:55:50","run","\\tanghaiyong\physicaldisk(0 c: d:)\avg. disk bytes/read","0 c: d:","49152"
"15:55:50","run","\\tanghaiyong\physicaldisk(1 e: f: g: h:)\avg. disk bytes/read","1 e: f: g: h:","0"
"15:55:50","run","\\tanghaiyong\physicaldisk(2)\avg. disk bytes/read","2","1290558.5157"
"15:55:50","run","\\tanghaiyong\physicaldisk(0 c: d:)\disk reads/sec","0 c: d:","0.9948"
"15:55:50","run","\\tanghaiyong\physicaldisk(1 e: f: g: h:)\disk reads/sec","1 e: f: g: h:","0"
"15:55:50","run","\\tanghaiyong\physicaldisk(2)\disk reads/sec","2","729.2144"
"15:55:52","run","\\tanghaiyong\physicaldisk(0 c: d:)\% idle time","0 c: d:","99.7204"
"15:55:52","run","\\tanghaiyong\physicaldisk(1 e: f: g: h:)\% idle time","1 e: f: g: h:","99.9769"
"15:55:52","run","\\tanghaiyong\physicaldisk(2)\% idle time","2","14.1587"
"15:55:52","run","\\tanghaiyong\physicaldisk(0 c: d:)\avg. disk sec/read","0 c: d:","0"
"15:55:52","run","\\tanghaiyong\physicaldisk(1 e: f: g: h:)\avg. disk sec/read","1 e: f: g: h:","0"
"15:55:52","run","\\tanghaiyong\physicaldisk(2)\avg. disk sec/read","2","0.4238"
"15:55:52","run","\\tanghaiyong\physicaldisk(0 c: d:)\avg. disk sec/transfer","0 c: d:","0"
"15:55:52","run","\\tanghaiyong\physicaldisk(1 e: f: g: h:)\avg. disk sec/transfer","1 e: f: g: h:","0"
"15:55:52","run","\\tanghaiyong\physicaldisk(2)\avg. disk sec/transfer","2","0.4238"
"15:55:52","run","\\tanghaiyong\physicaldisk(0 c: d:)\current disk queue length","0 c: d:","0"
"15:55:52","run","\\tanghaiyong\physicaldisk(1 e: f: g: h:)\current disk queue length","1 e: f: g: h:","0"
"15:55:52","run","\\tanghaiyong\physicaldisk(2)\current disk queue length","2","0"
"15:55:52","run","\\tanghaiyong\physicaldisk(0 c: d:)\avg. disk queue length","0 c: d:","0.0005"
"15:55:52","run","\\tanghaiyong\physicaldisk(1 e: f: g: h:)\avg. disk queue length","1 e: f: g: h:","0"
"15:55:52","run","\\tanghaiyong\physicaldisk(2)\avg. disk queue length","2","306.9504"
"15:55:52","run","\\tanghaiyong\physicaldisk(0 c: d:)\disk read bytes/sec","0 c: d:","0"
"15:55:52","run","\\tanghaiyong\physicaldisk(1 e: f: g: h:)\disk read bytes/sec","1 e: f: g: h:","0"
"15:55:52","run","\\tanghaiyong\physicaldisk(2)\disk read bytes/sec","2","920633404.537"
"15:55:52","run","\\tanghaiyong\physicaldisk(0 c: d:)\avg. disk bytes/read","0 c: d:","0"
"15:55:52","run","\\tanghaiyong\physicaldisk(1 e: f: g: h:)\avg. disk bytes/read","1 e: f: g: h:","0"
"15:55:52","run","\\tanghaiyong\physicaldisk(2)\avg. disk bytes/read","2","1270670.2222"
"15:55:52","run","\\tanghaiyong\physicaldisk(0 c: d:)\disk reads/sec","0 c: d:","0"
"15:55:52","run","\\tanghaiyong\physicaldisk(1 e: f: g: h:)\disk reads/sec","1 e: f: g: h:","0"
"15:55:52","run","\\tanghaiyong\physicaldisk(2)\disk reads/sec","2","724.5258"
"15:55:54","run","\\tanghaiyong\physicaldisk(0 c: d:)\% idle time","0 c: d:","99.9812"
"15:55:54","run","\\tanghaiyong\physicaldisk(1 e: f: g: h:)\% idle time","1 e: f: g: h:","99.9812"
"15:55:54","run","\\tanghaiyong\physicaldisk(2)\% idle time","2","12.844"
"15:55:54","run","\\tanghaiyong\physicaldisk(0 c: d:)\avg. disk sec/read","0 c: d:","0"
"15:55:54","run","\\tanghaiyong\physicaldisk(1 e: f: g: h:)\avg. disk sec/read","1 e: f: g: h:","0"
"15:55:54","run","\\tanghaiyong\physicaldisk(2)\avg. disk sec/read","2","0.3638"
"15:55:54","run","\\tanghaiyong\physicaldisk(0 c: d:)\avg. disk sec/transfer","0 c: d:","0"
"15:55:54","run","\\tanghaiyong\physicaldisk(1 e: f: g: h:)\avg. disk sec/transfer","1 e: f: g: h:","0"
"15:55:54","run","\\tanghaiyong\physicaldisk(2)\avg. disk sec/transfer","2","0.3638"
"15:55:54","run","\\tanghaiyong\physicaldisk(0 c: d:)\current disk queue length","0 c: d:","0"
"15:55:54","run","\\tanghaiyong\physicaldisk(1 e: f: g: h:)\current disk queue length","1 e: f: g: h:","0"
"15:55:54","run","\\tanghaiyong\physicaldisk(2)\current disk queue length","2","1"
"15:55:54","run","\\tanghaiyong\physicaldisk(0 c: d:)\avg. disk queue length","0 c: d:","0"
"15:55:54","run","\\tanghaiyong\physicaldisk(1 e: f: g: h:)\avg. disk queue length","1 e: f: g: h:","0"
"15:55:54","run","\\tanghaiyong\physicaldisk(2)\avg. disk queue length","2","279.4811"
"15:55:54","run","\\tanghaiyong\physicaldisk(0 c: d:)\disk read bytes/sec","0 c: d:","0"
"15:55:54","run","\\tanghaiyong\physicaldisk(1 e: f: g: h:)\disk read bytes/sec","1 e: f: g: h:","0"
"15:55:54","run","\\tanghaiyong\physicaldisk(2)\disk read bytes/sec","2","990572593.1096"
"15:55:54","run","\\tanghaiyong\physicaldisk(0 c: d:)\avg. disk bytes/read","0 c: d:","0"
"15:55:54","run","\\tanghaiyong\physicaldisk(1 e: f: g: h:)\avg. disk bytes/read","1 e: f: g: h:","0"
"15:55:54","run","\\tanghaiyong\physicaldisk(2)\avg. disk bytes/read","2","1289015.969"
"15:55:54","run","\\tanghaiyong\physicaldisk(0 c: d:)\disk reads/sec","0 c: d:","0"
"15:55:54","run","\\tanghaiyong\physicaldisk(1 e: f: g: h:)\disk reads/sec","1 e: f: g: h:","0"
"15:55:54","run","\\tanghaiyong\physicaldisk(2)\disk reads/sec","2","768.4719"
"15:55:56","run","\\tanghaiyong\physicaldisk(0 c: d:)\% idle time","0 c: d:","99.9799"
"15:55:56","run","\\tanghaiyong\physicaldisk(1 e: f: g: h:)\% idle time","1 e: f: g: h:","99.9924"
"15:55:56","run","\\tanghaiyong\physicaldisk(2)\% idle time","2","12.6046"
"15:55:56","run","\\tanghaiyong\physicaldisk(0 c: d:)\avg. disk sec/read","0 c: d:","0"
"15:55:56","run","\\tanghaiyong\physicaldisk(1 e: f: g: h:)\avg. disk sec/read","1 e: f: g: h:","0"
"15:55:56","run","\\tanghaiyong\physicaldisk(2)\avg. disk sec/read","2","0.4019"
"15:55:56","run","\\tanghaiyong\physicaldisk(0 c: d:)\avg. disk sec/transfer","0 c: d:","0.0001"
"15:55:56","run","\\tanghaiyong\physicaldisk(1 e: f: g: h:)\avg. disk sec/transfer","1 e: f: g: h:","0"
"15:55:56","run","\\tanghaiyong\physicaldisk(2)\avg. disk sec/transfer","2","0.4019"
"15:55:56","run","\\tanghaiyong\physicaldisk(0 c: d:)\current disk queue length","0 c: d:","0"
"15:55:56","run","\\tanghaiyong\physicaldisk(1 e: f: g: h:)\current disk queue length","1 e: f: g: h:","0"
"15:55:56","run","\\tanghaiyong\physicaldisk(2)\current disk queue length","2","189"
"15:55:56","run","\\tanghaiyong\physicaldisk(0 c: d:)\avg. disk queue length","0 c: d:","0.0001"
"15:55:56","run","\\tanghaiyong\physicaldisk(1 e: f: g: h:)\avg. disk queue length","1 e: f: g: h:","0"
"15:55:56","run","\\tanghaiyong\physicaldisk(2)\avg. disk queue length","2","302.9927"
"15:55:56","run","\\tanghaiyong\physicaldisk(0 c: d:)\disk read bytes/sec","0 c: d:","0"
"15:55:56","run","\\tanghaiyong\physicaldisk(1 e: f: g: h:)\disk read bytes/sec","1 e: f: g: h:","0"
"15:55:56","run","\\tanghaiyong\physicaldisk(2)\disk read bytes/sec","2","948594930.9091"
"15:55:56","run","\\tanghaiyong\physicaldisk(0 c: d:)\avg. disk bytes/read","0 c: d:","0"
"15:55:56","run","\\tanghaiyong\physicaldisk(1 e: f: g: h:)\avg. disk bytes/read","1 e: f: g: h:","0"
"15:55:56","run","\\tanghaiyong\physicaldisk(2)\avg. disk bytes/read","2","1258027.8472"
"15:55:56","run","\\tanghaiyong\physicaldisk(0 c: d:)\disk reads/sec","0 c: d:","0"
"15:55:56","run","\\tanghaiyong\physicaldisk(1 e: f: g: h:)\disk reads/sec","1 e: f: g: h:","0"
"15:55:56","run","\\tanghaiyong\physicaldisk(2)\disk reads/sec","2","754.0333"
"15:55:58","run","\\tanghaiyong\physicaldisk(0 c: d:)\% idle time","0 c: d:","99.8841"
"15:55:58","run","\\tanghaiyong\physicaldisk(1 e: f: g: h:)\% idle time","1 e: f: g: h:","99.9849"
"15:55:58","run","\\tanghaiyong\physicaldisk(2)\% idle time","2","12.1683"
"15:55:58","run","\\tanghaiyong\physicaldisk(0 c: d:)\avg. disk sec/read","0 c: d:","0.0001"
"15:55:58","run","\\tanghaiyong\physicaldisk(1 e: f: g: h:)\avg. disk sec/read","1 e: f: g: h:","0"
"15:55:58","run","\\tanghaiyong\physicaldisk(2)\avg. disk sec/read","2","0.3952"
"15:55:58","run","\\tanghaiyong\physicaldisk(0 c: d:)\avg. disk sec/transfer","0 c: d:","0.0001"
"15:55:58","run","\\tanghaiyong\physicaldisk(1 e: f: g: h:)\avg. disk sec/transfer","1 e: f: g: h:","0"
"15:55:58","run","\\tanghaiyong\physicaldisk(2)\avg. disk sec/transfer","2","0.3952"
"15:55:58","run","\\tanghaiyong\physicaldisk(0 c: d:)\current disk queue length","0 c: d:","0"
"15:55:58","run","\\tanghaiyong\physicaldisk(1 e: f: g: h:)\current disk queue length","1 e: f: g: h:","0"
"15:55:58","run","\\tanghaiyong\physicaldisk(2)\current disk queue length","2","23"
"15:55:58","run","\\tanghaiyong\physicaldisk(0 c: d:)\avg. disk queue length","0 c: d:","0.001"
"15:55:58","run","\\tanghaiyong\physicaldisk(1 e: f: g: h:)\avg. disk queue length","1 e: f: g: h:","0"
"15:55:58","run","\\tanghaiyong\physicaldisk(2)\avg. disk queue length","2","317.542"
"15:55:58","run","\\tanghaiyong\physicaldisk(0 c: d:)\disk read bytes/sec","0 c: d:","21413.7731"
"15:55:58","run","\\tanghaiyong\physicaldisk(1 e: f: g: h:)\disk read bytes/sec","1 e: f: g: h:","0"
"15:55:58","run","\\tanghaiyong\physicaldisk(2)\disk read bytes/sec","2","1036703975.798"
"15:55:58","run","\\tanghaiyong\physicaldisk(0 c: d:)\avg. disk bytes/read","0 c: d:","5376"
"15:55:58","run","\\tanghaiyong\physicaldisk(1 e: f: g: h:)\avg. disk bytes/read","1 e: f: g: h:","0"
"15:55:58","run","\\tanghaiyong\physicaldisk(2)\avg. disk bytes/read","2","1290052.2032"
"15:55:58","run","\\tanghaiyong\physicaldisk(0 c: d:)\disk reads/sec","0 c: d:","3.9832"
"15:55:58","run","\\tanghaiyong\physicaldisk(1 e: f: g: h:)\disk reads/sec","1 e: f: g: h:","0"
"15:55:58","run","\\tanghaiyong\physicaldisk(2)\disk reads/sec","2","803.614"
"15:56:00","run","\\tanghaiyong\physicaldisk(0 c: d:)\% idle time","0 c: d:","99.3592"
"15:56:00","run","\\tanghaiyong\physicaldisk(1 e: f: g: h:)\% idle time","1 e: f: g: h:","99.9749"
"15:56:00","run","\\tanghaiyong\physicaldisk(2)\% idle time","2","16.2225"
"15:56:00","run","\\tanghaiyong\physicaldisk(0 c: d:)\avg. disk sec/read","0 c: d:","0.0051"
"15:56:00","run","\\tanghaiyong\physicaldisk(1 e: f: g: h:)\avg. disk sec/read","1 e: f: g: h:","0"
"15:56:00","run","\\tanghaiyong\physicaldisk(2)\avg. disk sec/read","2","0.2756"
"15:56:00","run","\\tanghaiyong\physicaldisk(0 c: d:)\avg. disk sec/transfer","0 c: d:","0.0008"
"15:56:00","run","\\tanghaiyong\physicaldisk(1 e: f: g: h:)\avg. disk sec/transfer","1 e: f: g: h:","0"
"15:56:00","run","\\tanghaiyong\physicaldisk(2)\avg. disk sec/transfer","2","0.2756"
"15:56:00","run","\\tanghaiyong\physicaldisk(0 c: d:)\current disk queue length","0 c: d:","0"
"15:56:00","run","\\tanghaiyong\physicaldisk(1 e: f: g: h:)\current disk queue length","1 e: f: g: h:","0"
"15:56:00","run","\\tanghaiyong\physicaldisk(2)\current disk queue length","2","65"
"15:56:00","run","\\tanghaiyong\physicaldisk(0 c: d:)\avg. disk queue length","0 c: d:","0.0057"
"15:56:00","run","\\tanghaiyong\physicaldisk(1 e: f: g: h:)\avg. disk queue length","1 e: f: g: h:","0"
"15:56:00","run","\\tanghaiyong\physicaldisk(2)\avg. disk queue length","2","188.8507"
"15:56:00","run","\\tanghaiyong\physicaldisk(0 c: d:)\disk read bytes/sec","0 c: d:","65187.8318"
"15:56:00","run","\\tanghaiyong\physicaldisk(1 e: f: g: h:)\disk read bytes/sec","1 e: f: g: h:","0"
"15:56:00","run","\\tanghaiyong\physicaldisk(2)\disk read bytes/sec","2","878348994.0229"
"15:56:00","run","\\tanghaiyong\physicaldisk(0 c: d:)\avg. disk bytes/read","0 c: d:","65536"
"15:56:00","run","\\tanghaiyong\physicaldisk(1 e: f: g: h:)\avg. disk bytes/read","1 e: f: g: h:","0"
"15:56:00","run","\\tanghaiyong\physicaldisk(2)\avg. disk bytes/read","2","1281625.9158"
"15:56:00","run","\\tanghaiyong\physicaldisk(0 c: d:)\disk reads/sec","0 c: d:","0.9947"
"15:56:00","run","\\tanghaiyong\physicaldisk(1 e: f: g: h:)\disk reads/sec","1 e: f: g: h:","0"
"15:56:00","run","\\tanghaiyong\physicaldisk(2)\disk reads/sec","2","685.3396"
"15:56:02","run","\\tanghaiyong\physicaldisk(0 c: d:)\% idle time","0 c: d:","98.9643"
"15:56:02","run","\\tanghaiyong\physicaldisk(1 e: f: g: h:)\% idle time","1 e: f: g: h:","99.9918"
"15:56:02","run","\\tanghaiyong\physicaldisk(2)\% idle time","2","12.41"
"15:56:02","run","\\tanghaiyong\physicaldisk(0 c: d:)\avg. disk sec/read","0 c: d:","0.0003"
"15:56:02","run","\\tanghaiyong\physicaldisk(1 e: f: g: h:)\avg. disk sec/read","1 e: f: g: h:","0"
"15:56:02","run","\\tanghaiyong\physicaldisk(2)\avg. disk sec/read","2","0.3622"
"15:56:02","run","\\tanghaiyong\physicaldisk(0 c: d:)\avg. disk sec/transfer","0 c: d:","0.0001"
"15:56:02","run","\\tanghaiyong\physicaldisk(1 e: f: g: h:)\avg. disk sec/transfer","1 e: f: g: h:","0"
"15:56:02","run","\\tanghaiyong\physicaldisk(2)\avg. disk sec/transfer","2","0.3622"
"15:56:02","run","\\tanghaiyong\physicaldisk(0 c: d:)\current disk queue length","0 c: d:","0"
"15:56:02","run","\\tanghaiyong\physicaldisk(1 e: f: g: h:)\current disk queue length","1 e: f: g: h:","0"
"15:56:02","run","\\tanghaiyong\physicaldisk(2)\current disk queue length","2","249"
"15:56:02","run","\\tanghaiyong\physicaldisk(0 c: d:)\avg. disk queue length","0 c: d:","0.0055"
"15:56:02","run","\\tanghaiyong\physicaldisk(1 e: f: g: h:)\avg. disk queue length","1 e: f: g: h:","0"
"15:56:02","run","\\tanghaiyong\physicaldisk(2)\avg. disk queue length","2","282.4825"
"15:56:02","run","\\tanghaiyong\physicaldisk(0 c: d:)\disk read bytes/sec","0 c: d:","16322.8123"
"15:56:02","run","\\tanghaiyong\physicaldisk(1 e: f: g: h:)\disk read bytes/sec","1 e: f: g: h:","0"
"15:56:02","run","\\tanghaiyong\physicaldisk(2)\disk read bytes/sec","2","990517219.1523"
"15:56:02","run","\\tanghaiyong\physicaldisk(0 c: d:)\avg. disk bytes/read","0 c: d:","16384"
"15:56:02","run","\\tanghaiyong\physicaldisk(1 e: f: g: h:)\avg. disk bytes/read","1 e: f: g: h:","0"
"15:56:02","run","\\tanghaiyong\physicaldisk(2)\avg. disk bytes/read","2","1269770.4623"
"15:56:02","run","\\tanghaiyong\physicaldisk(0 c: d:)\disk reads/sec","0 c: d:","0.9963"
"15:56:02","run","\\tanghaiyong\physicaldisk(1 e: f: g: h:)\disk reads/sec","1 e: f: g: h:","0"
"15:56:02","run","\\tanghaiyong\physicaldisk(2)\disk reads/sec","2","780.0758"
"15:56:04","run","\\tanghaiyong\physicaldisk(0 c: d:)\% idle time","0 c: d:","99.7542"
"15:56:04","run","\\tanghaiyong\physicaldisk(1 e: f: g: h:)\% idle time","1 e: f: g: h:","99.9904"
"15:56:04","run","\\tanghaiyong\physicaldisk(2)\% idle time","2","11.6997"
"15:56:04","run","\\tanghaiyong\physicaldisk(0 c: d:)\avg. disk sec/read","0 c: d:","0.0003"
"15:56:04","run","\\tanghaiyong\physicaldisk(1 e: f: g: h:)\avg. disk sec/read","1 e: f: g: h:","0"
"15:56:04","run","\\tanghaiyong\physicaldisk(2)\avg. disk sec/read","2","0.3323"
"15:56:04","run","\\tanghaiyong\physicaldisk(0 c: d:)\avg. disk sec/transfer","0 c: d:","0.0001"
"15:56:04","run","\\tanghaiyong\physicaldisk(1 e: f: g: h:)\avg. disk sec/transfer","1 e: f: g: h:","0"
"15:56:04","run","\\tanghaiyong\physicaldisk(2)\avg. disk sec/transfer","2","0.3323"
"15:56:04","run","\\tanghaiyong\physicaldisk(0 c: d:)\current disk queue length","0 c: d:","0"
"15:56:04","run","\\tanghaiyong\physicaldisk(1 e: f: g: h:)\current disk queue length","1 e: f: g: h:","0"
"15:56:04","run","\\tanghaiyong\physicaldisk(2)\current disk queue length","2","212"
"15:56:04","run","\\tanghaiyong\physicaldisk(0 c: d:)\avg. disk queue length","0 c: d:","0.002"
"15:56:04","run","\\tanghaiyong\physicaldisk(1 e: f: g: h:)\avg. disk queue length","1 e: f: g: h:","0"
"15:56:04","run","\\tanghaiyong\physicaldisk(2)\avg. disk queue length","2","263.0311"
"15:56:04","run","\\tanghaiyong\physicaldisk(0 c: d:)\disk read bytes/sec","0 c: d:","16333.7769"
"15:56:04","run","\\tanghaiyong\physicaldisk(1 e: f: g: h:)\disk read bytes/sec","1 e: f: g: h:","0"
"15:56:04","run","\\tanghaiyong\physicaldisk(2)\disk read bytes/sec","2","1018312987.2269"
"15:56:04","run","\\tanghaiyong\physicaldisk(0 c: d:)\avg. disk bytes/read","0 c: d:","16384"
"15:56:04","run","\\tanghaiyong\physicaldisk(1 e: f: g: h:)\avg. disk bytes/read","1 e: f: g: h:","0"
"15:56:04","run","\\tanghaiyong\physicaldisk(2)\avg. disk bytes/read","2","1286453.5214"
"15:56:04","run","\\tanghaiyong\physicaldisk(0 c: d:)\disk reads/sec","0 c: d:","0.9969"
"15:56:04","run","\\tanghaiyong\physicaldisk(1 e: f: g: h:)\disk reads/sec","1 e: f: g: h:","0"
"15:56:04","run","\\tanghaiyong\physicaldisk(2)\disk reads/sec","2","791.5661"
"15:56:06","run","\\tanghaiyong\physicaldisk(0 c: d:)\% idle time","0 c: d:","99.9298"
"15:56:06","run","\\tanghaiyong\physicaldisk(1 e: f: g: h:)\% idle time","1 e: f: g: h:","99.9675"
"15:56:06","run","\\tanghaiyong\physicaldisk(2)\% idle time","2","11.8039"
"15:56:06","run","\\tanghaiyong\physicaldisk(0 c: d:)\avg. disk sec/read","0 c: d:","0.0002"
"15:56:06","run","\\tanghaiyong\physicaldisk(1 e: f: g: h:)\avg. disk sec/read","1 e: f: g: h:","0"
"15:56:06","run","\\tanghaiyong\physicaldisk(2)\avg. disk sec/read","2","0.3911"
"15:56:06","run","\\tanghaiyong\physicaldisk(0 c: d:)\avg. disk sec/transfer","0 c: d:","0.0001"
"15:56:06","run","\\tanghaiyong\physicaldisk(1 e: f: g: h:)\avg. disk sec/transfer","1 e: f: g: h:","0"
"15:56:06","run","\\tanghaiyong\physicaldisk(2)\avg. disk sec/transfer","2","0.3911"
"15:56:06","run","\\tanghaiyong\physicaldisk(0 c: d:)\current disk queue length","0 c: d:","0"
"15:56:06","run","\\tanghaiyong\physicaldisk(1 e: f: g: h:)\current disk queue length","1 e: f: g: h:","0"
"15:56:06","run","\\tanghaiyong\physicaldisk(2)\current disk queue length","2","109"
"15:56:06","run","\\tanghaiyong\physicaldisk(0 c: d:)\avg. disk queue length","0 c: d:","0.0004"
"15:56:06","run","\\tanghaiyong\physicaldisk(1 e: f: g: h:)\avg. disk queue length","1 e: f: g: h:","0"
"15:56:06","run","\\tanghaiyong\physicaldisk(2)\avg. disk queue length","2","312.222"
"15:56:06","run","\\tanghaiyong\physicaldisk(0 c: d:)\disk read bytes/sec","0 c: d:","16294.8833"
"15:56:06","run","\\tanghaiyong\physicaldisk(1 e: f: g: h:)\disk read bytes/sec","1 e: f: g: h:","0"
"15:56:06","run","\\tanghaiyong\physicaldisk(2)\disk read bytes/sec","2","1012678111.4087"
"15:56:06","run","\\tanghaiyong\physicaldisk(0 c: d:)\avg. disk bytes/read","0 c: d:","16384"
"15:56:06","run","\\tanghaiyong\physicaldisk(1 e: f: g: h:)\avg. disk bytes/read","1 e: f: g: h:","0"
"15:56:06","run","\\tanghaiyong\physicaldisk(2)\avg. disk bytes/read","2","1268015.5019"
"15:56:06","run","\\tanghaiyong\physicaldisk(0 c: d:)\disk reads/sec","0 c: d:","0.9946"
"15:56:06","run","\\tanghaiyong\physicaldisk(1 e: f: g: h:)\disk reads/sec","1 e: f: g: h:","0"
"15:56:06","run","\\tanghaiyong\physicaldisk(2)\disk reads/sec","2","798.6323"
"15:56:08","run","\\tanghaiyong\physicaldisk(0 c: d:)\% idle time","0 c: d:","98.3575"
"15:56:08","run","\\tanghaiyong\physicaldisk(1 e: f: g: h:)\% idle time","1 e: f: g: h:","99.9775"
"15:56:08","run","\\tanghaiyong\physicaldisk(2)\% idle time","2","12.2447"
"15:56:08","run","\\tanghaiyong\physicaldisk(0 c: d:)\avg. disk sec/read","0 c: d:","0.0001"
"15:56:08","run","\\tanghaiyong\physicaldisk(1 e: f: g: h:)\avg. disk sec/read","1 e: f: g: h:","0"
"15:56:08","run","\\tanghaiyong\physicaldisk(2)\avg. disk sec/read","2","0.3556"
"15:56:08","run","\\tanghaiyong\physicaldisk(0 c: d:)\avg. disk sec/transfer","0 c: d:","0.0002"
"15:56:08","run","\\tanghaiyong\physicaldisk(1 e: f: g: h:)\avg. disk sec/transfer","1 e: f: g: h:","0"
"15:56:08","run","\\tanghaiyong\physicaldisk(2)\avg. disk sec/transfer","2","0.3556"
"15:56:08","run","\\tanghaiyong\physicaldisk(0 c: d:)\current disk queue length","0 c: d:","0"
"15:56:08","run","\\tanghaiyong\physicaldisk(1 e: f: g: h:)\current disk queue length","1 e: f: g: h:","0"
"15:56:08","run","\\tanghaiyong\physicaldisk(2)\current disk queue length","2","114"
"15:56:08","run","\\tanghaiyong\physicaldisk(0 c: d:)\avg. disk queue length","0 c: d:","0.0115"
"15:56:08","run","\\tanghaiyong\physicaldisk(1 e: f: g: h:)\avg. disk queue length","1 e: f: g: h:","0"
"15:56:08","run","\\tanghaiyong\physicaldisk(2)\avg. disk queue length","2","272.4546"
"15:56:08","run","\\tanghaiyong\physicaldisk(0 c: d:)\disk read bytes/sec","0 c: d:","5095.2235"
"15:56:08","run","\\tanghaiyong\physicaldisk(1 e: f: g: h:)\disk read bytes/sec","1 e: f: g: h:","0"
"15:56:08","run","\\tanghaiyong\physicaldisk(2)\disk read bytes/sec","2","989663594.8374"
"15:56:08","run","\\tanghaiyong\physicaldisk(0 c: d:)\avg. disk bytes/read","0 c: d:","1706.6667"
"15:56:08","run","\\tanghaiyong\physicaldisk(1 e: f: g: h:)\avg. disk bytes/read","1 e: f: g: h:","0"
"15:56:08","run","\\tanghaiyong\physicaldisk(2)\avg. disk bytes/read","2","1291527.3143"
"15:56:08","run","\\tanghaiyong\physicaldisk(0 c: d:)\disk reads/sec","0 c: d:","2.9855"
"15:56:08","run","\\tanghaiyong\physicaldisk(1 e: f: g: h:)\disk reads/sec","1 e: f: g: h:","0"
"15:56:08","run","\\tanghaiyong\physicaldisk(2)\disk reads/sec","2","766.2738"
"15:56:10","run","\\tanghaiyong\physicaldisk(0 c: d:)\% idle time","0 c: d:","99.8427"
"15:56:10","run","\\tanghaiyong\physicaldisk(1 e: f: g: h:)\% idle time","1 e: f: g: h:","99.978"
"15:56:10","run","\\tanghaiyong\physicaldisk(2)\% idle time","2","13.294"
"15:56:10","run","\\tanghaiyong\physicaldisk(0 c: d:)\avg. disk sec/read","0 c: d:","0"
"15:56:10","run","\\tanghaiyong\physicaldisk(1 e: f: g: h:)\avg. disk sec/read","1 e: f: g: h:","0"
"15:56:10","run","\\tanghaiyong\physicaldisk(2)\avg. disk sec/read","2","0.3724"
"15:56:10","run","\\tanghaiyong\physicaldisk(0 c: d:)\avg. disk sec/transfer","0 c: d:","0.0001"
"15:56:10","run","\\tanghaiyong\physicaldisk(1 e: f: g: h:)\avg. disk sec/transfer","1 e: f: g: h:","0"
"15:56:10","run","\\tanghaiyong\physicaldisk(2)\avg. disk sec/transfer","2","0.3724"
"15:56:10","run","\\tanghaiyong\physicaldisk(0 c: d:)\current disk queue length","0 c: d:","0"
"15:56:10","run","\\tanghaiyong\physicaldisk(1 e: f: g: h:)\current disk queue length","1 e: f: g: h:","0"
"15:56:10","run","\\tanghaiyong\physicaldisk(2)\current disk queue length","2","125"
"15:56:10","run","\\tanghaiyong\physicaldisk(0 c: d:)\avg. disk queue length","0 c: d:","0.0005"
"15:56:10","run","\\tanghaiyong\physicaldisk(1 e: f: g: h:)\avg. disk queue length","1 e: f: g: h:","0"
"15:56:10","run","\\tanghaiyong\physicaldisk(2)\avg. disk queue length","2","281.4114"
"15:56:10","run","\\tanghaiyong\physicaldisk(0 c: d:)\disk read bytes/sec","0 c: d:","0"
"15:56:10","run","\\tanghaiyong\physicaldisk(1 e: f: g: h:)\disk read bytes/sec","1 e: f: g: h:","0"
"15:56:10","run","\\tanghaiyong\physicaldisk(2)\disk read bytes/sec","2","976448364.1716"
"15:56:10","run","\\tanghaiyong\physicaldisk(0 c: d:)\avg. disk bytes/read","0 c: d:","0"
"15:56:10","run","\\tanghaiyong\physicaldisk(1 e: f: g: h:)\avg. disk bytes/read","1 e: f: g: h:","0"
"15:56:10","run","\\tanghaiyong\physicaldisk(2)\avg. disk bytes/read","2","1291868.6605"
"15:56:10","run","\\tanghaiyong\physicaldisk(0 c: d:)\disk reads/sec","0 c: d:","0"
"15:56:10","run","\\tanghaiyong\physicaldisk(1 e: f: g: h:)\disk reads/sec","1 e: f: g: h:","0"
"15:56:10","run","\\tanghaiyong\physicaldisk(2)\disk reads/sec","2","755.8418"
"15:56:12","run","\\tanghaiyong\physicaldisk(0 c: d:)\% idle time","0 c: d:","98.9819"
"15:56:12","run","\\tanghaiyong\physicaldisk(1 e: f: g: h:)\% idle time","1 e: f: g: h:","99.9919"
"15:56:12","run","\\tanghaiyong\physicaldisk(2)\% idle time","2","12.8629"
"15:56:12","run","\\tanghaiyong\physicaldisk(0 c: d:)\avg. disk sec/read","0 c: d:","0.0003"
"15:56:12","run","\\tanghaiyong\physicaldisk(1 e: f: g: h:)\avg. disk sec/read","1 e: f: g: h:","0"
"15:56:12","run","\\tanghaiyong\physicaldisk(2)\avg. disk sec/read","2","0.3977"
"15:56:12","run","\\tanghaiyong\physicaldisk(0 c: d:)\avg. disk sec/transfer","0 c: d:","0.0001"
"15:56:12","run","\\tanghaiyong\physicaldisk(1 e: f: g: h:)\avg. disk sec/transfer","1 e: f: g: h:","0"
"15:56:12","run","\\tanghaiyong\physicaldisk(2)\avg. disk sec/transfer","2","0.3977"
"15:56:12","run","\\tanghaiyong\physicaldisk(0 c: d:)\current disk queue length","0 c: d:","0"
"15:56:12","run","\\tanghaiyong\physicaldisk(1 e: f: g: h:)\current disk queue length","1 e: f: g: h:","0"
"15:56:12","run","\\tanghaiyong\physicaldisk(2)\current disk queue length","2","17"
"15:56:12","run","\\tanghaiyong\physicaldisk(0 c: d:)\avg. disk queue length","0 c: d:","0.0055"
"15:56:12","run","\\tanghaiyong\physicaldisk(1 e: f: g: h:)\avg. disk queue length","1 e: f: g: h:","0"
"15:56:12","run","\\tanghaiyong\physicaldisk(2)\avg. disk queue length","2","303.2972"
"15:56:12","run","\\tanghaiyong\physicaldisk(0 c: d:)\disk read bytes/sec","0 c: d:","16377.9942"
"15:56:12","run","\\tanghaiyong\physicaldisk(1 e: f: g: h:)\disk read bytes/sec","1 e: f: g: h:","0"
"15:56:12","run","\\tanghaiyong\physicaldisk(2)\disk read bytes/sec","2","986937929.8611"
"15:56:12","run","\\tanghaiyong\physicaldisk(0 c: d:)\avg. disk bytes/read","0 c: d:","16384"
"15:56:12","run","\\tanghaiyong\physicaldisk(1 e: f: g: h:)\avg. disk bytes/read","1 e: f: g: h:","0"
"15:56:12","run","\\tanghaiyong\physicaldisk(2)\avg. disk bytes/read","2","1293970.9567"
"15:56:12","run","\\tanghaiyong\physicaldisk(0 c: d:)\disk reads/sec","0 c: d:","0.9996"
"15:56:12","run","\\tanghaiyong\physicaldisk(1 e: f: g: h:)\disk reads/sec","1 e: f: g: h:","0"
"15:56:12","run","\\tanghaiyong\physicaldisk(2)\disk reads/sec","2","762.7203"
"15:56:14","run","\\tanghaiyong\physicaldisk(0 c: d:)\% idle time","0 c: d:","99.954"
"15:56:14","run","\\tanghaiyong\physicaldisk(1 e: f: g: h:)\% idle time","1 e: f: g: h:","99.9856"
"15:56:14","run","\\tanghaiyong\physicaldisk(2)\% idle time","2","11.9475"
"15:56:14","run","\\tanghaiyong\physicaldisk(0 c: d:)\avg. disk sec/read","0 c: d:","0"
"15:56:14","run","\\tanghaiyong\physicaldisk(1 e: f: g: h:)\avg. disk sec/read","1 e: f: g: h:","0"
"15:56:14","run","\\tanghaiyong\physicaldisk(2)\avg. disk sec/read","2","0.3943"
"15:56:14","run","\\tanghaiyong\physicaldisk(0 c: d:)\avg. disk sec/transfer","0 c: d:","0.0001"
"15:56:14","run","\\tanghaiyong\physicaldisk(1 e: f: g: h:)\avg. disk sec/transfer","1 e: f: g: h:","0"
"15:56:14","run","\\tanghaiyong\physicaldisk(2)\avg. disk sec/transfer","2","0.3943"
"15:56:14","run","\\tanghaiyong\physicaldisk(0 c: d:)\current disk queue length","0 c: d:","0"
"15:56:14","run","\\tanghaiyong\physicaldisk(1 e: f: g: h:)\current disk queue length","1 e: f: g: h:","0"
"15:56:14","run","\\tanghaiyong\physicaldisk(2)\current disk queue length","2","0"
"15:56:14","run","\\tanghaiyong\physicaldisk(0 c: d:)\avg. disk queue length","0 c: d:","0.0003"
"15:56:14","run","\\tanghaiyong\physicaldisk(1 e: f: g: h:)\avg. disk queue length","1 e: f: g: h:","0"
"15:56:14","run","\\tanghaiyong\physicaldisk(2)\avg. disk queue length","2","313.0058"
"15:56:14","run","\\tanghaiyong\physicaldisk(0 c: d:)\disk read bytes/sec","0 c: d:","0"
"15:56:14","run","\\tanghaiyong\physicaldisk(1 e: f: g: h:)\disk read bytes/sec","1 e: f: g: h:","0"
"15:56:14","run","\\tanghaiyong\physicaldisk(2)\disk read bytes/sec","2","993537656.7314"
"15:56:14","run","\\tanghaiyong\physicaldisk(0 c: d:)\avg. disk bytes/read","0 c: d:","0"
"15:56:14","run","\\tanghaiyong\physicaldisk(1 e: f: g: h:)\avg. disk bytes/read","1 e: f: g: h:","0"
"15:56:14","run","\\tanghaiyong\physicaldisk(2)\avg. disk bytes/read","2","1251497.3835"
"15:56:14","run","\\tanghaiyong\physicaldisk(0 c: d:)\disk reads/sec","0 c: d:","0"
"15:56:14","run","\\tanghaiyong\physicaldisk(1 e: f: g: h:)\disk reads/sec","1 e: f: g: h:","0"
"15:56:14","run","\\tanghaiyong\physicaldisk(2)\disk reads/sec","2","793.8791"
"15:56:16","run","\\tanghaiyong\physicaldisk(0 c: d:)\% idle time","0 c: d:","99.1083"
"15:56:16","run","\\tanghaiyong\physicaldisk(1 e: f: g: h:)\% idle time","1 e: f: g: h:","99.966"
"15:56:16","run","\\tanghaiyong\physicaldisk(2)\% idle time","2","16.7997"
"15:56:16","run","\\tanghaiyong\physicaldisk(0 c: d:)\avg. disk sec/read","0 c: d:","0.0002"
"15:56:16","run","\\tanghaiyong\physicaldisk(1 e: f: g: h:)\avg. disk sec/read","1 e: f: g: h:","0"
"15:56:16","run","\\tanghaiyong\physicaldisk(2)\avg. disk sec/read","2","0.3911"
"15:56:16","run","\\tanghaiyong\physicaldisk(0 c: d:)\avg. disk sec/transfer","0 c: d:","0.0001"
"15:56:16","run","\\tanghaiyong\physicaldisk(1 e: f: g: h:)\avg. disk sec/transfer","1 e: f: g: h:","0"
"15:56:16","run","\\tanghaiyong\physicaldisk(2)\avg. disk sec/transfer","2","0.3911"
"15:56:16","run","\\tanghaiyong\physicaldisk(0 c: d:)\current disk queue length","0 c: d:","0"
"15:56:16","run","\\tanghaiyong\physicaldisk(1 e: f: g: h:)\current disk queue length","1 e: f: g: h:","0"
"15:56:16","run","\\tanghaiyong\physicaldisk(2)\current disk queue length","2","0"
"15:56:16","run","\\tanghaiyong\physicaldisk(0 c: d:)\avg. disk queue length","0 c: d:","0.0048"
"15:56:16","run","\\tanghaiyong\physicaldisk(1 e: f: g: h:)\avg. disk queue length","1 e: f: g: h:","0"
"15:56:16","run","\\tanghaiyong\physicaldisk(2)\avg. disk queue length","2","279.3981"
"15:56:16","run","\\tanghaiyong\physicaldisk(0 c: d:)\disk read bytes/sec","0 c: d:","4071.2039"
"15:56:16","run","\\tanghaiyong\physicaldisk(1 e: f: g: h:)\disk read bytes/sec","1 e: f: g: h:","0"
"15:56:16","run","\\tanghaiyong\physicaldisk(2)\disk read bytes/sec","2","920710910.1308"
"15:56:16","run","\\tanghaiyong\physicaldisk(0 c: d:)\avg. disk bytes/read","0 c: d:","4096"
"15:56:16","run","\\tanghaiyong\physicaldisk(1 e: f: g: h:)\avg. disk bytes/read","1 e: f: g: h:","0"
"15:56:16","run","\\tanghaiyong\physicaldisk(2)\avg. disk bytes/read","2","1288342.9652"
"15:56:16","run","\\tanghaiyong\physicaldisk(0 c: d:)\disk reads/sec","0 c: d:","0.9939"
"15:56:16","run","\\tanghaiyong\physicaldisk(1 e: f: g: h:)\disk reads/sec","1 e: f: g: h:","0"
"15:56:16","run","\\tanghaiyong\physicaldisk(2)\disk reads/sec","2","714.6474"
"15:56:18","run","\\tanghaiyong\physicaldisk(0 c: d:)\% idle time","0 c: d:","99.7921"
"15:56:18","run","\\tanghaiyong\physicaldisk(1 e: f: g: h:)\% idle time","1 e: f: g: h:","99.9427"
"15:56:18","run","\\tanghaiyong\physicaldisk(2)\% idle time","2","15.0628"
"15:56:18","run","\\tanghaiyong\physicaldisk(0 c: d:)\avg. disk sec/read","0 c: d:","0.0002"
"15:56:18","run","\\tanghaiyong\physicaldisk(1 e: f: g: h:)\avg. disk sec/read","1 e: f: g: h:","0"
"15:56:18","run","\\tanghaiyong\physicaldisk(2)\avg. disk sec/read","2","0.2404"
"15:56:18","run","\\tanghaiyong\physicaldisk(0 c: d:)\avg. disk sec/transfer","0 c: d:","0.0001"
"15:56:18","run","\\tanghaiyong\physicaldisk(1 e: f: g: h:)\avg. disk sec/transfer","1 e: f: g: h:","0"
"15:56:18","run","\\tanghaiyong\physicaldisk(2)\avg. disk sec/transfer","2","0.2404"
"15:56:18","run","\\tanghaiyong\physicaldisk(0 c: d:)\current disk queue length","0 c: d:","0"
"15:56:18","run","\\tanghaiyong\physicaldisk(1 e: f: g: h:)\current disk queue length","1 e: f: g: h:","0"
"15:56:18","run","\\tanghaiyong\physicaldisk(2)\current disk queue length","2","19"
"15:56:18","run","\\tanghaiyong\physicaldisk(0 c: d:)\avg. disk queue length","0 c: d:","0.0015"
"15:56:18","run","\\tanghaiyong\physicaldisk(1 e: f: g: h:)\avg. disk queue length","1 e: f: g: h:","0"
"15:56:18","run","\\tanghaiyong\physicaldisk(2)\avg. disk queue length","2","174.4433"
"15:56:18","run","\\tanghaiyong\physicaldisk(0 c: d:)\disk read bytes/sec","0 c: d:","58283.227"
"15:56:18","run","\\tanghaiyong\physicaldisk(1 e: f: g: h:)\disk read bytes/sec","1 e: f: g: h:","0"
"15:56:18","run","\\tanghaiyong\physicaldisk(2)\disk read bytes/sec","2","938036841.4142"
"15:56:18","run","\\tanghaiyong\physicaldisk(0 c: d:)\avg. disk bytes/read","0 c: d:","9728"
"15:56:18","run","\\tanghaiyong\physicaldisk(1 e: f: g: h:)\avg. disk bytes/read","1 e: f: g: h:","0"
"15:56:18","run","\\tanghaiyong\physicaldisk(2)\avg. disk bytes/read","2","1292161.2325"
"15:56:18","run","\\tanghaiyong\physicaldisk(0 c: d:)\disk reads/sec","0 c: d:","5.9913"
"15:56:18","run","\\tanghaiyong\physicaldisk(1 e: f: g: h:)\disk reads/sec","1 e: f: g: h:","0"
"15:56:18","run","\\tanghaiyong\physicaldisk(2)\disk reads/sec","2","725.9441"
"15:56:20","run","\\tanghaiyong\physicaldisk(0 c: d:)\% idle time","0 c: d:","99.3555"
"15:56:20","run","\\tanghaiyong\physicaldisk(1 e: f: g: h:)\% idle time","1 e: f: g: h:","99.9797"
"15:56:20","run","\\tanghaiyong\physicaldisk(2)\% idle time","2","12.7035"
"15:56:20","run","\\tanghaiyong\physicaldisk(0 c: d:)\avg. disk sec/read","0 c: d:","0.0002"
"15:56:20","run","\\tanghaiyong\physicaldisk(1 e: f: g: h:)\avg. disk sec/read","1 e: f: g: h:","0"
"15:56:20","run","\\tanghaiyong\physicaldisk(2)\avg. disk sec/read","2","0.3659"
"15:56:20","run","\\tanghaiyong\physicaldisk(0 c: d:)\avg. disk sec/transfer","0 c: d:","0.0001"
"15:56:20","run","\\tanghaiyong\physicaldisk(1 e: f: g: h:)\avg. disk sec/transfer","1 e: f: g: h:","0"
"15:56:20","run","\\tanghaiyong\physicaldisk(2)\avg. disk sec/transfer","2","0.3659"
"15:56:20","run","\\tanghaiyong\physicaldisk(0 c: d:)\current disk queue length","0 c: d:","0"
"15:56:20","run","\\tanghaiyong\physicaldisk(1 e: f: g: h:)\current disk queue length","1 e: f: g: h:","0"
"15:56:20","run","\\tanghaiyong\physicaldisk(2)\current disk queue length","2","124"
"15:56:20","run","\\tanghaiyong\physicaldisk(0 c: d:)\avg. disk queue length","0 c: d:","0.0041"
"15:56:20","run","\\tanghaiyong\physicaldisk(1 e: f: g: h:)\avg. disk queue length","1 e: f: g: h:","0"
"15:56:20","run","\\tanghaiyong\physicaldisk(2)\avg. disk queue length","2","287.685"
"15:56:20","run","\\tanghaiyong\physicaldisk(0 c: d:)\disk read bytes/sec","0 c: d:","114159.6009"
"15:56:20","run","\\tanghaiyong\physicaldisk(1 e: f: g: h:)\disk read bytes/sec","1 e: f: g: h:","0"
"15:56:20","run","\\tanghaiyong\physicaldisk(2)\disk read bytes/sec","2","1017194660.7931"
"15:56:20","run","\\tanghaiyong\physicaldisk(0 c: d:)\avg. disk bytes/read","0 c: d:","9557.3333"
"15:56:20","run","\\tanghaiyong\physicaldisk(1 e: f: g: h:)\avg. disk bytes/read","1 e: f: g: h:","0"
"15:56:20","run","\\tanghaiyong\physicaldisk(2)\avg. disk bytes/read","2","1293547.9089"
"15:56:20","run","\\tanghaiyong\physicaldisk(0 c: d:)\disk reads/sec","0 c: d:","11.9447"
"15:56:20","run","\\tanghaiyong\physicaldisk(1 e: f: g: h:)\disk reads/sec","1 e: f: g: h:","0"
"15:56:20","run","\\tanghaiyong\physicaldisk(2)\disk reads/sec","2","786.3603"
"15:56:22","run","\\tanghaiyong\physicaldisk(0 c: d:)\% idle time","0 c: d:","98.7573"
"15:56:22","run","\\tanghaiyong\physicaldisk(1 e: f: g: h:)\% idle time","1 e: f: g: h:","99.9823"
"15:56:22","run","\\tanghaiyong\physicaldisk(2)\% idle time","2","10.4464"
"15:56:22","run","\\tanghaiyong\physicaldisk(0 c: d:)\avg. disk sec/read","0 c: d:","0"
"15:56:22","run","\\tanghaiyong\physicaldisk(1 e: f: g: h:)\avg. disk sec/read","1 e: f: g: h:","0"
"15:56:22","run","\\tanghaiyong\physicaldisk(2)\avg. disk sec/read","2","0.3873"
"15:56:22","run","\\tanghaiyong\physicaldisk(0 c: d:)\avg. disk sec/transfer","0 c: d:","0.0001"
"15:56:22","run","\\tanghaiyong\physicaldisk(1 e: f: g: h:)\avg. disk sec/transfer","1 e: f: g: h:","0"
"15:56:22","run","\\tanghaiyong\physicaldisk(2)\avg. disk sec/transfer","2","0.3873"
"15:56:22","run","\\tanghaiyong\physicaldisk(0 c: d:)\current disk queue length","0 c: d:","0"
"15:56:22","run","\\tanghaiyong\physicaldisk(1 e: f: g: h:)\current disk queue length","1 e: f: g: h:","0"
"15:56:22","run","\\tanghaiyong\physicaldisk(2)\current disk queue length","2","80"
"15:56:22","run","\\tanghaiyong\physicaldisk(0 c: d:)\avg. disk queue length","0 c: d:","0.0057"
"15:56:22","run","\\tanghaiyong\physicaldisk(1 e: f: g: h:)\avg. disk queue length","1 e: f: g: h:","0"
"15:56:22","run","\\tanghaiyong\physicaldisk(2)\avg. disk queue length","2","309.9666"
"15:56:22","run","\\tanghaiyong\physicaldisk(0 c: d:)\disk read bytes/sec","0 c: d:","0"
"15:56:22","run","\\tanghaiyong\physicaldisk(1 e: f: g: h:)\disk read bytes/sec","1 e: f: g: h:","0"
"15:56:22","run","\\tanghaiyong\physicaldisk(2)\disk read bytes/sec","2","1036040695.311"
"15:56:22","run","\\tanghaiyong\physicaldisk(0 c: d:)\avg. disk bytes/read","0 c: d:","0"
"15:56:22","run","\\tanghaiyong\physicaldisk(1 e: f: g: h:)\avg. disk bytes/read","1 e: f: g: h:","0"
"15:56:22","run","\\tanghaiyong\physicaldisk(2)\avg. disk bytes/read","2","1294264.7652"
"15:56:22","run","\\tanghaiyong\physicaldisk(0 c: d:)\disk reads/sec","0 c: d:","0"
"15:56:22","run","\\tanghaiyong\physicaldisk(1 e: f: g: h:)\disk reads/sec","1 e: f: g: h:","0"
"15:56:22","run","\\tanghaiyong\physicaldisk(2)\disk reads/sec","2","800.4859"
"15:56:24","run","\\tanghaiyong\physicaldisk(0 c: d:)\% idle time","0 c: d:","99.9695"
"15:56:24","run","\\tanghaiyong\physicaldisk(1 e: f: g: h:)\% idle time","1 e: f: g: h:","99.9695"
"15:56:24","run","\\tanghaiyong\physicaldisk(2)\% idle time","2","18.1188"
"15:56:24","run","\\tanghaiyong\physicaldisk(0 c: d:)\avg. disk sec/read","0 c: d:","0"
"15:56:24","run","\\tanghaiyong\physicaldisk(1 e: f: g: h:)\avg. disk sec/read","1 e: f: g: h:","0"
"15:56:24","run","\\tanghaiyong\physicaldisk(2)\avg. disk sec/read","2","0.387"
"15:56:24","run","\\tanghaiyong\physicaldisk(0 c: d:)\avg. disk sec/transfer","0 c: d:","0"
"15:56:24","run","\\tanghaiyong\physicaldisk(1 e: f: g: h:)\avg. disk sec/transfer","1 e: f: g: h:","0"
"15:56:24","run","\\tanghaiyong\physicaldisk(2)\avg. disk sec/transfer","2","0.387"
"15:56:24","run","\\tanghaiyong\physicaldisk(0 c: d:)\current disk queue length","0 c: d:","0"
"15:56:24","run","\\tanghaiyong\physicaldisk(1 e: f: g: h:)\current disk queue length","1 e: f: g: h:","0"
"15:56:24","run","\\tanghaiyong\physicaldisk(2)\current disk queue length","2","0"
"15:56:24","run","\\tanghaiyong\physicaldisk(0 c: d:)\avg. disk queue length","0 c: d:","0"
"15:56:24","run","\\tanghaiyong\physicaldisk(1 e: f: g: h:)\avg. disk queue length","1 e: f: g: h:","0"
"15:56:24","run","\\tanghaiyong\physicaldisk(2)\avg. disk queue length","2","271.4164"
"15:56:24","run","\\tanghaiyong\physicaldisk(0 c: d:)\disk read bytes/sec","0 c: d:","0"
"15:56:24","run","\\tanghaiyong\physicaldisk(1 e: f: g: h:)\disk read bytes/sec","1 e: f: g: h:","0"
"15:56:24","run","\\tanghaiyong\physicaldisk(2)\disk read bytes/sec","2","907011182.1"
"15:56:24","run","\\tanghaiyong\physicaldisk(0 c: d:)\avg. disk bytes/read","0 c: d:","0"
"15:56:24","run","\\tanghaiyong\physicaldisk(1 e: f: g: h:)\avg. disk bytes/read","1 e: f: g: h:","0"
"15:56:24","run","\\tanghaiyong\physicaldisk(2)\avg. disk bytes/read","2","1292704.5917"
"15:56:24","run","\\tanghaiyong\physicaldisk(0 c: d:)\disk reads/sec","0 c: d:","0"
"15:56:24","run","\\tanghaiyong\physicaldisk(1 e: f: g: h:)\disk reads/sec","1 e: f: g: h:","0"
"15:56:24","run","\\tanghaiyong\physicaldisk(2)\disk reads/sec","2","701.6384"
"15:56:26","run","\\tanghaiyong\physicaldisk(0 c: d:)\% idle time","0 c: d:","99.939"
"15:56:26","run","\\tanghaiyong\physicaldisk(1 e: f: g: h:)\% idle time","1 e: f: g: h:","99.9538"
"15:56:26","run","\\tanghaiyong\physicaldisk(2)\% idle time","2","17.4327"
"15:56:26","run","\\tanghaiyong\physicaldisk(0 c: d:)\avg. disk sec/read","0 c: d:","0"
"15:56:26","run","\\tanghaiyong\physicaldisk(1 e: f: g: h:)\avg. disk sec/read","1 e: f: g: h:","0"
"15:56:26","run","\\tanghaiyong\physicaldisk(2)\avg. disk sec/read","2","0.3642"
"15:56:26","run","\\tanghaiyong\physicaldisk(0 c: d:)\avg. disk sec/transfer","0 c: d:","0"
"15:56:26","run","\\tanghaiyong\physicaldisk(1 e: f: g: h:)\avg. disk sec/transfer","1 e: f: g: h:","0"
"15:56:26","run","\\tanghaiyong\physicaldisk(2)\avg. disk sec/transfer","2","0.3642"
"15:56:26","run","\\tanghaiyong\physicaldisk(0 c: d:)\current disk queue length","0 c: d:","0"
"15:56:26","run","\\tanghaiyong\physicaldisk(1 e: f: g: h:)\current disk queue length","1 e: f: g: h:","0"
"15:56:26","run","\\tanghaiyong\physicaldisk(2)\current disk queue length","2","117"
"15:56:26","run","\\tanghaiyong\physicaldisk(0 c: d:)\avg. disk queue length","0 c: d:","0.0001"
"15:56:26","run","\\tanghaiyong\physicaldisk(1 e: f: g: h:)\avg. disk queue length","1 e: f: g: h:","0"
"15:56:26","run","\\tanghaiyong\physicaldisk(2)\avg. disk queue length","2","264.5936"
"15:56:26","run","\\tanghaiyong\physicaldisk(0 c: d:)\disk read bytes/sec","0 c: d:","0"
"15:56:26","run","\\tanghaiyong\physicaldisk(1 e: f: g: h:)\disk read bytes/sec","1 e: f: g: h:","0"
"15:56:26","run","\\tanghaiyong\physicaldisk(2)\disk read bytes/sec","2","937627823.8615"
"15:56:26","run","\\tanghaiyong\physicaldisk(0 c: d:)\avg. disk bytes/read","0 c: d:","0"
"15:56:26","run","\\tanghaiyong\physicaldisk(1 e: f: g: h:)\avg. disk bytes/read","1 e: f: g: h:","0"
"15:56:26","run","\\tanghaiyong\physicaldisk(2)\avg. disk bytes/read","2","1290099.1472"
"15:56:26","run","\\tanghaiyong\physicaldisk(0 c: d:)\disk reads/sec","0 c: d:","0"
"15:56:26","run","\\tanghaiyong\physicaldisk(1 e: f: g: h:)\disk reads/sec","1 e: f: g: h:","0"
"15:56:26","run","\\tanghaiyong\physicaldisk(2)\disk reads/sec","2","726.7874"
"15:56:28","run","\\tanghaiyong\physicaldisk(0 c: d:)\% idle time","0 c: d:","99.888"
"15:56:28","run","\\tanghaiyong\physicaldisk(1 e: f: g: h:)\% idle time","1 e: f: g: h:","99.9304"
"15:56:28","run","\\tanghaiyong\physicaldisk(2)\% idle time","2","12.4933"
"15:56:28","run","\\tanghaiyong\physicaldisk(0 c: d:)\avg. disk sec/read","0 c: d:","0.0001"
"15:56:28","run","\\tanghaiyong\physicaldisk(1 e: f: g: h:)\avg. disk sec/read","1 e: f: g: h:","0"
"15:56:28","run","\\tanghaiyong\physicaldisk(2)\avg. disk sec/read","2","0.3668"
"15:56:28","run","\\tanghaiyong\physicaldisk(0 c: d:)\avg. disk sec/transfer","0 c: d:","0.0001"
"15:56:28","run","\\tanghaiyong\physicaldisk(1 e: f: g: h:)\avg. disk sec/transfer","1 e: f: g: h:","0"
"15:56:28","run","\\tanghaiyong\physicaldisk(2)\avg. disk sec/transfer","2","0.3668"
"15:56:28","run","\\tanghaiyong\physicaldisk(0 c: d:)\current disk queue length","0 c: d:","0"
"15:56:28","run","\\tanghaiyong\physicaldisk(1 e: f: g: h:)\current disk queue length","1 e: f: g: h:","0"
"15:56:28","run","\\tanghaiyong\physicaldisk(2)\current disk queue length","2","61"
"15:56:28","run","\\tanghaiyong\physicaldisk(0 c: d:)\avg. disk queue length","0 c: d:","0.0004"
"15:56:28","run","\\tanghaiyong\physicaldisk(1 e: f: g: h:)\avg. disk queue length","1 e: f: g: h:","0"
"15:56:28","run","\\tanghaiyong\physicaldisk(2)\avg. disk queue length","2","286.8084"
"15:56:28","run","\\tanghaiyong\physicaldisk(0 c: d:)\disk read bytes/sec","0 c: d:","5103.6113"
"15:56:28","run","\\tanghaiyong\physicaldisk(1 e: f: g: h:)\disk read bytes/sec","1 e: f: g: h:","0"
"15:56:28","run","\\tanghaiyong\physicaldisk(2)\disk read bytes/sec","2","1002929026.3107"
"15:56:28","run","\\tanghaiyong\physicaldisk(0 c: d:)\avg. disk bytes/read","0 c: d:","1706.6667"
"15:56:28","run","\\tanghaiyong\physicaldisk(1 e: f: g: h:)\avg. disk bytes/read","1 e: f: g: h:","0"
"15:56:28","run","\\tanghaiyong\physicaldisk(2)\avg. disk bytes/read","2","1281719.2764"
"15:56:28","run","\\tanghaiyong\physicaldisk(0 c: d:)\disk reads/sec","0 c: d:","2.9904"
"15:56:28","run","\\tanghaiyong\physicaldisk(1 e: f: g: h:)\disk reads/sec","1 e: f: g: h:","0"
"15:56:28","run","\\tanghaiyong\physicaldisk(2)\disk reads/sec","2","782.4873"
"15:56:30","run","\\tanghaiyong\physicaldisk(0 c: d:)\% idle time","0 c: d:","99.748"
"15:56:30","run","\\tanghaiyong\physicaldisk(1 e: f: g: h:)\% idle time","1 e: f: g: h:","99.9389"
"15:56:30","run","\\tanghaiyong\physicaldisk(2)\% idle time","2","9.5949"
"15:56:30","run","\\tanghaiyong\physicaldisk(0 c: d:)\avg. disk sec/read","0 c: d:","0.0003"
"15:56:30","run","\\tanghaiyong\physicaldisk(1 e: f: g: h:)\avg. disk sec/read","1 e: f: g: h:","0"
"15:56:30","run","\\tanghaiyong\physicaldisk(2)\avg. disk sec/read","2","0.4049"
"15:56:30","run","\\tanghaiyong\physicaldisk(0 c: d:)\avg. disk sec/transfer","0 c: d:","0.0001"
"15:56:30","run","\\tanghaiyong\physicaldisk(1 e: f: g: h:)\avg. disk sec/transfer","1 e: f: g: h:","0"
"15:56:30","run","\\tanghaiyong\physicaldisk(2)\avg. disk sec/transfer","2","0.4049"
"15:56:30","run","\\tanghaiyong\physicaldisk(0 c: d:)\current disk queue length","0 c: d:","0"
"15:56:30","run","\\tanghaiyong\physicaldisk(1 e: f: g: h:)\current disk queue length","1 e: f: g: h:","0"
"15:56:30","run","\\tanghaiyong\physicaldisk(2)\current disk queue length","2","42"
"15:56:30","run","\\tanghaiyong\physicaldisk(0 c: d:)\avg. disk queue length","0 c: d:","0.0011"
"15:56:30","run","\\tanghaiyong\physicaldisk(1 e: f: g: h:)\avg. disk queue length","1 e: f: g: h:","0"
"15:56:30","run","\\tanghaiyong\physicaldisk(2)\avg. disk queue length","2","332.1228"
"15:56:30","run","\\tanghaiyong\physicaldisk(0 c: d:)\disk read bytes/sec","0 c: d:","16378.6802"
"15:56:30","run","\\tanghaiyong\physicaldisk(1 e: f: g: h:)\disk read bytes/sec","1 e: f: g: h:","0"
"15:56:30","run","\\tanghaiyong\physicaldisk(2)\disk read bytes/sec","2","1054787005.1807"
"15:56:30","run","\\tanghaiyong\physicaldisk(0 c: d:)\avg. disk bytes/read","0 c: d:","16384"
"15:56:30","run","\\tanghaiyong\physicaldisk(1 e: f: g: h:)\avg. disk bytes/read","1 e: f: g: h:","0"
"15:56:30","run","\\tanghaiyong\physicaldisk(2)\avg. disk bytes/read","2","1285176.1267"
"15:56:30","run","\\tanghaiyong\physicaldisk(0 c: d:)\disk reads/sec","0 c: d:","0.9997"
"15:56:30","run","\\tanghaiyong\physicaldisk(1 e: f: g: h:)\disk reads/sec","1 e: f: g: h:","0"
"15:56:30","run","\\tanghaiyong\physicaldisk(2)\disk reads/sec","2","820.7334"
"15:56:32","run","\\tanghaiyong\physicaldisk(0 c: d:)\% idle time","0 c: d:","99.8822"
"15:56:32","run","\\tanghaiyong\physicaldisk(1 e: f: g: h:)\% idle time","1 e: f: g: h:","99.9793"
"15:56:32","run","\\tanghaiyong\physicaldisk(2)\% idle time","2","9.7866"
"15:56:32","run","\\tanghaiyong\physicaldisk(0 c: d:)\avg. disk sec/read","0 c: d:","0"
"15:56:32","run","\\tanghaiyong\physicaldisk(1 e: f: g: h:)\avg. disk sec/read","1 e: f: g: h:","0"
"15:56:32","run","\\tanghaiyong\physicaldisk(2)\avg. disk sec/read","2","0.2246"
"15:56:32","run","\\tanghaiyong\physicaldisk(0 c: d:)\avg. disk sec/transfer","0 c: d:","0.0001"
"15:56:32","run","\\tanghaiyong\physicaldisk(1 e: f: g: h:)\avg. disk sec/transfer","1 e: f: g: h:","0"
"15:56:32","run","\\tanghaiyong\physicaldisk(2)\avg. disk sec/transfer","2","0.2246"
"15:56:32","run","\\tanghaiyong\physicaldisk(0 c: d:)\current disk queue length","0 c: d:","0"
"15:56:32","run","\\tanghaiyong\physicaldisk(1 e: f: g: h:)\current disk queue length","1 e: f: g: h:","0"
"15:56:32","run","\\tanghaiyong\physicaldisk(2)\current disk queue length","2","224"
"15:56:32","run","\\tanghaiyong\physicaldisk(0 c: d:)\avg. disk queue length","0 c: d:","0.0002"
"15:56:32","run","\\tanghaiyong\physicaldisk(1 e: f: g: h:)\avg. disk queue length","1 e: f: g: h:","0"
"15:56:32","run","\\tanghaiyong\physicaldisk(2)\avg. disk queue length","2","177.3845"
"15:56:32","run","\\tanghaiyong\physicaldisk(0 c: d:)\disk read bytes/sec","0 c: d:","0"
"15:56:32","run","\\tanghaiyong\physicaldisk(1 e: f: g: h:)\disk read bytes/sec","1 e: f: g: h:","0"
"15:56:32","run","\\tanghaiyong\physicaldisk(2)\disk read bytes/sec","2","1016550511.632"
"15:56:32","run","\\tanghaiyong\physicaldisk(0 c: d:)\avg. disk bytes/read","0 c: d:","0"
"15:56:32","run","\\tanghaiyong\physicaldisk(1 e: f: g: h:)\avg. disk bytes/read","1 e: f: g: h:","0"
"15:56:32","run","\\tanghaiyong\physicaldisk(2)\avg. disk bytes/read","2","1286930.101"
"15:56:32","run","\\tanghaiyong\physicaldisk(0 c: d:)\disk reads/sec","0 c: d:","0"
"15:56:32","run","\\tanghaiyong\physicaldisk(1 e: f: g: h:)\disk reads/sec","1 e: f: g: h:","0"
"15:56:32","run","\\tanghaiyong\physicaldisk(2)\disk reads/sec","2","789.9034"
"15:56:34","run","\\tanghaiyong\physicaldisk(0 c: d:)\% idle time","0 c: d:","99.5208"
"15:56:34","run","\\tanghaiyong\physicaldisk(1 e: f: g: h:)\% idle time","1 e: f: g: h:","100.0025"
"15:56:34","run","\\tanghaiyong\physicaldisk(2)\% idle time","2","45.6258"
"15:56:34","run","\\tanghaiyong\physicaldisk(0 c: d:)\avg. disk sec/read","0 c: d:","0"
"15:56:34","run","\\tanghaiyong\physicaldisk(1 e: f: g: h:)\avg. disk sec/read","1 e: f: g: h:","0"
"15:56:34","run","\\tanghaiyong\physicaldisk(2)\avg. disk sec/read","2","0.1044"
"15:56:34","run","\\tanghaiyong\physicaldisk(0 c: d:)\avg. disk sec/transfer","0 c: d:","0.0001"
"15:56:34","run","\\tanghaiyong\physicaldisk(1 e: f: g: h:)\avg. disk sec/transfer","1 e: f: g: h:","0"
"15:56:34","run","\\tanghaiyong\physicaldisk(2)\avg. disk sec/transfer","2","0.1044"
"15:56:34","run","\\tanghaiyong\physicaldisk(0 c: d:)\current disk queue length","0 c: d:","0"
"15:56:34","run","\\tanghaiyong\physicaldisk(1 e: f: g: h:)\current disk queue length","1 e: f: g: h:","0"
"15:56:34","run","\\tanghaiyong\physicaldisk(2)\current disk queue length","2","138"
"15:56:34","run","\\tanghaiyong\physicaldisk(0 c: d:)\avg. disk queue length","0 c: d:","0.0015"
"15:56:34","run","\\tanghaiyong\physicaldisk(1 e: f: g: h:)\avg. disk queue length","1 e: f: g: h:","0"
"15:56:34","run","\\tanghaiyong\physicaldisk(2)\avg. disk queue length","2","53.8922"
"15:56:34","run","\\tanghaiyong\physicaldisk(0 c: d:)\disk read bytes/sec","0 c: d:","0"
"15:56:34","run","\\tanghaiyong\physicaldisk(1 e: f: g: h:)\disk read bytes/sec","1 e: f: g: h:","0"
"15:56:34","run","\\tanghaiyong\physicaldisk(2)\disk read bytes/sec","2","644801012.292"
"15:56:34","run","\\tanghaiyong\physicaldisk(0 c: d:)\avg. disk bytes/read","0 c: d:","0"
"15:56:34","run","\\tanghaiyong\physicaldisk(1 e: f: g: h:)\avg. disk bytes/read","1 e: f: g: h:","0"
"15:56:34","run","\\tanghaiyong\physicaldisk(2)\avg. disk bytes/read","2","1249436.3359"
"15:56:34","run","\\tanghaiyong\physicaldisk(0 c: d:)\disk reads/sec","0 c: d:","0"
"15:56:34","run","\\tanghaiyong\physicaldisk(1 e: f: g: h:)\disk reads/sec","1 e: f: g: h:","0"
"15:56:34","run","\\tanghaiyong\physicaldisk(2)\disk reads/sec","2","516.0735"
"15:56:36","run","\\tanghaiyong\physicaldisk(0 c: d:)\% idle time","0 c: d:","99.8112"
"15:56:36","run","\\tanghaiyong\physicaldisk(1 e: f: g: h:)\% idle time","1 e: f: g: h:","99.9886"
"15:56:36","run","\\tanghaiyong\physicaldisk(2)\% idle time","2","38.9973"
"15:56:36","run","\\tanghaiyong\physicaldisk(0 c: d:)\avg. disk sec/read","0 c: d:","0.0002"
"15:56:36","run","\\tanghaiyong\physicaldisk(1 e: f: g: h:)\avg. disk sec/read","1 e: f: g: h:","0"
"15:56:36","run","\\tanghaiyong\physicaldisk(2)\avg. disk sec/read","2","0.1032"
"15:56:36","run","\\tanghaiyong\physicaldisk(0 c: d:)\avg. disk sec/transfer","0 c: d:","0.0002"
"15:56:36","run","\\tanghaiyong\physicaldisk(1 e: f: g: h:)\avg. disk sec/transfer","1 e: f: g: h:","0"
"15:56:36","run","\\tanghaiyong\physicaldisk(2)\avg. disk sec/transfer","2","0.1032"
"15:56:36","run","\\tanghaiyong\physicaldisk(0 c: d:)\current disk queue length","0 c: d:","0"
"15:56:36","run","\\tanghaiyong\physicaldisk(1 e: f: g: h:)\current disk queue length","1 e: f: g: h:","0"
"15:56:36","run","\\tanghaiyong\physicaldisk(2)\current disk queue length","2","0"
"15:56:36","run","\\tanghaiyong\physicaldisk(0 c: d:)\avg. disk queue length","0 c: d:","0.0018"
"15:56:36","run","\\tanghaiyong\physicaldisk(1 e: f: g: h:)\avg. disk queue length","1 e: f: g: h:","0"
"15:56:36","run","\\tanghaiyong\physicaldisk(2)\avg. disk queue length","2","62.2973"
"15:56:36","run","\\tanghaiyong\physicaldisk(0 c: d:)\disk read bytes/sec","0 c: d:","49111.4241"
"15:56:36","run","\\tanghaiyong\physicaldisk(1 e: f: g: h:)\disk read bytes/sec","1 e: f: g: h:","0"
"15:56:36","run","\\tanghaiyong\physicaldisk(2)\disk read bytes/sec","2","753909471.9942"
"15:56:36","run","\\tanghaiyong\physicaldisk(0 c: d:)\avg. disk bytes/read","0 c: d:","4915.2"
"15:56:36","run","\\tanghaiyong\physicaldisk(1 e: f: g: h:)\avg. disk bytes/read","1 e: f: g: h:","0"
"15:56:36","run","\\tanghaiyong\physicaldisk(2)\avg. disk bytes/read","2","1249225.7483"
"15:56:36","run","\\tanghaiyong\physicaldisk(0 c: d:)\disk reads/sec","0 c: d:","9.9917"
"15:56:36","run","\\tanghaiyong\physicaldisk(1 e: f: g: h:)\disk reads/sec","1 e: f: g: h:","0"
"15:56:36","run","\\tanghaiyong\physicaldisk(2)\disk reads/sec","2","603.5014"
"15:56:38","run","\\tanghaiyong\physicaldisk(0 c: d:)\% idle time","0 c: d:","98.9235"
"15:56:38","run","\\tanghaiyong\physicaldisk(1 e: f: g: h:)\% idle time","1 e: f: g: h:","99.9741"
"15:56:38","run","\\tanghaiyong\physicaldisk(2)\% idle time","2","45.8271"
"15:56:38","run","\\tanghaiyong\physicaldisk(0 c: d:)\avg. disk sec/read","0 c: d:","0.001"
"15:56:38","run","\\tanghaiyong\physicaldisk(1 e: f: g: h:)\avg. disk sec/read","1 e: f: g: h:","0"
"15:56:38","run","\\tanghaiyong\physicaldisk(2)\avg. disk sec/read","2","0.0882"
"15:56:38","run","\\tanghaiyong\physicaldisk(0 c: d:)\avg. disk sec/transfer","0 c: d:","0.0006"
"15:56:38","run","\\tanghaiyong\physicaldisk(1 e: f: g: h:)\avg. disk sec/transfer","1 e: f: g: h:","0"
"15:56:38","run","\\tanghaiyong\physicaldisk(2)\avg. disk sec/transfer","2","0.0882"
"15:56:38","run","\\tanghaiyong\physicaldisk(0 c: d:)\current disk queue length","0 c: d:","0"
"15:56:38","run","\\tanghaiyong\physicaldisk(1 e: f: g: h:)\current disk queue length","1 e: f: g: h:","0"
"15:56:38","run","\\tanghaiyong\physicaldisk(2)\current disk queue length","2","21"
"15:56:38","run","\\tanghaiyong\physicaldisk(0 c: d:)\avg. disk queue length","0 c: d:","0.0163"
"15:56:38","run","\\tanghaiyong\physicaldisk(1 e: f: g: h:)\avg. disk queue length","1 e: f: g: h:","0"
"15:56:38","run","\\tanghaiyong\physicaldisk(2)\avg. disk queue length","2","47.4516"
"15:56:38","run","\\tanghaiyong\physicaldisk(0 c: d:)\disk read bytes/sec","0 c: d:","911091.0451"
"15:56:38","run","\\tanghaiyong\physicaldisk(1 e: f: g: h:)\disk read bytes/sec","1 e: f: g: h:","0"
"15:56:38","run","\\tanghaiyong\physicaldisk(2)\disk read bytes/sec","2","672698663.2412"
"15:56:38","run","\\tanghaiyong\physicaldisk(0 c: d:)\avg. disk bytes/read","0 c: d:","131803.4286"
"15:56:38","run","\\tanghaiyong\physicaldisk(1 e: f: g: h:)\avg. disk bytes/read","1 e: f: g: h:","0"
"15:56:38","run","\\tanghaiyong\physicaldisk(2)\avg. disk bytes/read","2","1249933.8569"
"15:56:38","run","\\tanghaiyong\physicaldisk(0 c: d:)\disk reads/sec","0 c: d:","6.9125"
"15:56:38","run","\\tanghaiyong\physicaldisk(1 e: f: g: h:)\disk reads/sec","1 e: f: g: h:","0"
"15:56:38","run","\\tanghaiyong\physicaldisk(2)\disk reads/sec","2","538.1874"
"15:56:40","run","\\tanghaiyong\physicaldisk(0 c: d:)\% idle time","0 c: d:","98.9498"
"15:56:40","run","\\tanghaiyong\physicaldisk(1 e: f: g: h:)\% idle time","1 e: f: g: h:","97.9801"
"15:56:40","run","\\tanghaiyong\physicaldisk(2)\% idle time","2","39.075"
"15:56:40","run","\\tanghaiyong\physicaldisk(0 c: d:)\avg. disk sec/read","0 c: d:","0.0003"
"15:56:40","run","\\tanghaiyong\physicaldisk(1 e: f: g: h:)\avg. disk sec/read","1 e: f: g: h:","0.0004"
"15:56:40","run","\\tanghaiyong\physicaldisk(2)\avg. disk sec/read","2","0.0933"
"15:56:40","run","\\tanghaiyong\physicaldisk(0 c: d:)\avg. disk sec/transfer","0 c: d:","0.0001"
"15:56:40","run","\\tanghaiyong\physicaldisk(1 e: f: g: h:)\avg. disk sec/transfer","1 e: f: g: h:","0.0003"
"15:56:40","run","\\tanghaiyong\physicaldisk(2)\avg. disk sec/transfer","2","0.0933"
"15:56:40","run","\\tanghaiyong\physicaldisk(0 c: d:)\current disk queue length","0 c: d:","0"
"15:56:40","run","\\tanghaiyong\physicaldisk(1 e: f: g: h:)\current disk queue length","1 e: f: g: h:","0"
"15:56:40","run","\\tanghaiyong\physicaldisk(2)\current disk queue length","2","33"
"15:56:40","run","\\tanghaiyong\physicaldisk(0 c: d:)\avg. disk queue length","0 c: d:","0.0054"
"15:56:40","run","\\tanghaiyong\physicaldisk(1 e: f: g: h:)\avg. disk queue length","1 e: f: g: h:","0.0021"
"15:56:40","run","\\tanghaiyong\physicaldisk(2)\avg. disk queue length","2","53.6403"
"15:56:40","run","\\tanghaiyong\physicaldisk(0 c: d:)\disk read bytes/sec","0 c: d:","49013.5074"
"15:56:40","run","\\tanghaiyong\physicaldisk(1 e: f: g: h:)\disk read bytes/sec","1 e: f: g: h:","16337.8358"
"15:56:40","run","\\tanghaiyong\physicaldisk(2)\disk read bytes/sec","2","717067613.7506"
"15:56:40","run","\\tanghaiyong\physicaldisk(0 c: d:)\avg. disk bytes/read","0 c: d:","49152"
"15:56:40","run","\\tanghaiyong\physicaldisk(1 e: f: g: h:)\avg. disk bytes/read","1 e: f: g: h:","16384"
"15:56:40","run","\\tanghaiyong\physicaldisk(2)\avg. disk bytes/read","2","1246263.0156"
"15:56:40","run","\\tanghaiyong\physicaldisk(0 c: d:)\disk reads/sec","0 c: d:","0.9972"
"15:56:40","run","\\tanghaiyong\physicaldisk(1 e: f: g: h:)\disk reads/sec","1 e: f: g: h:","0.9972"
"15:56:40","run","\\tanghaiyong\physicaldisk(2)\disk reads/sec","2","575.3742"
"15:56:42","run","\\tanghaiyong\physicaldisk(0 c: d:)\% idle time","0 c: d:","99.8662"
"15:56:42","run","\\tanghaiyong\physicaldisk(1 e: f: g: h:)\% idle time","1 e: f: g: h:","97.8949"
"15:56:42","run","\\tanghaiyong\physicaldisk(2)\% idle time","2","10.9614"
"15:56:42","run","\\tanghaiyong\physicaldisk(0 c: d:)\avg. disk sec/read","0 c: d:","0"
"15:56:42","run","\\tanghaiyong\physicaldisk(1 e: f: g: h:)\avg. disk sec/read","1 e: f: g: h:","0.001"
"15:56:42","run","\\tanghaiyong\physicaldisk(2)\avg. disk sec/read","2","0.3267"
"15:56:42","run","\\tanghaiyong\physicaldisk(0 c: d:)\avg. disk sec/transfer","0 c: d:","0.0001"
"15:56:42","run","\\tanghaiyong\physicaldisk(1 e: f: g: h:)\avg. disk sec/transfer","1 e: f: g: h:","0.0023"
"15:56:42","run","\\tanghaiyong\physicaldisk(2)\avg. disk sec/transfer","2","0.3267"
"15:56:42","run","\\tanghaiyong\physicaldisk(0 c: d:)\current disk queue length","0 c: d:","0"
"15:56:42","run","\\tanghaiyong\physicaldisk(1 e: f: g: h:)\current disk queue length","1 e: f: g: h:","1"
"15:56:42","run","\\tanghaiyong\physicaldisk(2)\current disk queue length","2","169"
"15:56:42","run","\\tanghaiyong\physicaldisk(0 c: d:)\avg. disk queue length","0 c: d:","0.0004"
"15:56:42","run","\\tanghaiyong\physicaldisk(1 e: f: g: h:)\avg. disk queue length","1 e: f: g: h:","0.0382"
"15:56:42","run","\\tanghaiyong\physicaldisk(2)\avg. disk queue length","2","268.8558"
"15:56:42","run","\\tanghaiyong\physicaldisk(0 c: d:)\disk read bytes/sec","0 c: d:","0"
"15:56:42","run","\\tanghaiyong\physicaldisk(1 e: f: g: h:)\disk read bytes/sec","1 e: f: g: h:","16306.8604"
"15:56:42","run","\\tanghaiyong\physicaldisk(2)\disk read bytes/sec","2","1050463486.4772"
"15:56:42","run","\\tanghaiyong\physicaldisk(0 c: d:)\avg. disk bytes/read","0 c: d:","0"
"15:56:42","run","\\tanghaiyong\physicaldisk(1 e: f: g: h:)\avg. disk bytes/read","1 e: f: g: h:","16384"
"15:56:42","run","\\tanghaiyong\physicaldisk(2)\avg. disk bytes/read","2","1276218.5054"
"15:56:42","run","\\tanghaiyong\physicaldisk(0 c: d:)\disk reads/sec","0 c: d:","0"
"15:56:42","run","\\tanghaiyong\physicaldisk(1 e: f: g: h:)\disk reads/sec","1 e: f: g: h:","0.9953"
"15:56:42","run","\\tanghaiyong\physicaldisk(2)\disk reads/sec","2","823.1063"
"15:56:44","run","\\tanghaiyong\physicaldisk(0 c: d:)\% idle time","0 c: d:","99.9151"
"15:56:44","run","\\tanghaiyong\physicaldisk(1 e: f: g: h:)\% idle time","1 e: f: g: h:","99.8776"
"15:56:44","run","\\tanghaiyong\physicaldisk(2)\% idle time","2","6.2887"
"15:56:44","run","\\tanghaiyong\physicaldisk(0 c: d:)\avg. disk sec/read","0 c: d:","0"
"15:56:44","run","\\tanghaiyong\physicaldisk(1 e: f: g: h:)\avg. disk sec/read","1 e: f: g: h:","0"
"15:56:44","run","\\tanghaiyong\physicaldisk(2)\avg. disk sec/read","2","0.4251"
"15:56:44","run","\\tanghaiyong\physicaldisk(0 c: d:)\avg. disk sec/transfer","0 c: d:","0.0001"
"15:56:44","run","\\tanghaiyong\physicaldisk(1 e: f: g: h:)\avg. disk sec/transfer","1 e: f: g: h:","0.0004"
"15:56:44","run","\\tanghaiyong\physicaldisk(2)\avg. disk sec/transfer","2","0.4251"
"15:56:44","run","\\tanghaiyong\physicaldisk(0 c: d:)\current disk queue length","0 c: d:","0"
"15:56:44","run","\\tanghaiyong\physicaldisk(1 e: f: g: h:)\current disk queue length","1 e: f: g: h:","0"
"15:56:44","run","\\tanghaiyong\physicaldisk(2)\current disk queue length","2","0"
"15:56:44","run","\\tanghaiyong\physicaldisk(0 c: d:)\avg. disk queue length","0 c: d:","0.0001"
"15:56:44","run","\\tanghaiyong\physicaldisk(1 e: f: g: h:)\avg. disk queue length","1 e: f: g: h:","0.0004"
"15:56:44","run","\\tanghaiyong\physicaldisk(2)\avg. disk queue length","2","342.4511"
"15:56:44","run","\\tanghaiyong\physicaldisk(0 c: d:)\disk read bytes/sec","0 c: d:","0"
"15:56:44","run","\\tanghaiyong\physicaldisk(1 e: f: g: h:)\disk read bytes/sec","1 e: f: g: h:","0"
"15:56:44","run","\\tanghaiyong\physicaldisk(2)\disk read bytes/sec","2","1043330918.5714"
"15:56:44","run","\\tanghaiyong\physicaldisk(0 c: d:)\avg. disk bytes/read","0 c: d:","0"
"15:56:44","run","\\tanghaiyong\physicaldisk(1 e: f: g: h:)\avg. disk bytes/read","1 e: f: g: h:","0"
"15:56:44","run","\\tanghaiyong\physicaldisk(2)\avg. disk bytes/read","2","1294052.1188"
"15:56:44","run","\\tanghaiyong\physicaldisk(0 c: d:)\disk reads/sec","0 c: d:","0"
"15:56:44","run","\\tanghaiyong\physicaldisk(1 e: f: g: h:)\disk reads/sec","1 e: f: g: h:","0"
"15:56:44","run","\\tanghaiyong\physicaldisk(2)\disk reads/sec","2","806.2511"
"15:56:46","run","\\tanghaiyong\physicaldisk(0 c: d:)\% idle time","0 c: d:","99.7985"
"15:56:46","run","\\tanghaiyong\physicaldisk(1 e: f: g: h:)\% idle time","1 e: f: g: h:","99.979"
"15:56:46","run","\\tanghaiyong\physicaldisk(2)\% idle time","2","13.165"
"15:56:46","run","\\tanghaiyong\physicaldisk(0 c: d:)\avg. disk sec/read","0 c: d:","0.0004"
"15:56:46","run","\\tanghaiyong\physicaldisk(1 e: f: g: h:)\avg. disk sec/read","1 e: f: g: h:","0"
"15:56:46","run","\\tanghaiyong\physicaldisk(2)\avg. disk sec/read","2","0.3433"
"15:56:46","run","\\tanghaiyong\physicaldisk(0 c: d:)\avg. disk sec/transfer","0 c: d:","0.0001"
"15:56:46","run","\\tanghaiyong\physicaldisk(1 e: f: g: h:)\avg. disk sec/transfer","1 e: f: g: h:","0"
"15:56:46","run","\\tanghaiyong\physicaldisk(2)\avg. disk sec/transfer","2","0.3433"
"15:56:46","run","\\tanghaiyong\physicaldisk(0 c: d:)\current disk queue length","0 c: d:","0"
"15:56:46","run","\\tanghaiyong\physicaldisk(1 e: f: g: h:)\current disk queue length","1 e: f: g: h:","0"
"15:56:46","run","\\tanghaiyong\physicaldisk(2)\current disk queue length","2","155"
"15:56:46","run","\\tanghaiyong\physicaldisk(0 c: d:)\avg. disk queue length","0 c: d:","0.0014"
"15:56:46","run","\\tanghaiyong\physicaldisk(1 e: f: g: h:)\avg. disk queue length","1 e: f: g: h:","0"
"15:56:46","run","\\tanghaiyong\physicaldisk(2)\avg. disk queue length","2","277.6986"
"15:56:46","run","\\tanghaiyong\physicaldisk(0 c: d:)\disk read bytes/sec","0 c: d:","48910.081"
"15:56:46","run","\\tanghaiyong\physicaldisk(1 e: f: g: h:)\disk read bytes/sec","1 e: f: g: h:","0"
"15:56:46","run","\\tanghaiyong\physicaldisk(2)\disk read bytes/sec","2","1042942262.9789"
"15:56:46","run","\\tanghaiyong\physicaldisk(0 c: d:)\avg. disk bytes/read","0 c: d:","49152"
"15:56:46","run","\\tanghaiyong\physicaldisk(1 e: f: g: h:)\avg. disk bytes/read","1 e: f: g: h:","0"
"15:56:46","run","\\tanghaiyong\physicaldisk(2)\avg. disk bytes/read","2","1289176.9545"
"15:56:46","run","\\tanghaiyong\physicaldisk(0 c: d:)\disk reads/sec","0 c: d:","0.9951"
"15:56:46","run","\\tanghaiyong\physicaldisk(1 e: f: g: h:)\disk reads/sec","1 e: f: g: h:","0"
"15:56:46","run","\\tanghaiyong\physicaldisk(2)\disk reads/sec","2","808.9985"
"15:56:48","run","\\tanghaiyong\physicaldisk(0 c: d:)\% idle time","0 c: d:","99.9272"
"15:56:48","run","\\tanghaiyong\physicaldisk(1 e: f: g: h:)\% idle time","1 e: f: g: h:","99.9258"
"15:56:48","run","\\tanghaiyong\physicaldisk(2)\% idle time","2","9.8511"
"15:56:48","run","\\tanghaiyong\physicaldisk(0 c: d:)\avg. disk sec/read","0 c: d:","0.0001"
"15:56:48","run","\\tanghaiyong\physicaldisk(1 e: f: g: h:)\avg. disk sec/read","1 e: f: g: h:","0"
"15:56:48","run","\\tanghaiyong\physicaldisk(2)\avg. disk sec/read","2","0.404"
"15:56:48","run","\\tanghaiyong\physicaldisk(0 c: d:)\avg. disk sec/transfer","0 c: d:","0.0001"
"15:56:48","run","\\tanghaiyong\physicaldisk(1 e: f: g: h:)\avg. disk sec/transfer","1 e: f: g: h:","0.0004"
"15:56:48","run","\\tanghaiyong\physicaldisk(2)\avg. disk sec/transfer","2","0.404"
"15:56:48","run","\\tanghaiyong\physicaldisk(0 c: d:)\current disk queue length","0 c: d:","0"
"15:56:48","run","\\tanghaiyong\physicaldisk(1 e: f: g: h:)\current disk queue length","1 e: f: g: h:","0"
"15:56:48","run","\\tanghaiyong\physicaldisk(2)\current disk queue length","2","60"
"15:56:48","run","\\tanghaiyong\physicaldisk(0 c: d:)\avg. disk queue length","0 c: d:","0.0005"
"15:56:48","run","\\tanghaiyong\physicaldisk(1 e: f: g: h:)\avg. disk queue length","1 e: f: g: h:","0.0008"
"15:56:48","run","\\tanghaiyong\physicaldisk(2)\avg. disk queue length","2","331.7186"
"15:56:48","run","\\tanghaiyong\physicaldisk(0 c: d:)\disk read bytes/sec","0 c: d:","5096.3849"
"15:56:48","run","\\tanghaiyong\physicaldisk(1 e: f: g: h:)\disk read bytes/sec","1 e: f: g: h:","0"
"15:56:48","run","\\tanghaiyong\physicaldisk(2)\disk read bytes/sec","2","1022815905.9367"
"15:56:48","run","\\tanghaiyong\physicaldisk(0 c: d:)\avg. disk bytes/read","0 c: d:","1706.6667"
"15:56:48","run","\\tanghaiyong\physicaldisk(1 e: f: g: h:)\avg. disk bytes/read","1 e: f: g: h:","0"
"15:56:48","run","\\tanghaiyong\physicaldisk(2)\avg. disk bytes/read","2","1245521.6097"
"15:56:48","run","\\tanghaiyong\physicaldisk(0 c: d:)\disk reads/sec","0 c: d:","2.9862"
"15:56:48","run","\\tanghaiyong\physicaldisk(1 e: f: g: h:)\disk reads/sec","1 e: f: g: h:","0"
"15:56:48","run","\\tanghaiyong\physicaldisk(2)\disk reads/sec","2","821.1948"
"15:56:50","run","\\tanghaiyong\physicaldisk(0 c: d:)\% idle time","0 c: d:","99.8079"
"15:56:50","run","\\tanghaiyong\physicaldisk(1 e: f: g: h:)\% idle time","1 e: f: g: h:","93.2496"
"15:56:50","run","\\tanghaiyong\physicaldisk(2)\% idle time","2","19.5809"
"15:56:50","run","\\tanghaiyong\physicaldisk(0 c: d:)\avg. disk sec/read","0 c: d:","0.0004"
"15:56:50","run","\\tanghaiyong\physicaldisk(1 e: f: g: h:)\avg. disk sec/read","1 e: f: g: h:","0"
"15:56:50","run","\\tanghaiyong\physicaldisk(2)\avg. disk sec/read","2","0.3481"
"15:56:50","run","\\tanghaiyong\physicaldisk(0 c: d:)\avg. disk sec/transfer","0 c: d:","0.0001"
"15:56:50","run","\\tanghaiyong\physicaldisk(1 e: f: g: h:)\avg. disk sec/transfer","1 e: f: g: h:","0.0003"
"15:56:50","run","\\tanghaiyong\physicaldisk(2)\avg. disk sec/transfer","2","0.3481"
"15:56:50","run","\\tanghaiyong\physicaldisk(0 c: d:)\current disk queue length","0 c: d:","0"
"15:56:50","run","\\tanghaiyong\physicaldisk(1 e: f: g: h:)\current disk queue length","1 e: f: g: h:","0"
"15:56:50","run","\\tanghaiyong\physicaldisk(2)\current disk queue length","2","198"
"15:56:50","run","\\tanghaiyong\physicaldisk(0 c: d:)\avg. disk queue length","0 c: d:","0.001"
"15:56:50","run","\\tanghaiyong\physicaldisk(1 e: f: g: h:)\avg. disk queue length","1 e: f: g: h:","0.0009"
"15:56:50","run","\\tanghaiyong\physicaldisk(2)\avg. disk queue length","2","242.7989"
"15:56:50","run","\\tanghaiyong\physicaldisk(0 c: d:)\disk read bytes/sec","0 c: d:","65221.2423"
"15:56:50","run","\\tanghaiyong\physicaldisk(1 e: f: g: h:)\disk read bytes/sec","1 e: f: g: h:","0"
"15:56:50","run","\\tanghaiyong\physicaldisk(2)\disk read bytes/sec","2","902890267.5687"
"15:56:50","run","\\tanghaiyong\physicaldisk(0 c: d:)\avg. disk bytes/read","0 c: d:","65536"
"15:56:50","run","\\tanghaiyong\physicaldisk(1 e: f: g: h:)\avg. disk bytes/read","1 e: f: g: h:","0"
"15:56:50","run","\\tanghaiyong\physicaldisk(2)\avg. disk bytes/read","2","1294219.1384"
"15:56:50","run","\\tanghaiyong\physicaldisk(0 c: d:)\disk reads/sec","0 c: d:","0.9952"
"15:56:50","run","\\tanghaiyong\physicaldisk(1 e: f: g: h:)\disk reads/sec","1 e: f: g: h:","0"
"15:56:50","run","\\tanghaiyong\physicaldisk(2)\disk reads/sec","2","697.6332"
"15:56:52","run","\\tanghaiyong\physicaldisk(0 c: d:)\% idle time","0 c: d:","99.6063"
"15:56:52","run","\\tanghaiyong\physicaldisk(1 e: f: g: h:)\% idle time","1 e: f: g: h:","100.0159"
"15:56:52","run","\\tanghaiyong\physicaldisk(2)\% idle time","2","13.4823"
"15:56:52","run","\\tanghaiyong\physicaldisk(0 c: d:)\avg. disk sec/read","0 c: d:","0.0006"
"15:56:52","run","\\tanghaiyong\physicaldisk(1 e: f: g: h:)\avg. disk sec/read","1 e: f: g: h:","0"
"15:56:52","run","\\tanghaiyong\physicaldisk(2)\avg. disk sec/read","2","0.2648"
"15:56:52","run","\\tanghaiyong\physicaldisk(0 c: d:)\avg. disk sec/transfer","0 c: d:","0.0001"
"15:56:52","run","\\tanghaiyong\physicaldisk(1 e: f: g: h:)\avg. disk sec/transfer","1 e: f: g: h:","0"
"15:56:52","run","\\tanghaiyong\physicaldisk(2)\avg. disk sec/transfer","2","0.2648"
"15:56:52","run","\\tanghaiyong\physicaldisk(0 c: d:)\current disk queue length","0 c: d:","0"
"15:56:52","run","\\tanghaiyong\physicaldisk(1 e: f: g: h:)\current disk queue length","1 e: f: g: h:","0"
"15:56:52","run","\\tanghaiyong\physicaldisk(2)\current disk queue length","2","157"
"15:56:52","run","\\tanghaiyong\physicaldisk(0 c: d:)\avg. disk queue length","0 c: d:","0.0021"
"15:56:52","run","\\tanghaiyong\physicaldisk(1 e: f: g: h:)\avg. disk queue length","1 e: f: g: h:","0"
"15:56:52","run","\\tanghaiyong\physicaldisk(2)\avg. disk queue length","2","201.2335"
"15:56:52","run","\\tanghaiyong\physicaldisk(0 c: d:)\disk read bytes/sec","0 c: d:","129107.6402"
"15:56:52","run","\\tanghaiyong\physicaldisk(1 e: f: g: h:)\disk read bytes/sec","1 e: f: g: h:","0"
"15:56:52","run","\\tanghaiyong\physicaldisk(2)\disk read bytes/sec","2","952023600.1264"
"15:56:52","run","\\tanghaiyong\physicaldisk(0 c: d:)\avg. disk bytes/read","0 c: d:","131072"
"15:56:52","run","\\tanghaiyong\physicaldisk(1 e: f: g: h:)\avg. disk bytes/read","1 e: f: g: h:","0"
"15:56:52","run","\\tanghaiyong\physicaldisk(2)\avg. disk bytes/read","2","1251954.0725"
"15:56:52","run","\\tanghaiyong\physicaldisk(0 c: d:)\disk reads/sec","0 c: d:","0.985"
"15:56:52","run","\\tanghaiyong\physicaldisk(1 e: f: g: h:)\disk reads/sec","1 e: f: g: h:","0"
"15:56:52","run","\\tanghaiyong\physicaldisk(2)\disk reads/sec","2","760.4301"
"15:56:54","run","\\tanghaiyong\physicaldisk(0 c: d:)\% idle time","0 c: d:","99.9446"
"15:56:54","run","\\tanghaiyong\physicaldisk(1 e: f: g: h:)\% idle time","1 e: f: g: h:","99.975"
"15:56:54","run","\\tanghaiyong\physicaldisk(2)\% idle time","2","12.1731"
"15:56:54","run","\\tanghaiyong\physicaldisk(0 c: d:)\avg. disk sec/read","0 c: d:","0.0002"
"15:56:54","run","\\tanghaiyong\physicaldisk(1 e: f: g: h:)\avg. disk sec/read","1 e: f: g: h:","0"
"15:56:54","run","\\tanghaiyong\physicaldisk(2)\avg. disk sec/read","2","0.3949"
"15:56:54","run","\\tanghaiyong\physicaldisk(0 c: d:)\avg. disk sec/transfer","0 c: d:","0.0002"
"15:56:54","run","\\tanghaiyong\physicaldisk(1 e: f: g: h:)\avg. disk sec/transfer","1 e: f: g: h:","0"
"15:56:54","run","\\tanghaiyong\physicaldisk(2)\avg. disk sec/transfer","2","0.3949"
"15:56:54","run","\\tanghaiyong\physicaldisk(0 c: d:)\current disk queue length","0 c: d:","0"
"15:56:54","run","\\tanghaiyong\physicaldisk(1 e: f: g: h:)\current disk queue length","1 e: f: g: h:","0"
"15:56:54","run","\\tanghaiyong\physicaldisk(2)\current disk queue length","2","33"
"15:56:54","run","\\tanghaiyong\physicaldisk(0 c: d:)\avg. disk queue length","0 c: d:","0.0003"
"15:56:54","run","\\tanghaiyong\physicaldisk(1 e: f: g: h:)\avg. disk queue length","1 e: f: g: h:","0"
"15:56:54","run","\\tanghaiyong\physicaldisk(2)\avg. disk queue length","2","311.4739"
"15:56:54","run","\\tanghaiyong\physicaldisk(0 c: d:)\disk read bytes/sec","0 c: d:","8170.0381"
"15:56:54","run","\\tanghaiyong\physicaldisk(1 e: f: g: h:)\disk read bytes/sec","1 e: f: g: h:","0"
"15:56:54","run","\\tanghaiyong\physicaldisk(2)\disk read bytes/sec","2","983803310.3215"
"15:56:54","run","\\tanghaiyong\physicaldisk(0 c: d:)\avg. disk bytes/read","0 c: d:","8192"
"15:56:54","run","\\tanghaiyong\physicaldisk(1 e: f: g: h:)\avg. disk bytes/read","1 e: f: g: h:","0"
"15:56:54","run","\\tanghaiyong\physicaldisk(2)\avg. disk bytes/read","2","1247089.598"
"15:56:54","run","\\tanghaiyong\physicaldisk(0 c: d:)\disk reads/sec","0 c: d:","0.9973"
"15:56:54","run","\\tanghaiyong\physicaldisk(1 e: f: g: h:)\disk reads/sec","1 e: f: g: h:","0"
"15:56:54","run","\\tanghaiyong\physicaldisk(2)\disk reads/sec","2","788.8794"
"15:56:56","run","\\tanghaiyong\physicaldisk(0 c: d:)\% idle time","0 c: d:","99.9627"
"15:56:56","run","\\tanghaiyong\physicaldisk(1 e: f: g: h:)\% idle time","1 e: f: g: h:","99.9774"
"15:56:56","run","\\tanghaiyong\physicaldisk(2)\% idle time","2","21.9206"
"15:56:56","run","\\tanghaiyong\physicaldisk(0 c: d:)\avg. disk sec/read","0 c: d:","0"
"15:56:56","run","\\tanghaiyong\physicaldisk(1 e: f: g: h:)\avg. disk sec/read","1 e: f: g: h:","0"
"15:56:56","run","\\tanghaiyong\physicaldisk(2)\avg. disk sec/read","2","0.3841"
"15:56:56","run","\\tanghaiyong\physicaldisk(0 c: d:)\avg. disk sec/transfer","0 c: d:","0"
"15:56:56","run","\\tanghaiyong\physicaldisk(1 e: f: g: h:)\avg. disk sec/transfer","1 e: f: g: h:","0"
"15:56:56","run","\\tanghaiyong\physicaldisk(2)\avg. disk sec/transfer","2","0.3841"
"15:56:56","run","\\tanghaiyong\physicaldisk(0 c: d:)\current disk queue length","0 c: d:","0"
"15:56:56","run","\\tanghaiyong\physicaldisk(1 e: f: g: h:)\current disk queue length","1 e: f: g: h:","0"
"15:56:56","run","\\tanghaiyong\physicaldisk(2)\current disk queue length","2","0"
"15:56:56","run","\\tanghaiyong\physicaldisk(0 c: d:)\avg. disk queue length","0 c: d:","0.0001"
"15:56:56","run","\\tanghaiyong\physicaldisk(1 e: f: g: h:)\avg. disk queue length","1 e: f: g: h:","0"
"15:56:56","run","\\tanghaiyong\physicaldisk(2)\avg. disk queue length","2","267.3387"
"15:56:56","run","\\tanghaiyong\physicaldisk(0 c: d:)\disk read bytes/sec","0 c: d:","0"
"15:56:56","run","\\tanghaiyong\physicaldisk(1 e: f: g: h:)\disk read bytes/sec","1 e: f: g: h:","0"
"15:56:56","run","\\tanghaiyong\physicaldisk(2)\disk read bytes/sec","2","898013063.4231"
"15:56:56","run","\\tanghaiyong\physicaldisk(0 c: d:)\avg. disk bytes/read","0 c: d:","0"
"15:56:56","run","\\tanghaiyong\physicaldisk(1 e: f: g: h:)\avg. disk bytes/read","1 e: f: g: h:","0"
"15:56:56","run","\\tanghaiyong\physicaldisk(2)\avg. disk bytes/read","2","1289999.7482"
"15:56:56","run","\\tanghaiyong\physicaldisk(0 c: d:)\disk reads/sec","0 c: d:","0"
"15:56:56","run","\\tanghaiyong\physicaldisk(1 e: f: g: h:)\disk reads/sec","1 e: f: g: h:","0"
"15:56:56","run","\\tanghaiyong\physicaldisk(2)\disk reads/sec","2","696.1343"
"15:56:58","run","\\tanghaiyong\physicaldisk(0 c: d:)\% idle time","0 c: d:","99.8735"
"15:56:58","run","\\tanghaiyong\physicaldisk(1 e: f: g: h:)\% idle time","1 e: f: g: h:","99.9688"
"15:56:58","run","\\tanghaiyong\physicaldisk(2)\% idle time","2","11.1804"
"15:56:58","run","\\tanghaiyong\physicaldisk(0 c: d:)\avg. disk sec/read","0 c: d:","0.0001"
"15:56:58","run","\\tanghaiyong\physicaldisk(1 e: f: g: h:)\avg. disk sec/read","1 e: f: g: h:","0"
"15:56:58","run","\\tanghaiyong\physicaldisk(2)\avg. disk sec/read","2","0.3378"
"15:56:58","run","\\tanghaiyong\physicaldisk(0 c: d:)\avg. disk sec/transfer","0 c: d:","0.0001"
"15:56:58","run","\\tanghaiyong\physicaldisk(1 e: f: g: h:)\avg. disk sec/transfer","1 e: f: g: h:","0"
"15:56:58","run","\\tanghaiyong\physicaldisk(2)\avg. disk sec/transfer","2","0.3378"
"15:56:58","run","\\tanghaiyong\physicaldisk(0 c: d:)\current disk queue length","0 c: d:","0"
"15:56:58","run","\\tanghaiyong\physicaldisk(1 e: f: g: h:)\current disk queue length","1 e: f: g: h:","0"
"15:56:58","run","\\tanghaiyong\physicaldisk(2)\current disk queue length","2","107"
"15:56:58","run","\\tanghaiyong\physicaldisk(0 c: d:)\avg. disk queue length","0 c: d:","0.001"
"15:56:58","run","\\tanghaiyong\physicaldisk(1 e: f: g: h:)\avg. disk queue length","1 e: f: g: h:","0"
"15:56:58","run","\\tanghaiyong\physicaldisk(2)\avg. disk queue length","2","263.4104"
"15:56:58","run","\\tanghaiyong\physicaldisk(0 c: d:)\disk read bytes/sec","0 c: d:","21423.4521"
"15:56:58","run","\\tanghaiyong\physicaldisk(1 e: f: g: h:)\disk read bytes/sec","1 e: f: g: h:","0"
"15:56:58","run","\\tanghaiyong\physicaldisk(2)\disk read bytes/sec","2","1010631969.9195"
"15:56:58","run","\\tanghaiyong\physicaldisk(0 c: d:)\avg. disk bytes/read","0 c: d:","5376"
"15:56:58","run","\\tanghaiyong\physicaldisk(1 e: f: g: h:)\avg. disk bytes/read","1 e: f: g: h:","0"
"15:56:58","run","\\tanghaiyong\physicaldisk(2)\avg. disk bytes/read","2","1295570.5543"
"15:56:58","run","\\tanghaiyong\physicaldisk(0 c: d:)\disk reads/sec","0 c: d:","3.985"
"15:56:58","run","\\tanghaiyong\physicaldisk(1 e: f: g: h:)\disk reads/sec","1 e: f: g: h:","0"
"15:56:58","run","\\tanghaiyong\physicaldisk(2)\disk reads/sec","2","780.0671"
"15:57:00","run","\\tanghaiyong\physicaldisk(0 c: d:)\% idle time","0 c: d:","99.978"
"15:57:00","run","\\tanghaiyong\physicaldisk(1 e: f: g: h:)\% idle time","1 e: f: g: h:","99.9856"
"15:57:00","run","\\tanghaiyong\physicaldisk(2)\% idle time","2","12.6916"
"15:57:00","run","\\tanghaiyong\physicaldisk(0 c: d:)\avg. disk sec/read","0 c: d:","0"
"15:57:00","run","\\tanghaiyong\physicaldisk(1 e: f: g: h:)\avg. disk sec/read","1 e: f: g: h:","0"
"15:57:00","run","\\tanghaiyong\physicaldisk(2)\avg. disk sec/read","2","0.4073"
"15:57:00","run","\\tanghaiyong\physicaldisk(0 c: d:)\avg. disk sec/transfer","0 c: d:","0.0001"
"15:57:00","run","\\tanghaiyong\physicaldisk(1 e: f: g: h:)\avg. disk sec/transfer","1 e: f: g: h:","0"
"15:57:00","run","\\tanghaiyong\physicaldisk(2)\avg. disk sec/transfer","2","0.4073"
"15:57:00","run","\\tanghaiyong\physicaldisk(0 c: d:)\current disk queue length","0 c: d:","0"
"15:57:00","run","\\tanghaiyong\physicaldisk(1 e: f: g: h:)\current disk queue length","1 e: f: g: h:","0"
"15:57:00","run","\\tanghaiyong\physicaldisk(2)\current disk queue length","2","29"
"15:57:00","run","\\tanghaiyong\physicaldisk(0 c: d:)\avg. disk queue length","0 c: d:","0.0001"
"15:57:00","run","\\tanghaiyong\physicaldisk(1 e: f: g: h:)\avg. disk queue length","1 e: f: g: h:","0"
"15:57:00","run","\\tanghaiyong\physicaldisk(2)\avg. disk queue length","2","296.4352"
"15:57:00","run","\\tanghaiyong\physicaldisk(0 c: d:)\disk read bytes/sec","0 c: d:","0"
"15:57:00","run","\\tanghaiyong\physicaldisk(1 e: f: g: h:)\disk read bytes/sec","1 e: f: g: h:","0"
"15:57:00","run","\\tanghaiyong\physicaldisk(2)\disk read bytes/sec","2","947091875.5836"
"15:57:00","run","\\tanghaiyong\physicaldisk(0 c: d:)\avg. disk bytes/read","0 c: d:","0"
"15:57:00","run","\\tanghaiyong\physicaldisk(1 e: f: g: h:)\avg. disk bytes/read","1 e: f: g: h:","0"
"15:57:00","run","\\tanghaiyong\physicaldisk(2)\avg. disk bytes/read","2","1301069.1507"
"15:57:00","run","\\tanghaiyong\physicaldisk(0 c: d:)\disk reads/sec","0 c: d:","0"
"15:57:00","run","\\tanghaiyong\physicaldisk(1 e: f: g: h:)\disk reads/sec","1 e: f: g: h:","0"
"15:57:00","run","\\tanghaiyong\physicaldisk(2)\disk reads/sec","2","727.9335"
"15:57:02","run","\\tanghaiyong\physicaldisk(0 c: d:)\% idle time","0 c: d:","99.8745"
"15:57:02","run","\\tanghaiyong\physicaldisk(1 e: f: g: h:)\% idle time","1 e: f: g: h:","99.9844"
"15:57:02","run","\\tanghaiyong\physicaldisk(2)\% idle time","2","12.7543"
"15:57:02","run","\\tanghaiyong\physicaldisk(0 c: d:)\avg. disk sec/read","0 c: d:","0"
"15:57:02","run","\\tanghaiyong\physicaldisk(1 e: f: g: h:)\avg. disk sec/read","1 e: f: g: h:","0"
"15:57:02","run","\\tanghaiyong\physicaldisk(2)\avg. disk sec/read","2","0.4167"
"15:57:02","run","\\tanghaiyong\physicaldisk(0 c: d:)\avg. disk sec/transfer","0 c: d:","0.0001"
"15:57:02","run","\\tanghaiyong\physicaldisk(1 e: f: g: h:)\avg. disk sec/transfer","1 e: f: g: h:","0"
"15:57:02","run","\\tanghaiyong\physicaldisk(2)\avg. disk sec/transfer","2","0.4167"
"15:57:02","run","\\tanghaiyong\physicaldisk(0 c: d:)\current disk queue length","0 c: d:","0"
"15:57:02","run","\\tanghaiyong\physicaldisk(1 e: f: g: h:)\current disk queue length","1 e: f: g: h:","0"
"15:57:02","run","\\tanghaiyong\physicaldisk(2)\current disk queue length","2","11"
"15:57:02","run","\\tanghaiyong\physicaldisk(0 c: d:)\avg. disk queue length","0 c: d:","0.0002"
"15:57:02","run","\\tanghaiyong\physicaldisk(1 e: f: g: h:)\avg. disk queue length","1 e: f: g: h:","0"
"15:57:02","run","\\tanghaiyong\physicaldisk(2)\avg. disk queue length","2","318.8614"
"15:57:02","run","\\tanghaiyong\physicaldisk(0 c: d:)\disk read bytes/sec","0 c: d:","0"
"15:57:02","run","\\tanghaiyong\physicaldisk(1 e: f: g: h:)\disk read bytes/sec","1 e: f: g: h:","0"
"15:57:02","run","\\tanghaiyong\physicaldisk(2)\disk read bytes/sec","2","976567515.7439"
"15:57:02","run","\\tanghaiyong\physicaldisk(0 c: d:)\avg. disk bytes/read","0 c: d:","0"
"15:57:02","run","\\tanghaiyong\physicaldisk(1 e: f: g: h:)\avg. disk bytes/read","1 e: f: g: h:","0"
"15:57:02","run","\\tanghaiyong\physicaldisk(2)\avg. disk bytes/read","2","1276037.6815"
"15:57:02","run","\\tanghaiyong\physicaldisk(0 c: d:)\disk reads/sec","0 c: d:","0"
"15:57:02","run","\\tanghaiyong\physicaldisk(1 e: f: g: h:)\disk reads/sec","1 e: f: g: h:","0"
"15:57:02","run","\\tanghaiyong\physicaldisk(2)\disk reads/sec","2","765.3124"
"15:57:04","run","\\tanghaiyong\physicaldisk(0 c: d:)\% idle time","0 c: d:","99.3688"
"15:57:04","run","\\tanghaiyong\physicaldisk(1 e: f: g: h:)\% idle time","1 e: f: g: h:","99.9335"
"15:57:04","run","\\tanghaiyong\physicaldisk(2)\% idle time","2","14.1337"
"15:57:04","run","\\tanghaiyong\physicaldisk(0 c: d:)\avg. disk sec/read","0 c: d:","0.0002"
"15:57:04","run","\\tanghaiyong\physicaldisk(1 e: f: g: h:)\avg. disk sec/read","1 e: f: g: h:","0"
"15:57:04","run","\\tanghaiyong\physicaldisk(2)\avg. disk sec/read","2","0.3526"
"15:57:04","run","\\tanghaiyong\physicaldisk(0 c: d:)\avg. disk sec/transfer","0 c: d:","0.0001"
"15:57:04","run","\\tanghaiyong\physicaldisk(1 e: f: g: h:)\avg. disk sec/transfer","1 e: f: g: h:","0"
"15:57:04","run","\\tanghaiyong\physicaldisk(2)\avg. disk sec/transfer","2","0.3526"
"15:57:04","run","\\tanghaiyong\physicaldisk(0 c: d:)\current disk queue length","0 c: d:","0"
"15:57:04","run","\\tanghaiyong\physicaldisk(1 e: f: g: h:)\current disk queue length","1 e: f: g: h:","0"
"15:57:04","run","\\tanghaiyong\physicaldisk(2)\current disk queue length","2","209"
"15:57:04","run","\\tanghaiyong\physicaldisk(0 c: d:)\avg. disk queue length","0 c: d:","0.0018"
"15:57:04","run","\\tanghaiyong\physicaldisk(1 e: f: g: h:)\avg. disk queue length","1 e: f: g: h:","0"
"15:57:04","run","\\tanghaiyong\physicaldisk(2)\avg. disk queue length","2","274.2619"
"15:57:04","run","\\tanghaiyong\physicaldisk(0 c: d:)\disk read bytes/sec","0 c: d:","16328.1789"
"15:57:04","run","\\tanghaiyong\physicaldisk(1 e: f: g: h:)\disk read bytes/sec","1 e: f: g: h:","0"
"15:57:04","run","\\tanghaiyong\physicaldisk(2)\disk read bytes/sec","2","980915344.711"
"15:57:04","run","\\tanghaiyong\physicaldisk(0 c: d:)\avg. disk bytes/read","0 c: d:","16384"
"15:57:04","run","\\tanghaiyong\physicaldisk(1 e: f: g: h:)\avg. disk bytes/read","1 e: f: g: h:","0"
"15:57:04","run","\\tanghaiyong\physicaldisk(2)\avg. disk bytes/read","2","1260267.3496"
"15:57:04","run","\\tanghaiyong\physicaldisk(0 c: d:)\disk reads/sec","0 c: d:","0.9966"
"15:57:04","run","\\tanghaiyong\physicaldisk(1 e: f: g: h:)\disk reads/sec","1 e: f: g: h:","0"
"15:57:04","run","\\tanghaiyong\physicaldisk(2)\disk reads/sec","2","778.3391"
"15:57:06","run","\\tanghaiyong\physicaldisk(0 c: d:)\% idle time","0 c: d:","99.7679"
"15:57:06","run","\\tanghaiyong\physicaldisk(1 e: f: g: h:)\% idle time","1 e: f: g: h:","99.9833"
"15:57:06","run","\\tanghaiyong\physicaldisk(2)\% idle time","2","10.5366"
"15:57:06","run","\\tanghaiyong\physicaldisk(0 c: d:)\avg. disk sec/read","0 c: d:","0.0005"
"15:57:06","run","\\tanghaiyong\physicaldisk(1 e: f: g: h:)\avg. disk sec/read","1 e: f: g: h:","0"
"15:57:06","run","\\tanghaiyong\physicaldisk(2)\avg. disk sec/read","2","0.281"
"15:57:06","run","\\tanghaiyong\physicaldisk(0 c: d:)\avg. disk sec/transfer","0 c: d:","0.0001"
"15:57:06","run","\\tanghaiyong\physicaldisk(1 e: f: g: h:)\avg. disk sec/transfer","1 e: f: g: h:","0"
"15:57:06","run","\\tanghaiyong\physicaldisk(2)\avg. disk sec/transfer","2","0.281"
"15:57:06","run","\\tanghaiyong\physicaldisk(0 c: d:)\current disk queue length","0 c: d:","0"
"15:57:06","run","\\tanghaiyong\physicaldisk(1 e: f: g: h:)\current disk queue length","1 e: f: g: h:","0"
"15:57:06","run","\\tanghaiyong\physicaldisk(2)\current disk queue length","2","70"
"15:57:06","run","\\tanghaiyong\physicaldisk(0 c: d:)\avg. disk queue length","0 c: d:","0.0013"
"15:57:06","run","\\tanghaiyong\physicaldisk(1 e: f: g: h:)\avg. disk queue length","1 e: f: g: h:","0"
"15:57:06","run","\\tanghaiyong\physicaldisk(2)\avg. disk queue length","2","225.6155"
"15:57:06","run","\\tanghaiyong\physicaldisk(0 c: d:)\disk read bytes/sec","0 c: d:","81732.7013"
"15:57:06","run","\\tanghaiyong\physicaldisk(1 e: f: g: h:)\disk read bytes/sec","1 e: f: g: h:","0"
"15:57:06","run","\\tanghaiyong\physicaldisk(2)\disk read bytes/sec","2","1039255817.3689"
"15:57:06","run","\\tanghaiyong\physicaldisk(0 c: d:)\avg. disk bytes/read","0 c: d:","81920"
"15:57:06","run","\\tanghaiyong\physicaldisk(1 e: f: g: h:)\avg. disk bytes/read","1 e: f: g: h:","0"
"15:57:06","run","\\tanghaiyong\physicaldisk(2)\avg. disk bytes/read","2","1293959.4733"
"15:57:06","run","\\tanghaiyong\physicaldisk(0 c: d:)\disk reads/sec","0 c: d:","0.9977"
"15:57:06","run","\\tanghaiyong\physicaldisk(1 e: f: g: h:)\disk reads/sec","1 e: f: g: h:","0"
"15:57:06","run","\\tanghaiyong\physicaldisk(2)\disk reads/sec","2","803.1595"
"15:57:08","run","\\tanghaiyong\physicaldisk(0 c: d:)\% idle time","0 c: d:","97.8641"
"15:57:08","run","\\tanghaiyong\physicaldisk(1 e: f: g: h:)\% idle time","1 e: f: g: h:","99.9869"
"15:57:08","run","\\tanghaiyong\physicaldisk(2)\% idle time","2","13.8787"
"15:57:08","run","\\tanghaiyong\physicaldisk(0 c: d:)\avg. disk sec/read","0 c: d:","0.0011"
"15:57:08","run","\\tanghaiyong\physicaldisk(1 e: f: g: h:)\avg. disk sec/read","1 e: f: g: h:","0"
"15:57:08","run","\\tanghaiyong\physicaldisk(2)\avg. disk sec/read","2","0.3841"
"15:57:08","run","\\tanghaiyong\physicaldisk(0 c: d:)\avg. disk sec/transfer","0 c: d:","0.0007"
"15:57:08","run","\\tanghaiyong\physicaldisk(1 e: f: g: h:)\avg. disk sec/transfer","1 e: f: g: h:","0"
"15:57:08","run","\\tanghaiyong\physicaldisk(2)\avg. disk sec/transfer","2","0.3841"
"15:57:08","run","\\tanghaiyong\physicaldisk(0 c: d:)\current disk queue length","0 c: d:","0"
"15:57:08","run","\\tanghaiyong\physicaldisk(1 e: f: g: h:)\current disk queue length","1 e: f: g: h:","0"
"15:57:08","run","\\tanghaiyong\physicaldisk(2)\current disk queue length","2","118"
"15:57:08","run","\\tanghaiyong\physicaldisk(0 c: d:)\avg. disk queue length","0 c: d:","0.0356"
"15:57:08","run","\\tanghaiyong\physicaldisk(1 e: f: g: h:)\avg. disk queue length","1 e: f: g: h:","0"
"15:57:08","run","\\tanghaiyong\physicaldisk(2)\avg. disk queue length","2","291.0118"
"15:57:08","run","\\tanghaiyong\physicaldisk(0 c: d:)\disk read bytes/sec","0 c: d:","2635179.4438"
"15:57:08","run","\\tanghaiyong\physicaldisk(1 e: f: g: h:)\disk read bytes/sec","1 e: f: g: h:","0"
"15:57:08","run","\\tanghaiyong\physicaldisk(2)\disk read bytes/sec","2","969827714.6388"
"15:57:08","run","\\tanghaiyong\physicaldisk(0 c: d:)\avg. disk bytes/read","0 c: d:","188781.7143"
"15:57:08","run","\\tanghaiyong\physicaldisk(1 e: f: g: h:)\avg. disk bytes/read","1 e: f: g: h:","0"
"15:57:08","run","\\tanghaiyong\physicaldisk(2)\avg. disk bytes/read","2","1279849.0947"
"15:57:08","run","\\tanghaiyong\physicaldisk(0 c: d:)\disk reads/sec","0 c: d:","13.9589"
"15:57:08","run","\\tanghaiyong\physicaldisk(1 e: f: g: h:)\disk reads/sec","1 e: f: g: h:","0"
"15:57:08","run","\\tanghaiyong\physicaldisk(2)\disk reads/sec","2","757.7672"
"15:57:10","run","\\tanghaiyong\physicaldisk(0 c: d:)\% idle time","0 c: d:","99.8258"
"15:57:10","run","\\tanghaiyong\physicaldisk(1 e: f: g: h:)\% idle time","1 e: f: g: h:","99.9712"
"15:57:10","run","\\tanghaiyong\physicaldisk(2)\% idle time","2","11.7987"
"15:57:10","run","\\tanghaiyong\physicaldisk(0 c: d:)\avg. disk sec/read","0 c: d:","0.0008"
"15:57:10","run","\\tanghaiyong\physicaldisk(1 e: f: g: h:)\avg. disk sec/read","1 e: f: g: h:","0"
"15:57:10","run","\\tanghaiyong\physicaldisk(2)\avg. disk sec/read","2","0.3426"
"15:57:10","run","\\tanghaiyong\physicaldisk(0 c: d:)\avg. disk sec/transfer","0 c: d:","0.0004"
"15:57:10","run","\\tanghaiyong\physicaldisk(1 e: f: g: h:)\avg. disk sec/transfer","1 e: f: g: h:","0"
"15:57:10","run","\\tanghaiyong\physicaldisk(2)\avg. disk sec/transfer","2","0.3426"
"15:57:10","run","\\tanghaiyong\physicaldisk(0 c: d:)\current disk queue length","0 c: d:","0"
"15:57:10","run","\\tanghaiyong\physicaldisk(1 e: f: g: h:)\current disk queue length","1 e: f: g: h:","0"
"15:57:10","run","\\tanghaiyong\physicaldisk(2)\current disk queue length","2","92"
"15:57:10","run","\\tanghaiyong\physicaldisk(0 c: d:)\avg. disk queue length","0 c: d:","0.0015"
"15:57:10","run","\\tanghaiyong\physicaldisk(1 e: f: g: h:)\avg. disk queue length","1 e: f: g: h:","0"
"15:57:10","run","\\tanghaiyong\physicaldisk(2)\avg. disk queue length","2","266.3548"
"15:57:10","run","\\tanghaiyong\physicaldisk(0 c: d:)\disk read bytes/sec","0 c: d:","131016.4228"
"15:57:10","run","\\tanghaiyong\physicaldisk(1 e: f: g: h:)\disk read bytes/sec","1 e: f: g: h:","0"
"15:57:10","run","\\tanghaiyong\physicaldisk(2)\disk read bytes/sec","2","1006156996.2022"
"15:57:10","run","\\tanghaiyong\physicaldisk(0 c: d:)\avg. disk bytes/read","0 c: d:","131072"
"15:57:10","run","\\tanghaiyong\physicaldisk(1 e: f: g: h:)\avg. disk bytes/read","1 e: f: g: h:","0"
"15:57:10","run","\\tanghaiyong\physicaldisk(2)\avg. disk bytes/read","2","1293809.5219"
"15:57:10","run","\\tanghaiyong\physicaldisk(0 c: d:)\disk reads/sec","0 c: d:","0.9996"
"15:57:10","run","\\tanghaiyong\physicaldisk(1 e: f: g: h:)\disk reads/sec","1 e: f: g: h:","0"
"15:57:10","run","\\tanghaiyong\physicaldisk(2)\disk reads/sec","2","777.6701"
"15:57:12","run","\\tanghaiyong\physicaldisk(0 c: d:)\% idle time","0 c: d:","99.6198"
"15:57:12","run","\\tanghaiyong\physicaldisk(1 e: f: g: h:)\% idle time","1 e: f: g: h:","94.6325"
"15:57:12","run","\\tanghaiyong\physicaldisk(2)\% idle time","2","11.6487"
"15:57:12","run","\\tanghaiyong\physicaldisk(0 c: d:)\avg. disk sec/read","0 c: d:","0.0002"
"15:57:12","run","\\tanghaiyong\physicaldisk(1 e: f: g: h:)\avg. disk sec/read","1 e: f: g: h:","0.0004"
"15:57:12","run","\\tanghaiyong\physicaldisk(2)\avg. disk sec/read","2","0.3826"
"15:57:12","run","\\tanghaiyong\physicaldisk(0 c: d:)\avg. disk sec/transfer","0 c: d:","0.0001"
"15:57:12","run","\\tanghaiyong\physicaldisk(1 e: f: g: h:)\avg. disk sec/transfer","1 e: f: g: h:","0.0003"
"15:57:12","run","\\tanghaiyong\physicaldisk(2)\avg. disk sec/transfer","2","0.3826"
"15:57:12","run","\\tanghaiyong\physicaldisk(0 c: d:)\current disk queue length","0 c: d:","0"
"15:57:12","run","\\tanghaiyong\physicaldisk(1 e: f: g: h:)\current disk queue length","1 e: f: g: h:","0"
"15:57:12","run","\\tanghaiyong\physicaldisk(2)\current disk queue length","2","27"
"15:57:12","run","\\tanghaiyong\physicaldisk(0 c: d:)\avg. disk queue length","0 c: d:","0.0029"
"15:57:12","run","\\tanghaiyong\physicaldisk(1 e: f: g: h:)\avg. disk queue length","1 e: f: g: h:","0.0033"
"15:57:12","run","\\tanghaiyong\physicaldisk(2)\avg. disk queue length","2","303.2075"
"15:57:12","run","\\tanghaiyong\physicaldisk(0 c: d:)\disk read bytes/sec","0 c: d:","130499.2778"
"15:57:12","run","\\tanghaiyong\physicaldisk(1 e: f: g: h:)\disk read bytes/sec","1 e: f: g: h:","16312.4097"
"15:57:12","run","\\tanghaiyong\physicaldisk(2)\disk read bytes/sec","2","987797971.0445"
"15:57:12","run","\\tanghaiyong\physicaldisk(0 c: d:)\avg. disk bytes/read","0 c: d:","16384"
"15:57:12","run","\\tanghaiyong\physicaldisk(1 e: f: g: h:)\avg. disk bytes/read","1 e: f: g: h:","16384"
"15:57:12","run","\\tanghaiyong\physicaldisk(2)\avg. disk bytes/read","2","1246398.392"
"15:57:12","run","\\tanghaiyong\physicaldisk(0 c: d:)\disk reads/sec","0 c: d:","7.965"
"15:57:12","run","\\tanghaiyong\physicaldisk(1 e: f: g: h:)\disk reads/sec","1 e: f: g: h:","0.9956"
"15:57:12","run","\\tanghaiyong\physicaldisk(2)\disk reads/sec","2","792.5219"
"15:57:14","run","\\tanghaiyong\physicaldisk(0 c: d:)\% idle time","0 c: d:","99.9471"
"15:57:14","run","\\tanghaiyong\physicaldisk(1 e: f: g: h:)\% idle time","1 e: f: g: h:","99.9471"
"15:57:14","run","\\tanghaiyong\physicaldisk(2)\% idle time","2","11.0548"
"15:57:14","run","\\tanghaiyong\physicaldisk(0 c: d:)\avg. disk sec/read","0 c: d:","0"
"15:57:14","run","\\tanghaiyong\physicaldisk(1 e: f: g: h:)\avg. disk sec/read","1 e: f: g: h:","0"
"15:57:14","run","\\tanghaiyong\physicaldisk(2)\avg. disk sec/read","2","0.4141"
"15:57:14","run","\\tanghaiyong\physicaldisk(0 c: d:)\avg. disk sec/transfer","0 c: d:","0"
"15:57:14","run","\\tanghaiyong\physicaldisk(1 e: f: g: h:)\avg. disk sec/transfer","1 e: f: g: h:","0"
"15:57:14","run","\\tanghaiyong\physicaldisk(2)\avg. disk sec/transfer","2","0.4141"
"15:57:14","run","\\tanghaiyong\physicaldisk(0 c: d:)\current disk queue length","0 c: d:","0"
"15:57:14","run","\\tanghaiyong\physicaldisk(1 e: f: g: h:)\current disk queue length","1 e: f: g: h:","0"
"15:57:14","run","\\tanghaiyong\physicaldisk(2)\current disk queue length","2","130"
"15:57:14","run","\\tanghaiyong\physicaldisk(0 c: d:)\avg. disk queue length","0 c: d:","0"
"15:57:14","run","\\tanghaiyong\physicaldisk(1 e: f: g: h:)\avg. disk queue length","1 e: f: g: h:","0"
"15:57:14","run","\\tanghaiyong\physicaldisk(2)\avg. disk queue length","2","320.9482"
"15:57:14","run","\\tanghaiyong\physicaldisk(0 c: d:)\disk read bytes/sec","0 c: d:","0"
"15:57:14","run","\\tanghaiyong\physicaldisk(1 e: f: g: h:)\disk read bytes/sec","1 e: f: g: h:","0"
"15:57:14","run","\\tanghaiyong\physicaldisk(2)\disk read bytes/sec","2","982900626.1806"
"15:57:14","run","\\tanghaiyong\physicaldisk(0 c: d:)\avg. disk bytes/read","0 c: d:","0"
"15:57:14","run","\\tanghaiyong\physicaldisk(1 e: f: g: h:)\avg. disk bytes/read","1 e: f: g: h:","0"
"15:57:14","run","\\tanghaiyong\physicaldisk(2)\avg. disk bytes/read","2","1267422.437"
"15:57:14","run","\\tanghaiyong\physicaldisk(0 c: d:)\disk reads/sec","0 c: d:","0"
"15:57:14","run","\\tanghaiyong\physicaldisk(1 e: f: g: h:)\disk reads/sec","1 e: f: g: h:","0"
"15:57:14","run","\\tanghaiyong\physicaldisk(2)\disk reads/sec","2","775.5115"
"15:57:16","run","\\tanghaiyong\physicaldisk(0 c: d:)\% idle time","0 c: d:","98.9268"
"15:57:16","run","\\tanghaiyong\physicaldisk(1 e: f: g: h:)\% idle time","1 e: f: g: h:","40.4367"
"15:57:16","run","\\tanghaiyong\physicaldisk(2)\% idle time","2","25.8633"
"15:57:16","run","\\tanghaiyong\physicaldisk(0 c: d:)\avg. disk sec/read","0 c: d:","0.0005"
"15:57:16","run","\\tanghaiyong\physicaldisk(1 e: f: g: h:)\avg. disk sec/read","1 e: f: g: h:","0"
"15:57:16","run","\\tanghaiyong\physicaldisk(2)\avg. disk sec/read","2","0.2548"
"15:57:16","run","\\tanghaiyong\physicaldisk(0 c: d:)\avg. disk sec/transfer","0 c: d:","0.0001"
"15:57:16","run","\\tanghaiyong\physicaldisk(1 e: f: g: h:)\avg. disk sec/transfer","1 e: f: g: h:","0.0003"
"15:57:16","run","\\tanghaiyong\physicaldisk(2)\avg. disk sec/transfer","2","0.2548"
"15:57:16","run","\\tanghaiyong\physicaldisk(0 c: d:)\current disk queue length","0 c: d:","0"
"15:57:16","run","\\tanghaiyong\physicaldisk(1 e: f: g: h:)\current disk queue length","1 e: f: g: h:","0"
"15:57:16","run","\\tanghaiyong\physicaldisk(2)\current disk queue length","2","31"
"15:57:16","run","\\tanghaiyong\physicaldisk(0 c: d:)\avg. disk queue length","0 c: d:","0.0064"
"15:57:16","run","\\tanghaiyong\physicaldisk(1 e: f: g: h:)\avg. disk queue length","1 e: f: g: h:","0.0009"
"15:57:16","run","\\tanghaiyong\physicaldisk(2)\avg. disk queue length","2","170.4424"
"15:57:16","run","\\tanghaiyong\physicaldisk(0 c: d:)\disk read bytes/sec","0 c: d:","81795.0254"
"15:57:16","run","\\tanghaiyong\physicaldisk(1 e: f: g: h:)\disk read bytes/sec","1 e: f: g: h:","0"
"15:57:16","run","\\tanghaiyong\physicaldisk(2)\disk read bytes/sec","2","862863902.2438"
"15:57:16","run","\\tanghaiyong\physicaldisk(0 c: d:)\avg. disk bytes/read","0 c: d:","40960"
"15:57:16","run","\\tanghaiyong\physicaldisk(1 e: f: g: h:)\avg. disk bytes/read","1 e: f: g: h:","0"
"15:57:16","run","\\tanghaiyong\physicaldisk(2)\avg. disk bytes/read","2","1289824.2866"
"15:57:16","run","\\tanghaiyong\physicaldisk(0 c: d:)\disk reads/sec","0 c: d:","1.9969"
"15:57:16","run","\\tanghaiyong\physicaldisk(1 e: f: g: h:)\disk reads/sec","1 e: f: g: h:","0"
"15:57:16","run","\\tanghaiyong\physicaldisk(2)\disk reads/sec","2","668.9779"
"15:57:18","run","\\tanghaiyong\physicaldisk(0 c: d:)\% idle time","0 c: d:","99.9397"
"15:57:18","run","\\tanghaiyong\physicaldisk(1 e: f: g: h:)\% idle time","1 e: f: g: h:","99.9857"
"15:57:18","run","\\tanghaiyong\physicaldisk(2)\% idle time","2","12.6765"
"15:57:18","run","\\tanghaiyong\physicaldisk(0 c: d:)\avg. disk sec/read","0 c: d:","0.0001"
"15:57:18","run","\\tanghaiyong\physicaldisk(1 e: f: g: h:)\avg. disk sec/read","1 e: f: g: h:","0"
"15:57:18","run","\\tanghaiyong\physicaldisk(2)\avg. disk sec/read","2","0.3817"
"15:57:18","run","\\tanghaiyong\physicaldisk(0 c: d:)\avg. disk sec/transfer","0 c: d:","0.0001"
"15:57:18","run","\\tanghaiyong\physicaldisk(1 e: f: g: h:)\avg. disk sec/transfer","1 e: f: g: h:","0"
"15:57:18","run","\\tanghaiyong\physicaldisk(2)\avg. disk sec/transfer","2","0.3817"
"15:57:18","run","\\tanghaiyong\physicaldisk(0 c: d:)\current disk queue length","0 c: d:","0"
"15:57:18","run","\\tanghaiyong\physicaldisk(1 e: f: g: h:)\current disk queue length","1 e: f: g: h:","0"
"15:57:18","run","\\tanghaiyong\physicaldisk(2)\current disk queue length","2","96"
"15:57:18","run","\\tanghaiyong\physicaldisk(0 c: d:)\avg. disk queue length","0 c: d:","0.0005"
"15:57:18","run","\\tanghaiyong\physicaldisk(1 e: f: g: h:)\avg. disk queue length","1 e: f: g: h:","0"
"15:57:18","run","\\tanghaiyong\physicaldisk(2)\avg. disk queue length","2","293.6714"
"15:57:18","run","\\tanghaiyong\physicaldisk(0 c: d:)\disk read bytes/sec","0 c: d:","5096.9206"
"15:57:18","run","\\tanghaiyong\physicaldisk(1 e: f: g: h:)\disk read bytes/sec","1 e: f: g: h:","0"
"15:57:18","run","\\tanghaiyong\physicaldisk(2)\disk read bytes/sec","2","988900463.8098"
"15:57:18","run","\\tanghaiyong\physicaldisk(0 c: d:)\avg. disk bytes/read","0 c: d:","1706.6667"
"15:57:18","run","\\tanghaiyong\physicaldisk(1 e: f: g: h:)\avg. disk bytes/read","1 e: f: g: h:","0"
"15:57:18","run","\\tanghaiyong\physicaldisk(2)\avg. disk bytes/read","2","1285094.8305"
"15:57:18","run","\\tanghaiyong\physicaldisk(0 c: d:)\disk reads/sec","0 c: d:","2.9865"
"15:57:18","run","\\tanghaiyong\physicaldisk(1 e: f: g: h:)\disk reads/sec","1 e: f: g: h:","0"
"15:57:18","run","\\tanghaiyong\physicaldisk(2)\disk reads/sec","2","769.5156"
"15:57:20","run","\\tanghaiyong\physicaldisk(0 c: d:)\% idle time","0 c: d:","99.9823"
"15:57:20","run","\\tanghaiyong\physicaldisk(1 e: f: g: h:)\% idle time","1 e: f: g: h:","99.9946"
"15:57:20","run","\\tanghaiyong\physicaldisk(2)\% idle time","2","12.5577"
"15:57:20","run","\\tanghaiyong\physicaldisk(0 c: d:)\avg. disk sec/read","0 c: d:","0"
"15:57:20","run","\\tanghaiyong\physicaldisk(1 e: f: g: h:)\avg. disk sec/read","1 e: f: g: h:","0"
"15:57:20","run","\\tanghaiyong\physicaldisk(2)\avg. disk sec/read","2","0.3925"
"15:57:20","run","\\tanghaiyong\physicaldisk(0 c: d:)\avg. disk sec/transfer","0 c: d:","0.0001"
"15:57:20","run","\\tanghaiyong\physicaldisk(1 e: f: g: h:)\avg. disk sec/transfer","1 e: f: g: h:","0"
"15:57:20","run","\\tanghaiyong\physicaldisk(2)\avg. disk sec/transfer","2","0.3925"
"15:57:20","run","\\tanghaiyong\physicaldisk(0 c: d:)\current disk queue length","0 c: d:","0"
"15:57:20","run","\\tanghaiyong\physicaldisk(1 e: f: g: h:)\current disk queue length","1 e: f: g: h:","0"
"15:57:20","run","\\tanghaiyong\physicaldisk(2)\current disk queue length","2","20"
"15:57:20","run","\\tanghaiyong\physicaldisk(0 c: d:)\avg. disk queue length","0 c: d:","0.0001"
"15:57:20","run","\\tanghaiyong\physicaldisk(1 e: f: g: h:)\avg. disk queue length","1 e: f: g: h:","0"
"15:57:20","run","\\tanghaiyong\physicaldisk(2)\avg. disk queue length","2","299.6066"
"15:57:20","run","\\tanghaiyong\physicaldisk(0 c: d:)\disk read bytes/sec","0 c: d:","0"
"15:57:20","run","\\tanghaiyong\physicaldisk(1 e: f: g: h:)\disk read bytes/sec","1 e: f: g: h:","0"
"15:57:20","run","\\tanghaiyong\physicaldisk(2)\disk read bytes/sec","2","988754740.1914"
"15:57:20","run","\\tanghaiyong\physicaldisk(0 c: d:)\avg. disk bytes/read","0 c: d:","0"
"15:57:20","run","\\tanghaiyong\physicaldisk(1 e: f: g: h:)\avg. disk bytes/read","1 e: f: g: h:","0"
"15:57:20","run","\\tanghaiyong\physicaldisk(2)\avg. disk bytes/read","2","1295254.5293"
"15:57:20","run","\\tanghaiyong\physicaldisk(0 c: d:)\disk reads/sec","0 c: d:","0"
"15:57:20","run","\\tanghaiyong\physicaldisk(1 e: f: g: h:)\disk reads/sec","1 e: f: g: h:","0"
"15:57:20","run","\\tanghaiyong\physicaldisk(2)\disk reads/sec","2","763.3671"
"15:57:22","run","\\tanghaiyong\physicaldisk(0 c: d:)\% idle time","0 c: d:","99.8728"
"15:57:22","run","\\tanghaiyong\physicaldisk(1 e: f: g: h:)\% idle time","1 e: f: g: h:","90.2635"
"15:57:22","run","\\tanghaiyong\physicaldisk(2)\% idle time","2","16.7508"
"15:57:22","run","\\tanghaiyong\physicaldisk(0 c: d:)\avg. disk sec/read","0 c: d:","0"
"15:57:22","run","\\tanghaiyong\physicaldisk(1 e: f: g: h:)\avg. disk sec/read","1 e: f: g: h:","0"
"15:57:22","run","\\tanghaiyong\physicaldisk(2)\avg. disk sec/read","2","0.3815"
"15:57:22","run","\\tanghaiyong\physicaldisk(0 c: d:)\avg. disk sec/transfer","0 c: d:","0.0001"
"15:57:22","run","\\tanghaiyong\physicaldisk(1 e: f: g: h:)\avg. disk sec/transfer","1 e: f: g: h:","0"
"15:57:22","run","\\tanghaiyong\physicaldisk(2)\avg. disk sec/transfer","2","0.3815"
"15:57:22","run","\\tanghaiyong\physicaldisk(0 c: d:)\current disk queue length","0 c: d:","0"
"15:57:22","run","\\tanghaiyong\physicaldisk(1 e: f: g: h:)\current disk queue length","1 e: f: g: h:","0"
"15:57:22","run","\\tanghaiyong\physicaldisk(2)\current disk queue length","2","70"
"15:57:22","run","\\tanghaiyong\physicaldisk(0 c: d:)\avg. disk queue length","0 c: d:","0.0003"
"15:57:22","run","\\tanghaiyong\physicaldisk(1 e: f: g: h:)\avg. disk queue length","1 e: f: g: h:","0"
"15:57:22","run","\\tanghaiyong\physicaldisk(2)\avg. disk queue length","2","268.6124"
"15:57:22","run","\\tanghaiyong\physicaldisk(0 c: d:)\disk read bytes/sec","0 c: d:","0"
"15:57:22","run","\\tanghaiyong\physicaldisk(1 e: f: g: h:)\disk read bytes/sec","1 e: f: g: h:","0"
"15:57:22","run","\\tanghaiyong\physicaldisk(2)\disk read bytes/sec","2","903379322.6448"
"15:57:22","run","\\tanghaiyong\physicaldisk(0 c: d:)\avg. disk bytes/read","0 c: d:","0"
"15:57:22","run","\\tanghaiyong\physicaldisk(1 e: f: g: h:)\avg. disk bytes/read","1 e: f: g: h:","0"
"15:57:22","run","\\tanghaiyong\physicaldisk(2)\avg. disk bytes/read","2","1282802.221"
"15:57:22","run","\\tanghaiyong\physicaldisk(0 c: d:)\disk reads/sec","0 c: d:","0"
"15:57:22","run","\\tanghaiyong\physicaldisk(1 e: f: g: h:)\disk reads/sec","1 e: f: g: h:","0"
"15:57:22","run","\\tanghaiyong\physicaldisk(2)\disk reads/sec","2","704.2234"
"15:57:24","run","\\tanghaiyong\physicaldisk(0 c: d:)\% idle time","0 c: d:","99.9235"
"15:57:24","run","\\tanghaiyong\physicaldisk(1 e: f: g: h:)\% idle time","1 e: f: g: h:","99.9779"
"15:57:24","run","\\tanghaiyong\physicaldisk(2)\% idle time","2","10.5345"
"15:57:24","run","\\tanghaiyong\physicaldisk(0 c: d:)\avg. disk sec/read","0 c: d:","0.0002"
"15:57:24","run","\\tanghaiyong\physicaldisk(1 e: f: g: h:)\avg. disk sec/read","1 e: f: g: h:","0"
"15:57:24","run","\\tanghaiyong\physicaldisk(2)\avg. disk sec/read","2","0.4197"
"15:57:24","run","\\tanghaiyong\physicaldisk(0 c: d:)\avg. disk sec/transfer","0 c: d:","0.0001"
"15:57:24","run","\\tanghaiyong\physicaldisk(1 e: f: g: h:)\avg. disk sec/transfer","1 e: f: g: h:","0"
"15:57:24","run","\\tanghaiyong\physicaldisk(2)\avg. disk sec/transfer","2","0.4197"
"15:57:24","run","\\tanghaiyong\physicaldisk(0 c: d:)\current disk queue length","0 c: d:","0"
"15:57:24","run","\\tanghaiyong\physicaldisk(1 e: f: g: h:)\current disk queue length","1 e: f: g: h:","0"
"15:57:24","run","\\tanghaiyong\physicaldisk(2)\current disk queue length","2","110"
"15:57:24","run","\\tanghaiyong\physicaldisk(0 c: d:)\avg. disk queue length","0 c: d:","0.0005"
"15:57:24","run","\\tanghaiyong\physicaldisk(1 e: f: g: h:)\avg. disk queue length","1 e: f: g: h:","0"
"15:57:24","run","\\tanghaiyong\physicaldisk(2)\avg. disk queue length","2","314.4378"
"15:57:24","run","\\tanghaiyong\physicaldisk(0 c: d:)\disk read bytes/sec","0 c: d:","16282.2571"
"15:57:24","run","\\tanghaiyong\physicaldisk(1 e: f: g: h:)\disk read bytes/sec","1 e: f: g: h:","0"
"15:57:24","run","\\tanghaiyong\physicaldisk(2)\disk read bytes/sec","2","967247480.6676"
"15:57:24","run","\\tanghaiyong\physicaldisk(0 c: d:)\avg. disk bytes/read","0 c: d:","16384"
"15:57:24","run","\\tanghaiyong\physicaldisk(1 e: f: g: h:)\avg. disk bytes/read","1 e: f: g: h:","0"
"15:57:24","run","\\tanghaiyong\physicaldisk(2)\avg. disk bytes/read","2","1290837.5597"
"15:57:24","run","\\tanghaiyong\physicaldisk(0 c: d:)\disk reads/sec","0 c: d:","0.9938"
"15:57:24","run","\\tanghaiyong\physicaldisk(1 e: f: g: h:)\disk reads/sec","1 e: f: g: h:","0"
"15:57:24","run","\\tanghaiyong\physicaldisk(2)\disk reads/sec","2","749.3177"
"15:57:26","run","\\tanghaiyong\physicaldisk(0 c: d:)\% idle time","0 c: d:","99.6128"
"15:57:26","run","\\tanghaiyong\physicaldisk(1 e: f: g: h:)\% idle time","1 e: f: g: h:","99.9884"
"15:57:26","run","\\tanghaiyong\physicaldisk(2)\% idle time","2","12.5675"
"15:57:26","run","\\tanghaiyong\physicaldisk(0 c: d:)\avg. disk sec/read","0 c: d:","0.0003"
"15:57:26","run","\\tanghaiyong\physicaldisk(1 e: f: g: h:)\avg. disk sec/read","1 e: f: g: h:","0"
"15:57:26","run","\\tanghaiyong\physicaldisk(2)\avg. disk sec/read","2","0.4026"
"15:57:26","run","\\tanghaiyong\physicaldisk(0 c: d:)\avg. disk sec/transfer","0 c: d:","0.0001"
"15:57:26","run","\\tanghaiyong\physicaldisk(1 e: f: g: h:)\avg. disk sec/transfer","1 e: f: g: h:","0"
"15:57:26","run","\\tanghaiyong\physicaldisk(2)\avg. disk sec/transfer","2","0.4026"
"15:57:26","run","\\tanghaiyong\physicaldisk(0 c: d:)\current disk queue length","0 c: d:","0"
"15:57:26","run","\\tanghaiyong\physicaldisk(1 e: f: g: h:)\current disk queue length","1 e: f: g: h:","0"
"15:57:26","run","\\tanghaiyong\physicaldisk(2)\current disk queue length","2","96"
"15:57:26","run","\\tanghaiyong\physicaldisk(0 c: d:)\avg. disk queue length","0 c: d:","0.0034"
"15:57:26","run","\\tanghaiyong\physicaldisk(1 e: f: g: h:)\avg. disk queue length","1 e: f: g: h:","0"
"15:57:26","run","\\tanghaiyong\physicaldisk(2)\avg. disk queue length","2","311.468"
"15:57:26","run","\\tanghaiyong\physicaldisk(0 c: d:)\disk read bytes/sec","0 c: d:","48886.8281"
"15:57:26","run","\\tanghaiyong\physicaldisk(1 e: f: g: h:)\disk read bytes/sec","1 e: f: g: h:","0"
"15:57:26","run","\\tanghaiyong\physicaldisk(2)\disk read bytes/sec","2","987782804.5118"
"15:57:26","run","\\tanghaiyong\physicaldisk(0 c: d:)\avg. disk bytes/read","0 c: d:","16384"
"15:57:26","run","\\tanghaiyong\physicaldisk(1 e: f: g: h:)\avg. disk bytes/read","1 e: f: g: h:","0"
"15:57:26","run","\\tanghaiyong\physicaldisk(2)\avg. disk bytes/read","2","1276530.509"
"15:57:26","run","\\tanghaiyong\physicaldisk(0 c: d:)\disk reads/sec","0 c: d:","2.9838"
"15:57:26","run","\\tanghaiyong\physicaldisk(1 e: f: g: h:)\disk reads/sec","1 e: f: g: h:","0"
"15:57:26","run","\\tanghaiyong\physicaldisk(2)\disk reads/sec","2","773.8027"
"15:57:28","run","\\tanghaiyong\physicaldisk(0 c: d:)\% idle time","0 c: d:","99.8994"
"15:57:28","run","\\tanghaiyong\physicaldisk(1 e: f: g: h:)\% idle time","1 e: f: g: h:","99.9525"
"15:57:28","run","\\tanghaiyong\physicaldisk(2)\% idle time","2","17.1207"
"15:57:28","run","\\tanghaiyong\physicaldisk(0 c: d:)\avg. disk sec/read","0 c: d:","0.0001"
"15:57:28","run","\\tanghaiyong\physicaldisk(1 e: f: g: h:)\avg. disk sec/read","1 e: f: g: h:","0"
"15:57:28","run","\\tanghaiyong\physicaldisk(2)\avg. disk sec/read","2","0.379"
"15:57:28","run","\\tanghaiyong\physicaldisk(0 c: d:)\avg. disk sec/transfer","0 c: d:","0.0001"
"15:57:28","run","\\tanghaiyong\physicaldisk(1 e: f: g: h:)\avg. disk sec/transfer","1 e: f: g: h:","0"
"15:57:28","run","\\tanghaiyong\physicaldisk(2)\avg. disk sec/transfer","2","0.379"
"15:57:28","run","\\tanghaiyong\physicaldisk(0 c: d:)\current disk queue length","0 c: d:","0"
"15:57:28","run","\\tanghaiyong\physicaldisk(1 e: f: g: h:)\current disk queue length","1 e: f: g: h:","0"
"15:57:28","run","\\tanghaiyong\physicaldisk(2)\current disk queue length","2","37"
"15:57:28","run","\\tanghaiyong\physicaldisk(0 c: d:)\avg. disk queue length","0 c: d:","0.0005"
"15:57:28","run","\\tanghaiyong\physicaldisk(1 e: f: g: h:)\avg. disk queue length","1 e: f: g: h:","0"
"15:57:28","run","\\tanghaiyong\physicaldisk(2)\avg. disk queue length","2","287.1323"
"15:57:28","run","\\tanghaiyong\physicaldisk(0 c: d:)\disk read bytes/sec","0 c: d:","5105.9133"
"15:57:28","run","\\tanghaiyong\physicaldisk(1 e: f: g: h:)\disk read bytes/sec","1 e: f: g: h:","0"
"15:57:28","run","\\tanghaiyong\physicaldisk(2)\disk read bytes/sec","2","976773467.68"
"15:57:28","run","\\tanghaiyong\physicaldisk(0 c: d:)\avg. disk bytes/read","0 c: d:","1706.6667"
"15:57:28","run","\\tanghaiyong\physicaldisk(1 e: f: g: h:)\avg. disk bytes/read","1 e: f: g: h:","0"
"15:57:28","run","\\tanghaiyong\physicaldisk(2)\avg. disk bytes/read","2","1288774.0632"
"15:57:28","run","\\tanghaiyong\physicaldisk(0 c: d:)\disk reads/sec","0 c: d:","2.9917"
"15:57:28","run","\\tanghaiyong\physicaldisk(1 e: f: g: h:)\disk reads/sec","1 e: f: g: h:","0"
"15:57:28","run","\\tanghaiyong\physicaldisk(2)\disk reads/sec","2","757.909"
"15:57:30","run","\\tanghaiyong\physicaldisk(0 c: d:)\% idle time","0 c: d:","99.9835"
"15:57:30","run","\\tanghaiyong\physicaldisk(1 e: f: g: h:)\% idle time","1 e: f: g: h:","99.9903"
"15:57:30","run","\\tanghaiyong\physicaldisk(2)\% idle time","2","12.9603"
"15:57:30","run","\\tanghaiyong\physicaldisk(0 c: d:)\avg. disk sec/read","0 c: d:","0"
"15:57:30","run","\\tanghaiyong\physicaldisk(1 e: f: g: h:)\avg. disk sec/read","1 e: f: g: h:","0"
"15:57:30","run","\\tanghaiyong\physicaldisk(2)\avg. disk sec/read","2","0.2679"
"15:57:30","run","\\tanghaiyong\physicaldisk(0 c: d:)\avg. disk sec/transfer","0 c: d:","0.0001"
"15:57:30","run","\\tanghaiyong\physicaldisk(1 e: f: g: h:)\avg. disk sec/transfer","1 e: f: g: h:","0"
"15:57:30","run","\\tanghaiyong\physicaldisk(2)\avg. disk sec/transfer","2","0.2679"
"15:57:30","run","\\tanghaiyong\physicaldisk(0 c: d:)\current disk queue length","0 c: d:","0"
"15:57:30","run","\\tanghaiyong\physicaldisk(1 e: f: g: h:)\current disk queue length","1 e: f: g: h:","0"
"15:57:30","run","\\tanghaiyong\physicaldisk(2)\current disk queue length","2","103"
"15:57:30","run","\\tanghaiyong\physicaldisk(0 c: d:)\avg. disk queue length","0 c: d:","0.0001"
"15:57:30","run","\\tanghaiyong\physicaldisk(1 e: f: g: h:)\avg. disk queue length","1 e: f: g: h:","0"
"15:57:30","run","\\tanghaiyong\physicaldisk(2)\avg. disk queue length","2","204.7908"
"15:57:30","run","\\tanghaiyong\physicaldisk(0 c: d:)\disk read bytes/sec","0 c: d:","0"
"15:57:30","run","\\tanghaiyong\physicaldisk(1 e: f: g: h:)\disk read bytes/sec","1 e: f: g: h:","0"
"15:57:30","run","\\tanghaiyong\physicaldisk(2)\disk read bytes/sec","2","980719119.1943"
"15:57:30","run","\\tanghaiyong\physicaldisk(0 c: d:)\avg. disk bytes/read","0 c: d:","0"
"15:57:30","run","\\tanghaiyong\physicaldisk(1 e: f: g: h:)\avg. disk bytes/read","1 e: f: g: h:","0"
"15:57:30","run","\\tanghaiyong\physicaldisk(2)\avg. disk bytes/read","2","1283012.078"
"15:57:30","run","\\tanghaiyong\physicaldisk(0 c: d:)\disk reads/sec","0 c: d:","0"
"15:57:30","run","\\tanghaiyong\physicaldisk(1 e: f: g: h:)\disk reads/sec","1 e: f: g: h:","0"
"15:57:30","run","\\tanghaiyong\physicaldisk(2)\disk reads/sec","2","764.3881"
"15:57:32","run","\\tanghaiyong\physicaldisk(0 c: d:)\% idle time","0 c: d:","99.832"
"15:57:32","run","\\tanghaiyong\physicaldisk(1 e: f: g: h:)\% idle time","1 e: f: g: h:","99.9887"
"15:57:32","run","\\tanghaiyong\physicaldisk(2)\% idle time","2","13.1023"
"15:57:32","run","\\tanghaiyong\physicaldisk(0 c: d:)\avg. disk sec/read","0 c: d:","0"
"15:57:32","run","\\tanghaiyong\physicaldisk(1 e: f: g: h:)\avg. disk sec/read","1 e: f: g: h:","0"
"15:57:32","run","\\tanghaiyong\physicaldisk(2)\avg. disk sec/read","2","0.3942"
"15:57:32","run","\\tanghaiyong\physicaldisk(0 c: d:)\avg. disk sec/transfer","0 c: d:","0.0001"
"15:57:32","run","\\tanghaiyong\physicaldisk(1 e: f: g: h:)\avg. disk sec/transfer","1 e: f: g: h:","0"
"15:57:32","run","\\tanghaiyong\physicaldisk(2)\avg. disk sec/transfer","2","0.3942"
"15:57:32","run","\\tanghaiyong\physicaldisk(0 c: d:)\current disk queue length","0 c: d:","0"
"15:57:32","run","\\tanghaiyong\physicaldisk(1 e: f: g: h:)\current disk queue length","1 e: f: g: h:","0"
"15:57:32","run","\\tanghaiyong\physicaldisk(2)\current disk queue length","2","224"
"15:57:32","run","\\tanghaiyong\physicaldisk(0 c: d:)\avg. disk queue length","0 c: d:","0.0004"
"15:57:32","run","\\tanghaiyong\physicaldisk(1 e: f: g: h:)\avg. disk queue length","1 e: f: g: h:","0"
"15:57:32","run","\\tanghaiyong\physicaldisk(2)\avg. disk queue length","2","296.2578"
"15:57:32","run","\\tanghaiyong\physicaldisk(0 c: d:)\disk read bytes/sec","0 c: d:","0"
"15:57:32","run","\\tanghaiyong\physicaldisk(1 e: f: g: h:)\disk read bytes/sec","1 e: f: g: h:","0"
"15:57:32","run","\\tanghaiyong\physicaldisk(2)\disk read bytes/sec","2","969152619.19"
"15:57:32","run","\\tanghaiyong\physicaldisk(0 c: d:)\avg. disk bytes/read","0 c: d:","0"
"15:57:32","run","\\tanghaiyong\physicaldisk(1 e: f: g: h:)\avg. disk bytes/read","1 e: f: g: h:","0"
"15:57:32","run","\\tanghaiyong\physicaldisk(2)\avg. disk bytes/read","2","1289243.0899"
"15:57:32","run","\\tanghaiyong\physicaldisk(0 c: d:)\disk reads/sec","0 c: d:","0"
"15:57:32","run","\\tanghaiyong\physicaldisk(1 e: f: g: h:)\disk reads/sec","1 e: f: g: h:","0"
"15:57:32","run","\\tanghaiyong\physicaldisk(2)\disk reads/sec","2","751.7222"
"15:57:34","run","\\tanghaiyong\physicaldisk(0 c: d:)\% idle time","0 c: d:","99.9657"
"15:57:34","run","\\tanghaiyong\physicaldisk(1 e: f: g: h:)\% idle time","1 e: f: g: h:","99.9794"
"15:57:34","run","\\tanghaiyong\physicaldisk(2)\% idle time","2","13.0821"
"15:57:34","run","\\tanghaiyong\physicaldisk(0 c: d:)\avg. disk sec/read","0 c: d:","0"
"15:57:34","run","\\tanghaiyong\physicaldisk(1 e: f: g: h:)\avg. disk sec/read","1 e: f: g: h:","0"
"15:57:34","run","\\tanghaiyong\physicaldisk(2)\avg. disk sec/read","2","0.4188"
"15:57:34","run","\\tanghaiyong\physicaldisk(0 c: d:)\avg. disk sec/transfer","0 c: d:","0.0001"
"15:57:34","run","\\tanghaiyong\physicaldisk(1 e: f: g: h:)\avg. disk sec/transfer","1 e: f: g: h:","0"
"15:57:34","run","\\tanghaiyong\physicaldisk(2)\avg. disk sec/transfer","2","0.4188"
"15:57:34","run","\\tanghaiyong\physicaldisk(0 c: d:)\current disk queue length","0 c: d:","0"
"15:57:34","run","\\tanghaiyong\physicaldisk(1 e: f: g: h:)\current disk queue length","1 e: f: g: h:","0"
"15:57:34","run","\\tanghaiyong\physicaldisk(2)\current disk queue length","2","74"
"15:57:34","run","\\tanghaiyong\physicaldisk(0 c: d:)\avg. disk queue length","0 c: d:","0.0001"
"15:57:34","run","\\tanghaiyong\physicaldisk(1 e: f: g: h:)\avg. disk queue length","1 e: f: g: h:","0"
"15:57:34","run","\\tanghaiyong\physicaldisk(2)\avg. disk queue length","2","315.5622"
"15:57:34","run","\\tanghaiyong\physicaldisk(0 c: d:)\disk read bytes/sec","0 c: d:","0"
"15:57:34","run","\\tanghaiyong\physicaldisk(1 e: f: g: h:)\disk read bytes/sec","1 e: f: g: h:","0"
"15:57:34","run","\\tanghaiyong\physicaldisk(2)\disk read bytes/sec","2","974305860.1332"
"15:57:34","run","\\tanghaiyong\physicaldisk(0 c: d:)\avg. disk bytes/read","0 c: d:","0"
"15:57:34","run","\\tanghaiyong\physicaldisk(1 e: f: g: h:)\avg. disk bytes/read","1 e: f: g: h:","0"
"15:57:34","run","\\tanghaiyong\physicaldisk(2)\avg. disk bytes/read","2","1292667.2593"
"15:57:34","run","\\tanghaiyong\physicaldisk(0 c: d:)\disk reads/sec","0 c: d:","0"
"15:57:34","run","\\tanghaiyong\physicaldisk(1 e: f: g: h:)\disk reads/sec","1 e: f: g: h:","0"
"15:57:34","run","\\tanghaiyong\physicaldisk(2)\disk reads/sec","2","753.7174"
"15:57:36","run","\\tanghaiyong\physicaldisk(0 c: d:)\% idle time","0 c: d:","99.8544"
"15:57:36","run","\\tanghaiyong\physicaldisk(1 e: f: g: h:)\% idle time","1 e: f: g: h:","99.9302"
"15:57:36","run","\\tanghaiyong\physicaldisk(2)\% idle time","2","17.2397"
"15:57:36","run","\\tanghaiyong\physicaldisk(0 c: d:)\avg. disk sec/read","0 c: d:","0"
"15:57:36","run","\\tanghaiyong\physicaldisk(1 e: f: g: h:)\avg. disk sec/read","1 e: f: g: h:","0"
"15:57:36","run","\\tanghaiyong\physicaldisk(2)\avg. disk sec/read","2","0.3374"
"15:57:36","run","\\tanghaiyong\physicaldisk(0 c: d:)\avg. disk sec/transfer","0 c: d:","0.0001"
"15:57:36","run","\\tanghaiyong\physicaldisk(1 e: f: g: h:)\avg. disk sec/transfer","1 e: f: g: h:","0"
"15:57:36","run","\\tanghaiyong\physicaldisk(2)\avg. disk sec/transfer","2","0.3374"
"15:57:36","run","\\tanghaiyong\physicaldisk(0 c: d:)\current disk queue length","0 c: d:","0"
"15:57:36","run","\\tanghaiyong\physicaldisk(1 e: f: g: h:)\current disk queue length","1 e: f: g: h:","0"
"15:57:36","run","\\tanghaiyong\physicaldisk(2)\current disk queue length","2","228"
"15:57:36","run","\\tanghaiyong\physicaldisk(0 c: d:)\avg. disk queue length","0 c: d:","0.0003"
"15:57:36","run","\\tanghaiyong\physicaldisk(1 e: f: g: h:)\avg. disk queue length","1 e: f: g: h:","0"
"15:57:36","run","\\tanghaiyong\physicaldisk(2)\avg. disk queue length","2","243.8683"
"15:57:36","run","\\tanghaiyong\physicaldisk(0 c: d:)\disk read bytes/sec","0 c: d:","0"
"15:57:36","run","\\tanghaiyong\physicaldisk(1 e: f: g: h:)\disk read bytes/sec","1 e: f: g: h:","0"
"15:57:36","run","\\tanghaiyong\physicaldisk(2)\disk read bytes/sec","2","927962530.3194"
"15:57:36","run","\\tanghaiyong\physicaldisk(0 c: d:)\avg. disk bytes/read","0 c: d:","0"
"15:57:36","run","\\tanghaiyong\physicaldisk(1 e: f: g: h:)\avg. disk bytes/read","1 e: f: g: h:","0"
"15:57:36","run","\\tanghaiyong\physicaldisk(2)\avg. disk bytes/read","2","1282849.146"
"15:57:36","run","\\tanghaiyong\physicaldisk(0 c: d:)\disk reads/sec","0 c: d:","0"
"15:57:36","run","\\tanghaiyong\physicaldisk(1 e: f: g: h:)\disk reads/sec","1 e: f: g: h:","0"
"15:57:36","run","\\tanghaiyong\physicaldisk(2)\disk reads/sec","2","723.3606"
"15:57:38","run","\\tanghaiyong\physicaldisk(0 c: d:)\% idle time","0 c: d:","99.8599"
"15:57:38","run","\\tanghaiyong\physicaldisk(1 e: f: g: h:)\% idle time","1 e: f: g: h:","99.9445"
"15:57:38","run","\\tanghaiyong\physicaldisk(2)\% idle time","2","12.4906"
"15:57:38","run","\\tanghaiyong\physicaldisk(0 c: d:)\avg. disk sec/read","0 c: d:","0.0002"
"15:57:38","run","\\tanghaiyong\physicaldisk(1 e: f: g: h:)\avg. disk sec/read","1 e: f: g: h:","0"
"15:57:38","run","\\tanghaiyong\physicaldisk(2)\avg. disk sec/read","2","0.3639"
"15:57:38","run","\\tanghaiyong\physicaldisk(0 c: d:)\avg. disk sec/transfer","0 c: d:","0.0001"
"15:57:38","run","\\tanghaiyong\physicaldisk(1 e: f: g: h:)\avg. disk sec/transfer","1 e: f: g: h:","0.0003"
"15:57:38","run","\\tanghaiyong\physicaldisk(2)\avg. disk sec/transfer","2","0.3639"
"15:57:38","run","\\tanghaiyong\physicaldisk(0 c: d:)\current disk queue length","0 c: d:","0"
"15:57:38","run","\\tanghaiyong\physicaldisk(1 e: f: g: h:)\current disk queue length","1 e: f: g: h:","0"
"15:57:38","run","\\tanghaiyong\physicaldisk(2)\current disk queue length","2","210"
"15:57:38","run","\\tanghaiyong\physicaldisk(0 c: d:)\avg. disk queue length","0 c: d:","0.0012"
"15:57:38","run","\\tanghaiyong\physicaldisk(1 e: f: g: h:)\avg. disk queue length","1 e: f: g: h:","0.0003"
"15:57:38","run","\\tanghaiyong\physicaldisk(2)\avg. disk queue length","2","292.4681"
"15:57:38","run","\\tanghaiyong\physicaldisk(0 c: d:)\disk read bytes/sec","0 c: d:","25471.0553"
"15:57:38","run","\\tanghaiyong\physicaldisk(1 e: f: g: h:)\disk read bytes/sec","1 e: f: g: h:","0"
"15:57:38","run","\\tanghaiyong\physicaldisk(2)\disk read bytes/sec","2","1035286326.5007"
"15:57:38","run","\\tanghaiyong\physicaldisk(0 c: d:)\avg. disk bytes/read","0 c: d:","5120"
"15:57:38","run","\\tanghaiyong\physicaldisk(1 e: f: g: h:)\avg. disk bytes/read","1 e: f: g: h:","0"
"15:57:38","run","\\tanghaiyong\physicaldisk(2)\avg. disk bytes/read","2","1287781.3861"
"15:57:38","run","\\tanghaiyong\physicaldisk(0 c: d:)\disk reads/sec","0 c: d:","4.9748"
"15:57:38","run","\\tanghaiyong\physicaldisk(1 e: f: g: h:)\disk reads/sec","1 e: f: g: h:","0"
"15:57:38","run","\\tanghaiyong\physicaldisk(2)\disk reads/sec","2","803.9302"
"15:57:40","run","\\tanghaiyong\physicaldisk(0 c: d:)\% idle time","0 c: d:","99.9771"
"15:57:40","run","\\tanghaiyong\physicaldisk(1 e: f: g: h:)\% idle time","1 e: f: g: h:","99.9935"
"15:57:40","run","\\tanghaiyong\physicaldisk(2)\% idle time","2","24.8086"
"15:57:40","run","\\tanghaiyong\physicaldisk(0 c: d:)\avg. disk sec/read","0 c: d:","0"
"15:57:40","run","\\tanghaiyong\physicaldisk(1 e: f: g: h:)\avg. disk sec/read","1 e: f: g: h:","0"
"15:57:40","run","\\tanghaiyong\physicaldisk(2)\avg. disk sec/read","2","0.3774"
"15:57:40","run","\\tanghaiyong\physicaldisk(0 c: d:)\avg. disk sec/transfer","0 c: d:","0.0001"
"15:57:40","run","\\tanghaiyong\physicaldisk(1 e: f: g: h:)\avg. disk sec/transfer","1 e: f: g: h:","0"
"15:57:40","run","\\tanghaiyong\physicaldisk(2)\avg. disk sec/transfer","2","0.3774"
"15:57:40","run","\\tanghaiyong\physicaldisk(0 c: d:)\current disk queue length","0 c: d:","0"
"15:57:40","run","\\tanghaiyong\physicaldisk(1 e: f: g: h:)\current disk queue length","1 e: f: g: h:","0"
"15:57:40","run","\\tanghaiyong\physicaldisk(2)\current disk queue length","2","0"
"15:57:40","run","\\tanghaiyong\physicaldisk(0 c: d:)\avg. disk queue length","0 c: d:","0.0002"
"15:57:40","run","\\tanghaiyong\physicaldisk(1 e: f: g: h:)\avg. disk queue length","1 e: f: g: h:","0"
"15:57:40","run","\\tanghaiyong\physicaldisk(2)\avg. disk queue length","2","255.0918"
"15:57:40","run","\\tanghaiyong\physicaldisk(0 c: d:)\disk read bytes/sec","0 c: d:","0"
"15:57:40","run","\\tanghaiyong\physicaldisk(1 e: f: g: h:)\disk read bytes/sec","1 e: f: g: h:","0"
"15:57:40","run","\\tanghaiyong\physicaldisk(2)\disk read bytes/sec","2","863810511.5594"
"15:57:40","run","\\tanghaiyong\physicaldisk(0 c: d:)\avg. disk bytes/read","0 c: d:","0"
"15:57:40","run","\\tanghaiyong\physicaldisk(1 e: f: g: h:)\avg. disk bytes/read","1 e: f: g: h:","0"
"15:57:40","run","\\tanghaiyong\physicaldisk(2)\avg. disk bytes/read","2","1277819.0914"
"15:57:40","run","\\tanghaiyong\physicaldisk(0 c: d:)\disk reads/sec","0 c: d:","0"
"15:57:40","run","\\tanghaiyong\physicaldisk(1 e: f: g: h:)\disk reads/sec","1 e: f: g: h:","0"
"15:57:40","run","\\tanghaiyong\physicaldisk(2)\disk reads/sec","2","676.0038"
"15:57:42","run","\\tanghaiyong\physicaldisk(0 c: d:)\% idle time","0 c: d:","99.4497"
"15:57:42","run","\\tanghaiyong\physicaldisk(1 e: f: g: h:)\% idle time","1 e: f: g: h:","96.3958"
"15:57:42","run","\\tanghaiyong\physicaldisk(2)\% idle time","2","54.0164"
"15:57:42","run","\\tanghaiyong\physicaldisk(0 c: d:)\avg. disk sec/read","0 c: d:","0.0003"
"15:57:42","run","\\tanghaiyong\physicaldisk(1 e: f: g: h:)\avg. disk sec/read","1 e: f: g: h:","0"
"15:57:42","run","\\tanghaiyong\physicaldisk(2)\avg. disk sec/read","2","0.0777"
"15:57:42","run","\\tanghaiyong\physicaldisk(0 c: d:)\avg. disk sec/transfer","0 c: d:","0.0001"
"15:57:42","run","\\tanghaiyong\physicaldisk(1 e: f: g: h:)\avg. disk sec/transfer","1 e: f: g: h:","0.0003"
"15:57:42","run","\\tanghaiyong\physicaldisk(2)\avg. disk sec/transfer","2","0.0777"
"15:57:42","run","\\tanghaiyong\physicaldisk(0 c: d:)\current disk queue length","0 c: d:","0"
"15:57:42","run","\\tanghaiyong\physicaldisk(1 e: f: g: h:)\current disk queue length","1 e: f: g: h:","0"
"15:57:42","run","\\tanghaiyong\physicaldisk(2)\current disk queue length","2","0"
"15:57:42","run","\\tanghaiyong\physicaldisk(0 c: d:)\avg. disk queue length","0 c: d:","0.0035"
"15:57:42","run","\\tanghaiyong\physicaldisk(1 e: f: g: h:)\avg. disk queue length","1 e: f: g: h:","0.0009"
"15:57:42","run","\\tanghaiyong\physicaldisk(2)\avg. disk queue length","2","35.5504"
"15:57:42","run","\\tanghaiyong\physicaldisk(0 c: d:)\disk read bytes/sec","0 c: d:","81159.5432"
"15:57:42","run","\\tanghaiyong\physicaldisk(1 e: f: g: h:)\disk read bytes/sec","1 e: f: g: h:","0"
"15:57:42","run","\\tanghaiyong\physicaldisk(2)\disk read bytes/sec","2","573684347.0367"
"15:57:42","run","\\tanghaiyong\physicaldisk(0 c: d:)\avg. disk bytes/read","0 c: d:","27306.6667"
"15:57:42","run","\\tanghaiyong\physicaldisk(1 e: f: g: h:)\avg. disk bytes/read","1 e: f: g: h:","0"
"15:57:42","run","\\tanghaiyong\physicaldisk(2)\avg. disk bytes/read","2","1253376"
"15:57:42","run","\\tanghaiyong\physicaldisk(0 c: d:)\disk reads/sec","0 c: d:","2.9722"
"15:57:42","run","\\tanghaiyong\physicaldisk(1 e: f: g: h:)\disk reads/sec","1 e: f: g: h:","0"
"15:57:42","run","\\tanghaiyong\physicaldisk(2)\disk reads/sec","2","457.7113"
"15:57:44","run","\\tanghaiyong\physicaldisk(0 c: d:)\% idle time","0 c: d:","99.9397"
"15:57:44","run","\\tanghaiyong\physicaldisk(1 e: f: g: h:)\% idle time","1 e: f: g: h:","99.9717"
"15:57:44","run","\\tanghaiyong\physicaldisk(2)\% idle time","2","43.0297"
"15:57:44","run","\\tanghaiyong\physicaldisk(0 c: d:)\avg. disk sec/read","0 c: d:","0"
"15:57:44","run","\\tanghaiyong\physicaldisk(1 e: f: g: h:)\avg. disk sec/read","1 e: f: g: h:","0"
"15:57:44","run","\\tanghaiyong\physicaldisk(2)\avg. disk sec/read","2","0.0946"
"15:57:44","run","\\tanghaiyong\physicaldisk(0 c: d:)\avg. disk sec/transfer","0 c: d:","0.0001"
"15:57:44","run","\\tanghaiyong\physicaldisk(1 e: f: g: h:)\avg. disk sec/transfer","1 e: f: g: h:","0"
"15:57:44","run","\\tanghaiyong\physicaldisk(2)\avg. disk sec/transfer","2","0.0946"
"15:57:44","run","\\tanghaiyong\physicaldisk(0 c: d:)\current disk queue length","0 c: d:","0"
"15:57:44","run","\\tanghaiyong\physicaldisk(1 e: f: g: h:)\current disk queue length","1 e: f: g: h:","0"
"15:57:44","run","\\tanghaiyong\physicaldisk(2)\current disk queue length","2","0"
"15:57:44","run","\\tanghaiyong\physicaldisk(0 c: d:)\avg. disk queue length","0 c: d:","0.0003"
"15:57:44","run","\\tanghaiyong\physicaldisk(1 e: f: g: h:)\avg. disk queue length","1 e: f: g: h:","0"
"15:57:44","run","\\tanghaiyong\physicaldisk(2)\avg. disk queue length","2","54.1323"
"15:57:44","run","\\tanghaiyong\physicaldisk(0 c: d:)\disk read bytes/sec","0 c: d:","0"
"15:57:44","run","\\tanghaiyong\physicaldisk(1 e: f: g: h:)\disk read bytes/sec","1 e: f: g: h:","0"
"15:57:44","run","\\tanghaiyong\physicaldisk(2)\disk read bytes/sec","2","717750679.2533"
"15:57:44","run","\\tanghaiyong\physicaldisk(0 c: d:)\avg. disk bytes/read","0 c: d:","0"
"15:57:44","run","\\tanghaiyong\physicaldisk(1 e: f: g: h:)\avg. disk bytes/read","1 e: f: g: h:","0"
"15:57:44","run","\\tanghaiyong\physicaldisk(2)\avg. disk bytes/read","2","1253376"
"15:57:44","run","\\tanghaiyong\physicaldisk(0 c: d:)\disk reads/sec","0 c: d:","0"
"15:57:44","run","\\tanghaiyong\physicaldisk(1 e: f: g: h:)\disk reads/sec","1 e: f: g: h:","0"
"15:57:44","run","\\tanghaiyong\physicaldisk(2)\disk reads/sec","2","572.6539"
"15:57:46","run","\\tanghaiyong\physicaldisk(0 c: d:)\% idle time","0 c: d:","99.891"
"15:57:46","run","\\tanghaiyong\physicaldisk(1 e: f: g: h:)\% idle time","1 e: f: g: h:","99.9644"
"15:57:46","run","\\tanghaiyong\physicaldisk(2)\% idle time","2","46.5596"
"15:57:46","run","\\tanghaiyong\physicaldisk(0 c: d:)\avg. disk sec/read","0 c: d:","0.0003"
"15:57:46","run","\\tanghaiyong\physicaldisk(1 e: f: g: h:)\avg. disk sec/read","1 e: f: g: h:","0"
"15:57:46","run","\\tanghaiyong\physicaldisk(2)\avg. disk sec/read","2","0.091"
"15:57:46","run","\\tanghaiyong\physicaldisk(0 c: d:)\avg. disk sec/transfer","0 c: d:","0.0001"
"15:57:46","run","\\tanghaiyong\physicaldisk(1 e: f: g: h:)\avg. disk sec/transfer","1 e: f: g: h:","0"
"15:57:46","run","\\tanghaiyong\physicaldisk(2)\avg. disk sec/transfer","2","0.091"
"15:57:46","run","\\tanghaiyong\physicaldisk(0 c: d:)\current disk queue length","0 c: d:","0"
"15:57:46","run","\\tanghaiyong\physicaldisk(1 e: f: g: h:)\current disk queue length","1 e: f: g: h:","0"
"15:57:46","run","\\tanghaiyong\physicaldisk(2)\current disk queue length","2","0"
"15:57:46","run","\\tanghaiyong\physicaldisk(0 c: d:)\avg. disk queue length","0 c: d:","0.0007"
"15:57:46","run","\\tanghaiyong\physicaldisk(1 e: f: g: h:)\avg. disk queue length","1 e: f: g: h:","0"
"15:57:46","run","\\tanghaiyong\physicaldisk(2)\avg. disk queue length","2","48.3745"
"15:57:46","run","\\tanghaiyong\physicaldisk(0 c: d:)\disk read bytes/sec","0 c: d:","16339.9605"
"15:57:46","run","\\tanghaiyong\physicaldisk(1 e: f: g: h:)\disk read bytes/sec","1 e: f: g: h:","0"
"15:57:46","run","\\tanghaiyong\physicaldisk(2)\disk read bytes/sec","2","665003713.9901"
"15:57:46","run","\\tanghaiyong\physicaldisk(0 c: d:)\avg. disk bytes/read","0 c: d:","16384"
"15:57:46","run","\\tanghaiyong\physicaldisk(1 e: f: g: h:)\avg. disk bytes/read","1 e: f: g: h:","0"
"15:57:46","run","\\tanghaiyong\physicaldisk(2)\avg. disk bytes/read","2","1251024.4503"
"15:57:46","run","\\tanghaiyong\physicaldisk(0 c: d:)\disk reads/sec","0 c: d:","0.9973"
"15:57:46","run","\\tanghaiyong\physicaldisk(1 e: f: g: h:)\disk reads/sec","1 e: f: g: h:","0"
"15:57:46","run","\\tanghaiyong\physicaldisk(2)\disk reads/sec","2","531.5673"
"15:57:48","run","\\tanghaiyong\physicaldisk(0 c: d:)\% idle time","0 c: d:","99.8292"
"15:57:48","run","\\tanghaiyong\physicaldisk(1 e: f: g: h:)\% idle time","1 e: f: g: h:","99.8754"
"15:57:48","run","\\tanghaiyong\physicaldisk(2)\% idle time","2","31.2436"
"15:57:48","run","\\tanghaiyong\physicaldisk(0 c: d:)\avg. disk sec/read","0 c: d:","0.0001"
"15:57:48","run","\\tanghaiyong\physicaldisk(1 e: f: g: h:)\avg. disk sec/read","1 e: f: g: h:","0"
"15:57:48","run","\\tanghaiyong\physicaldisk(2)\avg. disk sec/read","2","0.1306"
"15:57:48","run","\\tanghaiyong\physicaldisk(0 c: d:)\avg. disk sec/transfer","0 c: d:","0.0001"
"15:57:48","run","\\tanghaiyong\physicaldisk(1 e: f: g: h:)\avg. disk sec/transfer","1 e: f: g: h:","0.0004"
"15:57:48","run","\\tanghaiyong\physicaldisk(2)\avg. disk sec/transfer","2","0.1306"
"15:57:48","run","\\tanghaiyong\physicaldisk(0 c: d:)\current disk queue length","0 c: d:","0"
"15:57:48","run","\\tanghaiyong\physicaldisk(1 e: f: g: h:)\current disk queue length","1 e: f: g: h:","0"
"15:57:48","run","\\tanghaiyong\physicaldisk(2)\current disk queue length","2","108"
"15:57:48","run","\\tanghaiyong\physicaldisk(0 c: d:)\avg. disk queue length","0 c: d:","0.0006"
"15:57:48","run","\\tanghaiyong\physicaldisk(1 e: f: g: h:)\avg. disk queue length","1 e: f: g: h:","0.0009"
"15:57:48","run","\\tanghaiyong\physicaldisk(2)\avg. disk queue length","2","80.7753"
"15:57:48","run","\\tanghaiyong\physicaldisk(0 c: d:)\disk read bytes/sec","0 c: d:","5118.5627"
"15:57:48","run","\\tanghaiyong\physicaldisk(1 e: f: g: h:)\disk read bytes/sec","1 e: f: g: h:","0"
"15:57:48","run","\\tanghaiyong\physicaldisk(2)\disk read bytes/sec","2","792828509.7545"
"15:57:48","run","\\tanghaiyong\physicaldisk(0 c: d:)\avg. disk bytes/read","0 c: d:","1706.6667"
"15:57:48","run","\\tanghaiyong\physicaldisk(1 e: f: g: h:)\avg. disk bytes/read","1 e: f: g: h:","0"
"15:57:48","run","\\tanghaiyong\physicaldisk(2)\avg. disk bytes/read","2","1281181.1567"
"15:57:48","run","\\tanghaiyong\physicaldisk(0 c: d:)\disk reads/sec","0 c: d:","2.9992"
"15:57:48","run","\\tanghaiyong\physicaldisk(1 e: f: g: h:)\disk reads/sec","1 e: f: g: h:","0"
"15:57:48","run","\\tanghaiyong\physicaldisk(2)\disk reads/sec","2","618.8262"
"15:57:50","run","\\tanghaiyong\physicaldisk(0 c: d:)\% idle time","0 c: d:","99.9274"
"15:57:50","run","\\tanghaiyong\physicaldisk(1 e: f: g: h:)\% idle time","1 e: f: g: h:","99.9364"
"15:57:50","run","\\tanghaiyong\physicaldisk(2)\% idle time","2","20.4482"
"15:57:50","run","\\tanghaiyong\physicaldisk(0 c: d:)\avg. disk sec/read","0 c: d:","0"
"15:57:50","run","\\tanghaiyong\physicaldisk(1 e: f: g: h:)\avg. disk sec/read","1 e: f: g: h:","0"
"15:57:50","run","\\tanghaiyong\physicaldisk(2)\avg. disk sec/read","2","0.3462"
"15:57:50","run","\\tanghaiyong\physicaldisk(0 c: d:)\avg. disk sec/transfer","0 c: d:","0.0001"
"15:57:50","run","\\tanghaiyong\physicaldisk(1 e: f: g: h:)\avg. disk sec/transfer","1 e: f: g: h:","0"
"15:57:50","run","\\tanghaiyong\physicaldisk(2)\avg. disk sec/transfer","2","0.3462"
"15:57:50","run","\\tanghaiyong\physicaldisk(0 c: d:)\current disk queue length","0 c: d:","0"
"15:57:50","run","\\tanghaiyong\physicaldisk(1 e: f: g: h:)\current disk queue length","1 e: f: g: h:","0"
"15:57:50","run","\\tanghaiyong\physicaldisk(2)\current disk queue length","2","230"
"15:57:50","run","\\tanghaiyong\physicaldisk(0 c: d:)\avg. disk queue length","0 c: d:","0.0001"
"15:57:50","run","\\tanghaiyong\physicaldisk(1 e: f: g: h:)\avg. disk queue length","1 e: f: g: h:","0"
"15:57:50","run","\\tanghaiyong\physicaldisk(2)\avg. disk queue length","2","259.5207"
"15:57:50","run","\\tanghaiyong\physicaldisk(0 c: d:)\disk read bytes/sec","0 c: d:","0"
"15:57:50","run","\\tanghaiyong\physicaldisk(1 e: f: g: h:)\disk read bytes/sec","1 e: f: g: h:","0"
"15:57:50","run","\\tanghaiyong\physicaldisk(2)\disk read bytes/sec","2","966060668.6877"
"15:57:50","run","\\tanghaiyong\physicaldisk(0 c: d:)\avg. disk bytes/read","0 c: d:","0"
"15:57:50","run","\\tanghaiyong\physicaldisk(1 e: f: g: h:)\avg. disk bytes/read","1 e: f: g: h:","0"
"15:57:50","run","\\tanghaiyong\physicaldisk(2)\avg. disk bytes/read","2","1287952.3404"
"15:57:50","run","\\tanghaiyong\physicaldisk(0 c: d:)\disk reads/sec","0 c: d:","0"
"15:57:50","run","\\tanghaiyong\physicaldisk(1 e: f: g: h:)\disk reads/sec","1 e: f: g: h:","0"
"15:57:50","run","\\tanghaiyong\physicaldisk(2)\disk reads/sec","2","750.0749"
"15:57:52","run","\\tanghaiyong\physicaldisk(0 c: d:)\% idle time","0 c: d:","99.9536"
"15:57:52","run","\\tanghaiyong\physicaldisk(1 e: f: g: h:)\% idle time","1 e: f: g: h:","99.9745"
"15:57:52","run","\\tanghaiyong\physicaldisk(2)\% idle time","2","11.1511"
"15:57:52","run","\\tanghaiyong\physicaldisk(0 c: d:)\avg. disk sec/read","0 c: d:","0.0002"
"15:57:52","run","\\tanghaiyong\physicaldisk(1 e: f: g: h:)\avg. disk sec/read","1 e: f: g: h:","0"
"15:57:52","run","\\tanghaiyong\physicaldisk(2)\avg. disk sec/read","2","0.3714"
"15:57:52","run","\\tanghaiyong\physicaldisk(0 c: d:)\avg. disk sec/transfer","0 c: d:","0.0002"
"15:57:52","run","\\tanghaiyong\physicaldisk(1 e: f: g: h:)\avg. disk sec/transfer","1 e: f: g: h:","0"
"15:57:52","run","\\tanghaiyong\physicaldisk(2)\avg. disk sec/transfer","2","0.3714"
"15:57:52","run","\\tanghaiyong\physicaldisk(0 c: d:)\current disk queue length","0 c: d:","0"
"15:57:52","run","\\tanghaiyong\physicaldisk(1 e: f: g: h:)\current disk queue length","1 e: f: g: h:","0"
"15:57:52","run","\\tanghaiyong\physicaldisk(2)\current disk queue length","2","100"
"15:57:52","run","\\tanghaiyong\physicaldisk(0 c: d:)\avg. disk queue length","0 c: d:","0.0002"
"15:57:52","run","\\tanghaiyong\physicaldisk(1 e: f: g: h:)\avg. disk queue length","1 e: f: g: h:","0"
"15:57:52","run","\\tanghaiyong\physicaldisk(2)\avg. disk queue length","2","287.5017"
"15:57:52","run","\\tanghaiyong\physicaldisk(0 c: d:)\disk read bytes/sec","0 c: d:","4071.5475"
"15:57:52","run","\\tanghaiyong\physicaldisk(1 e: f: g: h:)\disk read bytes/sec","1 e: f: g: h:","0"
"15:57:52","run","\\tanghaiyong\physicaldisk(2)\disk read bytes/sec","2","1001637330.6831"
"15:57:52","run","\\tanghaiyong\physicaldisk(0 c: d:)\avg. disk bytes/read","0 c: d:","4096"
"15:57:52","run","\\tanghaiyong\physicaldisk(1 e: f: g: h:)\avg. disk bytes/read","1 e: f: g: h:","0"
"15:57:52","run","\\tanghaiyong\physicaldisk(2)\avg. disk bytes/read","2","1293521.0064"
"15:57:52","run","\\tanghaiyong\physicaldisk(0 c: d:)\disk reads/sec","0 c: d:","0.994"
"15:57:52","run","\\tanghaiyong\physicaldisk(1 e: f: g: h:)\disk reads/sec","1 e: f: g: h:","0"
"15:57:52","run","\\tanghaiyong\physicaldisk(2)\disk reads/sec","2","774.3495"
"15:57:54","run","\\tanghaiyong\physicaldisk(0 c: d:)\% idle time","0 c: d:","99.975"
"15:57:54","run","\\tanghaiyong\physicaldisk(1 e: f: g: h:)\% idle time","1 e: f: g: h:","99.9817"
"15:57:54","run","\\tanghaiyong\physicaldisk(2)\% idle time","2","13.2683"
"15:57:54","run","\\tanghaiyong\physicaldisk(0 c: d:)\avg. disk sec/read","0 c: d:","0"
"15:57:54","run","\\tanghaiyong\physicaldisk(1 e: f: g: h:)\avg. disk sec/read","1 e: f: g: h:","0"
"15:57:54","run","\\tanghaiyong\physicaldisk(2)\avg. disk sec/read","2","0.385"
"15:57:54","run","\\tanghaiyong\physicaldisk(0 c: d:)\avg. disk sec/transfer","0 c: d:","0.0001"
"15:57:54","run","\\tanghaiyong\physicaldisk(1 e: f: g: h:)\avg. disk sec/transfer","1 e: f: g: h:","0"
"15:57:54","run","\\tanghaiyong\physicaldisk(2)\avg. disk sec/transfer","2","0.385"
"15:57:54","run","\\tanghaiyong\physicaldisk(0 c: d:)\current disk queue length","0 c: d:","0"
"15:57:54","run","\\tanghaiyong\physicaldisk(1 e: f: g: h:)\current disk queue length","1 e: f: g: h:","0"
"15:57:54","run","\\tanghaiyong\physicaldisk(2)\current disk queue length","2","127"
"15:57:54","run","\\tanghaiyong\physicaldisk(0 c: d:)\avg. disk queue length","0 c: d:","0.0001"
"15:57:54","run","\\tanghaiyong\physicaldisk(1 e: f: g: h:)\avg. disk queue length","1 e: f: g: h:","0"
"15:57:54","run","\\tanghaiyong\physicaldisk(2)\avg. disk queue length","2","318.095"
"15:57:54","run","\\tanghaiyong\physicaldisk(0 c: d:)\disk read bytes/sec","0 c: d:","0"
"15:57:54","run","\\tanghaiyong\physicaldisk(1 e: f: g: h:)\disk read bytes/sec","1 e: f: g: h:","0"
"15:57:54","run","\\tanghaiyong\physicaldisk(2)\disk read bytes/sec","2","1059007888.2951"
"15:57:54","run","\\tanghaiyong\physicaldisk(0 c: d:)\avg. disk bytes/read","0 c: d:","0"
"15:57:54","run","\\tanghaiyong\physicaldisk(1 e: f: g: h:)\avg. disk bytes/read","1 e: f: g: h:","0"
"15:57:54","run","\\tanghaiyong\physicaldisk(2)\avg. disk bytes/read","2","1281623.5952"
"15:57:54","run","\\tanghaiyong\physicaldisk(0 c: d:)\disk reads/sec","0 c: d:","0"
"15:57:54","run","\\tanghaiyong\physicaldisk(1 e: f: g: h:)\disk reads/sec","1 e: f: g: h:","0"
"15:57:54","run","\\tanghaiyong\physicaldisk(2)\disk reads/sec","2","826.3018"
"15:57:56","run","\\tanghaiyong\physicaldisk(0 c: d:)\% idle time","0 c: d:","99.9759"
"15:57:56","run","\\tanghaiyong\physicaldisk(1 e: f: g: h:)\% idle time","1 e: f: g: h:","99.9759"
"15:57:56","run","\\tanghaiyong\physicaldisk(2)\% idle time","2","22.8255"
"15:57:56","run","\\tanghaiyong\physicaldisk(0 c: d:)\avg. disk sec/read","0 c: d:","0"
"15:57:56","run","\\tanghaiyong\physicaldisk(1 e: f: g: h:)\avg. disk sec/read","1 e: f: g: h:","0"
"15:57:56","run","\\tanghaiyong\physicaldisk(2)\avg. disk sec/read","2","0.2492"
"15:57:56","run","\\tanghaiyong\physicaldisk(0 c: d:)\avg. disk sec/transfer","0 c: d:","0"
"15:57:56","run","\\tanghaiyong\physicaldisk(1 e: f: g: h:)\avg. disk sec/transfer","1 e: f: g: h:","0"
"15:57:56","run","\\tanghaiyong\physicaldisk(2)\avg. disk sec/transfer","2","0.2492"
"15:57:56","run","\\tanghaiyong\physicaldisk(0 c: d:)\current disk queue length","0 c: d:","0"
"15:57:56","run","\\tanghaiyong\physicaldisk(1 e: f: g: h:)\current disk queue length","1 e: f: g: h:","0"
"15:57:56","run","\\tanghaiyong\physicaldisk(2)\current disk queue length","2","38"
"15:57:56","run","\\tanghaiyong\physicaldisk(0 c: d:)\avg. disk queue length","0 c: d:","0"
"15:57:56","run","\\tanghaiyong\physicaldisk(1 e: f: g: h:)\avg. disk queue length","1 e: f: g: h:","0"
"15:57:56","run","\\tanghaiyong\physicaldisk(2)\avg. disk queue length","2","169.9297"
"15:57:56","run","\\tanghaiyong\physicaldisk(0 c: d:)\disk read bytes/sec","0 c: d:","0"
"15:57:56","run","\\tanghaiyong\physicaldisk(1 e: f: g: h:)\disk read bytes/sec","1 e: f: g: h:","0"
"15:57:56","run","\\tanghaiyong\physicaldisk(2)\disk read bytes/sec","2","847053698.9321"
"15:57:56","run","\\tanghaiyong\physicaldisk(0 c: d:)\avg. disk bytes/read","0 c: d:","0"
"15:57:56","run","\\tanghaiyong\physicaldisk(1 e: f: g: h:)\avg. disk bytes/read","1 e: f: g: h:","0"
"15:57:56","run","\\tanghaiyong\physicaldisk(2)\avg. disk bytes/read","2","1241828.3848"
"15:57:56","run","\\tanghaiyong\physicaldisk(0 c: d:)\disk reads/sec","0 c: d:","0"
"15:57:56","run","\\tanghaiyong\physicaldisk(1 e: f: g: h:)\disk reads/sec","1 e: f: g: h:","0"
"15:57:56","run","\\tanghaiyong\physicaldisk(2)\disk reads/sec","2","682.1021"
"15:57:58","run","\\tanghaiyong\physicaldisk(0 c: d:)\% idle time","0 c: d:","99.3774"
"15:57:58","run","\\tanghaiyong\physicaldisk(1 e: f: g: h:)\% idle time","1 e: f: g: h:","97.3067"
"15:57:58","run","\\tanghaiyong\physicaldisk(2)\% idle time","2","12.158"
"15:57:58","run","\\tanghaiyong\physicaldisk(0 c: d:)\avg. disk sec/read","0 c: d:","0.0003"
"15:57:58","run","\\tanghaiyong\physicaldisk(1 e: f: g: h:)\avg. disk sec/read","1 e: f: g: h:","0"
"15:57:58","run","\\tanghaiyong\physicaldisk(2)\avg. disk sec/read","2","0.3654"
"15:57:58","run","\\tanghaiyong\physicaldisk(0 c: d:)\avg. disk sec/transfer","0 c: d:","0.0001"
"15:57:58","run","\\tanghaiyong\physicaldisk(1 e: f: g: h:)\avg. disk sec/transfer","1 e: f: g: h:","0.0004"
"15:57:58","run","\\tanghaiyong\physicaldisk(2)\avg. disk sec/transfer","2","0.3654"
"15:57:58","run","\\tanghaiyong\physicaldisk(0 c: d:)\current disk queue length","0 c: d:","0"
"15:57:58","run","\\tanghaiyong\physicaldisk(1 e: f: g: h:)\current disk queue length","1 e: f: g: h:","0"
"15:57:58","run","\\tanghaiyong\physicaldisk(2)\current disk queue length","2","51"
"15:57:58","run","\\tanghaiyong\physicaldisk(0 c: d:)\avg. disk queue length","0 c: d:","0.0056"
"15:57:58","run","\\tanghaiyong\physicaldisk(1 e: f: g: h:)\avg. disk queue length","1 e: f: g: h:","0.0007"
"15:57:58","run","\\tanghaiyong\physicaldisk(2)\avg. disk queue length","2","280.5226"
"15:57:58","run","\\tanghaiyong\physicaldisk(0 c: d:)\disk read bytes/sec","0 c: d:","102880.5848"
"15:57:58","run","\\tanghaiyong\physicaldisk(1 e: f: g: h:)\disk read bytes/sec","1 e: f: g: h:","0"
"15:57:58","run","\\tanghaiyong\physicaldisk(2)\disk read bytes/sec","2","991858475.5322"
"15:57:58","run","\\tanghaiyong\physicaldisk(0 c: d:)\avg. disk bytes/read","0 c: d:","11491.5556"
"15:57:58","run","\\tanghaiyong\physicaldisk(1 e: f: g: h:)\avg. disk bytes/read","1 e: f: g: h:","0"
"15:57:58","run","\\tanghaiyong\physicaldisk(2)\avg. disk bytes/read","2","1291577.0363"
"15:57:58","run","\\tanghaiyong\physicaldisk(0 c: d:)\disk reads/sec","0 c: d:","8.9527"
"15:57:58","run","\\tanghaiyong\physicaldisk(1 e: f: g: h:)\disk reads/sec","1 e: f: g: h:","0"
"15:57:58","run","\\tanghaiyong\physicaldisk(2)\disk reads/sec","2","767.9437"
"15:58:00","run","\\tanghaiyong\physicaldisk(0 c: d:)\% idle time","0 c: d:","100.0075"
"15:58:00","run","\\tanghaiyong\physicaldisk(1 e: f: g: h:)\% idle time","1 e: f: g: h:","100.0075"
"15:58:00","run","\\tanghaiyong\physicaldisk(2)\% idle time","2","11.7021"
"15:58:00","run","\\tanghaiyong\physicaldisk(0 c: d:)\avg. disk sec/read","0 c: d:","0"
"15:58:00","run","\\tanghaiyong\physicaldisk(1 e: f: g: h:)\avg. disk sec/read","1 e: f: g: h:","0"
"15:58:00","run","\\tanghaiyong\physicaldisk(2)\avg. disk sec/read","2","0.4019"
"15:58:00","run","\\tanghaiyong\physicaldisk(0 c: d:)\avg. disk sec/transfer","0 c: d:","0"
"15:58:00","run","\\tanghaiyong\physicaldisk(1 e: f: g: h:)\avg. disk sec/transfer","1 e: f: g: h:","0"
"15:58:00","run","\\tanghaiyong\physicaldisk(2)\avg. disk sec/transfer","2","0.4019"
"15:58:00","run","\\tanghaiyong\physicaldisk(0 c: d:)\current disk queue length","0 c: d:","0"
"15:58:00","run","\\tanghaiyong\physicaldisk(1 e: f: g: h:)\current disk queue length","1 e: f: g: h:","0"
"15:58:00","run","\\tanghaiyong\physicaldisk(2)\current disk queue length","2","0"
"15:58:00","run","\\tanghaiyong\physicaldisk(0 c: d:)\avg. disk queue length","0 c: d:","0"
"15:58:00","run","\\tanghaiyong\physicaldisk(1 e: f: g: h:)\avg. disk queue length","1 e: f: g: h:","0"
"15:58:00","run","\\tanghaiyong\physicaldisk(2)\avg. disk queue length","2","311.6106"
"15:58:00","run","\\tanghaiyong\physicaldisk(0 c: d:)\disk read bytes/sec","0 c: d:","0"
"15:58:00","run","\\tanghaiyong\physicaldisk(1 e: f: g: h:)\disk read bytes/sec","1 e: f: g: h:","0"
"15:58:00","run","\\tanghaiyong\physicaldisk(2)\disk read bytes/sec","2","999967545.3325"
"15:58:00","run","\\tanghaiyong\physicaldisk(0 c: d:)\avg. disk bytes/read","0 c: d:","0"
"15:58:00","run","\\tanghaiyong\physicaldisk(1 e: f: g: h:)\avg. disk bytes/read","1 e: f: g: h:","0"
"15:58:00","run","\\tanghaiyong\physicaldisk(2)\avg. disk bytes/read","2","1289646.6051"
"15:58:00","run","\\tanghaiyong\physicaldisk(0 c: d:)\disk reads/sec","0 c: d:","0"
"15:58:00","run","\\tanghaiyong\physicaldisk(1 e: f: g: h:)\disk reads/sec","1 e: f: g: h:","0"
"15:58:00","run","\\tanghaiyong\physicaldisk(2)\disk reads/sec","2","775.3811"
"15:58:02","run","\\tanghaiyong\physicaldisk(0 c: d:)\% idle time","0 c: d:","99.9525"
"15:58:02","run","\\tanghaiyong\physicaldisk(1 e: f: g: h:)\% idle time","1 e: f: g: h:","99.9635"
"15:58:02","run","\\tanghaiyong\physicaldisk(2)\% idle time","2","15.047"
"15:58:02","run","\\tanghaiyong\physicaldisk(0 c: d:)\avg. disk sec/read","0 c: d:","0"
"15:58:02","run","\\tanghaiyong\physicaldisk(1 e: f: g: h:)\avg. disk sec/read","1 e: f: g: h:","0"
"15:58:02","run","\\tanghaiyong\physicaldisk(2)\avg. disk sec/read","2","0.3651"
"15:58:02","run","\\tanghaiyong\physicaldisk(0 c: d:)\avg. disk sec/transfer","0 c: d:","0.0001"
"15:58:02","run","\\tanghaiyong\physicaldisk(1 e: f: g: h:)\avg. disk sec/transfer","1 e: f: g: h:","0"
"15:58:02","run","\\tanghaiyong\physicaldisk(2)\avg. disk sec/transfer","2","0.3651"
"15:58:02","run","\\tanghaiyong\physicaldisk(0 c: d:)\current disk queue length","0 c: d:","0"
"15:58:02","run","\\tanghaiyong\physicaldisk(1 e: f: g: h:)\current disk queue length","1 e: f: g: h:","0"
"15:58:02","run","\\tanghaiyong\physicaldisk(2)\current disk queue length","2","177"
"15:58:02","run","\\tanghaiyong\physicaldisk(0 c: d:)\avg. disk queue length","0 c: d:","0.0001"
"15:58:02","run","\\tanghaiyong\physicaldisk(1 e: f: g: h:)\avg. disk queue length","1 e: f: g: h:","0"
"15:58:02","run","\\tanghaiyong\physicaldisk(2)\avg. disk queue length","2","274.9828"
"15:58:02","run","\\tanghaiyong\physicaldisk(0 c: d:)\disk read bytes/sec","0 c: d:","0"
"15:58:02","run","\\tanghaiyong\physicaldisk(1 e: f: g: h:)\disk read bytes/sec","1 e: f: g: h:","0"
"15:58:02","run","\\tanghaiyong\physicaldisk(2)\disk read bytes/sec","2","938685546.5739"
"15:58:02","run","\\tanghaiyong\physicaldisk(0 c: d:)\avg. disk bytes/read","0 c: d:","0"
"15:58:02","run","\\tanghaiyong\physicaldisk(1 e: f: g: h:)\avg. disk bytes/read","1 e: f: g: h:","0"
"15:58:02","run","\\tanghaiyong\physicaldisk(2)\avg. disk bytes/read","2","1245898.2299"
"15:58:02","run","\\tanghaiyong\physicaldisk(0 c: d:)\disk reads/sec","0 c: d:","0"
"15:58:02","run","\\tanghaiyong\physicaldisk(1 e: f: g: h:)\disk reads/sec","1 e: f: g: h:","0"
"15:58:02","run","\\tanghaiyong\physicaldisk(2)\disk reads/sec","2","753.4207"
"15:58:04","run","\\tanghaiyong\physicaldisk(0 c: d:)\% idle time","0 c: d:","99.9336"
"15:58:04","run","\\tanghaiyong\physicaldisk(1 e: f: g: h:)\% idle time","1 e: f: g: h:","99.9335"
"15:58:04","run","\\tanghaiyong\physicaldisk(2)\% idle time","2","10.6705"
"15:58:04","run","\\tanghaiyong\physicaldisk(0 c: d:)\avg. disk sec/read","0 c: d:","0"
"15:58:04","run","\\tanghaiyong\physicaldisk(1 e: f: g: h:)\avg. disk sec/read","1 e: f: g: h:","0"
"15:58:04","run","\\tanghaiyong\physicaldisk(2)\avg. disk sec/read","2","0.3784"
"15:58:04","run","\\tanghaiyong\physicaldisk(0 c: d:)\avg. disk sec/transfer","0 c: d:","0"
"15:58:04","run","\\tanghaiyong\physicaldisk(1 e: f: g: h:)\avg. disk sec/transfer","1 e: f: g: h:","0"
"15:58:04","run","\\tanghaiyong\physicaldisk(2)\avg. disk sec/transfer","2","0.3784"
"15:58:04","run","\\tanghaiyong\physicaldisk(0 c: d:)\current disk queue length","0 c: d:","0"
"15:58:04","run","\\tanghaiyong\physicaldisk(1 e: f: g: h:)\current disk queue length","1 e: f: g: h:","0"
"15:58:04","run","\\tanghaiyong\physicaldisk(2)\current disk queue length","2","187"
"15:58:04","run","\\tanghaiyong\physicaldisk(0 c: d:)\avg. disk queue length","0 c: d:","0"
"15:58:04","run","\\tanghaiyong\physicaldisk(1 e: f: g: h:)\avg. disk queue length","1 e: f: g: h:","0"
"15:58:04","run","\\tanghaiyong\physicaldisk(2)\avg. disk queue length","2","290.6383"
"15:58:04","run","\\tanghaiyong\physicaldisk(0 c: d:)\disk read bytes/sec","0 c: d:","0"
"15:58:04","run","\\tanghaiyong\physicaldisk(1 e: f: g: h:)\disk read bytes/sec","1 e: f: g: h:","0"
"15:58:04","run","\\tanghaiyong\physicaldisk(2)\disk read bytes/sec","2","996849134.3907"
"15:58:04","run","\\tanghaiyong\physicaldisk(0 c: d:)\avg. disk bytes/read","0 c: d:","0"
"15:58:04","run","\\tanghaiyong\physicaldisk(1 e: f: g: h:)\avg. disk bytes/read","1 e: f: g: h:","0"
"15:58:04","run","\\tanghaiyong\physicaldisk(2)\avg. disk bytes/read","2","1297098.5422"
"15:58:04","run","\\tanghaiyong\physicaldisk(0 c: d:)\disk reads/sec","0 c: d:","0"
"15:58:04","run","\\tanghaiyong\physicaldisk(1 e: f: g: h:)\disk reads/sec","1 e: f: g: h:","0"
"15:58:04","run","\\tanghaiyong\physicaldisk(2)\disk reads/sec","2","768.5223"
"15:58:06","run","\\tanghaiyong\physicaldisk(0 c: d:)\% idle time","0 c: d:","99.9449"
"15:58:06","run","\\tanghaiyong\physicaldisk(1 e: f: g: h:)\% idle time","1 e: f: g: h:","99.9662"
"15:58:06","run","\\tanghaiyong\physicaldisk(2)\% idle time","2","23.9817"
"15:58:06","run","\\tanghaiyong\physicaldisk(0 c: d:)\avg. disk sec/read","0 c: d:","0"
"15:58:06","run","\\tanghaiyong\physicaldisk(1 e: f: g: h:)\avg. disk sec/read","1 e: f: g: h:","0"
"15:58:06","run","\\tanghaiyong\physicaldisk(2)\avg. disk sec/read","2","0.2182"
"15:58:06","run","\\tanghaiyong\physicaldisk(0 c: d:)\avg. disk sec/transfer","0 c: d:","0.0001"
"15:58:06","run","\\tanghaiyong\physicaldisk(1 e: f: g: h:)\avg. disk sec/transfer","1 e: f: g: h:","0"
"15:58:06","run","\\tanghaiyong\physicaldisk(2)\avg. disk sec/transfer","2","0.2182"
"15:58:06","run","\\tanghaiyong\physicaldisk(0 c: d:)\current disk queue length","0 c: d:","0"
"15:58:06","run","\\tanghaiyong\physicaldisk(1 e: f: g: h:)\current disk queue length","1 e: f: g: h:","0"
"15:58:06","run","\\tanghaiyong\physicaldisk(2)\current disk queue length","2","214"
"15:58:06","run","\\tanghaiyong\physicaldisk(0 c: d:)\avg. disk queue length","0 c: d:","0.0002"
"15:58:06","run","\\tanghaiyong\physicaldisk(1 e: f: g: h:)\avg. disk queue length","1 e: f: g: h:","0"
"15:58:06","run","\\tanghaiyong\physicaldisk(2)\avg. disk queue length","2","141.6093"
"15:58:06","run","\\tanghaiyong\physicaldisk(0 c: d:)\disk read bytes/sec","0 c: d:","0"
"15:58:06","run","\\tanghaiyong\physicaldisk(1 e: f: g: h:)\disk read bytes/sec","1 e: f: g: h:","0"
"15:58:06","run","\\tanghaiyong\physicaldisk(2)\disk read bytes/sec","2","840782741.6512"
"15:58:06","run","\\tanghaiyong\physicaldisk(0 c: d:)\avg. disk bytes/read","0 c: d:","0"
"15:58:06","run","\\tanghaiyong\physicaldisk(1 e: f: g: h:)\avg. disk bytes/read","1 e: f: g: h:","0"
"15:58:06","run","\\tanghaiyong\physicaldisk(2)\avg. disk bytes/read","2","1294951.6564"
"15:58:06","run","\\tanghaiyong\physicaldisk(0 c: d:)\disk reads/sec","0 c: d:","0"
"15:58:06","run","\\tanghaiyong\physicaldisk(1 e: f: g: h:)\disk reads/sec","1 e: f: g: h:","0"
"15:58:06","run","\\tanghaiyong\physicaldisk(2)\disk reads/sec","2","649.2773"
"15:58:08","run","\\tanghaiyong\physicaldisk(0 c: d:)\% idle time","0 c: d:","99.8813"
"15:58:08","run","\\tanghaiyong\physicaldisk(1 e: f: g: h:)\% idle time","1 e: f: g: h:","99.9774"
"15:58:08","run","\\tanghaiyong\physicaldisk(2)\% idle time","2","12.5893"
"15:58:08","run","\\tanghaiyong\physicaldisk(0 c: d:)\avg. disk sec/read","0 c: d:","0.0001"
"15:58:08","run","\\tanghaiyong\physicaldisk(1 e: f: g: h:)\avg. disk sec/read","1 e: f: g: h:","0"
"15:58:08","run","\\tanghaiyong\physicaldisk(2)\avg. disk sec/read","2","0.3922"
"15:58:08","run","\\tanghaiyong\physicaldisk(0 c: d:)\avg. disk sec/transfer","0 c: d:","0.0001"
"15:58:08","run","\\tanghaiyong\physicaldisk(1 e: f: g: h:)\avg. disk sec/transfer","1 e: f: g: h:","0"
"15:58:08","run","\\tanghaiyong\physicaldisk(2)\avg. disk sec/transfer","2","0.3922"
"15:58:08","run","\\tanghaiyong\physicaldisk(0 c: d:)\current disk queue length","0 c: d:","0"
"15:58:08","run","\\tanghaiyong\physicaldisk(1 e: f: g: h:)\current disk queue length","1 e: f: g: h:","0"
"15:58:08","run","\\tanghaiyong\physicaldisk(2)\current disk queue length","2","18"
"15:58:08","run","\\tanghaiyong\physicaldisk(0 c: d:)\avg. disk queue length","0 c: d:","0.0005"
"15:58:08","run","\\tanghaiyong\physicaldisk(1 e: f: g: h:)\avg. disk queue length","1 e: f: g: h:","0"
"15:58:08","run","\\tanghaiyong\physicaldisk(2)\avg. disk queue length","2","287.7077"
"15:58:08","run","\\tanghaiyong\physicaldisk(0 c: d:)\disk read bytes/sec","0 c: d:","5096.9353"
"15:58:09","run","\\tanghaiyong\physicaldisk(1 e: f: g: h:)\disk read bytes/sec","1 e: f: g: h:","0"
"15:58:09","run","\\tanghaiyong\physicaldisk(2)\disk read bytes/sec","2","948715002.869"
"15:58:09","run","\\tanghaiyong\physicaldisk(0 c: d:)\avg. disk bytes/read","0 c: d:","1706.6667"
"15:58:09","run","\\tanghaiyong\physicaldisk(1 e: f: g: h:)\avg. disk bytes/read","1 e: f: g: h:","0"
"15:58:09","run","\\tanghaiyong\physicaldisk(2)\avg. disk bytes/read","2","1293091.0828"
"15:58:09","run","\\tanghaiyong\physicaldisk(0 c: d:)\disk reads/sec","0 c: d:","2.9865"
"15:58:09","run","\\tanghaiyong\physicaldisk(1 e: f: g: h:)\disk reads/sec","1 e: f: g: h:","0"
"15:58:09","run","\\tanghaiyong\physicaldisk(2)\disk reads/sec","2","733.68"
"15:58:11","run","\\tanghaiyong\physicaldisk(0 c: d:)\% idle time","0 c: d:","99.8259"
"15:58:11","run","\\tanghaiyong\physicaldisk(1 e: f: g: h:)\% idle time","1 e: f: g: h:","99.9361"
"15:58:11","run","\\tanghaiyong\physicaldisk(2)\% idle time","2","13.8867"
"15:58:11","run","\\tanghaiyong\physicaldisk(0 c: d:)\avg. disk sec/read","0 c: d:","0.0003"
"15:58:11","run","\\tanghaiyong\physicaldisk(1 e: f: g: h:)\avg. disk sec/read","1 e: f: g: h:","0"
"15:58:11","run","\\tanghaiyong\physicaldisk(2)\avg. disk sec/read","2","0.3123"
"15:58:11","run","\\tanghaiyong\physicaldisk(0 c: d:)\avg. disk sec/transfer","0 c: d:","0.0002"
"15:58:11","run","\\tanghaiyong\physicaldisk(1 e: f: g: h:)\avg. disk sec/transfer","1 e: f: g: h:","0"
"15:58:11","run","\\tanghaiyong\physicaldisk(2)\avg. disk sec/transfer","2","0.3123"
"15:58:11","run","\\tanghaiyong\physicaldisk(0 c: d:)\current disk queue length","0 c: d:","0"
"15:58:11","run","\\tanghaiyong\physicaldisk(1 e: f: g: h:)\current disk queue length","1 e: f: g: h:","0"
"15:58:11","run","\\tanghaiyong\physicaldisk(2)\current disk queue length","2","32"
"15:58:11","run","\\tanghaiyong\physicaldisk(0 c: d:)\avg. disk queue length","0 c: d:","0.0011"
"15:58:11","run","\\tanghaiyong\physicaldisk(1 e: f: g: h:)\avg. disk queue length","1 e: f: g: h:","0"
"15:58:11","run","\\tanghaiyong\physicaldisk(2)\avg. disk queue length","2","238.9152"
"15:58:11","run","\\tanghaiyong\physicaldisk(0 c: d:)\disk read bytes/sec","0 c: d:","183941.7238"
"15:58:11","run","\\tanghaiyong\physicaldisk(1 e: f: g: h:)\disk read bytes/sec","1 e: f: g: h:","0"
"15:58:11","run","\\tanghaiyong\physicaldisk(2)\disk read bytes/sec","2","987807932.9858"
"15:58:11","run","\\tanghaiyong\physicaldisk(0 c: d:)\avg. disk bytes/read","0 c: d:","61440"
"15:58:11","run","\\tanghaiyong\physicaldisk(1 e: f: g: h:)\avg. disk bytes/read","1 e: f: g: h:","0"
"15:58:11","run","\\tanghaiyong\physicaldisk(2)\avg. disk bytes/read","2","1290533.7158"
"15:58:11","run","\\tanghaiyong\physicaldisk(0 c: d:)\disk reads/sec","0 c: d:","2.9938"
"15:58:11","run","\\tanghaiyong\physicaldisk(1 e: f: g: h:)\disk reads/sec","1 e: f: g: h:","0"
"15:58:11","run","\\tanghaiyong\physicaldisk(2)\disk reads/sec","2","765.4259"
"15:58:13","run","\\tanghaiyong\physicaldisk(0 c: d:)\% idle time","0 c: d:","99.9876"
"15:58:13","run","\\tanghaiyong\physicaldisk(1 e: f: g: h:)\% idle time","1 e: f: g: h:","100.0202"
"15:58:13","run","\\tanghaiyong\physicaldisk(2)\% idle time","2","11.0964"
"15:58:13","run","\\tanghaiyong\physicaldisk(0 c: d:)\avg. disk sec/read","0 c: d:","0"
"15:58:13","run","\\tanghaiyong\physicaldisk(1 e: f: g: h:)\avg. disk sec/read","1 e: f: g: h:","0"
"15:58:13","run","\\tanghaiyong\physicaldisk(2)\avg. disk sec/read","2","0.3907"
"15:58:13","run","\\tanghaiyong\physicaldisk(0 c: d:)\avg. disk sec/transfer","0 c: d:","0.0001"
"15:58:13","run","\\tanghaiyong\physicaldisk(1 e: f: g: h:)\avg. disk sec/transfer","1 e: f: g: h:","0"
"15:58:13","run","\\tanghaiyong\physicaldisk(2)\avg. disk sec/transfer","2","0.3907"
"15:58:13","run","\\tanghaiyong\physicaldisk(0 c: d:)\current disk queue length","0 c: d:","0"
"15:58:13","run","\\tanghaiyong\physicaldisk(1 e: f: g: h:)\current disk queue length","1 e: f: g: h:","0"
"15:58:13","run","\\tanghaiyong\physicaldisk(2)\current disk queue length","2","180"
"15:58:13","run","\\tanghaiyong\physicaldisk(0 c: d:)\avg. disk queue length","0 c: d:","0.0003"
"15:58:13","run","\\tanghaiyong\physicaldisk(1 e: f: g: h:)\avg. disk queue length","1 e: f: g: h:","0"
"15:58:13","run","\\tanghaiyong\physicaldisk(2)\avg. disk queue length","2","303.2487"
"15:58:13","run","\\tanghaiyong\physicaldisk(0 c: d:)\disk read bytes/sec","0 c: d:","0"
"15:58:13","run","\\tanghaiyong\physicaldisk(1 e: f: g: h:)\disk read bytes/sec","1 e: f: g: h:","0"
"15:58:13","run","\\tanghaiyong\physicaldisk(2)\disk read bytes/sec","2","982171309.5755"
"15:58:13","run","\\tanghaiyong\physicaldisk(0 c: d:)\avg. disk bytes/read","0 c: d:","0"
"15:58:13","run","\\tanghaiyong\physicaldisk(1 e: f: g: h:)\avg. disk bytes/read","1 e: f: g: h:","0"
"15:58:13","run","\\tanghaiyong\physicaldisk(2)\avg. disk bytes/read","2","1264498.2154"
"15:58:13","run","\\tanghaiyong\physicaldisk(0 c: d:)\disk reads/sec","0 c: d:","0"
"15:58:13","run","\\tanghaiyong\physicaldisk(1 e: f: g: h:)\disk reads/sec","1 e: f: g: h:","0"
"15:58:13","run","\\tanghaiyong\physicaldisk(2)\disk reads/sec","2","776.7281"
"15:58:15","run","\\tanghaiyong\physicaldisk(0 c: d:)\% idle time","0 c: d:","98.9442"
"15:58:15","run","\\tanghaiyong\physicaldisk(1 e: f: g: h:)\% idle time","1 e: f: g: h:","100.0042"
"15:58:15","run","\\tanghaiyong\physicaldisk(2)\% idle time","2","17.809"
"15:58:15","run","\\tanghaiyong\physicaldisk(0 c: d:)\avg. disk sec/read","0 c: d:","0.0003"
"15:58:15","run","\\tanghaiyong\physicaldisk(1 e: f: g: h:)\avg. disk sec/read","1 e: f: g: h:","0"
"15:58:15","run","\\tanghaiyong\physicaldisk(2)\avg. disk sec/read","2","0.3311"
"15:58:15","run","\\tanghaiyong\physicaldisk(0 c: d:)\avg. disk sec/transfer","0 c: d:","0.0001"
"15:58:15","run","\\tanghaiyong\physicaldisk(1 e: f: g: h:)\avg. disk sec/transfer","1 e: f: g: h:","0"
"15:58:15","run","\\tanghaiyong\physicaldisk(2)\avg. disk sec/transfer","2","0.3311"
"15:58:15","run","\\tanghaiyong\physicaldisk(0 c: d:)\current disk queue length","0 c: d:","0"
"15:58:15","run","\\tanghaiyong\physicaldisk(1 e: f: g: h:)\current disk queue length","1 e: f: g: h:","0"
"15:58:15","run","\\tanghaiyong\physicaldisk(2)\current disk queue length","2","67"
"15:58:15","run","\\tanghaiyong\physicaldisk(0 c: d:)\avg. disk queue length","0 c: d:","0.0102"
"15:58:15","run","\\tanghaiyong\physicaldisk(1 e: f: g: h:)\avg. disk queue length","1 e: f: g: h:","0"
"15:58:15","run","\\tanghaiyong\physicaldisk(2)\avg. disk queue length","2","243.895"
"15:58:15","run","\\tanghaiyong\physicaldisk(0 c: d:)\disk read bytes/sec","0 c: d:","260621.2681"
"15:58:15","run","\\tanghaiyong\physicaldisk(1 e: f: g: h:)\disk read bytes/sec","1 e: f: g: h:","0"
"15:58:15","run","\\tanghaiyong\physicaldisk(2)\disk read bytes/sec","2","953482909.4052"
"15:58:15","run","\\tanghaiyong\physicaldisk(0 c: d:)\avg. disk bytes/read","0 c: d:","16384"
"15:58:15","run","\\tanghaiyong\physicaldisk(1 e: f: g: h:)\avg. disk bytes/read","1 e: f: g: h:","0"
"15:58:15","run","\\tanghaiyong\physicaldisk(2)\avg. disk bytes/read","2","1294269.668"
"15:58:15","run","\\tanghaiyong\physicaldisk(0 c: d:)\disk reads/sec","0 c: d:","15.9071"
"15:58:15","run","\\tanghaiyong\physicaldisk(1 e: f: g: h:)\disk reads/sec","1 e: f: g: h:","0"
"15:58:15","run","\\tanghaiyong\physicaldisk(2)\disk reads/sec","2","736.6957"
"15:58:17","run","\\tanghaiyong\physicaldisk(0 c: d:)\% idle time","0 c: d:","99.0424"
"15:58:17","run","\\tanghaiyong\physicaldisk(1 e: f: g: h:)\% idle time","1 e: f: g: h:","99.9709"
"15:58:17","run","\\tanghaiyong\physicaldisk(2)\% idle time","2","11.7562"
"15:58:17","run","\\tanghaiyong\physicaldisk(0 c: d:)\avg. disk sec/read","0 c: d:","0.0003"
"15:58:17","run","\\tanghaiyong\physicaldisk(1 e: f: g: h:)\avg. disk sec/read","1 e: f: g: h:","0"
"15:58:17","run","\\tanghaiyong\physicaldisk(2)\avg. disk sec/read","2","0.3118"
"15:58:17","run","\\tanghaiyong\physicaldisk(0 c: d:)\avg. disk sec/transfer","0 c: d:","0.0001"
"15:58:17","run","\\tanghaiyong\physicaldisk(1 e: f: g: h:)\avg. disk sec/transfer","1 e: f: g: h:","0"
"15:58:17","run","\\tanghaiyong\physicaldisk(2)\avg. disk sec/transfer","2","0.3118"
"15:58:17","run","\\tanghaiyong\physicaldisk(0 c: d:)\current disk queue length","0 c: d:","0"
"15:58:17","run","\\tanghaiyong\physicaldisk(1 e: f: g: h:)\current disk queue length","1 e: f: g: h:","0"
"15:58:17","run","\\tanghaiyong\physicaldisk(2)\current disk queue length","2","223"
"15:58:17","run","\\tanghaiyong\physicaldisk(0 c: d:)\avg. disk queue length","0 c: d:","0.0093"
"15:58:17","run","\\tanghaiyong\physicaldisk(1 e: f: g: h:)\avg. disk queue length","1 e: f: g: h:","0"
"15:58:17","run","\\tanghaiyong\physicaldisk(2)\avg. disk queue length","2","235.0649"
"15:58:17","run","\\tanghaiyong\physicaldisk(0 c: d:)\disk read bytes/sec","0 c: d:","341904.7009"
"15:58:17","run","\\tanghaiyong\physicaldisk(1 e: f: g: h:)\disk read bytes/sec","1 e: f: g: h:","0"
"15:58:17","run","\\tanghaiyong\physicaldisk(2)\disk read bytes/sec","2","972287422.7814"
"15:58:17","run","\\tanghaiyong\physicaldisk(0 c: d:)\avg. disk bytes/read","0 c: d:","16384"
"15:58:17","run","\\tanghaiyong\physicaldisk(1 e: f: g: h:)\avg. disk bytes/read","1 e: f: g: h:","0"
"15:58:17","run","\\tanghaiyong\physicaldisk(2)\avg. disk bytes/read","2","1289101.3228"
"15:58:17","run","\\tanghaiyong\physicaldisk(0 c: d:)\disk reads/sec","0 c: d:","20.8682"
"15:58:17","run","\\tanghaiyong\physicaldisk(1 e: f: g: h:)\disk reads/sec","1 e: f: g: h:","0"
"15:58:17","run","\\tanghaiyong\physicaldisk(2)\disk reads/sec","2","754.2366"
"15:58:19","run","\\tanghaiyong\physicaldisk(0 c: d:)\% idle time","0 c: d:","94.8622"
"15:58:19","run","\\tanghaiyong\physicaldisk(1 e: f: g: h:)\% idle time","1 e: f: g: h:","49.6519"
"15:58:19","run","\\tanghaiyong\physicaldisk(2)\% idle time","2","42.9836"
"15:58:19","run","\\tanghaiyong\physicaldisk(0 c: d:)\avg. disk sec/read","0 c: d:","0.0003"
"15:58:19","run","\\tanghaiyong\physicaldisk(1 e: f: g: h:)\avg. disk sec/read","1 e: f: g: h:","0.0994"
"15:58:19","run","\\tanghaiyong\physicaldisk(2)\avg. disk sec/read","2","0.3822"
"15:58:19","run","\\tanghaiyong\physicaldisk(0 c: d:)\avg. disk sec/transfer","0 c: d:","0.0001"
"15:58:19","run","\\tanghaiyong\physicaldisk(1 e: f: g: h:)\avg. disk sec/transfer","1 e: f: g: h:","0.0994"
"15:58:19","run","\\tanghaiyong\physicaldisk(2)\avg. disk sec/transfer","2","0.3822"
"15:58:19","run","\\tanghaiyong\physicaldisk(0 c: d:)\current disk queue length","0 c: d:","0"
"15:58:19","run","\\tanghaiyong\physicaldisk(1 e: f: g: h:)\current disk queue length","1 e: f: g: h:","0"
"15:58:19","run","\\tanghaiyong\physicaldisk(2)\current disk queue length","2","18"
"15:58:19","run","\\tanghaiyong\physicaldisk(0 c: d:)\avg. disk queue length","0 c: d:","0.0504"
"15:58:19","run","\\tanghaiyong\physicaldisk(1 e: f: g: h:)\avg. disk queue length","1 e: f: g: h:","4.1538"
"15:58:19","run","\\tanghaiyong\physicaldisk(2)\avg. disk queue length","2","185.9157"
"15:58:19","run","\\tanghaiyong\physicaldisk(0 c: d:)\disk read bytes/sec","0 c: d:","1912670.9395"
"15:58:19","run","\\tanghaiyong\physicaldisk(1 e: f: g: h:)\disk read bytes/sec","1 e: f: g: h:","52397197.4995"
"15:58:19","run","\\tanghaiyong\physicaldisk(2)\disk read bytes/sec","2","612217741.3015"
"15:58:19","run","\\tanghaiyong\physicaldisk(0 c: d:)\avg. disk bytes/read","0 c: d:","16569.3793"
"15:58:19","run","\\tanghaiyong\physicaldisk(1 e: f: g: h:)\avg. disk bytes/read","1 e: f: g: h:","1253668.5714"
"15:58:19","run","\\tanghaiyong\physicaldisk(2)\avg. disk bytes/read","2","1258116.9734"
"15:58:19","run","\\tanghaiyong\physicaldisk(0 c: d:)\disk reads/sec","0 c: d:","115.4341"
"15:58:19","run","\\tanghaiyong\physicaldisk(1 e: f: g: h:)\disk reads/sec","1 e: f: g: h:","41.7951"
"15:58:19","run","\\tanghaiyong\physicaldisk(2)\disk reads/sec","2","486.6143"
"15:58:21","run","\\tanghaiyong\physicaldisk(0 c: d:)\% idle time","0 c: d:","98.871"
"15:58:21","run","\\tanghaiyong\physicaldisk(1 e: f: g: h:)\% idle time","1 e: f: g: h:","67.2471"
"15:58:21","run","\\tanghaiyong\physicaldisk(2)\% idle time","2","37.2313"
"15:58:21","run","\\tanghaiyong\physicaldisk(0 c: d:)\avg. disk sec/read","0 c: d:","0.0003"
"15:58:21","run","\\tanghaiyong\physicaldisk(1 e: f: g: h:)\avg. disk sec/read","1 e: f: g: h:","0.0973"
"15:58:21","run","\\tanghaiyong\physicaldisk(2)\avg. disk sec/read","2","0.2887"
"15:58:21","run","\\tanghaiyong\physicaldisk(0 c: d:)\avg. disk sec/transfer","0 c: d:","0.0001"
"15:58:21","run","\\tanghaiyong\physicaldisk(1 e: f: g: h:)\avg. disk sec/transfer","1 e: f: g: h:","0.0973"
"15:58:21","run","\\tanghaiyong\physicaldisk(2)\avg. disk sec/transfer","2","0.2887"
"15:58:21","run","\\tanghaiyong\physicaldisk(0 c: d:)\current disk queue length","0 c: d:","0"
"15:58:21","run","\\tanghaiyong\physicaldisk(1 e: f: g: h:)\current disk queue length","1 e: f: g: h:","0"
"15:58:21","run","\\tanghaiyong\physicaldisk(2)\current disk queue length","2","19"
"15:58:21","run","\\tanghaiyong\physicaldisk(0 c: d:)\avg. disk queue length","0 c: d:","0.0072"
"15:58:21","run","\\tanghaiyong\physicaldisk(1 e: f: g: h:)\avg. disk queue length","1 e: f: g: h:","2.7145"
"15:58:21","run","\\tanghaiyong\physicaldisk(2)\avg. disk queue length","2","157.8315"
"15:58:21","run","\\tanghaiyong\physicaldisk(0 c: d:)\disk read bytes/sec","0 c: d:","81603.0944"
"15:58:21","run","\\tanghaiyong\physicaldisk(1 e: f: g: h:)\disk read bytes/sec","1 e: f: g: h:","34966925.9431"
"15:58:21","run","\\tanghaiyong\physicaldisk(2)\disk read bytes/sec","2","701403077.1499"
"15:58:21","run","\\tanghaiyong\physicaldisk(0 c: d:)\avg. disk bytes/read","0 c: d:","16384"
"15:58:21","run","\\tanghaiyong\physicaldisk(1 e: f: g: h:)\avg. disk bytes/read","1 e: f: g: h:","1253668.5714"
"15:58:21","run","\\tanghaiyong\physicaldisk(2)\avg. disk bytes/read","2","1282562.7978"
"15:58:21","run","\\tanghaiyong\physicaldisk(0 c: d:)\disk reads/sec","0 c: d:","4.9807"
"15:58:21","run","\\tanghaiyong\physicaldisk(1 e: f: g: h:)\disk reads/sec","1 e: f: g: h:","27.8917"
"15:58:21","run","\\tanghaiyong\physicaldisk(2)\disk reads/sec","2","546.8762"
"15:58:23","run","\\tanghaiyong\physicaldisk(0 c: d:)\% idle time","0 c: d:","99.8467"
"15:58:23","run","\\tanghaiyong\physicaldisk(1 e: f: g: h:)\% idle time","1 e: f: g: h:","71.3333"
"15:58:23","run","\\tanghaiyong\physicaldisk(2)\% idle time","2","13.1339"
"15:58:23","run","\\tanghaiyong\physicaldisk(0 c: d:)\avg. disk sec/read","0 c: d:","0.0007"
"15:58:23","run","\\tanghaiyong\physicaldisk(1 e: f: g: h:)\avg. disk sec/read","1 e: f: g: h:","0.004"
"15:58:23","run","\\tanghaiyong\physicaldisk(2)\avg. disk sec/read","2","0.3986"
"15:58:23","run","\\tanghaiyong\physicaldisk(0 c: d:)\avg. disk sec/transfer","0 c: d:","0.0002"
"15:58:23","run","\\tanghaiyong\physicaldisk(1 e: f: g: h:)\avg. disk sec/transfer","1 e: f: g: h:","0.004"
"15:58:23","run","\\tanghaiyong\physicaldisk(2)\avg. disk sec/transfer","2","0.3986"
"15:58:23","run","\\tanghaiyong\physicaldisk(0 c: d:)\current disk queue length","0 c: d:","0"
"15:58:23","run","\\tanghaiyong\physicaldisk(1 e: f: g: h:)\current disk queue length","1 e: f: g: h:","0"
"15:58:23","run","\\tanghaiyong\physicaldisk(2)\current disk queue length","2","179"
"15:58:23","run","\\tanghaiyong\physicaldisk(0 c: d:)\avg. disk queue length","0 c: d:","0.0014"
"15:58:23","run","\\tanghaiyong\physicaldisk(1 e: f: g: h:)\avg. disk queue length","1 e: f: g: h:","0.3769"
"15:58:23","run","\\tanghaiyong\physicaldisk(2)\avg. disk queue length","2","304.1624"
"15:58:23","run","\\tanghaiyong\physicaldisk(0 c: d:)\disk read bytes/sec","0 c: d:","130577.464"
"15:58:23","run","\\tanghaiyong\physicaldisk(1 e: f: g: h:)\disk read bytes/sec","1 e: f: g: h:","9075133.746"
"15:58:23","run","\\tanghaiyong\physicaldisk(2)\disk read bytes/sec","2","966534388.3111"
"15:58:23","run","\\tanghaiyong\physicaldisk(0 c: d:)\avg. disk bytes/read","0 c: d:","131072"
"15:58:23","run","\\tanghaiyong\physicaldisk(1 e: f: g: h:)\avg. disk bytes/read","1 e: f: g: h:","95889.5158"
"15:58:23","run","\\tanghaiyong\physicaldisk(2)\avg. disk bytes/read","2","1266573.0339"
"15:58:23","run","\\tanghaiyong\physicaldisk(0 c: d:)\disk reads/sec","0 c: d:","0.9962"
"15:58:23","run","\\tanghaiyong\physicaldisk(1 e: f: g: h:)\disk reads/sec","1 e: f: g: h:","94.6416"
"15:58:23","run","\\tanghaiyong\physicaldisk(2)\disk reads/sec","2","763.1099"
"15:58:25","run","\\tanghaiyong\physicaldisk(0 c: d:)\% idle time","0 c: d:","99.9528"
"15:58:25","run","\\tanghaiyong\physicaldisk(1 e: f: g: h:)\% idle time","1 e: f: g: h:","6.7259"
"15:58:25","run","\\tanghaiyong\physicaldisk(2)\% idle time","2","10.0297"
"15:58:25","run","\\tanghaiyong\physicaldisk(0 c: d:)\avg. disk sec/read","0 c: d:","0"
"15:58:25","run","\\tanghaiyong\physicaldisk(1 e: f: g: h:)\avg. disk sec/read","1 e: f: g: h:","0.0045"
"15:58:25","run","\\tanghaiyong\physicaldisk(2)\avg. disk sec/read","2","0.3938"
"15:58:25","run","\\tanghaiyong\physicaldisk(0 c: d:)\avg. disk sec/transfer","0 c: d:","0.0001"
"15:58:25","run","\\tanghaiyong\physicaldisk(1 e: f: g: h:)\avg. disk sec/transfer","1 e: f: g: h:","0.0045"
"15:58:25","run","\\tanghaiyong\physicaldisk(2)\avg. disk sec/transfer","2","0.3938"
"15:58:25","run","\\tanghaiyong\physicaldisk(0 c: d:)\current disk queue length","0 c: d:","0"
"15:58:25","run","\\tanghaiyong\physicaldisk(1 e: f: g: h:)\current disk queue length","1 e: f: g: h:","1"
"15:58:25","run","\\tanghaiyong\physicaldisk(2)\current disk queue length","2","36"
"15:58:25","run","\\tanghaiyong\physicaldisk(0 c: d:)\avg. disk queue length","0 c: d:","0.0002"
"15:58:25","run","\\tanghaiyong\physicaldisk(1 e: f: g: h:)\avg. disk queue length","1 e: f: g: h:","1.0241"
"15:58:25","run","\\tanghaiyong\physicaldisk(2)\avg. disk queue length","2","314.1676"
"15:58:25","run","\\tanghaiyong\physicaldisk(0 c: d:)\disk read bytes/sec","0 c: d:","0"
"15:58:25","run","\\tanghaiyong\physicaldisk(1 e: f: g: h:)\disk read bytes/sec","1 e: f: g: h:","2001229.9119"
"15:58:25","run","\\tanghaiyong\physicaldisk(2)\disk read bytes/sec","2","1028355018.6576"
"15:58:25","run","\\tanghaiyong\physicaldisk(0 c: d:)\avg. disk bytes/read","0 c: d:","0"
"15:58:25","run","\\tanghaiyong\physicaldisk(1 e: f: g: h:)\avg. disk bytes/read","1 e: f: g: h:","8706.2165"
"15:58:25","run","\\tanghaiyong\physicaldisk(2)\avg. disk bytes/read","2","1288585.2569"
"15:58:25","run","\\tanghaiyong\physicaldisk(0 c: d:)\disk reads/sec","0 c: d:","0"
"15:58:25","run","\\tanghaiyong\physicaldisk(1 e: f: g: h:)\disk reads/sec","1 e: f: g: h:","229.8622"
"15:58:25","run","\\tanghaiyong\physicaldisk(2)\disk reads/sec","2","798.0497"
"15:58:27","run","\\tanghaiyong\physicaldisk(0 c: d:)\% idle time","0 c: d:","100.0076"
"15:58:27","run","\\tanghaiyong\physicaldisk(1 e: f: g: h:)\% idle time","1 e: f: g: h:","38.84"
"15:58:27","run","\\tanghaiyong\physicaldisk(2)\% idle time","2","20.1713"
"15:58:27","run","\\tanghaiyong\physicaldisk(0 c: d:)\avg. disk sec/read","0 c: d:","0"
"15:58:27","run","\\tanghaiyong\physicaldisk(1 e: f: g: h:)\avg. disk sec/read","1 e: f: g: h:","0.0049"
"15:58:27","run","\\tanghaiyong\physicaldisk(2)\avg. disk sec/read","2","0.3792"
"15:58:27","run","\\tanghaiyong\physicaldisk(0 c: d:)\avg. disk sec/transfer","0 c: d:","0"
"15:58:27","run","\\tanghaiyong\physicaldisk(1 e: f: g: h:)\avg. disk sec/transfer","1 e: f: g: h:","0.0049"
"15:58:27","run","\\tanghaiyong\physicaldisk(2)\avg. disk sec/transfer","2","0.3792"
"15:58:27","run","\\tanghaiyong\physicaldisk(0 c: d:)\current disk queue length","0 c: d:","0"
"15:58:27","run","\\tanghaiyong\physicaldisk(1 e: f: g: h:)\current disk queue length","1 e: f: g: h:","0"
"15:58:27","run","\\tanghaiyong\physicaldisk(2)\current disk queue length","2","0"
"15:58:27","run","\\tanghaiyong\physicaldisk(0 c: d:)\avg. disk queue length","0 c: d:","0"
"15:58:27","run","\\tanghaiyong\physicaldisk(1 e: f: g: h:)\avg. disk queue length","1 e: f: g: h:","1.3309"
"15:58:27","run","\\tanghaiyong\physicaldisk(2)\avg. disk queue length","2","266.0583"
"15:58:27","run","\\tanghaiyong\physicaldisk(0 c: d:)\disk read bytes/sec","0 c: d:","0"
"15:58:27","run","\\tanghaiyong\physicaldisk(1 e: f: g: h:)\disk read bytes/sec","1 e: f: g: h:","45714522.9773"
"15:58:27","run","\\tanghaiyong\physicaldisk(2)\disk read bytes/sec","2","907046126.2678"
"15:58:27","run","\\tanghaiyong\physicaldisk(0 c: d:)\avg. disk bytes/read","0 c: d:","0"
"15:58:27","run","\\tanghaiyong\physicaldisk(1 e: f: g: h:)\avg. disk bytes/read","1 e: f: g: h:","168387.7647"
"15:58:27","run","\\tanghaiyong\physicaldisk(2)\avg. disk bytes/read","2","1292704.5917"
"15:58:27","run","\\tanghaiyong\physicaldisk(0 c: d:)\disk reads/sec","0 c: d:","0"
"15:58:27","run","\\tanghaiyong\physicaldisk(1 e: f: g: h:)\disk reads/sec","1 e: f: g: h:","271.4836"
"15:58:27","run","\\tanghaiyong\physicaldisk(2)\disk reads/sec","2","701.6654"
"15:58:29","run","\\tanghaiyong\physicaldisk(0 c: d:)\% idle time","0 c: d:","99.4661"
"15:58:29","run","\\tanghaiyong\physicaldisk(1 e: f: g: h:)\% idle time","1 e: f: g: h:","21.8866"
"15:58:29","run","\\tanghaiyong\physicaldisk(2)\% idle time","2","38.4848"
"15:58:29","run","\\tanghaiyong\physicaldisk(0 c: d:)\avg. disk sec/read","0 c: d:","0.0002"
"15:58:29","run","\\tanghaiyong\physicaldisk(1 e: f: g: h:)\avg. disk sec/read","1 e: f: g: h:","0.0089"
"15:58:29","run","\\tanghaiyong\physicaldisk(2)\avg. disk sec/read","2","0.4421"
"15:58:29","run","\\tanghaiyong\physicaldisk(0 c: d:)\avg. disk sec/transfer","0 c: d:","0.0001"
"15:58:29","run","\\tanghaiyong\physicaldisk(1 e: f: g: h:)\avg. disk sec/transfer","1 e: f: g: h:","0.0088"
"15:58:29","run","\\tanghaiyong\physicaldisk(2)\avg. disk sec/transfer","2","0.4421"
"15:58:29","run","\\tanghaiyong\physicaldisk(0 c: d:)\current disk queue length","0 c: d:","0"
"15:58:29","run","\\tanghaiyong\physicaldisk(1 e: f: g: h:)\current disk queue length","1 e: f: g: h:","3"
"15:58:29","run","\\tanghaiyong\physicaldisk(2)\current disk queue length","2","0"
"15:58:29","run","\\tanghaiyong\physicaldisk(0 c: d:)\avg. disk queue length","0 c: d:","0.0041"
"15:58:29","run","\\tanghaiyong\physicaldisk(1 e: f: g: h:)\avg. disk queue length","1 e: f: g: h:","4.3395"
"15:58:29","run","\\tanghaiyong\physicaldisk(2)\avg. disk queue length","2","242.0748"
"15:58:29","run","\\tanghaiyong\physicaldisk(0 c: d:)\disk read bytes/sec","0 c: d:","102800.1675"
"15:58:29","run","\\tanghaiyong\physicaldisk(1 e: f: g: h:)\disk read bytes/sec","1 e: f: g: h:","53085599.3489"
"15:58:29","run","\\tanghaiyong\physicaldisk(2)\disk read bytes/sec","2","707655996.3517"
"15:58:29","run","\\tanghaiyong\physicaldisk(0 c: d:)\avg. disk bytes/read","0 c: d:","20684.8"
"15:58:29","run","\\tanghaiyong\physicaldisk(1 e: f: g: h:)\avg. disk bytes/read","1 e: f: g: h:","108995.3959"
"15:58:29","run","\\tanghaiyong\physicaldisk(2)\avg. disk bytes/read","2","1292105.873"
"15:58:29","run","\\tanghaiyong\physicaldisk(0 c: d:)\disk reads/sec","0 c: d:","4.9698"
"15:58:29","run","\\tanghaiyong\physicaldisk(1 e: f: g: h:)\disk reads/sec","1 e: f: g: h:","487.0444"
"15:58:29","run","\\tanghaiyong\physicaldisk(2)\disk reads/sec","2","547.6765"
"15:58:31","run","\\tanghaiyong\physicaldisk(0 c: d:)\% idle time","0 c: d:","100.0208"
"15:58:31","run","\\tanghaiyong\physicaldisk(1 e: f: g: h:)\% idle time","1 e: f: g: h:","100.0221"
"15:58:31","run","\\tanghaiyong\physicaldisk(2)\% idle time","2","12.9921"
"15:58:31","run","\\tanghaiyong\physicaldisk(0 c: d:)\avg. disk sec/read","0 c: d:","0"
"15:58:31","run","\\tanghaiyong\physicaldisk(1 e: f: g: h:)\avg. disk sec/read","1 e: f: g: h:","0"
"15:58:31","run","\\tanghaiyong\physicaldisk(2)\avg. disk sec/read","2","0.3766"
"15:58:31","run","\\tanghaiyong\physicaldisk(0 c: d:)\avg. disk sec/transfer","0 c: d:","0"
"15:58:31","run","\\tanghaiyong\physicaldisk(1 e: f: g: h:)\avg. disk sec/transfer","1 e: f: g: h:","0"
"15:58:31","run","\\tanghaiyong\physicaldisk(2)\avg. disk sec/transfer","2","0.3766"
"15:58:31","run","\\tanghaiyong\physicaldisk(0 c: d:)\current disk queue length","0 c: d:","1"
"15:58:31","run","\\tanghaiyong\physicaldisk(1 e: f: g: h:)\current disk queue length","1 e: f: g: h:","0"
"15:58:31","run","\\tanghaiyong\physicaldisk(2)\current disk queue length","2","227"
"15:58:31","run","\\tanghaiyong\physicaldisk(0 c: d:)\avg. disk queue length","0 c: d:","0"
"15:58:31","run","\\tanghaiyong\physicaldisk(1 e: f: g: h:)\avg. disk queue length","1 e: f: g: h:","0"
"15:58:31","run","\\tanghaiyong\physicaldisk(2)\avg. disk queue length","2","278.8404"
"15:58:31","run","\\tanghaiyong\physicaldisk(0 c: d:)\disk read bytes/sec","0 c: d:","0"
"15:58:31","run","\\tanghaiyong\physicaldisk(1 e: f: g: h:)\disk read bytes/sec","1 e: f: g: h:","0"
"15:58:31","run","\\tanghaiyong\physicaldisk(2)\disk read bytes/sec","2","948234972.3505"
"15:58:31","run","\\tanghaiyong\physicaldisk(0 c: d:)\avg. disk bytes/read","0 c: d:","0"
"15:58:31","run","\\tanghaiyong\physicaldisk(1 e: f: g: h:)\avg. disk bytes/read","1 e: f: g: h:","0"
"15:58:31","run","\\tanghaiyong\physicaldisk(2)\avg. disk bytes/read","2","1279625.6344"
"15:58:31","run","\\tanghaiyong\physicaldisk(0 c: d:)\disk reads/sec","0 c: d:","0"
"15:58:31","run","\\tanghaiyong\physicaldisk(1 e: f: g: h:)\disk reads/sec","1 e: f: g: h:","0"
"15:58:31","run","\\tanghaiyong\physicaldisk(2)\disk reads/sec","2","741.0253"
"15:58:33","run","\\tanghaiyong\physicaldisk(0 c: d:)\% idle time","0 c: d:","99.9969"
"15:58:33","run","\\tanghaiyong\physicaldisk(1 e: f: g: h:)\% idle time","1 e: f: g: h:","100.004"
"15:58:33","run","\\tanghaiyong\physicaldisk(2)\% idle time","2","12.8913"
"15:58:33","run","\\tanghaiyong\physicaldisk(0 c: d:)\avg. disk sec/read","0 c: d:","0"
"15:58:33","run","\\tanghaiyong\physicaldisk(1 e: f: g: h:)\avg. disk sec/read","1 e: f: g: h:","0"
"15:58:33","run","\\tanghaiyong\physicaldisk(2)\avg. disk sec/read","2","0.4185"
"15:58:33","run","\\tanghaiyong\physicaldisk(0 c: d:)\avg. disk sec/transfer","0 c: d:","0.0001"
"15:58:33","run","\\tanghaiyong\physicaldisk(1 e: f: g: h:)\avg. disk sec/transfer","1 e: f: g: h:","0"
"15:58:33","run","\\tanghaiyong\physicaldisk(2)\avg. disk sec/transfer","2","0.4185"
"15:58:33","run","\\tanghaiyong\physicaldisk(0 c: d:)\current disk queue length","0 c: d:","0"
"15:58:33","run","\\tanghaiyong\physicaldisk(1 e: f: g: h:)\current disk queue length","1 e: f: g: h:","0"
"15:58:33","run","\\tanghaiyong\physicaldisk(2)\current disk queue length","2","132"
"15:58:33","run","\\tanghaiyong\physicaldisk(0 c: d:)\avg. disk queue length","0 c: d:","0.0001"
"15:58:33","run","\\tanghaiyong\physicaldisk(1 e: f: g: h:)\avg. disk queue length","1 e: f: g: h:","0"
"15:58:33","run","\\tanghaiyong\physicaldisk(2)\avg. disk queue length","2","309.3668"
"15:58:33","run","\\tanghaiyong\physicaldisk(0 c: d:)\disk read bytes/sec","0 c: d:","0"
"15:58:33","run","\\tanghaiyong\physicaldisk(1 e: f: g: h:)\disk read bytes/sec","1 e: f: g: h:","0"
"15:58:33","run","\\tanghaiyong\physicaldisk(2)\disk read bytes/sec","2","955877924.6428"
"15:58:33","run","\\tanghaiyong\physicaldisk(0 c: d:)\avg. disk bytes/read","0 c: d:","0"
"15:58:33","run","\\tanghaiyong\physicaldisk(1 e: f: g: h:)\avg. disk bytes/read","1 e: f: g: h:","0"
"15:58:33","run","\\tanghaiyong\physicaldisk(2)\avg. disk bytes/read","2","1292966.9865"
"15:58:33","run","\\tanghaiyong\physicaldisk(0 c: d:)\disk reads/sec","0 c: d:","0"
"15:58:33","run","\\tanghaiyong\physicaldisk(1 e: f: g: h:)\disk reads/sec","1 e: f: g: h:","0"
"15:58:33","run","\\tanghaiyong\physicaldisk(2)\disk reads/sec","2","739.2903"
"15:58:35","run","\\tanghaiyong\physicaldisk(0 c: d:)\% idle time","0 c: d:","99.0345"
"15:58:35","run","\\tanghaiyong\physicaldisk(1 e: f: g: h:)\% idle time","1 e: f: g: h:","96.4112"
"15:58:35","run","\\tanghaiyong\physicaldisk(2)\% idle time","2","12.1453"
"15:58:35","run","\\tanghaiyong\physicaldisk(0 c: d:)\avg. disk sec/read","0 c: d:","0"
"15:58:35","run","\\tanghaiyong\physicaldisk(1 e: f: g: h:)\avg. disk sec/read","1 e: f: g: h:","0.0288"
"15:58:35","run","\\tanghaiyong\physicaldisk(2)\avg. disk sec/read","2","0.3964"
"15:58:35","run","\\tanghaiyong\physicaldisk(0 c: d:)\avg. disk sec/transfer","0 c: d:","0.0001"
"15:58:35","run","\\tanghaiyong\physicaldisk(1 e: f: g: h:)\avg. disk sec/transfer","1 e: f: g: h:","0.0086"
"15:58:35","run","\\tanghaiyong\physicaldisk(2)\avg. disk sec/transfer","2","0.3964"
"15:58:35","run","\\tanghaiyong\physicaldisk(0 c: d:)\current disk queue length","0 c: d:","0"
"15:58:35","run","\\tanghaiyong\physicaldisk(1 e: f: g: h:)\current disk queue length","1 e: f: g: h:","0"
"15:58:35","run","\\tanghaiyong\physicaldisk(2)\current disk queue length","2","116"
"15:58:35","run","\\tanghaiyong\physicaldisk(0 c: d:)\avg. disk queue length","0 c: d:","0.0049"
"15:58:35","run","\\tanghaiyong\physicaldisk(1 e: f: g: h:)\avg. disk queue length","1 e: f: g: h:","0.7205"
"15:58:35","run","\\tanghaiyong\physicaldisk(2)\avg. disk queue length","2","303.6785"
"15:58:35","run","\\tanghaiyong\physicaldisk(0 c: d:)\disk read bytes/sec","0 c: d:","0"
"15:58:35","run","\\tanghaiyong\physicaldisk(1 e: f: g: h:)\disk read bytes/sec","1 e: f: g: h:","32645.0945"
"15:58:35","run","\\tanghaiyong\physicaldisk(2)\disk read bytes/sec","2","985881853.4101"
"15:58:35","run","\\tanghaiyong\physicaldisk(0 c: d:)\avg. disk bytes/read","0 c: d:","0"
"15:58:35","run","\\tanghaiyong\physicaldisk(1 e: f: g: h:)\avg. disk bytes/read","1 e: f: g: h:","32768"
"15:58:35","run","\\tanghaiyong\physicaldisk(2)\avg. disk bytes/read","2","1286857.7373"
"15:58:35","run","\\tanghaiyong\physicaldisk(0 c: d:)\disk reads/sec","0 c: d:","0"
"15:58:35","run","\\tanghaiyong\physicaldisk(1 e: f: g: h:)\disk reads/sec","1 e: f: g: h:","0.9962"
"15:58:35","run","\\tanghaiyong\physicaldisk(2)\disk reads/sec","2","766.1157"
"15:58:37","run","\\tanghaiyong\physicaldisk(0 c: d:)\% idle time","0 c: d:","99.9435"
"15:58:37","run","\\tanghaiyong\physicaldisk(1 e: f: g: h:)\% idle time","1 e: f: g: h:","83.2615"
"15:58:37","run","\\tanghaiyong\physicaldisk(2)\% idle time","2","27.2426"
"15:58:37","run","\\tanghaiyong\physicaldisk(0 c: d:)\avg. disk sec/read","0 c: d:","0"
"15:58:37","run","\\tanghaiyong\physicaldisk(1 e: f: g: h:)\avg. disk sec/read","1 e: f: g: h:","0.1046"
"15:58:37","run","\\tanghaiyong\physicaldisk(2)\avg. disk sec/read","2","0.3494"
"15:58:37","run","\\tanghaiyong\physicaldisk(0 c: d:)\avg. disk sec/transfer","0 c: d:","0"
"15:58:37","run","\\tanghaiyong\physicaldisk(1 e: f: g: h:)\avg. disk sec/transfer","1 e: f: g: h:","0.1046"
"15:58:37","run","\\tanghaiyong\physicaldisk(2)\avg. disk sec/transfer","2","0.3494"
"15:58:37","run","\\tanghaiyong\physicaldisk(0 c: d:)\current disk queue length","0 c: d:","0"
"15:58:37","run","\\tanghaiyong\physicaldisk(1 e: f: g: h:)\current disk queue length","1 e: f: g: h:","0"
"15:58:37","run","\\tanghaiyong\physicaldisk(2)\current disk queue length","2","72"
"15:58:37","run","\\tanghaiyong\physicaldisk(0 c: d:)\avg. disk queue length","0 c: d:","0.0004"
"15:58:37","run","\\tanghaiyong\physicaldisk(1 e: f: g: h:)\avg. disk queue length","1 e: f: g: h:","1.4564"
"15:58:37","run","\\tanghaiyong\physicaldisk(2)\avg. disk queue length","2","231.1062"
"15:58:37","run","\\tanghaiyong\physicaldisk(0 c: d:)\disk read bytes/sec","0 c: d:","0"
"15:58:37","run","\\tanghaiyong\physicaldisk(1 e: f: g: h:)\disk read bytes/sec","1 e: f: g: h:","17459533.3304"
"15:58:37","run","\\tanghaiyong\physicaldisk(2)\disk read bytes/sec","2","853671352.8866"
"15:58:37","run","\\tanghaiyong\physicaldisk(0 c: d:)\avg. disk bytes/read","0 c: d:","0"
"15:58:37","run","\\tanghaiyong\physicaldisk(1 e: f: g: h:)\avg. disk bytes/read","1 e: f: g: h:","1253668.5714"
"15:58:37","run","\\tanghaiyong\physicaldisk(2)\avg. disk bytes/read","2","1290467.8977"
"15:58:37","run","\\tanghaiyong\physicaldisk(0 c: d:)\disk reads/sec","0 c: d:","0"
"15:58:37","run","\\tanghaiyong\physicaldisk(1 e: f: g: h:)\disk reads/sec","1 e: f: g: h:","13.9268"
"15:58:37","run","\\tanghaiyong\physicaldisk(2)\disk reads/sec","2","661.5208"
"15:58:39","run","\\tanghaiyong\physicaldisk(0 c: d:)\% idle time","0 c: d:","99.9644"
"15:58:39","run","\\tanghaiyong\physicaldisk(1 e: f: g: h:)\% idle time","1 e: f: g: h:","99.7737"
"15:58:39","run","\\tanghaiyong\physicaldisk(2)\% idle time","2","21.9269"
"15:58:39","run","\\tanghaiyong\physicaldisk(0 c: d:)\avg. disk sec/read","0 c: d:","0"
"15:58:39","run","\\tanghaiyong\physicaldisk(1 e: f: g: h:)\avg. disk sec/read","1 e: f: g: h:","0"
"15:58:39","run","\\tanghaiyong\physicaldisk(2)\avg. disk sec/read","2","0.2462"
"15:58:39","run","\\tanghaiyong\physicaldisk(0 c: d:)\avg. disk sec/transfer","0 c: d:","0"
"15:58:39","run","\\tanghaiyong\physicaldisk(1 e: f: g: h:)\avg. disk sec/transfer","1 e: f: g: h:","0.0012"
"15:58:39","run","\\tanghaiyong\physicaldisk(2)\avg. disk sec/transfer","2","0.2462"
"15:58:39","run","\\tanghaiyong\physicaldisk(0 c: d:)\current disk queue length","0 c: d:","0"
"15:58:39","run","\\tanghaiyong\physicaldisk(1 e: f: g: h:)\current disk queue length","1 e: f: g: h:","0"
"15:58:39","run","\\tanghaiyong\physicaldisk(2)\current disk queue length","2","45"
"15:58:39","run","\\tanghaiyong\physicaldisk(0 c: d:)\avg. disk queue length","0 c: d:","0"
"15:58:39","run","\\tanghaiyong\physicaldisk(1 e: f: g: h:)\avg. disk queue length","1 e: f: g: h:","0.0092"
"15:58:39","run","\\tanghaiyong\physicaldisk(2)\avg. disk queue length","2","165.6971"
"15:58:39","run","\\tanghaiyong\physicaldisk(0 c: d:)\disk read bytes/sec","0 c: d:","0"
"15:58:39","run","\\tanghaiyong\physicaldisk(1 e: f: g: h:)\disk read bytes/sec","1 e: f: g: h:","0"
"15:58:39","run","\\tanghaiyong\physicaldisk(2)\disk read bytes/sec","2","866742018.2767"
"15:58:39","run","\\tanghaiyong\physicaldisk(0 c: d:)\avg. disk bytes/read","0 c: d:","0"
"15:58:39","run","\\tanghaiyong\physicaldisk(1 e: f: g: h:)\avg. disk bytes/read","1 e: f: g: h:","0"
"15:58:39","run","\\tanghaiyong\physicaldisk(2)\avg. disk bytes/read","2","1287319.4793"
"15:58:39","run","\\tanghaiyong\physicaldisk(0 c: d:)\disk reads/sec","0 c: d:","0"
"15:58:39","run","\\tanghaiyong\physicaldisk(1 e: f: g: h:)\disk reads/sec","1 e: f: g: h:","0"
"15:58:39","run","\\tanghaiyong\physicaldisk(2)\disk reads/sec","2","673.2921"
"15:58:41","run","\\tanghaiyong\physicaldisk(0 c: d:)\% idle time","0 c: d:","99.9678"
"15:58:41","run","\\tanghaiyong\physicaldisk(1 e: f: g: h:)\% idle time","1 e: f: g: h:","96.8093"
"15:58:41","run","\\tanghaiyong\physicaldisk(2)\% idle time","2","10.6418"
"15:58:41","run","\\tanghaiyong\physicaldisk(0 c: d:)\avg. disk sec/read","0 c: d:","0"
"15:58:41","run","\\tanghaiyong\physicaldisk(1 e: f: g: h:)\avg. disk sec/read","1 e: f: g: h:","0.0004"
"15:58:41","run","\\tanghaiyong\physicaldisk(2)\avg. disk sec/read","2","0.3832"
"15:58:41","run","\\tanghaiyong\physicaldisk(0 c: d:)\avg. disk sec/transfer","0 c: d:","0.0001"
"15:58:41","run","\\tanghaiyong\physicaldisk(1 e: f: g: h:)\avg. disk sec/transfer","1 e: f: g: h:","0.0004"
"15:58:41","run","\\tanghaiyong\physicaldisk(2)\avg. disk sec/transfer","2","0.3832"
"15:58:41","run","\\tanghaiyong\physicaldisk(0 c: d:)\current disk queue length","0 c: d:","0"
"15:58:41","run","\\tanghaiyong\physicaldisk(1 e: f: g: h:)\current disk queue length","1 e: f: g: h:","0"
"15:58:41","run","\\tanghaiyong\physicaldisk(2)\current disk queue length","2","132"
"15:58:41","run","\\tanghaiyong\physicaldisk(0 c: d:)\avg. disk queue length","0 c: d:","0.0002"
"15:58:41","run","\\tanghaiyong\physicaldisk(1 e: f: g: h:)\avg. disk queue length","1 e: f: g: h:","0.0025"
"15:58:41","run","\\tanghaiyong\physicaldisk(2)\avg. disk queue length","2","299.0424"
"15:58:41","run","\\tanghaiyong\physicaldisk(0 c: d:)\disk read bytes/sec","0 c: d:","0"
"15:58:41","run","\\tanghaiyong\physicaldisk(1 e: f: g: h:)\disk read bytes/sec","1 e: f: g: h:","32540.3897"
"15:58:41","run","\\tanghaiyong\physicaldisk(2)\disk read bytes/sec","2","1011290232.2127"
"15:58:41","run","\\tanghaiyong\physicaldisk(0 c: d:)\avg. disk bytes/read","0 c: d:","0"
"15:58:41","run","\\tanghaiyong\physicaldisk(1 e: f: g: h:)\avg. disk bytes/read","1 e: f: g: h:","32768"
"15:58:41","run","\\tanghaiyong\physicaldisk(2)\avg. disk bytes/read","2","1295628.3766"
"15:58:41","run","\\tanghaiyong\physicaldisk(0 c: d:)\disk reads/sec","0 c: d:","0"
"15:58:41","run","\\tanghaiyong\physicaldisk(1 e: f: g: h:)\disk reads/sec","1 e: f: g: h:","0.9931"
"15:58:41","run","\\tanghaiyong\physicaldisk(2)\disk reads/sec","2","780.5404"
"15:58:43","run","\\tanghaiyong\physicaldisk(0 c: d:)\% idle time","0 c: d:","99.8375"
"15:58:43","run","\\tanghaiyong\physicaldisk(1 e: f: g: h:)\% idle time","1 e: f: g: h:","97.3128"
"15:58:43","run","\\tanghaiyong\physicaldisk(2)\% idle time","2","13.1431"
"15:58:43","run","\\tanghaiyong\physicaldisk(0 c: d:)\avg. disk sec/read","0 c: d:","0.0002"
"15:58:43","run","\\tanghaiyong\physicaldisk(1 e: f: g: h:)\avg. disk sec/read","1 e: f: g: h:","0.0142"
"15:58:43","run","\\tanghaiyong\physicaldisk(2)\avg. disk sec/read","2","0.3839"
"15:58:43","run","\\tanghaiyong\physicaldisk(0 c: d:)\avg. disk sec/transfer","0 c: d:","0.0001"
"15:58:43","run","\\tanghaiyong\physicaldisk(1 e: f: g: h:)\avg. disk sec/transfer","1 e: f: g: h:","0.0041"
"15:58:43","run","\\tanghaiyong\physicaldisk(2)\avg. disk sec/transfer","2","0.3839"
"15:58:43","run","\\tanghaiyong\physicaldisk(0 c: d:)\current disk queue length","0 c: d:","0"
"15:58:43","run","\\tanghaiyong\physicaldisk(1 e: f: g: h:)\current disk queue length","1 e: f: g: h:","0"
"15:58:43","run","\\tanghaiyong\physicaldisk(2)\current disk queue length","2","21"
"15:58:43","run","\\tanghaiyong\physicaldisk(0 c: d:)\avg. disk queue length","0 c: d:","0.0015"
"15:58:43","run","\\tanghaiyong\physicaldisk(1 e: f: g: h:)\avg. disk queue length","1 e: f: g: h:","0.0855"
"15:58:43","run","\\tanghaiyong\physicaldisk(2)\avg. disk queue length","2","257.0994"
"15:58:43","run","\\tanghaiyong\physicaldisk(0 c: d:)\disk read bytes/sec","0 c: d:","70220.5344"
"15:58:43","run","\\tanghaiyong\physicaldisk(1 e: f: g: h:)\disk read bytes/sec","1 e: f: g: h:","32566.0449"
"15:58:43","run","\\tanghaiyong\physicaldisk(2)\disk read bytes/sec","2","863618945.4716"
"15:58:43","run","\\tanghaiyong\physicaldisk(0 c: d:)\avg. disk bytes/read","0 c: d:","14131.2"
"15:58:43","run","\\tanghaiyong\physicaldisk(1 e: f: g: h:)\avg. disk bytes/read","1 e: f: g: h:","16384"
"15:58:43","run","\\tanghaiyong\physicaldisk(2)\avg. disk bytes/read","2","1289279.8101"
"15:58:43","run","\\tanghaiyong\physicaldisk(0 c: d:)\disk reads/sec","0 c: d:","4.9692"
"15:58:43","run","\\tanghaiyong\physicaldisk(1 e: f: g: h:)\disk reads/sec","1 e: f: g: h:","1.9877"
"15:58:43","run","\\tanghaiyong\physicaldisk(2)\disk reads/sec","2","669.846"
"15:58:45","run","\\tanghaiyong\physicaldisk(0 c: d:)\% idle time","0 c: d:","99.874"
"15:58:45","run","\\tanghaiyong\physicaldisk(1 e: f: g: h:)\% idle time","1 e: f: g: h:","61.3231"
"15:58:45","run","\\tanghaiyong\physicaldisk(2)\% idle time","2","10.8246"
"15:58:45","run","\\tanghaiyong\physicaldisk(0 c: d:)\avg. disk sec/read","0 c: d:","0.0003"
"15:58:45","run","\\tanghaiyong\physicaldisk(1 e: f: g: h:)\avg. disk sec/read","1 e: f: g: h:","0"
"15:58:45","run","\\tanghaiyong\physicaldisk(2)\avg. disk sec/read","2","0.4064"
"15:58:45","run","\\tanghaiyong\physicaldisk(0 c: d:)\avg. disk sec/transfer","0 c: d:","0.0001"
"15:58:45","run","\\tanghaiyong\physicaldisk(1 e: f: g: h:)\avg. disk sec/transfer","1 e: f: g: h:","0.0003"
"15:58:45","run","\\tanghaiyong\physicaldisk(2)\avg. disk sec/transfer","2","0.4064"
"15:58:45","run","\\tanghaiyong\physicaldisk(0 c: d:)\current disk queue length","0 c: d:","0"
"15:58:45","run","\\tanghaiyong\physicaldisk(1 e: f: g: h:)\current disk queue length","1 e: f: g: h:","0"
"15:58:45","run","\\tanghaiyong\physicaldisk(2)\current disk queue length","2","108"
"15:58:45","run","\\tanghaiyong\physicaldisk(0 c: d:)\avg. disk queue length","0 c: d:","0.0008"
"15:58:45","run","\\tanghaiyong\physicaldisk(1 e: f: g: h:)\avg. disk queue length","1 e: f: g: h:","0.0007"
"15:58:45","run","\\tanghaiyong\physicaldisk(2)\avg. disk queue length","2","315.0749"
"15:58:45","run","\\tanghaiyong\physicaldisk(0 c: d:)\disk read bytes/sec","0 c: d:","16284.1893"
"15:58:45","run","\\tanghaiyong\physicaldisk(1 e: f: g: h:)\disk read bytes/sec","1 e: f: g: h:","0"
"15:58:45","run","\\tanghaiyong\physicaldisk(2)\disk read bytes/sec","2","996315555.0683"
"15:58:45","run","\\tanghaiyong\physicaldisk(0 c: d:)\avg. disk bytes/read","0 c: d:","16384"
"15:58:45","run","\\tanghaiyong\physicaldisk(1 e: f: g: h:)\avg. disk bytes/read","1 e: f: g: h:","0"
"15:58:45","run","\\tanghaiyong\physicaldisk(2)\avg. disk bytes/read","2","1285156.759"
"15:58:45","run","\\tanghaiyong\physicaldisk(0 c: d:)\disk reads/sec","0 c: d:","0.9939"
"15:58:45","run","\\tanghaiyong\physicaldisk(1 e: f: g: h:)\disk reads/sec","1 e: f: g: h:","0"
"15:58:45","run","\\tanghaiyong\physicaldisk(2)\disk reads/sec","2","775.2483"
"15:58:47","run","\\tanghaiyong\physicaldisk(0 c: d:)\% idle time","0 c: d:","99.9604"
"15:58:47","run","\\tanghaiyong\physicaldisk(1 e: f: g: h:)\% idle time","1 e: f: g: h:","99.9605"
"15:58:47","run","\\tanghaiyong\physicaldisk(2)\% idle time","2","12.2814"
"15:58:47","run","\\tanghaiyong\physicaldisk(0 c: d:)\avg. disk sec/read","0 c: d:","0"
"15:58:47","run","\\tanghaiyong\physicaldisk(1 e: f: g: h:)\avg. disk sec/read","1 e: f: g: h:","0"
"15:58:47","run","\\tanghaiyong\physicaldisk(2)\avg. disk sec/read","2","0.337"
"15:58:47","run","\\tanghaiyong\physicaldisk(0 c: d:)\avg. disk sec/transfer","0 c: d:","0"
"15:58:47","run","\\tanghaiyong\physicaldisk(1 e: f: g: h:)\avg. disk sec/transfer","1 e: f: g: h:","0"
"15:58:47","run","\\tanghaiyong\physicaldisk(2)\avg. disk sec/transfer","2","0.337"
"15:58:47","run","\\tanghaiyong\physicaldisk(0 c: d:)\current disk queue length","0 c: d:","0"
"15:58:47","run","\\tanghaiyong\physicaldisk(1 e: f: g: h:)\current disk queue length","1 e: f: g: h:","0"
"15:58:47","run","\\tanghaiyong\physicaldisk(2)\current disk queue length","2","29"
"15:58:47","run","\\tanghaiyong\physicaldisk(0 c: d:)\avg. disk queue length","0 c: d:","0"
"15:58:47","run","\\tanghaiyong\physicaldisk(1 e: f: g: h:)\avg. disk queue length","1 e: f: g: h:","0"
"15:58:47","run","\\tanghaiyong\physicaldisk(2)\avg. disk queue length","2","266.1924"
"15:58:47","run","\\tanghaiyong\physicaldisk(0 c: d:)\disk read bytes/sec","0 c: d:","0"
"15:58:47","run","\\tanghaiyong\physicaldisk(1 e: f: g: h:)\disk read bytes/sec","1 e: f: g: h:","0"
"15:58:47","run","\\tanghaiyong\physicaldisk(2)\disk read bytes/sec","2","1021182089.2473"
"15:58:47","run","\\tanghaiyong\physicaldisk(0 c: d:)\avg. disk bytes/read","0 c: d:","0"
"15:58:47","run","\\tanghaiyong\physicaldisk(1 e: f: g: h:)\avg. disk bytes/read","1 e: f: g: h:","0"
"15:58:47","run","\\tanghaiyong\physicaldisk(2)\avg. disk bytes/read","2","1292432.8081"
"15:58:47","run","\\tanghaiyong\physicaldisk(0 c: d:)\disk reads/sec","0 c: d:","0"
"15:58:47","run","\\tanghaiyong\physicaldisk(1 e: f: g: h:)\disk reads/sec","1 e: f: g: h:","0"
"15:58:47","run","\\tanghaiyong\physicaldisk(2)\disk reads/sec","2","790.1239"
"15:58:49","run","\\tanghaiyong\physicaldisk(0 c: d:)\% idle time","0 c: d:","99.9856"
"15:58:49","run","\\tanghaiyong\physicaldisk(1 e: f: g: h:)\% idle time","1 e: f: g: h:","3.5996"
"15:58:49","run","\\tanghaiyong\physicaldisk(2)\% idle time","2","51.2664"
"15:58:49","run","\\tanghaiyong\physicaldisk(0 c: d:)\avg. disk sec/read","0 c: d:","0"
"15:58:49","run","\\tanghaiyong\physicaldisk(1 e: f: g: h:)\avg. disk sec/read","1 e: f: g: h:","0.2037"
"15:58:49","run","\\tanghaiyong\physicaldisk(2)\avg. disk sec/read","2","0.5068"
"15:58:49","run","\\tanghaiyong\physicaldisk(0 c: d:)\avg. disk sec/transfer","0 c: d:","0"
"15:58:49","run","\\tanghaiyong\physicaldisk(1 e: f: g: h:)\avg. disk sec/transfer","1 e: f: g: h:","0.1671"
"15:58:49","run","\\tanghaiyong\physicaldisk(2)\avg. disk sec/transfer","2","0.5068"
"15:58:49","run","\\tanghaiyong\physicaldisk(0 c: d:)\current disk queue length","0 c: d:","0"
"15:58:49","run","\\tanghaiyong\physicaldisk(1 e: f: g: h:)\current disk queue length","1 e: f: g: h:","6"
"15:58:49","run","\\tanghaiyong\physicaldisk(2)\current disk queue length","2","0"
"15:58:49","run","\\tanghaiyong\physicaldisk(0 c: d:)\avg. disk queue length","0 c: d:","0"
"15:58:49","run","\\tanghaiyong\physicaldisk(1 e: f: g: h:)\avg. disk queue length","1 e: f: g: h:","4.813"
"15:58:49","run","\\tanghaiyong\physicaldisk(2)\avg. disk queue length","2","211.9801"
"15:58:49","run","\\tanghaiyong\physicaldisk(0 c: d:)\disk read bytes/sec","0 c: d:","0"
"15:58:49","run","\\tanghaiyong\physicaldisk(1 e: f: g: h:)\disk read bytes/sec","1 e: f: g: h:","27889659.4427"
"15:58:49","run","\\tanghaiyong\physicaldisk(2)\disk read bytes/sec","2","537070272.4851"
"15:58:49","run","\\tanghaiyong\physicaldisk(0 c: d:)\avg. disk bytes/read","0 c: d:","0"
"15:58:49","run","\\tanghaiyong\physicaldisk(1 e: f: g: h:)\avg. disk bytes/read","1 e: f: g: h:","1220429.913"
"15:58:49","run","\\tanghaiyong\physicaldisk(2)\avg. disk bytes/read","2","1283945.1971"
"15:58:49","run","\\tanghaiyong\physicaldisk(0 c: d:)\disk reads/sec","0 c: d:","0"
"15:58:49","run","\\tanghaiyong\physicaldisk(1 e: f: g: h:)\disk reads/sec","1 e: f: g: h:","22.8523"
"15:58:49","run","\\tanghaiyong\physicaldisk(2)\disk reads/sec","2","418.2969"
"15:58:51","run","\\tanghaiyong\physicaldisk(0 c: d:)\% idle time","0 c: d:","99.9912"
"15:58:51","run","\\tanghaiyong\physicaldisk(1 e: f: g: h:)\% idle time","1 e: f: g: h:","56.0872"
"15:58:51","run","\\tanghaiyong\physicaldisk(2)\% idle time","2","53.7602"
"15:58:51","run","\\tanghaiyong\physicaldisk(0 c: d:)\avg. disk sec/read","0 c: d:","0"
"15:58:51","run","\\tanghaiyong\physicaldisk(1 e: f: g: h:)\avg. disk sec/read","1 e: f: g: h:","0.0808"
"15:58:51","run","\\tanghaiyong\physicaldisk(2)\avg. disk sec/read","2","0.2234"
"15:58:51","run","\\tanghaiyong\physicaldisk(0 c: d:)\avg. disk sec/transfer","0 c: d:","0"
"15:58:51","run","\\tanghaiyong\physicaldisk(1 e: f: g: h:)\avg. disk sec/transfer","1 e: f: g: h:","0.0808"
"15:58:51","run","\\tanghaiyong\physicaldisk(2)\avg. disk sec/transfer","2","0.2234"
"15:58:51","run","\\tanghaiyong\physicaldisk(0 c: d:)\current disk queue length","0 c: d:","0"
"15:58:51","run","\\tanghaiyong\physicaldisk(1 e: f: g: h:)\current disk queue length","1 e: f: g: h:","0"
"15:58:51","run","\\tanghaiyong\physicaldisk(2)\current disk queue length","2","52"
"15:58:51","run","\\tanghaiyong\physicaldisk(0 c: d:)\avg. disk queue length","0 c: d:","0"
"15:58:51","run","\\tanghaiyong\physicaldisk(1 e: f: g: h:)\avg. disk queue length","1 e: f: g: h:","2.8921"
"15:58:51","run","\\tanghaiyong\physicaldisk(2)\avg. disk queue length","2","90.3529"
"15:58:51","run","\\tanghaiyong\physicaldisk(0 c: d:)\disk read bytes/sec","0 c: d:","0"
"15:58:51","run","\\tanghaiyong\physicaldisk(1 e: f: g: h:)\disk read bytes/sec","1 e: f: g: h:","42696217.8616"
"15:58:51","run","\\tanghaiyong\physicaldisk(2)\disk read bytes/sec","2","523306538.2496"
"15:58:51","run","\\tanghaiyong\physicaldisk(0 c: d:)\avg. disk bytes/read","0 c: d:","0"
"15:58:51","run","\\tanghaiyong\physicaldisk(1 e: f: g: h:)\avg. disk bytes/read","1 e: f: g: h:","1193187.5556"
"15:58:51","run","\\tanghaiyong\physicaldisk(2)\avg. disk bytes/read","2","1293551.0172"
"15:58:51","run","\\tanghaiyong\physicaldisk(0 c: d:)\disk reads/sec","0 c: d:","0"
"15:58:51","run","\\tanghaiyong\physicaldisk(1 e: f: g: h:)\disk reads/sec","1 e: f: g: h:","35.7833"
"15:58:51","run","\\tanghaiyong\physicaldisk(2)\disk reads/sec","2","404.5504"
"15:58:53","run","\\tanghaiyong\physicaldisk(0 c: d:)\% idle time","0 c: d:","99.6442"
"15:58:53","run","\\tanghaiyong\physicaldisk(1 e: f: g: h:)\% idle time","1 e: f: g: h:","99.9881"
"15:58:53","run","\\tanghaiyong\physicaldisk(2)\% idle time","2","43.6209"
"15:58:53","run","\\tanghaiyong\physicaldisk(0 c: d:)\avg. disk sec/read","0 c: d:","0.0003"
"15:58:53","run","\\tanghaiyong\physicaldisk(1 e: f: g: h:)\avg. disk sec/read","1 e: f: g: h:","0"
"15:58:53","run","\\tanghaiyong\physicaldisk(2)\avg. disk sec/read","2","0.0923"
"15:58:53","run","\\tanghaiyong\physicaldisk(0 c: d:)\avg. disk sec/transfer","0 c: d:","0.0002"
"15:58:53","run","\\tanghaiyong\physicaldisk(1 e: f: g: h:)\avg. disk sec/transfer","1 e: f: g: h:","0"
"15:58:53","run","\\tanghaiyong\physicaldisk(2)\avg. disk sec/transfer","2","0.0923"
"15:58:53","run","\\tanghaiyong\physicaldisk(0 c: d:)\current disk queue length","0 c: d:","0"
"15:58:53","run","\\tanghaiyong\physicaldisk(1 e: f: g: h:)\current disk queue length","1 e: f: g: h:","0"
"15:58:53","run","\\tanghaiyong\physicaldisk(2)\current disk queue length","2","77"
"15:58:53","run","\\tanghaiyong\physicaldisk(0 c: d:)\avg. disk queue length","0 c: d:","0.0034"
"15:58:53","run","\\tanghaiyong\physicaldisk(1 e: f: g: h:)\avg. disk queue length","1 e: f: g: h:","0"
"15:58:53","run","\\tanghaiyong\physicaldisk(2)\avg. disk queue length","2","47.4227"
"15:58:53","run","\\tanghaiyong\physicaldisk(0 c: d:)\disk read bytes/sec","0 c: d:","233480.128"
"15:58:53","run","\\tanghaiyong\physicaldisk(1 e: f: g: h:)\disk read bytes/sec","1 e: f: g: h:","0"
"15:58:53","run","\\tanghaiyong\physicaldisk(2)\disk read bytes/sec","2","643826040.8961"
"15:58:53","run","\\tanghaiyong\physicaldisk(0 c: d:)\avg. disk bytes/read","0 c: d:","33499.4286"
"15:58:53","run","\\tanghaiyong\physicaldisk(1 e: f: g: h:)\avg. disk bytes/read","1 e: f: g: h:","0"
"15:58:53","run","\\tanghaiyong\physicaldisk(2)\avg. disk bytes/read","2","1253153.7364"
"15:58:53","run","\\tanghaiyong\physicaldisk(0 c: d:)\disk reads/sec","0 c: d:","6.9697"
"15:58:53","run","\\tanghaiyong\physicaldisk(1 e: f: g: h:)\disk reads/sec","1 e: f: g: h:","0"
"15:58:53","run","\\tanghaiyong\physicaldisk(2)\disk reads/sec","2","513.7646"
"15:58:55","run","\\tanghaiyong\physicaldisk(0 c: d:)\% idle time","0 c: d:","99.7317"
"15:58:55","run","\\tanghaiyong\physicaldisk(1 e: f: g: h:)\% idle time","1 e: f: g: h:","94.6639"
"15:58:55","run","\\tanghaiyong\physicaldisk(2)\% idle time","2","38.2759"
"15:58:55","run","\\tanghaiyong\physicaldisk(0 c: d:)\avg. disk sec/read","0 c: d:","0.0005"
"15:58:55","run","\\tanghaiyong\physicaldisk(1 e: f: g: h:)\avg. disk sec/read","1 e: f: g: h:","0"
"15:58:55","run","\\tanghaiyong\physicaldisk(2)\avg. disk sec/read","2","0.1057"
"15:58:55","run","\\tanghaiyong\physicaldisk(0 c: d:)\avg. disk sec/transfer","0 c: d:","0.0002"
"15:58:55","run","\\tanghaiyong\physicaldisk(1 e: f: g: h:)\avg. disk sec/transfer","1 e: f: g: h:","0.0003"
"15:58:55","run","\\tanghaiyong\physicaldisk(2)\avg. disk sec/transfer","2","0.1057"
"15:58:55","run","\\tanghaiyong\physicaldisk(0 c: d:)\current disk queue length","0 c: d:","0"
"15:58:55","run","\\tanghaiyong\physicaldisk(1 e: f: g: h:)\current disk queue length","1 e: f: g: h:","0"
"15:58:55","run","\\tanghaiyong\physicaldisk(2)\current disk queue length","2","0"
"15:58:55","run","\\tanghaiyong\physicaldisk(0 c: d:)\avg. disk queue length","0 c: d:","0.0018"
"15:58:55","run","\\tanghaiyong\physicaldisk(1 e: f: g: h:)\avg. disk queue length","1 e: f: g: h:","0.0003"
"15:58:55","run","\\tanghaiyong\physicaldisk(2)\avg. disk queue length","2","61.3572"
"15:58:55","run","\\tanghaiyong\physicaldisk(0 c: d:)\disk read bytes/sec","0 c: d:","114591.9948"
"15:58:55","run","\\tanghaiyong\physicaldisk(1 e: f: g: h:)\disk read bytes/sec","1 e: f: g: h:","0"
"15:58:55","run","\\tanghaiyong\physicaldisk(2)\disk read bytes/sec","2","724188666.735"
"15:58:55","run","\\tanghaiyong\physicaldisk(0 c: d:)\avg. disk bytes/read","0 c: d:","57344"
"15:58:55","run","\\tanghaiyong\physicaldisk(1 e: f: g: h:)\avg. disk bytes/read","1 e: f: g: h:","0"
"15:58:55","run","\\tanghaiyong\physicaldisk(2)\avg. disk bytes/read","2","1247496.3718"
"15:58:55","run","\\tanghaiyong\physicaldisk(0 c: d:)\disk reads/sec","0 c: d:","1.9983"
"15:58:55","run","\\tanghaiyong\physicaldisk(1 e: f: g: h:)\disk reads/sec","1 e: f: g: h:","0"
"15:58:55","run","\\tanghaiyong\physicaldisk(2)\disk reads/sec","2","580.5136"
"15:58:57","run","\\tanghaiyong\physicaldisk(0 c: d:)\% idle time","0 c: d:","99.9379"
"15:58:57","run","\\tanghaiyong\physicaldisk(1 e: f: g: h:)\% idle time","1 e: f: g: h:","99.9707"
"15:58:57","run","\\tanghaiyong\physicaldisk(2)\% idle time","2","38.8159"
"15:58:57","run","\\tanghaiyong\physicaldisk(0 c: d:)\avg. disk sec/read","0 c: d:","0"
"15:58:57","run","\\tanghaiyong\physicaldisk(1 e: f: g: h:)\avg. disk sec/read","1 e: f: g: h:","0"
"15:58:57","run","\\tanghaiyong\physicaldisk(2)\avg. disk sec/read","2","0.0998"
"15:58:57","run","\\tanghaiyong\physicaldisk(0 c: d:)\avg. disk sec/transfer","0 c: d:","0.0001"
"15:58:57","run","\\tanghaiyong\physicaldisk(1 e: f: g: h:)\avg. disk sec/transfer","1 e: f: g: h:","0"
"15:58:57","run","\\tanghaiyong\physicaldisk(2)\avg. disk sec/transfer","2","0.0998"
"15:58:57","run","\\tanghaiyong\physicaldisk(0 c: d:)\current disk queue length","0 c: d:","0"
"15:58:57","run","\\tanghaiyong\physicaldisk(1 e: f: g: h:)\current disk queue length","1 e: f: g: h:","0"
"15:58:57","run","\\tanghaiyong\physicaldisk(2)\current disk queue length","2","0"
"15:58:57","run","\\tanghaiyong\physicaldisk(0 c: d:)\avg. disk queue length","0 c: d:","0.0003"
"15:58:57","run","\\tanghaiyong\physicaldisk(1 e: f: g: h:)\avg. disk queue length","1 e: f: g: h:","0"
"15:58:57","run","\\tanghaiyong\physicaldisk(2)\avg. disk queue length","2","54.3966"
"15:58:57","run","\\tanghaiyong\physicaldisk(0 c: d:)\disk read bytes/sec","0 c: d:","0"
"15:58:57","run","\\tanghaiyong\physicaldisk(1 e: f: g: h:)\disk read bytes/sec","1 e: f: g: h:","0"
"15:58:57","run","\\tanghaiyong\physicaldisk(2)\disk read bytes/sec","2","681820356.1362"
"15:58:57","run","\\tanghaiyong\physicaldisk(0 c: d:)\avg. disk bytes/read","0 c: d:","0"
"15:58:57","run","\\tanghaiyong\physicaldisk(1 e: f: g: h:)\avg. disk bytes/read","1 e: f: g: h:","0"
"15:58:57","run","\\tanghaiyong\physicaldisk(2)\avg. disk bytes/read","2","1251084.6362"
"15:58:57","run","\\tanghaiyong\physicaldisk(0 c: d:)\disk reads/sec","0 c: d:","0"
"15:58:57","run","\\tanghaiyong\physicaldisk(1 e: f: g: h:)\disk reads/sec","1 e: f: g: h:","0"
"15:58:57","run","\\tanghaiyong\physicaldisk(2)\disk reads/sec","2","544.9834"
"15:58:59","run","\\tanghaiyong\physicaldisk(0 c: d:)\% idle time","0 c: d:","99.9576"
"15:58:59","run","\\tanghaiyong\physicaldisk(1 e: f: g: h:)\% idle time","1 e: f: g: h:","99.9667"
"15:58:59","run","\\tanghaiyong\physicaldisk(2)\% idle time","2","39.5097"
"15:58:59","run","\\tanghaiyong\physicaldisk(0 c: d:)\avg. disk sec/read","0 c: d:","0"
"15:58:59","run","\\tanghaiyong\physicaldisk(1 e: f: g: h:)\avg. disk sec/read","1 e: f: g: h:","0"
"15:58:59","run","\\tanghaiyong\physicaldisk(2)\avg. disk sec/read","2","0.0958"
"15:58:59","run","\\tanghaiyong\physicaldisk(0 c: d:)\avg. disk sec/transfer","0 c: d:","0.0001"
"15:58:59","run","\\tanghaiyong\physicaldisk(1 e: f: g: h:)\avg. disk sec/transfer","1 e: f: g: h:","0"
"15:58:59","run","\\tanghaiyong\physicaldisk(2)\avg. disk sec/transfer","2","0.0958"
"15:58:59","run","\\tanghaiyong\physicaldisk(0 c: d:)\current disk queue length","0 c: d:","0"
"15:58:59","run","\\tanghaiyong\physicaldisk(1 e: f: g: h:)\current disk queue length","1 e: f: g: h:","0"
"15:58:59","run","\\tanghaiyong\physicaldisk(2)\current disk queue length","2","227"
"15:58:59","run","\\tanghaiyong\physicaldisk(0 c: d:)\avg. disk queue length","0 c: d:","0.0001"
"15:58:59","run","\\tanghaiyong\physicaldisk(1 e: f: g: h:)\avg. disk queue length","1 e: f: g: h:","0"
"15:58:59","run","\\tanghaiyong\physicaldisk(2)\avg. disk queue length","2","52.0659"
"15:58:59","run","\\tanghaiyong\physicaldisk(0 c: d:)\disk read bytes/sec","0 c: d:","0"
"15:58:59","run","\\tanghaiyong\physicaldisk(1 e: f: g: h:)\disk read bytes/sec","1 e: f: g: h:","0"
"15:58:59","run","\\tanghaiyong\physicaldisk(2)\disk read bytes/sec","2","689510948.8099"
"15:58:59","run","\\tanghaiyong\physicaldisk(0 c: d:)\avg. disk bytes/read","0 c: d:","0"
"15:58:59","run","\\tanghaiyong\physicaldisk(1 e: f: g: h:)\avg. disk bytes/read","1 e: f: g: h:","0"
"15:58:59","run","\\tanghaiyong\physicaldisk(2)\avg. disk bytes/read","2","1267689.4945"
"15:58:59","run","\\tanghaiyong\physicaldisk(0 c: d:)\disk reads/sec","0 c: d:","0"
"15:58:59","run","\\tanghaiyong\physicaldisk(1 e: f: g: h:)\disk reads/sec","1 e: f: g: h:","0"
"15:58:59","run","\\tanghaiyong\physicaldisk(2)\disk reads/sec","2","543.9115"
"15:59:01","run","\\tanghaiyong\physicaldisk(0 c: d:)\% idle time","0 c: d:","99.9907"
"15:59:01","run","\\tanghaiyong\physicaldisk(1 e: f: g: h:)\% idle time","1 e: f: g: h:","36.0856"
"15:59:01","run","\\tanghaiyong\physicaldisk(2)\% idle time","2","12.5216"
"15:59:01","run","\\tanghaiyong\physicaldisk(0 c: d:)\avg. disk sec/read","0 c: d:","0"
"15:59:01","run","\\tanghaiyong\physicaldisk(1 e: f: g: h:)\avg. disk sec/read","1 e: f: g: h:","0"
"15:59:01","run","\\tanghaiyong\physicaldisk(2)\avg. disk sec/read","2","0.327"
"15:59:01","run","\\tanghaiyong\physicaldisk(0 c: d:)\avg. disk sec/transfer","0 c: d:","0.0001"
"15:59:01","run","\\tanghaiyong\physicaldisk(1 e: f: g: h:)\avg. disk sec/transfer","1 e: f: g: h:","0.0004"
"15:59:01","run","\\tanghaiyong\physicaldisk(2)\avg. disk sec/transfer","2","0.327"
"15:59:01","run","\\tanghaiyong\physicaldisk(0 c: d:)\current disk queue length","0 c: d:","0"
"15:59:01","run","\\tanghaiyong\physicaldisk(1 e: f: g: h:)\current disk queue length","1 e: f: g: h:","0"
"15:59:01","run","\\tanghaiyong\physicaldisk(2)\current disk queue length","2","115"
"15:59:01","run","\\tanghaiyong\physicaldisk(0 c: d:)\avg. disk queue length","0 c: d:","0.0002"
"15:59:01","run","\\tanghaiyong\physicaldisk(1 e: f: g: h:)\avg. disk queue length","1 e: f: g: h:","0.0004"
"15:59:01","run","\\tanghaiyong\physicaldisk(2)\avg. disk queue length","2","266.3058"
"15:59:01","run","\\tanghaiyong\physicaldisk(0 c: d:)\disk read bytes/sec","0 c: d:","0"
"15:59:01","run","\\tanghaiyong\physicaldisk(1 e: f: g: h:)\disk read bytes/sec","1 e: f: g: h:","0"
"15:59:01","run","\\tanghaiyong\physicaldisk(2)\disk read bytes/sec","2","1039565699.9971"
"15:59:01","run","\\tanghaiyong\physicaldisk(0 c: d:)\avg. disk bytes/read","0 c: d:","0"
"15:59:01","run","\\tanghaiyong\physicaldisk(1 e: f: g: h:)\avg. disk bytes/read","1 e: f: g: h:","0"
"15:59:01","run","\\tanghaiyong\physicaldisk(2)\avg. disk bytes/read","2","1276437.9339"
"15:59:01","run","\\tanghaiyong\physicaldisk(0 c: d:)\disk reads/sec","0 c: d:","0"
"15:59:01","run","\\tanghaiyong\physicaldisk(1 e: f: g: h:)\disk reads/sec","1 e: f: g: h:","0"
"15:59:01","run","\\tanghaiyong\physicaldisk(2)\disk reads/sec","2","814.4271"
"15:59:03","run","\\tanghaiyong\physicaldisk(0 c: d:)\% idle time","0 c: d:","99.9215"
"15:59:03","run","\\tanghaiyong\physicaldisk(1 e: f: g: h:)\% idle time","1 e: f: g: h:","99.9823"
"15:59:03","run","\\tanghaiyong\physicaldisk(2)\% idle time","2","12.6497"
"15:59:03","run","\\tanghaiyong\physicaldisk(0 c: d:)\avg. disk sec/read","0 c: d:","0.0001"
"15:59:03","run","\\tanghaiyong\physicaldisk(1 e: f: g: h:)\avg. disk sec/read","1 e: f: g: h:","0"
"15:59:03","run","\\tanghaiyong\physicaldisk(2)\avg. disk sec/read","2","0.4236"
"15:59:03","run","\\tanghaiyong\physicaldisk(0 c: d:)\avg. disk sec/transfer","0 c: d:","0.0001"
"15:59:03","run","\\tanghaiyong\physicaldisk(1 e: f: g: h:)\avg. disk sec/transfer","1 e: f: g: h:","0"
"15:59:03","run","\\tanghaiyong\physicaldisk(2)\avg. disk sec/transfer","2","0.4236"
"15:59:03","run","\\tanghaiyong\physicaldisk(0 c: d:)\current disk queue length","0 c: d:","0"
"15:59:03","run","\\tanghaiyong\physicaldisk(1 e: f: g: h:)\current disk queue length","1 e: f: g: h:","0"
"15:59:03","run","\\tanghaiyong\physicaldisk(2)\current disk queue length","2","29"
"15:59:03","run","\\tanghaiyong\physicaldisk(0 c: d:)\avg. disk queue length","0 c: d:","0.0006"
"15:59:03","run","\\tanghaiyong\physicaldisk(1 e: f: g: h:)\avg. disk queue length","1 e: f: g: h:","0"
"15:59:03","run","\\tanghaiyong\physicaldisk(2)\avg. disk queue length","2","321.2855"
"15:59:03","run","\\tanghaiyong\physicaldisk(0 c: d:)\disk read bytes/sec","0 c: d:","5097.0135"
"15:59:03","run","\\tanghaiyong\physicaldisk(1 e: f: g: h:)\disk read bytes/sec","1 e: f: g: h:","0"
"15:59:03","run","\\tanghaiyong\physicaldisk(2)\disk read bytes/sec","2","978479795.8168"
"15:59:03","run","\\tanghaiyong\physicaldisk(0 c: d:)\avg. disk bytes/read","0 c: d:","1706.6667"
"15:59:03","run","\\tanghaiyong\physicaldisk(1 e: f: g: h:)\avg. disk bytes/read","1 e: f: g: h:","0"
"15:59:03","run","\\tanghaiyong\physicaldisk(2)\avg. disk bytes/read","2","1289885.2283"
"15:59:03","run","\\tanghaiyong\physicaldisk(0 c: d:)\disk reads/sec","0 c: d:","2.9865"
"15:59:03","run","\\tanghaiyong\physicaldisk(1 e: f: g: h:)\disk reads/sec","1 e: f: g: h:","0"
"15:59:03","run","\\tanghaiyong\physicaldisk(2)\disk reads/sec","2","758.579"
"15:59:05","run","\\tanghaiyong\physicaldisk(0 c: d:)\% idle time","0 c: d:","99.953"
"15:59:05","run","\\tanghaiyong\physicaldisk(1 e: f: g: h:)\% idle time","1 e: f: g: h:","99.9924"
"15:59:05","run","\\tanghaiyong\physicaldisk(2)\% idle time","2","12.8805"
"15:59:05","run","\\tanghaiyong\physicaldisk(0 c: d:)\avg. disk sec/read","0 c: d:","0.0002"
"15:59:05","run","\\tanghaiyong\physicaldisk(1 e: f: g: h:)\avg. disk sec/read","1 e: f: g: h:","0"
"15:59:05","run","\\tanghaiyong\physicaldisk(2)\avg. disk sec/read","2","0.3414"
"15:59:05","run","\\tanghaiyong\physicaldisk(0 c: d:)\avg. disk sec/transfer","0 c: d:","0.0001"
"15:59:05","run","\\tanghaiyong\physicaldisk(1 e: f: g: h:)\avg. disk sec/transfer","1 e: f: g: h:","0"
"15:59:05","run","\\tanghaiyong\physicaldisk(2)\avg. disk sec/transfer","2","0.3414"
"15:59:05","run","\\tanghaiyong\physicaldisk(0 c: d:)\current disk queue length","0 c: d:","0"
"15:59:05","run","\\tanghaiyong\physicaldisk(1 e: f: g: h:)\current disk queue length","1 e: f: g: h:","0"
"15:59:05","run","\\tanghaiyong\physicaldisk(2)\current disk queue length","2","187"
"15:59:05","run","\\tanghaiyong\physicaldisk(0 c: d:)\avg. disk queue length","0 c: d:","0.0004"
"15:59:05","run","\\tanghaiyong\physicaldisk(1 e: f: g: h:)\avg. disk queue length","1 e: f: g: h:","0"
"15:59:05","run","\\tanghaiyong\physicaldisk(2)\avg. disk queue length","2","271.3386"
"15:59:05","run","\\tanghaiyong\physicaldisk(0 c: d:)\disk read bytes/sec","0 c: d:","16277.5723"
"15:59:05","run","\\tanghaiyong\physicaldisk(1 e: f: g: h:)\disk read bytes/sec","1 e: f: g: h:","0"
"15:59:05","run","\\tanghaiyong\physicaldisk(2)\disk read bytes/sec","2","1026577655.3162"
"15:59:05","run","\\tanghaiyong\physicaldisk(0 c: d:)\avg. disk bytes/read","0 c: d:","16384"
"15:59:05","run","\\tanghaiyong\physicaldisk(1 e: f: g: h:)\avg. disk bytes/read","1 e: f: g: h:","0"
"15:59:05","run","\\tanghaiyong\physicaldisk(2)\avg. disk bytes/read","2","1291612.16"
"15:59:05","run","\\tanghaiyong\physicaldisk(0 c: d:)\disk reads/sec","0 c: d:","0.9935"
"15:59:05","run","\\tanghaiyong\physicaldisk(1 e: f: g: h:)\disk reads/sec","1 e: f: g: h:","0"
"15:59:05","run","\\tanghaiyong\physicaldisk(2)\disk reads/sec","2","794.8033"
"15:59:07","run","\\tanghaiyong\physicaldisk(0 c: d:)\% idle time","0 c: d:","99.9731"
"15:59:07","run","\\tanghaiyong\physicaldisk(1 e: f: g: h:)\% idle time","1 e: f: g: h:","99.992"
"15:59:07","run","\\tanghaiyong\physicaldisk(2)\% idle time","2","12.7471"
"15:59:07","run","\\tanghaiyong\physicaldisk(0 c: d:)\avg. disk sec/read","0 c: d:","0"
"15:59:07","run","\\tanghaiyong\physicaldisk(1 e: f: g: h:)\avg. disk sec/read","1 e: f: g: h:","0"
"15:59:07","run","\\tanghaiyong\physicaldisk(2)\avg. disk sec/read","2","0.3915"
"15:59:07","run","\\tanghaiyong\physicaldisk(0 c: d:)\avg. disk sec/transfer","0 c: d:","0"
"15:59:07","run","\\tanghaiyong\physicaldisk(1 e: f: g: h:)\avg. disk sec/transfer","1 e: f: g: h:","0"
"15:59:07","run","\\tanghaiyong\physicaldisk(2)\avg. disk sec/transfer","2","0.3915"
"15:59:07","run","\\tanghaiyong\physicaldisk(0 c: d:)\current disk queue length","0 c: d:","0"
"15:59:07","run","\\tanghaiyong\physicaldisk(1 e: f: g: h:)\current disk queue length","1 e: f: g: h:","0"
"15:59:07","run","\\tanghaiyong\physicaldisk(2)\current disk queue length","2","104"
"15:59:07","run","\\tanghaiyong\physicaldisk(0 c: d:)\avg. disk queue length","0 c: d:","0.0002"
"15:59:07","run","\\tanghaiyong\physicaldisk(1 e: f: g: h:)\avg. disk queue length","1 e: f: g: h:","0"
"15:59:07","run","\\tanghaiyong\physicaldisk(2)\avg. disk queue length","2","298.5454"
"15:59:07","run","\\tanghaiyong\physicaldisk(0 c: d:)\disk read bytes/sec","0 c: d:","0"
"15:59:07","run","\\tanghaiyong\physicaldisk(1 e: f: g: h:)\disk read bytes/sec","1 e: f: g: h:","0"
"15:59:07","run","\\tanghaiyong\physicaldisk(2)\disk read bytes/sec","2","954523921.6203"
"15:59:07","run","\\tanghaiyong\physicaldisk(0 c: d:)\avg. disk bytes/read","0 c: d:","0"
"15:59:07","run","\\tanghaiyong\physicaldisk(1 e: f: g: h:)\avg. disk bytes/read","1 e: f: g: h:","0"
"15:59:07","run","\\tanghaiyong\physicaldisk(2)\avg. disk bytes/read","2","1251613.7053"
"15:59:07","run","\\tanghaiyong\physicaldisk(0 c: d:)\disk reads/sec","0 c: d:","0"
"15:59:07","run","\\tanghaiyong\physicaldisk(1 e: f: g: h:)\disk reads/sec","1 e: f: g: h:","0"
"15:59:07","run","\\tanghaiyong\physicaldisk(2)\disk reads/sec","2","762.6346"
"15:59:09","run","\\tanghaiyong\physicaldisk(0 c: d:)\% idle time","0 c: d:","100.0036"
"15:59:09","run","\\tanghaiyong\physicaldisk(1 e: f: g: h:)\% idle time","1 e: f: g: h:","100.0182"
"15:59:09","run","\\tanghaiyong\physicaldisk(2)\% idle time","2","22.1081"
"15:59:09","run","\\tanghaiyong\physicaldisk(0 c: d:)\avg. disk sec/read","0 c: d:","0"
"15:59:09","run","\\tanghaiyong\physicaldisk(1 e: f: g: h:)\avg. disk sec/read","1 e: f: g: h:","0"
"15:59:09","run","\\tanghaiyong\physicaldisk(2)\avg. disk sec/read","2","0.3762"
"15:59:09","run","\\tanghaiyong\physicaldisk(0 c: d:)\avg. disk sec/transfer","0 c: d:","0.0001"
"15:59:09","run","\\tanghaiyong\physicaldisk(1 e: f: g: h:)\avg. disk sec/transfer","1 e: f: g: h:","0"
"15:59:09","run","\\tanghaiyong\physicaldisk(2)\avg. disk sec/transfer","2","0.3762"
"15:59:09","run","\\tanghaiyong\physicaldisk(0 c: d:)\current disk queue length","0 c: d:","0"
"15:59:09","run","\\tanghaiyong\physicaldisk(1 e: f: g: h:)\current disk queue length","1 e: f: g: h:","0"
"15:59:09","run","\\tanghaiyong\physicaldisk(2)\current disk queue length","2","29"
"15:59:09","run","\\tanghaiyong\physicaldisk(0 c: d:)\avg. disk queue length","0 c: d:","0.0001"
"15:59:09","run","\\tanghaiyong\physicaldisk(1 e: f: g: h:)\avg. disk queue length","1 e: f: g: h:","0"
"15:59:09","run","\\tanghaiyong\physicaldisk(2)\avg. disk queue length","2","259.0595"
"15:59:09","run","\\tanghaiyong\physicaldisk(0 c: d:)\disk read bytes/sec","0 c: d:","0"
"15:59:09","run","\\tanghaiyong\physicaldisk(1 e: f: g: h:)\disk read bytes/sec","1 e: f: g: h:","0"
"15:59:09","run","\\tanghaiyong\physicaldisk(2)\disk read bytes/sec","2","889368688.831"
"15:59:09","run","\\tanghaiyong\physicaldisk(0 c: d:)\avg. disk bytes/read","0 c: d:","0"
"15:59:09","run","\\tanghaiyong\physicaldisk(1 e: f: g: h:)\avg. disk bytes/read","1 e: f: g: h:","0"
"15:59:09","run","\\tanghaiyong\physicaldisk(2)\avg. disk bytes/read","2","1291684.2543"
"15:59:09","run","\\tanghaiyong\physicaldisk(0 c: d:)\disk reads/sec","0 c: d:","0"
"15:59:09","run","\\tanghaiyong\physicaldisk(1 e: f: g: h:)\disk reads/sec","1 e: f: g: h:","0"
"15:59:09","run","\\tanghaiyong\physicaldisk(2)\disk reads/sec","2","688.5341"
"15:59:11","run","\\tanghaiyong\physicaldisk(0 c: d:)\% idle time","0 c: d:","99.8025"
"15:59:11","run","\\tanghaiyong\physicaldisk(1 e: f: g: h:)\% idle time","1 e: f: g: h:","99.9823"
"15:59:11","run","\\tanghaiyong\physicaldisk(2)\% idle time","2","12.2544"
"15:59:11","run","\\tanghaiyong\physicaldisk(0 c: d:)\avg. disk sec/read","0 c: d:","0.0004"
"15:59:11","run","\\tanghaiyong\physicaldisk(1 e: f: g: h:)\avg. disk sec/read","1 e: f: g: h:","0"
"15:59:11","run","\\tanghaiyong\physicaldisk(2)\avg. disk sec/read","2","0.2938"
"15:59:11","run","\\tanghaiyong\physicaldisk(0 c: d:)\avg. disk sec/transfer","0 c: d:","0.0001"
"15:59:11","run","\\tanghaiyong\physicaldisk(1 e: f: g: h:)\avg. disk sec/transfer","1 e: f: g: h:","0"
"15:59:11","run","\\tanghaiyong\physicaldisk(2)\avg. disk sec/transfer","2","0.2938"
"15:59:11","run","\\tanghaiyong\physicaldisk(0 c: d:)\current disk queue length","0 c: d:","0"
"15:59:11","run","\\tanghaiyong\physicaldisk(1 e: f: g: h:)\current disk queue length","1 e: f: g: h:","0"
"15:59:11","run","\\tanghaiyong\physicaldisk(2)\current disk queue length","2","94"
"15:59:11","run","\\tanghaiyong\physicaldisk(0 c: d:)\avg. disk queue length","0 c: d:","0.001"
"15:59:11","run","\\tanghaiyong\physicaldisk(1 e: f: g: h:)\avg. disk queue length","1 e: f: g: h:","0"
"15:59:11","run","\\tanghaiyong\physicaldisk(2)\avg. disk queue length","2","227.561"
"15:59:11","run","\\tanghaiyong\physicaldisk(0 c: d:)\disk read bytes/sec","0 c: d:","32633.1598"
"15:59:11","run","\\tanghaiyong\physicaldisk(1 e: f: g: h:)\disk read bytes/sec","1 e: f: g: h:","0"
"15:59:11","run","\\tanghaiyong\physicaldisk(2)\disk read bytes/sec","2","970893611.5969"
"15:59:11","run","\\tanghaiyong\physicaldisk(0 c: d:)\avg. disk bytes/read","0 c: d:","32768"
"15:59:11","run","\\tanghaiyong\physicaldisk(1 e: f: g: h:)\avg. disk bytes/read","1 e: f: g: h:","0"
"15:59:11","run","\\tanghaiyong\physicaldisk(2)\avg. disk bytes/read","2","1253091.7018"
"15:59:11","run","\\tanghaiyong\physicaldisk(0 c: d:)\disk reads/sec","0 c: d:","0.9959"
"15:59:11","run","\\tanghaiyong\physicaldisk(1 e: f: g: h:)\disk reads/sec","1 e: f: g: h:","0"
"15:59:11","run","\\tanghaiyong\physicaldisk(2)\disk reads/sec","2","774.7985"
"15:59:13","run","\\tanghaiyong\physicaldisk(0 c: d:)\% idle time","0 c: d:","99.8183"
"15:59:13","run","\\tanghaiyong\physicaldisk(1 e: f: g: h:)\% idle time","1 e: f: g: h:","99.9892"
"15:59:13","run","\\tanghaiyong\physicaldisk(2)\% idle time","2","12.3364"
"15:59:13","run","\\tanghaiyong\physicaldisk(0 c: d:)\avg. disk sec/read","0 c: d:","0.0001"
"15:59:13","run","\\tanghaiyong\physicaldisk(1 e: f: g: h:)\avg. disk sec/read","1 e: f: g: h:","0"
"15:59:13","run","\\tanghaiyong\physicaldisk(2)\avg. disk sec/read","2","0.408"
"15:59:13","run","\\tanghaiyong\physicaldisk(0 c: d:)\avg. disk sec/transfer","0 c: d:","0.0001"
"15:59:13","run","\\tanghaiyong\physicaldisk(1 e: f: g: h:)\avg. disk sec/transfer","1 e: f: g: h:","0"
"15:59:13","run","\\tanghaiyong\physicaldisk(2)\avg. disk sec/transfer","2","0.408"
"15:59:13","run","\\tanghaiyong\physicaldisk(0 c: d:)\current disk queue length","0 c: d:","0"
"15:59:13","run","\\tanghaiyong\physicaldisk(1 e: f: g: h:)\current disk queue length","1 e: f: g: h:","0"
"15:59:13","run","\\tanghaiyong\physicaldisk(2)\current disk queue length","2","245"
"15:59:13","run","\\tanghaiyong\physicaldisk(0 c: d:)\avg. disk queue length","0 c: d:","0.0017"
"15:59:13","run","\\tanghaiyong\physicaldisk(1 e: f: g: h:)\avg. disk queue length","1 e: f: g: h:","0"
"15:59:13","run","\\tanghaiyong\physicaldisk(2)\avg. disk queue length","2","315.6328"
"15:59:13","run","\\tanghaiyong\physicaldisk(0 c: d:)\disk read bytes/sec","0 c: d:","49897.1299"
"15:59:13","run","\\tanghaiyong\physicaldisk(1 e: f: g: h:)\disk read bytes/sec","1 e: f: g: h:","0"
"15:59:13","run","\\tanghaiyong\physicaldisk(2)\disk read bytes/sec","2","969218144.711"
"15:59:13","run","\\tanghaiyong\physicaldisk(0 c: d:)\avg. disk bytes/read","0 c: d:","4561.4545"
"15:59:13","run","\\tanghaiyong\physicaldisk(1 e: f: g: h:)\avg. disk bytes/read","1 e: f: g: h:","0"
"15:59:13","run","\\tanghaiyong\physicaldisk(2)\avg. disk bytes/read","2","1252744.2262"
"15:59:13","run","\\tanghaiyong\physicaldisk(0 c: d:)\disk reads/sec","0 c: d:","10.9389"
"15:59:13","run","\\tanghaiyong\physicaldisk(1 e: f: g: h:)\disk reads/sec","1 e: f: g: h:","0"
"15:59:13","run","\\tanghaiyong\physicaldisk(2)\disk reads/sec","2","773.676"
"15:59:15","run","\\tanghaiyong\physicaldisk(0 c: d:)\% idle time","0 c: d:","99.9579"
"15:59:15","run","\\tanghaiyong\physicaldisk(1 e: f: g: h:)\% idle time","1 e: f: g: h:","99.9661"
"15:59:15","run","\\tanghaiyong\physicaldisk(2)\% idle time","2","12.8422"
"15:59:15","run","\\tanghaiyong\physicaldisk(0 c: d:)\avg. disk sec/read","0 c: d:","0"
"15:59:15","run","\\tanghaiyong\physicaldisk(1 e: f: g: h:)\avg. disk sec/read","1 e: f: g: h:","0"
"15:59:15","run","\\tanghaiyong\physicaldisk(2)\avg. disk sec/read","2","0.3292"
"15:59:15","run","\\tanghaiyong\physicaldisk(0 c: d:)\avg. disk sec/transfer","0 c: d:","0.0001"
"15:59:15","run","\\tanghaiyong\physicaldisk(1 e: f: g: h:)\avg. disk sec/transfer","1 e: f: g: h:","0"
"15:59:15","run","\\tanghaiyong\physicaldisk(2)\avg. disk sec/transfer","2","0.3292"
"15:59:15","run","\\tanghaiyong\physicaldisk(0 c: d:)\current disk queue length","0 c: d:","0"
"15:59:15","run","\\tanghaiyong\physicaldisk(1 e: f: g: h:)\current disk queue length","1 e: f: g: h:","0"
"15:59:15","run","\\tanghaiyong\physicaldisk(2)\current disk queue length","2","33"
"15:59:15","run","\\tanghaiyong\physicaldisk(0 c: d:)\avg. disk queue length","0 c: d:","0.0001"
"15:59:15","run","\\tanghaiyong\physicaldisk(1 e: f: g: h:)\avg. disk queue length","1 e: f: g: h:","0"
"15:59:15","run","\\tanghaiyong\physicaldisk(2)\avg. disk queue length","2","246.0088"
"15:59:15","run","\\tanghaiyong\physicaldisk(0 c: d:)\disk read bytes/sec","0 c: d:","0"
"15:59:15","run","\\tanghaiyong\physicaldisk(1 e: f: g: h:)\disk read bytes/sec","1 e: f: g: h:","0"
"15:59:15","run","\\tanghaiyong\physicaldisk(2)\disk read bytes/sec","2","967071531.7535"
"15:59:15","run","\\tanghaiyong\physicaldisk(0 c: d:)\avg. disk bytes/read","0 c: d:","0"
"15:59:15","run","\\tanghaiyong\physicaldisk(1 e: f: g: h:)\avg. disk bytes/read","1 e: f: g: h:","0"
"15:59:15","run","\\tanghaiyong\physicaldisk(2)\avg. disk bytes/read","2","1293876.6355"
"15:59:15","run","\\tanghaiyong\physicaldisk(0 c: d:)\disk reads/sec","0 c: d:","0"
"15:59:15","run","\\tanghaiyong\physicaldisk(1 e: f: g: h:)\disk reads/sec","1 e: f: g: h:","0"
"15:59:15","run","\\tanghaiyong\physicaldisk(2)\disk reads/sec","2","747.4217"
"15:59:17","run","\\tanghaiyong\physicaldisk(0 c: d:)\% idle time","0 c: d:","99.9532"
"15:59:17","run","\\tanghaiyong\physicaldisk(1 e: f: g: h:)\% idle time","1 e: f: g: h:","99.9534"
"15:59:17","run","\\tanghaiyong\physicaldisk(2)\% idle time","2","6.4609"
"15:59:17","run","\\tanghaiyong\physicaldisk(0 c: d:)\avg. disk sec/read","0 c: d:","0"
"15:59:17","run","\\tanghaiyong\physicaldisk(1 e: f: g: h:)\avg. disk sec/read","1 e: f: g: h:","0"
"15:59:17","run","\\tanghaiyong\physicaldisk(2)\avg. disk sec/read","2","0.3477"
"15:59:17","run","\\tanghaiyong\physicaldisk(0 c: d:)\avg. disk sec/transfer","0 c: d:","0"
"15:59:17","run","\\tanghaiyong\physicaldisk(1 e: f: g: h:)\avg. disk sec/transfer","1 e: f: g: h:","0"
"15:59:17","run","\\tanghaiyong\physicaldisk(2)\avg. disk sec/transfer","2","0.3477"
"15:59:17","run","\\tanghaiyong\physicaldisk(0 c: d:)\current disk queue length","0 c: d:","0"
"15:59:17","run","\\tanghaiyong\physicaldisk(1 e: f: g: h:)\current disk queue length","1 e: f: g: h:","0"
"15:59:17","run","\\tanghaiyong\physicaldisk(2)\current disk queue length","2","59"
"15:59:17","run","\\tanghaiyong\physicaldisk(0 c: d:)\avg. disk queue length","0 c: d:","0"
"15:59:17","run","\\tanghaiyong\physicaldisk(1 e: f: g: h:)\avg. disk queue length","1 e: f: g: h:","0"
"15:59:17","run","\\tanghaiyong\physicaldisk(2)\avg. disk queue length","2","280.0242"
"15:59:17","run","\\tanghaiyong\physicaldisk(0 c: d:)\disk read bytes/sec","0 c: d:","0"
"15:59:17","run","\\tanghaiyong\physicaldisk(1 e: f: g: h:)\disk read bytes/sec","1 e: f: g: h:","0"
"15:59:17","run","\\tanghaiyong\physicaldisk(2)\disk read bytes/sec","2","1045958791.0033"
"15:59:17","run","\\tanghaiyong\physicaldisk(0 c: d:)\avg. disk bytes/read","0 c: d:","0"
"15:59:17","run","\\tanghaiyong\physicaldisk(1 e: f: g: h:)\avg. disk bytes/read","1 e: f: g: h:","0"
"15:59:17","run","\\tanghaiyong\physicaldisk(2)\avg. disk bytes/read","2","1298265.3317"
"15:59:17","run","\\tanghaiyong\physicaldisk(0 c: d:)\disk reads/sec","0 c: d:","0"
"15:59:17","run","\\tanghaiyong\physicaldisk(1 e: f: g: h:)\disk reads/sec","1 e: f: g: h:","0"
"15:59:17","run","\\tanghaiyong\physicaldisk(2)\disk reads/sec","2","805.6587"
"15:59:19","run","\\tanghaiyong\physicaldisk(0 c: d:)\% idle time","0 c: d:","99.943"
"15:59:19","run","\\tanghaiyong\physicaldisk(1 e: f: g: h:)\% idle time","1 e: f: g: h:","99.9993"
"15:59:19","run","\\tanghaiyong\physicaldisk(2)\% idle time","2","17.617"
"15:59:19","run","\\tanghaiyong\physicaldisk(0 c: d:)\avg. disk sec/read","0 c: d:","0"
"15:59:19","run","\\tanghaiyong\physicaldisk(1 e: f: g: h:)\avg. disk sec/read","1 e: f: g: h:","0"
"15:59:19","run","\\tanghaiyong\physicaldisk(2)\avg. disk sec/read","2","0.392"
"15:59:19","run","\\tanghaiyong\physicaldisk(0 c: d:)\avg. disk sec/transfer","0 c: d:","0.0001"
"15:59:19","run","\\tanghaiyong\physicaldisk(1 e: f: g: h:)\avg. disk sec/transfer","1 e: f: g: h:","0"
"15:59:19","run","\\tanghaiyong\physicaldisk(2)\avg. disk sec/transfer","2","0.392"
"15:59:19","run","\\tanghaiyong\physicaldisk(0 c: d:)\current disk queue length","0 c: d:","0"
"15:59:19","run","\\tanghaiyong\physicaldisk(1 e: f: g: h:)\current disk queue length","1 e: f: g: h:","0"
"15:59:19","run","\\tanghaiyong\physicaldisk(2)\current disk queue length","2","226"
"15:59:19","run","\\tanghaiyong\physicaldisk(0 c: d:)\avg. disk queue length","0 c: d:","0.0002"
"15:59:19","run","\\tanghaiyong\physicaldisk(1 e: f: g: h:)\avg. disk queue length","1 e: f: g: h:","0"
"15:59:19","run","\\tanghaiyong\physicaldisk(2)\avg. disk queue length","2","273.5527"
"15:59:19","run","\\tanghaiyong\physicaldisk(0 c: d:)\disk read bytes/sec","0 c: d:","0"
"15:59:19","run","\\tanghaiyong\physicaldisk(1 e: f: g: h:)\disk read bytes/sec","1 e: f: g: h:","0"
"15:59:19","run","\\tanghaiyong\physicaldisk(2)\disk read bytes/sec","2","902817249.3901"
"15:59:19","run","\\tanghaiyong\physicaldisk(0 c: d:)\avg. disk bytes/read","0 c: d:","0"
"15:59:19","run","\\tanghaiyong\physicaldisk(1 e: f: g: h:)\avg. disk bytes/read","1 e: f: g: h:","0"
"15:59:19","run","\\tanghaiyong\physicaldisk(2)\avg. disk bytes/read","2","1293774.2629"
"15:59:19","run","\\tanghaiyong\physicaldisk(0 c: d:)\disk reads/sec","0 c: d:","0"
"15:59:19","run","\\tanghaiyong\physicaldisk(1 e: f: g: h:)\disk reads/sec","1 e: f: g: h:","0"
"15:59:19","run","\\tanghaiyong\physicaldisk(2)\disk reads/sec","2","697.8167"
"15:59:21","run","\\tanghaiyong\physicaldisk(0 c: d:)\% idle time","0 c: d:","99.8061"
"15:59:21","run","\\tanghaiyong\physicaldisk(1 e: f: g: h:)\% idle time","1 e: f: g: h:","99.997"
"15:59:21","run","\\tanghaiyong\physicaldisk(2)\% idle time","2","12.7266"
"15:59:21","run","\\tanghaiyong\physicaldisk(0 c: d:)\avg. disk sec/read","0 c: d:","0.0004"
"15:59:21","run","\\tanghaiyong\physicaldisk(1 e: f: g: h:)\avg. disk sec/read","1 e: f: g: h:","0"
"15:59:21","run","\\tanghaiyong\physicaldisk(2)\avg. disk sec/read","2","0.2751"
"15:59:21","run","\\tanghaiyong\physicaldisk(0 c: d:)\avg. disk sec/transfer","0 c: d:","0.0001"
"15:59:21","run","\\tanghaiyong\physicaldisk(1 e: f: g: h:)\avg. disk sec/transfer","1 e: f: g: h:","0"
"15:59:21","run","\\tanghaiyong\physicaldisk(2)\avg. disk sec/transfer","2","0.2751"
"15:59:21","run","\\tanghaiyong\physicaldisk(0 c: d:)\current disk queue length","0 c: d:","0"
"15:59:21","run","\\tanghaiyong\physicaldisk(1 e: f: g: h:)\current disk queue length","1 e: f: g: h:","0"
"15:59:21","run","\\tanghaiyong\physicaldisk(2)\current disk queue length","2","17"
"15:59:21","run","\\tanghaiyong\physicaldisk(0 c: d:)\avg. disk queue length","0 c: d:","0.0009"
"15:59:21","run","\\tanghaiyong\physicaldisk(1 e: f: g: h:)\avg. disk queue length","1 e: f: g: h:","0"
"15:59:21","run","\\tanghaiyong\physicaldisk(2)\avg. disk queue length","2","210.7544"
"15:59:21","run","\\tanghaiyong\physicaldisk(0 c: d:)\disk read bytes/sec","0 c: d:","48975.019"
"15:59:21","run","\\tanghaiyong\physicaldisk(1 e: f: g: h:)\disk read bytes/sec","1 e: f: g: h:","0"
"15:59:21","run","\\tanghaiyong\physicaldisk(2)\disk read bytes/sec","2","988470970.4541"
"15:59:21","run","\\tanghaiyong\physicaldisk(0 c: d:)\avg. disk bytes/read","0 c: d:","49152"
"15:59:21","run","\\tanghaiyong\physicaldisk(1 e: f: g: h:)\avg. disk bytes/read","1 e: f: g: h:","0"
"15:59:21","run","\\tanghaiyong\physicaldisk(2)\avg. disk bytes/read","2","1290042.9233"
"15:59:21","run","\\tanghaiyong\physicaldisk(0 c: d:)\disk reads/sec","0 c: d:","0.9964"
"15:59:21","run","\\tanghaiyong\physicaldisk(1 e: f: g: h:)\disk reads/sec","1 e: f: g: h:","0"
"15:59:21","run","\\tanghaiyong\physicaldisk(2)\disk reads/sec","2","766.2311"
"15:59:23","run","\\tanghaiyong\physicaldisk(0 c: d:)\% idle time","0 c: d:","99.7673"
"15:59:23","run","\\tanghaiyong\physicaldisk(1 e: f: g: h:)\% idle time","1 e: f: g: h:","99.9931"
"15:59:23","run","\\tanghaiyong\physicaldisk(2)\% idle time","2","12.2648"
"15:59:23","run","\\tanghaiyong\physicaldisk(0 c: d:)\avg. disk sec/read","0 c: d:","0.0001"
"15:59:23","run","\\tanghaiyong\physicaldisk(1 e: f: g: h:)\avg. disk sec/read","1 e: f: g: h:","0"
"15:59:23","run","\\tanghaiyong\physicaldisk(2)\avg. disk sec/read","2","0.4095"
"15:59:23","run","\\tanghaiyong\physicaldisk(0 c: d:)\avg. disk sec/transfer","0 c: d:","0.0001"
"15:59:23","run","\\tanghaiyong\physicaldisk(1 e: f: g: h:)\avg. disk sec/transfer","1 e: f: g: h:","0"
"15:59:23","run","\\tanghaiyong\physicaldisk(2)\avg. disk sec/transfer","2","0.4095"
"15:59:23","run","\\tanghaiyong\physicaldisk(0 c: d:)\current disk queue length","0 c: d:","0"
"15:59:23","run","\\tanghaiyong\physicaldisk(1 e: f: g: h:)\current disk queue length","1 e: f: g: h:","0"
"15:59:23","run","\\tanghaiyong\physicaldisk(2)\current disk queue length","2","113"
"15:59:23","run","\\tanghaiyong\physicaldisk(0 c: d:)\avg. disk queue length","0 c: d:","0.0015"
"15:59:23","run","\\tanghaiyong\physicaldisk(1 e: f: g: h:)\avg. disk queue length","1 e: f: g: h:","0"
"15:59:23","run","\\tanghaiyong\physicaldisk(2)\avg. disk queue length","2","315.8374"
"15:59:23","run","\\tanghaiyong\physicaldisk(0 c: d:)\disk read bytes/sec","0 c: d:","21375.0359"
"15:59:23","run","\\tanghaiyong\physicaldisk(1 e: f: g: h:)\disk read bytes/sec","1 e: f: g: h:","0"
"15:59:23","run","\\tanghaiyong\physicaldisk(2)\disk read bytes/sec","2","953693028.482"
"15:59:23","run","\\tanghaiyong\physicaldisk(0 c: d:)\avg. disk bytes/read","0 c: d:","5376"
"15:59:23","run","\\tanghaiyong\physicaldisk(1 e: f: g: h:)\avg. disk bytes/read","1 e: f: g: h:","0"
"15:59:23","run","\\tanghaiyong\physicaldisk(2)\avg. disk bytes/read","2","1236400.8247"
"15:59:23","run","\\tanghaiyong\physicaldisk(0 c: d:)\disk reads/sec","0 c: d:","3.976"
"15:59:23","run","\\tanghaiyong\physicaldisk(1 e: f: g: h:)\disk reads/sec","1 e: f: g: h:","0"
"15:59:23","run","\\tanghaiyong\physicaldisk(2)\disk reads/sec","2","771.3462"
"15:59:25","run","\\tanghaiyong\physicaldisk(0 c: d:)\% idle time","0 c: d:","99.9836"
"15:59:25","run","\\tanghaiyong\physicaldisk(1 e: f: g: h:)\% idle time","1 e: f: g: h:","99.9835"
"15:59:25","run","\\tanghaiyong\physicaldisk(2)\% idle time","2","13.7331"
"15:59:25","run","\\tanghaiyong\physicaldisk(0 c: d:)\avg. disk sec/read","0 c: d:","0"
"15:59:25","run","\\tanghaiyong\physicaldisk(1 e: f: g: h:)\avg. disk sec/read","1 e: f: g: h:","0"
"15:59:25","run","\\tanghaiyong\physicaldisk(2)\avg. disk sec/read","2","0.3278"
"15:59:25","run","\\tanghaiyong\physicaldisk(0 c: d:)\avg. disk sec/transfer","0 c: d:","0"
"15:59:25","run","\\tanghaiyong\physicaldisk(1 e: f: g: h:)\avg. disk sec/transfer","1 e: f: g: h:","0"
"15:59:25","run","\\tanghaiyong\physicaldisk(2)\avg. disk sec/transfer","2","0.3278"
"15:59:25","run","\\tanghaiyong\physicaldisk(0 c: d:)\current disk queue length","0 c: d:","0"
"15:59:25","run","\\tanghaiyong\physicaldisk(1 e: f: g: h:)\current disk queue length","1 e: f: g: h:","0"
"15:59:25","run","\\tanghaiyong\physicaldisk(2)\current disk queue length","2","250"
"15:59:25","run","\\tanghaiyong\physicaldisk(0 c: d:)\avg. disk queue length","0 c: d:","0"
"15:59:25","run","\\tanghaiyong\physicaldisk(1 e: f: g: h:)\avg. disk queue length","1 e: f: g: h:","0"
"15:59:25","run","\\tanghaiyong\physicaldisk(2)\avg. disk queue length","2","250.3303"
"15:59:25","run","\\tanghaiyong\physicaldisk(0 c: d:)\disk read bytes/sec","0 c: d:","0"
"15:59:25","run","\\tanghaiyong\physicaldisk(1 e: f: g: h:)\disk read bytes/sec","1 e: f: g: h:","0"
"15:59:25","run","\\tanghaiyong\physicaldisk(2)\disk read bytes/sec","2","988774550.2266"
"15:59:25","run","\\tanghaiyong\physicaldisk(0 c: d:)\avg. disk bytes/read","0 c: d:","0"
"15:59:25","run","\\tanghaiyong\physicaldisk(1 e: f: g: h:)\avg. disk bytes/read","1 e: f: g: h:","0"
"15:59:25","run","\\tanghaiyong\physicaldisk(2)\avg. disk bytes/read","2","1294613.3333"
"15:59:25","run","\\tanghaiyong\physicaldisk(0 c: d:)\disk reads/sec","0 c: d:","0"
"15:59:25","run","\\tanghaiyong\physicaldisk(1 e: f: g: h:)\disk reads/sec","1 e: f: g: h:","0"
"15:59:25","run","\\tanghaiyong\physicaldisk(2)\disk reads/sec","2","763.7605"
"15:59:27","run","\\tanghaiyong\physicaldisk(0 c: d:)\% idle time","0 c: d:","99.9785"
"15:59:27","run","\\tanghaiyong\physicaldisk(1 e: f: g: h:)\% idle time","1 e: f: g: h:","99.9904"
"15:59:27","run","\\tanghaiyong\physicaldisk(2)\% idle time","2","13.1358"
"15:59:27","run","\\tanghaiyong\physicaldisk(0 c: d:)\avg. disk sec/read","0 c: d:","0"
"15:59:27","run","\\tanghaiyong\physicaldisk(1 e: f: g: h:)\avg. disk sec/read","1 e: f: g: h:","0"
"15:59:27","run","\\tanghaiyong\physicaldisk(2)\avg. disk sec/read","2","0.3693"
"15:59:27","run","\\tanghaiyong\physicaldisk(0 c: d:)\avg. disk sec/transfer","0 c: d:","0.0001"
"15:59:27","run","\\tanghaiyong\physicaldisk(1 e: f: g: h:)\avg. disk sec/transfer","1 e: f: g: h:","0"
"15:59:27","run","\\tanghaiyong\physicaldisk(2)\avg. disk sec/transfer","2","0.3693"
"15:59:27","run","\\tanghaiyong\physicaldisk(0 c: d:)\current disk queue length","0 c: d:","0"
"15:59:27","run","\\tanghaiyong\physicaldisk(1 e: f: g: h:)\current disk queue length","1 e: f: g: h:","0"
"15:59:27","run","\\tanghaiyong\physicaldisk(2)\current disk queue length","2","177"
"15:59:27","run","\\tanghaiyong\physicaldisk(0 c: d:)\avg. disk queue length","0 c: d:","0.0001"
"15:59:27","run","\\tanghaiyong\physicaldisk(1 e: f: g: h:)\avg. disk queue length","1 e: f: g: h:","0"
"15:59:27","run","\\tanghaiyong\physicaldisk(2)\avg. disk queue length","2","266.1963"
"15:59:27","run","\\tanghaiyong\physicaldisk(0 c: d:)\disk read bytes/sec","0 c: d:","0"
"15:59:27","run","\\tanghaiyong\physicaldisk(1 e: f: g: h:)\disk read bytes/sec","1 e: f: g: h:","0"
"15:59:27","run","\\tanghaiyong\physicaldisk(2)\disk read bytes/sec","2","928157952.4919"
"15:59:27","run","\\tanghaiyong\physicaldisk(0 c: d:)\avg. disk bytes/read","0 c: d:","0"
"15:59:27","run","\\tanghaiyong\physicaldisk(1 e: f: g: h:)\avg. disk bytes/read","1 e: f: g: h:","0"
"15:59:27","run","\\tanghaiyong\physicaldisk(2)\avg. disk bytes/read","2","1287398.2234"
"15:59:27","run","\\tanghaiyong\physicaldisk(0 c: d:)\disk reads/sec","0 c: d:","0"
"15:59:27","run","\\tanghaiyong\physicaldisk(1 e: f: g: h:)\disk reads/sec","1 e: f: g: h:","0"
"15:59:27","run","\\tanghaiyong\physicaldisk(2)\disk reads/sec","2","720.9564"
"15:59:29","run","\\tanghaiyong\physicaldisk(0 c: d:)\% idle time","0 c: d:","99.9924"
"15:59:29","run","\\tanghaiyong\physicaldisk(1 e: f: g: h:)\% idle time","1 e: f: g: h:","99.9924"
"15:59:29","run","\\tanghaiyong\physicaldisk(2)\% idle time","2","11.9902"
"15:59:29","run","\\tanghaiyong\physicaldisk(0 c: d:)\avg. disk sec/read","0 c: d:","0"
"15:59:29","run","\\tanghaiyong\physicaldisk(1 e: f: g: h:)\avg. disk sec/read","1 e: f: g: h:","0"
"15:59:29","run","\\tanghaiyong\physicaldisk(2)\avg. disk sec/read","2","0.4068"
"15:59:29","run","\\tanghaiyong\physicaldisk(0 c: d:)\avg. disk sec/transfer","0 c: d:","0"
"15:59:29","run","\\tanghaiyong\physicaldisk(1 e: f: g: h:)\avg. disk sec/transfer","1 e: f: g: h:","0"
"15:59:29","run","\\tanghaiyong\physicaldisk(2)\avg. disk sec/transfer","2","0.4068"
"15:59:29","run","\\tanghaiyong\physicaldisk(0 c: d:)\current disk queue length","0 c: d:","0"
"15:59:29","run","\\tanghaiyong\physicaldisk(1 e: f: g: h:)\current disk queue length","1 e: f: g: h:","0"
"15:59:29","run","\\tanghaiyong\physicaldisk(2)\current disk queue length","2","44"
"15:59:29","run","\\tanghaiyong\physicaldisk(0 c: d:)\avg. disk queue length","0 c: d:","0"
"15:59:29","run","\\tanghaiyong\physicaldisk(1 e: f: g: h:)\avg. disk queue length","1 e: f: g: h:","0"
"15:59:29","run","\\tanghaiyong\physicaldisk(2)\avg. disk queue length","2","304.8942"
"15:59:29","run","\\tanghaiyong\physicaldisk(0 c: d:)\disk read bytes/sec","0 c: d:","0"
"15:59:29","run","\\tanghaiyong\physicaldisk(1 e: f: g: h:)\disk read bytes/sec","1 e: f: g: h:","0"
"15:59:29","run","\\tanghaiyong\physicaldisk(2)\disk read bytes/sec","2","964468816.7912"
"15:59:29","run","\\tanghaiyong\physicaldisk(0 c: d:)\avg. disk bytes/read","0 c: d:","0"
"15:59:29","run","\\tanghaiyong\physicaldisk(1 e: f: g: h:)\avg. disk bytes/read","1 e: f: g: h:","0"
"15:59:29","run","\\tanghaiyong\physicaldisk(2)\avg. disk bytes/read","2","1286605.7507"
"15:59:29","run","\\tanghaiyong\physicaldisk(0 c: d:)\disk reads/sec","0 c: d:","0"
"15:59:29","run","\\tanghaiyong\physicaldisk(1 e: f: g: h:)\disk reads/sec","1 e: f: g: h:","0"
"15:59:29","run","\\tanghaiyong\physicaldisk(2)\disk reads/sec","2","749.6227"
"15:59:31","run","\\tanghaiyong\physicaldisk(0 c: d:)\% idle time","0 c: d:","99.8647"
"15:59:31","run","\\tanghaiyong\physicaldisk(1 e: f: g: h:)\% idle time","1 e: f: g: h:","99.9351"
"15:59:31","run","\\tanghaiyong\physicaldisk(2)\% idle time","2","20.5314"
"15:59:31","run","\\tanghaiyong\physicaldisk(0 c: d:)\avg. disk sec/read","0 c: d:","0"
"15:59:31","run","\\tanghaiyong\physicaldisk(1 e: f: g: h:)\avg. disk sec/read","1 e: f: g: h:","0"
"15:59:31","run","\\tanghaiyong\physicaldisk(2)\avg. disk sec/read","2","0.2171"
"15:59:31","run","\\tanghaiyong\physicaldisk(0 c: d:)\avg. disk sec/transfer","0 c: d:","0.0001"
"15:59:31","run","\\tanghaiyong\physicaldisk(1 e: f: g: h:)\avg. disk sec/transfer","1 e: f: g: h:","0"
"15:59:31","run","\\tanghaiyong\physicaldisk(2)\avg. disk sec/transfer","2","0.2171"
"15:59:31","run","\\tanghaiyong\physicaldisk(0 c: d:)\current disk queue length","0 c: d:","0"
"15:59:31","run","\\tanghaiyong\physicaldisk(1 e: f: g: h:)\current disk queue length","1 e: f: g: h:","0"
"15:59:31","run","\\tanghaiyong\physicaldisk(2)\current disk queue length","2","177"
"15:59:31","run","\\tanghaiyong\physicaldisk(0 c: d:)\avg. disk queue length","0 c: d:","0.0003"
"15:59:31","run","\\tanghaiyong\physicaldisk(1 e: f: g: h:)\avg. disk queue length","1 e: f: g: h:","0"
"15:59:31","run","\\tanghaiyong\physicaldisk(2)\avg. disk queue length","2","145.2699"
"15:59:31","run","\\tanghaiyong\physicaldisk(0 c: d:)\disk read bytes/sec","0 c: d:","0"
"15:59:31","run","\\tanghaiyong\physicaldisk(1 e: f: g: h:)\disk read bytes/sec","1 e: f: g: h:","0"
"15:59:31","run","\\tanghaiyong\physicaldisk(2)\disk read bytes/sec","2","866090099.1666"
"15:59:31","run","\\tanghaiyong\physicaldisk(0 c: d:)\avg. disk bytes/read","0 c: d:","0"
"15:59:31","run","\\tanghaiyong\physicaldisk(1 e: f: g: h:)\avg. disk bytes/read","1 e: f: g: h:","0"
"15:59:31","run","\\tanghaiyong\physicaldisk(2)\avg. disk bytes/read","2","1293444.769"
"15:59:31","run","\\tanghaiyong\physicaldisk(0 c: d:)\disk reads/sec","0 c: d:","0"
"15:59:31","run","\\tanghaiyong\physicaldisk(1 e: f: g: h:)\disk reads/sec","1 e: f: g: h:","0"
"15:59:31","run","\\tanghaiyong\physicaldisk(2)\disk reads/sec","2","669.5996"
"15:59:33","run","\\tanghaiyong\physicaldisk(0 c: d:)\% idle time","0 c: d:","99.9368"
"15:59:33","run","\\tanghaiyong\physicaldisk(1 e: f: g: h:)\% idle time","1 e: f: g: h:","99.9782"
"15:59:33","run","\\tanghaiyong\physicaldisk(2)\% idle time","2","4.2157"
"15:59:33","run","\\tanghaiyong\physicaldisk(0 c: d:)\avg. disk sec/read","0 c: d:","0.0001"
"15:59:33","run","\\tanghaiyong\physicaldisk(1 e: f: g: h:)\avg. disk sec/read","1 e: f: g: h:","0"
"15:59:33","run","\\tanghaiyong\physicaldisk(2)\avg. disk sec/read","2","0.3807"
"15:59:33","run","\\tanghaiyong\physicaldisk(0 c: d:)\avg. disk sec/transfer","0 c: d:","0.0001"
"15:59:33","run","\\tanghaiyong\physicaldisk(1 e: f: g: h:)\avg. disk sec/transfer","1 e: f: g: h:","0"
"15:59:33","run","\\tanghaiyong\physicaldisk(2)\avg. disk sec/transfer","2","0.3807"
"15:59:33","run","\\tanghaiyong\physicaldisk(0 c: d:)\current disk queue length","0 c: d:","0"
"15:59:33","run","\\tanghaiyong\physicaldisk(1 e: f: g: h:)\current disk queue length","1 e: f: g: h:","0"
"15:59:33","run","\\tanghaiyong\physicaldisk(2)\current disk queue length","2","209"
"15:59:33","run","\\tanghaiyong\physicaldisk(0 c: d:)\avg. disk queue length","0 c: d:","0.0004"
"15:59:33","run","\\tanghaiyong\physicaldisk(1 e: f: g: h:)\avg. disk queue length","1 e: f: g: h:","0"
"15:59:33","run","\\tanghaiyong\physicaldisk(2)\avg. disk queue length","2","314.7226"
"15:59:33","run","\\tanghaiyong\physicaldisk(0 c: d:)\disk read bytes/sec","0 c: d:","5094.7818"
"15:59:33","run","\\tanghaiyong\physicaldisk(1 e: f: g: h:)\disk read bytes/sec","1 e: f: g: h:","0"
"15:59:33","run","\\tanghaiyong\physicaldisk(2)\disk read bytes/sec","2","1056127898.1298"
"15:59:33","run","\\tanghaiyong\physicaldisk(0 c: d:)\avg. disk bytes/read","0 c: d:","1706.6667"
"15:59:33","run","\\tanghaiyong\physicaldisk(1 e: f: g: h:)\avg. disk bytes/read","1 e: f: g: h:","0"
"15:59:33","run","\\tanghaiyong\physicaldisk(2)\avg. disk bytes/read","2","1277202.7918"
"15:59:33","run","\\tanghaiyong\physicaldisk(0 c: d:)\disk reads/sec","0 c: d:","2.9852"
"15:59:33","run","\\tanghaiyong\physicaldisk(1 e: f: g: h:)\disk reads/sec","1 e: f: g: h:","0"
"15:59:33","run","\\tanghaiyong\physicaldisk(2)\disk reads/sec","2","826.907"
"15:59:35","run","\\tanghaiyong\physicaldisk(0 c: d:)\% idle time","0 c: d:","100.0058"
"15:59:35","run","\\tanghaiyong\physicaldisk(1 e: f: g: h:)\% idle time","1 e: f: g: h:","100.019"
"15:59:35","run","\\tanghaiyong\physicaldisk(2)\% idle time","2","2.6704"
"15:59:35","run","\\tanghaiyong\physicaldisk(0 c: d:)\avg. disk sec/read","0 c: d:","0"
"15:59:35","run","\\tanghaiyong\physicaldisk(1 e: f: g: h:)\avg. disk sec/read","1 e: f: g: h:","0"
"15:59:35","run","\\tanghaiyong\physicaldisk(2)\avg. disk sec/read","2","0.3165"
"15:59:35","run","\\tanghaiyong\physicaldisk(0 c: d:)\avg. disk sec/transfer","0 c: d:","0.0001"
"15:59:35","run","\\tanghaiyong\physicaldisk(1 e: f: g: h:)\avg. disk sec/transfer","1 e: f: g: h:","0"
"15:59:35","run","\\tanghaiyong\physicaldisk(2)\avg. disk sec/transfer","2","0.3165"
"15:59:35","run","\\tanghaiyong\physicaldisk(0 c: d:)\current disk queue length","0 c: d:","0"
"15:59:35","run","\\tanghaiyong\physicaldisk(1 e: f: g: h:)\current disk queue length","1 e: f: g: h:","0"
"15:59:35","run","\\tanghaiyong\physicaldisk(2)\current disk queue length","2","2"
"15:59:35","run","\\tanghaiyong\physicaldisk(0 c: d:)\avg. disk queue length","0 c: d:","0.0001"
"15:59:35","run","\\tanghaiyong\physicaldisk(1 e: f: g: h:)\avg. disk queue length","1 e: f: g: h:","0"
"15:59:35","run","\\tanghaiyong\physicaldisk(2)\avg. disk queue length","2","264.096"
"15:59:35","run","\\tanghaiyong\physicaldisk(0 c: d:)\disk read bytes/sec","0 c: d:","0"
"15:59:35","run","\\tanghaiyong\physicaldisk(1 e: f: g: h:)\disk read bytes/sec","1 e: f: g: h:","0"
"15:59:35","run","\\tanghaiyong\physicaldisk(2)\disk read bytes/sec","2","1081577972.4088"
"15:59:35","run","\\tanghaiyong\physicaldisk(0 c: d:)\avg. disk bytes/read","0 c: d:","0"
"15:59:35","run","\\tanghaiyong\physicaldisk(1 e: f: g: h:)\avg. disk bytes/read","1 e: f: g: h:","0"
"15:59:35","run","\\tanghaiyong\physicaldisk(2)\avg. disk bytes/read","2","1294981.9642"
"15:59:35","run","\\tanghaiyong\physicaldisk(0 c: d:)\disk reads/sec","0 c: d:","0"
"15:59:35","run","\\tanghaiyong\physicaldisk(1 e: f: g: h:)\disk reads/sec","1 e: f: g: h:","0"
"15:59:35","run","\\tanghaiyong\physicaldisk(2)\disk reads/sec","2","835.207"
"15:59:37","run","\\tanghaiyong\physicaldisk(0 c: d:)\% idle time","0 c: d:","99.9878"
"15:59:37","run","\\tanghaiyong\physicaldisk(1 e: f: g: h:)\% idle time","1 e: f: g: h:","99.9882"
"15:59:37","run","\\tanghaiyong\physicaldisk(2)\% idle time","2","12.7222"
"15:59:37","run","\\tanghaiyong\physicaldisk(0 c: d:)\avg. disk sec/read","0 c: d:","0"
"15:59:37","run","\\tanghaiyong\physicaldisk(1 e: f: g: h:)\avg. disk sec/read","1 e: f: g: h:","0"
"15:59:37","run","\\tanghaiyong\physicaldisk(2)\avg. disk sec/read","2","0.3627"
"15:59:37","run","\\tanghaiyong\physicaldisk(0 c: d:)\avg. disk sec/transfer","0 c: d:","0"
"15:59:37","run","\\tanghaiyong\physicaldisk(1 e: f: g: h:)\avg. disk sec/transfer","1 e: f: g: h:","0"
"15:59:37","run","\\tanghaiyong\physicaldisk(2)\avg. disk sec/transfer","2","0.3627"
"15:59:37","run","\\tanghaiyong\physicaldisk(0 c: d:)\current disk queue length","0 c: d:","0"
"15:59:37","run","\\tanghaiyong\physicaldisk(1 e: f: g: h:)\current disk queue length","1 e: f: g: h:","0"
"15:59:37","run","\\tanghaiyong\physicaldisk(2)\current disk queue length","2","184"
"15:59:37","run","\\tanghaiyong\physicaldisk(0 c: d:)\avg. disk queue length","0 c: d:","0"
"15:59:37","run","\\tanghaiyong\physicaldisk(1 e: f: g: h:)\avg. disk queue length","1 e: f: g: h:","0"
"15:59:37","run","\\tanghaiyong\physicaldisk(2)\avg. disk queue length","2","274.617"
"15:59:37","run","\\tanghaiyong\physicaldisk(0 c: d:)\disk read bytes/sec","0 c: d:","0"
"15:59:37","run","\\tanghaiyong\physicaldisk(1 e: f: g: h:)\disk read bytes/sec","1 e: f: g: h:","0"
"15:59:37","run","\\tanghaiyong\physicaldisk(2)\disk read bytes/sec","2","980772156.2137"
"15:59:37","run","\\tanghaiyong\physicaldisk(0 c: d:)\avg. disk bytes/read","0 c: d:","0"
"15:59:37","run","\\tanghaiyong\physicaldisk(1 e: f: g: h:)\avg. disk bytes/read","1 e: f: g: h:","0"
"15:59:37","run","\\tanghaiyong\physicaldisk(2)\avg. disk bytes/read","2","1295112.0842"
"15:59:37","run","\\tanghaiyong\physicaldisk(0 c: d:)\disk reads/sec","0 c: d:","0"
"15:59:37","run","\\tanghaiyong\physicaldisk(1 e: f: g: h:)\disk reads/sec","1 e: f: g: h:","0"
"15:59:37","run","\\tanghaiyong\physicaldisk(2)\disk reads/sec","2","757.2875"
"15:59:39","run","\\tanghaiyong\physicaldisk(0 c: d:)\% idle time","0 c: d:","99.9719"
"15:59:39","run","\\tanghaiyong\physicaldisk(1 e: f: g: h:)\% idle time","1 e: f: g: h:","99.9851"
"15:59:39","run","\\tanghaiyong\physicaldisk(2)\% idle time","2","7.4872"
"15:59:39","run","\\tanghaiyong\physicaldisk(0 c: d:)\avg. disk sec/read","0 c: d:","0"
"15:59:39","run","\\tanghaiyong\physicaldisk(1 e: f: g: h:)\avg. disk sec/read","1 e: f: g: h:","0"
"15:59:39","run","\\tanghaiyong\physicaldisk(2)\avg. disk sec/read","2","0.4177"
"15:59:39","run","\\tanghaiyong\physicaldisk(0 c: d:)\avg. disk sec/transfer","0 c: d:","0.0001"
"15:59:39","run","\\tanghaiyong\physicaldisk(1 e: f: g: h:)\avg. disk sec/transfer","1 e: f: g: h:","0"
"15:59:39","run","\\tanghaiyong\physicaldisk(2)\avg. disk sec/transfer","2","0.4177"
"15:59:39","run","\\tanghaiyong\physicaldisk(0 c: d:)\current disk queue length","0 c: d:","0"
"15:59:39","run","\\tanghaiyong\physicaldisk(1 e: f: g: h:)\current disk queue length","1 e: f: g: h:","0"
"15:59:39","run","\\tanghaiyong\physicaldisk(2)\current disk queue length","2","0"
"15:59:39","run","\\tanghaiyong\physicaldisk(0 c: d:)\avg. disk queue length","0 c: d:","0.0001"
"15:59:39","run","\\tanghaiyong\physicaldisk(1 e: f: g: h:)\avg. disk queue length","1 e: f: g: h:","0"
"15:59:39","run","\\tanghaiyong\physicaldisk(2)\avg. disk queue length","2","331.7725"
"15:59:39","run","\\tanghaiyong\physicaldisk(0 c: d:)\disk read bytes/sec","0 c: d:","0"
"15:59:39","run","\\tanghaiyong\physicaldisk(1 e: f: g: h:)\disk read bytes/sec","1 e: f: g: h:","0"
"15:59:39","run","\\tanghaiyong\physicaldisk(2)\disk read bytes/sec","2","1026795406.4681"
"15:59:39","run","\\tanghaiyong\physicaldisk(0 c: d:)\avg. disk bytes/read","0 c: d:","0"
"15:59:39","run","\\tanghaiyong\physicaldisk(1 e: f: g: h:)\avg. disk bytes/read","1 e: f: g: h:","0"
"15:59:39","run","\\tanghaiyong\physicaldisk(2)\avg. disk bytes/read","2","1292449.4819"
"15:59:39","run","\\tanghaiyong\physicaldisk(0 c: d:)\disk reads/sec","0 c: d:","0"
"15:59:39","run","\\tanghaiyong\physicaldisk(1 e: f: g: h:)\disk reads/sec","1 e: f: g: h:","0"
"15:59:39","run","\\tanghaiyong\physicaldisk(2)\disk reads/sec","2","794.4569"
"15:59:41","run","\\tanghaiyong\physicaldisk(0 c: d:)\% idle time","0 c: d:","99.6777"
"15:59:41","run","\\tanghaiyong\physicaldisk(1 e: f: g: h:)\% idle time","1 e: f: g: h:","99.995"
"15:59:41","run","\\tanghaiyong\physicaldisk(2)\% idle time","2","13.0999"
"15:59:41","run","\\tanghaiyong\physicaldisk(0 c: d:)\avg. disk sec/read","0 c: d:","0.0003"
"15:59:41","run","\\tanghaiyong\physicaldisk(1 e: f: g: h:)\avg. disk sec/read","1 e: f: g: h:","0"
"15:59:41","run","\\tanghaiyong\physicaldisk(2)\avg. disk sec/read","2","0.2588"
"15:59:41","run","\\tanghaiyong\physicaldisk(0 c: d:)\avg. disk sec/transfer","0 c: d:","0.0001"
"15:59:41","run","\\tanghaiyong\physicaldisk(1 e: f: g: h:)\avg. disk sec/transfer","1 e: f: g: h:","0"
"15:59:41","run","\\tanghaiyong\physicaldisk(2)\avg. disk sec/transfer","2","0.2588"
"15:59:41","run","\\tanghaiyong\physicaldisk(0 c: d:)\current disk queue length","0 c: d:","0"
"15:59:41","run","\\tanghaiyong\physicaldisk(1 e: f: g: h:)\current disk queue length","1 e: f: g: h:","0"
"15:59:41","run","\\tanghaiyong\physicaldisk(2)\current disk queue length","2","80"
"15:59:41","run","\\tanghaiyong\physicaldisk(0 c: d:)\avg. disk queue length","0 c: d:","0.002"
"15:59:41","run","\\tanghaiyong\physicaldisk(1 e: f: g: h:)\avg. disk queue length","1 e: f: g: h:","0"
"15:59:41","run","\\tanghaiyong\physicaldisk(2)\avg. disk queue length","2","187.7239"
"15:59:41","run","\\tanghaiyong\physicaldisk(0 c: d:)\disk read bytes/sec","0 c: d:","48900.0377"
"15:59:41","run","\\tanghaiyong\physicaldisk(1 e: f: g: h:)\disk read bytes/sec","1 e: f: g: h:","0"
"15:59:41","run","\\tanghaiyong\physicaldisk(2)\disk read bytes/sec","2","921936860.1345"
"15:59:41","run","\\tanghaiyong\physicaldisk(0 c: d:)\avg. disk bytes/read","0 c: d:","49152"
"15:59:41","run","\\tanghaiyong\physicaldisk(1 e: f: g: h:)\avg. disk bytes/read","1 e: f: g: h:","0"
"15:59:41","run","\\tanghaiyong\physicaldisk(2)\avg. disk bytes/read","2","1271175.9012"
"15:59:41","run","\\tanghaiyong\physicaldisk(0 c: d:)\disk reads/sec","0 c: d:","0.9949"
"15:59:41","run","\\tanghaiyong\physicaldisk(1 e: f: g: h:)\disk reads/sec","1 e: f: g: h:","0"
"15:59:41","run","\\tanghaiyong\physicaldisk(2)\disk reads/sec","2","725.263"
"15:59:43","run","\\tanghaiyong\physicaldisk(0 c: d:)\% idle time","0 c: d:","99.9365"
"15:59:43","run","\\tanghaiyong\physicaldisk(1 e: f: g: h:)\% idle time","1 e: f: g: h:","96.8032"
"15:59:43","run","\\tanghaiyong\physicaldisk(2)\% idle time","2","12.6285"
"15:59:43","run","\\tanghaiyong\physicaldisk(0 c: d:)\avg. disk sec/read","0 c: d:","0.0001"
"15:59:43","run","\\tanghaiyong\physicaldisk(1 e: f: g: h:)\avg. disk sec/read","1 e: f: g: h:","0.0004"
"15:59:43","run","\\tanghaiyong\physicaldisk(2)\avg. disk sec/read","2","0.3819"
"15:59:43","run","\\tanghaiyong\physicaldisk(0 c: d:)\avg. disk sec/transfer","0 c: d:","0.0001"
"15:59:43","run","\\tanghaiyong\physicaldisk(1 e: f: g: h:)\avg. disk sec/transfer","1 e: f: g: h:","0.0003"
"15:59:43","run","\\tanghaiyong\physicaldisk(2)\avg. disk sec/transfer","2","0.3819"
"15:59:43","run","\\tanghaiyong\physicaldisk(0 c: d:)\current disk queue length","0 c: d:","0"
"15:59:43","run","\\tanghaiyong\physicaldisk(1 e: f: g: h:)\current disk queue length","1 e: f: g: h:","0"
"15:59:43","run","\\tanghaiyong\physicaldisk(2)\current disk queue length","2","188"
"15:59:43","run","\\tanghaiyong\physicaldisk(0 c: d:)\avg. disk queue length","0 c: d:","0.0005"
"15:59:43","run","\\tanghaiyong\physicaldisk(1 e: f: g: h:)\avg. disk queue length","1 e: f: g: h:","0.0027"
"15:59:43","run","\\tanghaiyong\physicaldisk(2)\avg. disk queue length","2","276.2889"
"15:59:43","run","\\tanghaiyong\physicaldisk(0 c: d:)\disk read bytes/sec","0 c: d:","5095.4425"
"15:59:43","run","\\tanghaiyong\physicaldisk(1 e: f: g: h:)\disk read bytes/sec","1 e: f: g: h:","16305.416"
"15:59:43","run","\\tanghaiyong\physicaldisk(2)\disk read bytes/sec","2","941327973.8301"
"15:59:43","run","\\tanghaiyong\physicaldisk(0 c: d:)\avg. disk bytes/read","0 c: d:","1706.6667"
"15:59:43","run","\\tanghaiyong\physicaldisk(1 e: f: g: h:)\avg. disk bytes/read","1 e: f: g: h:","16384"
"15:59:43","run","\\tanghaiyong\physicaldisk(2)\avg. disk bytes/read","2","1301051.8624"
"15:59:43","run","\\tanghaiyong\physicaldisk(0 c: d:)\disk reads/sec","0 c: d:","2.9856"
"15:59:43","run","\\tanghaiyong\physicaldisk(1 e: f: g: h:)\disk reads/sec","1 e: f: g: h:","0.9952"
"15:59:43","run","\\tanghaiyong\physicaldisk(2)\disk reads/sec","2","723.513"
"15:59:45","run","\\tanghaiyong\physicaldisk(0 c: d:)\% idle time","0 c: d:","99.9764"
"15:59:45","run","\\tanghaiyong\physicaldisk(1 e: f: g: h:)\% idle time","1 e: f: g: h:","99.9843"
"15:59:45","run","\\tanghaiyong\physicaldisk(2)\% idle time","2","6.4798"
"15:59:45","run","\\tanghaiyong\physicaldisk(0 c: d:)\avg. disk sec/read","0 c: d:","0"
"15:59:45","run","\\tanghaiyong\physicaldisk(1 e: f: g: h:)\avg. disk sec/read","1 e: f: g: h:","0"
"15:59:45","run","\\tanghaiyong\physicaldisk(2)\avg. disk sec/read","2","0.2916"
"15:59:45","run","\\tanghaiyong\physicaldisk(0 c: d:)\avg. disk sec/transfer","0 c: d:","0.0001"
"15:59:45","run","\\tanghaiyong\physicaldisk(1 e: f: g: h:)\avg. disk sec/transfer","1 e: f: g: h:","0"
"15:59:45","run","\\tanghaiyong\physicaldisk(2)\avg. disk sec/transfer","2","0.2916"
"15:59:45","run","\\tanghaiyong\physicaldisk(0 c: d:)\current disk queue length","0 c: d:","0"
"15:59:45","run","\\tanghaiyong\physicaldisk(1 e: f: g: h:)\current disk queue length","1 e: f: g: h:","0"
"15:59:45","run","\\tanghaiyong\physicaldisk(2)\current disk queue length","2","140"
"15:59:45","run","\\tanghaiyong\physicaldisk(0 c: d:)\avg. disk queue length","0 c: d:","0.0001"
"15:59:45","run","\\tanghaiyong\physicaldisk(1 e: f: g: h:)\avg. disk queue length","1 e: f: g: h:","0"
"15:59:45","run","\\tanghaiyong\physicaldisk(2)\avg. disk queue length","2","237.0322"
"15:59:45","run","\\tanghaiyong\physicaldisk(0 c: d:)\disk read bytes/sec","0 c: d:","0"
"15:59:45","run","\\tanghaiyong\physicaldisk(1 e: f: g: h:)\disk read bytes/sec","1 e: f: g: h:","0"
"15:59:45","run","\\tanghaiyong\physicaldisk(2)\disk read bytes/sec","2","1056379964.4393"
"15:59:45","run","\\tanghaiyong\physicaldisk(0 c: d:)\avg. disk bytes/read","0 c: d:","0"
"15:59:45","run","\\tanghaiyong\physicaldisk(1 e: f: g: h:)\avg. disk bytes/read","1 e: f: g: h:","0"
"15:59:45","run","\\tanghaiyong\physicaldisk(2)\avg. disk bytes/read","2","1299163.0709"
"15:59:45","run","\\tanghaiyong\physicaldisk(0 c: d:)\disk reads/sec","0 c: d:","0"
"15:59:45","run","\\tanghaiyong\physicaldisk(1 e: f: g: h:)\disk reads/sec","1 e: f: g: h:","0"
"15:59:45","run","\\tanghaiyong\physicaldisk(2)\disk reads/sec","2","813.1235"
"15:59:47","run","\\tanghaiyong\physicaldisk(0 c: d:)\% idle time","0 c: d:","99.971"
"15:59:47","run","\\tanghaiyong\physicaldisk(1 e: f: g: h:)\% idle time","1 e: f: g: h:","99.9832"
"15:59:47","run","\\tanghaiyong\physicaldisk(2)\% idle time","2","17.8036"
"15:59:47","run","\\tanghaiyong\physicaldisk(0 c: d:)\avg. disk sec/read","0 c: d:","0"
"15:59:47","run","\\tanghaiyong\physicaldisk(1 e: f: g: h:)\avg. disk sec/read","1 e: f: g: h:","0"
"15:59:47","run","\\tanghaiyong\physicaldisk(2)\avg. disk sec/read","2","0.3538"
"15:59:47","run","\\tanghaiyong\physicaldisk(0 c: d:)\avg. disk sec/transfer","0 c: d:","0.0001"
"15:59:47","run","\\tanghaiyong\physicaldisk(1 e: f: g: h:)\avg. disk sec/transfer","1 e: f: g: h:","0"
"15:59:47","run","\\tanghaiyong\physicaldisk(2)\avg. disk sec/transfer","2","0.3538"
"15:59:47","run","\\tanghaiyong\physicaldisk(0 c: d:)\current disk queue length","0 c: d:","0"
"15:59:47","run","\\tanghaiyong\physicaldisk(1 e: f: g: h:)\current disk queue length","1 e: f: g: h:","0"
"15:59:47","run","\\tanghaiyong\physicaldisk(2)\current disk queue length","2","0"
"15:59:47","run","\\tanghaiyong\physicaldisk(0 c: d:)\avg. disk queue length","0 c: d:","0.0001"
"15:59:47","run","\\tanghaiyong\physicaldisk(1 e: f: g: h:)\avg. disk queue length","1 e: f: g: h:","0"
"15:59:47","run","\\tanghaiyong\physicaldisk(2)\avg. disk queue length","2","247.6863"
"15:59:47","run","\\tanghaiyong\physicaldisk(0 c: d:)\disk read bytes/sec","0 c: d:","0"
"15:59:47","run","\\tanghaiyong\physicaldisk(1 e: f: g: h:)\disk read bytes/sec","1 e: f: g: h:","0"
"15:59:47","run","\\tanghaiyong\physicaldisk(2)\disk read bytes/sec","2","905293598.8152"
"15:59:47","run","\\tanghaiyong\physicaldisk(0 c: d:)\avg. disk bytes/read","0 c: d:","0"
"15:59:47","run","\\tanghaiyong\physicaldisk(1 e: f: g: h:)\avg. disk bytes/read","1 e: f: g: h:","0"
"15:59:47","run","\\tanghaiyong\physicaldisk(2)\avg. disk bytes/read","2","1292875.2297"
"15:59:47","run","\\tanghaiyong\physicaldisk(0 c: d:)\disk reads/sec","0 c: d:","0"
"15:59:47","run","\\tanghaiyong\physicaldisk(1 e: f: g: h:)\disk reads/sec","1 e: f: g: h:","0"
"15:59:47","run","\\tanghaiyong\physicaldisk(2)\disk reads/sec","2","700.2173"
"15:59:49","run","\\tanghaiyong\physicaldisk(0 c: d:)\% idle time","0 c: d:","99.8799"
"15:59:49","run","\\tanghaiyong\physicaldisk(1 e: f: g: h:)\% idle time","1 e: f: g: h:","99.9322"
"15:59:49","run","\\tanghaiyong\physicaldisk(2)\% idle time","2","13.3194"
"15:59:49","run","\\tanghaiyong\physicaldisk(0 c: d:)\avg. disk sec/read","0 c: d:","0.0002"
"15:59:49","run","\\tanghaiyong\physicaldisk(1 e: f: g: h:)\avg. disk sec/read","1 e: f: g: h:","0"
"15:59:49","run","\\tanghaiyong\physicaldisk(2)\avg. disk sec/read","2","0.3463"
"15:59:49","run","\\tanghaiyong\physicaldisk(0 c: d:)\avg. disk sec/transfer","0 c: d:","0.0001"
"15:59:49","run","\\tanghaiyong\physicaldisk(1 e: f: g: h:)\avg. disk sec/transfer","1 e: f: g: h:","0"
"15:59:49","run","\\tanghaiyong\physicaldisk(2)\avg. disk sec/transfer","2","0.3463"
"15:59:49","run","\\tanghaiyong\physicaldisk(0 c: d:)\current disk queue length","0 c: d:","0"
"15:59:49","run","\\tanghaiyong\physicaldisk(1 e: f: g: h:)\current disk queue length","1 e: f: g: h:","0"
"15:59:49","run","\\tanghaiyong\physicaldisk(2)\current disk queue length","2","244"
"15:59:49","run","\\tanghaiyong\physicaldisk(0 c: d:)\avg. disk queue length","0 c: d:","0.0005"
"15:59:49","run","\\tanghaiyong\physicaldisk(1 e: f: g: h:)\avg. disk queue length","1 e: f: g: h:","0"
"15:59:49","run","\\tanghaiyong\physicaldisk(2)\avg. disk queue length","2","260.6981"
"15:59:49","run","\\tanghaiyong\physicaldisk(0 c: d:)\disk read bytes/sec","0 c: d:","16325.6603"
"15:59:49","run","\\tanghaiyong\physicaldisk(1 e: f: g: h:)\disk read bytes/sec","1 e: f: g: h:","0"
"15:59:49","run","\\tanghaiyong\physicaldisk(2)\disk read bytes/sec","2","975556154.0834"
"15:59:49","run","\\tanghaiyong\physicaldisk(0 c: d:)\avg. disk bytes/read","0 c: d:","16384"
"15:59:49","run","\\tanghaiyong\physicaldisk(1 e: f: g: h:)\avg. disk bytes/read","1 e: f: g: h:","0"
"15:59:49","run","\\tanghaiyong\physicaldisk(2)\avg. disk bytes/read","2","1295029.5026"
"15:59:49","run","\\tanghaiyong\physicaldisk(0 c: d:)\disk reads/sec","0 c: d:","0.9964"
"15:59:49","run","\\tanghaiyong\physicaldisk(1 e: f: g: h:)\disk reads/sec","1 e: f: g: h:","0"
"15:59:49","run","\\tanghaiyong\physicaldisk(2)\disk reads/sec","2","753.3081"
"15:59:51","run","\\tanghaiyong\physicaldisk(0 c: d:)\% idle time","0 c: d:","99.6368"
"15:59:51","run","\\tanghaiyong\physicaldisk(1 e: f: g: h:)\% idle time","1 e: f: g: h:","76.4137"
"15:59:51","run","\\tanghaiyong\physicaldisk(2)\% idle time","2","10.2661"
"15:59:51","run","\\tanghaiyong\physicaldisk(0 c: d:)\avg. disk sec/read","0 c: d:","0.0005"
"15:59:51","run","\\tanghaiyong\physicaldisk(1 e: f: g: h:)\avg. disk sec/read","1 e: f: g: h:","0"
"15:59:51","run","\\tanghaiyong\physicaldisk(2)\avg. disk sec/read","2","0.3146"
"15:59:51","run","\\tanghaiyong\physicaldisk(0 c: d:)\avg. disk sec/transfer","0 c: d:","0.0001"
"15:59:51","run","\\tanghaiyong\physicaldisk(1 e: f: g: h:)\avg. disk sec/transfer","1 e: f: g: h:","0"
"15:59:51","run","\\tanghaiyong\physicaldisk(2)\avg. disk sec/transfer","2","0.3146"
"15:59:51","run","\\tanghaiyong\physicaldisk(0 c: d:)\current disk queue length","0 c: d:","0"
"15:59:51","run","\\tanghaiyong\physicaldisk(1 e: f: g: h:)\current disk queue length","1 e: f: g: h:","1"
"15:59:51","run","\\tanghaiyong\physicaldisk(2)\current disk queue length","2","65"
"15:59:51","run","\\tanghaiyong\physicaldisk(0 c: d:)\avg. disk queue length","0 c: d:","0.0014"
"15:59:51","run","\\tanghaiyong\physicaldisk(1 e: f: g: h:)\avg. disk queue length","1 e: f: g: h:","0"
"15:59:51","run","\\tanghaiyong\physicaldisk(2)\avg. disk queue length","2","180.3767"
"15:59:51","run","\\tanghaiyong\physicaldisk(0 c: d:)\disk read bytes/sec","0 c: d:","48848.1013"
"15:59:51","run","\\tanghaiyong\physicaldisk(1 e: f: g: h:)\disk read bytes/sec","1 e: f: g: h:","0"
"15:59:51","run","\\tanghaiyong\physicaldisk(2)\disk read bytes/sec","2","742369019.6182"
"15:59:51","run","\\tanghaiyong\physicaldisk(0 c: d:)\avg. disk bytes/read","0 c: d:","49152"
"15:59:51","run","\\tanghaiyong\physicaldisk(1 e: f: g: h:)\avg. disk bytes/read","1 e: f: g: h:","0"
"15:59:51","run","\\tanghaiyong\physicaldisk(2)\avg. disk bytes/read","2","1294605.7539"
"15:59:51","run","\\tanghaiyong\physicaldisk(0 c: d:)\disk reads/sec","0 c: d:","0.9938"
"15:59:51","run","\\tanghaiyong\physicaldisk(1 e: f: g: h:)\disk reads/sec","1 e: f: g: h:","0"
"15:59:51","run","\\tanghaiyong\physicaldisk(2)\disk reads/sec","2","573.4325"
"15:59:53","run","\\tanghaiyong\physicaldisk(0 c: d:)\% idle time","0 c: d:","99.9148"
"15:59:53","run","\\tanghaiyong\physicaldisk(1 e: f: g: h:)\% idle time","1 e: f: g: h:","99.9795"
"15:59:53","run","\\tanghaiyong\physicaldisk(2)\% idle time","2","10.8219"
"15:59:53","run","\\tanghaiyong\physicaldisk(0 c: d:)\avg. disk sec/read","0 c: d:","0.0001"
"15:59:53","run","\\tanghaiyong\physicaldisk(1 e: f: g: h:)\avg. disk sec/read","1 e: f: g: h:","0"
"15:59:53","run","\\tanghaiyong\physicaldisk(2)\avg. disk sec/read","2","0.3882"
"15:59:53","run","\\tanghaiyong\physicaldisk(0 c: d:)\avg. disk sec/transfer","0 c: d:","0.0001"
"15:59:53","run","\\tanghaiyong\physicaldisk(1 e: f: g: h:)\avg. disk sec/transfer","1 e: f: g: h:","0"
"15:59:53","run","\\tanghaiyong\physicaldisk(2)\avg. disk sec/transfer","2","0.3882"
"15:59:53","run","\\tanghaiyong\physicaldisk(0 c: d:)\current disk queue length","0 c: d:","0"
"15:59:53","run","\\tanghaiyong\physicaldisk(1 e: f: g: h:)\current disk queue length","1 e: f: g: h:","0"
"15:59:53","run","\\tanghaiyong\physicaldisk(2)\current disk queue length","2","135"
"15:59:53","run","\\tanghaiyong\physicaldisk(0 c: d:)\avg. disk queue length","0 c: d:","0.0006"
"15:59:53","run","\\tanghaiyong\physicaldisk(1 e: f: g: h:)\avg. disk queue length","1 e: f: g: h:","0"
"15:59:53","run","\\tanghaiyong\physicaldisk(2)\avg. disk queue length","2","304.5852"
"15:59:53","run","\\tanghaiyong\physicaldisk(0 c: d:)\disk read bytes/sec","0 c: d:","5085.5444"
"15:59:53","run","\\tanghaiyong\physicaldisk(1 e: f: g: h:)\disk read bytes/sec","1 e: f: g: h:","0"
"15:59:53","run","\\tanghaiyong\physicaldisk(2)\disk read bytes/sec","2","1000460845.6784"
"15:59:53","run","\\tanghaiyong\physicaldisk(0 c: d:)\avg. disk bytes/read","0 c: d:","1706.6667"
"15:59:53","run","\\tanghaiyong\physicaldisk(1 e: f: g: h:)\avg. disk bytes/read","1 e: f: g: h:","0"
"15:59:53","run","\\tanghaiyong\physicaldisk(2)\avg. disk bytes/read","2","1274986.2886"
"15:59:53","run","\\tanghaiyong\physicaldisk(0 c: d:)\disk reads/sec","0 c: d:","2.9798"
"15:59:53","run","\\tanghaiyong\physicaldisk(1 e: f: g: h:)\disk reads/sec","1 e: f: g: h:","0"
"15:59:53","run","\\tanghaiyong\physicaldisk(2)\disk reads/sec","2","784.6836"
"15:59:55","run","\\tanghaiyong\physicaldisk(0 c: d:)\% idle time","0 c: d:","99.932"
"15:59:55","run","\\tanghaiyong\physicaldisk(1 e: f: g: h:)\% idle time","1 e: f: g: h:","99.9517"
"15:59:55","run","\\tanghaiyong\physicaldisk(2)\% idle time","2","9.1352"
"15:59:55","run","\\tanghaiyong\physicaldisk(0 c: d:)\avg. disk sec/read","0 c: d:","0"
"15:59:55","run","\\tanghaiyong\physicaldisk(1 e: f: g: h:)\avg. disk sec/read","1 e: f: g: h:","0"
"15:59:55","run","\\tanghaiyong\physicaldisk(2)\avg. disk sec/read","2","0.2962"
"15:59:55","run","\\tanghaiyong\physicaldisk(0 c: d:)\avg. disk sec/transfer","0 c: d:","0"
"15:59:55","run","\\tanghaiyong\physicaldisk(1 e: f: g: h:)\avg. disk sec/transfer","1 e: f: g: h:","0"
"15:59:55","run","\\tanghaiyong\physicaldisk(2)\avg. disk sec/transfer","2","0.2962"
"15:59:55","run","\\tanghaiyong\physicaldisk(0 c: d:)\current disk queue length","0 c: d:","0"
"15:59:55","run","\\tanghaiyong\physicaldisk(1 e: f: g: h:)\current disk queue length","1 e: f: g: h:","0"
"15:59:55","run","\\tanghaiyong\physicaldisk(2)\current disk queue length","2","223"
"15:59:55","run","\\tanghaiyong\physicaldisk(0 c: d:)\avg. disk queue length","0 c: d:","0.0002"
"15:59:55","run","\\tanghaiyong\physicaldisk(1 e: f: g: h:)\avg. disk queue length","1 e: f: g: h:","0"
"15:59:55","run","\\tanghaiyong\physicaldisk(2)\avg. disk queue length","2","235.3948"
"15:59:55","run","\\tanghaiyong\physicaldisk(0 c: d:)\disk read bytes/sec","0 c: d:","0"
"15:59:55","run","\\tanghaiyong\physicaldisk(1 e: f: g: h:)\disk read bytes/sec","1 e: f: g: h:","0"
"15:59:55","run","\\tanghaiyong\physicaldisk(2)\disk read bytes/sec","2","1027166997.5831"
"15:59:55","run","\\tanghaiyong\physicaldisk(0 c: d:)\avg. disk bytes/read","0 c: d:","0"
"15:59:55","run","\\tanghaiyong\physicaldisk(1 e: f: g: h:)\avg. disk bytes/read","1 e: f: g: h:","0"
"15:59:55","run","\\tanghaiyong\physicaldisk(2)\avg. disk bytes/read","2","1291974.8972"
"15:59:55","run","\\tanghaiyong\physicaldisk(0 c: d:)\disk reads/sec","0 c: d:","0"
"15:59:55","run","\\tanghaiyong\physicaldisk(1 e: f: g: h:)\disk reads/sec","1 e: f: g: h:","0"
"15:59:55","run","\\tanghaiyong\physicaldisk(2)\disk reads/sec","2","795.0363"
"15:59:57","run","\\tanghaiyong\physicaldisk(0 c: d:)\% idle time","0 c: d:","99.6427"
"15:59:57","run","\\tanghaiyong\physicaldisk(1 e: f: g: h:)\% idle time","1 e: f: g: h:","99.9857"
"15:59:57","run","\\tanghaiyong\physicaldisk(2)\% idle time","2","10.5572"
"15:59:57","run","\\tanghaiyong\physicaldisk(0 c: d:)\avg. disk sec/read","0 c: d:","0.0004"
"15:59:57","run","\\tanghaiyong\physicaldisk(1 e: f: g: h:)\avg. disk sec/read","1 e: f: g: h:","0"
"15:59:57","run","\\tanghaiyong\physicaldisk(2)\avg. disk sec/read","2","0.3648"
"15:59:57","run","\\tanghaiyong\physicaldisk(0 c: d:)\avg. disk sec/transfer","0 c: d:","0.0001"
"15:59:57","run","\\tanghaiyong\physicaldisk(1 e: f: g: h:)\avg. disk sec/transfer","1 e: f: g: h:","0"
"15:59:57","run","\\tanghaiyong\physicaldisk(2)\avg. disk sec/transfer","2","0.3648"
"15:59:57","run","\\tanghaiyong\physicaldisk(0 c: d:)\current disk queue length","0 c: d:","0"
"15:59:57","run","\\tanghaiyong\physicaldisk(1 e: f: g: h:)\current disk queue length","1 e: f: g: h:","0"
"15:59:57","run","\\tanghaiyong\physicaldisk(2)\current disk queue length","2","46"
"15:59:57","run","\\tanghaiyong\physicaldisk(0 c: d:)\avg. disk queue length","0 c: d:","0.0022"
"15:59:57","run","\\tanghaiyong\physicaldisk(1 e: f: g: h:)\avg. disk queue length","1 e: f: g: h:","0"
"15:59:57","run","\\tanghaiyong\physicaldisk(2)\avg. disk queue length","2","281.1252"
"15:59:57","run","\\tanghaiyong\physicaldisk(0 c: d:)\disk read bytes/sec","0 c: d:","48948.7599"
"15:59:57","run","\\tanghaiyong\physicaldisk(1 e: f: g: h:)\disk read bytes/sec","1 e: f: g: h:","0"
"15:59:57","run","\\tanghaiyong\physicaldisk(2)\disk read bytes/sec","2","995601459.1813"
"15:59:57","run","\\tanghaiyong\physicaldisk(0 c: d:)\avg. disk bytes/read","0 c: d:","49152"
"15:59:57","run","\\tanghaiyong\physicaldisk(1 e: f: g: h:)\avg. disk bytes/read","1 e: f: g: h:","0"
"15:59:57","run","\\tanghaiyong\physicaldisk(2)\avg. disk bytes/read","2","1291647.6693"
"15:59:57","run","\\tanghaiyong\physicaldisk(0 c: d:)\disk reads/sec","0 c: d:","0.9959"
"15:59:57","run","\\tanghaiyong\physicaldisk(1 e: f: g: h:)\disk reads/sec","1 e: f: g: h:","0"
"15:59:57","run","\\tanghaiyong\physicaldisk(2)\disk reads/sec","2","770.7996"
"15:59:59","run","\\tanghaiyong\physicaldisk(0 c: d:)\% idle time","0 c: d:","99.989"
"15:59:59","run","\\tanghaiyong\physicaldisk(1 e: f: g: h:)\% idle time","1 e: f: g: h:","100.003"
"15:59:59","run","\\tanghaiyong\physicaldisk(2)\% idle time","2","60.9417"
"15:59:59","run","\\tanghaiyong\physicaldisk(0 c: d:)\avg. disk sec/read","0 c: d:","0"
"15:59:59","run","\\tanghaiyong\physicaldisk(1 e: f: g: h:)\avg. disk sec/read","1 e: f: g: h:","0"
"15:59:59","run","\\tanghaiyong\physicaldisk(2)\avg. disk sec/read","2","0.0899"
"15:59:59","run","\\tanghaiyong\physicaldisk(0 c: d:)\avg. disk sec/transfer","0 c: d:","0.0001"
"15:59:59","run","\\tanghaiyong\physicaldisk(1 e: f: g: h:)\avg. disk sec/transfer","1 e: f: g: h:","0"
"15:59:59","run","\\tanghaiyong\physicaldisk(2)\avg. disk sec/transfer","2","0.0899"
"15:59:59","run","\\tanghaiyong\physicaldisk(0 c: d:)\current disk queue length","0 c: d:","0"
"15:59:59","run","\\tanghaiyong\physicaldisk(1 e: f: g: h:)\current disk queue length","1 e: f: g: h:","0"
"15:59:59","run","\\tanghaiyong\physicaldisk(2)\current disk queue length","2","121"
"15:59:59","run","\\tanghaiyong\physicaldisk(0 c: d:)\avg. disk queue length","0 c: d:","0.0001"
"15:59:59","run","\\tanghaiyong\physicaldisk(1 e: f: g: h:)\avg. disk queue length","1 e: f: g: h:","0"
"15:59:59","run","\\tanghaiyong\physicaldisk(2)\avg. disk queue length","2","34.0146"
"15:59:59","run","\\tanghaiyong\physicaldisk(0 c: d:)\disk read bytes/sec","0 c: d:","0"
"15:59:59","run","\\tanghaiyong\physicaldisk(1 e: f: g: h:)\disk read bytes/sec","1 e: f: g: h:","0"
"15:59:59","run","\\tanghaiyong\physicaldisk(2)\disk read bytes/sec","2","474295222.4552"
"15:59:59","run","\\tanghaiyong\physicaldisk(0 c: d:)\avg. disk bytes/read","0 c: d:","0"
"15:59:59","run","\\tanghaiyong\physicaldisk(1 e: f: g: h:)\avg. disk bytes/read","1 e: f: g: h:","0"
"15:59:59","run","\\tanghaiyong\physicaldisk(2)\avg. disk bytes/read","2","1254124.6162"
"15:59:59","run","\\tanghaiyong\physicaldisk(0 c: d:)\disk reads/sec","0 c: d:","0"
"15:59:59","run","\\tanghaiyong\physicaldisk(1 e: f: g: h:)\disk reads/sec","1 e: f: g: h:","0"
"15:59:59","run","\\tanghaiyong\physicaldisk(2)\disk reads/sec","2","378.1883"
"16:00:01","run","\\tanghaiyong\physicaldisk(0 c: d:)\% idle time","0 c: d:","99.7017"
"16:00:01","run","\\tanghaiyong\physicaldisk(1 e: f: g: h:)\% idle time","1 e: f: g: h:","99.9881"
"16:00:01","run","\\tanghaiyong\physicaldisk(2)\% idle time","2","51.4724"
"16:00:01","run","\\tanghaiyong\physicaldisk(0 c: d:)\avg. disk sec/read","0 c: d:","0.0005"
"16:00:01","run","\\tanghaiyong\physicaldisk(1 e: f: g: h:)\avg. disk sec/read","1 e: f: g: h:","0"
"16:00:01","run","\\tanghaiyong\physicaldisk(2)\avg. disk sec/read","2","0.1129"
"16:00:01","run","\\tanghaiyong\physicaldisk(0 c: d:)\avg. disk sec/transfer","0 c: d:","0.0002"
"16:00:01","run","\\tanghaiyong\physicaldisk(1 e: f: g: h:)\avg. disk sec/transfer","1 e: f: g: h:","0"
"16:00:01","run","\\tanghaiyong\physicaldisk(2)\avg. disk sec/transfer","2","0.1129"
"16:00:01","run","\\tanghaiyong\physicaldisk(0 c: d:)\current disk queue length","0 c: d:","0"
"16:00:01","run","\\tanghaiyong\physicaldisk(1 e: f: g: h:)\current disk queue length","1 e: f: g: h:","0"
"16:00:01","run","\\tanghaiyong\physicaldisk(2)\current disk queue length","2","0"
"16:00:01","run","\\tanghaiyong\physicaldisk(0 c: d:)\avg. disk queue length","0 c: d:","0.0029"
"16:00:01","run","\\tanghaiyong\physicaldisk(1 e: f: g: h:)\avg. disk queue length","1 e: f: g: h:","0"
"16:00:01","run","\\tanghaiyong\physicaldisk(2)\avg. disk queue length","2","53.6096"
"16:00:01","run","\\tanghaiyong\physicaldisk(0 c: d:)\disk read bytes/sec","0 c: d:","179769.0584"
"16:00:01","run","\\tanghaiyong\physicaldisk(1 e: f: g: h:)\disk read bytes/sec","1 e: f: g: h:","0"
"16:00:01","run","\\tanghaiyong\physicaldisk(2)\disk read bytes/sec","2","590884552.4631"
"16:00:01","run","\\tanghaiyong\physicaldisk(0 c: d:)\avg. disk bytes/read","0 c: d:","45056"
"16:00:01","run","\\tanghaiyong\physicaldisk(1 e: f: g: h:)\avg. disk bytes/read","1 e: f: g: h:","0"
"16:00:01","run","\\tanghaiyong\physicaldisk(2)\avg. disk bytes/read","2","1244495.5966"
"16:00:01","run","\\tanghaiyong\physicaldisk(0 c: d:)\disk reads/sec","0 c: d:","3.9899"
"16:00:01","run","\\tanghaiyong\physicaldisk(1 e: f: g: h:)\disk reads/sec","1 e: f: g: h:","0"
"16:00:01","run","\\tanghaiyong\physicaldisk(2)\disk reads/sec","2","474.7984"
"16:00:03","run","\\tanghaiyong\physicaldisk(0 c: d:)\% idle time","0 c: d:","99.5558"
"16:00:03","run","\\tanghaiyong\physicaldisk(1 e: f: g: h:)\% idle time","1 e: f: g: h:","99.9701"
"16:00:03","run","\\tanghaiyong\physicaldisk(2)\% idle time","2","44.1872"
"16:00:03","run","\\tanghaiyong\physicaldisk(0 c: d:)\avg. disk sec/read","0 c: d:","0.0001"
"16:00:03","run","\\tanghaiyong\physicaldisk(1 e: f: g: h:)\avg. disk sec/read","1 e: f: g: h:","0"
"16:00:03","run","\\tanghaiyong\physicaldisk(2)\avg. disk sec/read","2","0.0928"
"16:00:03","run","\\tanghaiyong\physicaldisk(0 c: d:)\avg. disk sec/transfer","0 c: d:","0.0001"
"16:00:03","run","\\tanghaiyong\physicaldisk(1 e: f: g: h:)\avg. disk sec/transfer","1 e: f: g: h:","0"
"16:00:03","run","\\tanghaiyong\physicaldisk(2)\avg. disk sec/transfer","2","0.0928"
"16:00:03","run","\\tanghaiyong\physicaldisk(0 c: d:)\current disk queue length","0 c: d:","0"
"16:00:03","run","\\tanghaiyong\physicaldisk(1 e: f: g: h:)\current disk queue length","1 e: f: g: h:","0"
"16:00:03","run","\\tanghaiyong\physicaldisk(2)\current disk queue length","2","74"
"16:00:03","run","\\tanghaiyong\physicaldisk(0 c: d:)\avg. disk queue length","0 c: d:","0.0017"
"16:00:03","run","\\tanghaiyong\physicaldisk(1 e: f: g: h:)\avg. disk queue length","1 e: f: g: h:","0"
"16:00:03","run","\\tanghaiyong\physicaldisk(2)\avg. disk queue length","2","47.1236"
"16:00:03","run","\\tanghaiyong\physicaldisk(0 c: d:)\disk read bytes/sec","0 c: d:","21244.9854"
"16:00:03","run","\\tanghaiyong\physicaldisk(1 e: f: g: h:)\disk read bytes/sec","1 e: f: g: h:","0"
"16:00:03","run","\\tanghaiyong\physicaldisk(2)\disk read bytes/sec","2","637042015.1596"
"16:00:03","run","\\tanghaiyong\physicaldisk(0 c: d:)\avg. disk bytes/read","0 c: d:","5376"
"16:00:03","run","\\tanghaiyong\physicaldisk(1 e: f: g: h:)\avg. disk bytes/read","1 e: f: g: h:","0"
"16:00:03","run","\\tanghaiyong\physicaldisk(2)\avg. disk bytes/read","2","1254491.642"
"16:00:03","run","\\tanghaiyong\physicaldisk(0 c: d:)\disk reads/sec","0 c: d:","3.9518"
"16:00:03","run","\\tanghaiyong\physicaldisk(1 e: f: g: h:)\disk reads/sec","1 e: f: g: h:","0"
"16:00:03","run","\\tanghaiyong\physicaldisk(2)\disk reads/sec","2","507.8089"
"16:00:05","run","\\tanghaiyong\physicaldisk(0 c: d:)\% idle time","0 c: d:","99.4365"
"16:00:05","run","\\tanghaiyong\physicaldisk(1 e: f: g: h:)\% idle time","1 e: f: g: h:","99.9795"
"16:00:05","run","\\tanghaiyong\physicaldisk(2)\% idle time","2","43.0227"
"16:00:05","run","\\tanghaiyong\physicaldisk(0 c: d:)\avg. disk sec/read","0 c: d:","0.0003"
"16:00:05","run","\\tanghaiyong\physicaldisk(1 e: f: g: h:)\avg. disk sec/read","1 e: f: g: h:","0"
"16:00:05","run","\\tanghaiyong\physicaldisk(2)\avg. disk sec/read","2","0.0934"
"16:00:05","run","\\tanghaiyong\physicaldisk(0 c: d:)\avg. disk sec/transfer","0 c: d:","0.0001"
"16:00:05","run","\\tanghaiyong\physicaldisk(1 e: f: g: h:)\avg. disk sec/transfer","1 e: f: g: h:","0"
"16:00:05","run","\\tanghaiyong\physicaldisk(2)\avg. disk sec/transfer","2","0.0934"
"16:00:05","run","\\tanghaiyong\physicaldisk(0 c: d:)\current disk queue length","0 c: d:","0"
"16:00:05","run","\\tanghaiyong\physicaldisk(1 e: f: g: h:)\current disk queue length","1 e: f: g: h:","0"
"16:00:05","run","\\tanghaiyong\physicaldisk(2)\current disk queue length","2","108"
"16:00:05","run","\\tanghaiyong\physicaldisk(0 c: d:)\avg. disk queue length","0 c: d:","0.0034"
"16:00:05","run","\\tanghaiyong\physicaldisk(1 e: f: g: h:)\avg. disk queue length","1 e: f: g: h:","0"
"16:00:05","run","\\tanghaiyong\physicaldisk(2)\avg. disk queue length","2","50.6534"
"16:00:05","run","\\tanghaiyong\physicaldisk(0 c: d:)\disk read bytes/sec","0 c: d:","245134.1236"
"16:00:05","run","\\tanghaiyong\physicaldisk(1 e: f: g: h:)\disk read bytes/sec","1 e: f: g: h:","0"
"16:00:05","run","\\tanghaiyong\physicaldisk(2)\disk read bytes/sec","2","679985716.4687"
"16:00:05","run","\\tanghaiyong\physicaldisk(0 c: d:)\avg. disk bytes/read","0 c: d:","49152"
"16:00:05","run","\\tanghaiyong\physicaldisk(1 e: f: g: h:)\avg. disk bytes/read","1 e: f: g: h:","0"
"16:00:05","run","\\tanghaiyong\physicaldisk(2)\avg. disk bytes/read","2","1253165.1765"
"16:00:05","run","\\tanghaiyong\physicaldisk(0 c: d:)\disk reads/sec","0 c: d:","4.9873"
"16:00:05","run","\\tanghaiyong\physicaldisk(1 e: f: g: h:)\disk reads/sec","1 e: f: g: h:","0"
"16:00:05","run","\\tanghaiyong\physicaldisk(2)\disk reads/sec","2","542.6146"
"16:00:07","run","\\tanghaiyong\physicaldisk(0 c: d:)\% idle time","0 c: d:","99.4616"
"16:00:07","run","\\tanghaiyong\physicaldisk(1 e: f: g: h:)\% idle time","1 e: f: g: h:","99.9443"
"16:00:07","run","\\tanghaiyong\physicaldisk(2)\% idle time","2","29.6181"
"16:00:07","run","\\tanghaiyong\physicaldisk(0 c: d:)\avg. disk sec/read","0 c: d:","0.0005"
"16:00:07","run","\\tanghaiyong\physicaldisk(1 e: f: g: h:)\avg. disk sec/read","1 e: f: g: h:","0"
"16:00:07","run","\\tanghaiyong\physicaldisk(2)\avg. disk sec/read","2","0.2453"
"16:00:07","run","\\tanghaiyong\physicaldisk(0 c: d:)\avg. disk sec/transfer","0 c: d:","0.0003"
"16:00:07","run","\\tanghaiyong\physicaldisk(1 e: f: g: h:)\avg. disk sec/transfer","1 e: f: g: h:","0"
"16:00:07","run","\\tanghaiyong\physicaldisk(2)\avg. disk sec/transfer","2","0.2453"
"16:00:07","run","\\tanghaiyong\physicaldisk(0 c: d:)\current disk queue length","0 c: d:","0"
"16:00:07","run","\\tanghaiyong\physicaldisk(1 e: f: g: h:)\current disk queue length","1 e: f: g: h:","0"
"16:00:07","run","\\tanghaiyong\physicaldisk(2)\current disk queue length","2","36"
"16:00:07","run","\\tanghaiyong\physicaldisk(0 c: d:)\avg. disk queue length","0 c: d:","0.0044"
"16:00:07","run","\\tanghaiyong\physicaldisk(1 e: f: g: h:)\avg. disk queue length","1 e: f: g: h:","0"
"16:00:07","run","\\tanghaiyong\physicaldisk(2)\avg. disk queue length","2","149.8231"
"16:00:07","run","\\tanghaiyong\physicaldisk(0 c: d:)\disk read bytes/sec","0 c: d:","195991.919"
"16:00:07","run","\\tanghaiyong\physicaldisk(1 e: f: g: h:)\disk read bytes/sec","1 e: f: g: h:","0"
"16:00:07","run","\\tanghaiyong\physicaldisk(2)\disk read bytes/sec","2","765372942.6919"
"16:00:07","run","\\tanghaiyong\physicaldisk(0 c: d:)\avg. disk bytes/read","0 c: d:","98304"
"16:00:07","run","\\tanghaiyong\physicaldisk(1 e: f: g: h:)\avg. disk bytes/read","1 e: f: g: h:","0"
"16:00:07","run","\\tanghaiyong\physicaldisk(2)\avg. disk bytes/read","2","1252493.9902"
"16:00:07","run","\\tanghaiyong\physicaldisk(0 c: d:)\disk reads/sec","0 c: d:","1.9937"
"16:00:07","run","\\tanghaiyong\physicaldisk(1 e: f: g: h:)\disk reads/sec","1 e: f: g: h:","0"
"16:00:07","run","\\tanghaiyong\physicaldisk(2)\disk reads/sec","2","611.0791"
"16:00:09","run","\\tanghaiyong\physicaldisk(0 c: d:)\% idle time","0 c: d:","99.9543"
"16:00:09","run","\\tanghaiyong\physicaldisk(1 e: f: g: h:)\% idle time","1 e: f: g: h:","100.0152"
"16:00:09","run","\\tanghaiyong\physicaldisk(2)\% idle time","2","8.3663"
"16:00:09","run","\\tanghaiyong\physicaldisk(0 c: d:)\avg. disk sec/read","0 c: d:","0"
"16:00:09","run","\\tanghaiyong\physicaldisk(1 e: f: g: h:)\avg. disk sec/read","1 e: f: g: h:","0"
"16:00:09","run","\\tanghaiyong\physicaldisk(2)\avg. disk sec/read","2","0.3914"
"16:00:09","run","\\tanghaiyong\physicaldisk(0 c: d:)\avg. disk sec/transfer","0 c: d:","0.0001"
"16:00:09","run","\\tanghaiyong\physicaldisk(1 e: f: g: h:)\avg. disk sec/transfer","1 e: f: g: h:","0"
"16:00:09","run","\\tanghaiyong\physicaldisk(2)\avg. disk sec/transfer","2","0.3914"
"16:00:09","run","\\tanghaiyong\physicaldisk(0 c: d:)\current disk queue length","0 c: d:","0"
"16:00:09","run","\\tanghaiyong\physicaldisk(1 e: f: g: h:)\current disk queue length","1 e: f: g: h:","0"
"16:00:09","run","\\tanghaiyong\physicaldisk(2)\current disk queue length","2","121"
"16:00:09","run","\\tanghaiyong\physicaldisk(0 c: d:)\avg. disk queue length","0 c: d:","0.0002"
"16:00:09","run","\\tanghaiyong\physicaldisk(1 e: f: g: h:)\avg. disk queue length","1 e: f: g: h:","0"
"16:00:09","run","\\tanghaiyong\physicaldisk(2)\avg. disk queue length","2","295.2026"
"16:00:09","run","\\tanghaiyong\physicaldisk(0 c: d:)\disk read bytes/sec","0 c: d:","0"
"16:00:09","run","\\tanghaiyong\physicaldisk(1 e: f: g: h:)\disk read bytes/sec","1 e: f: g: h:","0"
"16:00:09","run","\\tanghaiyong\physicaldisk(2)\disk read bytes/sec","2","977002323.2143"
"16:00:09","run","\\tanghaiyong\physicaldisk(0 c: d:)\avg. disk bytes/read","0 c: d:","0"
"16:00:09","run","\\tanghaiyong\physicaldisk(1 e: f: g: h:)\avg. disk bytes/read","1 e: f: g: h:","0"
"16:00:09","run","\\tanghaiyong\physicaldisk(2)\avg. disk bytes/read","2","1295459.9683"
"16:00:09","run","\\tanghaiyong\physicaldisk(0 c: d:)\disk reads/sec","0 c: d:","0"
"16:00:09","run","\\tanghaiyong\physicaldisk(1 e: f: g: h:)\disk reads/sec","1 e: f: g: h:","0"
"16:00:09","run","\\tanghaiyong\physicaldisk(2)\disk reads/sec","2","754.1741"
"16:00:11","run","\\tanghaiyong\physicaldisk(0 c: d:)\% idle time","0 c: d:","99.894"
"16:00:11","run","\\tanghaiyong\physicaldisk(1 e: f: g: h:)\% idle time","1 e: f: g: h:","100.0006"
"16:00:11","run","\\tanghaiyong\physicaldisk(2)\% idle time","2","14.1889"
"16:00:11","run","\\tanghaiyong\physicaldisk(0 c: d:)\avg. disk sec/read","0 c: d:","0"
"16:00:11","run","\\tanghaiyong\physicaldisk(1 e: f: g: h:)\avg. disk sec/read","1 e: f: g: h:","0"
"16:00:11","run","\\tanghaiyong\physicaldisk(2)\avg. disk sec/read","2","0.3671"
"16:00:11","run","\\tanghaiyong\physicaldisk(0 c: d:)\avg. disk sec/transfer","0 c: d:","0.0001"
"16:00:11","run","\\tanghaiyong\physicaldisk(1 e: f: g: h:)\avg. disk sec/transfer","1 e: f: g: h:","0"
"16:00:11","run","\\tanghaiyong\physicaldisk(2)\avg. disk sec/transfer","2","0.3671"
"16:00:11","run","\\tanghaiyong\physicaldisk(0 c: d:)\current disk queue length","0 c: d:","0"
"16:00:11","run","\\tanghaiyong\physicaldisk(1 e: f: g: h:)\current disk queue length","1 e: f: g: h:","0"
"16:00:11","run","\\tanghaiyong\physicaldisk(2)\current disk queue length","2","0"
"16:00:11","run","\\tanghaiyong\physicaldisk(0 c: d:)\avg. disk queue length","0 c: d:","0.0002"
"16:00:11","run","\\tanghaiyong\physicaldisk(1 e: f: g: h:)\avg. disk queue length","1 e: f: g: h:","0"
"16:00:11","run","\\tanghaiyong\physicaldisk(2)\avg. disk queue length","2","301.1992"
"16:00:11","run","\\tanghaiyong\physicaldisk(0 c: d:)\disk read bytes/sec","0 c: d:","0"
"16:00:11","run","\\tanghaiyong\physicaldisk(1 e: f: g: h:)\disk read bytes/sec","1 e: f: g: h:","0"
"16:00:11","run","\\tanghaiyong\physicaldisk(2)\disk read bytes/sec","2","1053574423.1941"
"16:00:11","run","\\tanghaiyong\physicaldisk(0 c: d:)\avg. disk bytes/read","0 c: d:","0"
"16:00:11","run","\\tanghaiyong\physicaldisk(1 e: f: g: h:)\avg. disk bytes/read","1 e: f: g: h:","0"
"16:00:11","run","\\tanghaiyong\physicaldisk(2)\avg. disk bytes/read","2","1284016.466"
"16:00:11","run","\\tanghaiyong\physicaldisk(0 c: d:)\disk reads/sec","0 c: d:","0"
"16:00:11","run","\\tanghaiyong\physicaldisk(1 e: f: g: h:)\disk reads/sec","1 e: f: g: h:","0"
"16:00:11","run","\\tanghaiyong\physicaldisk(2)\disk reads/sec","2","820.5303"
"16:00:13","run","\\tanghaiyong\physicaldisk(0 c: d:)\% idle time","0 c: d:","99.0821"
"16:00:13","run","\\tanghaiyong\physicaldisk(1 e: f: g: h:)\% idle time","1 e: f: g: h:","99.9324"
"16:00:13","run","\\tanghaiyong\physicaldisk(2)\% idle time","2","11.1337"
"16:00:13","run","\\tanghaiyong\physicaldisk(0 c: d:)\avg. disk sec/read","0 c: d:","0.0002"
"16:00:13","run","\\tanghaiyong\physicaldisk(1 e: f: g: h:)\avg. disk sec/read","1 e: f: g: h:","0"
"16:00:13","run","\\tanghaiyong\physicaldisk(2)\avg. disk sec/read","2","0.347"
"16:00:13","run","\\tanghaiyong\physicaldisk(0 c: d:)\avg. disk sec/transfer","0 c: d:","0.0001"
"16:00:13","run","\\tanghaiyong\physicaldisk(1 e: f: g: h:)\avg. disk sec/transfer","1 e: f: g: h:","0"
"16:00:13","run","\\tanghaiyong\physicaldisk(2)\avg. disk sec/transfer","2","0.347"
"16:00:13","run","\\tanghaiyong\physicaldisk(0 c: d:)\current disk queue length","0 c: d:","0"
"16:00:13","run","\\tanghaiyong\physicaldisk(1 e: f: g: h:)\current disk queue length","1 e: f: g: h:","0"
"16:00:13","run","\\tanghaiyong\physicaldisk(2)\current disk queue length","2","142"
"16:00:13","run","\\tanghaiyong\physicaldisk(0 c: d:)\avg. disk queue length","0 c: d:","0.0081"
"16:00:13","run","\\tanghaiyong\physicaldisk(1 e: f: g: h:)\avg. disk queue length","1 e: f: g: h:","0"
"16:00:13","run","\\tanghaiyong\physicaldisk(2)\avg. disk queue length","2","265.4796"
"16:00:13","run","\\tanghaiyong\physicaldisk(0 c: d:)\disk read bytes/sec","0 c: d:","152104.37"
"16:00:13","run","\\tanghaiyong\physicaldisk(1 e: f: g: h:)\disk read bytes/sec","1 e: f: g: h:","0"
"16:00:13","run","\\tanghaiyong\physicaldisk(2)\disk read bytes/sec","2","979935976.5176"
"16:00:13","run","\\tanghaiyong\physicaldisk(0 c: d:)\avg. disk bytes/read","0 c: d:","12714.6667"
"16:00:13","run","\\tanghaiyong\physicaldisk(1 e: f: g: h:)\avg. disk bytes/read","1 e: f: g: h:","0"
"16:00:13","run","\\tanghaiyong\physicaldisk(2)\avg. disk bytes/read","2","1279914.6667"
"16:00:13","run","\\tanghaiyong\physicaldisk(0 c: d:)\disk reads/sec","0 c: d:","11.9629"
"16:00:13","run","\\tanghaiyong\physicaldisk(1 e: f: g: h:)\disk reads/sec","1 e: f: g: h:","0"
"16:00:13","run","\\tanghaiyong\physicaldisk(2)\disk reads/sec","2","765.626"
"16:00:15","run","\\tanghaiyong\physicaldisk(0 c: d:)\% idle time","0 c: d:","99.9801"
"16:00:15","run","\\tanghaiyong\physicaldisk(1 e: f: g: h:)\% idle time","1 e: f: g: h:","99.9802"
"16:00:15","run","\\tanghaiyong\physicaldisk(2)\% idle time","2","12.7031"
"16:00:15","run","\\tanghaiyong\physicaldisk(0 c: d:)\avg. disk sec/read","0 c: d:","0"
"16:00:15","run","\\tanghaiyong\physicaldisk(1 e: f: g: h:)\avg. disk sec/read","1 e: f: g: h:","0"
"16:00:15","run","\\tanghaiyong\physicaldisk(2)\avg. disk sec/read","2","0.3915"
"16:00:15","run","\\tanghaiyong\physicaldisk(0 c: d:)\avg. disk sec/transfer","0 c: d:","0"
"16:00:15","run","\\tanghaiyong\physicaldisk(1 e: f: g: h:)\avg. disk sec/transfer","1 e: f: g: h:","0"
"16:00:15","run","\\tanghaiyong\physicaldisk(2)\avg. disk sec/transfer","2","0.3915"
"16:00:15","run","\\tanghaiyong\physicaldisk(0 c: d:)\current disk queue length","0 c: d:","0"
"16:00:15","run","\\tanghaiyong\physicaldisk(1 e: f: g: h:)\current disk queue length","1 e: f: g: h:","0"
"16:00:15","run","\\tanghaiyong\physicaldisk(2)\current disk queue length","2","177"
"16:00:15","run","\\tanghaiyong\physicaldisk(0 c: d:)\avg. disk queue length","0 c: d:","0"
"16:00:15","run","\\tanghaiyong\physicaldisk(1 e: f: g: h:)\avg. disk queue length","1 e: f: g: h:","0"
"16:00:15","run","\\tanghaiyong\physicaldisk(2)\avg. disk queue length","2","298.2694"
"16:00:15","run","\\tanghaiyong\physicaldisk(0 c: d:)\disk read bytes/sec","0 c: d:","0"
"16:00:15","run","\\tanghaiyong\physicaldisk(1 e: f: g: h:)\disk read bytes/sec","1 e: f: g: h:","0"
"16:00:15","run","\\tanghaiyong\physicaldisk(2)\disk read bytes/sec","2","985362921.4157"
"16:00:15","run","\\tanghaiyong\physicaldisk(0 c: d:)\avg. disk bytes/read","0 c: d:","0"
"16:00:15","run","\\tanghaiyong\physicaldisk(1 e: f: g: h:)\avg. disk bytes/read","1 e: f: g: h:","0"
"16:00:15","run","\\tanghaiyong\physicaldisk(2)\avg. disk bytes/read","2","1292926.1643"
"16:00:15","run","\\tanghaiyong\physicaldisk(0 c: d:)\disk reads/sec","0 c: d:","0"
"16:00:15","run","\\tanghaiyong\physicaldisk(1 e: f: g: h:)\disk reads/sec","1 e: f: g: h:","0"
"16:00:15","run","\\tanghaiyong\physicaldisk(2)\disk reads/sec","2","762.1185"
"16:00:17","run","\\tanghaiyong\physicaldisk(0 c: d:)\% idle time","0 c: d:","99.6685"
"16:00:17","run","\\tanghaiyong\physicaldisk(1 e: f: g: h:)\% idle time","1 e: f: g: h:","99.9912"
"16:00:17","run","\\tanghaiyong\physicaldisk(2)\% idle time","2","24.3914"
"16:00:17","run","\\tanghaiyong\physicaldisk(0 c: d:)\avg. disk sec/read","0 c: d:","0.0007"
"16:00:17","run","\\tanghaiyong\physicaldisk(1 e: f: g: h:)\avg. disk sec/read","1 e: f: g: h:","0"
"16:00:17","run","\\tanghaiyong\physicaldisk(2)\avg. disk sec/read","2","0.3635"
"16:00:17","run","\\tanghaiyong\physicaldisk(0 c: d:)\avg. disk sec/transfer","0 c: d:","0.0001"
"16:00:17","run","\\tanghaiyong\physicaldisk(1 e: f: g: h:)\avg. disk sec/transfer","1 e: f: g: h:","0"
"16:00:17","run","\\tanghaiyong\physicaldisk(2)\avg. disk sec/transfer","2","0.3635"
"16:00:17","run","\\tanghaiyong\physicaldisk(0 c: d:)\current disk queue length","0 c: d:","0"
"16:00:17","run","\\tanghaiyong\physicaldisk(1 e: f: g: h:)\current disk queue length","1 e: f: g: h:","0"
"16:00:17","run","\\tanghaiyong\physicaldisk(2)\current disk queue length","2","226"
"16:00:17","run","\\tanghaiyong\physicaldisk(0 c: d:)\avg. disk queue length","0 c: d:","0.002"
"16:00:17","run","\\tanghaiyong\physicaldisk(1 e: f: g: h:)\avg. disk queue length","1 e: f: g: h:","0"
"16:00:17","run","\\tanghaiyong\physicaldisk(2)\avg. disk queue length","2","253.3377"
"16:00:17","run","\\tanghaiyong\physicaldisk(0 c: d:)\disk read bytes/sec","0 c: d:","97748.7675"
"16:00:17","run","\\tanghaiyong\physicaldisk(1 e: f: g: h:)\disk read bytes/sec","1 e: f: g: h:","0"
"16:00:17","run","\\tanghaiyong\physicaldisk(2)\disk read bytes/sec","2","858633319.0213"
"16:00:17","run","\\tanghaiyong\physicaldisk(0 c: d:)\avg. disk bytes/read","0 c: d:","98304"
"16:00:17","run","\\tanghaiyong\physicaldisk(1 e: f: g: h:)\avg. disk bytes/read","1 e: f: g: h:","0"
"16:00:17","run","\\tanghaiyong\physicaldisk(2)\avg. disk bytes/read","2","1231826.7161"
"16:00:17","run","\\tanghaiyong\physicaldisk(0 c: d:)\disk reads/sec","0 c: d:","0.9944"
"16:00:17","run","\\tanghaiyong\physicaldisk(1 e: f: g: h:)\disk reads/sec","1 e: f: g: h:","0"
"16:00:17","run","\\tanghaiyong\physicaldisk(2)\disk reads/sec","2","697.0407"
"16:00:19","run","\\tanghaiyong\physicaldisk(0 c: d:)\% idle time","0 c: d:","99.9867"
"16:00:19","run","\\tanghaiyong\physicaldisk(1 e: f: g: h:)\% idle time","1 e: f: g: h:","99.9867"
"16:00:19","run","\\tanghaiyong\physicaldisk(2)\% idle time","2","10.5078"
"16:00:19","run","\\tanghaiyong\physicaldisk(0 c: d:)\avg. disk sec/read","0 c: d:","0"
"16:00:19","run","\\tanghaiyong\physicaldisk(1 e: f: g: h:)\avg. disk sec/read","1 e: f: g: h:","0"
"16:00:19","run","\\tanghaiyong\physicaldisk(2)\avg. disk sec/read","2","0.3438"
"16:00:19","run","\\tanghaiyong\physicaldisk(0 c: d:)\avg. disk sec/transfer","0 c: d:","0"
"16:00:19","run","\\tanghaiyong\physicaldisk(1 e: f: g: h:)\avg. disk sec/transfer","1 e: f: g: h:","0"
"16:00:19","run","\\tanghaiyong\physicaldisk(2)\avg. disk sec/transfer","2","0.3438"
"16:00:19","run","\\tanghaiyong\physicaldisk(0 c: d:)\current disk queue length","0 c: d:","0"
"16:00:19","run","\\tanghaiyong\physicaldisk(1 e: f: g: h:)\current disk queue length","1 e: f: g: h:","0"
"16:00:19","run","\\tanghaiyong\physicaldisk(2)\current disk queue length","2","238"
"16:00:19","run","\\tanghaiyong\physicaldisk(0 c: d:)\avg. disk queue length","0 c: d:","0"
"16:00:19","run","\\tanghaiyong\physicaldisk(1 e: f: g: h:)\avg. disk queue length","1 e: f: g: h:","0"
"16:00:19","run","\\tanghaiyong\physicaldisk(2)\avg. disk queue length","2","273.3125"
"16:00:19","run","\\tanghaiyong\physicaldisk(0 c: d:)\disk read bytes/sec","0 c: d:","0"
"16:00:19","run","\\tanghaiyong\physicaldisk(1 e: f: g: h:)\disk read bytes/sec","1 e: f: g: h:","0"
"16:00:19","run","\\tanghaiyong\physicaldisk(2)\disk read bytes/sec","2","1009823878.4002"
"16:00:19","run","\\tanghaiyong\physicaldisk(0 c: d:)\avg. disk bytes/read","0 c: d:","0"
"16:00:19","run","\\tanghaiyong\physicaldisk(1 e: f: g: h:)\avg. disk bytes/read","1 e: f: g: h:","0"
"16:00:19","run","\\tanghaiyong\physicaldisk(2)\avg. disk bytes/read","2","1270087.68"
"16:00:19","run","\\tanghaiyong\physicaldisk(0 c: d:)\disk reads/sec","0 c: d:","0"
"16:00:19","run","\\tanghaiyong\physicaldisk(1 e: f: g: h:)\disk reads/sec","1 e: f: g: h:","0"
"16:00:19","run","\\tanghaiyong\physicaldisk(2)\disk reads/sec","2","795.082"
"16:00:21","run","\\tanghaiyong\physicaldisk(0 c: d:)\% idle time","0 c: d:","99.7061"
"16:00:21","run","\\tanghaiyong\physicaldisk(1 e: f: g: h:)\% idle time","1 e: f: g: h:","99.9804"
"16:00:21","run","\\tanghaiyong\physicaldisk(2)\% idle time","2","12.7314"
"16:00:21","run","\\tanghaiyong\physicaldisk(0 c: d:)\avg. disk sec/read","0 c: d:","0"
"16:00:21","run","\\tanghaiyong\physicaldisk(1 e: f: g: h:)\avg. disk sec/read","1 e: f: g: h:","0"
"16:00:21","run","\\tanghaiyong\physicaldisk(2)\avg. disk sec/read","2","0.3336"
"16:00:21","run","\\tanghaiyong\physicaldisk(0 c: d:)\avg. disk sec/transfer","0 c: d:","0.0001"
"16:00:21","run","\\tanghaiyong\physicaldisk(1 e: f: g: h:)\avg. disk sec/transfer","1 e: f: g: h:","0"
"16:00:21","run","\\tanghaiyong\physicaldisk(2)\avg. disk sec/transfer","2","0.3336"
"16:00:21","run","\\tanghaiyong\physicaldisk(0 c: d:)\current disk queue length","0 c: d:","0"
"16:00:21","run","\\tanghaiyong\physicaldisk(1 e: f: g: h:)\current disk queue length","1 e: f: g: h:","0"
"16:00:21","run","\\tanghaiyong\physicaldisk(2)\current disk queue length","2","108"
"16:00:21","run","\\tanghaiyong\physicaldisk(0 c: d:)\avg. disk queue length","0 c: d:","0.0007"
"16:00:21","run","\\tanghaiyong\physicaldisk(1 e: f: g: h:)\avg. disk queue length","1 e: f: g: h:","0"
"16:00:21","run","\\tanghaiyong\physicaldisk(2)\avg. disk queue length","2","258.8903"
"16:00:21","run","\\tanghaiyong\physicaldisk(0 c: d:)\disk read bytes/sec","0 c: d:","0"
"16:00:21","run","\\tanghaiyong\physicaldisk(1 e: f: g: h:)\disk read bytes/sec","1 e: f: g: h:","0"
"16:00:21","run","\\tanghaiyong\physicaldisk(2)\disk read bytes/sec","2","1003382857.1064"
"16:00:21","run","\\tanghaiyong\physicaldisk(0 c: d:)\avg. disk bytes/read","0 c: d:","0"
"16:00:21","run","\\tanghaiyong\physicaldisk(1 e: f: g: h:)\avg. disk bytes/read","1 e: f: g: h:","0"
"16:00:21","run","\\tanghaiyong\physicaldisk(2)\avg. disk bytes/read","2","1292727.0449"
"16:00:21","run","\\tanghaiyong\physicaldisk(0 c: d:)\disk reads/sec","0 c: d:","0"
"16:00:21","run","\\tanghaiyong\physicaldisk(1 e: f: g: h:)\disk reads/sec","1 e: f: g: h:","0"
"16:00:21","run","\\tanghaiyong\physicaldisk(2)\disk reads/sec","2","776.1753"
"16:00:23","run","\\tanghaiyong\physicaldisk(0 c: d:)\% idle time","0 c: d:","99.9712"
"16:00:23","run","\\tanghaiyong\physicaldisk(1 e: f: g: h:)\% idle time","1 e: f: g: h:","100.0145"
"16:00:23","run","\\tanghaiyong\physicaldisk(2)\% idle time","2","13.7872"
"16:00:23","run","\\tanghaiyong\physicaldisk(0 c: d:)\avg. disk sec/read","0 c: d:","0.0001"
"16:00:23","run","\\tanghaiyong\physicaldisk(1 e: f: g: h:)\avg. disk sec/read","1 e: f: g: h:","0"
"16:00:23","run","\\tanghaiyong\physicaldisk(2)\avg. disk sec/read","2","0.2833"
"16:00:23","run","\\tanghaiyong\physicaldisk(0 c: d:)\avg. disk sec/transfer","0 c: d:","0.0001"
"16:00:23","run","\\tanghaiyong\physicaldisk(1 e: f: g: h:)\avg. disk sec/transfer","1 e: f: g: h:","0"
"16:00:23","run","\\tanghaiyong\physicaldisk(2)\avg. disk sec/transfer","2","0.2833"
"16:00:23","run","\\tanghaiyong\physicaldisk(0 c: d:)\current disk queue length","0 c: d:","0"
"16:00:23","run","\\tanghaiyong\physicaldisk(1 e: f: g: h:)\current disk queue length","1 e: f: g: h:","0"
"16:00:23","run","\\tanghaiyong\physicaldisk(2)\current disk queue length","2","61"
"16:00:23","run","\\tanghaiyong\physicaldisk(0 c: d:)\avg. disk queue length","0 c: d:","0.0004"
"16:00:23","run","\\tanghaiyong\physicaldisk(1 e: f: g: h:)\avg. disk queue length","1 e: f: g: h:","0"
"16:00:23","run","\\tanghaiyong\physicaldisk(2)\avg. disk queue length","2","210.5477"
"16:00:23","run","\\tanghaiyong\physicaldisk(0 c: d:)\disk read bytes/sec","0 c: d:","5119.1083"
"16:00:23","run","\\tanghaiyong\physicaldisk(1 e: f: g: h:)\disk read bytes/sec","1 e: f: g: h:","0"
"16:00:23","run","\\tanghaiyong\physicaldisk(2)\disk read bytes/sec","2","967159264.8561"
"16:00:23","run","\\tanghaiyong\physicaldisk(0 c: d:)\avg. disk bytes/read","0 c: d:","1706.6667"
"16:00:23","run","\\tanghaiyong\physicaldisk(1 e: f: g: h:)\avg. disk bytes/read","1 e: f: g: h:","0"
"16:00:23","run","\\tanghaiyong\physicaldisk(2)\avg. disk bytes/read","2","1300171.6989"
"16:00:23","run","\\tanghaiyong\physicaldisk(0 c: d:)\disk reads/sec","0 c: d:","2.9995"
"16:00:23","run","\\tanghaiyong\physicaldisk(1 e: f: g: h:)\disk reads/sec","1 e: f: g: h:","0"
"16:00:23","run","\\tanghaiyong\physicaldisk(2)\disk reads/sec","2","743.8704"
"16:00:25","run","\\tanghaiyong\physicaldisk(0 c: d:)\% idle time","0 c: d:","99.0644"
"16:00:25","run","\\tanghaiyong\physicaldisk(1 e: f: g: h:)\% idle time","1 e: f: g: h:","99.9937"
"16:00:25","run","\\tanghaiyong\physicaldisk(2)\% idle time","2","9.4282"
"16:00:25","run","\\tanghaiyong\physicaldisk(0 c: d:)\avg. disk sec/read","0 c: d:","0.0005"
"16:00:25","run","\\tanghaiyong\physicaldisk(1 e: f: g: h:)\avg. disk sec/read","1 e: f: g: h:","0"
"16:00:25","run","\\tanghaiyong\physicaldisk(2)\avg. disk sec/read","2","0.3963"
"16:00:25","run","\\tanghaiyong\physicaldisk(0 c: d:)\avg. disk sec/transfer","0 c: d:","0.0001"
"16:00:25","run","\\tanghaiyong\physicaldisk(1 e: f: g: h:)\avg. disk sec/transfer","1 e: f: g: h:","0"
"16:00:25","run","\\tanghaiyong\physicaldisk(2)\avg. disk sec/transfer","2","0.3963"
"16:00:25","run","\\tanghaiyong\physicaldisk(0 c: d:)\current disk queue length","0 c: d:","0"
"16:00:25","run","\\tanghaiyong\physicaldisk(1 e: f: g: h:)\current disk queue length","1 e: f: g: h:","0"
"16:00:25","run","\\tanghaiyong\physicaldisk(2)\current disk queue length","2","50"
"16:00:25","run","\\tanghaiyong\physicaldisk(0 c: d:)\avg. disk queue length","0 c: d:","0.0053"
"16:00:25","run","\\tanghaiyong\physicaldisk(1 e: f: g: h:)\avg. disk queue length","1 e: f: g: h:","0"
"16:00:25","run","\\tanghaiyong\physicaldisk(2)\avg. disk queue length","2","306.8643"
"16:00:25","run","\\tanghaiyong\physicaldisk(0 c: d:)\disk read bytes/sec","0 c: d:","65227.5584"
"16:00:25","run","\\tanghaiyong\physicaldisk(1 e: f: g: h:)\disk read bytes/sec","1 e: f: g: h:","0"
"16:00:25","run","\\tanghaiyong\physicaldisk(2)\disk read bytes/sec","2","1000737508.5434"
"16:00:25","run","\\tanghaiyong\physicaldisk(0 c: d:)\avg. disk bytes/read","0 c: d:","65536"
"16:00:25","run","\\tanghaiyong\physicaldisk(1 e: f: g: h:)\avg. disk bytes/read","1 e: f: g: h:","0"
"16:00:25","run","\\tanghaiyong\physicaldisk(2)\avg. disk bytes/read","2","1292377.5013"
"16:00:25","run","\\tanghaiyong\physicaldisk(0 c: d:)\disk reads/sec","0 c: d:","0.9953"
"16:00:25","run","\\tanghaiyong\physicaldisk(1 e: f: g: h:)\disk reads/sec","1 e: f: g: h:","0"
"16:00:25","run","\\tanghaiyong\physicaldisk(2)\disk reads/sec","2","774.3384"
"16:00:27","run","\\tanghaiyong\physicaldisk(0 c: d:)\% idle time","0 c: d:","99.8791"
"16:00:27","run","\\tanghaiyong\physicaldisk(1 e: f: g: h:)\% idle time","1 e: f: g: h:","99.9952"
"16:00:27","run","\\tanghaiyong\physicaldisk(2)\% idle time","2","12.4739"
"16:00:27","run","\\tanghaiyong\physicaldisk(0 c: d:)\avg. disk sec/read","0 c: d:","0.0003"
"16:00:27","run","\\tanghaiyong\physicaldisk(1 e: f: g: h:)\avg. disk sec/read","1 e: f: g: h:","0"
"16:00:27","run","\\tanghaiyong\physicaldisk(2)\avg. disk sec/read","2","0.2559"
"16:00:27","run","\\tanghaiyong\physicaldisk(0 c: d:)\avg. disk sec/transfer","0 c: d:","0.0001"
"16:00:27","run","\\tanghaiyong\physicaldisk(1 e: f: g: h:)\avg. disk sec/transfer","1 e: f: g: h:","0"
"16:00:27","run","\\tanghaiyong\physicaldisk(2)\avg. disk sec/transfer","2","0.2559"
"16:00:27","run","\\tanghaiyong\physicaldisk(0 c: d:)\current disk queue length","0 c: d:","0"
"16:00:27","run","\\tanghaiyong\physicaldisk(1 e: f: g: h:)\current disk queue length","1 e: f: g: h:","0"
"16:00:27","run","\\tanghaiyong\physicaldisk(2)\current disk queue length","2","23"
"16:00:27","run","\\tanghaiyong\physicaldisk(0 c: d:)\avg. disk queue length","0 c: d:","0.0008"
"16:00:27","run","\\tanghaiyong\physicaldisk(1 e: f: g: h:)\avg. disk queue length","1 e: f: g: h:","0"
"16:00:27","run","\\tanghaiyong\physicaldisk(2)\avg. disk queue length","2","194.0478"
"16:00:27","run","\\tanghaiyong\physicaldisk(0 c: d:)\disk read bytes/sec","0 c: d:","32564.5821"
"16:00:27","run","\\tanghaiyong\physicaldisk(1 e: f: g: h:)\disk read bytes/sec","1 e: f: g: h:","0"
"16:00:28","run","\\tanghaiyong\physicaldisk(2)\disk read bytes/sec","2","982856075.2404"
"16:00:28","run","\\tanghaiyong\physicaldisk(0 c: d:)\avg. disk bytes/read","0 c: d:","32768"
"16:00:28","run","\\tanghaiyong\physicaldisk(1 e: f: g: h:)\avg. disk bytes/read","1 e: f: g: h:","0"
"16:00:28","run","\\tanghaiyong\physicaldisk(2)\avg. disk bytes/read","2","1296193.426"
"16:00:28","run","\\tanghaiyong\physicaldisk(0 c: d:)\disk reads/sec","0 c: d:","0.9938"
"16:00:28","run","\\tanghaiyong\physicaldisk(1 e: f: g: h:)\disk reads/sec","1 e: f: g: h:","0"
"16:00:28","run","\\tanghaiyong\physicaldisk(2)\disk reads/sec","2","758.2634"
"16:00:30","run","\\tanghaiyong\physicaldisk(0 c: d:)\% idle time","0 c: d:","98.8587"
"16:00:30","run","\\tanghaiyong\physicaldisk(1 e: f: g: h:)\% idle time","1 e: f: g: h:","100.0002"
"16:00:30","run","\\tanghaiyong\physicaldisk(2)\% idle time","2","12.2924"
"16:00:30","run","\\tanghaiyong\physicaldisk(0 c: d:)\avg. disk sec/read","0 c: d:","0.0003"
"16:00:30","run","\\tanghaiyong\physicaldisk(1 e: f: g: h:)\avg. disk sec/read","1 e: f: g: h:","0"
"16:00:30","run","\\tanghaiyong\physicaldisk(2)\avg. disk sec/read","2","0.3907"
"16:00:30","run","\\tanghaiyong\physicaldisk(0 c: d:)\avg. disk sec/transfer","0 c: d:","0.0001"
"16:00:30","run","\\tanghaiyong\physicaldisk(1 e: f: g: h:)\avg. disk sec/transfer","1 e: f: g: h:","0"
"16:00:30","run","\\tanghaiyong\physicaldisk(2)\avg. disk sec/transfer","2","0.3907"
"16:00:30","run","\\tanghaiyong\physicaldisk(0 c: d:)\current disk queue length","0 c: d:","0"
"16:00:30","run","\\tanghaiyong\physicaldisk(1 e: f: g: h:)\current disk queue length","1 e: f: g: h:","0"
"16:00:30","run","\\tanghaiyong\physicaldisk(2)\current disk queue length","2","116"
"16:00:30","run","\\tanghaiyong\physicaldisk(0 c: d:)\avg. disk queue length","0 c: d:","0.0074"
"16:00:30","run","\\tanghaiyong\physicaldisk(1 e: f: g: h:)\avg. disk queue length","1 e: f: g: h:","0"
"16:00:30","run","\\tanghaiyong\physicaldisk(2)\avg. disk queue length","2","309.5378"
"16:00:30","run","\\tanghaiyong\physicaldisk(0 c: d:)\disk read bytes/sec","0 c: d:","16308.7628"
"16:00:30","run","\\tanghaiyong\physicaldisk(1 e: f: g: h:)\disk read bytes/sec","1 e: f: g: h:","0"
"16:00:30","run","\\tanghaiyong\physicaldisk(2)\disk read bytes/sec","2","975166161.9451"
"16:00:30","run","\\tanghaiyong\physicaldisk(0 c: d:)\avg. disk bytes/read","0 c: d:","16384"
"16:00:30","run","\\tanghaiyong\physicaldisk(1 e: f: g: h:)\avg. disk bytes/read","1 e: f: g: h:","0"
"16:00:30","run","\\tanghaiyong\physicaldisk(2)\avg. disk bytes/read","2","1230734.794"
"16:00:30","run","\\tanghaiyong\physicaldisk(0 c: d:)\disk reads/sec","0 c: d:","0.9954"
"16:00:30","run","\\tanghaiyong\physicaldisk(1 e: f: g: h:)\disk reads/sec","1 e: f: g: h:","0"
"16:00:30","run","\\tanghaiyong\physicaldisk(2)\disk reads/sec","2","792.3447"
"16:00:32","run","\\tanghaiyong\physicaldisk(0 c: d:)\% idle time","0 c: d:","99.823"
"16:00:32","run","\\tanghaiyong\physicaldisk(1 e: f: g: h:)\% idle time","1 e: f: g: h:","99.9704"
"16:00:32","run","\\tanghaiyong\physicaldisk(2)\% idle time","2","12.855"
"16:00:32","run","\\tanghaiyong\physicaldisk(0 c: d:)\avg. disk sec/read","0 c: d:","0.0002"
"16:00:32","run","\\tanghaiyong\physicaldisk(1 e: f: g: h:)\avg. disk sec/read","1 e: f: g: h:","0"
"16:00:32","run","\\tanghaiyong\physicaldisk(2)\avg. disk sec/read","2","0.3233"
"16:00:32","run","\\tanghaiyong\physicaldisk(0 c: d:)\avg. disk sec/transfer","0 c: d:","0.0001"
"16:00:32","run","\\tanghaiyong\physicaldisk(1 e: f: g: h:)\avg. disk sec/transfer","1 e: f: g: h:","0"
"16:00:32","run","\\tanghaiyong\physicaldisk(2)\avg. disk sec/transfer","2","0.3233"
"16:00:32","run","\\tanghaiyong\physicaldisk(0 c: d:)\current disk queue length","0 c: d:","0"
"16:00:32","run","\\tanghaiyong\physicaldisk(1 e: f: g: h:)\current disk queue length","1 e: f: g: h:","0"
"16:00:32","run","\\tanghaiyong\physicaldisk(2)\current disk queue length","2","207"
"16:00:32","run","\\tanghaiyong\physicaldisk(0 c: d:)\avg. disk queue length","0 c: d:","0.0007"
"16:00:32","run","\\tanghaiyong\physicaldisk(1 e: f: g: h:)\avg. disk queue length","1 e: f: g: h:","0"
"16:00:32","run","\\tanghaiyong\physicaldisk(2)\avg. disk queue length","2","252.8326"
"16:00:32","run","\\tanghaiyong\physicaldisk(0 c: d:)\disk read bytes/sec","0 c: d:","16308.1021"
"16:00:32","run","\\tanghaiyong\physicaldisk(1 e: f: g: h:)\disk read bytes/sec","1 e: f: g: h:","0"
"16:00:32","run","\\tanghaiyong\physicaldisk(2)\disk read bytes/sec","2","1014445490.6863"
"16:00:32","run","\\tanghaiyong\physicaldisk(0 c: d:)\avg. disk bytes/read","0 c: d:","16384"
"16:00:32","run","\\tanghaiyong\physicaldisk(1 e: f: g: h:)\avg. disk bytes/read","1 e: f: g: h:","0"
"16:00:32","run","\\tanghaiyong\physicaldisk(2)\avg. disk bytes/read","2","1296649.771"
"16:00:32","run","\\tanghaiyong\physicaldisk(0 c: d:)\disk reads/sec","0 c: d:","0.9954"
"16:00:32","run","\\tanghaiyong\physicaldisk(1 e: f: g: h:)\disk reads/sec","1 e: f: g: h:","0"
"16:00:32","run","\\tanghaiyong\physicaldisk(2)\disk reads/sec","2","782.3589"
"16:00:34","run","\\tanghaiyong\physicaldisk(0 c: d:)\% idle time","0 c: d:","99.7767"
"16:00:34","run","\\tanghaiyong\physicaldisk(1 e: f: g: h:)\% idle time","1 e: f: g: h:","99.9676"
"16:00:34","run","\\tanghaiyong\physicaldisk(2)\% idle time","2","11.7718"
"16:00:34","run","\\tanghaiyong\physicaldisk(0 c: d:)\avg. disk sec/read","0 c: d:","0.0001"
"16:00:34","run","\\tanghaiyong\physicaldisk(1 e: f: g: h:)\avg. disk sec/read","1 e: f: g: h:","0"
"16:00:34","run","\\tanghaiyong\physicaldisk(2)\avg. disk sec/read","2","0.3757"
"16:00:34","run","\\tanghaiyong\physicaldisk(0 c: d:)\avg. disk sec/transfer","0 c: d:","0.0001"
"16:00:34","run","\\tanghaiyong\physicaldisk(1 e: f: g: h:)\avg. disk sec/transfer","1 e: f: g: h:","0"
"16:00:34","run","\\tanghaiyong\physicaldisk(2)\avg. disk sec/transfer","2","0.3757"
"16:00:34","run","\\tanghaiyong\physicaldisk(0 c: d:)\current disk queue length","0 c: d:","0"
"16:00:34","run","\\tanghaiyong\physicaldisk(1 e: f: g: h:)\current disk queue length","1 e: f: g: h:","0"
"16:00:34","run","\\tanghaiyong\physicaldisk(2)\current disk queue length","2","93"
"16:00:34","run","\\tanghaiyong\physicaldisk(0 c: d:)\avg. disk queue length","0 c: d:","0.0014"
"16:00:34","run","\\tanghaiyong\physicaldisk(1 e: f: g: h:)\avg. disk queue length","1 e: f: g: h:","0"
"16:00:34","run","\\tanghaiyong\physicaldisk(2)\avg. disk queue length","2","270.4025"
"16:00:34","run","\\tanghaiyong\physicaldisk(0 c: d:)\disk read bytes/sec","0 c: d:","21353.8483"
"16:00:34","run","\\tanghaiyong\physicaldisk(1 e: f: g: h:)\disk read bytes/sec","1 e: f: g: h:","0"
"16:00:34","run","\\tanghaiyong\physicaldisk(2)\disk read bytes/sec","2","932020230.5469"
"16:00:34","run","\\tanghaiyong\physicaldisk(0 c: d:)\avg. disk bytes/read","0 c: d:","5376"
"16:00:34","run","\\tanghaiyong\physicaldisk(1 e: f: g: h:)\avg. disk bytes/read","1 e: f: g: h:","0"
"16:00:34","run","\\tanghaiyong\physicaldisk(2)\avg. disk bytes/read","2","1294584.5848"
"16:00:34","run","\\tanghaiyong\physicaldisk(0 c: d:)\disk reads/sec","0 c: d:","3.9721"
"16:00:34","run","\\tanghaiyong\physicaldisk(1 e: f: g: h:)\disk reads/sec","1 e: f: g: h:","0"
"16:00:34","run","\\tanghaiyong\physicaldisk(2)\disk reads/sec","2","719.9377"
"16:00:36","run","\\tanghaiyong\physicaldisk(0 c: d:)\% idle time","0 c: d:","99.9646"
"16:00:36","run","\\tanghaiyong\physicaldisk(1 e: f: g: h:)\% idle time","1 e: f: g: h:","99.9817"
"16:00:36","run","\\tanghaiyong\physicaldisk(2)\% idle time","2","19.2993"
"16:00:36","run","\\tanghaiyong\physicaldisk(0 c: d:)\avg. disk sec/read","0 c: d:","0"
"16:00:36","run","\\tanghaiyong\physicaldisk(1 e: f: g: h:)\avg. disk sec/read","1 e: f: g: h:","0"
"16:00:36","run","\\tanghaiyong\physicaldisk(2)\avg. disk sec/read","2","0.3416"
"16:00:36","run","\\tanghaiyong\physicaldisk(0 c: d:)\avg. disk sec/transfer","0 c: d:","0.0001"
"16:00:36","run","\\tanghaiyong\physicaldisk(1 e: f: g: h:)\avg. disk sec/transfer","1 e: f: g: h:","0"
"16:00:36","run","\\tanghaiyong\physicaldisk(2)\avg. disk sec/transfer","2","0.3416"
"16:00:36","run","\\tanghaiyong\physicaldisk(0 c: d:)\current disk queue length","0 c: d:","0"
"16:00:36","run","\\tanghaiyong\physicaldisk(1 e: f: g: h:)\current disk queue length","1 e: f: g: h:","0"
"16:00:36","run","\\tanghaiyong\physicaldisk(2)\current disk queue length","2","236"
"16:00:36","run","\\tanghaiyong\physicaldisk(0 c: d:)\avg. disk queue length","0 c: d:","0.0002"
"16:00:36","run","\\tanghaiyong\physicaldisk(1 e: f: g: h:)\avg. disk queue length","1 e: f: g: h:","0"
"16:00:36","run","\\tanghaiyong\physicaldisk(2)\avg. disk queue length","2","235.3415"
"16:00:36","run","\\tanghaiyong\physicaldisk(0 c: d:)\disk read bytes/sec","0 c: d:","0"
"16:00:36","run","\\tanghaiyong\physicaldisk(1 e: f: g: h:)\disk read bytes/sec","1 e: f: g: h:","0"
"16:00:36","run","\\tanghaiyong\physicaldisk(2)\disk read bytes/sec","2","883249869.9707"
"16:00:36","run","\\tanghaiyong\physicaldisk(0 c: d:)\avg. disk bytes/read","0 c: d:","0"
"16:00:36","run","\\tanghaiyong\physicaldisk(1 e: f: g: h:)\avg. disk bytes/read","1 e: f: g: h:","0"
"16:00:36","run","\\tanghaiyong\physicaldisk(2)\avg. disk bytes/read","2","1281864.2431"
"16:00:36","run","\\tanghaiyong\physicaldisk(0 c: d:)\disk reads/sec","0 c: d:","0"
"16:00:36","run","\\tanghaiyong\physicaldisk(1 e: f: g: h:)\disk reads/sec","1 e: f: g: h:","0"
"16:00:36","run","\\tanghaiyong\physicaldisk(2)\disk reads/sec","2","689.0354"
"16:00:38","run","\\tanghaiyong\physicaldisk(0 c: d:)\% idle time","0 c: d:","99.3132"
"16:00:38","run","\\tanghaiyong\physicaldisk(1 e: f: g: h:)\% idle time","1 e: f: g: h:","98.998"
"16:00:38","run","\\tanghaiyong\physicaldisk(2)\% idle time","2","12.7487"
"16:00:38","run","\\tanghaiyong\physicaldisk(0 c: d:)\avg. disk sec/read","0 c: d:","0.0005"
"16:00:38","run","\\tanghaiyong\physicaldisk(1 e: f: g: h:)\avg. disk sec/read","1 e: f: g: h:","0"
"16:00:38","run","\\tanghaiyong\physicaldisk(2)\avg. disk sec/read","2","0.2815"
"16:00:38","run","\\tanghaiyong\physicaldisk(0 c: d:)\avg. disk sec/transfer","0 c: d:","0.0005"
"16:00:38","run","\\tanghaiyong\physicaldisk(1 e: f: g: h:)\avg. disk sec/transfer","1 e: f: g: h:","0.0003"
"16:00:38","run","\\tanghaiyong\physicaldisk(2)\avg. disk sec/transfer","2","0.2815"
"16:00:38","run","\\tanghaiyong\physicaldisk(0 c: d:)\current disk queue length","0 c: d:","0"
"16:00:38","run","\\tanghaiyong\physicaldisk(1 e: f: g: h:)\current disk queue length","1 e: f: g: h:","0"
"16:00:38","run","\\tanghaiyong\physicaldisk(2)\current disk queue length","2","213"
"16:00:38","run","\\tanghaiyong\physicaldisk(0 c: d:)\avg. disk queue length","0 c: d:","0.0061"
"16:00:38","run","\\tanghaiyong\physicaldisk(1 e: f: g: h:)\avg. disk queue length","1 e: f: g: h:","0.001"
"16:00:38","run","\\tanghaiyong\physicaldisk(2)\avg. disk queue length","2","210.6035"
"16:00:38","run","\\tanghaiyong\physicaldisk(0 c: d:)\disk read bytes/sec","0 c: d:","64699.992"
"16:00:38","run","\\tanghaiyong\physicaldisk(1 e: f: g: h:)\disk read bytes/sec","1 e: f: g: h:","0"
"16:00:38","run","\\tanghaiyong\physicaldisk(2)\disk read bytes/sec","2","967192092.8112"
"16:00:38","run","\\tanghaiyong\physicaldisk(0 c: d:)\avg. disk bytes/read","0 c: d:","65536"
"16:00:38","run","\\tanghaiyong\physicaldisk(1 e: f: g: h:)\avg. disk bytes/read","1 e: f: g: h:","0"
"16:00:38","run","\\tanghaiyong\physicaldisk(2)\avg. disk bytes/read","2","1292466.3219"
"16:00:38","run","\\tanghaiyong\physicaldisk(0 c: d:)\disk reads/sec","0 c: d:","0.9872"
"16:00:38","run","\\tanghaiyong\physicaldisk(1 e: f: g: h:)\disk reads/sec","1 e: f: g: h:","0"
"16:00:38","run","\\tanghaiyong\physicaldisk(2)\disk reads/sec","2","748.3306"
"16:00:40","run","\\tanghaiyong\physicaldisk(0 c: d:)\% idle time","0 c: d:","99.1266"
"16:00:40","run","\\tanghaiyong\physicaldisk(1 e: f: g: h:)\% idle time","1 e: f: g: h:","100.0113"
"16:00:40","run","\\tanghaiyong\physicaldisk(2)\% idle time","2","15.207"
"16:00:40","run","\\tanghaiyong\physicaldisk(0 c: d:)\avg. disk sec/read","0 c: d:","0"
"16:00:40","run","\\tanghaiyong\physicaldisk(1 e: f: g: h:)\avg. disk sec/read","1 e: f: g: h:","0"
"16:00:40","run","\\tanghaiyong\physicaldisk(2)\avg. disk sec/read","2","0.4108"
"16:00:40","run","\\tanghaiyong\physicaldisk(0 c: d:)\avg. disk sec/transfer","0 c: d:","0.0001"
"16:00:40","run","\\tanghaiyong\physicaldisk(1 e: f: g: h:)\avg. disk sec/transfer","1 e: f: g: h:","0"
"16:00:40","run","\\tanghaiyong\physicaldisk(2)\avg. disk sec/transfer","2","0.4108"
"16:00:40","run","\\tanghaiyong\physicaldisk(0 c: d:)\current disk queue length","0 c: d:","0"
"16:00:40","run","\\tanghaiyong\physicaldisk(1 e: f: g: h:)\current disk queue length","1 e: f: g: h:","0"
"16:00:40","run","\\tanghaiyong\physicaldisk(2)\current disk queue length","2","0"
"16:00:40","run","\\tanghaiyong\physicaldisk(0 c: d:)\avg. disk queue length","0 c: d:","0.0051"
"16:00:40","run","\\tanghaiyong\physicaldisk(1 e: f: g: h:)\avg. disk queue length","1 e: f: g: h:","0"
"16:00:40","run","\\tanghaiyong\physicaldisk(2)\avg. disk queue length","2","308.4656"
"16:00:40","run","\\tanghaiyong\physicaldisk(0 c: d:)\disk read bytes/sec","0 c: d:","0"
"16:00:40","run","\\tanghaiyong\physicaldisk(1 e: f: g: h:)\disk read bytes/sec","1 e: f: g: h:","0"
"16:00:40","run","\\tanghaiyong\physicaldisk(2)\disk read bytes/sec","2","964864840.6225"
"16:00:40","run","\\tanghaiyong\physicaldisk(0 c: d:)\avg. disk bytes/read","0 c: d:","0"
"16:00:40","run","\\tanghaiyong\physicaldisk(1 e: f: g: h:)\avg. disk bytes/read","1 e: f: g: h:","0"
"16:00:40","run","\\tanghaiyong\physicaldisk(2)\avg. disk bytes/read","2","1285134.9192"
"16:00:40","run","\\tanghaiyong\physicaldisk(0 c: d:)\disk reads/sec","0 c: d:","0"
"16:00:40","run","\\tanghaiyong\physicaldisk(1 e: f: g: h:)\disk reads/sec","1 e: f: g: h:","0"
"16:00:40","run","\\tanghaiyong\physicaldisk(2)\disk reads/sec","2","750.7888"
"16:00:42","run","\\tanghaiyong\physicaldisk(0 c: d:)\% idle time","0 c: d:","99.7981"
"16:00:42","run","\\tanghaiyong\physicaldisk(1 e: f: g: h:)\% idle time","1 e: f: g: h:","99.9228"
"16:00:42","run","\\tanghaiyong\physicaldisk(2)\% idle time","2","12.6348"
"16:00:42","run","\\tanghaiyong\physicaldisk(0 c: d:)\avg. disk sec/read","0 c: d:","0"
"16:00:42","run","\\tanghaiyong\physicaldisk(1 e: f: g: h:)\avg. disk sec/read","1 e: f: g: h:","0"
"16:00:42","run","\\tanghaiyong\physicaldisk(2)\avg. disk sec/read","2","0.3337"
"16:00:42","run","\\tanghaiyong\physicaldisk(0 c: d:)\avg. disk sec/transfer","0 c: d:","0.0001"
"16:00:42","run","\\tanghaiyong\physicaldisk(1 e: f: g: h:)\avg. disk sec/transfer","1 e: f: g: h:","0"
"16:00:42","run","\\tanghaiyong\physicaldisk(2)\avg. disk sec/transfer","2","0.3337"
"16:00:42","run","\\tanghaiyong\physicaldisk(0 c: d:)\current disk queue length","0 c: d:","0"
"16:00:42","run","\\tanghaiyong\physicaldisk(1 e: f: g: h:)\current disk queue length","1 e: f: g: h:","0"
"16:00:42","run","\\tanghaiyong\physicaldisk(2)\current disk queue length","2","27"
"16:00:42","run","\\tanghaiyong\physicaldisk(0 c: d:)\avg. disk queue length","0 c: d:","0.0004"
"16:00:42","run","\\tanghaiyong\physicaldisk(1 e: f: g: h:)\avg. disk queue length","1 e: f: g: h:","0"
"16:00:42","run","\\tanghaiyong\physicaldisk(2)\avg. disk queue length","2","252.9174"
"16:00:42","run","\\tanghaiyong\physicaldisk(0 c: d:)\disk read bytes/sec","0 c: d:","0"
"16:00:42","run","\\tanghaiyong\physicaldisk(1 e: f: g: h:)\disk read bytes/sec","1 e: f: g: h:","0"
"16:00:42","run","\\tanghaiyong\physicaldisk(2)\disk read bytes/sec","2","982521491.3801"
"16:00:42","run","\\tanghaiyong\physicaldisk(0 c: d:)\avg. disk bytes/read","0 c: d:","0"
"16:00:42","run","\\tanghaiyong\physicaldisk(1 e: f: g: h:)\avg. disk bytes/read","1 e: f: g: h:","0"
"16:00:42","run","\\tanghaiyong\physicaldisk(2)\avg. disk bytes/read","2","1295540.0735"
"16:00:42","run","\\tanghaiyong\physicaldisk(0 c: d:)\disk reads/sec","0 c: d:","0"
"16:00:42","run","\\tanghaiyong\physicaldisk(1 e: f: g: h:)\disk reads/sec","1 e: f: g: h:","0"
"16:00:42","run","\\tanghaiyong\physicaldisk(2)\disk reads/sec","2","758.3876"
"16:00:44","run","\\tanghaiyong\physicaldisk(0 c: d:)\% idle time","0 c: d:","99.9494"
"16:00:44","run","\\tanghaiyong\physicaldisk(1 e: f: g: h:)\% idle time","1 e: f: g: h:","95.6551"
"16:00:44","run","\\tanghaiyong\physicaldisk(2)\% idle time","2","11.1297"
"16:00:44","run","\\tanghaiyong\physicaldisk(0 c: d:)\avg. disk sec/read","0 c: d:","0.0001"
"16:00:44","run","\\tanghaiyong\physicaldisk(1 e: f: g: h:)\avg. disk sec/read","1 e: f: g: h:","0.0003"
"16:00:44","run","\\tanghaiyong\physicaldisk(2)\avg. disk sec/read","2","0.3421"
"16:00:44","run","\\tanghaiyong\physicaldisk(0 c: d:)\avg. disk sec/transfer","0 c: d:","0.0001"
"16:00:44","run","\\tanghaiyong\physicaldisk(1 e: f: g: h:)\avg. disk sec/transfer","1 e: f: g: h:","0.0003"
"16:00:44","run","\\tanghaiyong\physicaldisk(2)\avg. disk sec/transfer","2","0.3421"
"16:00:44","run","\\tanghaiyong\physicaldisk(0 c: d:)\current disk queue length","0 c: d:","0"
"16:00:44","run","\\tanghaiyong\physicaldisk(1 e: f: g: h:)\current disk queue length","1 e: f: g: h:","0"
"16:00:44","run","\\tanghaiyong\physicaldisk(2)\current disk queue length","2","128"
"16:00:44","run","\\tanghaiyong\physicaldisk(0 c: d:)\avg. disk queue length","0 c: d:","0.0005"
"16:00:44","run","\\tanghaiyong\physicaldisk(1 e: f: g: h:)\avg. disk queue length","1 e: f: g: h:","0.0022"
"16:00:44","run","\\tanghaiyong\physicaldisk(2)\avg. disk queue length","2","262.7332"
"16:00:44","run","\\tanghaiyong\physicaldisk(0 c: d:)\disk read bytes/sec","0 c: d:","5099.4081"
"16:00:44","run","\\tanghaiyong\physicaldisk(1 e: f: g: h:)\disk read bytes/sec","1 e: f: g: h:","16318.1059"
"16:00:44","run","\\tanghaiyong\physicaldisk(2)\disk read bytes/sec","2","993886873.4165"
"16:00:44","run","\\tanghaiyong\physicaldisk(0 c: d:)\avg. disk bytes/read","0 c: d:","1706.6667"
"16:00:44","run","\\tanghaiyong\physicaldisk(1 e: f: g: h:)\avg. disk bytes/read","1 e: f: g: h:","16384"
"16:00:44","run","\\tanghaiyong\physicaldisk(2)\avg. disk bytes/read","2","1294293.4994"
"16:00:44","run","\\tanghaiyong\physicaldisk(0 c: d:)\disk reads/sec","0 c: d:","2.9879"
"16:00:44","run","\\tanghaiyong\physicaldisk(1 e: f: g: h:)\disk reads/sec","1 e: f: g: h:","0.996"
"16:00:44","run","\\tanghaiyong\physicaldisk(2)\disk reads/sec","2","767.8991"
"16:00:46","run","\\tanghaiyong\physicaldisk(0 c: d:)\% idle time","0 c: d:","99.723"
"16:00:46","run","\\tanghaiyong\physicaldisk(1 e: f: g: h:)\% idle time","1 e: f: g: h:","99.9574"
"16:00:46","run","\\tanghaiyong\physicaldisk(2)\% idle time","2","21.0209"
"16:00:46","run","\\tanghaiyong\physicaldisk(0 c: d:)\avg. disk sec/read","0 c: d:","0"
"16:00:46","run","\\tanghaiyong\physicaldisk(1 e: f: g: h:)\avg. disk sec/read","1 e: f: g: h:","0"
"16:00:46","run","\\tanghaiyong\physicaldisk(2)\avg. disk sec/read","2","0.3547"
"16:00:46","run","\\tanghaiyong\physicaldisk(0 c: d:)\avg. disk sec/transfer","0 c: d:","0.0001"
"16:00:46","run","\\tanghaiyong\physicaldisk(1 e: f: g: h:)\avg. disk sec/transfer","1 e: f: g: h:","0"
"16:00:46","run","\\tanghaiyong\physicaldisk(2)\avg. disk sec/transfer","2","0.3547"
"16:00:46","run","\\tanghaiyong\physicaldisk(0 c: d:)\current disk queue length","0 c: d:","0"
"16:00:46","run","\\tanghaiyong\physicaldisk(1 e: f: g: h:)\current disk queue length","1 e: f: g: h:","0"
"16:00:46","run","\\tanghaiyong\physicaldisk(2)\current disk queue length","2","122"
"16:00:46","run","\\tanghaiyong\physicaldisk(0 c: d:)\avg. disk queue length","0 c: d:","0.0019"
"16:00:46","run","\\tanghaiyong\physicaldisk(1 e: f: g: h:)\avg. disk queue length","1 e: f: g: h:","0"
"16:00:46","run","\\tanghaiyong\physicaldisk(2)\avg. disk queue length","2","243.4441"
"16:00:46","run","\\tanghaiyong\physicaldisk(0 c: d:)\disk read bytes/sec","0 c: d:","0"
"16:00:46","run","\\tanghaiyong\physicaldisk(1 e: f: g: h:)\disk read bytes/sec","1 e: f: g: h:","0"
"16:00:46","run","\\tanghaiyong\physicaldisk(2)\disk read bytes/sec","2","887508123.3891"
"16:00:46","run","\\tanghaiyong\physicaldisk(0 c: d:)\avg. disk bytes/read","0 c: d:","0"
"16:00:46","run","\\tanghaiyong\physicaldisk(1 e: f: g: h:)\avg. disk bytes/read","1 e: f: g: h:","0"
"16:00:46","run","\\tanghaiyong\physicaldisk(2)\avg. disk bytes/read","2","1292436.4058"
"16:00:46","run","\\tanghaiyong\physicaldisk(0 c: d:)\disk reads/sec","0 c: d:","0"
"16:00:46","run","\\tanghaiyong\physicaldisk(1 e: f: g: h:)\disk reads/sec","1 e: f: g: h:","0"
"16:00:46","run","\\tanghaiyong\physicaldisk(2)\disk reads/sec","2","686.6938"
"16:00:48","run","\\tanghaiyong\physicaldisk(0 c: d:)\% idle time","0 c: d:","99.8649"
"16:00:48","run","\\tanghaiyong\physicaldisk(1 e: f: g: h:)\% idle time","1 e: f: g: h:","92.9048"
"16:00:48","run","\\tanghaiyong\physicaldisk(2)\% idle time","2","12.4575"
"16:00:48","run","\\tanghaiyong\physicaldisk(0 c: d:)\avg. disk sec/read","0 c: d:","0.0003"
"16:00:48","run","\\tanghaiyong\physicaldisk(1 e: f: g: h:)\avg. disk sec/read","1 e: f: g: h:","0"
"16:00:48","run","\\tanghaiyong\physicaldisk(2)\avg. disk sec/read","2","0.2799"
"16:00:48","run","\\tanghaiyong\physicaldisk(0 c: d:)\avg. disk sec/transfer","0 c: d:","0.0001"
"16:00:48","run","\\tanghaiyong\physicaldisk(1 e: f: g: h:)\avg. disk sec/transfer","1 e: f: g: h:","0.0003"
"16:00:48","run","\\tanghaiyong\physicaldisk(2)\avg. disk sec/transfer","2","0.2799"
"16:00:48","run","\\tanghaiyong\physicaldisk(0 c: d:)\current disk queue length","0 c: d:","0"
"16:00:48","run","\\tanghaiyong\physicaldisk(1 e: f: g: h:)\current disk queue length","1 e: f: g: h:","0"
"16:00:48","run","\\tanghaiyong\physicaldisk(2)\current disk queue length","2","242"
"16:00:48","run","\\tanghaiyong\physicaldisk(0 c: d:)\avg. disk queue length","0 c: d:","0.0008"
"16:00:48","run","\\tanghaiyong\physicaldisk(1 e: f: g: h:)\avg. disk queue length","1 e: f: g: h:","0.002"
"16:00:48","run","\\tanghaiyong\physicaldisk(2)\avg. disk queue length","2","210.6548"
"16:00:48","run","\\tanghaiyong\physicaldisk(0 c: d:)\disk read bytes/sec","0 c: d:","32627.4182"
"16:00:48","run","\\tanghaiyong\physicaldisk(1 e: f: g: h:)\disk read bytes/sec","1 e: f: g: h:","0"
"16:00:48","run","\\tanghaiyong\physicaldisk(2)\disk read bytes/sec","2","953381317.9155"
"16:00:48","run","\\tanghaiyong\physicaldisk(0 c: d:)\avg. disk bytes/read","0 c: d:","32768"
"16:00:48","run","\\tanghaiyong\physicaldisk(1 e: f: g: h:)\avg. disk bytes/read","1 e: f: g: h:","0"
"16:00:48","run","\\tanghaiyong\physicaldisk(2)\avg. disk bytes/read","2","1266520.0423"
"16:00:48","run","\\tanghaiyong\physicaldisk(0 c: d:)\disk reads/sec","0 c: d:","0.9957"
"16:00:48","run","\\tanghaiyong\physicaldisk(1 e: f: g: h:)\disk reads/sec","1 e: f: g: h:","0"
"16:00:48","run","\\tanghaiyong\physicaldisk(2)\disk reads/sec","2","752.7566"
"16:00:50","run","\\tanghaiyong\physicaldisk(0 c: d:)\% idle time","0 c: d:","99.9955"
"16:00:50","run","\\tanghaiyong\physicaldisk(1 e: f: g: h:)\% idle time","1 e: f: g: h:","99.9955"
"16:00:50","run","\\tanghaiyong\physicaldisk(2)\% idle time","2","11.9793"
"16:00:50","run","\\tanghaiyong\physicaldisk(0 c: d:)\avg. disk sec/read","0 c: d:","0"
"16:00:50","run","\\tanghaiyong\physicaldisk(1 e: f: g: h:)\avg. disk sec/read","1 e: f: g: h:","0"
"16:00:50","run","\\tanghaiyong\physicaldisk(2)\avg. disk sec/read","2","0.4022"
"16:00:50","run","\\tanghaiyong\physicaldisk(0 c: d:)\avg. disk sec/transfer","0 c: d:","0"
"16:00:50","run","\\tanghaiyong\physicaldisk(1 e: f: g: h:)\avg. disk sec/transfer","1 e: f: g: h:","0"
"16:00:50","run","\\tanghaiyong\physicaldisk(2)\avg. disk sec/transfer","2","0.4022"
"16:00:50","run","\\tanghaiyong\physicaldisk(0 c: d:)\current disk queue length","0 c: d:","0"
"16:00:50","run","\\tanghaiyong\physicaldisk(1 e: f: g: h:)\current disk queue length","1 e: f: g: h:","0"
"16:00:50","run","\\tanghaiyong\physicaldisk(2)\current disk queue length","2","78"
"16:00:50","run","\\tanghaiyong\physicaldisk(0 c: d:)\avg. disk queue length","0 c: d:","0"
"16:00:50","run","\\tanghaiyong\physicaldisk(1 e: f: g: h:)\avg. disk queue length","1 e: f: g: h:","0"
"16:00:50","run","\\tanghaiyong\physicaldisk(2)\avg. disk queue length","2","303.7887"
"16:00:50","run","\\tanghaiyong\physicaldisk(0 c: d:)\disk read bytes/sec","0 c: d:","0"
"16:00:50","run","\\tanghaiyong\physicaldisk(1 e: f: g: h:)\disk read bytes/sec","1 e: f: g: h:","0"
"16:00:50","run","\\tanghaiyong\physicaldisk(2)\disk read bytes/sec","2","975607802.9406"
"16:00:50","run","\\tanghaiyong\physicaldisk(0 c: d:)\avg. disk bytes/read","0 c: d:","0"
"16:00:50","run","\\tanghaiyong\physicaldisk(1 e: f: g: h:)\avg. disk bytes/read","1 e: f: g: h:","0"
"16:00:50","run","\\tanghaiyong\physicaldisk(2)\avg. disk bytes/read","2","1291494.0972"
"16:00:50","run","\\tanghaiyong\physicaldisk(0 c: d:)\disk reads/sec","0 c: d:","0"
"16:00:50","run","\\tanghaiyong\physicaldisk(1 e: f: g: h:)\disk reads/sec","1 e: f: g: h:","0"
"16:00:50","run","\\tanghaiyong\physicaldisk(2)\disk reads/sec","2","755.4102"
"16:00:52","run","\\tanghaiyong\physicaldisk(0 c: d:)\% idle time","0 c: d:","99.7169"
"16:00:52","run","\\tanghaiyong\physicaldisk(1 e: f: g: h:)\% idle time","1 e: f: g: h:","99.9909"
"16:00:52","run","\\tanghaiyong\physicaldisk(2)\% idle time","2","12.8645"
"16:00:52","run","\\tanghaiyong\physicaldisk(0 c: d:)\avg. disk sec/read","0 c: d:","0"
"16:00:52","run","\\tanghaiyong\physicaldisk(1 e: f: g: h:)\avg. disk sec/read","1 e: f: g: h:","0"
"16:00:52","run","\\tanghaiyong\physicaldisk(2)\avg. disk sec/read","2","0.321"
"16:00:52","run","\\tanghaiyong\physicaldisk(0 c: d:)\avg. disk sec/transfer","0 c: d:","0.0001"
"16:00:52","run","\\tanghaiyong\physicaldisk(1 e: f: g: h:)\avg. disk sec/transfer","1 e: f: g: h:","0"
"16:00:52","run","\\tanghaiyong\physicaldisk(2)\avg. disk sec/transfer","2","0.321"
"16:00:52","run","\\tanghaiyong\physicaldisk(0 c: d:)\current disk queue length","0 c: d:","0"
"16:00:52","run","\\tanghaiyong\physicaldisk(1 e: f: g: h:)\current disk queue length","1 e: f: g: h:","0"
"16:00:52","run","\\tanghaiyong\physicaldisk(2)\current disk queue length","2","41"
"16:00:52","run","\\tanghaiyong\physicaldisk(0 c: d:)\avg. disk queue length","0 c: d:","0.0006"
"16:00:52","run","\\tanghaiyong\physicaldisk(1 e: f: g: h:)\avg. disk queue length","1 e: f: g: h:","0"
"16:00:52","run","\\tanghaiyong\physicaldisk(2)\avg. disk queue length","2","250.2039"
"16:00:52","run","\\tanghaiyong\physicaldisk(0 c: d:)\disk read bytes/sec","0 c: d:","0"
"16:00:52","run","\\tanghaiyong\physicaldisk(1 e: f: g: h:)\disk read bytes/sec","1 e: f: g: h:","0"
"16:00:52","run","\\tanghaiyong\physicaldisk(2)\disk read bytes/sec","2","1008761459.6"
"16:00:52","run","\\tanghaiyong\physicaldisk(0 c: d:)\avg. disk bytes/read","0 c: d:","0"
"16:00:52","run","\\tanghaiyong\physicaldisk(1 e: f: g: h:)\avg. disk bytes/read","1 e: f: g: h:","0"
"16:00:52","run","\\tanghaiyong\physicaldisk(2)\avg. disk bytes/read","2","1293896.5824"
"16:00:52","run","\\tanghaiyong\physicaldisk(0 c: d:)\disk reads/sec","0 c: d:","0"
"16:00:52","run","\\tanghaiyong\physicaldisk(1 e: f: g: h:)\disk reads/sec","1 e: f: g: h:","0"
"16:00:52","run","\\tanghaiyong\physicaldisk(2)\disk reads/sec","2","779.6307"
"16:00:54","run","\\tanghaiyong\physicaldisk(0 c: d:)\% idle time","0 c: d:","99.9219"
"16:00:54","run","\\tanghaiyong\physicaldisk(1 e: f: g: h:)\% idle time","1 e: f: g: h:","99.9782"
"16:00:54","run","\\tanghaiyong\physicaldisk(2)\% idle time","2","20.6518"
"16:00:54","run","\\tanghaiyong\physicaldisk(0 c: d:)\avg. disk sec/read","0 c: d:","0.0001"
"16:00:54","run","\\tanghaiyong\physicaldisk(1 e: f: g: h:)\avg. disk sec/read","1 e: f: g: h:","0"
"16:00:54","run","\\tanghaiyong\physicaldisk(2)\avg. disk sec/read","2","0.328"
"16:00:54","run","\\tanghaiyong\physicaldisk(0 c: d:)\avg. disk sec/transfer","0 c: d:","0.0001"
"16:00:54","run","\\tanghaiyong\physicaldisk(1 e: f: g: h:)\avg. disk sec/transfer","1 e: f: g: h:","0"
"16:00:54","run","\\tanghaiyong\physicaldisk(2)\avg. disk sec/transfer","2","0.328"
"16:00:54","run","\\tanghaiyong\physicaldisk(0 c: d:)\current disk queue length","0 c: d:","0"
"16:00:54","run","\\tanghaiyong\physicaldisk(1 e: f: g: h:)\current disk queue length","1 e: f: g: h:","0"
"16:00:54","run","\\tanghaiyong\physicaldisk(2)\current disk queue length","2","57"
"16:00:54","run","\\tanghaiyong\physicaldisk(0 c: d:)\avg. disk queue length","0 c: d:","0.0006"
"16:00:54","run","\\tanghaiyong\physicaldisk(1 e: f: g: h:)\avg. disk queue length","1 e: f: g: h:","0"
"16:00:54","run","\\tanghaiyong\physicaldisk(2)\avg. disk queue length","2","220.8562"
"16:00:54","run","\\tanghaiyong\physicaldisk(0 c: d:)\disk read bytes/sec","0 c: d:","5093.3734"
"16:00:54","run","\\tanghaiyong\physicaldisk(1 e: f: g: h:)\disk read bytes/sec","1 e: f: g: h:","0"
"16:00:54","run","\\tanghaiyong\physicaldisk(2)\disk read bytes/sec","2","869320668.3421"
"16:00:54","run","\\tanghaiyong\physicaldisk(0 c: d:)\avg. disk bytes/read","0 c: d:","1706.6667"
"16:00:54","run","\\tanghaiyong\physicaldisk(1 e: f: g: h:)\avg. disk bytes/read","1 e: f: g: h:","0"
"16:00:54","run","\\tanghaiyong\physicaldisk(2)\avg. disk bytes/read","2","1290790.5702"
"16:00:54","run","\\tanghaiyong\physicaldisk(0 c: d:)\disk reads/sec","0 c: d:","2.9844"
"16:00:54","run","\\tanghaiyong\physicaldisk(1 e: f: g: h:)\disk reads/sec","1 e: f: g: h:","0"
"16:00:54","run","\\tanghaiyong\physicaldisk(2)\disk reads/sec","2","673.4793"
"16:00:56","run","\\tanghaiyong\physicaldisk(0 c: d:)\% idle time","0 c: d:","99.9441"
"16:00:56","run","\\tanghaiyong\physicaldisk(1 e: f: g: h:)\% idle time","1 e: f: g: h:","99.9956"
"16:00:56","run","\\tanghaiyong\physicaldisk(2)\% idle time","2","12.005"
"16:00:56","run","\\tanghaiyong\physicaldisk(0 c: d:)\avg. disk sec/read","0 c: d:","0.0003"
"16:00:56","run","\\tanghaiyong\physicaldisk(1 e: f: g: h:)\avg. disk sec/read","1 e: f: g: h:","0"
"16:00:56","run","\\tanghaiyong\physicaldisk(2)\avg. disk sec/read","2","0.3319"
"16:00:56","run","\\tanghaiyong\physicaldisk(0 c: d:)\avg. disk sec/transfer","0 c: d:","0.0001"
"16:00:56","run","\\tanghaiyong\physicaldisk(1 e: f: g: h:)\avg. disk sec/transfer","1 e: f: g: h:","0"
"16:00:56","run","\\tanghaiyong\physicaldisk(2)\avg. disk sec/transfer","2","0.3319"
"16:00:56","run","\\tanghaiyong\physicaldisk(0 c: d:)\current disk queue length","0 c: d:","0"
"16:00:56","run","\\tanghaiyong\physicaldisk(1 e: f: g: h:)\current disk queue length","1 e: f: g: h:","0"
"16:00:56","run","\\tanghaiyong\physicaldisk(2)\current disk queue length","2","95"
"16:00:56","run","\\tanghaiyong\physicaldisk(0 c: d:)\avg. disk queue length","0 c: d:","0.0005"
"16:00:56","run","\\tanghaiyong\physicaldisk(1 e: f: g: h:)\avg. disk queue length","1 e: f: g: h:","0"
"16:00:56","run","\\tanghaiyong\physicaldisk(2)\avg. disk queue length","2","248.5093"
"16:00:56","run","\\tanghaiyong\physicaldisk(0 c: d:)\disk read bytes/sec","0 c: d:","16359.616"
"16:00:56","run","\\tanghaiyong\physicaldisk(1 e: f: g: h:)\disk read bytes/sec","1 e: f: g: h:","0"
"16:00:56","run","\\tanghaiyong\physicaldisk(2)\disk read bytes/sec","2","974804078.521"
"16:00:56","run","\\tanghaiyong\physicaldisk(0 c: d:)\avg. disk bytes/read","0 c: d:","16384"
"16:00:56","run","\\tanghaiyong\physicaldisk(1 e: f: g: h:)\avg. disk bytes/read","1 e: f: g: h:","0"
"16:00:56","run","\\tanghaiyong\physicaldisk(2)\avg. disk bytes/read","2","1301676.032"
"16:00:56","run","\\tanghaiyong\physicaldisk(0 c: d:)\disk reads/sec","0 c: d:","0.9985"
"16:00:56","run","\\tanghaiyong\physicaldisk(1 e: f: g: h:)\disk reads/sec","1 e: f: g: h:","0"
"16:00:56","run","\\tanghaiyong\physicaldisk(2)\disk reads/sec","2","748.8838"
"16:00:58","run","\\tanghaiyong\physicaldisk(0 c: d:)\% idle time","0 c: d:","99.7218"
"16:00:58","run","\\tanghaiyong\physicaldisk(1 e: f: g: h:)\% idle time","1 e: f: g: h:","99.9321"
"16:00:58","run","\\tanghaiyong\physicaldisk(2)\% idle time","2","10.7086"
"16:00:58","run","\\tanghaiyong\physicaldisk(0 c: d:)\avg. disk sec/read","0 c: d:","0.0002"
"16:00:58","run","\\tanghaiyong\physicaldisk(1 e: f: g: h:)\avg. disk sec/read","1 e: f: g: h:","0"
"16:00:58","run","\\tanghaiyong\physicaldisk(2)\avg. disk sec/read","2","0.3742"
"16:00:58","run","\\tanghaiyong\physicaldisk(0 c: d:)\avg. disk sec/transfer","0 c: d:","0.0002"
"16:00:58","run","\\tanghaiyong\physicaldisk(1 e: f: g: h:)\avg. disk sec/transfer","1 e: f: g: h:","0"
"16:00:58","run","\\tanghaiyong\physicaldisk(2)\avg. disk sec/transfer","2","0.3742"
"16:00:58","run","\\tanghaiyong\physicaldisk(0 c: d:)\current disk queue length","0 c: d:","0"
"16:00:58","run","\\tanghaiyong\physicaldisk(1 e: f: g: h:)\current disk queue length","1 e: f: g: h:","0"
"16:00:58","run","\\tanghaiyong\physicaldisk(2)\current disk queue length","2","173"
"16:00:58","run","\\tanghaiyong\physicaldisk(0 c: d:)\avg. disk queue length","0 c: d:","0.0021"
"16:00:58","run","\\tanghaiyong\physicaldisk(1 e: f: g: h:)\avg. disk queue length","1 e: f: g: h:","0"
"16:00:58","run","\\tanghaiyong\physicaldisk(2)\avg. disk queue length","2","234.8496"
"16:00:58","run","\\tanghaiyong\physicaldisk(0 c: d:)\disk read bytes/sec","0 c: d:","150559.7445"
"16:00:58","run","\\tanghaiyong\physicaldisk(1 e: f: g: h:)\disk read bytes/sec","1 e: f: g: h:","0"
"16:00:58","run","\\tanghaiyong\physicaldisk(2)\disk read bytes/sec","2","810503424.1776"
"16:00:58","run","\\tanghaiyong\physicaldisk(0 c: d:)\avg. disk bytes/read","0 c: d:","13730.9091"
"16:00:58","run","\\tanghaiyong\physicaldisk(1 e: f: g: h:)\avg. disk bytes/read","1 e: f: g: h:","0"
"16:00:58","run","\\tanghaiyong\physicaldisk(2)\avg. disk bytes/read","2","1290617.0921"
"16:00:58","run","\\tanghaiyong\physicaldisk(0 c: d:)\disk reads/sec","0 c: d:","10.965"
"16:00:58","run","\\tanghaiyong\physicaldisk(1 e: f: g: h:)\disk reads/sec","1 e: f: g: h:","0"
"16:00:58","run","\\tanghaiyong\physicaldisk(2)\disk reads/sec","2","627.9968"
"16:01:00","run","\\tanghaiyong\physicaldisk(0 c: d:)\% idle time","0 c: d:","99.3533"
"16:01:00","run","\\tanghaiyong\physicaldisk(1 e: f: g: h:)\% idle time","1 e: f: g: h:","100.0094"
"16:01:00","run","\\tanghaiyong\physicaldisk(2)\% idle time","2","16.4142"
"16:01:00","run","\\tanghaiyong\physicaldisk(0 c: d:)\avg. disk sec/read","0 c: d:","0.0005"
"16:01:00","run","\\tanghaiyong\physicaldisk(1 e: f: g: h:)\avg. disk sec/read","1 e: f: g: h:","0"
"16:01:00","run","\\tanghaiyong\physicaldisk(2)\avg. disk sec/read","2","0.3772"
"16:01:00","run","\\tanghaiyong\physicaldisk(0 c: d:)\avg. disk sec/transfer","0 c: d:","0.0001"
"16:01:00","run","\\tanghaiyong\physicaldisk(1 e: f: g: h:)\avg. disk sec/transfer","1 e: f: g: h:","0"
"16:01:00","run","\\tanghaiyong\physicaldisk(2)\avg. disk sec/transfer","2","0.3772"
"16:01:00","run","\\tanghaiyong\physicaldisk(0 c: d:)\current disk queue length","0 c: d:","0"
"16:01:00","run","\\tanghaiyong\physicaldisk(1 e: f: g: h:)\current disk queue length","1 e: f: g: h:","0"
"16:01:00","run","\\tanghaiyong\physicaldisk(2)\current disk queue length","2","50"
"16:01:00","run","\\tanghaiyong\physicaldisk(0 c: d:)\avg. disk queue length","0 c: d:","0.0056"
"16:01:00","run","\\tanghaiyong\physicaldisk(1 e: f: g: h:)\avg. disk queue length","1 e: f: g: h:","0"
"16:01:00","run","\\tanghaiyong\physicaldisk(2)\avg. disk queue length","2","275.9949"
"16:01:00","run","\\tanghaiyong\physicaldisk(0 c: d:)\disk read bytes/sec","0 c: d:","130644.6613"
"16:01:00","run","\\tanghaiyong\physicaldisk(1 e: f: g: h:)\disk read bytes/sec","1 e: f: g: h:","0"
"16:01:00","run","\\tanghaiyong\physicaldisk(2)\disk read bytes/sec","2","939841362.9019"
"16:01:00","run","\\tanghaiyong\physicaldisk(0 c: d:)\avg. disk bytes/read","0 c: d:","16384"
"16:01:00","run","\\tanghaiyong\physicaldisk(1 e: f: g: h:)\avg. disk bytes/read","1 e: f: g: h:","0"
"16:01:00","run","\\tanghaiyong\physicaldisk(2)\avg. disk bytes/read","2","1284626.1362"
"16:01:00","run","\\tanghaiyong\physicaldisk(0 c: d:)\disk reads/sec","0 c: d:","7.9739"
"16:01:00","run","\\tanghaiyong\physicaldisk(1 e: f: g: h:)\disk reads/sec","1 e: f: g: h:","0"
"16:01:00","run","\\tanghaiyong\physicaldisk(2)\disk reads/sec","2","731.6069"
"16:01:02","run","\\tanghaiyong\physicaldisk(0 c: d:)\% idle time","0 c: d:","99.8869"
"16:01:02","run","\\tanghaiyong\physicaldisk(1 e: f: g: h:)\% idle time","1 e: f: g: h:","99.9883"
"16:01:02","run","\\tanghaiyong\physicaldisk(2)\% idle time","2","12.3991"
"16:01:02","run","\\tanghaiyong\physicaldisk(0 c: d:)\avg. disk sec/read","0 c: d:","0"
"16:01:02","run","\\tanghaiyong\physicaldisk(1 e: f: g: h:)\avg. disk sec/read","1 e: f: g: h:","0"
"16:01:02","run","\\tanghaiyong\physicaldisk(2)\avg. disk sec/read","2","0.3693"
"16:01:02","run","\\tanghaiyong\physicaldisk(0 c: d:)\avg. disk sec/transfer","0 c: d:","0"
"16:01:02","run","\\tanghaiyong\physicaldisk(1 e: f: g: h:)\avg. disk sec/transfer","1 e: f: g: h:","0"
"16:01:02","run","\\tanghaiyong\physicaldisk(2)\avg. disk sec/transfer","2","0.3693"
"16:01:02","run","\\tanghaiyong\physicaldisk(0 c: d:)\current disk queue length","0 c: d:","0"
"16:01:02","run","\\tanghaiyong\physicaldisk(1 e: f: g: h:)\current disk queue length","1 e: f: g: h:","0"
"16:01:02","run","\\tanghaiyong\physicaldisk(2)\current disk queue length","2","167"
"16:01:02","run","\\tanghaiyong\physicaldisk(0 c: d:)\avg. disk queue length","0 c: d:","0.0002"
"16:01:02","run","\\tanghaiyong\physicaldisk(1 e: f: g: h:)\avg. disk queue length","1 e: f: g: h:","0"
"16:01:02","run","\\tanghaiyong\physicaldisk(2)\avg. disk queue length","2","284.8393"
"16:01:02","run","\\tanghaiyong\physicaldisk(0 c: d:)\disk read bytes/sec","0 c: d:","0"
"16:01:02","run","\\tanghaiyong\physicaldisk(1 e: f: g: h:)\disk read bytes/sec","1 e: f: g: h:","0"
"16:01:02","run","\\tanghaiyong\physicaldisk(2)\disk read bytes/sec","2","998500782.4954"
"16:01:02","run","\\tanghaiyong\physicaldisk(0 c: d:)\avg. disk bytes/read","0 c: d:","0"
"16:01:02","run","\\tanghaiyong\physicaldisk(1 e: f: g: h:)\avg. disk bytes/read","1 e: f: g: h:","0"
"16:01:02","run","\\tanghaiyong\physicaldisk(2)\avg. disk bytes/read","2","1294240.8671"
"16:01:02","run","\\tanghaiyong\physicaldisk(0 c: d:)\disk reads/sec","0 c: d:","0"
"16:01:02","run","\\tanghaiyong\physicaldisk(1 e: f: g: h:)\disk reads/sec","1 e: f: g: h:","0"
"16:01:02","run","\\tanghaiyong\physicaldisk(2)\disk reads/sec","2","771.4953"
"16:01:04","run","\\tanghaiyong\physicaldisk(0 c: d:)\% idle time","0 c: d:","99.4993"
"16:01:04","run","\\tanghaiyong\physicaldisk(1 e: f: g: h:)\% idle time","1 e: f: g: h:","99.9742"
"16:01:04","run","\\tanghaiyong\physicaldisk(2)\% idle time","2","22.1928"
"16:01:04","run","\\tanghaiyong\physicaldisk(0 c: d:)\avg. disk sec/read","0 c: d:","0.0002"
"16:01:04","run","\\tanghaiyong\physicaldisk(1 e: f: g: h:)\avg. disk sec/read","1 e: f: g: h:","0"
"16:01:04","run","\\tanghaiyong\physicaldisk(2)\avg. disk sec/read","2","0.2078"
"16:01:04","run","\\tanghaiyong\physicaldisk(0 c: d:)\avg. disk sec/transfer","0 c: d:","0.0001"
"16:01:04","run","\\tanghaiyong\physicaldisk(1 e: f: g: h:)\avg. disk sec/transfer","1 e: f: g: h:","0"
"16:01:04","run","\\tanghaiyong\physicaldisk(2)\avg. disk sec/transfer","2","0.2078"
"16:01:04","run","\\tanghaiyong\physicaldisk(0 c: d:)\current disk queue length","0 c: d:","0"
"16:01:04","run","\\tanghaiyong\physicaldisk(1 e: f: g: h:)\current disk queue length","1 e: f: g: h:","0"
"16:01:04","run","\\tanghaiyong\physicaldisk(2)\current disk queue length","2","225"
"16:01:04","run","\\tanghaiyong\physicaldisk(0 c: d:)\avg. disk queue length","0 c: d:","0.0035"
"16:01:04","run","\\tanghaiyong\physicaldisk(1 e: f: g: h:)\avg. disk queue length","1 e: f: g: h:","0"
"16:01:04","run","\\tanghaiyong\physicaldisk(2)\avg. disk queue length","2","137.3994"
"16:01:04","run","\\tanghaiyong\physicaldisk(0 c: d:)\disk read bytes/sec","0 c: d:","119323.2731"
"16:01:04","run","\\tanghaiyong\physicaldisk(1 e: f: g: h:)\disk read bytes/sec","1 e: f: g: h:","0"
"16:01:04","run","\\tanghaiyong\physicaldisk(2)\disk read bytes/sec","2","857144964.0127"
"16:01:04","run","\\tanghaiyong\physicaldisk(0 c: d:)\avg. disk bytes/read","0 c: d:","17115.4286"
"16:01:04","run","\\tanghaiyong\physicaldisk(1 e: f: g: h:)\avg. disk bytes/read","1 e: f: g: h:","0"
"16:01:04","run","\\tanghaiyong\physicaldisk(2)\avg. disk bytes/read","2","1296124.9157"
"16:01:04","run","\\tanghaiyong\physicaldisk(0 c: d:)\disk reads/sec","0 c: d:","6.9717"
"16:01:04","run","\\tanghaiyong\physicaldisk(1 e: f: g: h:)\disk reads/sec","1 e: f: g: h:","0"
"16:01:04","run","\\tanghaiyong\physicaldisk(2)\disk reads/sec","2","661.3135"
"16:01:06","run","\\tanghaiyong\physicaldisk(0 c: d:)\% idle time","0 c: d:","100.0089"
"16:01:06","run","\\tanghaiyong\physicaldisk(1 e: f: g: h:)\% idle time","1 e: f: g: h:","100.0091"
"16:01:06","run","\\tanghaiyong\physicaldisk(2)\% idle time","2","44.4891"
"16:01:06","run","\\tanghaiyong\physicaldisk(0 c: d:)\avg. disk sec/read","0 c: d:","0"
"16:01:06","run","\\tanghaiyong\physicaldisk(1 e: f: g: h:)\avg. disk sec/read","1 e: f: g: h:","0"
"16:01:06","run","\\tanghaiyong\physicaldisk(2)\avg. disk sec/read","2","0.0984"
"16:01:06","run","\\tanghaiyong\physicaldisk(0 c: d:)\avg. disk sec/transfer","0 c: d:","0"
"16:01:06","run","\\tanghaiyong\physicaldisk(1 e: f: g: h:)\avg. disk sec/transfer","1 e: f: g: h:","0"
"16:01:06","run","\\tanghaiyong\physicaldisk(2)\avg. disk sec/transfer","2","0.0984"
"16:01:06","run","\\tanghaiyong\physicaldisk(0 c: d:)\current disk queue length","0 c: d:","0"
"16:01:06","run","\\tanghaiyong\physicaldisk(1 e: f: g: h:)\current disk queue length","1 e: f: g: h:","0"
"16:01:06","run","\\tanghaiyong\physicaldisk(2)\current disk queue length","2","0"
"16:01:06","run","\\tanghaiyong\physicaldisk(0 c: d:)\avg. disk queue length","0 c: d:","0"
"16:01:06","run","\\tanghaiyong\physicaldisk(1 e: f: g: h:)\avg. disk queue length","1 e: f: g: h:","0"
"16:01:06","run","\\tanghaiyong\physicaldisk(2)\avg. disk queue length","2","52.5087"
"16:01:06","run","\\tanghaiyong\physicaldisk(0 c: d:)\disk read bytes/sec","0 c: d:","0"
"16:01:06","run","\\tanghaiyong\physicaldisk(1 e: f: g: h:)\disk read bytes/sec","1 e: f: g: h:","0"
"16:01:06","run","\\tanghaiyong\physicaldisk(2)\disk read bytes/sec","2","668340444.1915"
"16:01:06","run","\\tanghaiyong\physicaldisk(0 c: d:)\avg. disk bytes/read","0 c: d:","0"
"16:01:06","run","\\tanghaiyong\physicaldisk(1 e: f: g: h:)\avg. disk bytes/read","1 e: f: g: h:","0"
"16:01:06","run","\\tanghaiyong\physicaldisk(2)\avg. disk bytes/read","2","1252306.1493"
"16:01:06","run","\\tanghaiyong\physicaldisk(0 c: d:)\disk reads/sec","0 c: d:","0"
"16:01:06","run","\\tanghaiyong\physicaldisk(1 e: f: g: h:)\disk reads/sec","1 e: f: g: h:","0"
"16:01:06","run","\\tanghaiyong\physicaldisk(2)\disk reads/sec","2","533.6877"
"16:01:08","run","\\tanghaiyong\physicaldisk(0 c: d:)\% idle time","0 c: d:","99.2431"
"16:01:08","run","\\tanghaiyong\physicaldisk(1 e: f: g: h:)\% idle time","1 e: f: g: h:","99.9467"
"16:01:08","run","\\tanghaiyong\physicaldisk(2)\% idle time","2","37.8282"
"16:01:08","run","\\tanghaiyong\physicaldisk(0 c: d:)\avg. disk sec/read","0 c: d:","0.0008"
"16:01:08","run","\\tanghaiyong\physicaldisk(1 e: f: g: h:)\avg. disk sec/read","1 e: f: g: h:","0"
"16:01:08","run","\\tanghaiyong\physicaldisk(2)\avg. disk sec/read","2","0.1017"
"16:01:08","run","\\tanghaiyong\physicaldisk(0 c: d:)\avg. disk sec/transfer","0 c: d:","0.0005"
"16:01:08","run","\\tanghaiyong\physicaldisk(1 e: f: g: h:)\avg. disk sec/transfer","1 e: f: g: h:","0"
"16:01:08","run","\\tanghaiyong\physicaldisk(2)\avg. disk sec/transfer","2","0.1017"
"16:01:08","run","\\tanghaiyong\physicaldisk(0 c: d:)\current disk queue length","0 c: d:","0"
"16:01:08","run","\\tanghaiyong\physicaldisk(1 e: f: g: h:)\current disk queue length","1 e: f: g: h:","0"
"16:01:08","run","\\tanghaiyong\physicaldisk(2)\current disk queue length","2","27"
"16:01:08","run","\\tanghaiyong\physicaldisk(0 c: d:)\avg. disk queue length","0 c: d:","0.007"
"16:01:08","run","\\tanghaiyong\physicaldisk(1 e: f: g: h:)\avg. disk queue length","1 e: f: g: h:","0"
"16:01:08","run","\\tanghaiyong\physicaldisk(2)\avg. disk queue length","2","61.2682"
"16:01:08","run","\\tanghaiyong\physicaldisk(0 c: d:)\disk read bytes/sec","0 c: d:","130599.478"
"16:01:08","run","\\tanghaiyong\physicaldisk(1 e: f: g: h:)\disk read bytes/sec","1 e: f: g: h:","0"
"16:01:08","run","\\tanghaiyong\physicaldisk(2)\disk read bytes/sec","2","753118214.9864"
"16:01:08","run","\\tanghaiyong\physicaldisk(0 c: d:)\avg. disk bytes/read","0 c: d:","131072"
"16:01:08","run","\\tanghaiyong\physicaldisk(1 e: f: g: h:)\avg. disk bytes/read","1 e: f: g: h:","0"
"16:01:08","run","\\tanghaiyong\physicaldisk(2)\avg. disk bytes/read","2","1249327.3917"
"16:01:08","run","\\tanghaiyong\physicaldisk(0 c: d:)\disk reads/sec","0 c: d:","0.9964"
"16:01:08","run","\\tanghaiyong\physicaldisk(1 e: f: g: h:)\disk reads/sec","1 e: f: g: h:","0"
"16:01:08","run","\\tanghaiyong\physicaldisk(2)\disk reads/sec","2","602.8189"
"16:01:10","run","\\tanghaiyong\physicaldisk(0 c: d:)\% idle time","0 c: d:","99.9866"
"16:01:10","run","\\tanghaiyong\physicaldisk(1 e: f: g: h:)\% idle time","1 e: f: g: h:","99.9866"
"16:01:10","run","\\tanghaiyong\physicaldisk(2)\% idle time","2","47.0996"
"16:01:10","run","\\tanghaiyong\physicaldisk(0 c: d:)\avg. disk sec/read","0 c: d:","0"
"16:01:10","run","\\tanghaiyong\physicaldisk(1 e: f: g: h:)\avg. disk sec/read","1 e: f: g: h:","0"
"16:01:10","run","\\tanghaiyong\physicaldisk(2)\avg. disk sec/read","2","0.1091"
"16:01:10","run","\\tanghaiyong\physicaldisk(0 c: d:)\avg. disk sec/transfer","0 c: d:","0"
"16:01:10","run","\\tanghaiyong\physicaldisk(1 e: f: g: h:)\avg. disk sec/transfer","1 e: f: g: h:","0"
"16:01:10","run","\\tanghaiyong\physicaldisk(2)\avg. disk sec/transfer","2","0.1091"
"16:01:10","run","\\tanghaiyong\physicaldisk(0 c: d:)\current disk queue length","0 c: d:","0"
"16:01:10","run","\\tanghaiyong\physicaldisk(1 e: f: g: h:)\current disk queue length","1 e: f: g: h:","0"
"16:01:10","run","\\tanghaiyong\physicaldisk(2)\current disk queue length","2","161"
"16:01:10","run","\\tanghaiyong\physicaldisk(0 c: d:)\avg. disk queue length","0 c: d:","0"
"16:01:10","run","\\tanghaiyong\physicaldisk(1 e: f: g: h:)\avg. disk queue length","1 e: f: g: h:","0"
"16:01:10","run","\\tanghaiyong\physicaldisk(2)\avg. disk queue length","2","54.3698"
"16:01:10","run","\\tanghaiyong\physicaldisk(0 c: d:)\disk read bytes/sec","0 c: d:","0"
"16:01:10","run","\\tanghaiyong\physicaldisk(1 e: f: g: h:)\disk read bytes/sec","1 e: f: g: h:","0"
"16:01:10","run","\\tanghaiyong\physicaldisk(2)\disk read bytes/sec","2","622026474.1822"
"16:01:10","run","\\tanghaiyong\physicaldisk(0 c: d:)\avg. disk bytes/read","0 c: d:","0"
"16:01:10","run","\\tanghaiyong\physicaldisk(1 e: f: g: h:)\avg. disk bytes/read","1 e: f: g: h:","0"
"16:01:10","run","\\tanghaiyong\physicaldisk(2)\avg. disk bytes/read","2","1248264.192"
"16:01:10","run","\\tanghaiyong\physicaldisk(0 c: d:)\disk reads/sec","0 c: d:","0"
"16:01:10","run","\\tanghaiyong\physicaldisk(1 e: f: g: h:)\disk reads/sec","1 e: f: g: h:","0"
"16:01:10","run","\\tanghaiyong\physicaldisk(2)\disk reads/sec","2","498.3132"
"16:01:12","run","\\tanghaiyong\physicaldisk(0 c: d:)\% idle time","0 c: d:","96.3335"
"16:01:12","run","\\tanghaiyong\physicaldisk(1 e: f: g: h:)\% idle time","1 e: f: g: h:","100.0407"
"16:01:12","run","\\tanghaiyong\physicaldisk(2)\% idle time","2","46.0996"
"16:01:12","run","\\tanghaiyong\physicaldisk(0 c: d:)\avg. disk sec/read","0 c: d:","0.0003"
"16:01:12","run","\\tanghaiyong\physicaldisk(1 e: f: g: h:)\avg. disk sec/read","1 e: f: g: h:","0"
"16:01:12","run","\\tanghaiyong\physicaldisk(2)\avg. disk sec/read","2","0.0911"
"16:01:12","run","\\tanghaiyong\physicaldisk(0 c: d:)\avg. disk sec/transfer","0 c: d:","0.0001"
"16:01:12","run","\\tanghaiyong\physicaldisk(1 e: f: g: h:)\avg. disk sec/transfer","1 e: f: g: h:","0"
"16:01:12","run","\\tanghaiyong\physicaldisk(2)\avg. disk sec/transfer","2","0.0911"
"16:01:12","run","\\tanghaiyong\physicaldisk(0 c: d:)\current disk queue length","0 c: d:","0"
"16:01:12","run","\\tanghaiyong\physicaldisk(1 e: f: g: h:)\current disk queue length","1 e: f: g: h:","0"
"16:01:12","run","\\tanghaiyong\physicaldisk(2)\current disk queue length","2","0"
"16:01:12","run","\\tanghaiyong\physicaldisk(0 c: d:)\avg. disk queue length","0 c: d:","0.0223"
"16:01:12","run","\\tanghaiyong\physicaldisk(1 e: f: g: h:)\avg. disk queue length","1 e: f: g: h:","0"
"16:01:12","run","\\tanghaiyong\physicaldisk(2)\avg. disk queue length","2","48.1302"
"16:01:12","run","\\tanghaiyong\physicaldisk(0 c: d:)\disk read bytes/sec","0 c: d:","577867.9772"
"16:01:12","run","\\tanghaiyong\physicaldisk(1 e: f: g: h:)\disk read bytes/sec","1 e: f: g: h:","0"
"16:01:12","run","\\tanghaiyong\physicaldisk(2)\disk read bytes/sec","2","660156377.205"
"16:01:12","run","\\tanghaiyong\physicaldisk(0 c: d:)\avg. disk bytes/read","0 c: d:","21617.7778"
"16:01:12","run","\\tanghaiyong\physicaldisk(1 e: f: g: h:)\avg. disk bytes/read","1 e: f: g: h:","0"
"16:01:12","run","\\tanghaiyong\physicaldisk(2)\avg. disk bytes/read","2","1248681.7079"
"16:01:12","run","\\tanghaiyong\physicaldisk(0 c: d:)\disk reads/sec","0 c: d:","26.7311"
"16:01:12","run","\\tanghaiyong\physicaldisk(1 e: f: g: h:)\disk reads/sec","1 e: f: g: h:","0"
"16:01:12","run","\\tanghaiyong\physicaldisk(2)\disk reads/sec","2","528.6827"
"16:01:14","run","\\tanghaiyong\physicaldisk(0 c: d:)\% idle time","0 c: d:","99.7767"
"16:01:14","run","\\tanghaiyong\physicaldisk(1 e: f: g: h:)\% idle time","1 e: f: g: h:","99.9828"
"16:01:14","run","\\tanghaiyong\physicaldisk(2)\% idle time","2","7.4327"
"16:01:14","run","\\tanghaiyong\physicaldisk(0 c: d:)\avg. disk sec/read","0 c: d:","0.0001"
"16:01:14","run","\\tanghaiyong\physicaldisk(1 e: f: g: h:)\avg. disk sec/read","1 e: f: g: h:","0"
"16:01:14","run","\\tanghaiyong\physicaldisk(2)\avg. disk sec/read","2","0.2543"
"16:01:14","run","\\tanghaiyong\physicaldisk(0 c: d:)\avg. disk sec/transfer","0 c: d:","0.0001"
"16:01:14","run","\\tanghaiyong\physicaldisk(1 e: f: g: h:)\avg. disk sec/transfer","1 e: f: g: h:","0"
"16:01:14","run","\\tanghaiyong\physicaldisk(2)\avg. disk sec/transfer","2","0.2543"
"16:01:14","run","\\tanghaiyong\physicaldisk(0 c: d:)\current disk queue length","0 c: d:","0"
"16:01:14","run","\\tanghaiyong\physicaldisk(1 e: f: g: h:)\current disk queue length","1 e: f: g: h:","0"
"16:01:14","run","\\tanghaiyong\physicaldisk(2)\current disk queue length","2","68"
"16:01:14","run","\\tanghaiyong\physicaldisk(0 c: d:)\avg. disk queue length","0 c: d:","0.0012"
"16:01:14","run","\\tanghaiyong\physicaldisk(1 e: f: g: h:)\avg. disk queue length","1 e: f: g: h:","0"
"16:01:14","run","\\tanghaiyong\physicaldisk(2)\avg. disk queue length","2","217.0228"
"16:01:14","run","\\tanghaiyong\physicaldisk(0 c: d:)\disk read bytes/sec","0 c: d:","54056.1969"
"16:01:14","run","\\tanghaiyong\physicaldisk(1 e: f: g: h:)\disk read bytes/sec","1 e: f: g: h:","0"
"16:01:14","run","\\tanghaiyong\physicaldisk(2)\disk read bytes/sec","2","1076530180.2145"
"16:01:14","run","\\tanghaiyong\physicaldisk(0 c: d:)\avg. disk bytes/read","0 c: d:","13568"
"16:01:14","run","\\tanghaiyong\physicaldisk(1 e: f: g: h:)\avg. disk bytes/read","1 e: f: g: h:","0"
"16:01:14","run","\\tanghaiyong\physicaldisk(2)\avg. disk bytes/read","2","1261176.084"
"16:01:14","run","\\tanghaiyong\physicaldisk(0 c: d:)\disk reads/sec","0 c: d:","3.9841"
"16:01:14","run","\\tanghaiyong\physicaldisk(1 e: f: g: h:)\disk reads/sec","1 e: f: g: h:","0"
"16:01:14","run","\\tanghaiyong\physicaldisk(2)\disk reads/sec","2","853.5923"
"16:01:16","run","\\tanghaiyong\physicaldisk(0 c: d:)\% idle time","0 c: d:","99.847"
"16:01:16","run","\\tanghaiyong\physicaldisk(1 e: f: g: h:)\% idle time","1 e: f: g: h:","99.9776"
"16:01:16","run","\\tanghaiyong\physicaldisk(2)\% idle time","2","9.9999"
"16:01:16","run","\\tanghaiyong\physicaldisk(0 c: d:)\avg. disk sec/read","0 c: d:","0.0002"
"16:01:16","run","\\tanghaiyong\physicaldisk(1 e: f: g: h:)\avg. disk sec/read","1 e: f: g: h:","0"
"16:01:16","run","\\tanghaiyong\physicaldisk(2)\avg. disk sec/read","2","0.4136"
"16:01:16","run","\\tanghaiyong\physicaldisk(0 c: d:)\avg. disk sec/transfer","0 c: d:","0.0001"
"16:01:16","run","\\tanghaiyong\physicaldisk(1 e: f: g: h:)\avg. disk sec/transfer","1 e: f: g: h:","0"
"16:01:16","run","\\tanghaiyong\physicaldisk(2)\avg. disk sec/transfer","2","0.4136"
"16:01:16","run","\\tanghaiyong\physicaldisk(0 c: d:)\current disk queue length","0 c: d:","0"
"16:01:16","run","\\tanghaiyong\physicaldisk(1 e: f: g: h:)\current disk queue length","1 e: f: g: h:","0"
"16:01:16","run","\\tanghaiyong\physicaldisk(2)\current disk queue length","2","95"
"16:01:16","run","\\tanghaiyong\physicaldisk(0 c: d:)\avg. disk queue length","0 c: d:","0.0009"
"16:01:16","run","\\tanghaiyong\physicaldisk(1 e: f: g: h:)\avg. disk queue length","1 e: f: g: h:","0"
"16:01:16","run","\\tanghaiyong\physicaldisk(2)\avg. disk queue length","2","312.0079"
"16:01:16","run","\\tanghaiyong\physicaldisk(0 c: d:)\disk read bytes/sec","0 c: d:","8144.8325"
"16:01:16","run","\\tanghaiyong\physicaldisk(1 e: f: g: h:)\disk read bytes/sec","1 e: f: g: h:","0"
"16:01:16","run","\\tanghaiyong\physicaldisk(2)\disk read bytes/sec","2","975164500.8591"
"16:01:16","run","\\tanghaiyong\physicaldisk(0 c: d:)\avg. disk bytes/read","0 c: d:","4096"
"16:01:16","run","\\tanghaiyong\physicaldisk(1 e: f: g: h:)\avg. disk bytes/read","1 e: f: g: h:","0"
"16:01:16","run","\\tanghaiyong\physicaldisk(2)\avg. disk bytes/read","2","1292242.1291"
"16:01:16","run","\\tanghaiyong\physicaldisk(0 c: d:)\disk reads/sec","0 c: d:","1.9885"
"16:01:16","run","\\tanghaiyong\physicaldisk(1 e: f: g: h:)\disk reads/sec","1 e: f: g: h:","0"
"16:01:16","run","\\tanghaiyong\physicaldisk(2)\disk reads/sec","2","754.6299"
"16:01:18","run","\\tanghaiyong\physicaldisk(0 c: d:)\% idle time","0 c: d:","99.8873"
"16:01:18","run","\\tanghaiyong\physicaldisk(1 e: f: g: h:)\% idle time","1 e: f: g: h:","99.972"
"16:01:18","run","\\tanghaiyong\physicaldisk(2)\% idle time","2","2.3456"
"16:01:18","run","\\tanghaiyong\physicaldisk(0 c: d:)\avg. disk sec/read","0 c: d:","0"
"16:01:18","run","\\tanghaiyong\physicaldisk(1 e: f: g: h:)\avg. disk sec/read","1 e: f: g: h:","0"
"16:01:18","run","\\tanghaiyong\physicaldisk(2)\avg. disk sec/read","2","0.3126"
"16:01:18","run","\\tanghaiyong\physicaldisk(0 c: d:)\avg. disk sec/transfer","0 c: d:","0"
"16:01:18","run","\\tanghaiyong\physicaldisk(1 e: f: g: h:)\avg. disk sec/transfer","1 e: f: g: h:","0"
"16:01:18","run","\\tanghaiyong\physicaldisk(2)\avg. disk sec/transfer","2","0.3126"
"16:01:18","run","\\tanghaiyong\physicaldisk(0 c: d:)\current disk queue length","0 c: d:","0"
"16:01:18","run","\\tanghaiyong\physicaldisk(1 e: f: g: h:)\current disk queue length","1 e: f: g: h:","0"
"16:01:18","run","\\tanghaiyong\physicaldisk(2)\current disk queue length","2","195"
"16:01:18","run","\\tanghaiyong\physicaldisk(0 c: d:)\avg. disk queue length","0 c: d:","0.0004"
"16:01:18","run","\\tanghaiyong\physicaldisk(1 e: f: g: h:)\avg. disk queue length","1 e: f: g: h:","0"
"16:01:18","run","\\tanghaiyong\physicaldisk(2)\avg. disk queue length","2","282.5916"
"16:01:18","run","\\tanghaiyong\physicaldisk(0 c: d:)\disk read bytes/sec","0 c: d:","0"
"16:01:18","run","\\tanghaiyong\physicaldisk(1 e: f: g: h:)\disk read bytes/sec","1 e: f: g: h:","0"
"16:01:18","run","\\tanghaiyong\physicaldisk(2)\disk read bytes/sec","2","1168445557.186"
"16:01:18","run","\\tanghaiyong\physicaldisk(0 c: d:)\avg. disk bytes/read","0 c: d:","0"
"16:01:18","run","\\tanghaiyong\physicaldisk(1 e: f: g: h:)\avg. disk bytes/read","1 e: f: g: h:","0"
"16:01:18","run","\\tanghaiyong\physicaldisk(2)\avg. disk bytes/read","2","1291990.2731"
"16:01:18","run","\\tanghaiyong\physicaldisk(0 c: d:)\disk reads/sec","0 c: d:","0"
"16:01:18","run","\\tanghaiyong\physicaldisk(1 e: f: g: h:)\disk reads/sec","1 e: f: g: h:","0"
"16:01:18","run","\\tanghaiyong\physicaldisk(2)\disk reads/sec","2","904.3764"
"16:01:20","run","\\tanghaiyong\physicaldisk(0 c: d:)\% idle time","0 c: d:","99.979"
"16:01:20","run","\\tanghaiyong\physicaldisk(1 e: f: g: h:)\% idle time","1 e: f: g: h:","99.9868"
"16:01:20","run","\\tanghaiyong\physicaldisk(2)\% idle time","2","11.9897"
"16:01:20","run","\\tanghaiyong\physicaldisk(0 c: d:)\avg. disk sec/read","0 c: d:","0"
"16:01:20","run","\\tanghaiyong\physicaldisk(1 e: f: g: h:)\avg. disk sec/read","1 e: f: g: h:","0"
"16:01:20","run","\\tanghaiyong\physicaldisk(2)\avg. disk sec/read","2","0.375"
"16:01:20","run","\\tanghaiyong\physicaldisk(0 c: d:)\avg. disk sec/transfer","0 c: d:","0.0001"
"16:01:20","run","\\tanghaiyong\physicaldisk(1 e: f: g: h:)\avg. disk sec/transfer","1 e: f: g: h:","0"
"16:01:20","run","\\tanghaiyong\physicaldisk(2)\avg. disk sec/transfer","2","0.375"
"16:01:20","run","\\tanghaiyong\physicaldisk(0 c: d:)\current disk queue length","0 c: d:","0"
"16:01:20","run","\\tanghaiyong\physicaldisk(1 e: f: g: h:)\current disk queue length","1 e: f: g: h:","0"
"16:01:20","run","\\tanghaiyong\physicaldisk(2)\current disk queue length","2","35"
"16:01:20","run","\\tanghaiyong\physicaldisk(0 c: d:)\avg. disk queue length","0 c: d:","0.0001"
"16:01:20","run","\\tanghaiyong\physicaldisk(1 e: f: g: h:)\avg. disk queue length","1 e: f: g: h:","0"
"16:01:20","run","\\tanghaiyong\physicaldisk(2)\avg. disk queue length","2","293.2257"
"16:01:20","run","\\tanghaiyong\physicaldisk(0 c: d:)\disk read bytes/sec","0 c: d:","0"
"16:01:20","run","\\tanghaiyong\physicaldisk(1 e: f: g: h:)\disk read bytes/sec","1 e: f: g: h:","0"
"16:01:20","run","\\tanghaiyong\physicaldisk(2)\disk read bytes/sec","2","975669677.4583"
"16:01:20","run","\\tanghaiyong\physicaldisk(0 c: d:)\avg. disk bytes/read","0 c: d:","0"
"16:01:20","run","\\tanghaiyong\physicaldisk(1 e: f: g: h:)\avg. disk bytes/read","1 e: f: g: h:","0"
"16:01:20","run","\\tanghaiyong\physicaldisk(2)\avg. disk bytes/read","2","1247463.6036"
"16:01:20","run","\\tanghaiyong\physicaldisk(0 c: d:)\disk reads/sec","0 c: d:","0"
"16:01:20","run","\\tanghaiyong\physicaldisk(1 e: f: g: h:)\disk reads/sec","1 e: f: g: h:","0"
"16:01:20","run","\\tanghaiyong\physicaldisk(2)\disk reads/sec","2","782.1228"
"16:01:22","run","\\tanghaiyong\physicaldisk(0 c: d:)\% idle time","0 c: d:","99.5451"
"16:01:22","run","\\tanghaiyong\physicaldisk(1 e: f: g: h:)\% idle time","1 e: f: g: h:","99.9762"
"16:01:22","run","\\tanghaiyong\physicaldisk(2)\% idle time","2","17.3415"
"16:01:22","run","\\tanghaiyong\physicaldisk(0 c: d:)\avg. disk sec/read","0 c: d:","0.0004"
"16:01:22","run","\\tanghaiyong\physicaldisk(1 e: f: g: h:)\avg. disk sec/read","1 e: f: g: h:","0"
"16:01:22","run","\\tanghaiyong\physicaldisk(2)\avg. disk sec/read","2","0.3357"
"16:01:22","run","\\tanghaiyong\physicaldisk(0 c: d:)\avg. disk sec/transfer","0 c: d:","0.0001"
"16:01:22","run","\\tanghaiyong\physicaldisk(1 e: f: g: h:)\avg. disk sec/transfer","1 e: f: g: h:","0"
"16:01:22","run","\\tanghaiyong\physicaldisk(2)\avg. disk sec/transfer","2","0.3357"
"16:01:22","run","\\tanghaiyong\physicaldisk(0 c: d:)\current disk queue length","0 c: d:","0"
"16:01:22","run","\\tanghaiyong\physicaldisk(1 e: f: g: h:)\current disk queue length","1 e: f: g: h:","0"
"16:01:22","run","\\tanghaiyong\physicaldisk(2)\current disk queue length","2","129"
"16:01:22","run","\\tanghaiyong\physicaldisk(0 c: d:)\avg. disk queue length","0 c: d:","0.0023"
"16:01:22","run","\\tanghaiyong\physicaldisk(1 e: f: g: h:)\avg. disk queue length","1 e: f: g: h:","0"
"16:01:22","run","\\tanghaiyong\physicaldisk(2)\avg. disk queue length","2","237.8052"
"16:01:22","run","\\tanghaiyong\physicaldisk(0 c: d:)\disk read bytes/sec","0 c: d:","138770.532"
"16:01:22","run","\\tanghaiyong\physicaldisk(1 e: f: g: h:)\disk read bytes/sec","1 e: f: g: h:","0"
"16:01:22","run","\\tanghaiyong\physicaldisk(2)\disk read bytes/sec","2","915787555.4528"
"16:01:22","run","\\tanghaiyong\physicaldisk(0 c: d:)\avg. disk bytes/read","0 c: d:","69632"
"16:01:22","run","\\tanghaiyong\physicaldisk(1 e: f: g: h:)\avg. disk bytes/read","1 e: f: g: h:","0"
"16:01:22","run","\\tanghaiyong\physicaldisk(2)\avg. disk bytes/read","2","1292607.73"
"16:01:22","run","\\tanghaiyong\physicaldisk(0 c: d:)\disk reads/sec","0 c: d:","1.9929"
"16:01:22","run","\\tanghaiyong\physicaldisk(1 e: f: g: h:)\disk reads/sec","1 e: f: g: h:","0"
"16:01:22","run","\\tanghaiyong\physicaldisk(2)\disk reads/sec","2","708.4806"
"16:01:24","run","\\tanghaiyong\physicaldisk(0 c: d:)\% idle time","0 c: d:","99.9223"
"16:01:24","run","\\tanghaiyong\physicaldisk(1 e: f: g: h:)\% idle time","1 e: f: g: h:","99.9899"
"16:01:24","run","\\tanghaiyong\physicaldisk(2)\% idle time","2","12.5403"
"16:01:24","run","\\tanghaiyong\physicaldisk(0 c: d:)\avg. disk sec/read","0 c: d:","0.0001"
"16:01:24","run","\\tanghaiyong\physicaldisk(1 e: f: g: h:)\avg. disk sec/read","1 e: f: g: h:","0"
"16:01:24","run","\\tanghaiyong\physicaldisk(2)\avg. disk sec/read","2","0.2964"
"16:01:24","run","\\tanghaiyong\physicaldisk(0 c: d:)\avg. disk sec/transfer","0 c: d:","0.0001"
"16:01:24","run","\\tanghaiyong\physicaldisk(1 e: f: g: h:)\avg. disk sec/transfer","1 e: f: g: h:","0"
"16:01:24","run","\\tanghaiyong\physicaldisk(2)\avg. disk sec/transfer","2","0.2964"
"16:01:24","run","\\tanghaiyong\physicaldisk(0 c: d:)\current disk queue length","0 c: d:","0"
"16:01:24","run","\\tanghaiyong\physicaldisk(1 e: f: g: h:)\current disk queue length","1 e: f: g: h:","0"
"16:01:24","run","\\tanghaiyong\physicaldisk(2)\current disk queue length","2","16"
"16:01:24","run","\\tanghaiyong\physicaldisk(0 c: d:)\avg. disk queue length","0 c: d:","0.0006"
"16:01:24","run","\\tanghaiyong\physicaldisk(1 e: f: g: h:)\avg. disk queue length","1 e: f: g: h:","0"
"16:01:24","run","\\tanghaiyong\physicaldisk(2)\avg. disk queue length","2","228.4354"
"16:01:24","run","\\tanghaiyong\physicaldisk(0 c: d:)\disk read bytes/sec","0 c: d:","5085.3535"
"16:01:24","run","\\tanghaiyong\physicaldisk(1 e: f: g: h:)\disk read bytes/sec","1 e: f: g: h:","0"
"16:01:24","run","\\tanghaiyong\physicaldisk(2)\disk read bytes/sec","2","969170735.7772"
"16:01:24","run","\\tanghaiyong\physicaldisk(0 c: d:)\avg. disk bytes/read","0 c: d:","1706.6667"
"16:01:24","run","\\tanghaiyong\physicaldisk(1 e: f: g: h:)\avg. disk bytes/read","1 e: f: g: h:","0"
"16:01:24","run","\\tanghaiyong\physicaldisk(2)\avg. disk bytes/read","2","1257440.3299"
"16:01:24","run","\\tanghaiyong\physicaldisk(0 c: d:)\disk reads/sec","0 c: d:","2.9797"
"16:01:24","run","\\tanghaiyong\physicaldisk(1 e: f: g: h:)\disk reads/sec","1 e: f: g: h:","0"
"16:01:24","run","\\tanghaiyong\physicaldisk(2)\disk reads/sec","2","770.7489"
"16:01:26","run","\\tanghaiyong\physicaldisk(0 c: d:)\% idle time","0 c: d:","99.9564"
"16:01:26","run","\\tanghaiyong\physicaldisk(1 e: f: g: h:)\% idle time","1 e: f: g: h:","99.9851"
"16:01:26","run","\\tanghaiyong\physicaldisk(2)\% idle time","2","1.5651"
"16:01:26","run","\\tanghaiyong\physicaldisk(0 c: d:)\avg. disk sec/read","0 c: d:","0"
"16:01:26","run","\\tanghaiyong\physicaldisk(1 e: f: g: h:)\avg. disk sec/read","1 e: f: g: h:","0"
"16:01:26","run","\\tanghaiyong\physicaldisk(2)\avg. disk sec/read","2","0.4128"
"16:01:26","run","\\tanghaiyong\physicaldisk(0 c: d:)\avg. disk sec/transfer","0 c: d:","0.0001"
"16:01:26","run","\\tanghaiyong\physicaldisk(1 e: f: g: h:)\avg. disk sec/transfer","1 e: f: g: h:","0"
"16:01:26","run","\\tanghaiyong\physicaldisk(2)\avg. disk sec/transfer","2","0.4128"
"16:01:26","run","\\tanghaiyong\physicaldisk(0 c: d:)\current disk queue length","0 c: d:","0"
"16:01:26","run","\\tanghaiyong\physicaldisk(1 e: f: g: h:)\current disk queue length","1 e: f: g: h:","0"
"16:01:26","run","\\tanghaiyong\physicaldisk(2)\current disk queue length","2","23"
"16:01:26","run","\\tanghaiyong\physicaldisk(0 c: d:)\avg. disk queue length","0 c: d:","0.0003"
"16:01:26","run","\\tanghaiyong\physicaldisk(1 e: f: g: h:)\avg. disk queue length","1 e: f: g: h:","0"
"16:01:26","run","\\tanghaiyong\physicaldisk(2)\avg. disk queue length","2","363.0461"
"16:01:26","run","\\tanghaiyong\physicaldisk(0 c: d:)\disk read bytes/sec","0 c: d:","0"
"16:01:26","run","\\tanghaiyong\physicaldisk(1 e: f: g: h:)\disk read bytes/sec","1 e: f: g: h:","0"
"16:01:26","run","\\tanghaiyong\physicaldisk(2)\disk read bytes/sec","2","1088361477.5741"
"16:01:26","run","\\tanghaiyong\physicaldisk(0 c: d:)\avg. disk bytes/read","0 c: d:","0"
"16:01:26","run","\\tanghaiyong\physicaldisk(1 e: f: g: h:)\avg. disk bytes/read","1 e: f: g: h:","0"
"16:01:26","run","\\tanghaiyong\physicaldisk(2)\avg. disk bytes/read","2","1237219.0407"
"16:01:26","run","\\tanghaiyong\physicaldisk(0 c: d:)\disk reads/sec","0 c: d:","0"
"16:01:26","run","\\tanghaiyong\physicaldisk(1 e: f: g: h:)\disk reads/sec","1 e: f: g: h:","0"
"16:01:26","run","\\tanghaiyong\physicaldisk(2)\disk reads/sec","2","879.6837"
"16:01:28","run","\\tanghaiyong\physicaldisk(0 c: d:)\% idle time","0 c: d:","99.973"
"16:01:28","run","\\tanghaiyong\physicaldisk(1 e: f: g: h:)\% idle time","1 e: f: g: h:","93.1789"
"16:01:28","run","\\tanghaiyong\physicaldisk(2)\% idle time","2","12.9198"
"16:01:28","run","\\tanghaiyong\physicaldisk(0 c: d:)\avg. disk sec/read","0 c: d:","0"
"16:01:28","run","\\tanghaiyong\physicaldisk(1 e: f: g: h:)\avg. disk sec/read","1 e: f: g: h:","0.0027"
"16:01:28","run","\\tanghaiyong\physicaldisk(2)\avg. disk sec/read","2","0.3507"
"16:01:28","run","\\tanghaiyong\physicaldisk(0 c: d:)\avg. disk sec/transfer","0 c: d:","0"
"16:01:28","run","\\tanghaiyong\physicaldisk(1 e: f: g: h:)\avg. disk sec/transfer","1 e: f: g: h:","0.0023"
"16:01:28","run","\\tanghaiyong\physicaldisk(2)\avg. disk sec/transfer","2","0.3507"
"16:01:28","run","\\tanghaiyong\physicaldisk(0 c: d:)\current disk queue length","0 c: d:","0"
"16:01:28","run","\\tanghaiyong\physicaldisk(1 e: f: g: h:)\current disk queue length","1 e: f: g: h:","0"
"16:01:28","run","\\tanghaiyong\physicaldisk(2)\current disk queue length","2","179"
"16:01:28","run","\\tanghaiyong\physicaldisk(0 c: d:)\avg. disk queue length","0 c: d:","0.0002"
"16:01:28","run","\\tanghaiyong\physicaldisk(1 e: f: g: h:)\avg. disk queue length","1 e: f: g: h:","0.0769"
"16:01:28","run","\\tanghaiyong\physicaldisk(2)\avg. disk queue length","2","268.4736"
"16:01:28","run","\\tanghaiyong\physicaldisk(0 c: d:)\disk read bytes/sec","0 c: d:","0"
"16:01:28","run","\\tanghaiyong\physicaldisk(1 e: f: g: h:)\disk read bytes/sec","1 e: f: g: h:","65079.9845"
"16:01:28","run","\\tanghaiyong\physicaldisk(2)\disk read bytes/sec","2","983350431.5263"
"16:01:28","run","\\tanghaiyong\physicaldisk(0 c: d:)\avg. disk bytes/read","0 c: d:","0"
"16:01:28","run","\\tanghaiyong\physicaldisk(1 e: f: g: h:)\avg. disk bytes/read","1 e: f: g: h:","65536"
"16:01:28","run","\\tanghaiyong\physicaldisk(2)\avg. disk bytes/read","2","1284358.9728"
"16:01:28","run","\\tanghaiyong\physicaldisk(0 c: d:)\disk reads/sec","0 c: d:","0"
"16:01:28","run","\\tanghaiyong\physicaldisk(1 e: f: g: h:)\disk reads/sec","1 e: f: g: h:","0.993"
"16:01:28","run","\\tanghaiyong\physicaldisk(2)\disk reads/sec","2","765.6352"
"16:01:30","run","\\tanghaiyong\physicaldisk(0 c: d:)\% idle time","0 c: d:","99.8554"
"16:01:30","run","\\tanghaiyong\physicaldisk(1 e: f: g: h:)\% idle time","1 e: f: g: h:","99.9949"
"16:01:30","run","\\tanghaiyong\physicaldisk(2)\% idle time","2","14.3988"
"16:01:30","run","\\tanghaiyong\physicaldisk(0 c: d:)\avg. disk sec/read","0 c: d:","0.0003"
"16:01:30","run","\\tanghaiyong\physicaldisk(1 e: f: g: h:)\avg. disk sec/read","1 e: f: g: h:","0"
"16:01:30","run","\\tanghaiyong\physicaldisk(2)\avg. disk sec/read","2","0.3623"
"16:01:30","run","\\tanghaiyong\physicaldisk(0 c: d:)\avg. disk sec/transfer","0 c: d:","0.0001"
"16:01:30","run","\\tanghaiyong\physicaldisk(1 e: f: g: h:)\avg. disk sec/transfer","1 e: f: g: h:","0"
"16:01:30","run","\\tanghaiyong\physicaldisk(2)\avg. disk sec/transfer","2","0.3623"
"16:01:30","run","\\tanghaiyong\physicaldisk(0 c: d:)\current disk queue length","0 c: d:","0"
"16:01:30","run","\\tanghaiyong\physicaldisk(1 e: f: g: h:)\current disk queue length","1 e: f: g: h:","0"
"16:01:30","run","\\tanghaiyong\physicaldisk(2)\current disk queue length","2","0"
"16:01:30","run","\\tanghaiyong\physicaldisk(0 c: d:)\avg. disk queue length","0 c: d:","0.0014"
"16:01:30","run","\\tanghaiyong\physicaldisk(1 e: f: g: h:)\avg. disk queue length","1 e: f: g: h:","0"
"16:01:30","run","\\tanghaiyong\physicaldisk(2)\avg. disk queue length","2","273.2622"
"16:01:30","run","\\tanghaiyong\physicaldisk(0 c: d:)\disk read bytes/sec","0 c: d:","32604.6961"
"16:01:30","run","\\tanghaiyong\physicaldisk(1 e: f: g: h:)\disk read bytes/sec","1 e: f: g: h:","0"
"16:01:30","run","\\tanghaiyong\physicaldisk(2)\disk read bytes/sec","2","974024540.6855"
"16:01:30","run","\\tanghaiyong\physicaldisk(0 c: d:)\avg. disk bytes/read","0 c: d:","16384"
"16:01:30","run","\\tanghaiyong\physicaldisk(1 e: f: g: h:)\avg. disk bytes/read","1 e: f: g: h:","0"
"16:01:30","run","\\tanghaiyong\physicaldisk(2)\avg. disk bytes/read","2","1291428.8127"
"16:01:30","run","\\tanghaiyong\physicaldisk(0 c: d:)\disk reads/sec","0 c: d:","1.99"
"16:01:30","run","\\tanghaiyong\physicaldisk(1 e: f: g: h:)\disk reads/sec","1 e: f: g: h:","0"
"16:01:30","run","\\tanghaiyong\physicaldisk(2)\disk reads/sec","2","754.2224"
"16:01:32","run","\\tanghaiyong\physicaldisk(0 c: d:)\% idle time","0 c: d:","99.8174"
"16:01:32","run","\\tanghaiyong\physicaldisk(1 e: f: g: h:)\% idle time","1 e: f: g: h:","99.9301"
"16:01:32","run","\\tanghaiyong\physicaldisk(2)\% idle time","2","12.4224"
"16:01:32","run","\\tanghaiyong\physicaldisk(0 c: d:)\avg. disk sec/read","0 c: d:","0"
"16:01:32","run","\\tanghaiyong\physicaldisk(1 e: f: g: h:)\avg. disk sec/read","1 e: f: g: h:","0"
"16:01:32","run","\\tanghaiyong\physicaldisk(2)\avg. disk sec/read","2","0.3458"
"16:01:32","run","\\tanghaiyong\physicaldisk(0 c: d:)\avg. disk sec/transfer","0 c: d:","0.0001"
"16:01:32","run","\\tanghaiyong\physicaldisk(1 e: f: g: h:)\avg. disk sec/transfer","1 e: f: g: h:","0"
"16:01:32","run","\\tanghaiyong\physicaldisk(2)\avg. disk sec/transfer","2","0.3458"
"16:01:32","run","\\tanghaiyong\physicaldisk(0 c: d:)\current disk queue length","0 c: d:","0"
"16:01:32","run","\\tanghaiyong\physicaldisk(1 e: f: g: h:)\current disk queue length","1 e: f: g: h:","0"
"16:01:32","run","\\tanghaiyong\physicaldisk(2)\current disk queue length","2","86"
"16:01:32","run","\\tanghaiyong\physicaldisk(0 c: d:)\avg. disk queue length","0 c: d:","0.0003"
"16:01:32","run","\\tanghaiyong\physicaldisk(1 e: f: g: h:)\avg. disk queue length","1 e: f: g: h:","0"
"16:01:32","run","\\tanghaiyong\physicaldisk(2)\avg. disk queue length","2","255.809"
"16:01:32","run","\\tanghaiyong\physicaldisk(0 c: d:)\disk read bytes/sec","0 c: d:","0"
"16:01:32","run","\\tanghaiyong\physicaldisk(1 e: f: g: h:)\disk read bytes/sec","1 e: f: g: h:","0"
"16:01:32","run","\\tanghaiyong\physicaldisk(2)\disk read bytes/sec","2","955305452.2968"
"16:01:32","run","\\tanghaiyong\physicaldisk(0 c: d:)\avg. disk bytes/read","0 c: d:","0"
"16:01:32","run","\\tanghaiyong\physicaldisk(1 e: f: g: h:)\avg. disk bytes/read","1 e: f: g: h:","0"
"16:01:32","run","\\tanghaiyong\physicaldisk(2)\avg. disk bytes/read","2","1290488.7449"
"16:01:32","run","\\tanghaiyong\physicaldisk(0 c: d:)\disk reads/sec","0 c: d:","0"
"16:01:32","run","\\tanghaiyong\physicaldisk(1 e: f: g: h:)\disk reads/sec","1 e: f: g: h:","0"
"16:01:32","run","\\tanghaiyong\physicaldisk(2)\disk reads/sec","2","740.2664"
"16:01:34","run","\\tanghaiyong\physicaldisk(0 c: d:)\% idle time","0 c: d:","98.554"
"16:01:34","run","\\tanghaiyong\physicaldisk(1 e: f: g: h:)\% idle time","1 e: f: g: h:","97.8008"
"16:01:34","run","\\tanghaiyong\physicaldisk(2)\% idle time","2","12.9894"
"16:01:34","run","\\tanghaiyong\physicaldisk(0 c: d:)\avg. disk sec/read","0 c: d:","0.0003"
"16:01:34","run","\\tanghaiyong\physicaldisk(1 e: f: g: h:)\avg. disk sec/read","1 e: f: g: h:","0.0004"
"16:01:34","run","\\tanghaiyong\physicaldisk(2)\avg. disk sec/read","2","0.2931"
"16:01:34","run","\\tanghaiyong\physicaldisk(0 c: d:)\avg. disk sec/transfer","0 c: d:","0.0001"
"16:01:34","run","\\tanghaiyong\physicaldisk(1 e: f: g: h:)\avg. disk sec/transfer","1 e: f: g: h:","0.0003"
"16:01:34","run","\\tanghaiyong\physicaldisk(2)\avg. disk sec/transfer","2","0.2931"
"16:01:34","run","\\tanghaiyong\physicaldisk(0 c: d:)\current disk queue length","0 c: d:","0"
"16:01:34","run","\\tanghaiyong\physicaldisk(1 e: f: g: h:)\current disk queue length","1 e: f: g: h:","0"
"16:01:34","run","\\tanghaiyong\physicaldisk(2)\current disk queue length","2","13"
"16:01:34","run","\\tanghaiyong\physicaldisk(0 c: d:)\avg. disk queue length","0 c: d:","0.0135"
"16:01:34","run","\\tanghaiyong\physicaldisk(1 e: f: g: h:)\avg. disk queue length","1 e: f: g: h:","0.0019"
"16:01:34","run","\\tanghaiyong\physicaldisk(2)\avg. disk queue length","2","226.2071"
"16:01:34","run","\\tanghaiyong\physicaldisk(0 c: d:)\disk read bytes/sec","0 c: d:","331035.2181"
"16:01:34","run","\\tanghaiyong\physicaldisk(1 e: f: g: h:)\disk read bytes/sec","1 e: f: g: h:","16297.1184"
"16:01:34","run","\\tanghaiyong\physicaldisk(2)\disk read bytes/sec","2","988770620.9427"
"16:01:34","run","\\tanghaiyong\physicaldisk(0 c: d:)\avg. disk bytes/read","0 c: d:","17515.7895"
"16:01:34","run","\\tanghaiyong\physicaldisk(1 e: f: g: h:)\avg. disk bytes/read","1 e: f: g: h:","16384"
"16:01:34","run","\\tanghaiyong\physicaldisk(2)\avg. disk bytes/read","2","1280981.7732"
"16:01:34","run","\\tanghaiyong\physicaldisk(0 c: d:)\disk reads/sec","0 c: d:","18.8992"
"16:01:34","run","\\tanghaiyong\physicaldisk(1 e: f: g: h:)\disk reads/sec","1 e: f: g: h:","0.9947"
"16:01:34","run","\\tanghaiyong\physicaldisk(2)\disk reads/sec","2","771.885"
"16:01:36","run","\\tanghaiyong\physicaldisk(0 c: d:)\% idle time","0 c: d:","99.9165"
"16:01:36","run","\\tanghaiyong\physicaldisk(1 e: f: g: h:)\% idle time","1 e: f: g: h:","99.9414"
"16:01:36","run","\\tanghaiyong\physicaldisk(2)\% idle time","2","3.4858"
"16:01:36","run","\\tanghaiyong\physicaldisk(0 c: d:)\avg. disk sec/read","0 c: d:","0"
"16:01:36","run","\\tanghaiyong\physicaldisk(1 e: f: g: h:)\avg. disk sec/read","1 e: f: g: h:","0"
"16:01:36","run","\\tanghaiyong\physicaldisk(2)\avg. disk sec/read","2","0.4475"
"16:01:36","run","\\tanghaiyong\physicaldisk(0 c: d:)\avg. disk sec/transfer","0 c: d:","0.0001"
"16:01:36","run","\\tanghaiyong\physicaldisk(1 e: f: g: h:)\avg. disk sec/transfer","1 e: f: g: h:","0"
"16:01:36","run","\\tanghaiyong\physicaldisk(2)\avg. disk sec/transfer","2","0.4475"
"16:01:36","run","\\tanghaiyong\physicaldisk(0 c: d:)\current disk queue length","0 c: d:","0"
"16:01:36","run","\\tanghaiyong\physicaldisk(1 e: f: g: h:)\current disk queue length","1 e: f: g: h:","0"
"16:01:36","run","\\tanghaiyong\physicaldisk(2)\current disk queue length","2","0"
"16:01:36","run","\\tanghaiyong\physicaldisk(0 c: d:)\avg. disk queue length","0 c: d:","0.0003"
"16:01:36","run","\\tanghaiyong\physicaldisk(1 e: f: g: h:)\avg. disk queue length","1 e: f: g: h:","0"
"16:01:36","run","\\tanghaiyong\physicaldisk(2)\avg. disk queue length","2","389.3174"
"16:01:36","run","\\tanghaiyong\physicaldisk(0 c: d:)\disk read bytes/sec","0 c: d:","0"
"16:01:36","run","\\tanghaiyong\physicaldisk(1 e: f: g: h:)\disk read bytes/sec","1 e: f: g: h:","0"
"16:01:36","run","\\tanghaiyong\physicaldisk(2)\disk read bytes/sec","2","1061733711.2874"
"16:01:36","run","\\tanghaiyong\physicaldisk(0 c: d:)\avg. disk bytes/read","0 c: d:","0"
"16:01:36","run","\\tanghaiyong\physicaldisk(1 e: f: g: h:)\avg. disk bytes/read","1 e: f: g: h:","0"
"16:01:36","run","\\tanghaiyong\physicaldisk(2)\avg. disk bytes/read","2","1219745.6842"
"16:01:36","run","\\tanghaiyong\physicaldisk(0 c: d:)\disk reads/sec","0 c: d:","0"
"16:01:36","run","\\tanghaiyong\physicaldisk(1 e: f: g: h:)\disk reads/sec","1 e: f: g: h:","0"
"16:01:36","run","\\tanghaiyong\physicaldisk(2)\disk reads/sec","2","870.455"
"16:01:38","run","\\tanghaiyong\physicaldisk(0 c: d:)\% idle time","0 c: d:","99.4366"
"16:01:38","run","\\tanghaiyong\physicaldisk(1 e: f: g: h:)\% idle time","1 e: f: g: h:","99.9208"
"16:01:38","run","\\tanghaiyong\physicaldisk(2)\% idle time","2","12.4646"
"16:01:38","run","\\tanghaiyong\physicaldisk(0 c: d:)\avg. disk sec/read","0 c: d:","0"
"16:01:38","run","\\tanghaiyong\physicaldisk(1 e: f: g: h:)\avg. disk sec/read","1 e: f: g: h:","0"
"16:01:38","run","\\tanghaiyong\physicaldisk(2)\avg. disk sec/read","2","0.3305"
"16:01:38","run","\\tanghaiyong\physicaldisk(0 c: d:)\avg. disk sec/transfer","0 c: d:","0.0008"
"16:01:38","run","\\tanghaiyong\physicaldisk(1 e: f: g: h:)\avg. disk sec/transfer","1 e: f: g: h:","0.0004"
"16:01:38","run","\\tanghaiyong\physicaldisk(2)\avg. disk sec/transfer","2","0.3305"
"16:01:38","run","\\tanghaiyong\physicaldisk(0 c: d:)\current disk queue length","0 c: d:","0"
"16:01:38","run","\\tanghaiyong\physicaldisk(1 e: f: g: h:)\current disk queue length","1 e: f: g: h:","0"
"16:01:38","run","\\tanghaiyong\physicaldisk(2)\current disk queue length","2","147"
"16:01:38","run","\\tanghaiyong\physicaldisk(0 c: d:)\avg. disk queue length","0 c: d:","0.0058"
"16:01:38","run","\\tanghaiyong\physicaldisk(1 e: f: g: h:)\avg. disk queue length","1 e: f: g: h:","0.0004"
"16:01:38","run","\\tanghaiyong\physicaldisk(2)\avg. disk queue length","2","258.9516"
"16:01:38","run","\\tanghaiyong\physicaldisk(0 c: d:)\disk read bytes/sec","0 c: d:","0"
"16:01:38","run","\\tanghaiyong\physicaldisk(1 e: f: g: h:)\disk read bytes/sec","1 e: f: g: h:","0"
"16:01:38","run","\\tanghaiyong\physicaldisk(2)\disk read bytes/sec","2","1008511315.3561"
"16:01:38","run","\\tanghaiyong\physicaldisk(0 c: d:)\avg. disk bytes/read","0 c: d:","0"
"16:01:38","run","\\tanghaiyong\physicaldisk(1 e: f: g: h:)\avg. disk bytes/read","1 e: f: g: h:","0"
"16:01:38","run","\\tanghaiyong\physicaldisk(2)\avg. disk bytes/read","2","1286684.5888"
"16:01:38","run","\\tanghaiyong\physicaldisk(0 c: d:)\disk reads/sec","0 c: d:","0"
"16:01:38","run","\\tanghaiyong\physicaldisk(1 e: f: g: h:)\disk reads/sec","1 e: f: g: h:","0"
"16:01:38","run","\\tanghaiyong\physicaldisk(2)\disk reads/sec","2","783.8062"
"16:01:40","run","\\tanghaiyong\physicaldisk(0 c: d:)\% idle time","0 c: d:","99.9858"
"16:01:40","run","\\tanghaiyong\physicaldisk(1 e: f: g: h:)\% idle time","1 e: f: g: h:","99.9858"
"16:01:40","run","\\tanghaiyong\physicaldisk(2)\% idle time","2","8.2504"
"16:01:40","run","\\tanghaiyong\physicaldisk(0 c: d:)\avg. disk sec/read","0 c: d:","0"
"16:01:40","run","\\tanghaiyong\physicaldisk(1 e: f: g: h:)\avg. disk sec/read","1 e: f: g: h:","0"
"16:01:40","run","\\tanghaiyong\physicaldisk(2)\avg. disk sec/read","2","0.3985"
"16:01:40","run","\\tanghaiyong\physicaldisk(0 c: d:)\avg. disk sec/transfer","0 c: d:","0"
"16:01:40","run","\\tanghaiyong\physicaldisk(1 e: f: g: h:)\avg. disk sec/transfer","1 e: f: g: h:","0"
"16:01:40","run","\\tanghaiyong\physicaldisk(2)\avg. disk sec/transfer","2","0.3985"
"16:01:40","run","\\tanghaiyong\physicaldisk(0 c: d:)\current disk queue length","0 c: d:","0"
"16:01:40","run","\\tanghaiyong\physicaldisk(1 e: f: g: h:)\current disk queue length","1 e: f: g: h:","0"
"16:01:40","run","\\tanghaiyong\physicaldisk(2)\current disk queue length","2","8"
"16:01:40","run","\\tanghaiyong\physicaldisk(0 c: d:)\avg. disk queue length","0 c: d:","0"
"16:01:40","run","\\tanghaiyong\physicaldisk(1 e: f: g: h:)\avg. disk queue length","1 e: f: g: h:","0"
"16:01:40","run","\\tanghaiyong\physicaldisk(2)\avg. disk queue length","2","299.9168"
"16:01:40","run","\\tanghaiyong\physicaldisk(0 c: d:)\disk read bytes/sec","0 c: d:","0"
"16:01:40","run","\\tanghaiyong\physicaldisk(1 e: f: g: h:)\disk read bytes/sec","1 e: f: g: h:","0"
"16:01:40","run","\\tanghaiyong\physicaldisk(2)\disk read bytes/sec","2","967701871.0974"
"16:01:40","run","\\tanghaiyong\physicaldisk(0 c: d:)\avg. disk bytes/read","0 c: d:","0"
"16:01:40","run","\\tanghaiyong\physicaldisk(1 e: f: g: h:)\avg. disk bytes/read","1 e: f: g: h:","0"
"16:01:40","run","\\tanghaiyong\physicaldisk(2)\avg. disk bytes/read","2","1285483.0053"
"16:01:40","run","\\tanghaiyong\physicaldisk(0 c: d:)\disk reads/sec","0 c: d:","0"
"16:01:40","run","\\tanghaiyong\physicaldisk(1 e: f: g: h:)\disk reads/sec","1 e: f: g: h:","0"
"16:01:40","run","\\tanghaiyong\physicaldisk(2)\disk reads/sec","2","752.7924"
"16:01:42","run","\\tanghaiyong\physicaldisk(0 c: d:)\% idle time","0 c: d:","99.665"
"16:01:42","run","\\tanghaiyong\physicaldisk(1 e: f: g: h:)\% idle time","1 e: f: g: h:","99.9474"
"16:01:42","run","\\tanghaiyong\physicaldisk(2)\% idle time","2","15.4886"
"16:01:42","run","\\tanghaiyong\physicaldisk(0 c: d:)\avg. disk sec/read","0 c: d:","0.0002"
"16:01:42","run","\\tanghaiyong\physicaldisk(1 e: f: g: h:)\avg. disk sec/read","1 e: f: g: h:","0"
"16:01:42","run","\\tanghaiyong\physicaldisk(2)\avg. disk sec/read","2","0.3427"
"16:01:42","run","\\tanghaiyong\physicaldisk(0 c: d:)\avg. disk sec/transfer","0 c: d:","0.0001"
"16:01:42","run","\\tanghaiyong\physicaldisk(1 e: f: g: h:)\avg. disk sec/transfer","1 e: f: g: h:","0"
"16:01:42","run","\\tanghaiyong\physicaldisk(2)\avg. disk sec/transfer","2","0.3427"
"16:01:42","run","\\tanghaiyong\physicaldisk(0 c: d:)\current disk queue length","0 c: d:","0"
"16:01:42","run","\\tanghaiyong\physicaldisk(1 e: f: g: h:)\current disk queue length","1 e: f: g: h:","0"
"16:01:42","run","\\tanghaiyong\physicaldisk(2)\current disk queue length","2","177"
"16:01:42","run","\\tanghaiyong\physicaldisk(0 c: d:)\avg. disk queue length","0 c: d:","0.0009"
"16:01:42","run","\\tanghaiyong\physicaldisk(1 e: f: g: h:)\avg. disk queue length","1 e: f: g: h:","0"
"16:01:42","run","\\tanghaiyong\physicaldisk(2)\avg. disk queue length","2","253.6719"
"16:01:42","run","\\tanghaiyong\physicaldisk(0 c: d:)\disk read bytes/sec","0 c: d:","16330.8545"
"16:01:42","run","\\tanghaiyong\physicaldisk(1 e: f: g: h:)\disk read bytes/sec","1 e: f: g: h:","0"
"16:01:42","run","\\tanghaiyong\physicaldisk(2)\disk read bytes/sec","2","940869520.32"
"16:01:42","run","\\tanghaiyong\physicaldisk(0 c: d:)\avg. disk bytes/read","0 c: d:","16384"
"16:01:42","run","\\tanghaiyong\physicaldisk(1 e: f: g: h:)\avg. disk bytes/read","1 e: f: g: h:","0"
"16:01:42","run","\\tanghaiyong\physicaldisk(2)\avg. disk bytes/read","2","1270432.5599"
"16:01:42","run","\\tanghaiyong\physicaldisk(0 c: d:)\disk reads/sec","0 c: d:","0.9968"
"16:01:42","run","\\tanghaiyong\physicaldisk(1 e: f: g: h:)\disk reads/sec","1 e: f: g: h:","0"
"16:01:42","run","\\tanghaiyong\physicaldisk(2)\disk reads/sec","2","740.5899"
"16:01:44","run","\\tanghaiyong\physicaldisk(0 c: d:)\% idle time","0 c: d:","99.7584"
"16:01:44","run","\\tanghaiyong\physicaldisk(1 e: f: g: h:)\% idle time","1 e: f: g: h:","98.9763"
"16:01:44","run","\\tanghaiyong\physicaldisk(2)\% idle time","2","12.9819"
"16:01:44","run","\\tanghaiyong\physicaldisk(0 c: d:)\avg. disk sec/read","0 c: d:","0.0002"
"16:01:44","run","\\tanghaiyong\physicaldisk(1 e: f: g: h:)\avg. disk sec/read","1 e: f: g: h:","0"
"16:01:44","run","\\tanghaiyong\physicaldisk(2)\avg. disk sec/read","2","0.266"
"16:01:44","run","\\tanghaiyong\physicaldisk(0 c: d:)\avg. disk sec/transfer","0 c: d:","0.0001"
"16:01:44","run","\\tanghaiyong\physicaldisk(1 e: f: g: h:)\avg. disk sec/transfer","1 e: f: g: h:","0.0003"
"16:01:44","run","\\tanghaiyong\physicaldisk(2)\avg. disk sec/transfer","2","0.266"
"16:01:44","run","\\tanghaiyong\physicaldisk(0 c: d:)\current disk queue length","0 c: d:","0"
"16:01:44","run","\\tanghaiyong\physicaldisk(1 e: f: g: h:)\current disk queue length","1 e: f: g: h:","0"
"16:01:44","run","\\tanghaiyong\physicaldisk(2)\current disk queue length","2","38"
"16:01:44","run","\\tanghaiyong\physicaldisk(0 c: d:)\avg. disk queue length","0 c: d:","0.0014"
"16:01:44","run","\\tanghaiyong\physicaldisk(1 e: f: g: h:)\avg. disk queue length","1 e: f: g: h:","0.0009"
"16:01:44","run","\\tanghaiyong\physicaldisk(2)\avg. disk queue length","2","196.9944"
"16:01:44","run","\\tanghaiyong\physicaldisk(0 c: d:)\disk read bytes/sec","0 c: d:","53954.7729"
"16:01:44","run","\\tanghaiyong\physicaldisk(1 e: f: g: h:)\disk read bytes/sec","1 e: f: g: h:","0"
"16:01:44","run","\\tanghaiyong\physicaldisk(2)\disk read bytes/sec","2","952609182.3126"
"16:01:44","run","\\tanghaiyong\physicaldisk(0 c: d:)\avg. disk bytes/read","0 c: d:","13568"
"16:01:44","run","\\tanghaiyong\physicaldisk(1 e: f: g: h:)\avg. disk bytes/read","1 e: f: g: h:","0"
"16:01:44","run","\\tanghaiyong\physicaldisk(2)\avg. disk bytes/read","2","1286187.9839"
"16:01:44","run","\\tanghaiyong\physicaldisk(0 c: d:)\disk reads/sec","0 c: d:","3.9766"
"16:01:44","run","\\tanghaiyong\physicaldisk(1 e: f: g: h:)\disk reads/sec","1 e: f: g: h:","0"
"16:01:44","run","\\tanghaiyong\physicaldisk(2)\disk reads/sec","2","740.6454"
"16:01:46","run","\\tanghaiyong\physicaldisk(0 c: d:)\% idle time","0 c: d:","99.9675"
"16:01:46","run","\\tanghaiyong\physicaldisk(1 e: f: g: h:)\% idle time","1 e: f: g: h:","100.023"
"16:01:46","run","\\tanghaiyong\physicaldisk(2)\% idle time","2","12.9403"
"16:01:46","run","\\tanghaiyong\physicaldisk(0 c: d:)\avg. disk sec/read","0 c: d:","0.0002"
"16:01:46","run","\\tanghaiyong\physicaldisk(1 e: f: g: h:)\avg. disk sec/read","1 e: f: g: h:","0"
"16:01:46","run","\\tanghaiyong\physicaldisk(2)\avg. disk sec/read","2","0.389"
"16:01:46","run","\\tanghaiyong\physicaldisk(0 c: d:)\avg. disk sec/transfer","0 c: d:","0.0001"
"16:01:46","run","\\tanghaiyong\physicaldisk(1 e: f: g: h:)\avg. disk sec/transfer","1 e: f: g: h:","0"
"16:01:46","run","\\tanghaiyong\physicaldisk(2)\avg. disk sec/transfer","2","0.389"
"16:01:46","run","\\tanghaiyong\physicaldisk(0 c: d:)\current disk queue length","0 c: d:","0"
"16:01:46","run","\\tanghaiyong\physicaldisk(1 e: f: g: h:)\current disk queue length","1 e: f: g: h:","0"
"16:01:46","run","\\tanghaiyong\physicaldisk(2)\current disk queue length","2","135"
"16:01:46","run","\\tanghaiyong\physicaldisk(0 c: d:)\avg. disk queue length","0 c: d:","0.0006"
"16:01:46","run","\\tanghaiyong\physicaldisk(1 e: f: g: h:)\avg. disk queue length","1 e: f: g: h:","0"
"16:01:46","run","\\tanghaiyong\physicaldisk(2)\avg. disk queue length","2","304.9211"
"16:01:46","run","\\tanghaiyong\physicaldisk(0 c: d:)\disk read bytes/sec","0 c: d:","16330.1334"
"16:01:46","run","\\tanghaiyong\physicaldisk(1 e: f: g: h:)\disk read bytes/sec","1 e: f: g: h:","0"
"16:01:46","run","\\tanghaiyong\physicaldisk(2)\disk read bytes/sec","2","987968989.4913"
"16:01:46","run","\\tanghaiyong\physicaldisk(0 c: d:)\avg. disk bytes/read","0 c: d:","16384"
"16:01:46","run","\\tanghaiyong\physicaldisk(1 e: f: g: h:)\avg. disk bytes/read","1 e: f: g: h:","0"
"16:01:46","run","\\tanghaiyong\physicaldisk(2)\avg. disk bytes/read","2","1259501.784"
"16:01:46","run","\\tanghaiyong\physicaldisk(0 c: d:)\disk reads/sec","0 c: d:","0.9967"
"16:01:46","run","\\tanghaiyong\physicaldisk(1 e: f: g: h:)\disk reads/sec","1 e: f: g: h:","0"
"16:01:46","run","\\tanghaiyong\physicaldisk(2)\disk reads/sec","2","784.4125"
"16:01:48","run","\\tanghaiyong\physicaldisk(0 c: d:)\% idle time","0 c: d:","99.9123"
"16:01:48","run","\\tanghaiyong\physicaldisk(1 e: f: g: h:)\% idle time","1 e: f: g: h:","99.8871"
"16:01:48","run","\\tanghaiyong\physicaldisk(2)\% idle time","2","16.612"
"16:01:48","run","\\tanghaiyong\physicaldisk(0 c: d:)\avg. disk sec/read","0 c: d:","0.0001"
"16:01:48","run","\\tanghaiyong\physicaldisk(1 e: f: g: h:)\avg. disk sec/read","1 e: f: g: h:","0"
"16:01:48","run","\\tanghaiyong\physicaldisk(2)\avg. disk sec/read","2","0.3443"
"16:01:48","run","\\tanghaiyong\physicaldisk(0 c: d:)\avg. disk sec/transfer","0 c: d:","0.0001"
"16:01:48","run","\\tanghaiyong\physicaldisk(1 e: f: g: h:)\avg. disk sec/transfer","1 e: f: g: h:","0.0006"
"16:01:48","run","\\tanghaiyong\physicaldisk(2)\avg. disk sec/transfer","2","0.3443"
"16:01:48","run","\\tanghaiyong\physicaldisk(0 c: d:)\current disk queue length","0 c: d:","0"
"16:01:48","run","\\tanghaiyong\physicaldisk(1 e: f: g: h:)\current disk queue length","1 e: f: g: h:","0"
"16:01:48","run","\\tanghaiyong\physicaldisk(2)\current disk queue length","2","75"
"16:01:48","run","\\tanghaiyong\physicaldisk(0 c: d:)\avg. disk queue length","0 c: d:","0.0005"
"16:01:48","run","\\tanghaiyong\physicaldisk(1 e: f: g: h:)\avg. disk queue length","1 e: f: g: h:","0.0017"
"16:01:48","run","\\tanghaiyong\physicaldisk(2)\avg. disk queue length","2","252.6547"
"16:01:48","run","\\tanghaiyong\physicaldisk(0 c: d:)\disk read bytes/sec","0 c: d:","5093.117"
"16:01:48","run","\\tanghaiyong\physicaldisk(1 e: f: g: h:)\disk read bytes/sec","1 e: f: g: h:","0"
"16:01:48","run","\\tanghaiyong\physicaldisk(2)\disk read bytes/sec","2","942104410.2912"
"16:01:48","run","\\tanghaiyong\physicaldisk(0 c: d:)\avg. disk bytes/read","0 c: d:","1706.6667"
"16:01:48","run","\\tanghaiyong\physicaldisk(1 e: f: g: h:)\avg. disk bytes/read","1 e: f: g: h:","0"
"16:01:48","run","\\tanghaiyong\physicaldisk(2)\avg. disk bytes/read","2","1283302.3306"
"16:01:48","run","\\tanghaiyong\physicaldisk(0 c: d:)\disk reads/sec","0 c: d:","2.9842"
"16:01:48","run","\\tanghaiyong\physicaldisk(1 e: f: g: h:)\disk reads/sec","1 e: f: g: h:","0"
"16:01:48","run","\\tanghaiyong\physicaldisk(2)\disk reads/sec","2","734.1251"
"16:01:50","run","\\tanghaiyong\physicaldisk(0 c: d:)\% idle time","0 c: d:","99.8315"
"16:01:50","run","\\tanghaiyong\physicaldisk(1 e: f: g: h:)\% idle time","1 e: f: g: h:","99.9953"
"16:01:50","run","\\tanghaiyong\physicaldisk(2)\% idle time","2","10.5333"
"16:01:50","run","\\tanghaiyong\physicaldisk(0 c: d:)\avg. disk sec/read","0 c: d:","0.0003"
"16:01:50","run","\\tanghaiyong\physicaldisk(1 e: f: g: h:)\avg. disk sec/read","1 e: f: g: h:","0"
"16:01:50","run","\\tanghaiyong\physicaldisk(2)\avg. disk sec/read","2","0.3506"
"16:01:50","run","\\tanghaiyong\physicaldisk(0 c: d:)\avg. disk sec/transfer","0 c: d:","0.0001"
"16:01:50","run","\\tanghaiyong\physicaldisk(1 e: f: g: h:)\avg. disk sec/transfer","1 e: f: g: h:","0"
"16:01:50","run","\\tanghaiyong\physicaldisk(2)\avg. disk sec/transfer","2","0.3506"
"16:01:50","run","\\tanghaiyong\physicaldisk(0 c: d:)\current disk queue length","0 c: d:","0"
"16:01:50","run","\\tanghaiyong\physicaldisk(1 e: f: g: h:)\current disk queue length","1 e: f: g: h:","0"
"16:01:50","run","\\tanghaiyong\physicaldisk(2)\current disk queue length","2","252"
"16:01:50","run","\\tanghaiyong\physicaldisk(0 c: d:)\avg. disk queue length","0 c: d:","0.0016"
"16:01:50","run","\\tanghaiyong\physicaldisk(1 e: f: g: h:)\avg. disk queue length","1 e: f: g: h:","0"
"16:01:50","run","\\tanghaiyong\physicaldisk(2)\avg. disk queue length","2","273.9281"
"16:01:50","run","\\tanghaiyong\physicaldisk(0 c: d:)\disk read bytes/sec","0 c: d:","16286.1916"
"16:01:50","run","\\tanghaiyong\physicaldisk(1 e: f: g: h:)\disk read bytes/sec","1 e: f: g: h:","0"
"16:01:50","run","\\tanghaiyong\physicaldisk(2)\disk read bytes/sec","2","1001898009.3153"
"16:01:50","run","\\tanghaiyong\physicaldisk(0 c: d:)\avg. disk bytes/read","0 c: d:","16384"
"16:01:50","run","\\tanghaiyong\physicaldisk(1 e: f: g: h:)\avg. disk bytes/read","1 e: f: g: h:","0"
"16:01:50","run","\\tanghaiyong\physicaldisk(2)\avg. disk bytes/read","2","1282334.6158"
"16:01:50","run","\\tanghaiyong\physicaldisk(0 c: d:)\disk reads/sec","0 c: d:","0.994"
"16:01:50","run","\\tanghaiyong\physicaldisk(1 e: f: g: h:)\disk reads/sec","1 e: f: g: h:","0"
"16:01:50","run","\\tanghaiyong\physicaldisk(2)\disk reads/sec","2","781.3078"
"16:01:52","run","\\tanghaiyong\physicaldisk(0 c: d:)\% idle time","0 c: d:","98.7847"
"16:01:52","run","\\tanghaiyong\physicaldisk(1 e: f: g: h:)\% idle time","1 e: f: g: h:","100.0127"
"16:01:52","run","\\tanghaiyong\physicaldisk(2)\% idle time","2","12.7422"
"16:01:52","run","\\tanghaiyong\physicaldisk(0 c: d:)\avg. disk sec/read","0 c: d:","0.0002"
"16:01:52","run","\\tanghaiyong\physicaldisk(1 e: f: g: h:)\avg. disk sec/read","1 e: f: g: h:","0"
"16:01:52","run","\\tanghaiyong\physicaldisk(2)\avg. disk sec/read","2","0.4009"
"16:01:52","run","\\tanghaiyong\physicaldisk(0 c: d:)\avg. disk sec/transfer","0 c: d:","0.0002"
"16:01:52","run","\\tanghaiyong\physicaldisk(1 e: f: g: h:)\avg. disk sec/transfer","1 e: f: g: h:","0"
"16:01:52","run","\\tanghaiyong\physicaldisk(2)\avg. disk sec/transfer","2","0.4009"
"16:01:52","run","\\tanghaiyong\physicaldisk(0 c: d:)\current disk queue length","0 c: d:","0"
"16:01:52","run","\\tanghaiyong\physicaldisk(1 e: f: g: h:)\current disk queue length","1 e: f: g: h:","0"
"16:01:52","run","\\tanghaiyong\physicaldisk(2)\current disk queue length","2","53"
"16:01:52","run","\\tanghaiyong\physicaldisk(0 c: d:)\avg. disk queue length","0 c: d:","0.0107"
"16:01:52","run","\\tanghaiyong\physicaldisk(1 e: f: g: h:)\avg. disk queue length","1 e: f: g: h:","0"
"16:01:52","run","\\tanghaiyong\physicaldisk(2)\avg. disk queue length","2","315.8381"
"16:01:52","run","\\tanghaiyong\physicaldisk(0 c: d:)\disk read bytes/sec","0 c: d:","376971.0107"
"16:01:52","run","\\tanghaiyong\physicaldisk(1 e: f: g: h:)\disk read bytes/sec","1 e: f: g: h:","0"
"16:01:52","run","\\tanghaiyong\physicaldisk(2)\disk read bytes/sec","2","1006082932.6723"
"16:01:52","run","\\tanghaiyong\physicaldisk(0 c: d:)\avg. disk bytes/read","0 c: d:","9523.2"
"16:01:52","run","\\tanghaiyong\physicaldisk(1 e: f: g: h:)\avg. disk bytes/read","1 e: f: g: h:","0"
"16:01:52","run","\\tanghaiyong\physicaldisk(2)\avg. disk bytes/read","2","1277190.4322"
"16:01:52","run","\\tanghaiyong\physicaldisk(0 c: d:)\disk reads/sec","0 c: d:","39.5845"
"16:01:52","run","\\tanghaiyong\physicaldisk(1 e: f: g: h:)\disk reads/sec","1 e: f: g: h:","0"
"16:01:52","run","\\tanghaiyong\physicaldisk(2)\disk reads/sec","2","787.7313"
"16:01:54","run","\\tanghaiyong\physicaldisk(0 c: d:)\% idle time","0 c: d:","99.7523"
"16:01:54","run","\\tanghaiyong\physicaldisk(1 e: f: g: h:)\% idle time","1 e: f: g: h:","68.4994"
"16:01:54","run","\\tanghaiyong\physicaldisk(2)\% idle time","2","14.6075"
"16:01:54","run","\\tanghaiyong\physicaldisk(0 c: d:)\avg. disk sec/read","0 c: d:","0.0003"
"16:01:54","run","\\tanghaiyong\physicaldisk(1 e: f: g: h:)\avg. disk sec/read","1 e: f: g: h:","0"
"16:01:54","run","\\tanghaiyong\physicaldisk(2)\avg. disk sec/read","2","0.2263"
"16:01:54","run","\\tanghaiyong\physicaldisk(0 c: d:)\avg. disk sec/transfer","0 c: d:","0.0001"
"16:01:54","run","\\tanghaiyong\physicaldisk(1 e: f: g: h:)\avg. disk sec/transfer","1 e: f: g: h:","0"
"16:01:54","run","\\tanghaiyong\physicaldisk(2)\avg. disk sec/transfer","2","0.2263"
"16:01:54","run","\\tanghaiyong\physicaldisk(0 c: d:)\current disk queue length","0 c: d:","0"
"16:01:54","run","\\tanghaiyong\physicaldisk(1 e: f: g: h:)\current disk queue length","1 e: f: g: h:","1"
"16:01:54","run","\\tanghaiyong\physicaldisk(2)\current disk queue length","2","200"
"16:01:54","run","\\tanghaiyong\physicaldisk(0 c: d:)\avg. disk queue length","0 c: d:","0.0013"
"16:01:54","run","\\tanghaiyong\physicaldisk(1 e: f: g: h:)\avg. disk queue length","1 e: f: g: h:","0"
"16:01:54","run","\\tanghaiyong\physicaldisk(2)\avg. disk queue length","2","169.332"
"16:01:54","run","\\tanghaiyong\physicaldisk(0 c: d:)\disk read bytes/sec","0 c: d:","52930.1439"
"16:01:54","run","\\tanghaiyong\physicaldisk(1 e: f: g: h:)\disk read bytes/sec","1 e: f: g: h:","0"
"16:01:54","run","\\tanghaiyong\physicaldisk(2)\disk read bytes/sec","2","929380038.9899"
"16:01:54","run","\\tanghaiyong\physicaldisk(0 c: d:)\avg. disk bytes/read","0 c: d:","26624"
"16:01:54","run","\\tanghaiyong\physicaldisk(1 e: f: g: h:)\avg. disk bytes/read","1 e: f: g: h:","0"
"16:01:54","run","\\tanghaiyong\physicaldisk(2)\avg. disk bytes/read","2","1241648.2762"
"16:01:54","run","\\tanghaiyong\physicaldisk(0 c: d:)\disk reads/sec","0 c: d:","1.9881"
"16:01:54","run","\\tanghaiyong\physicaldisk(1 e: f: g: h:)\disk reads/sec","1 e: f: g: h:","0"
"16:01:54","run","\\tanghaiyong\physicaldisk(2)\disk reads/sec","2","748.5051"
"16:01:56","run","\\tanghaiyong\physicaldisk(0 c: d:)\% idle time","0 c: d:","99.088"
"16:01:56","run","\\tanghaiyong\physicaldisk(1 e: f: g: h:)\% idle time","1 e: f: g: h:","99.9795"
"16:01:56","run","\\tanghaiyong\physicaldisk(2)\% idle time","2","11.8412"
"16:01:56","run","\\tanghaiyong\physicaldisk(0 c: d:)\avg. disk sec/read","0 c: d:","0.0002"
"16:01:56","run","\\tanghaiyong\physicaldisk(1 e: f: g: h:)\avg. disk sec/read","1 e: f: g: h:","0"
"16:01:56","run","\\tanghaiyong\physicaldisk(2)\avg. disk sec/read","2","0.3672"
"16:01:56","run","\\tanghaiyong\physicaldisk(0 c: d:)\avg. disk sec/transfer","0 c: d:","0.0002"
"16:01:56","run","\\tanghaiyong\physicaldisk(1 e: f: g: h:)\avg. disk sec/transfer","1 e: f: g: h:","0"
"16:01:56","run","\\tanghaiyong\physicaldisk(2)\avg. disk sec/transfer","2","0.3672"
"16:01:56","run","\\tanghaiyong\physicaldisk(0 c: d:)\current disk queue length","0 c: d:","0"
"16:01:56","run","\\tanghaiyong\physicaldisk(1 e: f: g: h:)\current disk queue length","1 e: f: g: h:","0"
"16:01:56","run","\\tanghaiyong\physicaldisk(2)\current disk queue length","2","65"
"16:01:56","run","\\tanghaiyong\physicaldisk(0 c: d:)\avg. disk queue length","0 c: d:","0.0085"
"16:01:56","run","\\tanghaiyong\physicaldisk(1 e: f: g: h:)\avg. disk queue length","1 e: f: g: h:","0"
"16:01:56","run","\\tanghaiyong\physicaldisk(2)\avg. disk queue length","2","280.6735"
"16:01:56","run","\\tanghaiyong\physicaldisk(0 c: d:)\disk read bytes/sec","0 c: d:","725792.828"
"16:01:56","run","\\tanghaiyong\physicaldisk(1 e: f: g: h:)\disk read bytes/sec","1 e: f: g: h:","0"
"16:01:56","run","\\tanghaiyong\physicaldisk(2)\disk read bytes/sec","2","980729597.5541"
"16:01:56","run","\\tanghaiyong\physicaldisk(0 c: d:)\avg. disk bytes/read","0 c: d:","19705.0811"
"16:01:56","run","\\tanghaiyong\physicaldisk(1 e: f: g: h:)\avg. disk bytes/read","1 e: f: g: h:","0"
"16:01:56","run","\\tanghaiyong\physicaldisk(2)\avg. disk bytes/read","2","1282789.3333"
"16:01:56","run","\\tanghaiyong\physicaldisk(0 c: d:)\disk reads/sec","0 c: d:","36.8328"
"16:01:56","run","\\tanghaiyong\physicaldisk(1 e: f: g: h:)\disk reads/sec","1 e: f: g: h:","0"
"16:01:56","run","\\tanghaiyong\physicaldisk(2)\disk reads/sec","2","764.529"
"16:01:58","run","\\tanghaiyong\physicaldisk(0 c: d:)\% idle time","0 c: d:","99.4726"
"16:01:58","run","\\tanghaiyong\physicaldisk(1 e: f: g: h:)\% idle time","1 e: f: g: h:","99.9918"
"16:01:58","run","\\tanghaiyong\physicaldisk(2)\% idle time","2","22.8881"
"16:01:58","run","\\tanghaiyong\physicaldisk(0 c: d:)\avg. disk sec/read","0 c: d:","0.0002"
"16:01:58","run","\\tanghaiyong\physicaldisk(1 e: f: g: h:)\avg. disk sec/read","1 e: f: g: h:","0"
"16:01:58","run","\\tanghaiyong\physicaldisk(2)\avg. disk sec/read","2","0.3544"
"16:01:58","run","\\tanghaiyong\physicaldisk(0 c: d:)\avg. disk sec/transfer","0 c: d:","0.0001"
"16:01:58","run","\\tanghaiyong\physicaldisk(1 e: f: g: h:)\avg. disk sec/transfer","1 e: f: g: h:","0"
"16:01:58","run","\\tanghaiyong\physicaldisk(2)\avg. disk sec/transfer","2","0.3544"
"16:01:58","run","\\tanghaiyong\physicaldisk(0 c: d:)\current disk queue length","0 c: d:","0"
"16:01:58","run","\\tanghaiyong\physicaldisk(1 e: f: g: h:)\current disk queue length","1 e: f: g: h:","0"
"16:01:58","run","\\tanghaiyong\physicaldisk(2)\current disk queue length","2","81"
"16:01:58","run","\\tanghaiyong\physicaldisk(0 c: d:)\avg. disk queue length","0 c: d:","0.0048"
"16:01:58","run","\\tanghaiyong\physicaldisk(1 e: f: g: h:)\avg. disk queue length","1 e: f: g: h:","0"
"16:01:58","run","\\tanghaiyong\physicaldisk(2)\avg. disk queue length","2","241.8337"
"16:01:58","run","\\tanghaiyong\physicaldisk(0 c: d:)\disk read bytes/sec","0 c: d:","119357.8062"
"16:01:58","run","\\tanghaiyong\physicaldisk(1 e: f: g: h:)\disk read bytes/sec","1 e: f: g: h:","0"
"16:01:58","run","\\tanghaiyong\physicaldisk(2)\disk read bytes/sec","2","874809067.1605"
"16:01:58","run","\\tanghaiyong\physicaldisk(0 c: d:)\avg. disk bytes/read","0 c: d:","11980.8"
"16:01:58","run","\\tanghaiyong\physicaldisk(1 e: f: g: h:)\avg. disk bytes/read","1 e: f: g: h:","0"
"16:01:58","run","\\tanghaiyong\physicaldisk(2)\avg. disk bytes/read","2","1281910.4701"
"16:01:58","run","\\tanghaiyong\physicaldisk(0 c: d:)\disk reads/sec","0 c: d:","9.9624"
"16:01:58","run","\\tanghaiyong\physicaldisk(1 e: f: g: h:)\disk reads/sec","1 e: f: g: h:","0"
"16:01:58","run","\\tanghaiyong\physicaldisk(2)\disk reads/sec","2","682.426"
"16:02:00","run","\\tanghaiyong\physicaldisk(0 c: d:)\% idle time","0 c: d:","99.9654"
"16:02:00","run","\\tanghaiyong\physicaldisk(1 e: f: g: h:)\% idle time","1 e: f: g: h:","99.9916"
"16:02:00","run","\\tanghaiyong\physicaldisk(2)\% idle time","2","13.0709"
"16:02:00","run","\\tanghaiyong\physicaldisk(0 c: d:)\avg. disk sec/read","0 c: d:","0.0003"
"16:02:00","run","\\tanghaiyong\physicaldisk(1 e: f: g: h:)\avg. disk sec/read","1 e: f: g: h:","0"
"16:02:00","run","\\tanghaiyong\physicaldisk(2)\avg. disk sec/read","2","0.3437"
"16:02:00","run","\\tanghaiyong\physicaldisk(0 c: d:)\avg. disk sec/transfer","0 c: d:","0.0003"
"16:02:00","run","\\tanghaiyong\physicaldisk(1 e: f: g: h:)\avg. disk sec/transfer","1 e: f: g: h:","0"
"16:02:00","run","\\tanghaiyong\physicaldisk(2)\avg. disk sec/transfer","2","0.3437"
"16:02:00","run","\\tanghaiyong\physicaldisk(0 c: d:)\current disk queue length","0 c: d:","0"
"16:02:00","run","\\tanghaiyong\physicaldisk(1 e: f: g: h:)\current disk queue length","1 e: f: g: h:","0"
"16:02:00","run","\\tanghaiyong\physicaldisk(2)\current disk queue length","2","4"
"16:02:00","run","\\tanghaiyong\physicaldisk(0 c: d:)\avg. disk queue length","0 c: d:","0.0003"
"16:02:00","run","\\tanghaiyong\physicaldisk(1 e: f: g: h:)\avg. disk queue length","1 e: f: g: h:","0"
"16:02:00","run","\\tanghaiyong\physicaldisk(2)\avg. disk queue length","2","259.0941"
"16:02:00","run","\\tanghaiyong\physicaldisk(0 c: d:)\disk read bytes/sec","0 c: d:","8170.1555"
"16:02:00","run","\\tanghaiyong\physicaldisk(1 e: f: g: h:)\disk read bytes/sec","1 e: f: g: h:","0"
"16:02:00","run","\\tanghaiyong\physicaldisk(2)\disk read bytes/sec","2","969090734.1042"
"16:02:00","run","\\tanghaiyong\physicaldisk(0 c: d:)\avg. disk bytes/read","0 c: d:","8192"
"16:02:00","run","\\tanghaiyong\physicaldisk(1 e: f: g: h:)\avg. disk bytes/read","1 e: f: g: h:","0"
"16:02:00","run","\\tanghaiyong\physicaldisk(2)\avg. disk bytes/read","2","1285293.3757"
"16:02:00","run","\\tanghaiyong\physicaldisk(0 c: d:)\disk reads/sec","0 c: d:","0.9973"
"16:02:00","run","\\tanghaiyong\physicaldisk(1 e: f: g: h:)\disk reads/sec","1 e: f: g: h:","0"
"16:02:00","run","\\tanghaiyong\physicaldisk(2)\disk reads/sec","2","753.9841"
"16:02:02","run","\\tanghaiyong\physicaldisk(0 c: d:)\% idle time","0 c: d:","99.8757"
"16:02:02","run","\\tanghaiyong\physicaldisk(1 e: f: g: h:)\% idle time","1 e: f: g: h:","99.9891"
"16:02:02","run","\\tanghaiyong\physicaldisk(2)\% idle time","2","15.2268"
"16:02:02","run","\\tanghaiyong\physicaldisk(0 c: d:)\avg. disk sec/read","0 c: d:","0"
"16:02:02","run","\\tanghaiyong\physicaldisk(1 e: f: g: h:)\avg. disk sec/read","1 e: f: g: h:","0"
"16:02:02","run","\\tanghaiyong\physicaldisk(2)\avg. disk sec/read","2","0.3901"
"16:02:02","run","\\tanghaiyong\physicaldisk(0 c: d:)\avg. disk sec/transfer","0 c: d:","0.0001"
"16:02:02","run","\\tanghaiyong\physicaldisk(1 e: f: g: h:)\avg. disk sec/transfer","1 e: f: g: h:","0"
"16:02:02","run","\\tanghaiyong\physicaldisk(2)\avg. disk sec/transfer","2","0.3901"
"16:02:02","run","\\tanghaiyong\physicaldisk(0 c: d:)\current disk queue length","0 c: d:","0"
"16:02:02","run","\\tanghaiyong\physicaldisk(1 e: f: g: h:)\current disk queue length","1 e: f: g: h:","0"
"16:02:02","run","\\tanghaiyong\physicaldisk(2)\current disk queue length","2","0"
"16:02:02","run","\\tanghaiyong\physicaldisk(0 c: d:)\avg. disk queue length","0 c: d:","0.0003"
"16:02:02","run","\\tanghaiyong\physicaldisk(1 e: f: g: h:)\avg. disk queue length","1 e: f: g: h:","0"
"16:02:02","run","\\tanghaiyong\physicaldisk(2)\avg. disk queue length","2","303.1849"
"16:02:02","run","\\tanghaiyong\physicaldisk(0 c: d:)\disk read bytes/sec","0 c: d:","0"
"16:02:02","run","\\tanghaiyong\physicaldisk(1 e: f: g: h:)\disk read bytes/sec","1 e: f: g: h:","0"
"16:02:02","run","\\tanghaiyong\physicaldisk(2)\disk read bytes/sec","2","989084556.0193"
"16:02:02","run","\\tanghaiyong\physicaldisk(0 c: d:)\avg. disk bytes/read","0 c: d:","0"
"16:02:02","run","\\tanghaiyong\physicaldisk(1 e: f: g: h:)\avg. disk bytes/read","1 e: f: g: h:","0"
"16:02:02","run","\\tanghaiyong\physicaldisk(2)\avg. disk bytes/read","2","1272308.8553"
"16:02:02","run","\\tanghaiyong\physicaldisk(0 c: d:)\disk reads/sec","0 c: d:","0"
"16:02:02","run","\\tanghaiyong\physicaldisk(1 e: f: g: h:)\disk reads/sec","1 e: f: g: h:","0"
"16:02:02","run","\\tanghaiyong\physicaldisk(2)\disk reads/sec","2","777.3934"
"16:02:04","run","\\tanghaiyong\physicaldisk(0 c: d:)\% idle time","0 c: d:","99.7181"
"16:02:04","run","\\tanghaiyong\physicaldisk(1 e: f: g: h:)\% idle time","1 e: f: g: h:","99.9539"
"16:02:04","run","\\tanghaiyong\physicaldisk(2)\% idle time","2","10.5274"
"16:02:04","run","\\tanghaiyong\physicaldisk(0 c: d:)\avg. disk sec/read","0 c: d:","0.0007"
"16:02:04","run","\\tanghaiyong\physicaldisk(1 e: f: g: h:)\avg. disk sec/read","1 e: f: g: h:","0"
"16:02:04","run","\\tanghaiyong\physicaldisk(2)\avg. disk sec/read","2","0.3021"
"16:02:04","run","\\tanghaiyong\physicaldisk(0 c: d:)\avg. disk sec/transfer","0 c: d:","0.0001"
"16:02:04","run","\\tanghaiyong\physicaldisk(1 e: f: g: h:)\avg. disk sec/transfer","1 e: f: g: h:","0"
"16:02:04","run","\\tanghaiyong\physicaldisk(2)\avg. disk sec/transfer","2","0.3021"
"16:02:04","run","\\tanghaiyong\physicaldisk(0 c: d:)\current disk queue length","0 c: d:","0"
"16:02:04","run","\\tanghaiyong\physicaldisk(1 e: f: g: h:)\current disk queue length","1 e: f: g: h:","0"
"16:02:04","run","\\tanghaiyong\physicaldisk(2)\current disk queue length","2","105"
"16:02:04","run","\\tanghaiyong\physicaldisk(0 c: d:)\avg. disk queue length","0 c: d:","0.0016"
"16:02:04","run","\\tanghaiyong\physicaldisk(1 e: f: g: h:)\avg. disk queue length","1 e: f: g: h:","0"
"16:02:04","run","\\tanghaiyong\physicaldisk(2)\avg. disk queue length","2","158.1515"
"16:02:04","run","\\tanghaiyong\physicaldisk(0 c: d:)\disk read bytes/sec","0 c: d:","97896.1451"
"16:02:04","run","\\tanghaiyong\physicaldisk(1 e: f: g: h:)\disk read bytes/sec","1 e: f: g: h:","0"
"16:02:04","run","\\tanghaiyong\physicaldisk(2)\disk read bytes/sec","2","658571841.9919"
"16:02:04","run","\\tanghaiyong\physicaldisk(0 c: d:)\avg. disk bytes/read","0 c: d:","98304"
"16:02:04","run","\\tanghaiyong\physicaldisk(1 e: f: g: h:)\avg. disk bytes/read","1 e: f: g: h:","0"
"16:02:04","run","\\tanghaiyong\physicaldisk(2)\avg. disk bytes/read","2","1257253.962"
"16:02:04","run","\\tanghaiyong\physicaldisk(0 c: d:)\disk reads/sec","0 c: d:","0.9959"
"16:02:04","run","\\tanghaiyong\physicaldisk(1 e: f: g: h:)\disk reads/sec","1 e: f: g: h:","0"
"16:02:04","run","\\tanghaiyong\physicaldisk(2)\disk reads/sec","2","523.8177"
"16:02:06","run","\\tanghaiyong\physicaldisk(0 c: d:)\% idle time","0 c: d:","99.4422"
"16:02:06","run","\\tanghaiyong\physicaldisk(1 e: f: g: h:)\% idle time","1 e: f: g: h:","100.0172"
"16:02:06","run","\\tanghaiyong\physicaldisk(2)\% idle time","2","11.3101"
"16:02:06","run","\\tanghaiyong\physicaldisk(0 c: d:)\avg. disk sec/read","0 c: d:","0.0003"
"16:02:06","run","\\tanghaiyong\physicaldisk(1 e: f: g: h:)\avg. disk sec/read","1 e: f: g: h:","0"
"16:02:06","run","\\tanghaiyong\physicaldisk(2)\avg. disk sec/read","2","0.3632"
"16:02:06","run","\\tanghaiyong\physicaldisk(0 c: d:)\avg. disk sec/transfer","0 c: d:","0.0001"
"16:02:06","run","\\tanghaiyong\physicaldisk(1 e: f: g: h:)\avg. disk sec/transfer","1 e: f: g: h:","0"
"16:02:06","run","\\tanghaiyong\physicaldisk(2)\avg. disk sec/transfer","2","0.3632"
"16:02:06","run","\\tanghaiyong\physicaldisk(0 c: d:)\current disk queue length","0 c: d:","0"
"16:02:06","run","\\tanghaiyong\physicaldisk(1 e: f: g: h:)\current disk queue length","1 e: f: g: h:","0"
"16:02:06","run","\\tanghaiyong\physicaldisk(2)\current disk queue length","2","212"
"16:02:06","run","\\tanghaiyong\physicaldisk(0 c: d:)\avg. disk queue length","0 c: d:","0.0043"
"16:02:06","run","\\tanghaiyong\physicaldisk(1 e: f: g: h:)\avg. disk queue length","1 e: f: g: h:","0"
"16:02:06","run","\\tanghaiyong\physicaldisk(2)\avg. disk queue length","2","284.5823"
"16:02:06","run","\\tanghaiyong\physicaldisk(0 c: d:)\disk read bytes/sec","0 c: d:","32690.9474"
"16:02:06","run","\\tanghaiyong\physicaldisk(1 e: f: g: h:)\disk read bytes/sec","1 e: f: g: h:","0"
"16:02:06","run","\\tanghaiyong\physicaldisk(2)\disk read bytes/sec","2","987842790.5427"
"16:02:06","run","\\tanghaiyong\physicaldisk(0 c: d:)\avg. disk bytes/read","0 c: d:","16384"
"16:02:06","run","\\tanghaiyong\physicaldisk(1 e: f: g: h:)\avg. disk bytes/read","1 e: f: g: h:","0"
"16:02:06","run","\\tanghaiyong\physicaldisk(2)\avg. disk bytes/read","2","1259759.715"
"16:02:06","run","\\tanghaiyong\physicaldisk(0 c: d:)\disk reads/sec","0 c: d:","1.9953"
"16:02:06","run","\\tanghaiyong\physicaldisk(1 e: f: g: h:)\disk reads/sec","1 e: f: g: h:","0"
"16:02:06","run","\\tanghaiyong\physicaldisk(2)\disk reads/sec","2","784.1518"
"16:02:08","run","\\tanghaiyong\physicaldisk(0 c: d:)\% idle time","0 c: d:","99.5077"
"16:02:08","run","\\tanghaiyong\physicaldisk(1 e: f: g: h:)\% idle time","1 e: f: g: h:","99.98"
"16:02:08","run","\\tanghaiyong\physicaldisk(2)\% idle time","2","11.7216"
"16:02:08","run","\\tanghaiyong\physicaldisk(0 c: d:)\avg. disk sec/read","0 c: d:","0.0001"
"16:02:08","run","\\tanghaiyong\physicaldisk(1 e: f: g: h:)\avg. disk sec/read","1 e: f: g: h:","0"
"16:02:08","run","\\tanghaiyong\physicaldisk(2)\avg. disk sec/read","2","0.3489"
"16:02:08","run","\\tanghaiyong\physicaldisk(0 c: d:)\avg. disk sec/transfer","0 c: d:","0.0003"
"16:02:08","run","\\tanghaiyong\physicaldisk(1 e: f: g: h:)\avg. disk sec/transfer","1 e: f: g: h:","0"
"16:02:08","run","\\tanghaiyong\physicaldisk(2)\avg. disk sec/transfer","2","0.3489"
"16:02:08","run","\\tanghaiyong\physicaldisk(0 c: d:)\current disk queue length","0 c: d:","0"
"16:02:08","run","\\tanghaiyong\physicaldisk(1 e: f: g: h:)\current disk queue length","1 e: f: g: h:","0"
"16:02:08","run","\\tanghaiyong\physicaldisk(2)\current disk queue length","2","37"
"16:02:08","run","\\tanghaiyong\physicaldisk(0 c: d:)\avg. disk queue length","0 c: d:","0.0049"
"16:02:08","run","\\tanghaiyong\physicaldisk(1 e: f: g: h:)\avg. disk queue length","1 e: f: g: h:","0"
"16:02:08","run","\\tanghaiyong\physicaldisk(2)\avg. disk queue length","2","286.8263"
"16:02:08","run","\\tanghaiyong\physicaldisk(0 c: d:)\disk read bytes/sec","0 c: d:","5084.0931"
"16:02:08","run","\\tanghaiyong\physicaldisk(1 e: f: g: h:)\disk read bytes/sec","1 e: f: g: h:","0"
"16:02:08","run","\\tanghaiyong\physicaldisk(2)\disk read bytes/sec","2","1043060671.7001"
"16:02:08","run","\\tanghaiyong\physicaldisk(0 c: d:)\avg. disk bytes/read","0 c: d:","1706.6667"
"16:02:08","run","\\tanghaiyong\physicaldisk(1 e: f: g: h:)\avg. disk bytes/read","1 e: f: g: h:","0"
"16:02:08","run","\\tanghaiyong\physicaldisk(2)\avg. disk bytes/read","2","1268632.1159"
"16:02:08","run","\\tanghaiyong\physicaldisk(0 c: d:)\disk reads/sec","0 c: d:","2.979"
"16:02:08","run","\\tanghaiyong\physicaldisk(1 e: f: g: h:)\disk reads/sec","1 e: f: g: h:","0"
"16:02:08","run","\\tanghaiyong\physicaldisk(2)\disk reads/sec","2","822.1932"
"16:02:10","run","\\tanghaiyong\physicaldisk(0 c: d:)\% idle time","0 c: d:","99.929"
"16:02:10","run","\\tanghaiyong\physicaldisk(1 e: f: g: h:)\% idle time","1 e: f: g: h:","99.9844"
"16:02:10","run","\\tanghaiyong\physicaldisk(2)\% idle time","2","16.4862"
"16:02:10","run","\\tanghaiyong\physicaldisk(0 c: d:)\avg. disk sec/read","0 c: d:","0.0003"
"16:02:10","run","\\tanghaiyong\physicaldisk(1 e: f: g: h:)\avg. disk sec/read","1 e: f: g: h:","0"
"16:02:10","run","\\tanghaiyong\physicaldisk(2)\avg. disk sec/read","2","0.336"
"16:02:10","run","\\tanghaiyong\physicaldisk(0 c: d:)\avg. disk sec/transfer","0 c: d:","0.0001"
"16:02:10","run","\\tanghaiyong\physicaldisk(1 e: f: g: h:)\avg. disk sec/transfer","1 e: f: g: h:","0"
"16:02:10","run","\\tanghaiyong\physicaldisk(2)\avg. disk sec/transfer","2","0.336"
"16:02:10","run","\\tanghaiyong\physicaldisk(0 c: d:)\current disk queue length","0 c: d:","0"
"16:02:10","run","\\tanghaiyong\physicaldisk(1 e: f: g: h:)\current disk queue length","1 e: f: g: h:","0"
"16:02:10","run","\\tanghaiyong\physicaldisk(2)\current disk queue length","2","171"
"16:02:10","run","\\tanghaiyong\physicaldisk(0 c: d:)\avg. disk queue length","0 c: d:","0.0006"
"16:02:10","run","\\tanghaiyong\physicaldisk(1 e: f: g: h:)\avg. disk queue length","1 e: f: g: h:","0"
"16:02:10","run","\\tanghaiyong\physicaldisk(2)\avg. disk queue length","2","231.496"
"16:02:10","run","\\tanghaiyong\physicaldisk(0 c: d:)\disk read bytes/sec","0 c: d:","16316.6514"
"16:02:10","run","\\tanghaiyong\physicaldisk(1 e: f: g: h:)\disk read bytes/sec","1 e: f: g: h:","0"
"16:02:10","run","\\tanghaiyong\physicaldisk(2)\disk read bytes/sec","2","884248288.7633"
"16:02:10","run","\\tanghaiyong\physicaldisk(0 c: d:)\avg. disk bytes/read","0 c: d:","16384"
"16:02:10","run","\\tanghaiyong\physicaldisk(1 e: f: g: h:)\avg. disk bytes/read","1 e: f: g: h:","0"
"16:02:10","run","\\tanghaiyong\physicaldisk(2)\avg. disk bytes/read","2","1283089.7572"
"16:02:10","run","\\tanghaiyong\physicaldisk(0 c: d:)\disk reads/sec","0 c: d:","0.9959"
"16:02:10","run","\\tanghaiyong\physicaldisk(1 e: f: g: h:)\disk reads/sec","1 e: f: g: h:","0"
"16:02:10","run","\\tanghaiyong\physicaldisk(2)\disk reads/sec","2","689.1554"
"16:02:12","run","\\tanghaiyong\physicaldisk(0 c: d:)\% idle time","0 c: d:","99.7986"
"16:02:12","run","\\tanghaiyong\physicaldisk(1 e: f: g: h:)\% idle time","1 e: f: g: h:","99.9917"
"16:02:12","run","\\tanghaiyong\physicaldisk(2)\% idle time","2","66.7729"
"16:02:12","run","\\tanghaiyong\physicaldisk(0 c: d:)\avg. disk sec/read","0 c: d:","0.0001"
"16:02:12","run","\\tanghaiyong\physicaldisk(1 e: f: g: h:)\avg. disk sec/read","1 e: f: g: h:","0"
"16:02:12","run","\\tanghaiyong\physicaldisk(2)\avg. disk sec/read","2","0.2394"
"16:02:12","run","\\tanghaiyong\physicaldisk(0 c: d:)\avg. disk sec/transfer","0 c: d:","0.0001"
"16:02:12","run","\\tanghaiyong\physicaldisk(1 e: f: g: h:)\avg. disk sec/transfer","1 e: f: g: h:","0"
"16:02:12","run","\\tanghaiyong\physicaldisk(2)\avg. disk sec/transfer","2","0.2394"
"16:02:12","run","\\tanghaiyong\physicaldisk(0 c: d:)\current disk queue length","0 c: d:","0"
"16:02:12","run","\\tanghaiyong\physicaldisk(1 e: f: g: h:)\current disk queue length","1 e: f: g: h:","0"
"16:02:12","run","\\tanghaiyong\physicaldisk(2)\current disk queue length","2","0"
"16:02:12","run","\\tanghaiyong\physicaldisk(0 c: d:)\avg. disk queue length","0 c: d:","0.0011"
"16:02:12","run","\\tanghaiyong\physicaldisk(1 e: f: g: h:)\avg. disk queue length","1 e: f: g: h:","0"
"16:02:12","run","\\tanghaiyong\physicaldisk(2)\avg. disk queue length","2","79.2781"
"16:02:12","run","\\tanghaiyong\physicaldisk(0 c: d:)\disk read bytes/sec","0 c: d:","5550.095"
"16:02:12","run","\\tanghaiyong\physicaldisk(1 e: f: g: h:)\disk read bytes/sec","1 e: f: g: h:","0"
"16:02:12","run","\\tanghaiyong\physicaldisk(2)\disk read bytes/sec","2","400523112.2237"
"16:02:12","run","\\tanghaiyong\physicaldisk(0 c: d:)\avg. disk bytes/read","0 c: d:","1408"
"16:02:12","run","\\tanghaiyong\physicaldisk(1 e: f: g: h:)\avg. disk bytes/read","1 e: f: g: h:","0"
"16:02:12","run","\\tanghaiyong\physicaldisk(2)\avg. disk bytes/read","2","1209624.381"
"16:02:12","run","\\tanghaiyong\physicaldisk(0 c: d:)\disk reads/sec","0 c: d:","3.9418"
"16:02:12","run","\\tanghaiyong\physicaldisk(1 e: f: g: h:)\disk reads/sec","1 e: f: g: h:","0"
"16:02:12","run","\\tanghaiyong\physicaldisk(2)\disk reads/sec","2","331.1136"
"16:02:14","run","\\tanghaiyong\physicaldisk(0 c: d:)\% idle time","0 c: d:","99.7463"
"16:02:14","run","\\tanghaiyong\physicaldisk(1 e: f: g: h:)\% idle time","1 e: f: g: h:","99.9279"
"16:02:14","run","\\tanghaiyong\physicaldisk(2)\% idle time","2","99.9282"
"16:02:14","run","\\tanghaiyong\physicaldisk(0 c: d:)\avg. disk sec/read","0 c: d:","0.0002"
"16:02:14","run","\\tanghaiyong\physicaldisk(1 e: f: g: h:)\avg. disk sec/read","1 e: f: g: h:","0"
"16:02:14","run","\\tanghaiyong\physicaldisk(2)\avg. disk sec/read","2","0"
"16:02:14","run","\\tanghaiyong\physicaldisk(0 c: d:)\avg. disk sec/transfer","0 c: d:","0.0001"
"16:02:14","run","\\tanghaiyong\physicaldisk(1 e: f: g: h:)\avg. disk sec/transfer","1 e: f: g: h:","0"
"16:02:14","run","\\tanghaiyong\physicaldisk(2)\avg. disk sec/transfer","2","0"
"16:02:14","run","\\tanghaiyong\physicaldisk(0 c: d:)\current disk queue length","0 c: d:","0"
"16:02:14","run","\\tanghaiyong\physicaldisk(1 e: f: g: h:)\current disk queue length","1 e: f: g: h:","0"
"16:02:14","run","\\tanghaiyong\physicaldisk(2)\current disk queue length","2","0"
"16:02:14","run","\\tanghaiyong\physicaldisk(0 c: d:)\avg. disk queue length","0 c: d:","0.0008"
"16:02:14","run","\\tanghaiyong\physicaldisk(1 e: f: g: h:)\avg. disk queue length","1 e: f: g: h:","0"
"16:02:14","run","\\tanghaiyong\physicaldisk(2)\avg. disk queue length","2","0"
"16:02:14","run","\\tanghaiyong\physicaldisk(0 c: d:)\disk read bytes/sec","0 c: d:","16291.6735"
"16:02:14","run","\\tanghaiyong\physicaldisk(1 e: f: g: h:)\disk read bytes/sec","1 e: f: g: h:","0"
"16:02:14","run","\\tanghaiyong\physicaldisk(2)\disk read bytes/sec","2","0"
"16:02:14","run","\\tanghaiyong\physicaldisk(0 c: d:)\avg. disk bytes/read","0 c: d:","16384"
"16:02:14","run","\\tanghaiyong\physicaldisk(1 e: f: g: h:)\avg. disk bytes/read","1 e: f: g: h:","0"
"16:02:14","run","\\tanghaiyong\physicaldisk(2)\avg. disk bytes/read","2","0"
"16:02:14","run","\\tanghaiyong\physicaldisk(0 c: d:)\disk reads/sec","0 c: d:","0.9944"
"16:02:14","run","\\tanghaiyong\physicaldisk(1 e: f: g: h:)\disk reads/sec","1 e: f: g: h:","0"
"16:02:14","run","\\tanghaiyong\physicaldisk(2)\disk reads/sec","2","0"
"16:02:16","idle_after","\\tanghaiyong\physicaldisk(0 c: d:)\% idle time","0 c: d:","0"
"16:02:16","idle_after","\\tanghaiyong\physicaldisk(1 e: f: g: h:)\% idle time","1 e: f: g: h:","100.0074"
"16:02:16","idle_after","\\tanghaiyong\physicaldisk(2)\% idle time","2","100.0065"
"16:02:16","idle_after","\\tanghaiyong\physicaldisk(0 c: d:)\avg. disk sec/read","0 c: d:","0"
"16:02:16","idle_after","\\tanghaiyong\physicaldisk(1 e: f: g: h:)\avg. disk sec/read","1 e: f: g: h:","0"
"16:02:16","idle_after","\\tanghaiyong\physicaldisk(2)\avg. disk sec/read","2","0"
"16:02:16","idle_after","\\tanghaiyong\physicaldisk(0 c: d:)\avg. disk sec/transfer","0 c: d:","0.0041"
"16:02:16","idle_after","\\tanghaiyong\physicaldisk(1 e: f: g: h:)\avg. disk sec/transfer","1 e: f: g: h:","0"
"16:02:16","idle_after","\\tanghaiyong\physicaldisk(2)\avg. disk sec/transfer","2","0"
"16:02:16","idle_after","\\tanghaiyong\physicaldisk(0 c: d:)\current disk queue length","0 c: d:","1"
"16:02:16","idle_after","\\tanghaiyong\physicaldisk(1 e: f: g: h:)\current disk queue length","1 e: f: g: h:","0"
"16:02:16","idle_after","\\tanghaiyong\physicaldisk(2)\current disk queue length","2","0"
"16:02:16","idle_after","\\tanghaiyong\physicaldisk(0 c: d:)\avg. disk queue length","0 c: d:","1.9579"
"16:02:16","idle_after","\\tanghaiyong\physicaldisk(1 e: f: g: h:)\avg. disk queue length","1 e: f: g: h:","0"
"16:02:16","idle_after","\\tanghaiyong\physicaldisk(2)\avg. disk queue length","2","0"
"16:02:16","idle_after","\\tanghaiyong\physicaldisk(0 c: d:)\disk read bytes/sec","0 c: d:","0"
"16:02:16","idle_after","\\tanghaiyong\physicaldisk(1 e: f: g: h:)\disk read bytes/sec","1 e: f: g: h:","0"
"16:02:16","idle_after","\\tanghaiyong\physicaldisk(2)\disk read bytes/sec","2","0"
"16:02:16","idle_after","\\tanghaiyong\physicaldisk(0 c: d:)\avg. disk bytes/read","0 c: d:","0"
"16:02:16","idle_after","\\tanghaiyong\physicaldisk(1 e: f: g: h:)\avg. disk bytes/read","1 e: f: g: h:","0"
"16:02:16","idle_after","\\tanghaiyong\physicaldisk(2)\avg. disk bytes/read","2","0"
"16:02:16","idle_after","\\tanghaiyong\physicaldisk(0 c: d:)\disk reads/sec","0 c: d:","0"
"16:02:16","idle_after","\\tanghaiyong\physicaldisk(1 e: f: g: h:)\disk reads/sec","1 e: f: g: h:","0"
"16:02:16","idle_after","\\tanghaiyong\physicaldisk(2)\disk reads/sec","2","0"
