L2 auto: 209 GB free on /mnt/nvme -> L2 at 256 GB
k3 chip: 4 workers, 4 TFLOPS, 200 GB/s simulated wall
  L2 want=17547264 slot=17547264 nbytes=17547264 fd=O_DIRECT
  L2 want=17547264 slot=17547264 nbytes=17547264 fd=O_DIRECT
  L2 want=17547264 slot=17547264 nbytes=17547264 fd=O_DIRECT
  L2 want=17547264 slot=17547264 nbytes=17547264 fd=O_DIRECT
  L2 want=17547264 slot=17547264 nbytes=17547264 fd=O_DIRECT
  L2 want=17547264 slot=17547264 nbytes=17547264 fd=O_DIRECT
  L2 want=17547264 slot=17547264 nbytes=17547264 fd=O_DIRECT
  L2 want=17547264 slot=17547264 nbytes=17547264 fd=O_DIRECT
  L2 want=17547264 slot=17547264 nbytes=17547264 fd=O_DIRECT
  L2 want=17547264 slot=17547264 nbytes=17547264 fd=O_DIRECT
  L2 want=17547264 slot=17547264 nbytes=17547264 fd=O_DIRECT
  L2 want=17547264 slot=17547264 nbytes=17547264 fd=O_DIRECT
  L2 want=17547264 slot=17547264 nbytes=17547264 fd=O_DIRECT
  L2 want=17547264 slot=17547264 nbytes=17547264 fd=O_DIRECT
  L2 want=17547264 slot=17547264 nbytes=17547264 fd=O_DIRECT
  L2 want=17547264 slot=17547264 nbytes=17547264 fd=O_DIRECT
DBG getmany L1 nw=16 wall=0.207s thr(out)1 thr(in)16 conc_peak=16 pread=0.000s
DBG getmany L2 nw=16 wall=0.195s thr(out)1 thr(in)16 conc_peak=16 pread=0.000s
  L2 want=17547264 slot=17547264 nbytes=17547264 fd=O_DIRECT
  L2 want=17547264 slot=17547264 nbytes=17547264 fd=O_DIRECT
  L2 want=17547264 slot=17547264 nbytes=17547264 fd=O_DIRECT
  L2 want=17547264 slot=17547264 nbytes=17547264 fd=O_DIRECT
  L2 want=17547264 slot=17547264 nbytes=17547264 fd=O_DIRECT
  L2 want=17547264 slot=17547264 nbytes=17547264 fd=O_DIRECT
  L2 want=17547264 slot=17547264 nbytes=17547264 fd=O_DIRECT
  L2 want=17547264 slot=17547264 nbytes=17547264 fd=O_DIRECT
  L2 want=17547264 slot=17547264 nbytes=17547264 fd=O_DIRECT
  L2 want=17547264 slot=17547264 nbytes=17547264 fd=O_DIRECT
  L2 want=17547264 slot=17547264 nbytes=17547264 fd=O_DIRECT
  L2 want=17547264 slot=17547264 nbytes=17547264 fd=O_DIRECT
  L2 want=17547264 slot=17547264 nbytes=17547264 fd=O_DIRECT
  L2 want=17547264 slot=17547264 nbytes=17547264 fd=O_DIRECT
  L2 want=17547264 slot=17547264 nbytes=17547264 fd=O_DIRECT
  L2 want=17547264 slot=17547264 nbytes=17547264 fd=O_DIRECT
DBG getmany L3 nw=16 wall=0.198s thr(out)1 thr(in)16 conc_peak=16 pread=0.000s
DBG getmany L4 nw=16 wall=0.187s thr(out)1 thr(in)16 conc_peak=16 pread=0.000s
  L2 want=17547264 slot=17547264 nbytes=17547264 fd=O_DIRECT
  L2 want=17547264 slot=17547264 nbytes=17547264 fd=O_DIRECT
  L2 want=17547264 slot=17547264 nbytes=17547264 fd=O_DIRECT
  L2 want=17547264 slot=17547264 nbytes=17547264 fd=O_DIRECT
  L2 want=17547264 slot=17547264 nbytes=17547264 fd=O_DIRECT
  L2 want=17547264 slot=17547264 nbytes=17547264 fd=O_DIRECT
  L2 want=17547264 slot=17547264 nbytes=17547264 fd=O_DIRECT
  L2 want=17547264 slot=17547264 nbytes=17547264 fd=O_DIRECT
  L2 want=17547264 slot=17547264 nbytes=17547264 fd=O_DIRECT
  L2 want=17547264 slot=17547264 nbytes=17547264 fd=O_DIRECT
  L2 want=17547264 slot=17547264 nbytes=17547264 fd=O_DIRECT
  L2 want=17547264 slot=17547264 nbytes=17547264 fd=O_DIRECT
  L2 want=17547264 slot=17547264 nbytes=17547264 fd=O_DIRECT
  L2 want=17547264 slot=17547264 nbytes=17547264 fd=O_DIRECT
  L2 want=17547264 slot=17547264 nbytes=17547264 fd=O_DIRECT
  L2 want=17547264 slot=17547264 nbytes=17547264 fd=O_DIRECT
DBG getmany L5 nw=16 wall=0.181s thr(out)1 thr(in)16 conc_peak=16 pread=0.000s
DBG getmany L6 nw=16 wall=0.181s thr(out)1 thr(in)16 conc_peak=16 pread=0.000s
  L2 want=17547264 slot=17547264 nbytes=17547264 fd=O_DIRECT
  L2 want=17547264 slot=17547264 nbytes=17547264 fd=O_DIRECT
  L2 want=17547264 slot=17547264 nbytes=17547264 fd=O_DIRECT
  L2 want=17547264 slot=17547264 nbytes=17547264 fd=O_DIRECT
  L2 want=17547264 slot=17547264 nbytes=17547264 fd=O_DIRECT
  L2 want=17547264 slot=17547264 nbytes=17547264 fd=O_DIRECT
  L2 want=17547264 slot=17547264 nbytes=17547264 fd=O_DIRECT
  L2 want=17547264 slot=17547264 nbytes=17547264 fd=O_DIRECT
  L2 want=17547264 slot=17547264 nbytes=17547264 fd=O_DIRECT
  L2 want=17547264 slot=17547264 nbytes=17547264 fd=O_DIRECT
  L2 want=17547264 slot=17547264 nbytes=17547264 fd=O_DIRECT
  L2 want=17547264 slot=17547264 nbytes=17547264 fd=O_DIRECT
  L2 want=17547264 slot=17547264 nbytes=17547264 fd=O_DIRECT
  L2 want=17547264 slot=17547264 nbytes=17547264 fd=O_DIRECT
  L2 want=17547264 slot=17547264 nbytes=17547264 fd=O_DIRECT
  L2 want=17547264 slot=17547264 nbytes=17547264 fd=O_DIRECT
DBG getmany L7 nw=16 wall=0.182s thr(out)1 thr(in)16 conc_peak=16 pread=0.000s
DBG getmany L8 nw=16 wall=0.210s thr(out)1 thr(in)16 conc_peak=16 pread=0.000s
  L2 want=17547264 slot=17547264 nbytes=17547264 fd=O_DIRECT
  L2 want=17547264 slot=17547264 nbytes=17547264 fd=O_DIRECT
  L2 want=17547264 slot=17547264 nbytes=17547264 fd=O_DIRECT
  L2 want=17547264 slot=17547264 nbytes=17547264 fd=O_DIRECT
  L2 want=17547264 slot=17547264 nbytes=17547264 fd=O_DIRECT
  L2 want=17547264 slot=17547264 nbytes=17547264 fd=O_DIRECT
  L2 want=17547264 slot=17547264 nbytes=17547264 fd=O_DIRECT
  L2 want=17547264 slot=17547264 nbytes=17547264 fd=O_DIRECT
  L2 want=17547264 slot=17547264 nbytes=17547264 fd=O_DIRECT
  L2 want=17547264 slot=17547264 nbytes=17547264 fd=O_DIRECT
  L2 want=17547264 slot=17547264 nbytes=17547264 fd=O_DIRECT
  L2 want=17547264 slot=17547264 nbytes=17547264 fd=O_DIRECT
  L2 want=17547264 slot=17547264 nbytes=17547264 fd=O_DIRECT
  L2 want=17547264 slot=17547264 nbytes=17547264 fd=O_DIRECT
  L2 want=17547264 slot=17547264 nbytes=17547264 fd=O_DIRECT
  L2 want=17547264 slot=17547264 nbytes=17547264 fd=O_DIRECT
DBG getmany L9 nw=16 wall=0.214s thr(out)1 thr(in)16 conc_peak=16 pread=0.000s
DBG getmany L10 nw=16 wall=0.233s thr(out)1 thr(in)16 conc_peak=16 pread=0.000s
DBG getmany L11 nw=16 wall=0.228s thr(out)1 thr(in)16 conc_peak=16 pread=0.000s
  L2 want=17547264 slot=17547264 nbytes=17547264 fd=O_DIRECT
  L2 want=17547264 slot=17547264 nbytes=17547264 fd=O_DIRECT
  L2 want=17547264 slot=17547264 nbytes=17547264 fd=O_DIRECT
  L2 want=17547264 slot=17547264 nbytes=17547264 fd=O_DIRECT
  L2 want=17547264 slot=17547264 nbytes=17547264 fd=O_DIRECT
  L2 want=17547264 slot=17547264 nbytes=17547264 fd=O_DIRECT
  L2 want=17547264 slot=17547264 nbytes=17547264 fd=O_DIRECT
  L2 want=17547264 slot=17547264 nbytes=17547264 fd=O_DIRECT
  L2 want=17547264 slot=17547264 nbytes=17547264 fd=O_DIRECT
  L2 want=17547264 slot=17547264 nbytes=17547264 fd=O_DIRECT
  L2 want=17547264 slot=17547264 nbytes=17547264 fd=O_DIRECT
  L2 want=17547264 slot=17547264 nbytes=17547264 fd=O_DIRECT
  L2 want=17547264 slot=17547264 nbytes=17547264 fd=O_DIRECT
  L2 want=17547264 slot=17547264 nbytes=17547264 fd=O_DIRECT
  L2 want=17547264 slot=17547264 nbytes=17547264 fd=O_DIRECT
  L2 want=17547264 slot=17547264 nbytes=17547264 fd=O_DIRECT
DBG getmany L12 nw=16 wall=0.191s thr(out)1 thr(in)16 conc_peak=16 pread=0.000s
  L2 want=17547264 slot=17547264 nbytes=17547264 fd=O_DIRECT
  L2 want=17547264 slot=17547264 nbytes=17547264 fd=O_DIRECT
  L2 want=17547264 slot=17547264 nbytes=17547264 fd=O_DIRECT
  L2 want=17547264 slot=17547264 nbytes=17547264 fd=O_DIRECT
  L2 want=17547264 slot=17547264 nbytes=17547264 fd=O_DIRECT
  L2 want=17547264 slot=17547264 nbytes=17547264 fd=O_DIRECT
  L2 want=17547264 slot=17547264 nbytes=17547264 fd=O_DIRECT
  L2 want=17547264 slot=17547264 nbytes=17547264 fd=O_DIRECT
  L2 want=17547264 slot=17547264 nbytes=17547264 fd=O_DIRECT
  L2 want=17547264 slot=17547264 nbytes=17547264 fd=O_DIRECT
  L2 want=17547264 slot=17547264 nbytes=17547264 fd=O_DIRECT
  L2 want=17547264 slot=17547264 nbytes=17547264 fd=O_DIRECT
  L2 want=17547264 slot=17547264 nbytes=17547264 fd=O_DIRECT
  L2 want=17547264 slot=17547264 nbytes=17547264 fd=O_DIRECT
  L2 want=17547264 slot=17547264 nbytes=17547264 fd=O_DIRECT
  L2 want=17547264 slot=17547264 nbytes=17547264 fd=O_DIRECT
DBG getmany L13 nw=16 wall=0.209s thr(out)1 thr(in)16 conc_peak=16 pread=0.000s
  L2 want=17547264 slot=17547264 nbytes=17547264 fd=O_DIRECT
  L2 want=17547264 slot=17547264 nbytes=17547264 fd=O_DIRECT
  L2 want=17547264 slot=17547264 nbytes=17547264 fd=O_DIRECT
  L2 want=17547264 slot=17547264 nbytes=17547264 fd=O_DIRECT
  L2 want=17547264 slot=17547264 nbytes=17547264 fd=O_DIRECT
  L2 want=17547264 slot=17547264 nbytes=17547264 fd=O_DIRECT
  L2 want=17547264 slot=17547264 nbytes=17547264 fd=O_DIRECT
  L2 want=17547264 slot=17547264 nbytes=17547264 fd=O_DIRECT
  L2 want=17547264 slot=17547264 nbytes=17547264 fd=O_DIRECT
  L2 want=17547264 slot=17547264 nbytes=17547264 fd=O_DIRECT
  L2 want=17547264 slot=17547264 nbytes=17547264 fd=O_DIRECT
  L2 want=17547264 slot=17547264 nbytes=17547264 fd=O_DIRECT
  L2 want=17547264 slot=17547264 nbytes=17547264 fd=O_DIRECT
  L2 want=17547264 slot=17547264 nbytes=17547264 fd=O_DIRECT
  L2 want=17547264 slot=17547264 nbytes=17547264 fd=O_DIRECT
  L2 want=17547264 slot=17547264 nbytes=17547264 fd=O_DIRECT
DBG getmany L14 nw=16 wall=0.291s thr(out)1 thr(in)16 conc_peak=16 pread=0.000s
  L2 want=17547264 slot=17547264 nbytes=17547264 fd=O_DIRECT
  L2 want=17547264 slot=17547264 nbytes=17547264 fd=O_DIRECT
  L2 want=17547264 slot=17547264 nbytes=17547264 fd=O_DIRECT
  L2 want=17547264 slot=17547264 nbytes=17547264 fd=O_DIRECT
  L2 want=17547264 slot=17547264 nbytes=17547264 fd=O_DIRECT
  L2 want=17547264 slot=17547264 nbytes=17547264 fd=O_DIRECT
  L2 want=17547264 slot=17547264 nbytes=17547264 fd=O_DIRECT
  L2 want=17547264 slot=17547264 nbytes=17547264 fd=O_DIRECT
  L2 want=17547264 slot=17547264 nbytes=17547264 fd=O_DIRECT
  L2 want=17547264 slot=17547264 nbytes=17547264 fd=O_DIRECT
  L2 want=17547264 slot=17547264 nbytes=17547264 fd=O_DIRECT
  L2 want=17547264 slot=17547264 nbytes=17547264 fd=O_DIRECT
  L2 want=17547264 slot=17547264 nbytes=17547264 fd=O_DIRECT
  L2 want=17547264 slot=17547264 nbytes=17547264 fd=O_DIRECT
  L2 want=17547264 slot=17547264 nbytes=17547264 fd=O_DIRECT
  L2 want=17547264 slot=17547264 nbytes=17547264 fd=O_DIRECT
DBG getmany L15 nw=16 wall=0.216s thr(out)1 thr(in)16 conc_peak=16 pread=0.000s
DBG getmany L16 nw=16 wall=0.253s thr(out)1 thr(in)16 conc_peak=16 pread=0.000s
  L2 want=17547264 slot=17547264 nbytes=17547264 fd=O_DIRECT
  L2 want=17547264 slot=17547264 nbytes=17547264 fd=O_DIRECT
  L2 want=17547264 slot=17547264 nbytes=17547264 fd=O_DIRECT
  L2 want=17547264 slot=17547264 nbytes=17547264 fd=O_DIRECT
  L2 want=17547264 slot=17547264 nbytes=17547264 fd=O_DIRECT
  L2 want=17547264 slot=17547264 nbytes=17547264 fd=O_DIRECT
  L2 want=17547264 slot=17547264 nbytes=17547264 fd=O_DIRECT
  L2 want=17547264 slot=17547264 nbytes=17547264 fd=O_DIRECT
  L2 want=17547264 slot=17547264 nbytes=17547264 fd=O_DIRECT
  L2 want=17547264 slot=17547264 nbytes=17547264 fd=O_DIRECT
  L2 want=17547264 slot=17547264 nbytes=17547264 fd=O_DIRECT
  L2 want=17547264 slot=17547264 nbytes=17547264 fd=O_DIRECT
  L2 want=17547264 slot=17547264 nbytes=17547264 fd=O_DIRECT
  L2 want=17547264 slot=17547264 nbytes=17547264 fd=O_DIRECT
  L2 want=17547264 slot=17547264 nbytes=17547264 fd=O_DIRECT
  L2 want=17547264 slot=17547264 nbytes=17547264 fd=O_DIRECT
DBG getmany L17 nw=16 wall=0.487s thr(out)1 thr(in)16 conc_peak=16 pread=0.000s
  L2 want=17547264 slot=17547264 nbytes=17547264 fd=O_DIRECT
  L2 want=17547264 slot=17547264 nbytes=17547264 fd=O_DIRECT
  L2 want=17547264 slot=17547264 nbytes=17547264 fd=O_DIRECT
  L2 want=17547264 slot=17547264 nbytes=17547264 fd=O_DIRECT
  L2 want=17547264 slot=17547264 nbytes=17547264 fd=O_DIRECT
  L2 want=17547264 slot=17547264 nbytes=17547264 fd=O_DIRECT
  L2 want=17547264 slot=17547264 nbytes=17547264 fd=O_DIRECT
  L2 want=17547264 slot=17547264 nbytes=17547264 fd=O_DIRECT
  L2 want=17547264 slot=17547264 nbytes=17547264 fd=O_DIRECT
  L2 want=17547264 slot=17547264 nbytes=17547264 fd=O_DIRECT
  L2 want=17547264 slot=17547264 nbytes=17547264 fd=O_DIRECT
  L2 want=17547264 slot=17547264 nbytes=17547264 fd=O_DIRECT
  L2 want=17547264 slot=17547264 nbytes=17547264 fd=O_DIRECT
  L2 want=17547264 slot=17547264 nbytes=17547264 fd=O_DIRECT
  L2 want=17547264 slot=17547264 nbytes=17547264 fd=O_DIRECT
  L2 want=17547264 slot=17547264 nbytes=17547264 fd=O_DIRECT
DBG getmany L18 nw=16 wall=0.394s thr(out)1 thr(in)16 conc_peak=16 pread=0.000s
DBG getmany L19 nw=16 wall=0.486s thr(out)1 thr(in)16 conc_peak=16 pread=0.000s
  L2 want=17547264 slot=17547264 nbytes=17547264 fd=O_DIRECT
  L2 want=17547264 slot=17547264 nbytes=17547264 fd=O_DIRECT
  L2 want=17547264 slot=17547264 nbytes=17547264 fd=O_DIRECT
  L2 want=17547264 slot=17547264 nbytes=17547264 fd=O_DIRECT
  L2 want=17547264 slot=17547264 nbytes=17547264 fd=O_DIRECT
  L2 want=17547264 slot=17547264 nbytes=17547264 fd=O_DIRECT
  L2 want=17547264 slot=17547264 nbytes=17547264 fd=O_DIRECT
  L2 want=17547264 slot=17547264 nbytes=17547264 fd=O_DIRECT
  L2 want=17547264 slot=17547264 nbytes=17547264 fd=O_DIRECT
  L2 want=17547264 slot=17547264 nbytes=17547264 fd=O_DIRECT
  L2 want=17547264 slot=17547264 nbytes=17547264 fd=O_DIRECT
  L2 want=17547264 slot=17547264 nbytes=17547264 fd=O_DIRECT
  L2 want=17547264 slot=17547264 nbytes=17547264 fd=O_DIRECT
  L2 want=17547264 slot=17547264 nbytes=17547264 fd=O_DIRECT
  L2 want=17547264 slot=17547264 nbytes=17547264 fd=O_DIRECT
  L2 want=17547264 slot=17547264 nbytes=17547264 fd=O_DIRECT
DBG getmany L20 nw=16 wall=0.497s thr(out)1 thr(in)16 conc_peak=16 pread=0.000s
DBG getmany L21 nw=16 wall=0.487s thr(out)1 thr(in)16 conc_peak=16 pread=0.000s
  L2 want=17547264 slot=17547264 nbytes=17547264 fd=O_DIRECT
  L2 want=17547264 slot=17547264 nbytes=17547264 fd=O_DIRECT
  L2 want=17547264 slot=17547264 nbytes=17547264 fd=O_DIRECT
  L2 want=17547264 slot=17547264 nbytes=17547264 fd=O_DIRECT
  L2 want=17547264 slot=17547264 nbytes=17547264 fd=O_DIRECT
  L2 want=17547264 slot=17547264 nbytes=17547264 fd=O_DIRECT
  L2 want=17547264 slot=17547264 nbytes=17547264 fd=O_DIRECT
  L2 want=17547264 slot=17547264 nbytes=17547264 fd=O_DIRECT
  L2 want=17547264 slot=17547264 nbytes=17547264 fd=O_DIRECT
  L2 want=17547264 slot=17547264 nbytes=17547264 fd=O_DIRECT
  L2 want=17547264 slot=17547264 nbytes=17547264 fd=O_DIRECT
  L2 want=17547264 slot=17547264 nbytes=17547264 fd=O_DIRECT
  L2 want=17547264 slot=17547264 nbytes=17547264 fd=O_DIRECT
  L2 want=17547264 slot=17547264 nbytes=17547264 fd=O_DIRECT
  L2 want=17547264 slot=17547264 nbytes=17547264 fd=O_DIRECT
  L2 want=17547264 slot=17547264 nbytes=17547264 fd=O_DIRECT
DBG getmany L22 nw=16 wall=0.406s thr(out)1 thr(in)16 conc_peak=16 pread=0.000s
  L2 want=17547264 slot=17547264 nbytes=17547264 fd=O_DIRECT
  L2 want=17547264 slot=17547264 nbytes=17547264 fd=O_DIRECT
  L2 want=17547264 slot=17547264 nbytes=17547264 fd=O_DIRECT
  L2 want=17547264 slot=17547264 nbytes=17547264 fd=O_DIRECT
  L2 want=17547264 slot=17547264 nbytes=17547264 fd=O_DIRECT
  L2 want=17547264 slot=17547264 nbytes=17547264 fd=O_DIRECT
  L2 want=17547264 slot=17547264 nbytes=17547264 fd=O_DIRECT
  L2 want=17547264 slot=17547264 nbytes=17547264 fd=O_DIRECT
  L2 want=17547264 slot=17547264 nbytes=17547264 fd=O_DIRECT
  L2 want=17547264 slot=17547264 nbytes=17547264 fd=O_DIRECT
  L2 want=17547264 slot=17547264 nbytes=17547264 fd=O_DIRECT
  L2 want=17547264 slot=17547264 nbytes=17547264 fd=O_DIRECT
  L2 want=17547264 slot=17547264 nbytes=17547264 fd=O_DIRECT
  L2 want=17547264 slot=17547264 nbytes=17547264 fd=O_DIRECT
  L2 want=17547264 slot=17547264 nbytes=17547264 fd=O_DIRECT
  L2 want=17547264 slot=17547264 nbytes=17547264 fd=O_DIRECT
DBG getmany L23 nw=16 wall=0.495s thr(out)1 thr(in)16 conc_peak=16 pread=0.000s
DBG getmany L24 nw=16 wall=0.532s thr(out)1 thr(in)16 conc_peak=16 pread=0.000s
DBG getmany L25 nw=16 wall=0.548s thr(out)1 thr(in)16 conc_peak=16 pread=0.000s
  L2 want=17547264 slot=17547264 nbytes=17547264 fd=O_DIRECT
  L2 want=17547264 slot=17547264 nbytes=17547264 fd=O_DIRECT
  L2 want=17547264 slot=17547264 nbytes=17547264 fd=O_DIRECT
  L2 want=17547264 slot=17547264 nbytes=17547264 fd=O_DIRECT
  L2 want=17547264 slot=17547264 nbytes=17547264 fd=O_DIRECT
  L2 want=17547264 slot=17547264 nbytes=17547264 fd=O_DIRECT
  L2 want=17547264 slot=17547264 nbytes=17547264 fd=O_DIRECT
  L2 want=17547264 slot=17547264 nbytes=17547264 fd=O_DIRECT
  L2 want=17547264 slot=17547264 nbytes=17547264 fd=O_DIRECT
  L2 want=17547264 slot=17547264 nbytes=17547264 fd=O_DIRECT
  L2 want=17547264 slot=17547264 nbytes=17547264 fd=O_DIRECT
  L2 want=17547264 slot=17547264 nbytes=17547264 fd=O_DIRECT
  L2 want=17547264 slot=17547264 nbytes=17547264 fd=O_DIRECT
  L2 want=17547264 slot=17547264 nbytes=17547264 fd=O_DIRECT
  L2 want=17547264 slot=17547264 nbytes=17547264 fd=O_DIRECT
  L2 want=17547264 slot=17547264 nbytes=17547264 fd=O_DIRECT
DBG getmany L26 nw=16 wall=0.417s thr(out)1 thr(in)16 conc_peak=16 pread=0.000s
DBG getmany L27 nw=16 wall=0.498s thr(out)1 thr(in)16 conc_peak=16 pread=0.000s
  L2 want=17547264 slot=17547264 nbytes=17547264 fd=O_DIRECT
  L2 want=17547264 slot=17547264 nbytes=17547264 fd=O_DIRECT
  L2 want=17547264 slot=17547264 nbytes=17547264 fd=O_DIRECT
  L2 want=17547264 slot=17547264 nbytes=17547264 fd=O_DIRECT
  L2 want=17547264 slot=17547264 nbytes=17547264 fd=O_DIRECT
  L2 want=17547264 slot=17547264 nbytes=17547264 fd=O_DIRECT
  L2 want=17547264 slot=17547264 nbytes=17547264 fd=O_DIRECT
  L2 want=17547264 slot=17547264 nbytes=17547264 fd=O_DIRECT
  L2 want=17547264 slot=17547264 nbytes=17547264 fd=O_DIRECT
  L2 want=17547264 slot=17547264 nbytes=17547264 fd=O_DIRECT
  L2 want=17547264 slot=17547264 nbytes=17547264 fd=O_DIRECT
  L2 want=17547264 slot=17547264 nbytes=17547264 fd=O_DIRECT
  L2 want=17547264 slot=17547264 nbytes=17547264 fd=O_DIRECT
  L2 want=17547264 slot=17547264 nbytes=17547264 fd=O_DIRECT
  L2 want=17547264 slot=17547264 nbytes=17547264 fd=O_DIRECT
  L2 want=17547264 slot=17547264 nbytes=17547264 fd=O_DIRECT
DBG getmany L28 nw=16 wall=0.480s thr(out)1 thr(in)16 conc_peak=16 pread=0.000s
  L2 want=17547264 slot=17547264 nbytes=17547264 fd=O_DIRECT
  L2 want=17547264 slot=17547264 nbytes=17547264 fd=O_DIRECT
  L2 want=17547264 slot=17547264 nbytes=17547264 fd=O_DIRECT
  L2 want=17547264 slot=17547264 nbytes=17547264 fd=O_DIRECT
  L2 want=17547264 slot=17547264 nbytes=17547264 fd=O_DIRECT
  L2 want=17547264 slot=17547264 nbytes=17547264 fd=O_DIRECT
  L2 want=17547264 slot=17547264 nbytes=17547264 fd=O_DIRECT
  L2 want=17547264 slot=17547264 nbytes=17547264 fd=O_DIRECT
  L2 want=17547264 slot=17547264 nbytes=17547264 fd=O_DIRECT
  L2 want=17547264 slot=17547264 nbytes=17547264 fd=O_DIRECT
  L2 want=17547264 slot=17547264 nbytes=17547264 fd=O_DIRECT
  L2 want=17547264 slot=17547264 nbytes=17547264 fd=O_DIRECT
  L2 want=17547264 slot=17547264 nbytes=17547264 fd=O_DIRECT
  L2 want=17547264 slot=17547264 nbytes=17547264 fd=O_DIRECT
  L2 want=17547264 slot=17547264 nbytes=17547264 fd=O_DIRECT
  L2 want=17547264 slot=17547264 nbytes=17547264 fd=O_DIRECT
DBG getmany L29 nw=16 wall=0.504s thr(out)1 thr(in)16 conc_peak=16 pread=0.000s
DBG getmany L30 nw=16 wall=0.403s thr(out)1 thr(in)16 conc_peak=16 pread=0.000s
DBG getmany L31 nw=16 wall=0.560s thr(out)1 thr(in)16 conc_peak=16 pread=0.000s
  L2 want=17547264 slot=17547264 nbytes=17547264 fd=O_DIRECT
  L2 want=17547264 slot=17547264 nbytes=17547264 fd=O_DIRECT
  L2 want=17547264 slot=17547264 nbytes=17547264 fd=O_DIRECT
  L2 want=17547264 slot=17547264 nbytes=17547264 fd=O_DIRECT
  L2 want=17547264 slot=17547264 nbytes=17547264 fd=O_DIRECT
  L2 want=17547264 slot=17547264 nbytes=17547264 fd=O_DIRECT
  L2 want=17547264 slot=17547264 nbytes=17547264 fd=O_DIRECT
  L2 want=17547264 slot=17547264 nbytes=17547264 fd=O_DIRECT
  L2 want=17547264 slot=17547264 nbytes=17547264 fd=O_DIRECT
  L2 want=17547264 slot=17547264 nbytes=17547264 fd=O_DIRECT
  L2 want=17547264 slot=17547264 nbytes=17547264 fd=O_DIRECT
  L2 want=17547264 slot=17547264 nbytes=17547264 fd=O_DIRECT
  L2 want=17547264 slot=17547264 nbytes=17547264 fd=O_DIRECT
  L2 want=17547264 slot=17547264 nbytes=17547264 fd=O_DIRECT
  L2 want=17547264 slot=17547264 nbytes=17547264 fd=O_DIRECT
  L2 want=17547264 slot=17547264 nbytes=17547264 fd=O_DIRECT
DBG getmany L32 nw=16 wall=0.545s thr(out)1 thr(in)16 conc_peak=16 pread=0.000s
DBG getmany L33 nw=16 wall=0.526s thr(out)1 thr(in)16 conc_peak=16 pread=0.000s
  L2 want=17547264 slot=17547264 nbytes=17547264 fd=O_DIRECT
  L2 want=17547264 slot=17547264 nbytes=17547264 fd=O_DIRECT
  L2 want=17547264 slot=17547264 nbytes=17547264 fd=O_DIRECT
  L2 want=17547264 slot=17547264 nbytes=17547264 fd=O_DIRECT
  L2 want=17547264 slot=17547264 nbytes=17547264 fd=O_DIRECT
  L2 want=17547264 slot=17547264 nbytes=17547264 fd=O_DIRECT
  L2 want=17547264 slot=17547264 nbytes=17547264 fd=O_DIRECT
  L2 want=17547264 slot=17547264 nbytes=17547264 fd=O_DIRECT
  L2 want=17547264 slot=17547264 nbytes=17547264 fd=O_DIRECT
  L2 want=17547264 slot=17547264 nbytes=17547264 fd=O_DIRECT
  L2 want=17547264 slot=17547264 nbytes=17547264 fd=O_DIRECT
  L2 want=17547264 slot=17547264 nbytes=17547264 fd=O_DIRECT
  L2 want=17547264 slot=17547264 nbytes=17547264 fd=O_DIRECT
  L2 want=17547264 slot=17547264 nbytes=17547264 fd=O_DIRECT
  L2 want=17547264 slot=17547264 nbytes=17547264 fd=O_DIRECT
  L2 want=17547264 slot=17547264 nbytes=17547264 fd=O_DIRECT
DBG getmany L34 nw=16 wall=0.404s thr(out)1 thr(in)16 conc_peak=16 pread=0.000s
  L2 want=17547264 slot=17547264 nbytes=17547264 fd=O_DIRECT
  L2 want=17547264 slot=17547264 nbytes=17547264 fd=O_DIRECT
  L2 want=17547264 slot=17547264 nbytes=17547264 fd=O_DIRECT
  L2 want=17547264 slot=17547264 nbytes=17547264 fd=O_DIRECT
  L2 want=17547264 slot=17547264 nbytes=17547264 fd=O_DIRECT
  L2 want=17547264 slot=17547264 nbytes=17547264 fd=O_DIRECT
  L2 want=17547264 slot=17547264 nbytes=17547264 fd=O_DIRECT
  L2 want=17547264 slot=17547264 nbytes=17547264 fd=O_DIRECT
  L2 want=17547264 slot=17547264 nbytes=17547264 fd=O_DIRECT
  L2 want=17547264 slot=17547264 nbytes=17547264 fd=O_DIRECT
  L2 want=17547264 slot=17547264 nbytes=17547264 fd=O_DIRECT
  L2 want=17547264 slot=17547264 nbytes=17547264 fd=O_DIRECT
  L2 want=17547264 slot=17547264 nbytes=17547264 fd=O_DIRECT
  L2 want=17547264 slot=17547264 nbytes=17547264 fd=O_DIRECT
  L2 want=17547264 slot=17547264 nbytes=17547264 fd=O_DIRECT
  L2 want=17547264 slot=17547264 nbytes=17547264 fd=O_DIRECT
DBG getmany L35 nw=16 wall=0.589s thr(out)1 thr(in)16 conc_peak=16 pread=0.000s
  L2 want=17547264 slot=17547264 nbytes=17547264 fd=O_DIRECT
  L2 want=17547264 slot=17547264 nbytes=17547264 fd=O_DIRECT
  L2 want=17547264 slot=17547264 nbytes=17547264 fd=O_DIRECT
  L2 want=17547264 slot=17547264 nbytes=17547264 fd=O_DIRECT
  L2 want=17547264 slot=17547264 nbytes=17547264 fd=O_DIRECT
  L2 want=17547264 slot=17547264 nbytes=17547264 fd=O_DIRECT
  L2 want=17547264 slot=17547264 nbytes=17547264 fd=O_DIRECT
  L2 want=17547264 slot=17547264 nbytes=17547264 fd=O_DIRECT
  L2 want=17547264 slot=17547264 nbytes=17547264 fd=O_DIRECT
  L2 want=17547264 slot=17547264 nbytes=17547264 fd=O_DIRECT
  L2 want=17547264 slot=17547264 nbytes=17547264 fd=O_DIRECT
  L2 want=17547264 slot=17547264 nbytes=17547264 fd=O_DIRECT
  L2 want=17547264 slot=17547264 nbytes=17547264 fd=O_DIRECT
  L2 want=17547264 slot=17547264 nbytes=17547264 fd=O_DIRECT
  L2 want=17547264 slot=17547264 nbytes=17547264 fd=O_DIRECT
  L2 want=17547264 slot=17547264 nbytes=17547264 fd=O_DIRECT
DBG getmany L36 nw=16 wall=0.583s thr(out)1 thr(in)16 conc_peak=16 pread=0.000s
  L2 want=17547264 slot=17547264 nbytes=17547264 fd=O_DIRECT
  L2 want=17547264 slot=17547264 nbytes=17547264 fd=O_DIRECT
  L2 want=17547264 slot=17547264 nbytes=17547264 fd=O_DIRECT
  L2 want=17547264 slot=17547264 nbytes=17547264 fd=O_DIRECT
  L2 want=17547264 slot=17547264 nbytes=17547264 fd=O_DIRECT
  L2 want=17547264 slot=17547264 nbytes=17547264 fd=O_DIRECT
  L2 want=17547264 slot=17547264 nbytes=17547264 fd=O_DIRECT
  L2 want=17547264 slot=17547264 nbytes=17547264 fd=O_DIRECT
  L2 want=17547264 slot=17547264 nbytes=17547264 fd=O_DIRECT
  L2 want=17547264 slot=17547264 nbytes=17547264 fd=O_DIRECT
  L2 want=17547264 slot=17547264 nbytes=17547264 fd=O_DIRECT
  L2 want=17547264 slot=17547264 nbytes=17547264 fd=O_DIRECT
  L2 want=17547264 slot=17547264 nbytes=17547264 fd=O_DIRECT
  L2 want=17547264 slot=17547264 nbytes=17547264 fd=O_DIRECT
  L2 want=17547264 slot=17547264 nbytes=17547264 fd=O_DIRECT
  L2 want=17547264 slot=17547264 nbytes=17547264 fd=O_DIRECT
DBG getmany L37 nw=16 wall=0.560s thr(out)1 thr(in)16 conc_peak=16 pread=0.000s
  L2 want=17547264 slot=17547264 nbytes=17547264 fd=O_DIRECT
  L2 want=17547264 slot=17547264 nbytes=17547264 fd=O_DIRECT
  L2 want=17547264 slot=17547264 nbytes=17547264 fd=O_DIRECT
  L2 want=17547264 slot=17547264 nbytes=17547264 fd=O_DIRECT
  L2 want=17547264 slot=17547264 nbytes=17547264 fd=O_DIRECT
  L2 want=17547264 slot=17547264 nbytes=17547264 fd=O_DIRECT
  L2 want=17547264 slot=17547264 nbytes=17547264 fd=O_DIRECT
  L2 want=17547264 slot=17547264 nbytes=17547264 fd=O_DIRECT
  L2 want=17547264 slot=17547264 nbytes=17547264 fd=O_DIRECT
  L2 want=17547264 slot=17547264 nbytes=17547264 fd=O_DIRECT
  L2 want=17547264 slot=17547264 nbytes=17547264 fd=O_DIRECT
  L2 want=17547264 slot=17547264 nbytes=17547264 fd=O_DIRECT
  L2 want=17547264 slot=17547264 nbytes=17547264 fd=O_DIRECT
  L2 want=17547264 slot=17547264 nbytes=17547264 fd=O_DIRECT
  L2 want=17547264 slot=17547264 nbytes=17547264 fd=O_DIRECT
  L2 want=17547264 slot=17547264 nbytes=17547264 fd=O_DIRECT
DBG getmany L38 nw=16 wall=0.402s thr(out)1 thr(in)16 conc_peak=16 pread=0.000s
DBG getmany L39 nw=16 wall=0.569s thr(out)1 thr(in)16 conc_peak=16 pread=0.000s
DBG getmany L40 nw=16 wall=0.547s thr(out)1 thr(in)16 conc_peak=16 pread=0.000s
DBG getmany L41 nw=16 wall=0.520s thr(out)1 thr(in)16 conc_peak=16 pread=0.000s
  L2 want=17547264 slot=17547264 nbytes=17547264 fd=O_DIRECT
  L2 want=17547264 slot=17547264 nbytes=17547264 fd=O_DIRECT
  L2 want=17547264 slot=17547264 nbytes=17547264 fd=O_DIRECT
  L2 want=17547264 slot=17547264 nbytes=17547264 fd=O_DIRECT
  L2 want=17547264 slot=17547264 nbytes=17547264 fd=O_DIRECT
  L2 want=17547264 slot=17547264 nbytes=17547264 fd=O_DIRECT
  L2 want=17547264 slot=17547264 nbytes=17547264 fd=O_DIRECT
  L2 want=17547264 slot=17547264 nbytes=17547264 fd=O_DIRECT
  L2 want=17547264 slot=17547264 nbytes=17547264 fd=O_DIRECT
  L2 want=17547264 slot=17547264 nbytes=17547264 fd=O_DIRECT
  L2 want=17547264 slot=17547264 nbytes=17547264 fd=O_DIRECT
  L2 want=17547264 slot=17547264 nbytes=17547264 fd=O_DIRECT
  L2 want=17547264 slot=17547264 nbytes=17547264 fd=O_DIRECT
  L2 want=17547264 slot=17547264 nbytes=17547264 fd=O_DIRECT
  L2 want=17547264 slot=17547264 nbytes=17547264 fd=O_DIRECT
  L2 want=17547264 slot=17547264 nbytes=17547264 fd=O_DIRECT
DBG getmany L42 nw=16 wall=0.410s thr(out)1 thr(in)16 conc_peak=16 pread=0.000s
DBG getmany L43 nw=16 wall=0.581s thr(out)1 thr(in)16 conc_peak=16 pread=0.000s
  L2 want=17547264 slot=17547264 nbytes=17547264 fd=O_DIRECT
  L2 want=17547264 slot=17547264 nbytes=17547264 fd=O_DIRECT
  L2 want=17547264 slot=17547264 nbytes=17547264 fd=O_DIRECT
  L2 want=17547264 slot=17547264 nbytes=17547264 fd=O_DIRECT
  L2 want=17547264 slot=17547264 nbytes=17547264 fd=O_DIRECT
  L2 want=17547264 slot=17547264 nbytes=17547264 fd=O_DIRECT
  L2 want=17547264 slot=17547264 nbytes=17547264 fd=O_DIRECT
  L2 want=17547264 slot=17547264 nbytes=17547264 fd=O_DIRECT
  L2 want=17547264 slot=17547264 nbytes=17547264 fd=O_DIRECT
  L2 want=17547264 slot=17547264 nbytes=17547264 fd=O_DIRECT
  L2 want=17547264 slot=17547264 nbytes=17547264 fd=O_DIRECT
  L2 want=17547264 slot=17547264 nbytes=17547264 fd=O_DIRECT
  L2 want=17547264 slot=17547264 nbytes=17547264 fd=O_DIRECT
  L2 want=17547264 slot=17547264 nbytes=17547264 fd=O_DIRECT
  L2 want=17547264 slot=17547264 nbytes=17547264 fd=O_DIRECT
  L2 want=17547264 slot=17547264 nbytes=17547264 fd=O_DIRECT
DBG getmany L44 nw=16 wall=0.543s thr(out)1 thr(in)16 conc_peak=16 pread=0.000s
DBG getmany L45 nw=16 wall=0.556s thr(out)1 thr(in)16 conc_peak=16 pread=0.000s
DBG getmany L46 nw=16 wall=0.432s thr(out)1 thr(in)16 conc_peak=16 pread=0.000s
DBG getmany L47 nw=16 wall=0.577s thr(out)1 thr(in)16 conc_peak=16 pread=0.000s
DBG getmany L48 nw=16 wall=0.572s thr(out)1 thr(in)16 conc_peak=16 pread=0.000s
  L2 want=17547264 slot=17547264 nbytes=17547264 fd=O_DIRECT
  L2 want=17547264 slot=17547264 nbytes=17547264 fd=O_DIRECT
  L2 want=17547264 slot=17547264 nbytes=17547264 fd=O_DIRECT
  L2 want=17547264 slot=17547264 nbytes=17547264 fd=O_DIRECT
  L2 want=17547264 slot=17547264 nbytes=17547264 fd=O_DIRECT
  L2 want=17547264 slot=17547264 nbytes=17547264 fd=O_DIRECT
  L2 want=17547264 slot=17547264 nbytes=17547264 fd=O_DIRECT
  L2 want=17547264 slot=17547264 nbytes=17547264 fd=O_DIRECT
  L2 want=17547264 slot=17547264 nbytes=17547264 fd=O_DIRECT
  L2 want=17547264 slot=17547264 nbytes=17547264 fd=O_DIRECT
  L2 want=17547264 slot=17547264 nbytes=17547264 fd=O_DIRECT
  L2 want=17547264 slot=17547264 nbytes=17547264 fd=O_DIRECT
  L2 want=17547264 slot=17547264 nbytes=17547264 fd=O_DIRECT
  L2 want=17547264 slot=17547264 nbytes=17547264 fd=O_DIRECT
  L2 want=17547264 slot=17547264 nbytes=17547264 fd=O_DIRECT
  L2 want=17547264 slot=17547264 nbytes=17547264 fd=O_DIRECT
DBG getmany L49 nw=16 wall=0.553s thr(out)1 thr(in)16 conc_peak=16 pread=0.000s
  L2 want=17547264 slot=17547264 nbytes=17547264 fd=O_DIRECT
  L2 want=17547264 slot=17547264 nbytes=17547264 fd=O_DIRECT
  L2 want=17547264 slot=17547264 nbytes=17547264 fd=O_DIRECT
  L2 want=17547264 slot=17547264 nbytes=17547264 fd=O_DIRECT
  L2 want=17547264 slot=17547264 nbytes=17547264 fd=O_DIRECT
  L2 want=17547264 slot=17547264 nbytes=17547264 fd=O_DIRECT
  L2 want=17547264 slot=17547264 nbytes=17547264 fd=O_DIRECT
  L2 want=17547264 slot=17547264 nbytes=17547264 fd=O_DIRECT
  L2 want=17547264 slot=17547264 nbytes=17547264 fd=O_DIRECT
  L2 want=17547264 slot=17547264 nbytes=17547264 fd=O_DIRECT
  L2 want=17547264 slot=17547264 nbytes=17547264 fd=O_DIRECT
  L2 want=17547264 slot=17547264 nbytes=17547264 fd=O_DIRECT
  L2 want=17547264 slot=17547264 nbytes=17547264 fd=O_DIRECT
  L2 want=17547264 slot=17547264 nbytes=17547264 fd=O_DIRECT
  L2 want=17547264 slot=17547264 nbytes=17547264 fd=O_DIRECT
  L2 want=17547264 slot=17547264 nbytes=17547264 fd=O_DIRECT
DBG getmany L50 nw=16 wall=0.450s thr(out)1 thr(in)16 conc_peak=16 pread=0.000s
DBG getmany L51 nw=16 wall=0.599s thr(out)1 thr(in)16 conc_peak=16 pread=0.000s
  L2 want=17547264 slot=17547264 nbytes=17547264 fd=O_DIRECT
  L2 want=17547264 slot=17547264 nbytes=17547264 fd=O_DIRECT
  L2 want=17547264 slot=17547264 nbytes=17547264 fd=O_DIRECT
  L2 want=17547264 slot=17547264 nbytes=17547264 fd=O_DIRECT
  L2 want=17547264 slot=17547264 nbytes=17547264 fd=O_DIRECT
  L2 want=17547264 slot=17547264 nbytes=17547264 fd=O_DIRECT
  L2 want=17547264 slot=17547264 nbytes=17547264 fd=O_DIRECT
  L2 want=17547264 slot=17547264 nbytes=17547264 fd=O_DIRECT
  L2 want=17547264 slot=17547264 nbytes=17547264 fd=O_DIRECT
  L2 want=17547264 slot=17547264 nbytes=17547264 fd=O_DIRECT
  L2 want=17547264 slot=17547264 nbytes=17547264 fd=O_DIRECT
  L2 want=17547264 slot=17547264 nbytes=17547264 fd=O_DIRECT
  L2 want=17547264 slot=17547264 nbytes=17547264 fd=O_DIRECT
  L2 want=17547264 slot=17547264 nbytes=17547264 fd=O_DIRECT
  L2 want=17547264 slot=17547264 nbytes=17547264 fd=O_DIRECT
  L2 want=17547264 slot=17547264 nbytes=17547264 fd=O_DIRECT
DBG getmany L52 nw=16 wall=0.569s thr(out)1 thr(in)16 conc_peak=16 pread=0.000s
DBG getmany L53 nw=16 wall=0.586s thr(out)1 thr(in)16 conc_peak=16 pread=0.000s
DBG getmany L54 nw=16 wall=0.459s thr(out)1 thr(in)16 conc_peak=16 pread=0.000s
  L2 want=17547264 slot=17547264 nbytes=17547264 fd=O_DIRECT
  L2 want=17547264 slot=17547264 nbytes=17547264 fd=O_DIRECT
  L2 want=17547264 slot=17547264 nbytes=17547264 fd=O_DIRECT
  L2 want=17547264 slot=17547264 nbytes=17547264 fd=O_DIRECT
  L2 want=17547264 slot=17547264 nbytes=17547264 fd=O_DIRECT
  L2 want=17547264 slot=17547264 nbytes=17547264 fd=O_DIRECT
  L2 want=17547264 slot=17547264 nbytes=17547264 fd=O_DIRECT
  L2 want=17547264 slot=17547264 nbytes=17547264 fd=O_DIRECT
  L2 want=17547264 slot=17547264 nbytes=17547264 fd=O_DIRECT
  L2 want=17547264 slot=17547264 nbytes=17547264 fd=O_DIRECT
  L2 want=17547264 slot=17547264 nbytes=17547264 fd=O_DIRECT
  L2 want=17547264 slot=17547264 nbytes=17547264 fd=O_DIRECT
  L2 want=17547264 slot=17547264 nbytes=17547264 fd=O_DIRECT
  L2 want=17547264 slot=17547264 nbytes=17547264 fd=O_DIRECT
  L2 want=17547264 slot=17547264 nbytes=17547264 fd=O_DIRECT
  L2 want=17547264 slot=17547264 nbytes=17547264 fd=O_DIRECT
DBG getmany L55 nw=16 wall=0.562s thr(out)1 thr(in)16 conc_peak=16 pread=0.000s
  L2 want=17547264 slot=17547264 nbytes=17547264 fd=O_DIRECT
  L2 want=17547264 slot=17547264 nbytes=17547264 fd=O_DIRECT
  L2 want=17547264 slot=17547264 nbytes=17547264 fd=O_DIRECT
  L2 want=17547264 slot=17547264 nbytes=17547264 fd=O_DIRECT
  L2 want=17547264 slot=17547264 nbytes=17547264 fd=O_DIRECT
  L2 want=17547264 slot=17547264 nbytes=17547264 fd=O_DIRECT
  L2 want=17547264 slot=17547264 nbytes=17547264 fd=O_DIRECT
  L2 want=17547264 slot=17547264 nbytes=17547264 fd=O_DIRECT
  L2 want=17547264 slot=17547264 nbytes=17547264 fd=O_DIRECT
  L2 want=17547264 slot=17547264 nbytes=17547264 fd=O_DIRECT
  L2 want=17547264 slot=17547264 nbytes=17547264 fd=O_DIRECT
  L2 want=17547264 slot=17547264 nbytes=17547264 fd=O_DIRECT
  L2 want=17547264 slot=17547264 nbytes=17547264 fd=O_DIRECT
  L2 want=17547264 slot=17547264 nbytes=17547264 fd=O_DIRECT
  L2 want=17547264 slot=17547264 nbytes=17547264 fd=O_DIRECT
  L2 want=17547264 slot=17547264 nbytes=17547264 fd=O_DIRECT
DBG getmany L56 nw=16 wall=0.640s thr(out)1 thr(in)16 conc_peak=16 pread=0.000s
DBG getmany L57 nw=16 wall=0.563s thr(out)1 thr(in)16 conc_peak=16 pread=0.000s
  L2 want=17547264 slot=17547264 nbytes=17547264 fd=O_DIRECT
  L2 want=17547264 slot=17547264 nbytes=17547264 fd=O_DIRECT
  L2 want=17547264 slot=17547264 nbytes=17547264 fd=O_DIRECT
  L2 want=17547264 slot=17547264 nbytes=17547264 fd=O_DIRECT
  L2 want=17547264 slot=17547264 nbytes=17547264 fd=O_DIRECT
  L2 want=17547264 slot=17547264 nbytes=17547264 fd=O_DIRECT
  L2 want=17547264 slot=17547264 nbytes=17547264 fd=O_DIRECT
  L2 want=17547264 slot=17547264 nbytes=17547264 fd=O_DIRECT
  L2 want=17547264 slot=17547264 nbytes=17547264 fd=O_DIRECT
  L2 want=17547264 slot=17547264 nbytes=17547264 fd=O_DIRECT
  L2 want=17547264 slot=17547264 nbytes=17547264 fd=O_DIRECT
  L2 want=17547264 slot=17547264 nbytes=17547264 fd=O_DIRECT
  L2 want=17547264 slot=17547264 nbytes=17547264 fd=O_DIRECT
  L2 want=17547264 slot=17547264 nbytes=17547264 fd=O_DIRECT
  L2 want=17547264 slot=17547264 nbytes=17547264 fd=O_DIRECT
  L2 want=17547264 slot=17547264 nbytes=17547264 fd=O_DIRECT
DBG getmany L58 nw=16 wall=0.498s thr(out)1 thr(in)16 conc_peak=16 pread=0.000s
  L2 want=17547264 slot=17547264 nbytes=17547264 fd=O_DIRECT
  L2 want=17547264 slot=17547264 nbytes=17547264 fd=O_DIRECT
  L2 want=17547264 slot=17547264 nbytes=17547264 fd=O_DIRECT
  L2 want=17547264 slot=17547264 nbytes=17547264 fd=O_DIRECT
  L2 want=17547264 slot=17547264 nbytes=17547264 fd=O_DIRECT
  L2 want=17547264 slot=17547264 nbytes=17547264 fd=O_DIRECT
  L2 want=17547264 slot=17547264 nbytes=17547264 fd=O_DIRECT
  L2 want=17547264 slot=17547264 nbytes=17547264 fd=O_DIRECT
  L2 want=17547264 slot=17547264 nbytes=17547264 fd=O_DIRECT
  L2 want=17547264 slot=17547264 nbytes=17547264 fd=O_DIRECT
  L2 want=17547264 slot=17547264 nbytes=17547264 fd=O_DIRECT
  L2 want=17547264 slot=17547264 nbytes=17547264 fd=O_DIRECT
  L2 want=17547264 slot=17547264 nbytes=17547264 fd=O_DIRECT
  L2 want=17547264 slot=17547264 nbytes=17547264 fd=O_DIRECT
  L2 want=17547264 slot=17547264 nbytes=17547264 fd=O_DIRECT
  L2 want=17547264 slot=17547264 nbytes=17547264 fd=O_DIRECT
DBG getmany L59 nw=16 wall=0.577s thr(out)1 thr(in)16 conc_peak=16 pread=0.000s
DBG getmany L60 nw=16 wall=0.555s thr(out)1 thr(in)16 conc_peak=16 pread=0.000s
DBG getmany L61 nw=16 wall=0.585s thr(out)1 thr(in)16 conc_peak=16 pread=0.000s
DBG getmany L62 nw=16 wall=0.439s thr(out)1 thr(in)16 conc_peak=16 pread=0.000s
  L2 want=17547264 slot=17547264 nbytes=17547264 fd=O_DIRECT
  L2 want=17547264 slot=17547264 nbytes=17547264 fd=O_DIRECT
  L2 want=17547264 slot=17547264 nbytes=17547264 fd=O_DIRECT
  L2 want=17547264 slot=17547264 nbytes=17547264 fd=O_DIRECT
  L2 want=17547264 slot=17547264 nbytes=17547264 fd=O_DIRECT
  L2 want=17547264 slot=17547264 nbytes=17547264 fd=O_DIRECT
  L2 want=17547264 slot=17547264 nbytes=17547264 fd=O_DIRECT
  L2 want=17547264 slot=17547264 nbytes=17547264 fd=O_DIRECT
  L2 want=17547264 slot=17547264 nbytes=17547264 fd=O_DIRECT
  L2 want=17547264 slot=17547264 nbytes=17547264 fd=O_DIRECT
  L2 want=17547264 slot=17547264 nbytes=17547264 fd=O_DIRECT
  L2 want=17547264 slot=17547264 nbytes=17547264 fd=O_DIRECT
  L2 want=17547264 slot=17547264 nbytes=17547264 fd=O_DIRECT
  L2 want=17547264 slot=17547264 nbytes=17547264 fd=O_DIRECT
  L2 want=17547264 slot=17547264 nbytes=17547264 fd=O_DIRECT
  L2 want=17547264 slot=17547264 nbytes=17547264 fd=O_DIRECT
DBG getmany L63 nw=16 wall=11.710s thr(out)1 thr(in)16 conc_peak=16 pread=0.000s
  L2 want=17547264 slot=17547264 nbytes=17547264 fd=O_DIRECT
  L2 want=17547264 slot=17547264 nbytes=17547264 fd=O_DIRECT
  L2 want=17547264 slot=17547264 nbytes=17547264 fd=O_DIRECT
  L2 want=17547264 slot=17547264 nbytes=17547264 fd=O_DIRECT
  L2 want=17547264 slot=17547264 nbytes=17547264 fd=O_DIRECT
  L2 want=17547264 slot=17547264 nbytes=17547264 fd=O_DIRECT
  L2 want=17547264 slot=17547264 nbytes=17547264 fd=O_DIRECT
  L2 want=17547264 slot=17547264 nbytes=17547264 fd=O_DIRECT
  L2 want=17547264 slot=17547264 nbytes=17547264 fd=O_DIRECT
  L2 want=17547264 slot=17547264 nbytes=17547264 fd=O_DIRECT
  L2 want=17547264 slot=17547264 nbytes=17547264 fd=O_DIRECT
  L2 want=17547264 slot=17547264 nbytes=17547264 fd=O_DIRECT
  L2 want=17547264 slot=17547264 nbytes=17547264 fd=O_DIRECT
  L2 want=17547264 slot=17547264 nbytes=17547264 fd=O_DIRECT
  L2 want=17547264 slot=17547264 nbytes=17547264 fd=O_DIRECT
  L2 want=17547264 slot=17547264 nbytes=17547264 fd=O_DIRECT
DBG getmany L64 nw=16 wall=0.581s thr(out)1 thr(in)16 conc_peak=16 pread=0.000s
  L2 want=17547264 slot=17547264 nbytes=17547264 fd=O_DIRECT
  L2 want=17547264 slot=17547264 nbytes=17547264 fd=O_DIRECT
  L2 want=17547264 slot=17547264 nbytes=17547264 fd=O_DIRECT
  L2 want=17547264 slot=17547264 nbytes=17547264 fd=O_DIRECT
  L2 want=17547264 slot=17547264 nbytes=17547264 fd=O_DIRECT
  L2 want=17547264 slot=17547264 nbytes=17547264 fd=O_DIRECT
  L2 want=17547264 slot=17547264 nbytes=17547264 fd=O_DIRECT
  L2 want=17547264 slot=17547264 nbytes=17547264 fd=O_DIRECT
  L2 want=17547264 slot=17547264 nbytes=17547264 fd=O_DIRECT
  L2 want=17547264 slot=17547264 nbytes=17547264 fd=O_DIRECT
  L2 want=17547264 slot=17547264 nbytes=17547264 fd=O_DIRECT
  L2 want=17547264 slot=17547264 nbytes=17547264 fd=O_DIRECT
  L2 want=17547264 slot=17547264 nbytes=17547264 fd=O_DIRECT
  L2 want=17547264 slot=17547264 nbytes=17547264 fd=O_DIRECT
  L2 want=17547264 slot=17547264 nbytes=17547264 fd=O_DIRECT
  L2 want=17547264 slot=17547264 nbytes=17547264 fd=O_DIRECT
DBG getmany L65 nw=16 wall=0.580s thr(out)1 thr(in)16 conc_peak=16 pread=0.000s
  L2 want=17547264 slot=17547264 nbytes=17547264 fd=O_DIRECT
  L2 want=17547264 slot=17547264 nbytes=17547264 fd=O_DIRECT
  L2 want=17547264 slot=17547264 nbytes=17547264 fd=O_DIRECT
  L2 want=17547264 slot=17547264 nbytes=17547264 fd=O_DIRECT
  L2 want=17547264 slot=17547264 nbytes=17547264 fd=O_DIRECT
  L2 want=17547264 slot=17547264 nbytes=17547264 fd=O_DIRECT
  L2 want=17547264 slot=17547264 nbytes=17547264 fd=O_DIRECT
  L2 want=17547264 slot=17547264 nbytes=17547264 fd=O_DIRECT
  L2 want=17547264 slot=17547264 nbytes=17547264 fd=O_DIRECT
  L2 want=17547264 slot=17547264 nbytes=17547264 fd=O_DIRECT
  L2 want=17547264 slot=17547264 nbytes=17547264 fd=O_DIRECT
  L2 want=17547264 slot=17547264 nbytes=17547264 fd=O_DIRECT
  L2 want=17547264 slot=17547264 nbytes=17547264 fd=O_DIRECT
  L2 want=17547264 slot=17547264 nbytes=17547264 fd=O_DIRECT
  L2 want=17547264 slot=17547264 nbytes=17547264 fd=O_DIRECT
  L2 want=17547264 slot=17547264 nbytes=17547264 fd=O_DIRECT
DBG getmany L66 nw=16 wall=0.425s thr(out)1 thr(in)16 conc_peak=16 pread=0.000s
DBG getmany L67 nw=16 wall=0.589s thr(out)1 thr(in)16 conc_peak=16 pread=0.000s
  L2 want=17547264 slot=17547264 nbytes=17547264 fd=O_DIRECT
  L2 want=17547264 slot=17547264 nbytes=17547264 fd=O_DIRECT
  L2 want=17547264 slot=17547264 nbytes=17547264 fd=O_DIRECT
  L2 want=17547264 slot=17547264 nbytes=17547264 fd=O_DIRECT
  L2 want=17547264 slot=17547264 nbytes=17547264 fd=O_DIRECT
  L2 want=17547264 slot=17547264 nbytes=17547264 fd=O_DIRECT
  L2 want=17547264 slot=17547264 nbytes=17547264 fd=O_DIRECT
  L2 want=17547264 slot=17547264 nbytes=17547264 fd=O_DIRECT
  L2 want=17547264 slot=17547264 nbytes=17547264 fd=O_DIRECT
  L2 want=17547264 slot=17547264 nbytes=17547264 fd=O_DIRECT
  L2 want=17547264 slot=17547264 nbytes=17547264 fd=O_DIRECT
  L2 want=17547264 slot=17547264 nbytes=17547264 fd=O_DIRECT
  L2 want=17547264 slot=17547264 nbytes=17547264 fd=O_DIRECT
  L2 want=17547264 slot=17547264 nbytes=17547264 fd=O_DIRECT
  L2 want=17547264 slot=17547264 nbytes=17547264 fd=O_DIRECT
  L2 want=17547264 slot=17547264 nbytes=17547264 fd=O_DIRECT
DBG getmany L68 nw=16 wall=0.543s thr(out)1 thr(in)16 conc_peak=16 pread=0.000s
  L2 want=17547264 slot=17547264 nbytes=17547264 fd=O_DIRECT
  L2 want=17547264 slot=17547264 nbytes=17547264 fd=O_DIRECT
  L2 want=17547264 slot=17547264 nbytes=17547264 fd=O_DIRECT
  L2 want=17547264 slot=17547264 nbytes=17547264 fd=O_DIRECT
  L2 want=17547264 slot=17547264 nbytes=17547264 fd=O_DIRECT
  L2 want=17547264 slot=17547264 nbytes=17547264 fd=O_DIRECT
  L2 want=17547264 slot=17547264 nbytes=17547264 fd=O_DIRECT
  L2 want=17547264 slot=17547264 nbytes=17547264 fd=O_DIRECT
  L2 want=17547264 slot=17547264 nbytes=17547264 fd=O_DIRECT
  L2 want=17547264 slot=17547264 nbytes=17547264 fd=O_DIRECT
  L2 want=17547264 slot=17547264 nbytes=17547264 fd=O_DIRECT
  L2 want=17547264 slot=17547264 nbytes=17547264 fd=O_DIRECT
  L2 want=17547264 slot=17547264 nbytes=17547264 fd=O_DIRECT
  L2 want=17547264 slot=17547264 nbytes=17547264 fd=O_DIRECT
  L2 want=17547264 slot=17547264 nbytes=17547264 fd=O_DIRECT
  L2 want=17547264 slot=17547264 nbytes=17547264 fd=O_DIRECT
DBG getmany L69 nw=16 wall=0.539s thr(out)1 thr(in)16 conc_peak=16 pread=0.000s
DBG getmany L70 nw=16 wall=0.430s thr(out)1 thr(in)16 conc_peak=16 pread=0.000s
  L2 want=17547264 slot=17547264 nbytes=17547264 fd=O_DIRECT
  L2 want=17547264 slot=17547264 nbytes=17547264 fd=O_DIRECT
  L2 want=17547264 slot=17547264 nbytes=17547264 fd=O_DIRECT
  L2 want=17547264 slot=17547264 nbytes=17547264 fd=O_DIRECT
  L2 want=17547264 slot=17547264 nbytes=17547264 fd=O_DIRECT
  L2 want=17547264 slot=17547264 nbytes=17547264 fd=O_DIRECT
  L2 want=17547264 slot=17547264 nbytes=17547264 fd=O_DIRECT
  L2 want=17547264 slot=17547264 nbytes=17547264 fd=O_DIRECT
  L2 want=17547264 slot=17547264 nbytes=17547264 fd=O_DIRECT
  L2 want=17547264 slot=17547264 nbytes=17547264 fd=O_DIRECT
  L2 want=17547264 slot=17547264 nbytes=17547264 fd=O_DIRECT
  L2 want=17547264 slot=17547264 nbytes=17547264 fd=O_DIRECT
  L2 want=17547264 slot=17547264 nbytes=17547264 fd=O_DIRECT
  L2 want=17547264 slot=17547264 nbytes=17547264 fd=O_DIRECT
  L2 want=17547264 slot=17547264 nbytes=17547264 fd=O_DIRECT
  L2 want=17547264 slot=17547264 nbytes=17547264 fd=O_DIRECT
DBG getmany L71 nw=16 wall=0.623s thr(out)1 thr(in)16 conc_peak=16 pread=0.000s
  L2 want=17547264 slot=17547264 nbytes=17547264 fd=O_DIRECT
  L2 want=17547264 slot=17547264 nbytes=17547264 fd=O_DIRECT
  L2 want=17547264 slot=17547264 nbytes=17547264 fd=O_DIRECT
  L2 want=17547264 slot=17547264 nbytes=17547264 fd=O_DIRECT
  L2 want=17547264 slot=17547264 nbytes=17547264 fd=O_DIRECT
  L2 want=17547264 slot=17547264 nbytes=17547264 fd=O_DIRECT
  L2 want=17547264 slot=17547264 nbytes=17547264 fd=O_DIRECT
  L2 want=17547264 slot=17547264 nbytes=17547264 fd=O_DIRECT
  L2 want=17547264 slot=17547264 nbytes=17547264 fd=O_DIRECT
  L2 want=17547264 slot=17547264 nbytes=17547264 fd=O_DIRECT
  L2 want=17547264 slot=17547264 nbytes=17547264 fd=O_DIRECT
  L2 want=17547264 slot=17547264 nbytes=17547264 fd=O_DIRECT
  L2 want=17547264 slot=17547264 nbytes=17547264 fd=O_DIRECT
  L2 want=17547264 slot=17547264 nbytes=17547264 fd=O_DIRECT
  L2 want=17547264 slot=17547264 nbytes=17547264 fd=O_DIRECT
  L2 want=17547264 slot=17547264 nbytes=17547264 fd=O_DIRECT
DBG getmany L72 nw=16 wall=0.583s thr(out)1 thr(in)16 conc_peak=16 pread=0.000s
DBG getmany L73 nw=16 wall=0.599s thr(out)1 thr(in)16 conc_peak=16 pread=0.000s
DBG getmany L74 nw=16 wall=0.448s thr(out)1 thr(in)16 conc_peak=16 pread=0.000s
  L2 want=17547264 slot=17547264 nbytes=17547264 fd=O_DIRECT
  L2 want=17547264 slot=17547264 nbytes=17547264 fd=O_DIRECT
  L2 want=17547264 slot=17547264 nbytes=17547264 fd=O_DIRECT
  L2 want=17547264 slot=17547264 nbytes=17547264 fd=O_DIRECT
  L2 want=17547264 slot=17547264 nbytes=17547264 fd=O_DIRECT
  L2 want=17547264 slot=17547264 nbytes=17547264 fd=O_DIRECT
  L2 want=17547264 slot=17547264 nbytes=17547264 fd=O_DIRECT
  L2 want=17547264 slot=17547264 nbytes=17547264 fd=O_DIRECT
  L2 want=17547264 slot=17547264 nbytes=17547264 fd=O_DIRECT
  L2 want=17547264 slot=17547264 nbytes=17547264 fd=O_DIRECT
  L2 want=17547264 slot=17547264 nbytes=17547264 fd=O_DIRECT
  L2 want=17547264 slot=17547264 nbytes=17547264 fd=O_DIRECT
  L2 want=17547264 slot=17547264 nbytes=17547264 fd=O_DIRECT
  L2 want=17547264 slot=17547264 nbytes=17547264 fd=O_DIRECT
  L2 want=17547264 slot=17547264 nbytes=17547264 fd=O_DIRECT
  L2 want=17547264 slot=17547264 nbytes=17547264 fd=O_DIRECT
DBG getmany L75 nw=16 wall=4.197s thr(out)1 thr(in)16 conc_peak=16 pread=0.000s
  L2 want=17547264 slot=17547264 nbytes=17547264 fd=O_DIRECT
  L2 want=17547264 slot=17547264 nbytes=17547264 fd=O_DIRECT
  L2 want=17547264 slot=17547264 nbytes=17547264 fd=O_DIRECT
  L2 want=17547264 slot=17547264 nbytes=17547264 fd=O_DIRECT
  L2 want=17547264 slot=17547264 nbytes=17547264 fd=O_DIRECT
  L2 want=17547264 slot=17547264 nbytes=17547264 fd=O_DIRECT
  L2 want=17547264 slot=17547264 nbytes=17547264 fd=O_DIRECT
  L2 want=17547264 slot=17547264 nbytes=17547264 fd=O_DIRECT
  L2 want=17547264 slot=17547264 nbytes=17547264 fd=O_DIRECT
  L2 want=17547264 slot=17547264 nbytes=17547264 fd=O_DIRECT
  L2 want=17547264 slot=17547264 nbytes=17547264 fd=O_DIRECT
  L2 want=17547264 slot=17547264 nbytes=17547264 fd=O_DIRECT
  L2 want=17547264 slot=17547264 nbytes=17547264 fd=O_DIRECT
  L2 want=17547264 slot=17547264 nbytes=17547264 fd=O_DIRECT
  L2 want=17547264 slot=17547264 nbytes=17547264 fd=O_DIRECT
  L2 want=17547264 slot=17547264 nbytes=17547264 fd=O_DIRECT
DBG getmany L76 nw=16 wall=10.819s thr(out)1 thr(in)16 conc_peak=16 pread=0.000s
DBG getmany L77 nw=16 wall=10.058s thr(out)1 thr(in)16 conc_peak=16 pread=0.000s
DBG getmany L78 nw=16 wall=9.298s thr(out)1 thr(in)16 conc_peak=16 pread=0.000s
  L2 want=17547264 slot=17547264 nbytes=17547264 fd=O_DIRECT
  L2 want=17547264 slot=17547264 nbytes=17547264 fd=O_DIRECT
  L2 want=17547264 slot=17547264 nbytes=17547264 fd=O_DIRECT
  L2 want=17547264 slot=17547264 nbytes=17547264 fd=O_DIRECT
  L2 want=17547264 slot=17547264 nbytes=17547264 fd=O_DIRECT
  L2 want=17547264 slot=17547264 nbytes=17547264 fd=O_DIRECT
  L2 want=17547264 slot=17547264 nbytes=17547264 fd=O_DIRECT
  L2 want=17547264 slot=17547264 nbytes=17547264 fd=O_DIRECT
  L2 want=17547264 slot=17547264 nbytes=17547264 fd=O_DIRECT
  L2 want=17547264 slot=17547264 nbytes=17547264 fd=O_DIRECT
  L2 want=17547264 slot=17547264 nbytes=17547264 fd=O_DIRECT
  L2 want=17547264 slot=17547264 nbytes=17547264 fd=O_DIRECT
  L2 want=17547264 slot=17547264 nbytes=17547264 fd=O_DIRECT
  L2 want=17547264 slot=17547264 nbytes=17547264 fd=O_DIRECT
  L2 want=17547264 slot=17547264 nbytes=17547264 fd=O_DIRECT
  L2 want=17547264 slot=17547264 nbytes=17547264 fd=O_DIRECT
DBG getmany L79 nw=16 wall=7.831s thr(out)1 thr(in)16 conc_peak=16 pread=0.000s
DBG getmany L80 nw=16 wall=8.737s thr(out)1 thr(in)16 conc_peak=16 pread=0.000s
DBG getmany L81 nw=16 wall=7.688s thr(out)1 thr(in)16 conc_peak=16 pread=0.000s
DBG getmany L82 nw=16 wall=6.747s thr(out)1 thr(in)16 conc_peak=16 pread=0.000s
DBG getmany L83 nw=16 wall=8.575s thr(out)1 thr(in)16 conc_peak=16 pread=0.000s
DBG getmany L84 nw=16 wall=15.505s thr(out)1 thr(in)16 conc_peak=16 pread=0.000s
  L2 want=17547264 slot=17547264 nbytes=17547264 fd=O_DIRECT
  L2 want=17547264 slot=17547264 nbytes=17547264 fd=O_DIRECT
  L2 want=17547264 slot=17547264 nbytes=17547264 fd=O_DIRECT
  L2 want=17547264 slot=17547264 nbytes=17547264 fd=O_DIRECT
  L2 want=17547264 slot=17547264 nbytes=17547264 fd=O_DIRECT
  L2 want=17547264 slot=17547264 nbytes=17547264 fd=O_DIRECT
  L2 want=17547264 slot=17547264 nbytes=17547264 fd=O_DIRECT
  L2 want=17547264 slot=17547264 nbytes=17547264 fd=O_DIRECT
  L2 want=17547264 slot=17547264 nbytes=17547264 fd=O_DIRECT
  L2 want=17547264 slot=17547264 nbytes=17547264 fd=O_DIRECT
  L2 want=17547264 slot=17547264 nbytes=17547264 fd=O_DIRECT
  L2 want=17547264 slot=17547264 nbytes=17547264 fd=O_DIRECT
  L2 want=17547264 slot=17547264 nbytes=17547264 fd=O_DIRECT
  L2 want=17547264 slot=17547264 nbytes=17547264 fd=O_DIRECT
  L2 want=17547264 slot=17547264 nbytes=17547264 fd=O_DIRECT
  L2 want=17547264 slot=17547264 nbytes=17547264 fd=O_DIRECT
DBG getmany L85 nw=16 wall=27.387s thr(out)1 thr(in)16 conc_peak=16 pread=0.000s
  L2 want=17547264 slot=17547264 nbytes=17547264 fd=O_DIRECT
  L2 want=17547264 slot=17547264 nbytes=17547264 fd=O_DIRECT
  L2 want=17547264 slot=17547264 nbytes=17547264 fd=O_DIRECT
  L2 want=17547264 slot=17547264 nbytes=17547264 fd=O_DIRECT
  L2 want=17547264 slot=17547264 nbytes=17547264 fd=O_DIRECT
  L2 want=17547264 slot=17547264 nbytes=17547264 fd=O_DIRECT
  L2 want=17547264 slot=17547264 nbytes=17547264 fd=O_DIRECT
  L2 want=17547264 slot=17547264 nbytes=17547264 fd=O_DIRECT
  L2 want=17547264 slot=17547264 nbytes=17547264 fd=O_DIRECT
  L2 want=17547264 slot=17547264 nbytes=17547264 fd=O_DIRECT
  L2 want=17547264 slot=17547264 nbytes=17547264 fd=O_DIRECT
  L2 want=17547264 slot=17547264 nbytes=17547264 fd=O_DIRECT
  L2 want=17547264 slot=17547264 nbytes=17547264 fd=O_DIRECT
  L2 want=17547264 slot=17547264 nbytes=17547264 fd=O_DIRECT
  L2 want=17547264 slot=17547264 nbytes=17547264 fd=O_DIRECT
  L2 want=17547264 slot=17547264 nbytes=17547264 fd=O_DIRECT
DBG getmany L86 nw=16 wall=12.582s thr(out)1 thr(in)16 conc_peak=16 pread=0.000s
DBG getmany L87 nw=16 wall=0.557s thr(out)1 thr(in)16 conc_peak=16 pread=0.000s
DBG getmany L88 nw=16 wall=1.224s thr(out)1 thr(in)16 conc_peak=16 pread=0.000s
  L2 want=17547264 slot=17547264 nbytes=17547264 fd=O_DIRECT
  L2 want=17547264 slot=17547264 nbytes=17547264 fd=O_DIRECT
  L2 want=17547264 slot=17547264 nbytes=17547264 fd=O_DIRECT
  L2 want=17547264 slot=17547264 nbytes=17547264 fd=O_DIRECT
  L2 want=17547264 slot=17547264 nbytes=17547264 fd=O_DIRECT
  L2 want=17547264 slot=17547264 nbytes=17547264 fd=O_DIRECT
  L2 want=17547264 slot=17547264 nbytes=17547264 fd=O_DIRECT
  L2 want=17547264 slot=17547264 nbytes=17547264 fd=O_DIRECT
  L2 want=17547264 slot=17547264 nbytes=17547264 fd=O_DIRECT
  L2 want=17547264 slot=17547264 nbytes=17547264 fd=O_DIRECT
  L2 want=17547264 slot=17547264 nbytes=17547264 fd=O_DIRECT
  L2 want=17547264 slot=17547264 nbytes=17547264 fd=O_DIRECT
  L2 want=17547264 slot=17547264 nbytes=17547264 fd=O_DIRECT
  L2 want=17547264 slot=17547264 nbytes=17547264 fd=O_DIRECT
  L2 want=17547264 slot=17547264 nbytes=17547264 fd=O_DIRECT
  L2 want=17547264 slot=17547264 nbytes=17547264 fd=O_DIRECT
DBG getmany L89 nw=16 wall=0.419s thr(out)1 thr(in)16 conc_peak=16 pread=0.000s
  L2 want=17547264 slot=17547264 nbytes=17547264 fd=O_DIRECT
  L2 want=17547264 slot=17547264 nbytes=17547264 fd=O_DIRECT
  L2 want=17547264 slot=17547264 nbytes=17547264 fd=O_DIRECT
  L2 want=17547264 slot=17547264 nbytes=17547264 fd=O_DIRECT
  L2 want=17547264 slot=17547264 nbytes=17547264 fd=O_DIRECT
  L2 want=17547264 slot=17547264 nbytes=17547264 fd=O_DIRECT
  L2 want=17547264 slot=17547264 nbytes=17547264 fd=O_DIRECT
  L2 want=17547264 slot=17547264 nbytes=17547264 fd=O_DIRECT
  L2 want=17547264 slot=17547264 nbytes=17547264 fd=O_DIRECT
  L2 want=17547264 slot=17547264 nbytes=17547264 fd=O_DIRECT
  L2 want=17547264 slot=17547264 nbytes=17547264 fd=O_DIRECT
  L2 want=17547264 slot=17547264 nbytes=17547264 fd=O_DIRECT
  L2 want=17547264 slot=17547264 nbytes=17547264 fd=O_DIRECT
  L2 want=17547264 slot=17547264 nbytes=17547264 fd=O_DIRECT
  L2 want=17547264 slot=17547264 nbytes=17547264 fd=O_DIRECT
  L2 want=17547264 slot=17547264 nbytes=17547264 fd=O_DIRECT
DBG getmany L90 nw=16 wall=0.349s thr(out)1 thr(in)16 conc_peak=16 pread=0.000s
  L2 want=17547264 slot=17547264 nbytes=17547264 fd=O_DIRECT
  L2 want=17547264 slot=17547264 nbytes=17547264 fd=O_DIRECT
  L2 want=17547264 slot=17547264 nbytes=17547264 fd=O_DIRECT
  L2 want=17547264 slot=17547264 nbytes=17547264 fd=O_DIRECT
  L2 want=17547264 slot=17547264 nbytes=17547264 fd=O_DIRECT
  L2 want=17547264 slot=17547264 nbytes=17547264 fd=O_DIRECT
  L2 want=17547264 slot=17547264 nbytes=17547264 fd=O_DIRECT
  L2 want=17547264 slot=17547264 nbytes=17547264 fd=O_DIRECT
  L2 want=17547264 slot=17547264 nbytes=17547264 fd=O_DIRECT
  L2 want=17547264 slot=17547264 nbytes=17547264 fd=O_DIRECT
  L2 want=17547264 slot=17547264 nbytes=17547264 fd=O_DIRECT
  L2 want=17547264 slot=17547264 nbytes=17547264 fd=O_DIRECT
  L2 want=17547264 slot=17547264 nbytes=17547264 fd=O_DIRECT
  L2 want=17547264 slot=17547264 nbytes=17547264 fd=O_DIRECT
  L2 want=17547264 slot=17547264 nbytes=17547264 fd=O_DIRECT
  L2 want=17547264 slot=17547264 nbytes=17547264 fd=O_DIRECT
DBG getmany L91 nw=16 wall=0.574s thr(out)1 thr(in)16 conc_peak=16 pread=0.000s
  L2 want=17547264 slot=17547264 nbytes=17547264 fd=O_DIRECT
  L2 want=17547264 slot=17547264 nbytes=17547264 fd=O_DIRECT
  L2 want=17547264 slot=17547264 nbytes=17547264 fd=O_DIRECT
  L2 want=17547264 slot=17547264 nbytes=17547264 fd=O_DIRECT
  L2 want=17547264 slot=17547264 nbytes=17547264 fd=O_DIRECT
  L2 want=17547264 slot=17547264 nbytes=17547264 fd=O_DIRECT
  L2 want=17547264 slot=17547264 nbytes=17547264 fd=O_DIRECT
  L2 want=17547264 slot=17547264 nbytes=17547264 fd=O_DIRECT
  L2 want=17547264 slot=17547264 nbytes=17547264 fd=O_DIRECT
  L2 want=17547264 slot=17547264 nbytes=17547264 fd=O_DIRECT
  L2 want=17547264 slot=17547264 nbytes=17547264 fd=O_DIRECT
  L2 want=17547264 slot=17547264 nbytes=17547264 fd=O_DIRECT
  L2 want=17547264 slot=17547264 nbytes=17547264 fd=O_DIRECT
  L2 want=17547264 slot=17547264 nbytes=17547264 fd=O_DIRECT
  L2 want=17547264 slot=17547264 nbytes=17547264 fd=O_DIRECT
  L2 want=17547264 slot=17547264 nbytes=17547264 fd=O_DIRECT
DBG getmany L92 nw=16 wall=0.157s thr(out)1 thr(in)16 conc_peak=16 pread=0.000s
config: /model/config.json (nested shape) | hidden=7168 layers=93 vocab=163840 | 24 MLA + 69 KDA | experts 896 top16 shared2 | latent=3584
  KV cache : 11.85 MB for 5 positions (2.37 MB/position)
Kimi K3, pure C, released checkpoint
  model    : /model
  prompt   : 1 tokens, generating 3

indexed 497220 tensors from 96 shards in 0.49 s
trunk on disk : 110.00 GB total (STREAMED from /mnt/nvme/trunk_layers_out, not held in RAM)

memory plan
  trunk (STREAMED) 24.00 GB
  embed + lm_head  4.70 GB
  expert cache     24.00 GB
  recurrent state  626.25 MB
  buffers          4.68 MB
  KV cache         11.83 MB
  TOTAL            53.34 GB
  available        57.77 GB

k3_trunk: trunk.bin absent - using per-layer slices (layer_%03d.bin)
trunk stream: 56.60 GB packed, 15/93 layers PINNED (20.61 GB), ring 2 x 1.30 GB
              reads use buffered I/O
              ring holds 2 slots: layers repeat over ~2 tokens, so recent ones are reused instead of re-read
trunk streaming enabled from /mnt/nvme/trunk_layers_out in 0.0 s
embedding, final norm and lm_head: 4.70 GB in 4.8 s

expert L1 eviction policy: heat
async expert prefetch: lookahead depth 1 layer(s)
expert L2 cache enabled: 14589 slots x 17.55 MB = 256.00 GB on /mnt/nvme/experts.l2
expert L2 exact: nslot=14589 slot_bytes=17547264 l2_slot=17547264 K3_ST_ALIGN=4096
expert L2 eviction policy: heat
peak RSS after loading weights: 4.78 GB  (the plan above is a forecast, this is measured)
expert cache: 1367 slots x 17.56 MB = 24.00 GB (1.66% of the 1.45 TB expert pool)

recurrent state for 93 layers: 626.25 MB

incremental decode: KV cache 11.83 MB for 24 MLA layers at 5 positions

STEP   TOKEN      SECONDS      CACHE HIT  READ GB    TOK/S
--------------------------------------------------------------------
0      220        212.09       100.0      25.83      0.005
  L2   resident=6779/14589 slots hit=100.0% read=25.83GB write=0.00GB
  L2 want=17547264 slot=17547264 nbytes=17547264 fd=O_DIRECT
  L2 want=17547264 slot=17547264 nbytes=17547264 fd=O_DIRECT
  L2 want=17547264 slot=17547264 nbytes=17547264 fd=O_DIRECT
  L2 want=17547264 slot=17547264 nbytes=17547264 fd=O_DIRECT
  L2 want=17547264 slot=17547264 nbytes=17547264 fd=O_DIRECT
  L2 want=17547264 slot=17547264 nbytes=17547264 fd=O_DIRECT
  L2 want=17547264 slot=17547264 nbytes=17547264 fd=O_DIRECT
  L2 want=17547264 slot=17547264 nbytes=17547264 fd=O_DIRECT
  L2 want=17547264 slot=17547264 nbytes=17547264 fd=O_DIRECT
  L2 want=17547264 slot=17547264 nbytes=17547264 fd=O_DIRECT
  L2 want=17547264 slot=17547264 nbytes=17547264 fd=O_DIRECT
  L2 want=17547264 slot=17547264 nbytes=17547264 fd=O_DIRECT
  L2 want=17547264 slot=17547264 nbytes=17547264 fd=O_DIRECT
  L2 want=17547264 slot=17547264 nbytes=17547264 fd=O_DIRECT
  L2 want=17547264 slot=17547264 nbytes=17547264 fd=O_DIRECT
  L2 want=17547264 slot=17547264 nbytes=17547264 fd=O_DIRECT
  L2 want=17547264 slot=17547264 nbytes=17547264 fd=O_DIRECT
  L2 want=17547264 slot=17547264 nbytes=17547264 fd=O_DIRECT
  L2 want=17547264 slot=17547264 nbytes=17547264 fd=O_DIRECT
  L2 want=17547264 slot=17547264 nbytes=17547264 fd=O_DIRECT
  L2 want=17547264 slot=17547264 nbytes=17547264 fd=O_DIRECT
  L2 want=17547264 slot=17547264 nbytes=17547264 fd=O_DIRECT
  L2 want=17547264 slot=17547264 nbytes=17547264 fd=O_DIRECT
  L2 want=17547264 slot=17547264 nbytes=17547264 fd=O_DIRECT
  L2 want=17547264 slot=17547264 nbytes=17547264 fd=O_DIRECT
  L2 want=17547264 slot=17547264 nbytes=17547264 fd=O_DIRECT
  L2 want=17547264 slot=17547264 nbytes=17547264 fd=O_DIRECT
  L2 want=17547264 slot=17547264 nbytes=17547264 fd=O_DIRECT
  L2 want=17547264 slot=17547264 nbytes=17547264 fd=O_DIRECT
  L2 want=17547264 slot=17547264 nbytes=17547264 fd=O_DIRECT
  L2 want=17547264 slot=17547264 nbytes=17547264 fd=O_DIRECT
  L2 want=17547264 slot=17547264 nbytes=17547264 fd=O_DIRECT
DBG getmany L1 nw=16 wall=0.303s thr(out)1 thr(in)16 conc_peak=16 pread=0.000s [reader]
  L2 want=17547264 slot=17547264 nbytes=17547264 fd=O_DIRECT
  L2 want=17547264 slot=17547264 nbytes=17547264 fd=O_DIRECT
  L2 want=17547264 slot=17547264 nbytes=17547264 fd=O_DIRECT
  L2 want=17547264 slot=17547264 nbytes=17547264 fd=O_DIRECT
  L2 want=17547264 slot=17547264 nbytes=17547264 fd=O_DIRECT
  L2 want=17547264 slot=17547264 nbytes=17547264 fd=O_DIRECT
  L2 want=17547264 slot=17547264 nbytes=17547264 fd=O_DIRECT
  L2 want=17547264 slot=17547264 nbytes=17547264 fd=O_DIRECT
  L2 want=17547264 slot=17547264 nbytes=17547264 fd=O_DIRECT
  L2 want=17547264 slot=17547264 nbytes=17547264 fd=O_DIRECT
  L2 want=17547264 slot=17547264 nbytes=17547264 fd=O_DIRECT
  L2 want=17547264 slot=17547264 nbytes=17547264 fd=O_DIRECT
  L2 want=17547264 slot=17547264 nbytes=17547264 fd=O_DIRECT
  L2 want=17547264 slot=17547264 nbytes=17547264 fd=O_DIRECT
  L2 want=17547264 slot=17547264 nbytes=17547264 fd=O_DIRECT
  L2 want=17547264 slot=17547264 nbytes=17547264 fd=O_DIRECT
DBG getmany L1 nw=16 wall=0.264s thr(out)1 thr(in)16 conc_peak=16 pread=0.000s
DBG getmany L2 nw=16 wall=0.459s thr(out)1 thr(in)16 conc_peak=16 pread=0.000s [reader]
DBG getmany L3 nw=16 wall=0.364s thr(out)1 thr(in)16 conc_peak=16 pread=0.000s [reader]
DBG getmany L2 nw=15 wall=0.335s thr(out)1 thr(in)16 conc_peak=15 pread=0.000s
  L2 want=17547264 slot=17547264 nbytes=17547264 fd=O_DIRECT
  L2 want=17547264 slot=17547264 nbytes=17547264 fd=O_DIRECT
  L2 want=17547264 slot=17547264 nbytes=17547264 fd=O_DIRECT
  L2 want=17547264 slot=17547264 nbytes=17547264 fd=O_DIRECT
  L2 want=17547264 slot=17547264 nbytes=17547264 fd=O_DIRECT
  L2 want=17547264 slot=17547264 nbytes=17547264 fd=O_DIRECT
  L2 want=17547264 slot=17547264 nbytes=17547264 fd=O_DIRECT
  L2 want=17547264 slot=17547264 nbytes=17547264 fd=O_DIRECT
  L2 want=17547264 slot=17547264 nbytes=17547264 fd=O_DIRECT
  L2 want=17547264 slot=17547264 nbytes=17547264 fd=O_DIRECT
  L2 want=17547264 slot=17547264 nbytes=17547264 fd=O_DIRECT
  L2 want=17547264 slot=17547264 nbytes=17547264 fd=O_DIRECT
  L2 want=17547264 slot=17547264 nbytes=17547264 fd=O_DIRECT
  L2 want=17547264 slot=17547264 nbytes=17547264 fd=O_DIRECT
  L2 want=17547264 slot=17547264 nbytes=17547264 fd=O_DIRECT
  L2 want=17547264 slot=17547264 nbytes=17547264 fd=O_DIRECT
  L2 want=17547264 slot=17547264 nbytes=17547264 fd=O_DIRECT
  L2 want=17547264 slot=17547264 nbytes=17547264 fd=O_DIRECT
  L2 want=17547264 slot=17547264 nbytes=17547264 fd=O_DIRECT
  L2 want=17547264 slot=17547264 nbytes=17547264 fd=O_DIRECT
  L2 want=17547264 slot=17547264 nbytes=17547264 fd=O_DIRECT
  L2 want=17547264 slot=17547264 nbytes=17547264 fd=O_DIRECT
  L2 want=17547264 slot=17547264 nbytes=17547264 fd=O_DIRECT
  L2 want=17547264 slot=17547264 nbytes=17547264 fd=O_DIRECT
  L2 want=17547264 slot=17547264 nbytes=17547264 fd=O_DIRECT
  L2 want=17547264 slot=17547264 nbytes=17547264 fd=O_DIRECT
  L2 want=17547264 slot=17547264 nbytes=17547264 fd=O_DIRECT
DBG getmany L4 nw=16 wall=0.563s thr(out)1 thr(in)16 conc_peak=16 pread=0.000s [reader]
DBG getmany L3 nw=11 wall=0.343s thr(out)1 thr(in)16 conc_peak=11 pread=0.000s
DBG getmany L5 nw=16 wall=0.159s thr(out)1 thr(in)16 conc_peak=16 pread=0.000s [reader]
DBG getmany L4 nw=15 wall=0.211s thr(out)1 thr(in)16 conc_peak=15 pread=0.000s
  L2 want=17547264 slot=17547264 nbytes=17547264 fd=O_DIRECT
  L2 want=17547264 slot=17547264 nbytes=17547264 fd=O_DIRECT
  L2 want=17547264 slot=17547264 nbytes=17547264 fd=O_DIRECT
  L2 want=17547264 slot=17547264 nbytes=17547264 fd=O_DIRECT
  L2 want=17547264 slot=17547264 nbytes=17547264 fd=O_DIRECT
  L2 want=17547264 slot=17547264 nbytes=17547264 fd=O_DIRECT
  L2 want=17547264 slot=17547264 nbytes=17547264 fd=O_DIRECT
  L2 want=17547264 slot=17547264 nbytes=17547264 fd=O_DIRECT
  L2 want=17547264 slot=17547264 nbytes=17547264 fd=O_DIRECT
  L2 want=17547264 slot=17547264 nbytes=17547264 fd=O_DIRECT
  L2 want=17547264 slot=17547264 nbytes=17547264 fd=O_DIRECT
  L2 want=17547264 slot=17547264 nbytes=17547264 fd=O_DIRECT
  L2 want=17547264 slot=17547264 nbytes=17547264 fd=O_DIRECT
  L2 want=17547264 slot=17547264 nbytes=17547264 fd=O_DIRECT
  L2 want=17547264 slot=17547264 nbytes=17547264 fd=O_DIRECT
  L2 want=17547264 slot=17547264 nbytes=17547264 fd=O_DIRECT
  L2 want=17547264 slot=17547264 nbytes=17547264 fd=O_DIRECT
  L2 want=17547264 slot=17547264 nbytes=17547264 fd=O_DIRECT
  L2 want=17547264 slot=17547264 nbytes=17547264 fd=O_DIRECT
  L2 want=17547264 slot=17547264 nbytes=17547264 fd=O_DIRECT
  L2 want=17547264 slot=17547264 nbytes=17547264 fd=O_DIRECT
  L2 want=17547264 slot=17547264 nbytes=17547264 fd=O_DIRECT
  L2 want=17547264 slot=17547264 nbytes=17547264 fd=O_DIRECT
  L2 want=17547264 slot=17547264 nbytes=17547264 fd=O_DIRECT
  L2 want=17547264 slot=17547264 nbytes=17547264 fd=O_DIRECT
  L2 want=17547264 slot=17547264 nbytes=17547264 fd=O_DIRECT
  L2 want=17547264 slot=17547264 nbytes=17547264 fd=O_DIRECT
  L2 want=17547264 slot=17547264 nbytes=17547264 fd=O_DIRECT
  L2 want=17547264 slot=17547264 nbytes=17547264 fd=O_DIRECT
  L2 want=17547264 slot=17547264 nbytes=17547264 fd=O_DIRECT
  L2 want=17547264 slot=17547264 nbytes=17547264 fd=O_DIRECT
DBG getmany L6 nw=16 wall=0.178s thr(out)1 thr(in)16 conc_peak=16 pread=0.000s [reader]
DBG getmany L5 nw=15 wall=0.240s thr(out)1 thr(in)16 conc_peak=15 pread=0.000s
DBG getmany L7 nw=16 wall=0.177s thr(out)1 thr(in)16 conc_peak=16 pread=0.000s [reader]
DBG getmany L6 nw=14 wall=0.221s thr(out)1 thr(in)16 conc_peak=14 pread=0.000s
DBG getmany L8 nw=16 wall=0.219s thr(out)1 thr(in)16 conc_peak=16 pread=0.000s [reader]
DBG getmany L7 nw=14 wall=0.227s thr(out)1 thr(in)16 conc_peak=14 pread=0.000s
DBG getmany L9 nw=16 wall=0.219s thr(out)1 thr(in)16 conc_peak=16 pread=0.000s [reader]
DBG getmany L8 nw=16 wall=0.247s thr(out)1 thr(in)16 conc_peak=16 pread=0.000s
DBG getmany L10 nw=16 wall=0.167s thr(out)1 thr(in)16 conc_peak=16 pread=0.000s [reader]
  L2 want=17547264 slot=17547264 nbytes=17547264 fd=O_DIRECT
  L2 want=17547264 slot=17547264 nbytes=17547264 fd=O_DIRECT
  L2 want=17547264 slot=17547264 nbytes=17547264 fd=O_DIRECT
  L2 want=17547264 slot=17547264 nbytes=17547264 fd=O_DIRECT
  L2 want=17547264 slot=17547264 nbytes=17547264 fd=O_DIRECT
  L2 want=17547264 slot=17547264 nbytes=17547264 fd=O_DIRECT
  L2 want=17547264 slot=17547264 nbytes=17547264 fd=O_DIRECT
  L2 want=17547264 slot=17547264 nbytes=17547264 fd=O_DIRECT
  L2 want=17547264 slot=17547264 nbytes=17547264 fd=O_DIRECT
  L2 want=17547264 slot=17547264 nbytes=17547264 fd=O_DIRECT
  L2 want=17547264 slot=17547264 nbytes=17547264 fd=O_DIRECT
  L2 want=17547264 slot=17547264 nbytes=17547264 fd=O_DIRECT
  L2 want=17547264 slot=17547264 nbytes=17547264 fd=O_DIRECT
DBG getmany L9 nw=13 wall=0.341s thr(out)1 thr(in)16 conc_peak=13 pread=0.000s
DBG getmany L10 nw=14 wall=0.187s thr(out)1 thr(in)16 conc_peak=14 pread=0.000s
DBG getmany L11 nw=16 wall=0.309s thr(out)1 thr(in)16 conc_peak=16 pread=0.000s [reader]
DBG getmany L12 nw=16 wall=0.185s thr(out)1 thr(in)16 conc_peak=16 pread=0.000s [reader]
DBG getmany L11 nw=15 wall=0.251s thr(out)1 thr(in)16 conc_peak=15 pread=0.000s
DBG getmany L13 nw=16 wall=0.210s thr(out)1 thr(in)16 conc_peak=16 pread=0.000s [reader]
DBG getmany L12 nw=13 wall=0.248s thr(out)1 thr(in)16 conc_peak=13 pread=0.000s
  L2 want=17547264 slot=17547264 nbytes=17547264 fd=O_DIRECT
  L2 want=17547264 slot=17547264 nbytes=17547264 fd=O_DIRECT
  L2 want=17547264 slot=17547264 nbytes=17547264 fd=O_DIRECT
  L2 want=17547264 slot=17547264 nbytes=17547264 fd=O_DIRECT
  L2 want=17547264 slot=17547264 nbytes=17547264 fd=O_DIRECT
  L2 want=17547264 slot=17547264 nbytes=17547264 fd=O_DIRECT
  L2 want=17547264 slot=17547264 nbytes=17547264 fd=O_DIRECT
  L2 want=17547264 slot=17547264 nbytes=17547264 fd=O_DIRECT
  L2 want=17547264 slot=17547264 nbytes=17547264 fd=O_DIRECT
  L2 want=17547264 slot=17547264 nbytes=17547264 fd=O_DIRECT
  L2 want=17547264 slot=17547264 nbytes=17547264 fd=O_DIRECT
  L2 want=17547264 slot=17547264 nbytes=17547264 fd=O_DIRECT
  L2 want=17547264 slot=17547264 nbytes=17547264 fd=O_DIRECT
  L2 want=17547264 slot=17547264 nbytes=17547264 fd=O_DIRECT
  L2 want=17547264 slot=17547264 nbytes=17547264 fd=O_DIRECT
  L2 want=17547264 slot=17547264 nbytes=17547264 fd=O_DIRECT
  L2 want=17547264 slot=17547264 nbytes=17547264 fd=O_DIRECT
  L2 want=17547264 slot=17547264 nbytes=17547264 fd=O_DIRECT
  L2 want=17547264 slot=17547264 nbytes=17547264 fd=O_DIRECT
  L2 want=17547264 slot=17547264 nbytes=17547264 fd=O_DIRECT
  L2 want=17547264 slot=17547264 nbytes=17547264 fd=O_DIRECT
  L2 want=17547264 slot=17547264 nbytes=17547264 fd=O_DIRECT
  L2 want=17547264 slot=17547264 nbytes=17547264 fd=O_DIRECT
  L2 want=17547264 slot=17547264 nbytes=17547264 fd=O_DIRECT
  L2 want=17547264 slot=17547264 nbytes=17547264 fd=O_DIRECT
  L2 want=17547264 slot=17547264 nbytes=17547264 fd=O_DIRECT
  L2 want=17547264 slot=17547264 nbytes=17547264 fd=O_DIRECT
  L2 want=17547264 slot=17547264 nbytes=17547264 fd=O_DIRECT
  L2 want=17547264 slot=17547264 nbytes=17547264 fd=O_DIRECT
  L2 want=17547264 slot=17547264 nbytes=17547264 fd=O_DIRECT
DBG getmany L14 nw=16 wall=0.267s thr(out)1 thr(in)16 conc_peak=16 pread=0.000s [reader]
DBG getmany L13 nw=14 wall=0.264s thr(out)1 thr(in)16 conc_peak=14 pread=0.000s
  L2 want=17547264 slot=17547264 nbytes=17547264 fd=O_DIRECT
  L2 want=17547264 slot=17547264 nbytes=17547264 fd=O_DIRECT
  L2 want=17547264 slot=17547264 nbytes=17547264 fd=O_DIRECT
  L2 want=17547264 slot=17547264 nbytes=17547264 fd=O_DIRECT
  L2 want=17547264 slot=17547264 nbytes=17547264 fd=O_DIRECT
  L2 want=17547264 slot=17547264 nbytes=17547264 fd=O_DIRECT
  L2 want=17547264 slot=17547264 nbytes=17547264 fd=O_DIRECT
  L2 want=17547264 slot=17547264 nbytes=17547264 fd=O_DIRECT
  L2 want=17547264 slot=17547264 nbytes=17547264 fd=O_DIRECT
  L2 want=17547264 slot=17547264 nbytes=17547264 fd=O_DIRECT
  L2 want=17547264 slot=17547264 nbytes=17547264 fd=O_DIRECT
  L2 want=17547264 slot=17547264 nbytes=17547264 fd=O_DIRECT
  L2 want=17547264 slot=17547264 nbytes=17547264 fd=O_DIRECT
  L2 want=17547264 slot=17547264 nbytes=17547264 fd=O_DIRECT
  L2 want=17547264 slot=17547264 nbytes=17547264 fd=O_DIRECT
  L2 want=17547264 slot=17547264 nbytes=17547264 fd=O_DIRECT
  L2 want=17547264 slot=17547264 nbytes=17547264 fd=O_DIRECT
  L2 want=17547264 slot=17547264 nbytes=17547264 fd=O_DIRECT
  L2 want=17547264 slot=17547264 nbytes=17547264 fd=O_DIRECT
  L2 want=17547264 slot=17547264 nbytes=17547264 fd=O_DIRECT
  L2 want=17547264 slot=17547264 nbytes=17547264 fd=O_DIRECT
  L2 want=17547264 slot=17547264 nbytes=17547264 fd=O_DIRECT
  L2 want=17547264 slot=17547264 nbytes=17547264 fd=O_DIRECT
  L2 want=17547264 slot=17547264 nbytes=17547264 fd=O_DIRECT
  L2 want=17547264 slot=17547264 nbytes=17547264 fd=O_DIRECT
  L2 want=17547264 slot=17547264 nbytes=17547264 fd=O_DIRECT
  L2 want=17547264 slot=17547264 nbytes=17547264 fd=O_DIRECT
  L2 want=17547264 slot=17547264 nbytes=17547264 fd=O_DIRECT
  L2 want=17547264 slot=17547264 nbytes=17547264 fd=O_DIRECT
  L2 want=17547264 slot=17547264 nbytes=17547264 fd=O_DIRECT
  L2 want=17547264 slot=17547264 nbytes=17547264 fd=O_DIRECT
DBG getmany L15 nw=16 wall=0.707s thr(out)1 thr(in)16 conc_peak=16 pread=0.000s [reader]
DBG getmany L14 nw=15 wall=0.655s thr(out)1 thr(in)16 conc_peak=15 pread=0.000s
  L2 want=17547264 slot=17547264 nbytes=17547264 fd=O_DIRECT
  L2 want=17547264 slot=17547264 nbytes=17547264 fd=O_DIRECT
  L2 want=17547264 slot=17547264 nbytes=17547264 fd=O_DIRECT
  L2 want=17547264 slot=17547264 nbytes=17547264 fd=O_DIRECT
  L2 want=17547264 slot=17547264 nbytes=17547264 fd=O_DIRECT
  L2 want=17547264 slot=17547264 nbytes=17547264 fd=O_DIRECT
  L2 want=17547264 slot=17547264 nbytes=17547264 fd=O_DIRECT
  L2 want=17547264 slot=17547264 nbytes=17547264 fd=O_DIRECT
  L2 want=17547264 slot=17547264 nbytes=17547264 fd=O_DIRECT
  L2 want=17547264 slot=17547264 nbytes=17547264 fd=O_DIRECT
  L2 want=17547264 slot=17547264 nbytes=17547264 fd=O_DIRECT
  L2 want=17547264 slot=17547264 nbytes=17547264 fd=O_DIRECT
  L2 want=17547264 slot=17547264 nbytes=17547264 fd=O_DIRECT
  L2 want=17547264 slot=17547264 nbytes=17547264 fd=O_DIRECT
  L2 want=17547264 slot=17547264 nbytes=17547264 fd=O_DIRECT
  L2 want=17547264 slot=17547264 nbytes=17547264 fd=O_DIRECT
  L2 want=17547264 slot=17547264 nbytes=17547264 fd=O_DIRECT
  L2 want=17547264 slot=17547264 nbytes=17547264 fd=O_DIRECT
  L2 want=17547264 slot=17547264 nbytes=17547264 fd=O_DIRECT
  L2 want=17547264 slot=17547264 nbytes=17547264 fd=O_DIRECT
  L2 want=17547264 slot=17547264 nbytes=17547264 fd=O_DIRECT
  L2 want=17547264 slot=17547264 nbytes=17547264 fd=O_DIRECT
  L2 want=17547264 slot=17547264 nbytes=17547264 fd=O_DIRECT
  L2 want=17547264 slot=17547264 nbytes=17547264 fd=O_DIRECT
  L2 want=17547264 slot=17547264 nbytes=17547264 fd=O_DIRECT
  L2 want=17547264 slot=17547264 nbytes=17547264 fd=O_DIRECT
  L2 want=17547264 slot=17547264 nbytes=17547264 fd=O_DIRECT
  L2 want=17547264 slot=17547264 nbytes=17547264 fd=O_DIRECT
  L2 want=17547264 slot=17547264 nbytes=17547264 fd=O_DIRECT
  L2 want=17547264 slot=17547264 nbytes=17547264 fd=O_DIRECT
  L2 want=17547264 slot=17547264 nbytes=17547264 fd=O_DIRECT
DBG getmany L16 nw=16 wall=0.344s thr(out)1 thr(in)16 conc_peak=16 pread=0.000s [reader]
DBG getmany L15 nw=15 wall=0.652s thr(out)1 thr(in)16 conc_peak=15 pread=0.000s
DBG getmany L17 nw=16 wall=0.288s thr(out)1 thr(in)16 conc_peak=16 pread=0.000s [reader]
DBG getmany L16 nw=15 wall=0.599s thr(out)1 thr(in)16 conc_peak=15 pread=0.000s
DBG getmany L18 nw=16 wall=0.430s thr(out)1 thr(in)16 conc_peak=16 pread=0.000s [reader]
DBG getmany L17 nw=16 wall=0.674s thr(out)1 thr(in)16 conc_peak=16 pread=0.000s
  L2 want=17547264 slot=17547264 nbytes=17547264 fd=O_DIRECT
  L2 want=17547264 slot=17547264 nbytes=17547264 fd=O_DIRECT
  L2 want=17547264 slot=17547264 nbytes=17547264 fd=O_DIRECT
  L2 want=17547264 slot=17547264 nbytes=17547264 fd=O_DIRECT
  L2 want=17547264 slot=17547264 nbytes=17547264 fd=O_DIRECT
  L2 want=17547264 slot=17547264 nbytes=17547264 fd=O_DIRECT
  L2 want=17547264 slot=17547264 nbytes=17547264 fd=O_DIRECT
  L2 want=17547264 slot=17547264 nbytes=17547264 fd=O_DIRECT
  L2 want=17547264 slot=17547264 nbytes=17547264 fd=O_DIRECT
  L2 want=17547264 slot=17547264 nbytes=17547264 fd=O_DIRECT
  L2 want=17547264 slot=17547264 nbytes=17547264 fd=O_DIRECT
  L2 want=17547264 slot=17547264 nbytes=17547264 fd=O_DIRECT
  L2 want=17547264 slot=17547264 nbytes=17547264 fd=O_DIRECT
  L2 want=17547264 slot=17547264 nbytes=17547264 fd=O_DIRECT
  L2 want=17547264 slot=17547264 nbytes=17547264 fd=O_DIRECT
  L2 want=17547264 slot=17547264 nbytes=17547264 fd=O_DIRECT
  L2 want=17547264 slot=17547264 nbytes=17547264 fd=O_DIRECT
  L2 want=17547264 slot=17547264 nbytes=17547264 fd=O_DIRECT
  L2 want=17547264 slot=17547264 nbytes=17547264 fd=O_DIRECT
  L2 want=17547264 slot=17547264 nbytes=17547264 fd=O_DIRECT
  L2 want=17547264 slot=17547264 nbytes=17547264 fd=O_DIRECT
  L2 want=17547264 slot=17547264 nbytes=17547264 fd=O_DIRECT
  L2 want=17547264 slot=17547264 nbytes=17547264 fd=O_DIRECT
  L2 want=17547264 slot=17547264 nbytes=17547264 fd=O_DIRECT
  L2 want=17547264 slot=17547264 nbytes=17547264 fd=O_DIRECT
  L2 want=17547264 slot=17547264 nbytes=17547264 fd=O_DIRECT
  L2 want=17547264 slot=17547264 nbytes=17547264 fd=O_DIRECT
  L2 want=17547264 slot=17547264 nbytes=17547264 fd=O_DIRECT
  L2 want=17547264 slot=17547264 nbytes=17547264 fd=O_DIRECT
  L2 want=17547264 slot=17547264 nbytes=17547264 fd=O_DIRECT
  L2 want=17547264 slot=17547264 nbytes=17547264 fd=O_DIRECT
DBG getmany L19 nw=16 wall=0.562s thr(out)1 thr(in)16 conc_peak=16 pread=0.000s [reader]
DBG getmany L18 nw=15 wall=0.549s thr(out)1 thr(in)16 conc_peak=15 pread=0.000s
DBG getmany L20 nw=16 wall=0.353s thr(out)1 thr(in)16 conc_peak=16 pread=0.000s [reader]
DBG getmany L19 nw=14 wall=0.642s thr(out)1 thr(in)16 conc_peak=14 pread=0.000s
DBG getmany L21 nw=16 wall=0.283s thr(out)1 thr(in)16 conc_peak=16 pread=0.000s [reader]
DBG getmany L20 nw=15 wall=0.606s thr(out)1 thr(in)16 conc_peak=15 pread=0.000s
DBG getmany L22 nw=16 wall=0.287s thr(out)1 thr(in)16 conc_peak=16 pread=0.000s [reader]
DBG getmany L21 nw=14 wall=0.619s thr(out)1 thr(in)16 conc_peak=14 pread=0.000s
DBG getmany L23 nw=16 wall=0.416s thr(out)1 thr(in)16 conc_peak=16 pread=0.000s [reader]
DBG getmany L22 nw=15 wall=0.459s thr(out)1 thr(in)16 conc_peak=15 pread=0.000s
  L2 want=17547264 slot=17547264 nbytes=17547264 fd=O_DIRECT
  L2 want=17547264 slot=17547264 nbytes=17547264 fd=O_DIRECT
  L2 want=17547264 slot=17547264 nbytes=17547264 fd=O_DIRECT
  L2 want=17547264 slot=17547264 nbytes=17547264 fd=O_DIRECT
  L2 want=17547264 slot=17547264 nbytes=17547264 fd=O_DIRECT
  L2 want=17547264 slot=17547264 nbytes=17547264 fd=O_DIRECT
  L2 want=17547264 slot=17547264 nbytes=17547264 fd=O_DIRECT
  L2 want=17547264 slot=17547264 nbytes=17547264 fd=O_DIRECT
  L2 want=17547264 slot=17547264 nbytes=17547264 fd=O_DIRECT
  L2 want=17547264 slot=17547264 nbytes=17547264 fd=O_DIRECT
  L2 want=17547264 slot=17547264 nbytes=17547264 fd=O_DIRECT
  L2 want=17547264 slot=17547264 nbytes=17547264 fd=O_DIRECT
  L2 want=17547264 slot=17547264 nbytes=17547264 fd=O_DIRECT
  L2 want=17547264 slot=17547264 nbytes=17547264 fd=O_DIRECT
  L2 want=17547264 slot=17547264 nbytes=17547264 fd=O_DIRECT
  L2 want=17547264 slot=17547264 nbytes=17547264 fd=O_DIRECT
  L2 want=17547264 slot=17547264 nbytes=17547264 fd=O_DIRECT
  L2 want=17547264 slot=17547264 nbytes=17547264 fd=O_DIRECT
  L2 want=17547264 slot=17547264 nbytes=17547264 fd=O_DIRECT
  L2 want=17547264 slot=17547264 nbytes=17547264 fd=O_DIRECT
  L2 want=17547264 slot=17547264 nbytes=17547264 fd=O_DIRECT
  L2 want=17547264 slot=17547264 nbytes=17547264 fd=O_DIRECT
  L2 want=17547264 slot=17547264 nbytes=17547264 fd=O_DIRECT
  L2 want=17547264 slot=17547264 nbytes=17547264 fd=O_DIRECT
  L2 want=17547264 slot=17547264 nbytes=17547264 fd=O_DIRECT
  L2 want=17547264 slot=17547264 nbytes=17547264 fd=O_DIRECT
  L2 want=17547264 slot=17547264 nbytes=17547264 fd=O_DIRECT
  L2 want=17547264 slot=17547264 nbytes=17547264 fd=O_DIRECT
DBG getmany L24 nw=16 wall=0.351s thr(out)1 thr(in)16 conc_peak=16 pread=0.000s [reader]
DBG getmany L23 nw=12 wall=0.605s thr(out)1 thr(in)16 conc_peak=12 pread=0.000s
DBG getmany L25 nw=16 wall=0.348s thr(out)1 thr(in)16 conc_peak=16 pread=0.000s [reader]
DBG getmany L24 nw=11 wall=0.651s thr(out)1 thr(in)16 conc_peak=11 pread=0.000s
  L2 want=17547264 slot=17547264 nbytes=17547264 fd=O_DIRECT
  L2 want=17547264 slot=17547264 nbytes=17547264 fd=O_DIRECT
  L2 want=17547264 slot=17547264 nbytes=17547264 fd=O_DIRECT
  L2 want=17547264 slot=17547264 nbytes=17547264 fd=O_DIRECT
  L2 want=17547264 slot=17547264 nbytes=17547264 fd=O_DIRECT
  L2 want=17547264 slot=17547264 nbytes=17547264 fd=O_DIRECT
  L2 want=17547264 slot=17547264 nbytes=17547264 fd=O_DIRECT
  L2 want=17547264 slot=17547264 nbytes=17547264 fd=O_DIRECT
  L2 want=17547264 slot=17547264 nbytes=17547264 fd=O_DIRECT
  L2 want=17547264 slot=17547264 nbytes=17547264 fd=O_DIRECT
  L2 want=17547264 slot=17547264 nbytes=17547264 fd=O_DIRECT
  L2 want=17547264 slot=17547264 nbytes=17547264 fd=O_DIRECT
  L2 want=17547264 slot=17547264 nbytes=17547264 fd=O_DIRECT
  L2 want=17547264 slot=17547264 nbytes=17547264 fd=O_DIRECT
  L2 want=17547264 slot=17547264 nbytes=17547264 fd=O_DIRECT
  L2 want=17547264 slot=17547264 nbytes=17547264 fd=O_DIRECT
  L2 want=17547264 slot=17547264 nbytes=17547264 fd=O_DIRECT
  L2 want=17547264 slot=17547264 nbytes=17547264 fd=O_DIRECT
  L2 want=17547264 slot=17547264 nbytes=17547264 fd=O_DIRECT
  L2 want=17547264 slot=17547264 nbytes=17547264 fd=O_DIRECT
  L2 want=17547264 slot=17547264 nbytes=17547264 fd=O_DIRECT
  L2 want=17547264 slot=17547264 nbytes=17547264 fd=O_DIRECT
  L2 want=17547264 slot=17547264 nbytes=17547264 fd=O_DIRECT
  L2 want=17547264 slot=17547264 nbytes=17547264 fd=O_DIRECT
  L2 want=17547264 slot=17547264 nbytes=17547264 fd=O_DIRECT
  L2 want=17547264 slot=17547264 nbytes=17547264 fd=O_DIRECT
  L2 want=17547264 slot=17547264 nbytes=17547264 fd=O_DIRECT
  L2 want=17547264 slot=17547264 nbytes=17547264 fd=O_DIRECT
  L2 want=17547264 slot=17547264 nbytes=17547264 fd=O_DIRECT
  L2 want=17547264 slot=17547264 nbytes=17547264 fd=O_DIRECT
DBG getmany L26 nw=16 wall=0.303s thr(out)1 thr(in)16 conc_peak=16 pread=0.000s [reader]
DBG getmany L25 nw=14 wall=0.690s thr(out)1 thr(in)16 conc_peak=14 pread=0.000s
  L2 want=17547264 slot=17547264 nbytes=17547264 fd=O_DIRECT
  L2 want=17547264 slot=17547264 nbytes=17547264 fd=O_DIRECT
  L2 want=17547264 slot=17547264 nbytes=17547264 fd=O_DIRECT
  L2 want=17547264 slot=17547264 nbytes=17547264 fd=O_DIRECT
  L2 want=17547264 slot=17547264 nbytes=17547264 fd=O_DIRECT
  L2 want=17547264 slot=17547264 nbytes=17547264 fd=O_DIRECT
  L2 want=17547264 slot=17547264 nbytes=17547264 fd=O_DIRECT
  L2 want=17547264 slot=17547264 nbytes=17547264 fd=O_DIRECT
  L2 want=17547264 slot=17547264 nbytes=17547264 fd=O_DIRECT
  L2 want=17547264 slot=17547264 nbytes=17547264 fd=O_DIRECT
  L2 want=17547264 slot=17547264 nbytes=17547264 fd=O_DIRECT
  L2 want=17547264 slot=17547264 nbytes=17547264 fd=O_DIRECT
  L2 want=17547264 slot=17547264 nbytes=17547264 fd=O_DIRECT
  L2 want=17547264 slot=17547264 nbytes=17547264 fd=O_DIRECT
  L2 want=17547264 slot=17547264 nbytes=17547264 fd=O_DIRECT
  L2 want=17547264 slot=17547264 nbytes=17547264 fd=O_DIRECT
  L2 want=17547264 slot=17547264 nbytes=17547264 fd=O_DIRECT
  L2 want=17547264 slot=17547264 nbytes=17547264 fd=O_DIRECT
  L2 want=17547264 slot=17547264 nbytes=17547264 fd=O_DIRECT
  L2 want=17547264 slot=17547264 nbytes=17547264 fd=O_DIRECT
  L2 want=17547264 slot=17547264 nbytes=17547264 fd=O_DIRECT
  L2 want=17547264 slot=17547264 nbytes=17547264 fd=O_DIRECT
  L2 want=17547264 slot=17547264 nbytes=17547264 fd=O_DIRECT
  L2 want=17547264 slot=17547264 nbytes=17547264 fd=O_DIRECT
  L2 want=17547264 slot=17547264 nbytes=17547264 fd=O_DIRECT
  L2 want=17547264 slot=17547264 nbytes=17547264 fd=O_DIRECT
  L2 want=17547264 slot=17547264 nbytes=17547264 fd=O_DIRECT
DBG getmany L26 nw=11 wall=0.333s thr(out)1 thr(in)16 conc_peak=11 pread=0.000s
DBG getmany L27 nw=16 wall=0.576s thr(out)1 thr(in)16 conc_peak=16 pread=0.000s [reader]
  L2 want=17547264 slot=17547264 nbytes=17547264 fd=O_DIRECT
  L2 want=17547264 slot=17547264 nbytes=17547264 fd=O_DIRECT
  L2 want=17547264 slot=17547264 nbytes=17547264 fd=O_DIRECT
  L2 want=17547264 slot=17547264 nbytes=17547264 fd=O_DIRECT
  L2 want=17547264 slot=17547264 nbytes=17547264 fd=O_DIRECT
  L2 want=17547264 slot=17547264 nbytes=17547264 fd=O_DIRECT
  L2 want=17547264 slot=17547264 nbytes=17547264 fd=O_DIRECT
  L2 want=17547264 slot=17547264 nbytes=17547264 fd=O_DIRECT
  L2 want=17547264 slot=17547264 nbytes=17547264 fd=O_DIRECT
  L2 want=17547264 slot=17547264 nbytes=17547264 fd=O_DIRECT
  L2 want=17547264 slot=17547264 nbytes=17547264 fd=O_DIRECT
  L2 want=17547264 slot=17547264 nbytes=17547264 fd=O_DIRECT
  L2 want=17547264 slot=17547264 nbytes=17547264 fd=O_DIRECT
  L2 want=17547264 slot=17547264 nbytes=17547264 fd=O_DIRECT
  L2 want=17547264 slot=17547264 nbytes=17547264 fd=O_DIRECT
  L2 want=17547264 slot=17547264 nbytes=17547264 fd=O_DIRECT
  L2 want=17547264 slot=17547264 nbytes=17547264 fd=O_DIRECT
  L2 want=17547264 slot=17547264 nbytes=17547264 fd=O_DIRECT
  L2 want=17547264 slot=17547264 nbytes=17547264 fd=O_DIRECT
  L2 want=17547264 slot=17547264 nbytes=17547264 fd=O_DIRECT
  L2 want=17547264 slot=17547264 nbytes=17547264 fd=O_DIRECT
  L2 want=17547264 slot=17547264 nbytes=17547264 fd=O_DIRECT
  L2 want=17547264 slot=17547264 nbytes=17547264 fd=O_DIRECT
  L2 want=17547264 slot=17547264 nbytes=17547264 fd=O_DIRECT
  L2 want=17547264 slot=17547264 nbytes=17547264 fd=O_DIRECT
  L2 want=17547264 slot=17547264 nbytes=17547264 fd=O_DIRECT
  L2 want=17547264 slot=17547264 nbytes=17547264 fd=O_DIRECT
  L2 want=17547264 slot=17547264 nbytes=17547264 fd=O_DIRECT
  L2 want=17547264 slot=17547264 nbytes=17547264 fd=O_DIRECT
DBG getmany L28 nw=16 wall=0.327s thr(out)1 thr(in)16 conc_peak=16 pread=0.000s [reader]
DBG getmany L27 nw=13 wall=0.577s thr(out)1 thr(in)16 conc_peak=13 pread=0.000s
  L2 want=17547264 slot=17547264 nbytes=17547264 fd=O_DIRECT
  L2 want=17547264 slot=17547264 nbytes=17547264 fd=O_DIRECT
  L2 want=17547264 slot=17547264 nbytes=17547264 fd=O_DIRECT
  L2 want=17547264 slot=17547264 nbytes=17547264 fd=O_DIRECT
  L2 want=17547264 slot=17547264 nbytes=17547264 fd=O_DIRECT
  L2 want=17547264 slot=17547264 nbytes=17547264 fd=O_DIRECT
  L2 want=17547264 slot=17547264 nbytes=17547264 fd=O_DIRECT
  L2 want=17547264 slot=17547264 nbytes=17547264 fd=O_DIRECT
  L2 want=17547264 slot=17547264 nbytes=17547264 fd=O_DIRECT
  L2 want=17547264 slot=17547264 nbytes=17547264 fd=O_DIRECT
  L2 want=17547264 slot=17547264 nbytes=17547264 fd=O_DIRECT
  L2 want=17547264 slot=17547264 nbytes=17547264 fd=O_DIRECT
  L2 want=17547264 slot=17547264 nbytes=17547264 fd=O_DIRECT
  L2 want=17547264 slot=17547264 nbytes=17547264 fd=O_DIRECT
  L2 want=17547264 slot=17547264 nbytes=17547264 fd=O_DIRECT
  L2 want=17547264 slot=17547264 nbytes=17547264 fd=O_DIRECT
  L2 want=17547264 slot=17547264 nbytes=17547264 fd=O_DIRECT
  L2 want=17547264 slot=17547264 nbytes=17547264 fd=O_DIRECT
  L2 want=17547264 slot=17547264 nbytes=17547264 fd=O_DIRECT
  L2 want=17547264 slot=17547264 nbytes=17547264 fd=O_DIRECT
  L2 want=17547264 slot=17547264 nbytes=17547264 fd=O_DIRECT
  L2 want=17547264 slot=17547264 nbytes=17547264 fd=O_DIRECT
  L2 want=17547264 slot=17547264 nbytes=17547264 fd=O_DIRECT
  L2 want=17547264 slot=17547264 nbytes=17547264 fd=O_DIRECT
  L2 want=17547264 slot=17547264 nbytes=17547264 fd=O_DIRECT
  L2 want=17547264 slot=17547264 nbytes=17547264 fd=O_DIRECT
  L2 want=17547264 slot=17547264 nbytes=17547264 fd=O_DIRECT
  L2 want=17547264 slot=17547264 nbytes=17547264 fd=O_DIRECT
  L2 want=17547264 slot=17547264 nbytes=17547264 fd=O_DIRECT
  L2 want=17547264 slot=17547264 nbytes=17547264 fd=O_DIRECT
  L2 want=17547264 slot=17547264 nbytes=17547264 fd=O_DIRECT
DBG getmany L29 nw=16 wall=0.374s thr(out)1 thr(in)16 conc_peak=16 pread=0.000s [reader]
DBG getmany L28 nw=15 wall=0.616s thr(out)1 thr(in)16 conc_peak=15 pread=0.000s
DBG getmany L30 nw=16 wall=0.334s thr(out)1 thr(in)16 conc_peak=16 pread=0.000s [reader]
DBG getmany L29 nw=14 wall=0.557s thr(out)1 thr(in)16 conc_peak=14 pread=0.000s
DBG getmany L31 nw=16 wall=0.396s thr(out)1 thr(in)16 conc_peak=16 pread=0.000s [reader]
DBG getmany L30 nw=14 wall=0.500s thr(out)1 thr(in)16 conc_peak=14 pread=0.000s
DBG getmany L32 nw=16 wall=0.462s thr(out)1 thr(in)16 conc_peak=16 pread=0.000s [reader]
DBG getmany L31 nw=16 wall=0.696s thr(out)1 thr(in)16 conc_peak=16 pread=0.000s
DBG getmany L33 nw=16 wall=0.538s thr(out)1 thr(in)16 conc_peak=16 pread=0.000s [reader]
DBG getmany L32 nw=14 wall=0.691s thr(out)1 thr(in)16 conc_peak=14 pread=0.000s
  L2 want=17547264 slot=17547264 nbytes=17547264 fd=O_DIRECT
  L2 want=17547264 slot=17547264 nbytes=17547264 fd=O_DIRECT
  L2 want=17547264 slot=17547264 nbytes=17547264 fd=O_DIRECT
  L2 want=17547264 slot=17547264 nbytes=17547264 fd=O_DIRECT
  L2 want=17547264 slot=17547264 nbytes=17547264 fd=O_DIRECT
  L2 want=17547264 slot=17547264 nbytes=17547264 fd=O_DIRECT
  L2 want=17547264 slot=17547264 nbytes=17547264 fd=O_DIRECT
  L2 want=17547264 slot=17547264 nbytes=17547264 fd=O_DIRECT
  L2 want=17547264 slot=17547264 nbytes=17547264 fd=O_DIRECT
  L2 want=17547264 slot=17547264 nbytes=17547264 fd=O_DIRECT
  L2 want=17547264 slot=17547264 nbytes=17547264 fd=O_DIRECT
  L2 want=17547264 slot=17547264 nbytes=17547264 fd=O_DIRECT
  L2 want=17547264 slot=17547264 nbytes=17547264 fd=O_DIRECT
  L2 want=17547264 slot=17547264 nbytes=17547264 fd=O_DIRECT
  L2 want=17547264 slot=17547264 nbytes=17547264 fd=O_DIRECT
  L2 want=17547264 slot=17547264 nbytes=17547264 fd=O_DIRECT
  L2 want=17547264 slot=17547264 nbytes=17547264 fd=O_DIRECT
  L2 want=17547264 slot=17547264 nbytes=17547264 fd=O_DIRECT
  L2 want=17547264 slot=17547264 nbytes=17547264 fd=O_DIRECT
  L2 want=17547264 slot=17547264 nbytes=17547264 fd=O_DIRECT
  L2 want=17547264 slot=17547264 nbytes=17547264 fd=O_DIRECT
  L2 want=17547264 slot=17547264 nbytes=17547264 fd=O_DIRECT
  L2 want=17547264 slot=17547264 nbytes=17547264 fd=O_DIRECT
  L2 want=17547264 slot=17547264 nbytes=17547264 fd=O_DIRECT
  L2 want=17547264 slot=17547264 nbytes=17547264 fd=O_DIRECT
  L2 want=17547264 slot=17547264 nbytes=17547264 fd=O_DIRECT
  L2 want=17547264 slot=17547264 nbytes=17547264 fd=O_DIRECT
  L2 want=17547264 slot=17547264 nbytes=17547264 fd=O_DIRECT
  L2 want=17547264 slot=17547264 nbytes=17547264 fd=O_DIRECT
  L2 want=17547264 slot=17547264 nbytes=17547264 fd=O_DIRECT
DBG getmany L34 nw=16 wall=0.322s thr(out)1 thr(in)16 conc_peak=16 pread=0.000s [reader]
DBG getmany L33 nw=14 wall=0.687s thr(out)1 thr(in)16 conc_peak=14 pread=0.000s
DBG getmany L35 nw=16 wall=0.594s thr(out)1 thr(in)16 conc_peak=16 pread=0.000s [reader]
DBG getmany L34 nw=16 wall=0.560s thr(out)1 thr(in)16 conc_peak=16 pread=0.000s
DBG getmany L36 nw=16 wall=0.778s thr(out)1 thr(in)16 conc_peak=16 pread=0.000s [reader]
DBG getmany L35 nw=16 wall=0.765s thr(out)1 thr(in)16 conc_peak=16 pread=0.000s
DBG getmany L37 nw=16 wall=0.380s thr(out)1 thr(in)16 conc_peak=16 pread=0.000s [reader]
DBG getmany L36 nw=11 wall=0.638s thr(out)1 thr(in)16 conc_peak=11 pread=0.000s
  L2 want=17547264 slot=17547264 nbytes=17547264 fd=O_DIRECT
  L2 want=17547264 slot=17547264 nbytes=17547264 fd=O_DIRECT
  L2 want=17547264 slot=17547264 nbytes=17547264 fd=O_DIRECT
  L2 want=17547264 slot=17547264 nbytes=17547264 fd=O_DIRECT
  L2 want=17547264 slot=17547264 nbytes=17547264 fd=O_DIRECT
  L2 want=17547264 slot=17547264 nbytes=17547264 fd=O_DIRECT
  L2 want=17547264 slot=17547264 nbytes=17547264 fd=O_DIRECT
  L2 want=17547264 slot=17547264 nbytes=17547264 fd=O_DIRECT
  L2 want=17547264 slot=17547264 nbytes=17547264 fd=O_DIRECT
  L2 want=17547264 slot=17547264 nbytes=17547264 fd=O_DIRECT
  L2 want=17547264 slot=17547264 nbytes=17547264 fd=O_DIRECT
  L2 want=17547264 slot=17547264 nbytes=17547264 fd=O_DIRECT
  L2 want=17547264 slot=17547264 nbytes=17547264 fd=O_DIRECT
  L2 want=17547264 slot=17547264 nbytes=17547264 fd=O_DIRECT
  L2 want=17547264 slot=17547264 nbytes=17547264 fd=O_DIRECT
  L2 want=17547264 slot=17547264 nbytes=17547264 fd=O_DIRECT
  L2 want=17547264 slot=17547264 nbytes=17547264 fd=O_DIRECT
  L2 want=17547264 slot=17547264 nbytes=17547264 fd=O_DIRECT
  L2 want=17547264 slot=17547264 nbytes=17547264 fd=O_DIRECT
  L2 want=17547264 slot=17547264 nbytes=17547264 fd=O_DIRECT
  L2 want=17547264 slot=17547264 nbytes=17547264 fd=O_DIRECT
  L2 want=17547264 slot=17547264 nbytes=17547264 fd=O_DIRECT
  L2 want=17547264 slot=17547264 nbytes=17547264 fd=O_DIRECT
  L2 want=17547264 slot=17547264 nbytes=17547264 fd=O_DIRECT
  L2 want=17547264 slot=17547264 nbytes=17547264 fd=O_DIRECT
  L2 want=17547264 slot=17547264 nbytes=17547264 fd=O_DIRECT
  L2 want=17547264 slot=17547264 nbytes=17547264 fd=O_DIRECT
  L2 want=17547264 slot=17547264 nbytes=17547264 fd=O_DIRECT
  L2 want=17547264 slot=17547264 nbytes=17547264 fd=O_DIRECT
DBG getmany L38 nw=16 wall=0.457s thr(out)1 thr(in)16 conc_peak=16 pread=0.000s [reader]
DBG getmany L37 nw=13 wall=0.665s thr(out)1 thr(in)16 conc_peak=13 pread=0.000s
  L2 want=17547264 slot=17547264 nbytes=17547264 fd=O_DIRECT
  L2 want=17547264 slot=17547264 nbytes=17547264 fd=O_DIRECT
  L2 want=17547264 slot=17547264 nbytes=17547264 fd=O_DIRECT
  L2 want=17547264 slot=17547264 nbytes=17547264 fd=O_DIRECT
  L2 want=17547264 slot=17547264 nbytes=17547264 fd=O_DIRECT
  L2 want=17547264 slot=17547264 nbytes=17547264 fd=O_DIRECT
  L2 want=17547264 slot=17547264 nbytes=17547264 fd=O_DIRECT
  L2 want=17547264 slot=17547264 nbytes=17547264 fd=O_DIRECT
  L2 want=17547264 slot=17547264 nbytes=17547264 fd=O_DIRECT
  L2 want=17547264 slot=17547264 nbytes=17547264 fd=O_DIRECT
  L2 want=17547264 slot=17547264 nbytes=17547264 fd=O_DIRECT
  L2 want=17547264 slot=17547264 nbytes=17547264 fd=O_DIRECT
  L2 want=17547264 slot=17547264 nbytes=17547264 fd=O_DIRECT
  L2 want=17547264 slot=17547264 nbytes=17547264 fd=O_DIRECT
  L2 want=17547264 slot=17547264 nbytes=17547264 fd=O_DIRECT
  L2 want=17547264 slot=17547264 nbytes=17547264 fd=O_DIRECT
  L2 want=17547264 slot=17547264 nbytes=17547264 fd=O_DIRECT
  L2 want=17547264 slot=17547264 nbytes=17547264 fd=O_DIRECT
  L2 want=17547264 slot=17547264 nbytes=17547264 fd=O_DIRECT
  L2 want=17547264 slot=17547264 nbytes=17547264 fd=O_DIRECT
  L2 want=17547264 slot=17547264 nbytes=17547264 fd=O_DIRECT
  L2 want=17547264 slot=17547264 nbytes=17547264 fd=O_DIRECT
  L2 want=17547264 slot=17547264 nbytes=17547264 fd=O_DIRECT
  L2 want=17547264 slot=17547264 nbytes=17547264 fd=O_DIRECT
  L2 want=17547264 slot=17547264 nbytes=17547264 fd=O_DIRECT
  L2 want=17547264 slot=17547264 nbytes=17547264 fd=O_DIRECT
  L2 want=17547264 slot=17547264 nbytes=17547264 fd=O_DIRECT
  L2 want=17547264 slot=17547264 nbytes=17547264 fd=O_DIRECT
  L2 want=17547264 slot=17547264 nbytes=17547264 fd=O_DIRECT
  L2 want=17547264 slot=17547264 nbytes=17547264 fd=O_DIRECT
DBG getmany L39 nw=16 wall=0.561s thr(out)1 thr(in)16 conc_peak=16 pread=0.000s [reader]
DBG getmany L38 nw=14 wall=0.517s thr(out)1 thr(in)16 conc_peak=14 pread=0.000s
  L2 want=17547264 slot=17547264 nbytes=17547264 fd=O_DIRECT
  L2 want=17547264 slot=17547264 nbytes=17547264 fd=O_DIRECT
  L2 want=17547264 slot=17547264 nbytes=17547264 fd=O_DIRECT
  L2 want=17547264 slot=17547264 nbytes=17547264 fd=O_DIRECT
  L2 want=17547264 slot=17547264 nbytes=17547264 fd=O_DIRECT
  L2 want=17547264 slot=17547264 nbytes=17547264 fd=O_DIRECT
  L2 want=17547264 slot=17547264 nbytes=17547264 fd=O_DIRECT
  L2 want=17547264 slot=17547264 nbytes=17547264 fd=O_DIRECT
  L2 want=17547264 slot=17547264 nbytes=17547264 fd=O_DIRECT
  L2 want=17547264 slot=17547264 nbytes=17547264 fd=O_DIRECT
  L2 want=17547264 slot=17547264 nbytes=17547264 fd=O_DIRECT
  L2 want=17547264 slot=17547264 nbytes=17547264 fd=O_DIRECT
  L2 want=17547264 slot=17547264 nbytes=17547264 fd=O_DIRECT
  L2 want=17547264 slot=17547264 nbytes=17547264 fd=O_DIRECT
  L2 want=17547264 slot=17547264 nbytes=17547264 fd=O_DIRECT
  L2 want=17547264 slot=17547264 nbytes=17547264 fd=O_DIRECT
  L2 want=17547264 slot=17547264 nbytes=17547264 fd=O_DIRECT
  L2 want=17547264 slot=17547264 nbytes=17547264 fd=O_DIRECT
  L2 want=17547264 slot=17547264 nbytes=17547264 fd=O_DIRECT
  L2 want=17547264 slot=17547264 nbytes=17547264 fd=O_DIRECT
  L2 want=17547264 slot=17547264 nbytes=17547264 fd=O_DIRECT
  L2 want=17547264 slot=17547264 nbytes=17547264 fd=O_DIRECT
  L2 want=17547264 slot=17547264 nbytes=17547264 fd=O_DIRECT
  L2 want=17547264 slot=17547264 nbytes=17547264 fd=O_DIRECT
  L2 want=17547264 slot=17547264 nbytes=17547264 fd=O_DIRECT
  L2 want=17547264 slot=17547264 nbytes=17547264 fd=O_DIRECT
  L2 want=17547264 slot=17547264 nbytes=17547264 fd=O_DIRECT
  L2 want=17547264 slot=17547264 nbytes=17547264 fd=O_DIRECT
  L2 want=17547264 slot=17547264 nbytes=17547264 fd=O_DIRECT
  L2 want=17547264 slot=17547264 nbytes=17547264 fd=O_DIRECT
  L2 want=17547264 slot=17547264 nbytes=17547264 fd=O_DIRECT
DBG getmany L40 nw=16 wall=0.637s thr(out)1 thr(in)16 conc_peak=16 pread=0.000s [reader]
DBG getmany L39 nw=15 wall=0.659s thr(out)1 thr(in)16 conc_peak=15 pread=0.000s
DBG getmany L41 nw=16 wall=0.389s thr(out)1 thr(in)16 conc_peak=16 pread=0.000s [reader]
DBG getmany L40 nw=13 wall=0.649s thr(out)1 thr(in)16 conc_peak=13 pread=0.000s
  L2 want=17547264 slot=17547264 nbytes=17547264 fd=O_DIRECT
  L2 want=17547264 slot=17547264 nbytes=17547264 fd=O_DIRECT
  L2 want=17547264 slot=17547264 nbytes=17547264 fd=O_DIRECT
  L2 want=17547264 slot=17547264 nbytes=17547264 fd=O_DIRECT
  L2 want=17547264 slot=17547264 nbytes=17547264 fd=O_DIRECT
  L2 want=17547264 slot=17547264 nbytes=17547264 fd=O_DIRECT
  L2 want=17547264 slot=17547264 nbytes=17547264 fd=O_DIRECT
  L2 want=17547264 slot=17547264 nbytes=17547264 fd=O_DIRECT
  L2 want=17547264 slot=17547264 nbytes=17547264 fd=O_DIRECT
  L2 want=17547264 slot=17547264 nbytes=17547264 fd=O_DIRECT
  L2 want=17547264 slot=17547264 nbytes=17547264 fd=O_DIRECT
  L2 want=17547264 slot=17547264 nbytes=17547264 fd=O_DIRECT
  L2 want=17547264 slot=17547264 nbytes=17547264 fd=O_DIRECT
  L2 want=17547264 slot=17547264 nbytes=17547264 fd=O_DIRECT
  L2 want=17547264 slot=17547264 nbytes=17547264 fd=O_DIRECT
  L2 want=17547264 slot=17547264 nbytes=17547264 fd=O_DIRECT
  L2 want=17547264 slot=17547264 nbytes=17547264 fd=O_DIRECT
  L2 want=17547264 slot=17547264 nbytes=17547264 fd=O_DIRECT
  L2 want=17547264 slot=17547264 nbytes=17547264 fd=O_DIRECT
  L2 want=17547264 slot=17547264 nbytes=17547264 fd=O_DIRECT
  L2 want=17547264 slot=17547264 nbytes=17547264 fd=O_DIRECT
  L2 want=17547264 slot=17547264 nbytes=17547264 fd=O_DIRECT
  L2 want=17547264 slot=17547264 nbytes=17547264 fd=O_DIRECT
  L2 want=17547264 slot=17547264 nbytes=17547264 fd=O_DIRECT
  L2 want=17547264 slot=17547264 nbytes=17547264 fd=O_DIRECT
  L2 want=17547264 slot=17547264 nbytes=17547264 fd=O_DIRECT
  L2 want=17547264 slot=17547264 nbytes=17547264 fd=O_DIRECT
  L2 want=17547264 slot=17547264 nbytes=17547264 fd=O_DIRECT
  L2 want=17547264 slot=17547264 nbytes=17547264 fd=O_DIRECT
DBG getmany L42 nw=16 wall=0.535s thr(out)1 thr(in)16 conc_peak=16 pread=0.000s [reader]
DBG getmany L41 nw=13 wall=0.646s thr(out)1 thr(in)16 conc_peak=13 pread=0.000s
  L2 want=17547264 slot=17547264 nbytes=17547264 fd=O_DIRECT
  L2 want=17547264 slot=17547264 nbytes=17547264 fd=O_DIRECT
  L2 want=17547264 slot=17547264 nbytes=17547264 fd=O_DIRECT
  L2 want=17547264 slot=17547264 nbytes=17547264 fd=O_DIRECT
  L2 want=17547264 slot=17547264 nbytes=17547264 fd=O_DIRECT
  L2 want=17547264 slot=17547264 nbytes=17547264 fd=O_DIRECT
  L2 want=17547264 slot=17547264 nbytes=17547264 fd=O_DIRECT
  L2 want=17547264 slot=17547264 nbytes=17547264 fd=O_DIRECT
  L2 want=17547264 slot=17547264 nbytes=17547264 fd=O_DIRECT
  L2 want=17547264 slot=17547264 nbytes=17547264 fd=O_DIRECT
  L2 want=17547264 slot=17547264 nbytes=17547264 fd=O_DIRECT
  L2 want=17547264 slot=17547264 nbytes=17547264 fd=O_DIRECT
  L2 want=17547264 slot=17547264 nbytes=17547264 fd=O_DIRECT
  L2 want=17547264 slot=17547264 nbytes=17547264 fd=O_DIRECT
  L2 want=17547264 slot=17547264 nbytes=17547264 fd=O_DIRECT
  L2 want=17547264 slot=17547264 nbytes=17547264 fd=O_DIRECT
  L2 want=17547264 slot=17547264 nbytes=17547264 fd=O_DIRECT
  L2 want=17547264 slot=17547264 nbytes=17547264 fd=O_DIRECT
  L2 want=17547264 slot=17547264 nbytes=17547264 fd=O_DIRECT
  L2 want=17547264 slot=17547264 nbytes=17547264 fd=O_DIRECT
  L2 want=17547264 slot=17547264 nbytes=17547264 fd=O_DIRECT
  L2 want=17547264 slot=17547264 nbytes=17547264 fd=O_DIRECT
  L2 want=17547264 slot=17547264 nbytes=17547264 fd=O_DIRECT
  L2 want=17547264 slot=17547264 nbytes=17547264 fd=O_DIRECT
DBG getmany L42 nw=8 wall=0.462s thr(out)1 thr(in)16 conc_peak=8 pread=0.000s
DBG getmany L43 nw=16 wall=0.537s thr(out)1 thr(in)16 conc_peak=16 pread=0.000s [reader]
  L2 want=17547264 slot=17547264 nbytes=17547264 fd=O_DIRECT
  L2 want=17547264 slot=17547264 nbytes=17547264 fd=O_DIRECT
  L2 want=17547264 slot=17547264 nbytes=17547264 fd=O_DIRECT
  L2 want=17547264 slot=17547264 nbytes=17547264 fd=O_DIRECT
  L2 want=17547264 slot=17547264 nbytes=17547264 fd=O_DIRECT
  L2 want=17547264 slot=17547264 nbytes=17547264 fd=O_DIRECT
  L2 want=17547264 slot=17547264 nbytes=17547264 fd=O_DIRECT
  L2 want=17547264 slot=17547264 nbytes=17547264 fd=O_DIRECT
  L2 want=17547264 slot=17547264 nbytes=17547264 fd=O_DIRECT
  L2 want=17547264 slot=17547264 nbytes=17547264 fd=O_DIRECT
  L2 want=17547264 slot=17547264 nbytes=17547264 fd=O_DIRECT
  L2 want=17547264 slot=17547264 nbytes=17547264 fd=O_DIRECT
  L2 want=17547264 slot=17547264 nbytes=17547264 fd=O_DIRECT
  L2 want=17547264 slot=17547264 nbytes=17547264 fd=O_DIRECT
  L2 want=17547264 slot=17547264 nbytes=17547264 fd=O_DIRECT
  L2 want=17547264 slot=17547264 nbytes=17547264 fd=O_DIRECT
  L2 want=17547264 slot=17547264 nbytes=17547264 fd=O_DIRECT
  L2 want=17547264 slot=17547264 nbytes=17547264 fd=O_DIRECT
  L2 want=17547264 slot=17547264 nbytes=17547264 fd=O_DIRECT
  L2 want=17547264 slot=17547264 nbytes=17547264 fd=O_DIRECT
  L2 want=17547264 slot=17547264 nbytes=17547264 fd=O_DIRECT
  L2 want=17547264 slot=17547264 nbytes=17547264 fd=O_DIRECT
  L2 want=17547264 slot=17547264 nbytes=17547264 fd=O_DIRECT
  L2 want=17547264 slot=17547264 nbytes=17547264 fd=O_DIRECT
  L2 want=17547264 slot=17547264 nbytes=17547264 fd=O_DIRECT
  L2 want=17547264 slot=17547264 nbytes=17547264 fd=O_DIRECT
  L2 want=17547264 slot=17547264 nbytes=17547264 fd=O_DIRECT
  L2 want=17547264 slot=17547264 nbytes=17547264 fd=O_DIRECT
  L2 want=17547264 slot=17547264 nbytes=17547264 fd=O_DIRECT
DBG getmany L44 nw=16 wall=0.527s thr(out)1 thr(in)16 conc_peak=16 pread=0.000s [reader]
DBG getmany L43 nw=13 wall=0.588s thr(out)1 thr(in)16 conc_peak=13 pread=0.000s
  L2 want=17547264 slot=17547264 nbytes=17547264 fd=O_DIRECT
  L2 want=17547264 slot=17547264 nbytes=17547264 fd=O_DIRECT
  L2 want=17547264 slot=17547264 nbytes=17547264 fd=O_DIRECT
  L2 want=17547264 slot=17547264 nbytes=17547264 fd=O_DIRECT
  L2 want=17547264 slot=17547264 nbytes=17547264 fd=O_DIRECT
  L2 want=17547264 slot=17547264 nbytes=17547264 fd=O_DIRECT
  L2 want=17547264 slot=17547264 nbytes=17547264 fd=O_DIRECT
  L2 want=17547264 slot=17547264 nbytes=17547264 fd=O_DIRECT
  L2 want=17547264 slot=17547264 nbytes=17547264 fd=O_DIRECT
  L2 want=17547264 slot=17547264 nbytes=17547264 fd=O_DIRECT
  L2 want=17547264 slot=17547264 nbytes=17547264 fd=O_DIRECT
  L2 want=17547264 slot=17547264 nbytes=17547264 fd=O_DIRECT
  L2 want=17547264 slot=17547264 nbytes=17547264 fd=O_DIRECT
  L2 want=17547264 slot=17547264 nbytes=17547264 fd=O_DIRECT
  L2 want=17547264 slot=17547264 nbytes=17547264 fd=O_DIRECT
  L2 want=17547264 slot=17547264 nbytes=17547264 fd=O_DIRECT
  L2 want=17547264 slot=17547264 nbytes=17547264 fd=O_DIRECT
  L2 want=17547264 slot=17547264 nbytes=17547264 fd=O_DIRECT
  L2 want=17547264 slot=17547264 nbytes=17547264 fd=O_DIRECT
  L2 want=17547264 slot=17547264 nbytes=17547264 fd=O_DIRECT
  L2 want=17547264 slot=17547264 nbytes=17547264 fd=O_DIRECT
  L2 want=17547264 slot=17547264 nbytes=17547264 fd=O_DIRECT
  L2 want=17547264 slot=17547264 nbytes=17547264 fd=O_DIRECT
  L2 want=17547264 slot=17547264 nbytes=17547264 fd=O_DIRECT
  L2 want=17547264 slot=17547264 nbytes=17547264 fd=O_DIRECT
  L2 want=17547264 slot=17547264 nbytes=17547264 fd=O_DIRECT
  L2 want=17547264 slot=17547264 nbytes=17547264 fd=O_DIRECT
  L2 want=17547264 slot=17547264 nbytes=17547264 fd=O_DIRECT
  L2 want=17547264 slot=17547264 nbytes=17547264 fd=O_DIRECT
DBG getmany L45 nw=16 wall=0.681s thr(out)1 thr(in)16 conc_peak=16 pread=0.000s [reader]
DBG getmany L44 nw=13 wall=0.678s thr(out)1 thr(in)16 conc_peak=13 pread=0.000s
  L2 want=17547264 slot=17547264 nbytes=17547264 fd=O_DIRECT
  L2 want=17547264 slot=17547264 nbytes=17547264 fd=O_DIRECT
  L2 want=17547264 slot=17547264 nbytes=17547264 fd=O_DIRECT
  L2 want=17547264 slot=17547264 nbytes=17547264 fd=O_DIRECT
  L2 want=17547264 slot=17547264 nbytes=17547264 fd=O_DIRECT
  L2 want=17547264 slot=17547264 nbytes=17547264 fd=O_DIRECT
  L2 want=17547264 slot=17547264 nbytes=17547264 fd=O_DIRECT
  L2 want=17547264 slot=17547264 nbytes=17547264 fd=O_DIRECT
  L2 want=17547264 slot=17547264 nbytes=17547264 fd=O_DIRECT
  L2 want=17547264 slot=17547264 nbytes=17547264 fd=O_DIRECT
  L2 want=17547264 slot=17547264 nbytes=17547264 fd=O_DIRECT
  L2 want=17547264 slot=17547264 nbytes=17547264 fd=O_DIRECT
  L2 want=17547264 slot=17547264 nbytes=17547264 fd=O_DIRECT
  L2 want=17547264 slot=17547264 nbytes=17547264 fd=O_DIRECT
  L2 want=17547264 slot=17547264 nbytes=17547264 fd=O_DIRECT
  L2 want=17547264 slot=17547264 nbytes=17547264 fd=O_DIRECT
  L2 want=17547264 slot=17547264 nbytes=17547264 fd=O_DIRECT
  L2 want=17547264 slot=17547264 nbytes=17547264 fd=O_DIRECT
  L2 want=17547264 slot=17547264 nbytes=17547264 fd=O_DIRECT
  L2 want=17547264 slot=17547264 nbytes=17547264 fd=O_DIRECT
  L2 want=17547264 slot=17547264 nbytes=17547264 fd=O_DIRECT
  L2 want=17547264 slot=17547264 nbytes=17547264 fd=O_DIRECT
  L2 want=17547264 slot=17547264 nbytes=17547264 fd=O_DIRECT
  L2 want=17547264 slot=17547264 nbytes=17547264 fd=O_DIRECT
  L2 want=17547264 slot=17547264 nbytes=17547264 fd=O_DIRECT
  L2 want=17547264 slot=17547264 nbytes=17547264 fd=O_DIRECT
DBG getmany L46 nw=16 wall=0.418s thr(out)1 thr(in)16 conc_peak=16 pread=0.000s [reader]
DBG getmany L45 nw=10 wall=0.671s thr(out)1 thr(in)16 conc_peak=10 pread=0.000s
DBG getmany L47 nw=16 wall=0.479s thr(out)1 thr(in)16 conc_peak=16 pread=0.000s [reader]
DBG getmany L46 nw=8 wall=0.438s thr(out)1 thr(in)16 conc_peak=8 pread=0.000s
  L2 want=17547264 slot=17547264 nbytes=17547264 fd=O_DIRECT
  L2 want=17547264 slot=17547264 nbytes=17547264 fd=O_DIRECT
  L2 want=17547264 slot=17547264 nbytes=17547264 fd=O_DIRECT
  L2 want=17547264 slot=17547264 nbytes=17547264 fd=O_DIRECT
  L2 want=17547264 slot=17547264 nbytes=17547264 fd=O_DIRECT
  L2 want=17547264 slot=17547264 nbytes=17547264 fd=O_DIRECT
  L2 want=17547264 slot=17547264 nbytes=17547264 fd=O_DIRECT
  L2 want=17547264 slot=17547264 nbytes=17547264 fd=O_DIRECT
  L2 want=17547264 slot=17547264 nbytes=17547264 fd=O_DIRECT
  L2 want=17547264 slot=17547264 nbytes=17547264 fd=O_DIRECT
  L2 want=17547264 slot=17547264 nbytes=17547264 fd=O_DIRECT
  L2 want=17547264 slot=17547264 nbytes=17547264 fd=O_DIRECT
  L2 want=17547264 slot=17547264 nbytes=17547264 fd=O_DIRECT
  L2 want=17547264 slot=17547264 nbytes=17547264 fd=O_DIRECT
  L2 want=17547264 slot=17547264 nbytes=17547264 fd=O_DIRECT
  L2 want=17547264 slot=17547264 nbytes=17547264 fd=O_DIRECT
  L2 want=17547264 slot=17547264 nbytes=17547264 fd=O_DIRECT
  L2 want=17547264 slot=17547264 nbytes=17547264 fd=O_DIRECT
  L2 want=17547264 slot=17547264 nbytes=17547264 fd=O_DIRECT
  L2 want=17547264 slot=17547264 nbytes=17547264 fd=O_DIRECT
  L2 want=17547264 slot=17547264 nbytes=17547264 fd=O_DIRECT
  L2 want=17547264 slot=17547264 nbytes=17547264 fd=O_DIRECT
  L2 want=17547264 slot=17547264 nbytes=17547264 fd=O_DIRECT
  L2 want=17547264 slot=17547264 nbytes=17547264 fd=O_DIRECT
  L2 want=17547264 slot=17547264 nbytes=17547264 fd=O_DIRECT
  L2 want=17547264 slot=17547264 nbytes=17547264 fd=O_DIRECT
  L2 want=17547264 slot=17547264 nbytes=17547264 fd=O_DIRECT
DBG getmany L48 nw=16 wall=0.606s thr(out)1 thr(in)16 conc_peak=16 pread=0.000s [reader]
DBG getmany L47 nw=11 wall=0.702s thr(out)1 thr(in)16 conc_peak=11 pread=0.000s
  L2 want=17547264 slot=17547264 nbytes=17547264 fd=O_DIRECT
  L2 want=17547264 slot=17547264 nbytes=17547264 fd=O_DIRECT
  L2 want=17547264 slot=17547264 nbytes=17547264 fd=O_DIRECT
  L2 want=17547264 slot=17547264 nbytes=17547264 fd=O_DIRECT
  L2 want=17547264 slot=17547264 nbytes=17547264 fd=O_DIRECT
  L2 want=17547264 slot=17547264 nbytes=17547264 fd=O_DIRECT
  L2 want=17547264 slot=17547264 nbytes=17547264 fd=O_DIRECT
  L2 want=17547264 slot=17547264 nbytes=17547264 fd=O_DIRECT
  L2 want=17547264 slot=17547264 nbytes=17547264 fd=O_DIRECT
  L2 want=17547264 slot=17547264 nbytes=17547264 fd=O_DIRECT
  L2 want=17547264 slot=17547264 nbytes=17547264 fd=O_DIRECT
  L2 want=17547264 slot=17547264 nbytes=17547264 fd=O_DIRECT
  L2 want=17547264 slot=17547264 nbytes=17547264 fd=O_DIRECT
  L2 want=17547264 slot=17547264 nbytes=17547264 fd=O_DIRECT
  L2 want=17547264 slot=17547264 nbytes=17547264 fd=O_DIRECT
  L2 want=17547264 slot=17547264 nbytes=17547264 fd=O_DIRECT
  L2 want=17547264 slot=17547264 nbytes=17547264 fd=O_DIRECT
  L2 want=17547264 slot=17547264 nbytes=17547264 fd=O_DIRECT
  L2 want=17547264 slot=17547264 nbytes=17547264 fd=O_DIRECT
  L2 want=17547264 slot=17547264 nbytes=17547264 fd=O_DIRECT
  L2 want=17547264 slot=17547264 nbytes=17547264 fd=O_DIRECT
  L2 want=17547264 slot=17547264 nbytes=17547264 fd=O_DIRECT
  L2 want=17547264 slot=17547264 nbytes=17547264 fd=O_DIRECT
  L2 want=17547264 slot=17547264 nbytes=17547264 fd=O_DIRECT
  L2 want=17547264 slot=17547264 nbytes=17547264 fd=O_DIRECT
  L2 want=17547264 slot=17547264 nbytes=17547264 fd=O_DIRECT
  L2 want=17547264 slot=17547264 nbytes=17547264 fd=O_DIRECT
  L2 want=17547264 slot=17547264 nbytes=17547264 fd=O_DIRECT
  L2 want=17547264 slot=17547264 nbytes=17547264 fd=O_DIRECT
DBG getmany L49 nw=16 wall=0.706s thr(out)1 thr(in)16 conc_peak=16 pread=0.000s [reader]
DBG getmany L48 nw=13 wall=0.701s thr(out)1 thr(in)16 conc_peak=13 pread=0.000s
DBG getmany L50 nw=16 wall=0.449s thr(out)1 thr(in)16 conc_peak=16 pread=0.000s [reader]
DBG getmany L49 nw=9 wall=0.602s thr(out)1 thr(in)16 conc_peak=9 pread=0.000s
DBG getmany L51 nw=16 wall=0.503s thr(out)1 thr(in)16 conc_peak=16 pread=0.000s [reader]
DBG getmany L50 nw=12 wall=0.576s thr(out)1 thr(in)16 conc_peak=12 pread=0.000s
  L2 want=17547264 slot=17547264 nbytes=17547264 fd=O_DIRECT
  L2 want=17547264 slot=17547264 nbytes=17547264 fd=O_DIRECT
  L2 want=17547264 slot=17547264 nbytes=17547264 fd=O_DIRECT
  L2 want=17547264 slot=17547264 nbytes=17547264 fd=O_DIRECT
  L2 want=17547264 slot=17547264 nbytes=17547264 fd=O_DIRECT
  L2 want=17547264 slot=17547264 nbytes=17547264 fd=O_DIRECT
  L2 want=17547264 slot=17547264 nbytes=17547264 fd=O_DIRECT
  L2 want=17547264 slot=17547264 nbytes=17547264 fd=O_DIRECT
  L2 want=17547264 slot=17547264 nbytes=17547264 fd=O_DIRECT
  L2 want=17547264 slot=17547264 nbytes=17547264 fd=O_DIRECT
  L2 want=17547264 slot=17547264 nbytes=17547264 fd=O_DIRECT
  L2 want=17547264 slot=17547264 nbytes=17547264 fd=O_DIRECT
  L2 want=17547264 slot=17547264 nbytes=17547264 fd=O_DIRECT
  L2 want=17547264 slot=17547264 nbytes=17547264 fd=O_DIRECT
  L2 want=17547264 slot=17547264 nbytes=17547264 fd=O_DIRECT
  L2 want=17547264 slot=17547264 nbytes=17547264 fd=O_DIRECT
  L2 want=17547264 slot=17547264 nbytes=17547264 fd=O_DIRECT
  L2 want=17547264 slot=17547264 nbytes=17547264 fd=O_DIRECT
  L2 want=17547264 slot=17547264 nbytes=17547264 fd=O_DIRECT
  L2 want=17547264 slot=17547264 nbytes=17547264 fd=O_DIRECT
  L2 want=17547264 slot=17547264 nbytes=17547264 fd=O_DIRECT
  L2 want=17547264 slot=17547264 nbytes=17547264 fd=O_DIRECT
  L2 want=17547264 slot=17547264 nbytes=17547264 fd=O_DIRECT
  L2 want=17547264 slot=17547264 nbytes=17547264 fd=O_DIRECT
  L2 want=17547264 slot=17547264 nbytes=17547264 fd=O_DIRECT
  L2 want=17547264 slot=17547264 nbytes=17547264 fd=O_DIRECT
  L2 want=17547264 slot=17547264 nbytes=17547264 fd=O_DIRECT
  L2 want=17547264 slot=17547264 nbytes=17547264 fd=O_DIRECT
DBG getmany L51 nw=12 wall=0.705s thr(out)1 thr(in)16 conc_peak=12 pread=0.000s
DBG getmany L52 nw=16 wall=0.758s thr(out)1 thr(in)16 conc_peak=16 pread=0.000s [reader]
DBG getmany L53 nw=16 wall=0.519s thr(out)1 thr(in)16 conc_peak=16 pread=0.000s [reader]
DBG getmany L52 nw=15 wall=0.696s thr(out)1 thr(in)16 conc_peak=15 pread=0.000s
DBG getmany L54 nw=16 wall=0.502s thr(out)1 thr(in)16 conc_peak=16 pread=0.000s [reader]
DBG getmany L53 nw=10 wall=0.674s thr(out)1 thr(in)16 conc_peak=10 pread=0.000s
DBG getmany L55 nw=16 wall=0.383s thr(out)1 thr(in)16 conc_peak=16 pread=0.000s [reader]
DBG getmany L54 nw=12 wall=0.510s thr(out)1 thr(in)16 conc_peak=12 pread=0.000s
DBG getmany L56 nw=16 wall=0.352s thr(out)1 thr(in)16 conc_peak=16 pread=0.000s [reader]
DBG getmany L55 nw=14 wall=0.676s thr(out)1 thr(in)16 conc_peak=14 pread=0.000s
DBG getmany L57 nw=16 wall=11.526s thr(out)1 thr(in)16 conc_peak=16 pread=0.000s [reader]
DBG getmany L56 nw=16 wall=11.672s thr(out)1 thr(in)16 conc_peak=16 pread=0.000s
  L2 want=17547264 slot=17547264 nbytes=17547264 fd=O_DIRECT
  L2 want=17547264 slot=17547264 nbytes=17547264 fd=O_DIRECT
  L2 want=17547264 slot=17547264 nbytes=17547264 fd=O_DIRECT
  L2 want=17547264 slot=17547264 nbytes=17547264 fd=O_DIRECT
  L2 want=17547264 slot=17547264 nbytes=17547264 fd=O_DIRECT
  L2 want=17547264 slot=17547264 nbytes=17547264 fd=O_DIRECT
  L2 want=17547264 slot=17547264 nbytes=17547264 fd=O_DIRECT
  L2 want=17547264 slot=17547264 nbytes=17547264 fd=O_DIRECT
  L2 want=17547264 slot=17547264 nbytes=17547264 fd=O_DIRECT
  L2 want=17547264 slot=17547264 nbytes=17547264 fd=O_DIRECT
  L2 want=17547264 slot=17547264 nbytes=17547264 fd=O_DIRECT
  L2 want=17547264 slot=17547264 nbytes=17547264 fd=O_DIRECT
  L2 want=17547264 slot=17547264 nbytes=17547264 fd=O_DIRECT
  L2 want=17547264 slot=17547264 nbytes=17547264 fd=O_DIRECT
  L2 want=17547264 slot=17547264 nbytes=17547264 fd=O_DIRECT
  L2 want=17547264 slot=17547264 nbytes=17547264 fd=O_DIRECT
  L2 want=17547264 slot=17547264 nbytes=17547264 fd=O_DIRECT
  L2 want=17547264 slot=17547264 nbytes=17547264 fd=O_DIRECT
  L2 want=17547264 slot=17547264 nbytes=17547264 fd=O_DIRECT
  L2 want=17547264 slot=17547264 nbytes=17547264 fd=O_DIRECT
  L2 want=17547264 slot=17547264 nbytes=17547264 fd=O_DIRECT
  L2 want=17547264 slot=17547264 nbytes=17547264 fd=O_DIRECT
  L2 want=17547264 slot=17547264 nbytes=17547264 fd=O_DIRECT
  L2 want=17547264 slot=17547264 nbytes=17547264 fd=O_DIRECT
  L2 want=17547264 slot=17547264 nbytes=17547264 fd=O_DIRECT
  L2 want=17547264 slot=17547264 nbytes=17547264 fd=O_DIRECT
  L2 want=17547264 slot=17547264 nbytes=17547264 fd=O_DIRECT
  L2 want=17547264 slot=17547264 nbytes=17547264 fd=O_DIRECT
  L2 want=17547264 slot=17547264 nbytes=17547264 fd=O_DIRECT
  L2 want=17547264 slot=17547264 nbytes=17547264 fd=O_DIRECT
  L2 want=17547264 slot=17547264 nbytes=17547264 fd=O_DIRECT
  L2 want=17547264 slot=17547264 nbytes=17547264 fd=O_DIRECT
DBG getmany L58 nw=16 wall=0.414s thr(out)1 thr(in)16 conc_peak=16 pread=0.000s [reader]
DBG getmany L57 nw=16 wall=0.751s thr(out)1 thr(in)16 conc_peak=16 pread=0.000s
  L2 want=17547264 slot=17547264 nbytes=17547264 fd=O_DIRECT
  L2 want=17547264 slot=17547264 nbytes=17547264 fd=O_DIRECT
  L2 want=17547264 slot=17547264 nbytes=17547264 fd=O_DIRECT
  L2 want=17547264 slot=17547264 nbytes=17547264 fd=O_DIRECT
  L2 want=17547264 slot=17547264 nbytes=17547264 fd=O_DIRECT
  L2 want=17547264 slot=17547264 nbytes=17547264 fd=O_DIRECT
  L2 want=17547264 slot=17547264 nbytes=17547264 fd=O_DIRECT
  L2 want=17547264 slot=17547264 nbytes=17547264 fd=O_DIRECT
  L2 want=17547264 slot=17547264 nbytes=17547264 fd=O_DIRECT
  L2 want=17547264 slot=17547264 nbytes=17547264 fd=O_DIRECT
  L2 want=17547264 slot=17547264 nbytes=17547264 fd=O_DIRECT
  L2 want=17547264 slot=17547264 nbytes=17547264 fd=O_DIRECT
  L2 want=17547264 slot=17547264 nbytes=17547264 fd=O_DIRECT
  L2 want=17547264 slot=17547264 nbytes=17547264 fd=O_DIRECT
  L2 want=17547264 slot=17547264 nbytes=17547264 fd=O_DIRECT
  L2 want=17547264 slot=17547264 nbytes=17547264 fd=O_DIRECT
  L2 want=17547264 slot=17547264 nbytes=17547264 fd=O_DIRECT
  L2 want=17547264 slot=17547264 nbytes=17547264 fd=O_DIRECT
  L2 want=17547264 slot=17547264 nbytes=17547264 fd=O_DIRECT
  L2 want=17547264 slot=17547264 nbytes=17547264 fd=O_DIRECT
  L2 want=17547264 slot=17547264 nbytes=17547264 fd=O_DIRECT
  L2 want=17547264 slot=17547264 nbytes=17547264 fd=O_DIRECT
  L2 want=17547264 slot=17547264 nbytes=17547264 fd=O_DIRECT
  L2 want=17547264 slot=17547264 nbytes=17547264 fd=O_DIRECT
  L2 want=17547264 slot=17547264 nbytes=17547264 fd=O_DIRECT
  L2 want=17547264 slot=17547264 nbytes=17547264 fd=O_DIRECT
  L2 want=17547264 slot=17547264 nbytes=17547264 fd=O_DIRECT
  L2 want=17547264 slot=17547264 nbytes=17547264 fd=O_DIRECT
  L2 want=17547264 slot=17547264 nbytes=17547264 fd=O_DIRECT
  L2 want=17547264 slot=17547264 nbytes=17547264 fd=O_DIRECT
DBG getmany L59 nw=16 wall=0.453s thr(out)1 thr(in)16 conc_peak=16 pread=0.000s [reader]
DBG getmany L58 nw=14 wall=0.583s thr(out)1 thr(in)16 conc_peak=14 pread=0.000s
  L2 want=17547264 slot=17547264 nbytes=17547264 fd=O_DIRECT
  L2 want=17547264 slot=17547264 nbytes=17547264 fd=O_DIRECT
  L2 want=17547264 slot=17547264 nbytes=17547264 fd=O_DIRECT
  L2 want=17547264 slot=17547264 nbytes=17547264 fd=O_DIRECT
  L2 want=17547264 slot=17547264 nbytes=17547264 fd=O_DIRECT
  L2 want=17547264 slot=17547264 nbytes=17547264 fd=O_DIRECT
  L2 want=17547264 slot=17547264 nbytes=17547264 fd=O_DIRECT
  L2 want=17547264 slot=17547264 nbytes=17547264 fd=O_DIRECT
  L2 want=17547264 slot=17547264 nbytes=17547264 fd=O_DIRECT
  L2 want=17547264 slot=17547264 nbytes=17547264 fd=O_DIRECT
  L2 want=17547264 slot=17547264 nbytes=17547264 fd=O_DIRECT
  L2 want=17547264 slot=17547264 nbytes=17547264 fd=O_DIRECT
  L2 want=17547264 slot=17547264 nbytes=17547264 fd=O_DIRECT
  L2 want=17547264 slot=17547264 nbytes=17547264 fd=O_DIRECT
  L2 want=17547264 slot=17547264 nbytes=17547264 fd=O_DIRECT
  L2 want=17547264 slot=17547264 nbytes=17547264 fd=O_DIRECT
  L2 want=17547264 slot=17547264 nbytes=17547264 fd=O_DIRECT
  L2 want=17547264 slot=17547264 nbytes=17547264 fd=O_DIRECT
  L2 want=17547264 slot=17547264 nbytes=17547264 fd=O_DIRECT
  L2 want=17547264 slot=17547264 nbytes=17547264 fd=O_DIRECT
  L2 want=17547264 slot=17547264 nbytes=17547264 fd=O_DIRECT
  L2 want=17547264 slot=17547264 nbytes=17547264 fd=O_DIRECT
  L2 want=17547264 slot=17547264 nbytes=17547264 fd=O_DIRECT
  L2 want=17547264 slot=17547264 nbytes=17547264 fd=O_DIRECT
  L2 want=17547264 slot=17547264 nbytes=17547264 fd=O_DIRECT
  L2 want=17547264 slot=17547264 nbytes=17547264 fd=O_DIRECT
  L2 want=17547264 slot=17547264 nbytes=17547264 fd=O_DIRECT
  L2 want=17547264 slot=17547264 nbytes=17547264 fd=O_DIRECT
  L2 want=17547264 slot=17547264 nbytes=17547264 fd=O_DIRECT
  L2 want=17547264 slot=17547264 nbytes=17547264 fd=O_DIRECT
  L2 want=17547264 slot=17547264 nbytes=17547264 fd=O_DIRECT
DBG getmany L59 nw=15 wall=0.671s thr(out)1 thr(in)16 conc_peak=15 pread=0.000s
DBG getmany L60 nw=16 wall=0.820s thr(out)1 thr(in)16 conc_peak=16 pread=0.000s [reader]
  L2 want=17547264 slot=17547264 nbytes=17547264 fd=O_DIRECT
  L2 want=17547264 slot=17547264 nbytes=17547264 fd=O_DIRECT
  L2 want=17547264 slot=17547264 nbytes=17547264 fd=O_DIRECT
  L2 want=17547264 slot=17547264 nbytes=17547264 fd=O_DIRECT
  L2 want=17547264 slot=17547264 nbytes=17547264 fd=O_DIRECT
  L2 want=17547264 slot=17547264 nbytes=17547264 fd=O_DIRECT
  L2 want=17547264 slot=17547264 nbytes=17547264 fd=O_DIRECT
  L2 want=17547264 slot=17547264 nbytes=17547264 fd=O_DIRECT
  L2 want=17547264 slot=17547264 nbytes=17547264 fd=O_DIRECT
  L2 want=17547264 slot=17547264 nbytes=17547264 fd=O_DIRECT
  L2 want=17547264 slot=17547264 nbytes=17547264 fd=O_DIRECT
  L2 want=17547264 slot=17547264 nbytes=17547264 fd=O_DIRECT
  L2 want=17547264 slot=17547264 nbytes=17547264 fd=O_DIRECT
  L2 want=17547264 slot=17547264 nbytes=17547264 fd=O_DIRECT
  L2 want=17547264 slot=17547264 nbytes=17547264 fd=O_DIRECT
  L2 want=17547264 slot=17547264 nbytes=17547264 fd=O_DIRECT
  L2 want=17547264 slot=17547264 nbytes=17547264 fd=O_DIRECT
  L2 want=17547264 slot=17547264 nbytes=17547264 fd=O_DIRECT
  L2 want=17547264 slot=17547264 nbytes=17547264 fd=O_DIRECT
  L2 want=17547264 slot=17547264 nbytes=17547264 fd=O_DIRECT
  L2 want=17547264 slot=17547264 nbytes=17547264 fd=O_DIRECT
  L2 want=17547264 slot=17547264 nbytes=17547264 fd=O_DIRECT
  L2 want=17547264 slot=17547264 nbytes=17547264 fd=O_DIRECT
  L2 want=17547264 slot=17547264 nbytes=17547264 fd=O_DIRECT
  L2 want=17547264 slot=17547264 nbytes=17547264 fd=O_DIRECT
  L2 want=17547264 slot=17547264 nbytes=17547264 fd=O_DIRECT
  L2 want=17547264 slot=17547264 nbytes=17547264 fd=O_DIRECT
  L2 want=17547264 slot=17547264 nbytes=17547264 fd=O_DIRECT
  L2 want=17547264 slot=17547264 nbytes=17547264 fd=O_DIRECT
  L2 want=17547264 slot=17547264 nbytes=17547264 fd=O_DIRECT
  L2 want=17547264 slot=17547264 nbytes=17547264 fd=O_DIRECT
  L2 want=17547264 slot=17547264 nbytes=17547264 fd=O_DIRECT
DBG getmany L61 nw=16 wall=0.754s thr(out)1 thr(in)16 conc_peak=16 pread=0.000s [reader]
DBG getmany L60 nw=16 wall=0.796s thr(out)1 thr(in)16 conc_peak=16 pread=0.000s
  L2 want=17547264 slot=17547264 nbytes=17547264 fd=O_DIRECT
  L2 want=17547264 slot=17547264 nbytes=17547264 fd=O_DIRECT
  L2 want=17547264 slot=17547264 nbytes=17547264 fd=O_DIRECT
  L2 want=17547264 slot=17547264 nbytes=17547264 fd=O_DIRECT
  L2 want=17547264 slot=17547264 nbytes=17547264 fd=O_DIRECT
  L2 want=17547264 slot=17547264 nbytes=17547264 fd=O_DIRECT
  L2 want=17547264 slot=17547264 nbytes=17547264 fd=O_DIRECT
  L2 want=17547264 slot=17547264 nbytes=17547264 fd=O_DIRECT
  L2 want=17547264 slot=17547264 nbytes=17547264 fd=O_DIRECT
  L2 want=17547264 slot=17547264 nbytes=17547264 fd=O_DIRECT
  L2 want=17547264 slot=17547264 nbytes=17547264 fd=O_DIRECT
  L2 want=17547264 slot=17547264 nbytes=17547264 fd=O_DIRECT
  L2 want=17547264 slot=17547264 nbytes=17547264 fd=O_DIRECT
  L2 want=17547264 slot=17547264 nbytes=17547264 fd=O_DIRECT
  L2 want=17547264 slot=17547264 nbytes=17547264 fd=O_DIRECT
  L2 want=17547264 slot=17547264 nbytes=17547264 fd=O_DIRECT
  L2 want=17547264 slot=17547264 nbytes=17547264 fd=O_DIRECT
  L2 want=17547264 slot=17547264 nbytes=17547264 fd=O_DIRECT
  L2 want=17547264 slot=17547264 nbytes=17547264 fd=O_DIRECT
  L2 want=17547264 slot=17547264 nbytes=17547264 fd=O_DIRECT
  L2 want=17547264 slot=17547264 nbytes=17547264 fd=O_DIRECT
  L2 want=17547264 slot=17547264 nbytes=17547264 fd=O_DIRECT
  L2 want=17547264 slot=17547264 nbytes=17547264 fd=O_DIRECT
  L2 want=17547264 slot=17547264 nbytes=17547264 fd=O_DIRECT
  L2 want=17547264 slot=17547264 nbytes=17547264 fd=O_DIRECT
  L2 want=17547264 slot=17547264 nbytes=17547264 fd=O_DIRECT
  L2 want=17547264 slot=17547264 nbytes=17547264 fd=O_DIRECT
  L2 want=17547264 slot=17547264 nbytes=17547264 fd=O_DIRECT
  L2 want=17547264 slot=17547264 nbytes=17547264 fd=O_DIRECT
  L2 want=17547264 slot=17547264 nbytes=17547264 fd=O_DIRECT
  L2 want=17547264 slot=17547264 nbytes=17547264 fd=O_DIRECT
  L2 want=17547264 slot=17547264 nbytes=17547264 fd=O_DIRECT
DBG getmany L62 nw=16 wall=0.347s thr(out)1 thr(in)16 conc_peak=16 pread=0.000s [reader]
DBG getmany L61 nw=16 wall=0.736s thr(out)1 thr(in)16 conc_peak=16 pread=0.000s
  L2 want=17547264 slot=17547264 nbytes=17547264 fd=O_DIRECT
  L2 want=17547264 slot=17547264 nbytes=17547264 fd=O_DIRECT
  L2 want=17547264 slot=17547264 nbytes=17547264 fd=O_DIRECT
  L2 want=17547264 slot=17547264 nbytes=17547264 fd=O_DIRECT
  L2 want=17547264 slot=17547264 nbytes=17547264 fd=O_DIRECT
  L2 want=17547264 slot=17547264 nbytes=17547264 fd=O_DIRECT
  L2 want=17547264 slot=17547264 nbytes=17547264 fd=O_DIRECT
  L2 want=17547264 slot=17547264 nbytes=17547264 fd=O_DIRECT
  L2 want=17547264 slot=17547264 nbytes=17547264 fd=O_DIRECT
  L2 want=17547264 slot=17547264 nbytes=17547264 fd=O_DIRECT
  L2 want=17547264 slot=17547264 nbytes=17547264 fd=O_DIRECT
  L2 want=17547264 slot=17547264 nbytes=17547264 fd=O_DIRECT
  L2 want=17547264 slot=17547264 nbytes=17547264 fd=O_DIRECT
  L2 want=17547264 slot=17547264 nbytes=17547264 fd=O_DIRECT
  L2 want=17547264 slot=17547264 nbytes=17547264 fd=O_DIRECT
  L2 want=17547264 slot=17547264 nbytes=17547264 fd=O_DIRECT
  L2 want=17547264 slot=17547264 nbytes=17547264 fd=O_DIRECT
  L2 want=17547264 slot=17547264 nbytes=17547264 fd=O_DIRECT
  L2 want=17547264 slot=17547264 nbytes=17547264 fd=O_DIRECT
  L2 want=17547264 slot=17547264 nbytes=17547264 fd=O_DIRECT
  L2 want=17547264 slot=17547264 nbytes=17547264 fd=O_DIRECT
  L2 want=17547264 slot=17547264 nbytes=17547264 fd=O_DIRECT
  L2 want=17547264 slot=17547264 nbytes=17547264 fd=O_DIRECT
  L2 want=17547264 slot=17547264 nbytes=17547264 fd=O_DIRECT
  L2 want=17547264 slot=17547264 nbytes=17547264 fd=O_DIRECT
  L2 want=17547264 slot=17547264 nbytes=17547264 fd=O_DIRECT
  L2 want=17547264 slot=17547264 nbytes=17547264 fd=O_DIRECT
  L2 want=17547264 slot=17547264 nbytes=17547264 fd=O_DIRECT
  L2 want=17547264 slot=17547264 nbytes=17547264 fd=O_DIRECT
  L2 want=17547264 slot=17547264 nbytes=17547264 fd=O_DIRECT
  L2 want=17547264 slot=17547264 nbytes=17547264 fd=O_DIRECT
DBG getmany L63 nw=16 wall=0.326s thr(out)1 thr(in)16 conc_peak=15 pread=0.000s [reader]
DBG getmany L62 nw=15 wall=0.458s thr(out)1 thr(in)16 conc_peak=15 pread=0.000s
DBG getmany L64 nw=16 wall=0.365s thr(out)1 thr(in)16 conc_peak=16 pread=0.000s [reader]
DBG getmany L63 nw=15 wall=0.802s thr(out)1 thr(in)16 conc_peak=15 pread=0.000s
  L2 want=17547264 slot=17547264 nbytes=17547264 fd=O_DIRECT
  L2 want=17547264 slot=17547264 nbytes=17547264 fd=O_DIRECT
  L2 want=17547264 slot=17547264 nbytes=17547264 fd=O_DIRECT
  L2 want=17547264 slot=17547264 nbytes=17547264 fd=O_DIRECT
  L2 want=17547264 slot=17547264 nbytes=17547264 fd=O_DIRECT
  L2 want=17547264 slot=17547264 nbytes=17547264 fd=O_DIRECT
  L2 want=17547264 slot=17547264 nbytes=17547264 fd=O_DIRECT
  L2 want=17547264 slot=17547264 nbytes=17547264 fd=O_DIRECT
  L2 want=17547264 slot=17547264 nbytes=17547264 fd=O_DIRECT
  L2 want=17547264 slot=17547264 nbytes=17547264 fd=O_DIRECT
  L2 want=17547264 slot=17547264 nbytes=17547264 fd=O_DIRECT
  L2 want=17547264 slot=17547264 nbytes=17547264 fd=O_DIRECT
  L2 want=17547264 slot=17547264 nbytes=17547264 fd=O_DIRECT
  L2 want=17547264 slot=17547264 nbytes=17547264 fd=O_DIRECT
  L2 want=17547264 slot=17547264 nbytes=17547264 fd=O_DIRECT
  L2 want=17547264 slot=17547264 nbytes=17547264 fd=O_DIRECT
  L2 want=17547264 slot=17547264 nbytes=17547264 fd=O_DIRECT
  L2 want=17547264 slot=17547264 nbytes=17547264 fd=O_DIRECT
  L2 want=17547264 slot=17547264 nbytes=17547264 fd=O_DIRECT
  L2 want=17547264 slot=17547264 nbytes=17547264 fd=O_DIRECT
  L2 want=17547264 slot=17547264 nbytes=17547264 fd=O_DIRECT
  L2 want=17547264 slot=17547264 nbytes=17547264 fd=O_DIRECT
  L2 want=17547264 slot=17547264 nbytes=17547264 fd=O_DIRECT
  L2 want=17547264 slot=17547264 nbytes=17547264 fd=O_DIRECT
  L2 want=17547264 slot=17547264 nbytes=17547264 fd=O_DIRECT
  L2 want=17547264 slot=17547264 nbytes=17547264 fd=O_DIRECT
  L2 want=17547264 slot=17547264 nbytes=17547264 fd=O_DIRECT
  L2 want=17547264 slot=17547264 nbytes=17547264 fd=O_DIRECT
  L2 want=17547264 slot=17547264 nbytes=17547264 fd=O_DIRECT
  L2 want=17547264 slot=17547264 nbytes=17547264 fd=O_DIRECT
  L2 want=17547264 slot=17547264 nbytes=17547264 fd=O_DIRECT
  L2 want=17547264 slot=17547264 nbytes=17547264 fd=O_DIRECT
DBG getmany L65 nw=16 wall=0.340s thr(out)1 thr(in)16 conc_peak=16 pread=0.000s [reader]
DBG getmany L64 nw=16 wall=0.762s thr(out)1 thr(in)16 conc_peak=16 pread=0.000s
  L2 want=17547264 slot=17547264 nbytes=17547264 fd=O_DIRECT
  L2 want=17547264 slot=17547264 nbytes=17547264 fd=O_DIRECT
  L2 want=17547264 slot=17547264 nbytes=17547264 fd=O_DIRECT
  L2 want=17547264 slot=17547264 nbytes=17547264 fd=O_DIRECT
  L2 want=17547264 slot=17547264 nbytes=17547264 fd=O_DIRECT
  L2 want=17547264 slot=17547264 nbytes=17547264 fd=O_DIRECT
  L2 want=17547264 slot=17547264 nbytes=17547264 fd=O_DIRECT
  L2 want=17547264 slot=17547264 nbytes=17547264 fd=O_DIRECT
  L2 want=17547264 slot=17547264 nbytes=17547264 fd=O_DIRECT
  L2 want=17547264 slot=17547264 nbytes=17547264 fd=O_DIRECT
  L2 want=17547264 slot=17547264 nbytes=17547264 fd=O_DIRECT
  L2 want=17547264 slot=17547264 nbytes=17547264 fd=O_DIRECT
  L2 want=17547264 slot=17547264 nbytes=17547264 fd=O_DIRECT
  L2 want=17547264 slot=17547264 nbytes=17547264 fd=O_DIRECT
  L2 want=17547264 slot=17547264 nbytes=17547264 fd=O_DIRECT
  L2 want=17547264 slot=17547264 nbytes=17547264 fd=O_DIRECT
  L2 want=17547264 slot=17547264 nbytes=17547264 fd=O_DIRECT
  L2 want=17547264 slot=17547264 nbytes=17547264 fd=O_DIRECT
  L2 want=17547264 slot=17547264 nbytes=17547264 fd=O_DIRECT
  L2 want=17547264 slot=17547264 nbytes=17547264 fd=O_DIRECT
  L2 want=17547264 slot=17547264 nbytes=17547264 fd=O_DIRECT
  L2 want=17547264 slot=17547264 nbytes=17547264 fd=O_DIRECT
  L2 want=17547264 slot=17547264 nbytes=17547264 fd=O_DIRECT
  L2 want=17547264 slot=17547264 nbytes=17547264 fd=O_DIRECT
  L2 want=17547264 slot=17547264 nbytes=17547264 fd=O_DIRECT
  L2 want=17547264 slot=17547264 nbytes=17547264 fd=O_DIRECT
  L2 want=17547264 slot=17547264 nbytes=17547264 fd=O_DIRECT
  L2 want=17547264 slot=17547264 nbytes=17547264 fd=O_DIRECT
  L2 want=17547264 slot=17547264 nbytes=17547264 fd=O_DIRECT
  L2 want=17547264 slot=17547264 nbytes=17547264 fd=O_DIRECT
  L2 want=17547264 slot=17547264 nbytes=17547264 fd=O_DIRECT
DBG getmany L66 nw=16 wall=0.565s thr(out)1 thr(in)16 conc_peak=16 pread=0.000s [reader]
DBG getmany L65 nw=15 wall=0.857s thr(out)1 thr(in)16 conc_peak=15 pread=0.000s
DBG getmany L67 nw=16 wall=0.560s thr(out)1 thr(in)16 conc_peak=16 pread=0.000s [reader]
DBG getmany L66 nw=15 wall=0.559s thr(out)1 thr(in)16 conc_peak=15 pread=0.000s
  L2 want=17547264 slot=17547264 nbytes=17547264 fd=O_DIRECT
  L2 want=17547264 slot=17547264 nbytes=17547264 fd=O_DIRECT
  L2 want=17547264 slot=17547264 nbytes=17547264 fd=O_DIRECT
  L2 want=17547264 slot=17547264 nbytes=17547264 fd=O_DIRECT
  L2 want=17547264 slot=17547264 nbytes=17547264 fd=O_DIRECT
  L2 want=17547264 slot=17547264 nbytes=17547264 fd=O_DIRECT
  L2 want=17547264 slot=17547264 nbytes=17547264 fd=O_DIRECT
  L2 want=17547264 slot=17547264 nbytes=17547264 fd=O_DIRECT
  L2 want=17547264 slot=17547264 nbytes=17547264 fd=O_DIRECT
  L2 want=17547264 slot=17547264 nbytes=17547264 fd=O_DIRECT
  L2 want=17547264 slot=17547264 nbytes=17547264 fd=O_DIRECT
  L2 want=17547264 slot=17547264 nbytes=17547264 fd=O_DIRECT
  L2 want=17547264 slot=17547264 nbytes=17547264 fd=O_DIRECT
  L2 want=17547264 slot=17547264 nbytes=17547264 fd=O_DIRECT
  L2 want=17547264 slot=17547264 nbytes=17547264 fd=O_DIRECT
  L2 want=17547264 slot=17547264 nbytes=17547264 fd=O_DIRECT
  L2 want=17547264 slot=17547264 nbytes=17547264 fd=O_DIRECT
  L2 want=17547264 slot=17547264 nbytes=17547264 fd=O_DIRECT
  L2 want=17547264 slot=17547264 nbytes=17547264 fd=O_DIRECT
  L2 want=17547264 slot=17547264 nbytes=17547264 fd=O_DIRECT
  L2 want=17547264 slot=17547264 nbytes=17547264 fd=O_DIRECT
  L2 want=17547264 slot=17547264 nbytes=17547264 fd=O_DIRECT
  L2 want=17547264 slot=17547264 nbytes=17547264 fd=O_DIRECT
  L2 want=17547264 slot=17547264 nbytes=17547264 fd=O_DIRECT
  L2 want=17547264 slot=17547264 nbytes=17547264 fd=O_DIRECT
  L2 want=17547264 slot=17547264 nbytes=17547264 fd=O_DIRECT
  L2 want=17547264 slot=17547264 nbytes=17547264 fd=O_DIRECT
  L2 want=17547264 slot=17547264 nbytes=17547264 fd=O_DIRECT
  L2 want=17547264 slot=17547264 nbytes=17547264 fd=O_DIRECT
  L2 want=17547264 slot=17547264 nbytes=17547264 fd=O_DIRECT
  L2 want=17547264 slot=17547264 nbytes=17547264 fd=O_DIRECT
  L2 want=17547264 slot=17547264 nbytes=17547264 fd=O_DIRECT
DBG getmany L67 nw=16 wall=0.670s thr(out)1 thr(in)16 conc_peak=16 pread=0.000s
DBG getmany L68 nw=16 wall=0.862s thr(out)1 thr(in)16 conc_peak=16 pread=0.000s [reader]
DBG getmany L69 nw=16 wall=0.731s thr(out)1 thr(in)16 conc_peak=16 pread=0.000s [reader]
DBG getmany L68 nw=14 wall=0.719s thr(out)1 thr(in)16 conc_peak=14 pread=0.000s
  L2 want=17547264 slot=17547264 nbytes=17547264 fd=O_DIRECT
  L2 want=17547264 slot=17547264 nbytes=17547264 fd=O_DIRECT
  L2 want=17547264 slot=17547264 nbytes=17547264 fd=O_DIRECT
  L2 want=17547264 slot=17547264 nbytes=17547264 fd=O_DIRECT
  L2 want=17547264 slot=17547264 nbytes=17547264 fd=O_DIRECT
  L2 want=17547264 slot=17547264 nbytes=17547264 fd=O_DIRECT
  L2 want=17547264 slot=17547264 nbytes=17547264 fd=O_DIRECT
  L2 want=17547264 slot=17547264 nbytes=17547264 fd=O_DIRECT
  L2 want=17547264 slot=17547264 nbytes=17547264 fd=O_DIRECT
  L2 want=17547264 slot=17547264 nbytes=17547264 fd=O_DIRECT
  L2 want=17547264 slot=17547264 nbytes=17547264 fd=O_DIRECT
  L2 want=17547264 slot=17547264 nbytes=17547264 fd=O_DIRECT
  L2 want=17547264 slot=17547264 nbytes=17547264 fd=O_DIRECT
  L2 want=17547264 slot=17547264 nbytes=17547264 fd=O_DIRECT
  L2 want=17547264 slot=17547264 nbytes=17547264 fd=O_DIRECT
  L2 want=17547264 slot=17547264 nbytes=17547264 fd=O_DIRECT
  L2 want=17547264 slot=17547264 nbytes=17547264 fd=O_DIRECT
  L2 want=17547264 slot=17547264 nbytes=17547264 fd=O_DIRECT
  L2 want=17547264 slot=17547264 nbytes=17547264 fd=O_DIRECT
  L2 want=17547264 slot=17547264 nbytes=17547264 fd=O_DIRECT
  L2 want=17547264 slot=17547264 nbytes=17547264 fd=O_DIRECT
  L2 want=17547264 slot=17547264 nbytes=17547264 fd=O_DIRECT
  L2 want=17547264 slot=17547264 nbytes=17547264 fd=O_DIRECT
  L2 want=17547264 slot=17547264 nbytes=17547264 fd=O_DIRECT
  L2 want=17547264 slot=17547264 nbytes=17547264 fd=O_DIRECT
  L2 want=17547264 slot=17547264 nbytes=17547264 fd=O_DIRECT
  L2 want=17547264 slot=17547264 nbytes=17547264 fd=O_DIRECT
  L2 want=17547264 slot=17547264 nbytes=17547264 fd=O_DIRECT
  L2 want=17547264 slot=17547264 nbytes=17547264 fd=O_DIRECT
  L2 want=17547264 slot=17547264 nbytes=17547264 fd=O_DIRECT
  L2 want=17547264 slot=17547264 nbytes=17547264 fd=O_DIRECT
  L2 want=17547264 slot=17547264 nbytes=17547264 fd=O_DIRECT
DBG getmany L70 nw=16 wall=0.723s thr(out)1 thr(in)16 conc_peak=16 pread=0.000s [reader]
DBG getmany L69 nw=16 wall=0.729s thr(out)1 thr(in)16 conc_peak=16 pread=0.000s
  L2 want=17547264 slot=17547264 nbytes=17547264 fd=O_DIRECT
  L2 want=17547264 slot=17547264 nbytes=17547264 fd=O_DIRECT
  L2 want=17547264 slot=17547264 nbytes=17547264 fd=O_DIRECT
  L2 want=17547264 slot=17547264 nbytes=17547264 fd=O_DIRECT
  L2 want=17547264 slot=17547264 nbytes=17547264 fd=O_DIRECT
  L2 want=17547264 slot=17547264 nbytes=17547264 fd=O_DIRECT
  L2 want=17547264 slot=17547264 nbytes=17547264 fd=O_DIRECT
  L2 want=17547264 slot=17547264 nbytes=17547264 fd=O_DIRECT
  L2 want=17547264 slot=17547264 nbytes=17547264 fd=O_DIRECT
  L2 want=17547264 slot=17547264 nbytes=17547264 fd=O_DIRECT
  L2 want=17547264 slot=17547264 nbytes=17547264 fd=O_DIRECT
  L2 want=17547264 slot=17547264 nbytes=17547264 fd=O_DIRECT
  L2 want=17547264 slot=17547264 nbytes=17547264 fd=O_DIRECT
  L2 want=17547264 slot=17547264 nbytes=17547264 fd=O_DIRECT
  L2 want=17547264 slot=17547264 nbytes=17547264 fd=O_DIRECT
  L2 want=17547264 slot=17547264 nbytes=17547264 fd=O_DIRECT
  L2 want=17547264 slot=17547264 nbytes=17547264 fd=O_DIRECT
  L2 want=17547264 slot=17547264 nbytes=17547264 fd=O_DIRECT
  L2 want=17547264 slot=17547264 nbytes=17547264 fd=O_DIRECT
  L2 want=17547264 slot=17547264 nbytes=17547264 fd=O_DIRECT
  L2 want=17547264 slot=17547264 nbytes=17547264 fd=O_DIRECT
  L2 want=17547264 slot=17547264 nbytes=17547264 fd=O_DIRECT
  L2 want=17547264 slot=17547264 nbytes=17547264 fd=O_DIRECT
  L2 want=17547264 slot=17547264 nbytes=17547264 fd=O_DIRECT
  L2 want=17547264 slot=17547264 nbytes=17547264 fd=O_DIRECT
  L2 want=17547264 slot=17547264 nbytes=17547264 fd=O_DIRECT
  L2 want=17547264 slot=17547264 nbytes=17547264 fd=O_DIRECT
  L2 want=17547264 slot=17547264 nbytes=17547264 fd=O_DIRECT
  L2 want=17547264 slot=17547264 nbytes=17547264 fd=O_DIRECT
  L2 want=17547264 slot=17547264 nbytes=17547264 fd=O_DIRECT
  L2 want=17547264 slot=17547264 nbytes=17547264 fd=O_DIRECT
  L2 want=17547264 slot=17547264 nbytes=17547264 fd=O_DIRECT
DBG getmany L71 nw=16 wall=0.505s thr(out)1 thr(in)16 conc_peak=16 pread=0.000s [reader]
DBG getmany L70 nw=16 wall=0.595s thr(out)1 thr(in)16 conc_peak=16 pread=0.000s
DBG getmany L72 nw=16 wall=0.844s thr(out)1 thr(in)16 conc_peak=16 pread=0.000s [reader]
DBG getmany L71 nw=16 wall=0.775s thr(out)1 thr(in)16 conc_peak=16 pread=0.000s
  L2 want=17547264 slot=17547264 nbytes=17547264 fd=O_DIRECT
  L2 want=17547264 slot=17547264 nbytes=17547264 fd=O_DIRECT
  L2 want=17547264 slot=17547264 nbytes=17547264 fd=O_DIRECT
  L2 want=17547264 slot=17547264 nbytes=17547264 fd=O_DIRECT
  L2 want=17547264 slot=17547264 nbytes=17547264 fd=O_DIRECT
  L2 want=17547264 slot=17547264 nbytes=17547264 fd=O_DIRECT
  L2 want=17547264 slot=17547264 nbytes=17547264 fd=O_DIRECT
  L2 want=17547264 slot=17547264 nbytes=17547264 fd=O_DIRECT
  L2 want=17547264 slot=17547264 nbytes=17547264 fd=O_DIRECT
  L2 want=17547264 slot=17547264 nbytes=17547264 fd=O_DIRECT
  L2 want=17547264 slot=17547264 nbytes=17547264 fd=O_DIRECT
  L2 want=17547264 slot=17547264 nbytes=17547264 fd=O_DIRECT
  L2 want=17547264 slot=17547264 nbytes=17547264 fd=O_DIRECT
  L2 want=17547264 slot=17547264 nbytes=17547264 fd=O_DIRECT
  L2 want=17547264 slot=17547264 nbytes=17547264 fd=O_DIRECT
  L2 want=17547264 slot=17547264 nbytes=17547264 fd=O_DIRECT
  L2 want=17547264 slot=17547264 nbytes=17547264 fd=O_DIRECT
  L2 want=17547264 slot=17547264 nbytes=17547264 fd=O_DIRECT
  L2 want=17547264 slot=17547264 nbytes=17547264 fd=O_DIRECT
  L2 want=17547264 slot=17547264 nbytes=17547264 fd=O_DIRECT
  L2 want=17547264 slot=17547264 nbytes=17547264 fd=O_DIRECT
  L2 want=17547264 slot=17547264 nbytes=17547264 fd=O_DIRECT
  L2 want=17547264 slot=17547264 nbytes=17547264 fd=O_DIRECT
  L2 want=17547264 slot=17547264 nbytes=17547264 fd=O_DIRECT
  L2 want=17547264 slot=17547264 nbytes=17547264 fd=O_DIRECT
  L2 want=17547264 slot=17547264 nbytes=17547264 fd=O_DIRECT
  L2 want=17547264 slot=17547264 nbytes=17547264 fd=O_DIRECT
  L2 want=17547264 slot=17547264 nbytes=17547264 fd=O_DIRECT
  L2 want=17547264 slot=17547264 nbytes=17547264 fd=O_DIRECT
  L2 want=17547264 slot=17547264 nbytes=17547264 fd=O_DIRECT
  L2 want=17547264 slot=17547264 nbytes=17547264 fd=O_DIRECT
  L2 want=17547264 slot=17547264 nbytes=17547264 fd=O_DIRECT
DBG getmany L73 nw=16 wall=0.620s thr(out)1 thr(in)16 conc_peak=16 pread=0.000s [reader]
DBG getmany L72 nw=16 wall=0.789s thr(out)1 thr(in)16 conc_peak=16 pread=0.000s
  L2 want=17547264 slot=17547264 nbytes=17547264 fd=O_DIRECT
  L2 want=17547264 slot=17547264 nbytes=17547264 fd=O_DIRECT
  L2 want=17547264 slot=17547264 nbytes=17547264 fd=O_DIRECT
  L2 want=17547264 slot=17547264 nbytes=17547264 fd=O_DIRECT
  L2 want=17547264 slot=17547264 nbytes=17547264 fd=O_DIRECT
  L2 want=17547264 slot=17547264 nbytes=17547264 fd=O_DIRECT
  L2 want=17547264 slot=17547264 nbytes=17547264 fd=O_DIRECT
  L2 want=17547264 slot=17547264 nbytes=17547264 fd=O_DIRECT
  L2 want=17547264 slot=17547264 nbytes=17547264 fd=O_DIRECT
  L2 want=17547264 slot=17547264 nbytes=17547264 fd=O_DIRECT
  L2 want=17547264 slot=17547264 nbytes=17547264 fd=O_DIRECT
  L2 want=17547264 slot=17547264 nbytes=17547264 fd=O_DIRECT
  L2 want=17547264 slot=17547264 nbytes=17547264 fd=O_DIRECT
  L2 want=17547264 slot=17547264 nbytes=17547264 fd=O_DIRECT
  L2 want=17547264 slot=17547264 nbytes=17547264 fd=O_DIRECT
  L2 want=17547264 slot=17547264 nbytes=17547264 fd=O_DIRECT
  L2 want=17547264 slot=17547264 nbytes=17547264 fd=O_DIRECT
  L2 want=17547264 slot=17547264 nbytes=17547264 fd=O_DIRECT
  L2 want=17547264 slot=17547264 nbytes=17547264 fd=O_DIRECT
  L2 want=17547264 slot=17547264 nbytes=17547264 fd=O_DIRECT
  L2 want=17547264 slot=17547264 nbytes=17547264 fd=O_DIRECT
  L2 want=17547264 slot=17547264 nbytes=17547264 fd=O_DIRECT
  L2 want=17547264 slot=17547264 nbytes=17547264 fd=O_DIRECT
  L2 want=17547264 slot=17547264 nbytes=17547264 fd=O_DIRECT
  L2 want=17547264 slot=17547264 nbytes=17547264 fd=O_DIRECT
  L2 want=17547264 slot=17547264 nbytes=17547264 fd=O_DIRECT
  L2 want=17547264 slot=17547264 nbytes=17547264 fd=O_DIRECT
  L2 want=17547264 slot=17547264 nbytes=17547264 fd=O_DIRECT
  L2 want=17547264 slot=17547264 nbytes=17547264 fd=O_DIRECT
  L2 want=17547264 slot=17547264 nbytes=17547264 fd=O_DIRECT
  L2 want=17547264 slot=17547264 nbytes=17547264 fd=O_DIRECT
DBG getmany L74 nw=16 wall=0.836s thr(out)1 thr(in)16 conc_peak=16 pread=0.000s [reader]
DBG getmany L73 nw=15 wall=0.762s thr(out)1 thr(in)16 conc_peak=15 pread=0.000s
DBG getmany L75 nw=16 wall=0.502s thr(out)1 thr(in)16 conc_peak=16 pread=0.000s [reader]
DBG getmany L74 nw=13 wall=0.581s thr(out)1 thr(in)16 conc_peak=13 pread=0.000s
DBG getmany L76 nw=16 wall=0.401s thr(out)1 thr(in)16 conc_peak=16 pread=0.000s [reader]
DBG getmany L75 nw=11 wall=0.671s thr(out)1 thr(in)16 conc_peak=11 pread=0.000s
  L2 want=17547264 slot=17547264 nbytes=17547264 fd=O_DIRECT
  L2 want=17547264 slot=17547264 nbytes=17547264 fd=O_DIRECT
  L2 want=17547264 slot=17547264 nbytes=17547264 fd=O_DIRECT
  L2 want=17547264 slot=17547264 nbytes=17547264 fd=O_DIRECT
  L2 want=17547264 slot=17547264 nbytes=17547264 fd=O_DIRECT
  L2 want=17547264 slot=17547264 nbytes=17547264 fd=O_DIRECT
  L2 want=17547264 slot=17547264 nbytes=17547264 fd=O_DIRECT
  L2 want=17547264 slot=17547264 nbytes=17547264 fd=O_DIRECT
  L2 want=17547264 slot=17547264 nbytes=17547264 fd=O_DIRECT
  L2 want=17547264 slot=17547264 nbytes=17547264 fd=O_DIRECT
  L2 want=17547264 slot=17547264 nbytes=17547264 fd=O_DIRECT
  L2 want=17547264 slot=17547264 nbytes=17547264 fd=O_DIRECT
  L2 want=17547264 slot=17547264 nbytes=17547264 fd=O_DIRECT
  L2 want=17547264 slot=17547264 nbytes=17547264 fd=O_DIRECT
  L2 want=17547264 slot=17547264 nbytes=17547264 fd=O_DIRECT
  L2 want=17547264 slot=17547264 nbytes=17547264 fd=O_DIRECT
  L2 want=17547264 slot=17547264 nbytes=17547264 fd=O_DIRECT
  L2 want=17547264 slot=17547264 nbytes=17547264 fd=O_DIRECT
  L2 want=17547264 slot=17547264 nbytes=17547264 fd=O_DIRECT
  L2 want=17547264 slot=17547264 nbytes=17547264 fd=O_DIRECT
  L2 want=17547264 slot=17547264 nbytes=17547264 fd=O_DIRECT
  L2 want=17547264 slot=17547264 nbytes=17547264 fd=O_DIRECT
  L2 want=17547264 slot=17547264 nbytes=17547264 fd=O_DIRECT
  L2 want=17547264 slot=17547264 nbytes=17547264 fd=O_DIRECT
  L2 want=17547264 slot=17547264 nbytes=17547264 fd=O_DIRECT
  L2 want=17547264 slot=17547264 nbytes=17547264 fd=O_DIRECT
  L2 want=17547264 slot=17547264 nbytes=17547264 fd=O_DIRECT
  L2 want=17547264 slot=17547264 nbytes=17547264 fd=O_DIRECT
  L2 want=17547264 slot=17547264 nbytes=17547264 fd=O_DIRECT
  L2 want=17547264 slot=17547264 nbytes=17547264 fd=O_DIRECT
DBG getmany L77 nw=16 wall=0.596s thr(out)1 thr(in)16 conc_peak=16 pread=0.000s [reader]
DBG getmany L76 nw=14 wall=0.714s thr(out)1 thr(in)16 conc_peak=14 pread=0.000s
DBG getmany L78 nw=16 wall=0.786s thr(out)1 thr(in)16 conc_peak=16 pread=0.000s [reader]
DBG getmany L77 nw=16 wall=0.802s thr(out)1 thr(in)16 conc_peak=16 pread=0.000s
  L2 want=17547264 slot=17547264 nbytes=17547264 fd=O_DIRECT
  L2 want=17547264 slot=17547264 nbytes=17547264 fd=O_DIRECT
  L2 want=17547264 slot=17547264 nbytes=17547264 fd=O_DIRECT
  L2 want=17547264 slot=17547264 nbytes=17547264 fd=O_DIRECT
  L2 want=17547264 slot=17547264 nbytes=17547264 fd=O_DIRECT
  L2 want=17547264 slot=17547264 nbytes=17547264 fd=O_DIRECT
  L2 want=17547264 slot=17547264 nbytes=17547264 fd=O_DIRECT
  L2 want=17547264 slot=17547264 nbytes=17547264 fd=O_DIRECT
  L2 want=17547264 slot=17547264 nbytes=17547264 fd=O_DIRECT
  L2 want=17547264 slot=17547264 nbytes=17547264 fd=O_DIRECT
  L2 want=17547264 slot=17547264 nbytes=17547264 fd=O_DIRECT
  L2 want=17547264 slot=17547264 nbytes=17547264 fd=O_DIRECT
  L2 want=17547264 slot=17547264 nbytes=17547264 fd=O_DIRECT
  L2 want=17547264 slot=17547264 nbytes=17547264 fd=O_DIRECT
  L2 want=17547264 slot=17547264 nbytes=17547264 fd=O_DIRECT
  L2 want=17547264 slot=17547264 nbytes=17547264 fd=O_DIRECT
  L2 want=17547264 slot=17547264 nbytes=17547264 fd=O_DIRECT
  L2 want=17547264 slot=17547264 nbytes=17547264 fd=O_DIRECT
  L2 want=17547264 slot=17547264 nbytes=17547264 fd=O_DIRECT
  L2 want=17547264 slot=17547264 nbytes=17547264 fd=O_DIRECT
  L2 want=17547264 slot=17547264 nbytes=17547264 fd=O_DIRECT
  L2 want=17547264 slot=17547264 nbytes=17547264 fd=O_DIRECT
  L2 want=17547264 slot=17547264 nbytes=17547264 fd=O_DIRECT
  L2 want=17547264 slot=17547264 nbytes=17547264 fd=O_DIRECT
  L2 want=17547264 slot=17547264 nbytes=17547264 fd=O_DIRECT
  L2 want=17547264 slot=17547264 nbytes=17547264 fd=O_DIRECT
  L2 want=17547264 slot=17547264 nbytes=17547264 fd=O_DIRECT
  L2 want=17547264 slot=17547264 nbytes=17547264 fd=O_DIRECT
  L2 want=17547264 slot=17547264 nbytes=17547264 fd=O_DIRECT
  L2 want=17547264 slot=17547264 nbytes=17547264 fd=O_DIRECT
  L2 want=17547264 slot=17547264 nbytes=17547264 fd=O_DIRECT
DBG getmany L79 nw=16 wall=0.515s thr(out)1 thr(in)16 conc_peak=16 pread=0.000s [reader]
DBG getmany L78 nw=15 wall=0.607s thr(out)1 thr(in)16 conc_peak=15 pread=0.000s
  L2 want=17547264 slot=17547264 nbytes=17547264 fd=O_DIRECT
  L2 want=17547264 slot=17547264 nbytes=17547264 fd=O_DIRECT
  L2 want=17547264 slot=17547264 nbytes=17547264 fd=O_DIRECT
  L2 want=17547264 slot=17547264 nbytes=17547264 fd=O_DIRECT
  L2 want=17547264 slot=17547264 nbytes=17547264 fd=O_DIRECT
  L2 want=17547264 slot=17547264 nbytes=17547264 fd=O_DIRECT
  L2 want=17547264 slot=17547264 nbytes=17547264 fd=O_DIRECT
  L2 want=17547264 slot=17547264 nbytes=17547264 fd=O_DIRECT
  L2 want=17547264 slot=17547264 nbytes=17547264 fd=O_DIRECT
  L2 want=17547264 slot=17547264 nbytes=17547264 fd=O_DIRECT
  L2 want=17547264 slot=17547264 nbytes=17547264 fd=O_DIRECT
  L2 want=17547264 slot=17547264 nbytes=17547264 fd=O_DIRECT
  L2 want=17547264 slot=17547264 nbytes=17547264 fd=O_DIRECT
  L2 want=17547264 slot=17547264 nbytes=17547264 fd=O_DIRECT
  L2 want=17547264 slot=17547264 nbytes=17547264 fd=O_DIRECT
  L2 want=17547264 slot=17547264 nbytes=17547264 fd=O_DIRECT
  L2 want=17547264 slot=17547264 nbytes=17547264 fd=O_DIRECT
  L2 want=17547264 slot=17547264 nbytes=17547264 fd=O_DIRECT
  L2 want=17547264 slot=17547264 nbytes=17547264 fd=O_DIRECT
  L2 want=17547264 slot=17547264 nbytes=17547264 fd=O_DIRECT
  L2 want=17547264 slot=17547264 nbytes=17547264 fd=O_DIRECT
  L2 want=17547264 slot=17547264 nbytes=17547264 fd=O_DIRECT
  L2 want=17547264 slot=17547264 nbytes=17547264 fd=O_DIRECT
  L2 want=17547264 slot=17547264 nbytes=17547264 fd=O_DIRECT
  L2 want=17547264 slot=17547264 nbytes=17547264 fd=O_DIRECT
  L2 want=17547264 slot=17547264 nbytes=17547264 fd=O_DIRECT
  L2 want=17547264 slot=17547264 nbytes=17547264 fd=O_DIRECT
  L2 want=17547264 slot=17547264 nbytes=17547264 fd=O_DIRECT
  L2 want=17547264 slot=17547264 nbytes=17547264 fd=O_DIRECT
  L2 want=17547264 slot=17547264 nbytes=17547264 fd=O_DIRECT
  L2 want=17547264 slot=17547264 nbytes=17547264 fd=O_DIRECT
DBG getmany L80 nw=16 wall=0.400s thr(out)1 thr(in)16 conc_peak=16 pread=0.000s [reader]
DBG getmany L79 nw=15 wall=0.762s thr(out)1 thr(in)16 conc_peak=15 pread=0.000s
DBG getmany L81 nw=16 wall=0.619s thr(out)1 thr(in)16 conc_peak=16 pread=0.000s [reader]
DBG getmany L80 nw=14 wall=0.737s thr(out)1 thr(in)16 conc_peak=14 pread=0.000s
DBG getmany L82 nw=16 wall=0.279s thr(out)1 thr(in)16 conc_peak=16 pread=0.000s [reader]
DBG getmany L81 nw=14 wall=0.685s thr(out)1 thr(in)16 conc_peak=14 pread=0.000s
  L2 want=17547264 slot=17547264 nbytes=17547264 fd=O_DIRECT
  L2 want=17547264 slot=17547264 nbytes=17547264 fd=O_DIRECT
  L2 want=17547264 slot=17547264 nbytes=17547264 fd=O_DIRECT
  L2 want=17547264 slot=17547264 nbytes=17547264 fd=O_DIRECT
  L2 want=17547264 slot=17547264 nbytes=17547264 fd=O_DIRECT
  L2 want=17547264 slot=17547264 nbytes=17547264 fd=O_DIRECT
  L2 want=17547264 slot=17547264 nbytes=17547264 fd=O_DIRECT
  L2 want=17547264 slot=17547264 nbytes=17547264 fd=O_DIRECT
  L2 want=17547264 slot=17547264 nbytes=17547264 fd=O_DIRECT
  L2 want=17547264 slot=17547264 nbytes=17547264 fd=O_DIRECT
  L2 want=17547264 slot=17547264 nbytes=17547264 fd=O_DIRECT
  L2 want=17547264 slot=17547264 nbytes=17547264 fd=O_DIRECT
  L2 want=17547264 slot=17547264 nbytes=17547264 fd=O_DIRECT
  L2 want=17547264 slot=17547264 nbytes=17547264 fd=O_DIRECT
  L2 want=17547264 slot=17547264 nbytes=17547264 fd=O_DIRECT
  L2 want=17547264 slot=17547264 nbytes=17547264 fd=O_DIRECT
  L2 want=17547264 slot=17547264 nbytes=17547264 fd=O_DIRECT
  L2 want=17547264 slot=17547264 nbytes=17547264 fd=O_DIRECT
  L2 want=17547264 slot=17547264 nbytes=17547264 fd=O_DIRECT
  L2 want=17547264 slot=17547264 nbytes=17547264 fd=O_DIRECT
  L2 want=17547264 slot=17547264 nbytes=17547264 fd=O_DIRECT
  L2 want=17547264 slot=17547264 nbytes=17547264 fd=O_DIRECT
  L2 want=17547264 slot=17547264 nbytes=17547264 fd=O_DIRECT
  L2 want=17547264 slot=17547264 nbytes=17547264 fd=O_DIRECT
  L2 want=17547264 slot=17547264 nbytes=17547264 fd=O_DIRECT
  L2 want=17547264 slot=17547264 nbytes=17547264 fd=O_DIRECT
  L2 want=17547264 slot=17547264 nbytes=17547264 fd=O_DIRECT
  L2 want=17547264 slot=17547264 nbytes=17547264 fd=O_DIRECT
  L2 want=17547264 slot=17547264 nbytes=17547264 fd=O_DIRECT
  L2 want=17547264 slot=17547264 nbytes=17547264 fd=O_DIRECT
DBG getmany L83 nw=16 wall=0.269s thr(out)1 thr(in)16 conc_peak=16 pread=0.000s [reader]
DBG getmany L82 nw=14 wall=0.550s thr(out)1 thr(in)16 conc_peak=14 pread=0.000s
DBG getmany L84 nw=16 wall=0.328s thr(out)1 thr(in)16 conc_peak=16 pread=0.000s [reader]
DBG getmany L83 nw=5 wall=0.497s thr(out)1 thr(in)16 conc_peak=5 pread=0.000s
  L2 want=17547264 slot=17547264 nbytes=17547264 fd=O_DIRECT
  L2 want=17547264 slot=17547264 nbytes=17547264 fd=O_DIRECT
  L2 want=17547264 slot=17547264 nbytes=17547264 fd=O_DIRECT
  L2 want=17547264 slot=17547264 nbytes=17547264 fd=O_DIRECT
  L2 want=17547264 slot=17547264 nbytes=17547264 fd=O_DIRECT
  L2 want=17547264 slot=17547264 nbytes=17547264 fd=O_DIRECT
  L2 want=17547264 slot=17547264 nbytes=17547264 fd=O_DIRECT
  L2 want=17547264 slot=17547264 nbytes=17547264 fd=O_DIRECT
  L2 want=17547264 slot=17547264 nbytes=17547264 fd=O_DIRECT
  L2 want=17547264 slot=17547264 nbytes=17547264 fd=O_DIRECT
  L2 want=17547264 slot=17547264 nbytes=17547264 fd=O_DIRECT
  L2 want=17547264 slot=17547264 nbytes=17547264 fd=O_DIRECT
  L2 want=17547264 slot=17547264 nbytes=17547264 fd=O_DIRECT
  L2 want=17547264 slot=17547264 nbytes=17547264 fd=O_DIRECT
  L2 want=17547264 slot=17547264 nbytes=17547264 fd=O_DIRECT
  L2 want=17547264 slot=17547264 nbytes=17547264 fd=O_DIRECT
  L2 want=17547264 slot=17547264 nbytes=17547264 fd=O_DIRECT
  L2 want=17547264 slot=17547264 nbytes=17547264 fd=O_DIRECT
  L2 want=17547264 slot=17547264 nbytes=17547264 fd=O_DIRECT
  L2 want=17547264 slot=17547264 nbytes=17547264 fd=O_DIRECT
  L2 want=17547264 slot=17547264 nbytes=17547264 fd=O_DIRECT
  L2 want=17547264 slot=17547264 nbytes=17547264 fd=O_DIRECT
  L2 want=17547264 slot=17547264 nbytes=17547264 fd=O_DIRECT
  L2 want=17547264 slot=17547264 nbytes=17547264 fd=O_DIRECT
  L2 want=17547264 slot=17547264 nbytes=17547264 fd=O_DIRECT
  L2 want=17547264 slot=17547264 nbytes=17547264 fd=O_DIRECT
  L2 want=17547264 slot=17547264 nbytes=17547264 fd=O_DIRECT
DBG getmany L85 nw=16 wall=0.731s thr(out)1 thr(in)16 conc_peak=16 pread=0.000s [reader]
DBG getmany L84 nw=11 wall=0.696s thr(out)1 thr(in)16 conc_peak=11 pread=0.000s
DBG getmany L86 nw=16 wall=0.467s thr(out)1 thr(in)16 conc_peak=16 pread=0.000s [reader]
DBG getmany L85 nw=11 wall=0.701s thr(out)1 thr(in)16 conc_peak=11 pread=0.000s
DBG getmany L87 nw=16 wall=0.270s thr(out)1 thr(in)16 conc_peak=16 pread=0.000s [reader]
DBG getmany L86 nw=11 wall=0.556s thr(out)1 thr(in)16 conc_peak=11 pread=0.000s
  L2 want=17547264 slot=17547264 nbytes=17547264 fd=O_DIRECT
  L2 want=17547264 slot=17547264 nbytes=17547264 fd=O_DIRECT
  L2 want=17547264 slot=17547264 nbytes=17547264 fd=O_DIRECT
  L2 want=17547264 slot=17547264 nbytes=17547264 fd=O_DIRECT
  L2 want=17547264 slot=17547264 nbytes=17547264 fd=O_DIRECT
  L2 want=17547264 slot=17547264 nbytes=17547264 fd=O_DIRECT
  L2 want=17547264 slot=17547264 nbytes=17547264 fd=O_DIRECT
  L2 want=17547264 slot=17547264 nbytes=17547264 fd=O_DIRECT
  L2 want=17547264 slot=17547264 nbytes=17547264 fd=O_DIRECT
  L2 want=17547264 slot=17547264 nbytes=17547264 fd=O_DIRECT
  L2 want=17547264 slot=17547264 nbytes=17547264 fd=O_DIRECT
  L2 want=17547264 slot=17547264 nbytes=17547264 fd=O_DIRECT
  L2 want=17547264 slot=17547264 nbytes=17547264 fd=O_DIRECT
  L2 want=17547264 slot=17547264 nbytes=17547264 fd=O_DIRECT
  L2 want=17547264 slot=17547264 nbytes=17547264 fd=O_DIRECT
  L2 want=17547264 slot=17547264 nbytes=17547264 fd=O_DIRECT
  L2 want=17547264 slot=17547264 nbytes=17547264 fd=O_DIRECT
  L2 want=17547264 slot=17547264 nbytes=17547264 fd=O_DIRECT
  L2 want=17547264 slot=17547264 nbytes=17547264 fd=O_DIRECT
  L2 want=17547264 slot=17547264 nbytes=17547264 fd=O_DIRECT
  L2 want=17547264 slot=17547264 nbytes=17547264 fd=O_DIRECT
  L2 want=17547264 slot=17547264 nbytes=17547264 fd=O_DIRECT
  L2 want=17547264 slot=17547264 nbytes=17547264 fd=O_DIRECT
  L2 want=17547264 slot=17547264 nbytes=17547264 fd=O_DIRECT
  L2 want=17547264 slot=17547264 nbytes=17547264 fd=O_DIRECT
  L2 want=17547264 slot=17547264 nbytes=17547264 fd=O_DIRECT
DBG getmany L88 nw=16 wall=0.317s thr(out)1 thr(in)16 conc_peak=16 pread=0.000s [reader]
DBG getmany L87 nw=10 wall=0.693s thr(out)1 thr(in)16 conc_peak=10 pread=0.000s
  L2 want=17547264 slot=17547264 nbytes=17547264 fd=O_DIRECT
  L2 want=17547264 slot=17547264 nbytes=17547264 fd=O_DIRECT
  L2 want=17547264 slot=17547264 nbytes=17547264 fd=O_DIRECT
  L2 want=17547264 slot=17547264 nbytes=17547264 fd=O_DIRECT
  L2 want=17547264 slot=17547264 nbytes=17547264 fd=O_DIRECT
  L2 want=17547264 slot=17547264 nbytes=17547264 fd=O_DIRECT
  L2 want=17547264 slot=17547264 nbytes=17547264 fd=O_DIRECT
  L2 want=17547264 slot=17547264 nbytes=17547264 fd=O_DIRECT
  L2 want=17547264 slot=17547264 nbytes=17547264 fd=O_DIRECT
  L2 want=17547264 slot=17547264 nbytes=17547264 fd=O_DIRECT
  L2 want=17547264 slot=17547264 nbytes=17547264 fd=O_DIRECT
  L2 want=17547264 slot=17547264 nbytes=17547264 fd=O_DIRECT
  L2 want=17547264 slot=17547264 nbytes=17547264 fd=O_DIRECT
  L2 want=17547264 slot=17547264 nbytes=17547264 fd=O_DIRECT
  L2 want=17547264 slot=17547264 nbytes=17547264 fd=O_DIRECT
  L2 want=17547264 slot=17547264 nbytes=17547264 fd=O_DIRECT
  L2 want=17547264 slot=17547264 nbytes=17547264 fd=O_DIRECT
  L2 want=17547264 slot=17547264 nbytes=17547264 fd=O_DIRECT
  L2 want=17547264 slot=17547264 nbytes=17547264 fd=O_DIRECT
  L2 want=17547264 slot=17547264 nbytes=17547264 fd=O_DIRECT
  L2 want=17547264 slot=17547264 nbytes=17547264 fd=O_DIRECT
  L2 want=17547264 slot=17547264 nbytes=17547264 fd=O_DIRECT
  L2 want=17547264 slot=17547264 nbytes=17547264 fd=O_DIRECT
  L2 want=17547264 slot=17547264 nbytes=17547264 fd=O_DIRECT
DBG getmany L89 nw=16 wall=0.622s thr(out)1 thr(in)16 conc_peak=16 pread=0.000s [reader]
DBG getmany L88 nw=8 wall=0.649s thr(out)1 thr(in)16 conc_peak=8 pread=0.000s
  L2 want=17547264 slot=17547264 nbytes=17547264 fd=O_DIRECT
  L2 want=17547264 slot=17547264 nbytes=17547264 fd=O_DIRECT
  L2 want=17547264 slot=17547264 nbytes=17547264 fd=O_DIRECT
  L2 want=17547264 slot=17547264 nbytes=17547264 fd=O_DIRECT
  L2 want=17547264 slot=17547264 nbytes=17547264 fd=O_DIRECT
  L2 want=17547264 slot=17547264 nbytes=17547264 fd=O_DIRECT
  L2 want=17547264 slot=17547264 nbytes=17547264 fd=O_DIRECT
  L2 want=17547264 slot=17547264 nbytes=17547264 fd=O_DIRECT
  L2 want=17547264 slot=17547264 nbytes=17547264 fd=O_DIRECT
  L2 want=17547264 slot=17547264 nbytes=17547264 fd=O_DIRECT
  L2 want=17547264 slot=17547264 nbytes=17547264 fd=O_DIRECT
  L2 want=17547264 slot=17547264 nbytes=17547264 fd=O_DIRECT
  L2 want=17547264 slot=17547264 nbytes=17547264 fd=O_DIRECT
  L2 want=17547264 slot=17547264 nbytes=17547264 fd=O_DIRECT
  L2 want=17547264 slot=17547264 nbytes=17547264 fd=O_DIRECT
  L2 want=17547264 slot=17547264 nbytes=17547264 fd=O_DIRECT
  L2 want=17547264 slot=17547264 nbytes=17547264 fd=O_DIRECT
  L2 want=17547264 slot=17547264 nbytes=17547264 fd=O_DIRECT
  L2 want=17547264 slot=17547264 nbytes=17547264 fd=O_DIRECT
  L2 want=17547264 slot=17547264 nbytes=17547264 fd=O_DIRECT
  L2 want=17547264 slot=17547264 nbytes=17547264 fd=O_DIRECT
  L2 want=17547264 slot=17547264 nbytes=17547264 fd=O_DIRECT
  L2 want=17547264 slot=17547264 nbytes=17547264 fd=O_DIRECT
  L2 want=17547264 slot=17547264 nbytes=17547264 fd=O_DIRECT
DBG getmany L90 nw=16 wall=0.702s thr(out)1 thr(in)16 conc_peak=16 pread=0.000s [reader]
DBG getmany L89 nw=8 wall=0.676s thr(out)1 thr(in)16 conc_peak=8 pread=0.000s
DBG getmany L91 nw=16 wall=0.562s thr(out)1 thr(in)16 conc_peak=16 pread=0.000s [reader]
DBG getmany L90 nw=9 wall=0.512s thr(out)1 thr(in)16 conc_peak=9 pread=0.000s
  L2 want=17547264 slot=17547264 nbytes=17547264 fd=O_DIRECT
  L2 want=17547264 slot=17547264 nbytes=17547264 fd=O_DIRECT
  L2 want=17547264 slot=17547264 nbytes=17547264 fd=O_DIRECT
  L2 want=17547264 slot=17547264 nbytes=17547264 fd=O_DIRECT
  L2 want=17547264 slot=17547264 nbytes=17547264 fd=O_DIRECT
  L2 want=17547264 slot=17547264 nbytes=17547264 fd=O_DIRECT
  L2 want=17547264 slot=17547264 nbytes=17547264 fd=O_DIRECT
  L2 want=17547264 slot=17547264 nbytes=17547264 fd=O_DIRECT
  L2 want=17547264 slot=17547264 nbytes=17547264 fd=O_DIRECT
  L2 want=17547264 slot=17547264 nbytes=17547264 fd=O_DIRECT
  L2 want=17547264 slot=17547264 nbytes=17547264 fd=O_DIRECT
  L2 want=17547264 slot=17547264 nbytes=17547264 fd=O_DIRECT
  L2 want=17547264 slot=17547264 nbytes=17547264 fd=O_DIRECT
  L2 want=17547264 slot=17547264 nbytes=17547264 fd=O_DIRECT
  L2 want=17547264 slot=17547264 nbytes=17547264 fd=O_DIRECT
  L2 want=17547264 slot=17547264 nbytes=17547264 fd=O_DIRECT
  L2 want=17547264 slot=17547264 nbytes=17547264 fd=O_DIRECT
  L2 want=17547264 slot=17547264 nbytes=17547264 fd=O_DIRECT
  L2 want=17547264 slot=17547264 nbytes=17547264 fd=O_DIRECT
  L2 want=17547264 slot=17547264 nbytes=17547264 fd=O_DIRECT
  L2 want=17547264 slot=17547264 nbytes=17547264 fd=O_DIRECT
  L2 want=17547264 slot=17547264 nbytes=17547264 fd=O_DIRECT
  L2 want=17547264 slot=17547264 nbytes=17547264 fd=O_DIRECT
  L2 want=17547264 slot=17547264 nbytes=17547264 fd=O_DIRECT
  L2 want=17547264 slot=17547264 nbytes=17547264 fd=O_DIRECT
  L2 want=17547264 slot=17547264 nbytes=17547264 fd=O_DIRECT
  L2 want=17547264 slot=17547264 nbytes=17547264 fd=O_DIRECT
DBG getmany L92 nw=16 wall=0.582s thr(out)1 thr(in)16 conc_peak=16 pread=0.000s [reader]
DBG getmany L91 nw=11 wall=0.530s thr(out)1 thr(in)16 conc_peak=11 pread=0.000s
DBG getmany L92 nw=9 wall=0.104s thr(out)1 thr(in)16 conc_peak=9 pread=0.000s
1      802        81.54        100.0      47.50      0.012
  L2   resident=6779/14589 slots hit=100.0% read=73.33GB write=0.00GB
  L2 want=17547264 slot=17547264 nbytes=17547264 fd=O_DIRECT
  L2 want=17547264 slot=17547264 nbytes=17547264 fd=O_DIRECT
  L2 want=17547264 slot=17547264 nbytes=17547264 fd=O_DIRECT
  L2 want=17547264 slot=17547264 nbytes=17547264 fd=O_DIRECT
  L2 want=17547264 slot=17547264 nbytes=17547264 fd=O_DIRECT
  L2 want=17547264 slot=17547264 nbytes=17547264 fd=O_DIRECT
  L2 want=17547264 slot=17547264 nbytes=17547264 fd=O_DIRECT
  L2 want=17547264 slot=17547264 nbytes=17547264 fd=O_DIRECT
  L2 want=17547264 slot=17547264 nbytes=17547264 fd=O_DIRECT
  L2 want=17547264 slot=17547264 nbytes=17547264 fd=O_DIRECT
  L2 want=17547264 slot=17547264 nbytes=17547264 fd=O_DIRECT
  L2 want=17547264 slot=17547264 nbytes=17547264 fd=O_DIRECT
  L2 want=17547264 slot=17547264 nbytes=17547264 fd=O_DIRECT
  L2 want=17547264 slot=17547264 nbytes=17547264 fd=O_DIRECT
  L2 want=17547264 slot=17547264 nbytes=17547264 fd=O_DIRECT
  L2 want=17547264 slot=17547264 nbytes=17547264 fd=O_DIRECT
DBG getmany L1 nw=16 wall=0.198s thr(out)1 thr(in)16 conc_peak=16 pread=0.000s [reader]
DBG getmany L2 nw=15 wall=0.282s thr(out)1 thr(in)16 conc_peak=15 pread=0.000s [reader]
DBG getmany L1 nw=12 wall=0.257s thr(out)1 thr(in)16 conc_peak=12 pread=0.000s
DBG getmany L3 nw=11 wall=0.130s thr(out)1 thr(in)16 conc_peak=11 pread=0.000s [reader]
DBG getmany L2 nw=11 wall=0.192s thr(out)1 thr(in)16 conc_peak=11 pread=0.000s
  L2 want=17547264 slot=17547264 nbytes=17547264 fd=O_DIRECT
  L2 want=17547264 slot=17547264 nbytes=17547264 fd=O_DIRECT
  L2 want=17547264 slot=17547264 nbytes=17547264 fd=O_DIRECT
  L2 want=17547264 slot=17547264 nbytes=17547264 fd=O_DIRECT
  L2 want=17547264 slot=17547264 nbytes=17547264 fd=O_DIRECT
  L2 want=17547264 slot=17547264 nbytes=17547264 fd=O_DIRECT
  L2 want=17547264 slot=17547264 nbytes=17547264 fd=O_DIRECT
  L2 want=17547264 slot=17547264 nbytes=17547264 fd=O_DIRECT
  L2 want=17547264 slot=17547264 nbytes=17547264 fd=O_DIRECT
  L2 want=17547264 slot=17547264 nbytes=17547264 fd=O_DIRECT
  L2 want=17547264 slot=17547264 nbytes=17547264 fd=O_DIRECT
  L2 want=17547264 slot=17547264 nbytes=17547264 fd=O_DIRECT
  L2 want=17547264 slot=17547264 nbytes=17547264 fd=O_DIRECT
  L2 want=17547264 slot=17547264 nbytes=17547264 fd=O_DIRECT
  L2 want=17547264 slot=17547264 nbytes=17547264 fd=O_DIRECT
  L2 want=17547264 slot=17547264 nbytes=17547264 fd=O_DIRECT
  L2 want=17547264 slot=17547264 nbytes=17547264 fd=O_DIRECT
  L2 want=17547264 slot=17547264 nbytes=17547264 fd=O_DIRECT
  L2 want=17547264 slot=17547264 nbytes=17547264 fd=O_DIRECT
  L2 want=17547264 slot=17547264 nbytes=17547264 fd=O_DIRECT
  L2 want=17547264 slot=17547264 nbytes=17547264 fd=O_DIRECT
  L2 want=17547264 slot=17547264 nbytes=17547264 fd=O_DIRECT
  L2 want=17547264 slot=17547264 nbytes=17547264 fd=O_DIRECT
  L2 want=17547264 slot=17547264 nbytes=17547264 fd=O_DIRECT
  L2 want=17547264 slot=17547264 nbytes=17547264 fd=O_DIRECT
  L2 want=17547264 slot=17547264 nbytes=17547264 fd=O_DIRECT
DBG getmany L4 nw=15 wall=0.204s thr(out)1 thr(in)16 conc_peak=15 pread=0.000s [reader]
DBG getmany L3 nw=11 wall=0.224s thr(out)1 thr(in)16 conc_peak=11 pread=0.000s
DBG getmany L5 nw=15 wall=0.203s thr(out)1 thr(in)16 conc_peak=15 pread=0.000s [reader]
DBG getmany L4 nw=12 wall=0.208s thr(out)1 thr(in)16 conc_peak=12 pread=0.000s
  L2 want=17547264 slot=17547264 nbytes=17547264 fd=O_DIRECT
  L2 want=17547264 slot=17547264 nbytes=17547264 fd=O_DIRECT
  L2 want=17547264 slot=17547264 nbytes=17547264 fd=O_DIRECT
  L2 want=17547264 slot=17547264 nbytes=17547264 fd=O_DIRECT
  L2 want=17547264 slot=17547264 nbytes=17547264 fd=O_DIRECT
  L2 want=17547264 slot=17547264 nbytes=17547264 fd=O_DIRECT
  L2 want=17547264 slot=17547264 nbytes=17547264 fd=O_DIRECT
  L2 want=17547264 slot=17547264 nbytes=17547264 fd=O_DIRECT
  L2 want=17547264 slot=17547264 nbytes=17547264 fd=O_DIRECT
  L2 want=17547264 slot=17547264 nbytes=17547264 fd=O_DIRECT
  L2 want=17547264 slot=17547264 nbytes=17547264 fd=O_DIRECT
  L2 want=17547264 slot=17547264 nbytes=17547264 fd=O_DIRECT
  L2 want=17547264 slot=17547264 nbytes=17547264 fd=O_DIRECT
  L2 want=17547264 slot=17547264 nbytes=17547264 fd=O_DIRECT
  L2 want=17547264 slot=17547264 nbytes=17547264 fd=O_DIRECT
  L2 want=17547264 slot=17547264 nbytes=17547264 fd=O_DIRECT
  L2 want=17547264 slot=17547264 nbytes=17547264 fd=O_DIRECT
  L2 want=17547264 slot=17547264 nbytes=17547264 fd=O_DIRECT
  L2 want=17547264 slot=17547264 nbytes=17547264 fd=O_DIRECT
  L2 want=17547264 slot=17547264 nbytes=17547264 fd=O_DIRECT
  L2 want=17547264 slot=17547264 nbytes=17547264 fd=O_DIRECT
  L2 want=17547264 slot=17547264 nbytes=17547264 fd=O_DIRECT
  L2 want=17547264 slot=17547264 nbytes=17547264 fd=O_DIRECT
  L2 want=17547264 slot=17547264 nbytes=17547264 fd=O_DIRECT
DBG getmany L6 nw=14 wall=0.247s thr(out)1 thr(in)16 conc_peak=14 pread=0.000s [reader]
DBG getmany L5 nw=10 wall=0.214s thr(out)1 thr(in)16 conc_peak=10 pread=0.000s
  L2 want=17547264 slot=17547264 nbytes=17547264 fd=O_DIRECT
  L2 want=17547264 slot=17547264 nbytes=17547264 fd=O_DIRECT
  L2 want=17547264 slot=17547264 nbytes=17547264 fd=O_DIRECT
  L2 want=17547264 slot=17547264 nbytes=17547264 fd=O_DIRECT
  L2 want=17547264 slot=17547264 nbytes=17547264 fd=O_DIRECT
  L2 want=17547264 slot=17547264 nbytes=17547264 fd=O_DIRECT
  L2 want=17547264 slot=17547264 nbytes=17547264 fd=O_DIRECT
  L2 want=17547264 slot=17547264 nbytes=17547264 fd=O_DIRECT
  L2 want=17547264 slot=17547264 nbytes=17547264 fd=O_DIRECT
  L2 want=17547264 slot=17547264 nbytes=17547264 fd=O_DIRECT
  L2 want=17547264 slot=17547264 nbytes=17547264 fd=O_DIRECT
  L2 want=17547264 slot=17547264 nbytes=17547264 fd=O_DIRECT
  L2 want=17547264 slot=17547264 nbytes=17547264 fd=O_DIRECT
  L2 want=17547264 slot=17547264 nbytes=17547264 fd=O_DIRECT
  L2 want=17547264 slot=17547264 nbytes=17547264 fd=O_DIRECT
  L2 want=17547264 slot=17547264 nbytes=17547264 fd=O_DIRECT
  L2 want=17547264 slot=17547264 nbytes=17547264 fd=O_DIRECT
  L2 want=17547264 slot=17547264 nbytes=17547264 fd=O_DIRECT
  L2 want=17547264 slot=17547264 nbytes=17547264 fd=O_DIRECT
  L2 want=17547264 slot=17547264 nbytes=17547264 fd=O_DIRECT
  L2 want=17547264 slot=17547264 nbytes=17547264 fd=O_DIRECT
  L2 want=17547264 slot=17547264 nbytes=17547264 fd=O_DIRECT
  L2 want=17547264 slot=17547264 nbytes=17547264 fd=O_DIRECT
  L2 want=17547264 slot=17547264 nbytes=17547264 fd=O_DIRECT
  L2 want=17547264 slot=17547264 nbytes=17547264 fd=O_DIRECT
  L2 want=17547264 slot=17547264 nbytes=17547264 fd=O_DIRECT
  L2 want=17547264 slot=17547264 nbytes=17547264 fd=O_DIRECT
  L2 want=17547264 slot=17547264 nbytes=17547264 fd=O_DIRECT
DBG getmany L7 nw=14 wall=0.217s thr(out)1 thr(in)16 conc_peak=14 pread=0.000s [reader]
DBG getmany L6 nw=14 wall=0.238s thr(out)1 thr(in)16 conc_peak=14 pread=0.000s
  L2 want=17547264 slot=17547264 nbytes=17547264 fd=O_DIRECT
  L2 want=17547264 slot=17547264 nbytes=17547264 fd=O_DIRECT
  L2 want=17547264 slot=17547264 nbytes=17547264 fd=O_DIRECT
  L2 want=17547264 slot=17547264 nbytes=17547264 fd=O_DIRECT
  L2 want=17547264 slot=17547264 nbytes=17547264 fd=O_DIRECT
  L2 want=17547264 slot=17547264 nbytes=17547264 fd=O_DIRECT
  L2 want=17547264 slot=17547264 nbytes=17547264 fd=O_DIRECT
  L2 want=17547264 slot=17547264 nbytes=17547264 fd=O_DIRECT
  L2 want=17547264 slot=17547264 nbytes=17547264 fd=O_DIRECT
  L2 want=17547264 slot=17547264 nbytes=17547264 fd=O_DIRECT
  L2 want=17547264 slot=17547264 nbytes=17547264 fd=O_DIRECT
  L2 want=17547264 slot=17547264 nbytes=17547264 fd=O_DIRECT
  L2 want=17547264 slot=17547264 nbytes=17547264 fd=O_DIRECT
  L2 want=17547264 slot=17547264 nbytes=17547264 fd=O_DIRECT
  L2 want=17547264 slot=17547264 nbytes=17547264 fd=O_DIRECT
  L2 want=17547264 slot=17547264 nbytes=17547264 fd=O_DIRECT
  L2 want=17547264 slot=17547264 nbytes=17547264 fd=O_DIRECT
  L2 want=17547264 slot=17547264 nbytes=17547264 fd=O_DIRECT
  L2 want=17547264 slot=17547264 nbytes=17547264 fd=O_DIRECT
  L2 want=17547264 slot=17547264 nbytes=17547264 fd=O_DIRECT
  L2 want=17547264 slot=17547264 nbytes=17547264 fd=O_DIRECT
  L2 want=17547264 slot=17547264 nbytes=17547264 fd=O_DIRECT
  L2 want=17547264 slot=17547264 nbytes=17547264 fd=O_DIRECT
  L2 want=17547264 slot=17547264 nbytes=17547264 fd=O_DIRECT
  L2 want=17547264 slot=17547264 nbytes=17547264 fd=O_DIRECT
  L2 want=17547264 slot=17547264 nbytes=17547264 fd=O_DIRECT
  L2 want=17547264 slot=17547264 nbytes=17547264 fd=O_DIRECT
  L2 want=17547264 slot=17547264 nbytes=17547264 fd=O_DIRECT
DBG getmany L8 nw=16 wall=0.235s thr(out)1 thr(in)16 conc_peak=16 pread=0.000s [reader]
DBG getmany L7 nw=12 wall=0.241s thr(out)1 thr(in)16 conc_peak=12 pread=0.000s
  L2 want=17547264 slot=17547264 nbytes=17547264 fd=O_DIRECT
  L2 want=17547264 slot=17547264 nbytes=17547264 fd=O_DIRECT
  L2 want=17547264 slot=17547264 nbytes=17547264 fd=O_DIRECT
  L2 want=17547264 slot=17547264 nbytes=17547264 fd=O_DIRECT
  L2 want=17547264 slot=17547264 nbytes=17547264 fd=O_DIRECT
  L2 want=17547264 slot=17547264 nbytes=17547264 fd=O_DIRECT
  L2 want=17547264 slot=17547264 nbytes=17547264 fd=O_DIRECT
  L2 want=17547264 slot=17547264 nbytes=17547264 fd=O_DIRECT
  L2 want=17547264 slot=17547264 nbytes=17547264 fd=O_DIRECT
  L2 want=17547264 slot=17547264 nbytes=17547264 fd=O_DIRECT
  L2 want=17547264 slot=17547264 nbytes=17547264 fd=O_DIRECT
  L2 want=17547264 slot=17547264 nbytes=17547264 fd=O_DIRECT
  L2 want=17547264 slot=17547264 nbytes=17547264 fd=O_DIRECT
  L2 want=17547264 slot=17547264 nbytes=17547264 fd=O_DIRECT
  L2 want=17547264 slot=17547264 nbytes=17547264 fd=O_DIRECT
  L2 want=17547264 slot=17547264 nbytes=17547264 fd=O_DIRECT
  L2 want=17547264 slot=17547264 nbytes=17547264 fd=O_DIRECT
  L2 want=17547264 slot=17547264 nbytes=17547264 fd=O_DIRECT
  L2 want=17547264 slot=17547264 nbytes=17547264 fd=O_DIRECT
  L2 want=17547264 slot=17547264 nbytes=17547264 fd=O_DIRECT
  L2 want=17547264 slot=17547264 nbytes=17547264 fd=O_DIRECT
  L2 want=17547264 slot=17547264 nbytes=17547264 fd=O_DIRECT
  L2 want=17547264 slot=17547264 nbytes=17547264 fd=O_DIRECT
  L2 want=17547264 slot=17547264 nbytes=17547264 fd=O_DIRECT
  L2 want=17547264 slot=17547264 nbytes=17547264 fd=O_DIRECT
DBG getmany L9 nw=13 wall=0.201s thr(out)1 thr(in)16 conc_peak=13 pread=0.000s [reader]
DBG getmany L8 nw=12 wall=0.203s thr(out)1 thr(in)16 conc_peak=12 pread=0.000s
  L2 want=17547264 slot=17547264 nbytes=17547264 fd=O_DIRECT
  L2 want=17547264 slot=17547264 nbytes=17547264 fd=O_DIRECT
  L2 want=17547264 slot=17547264 nbytes=17547264 fd=O_DIRECT
  L2 want=17547264 slot=17547264 nbytes=17547264 fd=O_DIRECT
  L2 want=17547264 slot=17547264 nbytes=17547264 fd=O_DIRECT
  L2 want=17547264 slot=17547264 nbytes=17547264 fd=O_DIRECT
  L2 want=17547264 slot=17547264 nbytes=17547264 fd=O_DIRECT
  L2 want=17547264 slot=17547264 nbytes=17547264 fd=O_DIRECT
  L2 want=17547264 slot=17547264 nbytes=17547264 fd=O_DIRECT
  L2 want=17547264 slot=17547264 nbytes=17547264 fd=O_DIRECT
  L2 want=17547264 slot=17547264 nbytes=17547264 fd=O_DIRECT
  L2 want=17547264 slot=17547264 nbytes=17547264 fd=O_DIRECT
  L2 want=17547264 slot=17547264 nbytes=17547264 fd=O_DIRECT
  L2 want=17547264 slot=17547264 nbytes=17547264 fd=O_DIRECT
  L2 want=17547264 slot=17547264 nbytes=17547264 fd=O_DIRECT
  L2 want=17547264 slot=17547264 nbytes=17547264 fd=O_DIRECT
  L2 want=17547264 slot=17547264 nbytes=17547264 fd=O_DIRECT
  L2 want=17547264 slot=17547264 nbytes=17547264 fd=O_DIRECT
  L2 want=17547264 slot=17547264 nbytes=17547264 fd=O_DIRECT
  L2 want=17547264 slot=17547264 nbytes=17547264 fd=O_DIRECT
  L2 want=17547264 slot=17547264 nbytes=17547264 fd=O_DIRECT
  L2 want=17547264 slot=17547264 nbytes=17547264 fd=O_DIRECT
  L2 want=17547264 slot=17547264 nbytes=17547264 fd=O_DIRECT
  L2 want=17547264 slot=17547264 nbytes=17547264 fd=O_DIRECT
  L2 want=17547264 slot=17547264 nbytes=17547264 fd=O_DIRECT
DBG getmany L10 nw=14 wall=0.208s thr(out)1 thr(in)16 conc_peak=14 pread=0.000s [reader]
DBG getmany L9 nw=11 wall=0.207s thr(out)1 thr(in)16 conc_peak=11 pread=0.000s
DBG getmany L11 nw=15 wall=0.219s thr(out)1 thr(in)16 conc_peak=15 pread=0.000s [reader]
DBG getmany L10 nw=8 wall=0.189s thr(out)1 thr(in)16 conc_peak=8 pread=0.000s
DBG getmany L12 nw=13 wall=0.135s thr(out)1 thr(in)16 conc_peak=13 pread=0.000s [reader]
DBG getmany L11 nw=11 wall=0.162s thr(out)1 thr(in)16 conc_peak=11 pread=0.000s
  L2 want=17547264 slot=17547264 nbytes=17547264 fd=O_DIRECT
  L2 want=17547264 slot=17547264 nbytes=17547264 fd=O_DIRECT
  L2 want=17547264 slot=17547264 nbytes=17547264 fd=O_DIRECT
  L2 want=17547264 slot=17547264 nbytes=17547264 fd=O_DIRECT
  L2 want=17547264 slot=17547264 nbytes=17547264 fd=O_DIRECT
  L2 want=17547264 slot=17547264 nbytes=17547264 fd=O_DIRECT
  L2 want=17547264 slot=17547264 nbytes=17547264 fd=O_DIRECT
  L2 want=17547264 slot=17547264 nbytes=17547264 fd=O_DIRECT
  L2 want=17547264 slot=17547264 nbytes=17547264 fd=O_DIRECT
  L2 want=17547264 slot=17547264 nbytes=17547264 fd=O_DIRECT
  L2 want=17547264 slot=17547264 nbytes=17547264 fd=O_DIRECT
  L2 want=17547264 slot=17547264 nbytes=17547264 fd=O_DIRECT
  L2 want=17547264 slot=17547264 nbytes=17547264 fd=O_DIRECT
  L2 want=17547264 slot=17547264 nbytes=17547264 fd=O_DIRECT
  L2 want=17547264 slot=17547264 nbytes=17547264 fd=O_DIRECT
  L2 want=17547264 slot=17547264 nbytes=17547264 fd=O_DIRECT
  L2 want=17547264 slot=17547264 nbytes=17547264 fd=O_DIRECT
  L2 want=17547264 slot=17547264 nbytes=17547264 fd=O_DIRECT
  L2 want=17547264 slot=17547264 nbytes=17547264 fd=O_DIRECT
  L2 want=17547264 slot=17547264 nbytes=17547264 fd=O_DIRECT
  L2 want=17547264 slot=17547264 nbytes=17547264 fd=O_DIRECT
  L2 want=17547264 slot=17547264 nbytes=17547264 fd=O_DIRECT
  L2 want=17547264 slot=17547264 nbytes=17547264 fd=O_DIRECT
  L2 want=17547264 slot=17547264 nbytes=17547264 fd=O_DIRECT
  L2 want=17547264 slot=17547264 nbytes=17547264 fd=O_DIRECT
  L2 want=17547264 slot=17547264 nbytes=17547264 fd=O_DIRECT
DBG getmany L13 nw=14 wall=0.225s thr(out)1 thr(in)16 conc_peak=14 pread=0.000s [reader]
DBG getmany L12 nw=12 wall=0.223s thr(out)1 thr(in)16 conc_peak=12 pread=0.000s
DBG getmany L14 nw=15 wall=0.173s thr(out)1 thr(in)16 conc_peak=15 pread=0.000s [reader]
DBG getmany L13 nw=11 wall=0.219s thr(out)1 thr(in)16 conc_peak=11 pread=0.000s
DBG getmany L15 nw=15 wall=0.490s thr(out)1 thr(in)16 conc_peak=15 pread=0.000s [reader]
DBG getmany L14 nw=9 wall=0.465s thr(out)1 thr(in)16 conc_peak=9 pread=0.000s
DBG getmany L16 nw=15 wall=0.218s thr(out)1 thr(in)16 conc_peak=15 pread=0.000s [reader]
DBG getmany L15 nw=11 wall=0.779s thr(out)1 thr(in)16 conc_peak=11 pread=0.000s
  L2 want=17547264 slot=17547264 nbytes=17547264 fd=O_DIRECT
  L2 want=17547264 slot=17547264 nbytes=17547264 fd=O_DIRECT
  L2 want=17547264 slot=17547264 nbytes=17547264 fd=O_DIRECT
  L2 want=17547264 slot=17547264 nbytes=17547264 fd=O_DIRECT
  L2 want=17547264 slot=17547264 nbytes=17547264 fd=O_DIRECT
  L2 want=17547264 slot=17547264 nbytes=17547264 fd=O_DIRECT
  L2 want=17547264 slot=17547264 nbytes=17547264 fd=O_DIRECT
  L2 want=17547264 slot=17547264 nbytes=17547264 fd=O_DIRECT
  L2 want=17547264 slot=17547264 nbytes=17547264 fd=O_DIRECT
  L2 want=17547264 slot=17547264 nbytes=17547264 fd=O_DIRECT
  L2 want=17547264 slot=17547264 nbytes=17547264 fd=O_DIRECT
  L2 want=17547264 slot=17547264 nbytes=17547264 fd=O_DIRECT
  L2 want=17547264 slot=17547264 nbytes=17547264 fd=O_DIRECT
  L2 want=17547264 slot=17547264 nbytes=17547264 fd=O_DIRECT
  L2 want=17547264 slot=17547264 nbytes=17547264 fd=O_DIRECT
  L2 want=17547264 slot=17547264 nbytes=17547264 fd=O_DIRECT
  L2 want=17547264 slot=17547264 nbytes=17547264 fd=O_DIRECT
  L2 want=17547264 slot=17547264 nbytes=17547264 fd=O_DIRECT
  L2 want=17547264 slot=17547264 nbytes=17547264 fd=O_DIRECT
  L2 want=17547264 slot=17547264 nbytes=17547264 fd=O_DIRECT
  L2 want=17547264 slot=17547264 nbytes=17547264 fd=O_DIRECT
  L2 want=17547264 slot=17547264 nbytes=17547264 fd=O_DIRECT
  L2 want=17547264 slot=17547264 nbytes=17547264 fd=O_DIRECT
  L2 want=17547264 slot=17547264 nbytes=17547264 fd=O_DIRECT
  L2 want=17547264 slot=17547264 nbytes=17547264 fd=O_DIRECT
  L2 want=17547264 slot=17547264 nbytes=17547264 fd=O_DIRECT
  L2 want=17547264 slot=17547264 nbytes=17547264 fd=O_DIRECT
DBG getmany L17 nw=16 wall=0.784s thr(out)1 thr(in)16 conc_peak=16 pread=0.000s [reader]
DBG getmany L16 nw=11 wall=0.871s thr(out)1 thr(in)16 conc_peak=11 pread=0.000s
  L2 want=17547264 slot=17547264 nbytes=17547264 fd=O_DIRECT
  L2 want=17547264 slot=17547264 nbytes=17547264 fd=O_DIRECT
  L2 want=17547264 slot=17547264 nbytes=17547264 fd=O_DIRECT
  L2 want=17547264 slot=17547264 nbytes=17547264 fd=O_DIRECT
  L2 want=17547264 slot=17547264 nbytes=17547264 fd=O_DIRECT
  L2 want=17547264 slot=17547264 nbytes=17547264 fd=O_DIRECT
  L2 want=17547264 slot=17547264 nbytes=17547264 fd=O_DIRECT
  L2 want=17547264 slot=17547264 nbytes=17547264 fd=O_DIRECT
  L2 want=17547264 slot=17547264 nbytes=17547264 fd=O_DIRECT
  L2 want=17547264 slot=17547264 nbytes=17547264 fd=O_DIRECT
  L2 want=17547264 slot=17547264 nbytes=17547264 fd=O_DIRECT
  L2 want=17547264 slot=17547264 nbytes=17547264 fd=O_DIRECT
  L2 want=17547264 slot=17547264 nbytes=17547264 fd=O_DIRECT
  L2 want=17547264 slot=17547264 nbytes=17547264 fd=O_DIRECT
  L2 want=17547264 slot=17547264 nbytes=17547264 fd=O_DIRECT
  L2 want=17547264 slot=17547264 nbytes=17547264 fd=O_DIRECT
  L2 want=17547264 slot=17547264 nbytes=17547264 fd=O_DIRECT
  L2 want=17547264 slot=17547264 nbytes=17547264 fd=O_DIRECT
  L2 want=17547264 slot=17547264 nbytes=17547264 fd=O_DIRECT
  L2 want=17547264 slot=17547264 nbytes=17547264 fd=O_DIRECT
  L2 want=17547264 slot=17547264 nbytes=17547264 fd=O_DIRECT
  L2 want=17547264 slot=17547264 nbytes=17547264 fd=O_DIRECT
  L2 want=17547264 slot=17547264 nbytes=17547264 fd=O_DIRECT
  L2 want=17547264 slot=17547264 nbytes=17547264 fd=O_DIRECT
  L2 want=17547264 slot=17547264 nbytes=17547264 fd=O_DIRECT
  L2 want=17547264 slot=17547264 nbytes=17547264 fd=O_DIRECT
  L2 want=17547264 slot=17547264 nbytes=17547264 fd=O_DIRECT
DBG getmany L18 nw=15 wall=0.941s thr(out)1 thr(in)16 conc_peak=15 pread=0.000s [reader]
DBG getmany L17 nw=12 wall=0.925s thr(out)1 thr(in)16 conc_peak=12 pread=0.000s
DBG getmany L19 nw=14 wall=0.627s thr(out)1 thr(in)16 conc_peak=14 pread=0.000s [reader]
DBG getmany L18 nw=12 wall=0.791s thr(out)1 thr(in)16 conc_peak=12 pread=0.000s
DBG getmany L20 nw=15 wall=0.527s thr(out)1 thr(in)16 conc_peak=15 pread=0.000s [reader]
DBG getmany L19 nw=11 wall=0.899s thr(out)1 thr(in)16 conc_peak=11 pread=0.000s
DBG getmany L20 nw=11 wall=0.751s thr(out)1 thr(in)16 conc_peak=11 pread=0.000s
DBG getmany L21 nw=14 wall=0.887s thr(out)1 thr(in)16 conc_peak=14 pread=0.000s [reader]
  L2 want=17547264 slot=17547264 nbytes=17547264 fd=O_DIRECT
  L2 want=17547264 slot=17547264 nbytes=17547264 fd=O_DIRECT
  L2 want=17547264 slot=17547264 nbytes=17547264 fd=O_DIRECT
  L2 want=17547264 slot=17547264 nbytes=17547264 fd=O_DIRECT
  L2 want=17547264 slot=17547264 nbytes=17547264 fd=O_DIRECT
  L2 want=17547264 slot=17547264 nbytes=17547264 fd=O_DIRECT
  L2 want=17547264 slot=17547264 nbytes=17547264 fd=O_DIRECT
  L2 want=17547264 slot=17547264 nbytes=17547264 fd=O_DIRECT
  L2 want=17547264 slot=17547264 nbytes=17547264 fd=O_DIRECT
  L2 want=17547264 slot=17547264 nbytes=17547264 fd=O_DIRECT
  L2 want=17547264 slot=17547264 nbytes=17547264 fd=O_DIRECT
  L2 want=17547264 slot=17547264 nbytes=17547264 fd=O_DIRECT
  L2 want=17547264 slot=17547264 nbytes=17547264 fd=O_DIRECT
  L2 want=17547264 slot=17547264 nbytes=17547264 fd=O_DIRECT
  L2 want=17547264 slot=17547264 nbytes=17547264 fd=O_DIRECT
  L2 want=17547264 slot=17547264 nbytes=17547264 fd=O_DIRECT
  L2 want=17547264 slot=17547264 nbytes=17547264 fd=O_DIRECT
  L2 want=17547264 slot=17547264 nbytes=17547264 fd=O_DIRECT
  L2 want=17547264 slot=17547264 nbytes=17547264 fd=O_DIRECT
  L2 want=17547264 slot=17547264 nbytes=17547264 fd=O_DIRECT
  L2 want=17547264 slot=17547264 nbytes=17547264 fd=O_DIRECT
  L2 want=17547264 slot=17547264 nbytes=17547264 fd=O_DIRECT
  L2 want=17547264 slot=17547264 nbytes=17547264 fd=O_DIRECT
  L2 want=17547264 slot=17547264 nbytes=17547264 fd=O_DIRECT
  L2 want=17547264 slot=17547264 nbytes=17547264 fd=O_DIRECT
  L2 want=17547264 slot=17547264 nbytes=17547264 fd=O_DIRECT
  L2 want=17547264 slot=17547264 nbytes=17547264 fd=O_DIRECT
  L2 want=17547264 slot=17547264 nbytes=17547264 fd=O_DIRECT
DBG getmany L22 nw=15 wall=0.997s thr(out)1 thr(in)16 conc_peak=15 pread=0.000s [reader]
DBG getmany L21 nw=13 wall=0.954s thr(out)1 thr(in)16 conc_peak=13 pread=0.000s
DBG getmany L23 nw=12 wall=0.585s thr(out)1 thr(in)16 conc_peak=12 pread=0.000s [reader]
DBG getmany L22 nw=14 wall=0.749s thr(out)1 thr(in)16 conc_peak=14 pread=0.000s
DBG getmany L24 nw=11 wall=0.338s thr(out)1 thr(in)16 conc_peak=11 pread=0.000s [reader]
DBG getmany L23 nw=12 wall=0.839s thr(out)1 thr(in)16 conc_peak=12 pread=0.000s
  L2 want=17547264 slot=17547264 nbytes=17547264 fd=O_DIRECT
  L2 want=17547264 slot=17547264 nbytes=17547264 fd=O_DIRECT
  L2 want=17547264 slot=17547264 nbytes=17547264 fd=O_DIRECT
  L2 want=17547264 slot=17547264 nbytes=17547264 fd=O_DIRECT
  L2 want=17547264 slot=17547264 nbytes=17547264 fd=O_DIRECT
  L2 want=17547264 slot=17547264 nbytes=17547264 fd=O_DIRECT
  L2 want=17547264 slot=17547264 nbytes=17547264 fd=O_DIRECT
  L2 want=17547264 slot=17547264 nbytes=17547264 fd=O_DIRECT
  L2 want=17547264 slot=17547264 nbytes=17547264 fd=O_DIRECT
  L2 want=17547264 slot=17547264 nbytes=17547264 fd=O_DIRECT
  L2 want=17547264 slot=17547264 nbytes=17547264 fd=O_DIRECT
  L2 want=17547264 slot=17547264 nbytes=17547264 fd=O_DIRECT
  L2 want=17547264 slot=17547264 nbytes=17547264 fd=O_DIRECT
  L2 want=17547264 slot=17547264 nbytes=17547264 fd=O_DIRECT
  L2 want=17547264 slot=17547264 nbytes=17547264 fd=O_DIRECT
  L2 want=17547264 slot=17547264 nbytes=17547264 fd=O_DIRECT
  L2 want=17547264 slot=17547264 nbytes=17547264 fd=O_DIRECT
  L2 want=17547264 slot=17547264 nbytes=17547264 fd=O_DIRECT
  L2 want=17547264 slot=17547264 nbytes=17547264 fd=O_DIRECT
  L2 want=17547264 slot=17547264 nbytes=17547264 fd=O_DIRECT
  L2 want=17547264 slot=17547264 nbytes=17547264 fd=O_DIRECT
  L2 want=17547264 slot=17547264 nbytes=17547264 fd=O_DIRECT
  L2 want=17547264 slot=17547264 nbytes=17547264 fd=O_DIRECT
  L2 want=17547264 slot=17547264 nbytes=17547264 fd=O_DIRECT
  L2 want=17547264 slot=17547264 nbytes=17547264 fd=O_DIRECT
DBG getmany L25 nw=14 wall=0.997s thr(out)1 thr(in)16 conc_peak=14 pread=0.000s [reader]
DBG getmany L24 nw=11 wall=0.967s thr(out)1 thr(in)16 conc_peak=11 pread=0.000s
  L2 want=17547264 slot=17547264 nbytes=17547264 fd=O_DIRECT
  L2 want=17547264 slot=17547264 nbytes=17547264 fd=O_DIRECT
  L2 want=17547264 slot=17547264 nbytes=17547264 fd=O_DIRECT
  L2 want=17547264 slot=17547264 nbytes=17547264 fd=O_DIRECT
  L2 want=17547264 slot=17547264 nbytes=17547264 fd=O_DIRECT
  L2 want=17547264 slot=17547264 nbytes=17547264 fd=O_DIRECT
  L2 want=17547264 slot=17547264 nbytes=17547264 fd=O_DIRECT
  L2 want=17547264 slot=17547264 nbytes=17547264 fd=O_DIRECT
  L2 want=17547264 slot=17547264 nbytes=17547264 fd=O_DIRECT
  L2 want=17547264 slot=17547264 nbytes=17547264 fd=O_DIRECT
  L2 want=17547264 slot=17547264 nbytes=17547264 fd=O_DIRECT
  L2 want=17547264 slot=17547264 nbytes=17547264 fd=O_DIRECT
  L2 want=17547264 slot=17547264 nbytes=17547264 fd=O_DIRECT
  L2 want=17547264 slot=17547264 nbytes=17547264 fd=O_DIRECT
  L2 want=17547264 slot=17547264 nbytes=17547264 fd=O_DIRECT
  L2 want=17547264 slot=17547264 nbytes=17547264 fd=O_DIRECT
  L2 want=17547264 slot=17547264 nbytes=17547264 fd=O_DIRECT
  L2 want=17547264 slot=17547264 nbytes=17547264 fd=O_DIRECT
  L2 want=17547264 slot=17547264 nbytes=17547264 fd=O_DIRECT
  L2 want=17547264 slot=17547264 nbytes=17547264 fd=O_DIRECT
  L2 want=17547264 slot=17547264 nbytes=17547264 fd=O_DIRECT
  L2 want=17547264 slot=17547264 nbytes=17547264 fd=O_DIRECT
  L2 want=17547264 slot=17547264 nbytes=17547264 fd=O_DIRECT
  L2 want=17547264 slot=17547264 nbytes=17547264 fd=O_DIRECT
  L2 want=17547264 slot=17547264 nbytes=17547264 fd=O_DIRECT
DBG getmany L26 nw=11 wall=0.349s thr(out)1 thr(in)16 conc_peak=11 pread=0.000s [reader]
DBG getmany L25 nw=14 wall=0.943s thr(out)1 thr(in)16 conc_peak=14 pread=0.000s
  L2 want=17547264 slot=17547264 nbytes=17547264 fd=O_DIRECT
  L2 want=17547264 slot=17547264 nbytes=17547264 fd=O_DIRECT
  L2 want=17547264 slot=17547264 nbytes=17547264 fd=O_DIRECT
  L2 want=17547264 slot=17547264 nbytes=17547264 fd=O_DIRECT
  L2 want=17547264 slot=17547264 nbytes=17547264 fd=O_DIRECT
  L2 want=17547264 slot=17547264 nbytes=17547264 fd=O_DIRECT
  L2 want=17547264 slot=17547264 nbytes=17547264 fd=O_DIRECT
  L2 want=17547264 slot=17547264 nbytes=17547264 fd=O_DIRECT
  L2 want=17547264 slot=17547264 nbytes=17547264 fd=O_DIRECT
  L2 want=17547264 slot=17547264 nbytes=17547264 fd=O_DIRECT
  L2 want=17547264 slot=17547264 nbytes=17547264 fd=O_DIRECT
  L2 want=17547264 slot=17547264 nbytes=17547264 fd=O_DIRECT
  L2 want=17547264 slot=17547264 nbytes=17547264 fd=O_DIRECT
  L2 want=17547264 slot=17547264 nbytes=17547264 fd=O_DIRECT
  L2 want=17547264 slot=17547264 nbytes=17547264 fd=O_DIRECT
  L2 want=17547264 slot=17547264 nbytes=17547264 fd=O_DIRECT
  L2 want=17547264 slot=17547264 nbytes=17547264 fd=O_DIRECT
  L2 want=17547264 slot=17547264 nbytes=17547264 fd=O_DIRECT
  L2 want=17547264 slot=17547264 nbytes=17547264 fd=O_DIRECT
  L2 want=17547264 slot=17547264 nbytes=17547264 fd=O_DIRECT
  L2 want=17547264 slot=17547264 nbytes=17547264 fd=O_DIRECT
  L2 want=17547264 slot=17547264 nbytes=17547264 fd=O_DIRECT
  L2 want=17547264 slot=17547264 nbytes=17547264 fd=O_DIRECT
  L2 want=17547264 slot=17547264 nbytes=17547264 fd=O_DIRECT
  L2 want=17547264 slot=17547264 nbytes=17547264 fd=O_DIRECT
DBG getmany L27 nw=13 wall=0.521s thr(out)1 thr(in)16 conc_peak=13 pread=0.000s [reader]
DBG getmany L26 nw=12 wall=0.708s thr(out)1 thr(in)16 conc_peak=12 pread=0.000s
  L2 want=17547264 slot=17547264 nbytes=17547264 fd=O_DIRECT
  L2 want=17547264 slot=17547264 nbytes=17547264 fd=O_DIRECT
  L2 want=17547264 slot=17547264 nbytes=17547264 fd=O_DIRECT
  L2 want=17547264 slot=17547264 nbytes=17547264 fd=O_DIRECT
  L2 want=17547264 slot=17547264 nbytes=17547264 fd=O_DIRECT
  L2 want=17547264 slot=17547264 nbytes=17547264 fd=O_DIRECT
  L2 want=17547264 slot=17547264 nbytes=17547264 fd=O_DIRECT
  L2 want=17547264 slot=17547264 nbytes=17547264 fd=O_DIRECT
  L2 want=17547264 slot=17547264 nbytes=17547264 fd=O_DIRECT
  L2 want=17547264 slot=17547264 nbytes=17547264 fd=O_DIRECT
  L2 want=17547264 slot=17547264 nbytes=17547264 fd=O_DIRECT
  L2 want=17547264 slot=17547264 nbytes=17547264 fd=O_DIRECT
  L2 want=17547264 slot=17547264 nbytes=17547264 fd=O_DIRECT
  L2 want=17547264 slot=17547264 nbytes=17547264 fd=O_DIRECT
  L2 want=17547264 slot=17547264 nbytes=17547264 fd=O_DIRECT
  L2 want=17547264 slot=17547264 nbytes=17547264 fd=O_DIRECT
  L2 want=17547264 slot=17547264 nbytes=17547264 fd=O_DIRECT
  L2 want=17547264 slot=17547264 nbytes=17547264 fd=O_DIRECT
  L2 want=17547264 slot=17547264 nbytes=17547264 fd=O_DIRECT
  L2 want=17547264 slot=17547264 nbytes=17547264 fd=O_DIRECT
  L2 want=17547264 slot=17547264 nbytes=17547264 fd=O_DIRECT
  L2 want=17547264 slot=17547264 nbytes=17547264 fd=O_DIRECT
  L2 want=17547264 slot=17547264 nbytes=17547264 fd=O_DIRECT
  L2 want=17547264 slot=17547264 nbytes=17547264 fd=O_DIRECT
  L2 want=17547264 slot=17547264 nbytes=17547264 fd=O_DIRECT
  L2 want=17547264 slot=17547264 nbytes=17547264 fd=O_DIRECT
  L2 want=17547264 slot=17547264 nbytes=17547264 fd=O_DIRECT
  L2 want=17547264 slot=17547264 nbytes=17547264 fd=O_DIRECT
  L2 want=17547264 slot=17547264 nbytes=17547264 fd=O_DIRECT
DBG getmany L28 nw=15 wall=0.533s thr(out)1 thr(in)16 conc_peak=15 pread=0.000s [reader]
DBG getmany L27 nw=14 wall=0.949s thr(out)1 thr(in)16 conc_peak=14 pread=0.000s
  L2 want=17547264 slot=17547264 nbytes=17547264 fd=O_DIRECT
  L2 want=17547264 slot=17547264 nbytes=17547264 fd=O_DIRECT
  L2 want=17547264 slot=17547264 nbytes=17547264 fd=O_DIRECT
  L2 want=17547264 slot=17547264 nbytes=17547264 fd=O_DIRECT
  L2 want=17547264 slot=17547264 nbytes=17547264 fd=O_DIRECT
  L2 want=17547264 slot=17547264 nbytes=17547264 fd=O_DIRECT
  L2 want=17547264 slot=17547264 nbytes=17547264 fd=O_DIRECT
  L2 want=17547264 slot=17547264 nbytes=17547264 fd=O_DIRECT
  L2 want=17547264 slot=17547264 nbytes=17547264 fd=O_DIRECT
  L2 want=17547264 slot=17547264 nbytes=17547264 fd=O_DIRECT
  L2 want=17547264 slot=17547264 nbytes=17547264 fd=O_DIRECT
  L2 want=17547264 slot=17547264 nbytes=17547264 fd=O_DIRECT
  L2 want=17547264 slot=17547264 nbytes=17547264 fd=O_DIRECT
  L2 want=17547264 slot=17547264 nbytes=17547264 fd=O_DIRECT
  L2 want=17547264 slot=17547264 nbytes=17547264 fd=O_DIRECT
  L2 want=17547264 slot=17547264 nbytes=17547264 fd=O_DIRECT
  L2 want=17547264 slot=17547264 nbytes=17547264 fd=O_DIRECT
  L2 want=17547264 slot=17547264 nbytes=17547264 fd=O_DIRECT
  L2 want=17547264 slot=17547264 nbytes=17547264 fd=O_DIRECT
  L2 want=17547264 slot=17547264 nbytes=17547264 fd=O_DIRECT
  L2 want=17547264 slot=17547264 nbytes=17547264 fd=O_DIRECT
  L2 want=17547264 slot=17547264 nbytes=17547264 fd=O_DIRECT
  L2 want=17547264 slot=17547264 nbytes=17547264 fd=O_DIRECT
  L2 want=17547264 slot=17547264 nbytes=17547264 fd=O_DIRECT
  L2 want=17547264 slot=17547264 nbytes=17547264 fd=O_DIRECT
  L2 want=17547264 slot=17547264 nbytes=17547264 fd=O_DIRECT
DBG getmany L29 nw=14 wall=0.536s thr(out)1 thr(in)16 conc_peak=14 pread=0.000s [reader]
DBG getmany L28 nw=12 wall=0.892s thr(out)1 thr(in)16 conc_peak=12 pread=0.000s
  L2 want=17547264 slot=17547264 nbytes=17547264 fd=O_DIRECT
  L2 want=17547264 slot=17547264 nbytes=17547264 fd=O_DIRECT
  L2 want=17547264 slot=17547264 nbytes=17547264 fd=O_DIRECT
  L2 want=17547264 slot=17547264 nbytes=17547264 fd=O_DIRECT
  L2 want=17547264 slot=17547264 nbytes=17547264 fd=O_DIRECT
  L2 want=17547264 slot=17547264 nbytes=17547264 fd=O_DIRECT
  L2 want=17547264 slot=17547264 nbytes=17547264 fd=O_DIRECT
  L2 want=17547264 slot=17547264 nbytes=17547264 fd=O_DIRECT
  L2 want=17547264 slot=17547264 nbytes=17547264 fd=O_DIRECT
  L2 want=17547264 slot=17547264 nbytes=17547264 fd=O_DIRECT
  L2 want=17547264 slot=17547264 nbytes=17547264 fd=O_DIRECT
  L2 want=17547264 slot=17547264 nbytes=17547264 fd=O_DIRECT
  L2 want=17547264 slot=17547264 nbytes=17547264 fd=O_DIRECT
  L2 want=17547264 slot=17547264 nbytes=17547264 fd=O_DIRECT
  L2 want=17547264 slot=17547264 nbytes=17547264 fd=O_DIRECT
  L2 want=17547264 slot=17547264 nbytes=17547264 fd=O_DIRECT
  L2 want=17547264 slot=17547264 nbytes=17547264 fd=O_DIRECT
  L2 want=17547264 slot=17547264 nbytes=17547264 fd=O_DIRECT
  L2 want=17547264 slot=17547264 nbytes=17547264 fd=O_DIRECT
  L2 want=17547264 slot=17547264 nbytes=17547264 fd=O_DIRECT
  L2 want=17547264 slot=17547264 nbytes=17547264 fd=O_DIRECT
  L2 want=17547264 slot=17547264 nbytes=17547264 fd=O_DIRECT
  L2 want=17547264 slot=17547264 nbytes=17547264 fd=O_DIRECT
  L2 want=17547264 slot=17547264 nbytes=17547264 fd=O_DIRECT
  L2 want=17547264 slot=17547264 nbytes=17547264 fd=O_DIRECT
  L2 want=17547264 slot=17547264 nbytes=17547264 fd=O_DIRECT
DBG getmany L30 nw=14 wall=0.776s thr(out)1 thr(in)16 conc_peak=14 pread=0.000s [reader]
DBG getmany L29 nw=12 wall=0.943s thr(out)1 thr(in)16 conc_peak=12 pread=0.000s
  L2 want=17547264 slot=17547264 nbytes=17547264 fd=O_DIRECT
  L2 want=17547264 slot=17547264 nbytes=17547264 fd=O_DIRECT
  L2 want=17547264 slot=17547264 nbytes=17547264 fd=O_DIRECT
  L2 want=17547264 slot=17547264 nbytes=17547264 fd=O_DIRECT
  L2 want=17547264 slot=17547264 nbytes=17547264 fd=O_DIRECT
  L2 want=17547264 slot=17547264 nbytes=17547264 fd=O_DIRECT
  L2 want=17547264 slot=17547264 nbytes=17547264 fd=O_DIRECT
  L2 want=17547264 slot=17547264 nbytes=17547264 fd=O_DIRECT
  L2 want=17547264 slot=17547264 nbytes=17547264 fd=O_DIRECT
  L2 want=17547264 slot=17547264 nbytes=17547264 fd=O_DIRECT
  L2 want=17547264 slot=17547264 nbytes=17547264 fd=O_DIRECT
  L2 want=17547264 slot=17547264 nbytes=17547264 fd=O_DIRECT
  L2 want=17547264 slot=17547264 nbytes=17547264 fd=O_DIRECT
  L2 want=17547264 slot=17547264 nbytes=17547264 fd=O_DIRECT
  L2 want=17547264 slot=17547264 nbytes=17547264 fd=O_DIRECT
  L2 want=17547264 slot=17547264 nbytes=17547264 fd=O_DIRECT
  L2 want=17547264 slot=17547264 nbytes=17547264 fd=O_DIRECT
  L2 want=17547264 slot=17547264 nbytes=17547264 fd=O_DIRECT
  L2 want=17547264 slot=17547264 nbytes=17547264 fd=O_DIRECT
  L2 want=17547264 slot=17547264 nbytes=17547264 fd=O_DIRECT
  L2 want=17547264 slot=17547264 nbytes=17547264 fd=O_DIRECT
  L2 want=17547264 slot=17547264 nbytes=17547264 fd=O_DIRECT
  L2 want=17547264 slot=17547264 nbytes=17547264 fd=O_DIRECT
  L2 want=17547264 slot=17547264 nbytes=17547264 fd=O_DIRECT
  L2 want=17547264 slot=17547264 nbytes=17547264 fd=O_DIRECT
  L2 want=17547264 slot=17547264 nbytes=17547264 fd=O_DIRECT
  L2 want=17547264 slot=17547264 nbytes=17547264 fd=O_DIRECT
  L2 want=17547264 slot=17547264 nbytes=17547264 fd=O_DIRECT
  L2 want=17547264 slot=17547264 nbytes=17547264 fd=O_DIRECT
  L2 want=17547264 slot=17547264 nbytes=17547264 fd=O_DIRECT
  L2 want=17547264 slot=17547264 nbytes=17547264 fd=O_DIRECT
DBG getmany L31 nw=16 wall=0.639s thr(out)1 thr(in)16 conc_peak=16 pread=0.000s [reader]
DBG getmany L30 nw=15 wall=0.826s thr(out)1 thr(in)16 conc_peak=15 pread=0.000s
  L2 want=17547264 slot=17547264 nbytes=17547264 fd=O_DIRECT
  L2 want=17547264 slot=17547264 nbytes=17547264 fd=O_DIRECT
  L2 want=17547264 slot=17547264 nbytes=17547264 fd=O_DIRECT
  L2 want=17547264 slot=17547264 nbytes=17547264 fd=O_DIRECT
  L2 want=17547264 slot=17547264 nbytes=17547264 fd=O_DIRECT
  L2 want=17547264 slot=17547264 nbytes=17547264 fd=O_DIRECT
  L2 want=17547264 slot=17547264 nbytes=17547264 fd=O_DIRECT
  L2 want=17547264 slot=17547264 nbytes=17547264 fd=O_DIRECT
  L2 want=17547264 slot=17547264 nbytes=17547264 fd=O_DIRECT
  L2 want=17547264 slot=17547264 nbytes=17547264 fd=O_DIRECT
  L2 want=17547264 slot=17547264 nbytes=17547264 fd=O_DIRECT
  L2 want=17547264 slot=17547264 nbytes=17547264 fd=O_DIRECT
  L2 want=17547264 slot=17547264 nbytes=17547264 fd=O_DIRECT
  L2 want=17547264 slot=17547264 nbytes=17547264 fd=O_DIRECT
  L2 want=17547264 slot=17547264 nbytes=17547264 fd=O_DIRECT
  L2 want=17547264 slot=17547264 nbytes=17547264 fd=O_DIRECT
  L2 want=17547264 slot=17547264 nbytes=17547264 fd=O_DIRECT
  L2 want=17547264 slot=17547264 nbytes=17547264 fd=O_DIRECT
  L2 want=17547264 slot=17547264 nbytes=17547264 fd=O_DIRECT
  L2 want=17547264 slot=17547264 nbytes=17547264 fd=O_DIRECT
  L2 want=17547264 slot=17547264 nbytes=17547264 fd=O_DIRECT
  L2 want=17547264 slot=17547264 nbytes=17547264 fd=O_DIRECT
  L2 want=17547264 slot=17547264 nbytes=17547264 fd=O_DIRECT
  L2 want=17547264 slot=17547264 nbytes=17547264 fd=O_DIRECT
  L2 want=17547264 slot=17547264 nbytes=17547264 fd=O_DIRECT
  L2 want=17547264 slot=17547264 nbytes=17547264 fd=O_DIRECT
DBG getmany L32 nw=14 wall=0.955s thr(out)1 thr(in)16 conc_peak=14 pread=0.000s [reader]
DBG getmany L31 nw=12 wall=0.934s thr(out)1 thr(in)16 conc_peak=12 pread=0.000s
DBG getmany L33 nw=14 wall=0.690s thr(out)1 thr(in)16 conc_peak=14 pread=0.000s [reader]
DBG getmany L32 nw=11 wall=0.920s thr(out)1 thr(in)16 conc_peak=11 pread=0.000s
DBG getmany L34 nw=16 wall=1.011s thr(out)1 thr(in)16 conc_peak=16 pread=0.000s [reader]
DBG getmany L33 nw=11 wall=1.010s thr(out)1 thr(in)16 conc_peak=11 pread=0.000s
  L2 want=17547264 slot=17547264 nbytes=17547264 fd=O_DIRECT
  L2 want=17547264 slot=17547264 nbytes=17547264 fd=O_DIRECT
  L2 want=17547264 slot=17547264 nbytes=17547264 fd=O_DIRECT
  L2 want=17547264 slot=17547264 nbytes=17547264 fd=O_DIRECT
  L2 want=17547264 slot=17547264 nbytes=17547264 fd=O_DIRECT
  L2 want=17547264 slot=17547264 nbytes=17547264 fd=O_DIRECT
  L2 want=17547264 slot=17547264 nbytes=17547264 fd=O_DIRECT
  L2 want=17547264 slot=17547264 nbytes=17547264 fd=O_DIRECT
  L2 want=17547264 slot=17547264 nbytes=17547264 fd=O_DIRECT
  L2 want=17547264 slot=17547264 nbytes=17547264 fd=O_DIRECT
  L2 want=17547264 slot=17547264 nbytes=17547264 fd=O_DIRECT
  L2 want=17547264 slot=17547264 nbytes=17547264 fd=O_DIRECT
  L2 want=17547264 slot=17547264 nbytes=17547264 fd=O_DIRECT
  L2 want=17547264 slot=17547264 nbytes=17547264 fd=O_DIRECT
  L2 want=17547264 slot=17547264 nbytes=17547264 fd=O_DIRECT
  L2 want=17547264 slot=17547264 nbytes=17547264 fd=O_DIRECT
  L2 want=17547264 slot=17547264 nbytes=17547264 fd=O_DIRECT
  L2 want=17547264 slot=17547264 nbytes=17547264 fd=O_DIRECT
  L2 want=17547264 slot=17547264 nbytes=17547264 fd=O_DIRECT
  L2 want=17547264 slot=17547264 nbytes=17547264 fd=O_DIRECT
  L2 want=17547264 slot=17547264 nbytes=17547264 fd=O_DIRECT
  L2 want=17547264 slot=17547264 nbytes=17547264 fd=O_DIRECT
  L2 want=17547264 slot=17547264 nbytes=17547264 fd=O_DIRECT
  L2 want=17547264 slot=17547264 nbytes=17547264 fd=O_DIRECT
  L2 want=17547264 slot=17547264 nbytes=17547264 fd=O_DIRECT
  L2 want=17547264 slot=17547264 nbytes=17547264 fd=O_DIRECT
  L2 want=17547264 slot=17547264 nbytes=17547264 fd=O_DIRECT
  L2 want=17547264 slot=17547264 nbytes=17547264 fd=O_DIRECT
  L2 want=17547264 slot=17547264 nbytes=17547264 fd=O_DIRECT
DBG getmany L35 nw=16 wall=0.378s thr(out)1 thr(in)16 conc_peak=16 pread=0.000s [reader]
DBG getmany L34 nw=13 wall=0.784s thr(out)1 thr(in)16 conc_peak=13 pread=0.000s
DBG getmany L36 nw=11 wall=0.205s thr(out)1 thr(in)16 conc_peak=11 pread=0.000s [reader]
DBG getmany L35 nw=13 wall=0.927s thr(out)1 thr(in)16 conc_peak=13 pread=0.000s
DBG getmany L37 nw=13 wall=0.565s thr(out)1 thr(in)16 conc_peak=13 pread=0.000s [reader]
DBG getmany L36 nw=11 wall=0.905s thr(out)1 thr(in)16 conc_peak=11 pread=0.000s
  L2 want=17547264 slot=17547264 nbytes=17547264 fd=O_DIRECT
  L2 want=17547264 slot=17547264 nbytes=17547264 fd=O_DIRECT
  L2 want=17547264 slot=17547264 nbytes=17547264 fd=O_DIRECT
  L2 want=17547264 slot=17547264 nbytes=17547264 fd=O_DIRECT
  L2 want=17547264 slot=17547264 nbytes=17547264 fd=O_DIRECT
  L2 want=17547264 slot=17547264 nbytes=17547264 fd=O_DIRECT
  L2 want=17547264 slot=17547264 nbytes=17547264 fd=O_DIRECT
  L2 want=17547264 slot=17547264 nbytes=17547264 fd=O_DIRECT
  L2 want=17547264 slot=17547264 nbytes=17547264 fd=O_DIRECT
  L2 want=17547264 slot=17547264 nbytes=17547264 fd=O_DIRECT
  L2 want=17547264 slot=17547264 nbytes=17547264 fd=O_DIRECT
  L2 want=17547264 slot=17547264 nbytes=17547264 fd=O_DIRECT
  L2 want=17547264 slot=17547264 nbytes=17547264 fd=O_DIRECT
  L2 want=17547264 slot=17547264 nbytes=17547264 fd=O_DIRECT
  L2 want=17547264 slot=17547264 nbytes=17547264 fd=O_DIRECT
  L2 want=17547264 slot=17547264 nbytes=17547264 fd=O_DIRECT
  L2 want=17547264 slot=17547264 nbytes=17547264 fd=O_DIRECT
  L2 want=17547264 slot=17547264 nbytes=17547264 fd=O_DIRECT
  L2 want=17547264 slot=17547264 nbytes=17547264 fd=O_DIRECT
  L2 want=17547264 slot=17547264 nbytes=17547264 fd=O_DIRECT
  L2 want=17547264 slot=17547264 nbytes=17547264 fd=O_DIRECT
  L2 want=17547264 slot=17547264 nbytes=17547264 fd=O_DIRECT
  L2 want=17547264 slot=17547264 nbytes=17547264 fd=O_DIRECT
  L2 want=17547264 slot=17547264 nbytes=17547264 fd=O_DIRECT
  L2 want=17547264 slot=17547264 nbytes=17547264 fd=O_DIRECT
  L2 want=17547264 slot=17547264 nbytes=17547264 fd=O_DIRECT
  L2 want=17547264 slot=17547264 nbytes=17547264 fd=O_DIRECT
DBG getmany L38 nw=14 wall=0.693s thr(out)1 thr(in)16 conc_peak=14 pread=0.000s [reader]
DBG getmany L37 nw=13 wall=0.954s thr(out)1 thr(in)16 conc_peak=13 pread=0.000s
DBG getmany L39 nw=15 wall=0.691s thr(out)1 thr(in)16 conc_peak=15 pread=0.000s [reader]
DBG getmany L38 nw=13 wall=0.712s thr(out)1 thr(in)16 conc_peak=13 pread=0.000s
DBG getmany L40 nw=13 wall=0.779s thr(out)1 thr(in)16 conc_peak=13 pread=0.000s [reader]
DBG getmany L39 nw=14 wall=0.930s thr(out)1 thr(in)16 conc_peak=14 pread=0.000s
DBG getmany L40 nw=14 wall=0.853s thr(out)1 thr(in)16 conc_peak=14 pread=0.000s
DBG getmany L41 nw=13 wall=0.949s thr(out)1 thr(in)16 conc_peak=13 pread=0.000s [reader]
  L2 want=17547264 slot=17547264 nbytes=17547264 fd=O_DIRECT
  L2 want=17547264 slot=17547264 nbytes=17547264 fd=O_DIRECT
  L2 want=17547264 slot=17547264 nbytes=17547264 fd=O_DIRECT
  L2 want=17547264 slot=17547264 nbytes=17547264 fd=O_DIRECT
  L2 want=17547264 slot=17547264 nbytes=17547264 fd=O_DIRECT
  L2 want=17547264 slot=17547264 nbytes=17547264 fd=O_DIRECT
  L2 want=17547264 slot=17547264 nbytes=17547264 fd=O_DIRECT
  L2 want=17547264 slot=17547264 nbytes=17547264 fd=O_DIRECT
  L2 want=17547264 slot=17547264 nbytes=17547264 fd=O_DIRECT
  L2 want=17547264 slot=17547264 nbytes=17547264 fd=O_DIRECT
  L2 want=17547264 slot=17547264 nbytes=17547264 fd=O_DIRECT
  L2 want=17547264 slot=17547264 nbytes=17547264 fd=O_DIRECT
  L2 want=17547264 slot=17547264 nbytes=17547264 fd=O_DIRECT
  L2 want=17547264 slot=17547264 nbytes=17547264 fd=O_DIRECT
  L2 want=17547264 slot=17547264 nbytes=17547264 fd=O_DIRECT
  L2 want=17547264 slot=17547264 nbytes=17547264 fd=O_DIRECT
  L2 want=17547264 slot=17547264 nbytes=17547264 fd=O_DIRECT
  L2 want=17547264 slot=17547264 nbytes=17547264 fd=O_DIRECT
  L2 want=17547264 slot=17547264 nbytes=17547264 fd=O_DIRECT
  L2 want=17547264 slot=17547264 nbytes=17547264 fd=O_DIRECT
  L2 want=17547264 slot=17547264 nbytes=17547264 fd=O_DIRECT
  L2 want=17547264 slot=17547264 nbytes=17547264 fd=O_DIRECT
DBG getmany L42 nw=8 wall=0.299s thr(out)1 thr(in)16 conc_peak=8 pread=0.000s [reader]
DBG getmany L41 nw=14 wall=0.841s thr(out)1 thr(in)16 conc_peak=14 pread=0.000s
  L2 want=17547264 slot=17547264 nbytes=17547264 fd=O_DIRECT
  L2 want=17547264 slot=17547264 nbytes=17547264 fd=O_DIRECT
  L2 want=17547264 slot=17547264 nbytes=17547264 fd=O_DIRECT
  L2 want=17547264 slot=17547264 nbytes=17547264 fd=O_DIRECT
  L2 want=17547264 slot=17547264 nbytes=17547264 fd=O_DIRECT
  L2 want=17547264 slot=17547264 nbytes=17547264 fd=O_DIRECT
  L2 want=17547264 slot=17547264 nbytes=17547264 fd=O_DIRECT
  L2 want=17547264 slot=17547264 nbytes=17547264 fd=O_DIRECT
  L2 want=17547264 slot=17547264 nbytes=17547264 fd=O_DIRECT
  L2 want=17547264 slot=17547264 nbytes=17547264 fd=O_DIRECT
  L2 want=17547264 slot=17547264 nbytes=17547264 fd=O_DIRECT
  L2 want=17547264 slot=17547264 nbytes=17547264 fd=O_DIRECT
  L2 want=17547264 slot=17547264 nbytes=17547264 fd=O_DIRECT
  L2 want=17547264 slot=17547264 nbytes=17547264 fd=O_DIRECT
  L2 want=17547264 slot=17547264 nbytes=17547264 fd=O_DIRECT
  L2 want=17547264 slot=17547264 nbytes=17547264 fd=O_DIRECT
  L2 want=17547264 slot=17547264 nbytes=17547264 fd=O_DIRECT
  L2 want=17547264 slot=17547264 nbytes=17547264 fd=O_DIRECT
  L2 want=17547264 slot=17547264 nbytes=17547264 fd=O_DIRECT
  L2 want=17547264 slot=17547264 nbytes=17547264 fd=O_DIRECT
  L2 want=17547264 slot=17547264 nbytes=17547264 fd=O_DIRECT
  L2 want=17547264 slot=17547264 nbytes=17547264 fd=O_DIRECT
  L2 want=17547264 slot=17547264 nbytes=17547264 fd=O_DIRECT
  L2 want=17547264 slot=17547264 nbytes=17547264 fd=O_DIRECT
  L2 want=17547264 slot=17547264 nbytes=17547264 fd=O_DIRECT
  L2 want=17547264 slot=17547264 nbytes=17547264 fd=O_DIRECT
  L2 want=17547264 slot=17547264 nbytes=17547264 fd=O_DIRECT
DBG getmany L43 nw=13 wall=0.697s thr(out)1 thr(in)16 conc_peak=13 pread=0.000s [reader]
DBG getmany L42 nw=14 wall=0.741s thr(out)1 thr(in)16 conc_peak=14 pread=0.000s
DBG getmany L44 nw=13 wall=0.575s thr(out)1 thr(in)16 conc_peak=13 pread=0.000s [reader]
DBG getmany L43 nw=15 wall=0.994s thr(out)1 thr(in)16 conc_peak=15 pread=0.000s
DBG getmany L45 nw=10 wall=0.356s thr(out)1 thr(in)16 conc_peak=10 pread=0.000s [reader]
DBG getmany L44 nw=14 wall=0.918s thr(out)1 thr(in)16 conc_peak=14 pread=0.000s
  L2 want=17547264 slot=17547264 nbytes=17547264 fd=O_DIRECT
  L2 want=17547264 slot=17547264 nbytes=17547264 fd=O_DIRECT
  L2 want=17547264 slot=17547264 nbytes=17547264 fd=O_DIRECT
  L2 want=17547264 slot=17547264 nbytes=17547264 fd=O_DIRECT
  L2 want=17547264 slot=17547264 nbytes=17547264 fd=O_DIRECT
  L2 want=17547264 slot=17547264 nbytes=17547264 fd=O_DIRECT
  L2 want=17547264 slot=17547264 nbytes=17547264 fd=O_DIRECT
  L2 want=17547264 slot=17547264 nbytes=17547264 fd=O_DIRECT
  L2 want=17547264 slot=17547264 nbytes=17547264 fd=O_DIRECT
  L2 want=17547264 slot=17547264 nbytes=17547264 fd=O_DIRECT
  L2 want=17547264 slot=17547264 nbytes=17547264 fd=O_DIRECT
  L2 want=17547264 slot=17547264 nbytes=17547264 fd=O_DIRECT
  L2 want=17547264 slot=17547264 nbytes=17547264 fd=O_DIRECT
  L2 want=17547264 slot=17547264 nbytes=17547264 fd=O_DIRECT
  L2 want=17547264 slot=17547264 nbytes=17547264 fd=O_DIRECT
  L2 want=17547264 slot=17547264 nbytes=17547264 fd=O_DIRECT
  L2 want=17547264 slot=17547264 nbytes=17547264 fd=O_DIRECT
  L2 want=17547264 slot=17547264 nbytes=17547264 fd=O_DIRECT
  L2 want=17547264 slot=17547264 nbytes=17547264 fd=O_DIRECT
  L2 want=17547264 slot=17547264 nbytes=17547264 fd=O_DIRECT
  L2 want=17547264 slot=17547264 nbytes=17547264 fd=O_DIRECT
  L2 want=17547264 slot=17547264 nbytes=17547264 fd=O_DIRECT
  L2 want=17547264 slot=17547264 nbytes=17547264 fd=O_DIRECT
DBG getmany L46 nw=8 wall=0.595s thr(out)1 thr(in)16 conc_peak=8 pread=0.000s [reader]
DBG getmany L45 nw=15 wall=0.920s thr(out)1 thr(in)16 conc_peak=15 pread=0.000s
DBG getmany L47 nw=11 wall=0.465s thr(out)1 thr(in)16 conc_peak=11 pread=0.000s [reader]
DBG getmany L46 nw=13 wall=0.734s thr(out)1 thr(in)16 conc_peak=13 pread=0.000s
DBG getmany L48 nw=13 wall=0.275s thr(out)1 thr(in)16 conc_peak=13 pread=0.000s [reader]
DBG getmany L47 nw=15 wall=0.944s thr(out)1 thr(in)16 conc_peak=15 pread=0.000s
  L2 want=17547264 slot=17547264 nbytes=17547264 fd=O_DIRECT
  L2 want=17547264 slot=17547264 nbytes=17547264 fd=O_DIRECT
  L2 want=17547264 slot=17547264 nbytes=17547264 fd=O_DIRECT
  L2 want=17547264 slot=17547264 nbytes=17547264 fd=O_DIRECT
  L2 want=17547264 slot=17547264 nbytes=17547264 fd=O_DIRECT
  L2 want=17547264 slot=17547264 nbytes=17547264 fd=O_DIRECT
  L2 want=17547264 slot=17547264 nbytes=17547264 fd=O_DIRECT
  L2 want=17547264 slot=17547264 nbytes=17547264 fd=O_DIRECT
  L2 want=17547264 slot=17547264 nbytes=17547264 fd=O_DIRECT
  L2 want=17547264 slot=17547264 nbytes=17547264 fd=O_DIRECT
  L2 want=17547264 slot=17547264 nbytes=17547264 fd=O_DIRECT
  L2 want=17547264 slot=17547264 nbytes=17547264 fd=O_DIRECT
  L2 want=17547264 slot=17547264 nbytes=17547264 fd=O_DIRECT
  L2 want=17547264 slot=17547264 nbytes=17547264 fd=O_DIRECT
  L2 want=17547264 slot=17547264 nbytes=17547264 fd=O_DIRECT
  L2 want=17547264 slot=17547264 nbytes=17547264 fd=O_DIRECT
  L2 want=17547264 slot=17547264 nbytes=17547264 fd=O_DIRECT
  L2 want=17547264 slot=17547264 nbytes=17547264 fd=O_DIRECT
  L2 want=17547264 slot=17547264 nbytes=17547264 fd=O_DIRECT
  L2 want=17547264 slot=17547264 nbytes=17547264 fd=O_DIRECT
  L2 want=17547264 slot=17547264 nbytes=17547264 fd=O_DIRECT
  L2 want=17547264 slot=17547264 nbytes=17547264 fd=O_DIRECT
  L2 want=17547264 slot=17547264 nbytes=17547264 fd=O_DIRECT
DBG getmany L49 nw=9 wall=0.405s thr(out)1 thr(in)16 conc_peak=9 pread=0.000s [reader]
DBG getmany L48 nw=14 wall=0.876s thr(out)1 thr(in)16 conc_peak=14 pread=0.000s
DBG getmany L50 nw=12 wall=0.566s thr(out)1 thr(in)16 conc_peak=12 pread=0.000s [reader]
DBG getmany L49 nw=15 wall=0.987s thr(out)1 thr(in)16 conc_peak=15 pread=0.000s
DBG getmany L51 nw=12 wall=0.692s thr(out)1 thr(in)16 conc_peak=12 pread=0.000s [reader]
DBG getmany L50 nw=15 wall=0.749s thr(out)1 thr(in)16 conc_peak=15 pread=0.000s
  L2 want=17547264 slot=17547264 nbytes=17547264 fd=O_DIRECT
  L2 want=17547264 slot=17547264 nbytes=17547264 fd=O_DIRECT
  L2 want=17547264 slot=17547264 nbytes=17547264 fd=O_DIRECT
  L2 want=17547264 slot=17547264 nbytes=17547264 fd=O_DIRECT
  L2 want=17547264 slot=17547264 nbytes=17547264 fd=O_DIRECT
  L2 want=17547264 slot=17547264 nbytes=17547264 fd=O_DIRECT
  L2 want=17547264 slot=17547264 nbytes=17547264 fd=O_DIRECT
  L2 want=17547264 slot=17547264 nbytes=17547264 fd=O_DIRECT
  L2 want=17547264 slot=17547264 nbytes=17547264 fd=O_DIRECT
  L2 want=17547264 slot=17547264 nbytes=17547264 fd=O_DIRECT
  L2 want=17547264 slot=17547264 nbytes=17547264 fd=O_DIRECT
  L2 want=17547264 slot=17547264 nbytes=17547264 fd=O_DIRECT
  L2 want=17547264 slot=17547264 nbytes=17547264 fd=O_DIRECT
  L2 want=17547264 slot=17547264 nbytes=17547264 fd=O_DIRECT
  L2 want=17547264 slot=17547264 nbytes=17547264 fd=O_DIRECT
  L2 want=17547264 slot=17547264 nbytes=17547264 fd=O_DIRECT
  L2 want=17547264 slot=17547264 nbytes=17547264 fd=O_DIRECT
  L2 want=17547264 slot=17547264 nbytes=17547264 fd=O_DIRECT
  L2 want=17547264 slot=17547264 nbytes=17547264 fd=O_DIRECT
  L2 want=17547264 slot=17547264 nbytes=17547264 fd=O_DIRECT
  L2 want=17547264 slot=17547264 nbytes=17547264 fd=O_DIRECT
  L2 want=17547264 slot=17547264 nbytes=17547264 fd=O_DIRECT
  L2 want=17547264 slot=17547264 nbytes=17547264 fd=O_DIRECT
  L2 want=17547264 slot=17547264 nbytes=17547264 fd=O_DIRECT
  L2 want=17547264 slot=17547264 nbytes=17547264 fd=O_DIRECT
  L2 want=17547264 slot=17547264 nbytes=17547264 fd=O_DIRECT
  L2 want=17547264 slot=17547264 nbytes=17547264 fd=O_DIRECT
  L2 want=17547264 slot=17547264 nbytes=17547264 fd=O_DIRECT
DBG getmany L52 nw=15 wall=0.593s thr(out)1 thr(in)16 conc_peak=15 pread=0.000s [reader]
DBG getmany L51 nw=13 wall=0.959s thr(out)1 thr(in)16 conc_peak=13 pread=0.000s
  L2 want=17547264 slot=17547264 nbytes=17547264 fd=O_DIRECT
  L2 want=17547264 slot=17547264 nbytes=17547264 fd=O_DIRECT
  L2 want=17547264 slot=17547264 nbytes=17547264 fd=O_DIRECT
  L2 want=17547264 slot=17547264 nbytes=17547264 fd=O_DIRECT
  L2 want=17547264 slot=17547264 nbytes=17547264 fd=O_DIRECT
  L2 want=17547264 slot=17547264 nbytes=17547264 fd=O_DIRECT
  L2 want=17547264 slot=17547264 nbytes=17547264 fd=O_DIRECT
  L2 want=17547264 slot=17547264 nbytes=17547264 fd=O_DIRECT
  L2 want=17547264 slot=17547264 nbytes=17547264 fd=O_DIRECT
  L2 want=17547264 slot=17547264 nbytes=17547264 fd=O_DIRECT
  L2 want=17547264 slot=17547264 nbytes=17547264 fd=O_DIRECT
  L2 want=17547264 slot=17547264 nbytes=17547264 fd=O_DIRECT
  L2 want=17547264 slot=17547264 nbytes=17547264 fd=O_DIRECT
  L2 want=17547264 slot=17547264 nbytes=17547264 fd=O_DIRECT
  L2 want=17547264 slot=17547264 nbytes=17547264 fd=O_DIRECT
  L2 want=17547264 slot=17547264 nbytes=17547264 fd=O_DIRECT
  L2 want=17547264 slot=17547264 nbytes=17547264 fd=O_DIRECT
  L2 want=17547264 slot=17547264 nbytes=17547264 fd=O_DIRECT
  L2 want=17547264 slot=17547264 nbytes=17547264 fd=O_DIRECT
  L2 want=17547264 slot=17547264 nbytes=17547264 fd=O_DIRECT
  L2 want=17547264 slot=17547264 nbytes=17547264 fd=O_DIRECT
  L2 want=17547264 slot=17547264 nbytes=17547264 fd=O_DIRECT
DBG getmany L53 nw=10 wall=0.896s thr(out)1 thr(in)16 conc_peak=10 pread=0.000s [reader]
DBG getmany L52 nw=12 wall=0.848s thr(out)1 thr(in)16 conc_peak=12 pread=0.000s
DBG getmany L54 nw=12 wall=0.833s thr(out)1 thr(in)16 conc_peak=12 pread=0.000s [reader]
DBG getmany L53 nw=14 wall=0.937s thr(out)1 thr(in)16 conc_peak=14 pread=0.000s
DBG getmany L55 nw=14 wall=0.477s thr(out)1 thr(in)16 conc_peak=14 pread=0.000s [reader]
DBG getmany L54 nw=14 wall=0.755s thr(out)1 thr(in)16 conc_peak=14 pread=0.000s
  L2 want=17547264 slot=17547264 nbytes=17547264 fd=O_DIRECT
  L2 want=17547264 slot=17547264 nbytes=17547264 fd=O_DIRECT
  L2 want=17547264 slot=17547264 nbytes=17547264 fd=O_DIRECT
  L2 want=17547264 slot=17547264 nbytes=17547264 fd=O_DIRECT
  L2 want=17547264 slot=17547264 nbytes=17547264 fd=O_DIRECT
  L2 want=17547264 slot=17547264 nbytes=17547264 fd=O_DIRECT
  L2 want=17547264 slot=17547264 nbytes=17547264 fd=O_DIRECT
  L2 want=17547264 slot=17547264 nbytes=17547264 fd=O_DIRECT
  L2 want=17547264 slot=17547264 nbytes=17547264 fd=O_DIRECT
  L2 want=17547264 slot=17547264 nbytes=17547264 fd=O_DIRECT
  L2 want=17547264 slot=17547264 nbytes=17547264 fd=O_DIRECT
  L2 want=17547264 slot=17547264 nbytes=17547264 fd=O_DIRECT
  L2 want=17547264 slot=17547264 nbytes=17547264 fd=O_DIRECT
  L2 want=17547264 slot=17547264 nbytes=17547264 fd=O_DIRECT
  L2 want=17547264 slot=17547264 nbytes=17547264 fd=O_DIRECT
  L2 want=17547264 slot=17547264 nbytes=17547264 fd=O_DIRECT
  L2 want=17547264 slot=17547264 nbytes=17547264 fd=O_DIRECT
  L2 want=17547264 slot=17547264 nbytes=17547264 fd=O_DIRECT
  L2 want=17547264 slot=17547264 nbytes=17547264 fd=O_DIRECT
  L2 want=17547264 slot=17547264 nbytes=17547264 fd=O_DIRECT
  L2 want=17547264 slot=17547264 nbytes=17547264 fd=O_DIRECT
  L2 want=17547264 slot=17547264 nbytes=17547264 fd=O_DIRECT
  L2 want=17547264 slot=17547264 nbytes=17547264 fd=O_DIRECT
  L2 want=17547264 slot=17547264 nbytes=17547264 fd=O_DIRECT
  L2 want=17547264 slot=17547264 nbytes=17547264 fd=O_DIRECT
  L2 want=17547264 slot=17547264 nbytes=17547264 fd=O_DIRECT
  L2 want=17547264 slot=17547264 nbytes=17547264 fd=O_DIRECT
  L2 want=17547264 slot=17547264 nbytes=17547264 fd=O_DIRECT
  L2 want=17547264 slot=17547264 nbytes=17547264 fd=O_DIRECT
DBG getmany L56 nw=16 wall=0.857s thr(out)1 thr(in)16 conc_peak=16 pread=0.000s [reader]
DBG getmany L55 nw=13 wall=0.956s thr(out)1 thr(in)16 conc_peak=13 pread=0.000s
DBG getmany L57 nw=16 wall=0.941s thr(out)1 thr(in)16 conc_peak=16 pread=0.000s [reader]
DBG getmany L56 nw=9 wall=0.899s thr(out)1 thr(in)16 conc_peak=9 pread=0.000s
DBG getmany L58 nw=14 wall=0.353s thr(out)1 thr(in)16 conc_peak=14 pread=0.000s [reader]
DBG getmany L57 nw=14 wall=0.952s thr(out)1 thr(in)16 conc_peak=14 pread=0.000s
  L2 want=17547264 slot=17547264 nbytes=17547264 fd=O_DIRECT
  L2 want=17547264 slot=17547264 nbytes=17547264 fd=O_DIRECT
  L2 want=17547264 slot=17547264 nbytes=17547264 fd=O_DIRECT
  L2 want=17547264 slot=17547264 nbytes=17547264 fd=O_DIRECT
  L2 want=17547264 slot=17547264 nbytes=17547264 fd=O_DIRECT
  L2 want=17547264 slot=17547264 nbytes=17547264 fd=O_DIRECT
  L2 want=17547264 slot=17547264 nbytes=17547264 fd=O_DIRECT
  L2 want=17547264 slot=17547264 nbytes=17547264 fd=O_DIRECT
  L2 want=17547264 slot=17547264 nbytes=17547264 fd=O_DIRECT
  L2 want=17547264 slot=17547264 nbytes=17547264 fd=O_DIRECT
  L2 want=17547264 slot=17547264 nbytes=17547264 fd=O_DIRECT
  L2 want=17547264 slot=17547264 nbytes=17547264 fd=O_DIRECT
  L2 want=17547264 slot=17547264 nbytes=17547264 fd=O_DIRECT
  L2 want=17547264 slot=17547264 nbytes=17547264 fd=O_DIRECT
  L2 want=17547264 slot=17547264 nbytes=17547264 fd=O_DIRECT
  L2 want=17547264 slot=17547264 nbytes=17547264 fd=O_DIRECT
  L2 want=17547264 slot=17547264 nbytes=17547264 fd=O_DIRECT
  L2 want=17547264 slot=17547264 nbytes=17547264 fd=O_DIRECT
  L2 want=17547264 slot=17547264 nbytes=17547264 fd=O_DIRECT
  L2 want=17547264 slot=17547264 nbytes=17547264 fd=O_DIRECT
  L2 want=17547264 slot=17547264 nbytes=17547264 fd=O_DIRECT
  L2 want=17547264 slot=17547264 nbytes=17547264 fd=O_DIRECT
  L2 want=17547264 slot=17547264 nbytes=17547264 fd=O_DIRECT
  L2 want=17547264 slot=17547264 nbytes=17547264 fd=O_DIRECT
  L2 want=17547264 slot=17547264 nbytes=17547264 fd=O_DIRECT
  L2 want=17547264 slot=17547264 nbytes=17547264 fd=O_DIRECT
DBG getmany L59 nw=15 wall=0.728s thr(out)1 thr(in)16 conc_peak=15 pread=0.000s [reader]
DBG getmany L58 nw=11 wall=0.739s thr(out)1 thr(in)16 conc_peak=11 pread=0.000s
DBG getmany L60 nw=16 wall=0.613s thr(out)1 thr(in)16 conc_peak=16 pread=0.000s [reader]
DBG getmany L59 nw=10 wall=0.957s thr(out)1 thr(in)16 conc_peak=10 pread=0.000s
DBG getmany L61 nw=16 wall=0.837s thr(out)1 thr(in)16 conc_peak=16 pread=0.000s [reader]
DBG getmany L60 nw=13 wall=0.975s thr(out)1 thr(in)16 conc_peak=13 pread=0.000s
  L2 want=17547264 slot=17547264 nbytes=17547264 fd=O_DIRECT
  L2 want=17547264 slot=17547264 nbytes=17547264 fd=O_DIRECT
  L2 want=17547264 slot=17547264 nbytes=17547264 fd=O_DIRECT
  L2 want=17547264 slot=17547264 nbytes=17547264 fd=O_DIRECT
  L2 want=17547264 slot=17547264 nbytes=17547264 fd=O_DIRECT
  L2 want=17547264 slot=17547264 nbytes=17547264 fd=O_DIRECT
  L2 want=17547264 slot=17547264 nbytes=17547264 fd=O_DIRECT
  L2 want=17547264 slot=17547264 nbytes=17547264 fd=O_DIRECT
  L2 want=17547264 slot=17547264 nbytes=17547264 fd=O_DIRECT
  L2 want=17547264 slot=17547264 nbytes=17547264 fd=O_DIRECT
  L2 want=17547264 slot=17547264 nbytes=17547264 fd=O_DIRECT
  L2 want=17547264 slot=17547264 nbytes=17547264 fd=O_DIRECT
  L2 want=17547264 slot=17547264 nbytes=17547264 fd=O_DIRECT
  L2 want=17547264 slot=17547264 nbytes=17547264 fd=O_DIRECT
  L2 want=17547264 slot=17547264 nbytes=17547264 fd=O_DIRECT
  L2 want=17547264 slot=17547264 nbytes=17547264 fd=O_DIRECT
  L2 want=17547264 slot=17547264 nbytes=17547264 fd=O_DIRECT
  L2 want=17547264 slot=17547264 nbytes=17547264 fd=O_DIRECT
  L2 want=17547264 slot=17547264 nbytes=17547264 fd=O_DIRECT
  L2 want=17547264 slot=17547264 nbytes=17547264 fd=O_DIRECT
  L2 want=17547264 slot=17547264 nbytes=17547264 fd=O_DIRECT
  L2 want=17547264 slot=17547264 nbytes=17547264 fd=O_DIRECT
  L2 want=17547264 slot=17547264 nbytes=17547264 fd=O_DIRECT
  L2 want=17547264 slot=17547264 nbytes=17547264 fd=O_DIRECT
  L2 want=17547264 slot=17547264 nbytes=17547264 fd=O_DIRECT
  L2 want=17547264 slot=17547264 nbytes=17547264 fd=O_DIRECT
  L2 want=17547264 slot=17547264 nbytes=17547264 fd=O_DIRECT
  L2 want=17547264 slot=17547264 nbytes=17547264 fd=O_DIRECT
  L2 want=17547264 slot=17547264 nbytes=17547264 fd=O_DIRECT
  L2 want=17547264 slot=17547264 nbytes=17547264 fd=O_DIRECT
DBG getmany L62 nw=15 wall=0.612s thr(out)1 thr(in)16 conc_peak=15 pread=0.000s [reader]
DBG getmany L61 nw=15 wall=0.947s thr(out)1 thr(in)16 conc_peak=15 pread=0.000s
DBG getmany L63 nw=15 wall=0.716s thr(out)1 thr(in)16 conc_peak=15 pread=0.000s [reader]
DBG getmany L62 nw=11 wall=0.709s thr(out)1 thr(in)16 conc_peak=11 pread=0.000s
DBG getmany L63 nw=12 wall=0.877s thr(out)1 thr(in)16 conc_peak=12 pread=0.000s
DBG getmany L64 nw=16 wall=0.987s thr(out)1 thr(in)16 conc_peak=16 pread=0.000s [reader]
DBG getmany L65 nw=15 wall=0.471s thr(out)1 thr(in)16 conc_peak=15 pread=0.000s [reader]
DBG getmany L64 nw=13 wall=0.966s thr(out)1 thr(in)16 conc_peak=13 pread=0.000s
DBG getmany L66 nw=15 wall=0.951s thr(out)1 thr(in)16 conc_peak=15 pread=0.000s [reader]
DBG getmany L65 nw=10 wall=0.901s thr(out)1 thr(in)16 conc_peak=10 pread=0.000s
  L2 want=17547264 slot=17547264 nbytes=17547264 fd=O_DIRECT
  L2 want=17547264 slot=17547264 nbytes=17547264 fd=O_DIRECT
  L2 want=17547264 slot=17547264 nbytes=17547264 fd=O_DIRECT
  L2 want=17547264 slot=17547264 nbytes=17547264 fd=O_DIRECT
  L2 want=17547264 slot=17547264 nbytes=17547264 fd=O_DIRECT
  L2 want=17547264 slot=17547264 nbytes=17547264 fd=O_DIRECT
  L2 want=17547264 slot=17547264 nbytes=17547264 fd=O_DIRECT
  L2 want=17547264 slot=17547264 nbytes=17547264 fd=O_DIRECT
  L2 want=17547264 slot=17547264 nbytes=17547264 fd=O_DIRECT
  L2 want=17547264 slot=17547264 nbytes=17547264 fd=O_DIRECT
  L2 want=17547264 slot=17547264 nbytes=17547264 fd=O_DIRECT
  L2 want=17547264 slot=17547264 nbytes=17547264 fd=O_DIRECT
  L2 want=17547264 slot=17547264 nbytes=17547264 fd=O_DIRECT
  L2 want=17547264 slot=17547264 nbytes=17547264 fd=O_DIRECT
  L2 want=17547264 slot=17547264 nbytes=17547264 fd=O_DIRECT
  L2 want=17547264 slot=17547264 nbytes=17547264 fd=O_DIRECT
  L2 want=17547264 slot=17547264 nbytes=17547264 fd=O_DIRECT
  L2 want=17547264 slot=17547264 nbytes=17547264 fd=O_DIRECT
  L2 want=17547264 slot=17547264 nbytes=17547264 fd=O_DIRECT
  L2 want=17547264 slot=17547264 nbytes=17547264 fd=O_DIRECT
  L2 want=17547264 slot=17547264 nbytes=17547264 fd=O_DIRECT
  L2 want=17547264 slot=17547264 nbytes=17547264 fd=O_DIRECT
  L2 want=17547264 slot=17547264 nbytes=17547264 fd=O_DIRECT
  L2 want=17547264 slot=17547264 nbytes=17547264 fd=O_DIRECT
  L2 want=17547264 slot=17547264 nbytes=17547264 fd=O_DIRECT
  L2 want=17547264 slot=17547264 nbytes=17547264 fd=O_DIRECT
  L2 want=17547264 slot=17547264 nbytes=17547264 fd=O_DIRECT
  L2 want=17547264 slot=17547264 nbytes=17547264 fd=O_DIRECT
  L2 want=17547264 slot=17547264 nbytes=17547264 fd=O_DIRECT
DBG getmany L67 nw=16 wall=0.463s thr(out)1 thr(in)16 conc_peak=16 pread=0.000s [reader]
DBG getmany L66 nw=13 wall=0.741s thr(out)1 thr(in)16 conc_peak=13 pread=0.000s
DBG getmany L68 nw=14 wall=0.844s thr(out)1 thr(in)16 conc_peak=14 pread=0.000s [reader]
DBG getmany L67 nw=13 wall=0.943s thr(out)1 thr(in)16 conc_peak=13 pread=0.000s
  L2 want=17547264 slot=17547264 nbytes=17547264 fd=O_DIRECT
  L2 want=17547264 slot=17547264 nbytes=17547264 fd=O_DIRECT
  L2 want=17547264 slot=17547264 nbytes=17547264 fd=O_DIRECT
  L2 want=17547264 slot=17547264 nbytes=17547264 fd=O_DIRECT
  L2 want=17547264 slot=17547264 nbytes=17547264 fd=O_DIRECT
  L2 want=17547264 slot=17547264 nbytes=17547264 fd=O_DIRECT
  L2 want=17547264 slot=17547264 nbytes=17547264 fd=O_DIRECT
  L2 want=17547264 slot=17547264 nbytes=17547264 fd=O_DIRECT
  L2 want=17547264 slot=17547264 nbytes=17547264 fd=O_DIRECT
  L2 want=17547264 slot=17547264 nbytes=17547264 fd=O_DIRECT
  L2 want=17547264 slot=17547264 nbytes=17547264 fd=O_DIRECT
  L2 want=17547264 slot=17547264 nbytes=17547264 fd=O_DIRECT
  L2 want=17547264 slot=17547264 nbytes=17547264 fd=O_DIRECT
  L2 want=17547264 slot=17547264 nbytes=17547264 fd=O_DIRECT
  L2 want=17547264 slot=17547264 nbytes=17547264 fd=O_DIRECT
  L2 want=17547264 slot=17547264 nbytes=17547264 fd=O_DIRECT
  L2 want=17547264 slot=17547264 nbytes=17547264 fd=O_DIRECT
  L2 want=17547264 slot=17547264 nbytes=17547264 fd=O_DIRECT
  L2 want=17547264 slot=17547264 nbytes=17547264 fd=O_DIRECT
  L2 want=17547264 slot=17547264 nbytes=17547264 fd=O_DIRECT
  L2 want=17547264 slot=17547264 nbytes=17547264 fd=O_DIRECT
  L2 want=17547264 slot=17547264 nbytes=17547264 fd=O_DIRECT
  L2 want=17547264 slot=17547264 nbytes=17547264 fd=O_DIRECT
  L2 want=17547264 slot=17547264 nbytes=17547264 fd=O_DIRECT
  L2 want=17547264 slot=17547264 nbytes=17547264 fd=O_DIRECT
  L2 want=17547264 slot=17547264 nbytes=17547264 fd=O_DIRECT
  L2 want=17547264 slot=17547264 nbytes=17547264 fd=O_DIRECT
DBG getmany L69 nw=16 wall=0.902s thr(out)1 thr(in)16 conc_peak=16 pread=0.000s [reader]
DBG getmany L68 nw=11 wall=0.900s thr(out)1 thr(in)16 conc_peak=11 pread=0.000s
DBG getmany L69 nw=11 wall=0.939s thr(out)1 thr(in)16 conc_peak=11 pread=0.000s
DBG getmany L70 nw=16 wall=1.011s thr(out)1 thr(in)16 conc_peak=16 pread=0.000s [reader]
DBG getmany L71 nw=16 wall=0.566s thr(out)1 thr(in)16 conc_peak=16 pread=0.000s [reader]
DBG getmany L70 nw=11 wall=0.741s thr(out)1 thr(in)16 conc_peak=11 pread=0.000s
  L2 want=17547264 slot=17547264 nbytes=17547264 fd=O_DIRECT
  L2 want=17547264 slot=17547264 nbytes=17547264 fd=O_DIRECT
  L2 want=17547264 slot=17547264 nbytes=17547264 fd=O_DIRECT
  L2 want=17547264 slot=17547264 nbytes=17547264 fd=O_DIRECT
  L2 want=17547264 slot=17547264 nbytes=17547264 fd=O_DIRECT
  L2 want=17547264 slot=17547264 nbytes=17547264 fd=O_DIRECT
  L2 want=17547264 slot=17547264 nbytes=17547264 fd=O_DIRECT
  L2 want=17547264 slot=17547264 nbytes=17547264 fd=O_DIRECT
  L2 want=17547264 slot=17547264 nbytes=17547264 fd=O_DIRECT
  L2 want=17547264 slot=17547264 nbytes=17547264 fd=O_DIRECT
  L2 want=17547264 slot=17547264 nbytes=17547264 fd=O_DIRECT
  L2 want=17547264 slot=17547264 nbytes=17547264 fd=O_DIRECT
  L2 want=17547264 slot=17547264 nbytes=17547264 fd=O_DIRECT
  L2 want=17547264 slot=17547264 nbytes=17547264 fd=O_DIRECT
  L2 want=17547264 slot=17547264 nbytes=17547264 fd=O_DIRECT
  L2 want=17547264 slot=17547264 nbytes=17547264 fd=O_DIRECT
  L2 want=17547264 slot=17547264 nbytes=17547264 fd=O_DIRECT
  L2 want=17547264 slot=17547264 nbytes=17547264 fd=O_DIRECT
  L2 want=17547264 slot=17547264 nbytes=17547264 fd=O_DIRECT
  L2 want=17547264 slot=17547264 nbytes=17547264 fd=O_DIRECT
  L2 want=17547264 slot=17547264 nbytes=17547264 fd=O_DIRECT
  L2 want=17547264 slot=17547264 nbytes=17547264 fd=O_DIRECT
  L2 want=17547264 slot=17547264 nbytes=17547264 fd=O_DIRECT
  L2 want=17547264 slot=17547264 nbytes=17547264 fd=O_DIRECT
  L2 want=17547264 slot=17547264 nbytes=17547264 fd=O_DIRECT
  L2 want=17547264 slot=17547264 nbytes=17547264 fd=O_DIRECT
DBG getmany L72 nw=16 wall=0.690s thr(out)1 thr(in)16 conc_peak=16 pread=0.000s [reader]
DBG getmany L71 nw=10 wall=0.973s thr(out)1 thr(in)16 conc_peak=10 pread=0.000s
  L2 want=17547264 slot=17547264 nbytes=17547264 fd=O_DIRECT
  L2 want=17547264 slot=17547264 nbytes=17547264 fd=O_DIRECT
  L2 want=17547264 slot=17547264 nbytes=17547264 fd=O_DIRECT
  L2 want=17547264 slot=17547264 nbytes=17547264 fd=O_DIRECT
  L2 want=17547264 slot=17547264 nbytes=17547264 fd=O_DIRECT
  L2 want=17547264 slot=17547264 nbytes=17547264 fd=O_DIRECT
  L2 want=17547264 slot=17547264 nbytes=17547264 fd=O_DIRECT
  L2 want=17547264 slot=17547264 nbytes=17547264 fd=O_DIRECT
  L2 want=17547264 slot=17547264 nbytes=17547264 fd=O_DIRECT
  L2 want=17547264 slot=17547264 nbytes=17547264 fd=O_DIRECT
  L2 want=17547264 slot=17547264 nbytes=17547264 fd=O_DIRECT
  L2 want=17547264 slot=17547264 nbytes=17547264 fd=O_DIRECT
  L2 want=17547264 slot=17547264 nbytes=17547264 fd=O_DIRECT
  L2 want=17547264 slot=17547264 nbytes=17547264 fd=O_DIRECT
  L2 want=17547264 slot=17547264 nbytes=17547264 fd=O_DIRECT
  L2 want=17547264 slot=17547264 nbytes=17547264 fd=O_DIRECT
  L2 want=17547264 slot=17547264 nbytes=17547264 fd=O_DIRECT
  L2 want=17547264 slot=17547264 nbytes=17547264 fd=O_DIRECT
  L2 want=17547264 slot=17547264 nbytes=17547264 fd=O_DIRECT
  L2 want=17547264 slot=17547264 nbytes=17547264 fd=O_DIRECT
  L2 want=17547264 slot=17547264 nbytes=17547264 fd=O_DIRECT
  L2 want=17547264 slot=17547264 nbytes=17547264 fd=O_DIRECT
  L2 want=17547264 slot=17547264 nbytes=17547264 fd=O_DIRECT
  L2 want=17547264 slot=17547264 nbytes=17547264 fd=O_DIRECT
  L2 want=17547264 slot=17547264 nbytes=17547264 fd=O_DIRECT
  L2 want=17547264 slot=17547264 nbytes=17547264 fd=O_DIRECT
  L2 want=17547264 slot=17547264 nbytes=17547264 fd=O_DIRECT
  L2 want=17547264 slot=17547264 nbytes=17547264 fd=O_DIRECT
  L2 want=17547264 slot=17547264 nbytes=17547264 fd=O_DIRECT
  L2 want=17547264 slot=17547264 nbytes=17547264 fd=O_DIRECT
DBG getmany L73 nw=15 wall=1.023s thr(out)1 thr(in)16 conc_peak=15 pread=0.000s [reader]
DBG getmany L72 nw=15 wall=0.992s thr(out)1 thr(in)16 conc_peak=15 pread=0.000s
DBG getmany L74 nw=13 wall=0.351s thr(out)1 thr(in)16 conc_peak=13 pread=0.000s [reader]
DBG getmany L73 nw=16 wall=0.966s thr(out)1 thr(in)16 conc_peak=16 pread=0.000s
DBG getmany L75 nw=11 wall=0.627s thr(out)1 thr(in)16 conc_peak=11 pread=0.000s [reader]
DBG getmany L74 nw=16 wall=0.763s thr(out)1 thr(in)16 conc_peak=16 pread=0.000s
DBG getmany L76 nw=14 wall=0.690s thr(out)1 thr(in)16 conc_peak=14 pread=0.000s [reader]
DBG getmany L75 nw=16 wall=0.979s thr(out)1 thr(in)16 conc_peak=16 pread=0.000s
DBG getmany L77 nw=16 wall=0.992s thr(out)1 thr(in)16 conc_peak=16 pread=0.000s [reader]
DBG getmany L76 nw=16 wall=0.992s thr(out)1 thr(in)16 conc_peak=16 pread=0.000s
  L2 want=17547264 slot=17547264 nbytes=17547264 fd=O_DIRECT
  L2 want=17547264 slot=17547264 nbytes=17547264 fd=O_DIRECT
  L2 want=17547264 slot=17547264 nbytes=17547264 fd=O_DIRECT
  L2 want=17547264 slot=17547264 nbytes=17547264 fd=O_DIRECT
  L2 want=17547264 slot=17547264 nbytes=17547264 fd=O_DIRECT
  L2 want=17547264 slot=17547264 nbytes=17547264 fd=O_DIRECT
  L2 want=17547264 slot=17547264 nbytes=17547264 fd=O_DIRECT
  L2 want=17547264 slot=17547264 nbytes=17547264 fd=O_DIRECT
  L2 want=17547264 slot=17547264 nbytes=17547264 fd=O_DIRECT
  L2 want=17547264 slot=17547264 nbytes=17547264 fd=O_DIRECT
  L2 want=17547264 slot=17547264 nbytes=17547264 fd=O_DIRECT
  L2 want=17547264 slot=17547264 nbytes=17547264 fd=O_DIRECT
  L2 want=17547264 slot=17547264 nbytes=17547264 fd=O_DIRECT
  L2 want=17547264 slot=17547264 nbytes=17547264 fd=O_DIRECT
  L2 want=17547264 slot=17547264 nbytes=17547264 fd=O_DIRECT
  L2 want=17547264 slot=17547264 nbytes=17547264 fd=O_DIRECT
  L2 want=17547264 slot=17547264 nbytes=17547264 fd=O_DIRECT
  L2 want=17547264 slot=17547264 nbytes=17547264 fd=O_DIRECT
  L2 want=17547264 slot=17547264 nbytes=17547264 fd=O_DIRECT
  L2 want=17547264 slot=17547264 nbytes=17547264 fd=O_DIRECT
  L2 want=17547264 slot=17547264 nbytes=17547264 fd=O_DIRECT
  L2 want=17547264 slot=17547264 nbytes=17547264 fd=O_DIRECT
  L2 want=17547264 slot=17547264 nbytes=17547264 fd=O_DIRECT
  L2 want=17547264 slot=17547264 nbytes=17547264 fd=O_DIRECT
  L2 want=17547264 slot=17547264 nbytes=17547264 fd=O_DIRECT
  L2 want=17547264 slot=17547264 nbytes=17547264 fd=O_DIRECT
  L2 want=17547264 slot=17547264 nbytes=17547264 fd=O_DIRECT
  L2 want=17547264 slot=17547264 nbytes=17547264 fd=O_DIRECT
DBG getmany L78 nw=15 wall=0.954s thr(out)1 thr(in)16 conc_peak=15 pread=0.000s [reader]
DBG getmany L77 nw=13 wall=0.968s thr(out)1 thr(in)16 conc_peak=13 pread=0.000s
DBG getmany L79 nw=15 wall=0.783s thr(out)1 thr(in)16 conc_peak=15 pread=0.000s [reader]
DBG getmany L78 nw=15 wall=0.796s thr(out)1 thr(in)16 conc_peak=15 pread=0.000s
  L2 want=17547264 slot=17547264 nbytes=17547264 fd=O_DIRECT
  L2 want=17547264 slot=17547264 nbytes=17547264 fd=O_DIRECT
  L2 want=17547264 slot=17547264 nbytes=17547264 fd=O_DIRECT
  L2 want=17547264 slot=17547264 nbytes=17547264 fd=O_DIRECT
  L2 want=17547264 slot=17547264 nbytes=17547264 fd=O_DIRECT
  L2 want=17547264 slot=17547264 nbytes=17547264 fd=O_DIRECT
  L2 want=17547264 slot=17547264 nbytes=17547264 fd=O_DIRECT
  L2 want=17547264 slot=17547264 nbytes=17547264 fd=O_DIRECT
  L2 want=17547264 slot=17547264 nbytes=17547264 fd=O_DIRECT
  L2 want=17547264 slot=17547264 nbytes=17547264 fd=O_DIRECT
  L2 want=17547264 slot=17547264 nbytes=17547264 fd=O_DIRECT
  L2 want=17547264 slot=17547264 nbytes=17547264 fd=O_DIRECT
  L2 want=17547264 slot=17547264 nbytes=17547264 fd=O_DIRECT
  L2 want=17547264 slot=17547264 nbytes=17547264 fd=O_DIRECT
  L2 want=17547264 slot=17547264 nbytes=17547264 fd=O_DIRECT
  L2 want=17547264 slot=17547264 nbytes=17547264 fd=O_DIRECT
  L2 want=17547264 slot=17547264 nbytes=17547264 fd=O_DIRECT
  L2 want=17547264 slot=17547264 nbytes=17547264 fd=O_DIRECT
  L2 want=17547264 slot=17547264 nbytes=17547264 fd=O_DIRECT
  L2 want=17547264 slot=17547264 nbytes=17547264 fd=O_DIRECT
  L2 want=17547264 slot=17547264 nbytes=17547264 fd=O_DIRECT
  L2 want=17547264 slot=17547264 nbytes=17547264 fd=O_DIRECT
  L2 want=17547264 slot=17547264 nbytes=17547264 fd=O_DIRECT
  L2 want=17547264 slot=17547264 nbytes=17547264 fd=O_DIRECT
  L2 want=17547264 slot=17547264 nbytes=17547264 fd=O_DIRECT
  L2 want=17547264 slot=17547264 nbytes=17547264 fd=O_DIRECT
  L2 want=17547264 slot=17547264 nbytes=17547264 fd=O_DIRECT
  L2 want=17547264 slot=17547264 nbytes=17547264 fd=O_DIRECT
DBG getmany L80 nw=14 wall=0.901s thr(out)1 thr(in)16 conc_peak=14 pread=0.000s [reader]
DBG getmany L79 nw=14 wall=0.955s thr(out)1 thr(in)16 conc_peak=14 pread=0.000s
DBG getmany L81 nw=14 wall=0.734s thr(out)1 thr(in)16 conc_peak=14 pread=0.000s [reader]
DBG getmany L80 nw=16 wall=0.935s thr(out)1 thr(in)16 conc_peak=16 pread=0.000s
  L2 want=17547264 slot=17547264 nbytes=17547264 fd=O_DIRECT
  L2 want=17547264 slot=17547264 nbytes=17547264 fd=O_DIRECT
  L2 want=17547264 slot=17547264 nbytes=17547264 fd=O_DIRECT
  L2 want=17547264 slot=17547264 nbytes=17547264 fd=O_DIRECT
  L2 want=17547264 slot=17547264 nbytes=17547264 fd=O_DIRECT
  L2 want=17547264 slot=17547264 nbytes=17547264 fd=O_DIRECT
  L2 want=17547264 slot=17547264 nbytes=17547264 fd=O_DIRECT
  L2 want=17547264 slot=17547264 nbytes=17547264 fd=O_DIRECT
  L2 want=17547264 slot=17547264 nbytes=17547264 fd=O_DIRECT
  L2 want=17547264 slot=17547264 nbytes=17547264 fd=O_DIRECT
  L2 want=17547264 slot=17547264 nbytes=17547264 fd=O_DIRECT
  L2 want=17547264 slot=17547264 nbytes=17547264 fd=O_DIRECT
  L2 want=17547264 slot=17547264 nbytes=17547264 fd=O_DIRECT
  L2 want=17547264 slot=17547264 nbytes=17547264 fd=O_DIRECT
  L2 want=17547264 slot=17547264 nbytes=17547264 fd=O_DIRECT
  L2 want=17547264 slot=17547264 nbytes=17547264 fd=O_DIRECT
  L2 want=17547264 slot=17547264 nbytes=17547264 fd=O_DIRECT
  L2 want=17547264 slot=17547264 nbytes=17547264 fd=O_DIRECT
  L2 want=17547264 slot=17547264 nbytes=17547264 fd=O_DIRECT
  L2 want=17547264 slot=17547264 nbytes=17547264 fd=O_DIRECT
  L2 want=17547264 slot=17547264 nbytes=17547264 fd=O_DIRECT
  L2 want=17547264 slot=17547264 nbytes=17547264 fd=O_DIRECT
  L2 want=17547264 slot=17547264 nbytes=17547264 fd=O_DIRECT
  L2 want=17547264 slot=17547264 nbytes=17547264 fd=O_DIRECT
  L2 want=17547264 slot=17547264 nbytes=17547264 fd=O_DIRECT
  L2 want=17547264 slot=17547264 nbytes=17547264 fd=O_DIRECT
  L2 want=17547264 slot=17547264 nbytes=17547264 fd=O_DIRECT
DBG getmany L82 nw=14 wall=0.689s thr(out)1 thr(in)16 conc_peak=14 pread=0.000s [reader]
DBG getmany L81 nw=13 wall=0.972s thr(out)1 thr(in)16 conc_peak=13 pread=0.000s
  L2 want=17547264 slot=17547264 nbytes=17547264 fd=O_DIRECT
  L2 want=17547264 slot=17547264 nbytes=17547264 fd=O_DIRECT
  L2 want=17547264 slot=17547264 nbytes=17547264 fd=O_DIRECT
  L2 want=17547264 slot=17547264 nbytes=17547264 fd=O_DIRECT
  L2 want=17547264 slot=17547264 nbytes=17547264 fd=O_DIRECT
  L2 want=17547264 slot=17547264 nbytes=17547264 fd=O_DIRECT
  L2 want=17547264 slot=17547264 nbytes=17547264 fd=O_DIRECT
  L2 want=17547264 slot=17547264 nbytes=17547264 fd=O_DIRECT
  L2 want=17547264 slot=17547264 nbytes=17547264 fd=O_DIRECT
  L2 want=17547264 slot=17547264 nbytes=17547264 fd=O_DIRECT
  L2 want=17547264 slot=17547264 nbytes=17547264 fd=O_DIRECT
  L2 want=17547264 slot=17547264 nbytes=17547264 fd=O_DIRECT
  L2 want=17547264 slot=17547264 nbytes=17547264 fd=O_DIRECT
  L2 want=17547264 slot=17547264 nbytes=17547264 fd=O_DIRECT
  L2 want=17547264 slot=17547264 nbytes=17547264 fd=O_DIRECT
  L2 want=17547264 slot=17547264 nbytes=17547264 fd=O_DIRECT
  L2 want=17547264 slot=17547264 nbytes=17547264 fd=O_DIRECT
  L2 want=17547264 slot=17547264 nbytes=17547264 fd=O_DIRECT
  L2 want=17547264 slot=17547264 nbytes=17547264 fd=O_DIRECT
DBG getmany L83 nw=5 wall=0.624s thr(out)1 thr(in)16 conc_peak=5 pread=0.000s [reader]
DBG getmany L82 nw=14 wall=0.630s thr(out)1 thr(in)16 conc_peak=14 pread=0.000s
DBG getmany L84 nw=11 wall=0.271s thr(out)1 thr(in)16 conc_peak=11 pread=0.000s [reader]
DBG getmany L83 nw=12 wall=0.875s thr(out)1 thr(in)16 conc_peak=12 pread=0.000s
DBG getmany L85 nw=11 wall=0.447s thr(out)1 thr(in)16 conc_peak=11 pread=0.000s [reader]
DBG getmany L84 nw=10 wall=0.812s thr(out)1 thr(in)16 conc_peak=10 pread=0.000s
  L2 want=17547264 slot=17547264 nbytes=17547264 fd=O_DIRECT
  L2 want=17547264 slot=17547264 nbytes=17547264 fd=O_DIRECT
  L2 want=17547264 slot=17547264 nbytes=17547264 fd=O_DIRECT
  L2 want=17547264 slot=17547264 nbytes=17547264 fd=O_DIRECT
  L2 want=17547264 slot=17547264 nbytes=17547264 fd=O_DIRECT
  L2 want=17547264 slot=17547264 nbytes=17547264 fd=O_DIRECT
  L2 want=17547264 slot=17547264 nbytes=17547264 fd=O_DIRECT
  L2 want=17547264 slot=17547264 nbytes=17547264 fd=O_DIRECT
  L2 want=17547264 slot=17547264 nbytes=17547264 fd=O_DIRECT
  L2 want=17547264 slot=17547264 nbytes=17547264 fd=O_DIRECT
  L2 want=17547264 slot=17547264 nbytes=17547264 fd=O_DIRECT
  L2 want=17547264 slot=17547264 nbytes=17547264 fd=O_DIRECT
  L2 want=17547264 slot=17547264 nbytes=17547264 fd=O_DIRECT
  L2 want=17547264 slot=17547264 nbytes=17547264 fd=O_DIRECT
  L2 want=17547264 slot=17547264 nbytes=17547264 fd=O_DIRECT
  L2 want=17547264 slot=17547264 nbytes=17547264 fd=O_DIRECT
  L2 want=17547264 slot=17547264 nbytes=17547264 fd=O_DIRECT
  L2 want=17547264 slot=17547264 nbytes=17547264 fd=O_DIRECT
  L2 want=17547264 slot=17547264 nbytes=17547264 fd=O_DIRECT
  L2 want=17547264 slot=17547264 nbytes=17547264 fd=O_DIRECT
DBG getmany L86 nw=11 wall=0.691s thr(out)1 thr(in)16 conc_peak=11 pread=0.000s [reader]
DBG getmany L85 nw=9 wall=0.791s thr(out)1 thr(in)16 conc_peak=9 pread=0.000s
  L2 want=17547264 slot=17547264 nbytes=17547264 fd=O_DIRECT
  L2 want=17547264 slot=17547264 nbytes=17547264 fd=O_DIRECT
  L2 want=17547264 slot=17547264 nbytes=17547264 fd=O_DIRECT
  L2 want=17547264 slot=17547264 nbytes=17547264 fd=O_DIRECT
  L2 want=17547264 slot=17547264 nbytes=17547264 fd=O_DIRECT
  L2 want=17547264 slot=17547264 nbytes=17547264 fd=O_DIRECT
  L2 want=17547264 slot=17547264 nbytes=17547264 fd=O_DIRECT
  L2 want=17547264 slot=17547264 nbytes=17547264 fd=O_DIRECT
  L2 want=17547264 slot=17547264 nbytes=17547264 fd=O_DIRECT
  L2 want=17547264 slot=17547264 nbytes=17547264 fd=O_DIRECT
  L2 want=17547264 slot=17547264 nbytes=17547264 fd=O_DIRECT
  L2 want=17547264 slot=17547264 nbytes=17547264 fd=O_DIRECT
  L2 want=17547264 slot=17547264 nbytes=17547264 fd=O_DIRECT
  L2 want=17547264 slot=17547264 nbytes=17547264 fd=O_DIRECT
  L2 want=17547264 slot=17547264 nbytes=17547264 fd=O_DIRECT
  L2 want=17547264 slot=17547264 nbytes=17547264 fd=O_DIRECT
  L2 want=17547264 slot=17547264 nbytes=17547264 fd=O_DIRECT
  L2 want=17547264 slot=17547264 nbytes=17547264 fd=O_DIRECT
  L2 want=17547264 slot=17547264 nbytes=17547264 fd=O_DIRECT
  L2 want=17547264 slot=17547264 nbytes=17547264 fd=O_DIRECT
  L2 want=17547264 slot=17547264 nbytes=17547264 fd=O_DIRECT
  L2 want=17547264 slot=17547264 nbytes=17547264 fd=O_DIRECT
DBG getmany L87 nw=10 wall=0.637s thr(out)1 thr(in)16 conc_peak=10 pread=0.000s [reader]
DBG getmany L86 nw=12 wall=0.654s thr(out)1 thr(in)16 conc_peak=12 pread=0.000s
  L2 want=17547264 slot=17547264 nbytes=17547264 fd=O_DIRECT
  L2 want=17547264 slot=17547264 nbytes=17547264 fd=O_DIRECT
  L2 want=17547264 slot=17547264 nbytes=17547264 fd=O_DIRECT
  L2 want=17547264 slot=17547264 nbytes=17547264 fd=O_DIRECT
  L2 want=17547264 slot=17547264 nbytes=17547264 fd=O_DIRECT
  L2 want=17547264 slot=17547264 nbytes=17547264 fd=O_DIRECT
  L2 want=17547264 slot=17547264 nbytes=17547264 fd=O_DIRECT
  L2 want=17547264 slot=17547264 nbytes=17547264 fd=O_DIRECT
  L2 want=17547264 slot=17547264 nbytes=17547264 fd=O_DIRECT
  L2 want=17547264 slot=17547264 nbytes=17547264 fd=O_DIRECT
  L2 want=17547264 slot=17547264 nbytes=17547264 fd=O_DIRECT
  L2 want=17547264 slot=17547264 nbytes=17547264 fd=O_DIRECT
  L2 want=17547264 slot=17547264 nbytes=17547264 fd=O_DIRECT
  L2 want=17547264 slot=17547264 nbytes=17547264 fd=O_DIRECT
  L2 want=17547264 slot=17547264 nbytes=17547264 fd=O_DIRECT
  L2 want=17547264 slot=17547264 nbytes=17547264 fd=O_DIRECT
  L2 want=17547264 slot=17547264 nbytes=17547264 fd=O_DIRECT
  L2 want=17547264 slot=17547264 nbytes=17547264 fd=O_DIRECT
  L2 want=17547264 slot=17547264 nbytes=17547264 fd=O_DIRECT
DBG getmany L88 nw=8 wall=0.523s thr(out)1 thr(in)16 conc_peak=8 pread=0.000s [reader]
DBG getmany L87 nw=11 wall=0.806s thr(out)1 thr(in)16 conc_peak=11 pread=0.000s
  L2 want=17547264 slot=17547264 nbytes=17547264 fd=O_DIRECT
  L2 want=17547264 slot=17547264 nbytes=17547264 fd=O_DIRECT
  L2 want=17547264 slot=17547264 nbytes=17547264 fd=O_DIRECT
  L2 want=17547264 slot=17547264 nbytes=17547264 fd=O_DIRECT
  L2 want=17547264 slot=17547264 nbytes=17547264 fd=O_DIRECT
  L2 want=17547264 slot=17547264 nbytes=17547264 fd=O_DIRECT
  L2 want=17547264 slot=17547264 nbytes=17547264 fd=O_DIRECT
  L2 want=17547264 slot=17547264 nbytes=17547264 fd=O_DIRECT
  L2 want=17547264 slot=17547264 nbytes=17547264 fd=O_DIRECT
  L2 want=17547264 slot=17547264 nbytes=17547264 fd=O_DIRECT
  L2 want=17547264 slot=17547264 nbytes=17547264 fd=O_DIRECT
  L2 want=17547264 slot=17547264 nbytes=17547264 fd=O_DIRECT
  L2 want=17547264 slot=17547264 nbytes=17547264 fd=O_DIRECT
  L2 want=17547264 slot=17547264 nbytes=17547264 fd=O_DIRECT
  L2 want=17547264 slot=17547264 nbytes=17547264 fd=O_DIRECT
  L2 want=17547264 slot=17547264 nbytes=17547264 fd=O_DIRECT
  L2 want=17547264 slot=17547264 nbytes=17547264 fd=O_DIRECT
  L2 want=17547264 slot=17547264 nbytes=17547264 fd=O_DIRECT
  L2 want=17547264 slot=17547264 nbytes=17547264 fd=O_DIRECT
  L2 want=17547264 slot=17547264 nbytes=17547264 fd=O_DIRECT
DBG getmany L89 nw=8 wall=0.822s thr(out)1 thr(in)16 conc_peak=8 pread=0.000s [reader]
DBG getmany L88 nw=12 wall=0.825s thr(out)1 thr(in)16 conc_peak=12 pread=0.000s
  L2 want=17547264 slot=17547264 nbytes=17547264 fd=O_DIRECT
  L2 want=17547264 slot=17547264 nbytes=17547264 fd=O_DIRECT
  L2 want=17547264 slot=17547264 nbytes=17547264 fd=O_DIRECT
  L2 want=17547264 slot=17547264 nbytes=17547264 fd=O_DIRECT
  L2 want=17547264 slot=17547264 nbytes=17547264 fd=O_DIRECT
  L2 want=17547264 slot=17547264 nbytes=17547264 fd=O_DIRECT
  L2 want=17547264 slot=17547264 nbytes=17547264 fd=O_DIRECT
  L2 want=17547264 slot=17547264 nbytes=17547264 fd=O_DIRECT
  L2 want=17547264 slot=17547264 nbytes=17547264 fd=O_DIRECT
  L2 want=17547264 slot=17547264 nbytes=17547264 fd=O_DIRECT
  L2 want=17547264 slot=17547264 nbytes=17547264 fd=O_DIRECT
  L2 want=17547264 slot=17547264 nbytes=17547264 fd=O_DIRECT
  L2 want=17547264 slot=17547264 nbytes=17547264 fd=O_DIRECT
  L2 want=17547264 slot=17547264 nbytes=17547264 fd=O_DIRECT
  L2 want=17547264 slot=17547264 nbytes=17547264 fd=O_DIRECT
  L2 want=17547264 slot=17547264 nbytes=17547264 fd=O_DIRECT
  L2 want=17547264 slot=17547264 nbytes=17547264 fd=O_DIRECT
  L2 want=17547264 slot=17547264 nbytes=17547264 fd=O_DIRECT
  L2 want=17547264 slot=17547264 nbytes=17547264 fd=O_DIRECT
  L2 want=17547264 slot=17547264 nbytes=17547264 fd=O_DIRECT
  L2 want=17547264 slot=17547264 nbytes=17547264 fd=O_DIRECT
DBG getmany L90 nw=9 wall=0.648s thr(out)1 thr(in)16 conc_peak=9 pread=0.000s [reader]
DBG getmany L89 nw=12 wall=0.895s thr(out)1 thr(in)16 conc_peak=12 pread=0.000s
  L2 want=17547264 slot=17547264 nbytes=17547264 fd=O_DIRECT
  L2 want=17547264 slot=17547264 nbytes=17547264 fd=O_DIRECT
  L2 want=17547264 slot=17547264 nbytes=17547264 fd=O_DIRECT
  L2 want=17547264 slot=17547264 nbytes=17547264 fd=O_DIRECT
  L2 want=17547264 slot=17547264 nbytes=17547264 fd=O_DIRECT
  L2 want=17547264 slot=17547264 nbytes=17547264 fd=O_DIRECT
  L2 want=17547264 slot=17547264 nbytes=17547264 fd=O_DIRECT
  L2 want=17547264 slot=17547264 nbytes=17547264 fd=O_DIRECT
  L2 want=17547264 slot=17547264 nbytes=17547264 fd=O_DIRECT
  L2 want=17547264 slot=17547264 nbytes=17547264 fd=O_DIRECT
  L2 want=17547264 slot=17547264 nbytes=17547264 fd=O_DIRECT
  L2 want=17547264 slot=17547264 nbytes=17547264 fd=O_DIRECT
  L2 want=17547264 slot=17547264 nbytes=17547264 fd=O_DIRECT
  L2 want=17547264 slot=17547264 nbytes=17547264 fd=O_DIRECT
  L2 want=17547264 slot=17547264 nbytes=17547264 fd=O_DIRECT
  L2 want=17547264 slot=17547264 nbytes=17547264 fd=O_DIRECT
  L2 want=17547264 slot=17547264 nbytes=17547264 fd=O_DIRECT
  L2 want=17547264 slot=17547264 nbytes=17547264 fd=O_DIRECT
  L2 want=17547264 slot=17547264 nbytes=17547264 fd=O_DIRECT
  L2 want=17547264 slot=17547264 nbytes=17547264 fd=O_DIRECT
  L2 want=17547264 slot=17547264 nbytes=17547264 fd=O_DIRECT
  L2 want=17547264 slot=17547264 nbytes=17547264 fd=O_DIRECT
  L2 want=17547264 slot=17547264 nbytes=17547264 fd=O_DIRECT
DBG getmany L90 nw=12 wall=0.683s thr(out)1 thr(in)16 conc_peak=12 pread=0.000s
DBG getmany L91 nw=11 wall=0.758s thr(out)1 thr(in)16 conc_peak=11 pread=0.000s [reader]
DBG getmany L92 nw=9 wall=0.617s thr(out)1 thr(in)16 conc_peak=9 pread=0.000s [reader]
DBG getmany L91 nw=12 wall=0.658s thr(out)1 thr(in)16 conc_peak=12 pread=0.000s
  L2 want=17547264 slot=17547264 nbytes=17547264 fd=O_DIRECT
  L2 want=17547264 slot=17547264 nbytes=17547264 fd=O_DIRECT
  L2 want=17547264 slot=17547264 nbytes=17547264 fd=O_DIRECT
  L2 want=17547264 slot=17547264 nbytes=17547264 fd=O_DIRECT
  L2 want=17547264 slot=17547264 nbytes=17547264 fd=O_DIRECT
  L2 want=17547264 slot=17547264 nbytes=17547264 fd=O_DIRECT
  L2 want=17547264 slot=17547264 nbytes=17547264 fd=O_DIRECT
  L2 want=17547264 slot=17547264 nbytes=17547264 fd=O_DIRECT
  L2 want=17547264 slot=17547264 nbytes=17547264 fd=O_DIRECT
  L2 want=17547264 slot=17547264 nbytes=17547264 fd=O_DIRECT
  L2 want=17547264 slot=17547264 nbytes=17547264 fd=O_DIRECT
  L2 want=17547264 slot=17547264 nbytes=17547264 fd=O_DIRECT
DBG getmany L92 nw=12 wall=0.183s thr(out)1 thr(in)16 conc_peak=12 pread=0.000s
2      24         84.93        100.0      41.90      0.012
  L2   resident=6779/14589 slots hit=100.0% read=115.23GB write=0.00GB
--------------------------------------------------------------------
3 tokens in 378.6 s, 126.19 s/token average
PEAK RSS for the whole run: 41.88 GB   <- quote this, not the plan
layers completed: 93/93; routed expert drops: 0


[chip] simulated MXFP4 GEMV bill over 4 tokens
  4416 expert chains | 291722231808 flops | 77488717824 bytes (77.49 GB)
  per token: 1104 chains | 19.37 GB | 0.07 Gflops
  compute wall @ 4 TFLOPS : 0.07 s (18.23 ms/token)
  bandwidth wall @ 200 GB/s : 0.39 s (96.86 ms/token)
  -> bandwidth-bound; to be compute-bound at 4 TFLOPS this needs 1062 GB/s
  expert fetch (host wall, measured): 315.35 s moving 77.49 GB = 0 GB/s
  chip pool wall (measured): 22.79 s

cache [final step]
  slots        : 1367 of 17.56 MB = 24.00 GB arena (1367 resident, 0 pinned)
  requests     : 1472  hits 1472 (100.00%)  misses 0  evictions 2388
  of those hits : 2388 came from the batch prefetch, i.e. read from disk
                  this token; TRUE resident hit rate 0.00%
  read from disk: 41.90 GB in 125.00 s (335 MB/s while loading)
  phase2 i/o    : 41.92 GB in 125.00 s (335 MB/s)  [pure parallel disk read]
  prefetch      : issued 1235  LATE 0  survival 21.7% (319/1472 prev-token routed experts still resident)
l2cache [final step]
  requests     : 6567  hits 6567 (100.00%)  misses 0
  read  from sdd7: 115.23 GB, written 0.00 GB
  fd split  : 6072 O_DIRECT, 0 BUFFERED (0.00% buffered)
  hit I/O   : 115.23 GB in 0.00 s (wall) = 0 MB/s [pread 4493.34 s, 26 MB/s per-thread]
  miss I/O  : 0 misses, 0.00 GB from /model in 0.00 s (wall) = 0 MB/s
  restored from meta: 6779 slots
kio tier0: 6815 reqs, 262.93 GB, device 62 MB/s | queue 469.3 s (11.1% of req time), submit-lock 5.4 s, worker-lock 0.1 s, idle 0.2 s

wrote reports/gateab_ab/v54_arena/B_24_24_pf1_r1-20260930_144814/ctrl.json
I/O share of wall clock: 164.4%  (trunk 201.0 s + experts 421.2 s of 378.6 s)
  both figures are WHOLE-RUN totals over 3 steps
  expert phase split: phase1 SERIAL reserve 0.2 s (828 calls) vs phase2 read 421.2 s
  over 100% because trunk reads overlap compute on the reader thread;
  243.6 s of device time was hidden behind arithmetic
  experts, whole run: 115.23 GB read | 0 of 4416 requests retained in RAM (0.00%) | 5200 evictions
    (retention = requests - evictions; the raw `hits` counter includes
     experts the prefetcher had just read from disk, so it is not a
     measure of avoided I/O)

trunk [final]
  pinned 15/93 layers, ring 2 slots
  binds 279, hits 30 (10.8%), reads 249
  read 148.34 GB in 201.01 s (738 MB/s pread)
  per-layer loads [L]=count: 0=1 1=1 2=1 3=1 4=1 5=1 6=1 7=1 8=1 9=1 10=1 11=1 12=1 13=1 14=1 15=3 16=3 17=3 18=3 19=3 20=3 21=3 22=3 23=3 24=3 25=3 26=3 27=3 28=3 29=3 30=3 31=3 32=3 33=3 34=3 35=3 36=3 37=3 38=3 39=3 40=3 41=3 42=3 43=3 44=3 45=3 46=3 47=3 48=3 49=3 50=3 51=3 52=3 53=3 54=3 55=3 56=3 57=3 58=3 59=3 60=3 61=3 62=3 63=3 64=3 65=3 66=3 67=3 68=3 69=3 70=3 71=3 72=3 73=3 74=3 75=3 76=3 77=3 78=3 79=3 80=3 81=3 82=3 83=3 84=3 85=3 86=3 87=3 88=3 89=3 90=3 91=3 92=3
  bind wall 14.14 s over 279 binds; read 201.01 + widen 1.29 = 202.30 s of device work,
                    of which 188.16 s (93%) overlapped compute on the reader thread
  widen breakdown: find 3 ms (7365)  copy 0 ms (3444)  deq 1281 ms (2370)  timed 1 s of widen 1.29 s
