token,layer,phase,t0,t1,dur_s,bytes,l1_hit,l1_miss,l2_hit,l2_miss
0,0,trunk,348.147693,350.580196,2.432503,2341216256,0,1,0,0
0,0,compute,350.580198,350.696422,0.116224,0,0,0,0,0
0,1,trunk,350.696424,351.340501,0.644077,645562368,-1,1,0,0
0,1,widen,351.390523,351.390607,0.000085,0,0,0,0,0
0,1,expert,351.390608,351.595281,0.204673,280887296,0,0,16,0
0,1,compute,351.340503,351.695764,0.355261,0,0,0,0,0
0,2,trunk,351.695766,352.506382,0.810616,645562368,-2,1,0,0
0,2,widen,352.566588,352.566813,0.000225,0,0,0,0,0
0,2,expert,352.566814,352.750168,0.183354,280887296,0,0,16,0
0,2,compute,352.506384,352.866353,0.359969,0,0,0,0,0
0,3,trunk,352.866355,353.290693,0.424339,431890432,-3,1,0,0
0,3,widen,353.331969,353.332099,0.000130,0,0,0,0,0
0,3,expert,353.332099,353.524181,0.192082,280887296,0,0,16,0
0,3,compute,353.290696,353.622163,0.331466,0,0,0,0,0
0,4,trunk,353.622164,354.163034,0.540871,645562368,-4,1,0,0
0,4,widen,354.224720,354.224809,0.000089,0,0,0,0,0
0,4,expert,354.224810,354.420413,0.195603,280887296,0,0,16,0
0,4,compute,354.163037,354.538285,0.375249,0,0,0,0,0
0,5,trunk,354.538287,355.184707,0.646420,645562368,-5,1,0,0
0,5,widen,355.228166,355.228256,0.000090,0,0,0,0,0
0,5,expert,355.228256,355.418073,0.189817,280887296,0,0,16,0
0,5,compute,355.184709,355.538298,0.353589,0,0,0,0,0
0,6,trunk,355.538300,356.173851,0.635551,645562368,-6,1,0,0
0,6,widen,356.248378,356.248477,0.000099,0,0,0,0,0
0,6,expert,356.248478,356.445020,0.196543,280887296,0,0,16,0
0,6,compute,356.173853,356.558237,0.384384,0,0,0,0,0
0,7,trunk,356.558239,356.979242,0.421003,431890432,-7,1,0,0
0,7,widen,357.001427,357.001529,0.000101,0,0,0,0,0
0,7,expert,357.001530,357.196885,0.195355,280887296,0,0,16,0
0,7,compute,356.979244,357.296000,0.316756,0,0,0,0,0
0,8,trunk,357.296042,357.902220,0.606178,645562368,-8,1,0,0
0,8,widen,357.965390,357.965485,0.000095,0,0,0,0,0
0,8,expert,357.965486,358.164964,0.199478,280887296,0,0,16,0
0,8,compute,357.902223,358.286229,0.384006,0,0,0,0,0
0,9,trunk,358.286230,358.984179,0.697949,645562368,-9,1,0,0
0,9,widen,359.031357,359.031459,0.000102,0,0,0,0,0
0,9,expert,359.031460,359.226707,0.195247,280887296,0,0,16,0
0,9,compute,358.984182,359.342228,0.358046,0,0,0,0,0
0,10,trunk,359.342229,360.079096,0.736867,645562368,-10,1,0,0
0,10,widen,360.117796,360.117898,0.000102,0,0,0,0,0
0,10,expert,360.117899,360.316418,0.198519,280887296,0,0,16,0
0,10,compute,360.079098,360.435001,0.355903,0,0,0,0,0
0,11,trunk,360.435003,360.893599,0.458596,431890432,-11,1,0,0
0,11,widen,360.977313,360.977415,0.000102,0,0,0,0,0
0,11,expert,360.977415,361.170527,0.193112,280887296,0,0,16,0
0,11,compute,360.893602,361.286508,0.392907,0,0,0,0,0
0,12,trunk,361.286510,361.955595,0.669085,645562368,-12,1,0,0
0,12,widen,362.016147,362.016257,0.000110,0,0,0,0,0
0,12,expert,362.016258,362.211605,0.195348,280887296,0,0,16,0
0,12,compute,361.955597,362.322221,0.366624,0,0,0,0,0
0,13,trunk,362.322223,363.041369,0.719146,645562368,-13,1,0,0
0,13,widen,363.114952,363.115060,0.000108,0,0,0,0,0
0,13,expert,363.115061,363.316051,0.200990,280887296,0,0,16,0
0,13,compute,363.041372,363.434203,0.392832,0,0,0,0,0
0,14,trunk,363.434204,364.252615,0.818410,645562368,-14,1,0,0
0,14,widen,364.316671,364.316782,0.000111,0,0,0,0,0
0,14,expert,364.316783,364.518321,0.201538,280887296,0,0,16,0
0,14,compute,364.252618,364.630181,0.377563,0,0,0,0,0
0,15,trunk,364.630182,365.085329,0.455147,431890432,-15,1,0,0
0,15,widen,365.115092,365.115204,0.000112,0,0,0,0,0
0,15,expert,365.115205,365.316221,0.201017,280887296,0,0,16,0
0,15,compute,365.085331,365.413125,0.327794,0,0,0,0,0
0,16,trunk,365.413126,366.225520,0.812394,645562368,-16,1,0,0
0,16,widen,366.284256,366.284369,0.000114,0,0,0,0,0
0,16,expert,366.284370,366.484452,0.200082,280887296,0,0,16,0
0,16,compute,366.225537,366.610269,0.384732,0,0,0,0,0
0,17,trunk,366.610270,367.408233,0.797963,645562368,-17,1,0,0
0,17,widen,367.468241,367.468353,0.000112,0,0,0,0,0
0,17,expert,367.468378,367.670592,0.202214,280887296,0,0,16,0
0,17,compute,367.408235,367.782177,0.373942,0,0,0,0,0
0,18,trunk,367.782178,368.520493,0.738315,645562368,-18,1,0,0
0,18,widen,368.582951,368.583069,0.000118,0,0,0,0,0
0,18,expert,368.583070,368.778074,0.195003,280887296,0,0,16,0
0,18,compute,368.520495,368.926156,0.405661,0,0,0,0,0
0,19,trunk,368.926157,369.473693,0.547535,431890432,-19,1,0,0
0,19,widen,369.508067,369.508211,0.000144,0,0,0,0,0
0,19,expert,369.508212,369.717865,0.209653,280887296,0,0,16,0
0,19,compute,369.473695,369.827955,0.354260,0,0,0,0,0
0,20,trunk,369.827956,370.667953,0.839997,645562368,-20,1,0,0
0,20,widen,370.724688,370.724801,0.000113,0,0,0,0,0
0,20,expert,370.724802,370.935108,0.210306,280887296,0,0,16,0
0,20,compute,370.667956,371.054397,0.386442,0,0,0,0,0
0,21,trunk,371.054399,371.585637,0.531239,645562368,-21,1,0,0
0,21,widen,371.709293,371.709428,0.000135,0,0,0,0,0
0,21,expert,371.709429,371.925660,0.216231,280887296,0,0,16,0
0,21,compute,371.585680,372.042179,0.456499,0,0,0,0,0
0,22,trunk,372.042181,372.516458,0.474277,645562368,-22,1,0,0
0,22,widen,372.641426,372.641810,0.000383,0,0,0,0,0
0,22,expert,372.641811,372.886010,0.244199,280887296,0,0,16,0
0,22,compute,372.516501,372.998180,0.481679,0,0,0,0,0
0,23,trunk,372.998182,373.055189,0.057007,431890432,-23,1,0,0
0,23,widen,373.090962,373.091090,0.000128,0,0,0,0,0
0,23,expert,373.091091,373.583469,0.492378,280887296,0,0,16,0
0,23,compute,373.055232,373.690382,0.635150,0,0,0,0,0
0,24,trunk,373.690384,373.694318,0.003934,645562368,-24,1,0,0
0,24,widen,373.773005,373.773188,0.000183,0,0,0,0,0
0,24,expert,373.773190,374.311441,0.538251,280887296,0,0,16,0
0,24,compute,373.694344,374.410023,0.715680,0,0,0,0,0
0,25,trunk,374.410025,374.435400,0.025375,645562368,-25,1,0,0
0,25,widen,374.513123,374.513253,0.000130,0,0,0,0,0
0,25,expert,374.513254,375.025470,0.512216,280887296,0,0,16,0
0,25,compute,374.435448,375.146695,0.711247,0,0,0,0,0
0,26,trunk,375.146698,375.150808,0.004110,645562368,-26,1,0,0
0,26,widen,375.216041,375.216169,0.000129,0,0,0,0,0
0,26,expert,375.216170,375.594377,0.378207,280887296,0,0,16,0
0,26,compute,375.150832,375.710753,0.559921,0,0,0,0,0
0,27,trunk,375.710756,375.714718,0.003962,431890432,-27,1,0,0
0,27,widen,375.761352,375.761497,0.000145,0,0,0,0,0
0,27,expert,375.761497,376.241035,0.479538,280887296,0,0,16,0
0,27,compute,375.714740,376.359082,0.644342,0,0,0,0,0
0,28,trunk,376.359084,376.362771,0.003688,645562368,-28,1,0,0
0,28,widen,376.433692,376.433830,0.000138,0,0,0,0,0
0,28,expert,376.433831,376.888803,0.454972,280887296,0,0,16,0
0,28,compute,376.362797,377.006203,0.643406,0,0,0,0,0
0,29,trunk,377.006206,377.009980,0.003774,645562368,-29,1,0,0
0,29,widen,377.064891,377.065032,0.000140,0,0,0,0,0
0,29,expert,377.065032,377.572389,0.507357,280887296,0,0,16,0
0,29,compute,377.010003,377.674072,0.664070,0,0,0,0,0
0,30,trunk,377.674074,377.677719,0.003645,645562368,-30,1,0,0
0,30,widen,377.747487,377.747628,0.000141,0,0,0,0,0
0,30,expert,377.747629,378.136496,0.388867,280887296,0,0,16,0
0,30,compute,377.677758,378.256959,0.579201,0,0,0,0,0
0,31,trunk,378.256961,378.260813,0.003852,431890432,-31,1,0,0
0,31,widen,378.301095,378.301254,0.000159,0,0,0,0,0
0,31,expert,378.301255,378.856261,0.555006,280887296,0,0,16,0
0,31,compute,378.260843,378.974432,0.713589,0,0,0,0,0
0,32,trunk,378.974434,378.978132,0.003698,645562368,-32,1,0,0
0,32,widen,379.051308,379.051467,0.000159,0,0,0,0,0
0,32,expert,379.051468,379.578682,0.527214,280887296,0,0,16,0
0,32,compute,378.978177,379.698572,0.720395,0,0,0,0,0
0,33,trunk,379.698574,379.702492,0.003918,645562368,-33,1,0,0
0,33,widen,379.771373,379.771535,0.000162,0,0,0,0,0
0,33,expert,379.771536,380.327171,0.555635,280887296,0,0,16,0
0,33,compute,379.702551,380.420653,0.718102,0,0,0,0,0
0,34,trunk,380.420655,380.424497,0.003842,645562368,-34,1,0,0
0,34,widen,380.496898,380.497035,0.000137,0,0,0,0,0
0,34,expert,380.497036,380.879539,0.382503,280887296,0,0,16,0
0,34,compute,380.424532,380.983452,0.558920,0,0,0,0,0
0,35,trunk,380.983454,380.987343,0.003889,431890432,-35,1,0,0
0,35,widen,381.031068,381.031316,0.000249,0,0,0,0,0
0,35,expert,381.031317,381.604084,0.572767,280887296,0,0,16,0
0,35,compute,380.987386,381.722448,0.735062,0,0,0,0,0
0,36,trunk,381.722450,381.726218,0.003768,645562368,-36,1,0,0
0,36,widen,381.792258,381.792417,0.000159,0,0,0,0,0
0,36,expert,381.792418,382.348315,0.555898,280887296,0,0,16,0
0,36,compute,381.726354,382.470257,0.743902,0,0,0,0,0
0,37,trunk,382.470259,382.473794,0.003535,645562368,-37,1,0,0
0,37,widen,382.539548,382.539835,0.000287,0,0,0,0,0
0,37,expert,382.539836,383.076036,0.536201,280887296,0,0,16,0
0,37,compute,382.473822,383.178352,0.704530,0,0,0,0,0
0,38,trunk,383.178354,383.182011,0.003657,645562368,-38,1,0,0
0,38,widen,383.253271,383.253440,0.000169,0,0,0,0,0
0,38,expert,383.253441,383.643673,0.390232,280887296,0,0,16,0
0,38,compute,383.182049,383.765172,0.583123,0,0,0,0,0
0,39,trunk,383.765175,383.769488,0.004313,431890432,-39,1,0,0
0,39,widen,383.820627,383.820798,0.000171,0,0,0,0,0
0,39,expert,383.820798,384.357733,0.536935,280887296,0,0,16,0
0,39,compute,383.769534,384.466716,0.697182,0,0,0,0,0
0,40,trunk,384.466718,384.470641,0.003923,645562368,-40,1,0,0
0,40,widen,384.554003,384.554166,0.000163,0,0,0,0,0
0,40,expert,384.554167,385.082003,0.527836,280887296,0,0,16,0
0,40,compute,384.470670,385.206699,0.736029,0,0,0,0,0
0,41,trunk,385.206701,385.210630,0.003929,645562368,-41,1,0,0
0,41,widen,385.287847,385.288043,0.000196,0,0,0,0,0
0,41,expert,385.288044,385.790215,0.502171,280887296,0,0,16,0
0,41,compute,385.210674,385.933959,0.723285,0,0,0,0,0
0,42,trunk,385.933961,385.939219,0.005258,645562368,-42,1,0,0
0,42,widen,386.018831,386.019005,0.000173,0,0,0,0,0
0,42,expert,386.019006,386.401679,0.382673,280887296,0,0,16,0
0,42,compute,385.939274,386.511641,0.572367,0,0,0,0,0
0,43,trunk,386.511643,386.515365,0.003722,431890432,-43,1,0,0
0,43,widen,386.557936,386.558124,0.000189,0,0,0,0,0
0,43,expert,386.558126,387.111966,0.553840,280887296,0,0,16,0
0,43,compute,386.515390,387.215764,0.700374,0,0,0,0,0
0,44,trunk,387.215766,387.219611,0.003845,645562368,-44,1,0,0
0,44,widen,387.287203,387.287400,0.000197,0,0,0,0,0
0,44,expert,387.287401,387.821015,0.533614,280887296,0,0,16,0
0,44,compute,387.219648,387.946291,0.726644,0,0,0,0,0
0,45,trunk,387.946293,387.949800,0.003506,645562368,-45,1,0,0
0,45,widen,388.020253,388.020418,0.000164,0,0,0,0,0
0,45,expert,388.020419,388.564273,0.543854,280887296,0,0,16,0
0,45,compute,387.949824,388.690201,0.740378,0,0,0,0,0
0,46,trunk,388.690203,388.694974,0.004771,645562368,-46,1,0,0
0,46,widen,388.761929,388.762101,0.000172,0,0,0,0,0
0,46,expert,388.762102,389.186579,0.424476,280887296,0,0,16,0
0,46,compute,388.695021,389.292795,0.597773,0,0,0,0,0
0,47,trunk,389.292796,389.297491,0.004694,431890432,-47,1,0,0
0,47,widen,389.336577,389.336770,0.000193,0,0,0,0,0
0,47,expert,389.336771,389.916240,0.579469,280887296,0,0,16,0
0,47,compute,389.297539,390.038172,0.740633,0,0,0,0,0
0,48,trunk,390.038174,390.042059,0.003885,645562368,-48,1,0,0
0,48,widen,390.112650,390.112831,0.000181,0,0,0,0,0
0,48,expert,390.112832,390.651963,0.539131,280887296,0,0,16,0
0,48,compute,390.042099,390.752720,0.710621,0,0,0,0,0
0,49,trunk,390.752722,390.756440,0.003718,645562368,-49,1,0,0
0,49,widen,390.825155,390.825331,0.000176,0,0,0,0,0
0,49,expert,390.825332,391.394988,0.569656,280887296,0,0,16,0
0,49,compute,390.756461,391.510184,0.753723,0,0,0,0,0
0,50,trunk,391.510185,391.513741,0.003556,645562368,-50,1,0,0
0,50,widen,391.593177,391.593355,0.000178,0,0,0,0,0
0,50,expert,391.593356,392.017731,0.424375,280887296,0,0,16,0
0,50,compute,391.513794,392.139030,0.625236,0,0,0,0,0
0,51,trunk,392.139033,392.142660,0.003627,431890432,-51,1,0,0
0,51,widen,392.184244,392.184441,0.000197,0,0,0,0,0
0,51,expert,392.184442,392.771611,0.587169,280887296,0,0,16,0
0,51,compute,392.142682,392.902353,0.759670,0,0,0,0,0
0,52,trunk,392.902394,392.905900,0.003506,645562368,-52,1,0,0
0,52,widen,392.982014,392.982204,0.000189,0,0,0,0,0
0,52,expert,392.982205,393.507315,0.525110,280887296,0,0,16,0
0,52,compute,392.905950,393.625408,0.719458,0,0,0,0,0
0,53,trunk,393.625410,393.628902,0.003492,645562368,-53,1,0,0
0,53,widen,393.698586,393.698766,0.000180,0,0,0,0,0
0,53,expert,393.698767,394.258522,0.559755,280887296,0,0,16,0
0,53,compute,393.628924,394.382974,0.754051,0,0,0,0,0
0,54,trunk,394.382999,394.386899,0.003900,645562368,-54,1,0,0
0,54,widen,394.461586,394.461767,0.000182,0,0,0,0,0
0,54,expert,394.461768,394.894392,0.432624,280887296,0,0,16,0
0,54,compute,394.386923,395.006209,0.619285,0,0,0,0,0
0,55,trunk,395.006211,395.010059,0.003848,431890432,-55,1,0,0
0,55,widen,395.052452,395.052637,0.000185,0,0,0,0,0
0,55,expert,395.052638,395.627191,0.574553,280887296,0,0,16,0
0,55,compute,395.010088,395.757640,0.747552,0,0,0,0,0
0,56,trunk,395.757642,395.761504,0.003862,645562368,-56,1,0,0
0,56,widen,395.858840,395.859041,0.000201,0,0,0,0,0
0,56,expert,395.859042,396.422799,0.563757,280887296,0,0,16,0
0,56,compute,395.761527,396.554605,0.793078,0,0,0,0,0
0,57,trunk,396.554607,396.558572,0.003965,645562368,-57,1,0,0
0,57,widen,396.632730,396.632918,0.000187,0,0,0,0,0
0,57,expert,396.632919,397.192024,0.559105,280887296,0,0,16,0
0,57,compute,396.558594,397.288100,0.729505,0,0,0,0,0
0,58,trunk,397.288102,397.291610,0.003508,645562368,-58,1,0,0
0,58,widen,397.356451,397.356635,0.000183,0,0,0,0,0
0,58,expert,397.356636,397.765292,0.408656,280887296,0,0,16,0
0,58,compute,397.291848,397.888049,0.596201,0,0,0,0,0
0,59,trunk,397.888051,397.891491,0.003440,431890432,-59,1,0,0
0,59,widen,397.941174,397.941516,0.000343,0,0,0,0,0
0,59,expert,397.941518,398.539136,0.597618,280887296,0,0,16,0
0,59,compute,397.891539,398.671026,0.779487,0,0,0,0,0
0,60,trunk,398.671028,398.674893,0.003865,645562368,-60,1,0,0
0,60,widen,398.773522,398.773731,0.000209,0,0,0,0,0
0,60,expert,398.773733,399.304131,0.530398,280887296,0,0,16,0
0,60,compute,398.674925,399.423018,0.748093,0,0,0,0,0
0,61,trunk,399.423020,399.426602,0.003581,645562368,-61,1,0,0
0,61,widen,399.493450,399.493654,0.000203,0,0,0,0,0
0,61,expert,399.493655,400.045682,0.552027,280887296,0,0,16,0
0,61,compute,399.426624,400.158161,0.731537,0,0,0,0,0
0,62,trunk,400.158163,400.162487,0.004323,645562368,-62,1,0,0
0,62,widen,400.221512,400.221790,0.000277,0,0,0,0,0
0,62,expert,400.221791,400.654829,0.433037,280887296,0,0,16,0
0,62,compute,400.162515,400.759093,0.596579,0,0,0,0,0
0,63,trunk,400.759100,400.762671,0.003572,431890432,-63,1,0,0
0,63,widen,400.808529,400.808727,0.000198,0,0,0,0,0
0,63,expert,400.808729,401.420221,0.611492,280887296,0,0,16,0
0,63,compute,400.762712,401.532056,0.769345,0,0,0,0,0
0,64,trunk,401.532059,401.536044,0.003985,645562368,-64,1,0,0
0,64,widen,401.601160,401.601586,0.000426,0,0,0,0,0
0,64,expert,401.601587,402.187559,0.585971,280887296,0,0,16,0
0,64,compute,401.536062,402.310503,0.774441,0,0,0,0,0
0,65,trunk,402.310506,402.314421,0.003915,645562368,-65,1,0,0
0,65,widen,402.385972,402.386161,0.000189,0,0,0,0,0
0,65,expert,402.386162,402.984516,0.598354,280887296,0,0,16,0
0,65,compute,402.314449,403.085892,0.771443,0,0,0,0,0
0,66,trunk,403.085895,403.089851,0.003956,645562368,-66,1,0,0
0,66,widen,403.157988,403.158168,0.000181,0,0,0,0,0
0,66,expert,403.158169,403.575073,0.416904,280887296,0,0,16,0
0,66,compute,403.089876,403.710283,0.620407,0,0,0,0,0
0,67,trunk,403.710285,403.713898,0.003613,431890432,-67,1,0,0
0,67,widen,403.752256,403.752508,0.000252,0,0,0,0,0
0,67,expert,403.752509,404.358089,0.605580,280887296,0,0,16,0
0,67,compute,403.713920,404.482487,0.768567,0,0,0,0,0
0,68,trunk,404.482490,404.486728,0.004239,645562368,-68,1,0,0
0,68,widen,404.551787,404.551988,0.000200,0,0,0,0,0
0,68,expert,404.551989,405.117790,0.565802,280887296,0,0,16,0
0,68,compute,404.486762,405.224305,0.737543,0,0,0,0,0
0,69,trunk,405.224307,405.227617,0.003310,645562368,-69,1,0,0
0,69,widen,405.283569,405.283757,0.000188,0,0,0,0,0
0,69,expert,405.283758,405.851015,0.567257,280887296,0,0,16,0
0,69,compute,405.227645,405.978784,0.751139,0,0,0,0,0
0,70,trunk,405.978787,405.982365,0.003579,645562368,-70,1,0,0
0,70,widen,406.034477,406.034673,0.000196,0,0,0,0,0
0,70,expert,406.034674,406.476243,0.441569,280887296,0,0,16,0
0,70,compute,405.982387,406.598360,0.615973,0,0,0,0,0
0,71,trunk,406.598362,406.602349,0.003987,431890432,-71,1,0,0
0,71,widen,406.641855,406.642081,0.000227,0,0,0,0,0
0,71,expert,406.642082,407.248740,0.606658,280887296,0,0,16,0
0,71,compute,406.602394,407.370460,0.768066,0,0,0,0,0
0,72,trunk,407.370463,407.374023,0.003560,645562368,-72,1,0,0
0,72,widen,407.439785,407.439996,0.000211,0,0,0,0,0
0,72,expert,407.439997,408.005721,0.565724,280887296,0,0,16,0
0,72,compute,407.374068,408.127534,0.753466,0,0,0,0,0
0,73,trunk,408.127537,408.131460,0.003923,645562368,-73,1,0,0
0,73,widen,408.199696,408.199918,0.000222,0,0,0,0,0
0,73,expert,408.199919,408.780208,0.580289,280887296,0,0,16,0
0,73,compute,408.131484,408.902346,0.770862,0,0,0,0,0
0,74,trunk,408.902348,408.905893,0.003544,645562368,-74,1,0,0
0,74,widen,408.970728,408.970923,0.000194,0,0,0,0,0
0,74,expert,408.970923,409.386309,0.415386,280887296,0,0,16,0
0,74,compute,408.905916,409.510263,0.604348,0,0,0,0,0
0,75,trunk,409.510265,409.514403,0.004138,431890432,-75,1,0,0
0,75,widen,409.564079,409.564277,0.000198,0,0,0,0,0
0,75,expert,409.564278,410.130901,0.566623,280887296,0,0,16,0
0,75,compute,409.514426,410.259017,0.744591,0,0,0,0,0
0,76,trunk,410.259020,410.262805,0.003785,645562368,-76,1,0,0
0,76,widen,410.343325,410.343538,0.000213,0,0,0,0,0
0,76,expert,410.343539,410.861972,0.518433,280887296,0,0,16,0
0,76,compute,410.262863,410.987052,0.724189,0,0,0,0,0
0,77,trunk,410.987055,410.990721,0.003666,645562368,-77,1,0,0
0,77,widen,411.059410,411.059616,0.000205,0,0,0,0,0
0,77,expert,411.059617,411.661666,0.602049,280887296,0,0,16,0
0,77,compute,410.990744,411.786167,0.795423,0,0,0,0,0
0,78,trunk,411.786169,411.789884,0.003716,645562368,-78,1,0,0
0,78,widen,411.871412,411.871620,0.000208,0,0,0,0,0
0,78,expert,411.871621,412.290505,0.418885,280887296,0,0,16,0
0,78,compute,411.789928,412.393262,0.603334,0,0,0,0,0
0,79,trunk,412.393265,412.397016,0.003752,431890432,-79,1,0,0
0,79,widen,412.442256,412.442474,0.000218,0,0,0,0,0
0,79,expert,412.442475,413.016404,0.573928,280887296,0,0,16,0
0,79,compute,412.397041,413.132054,0.735013,0,0,0,0,0
0,80,trunk,413.132057,413.135281,0.003224,645562368,-80,1,0,0
0,80,widen,413.203003,413.203283,0.000280,0,0,0,0,0
0,80,expert,413.203284,413.759176,0.555892,280887296,0,0,16,0
0,80,compute,413.135304,413.883797,0.748493,0,0,0,0,0
0,81,trunk,413.883799,413.887647,0.003848,645562368,-81,1,0,0
0,81,widen,413.957103,413.957308,0.000205,0,0,0,0,0
0,81,expert,413.957309,414.504554,0.547246,280887296,0,0,16,0
0,81,compute,413.887690,414.626359,0.738670,0,0,0,0,0
0,82,trunk,414.626362,414.630001,0.003639,645562368,-82,1,0,0
0,82,widen,414.700278,414.700498,0.000220,0,0,0,0,0
0,82,expert,414.700499,415.089970,0.389471,280887296,0,0,16,0
0,82,compute,414.630037,415.206250,0.576213,0,0,0,0,0
0,83,trunk,415.206252,415.210134,0.003882,431890432,-83,1,0,0
0,83,widen,415.255546,415.255739,0.000193,0,0,0,0,0
0,83,expert,415.255740,415.795927,0.540187,280887296,0,0,16,0
0,83,compute,415.210154,415.919141,0.708987,0,0,0,0,0
0,84,trunk,415.919143,415.922742,0.003599,645562368,-84,1,0,0
0,84,widen,415.987353,415.987563,0.000210,0,0,0,0,0
0,84,expert,415.987564,416.537109,0.549545,280887296,0,0,16,0
0,84,compute,415.922767,416.653196,0.730429,0,0,0,0,0
0,85,trunk,416.653198,416.656966,0.003768,645562368,-85,1,0,0
0,85,widen,416.725498,416.725732,0.000234,0,0,0,0,0
0,85,expert,416.725733,417.255346,0.529613,280887296,0,0,16,0
0,85,compute,416.656989,417.384754,0.727766,0,0,0,0,0
0,86,trunk,417.384757,417.388879,0.004123,645562368,-86,1,0,0
0,86,widen,417.468241,417.468500,0.000259,0,0,0,0,0
0,86,expert,417.468501,417.846615,0.378114,280887296,0,0,16,0
0,86,compute,417.388908,417.951708,0.562801,0,0,0,0,0
0,87,trunk,417.951714,417.955916,0.004202,431890432,-87,1,0,0
0,87,widen,417.999272,417.999475,0.000203,0,0,0,0,0
0,87,expert,417.999476,418.537146,0.537670,280887296,0,0,16,0
0,87,compute,417.955943,418.658170,0.702227,0,0,0,0,0
0,88,trunk,418.658172,418.662028,0.003856,645562368,-88,1,0,0
0,88,widen,418.732211,418.732429,0.000218,0,0,0,0,0
0,88,expert,418.732431,419.269162,0.536731,280887296,0,0,16,0
0,88,compute,418.662050,419.386849,0.724799,0,0,0,0,0
0,89,trunk,419.387327,419.391810,0.004484,645562368,-89,1,0,0
0,89,widen,419.525383,419.525629,0.000246,0,0,0,0,0
0,89,expert,419.525630,420.022073,0.496444,280887296,0,0,16,0
0,89,compute,419.391837,420.151330,0.759493,0,0,0,0,0
0,90,trunk,420.151333,420.155350,0.004016,645562368,-90,1,0,0
0,90,widen,420.281422,420.281654,0.000233,0,0,0,0,0
0,90,expert,420.281656,420.613616,0.331960,280887296,0,0,16,0
0,90,compute,420.155410,420.726224,0.570814,0,0,0,0,0
0,91,trunk,420.726227,420.730503,0.004276,431890432,-91,1,0,0
0,91,widen,420.777738,420.777970,0.000232,0,0,0,0,0
0,91,expert,420.777971,421.180590,0.402618,280887296,0,0,16,0
0,91,compute,420.730567,421.303026,0.572459,0,0,0,0,0
0,92,trunk,421.303028,421.308261,0.005233,431890432,-92,1,0,0
0,92,widen,421.385764,421.385987,0.000223,0,0,0,0,0
0,92,expert,421.385988,421.547541,0.161553,280887296,0,0,16,0
0,92,compute,421.308263,421.655005,0.346742,0,0,0,0,0
1,0,trunk,421.779786,421.779850,0.000064,0,-92,0,0,0
1,0,compute,421.779851,421.902927,0.123077,0,0,0,0,0
1,1,trunk,421.902929,421.907917,0.004988,0,-91,0,0,0
1,1,widen,421.985732,421.985894,0.000162,0,0,0,0,0
1,1,expert,421.985895,422.169025,0.183130,280887296,0,0,16,0
1,1,compute,421.907921,422.277945,0.370024,0,0,0,0,0
1,2,trunk,422.277946,422.282832,0.004886,0,-90,0,0,0
1,2,widen,422.342655,422.342813,0.000158,0,0,0,0,0
1,2,expert,422.342814,422.518797,0.175983,280887296,0,0,16,0
1,2,compute,422.282835,422.650298,0.367463,0,0,0,0,0
1,3,trunk,422.650299,422.654005,0.003706,0,-89,0,0,0
1,3,widen,422.698401,422.698561,0.000160,0,0,0,0,0
1,3,expert,422.698562,422.863286,0.164724,280887296,0,0,16,0
1,3,compute,422.654007,422.986274,0.332267,0,0,0,0,0
1,4,trunk,422.986276,422.990095,0.003819,0,-88,0,0,0
1,4,widen,423.055574,423.055735,0.000161,0,0,0,0,0
1,4,expert,423.055736,423.216707,0.160971,280887296,0,0,16,0
1,4,compute,422.990097,423.334827,0.344730,0,0,0,0,0
1,5,trunk,423.334829,423.338817,0.003988,0,-87,0,0,0
1,5,widen,423.397022,423.397189,0.000167,0,0,0,0,0
1,5,expert,423.397190,423.552921,0.155731,280887296,0,0,16,0
1,5,compute,423.338820,423.674205,0.335385,0,0,0,0,0
1,6,trunk,423.674207,423.677635,0.003428,0,-86,0,0,0
1,6,widen,423.740178,423.740342,0.000164,0,0,0,0,0
1,6,expert,423.740343,423.912797,0.172454,280887296,0,0,16,0
1,6,compute,423.677638,424.012687,0.335049,0,0,0,0,0
1,7,trunk,424.012688,424.016293,0.003605,0,-85,0,0,0
1,7,widen,424.049279,424.049511,0.000232,0,0,0,0,0
1,7,expert,424.049512,424.210358,0.160845,280887296,0,0,16,0
1,7,compute,424.016296,424.334176,0.317880,0,0,0,0,0
1,8,trunk,424.334177,424.338101,0.003923,0,-84,0,0,0
1,8,widen,424.396941,424.397132,0.000191,0,0,0,0,0
1,8,expert,424.397133,424.549926,0.152792,280887296,0,0,16,0
1,8,compute,424.338103,424.672978,0.334876,0,0,0,0,0
1,9,trunk,424.672980,424.676448,0.003468,0,-83,0,0,0
1,9,widen,424.735977,424.736207,0.000230,0,0,0,0,0
1,9,expert,424.736208,424.896245,0.160037,280887296,0,0,16,0
1,9,compute,424.676450,425.014329,0.337879,0,0,0,0,0
1,10,trunk,425.014331,425.017938,0.003607,0,-82,0,0,0
1,10,widen,425.076977,425.077142,0.000165,0,0,0,0,0
1,10,expert,425.077143,425.240056,0.162913,280887296,0,0,16,0
1,10,compute,425.017940,425.370479,0.352539,0,0,0,0,0
1,11,trunk,425.370481,425.374298,0.003817,0,-81,0,0,0
1,11,widen,425.400170,425.400340,0.000169,0,0,0,0,0
1,11,expert,425.400341,425.563714,0.163373,280887296,0,0,16,0
1,11,compute,425.374300,425.660488,0.286187,0,0,0,0,0
1,12,trunk,425.660490,425.664213,0.003723,0,-80,0,0,0
1,12,widen,425.728210,425.728426,0.000216,0,0,0,0,0
1,12,expert,425.728427,425.895389,0.166961,280887296,0,0,16,0
1,12,compute,425.664215,426.022683,0.358468,0,0,0,0,0
1,13,trunk,426.022685,426.026412,0.003727,0,-79,0,0,0
1,13,widen,426.083700,426.083862,0.000163,0,0,0,0,0
1,13,expert,426.083863,426.253424,0.169560,280887296,0,0,16,0
1,13,compute,426.026414,426.366201,0.339786,0,0,0,0,0
1,14,trunk,426.366203,426.370397,0.004194,0,-78,0,0,0
1,14,widen,426.426287,426.426471,0.000183,0,0,0,0,0
1,14,expert,426.426472,426.589385,0.162914,280887296,0,0,16,0
1,14,compute,426.370399,426.697611,0.327212,0,0,0,0,0
1,15,trunk,426.697613,426.701877,0.004265,0,-77,0,0,0
1,15,widen,426.737020,426.737199,0.000179,0,0,0,0,0
1,15,expert,426.737200,426.899910,0.162709,280887296,0,0,16,0
1,15,compute,426.701880,427.023152,0.321272,0,0,0,0,0
1,16,trunk,427.023154,427.027154,0.004000,0,-76,0,0,0
1,16,widen,427.073686,427.073853,0.000167,0,0,0,0,0
1,16,expert,427.073875,427.239289,0.165414,280887296,0,0,16,0
1,16,compute,427.027156,427.342152,0.314996,0,0,0,0,0
1,17,trunk,427.342153,427.346389,0.004236,0,-75,0,0,0
1,17,widen,427.404578,427.404813,0.000235,0,0,0,0,0
1,17,expert,427.404814,427.566993,0.162179,280887296,0,0,16,0
1,17,compute,427.346391,427.671435,0.325043,0,0,0,0,0
1,18,trunk,427.671436,427.675925,0.004489,0,-74,0,0,0
1,18,widen,427.740956,427.741127,0.000171,0,0,0,0,0
1,18,expert,427.741128,427.908242,0.167114,280887296,0,0,16,0
1,18,compute,427.675927,428.022067,0.346139,0,0,0,0,0
1,19,trunk,428.022068,428.025733,0.003665,0,-73,0,0,0
1,19,widen,428.056319,428.056488,0.000169,0,0,0,0,0
1,19,expert,428.056489,428.218008,0.161519,280887296,0,0,16,0
1,19,compute,428.025736,428.340385,0.314649,0,0,0,0,0
1,20,trunk,428.340387,428.344283,0.003896,0,-72,0,0,0
1,20,widen,428.400133,428.400315,0.000182,0,0,0,0,0
1,20,expert,428.400317,428.561844,0.161527,280887296,0,0,16,0
1,20,compute,428.344285,428.673170,0.328885,0,0,0,0,0
1,21,trunk,428.673172,428.676894,0.003722,0,-71,0,0,0
1,21,widen,428.745224,428.745417,0.000193,0,0,0,0,0
1,21,expert,428.745419,429.237857,0.492439,280887296,0,0,16,0
1,21,compute,428.676933,429.358320,0.681387,0,0,0,0,0
1,22,trunk,429.358321,429.361886,0.003565,645562368,-71,1,0,0
1,22,widen,429.424976,429.425146,0.000170,0,0,0,0,0
1,22,expert,429.425147,429.796307,0.371160,280887296,0,0,16,0
1,22,compute,429.361909,429.936041,0.574132,0,0,0,0,0
1,23,trunk,429.936044,429.944029,0.007985,431890432,-72,1,0,0
1,23,widen,429.995801,429.995988,0.000187,0,0,0,0,0
1,23,expert,429.995989,430.465273,0.469285,280887296,0,0,16,0
1,23,compute,429.944069,430.583053,0.638985,0,0,0,0,0
1,24,trunk,430.583055,430.586453,0.003398,645562368,-73,1,0,0
1,24,widen,430.649925,430.650104,0.000179,0,0,0,0,0
1,24,expert,430.650105,431.217062,0.566958,280887296,0,0,16,0
1,24,compute,430.586475,431.334351,0.747876,0,0,0,0,0
1,25,trunk,431.334353,431.337860,0.003507,645562368,-74,1,0,0
1,25,widen,431.401372,431.401612,0.000241,0,0,0,0,0
1,25,expert,431.401614,431.931732,0.530118,280887296,0,0,16,0
1,25,compute,431.337884,432.052231,0.714347,0,0,0,0,0
1,26,trunk,432.052233,432.055793,0.003559,645562368,-75,1,0,0
1,26,widen,432.131167,432.131343,0.000175,0,0,0,0,0
1,26,expert,432.131344,432.508201,0.376857,280887296,0,0,16,0
1,26,compute,432.055828,432.613925,0.558097,0,0,0,0,0
1,27,trunk,432.613928,432.618570,0.004642,431890432,-76,1,0,0
1,27,widen,432.662811,432.663146,0.000336,0,0,0,0,0
1,27,expert,432.663147,433.143776,0.480629,280887296,0,0,16,0
1,27,compute,432.618658,433.253471,0.634813,0,0,0,0,0
1,28,trunk,433.253473,433.257117,0.003643,645562368,-77,1,0,0
1,28,widen,433.329081,433.329266,0.000186,0,0,0,0,0
1,28,expert,433.329267,433.786701,0.457434,280887296,0,0,16,0
1,28,compute,433.257148,433.914505,0.657358,0,0,0,0,0
1,29,trunk,433.914507,433.918243,0.003736,645562368,-78,1,0,0
1,29,widen,433.998847,433.999025,0.000178,0,0,0,0,0
1,29,expert,433.999026,434.481473,0.482447,280887296,0,0,16,0
1,29,compute,433.918272,434.588554,0.670282,0,0,0,0,0
1,30,trunk,434.588557,434.592730,0.004173,645562368,-79,1,0,0
1,30,widen,434.669235,434.669468,0.000233,0,0,0,0,0
1,30,expert,434.669470,435.068500,0.399030,280887296,0,0,16,0
1,30,compute,434.592755,435.198182,0.605428,0,0,0,0,0
1,31,trunk,435.198184,435.202435,0.004250,431890432,-80,1,0,0
1,31,widen,435.240859,435.241037,0.000179,0,0,0,0,0
1,31,expert,435.241038,435.802077,0.561039,280887296,0,0,16,0
1,31,compute,435.202497,435.934271,0.731774,0,0,0,0,0
1,32,trunk,435.934274,435.937728,0.003454,645562368,-81,1,0,0
1,32,widen,435.990426,435.990603,0.000178,0,0,0,0,0
1,32,expert,435.990604,436.531913,0.541309,280887296,0,0,16,0
1,32,compute,435.937790,436.642615,0.704826,0,0,0,0,0
1,33,trunk,436.642618,436.646433,0.003815,645562368,-82,1,0,0
1,33,widen,436.716632,436.716813,0.000181,0,0,0,0,0
1,33,expert,436.716814,437.268411,0.551597,280887296,0,0,16,0
1,33,compute,436.646461,437.391345,0.744883,0,0,0,0,0
1,34,trunk,437.391347,437.394892,0.003545,645562368,-83,1,0,0
1,34,widen,437.470181,437.470416,0.000235,0,0,0,0,0
1,34,expert,437.470417,437.859449,0.389031,280887296,0,0,16,0
1,34,compute,437.394921,437.967907,0.572986,0,0,0,0,0
1,35,trunk,437.967910,437.971468,0.003559,431890432,-84,1,0,0
1,35,widen,438.017298,438.017501,0.000203,0,0,0,0,0
1,35,expert,438.017502,438.574468,0.556967,280887296,0,0,16,0
1,35,compute,437.971491,438.694280,0.722789,0,0,0,0,0
1,36,trunk,438.694282,438.697824,0.003542,645562368,-85,1,0,0
1,36,widen,438.761908,438.762083,0.000175,0,0,0,0,0
1,36,expert,438.762084,439.321854,0.559770,280887296,0,0,16,0
1,36,compute,438.697846,439.446191,0.748345,0,0,0,0,0
1,37,trunk,439.446193,439.449902,0.003709,645562368,-86,1,0,0
1,37,widen,439.511598,439.511809,0.000211,0,0,0,0,0
1,37,expert,439.511810,440.053455,0.541645,280887296,0,0,16,0
1,37,compute,439.449925,440.170177,0.720252,0,0,0,0,0
1,38,trunk,440.170178,440.173623,0.003445,645562368,-87,1,0,0
1,38,widen,440.236598,440.236786,0.000188,0,0,0,0,0
1,38,expert,440.236788,440.616268,0.379480,280887296,0,0,16,0
1,38,compute,440.173651,440.719908,0.546257,0,0,0,0,0
1,39,trunk,440.719910,440.723503,0.003593,431890432,-88,1,0,0
1,39,widen,440.767877,440.768096,0.000220,0,0,0,0,0
1,39,expert,440.768097,441.320621,0.552524,280887296,0,0,16,0
1,39,compute,440.723628,441.450847,0.727218,0,0,0,0,0
1,40,trunk,441.450849,441.455928,0.005079,645562368,-89,1,0,0
1,40,widen,441.517547,441.517764,0.000218,0,0,0,0,0
1,40,expert,441.517765,442.077898,0.560133,280887296,0,0,16,0
1,40,compute,441.455954,442.190789,0.734835,0,0,0,0,0
1,41,trunk,442.190791,442.194491,0.003701,645562368,-90,1,0,0
1,41,widen,442.261832,442.262035,0.000203,0,0,0,0,0
1,41,expert,442.262036,442.779320,0.517284,280887296,0,0,16,0
1,41,compute,442.194530,442.906206,0.711676,0,0,0,0,0
1,42,trunk,442.906208,442.909799,0.003590,645562368,-91,1,0,0
1,42,widen,442.986016,442.986204,0.000187,0,0,0,0,0
1,42,expert,442.986204,443.383358,0.397154,280887296,0,0,16,0
1,42,compute,442.909842,443.514928,0.605085,0,0,0,0,0
1,43,trunk,443.514930,443.519031,0.004101,431890432,-92,1,0,0
1,43,widen,443.562322,443.562510,0.000188,0,0,0,0,0
1,43,expert,443.562511,444.144027,0.581517,280887296,0,0,16,0
1,43,compute,443.519055,444.243210,0.724155,0,0,0,0,0
1,44,trunk,444.243213,444.247495,0.004282,645562368,-93,1,0,0
1,44,widen,444.323606,444.323823,0.000218,0,0,0,0,0
1,44,expert,444.323824,444.846969,0.523145,280887296,0,0,16,0
1,44,compute,444.247534,444.970414,0.722880,0,0,0,0,0
1,45,trunk,444.970416,444.974895,0.004479,645562368,-94,1,0,0
1,45,widen,445.047626,445.047809,0.000183,0,0,0,0,0
1,45,expert,445.047810,445.584290,0.536480,280887296,0,0,16,0
1,45,compute,444.974951,445.698408,0.723457,0,0,0,0,0
1,46,trunk,445.698409,445.702608,0.004199,645562368,-95,1,0,0
1,46,widen,445.783490,445.783695,0.000205,0,0,0,0,0
1,46,expert,445.783696,446.161557,0.377861,280887296,0,0,16,0
1,46,compute,445.702998,446.286473,0.583475,0,0,0,0,0
1,47,trunk,446.286475,446.290183,0.003708,431890432,-96,1,0,0
1,47,widen,446.333343,446.333537,0.000194,0,0,0,0,0
1,47,expert,446.333538,446.911032,0.577494,280887296,0,0,16,0
1,47,compute,446.290206,447.022394,0.732188,0,0,0,0,0
1,48,trunk,447.022397,447.026741,0.004345,645562368,-97,1,0,0
1,48,widen,447.093462,447.093662,0.000200,0,0,0,0,0
1,48,expert,447.093663,447.635658,0.541995,280887296,0,0,16,0
1,48,compute,447.026788,447.762249,0.735461,0,0,0,0,0
1,49,trunk,447.762251,447.765619,0.003368,645562368,-98,1,0,0
1,49,widen,447.843092,447.843333,0.000241,0,0,0,0,0
1,49,expert,447.843335,448.397722,0.554387,280887296,0,0,16,0
1,49,compute,447.765641,448.514197,0.748556,0,0,0,0,0
1,50,trunk,448.514200,448.518408,0.004208,645562368,-99,1,0,0
1,50,widen,448.580652,448.580847,0.000195,0,0,0,0,0
1,50,expert,448.580848,449.002911,0.422063,280887296,0,0,16,0
1,50,compute,448.518432,449.120960,0.602528,0,0,0,0,0
1,51,trunk,449.120962,449.124500,0.003538,431890432,-100,1,0,0
1,51,widen,449.168977,449.169173,0.000196,0,0,0,0,0
1,51,expert,449.169174,449.723298,0.554124,280887296,0,0,16,0
1,51,compute,449.124520,449.843321,0.718801,0,0,0,0,0
1,52,trunk,449.843323,449.847079,0.003756,645562368,-101,1,0,0
1,52,widen,449.921579,449.921780,0.000201,0,0,0,0,0
1,52,expert,449.921781,450.553760,0.631979,280887296,0,0,16,0
1,52,compute,449.847104,450.669408,0.822303,0,0,0,0,0
1,53,trunk,450.669441,450.673412,0.003971,645562368,-102,1,0,0
1,53,widen,450.738284,450.738484,0.000200,0,0,0,0,0
1,53,expert,450.738485,451.300711,0.562226,280887296,0,0,16,0
1,53,compute,450.673436,451.414214,0.740778,0,0,0,0,0
1,54,trunk,451.414217,451.417821,0.003604,645562368,-103,1,0,0
1,54,widen,451.484144,451.484342,0.000198,0,0,0,0,0
1,54,expert,451.484344,451.898211,0.413867,280887296,0,0,16,0
1,54,compute,451.417847,452.019255,0.601408,0,0,0,0,0
1,55,trunk,452.019257,452.023458,0.004200,431890432,-104,1,0,0
1,55,widen,452.061384,452.061576,0.000192,0,0,0,0,0
1,55,expert,452.061577,452.638823,0.577246,280887296,0,0,16,0
1,55,compute,452.023502,452.742219,0.718718,0,0,0,0,0
1,56,trunk,452.742222,452.746059,0.003837,645562368,-105,1,0,0
1,56,widen,452.805138,452.805351,0.000213,0,0,0,0,0
1,56,expert,452.805352,453.355519,0.550166,280887296,0,0,16,0
1,56,compute,452.746100,453.470204,0.724105,0,0,0,0,0
1,57,trunk,453.470206,453.473532,0.003326,645562368,-106,1,0,0
1,57,widen,453.537949,453.538152,0.000203,0,0,0,0,0
1,57,expert,453.538153,454.074425,0.536272,280887296,0,0,16,0
1,57,compute,453.473553,454.186195,0.712642,0,0,0,0,0
1,58,trunk,454.186198,454.190102,0.003905,645562368,-107,1,0,0
1,58,widen,454.265232,454.265437,0.000205,0,0,0,0,0
1,58,expert,454.265438,454.646116,0.380678,280887296,0,0,16,0
1,58,compute,454.190210,454.770448,0.580238,0,0,0,0,0
1,59,trunk,454.770450,454.774117,0.003667,431890432,-108,1,0,0
1,59,widen,454.818518,454.818719,0.000201,0,0,0,0,0
1,59,expert,454.818720,455.362139,0.543419,280887296,0,0,16,0
1,59,compute,454.774139,455.474951,0.700812,0,0,0,0,0
1,60,trunk,455.474953,455.478855,0.003902,645562368,-109,1,0,0
1,60,widen,455.539090,455.539312,0.000222,0,0,0,0,0
1,60,expert,455.539313,456.086014,0.546701,280887296,0,0,16,0
1,60,compute,455.478910,456.215047,0.736137,0,0,0,0,0
1,61,trunk,456.215049,456.218615,0.003566,645562368,-110,1,0,0
1,61,widen,456.290172,456.290399,0.000227,0,0,0,0,0
1,61,expert,456.290400,456.816964,0.526564,280887296,0,0,16,0
1,61,compute,456.218637,456.938829,0.720192,0,0,0,0,0
1,62,trunk,456.938831,456.945318,0.006487,645562368,-111,1,0,0
1,62,widen,457.021702,457.021967,0.000265,0,0,0,0,0
1,62,expert,457.021968,457.408367,0.386400,280887296,0,0,16,0
1,62,compute,456.945345,457.527140,0.581795,0,0,0,0,0
1,63,trunk,457.527142,457.530835,0.003693,431890432,-112,1,0,0
1,63,widen,457.574920,457.575124,0.000204,0,0,0,0,0
1,63,expert,457.575126,458.160087,0.584961,280887296,0,0,16,0
1,63,compute,457.530905,458.275004,0.744100,0,0,0,0,0
1,64,trunk,458.275007,458.278804,0.003798,645562368,-113,1,0,0
1,64,widen,458.338587,458.338817,0.000229,0,0,0,0,0
1,64,expert,458.338818,458.898996,0.560179,280887296,0,0,16,0
1,64,compute,458.278830,459.025982,0.747152,0,0,0,0,0
1,65,trunk,459.025984,459.029477,0.003492,645562368,-114,1,0,0
1,65,widen,459.086892,459.087100,0.000208,0,0,0,0,0
1,65,expert,459.087101,459.651787,0.564685,280887296,0,0,16,0
1,65,compute,459.029500,459.758243,0.728743,0,0,0,0,0
1,66,trunk,459.758246,459.761686,0.003440,645562368,-115,1,0,0
1,66,widen,459.830498,459.830721,0.000223,0,0,0,0,0
1,66,expert,459.830723,460.238730,0.408008,280887296,0,0,16,0
1,66,compute,459.761707,460.359031,0.597324,0,0,0,0,0
1,67,trunk,460.359034,460.362907,0.003872,431890432,-116,1,0,0
1,67,widen,460.398918,460.399130,0.000212,0,0,0,0,0
1,67,expert,460.399131,460.978183,0.579052,280887296,0,0,16,0
1,67,compute,460.362935,461.102186,0.739251,0,0,0,0,0
1,68,trunk,461.102188,461.105602,0.003414,645562368,-117,1,0,0
1,68,widen,461.161827,461.162054,0.000227,0,0,0,0,0
1,68,expert,461.162055,461.733168,0.571114,280887296,0,0,16,0
1,68,compute,461.105625,461.859010,0.753385,0,0,0,0,0
1,69,trunk,461.859012,461.862433,0.003421,645562368,-118,1,0,0
1,69,widen,461.926063,461.926309,0.000246,0,0,0,0,0
1,69,expert,461.926310,462.307207,0.380898,280887296,0,0,16,0
1,69,compute,461.862463,462.432037,0.569575,0,0,0,0,0
1,70,trunk,462.432040,462.480461,0.048421,645562368,-119,1,0,0
1,70,widen,462.543304,462.543519,0.000215,0,0,0,0,0
1,70,expert,462.543520,462.945927,0.402407,280887296,0,0,16,0
1,70,compute,462.480503,463.088046,0.607543,0,0,0,0,0
1,71,trunk,463.088048,463.091463,0.003416,431890432,-120,1,0,0
1,71,widen,463.160481,463.160744,0.000263,0,0,0,0,0
1,71,expert,463.160745,463.724623,0.563878,280887296,0,0,16,0
1,71,compute,463.091540,463.850167,0.758628,0,0,0,0,0
1,72,trunk,463.850170,463.854020,0.003851,645562368,-121,1,0,0
1,72,widen,463.917517,463.917740,0.000223,0,0,0,0,0
1,72,expert,463.917741,464.486987,0.569246,280887296,0,0,16,0
1,72,compute,463.854042,464.609562,0.755520,0,0,0,0,0
1,73,trunk,464.609564,464.613386,0.003823,645562368,-122,1,0,0
1,73,widen,464.681271,464.681491,0.000221,0,0,0,0,0
1,73,expert,464.681492,465.254812,0.573320,280887296,0,0,16,0
1,73,compute,464.613411,465.364943,0.751532,0,0,0,0,0
1,74,trunk,465.364945,465.369188,0.004243,645562368,-123,1,0,0
1,74,widen,465.432298,465.432522,0.000224,0,0,0,0,0
1,74,expert,465.432523,465.874494,0.441971,280887296,0,0,16,0
1,74,compute,465.369212,465.998389,0.629177,0,0,0,0,0
1,75,trunk,465.998391,466.001982,0.003591,431890432,-124,1,0,0
1,75,widen,466.040561,466.040793,0.000232,0,0,0,0,0
1,75,expert,466.040794,466.637853,0.597059,280887296,0,0,16,0
1,75,compute,466.002010,466.761342,0.759332,0,0,0,0,0
1,76,trunk,466.761344,466.765159,0.003815,645562368,-125,1,0,0
1,76,widen,466.828511,466.828725,0.000214,0,0,0,0,0
1,76,expert,466.828726,467.362477,0.533750,280887296,0,0,16,0
1,76,compute,466.765182,467.491250,0.726068,0,0,0,0,0
1,77,trunk,467.491253,467.495919,0.004666,645562368,-126,1,0,0
1,77,widen,467.564896,467.565142,0.000245,0,0,0,0,0
1,77,expert,467.565143,468.148429,0.583286,280887296,0,0,16,0
1,77,compute,467.495955,468.266491,0.770535,0,0,0,0,0
1,78,trunk,468.266522,468.272305,0.005783,645562368,-127,1,0,0
1,78,widen,468.341677,468.341940,0.000263,0,0,0,0,0
1,78,expert,468.341941,468.763963,0.422022,280887296,0,0,16,0
1,78,compute,468.272326,468.878471,0.606145,0,0,0,0,0
1,79,trunk,468.878473,468.882590,0.004117,431890432,-128,1,0,0
1,79,widen,468.923768,468.923994,0.000226,0,0,0,0,0
1,79,expert,468.923995,469.489060,0.565065,280887296,0,0,16,0
1,79,compute,468.882620,469.610787,0.728166,0,0,0,0,0
1,80,trunk,469.610789,469.614953,0.004164,645562368,-129,1,0,0
1,80,widen,469.718219,469.718457,0.000239,0,0,0,0,0
1,80,expert,469.718458,470.217520,0.499061,280887296,0,0,16,0
1,80,compute,469.620577,470.334787,0.714210,0,0,0,0,0
1,81,trunk,470.334789,470.338488,0.003699,645562368,-130,1,0,0
1,81,widen,470.416161,470.416382,0.000221,0,0,0,0,0
1,81,expert,470.416383,470.915515,0.499131,280887296,0,0,16,0
1,81,compute,470.343114,471.038407,0.695293,0,0,0,0,0
1,82,trunk,471.038409,471.043049,0.004640,645562368,-131,1,0,0
1,82,widen,471.108942,471.109259,0.000316,0,0,0,0,0
1,82,expert,471.109260,471.510349,0.401088,280887296,0,0,16,0
1,82,compute,471.043560,471.626302,0.582742,0,0,0,0,0
1,83,trunk,471.626305,471.630877,0.004572,431890432,-132,1,0,0
1,83,widen,471.683168,471.683397,0.000229,0,0,0,0,0
1,83,expert,471.683466,472.241224,0.557758,280887296,0,0,16,0
1,83,compute,471.630900,472.355041,0.724141,0,0,0,0,0
1,84,trunk,472.355043,472.358756,0.003713,645562368,-133,1,0,0
1,84,widen,472.438378,472.438634,0.000256,0,0,0,0,0
1,84,expert,472.438636,472.977976,0.539340,280887296,0,0,16,0
1,84,compute,472.358796,473.081273,0.722476,0,0,0,0,0
1,85,trunk,473.081275,473.086164,0.004889,645562368,-134,1,0,0
1,85,widen,473.150265,473.150524,0.000259,0,0,0,0,0
1,85,expert,473.150526,473.707950,0.557424,280887296,0,0,16,0
1,85,compute,473.086192,473.830586,0.744395,0,0,0,0,0
1,86,trunk,473.830589,473.834315,0.003726,645562368,-135,1,0,0
1,86,widen,473.889705,473.889935,0.000230,0,0,0,0,0
1,86,expert,473.889936,474.289175,0.399239,280887296,0,0,16,0
1,86,compute,473.834339,474.412283,0.577944,0,0,0,0,0
1,87,trunk,474.412290,474.416520,0.004231,431890432,-136,1,0,0
1,87,widen,474.462082,474.462320,0.000238,0,0,0,0,0
1,87,expert,474.462321,474.990263,0.527942,280887296,0,0,16,0
1,87,compute,474.416542,475.114844,0.698302,0,0,0,0,0
1,88,trunk,475.114846,475.118383,0.003536,645562368,-137,1,0,0
1,88,widen,475.179240,475.179466,0.000226,0,0,0,0,0
1,88,expert,475.179467,475.723632,0.544164,280887296,0,0,16,0
1,88,compute,475.118405,475.842416,0.724011,0,0,0,0,0
1,89,trunk,475.842418,475.846062,0.003645,645562368,-138,1,0,0
1,89,widen,475.909856,475.910098,0.000242,0,0,0,0,0
1,89,expert,475.910120,476.479578,0.569458,280887296,0,0,16,0
1,89,compute,475.846101,476.609178,0.763077,0,0,0,0,0
1,90,trunk,476.609181,476.613228,0.004047,645562368,-139,1,0,0
1,90,widen,476.678060,476.678295,0.000234,0,0,0,0,0
1,90,expert,476.678296,477.079848,0.401552,280887296,0,0,16,0
1,90,compute,476.613250,477.198654,0.585404,0,0,0,0,0
1,91,trunk,477.198657,477.202356,0.003699,431890432,-140,1,0,0
1,91,widen,477.250243,477.250491,0.000248,0,0,0,0,0
1,91,expert,477.250493,477.682222,0.431730,280887296,0,0,16,0
1,91,compute,477.202393,477.798966,0.596573,0,0,0,0,0
1,92,trunk,477.798969,477.803464,0.004496,431890432,-141,1,0,0
1,92,widen,477.841523,477.841780,0.000257,0,0,0,0,0
1,92,expert,477.841781,478.009609,0.167828,280887296,0,0,16,0
1,92,compute,477.803466,478.113304,0.309838,0,0,0,0,0
2,0,trunk,478.214641,478.214698,0.000057,0,-141,0,0,0
2,0,compute,478.214698,478.342126,0.127428,0,0,0,0,0
2,1,trunk,478.342128,478.346225,0.004098,0,-140,0,0,0
2,1,widen,478.413667,478.413887,0.000220,0,0,0,0,0
2,1,expert,478.413889,478.587818,0.173930,280887296,0,0,16,0
2,1,compute,478.346228,478.693495,0.347267,0,0,0,0,0
2,2,trunk,478.693496,478.696897,0.003401,0,-139,0,0,0
2,2,widen,478.760581,478.760762,0.000181,0,0,0,0,0
2,2,expert,478.760763,478.930630,0.169867,263331840,0,0,15,0
2,2,compute,478.696899,479.054209,0.357310,0,0,0,0,0
2,3,trunk,479.054211,479.057860,0.003649,0,-138,0,0,0
2,3,widen,479.095276,479.095438,0.000162,0,0,0,0,0
2,3,expert,479.095439,479.233203,0.137764,228220928,0,0,13,0
2,3,compute,479.057862,479.359043,0.301181,0,0,0,0,0
2,4,trunk,479.359044,479.362453,0.003409,0,-137,0,0,0
2,4,widen,479.415343,479.415617,0.000274,0,0,0,0,0
2,4,expert,479.415618,479.572536,0.156918,263331840,0,0,15,0
2,4,compute,479.362455,479.694163,0.331708,0,0,0,0,0
2,5,trunk,479.694165,479.697664,0.003499,0,-136,0,0,0
2,5,widen,479.765937,479.766123,0.000186,0,0,0,0,0
2,5,expert,479.766124,479.939328,0.173204,280887296,0,0,16,0
2,5,compute,479.697667,480.050335,0.352668,0,0,0,0,0
2,6,trunk,480.050373,480.054591,0.004219,0,-135,0,0,0
2,6,widen,480.116564,480.116758,0.000194,0,0,0,0,0
2,6,expert,480.116759,480.271988,0.155229,263331840,0,0,15,0
2,6,compute,480.054593,480.374782,0.320189,0,0,0,0,0
2,7,trunk,480.374784,480.378378,0.003594,0,-134,0,0,0
2,7,widen,480.404894,480.405070,0.000176,0,0,0,0,0
2,7,expert,480.405071,480.553238,0.148168,263331840,0,0,15,0
2,7,compute,480.378380,480.666268,0.287888,0,0,0,0,0
2,8,trunk,480.666270,480.669990,0.003720,0,-133,0,0,0
2,8,widen,480.714057,480.714240,0.000183,0,0,0,0,0
2,8,expert,480.714241,480.870442,0.156201,280887296,0,0,16,0
2,8,compute,480.669993,480.986211,0.316218,0,0,0,0,0
2,9,trunk,480.986213,480.989579,0.003366,0,-132,0,0,0
2,9,widen,481.060194,481.060371,0.000177,0,0,0,0,0
2,9,expert,481.060372,481.210039,0.149667,263331840,0,0,15,0
2,9,compute,480.989581,481.338365,0.348784,0,0,0,0,0
2,10,trunk,481.338367,481.342055,0.003688,0,-131,0,0,0
2,10,widen,481.405275,481.405448,0.000173,0,0,0,0,0
2,10,expert,481.405449,481.550912,0.145463,263331840,0,0,15,0
2,10,compute,481.342057,481.671388,0.329331,0,0,0,0,0
2,11,trunk,481.671391,481.675103,0.003713,0,-130,0,0,0
2,11,widen,481.701846,481.702025,0.000179,0,0,0,0,0
2,11,expert,481.702026,481.853037,0.151011,263331840,0,0,15,0
2,11,compute,481.675106,481.979094,0.303988,0,0,0,0,0
2,12,trunk,481.979096,481.983071,0.003976,0,-129,0,0,0
2,12,widen,482.040639,482.040818,0.000179,0,0,0,0,0
2,12,expert,482.040819,482.200628,0.159809,263331840,0,0,15,0
2,12,compute,481.983074,482.319384,0.336310,0,0,0,0,0
2,13,trunk,482.319386,482.323140,0.003754,0,-128,0,0,0
2,13,widen,482.387708,482.387897,0.000189,0,0,0,0,0
2,13,expert,482.387898,482.563041,0.175144,280887296,0,0,16,0
2,13,compute,482.323142,482.694200,0.371058,0,0,0,0,0
2,14,trunk,482.694202,482.697839,0.003636,0,-127,0,0,0
2,14,widen,482.759517,482.759692,0.000176,0,0,0,0,0
2,14,expert,482.759693,482.912019,0.152326,263331840,0,0,15,0
2,14,compute,482.697841,483.038190,0.340349,0,0,0,0,0
2,15,trunk,483.038195,483.042293,0.004098,0,-126,0,0,0
2,15,widen,483.081137,483.081395,0.000258,0,0,0,0,0
2,15,expert,483.081397,483.247734,0.166337,280887296,0,0,16,0
2,15,compute,483.042334,483.366437,0.324103,0,0,0,0,0
2,16,trunk,483.366439,483.370516,0.004077,0,-125,0,0,0
2,16,widen,483.434327,483.434507,0.000180,0,0,0,0,0
2,16,expert,483.434508,483.586647,0.152139,263331840,0,0,15,0
2,16,compute,483.370518,483.712079,0.341560,0,0,0,0,0
2,17,trunk,483.712080,483.715564,0.003484,0,-124,0,0,0
2,17,widen,483.766511,483.766699,0.000188,0,0,0,0,0
2,17,expert,483.766700,483.931202,0.164502,280887296,0,0,16,0
2,17,compute,483.715566,484.050189,0.334623,0,0,0,0,0
2,18,trunk,484.050190,484.053805,0.003615,0,-123,0,0,0
2,18,widen,484.121398,484.121694,0.000295,0,0,0,0,0
2,18,expert,484.121695,484.289560,0.167865,280887296,0,0,16,0
2,18,compute,484.053808,484.399019,0.345211,0,0,0,0,0
2,19,trunk,484.399020,484.403256,0.004235,0,-122,0,0,0
2,19,widen,484.441294,484.441492,0.000197,0,0,0,0,0
2,19,expert,484.441493,484.605766,0.164274,280887296,0,0,16,0
2,19,compute,484.403259,484.726196,0.322937,0,0,0,0,0
2,20,trunk,484.726198,484.729629,0.003432,0,-121,0,0,0
2,20,widen,484.779581,484.779763,0.000182,0,0,0,0,0
2,20,expert,484.779764,484.940519,0.160755,280887296,0,0,16,0
2,20,compute,484.729631,485.070387,0.340755,0,0,0,0,0
2,21,trunk,485.070388,485.074253,0.003865,0,-120,0,0,0
2,21,widen,485.147734,485.149471,0.001737,0,0,0,0,0
2,21,expert,485.149473,485.603736,0.454263,280887296,0,0,16,0
2,21,compute,485.074276,485.724826,0.650550,0,0,0,0,0
2,22,trunk,485.724828,485.728316,0.003488,645562368,-120,1,0,0
2,22,widen,485.784663,485.784903,0.000240,0,0,0,0,0
2,22,expert,485.784904,486.168512,0.383608,280887296,0,0,16,0
2,22,compute,485.728336,486.268871,0.540535,0,0,0,0,0
2,23,trunk,486.268873,486.272335,0.003462,431890432,-121,1,0,0
2,23,widen,486.311142,486.311365,0.000222,0,0,0,0,0
2,23,expert,486.311366,486.791527,0.480162,263331840,0,0,15,0
2,23,compute,486.272354,486.925432,0.653078,0,0,0,0,0
2,24,trunk,486.925434,486.929280,0.003846,645562368,-122,1,0,0
2,24,widen,486.992451,486.992616,0.000166,0,0,0,0,0
2,24,expert,486.992617,487.528402,0.535785,228220928,0,0,13,0
2,24,compute,486.929303,487.641550,0.712246,0,0,0,0,0
2,25,trunk,487.641551,487.645416,0.003865,645562368,-123,1,0,0
2,25,widen,487.717790,487.717969,0.000178,0,0,0,0,0
2,25,expert,487.717970,488.242118,0.524149,263331840,0,0,15,0
2,25,compute,487.645440,488.351381,0.705941,0,0,0,0,0
2,26,trunk,488.351384,488.355543,0.004159,645562368,-124,1,0,0
2,26,widen,488.423125,488.423322,0.000196,0,0,0,0,0
2,26,expert,488.423323,488.797127,0.373804,263331840,0,0,15,0
2,26,compute,488.355591,488.914181,0.558590,0,0,0,0,0
2,27,trunk,488.914183,488.918038,0.003855,431890432,-125,1,0,0
2,27,widen,488.963590,488.963789,0.000199,0,0,0,0,0
2,27,expert,488.963790,489.455959,0.492169,280887296,0,0,16,0
2,27,compute,488.918061,489.585388,0.667327,0,0,0,0,0
2,28,trunk,489.585390,489.588921,0.003531,645562368,-126,1,0,0
2,28,widen,489.661594,489.661924,0.000330,0,0,0,0,0
2,28,expert,489.661925,490.110516,0.448591,263331840,0,0,15,0
2,28,compute,489.588947,490.231889,0.642942,0,0,0,0,0
2,29,trunk,490.231891,490.235461,0.003570,645562368,-127,1,0,0
2,29,widen,490.302068,490.302263,0.000195,0,0,0,0,0
2,29,expert,490.302264,490.814098,0.511834,280887296,0,0,16,0
2,29,compute,490.235486,490.942806,0.707320,0,0,0,0,0
2,30,trunk,490.942808,490.946510,0.003702,645562368,-128,1,0,0
2,30,widen,491.007291,491.007501,0.000210,0,0,0,0,0
2,30,expert,491.007502,491.412427,0.404925,280887296,0,0,16,0
2,30,compute,490.946533,491.522184,0.575651,0,0,0,0,0
2,31,trunk,491.522186,491.526357,0.004171,431890432,-129,1,0,0
2,31,widen,491.607225,491.607429,0.000204,0,0,0,0,0
2,31,expert,491.607430,492.123980,0.516550,280887296,0,0,16,0
2,31,compute,491.526382,492.235616,0.709234,0,0,0,0,0
2,32,trunk,492.235618,492.239519,0.003901,645562368,-130,1,0,0
2,32,widen,492.312694,492.312865,0.000171,0,0,0,0,0
2,32,expert,492.312866,492.844932,0.532066,245776384,0,0,14,0
2,32,compute,492.239564,492.970293,0.730730,0,0,0,0,0
2,33,trunk,492.970295,492.973666,0.003372,645562368,-131,1,0,0
2,33,widen,493.046026,493.046261,0.000235,0,0,0,0,0
2,33,expert,493.046262,493.607534,0.561273,263331840,0,0,15,0
2,33,compute,492.973706,493.726236,0.752529,0,0,0,0,0
2,34,trunk,493.726238,493.729715,0.003477,645562368,-132,1,0,0
2,34,widen,493.807751,493.807977,0.000225,0,0,0,0,0
2,34,expert,493.807978,494.208381,0.400403,280887296,0,0,16,0
2,34,compute,493.729737,494.343757,0.614020,0,0,0,0,0
2,35,trunk,494.343759,494.347615,0.003856,431890432,-133,1,0,0
2,35,widen,494.383634,494.383896,0.000262,0,0,0,0,0
2,35,expert,494.383898,494.976218,0.592321,280887296,0,0,16,0
2,35,compute,494.347639,495.103437,0.755797,0,0,0,0,0
2,36,trunk,495.103439,495.106967,0.003529,645562368,-134,1,0,0
2,36,widen,495.180416,495.180624,0.000208,0,0,0,0,0
2,36,expert,495.180625,495.714451,0.533826,245776384,0,0,14,0
2,36,compute,495.106997,495.838488,0.731491,0,0,0,0,0
2,37,trunk,495.838490,495.842231,0.003741,645562368,-135,1,0,0
2,37,widen,495.905767,495.905965,0.000198,0,0,0,0,0
2,37,expert,495.905966,496.658436,0.752469,280887296,0,0,16,0
2,37,compute,495.842252,496.774225,0.931973,0,0,0,0,0
2,38,trunk,496.774227,496.777939,0.003712,645562368,-136,1,0,0
2,38,widen,496.849384,496.849591,0.000207,0,0,0,0,0
2,38,expert,496.849592,497.407139,0.557547,280887296,0,0,16,0
2,38,compute,496.777960,497.538592,0.760632,0,0,0,0,0
2,39,trunk,497.538594,497.542487,0.003893,431890432,-137,1,0,0
2,39,widen,497.592054,497.592260,0.000206,0,0,0,0,0
2,39,expert,497.592262,498.354800,0.762539,280887296,0,0,16,0
2,39,compute,497.542510,498.470410,0.927900,0,0,0,0,0
2,40,trunk,498.470413,498.474144,0.003732,645562368,-138,1,0,0
2,40,widen,498.541752,498.541975,0.000223,0,0,0,0,0
2,40,expert,498.541976,499.312347,0.770371,280887296,0,0,16,0
2,40,compute,498.474172,499.427649,0.953477,0,0,0,0,0
2,41,trunk,499.427651,499.434512,0.006860,645562368,-139,1,0,0
2,41,widen,499.500528,499.500726,0.000199,0,0,0,0,0
2,41,expert,499.500727,500.246909,0.746182,280887296,0,0,16,0
2,41,compute,499.434550,500.367059,0.932509,0,0,0,0,0
2,42,trunk,500.367061,500.370893,0.003833,645562368,-140,1,0,0
2,42,widen,500.431702,500.431903,0.000201,0,0,0,0,0
2,42,expert,500.431904,501.014798,0.582894,280887296,0,0,16,0
2,42,compute,500.370924,501.117197,0.746273,0,0,0,0,0
2,43,trunk,501.117201,501.121844,0.004643,431890432,-141,1,0,0
2,43,widen,501.156798,501.157014,0.000216,0,0,0,0,0
2,43,expert,501.157015,501.833694,0.676679,280887296,0,0,16,0
2,43,compute,501.121871,501.966295,0.844424,0,0,0,0,0
2,44,trunk,501.966297,501.993863,0.027565,645562368,-142,1,0,0
2,44,widen,502.054176,502.054383,0.000207,0,0,0,0,0
2,44,expert,502.054384,502.838830,0.784446,280887296,0,0,16,0
2,44,compute,501.993922,502.962245,0.968323,0,0,0,0,0
2,45,trunk,502.962247,502.965837,0.003589,645562368,-143,1,0,0
2,45,widen,503.026260,503.026481,0.000221,0,0,0,0,0
2,45,expert,503.026482,503.850155,0.823673,280887296,0,0,16,0
2,45,compute,502.965859,503.960639,0.994780,0,0,0,0,0
2,46,trunk,503.960641,503.964619,0.003979,645562368,-144,1,0,0
2,46,widen,504.023488,504.023674,0.000186,0,0,0,0,0
2,46,expert,504.023675,504.616022,0.592347,263331840,0,0,15,0
2,46,compute,503.964646,504.738361,0.773715,0,0,0,0,0
2,47,trunk,504.738363,504.742158,0.003795,431890432,-145,1,0,0
2,47,widen,504.785448,504.785642,0.000194,0,0,0,0,0
2,47,expert,504.785643,505.548988,0.763345,263331840,0,0,15,0
2,47,compute,504.742190,505.658180,0.915990,0,0,0,0,0
2,48,trunk,505.658182,505.662061,0.003880,645562368,-146,1,0,0
2,48,widen,505.735429,505.735725,0.000296,0,0,0,0,0
2,48,expert,505.735726,506.467414,0.731688,263331840,0,0,15,0
2,48,compute,505.662084,506.572215,0.910131,0,0,0,0,0
2,49,trunk,506.572217,506.575715,0.003498,645562368,-147,1,0,0
2,49,widen,506.644924,506.645125,0.000200,0,0,0,0,0
2,49,expert,506.645125,507.441071,0.795945,263331840,0,0,15,0
2,49,compute,506.575742,507.562189,0.986447,0,0,0,0,0
2,50,trunk,507.562191,507.566202,0.004011,645562368,-148,1,0,0
2,50,widen,507.630796,507.631006,0.000210,0,0,0,0,0
2,50,expert,507.631007,508.209983,0.578976,280887296,0,0,16,0
2,50,compute,507.566228,508.334284,0.768056,0,0,0,0,0
2,51,trunk,508.334286,508.337898,0.003612,431890432,-149,1,0,0
2,51,widen,508.369393,508.369711,0.000318,0,0,0,0,0
2,51,expert,508.369712,509.137691,0.767979,280887296,0,0,16,0
2,51,compute,508.337920,509.257187,0.919267,0,0,0,0,0
2,52,trunk,509.257213,509.260825,0.003612,645562368,-150,1,0,0
2,52,widen,509.327669,509.328318,0.000649,0,0,0,0,0
2,52,expert,509.328319,510.056992,0.728674,280887296,0,0,16,0
2,52,compute,509.260845,510.178193,0.917348,0,0,0,0,0
2,53,trunk,510.178195,510.181949,0.003754,645562368,-151,1,0,0
2,53,widen,510.250138,510.250353,0.000216,0,0,0,0,0
2,53,expert,510.250354,510.996336,0.745982,263331840,0,0,15,0
2,53,compute,510.181983,511.110182,0.928199,0,0,0,0,0
2,54,trunk,511.110184,511.113574,0.003390,645562368,-152,1,0,0
2,54,widen,511.168894,511.169107,0.000213,0,0,0,0,0
2,54,expert,511.169109,511.749122,0.580013,280887296,0,0,16,0
2,54,compute,511.113594,511.862260,0.748666,0,0,0,0,0
2,55,trunk,511.862262,511.866042,0.003780,431890432,-153,1,0,0
2,55,widen,511.907274,511.907487,0.000213,0,0,0,0,0
2,55,expert,511.907488,512.682082,0.774594,280887296,0,0,16,0
2,55,compute,511.866066,512.803028,0.936963,0,0,0,0,0
2,56,trunk,512.803031,512.808349,0.005318,645562368,-154,1,0,0
2,56,widen,512.875959,512.876231,0.000272,0,0,0,0,0
2,56,expert,512.876232,513.639831,0.763599,280887296,0,0,16,0
2,56,compute,512.808395,513.760956,0.952561,0,0,0,0,0
2,57,trunk,513.760958,513.764595,0.003637,645562368,-155,1,0,0
2,57,widen,513.871351,513.871562,0.000211,0,0,0,0,0
2,57,expert,513.871563,514.596101,0.724538,280887296,0,0,16,0
2,57,compute,513.764644,514.722222,0.957578,0,0,0,0,0
2,58,trunk,514.722224,514.725649,0.003425,645562368,-156,1,0,0
2,58,widen,514.797890,514.798123,0.000234,0,0,0,0,0
2,58,expert,514.798124,515.350266,0.552141,280887296,0,0,16,0
2,58,compute,514.725671,515.478647,0.752976,0,0,0,0,0
2,59,trunk,515.478649,515.482607,0.003958,431890432,-157,1,0,0
2,59,widen,515.517003,515.517229,0.000226,0,0,0,0,0
2,59,expert,515.517231,516.292090,0.774859,280887296,0,0,16,0
2,59,compute,515.482631,516.410272,0.927641,0,0,0,0,0
2,60,trunk,516.410274,516.413907,0.003634,645562368,-158,1,0,0
2,60,widen,516.481532,516.481735,0.000203,0,0,0,0,0
2,60,expert,516.481737,517.263200,0.781464,280887296,0,0,16,0
2,60,compute,516.413930,517.373160,0.959230,0,0,0,0,0
2,61,trunk,517.373163,517.377031,0.003869,645562368,-159,1,0,0
2,61,widen,517.448886,517.449105,0.000219,0,0,0,0,0
2,61,expert,517.449106,518.199105,0.749999,280887296,0,0,16,0
2,61,compute,517.377077,518.321630,0.944553,0,0,0,0,0
2,62,trunk,518.321633,518.325620,0.003987,645562368,-160,1,0,0
2,62,widen,518.389072,518.389283,0.000211,0,0,0,0,0
2,62,expert,518.389284,518.889860,0.500576,280887296,0,0,16,0
2,62,compute,518.325652,518.999707,0.674054,0,0,0,0,0
2,63,trunk,518.999709,519.003255,0.003546,431890432,-161,1,0,0
2,63,widen,519.046277,519.046506,0.000229,0,0,0,0,0
2,63,expert,519.046507,519.831513,0.785006,280887296,0,0,16,0
2,63,compute,519.003280,519.954205,0.950925,0,0,0,0,0
2,64,trunk,519.954209,519.957929,0.003720,645562368,-162,1,0,0
2,64,widen,520.026982,520.027217,0.000235,0,0,0,0,0
2,64,expert,520.027219,520.816446,0.789228,280887296,0,0,16,0
2,64,compute,519.957971,520.930245,0.972274,0,0,0,0,0
2,65,trunk,520.930247,520.934311,0.004064,645562368,-163,1,0,0
2,65,widen,521.005313,521.005537,0.000224,0,0,0,0,0
2,65,expert,521.005538,521.760175,0.754637,280887296,0,0,16,0
2,65,compute,520.934338,521.880044,0.945706,0,0,0,0,0
2,66,trunk,521.880046,521.883855,0.003808,645562368,-164,1,0,0
2,66,widen,521.952299,521.952526,0.000226,0,0,0,0,0
2,66,expert,521.952527,522.536895,0.584368,280887296,0,0,16,0
2,66,compute,521.883915,522.654196,0.770281,0,0,0,0,0
2,67,trunk,522.654198,522.657736,0.003538,431890432,-165,1,0,0
2,67,widen,522.693597,522.693813,0.000216,0,0,0,0,0
2,67,expert,522.693814,523.496707,0.802893,280887296,0,0,16,0
2,67,compute,522.657763,523.618856,0.961093,0,0,0,0,0
2,68,trunk,523.618858,523.622536,0.003678,645562368,-166,1,0,0
2,68,widen,523.702984,523.703195,0.000211,0,0,0,0,0
2,68,expert,523.703196,524.428552,0.725356,280887296,0,0,16,0
2,68,compute,523.622560,524.546200,0.923641,0,0,0,0,0
2,69,trunk,524.546203,524.550012,0.003809,645562368,-167,1,0,0
2,69,widen,524.628680,524.628922,0.000243,0,0,0,0,0
2,69,expert,524.628923,525.404341,0.775418,280887296,0,0,16,0
2,69,compute,524.550049,525.515091,0.965042,0,0,0,0,0
2,70,trunk,525.515093,525.518717,0.003623,645562368,-168,1,0,0
2,70,widen,525.583412,525.583632,0.000220,0,0,0,0,0
2,70,expert,525.583634,526.150749,0.567115,280887296,0,0,16,0
2,70,compute,525.518760,526.270487,0.751727,0,0,0,0,0
2,71,trunk,526.270489,526.274314,0.003826,431890432,-169,1,0,0
2,71,widen,526.315351,526.315584,0.000232,0,0,0,0,0
2,71,expert,526.315585,527.147944,0.832359,280887296,0,0,16,0
2,71,compute,526.274342,527.244805,0.970464,0,0,0,0,0
2,72,trunk,527.244808,527.248098,0.003290,645562368,-170,1,0,0
2,72,widen,527.319345,527.319563,0.000218,0,0,0,0,0
2,72,expert,527.319564,528.097079,0.777515,280887296,0,0,16,0
2,72,compute,527.248116,528.219371,0.971254,0,0,0,0,0
2,73,trunk,528.219374,528.225672,0.006298,645562368,-171,1,0,0
2,73,widen,528.295591,528.295838,0.000247,0,0,0,0,0
2,73,expert,528.295840,529.071523,0.775683,280887296,0,0,16,0
2,73,compute,528.225693,529.198465,0.972772,0,0,0,0,0
2,74,trunk,529.198468,529.203303,0.004835,645562368,-172,1,0,0
2,74,widen,529.267995,529.268256,0.000261,0,0,0,0,0
2,74,expert,529.268257,529.849955,0.581698,280887296,0,0,16,0
2,74,compute,529.203358,529.945888,0.742531,0,0,0,0,0
2,75,trunk,529.945890,529.950271,0.004381,431890432,-173,1,0,0
2,75,widen,529.987051,529.987285,0.000235,0,0,0,0,0
2,75,expert,529.987286,530.693550,0.706264,280887296,0,0,16,0
2,75,compute,529.950299,530.805519,0.855220,0,0,0,0,0
2,76,trunk,530.805521,530.809061,0.003540,645562368,-174,1,0,0
2,76,widen,530.877861,530.878077,0.000216,0,0,0,0,0
2,76,expert,530.878077,531.602719,0.724641,280887296,0,0,16,0
2,76,compute,530.809082,531.723043,0.913961,0,0,0,0,0
2,77,trunk,531.723045,531.726878,0.003833,645562368,-175,1,0,0
2,77,widen,531.796924,531.797155,0.000231,0,0,0,0,0
2,77,expert,531.797156,532.541865,0.744710,280887296,0,0,16,0
2,77,compute,531.726907,532.647973,0.921067,0,0,0,0,0
2,78,trunk,532.647975,532.651394,0.003419,645562368,-176,1,0,0
2,78,widen,532.715384,532.715643,0.000259,0,0,0,0,0
2,78,expert,532.715644,533.300274,0.584630,280887296,0,0,16,0
2,78,compute,532.651453,533.427005,0.775552,0,0,0,0,0
2,79,trunk,533.427007,533.430552,0.003545,431890432,-177,1,0,0
2,79,widen,533.472820,533.473040,0.000221,0,0,0,0,0
2,79,expert,533.473041,534.246389,0.773348,280887296,0,0,16,0
2,79,compute,533.430573,534.352377,0.921805,0,0,0,0,0
2,80,trunk,534.352379,534.356001,0.003622,645562368,-178,1,0,0
2,80,widen,534.438057,534.438413,0.000356,0,0,0,0,0
2,80,expert,534.438414,535.170246,0.731832,280887296,0,0,16,0
2,80,compute,534.356085,535.286755,0.930670,0,0,0,0,0
2,81,trunk,535.286758,535.291492,0.004734,645562368,-179,1,0,0
2,81,widen,535.356712,535.356928,0.000216,0,0,0,0,0
2,81,expert,535.356929,536.122946,0.766017,263331840,0,0,15,0
2,81,compute,535.291518,536.232131,0.940613,0,0,0,0,0
2,82,trunk,536.232134,536.236343,0.004209,645562368,-180,1,0,0
2,82,widen,536.302530,536.302757,0.000227,0,0,0,0,0
2,82,expert,536.302759,536.874947,0.572188,280887296,0,0,16,0
2,82,compute,536.236362,536.996446,0.760084,0,0,0,0,0
2,83,trunk,536.996448,537.000451,0.004003,431890432,-181,1,0,0
2,83,widen,537.041029,537.041250,0.000222,0,0,0,0,0
2,83,expert,537.041252,537.778256,0.737004,228220928,0,0,13,0
2,83,compute,537.000490,537.884962,0.884471,0,0,0,0,0
2,84,trunk,537.884964,537.888580,0.003615,645562368,-182,1,0,0
2,84,widen,537.964530,537.964738,0.000209,0,0,0,0,0
2,84,expert,537.964739,538.627519,0.662779,228220928,0,0,13,0
2,84,compute,537.888608,538.746188,0.857580,0,0,0,0,0
2,85,trunk,538.746190,538.749936,0.003746,645562368,-183,1,0,0
2,85,widen,538.819932,538.820174,0.000242,0,0,0,0,0
2,85,expert,538.820176,539.538585,0.718410,245776384,0,0,14,0
2,85,compute,538.749991,539.674229,0.924238,0,0,0,0,0
2,86,trunk,539.674231,539.677613,0.003382,645562368,-184,1,0,0
2,86,widen,539.746932,539.747180,0.000247,0,0,0,0,0
2,86,expert,539.747181,540.304517,0.557336,280887296,0,0,16,0
2,86,compute,539.677636,540.422247,0.744611,0,0,0,0,0
2,87,trunk,540.422249,540.425824,0.003576,431890432,-185,1,0,0
2,87,widen,540.471019,540.471254,0.000235,0,0,0,0,0
2,87,expert,540.471255,541.168159,0.696904,228220928,0,0,13,0
2,87,compute,540.425847,541.270046,0.844200,0,0,0,0,0
2,88,trunk,541.270049,541.273361,0.003313,645562368,-186,1,0,0
2,88,widen,541.346232,541.346545,0.000313,0,0,0,0,0
2,88,expert,541.346567,542.086668,0.740101,263331840,0,0,15,0
2,88,compute,541.273399,542.202186,0.928786,0,0,0,0,0
2,89,trunk,542.202188,542.205633,0.003445,645562368,-187,1,0,0
2,89,widen,542.272389,542.272594,0.000204,0,0,0,0,0
2,89,expert,542.272595,543.010359,0.737764,228220928,0,0,13,0
2,89,compute,542.205655,543.126702,0.921047,0,0,0,0,0
2,90,trunk,543.126705,543.130461,0.003756,645562368,-188,1,0,0
2,90,widen,543.198156,543.198367,0.000211,0,0,0,0,0
2,90,expert,543.198369,543.699067,0.500698,210665472,0,0,12,0
2,90,compute,543.130504,543.818558,0.688055,0,0,0,0,0
2,91,trunk,543.818560,543.822643,0.004083,431890432,-189,1,0,0
2,91,widen,543.867075,543.867294,0.000220,0,0,0,0,0
2,91,expert,543.867295,544.397543,0.530247,228220928,0,0,13,0
2,91,compute,543.822676,544.501283,0.678607,0,0,0,0,0
2,92,trunk,544.501286,544.505572,0.004286,431890432,-190,1,0,0
2,92,widen,544.543934,544.544203,0.000269,0,0,0,0,0
2,92,expert,544.544205,544.732491,0.188287,228220928,0,0,13,0
2,92,compute,544.505574,544.853616,0.348042,0,0,0,0,0
3,0,trunk,544.967967,544.968059,0.000092,0,-190,0,0,0
3,0,compute,544.968059,545.091037,0.122978,0,0,0,0,0
3,1,trunk,545.091039,545.095123,0.004084,0,-189,0,0,0
3,1,widen,545.163857,545.164072,0.000215,0,0,0,0,0
3,1,expert,545.164073,545.386136,0.222064,263331840,0,0,15,0
3,1,compute,545.095126,545.490547,0.395421,0,0,0,0,0
3,2,trunk,545.490549,545.494216,0.003667,0,-188,0,0,0
3,2,widen,545.544816,545.544983,0.000167,0,0,0,0,0
3,2,expert,545.544984,545.754491,0.209507,245776384,0,0,14,0
3,2,compute,545.494218,545.866317,0.372098,0,0,0,0,0
3,3,trunk,545.866318,545.870169,0.003851,0,-187,0,0,0
3,3,widen,545.907252,545.907404,0.000152,0,0,0,0,0
3,3,expert,545.907405,546.086539,0.179134,210665472,0,0,12,0
3,3,compute,545.870171,546.210504,0.340333,0,0,0,0,0
3,4,trunk,546.210505,546.213890,0.003385,0,-186,0,0,0
3,4,widen,546.263773,546.263952,0.000179,0,0,0,0,0
3,4,expert,546.263953,546.452360,0.188407,228220928,0,0,13,0
3,4,compute,546.213892,546.576319,0.362427,0,0,0,0,0
3,5,trunk,546.576320,546.580901,0.004581,0,-185,0,0,0
3,5,widen,546.652735,546.652913,0.000178,0,0,0,0,0
3,5,expert,546.652914,546.877307,0.224393,263331840,0,0,15,0
3,5,compute,546.580904,546.983821,0.402917,0,0,0,0,0
3,6,trunk,546.983822,546.988355,0.004533,0,-184,0,0,0
3,6,widen,547.049428,547.049634,0.000206,0,0,0,0,0
3,6,expert,547.049635,547.280388,0.230753,280887296,0,0,16,0
3,6,compute,546.988358,547.391516,0.403158,0,0,0,0,0
3,7,trunk,547.391518,547.395194,0.003676,0,-183,0,0,0
3,7,widen,547.427255,547.427428,0.000173,0,0,0,0,0
3,7,expert,547.427429,547.648129,0.220700,263331840,0,0,15,0
3,7,compute,547.395196,547.766203,0.371007,0,0,0,0,0
3,8,trunk,547.766205,547.769696,0.003491,0,-182,0,0,0
3,8,widen,547.831426,547.831615,0.000189,0,0,0,0,0
3,8,expert,547.831616,548.064588,0.232972,280887296,0,0,16,0
3,8,compute,547.769698,548.178538,0.408839,0,0,0,0,0
3,9,trunk,548.178540,548.182159,0.003619,0,-181,0,0,0
3,9,widen,548.248266,548.248415,0.000149,0,0,0,0,0
3,9,expert,548.248416,548.421299,0.172883,210665472,0,0,12,0
3,9,compute,548.182161,548.538262,0.356101,0,0,0,0,0
3,10,trunk,548.538264,548.541736,0.003472,0,-180,0,0,0
3,10,widen,548.595764,548.595893,0.000130,0,0,0,0,0
3,10,expert,548.595895,548.741119,0.145225,175554560,0,0,10,0
3,10,compute,548.541739,548.856700,0.314961,0,0,0,0,0
3,11,trunk,548.856702,548.860406,0.003704,0,-179,0,0,0
3,11,widen,548.893163,548.893477,0.000314,0,0,0,0,0
3,11,expert,548.893478,549.079548,0.186071,228220928,0,0,13,0
3,11,compute,548.860408,549.194203,0.333795,0,0,0,0,0
3,12,trunk,549.194205,549.199014,0.004809,0,-178,0,0,0
3,12,widen,549.275782,549.275952,0.000169,0,0,0,0,0
3,12,expert,549.275952,549.482228,0.206276,245776384,0,0,14,0
3,12,compute,549.199016,549.588106,0.389090,0,0,0,0,0
3,13,trunk,549.588108,549.591679,0.003571,0,-177,0,0,0
3,13,widen,549.649062,549.649226,0.000164,0,0,0,0,0
3,13,expert,549.649227,549.844388,0.195162,228220928,0,0,13,0
3,13,compute,549.591681,549.949925,0.358245,0,0,0,0,0
3,14,trunk,549.949927,549.953808,0.003882,0,-176,0,0,0
3,14,widen,550.021929,550.022088,0.000159,0,0,0,0,0
3,14,expert,550.022089,550.207611,0.185521,228220928,0,0,13,0
3,14,compute,549.953836,550.314592,0.360756,0,0,0,0,0
3,15,trunk,550.314593,550.318542,0.003949,0,-175,0,0,0
3,15,widen,550.356795,550.357136,0.000341,0,0,0,0,0
3,15,expert,550.357138,550.564813,0.207675,245776384,0,0,14,0
3,15,compute,550.318544,550.678220,0.359675,0,0,0,0,0
3,16,trunk,550.678222,550.681881,0.003660,0,-174,0,0,0
3,16,widen,550.749436,550.749593,0.000157,0,0,0,0,0
3,16,expert,550.749594,550.931223,0.181629,210665472,0,0,12,0
3,16,compute,550.681883,551.058185,0.376302,0,0,0,0,0
3,17,trunk,551.058186,551.062536,0.004349,0,-173,0,0,0
3,17,widen,551.134786,551.134956,0.000170,0,0,0,0,0
3,17,expert,551.134957,551.348443,0.213486,245776384,0,0,14,0
3,17,compute,551.062539,551.452208,0.389669,0,0,0,0,0
3,18,trunk,551.452210,551.455902,0.003692,0,-172,0,0,0
3,18,widen,551.523314,551.523478,0.000164,0,0,0,0,0
3,18,expert,551.523479,551.717848,0.194369,228220928,0,0,13,0
3,18,compute,551.455903,551.838192,0.382289,0,0,0,0,0
3,19,trunk,551.838194,551.842003,0.003809,0,-171,0,0,0
3,19,widen,551.877419,551.877586,0.000167,0,0,0,0,0
3,19,expert,551.877587,552.072055,0.194467,228220928,0,0,13,0
3,19,compute,551.842005,552.198197,0.356192,0,0,0,0,0
3,20,trunk,552.198199,552.201933,0.003734,0,-170,0,0,0
3,20,widen,552.257389,552.257541,0.000152,0,0,0,0,0
3,20,expert,552.257542,552.426795,0.169253,210665472,0,0,12,0
3,20,compute,552.201935,552.530774,0.328839,0,0,0,0,0
3,21,trunk,552.530775,552.535375,0.004599,0,-169,0,0,0
3,21,widen,552.609792,552.609969,0.000177,0,0,0,0,0
3,21,expert,552.609970,553.355322,0.745352,263331840,0,0,15,0
3,21,compute,552.535421,553.479186,0.943765,0,0,0,0,0
3,22,trunk,553.479188,553.482814,0.003626,645562368,-169,1,0,0
3,22,widen,553.554873,553.555052,0.000179,0,0,0,0,0
3,22,expert,553.555053,554.134231,0.579178,263331840,0,0,15,0
3,22,compute,553.482839,554.250487,0.767647,0,0,0,0,0
3,23,trunk,554.250490,554.254761,0.004271,431890432,-170,1,0,0
3,23,widen,554.294638,554.294793,0.000155,0,0,0,0,0
3,23,expert,554.294794,554.974970,0.680175,210665472,0,0,12,0
3,23,compute,554.254791,555.106056,0.851265,0,0,0,0,0
3,24,trunk,555.106058,555.109904,0.003846,645562368,-171,1,0,0
3,24,widen,555.170944,555.171103,0.000158,0,0,0,0,0
3,24,expert,555.171104,555.946718,0.775614,228220928,0,0,13,0
3,24,compute,555.109927,556.070453,0.960526,0,0,0,0,0
3,25,trunk,556.070455,556.074102,0.003647,645562368,-172,1,0,0
3,25,widen,556.150986,556.151179,0.000194,0,0,0,0,0
3,25,expert,556.151180,556.904145,0.752965,280887296,0,0,16,0
3,25,compute,556.074304,557.017455,0.943152,0,0,0,0,0
3,26,trunk,557.017458,557.021262,0.003804,645562368,-173,1,0,0
3,26,widen,557.099545,557.099938,0.000394,0,0,0,0,0
3,26,expert,557.099939,557.599975,0.500035,245776384,0,0,14,0
3,26,compute,557.021285,557.726208,0.704922,0,0,0,0,0
3,27,trunk,557.726209,557.729799,0.003589,431890432,-174,1,0,0
3,27,widen,557.770701,557.770894,0.000193,0,0,0,0,0
3,27,expert,557.770895,558.499998,0.729103,280887296,0,0,16,0
3,27,compute,557.729927,558.618970,0.889044,0,0,0,0,0
3,28,trunk,558.618973,558.622529,0.003557,645562368,-175,1,0,0
3,28,widen,558.691851,558.692059,0.000208,0,0,0,0,0
3,28,expert,558.692060,559.377873,0.685813,263331840,0,0,15,0
3,28,compute,558.622555,559.505472,0.882917,0,0,0,0,0
3,29,trunk,559.505474,559.509177,0.003703,645562368,-176,1,0,0
3,29,widen,559.579187,559.579361,0.000174,0,0,0,0,0
3,29,expert,559.579362,560.317017,0.737655,245776384,0,0,14,0
3,29,compute,559.509201,560.422879,0.913677,0,0,0,0,0
3,30,trunk,560.422881,560.426339,0.003458,645562368,-177,1,0,0
3,30,widen,560.486443,560.486663,0.000220,0,0,0,0,0
3,30,expert,560.486665,561.060987,0.574322,263331840,0,0,15,0
3,30,compute,560.426363,561.177521,0.751158,0,0,0,0,0
3,31,trunk,561.177524,561.181607,0.004084,431890432,-178,1,0,0
3,31,widen,561.221521,561.221704,0.000183,0,0,0,0,0
3,31,expert,561.221706,562.008485,0.786779,263331840,0,0,15,0
3,31,compute,561.181638,562.132776,0.951138,0,0,0,0,0
3,32,trunk,562.132778,562.137169,0.004391,645562368,-179,1,0,0
3,32,widen,562.226294,562.226440,0.000146,0,0,0,0,0
3,32,expert,562.226462,562.928085,0.701624,210665472,0,0,12,0
3,32,compute,562.137191,563.054171,0.916980,0,0,0,0,0
3,33,trunk,563.054173,563.057672,0.003499,645562368,-180,1,0,0
3,33,widen,563.117623,563.117820,0.000197,0,0,0,0,0
3,33,expert,563.117821,563.894860,0.777039,228220928,0,0,13,0
3,33,compute,563.057723,564.012145,0.954422,0,0,0,0,0
3,34,trunk,564.012147,564.016416,0.004269,645562368,-181,1,0,0
3,34,widen,564.083029,564.083211,0.000182,0,0,0,0,0
3,34,expert,564.083212,564.654761,0.571549,263331840,0,0,15,0
3,34,compute,564.016438,564.779106,0.762668,0,0,0,0,0
3,35,trunk,564.779108,564.784575,0.005467,431890432,-182,1,0,0
3,35,widen,564.832477,564.832783,0.000306,0,0,0,0,0
3,35,expert,564.832784,565.604450,0.771666,245776384,0,0,14,0
3,35,compute,564.784621,565.705078,0.920457,0,0,0,0,0
3,36,trunk,565.705080,565.708478,0.003398,645562368,-183,1,0,0
3,36,widen,565.777875,565.778071,0.000196,0,0,0,0,0
3,36,expert,565.778072,566.520815,0.742743,245776384,0,0,14,0
3,36,compute,565.708498,566.638164,0.929666,0,0,0,0,0
3,37,trunk,566.638166,566.641801,0.003635,645562368,-184,1,0,0
3,37,widen,566.712378,566.712590,0.000213,0,0,0,0,0
3,37,expert,566.712592,567.409395,0.696803,263331840,0,0,15,0
3,37,compute,566.641828,567.546176,0.904348,0,0,0,0,0
3,38,trunk,567.546178,567.550359,0.004182,645562368,-185,1,0,0
3,38,widen,567.619757,567.619955,0.000199,0,0,0,0,0
3,38,expert,567.619956,568.139668,0.519712,245776384,0,0,14,0
3,38,compute,567.550383,568.244046,0.693663,0,0,0,0,0
3,39,trunk,568.244048,568.247658,0.003610,431890432,-186,1,0,0
3,39,widen,568.293144,568.293314,0.000170,0,0,0,0,0
3,39,expert,568.293316,569.022725,0.729409,245776384,0,0,14,0
3,39,compute,568.247700,569.142173,0.894473,0,0,0,0,0
3,40,trunk,569.142175,569.145594,0.003419,645562368,-187,1,0,0
3,40,widen,569.209336,569.209515,0.000179,0,0,0,0,0
3,40,expert,569.209516,569.963018,0.753503,263331840,0,0,15,0
3,40,compute,569.145616,570.075056,0.929440,0,0,0,0,0
3,41,trunk,570.075058,570.078483,0.003425,645562368,-188,1,0,0
3,41,widen,570.143916,570.144156,0.000240,0,0,0,0,0
3,41,expert,570.144157,570.859733,0.715575,245776384,0,0,14,0
3,41,compute,570.078506,570.978285,0.899779,0,0,0,0,0
3,42,trunk,570.978287,570.982217,0.003930,645562368,-189,1,0,0
3,42,widen,571.043436,571.043644,0.000208,0,0,0,0,0
3,42,expert,571.043645,571.587996,0.544351,245776384,0,0,14,0
3,42,compute,570.982261,571.702291,0.720030,0,0,0,0,0
3,43,trunk,571.702293,571.705687,0.003394,431890432,-190,1,0,0
3,43,widen,571.743531,571.743720,0.000189,0,0,0,0,0
3,43,expert,571.743721,572.558582,0.814862,280887296,0,0,16,0
3,43,compute,571.705710,572.678783,0.973073,0,0,0,0,0
3,44,trunk,572.678785,572.682503,0.003718,645562368,-191,1,0,0
3,44,widen,572.744714,572.744911,0.000197,0,0,0,0,0
3,44,expert,572.744912,573.516951,0.772039,280887296,0,0,16,0
3,44,compute,572.682536,573.621830,0.939294,0,0,0,0,0
3,45,trunk,573.621832,573.625628,0.003795,645562368,-192,1,0,0
3,45,widen,573.687699,573.687883,0.000184,0,0,0,0,0
3,45,expert,573.687884,574.481169,0.793285,263331840,0,0,15,0
3,45,compute,573.625652,574.598274,0.972621,0,0,0,0,0
3,46,trunk,574.598276,574.602412,0.004135,645562368,-193,1,0,0
3,46,widen,574.671672,574.671839,0.000167,0,0,0,0,0
3,46,expert,574.671840,575.222643,0.550803,245776384,0,0,14,0
3,46,compute,574.602477,575.318018,0.715541,0,0,0,0,0
3,47,trunk,575.318021,575.321546,0.003525,431890432,-194,1,0,0
3,47,widen,575.359019,575.359211,0.000192,0,0,0,0,0
3,47,expert,575.359212,576.108676,0.749464,245776384,0,0,14,0
3,47,compute,575.321567,576.226202,0.904635,0,0,0,0,0
3,48,trunk,576.226204,576.229686,0.003482,645562368,-195,1,0,0
3,48,widen,576.297040,576.297227,0.000187,0,0,0,0,0
3,48,expert,576.297228,577.021319,0.724090,263331840,0,0,15,0
3,48,compute,576.229741,577.138690,0.908949,0,0,0,0,0
3,49,trunk,577.138692,577.142373,0.003681,645562368,-196,1,0,0
3,49,widen,577.207762,577.207963,0.000201,0,0,0,0,0
3,49,expert,577.207964,577.988610,0.780645,263331840,0,0,15,0
3,49,compute,577.142404,578.086789,0.944385,0,0,0,0,0
3,50,trunk,578.086791,578.090196,0.003404,645562368,-197,1,0,0
3,50,widen,578.142187,578.142368,0.000181,0,0,0,0,0
3,50,expert,578.142369,578.710972,0.568603,263331840,0,0,15,0
3,50,compute,578.090235,578.842245,0.752010,0,0,0,0,0
3,51,trunk,578.842248,578.846401,0.004153,431890432,-198,1,0,0
3,51,widen,578.889283,578.889495,0.000212,0,0,0,0,0
3,51,expert,578.889497,579.585418,0.695921,245776384,0,0,14,0
3,51,compute,578.846424,579.691422,0.844998,0,0,0,0,0
3,52,trunk,579.691424,579.695257,0.003833,645562368,-199,1,0,0
3,52,widen,579.767556,579.767725,0.000168,0,0,0,0,0
3,52,expert,579.767726,580.440370,0.672644,228220928,0,0,13,0
3,52,compute,579.695286,580.564390,0.869103,0,0,0,0,0
3,53,trunk,580.564392,580.567836,0.003445,645562368,-200,1,0,0
3,53,widen,580.623605,580.623791,0.000186,0,0,0,0,0
3,53,expert,580.623792,581.358236,0.734445,245776384,0,0,14,0
3,53,compute,580.567860,581.478416,0.910556,0,0,0,0,0
3,54,trunk,581.478419,581.482402,0.003983,645562368,-201,1,0,0
3,54,widen,581.545071,581.545258,0.000188,0,0,0,0,0
3,54,expert,581.545260,582.088995,0.543736,263331840,0,0,15,0
3,54,compute,581.482434,582.202165,0.719731,0,0,0,0,0
3,55,trunk,582.202167,582.205694,0.003527,431890432,-202,1,0,0
3,55,widen,582.245594,582.245808,0.000214,0,0,0,0,0
3,55,expert,582.245809,582.969014,0.723204,228220928,0,0,13,0
3,55,compute,582.205718,583.086548,0.880830,0,0,0,0,0
3,56,trunk,583.086551,583.090161,0.003610,645562368,-203,1,0,0
3,56,widen,583.154677,583.154854,0.000177,0,0,0,0,0
3,56,expert,583.154855,583.910048,0.755193,263331840,0,0,15,0
3,56,compute,583.090204,584.033387,0.943183,0,0,0,0,0
3,57,trunk,584.033390,584.037781,0.004392,645562368,-204,1,0,0
3,57,widen,584.106155,584.106346,0.000191,0,0,0,0,0
3,57,expert,584.106347,584.876444,0.770097,280887296,0,0,16,0
3,57,compute,584.037808,584.976146,0.938338,0,0,0,0,0
3,58,trunk,584.976148,584.979474,0.003326,645562368,-205,1,0,0
3,58,widen,585.040614,585.040810,0.000196,0,0,0,0,0
3,58,expert,585.040811,585.585888,0.545077,228220928,0,0,13,0
3,58,compute,584.979516,585.689358,0.709843,0,0,0,0,0
3,59,trunk,585.689360,585.692987,0.003626,431890432,-206,1,0,0
3,59,widen,585.729733,585.729924,0.000191,0,0,0,0,0
3,59,expert,585.729925,586.446530,0.716605,228220928,0,0,13,0
3,59,compute,585.693007,586.567870,0.874864,0,0,0,0,0
3,60,trunk,586.567873,586.572826,0.004953,645562368,-207,1,0,0
3,60,widen,586.648426,586.648853,0.000427,0,0,0,0,0
3,60,expert,586.648855,587.264202,0.615347,263331840,0,0,15,0
3,60,compute,586.572848,587.369646,0.796798,0,0,0,0,0
3,61,trunk,587.369647,587.422033,0.052385,645562368,-208,1,0,0
3,61,widen,587.485438,587.485645,0.000207,0,0,0,0,0
3,61,expert,587.485645,588.225640,0.739994,263331840,0,0,15,0
3,61,compute,587.422089,588.340334,0.918245,0,0,0,0,0
3,62,trunk,588.340340,588.344282,0.003942,645562368,-209,1,0,0
3,62,widen,588.417578,588.417917,0.000339,0,0,0,0,0
3,62,expert,588.417919,588.913770,0.495851,210665472,0,0,12,0
3,62,compute,588.344344,589.024764,0.680421,0,0,0,0,0
3,63,trunk,589.024767,589.028358,0.003591,431890432,-210,1,0,0
3,63,widen,589.076456,589.076642,0.000186,0,0,0,0,0
3,63,expert,589.076643,589.802666,0.726023,228220928,0,0,13,0
3,63,compute,589.028378,589.914178,0.885801,0,0,0,0,0
3,64,trunk,589.914180,589.917870,0.003690,645562368,-211,1,0,0
3,64,widen,589.983347,589.983590,0.000243,0,0,0,0,0
3,64,expert,589.983591,590.732567,0.748977,245776384,0,0,14,0
3,64,compute,589.917929,590.846184,0.928256,0,0,0,0,0
3,65,trunk,590.846187,590.849654,0.003468,645562368,-212,1,0,0
3,65,widen,590.948509,590.948673,0.000164,0,0,0,0,0
3,65,expert,590.948675,591.613941,0.665266,210665472,0,0,12,0
3,65,compute,590.849710,591.734601,0.884890,0,0,0,0,0
3,66,trunk,591.734603,591.739294,0.004691,645562368,-213,1,0,0
3,66,widen,591.816832,591.817048,0.000216,0,0,0,0,0
3,66,expert,591.817049,592.352651,0.535601,245776384,0,0,14,0
3,66,compute,591.739351,592.461457,0.722105,0,0,0,0,0
3,67,trunk,592.461459,592.465518,0.004059,431890432,-214,1,0,0
3,67,widen,592.508450,592.508674,0.000224,0,0,0,0,0
3,67,expert,592.508676,593.273024,0.764348,245776384,0,0,14,0
3,67,compute,592.465541,593.382085,0.916544,0,0,0,0,0
3,68,trunk,593.382087,593.385414,0.003327,645562368,-215,1,0,0
3,68,widen,593.450615,593.450796,0.000182,0,0,0,0,0
3,68,expert,593.450797,594.155941,0.705144,228220928,0,0,13,0
3,68,compute,593.385451,594.256826,0.871375,0,0,0,0,0
3,69,trunk,594.256828,594.260595,0.003767,645562368,-216,1,0,0
3,69,widen,594.319597,594.319795,0.000198,0,0,0,0,0
3,69,expert,594.319796,595.065663,0.745867,228220928,0,0,13,0
3,69,compute,594.260648,595.188406,0.927758,0,0,0,0,0
3,70,trunk,595.188408,595.192108,0.003700,645562368,-217,1,0,0
3,70,widen,595.257043,595.257217,0.000174,0,0,0,0,0
3,70,expert,595.257218,595.767547,0.510328,210665472,0,0,12,0
3,70,compute,595.192128,595.886189,0.694062,0,0,0,0,0
3,71,trunk,595.886191,595.890632,0.004441,431890432,-218,1,0,0
3,71,widen,595.934510,595.934740,0.000230,0,0,0,0,0
3,71,expert,595.934741,596.716858,0.782117,245776384,0,0,14,0
3,71,compute,595.890655,596.842266,0.951611,0,0,0,0,0
3,72,trunk,596.842268,596.845794,0.003527,645562368,-219,1,0,0
3,72,widen,596.908193,596.908479,0.000287,0,0,0,0,0
3,72,expert,596.908480,597.681816,0.773335,263331840,0,0,15,0
3,72,compute,596.845817,597.802167,0.956350,0,0,0,0,0
3,73,trunk,597.802169,597.805775,0.003607,645562368,-220,1,0,0
3,73,widen,597.869749,597.870000,0.000251,0,0,0,0,0
3,73,expert,597.870002,598.655081,0.785080,280887296,0,0,16,0
3,73,compute,597.805800,598.766440,0.960640,0,0,0,0,0
3,74,trunk,598.766442,598.770204,0.003762,645562368,-221,1,0,0
3,74,widen,598.841316,598.841548,0.000232,0,0,0,0,0
3,74,expert,598.841549,599.417780,0.576230,280887296,0,0,16,0
3,74,compute,598.770236,599.526908,0.756672,0,0,0,0,0
3,75,trunk,599.526911,599.530822,0.003911,431890432,-222,1,0,0
3,75,widen,599.593122,599.593407,0.000285,0,0,0,0,0
3,75,expert,599.593408,600.344540,0.751132,280887296,0,0,16,0
3,75,compute,599.530853,600.462830,0.931977,0,0,0,0,0
3,76,trunk,600.462832,600.466510,0.003679,645562368,-223,1,0,0
3,76,widen,600.535828,600.536099,0.000271,0,0,0,0,0
3,76,expert,600.536100,601.258989,0.722889,280887296,0,0,16,0
3,76,compute,600.466552,601.374482,0.907930,0,0,0,0,0
3,77,trunk,601.374485,601.377869,0.003384,645562368,-224,1,0,0
3,77,widen,601.440373,601.440561,0.000188,0,0,0,0,0
3,77,expert,601.440563,602.136550,0.695988,228220928,0,0,13,0
3,77,compute,601.377894,602.232574,0.854680,0,0,0,0,0
3,78,trunk,602.232576,602.235866,0.003291,645562368,-225,1,0,0
3,78,widen,602.296662,602.296885,0.000222,0,0,0,0,0
3,78,expert,602.296886,602.848892,0.552006,245776384,0,0,14,0
3,78,compute,602.235888,602.967045,0.731156,0,0,0,0,0
3,79,trunk,602.967047,602.971051,0.004004,431890432,-226,1,0,0
3,79,widen,603.007674,603.007877,0.000203,0,0,0,0,0
3,79,expert,603.007878,603.754529,0.746651,245776384,0,0,14,0
3,79,compute,602.971079,603.865926,0.894847,0,0,0,0,0
3,80,trunk,603.865928,603.869792,0.003865,645562368,-227,1,0,0
3,80,widen,603.939236,603.939449,0.000213,0,0,0,0,0
3,80,expert,603.939450,604.680818,0.741368,280887296,0,0,16,0
3,80,compute,603.869815,604.810335,0.940520,0,0,0,0,0
3,81,trunk,604.810337,604.814168,0.003831,645562368,-228,1,0,0
3,81,widen,604.879499,604.879710,0.000211,0,0,0,0,0
3,81,expert,604.879711,605.625213,0.745502,245776384,0,0,14,0
3,81,compute,604.814219,605.733227,0.919008,0,0,0,0,0
3,82,trunk,605.733228,605.737009,0.003781,645562368,-229,1,0,0
3,82,widen,605.793957,605.794204,0.000247,0,0,0,0,0
3,82,expert,605.794205,606.352404,0.558199,263331840,0,0,15,0
3,82,compute,605.737031,606.470336,0.733305,0,0,0,0,0
3,83,trunk,606.470338,606.473880,0.003542,431890432,-230,1,0,0
3,83,widen,606.512797,606.513179,0.000383,0,0,0,0,0
3,83,expert,606.513180,607.254585,0.741405,228220928,0,0,13,0
3,83,compute,606.473903,607.366213,0.892310,0,0,0,0,0
3,84,trunk,607.366215,607.370175,0.003960,645562368,-231,1,0,0
3,84,widen,607.436649,607.436804,0.000155,0,0,0,0,0
3,84,expert,607.436805,608.093614,0.656809,175554560,0,0,10,0
3,84,compute,607.370196,608.211691,0.841495,0,0,0,0,0
3,85,trunk,608.211693,608.215412,0.003719,645562368,-232,1,0,0
3,85,widen,608.283904,608.284152,0.000248,0,0,0,0,0
3,85,expert,608.284153,608.997228,0.713075,228220928,0,0,13,0
3,85,compute,608.215447,609.122211,0.906764,0,0,0,0,0
3,86,trunk,609.122212,609.125798,0.003586,645562368,-233,1,0,0
3,86,widen,609.184745,609.185080,0.000335,0,0,0,0,0
3,86,expert,609.185081,609.714266,0.529185,245776384,0,0,14,0
3,86,compute,609.125836,609.844046,0.718210,0,0,0,0,0
3,87,trunk,609.844048,609.847893,0.003845,431890432,-234,1,0,0
3,87,widen,609.879634,609.879948,0.000314,0,0,0,0,0
3,87,expert,609.879969,610.603112,0.723143,228220928,0,0,13,0
3,87,compute,609.847918,610.726219,0.878301,0,0,0,0,0
3,88,trunk,610.726222,610.730059,0.003837,645562368,-235,1,0,0
3,88,widen,610.798624,610.798877,0.000254,0,0,0,0,0
3,88,expert,610.798878,611.488851,0.689972,210665472,0,0,12,0
3,88,compute,610.730090,611.615945,0.885855,0,0,0,0,0
3,89,trunk,611.615947,611.619553,0.003605,645562368,-236,1,0,0
3,89,widen,611.677198,611.677417,0.000219,0,0,0,0,0
3,89,expert,611.677418,612.446987,0.769569,245776384,0,0,14,0
3,89,compute,611.619578,612.567160,0.947582,0,0,0,0,0
3,90,trunk,612.567162,612.570810,0.003648,645562368,-237,1,0,0
3,90,widen,612.634538,612.634753,0.000215,0,0,0,0,0
3,90,expert,612.634753,613.156103,0.521349,228220928,0,0,13,0
3,90,compute,612.570837,613.277317,0.706480,0,0,0,0,0
3,91,trunk,613.277319,613.281246,0.003928,431890432,-238,1,0,0
3,91,widen,613.321296,613.321513,0.000216,0,0,0,0,0
3,91,expert,613.321514,613.861394,0.539879,210665472,0,0,12,0
3,91,compute,613.281270,613.986986,0.705716,0,0,0,0,0
3,92,trunk,613.986988,613.990866,0.003877,431890432,-239,1,0,0
3,92,widen,614.025182,614.025403,0.000221,0,0,0,0,0
3,92,expert,614.025404,614.212735,0.187331,228220928,0,0,13,0
3,92,compute,613.990867,614.338390,0.347522,0,0,0,0,0
4,0,trunk,614.448211,614.448252,0.000041,0,-239,0,0,0
4,0,compute,614.448253,614.568945,0.120692,0,0,0,0,0
4,1,trunk,614.568946,614.573131,0.004185,0,-238,0,0,0
4,1,widen,614.647050,614.647215,0.000165,0,0,0,0,0
4,1,expert,614.647217,614.831261,0.184045,228220928,0,0,13,0
4,1,compute,614.573135,614.928563,0.355428,0,0,0,0,0
4,2,trunk,614.928564,614.933129,0.004564,0,-237,0,0,0
4,2,widen,614.993003,614.993137,0.000134,0,0,0,0,0
4,2,expert,614.993138,615.140776,0.147638,175554560,0,0,10,0
4,2,compute,614.933131,615.262173,0.329042,0,0,0,0,0
4,3,trunk,615.262175,615.265915,0.003740,0,-236,0,0,0
4,3,widen,615.302927,615.303056,0.000129,0,0,0,0,0
4,3,expert,615.303057,615.444180,0.141123,175554560,0,0,10,0
4,3,compute,615.265917,615.562230,0.296314,0,0,0,0,0
4,4,trunk,615.562233,615.566098,0.003865,0,-235,0,0,0
4,4,widen,615.629751,615.629972,0.000222,0,0,0,0,0
4,4,expert,615.629973,615.797993,0.168019,193110016,0,0,11,0
4,4,compute,615.566100,615.901983,0.335883,0,0,0,0,0
4,5,trunk,615.901984,615.905542,0.003558,0,-234,0,0,0
4,5,widen,615.961681,615.961826,0.000145,0,0,0,0,0
4,5,expert,615.961827,616.116023,0.154196,193110016,0,0,11,0
4,5,compute,615.905544,616.213257,0.307712,0,0,0,0,0
4,6,trunk,616.213258,616.218618,0.005360,0,-233,0,0,0
4,6,widen,616.280543,616.280722,0.000179,0,0,0,0,0
4,6,expert,616.280723,616.504136,0.223413,280887296,0,0,16,0
4,6,compute,616.218620,616.613939,0.395319,0,0,0,0,0
4,7,trunk,616.613941,616.617558,0.003617,0,-232,0,0,0
4,7,widen,616.658706,616.658885,0.000179,0,0,0,0,0
4,7,expert,616.658886,616.870147,0.211261,263331840,0,0,15,0
4,7,compute,616.617560,616.986189,0.368628,0,0,0,0,0
4,8,trunk,616.986190,616.990003,0.003813,0,-231,0,0,0
4,8,widen,617.048392,617.048562,0.000171,0,0,0,0,0
4,8,expert,617.048563,617.262414,0.213851,263331840,0,0,15,0
4,8,compute,616.990005,617.376328,0.386323,0,0,0,0,0
4,9,trunk,617.376329,617.379738,0.003409,0,-230,0,0,0
4,9,widen,617.442227,617.442366,0.000139,0,0,0,0,0
4,9,expert,617.442367,617.600803,0.158436,193110016,0,0,11,0
4,9,compute,617.379740,617.695135,0.315394,0,0,0,0,0
4,10,trunk,617.695136,617.699141,0.004005,0,-229,0,0,0
4,10,widen,617.754992,617.755172,0.000180,0,0,0,0,0
4,10,expert,617.755173,617.938977,0.183804,228220928,0,0,13,0
4,10,compute,617.699143,618.054199,0.355056,0,0,0,0,0
4,11,trunk,618.054201,618.057939,0.003738,0,-228,0,0,0
4,11,widen,618.089394,618.089514,0.000119,0,0,0,0,0
4,11,expert,618.089515,618.231565,0.142050,175554560,0,0,10,0
4,11,compute,618.057942,618.339211,0.281269,0,0,0,0,0
4,12,trunk,618.339213,618.342983,0.003770,0,-227,0,0,0
4,12,widen,618.405546,618.405709,0.000163,0,0,0,0,0
4,12,expert,618.405710,618.596186,0.190476,228220928,0,0,13,0
4,12,compute,618.342986,618.705812,0.362826,0,0,0,0,0
4,13,trunk,618.705817,618.709410,0.003593,0,-226,0,0,0
4,13,widen,618.763910,618.764102,0.000193,0,0,0,0,0
4,13,expert,618.764103,618.953756,0.189653,228220928,0,0,13,0
4,13,compute,618.709480,619.074287,0.364807,0,0,0,0,0
4,14,trunk,619.074288,619.078204,0.003916,0,-225,0,0,0
4,14,widen,619.143722,619.143892,0.000171,0,0,0,0,0
4,14,expert,619.143894,619.344348,0.200454,245776384,0,0,14,0
4,14,compute,619.078207,619.450996,0.372790,0,0,0,0,0
4,15,trunk,619.450998,619.454932,0.003934,0,-224,0,0,0
4,15,widen,619.488224,619.488370,0.000146,0,0,0,0,0
4,15,expert,619.488371,619.647598,0.159226,193110016,0,0,11,0
4,15,compute,619.454935,619.770796,0.315861,0,0,0,0,0
4,16,trunk,619.770798,619.774527,0.003729,0,-223,0,0,0
4,16,widen,619.821187,619.821335,0.000148,0,0,0,0,0
4,16,expert,619.821336,619.973692,0.152356,193110016,0,0,11,0
4,16,compute,619.774531,620.098171,0.323640,0,0,0,0,0
4,17,trunk,620.098172,620.101647,0.003474,0,-222,0,0,0
4,17,widen,620.167158,620.167299,0.000141,0,0,0,0,0
4,17,expert,620.167300,620.334898,0.167598,210665472,0,0,12,0
4,17,compute,620.101650,620.458368,0.356719,0,0,0,0,0
4,18,trunk,620.458370,620.462250,0.003880,0,-221,0,0,0
4,18,widen,620.523332,620.523488,0.000156,0,0,0,0,0
4,18,expert,620.523489,620.709474,0.185985,228220928,0,0,13,0
4,18,compute,620.462252,620.826798,0.364546,0,0,0,0,0
4,19,trunk,620.826799,620.830501,0.003702,0,-220,0,0,0
4,19,widen,620.883767,620.883893,0.000127,0,0,0,0,0
4,19,expert,620.883894,621.026473,0.142579,175554560,0,0,10,0
4,19,compute,620.830504,621.166182,0.335678,0,0,0,0,0
4,20,trunk,621.166183,621.169905,0.003722,0,-219,0,0,0
4,20,widen,621.233312,621.233471,0.000159,0,0,0,0,0
4,20,expert,621.233472,621.408290,0.174818,210665472,0,0,12,0
4,20,compute,621.169907,621.536023,0.366115,0,0,0,0,0
4,21,trunk,621.536024,621.539637,0.003612,0,-218,0,0,0
4,21,widen,621.608306,621.608456,0.000151,0,0,0,0,0
4,21,expert,621.608457,622.332636,0.724179,228220928,0,0,13,0
4,21,compute,621.539659,622.481967,0.942308,0,0,0,0,0
4,22,trunk,622.481968,622.485545,0.003577,645562368,-218,1,0,0
4,22,widen,622.557655,622.557846,0.000192,0,0,0,0,0
4,22,expert,622.557847,623.088278,0.530431,193110016,0,0,11,0
4,22,compute,622.485570,623.189606,0.704037,0,0,0,0,0
4,23,trunk,623.189608,623.193267,0.003659,431890432,-219,1,0,0
4,23,widen,623.245022,623.245235,0.000212,0,0,0,0,0
4,23,expert,623.245236,623.847444,0.602209,193110016,0,0,11,0
4,23,compute,623.193290,623.967234,0.773944,0,0,0,0,0
4,24,trunk,623.967236,623.971395,0.004159,645562368,-220,1,0,0
4,24,widen,624.039507,624.039650,0.000143,0,0,0,0,0
4,24,expert,624.039651,624.785473,0.745822,193110016,0,0,11,0
4,24,compute,623.971440,624.910564,0.939124,0,0,0,0,0
4,25,trunk,624.910566,624.914228,0.003662,645562368,-221,1,0,0
4,25,widen,624.977939,624.978122,0.000183,0,0,0,0,0
4,25,expert,624.978123,625.731116,0.752993,263331840,0,0,15,0
4,25,compute,624.914261,625.859275,0.945014,0,0,0,0,0
4,26,trunk,625.859278,625.863574,0.004296,645562368,-222,1,0,0
4,26,widen,625.924189,625.924347,0.000158,0,0,0,0,0
4,26,expert,625.924348,626.447372,0.523025,228220928,0,0,13,0
4,26,compute,625.863601,626.563114,0.699513,0,0,0,0,0
4,27,trunk,626.563116,626.566629,0.003512,431890432,-223,1,0,0
4,27,widen,626.612542,626.612745,0.000203,0,0,0,0,0
4,27,expert,626.612746,627.338808,0.726061,263331840,0,0,15,0
4,27,compute,626.566650,627.454401,0.887752,0,0,0,0,0
4,28,trunk,627.454404,627.458169,0.003765,645562368,-224,1,0,0
4,28,widen,627.521312,627.521505,0.000193,0,0,0,0,0
4,28,expert,627.521506,628.214410,0.692904,263331840,0,0,15,0
4,28,compute,627.458191,628.326467,0.868276,0,0,0,0,0
4,29,trunk,628.326469,628.329811,0.003342,645562368,-225,1,0,0
4,29,widen,628.388622,628.388795,0.000173,0,0,0,0,0
4,29,expert,628.388796,629.127133,0.738337,228220928,0,0,13,0
4,29,compute,628.329835,629.243558,0.913724,0,0,0,0,0
4,30,trunk,629.243560,629.247200,0.003640,645562368,-226,1,0,0
4,30,widen,629.308533,629.308696,0.000163,0,0,0,0,0
4,30,expert,629.308697,629.854941,0.546243,228220928,0,0,13,0
4,30,compute,629.247259,629.966176,0.718918,0,0,0,0,0
4,31,trunk,629.966178,629.969652,0.003474,431890432,-227,1,0,0
4,31,widen,630.007779,630.008001,0.000221,0,0,0,0,0
4,31,expert,630.008118,630.763336,0.755218,245776384,0,0,14,0
4,31,compute,629.969708,630.882167,0.912459,0,0,0,0,0
4,32,trunk,630.882169,630.885823,0.003653,645562368,-228,1,0,0
4,32,widen,630.955151,630.955327,0.000176,0,0,0,0,0
4,32,expert,630.955328,631.653348,0.698020,210665472,0,0,12,0
4,32,compute,630.885848,631.752882,0.867034,0,0,0,0,0
4,33,trunk,631.752884,631.756245,0.003361,645562368,-229,1,0,0
4,33,widen,631.820360,631.820522,0.000162,0,0,0,0,0
4,33,expert,631.820523,632.580207,0.759684,210665472,0,0,12,0
4,33,compute,631.756265,632.698308,0.942042,0,0,0,0,0
4,34,trunk,632.698310,632.702347,0.004037,645562368,-230,1,0,0
4,34,widen,632.760605,632.760789,0.000184,0,0,0,0,0
4,34,expert,632.760791,633.342504,0.581713,263331840,0,0,15,0
4,34,compute,632.702371,633.458735,0.756364,0,0,0,0,0
4,35,trunk,633.458737,633.462453,0.003716,431890432,-231,1,0,0
4,35,widen,633.507323,633.507485,0.000162,0,0,0,0,0
4,35,expert,633.507486,634.266713,0.759227,228220928,0,0,13,0
4,35,compute,633.462477,634.386212,0.923735,0,0,0,0,0
4,36,trunk,634.386215,634.389731,0.003516,645562368,-232,1,0,0
4,36,widen,634.457913,634.458085,0.000172,0,0,0,0,0
4,36,expert,634.458086,635.182725,0.724638,228220928,0,0,13,0
4,36,compute,634.389755,635.298651,0.908896,0,0,0,0,0
4,37,trunk,635.298654,635.302386,0.003732,645562368,-233,1,0,0
4,37,widen,635.366986,635.367160,0.000173,0,0,0,0,0
4,37,expert,635.367161,636.099475,0.732314,228220928,0,0,13,0
4,37,compute,635.302411,636.214678,0.912266,0,0,0,0,0
4,38,trunk,636.214680,636.218350,0.003670,645562368,-234,1,0,0
4,38,widen,636.284755,636.284967,0.000212,0,0,0,0,0
4,38,expert,636.284968,636.765349,0.480381,193110016,0,0,11,0
4,38,compute,636.218372,636.894652,0.676280,0,0,0,0,0
4,39,trunk,636.894653,636.898681,0.004027,431890432,-235,1,0,0
4,39,widen,636.936670,636.936835,0.000165,0,0,0,0,0
4,39,expert,636.936836,637.651778,0.714942,210665472,0,0,12,0
4,39,compute,636.898707,637.772148,0.873441,0,0,0,0,0
4,40,trunk,637.772150,637.780100,0.007949,645562368,-236,1,0,0
4,40,widen,637.858924,637.859089,0.000165,0,0,0,0,0
4,40,expert,637.859090,638.551431,0.692341,210665472,0,0,12,0
4,40,compute,637.780117,638.674224,0.894107,0,0,0,0,0
4,41,trunk,638.674226,638.677661,0.003435,645562368,-237,1,0,0
4,41,widen,638.753909,638.754071,0.000162,0,0,0,0,0
4,41,expert,638.754072,639.405090,0.651018,193110016,0,0,11,0
4,41,compute,638.677683,639.534728,0.857045,0,0,0,0,0
4,42,trunk,639.534730,639.538815,0.004085,645562368,-238,1,0,0
4,42,widen,639.603542,639.603656,0.000114,0,0,0,0,0
4,42,expert,639.603657,640.044832,0.441175,122888192,0,0,7,0
4,42,compute,639.538843,640.152117,0.613274,0,0,0,0,0
4,43,trunk,640.152119,640.155972,0.003853,431890432,-239,1,0,0
4,43,widen,640.199009,640.199168,0.000159,0,0,0,0,0
4,43,expert,640.199169,640.954023,0.754855,210665472,0,0,12,0
4,43,compute,640.155995,641.071021,0.915026,0,0,0,0,0
4,44,trunk,641.071022,641.074482,0.003459,645562368,-240,1,0,0
4,44,widen,641.141637,641.141822,0.000185,0,0,0,0,0
4,44,expert,641.141824,641.877161,0.735337,228220928,0,0,13,0
4,44,compute,641.074505,641.979056,0.904551,0,0,0,0,0
4,45,trunk,641.979058,641.982693,0.003635,645562368,-241,1,0,0
4,45,widen,642.040361,642.040499,0.000138,0,0,0,0,0
4,45,expert,642.040500,642.741314,0.700813,157999104,0,0,9,0
4,45,compute,641.982735,642.848955,0.866220,0,0,0,0,0
4,46,trunk,642.848958,642.852612,0.003655,645562368,-242,1,0,0
4,46,widen,642.918932,642.919074,0.000142,0,0,0,0,0
4,46,expert,642.919075,643.409034,0.489960,175554560,0,0,10,0
4,46,compute,642.852639,643.511025,0.658386,0,0,0,0,0
4,47,trunk,643.511027,643.514850,0.003823,431890432,-243,1,0,0
4,47,widen,643.559145,643.559295,0.000151,0,0,0,0,0
4,47,expert,643.559296,644.248809,0.689513,193110016,0,0,11,0
4,47,compute,643.514889,644.362167,0.847278,0,0,0,0,0
4,48,trunk,644.362169,644.365715,0.003546,645562368,-244,1,0,0
4,48,widen,644.434220,644.434374,0.000154,0,0,0,0,0
4,48,expert,644.434375,645.087262,0.652887,193110016,0,0,11,0
4,48,compute,644.365742,645.202172,0.836430,0,0,0,0,0
4,49,trunk,645.202175,645.205818,0.003643,645562368,-245,1,0,0
4,49,widen,645.258264,645.258453,0.000189,0,0,0,0,0
4,49,expert,645.258454,646.029398,0.770944,245776384,0,0,14,0
4,49,compute,645.205841,646.146374,0.940532,0,0,0,0,0
4,50,trunk,646.146376,646.150075,0.003699,645562368,-246,1,0,0
4,50,widen,646.217993,646.218161,0.000168,0,0,0,0,0
4,50,expert,646.218163,646.733452,0.515289,210665472,0,0,12,0
4,50,compute,646.150096,646.847071,0.696975,0,0,0,0,0
4,51,trunk,646.847074,646.850633,0.003559,431890432,-247,1,0,0
4,51,widen,646.895084,646.895245,0.000161,0,0,0,0,0
4,51,expert,646.895246,647.576878,0.681632,193110016,0,0,11,0
4,51,compute,646.850657,647.698323,0.847666,0,0,0,0,0
4,52,trunk,647.698325,647.702030,0.003705,645562368,-248,1,0,0
4,52,widen,647.769302,647.769463,0.000161,0,0,0,0,0
4,52,expert,647.769464,648.432619,0.663155,210665472,0,0,12,0
4,52,compute,647.702052,648.538200,0.836147,0,0,0,0,0
4,53,trunk,648.538202,648.541610,0.003408,645562368,-249,1,0,0
4,53,widen,648.600401,648.600562,0.000161,0,0,0,0,0
4,53,expert,648.600563,649.303793,0.703230,193110016,0,0,11,0
4,53,compute,648.541654,649.426226,0.884572,0,0,0,0,0
4,54,trunk,649.426229,649.429899,0.003670,645562368,-250,1,0,0
4,54,widen,649.500552,649.500733,0.000181,0,0,0,0,0
4,54,expert,649.500734,650.014229,0.513496,210665472,0,0,12,0
4,54,compute,649.429923,650.130151,0.700229,0,0,0,0,0
4,55,trunk,650.130153,650.133716,0.003562,431890432,-251,1,0,0
4,55,widen,650.171573,650.171741,0.000169,0,0,0,0,0
4,55,expert,650.171742,650.892698,0.720955,193110016,0,0,11,0
4,55,compute,650.133742,651.181770,1.048028,0,0,0,0,0
4,56,trunk,651.181772,651.185880,0.004108,645562368,-252,1,0,0
4,56,widen,651.255759,651.255935,0.000176,0,0,0,0,0
4,56,expert,651.255936,651.968340,0.712403,210665472,0,0,12,0
4,56,compute,651.185905,652.600461,1.414555,0,0,0,0,0
4,57,trunk,652.600463,652.604577,0.004114,645562368,-253,1,0,0
4,57,widen,652.661584,652.661891,0.000307,0,0,0,0,0
4,57,expert,652.661892,653.424669,0.762777,263331840,0,0,15,0
4,57,compute,652.604608,653.693287,1.088678,0,0,0,0,0
4,58,trunk,653.693289,653.696781,0.003492,645562368,-254,1,0,0
4,58,widen,653.756971,653.757218,0.000248,0,0,0,0,0
4,58,expert,653.757219,654.319599,0.562380,245776384,0,0,14,0
4,58,compute,653.696800,654.760196,1.063396,0,0,0,0,0
4,59,trunk,654.760198,654.764260,0.004061,431890432,-255,1,0,0
4,59,widen,654.817329,654.817620,0.000292,0,0,0,0,0
4,59,expert,654.817622,655.547475,0.729853,228220928,0,0,13,0
4,59,compute,654.764280,655.662362,0.898082,0,0,0,0,0
4,60,trunk,655.662365,655.665940,0.003575,645562368,-256,1,0,0
4,60,widen,655.722692,655.722910,0.000218,0,0,0,0,0
4,60,expert,655.722912,656.518629,0.795718,280887296,0,0,16,0
4,60,compute,655.665963,656.630181,0.964219,0,0,0,0,0
4,61,trunk,656.630183,656.633776,0.003593,645562368,-257,1,0,0
4,61,widen,656.700217,656.700427,0.000210,0,0,0,0,0
4,61,expert,656.700428,657.448856,0.748428,263331840,0,0,15,0
4,61,compute,656.633798,657.552855,0.919057,0,0,0,0,0
4,62,trunk,657.552858,657.556895,0.004038,645562368,-258,1,0,0
4,62,widen,657.623980,657.624196,0.000216,0,0,0,0,0
4,62,expert,657.624197,658.141210,0.517012,228220928,0,0,13,0
4,62,compute,657.556919,658.259059,0.702140,0,0,0,0,0
4,63,trunk,658.259061,658.263079,0.004018,431890432,-259,1,0,0
4,63,widen,658.304356,658.304597,0.000241,0,0,0,0,0
4,63,expert,658.304599,659.078120,0.773521,263331840,0,0,15,0
4,63,compute,658.263110,659.194365,0.931255,0,0,0,0,0
4,64,trunk,659.194367,659.198703,0.004336,645562368,-260,1,0,0
4,64,widen,659.265359,659.265546,0.000187,0,0,0,0,0
4,64,expert,659.265547,660.010184,0.744637,228220928,0,0,13,0
4,64,compute,659.198730,660.285265,1.086535,0,0,0,0,0
4,65,trunk,660.285267,660.288763,0.003496,645562368,-261,1,0,0
4,65,widen,660.346431,660.346641,0.000210,0,0,0,0,0
4,65,expert,660.346642,661.107517,0.760875,263331840,0,0,15,0
4,65,compute,660.288782,661.230663,0.941881,0,0,0,0,0
4,66,trunk,661.230665,661.235883,0.005218,645562368,-262,1,0,0
4,66,widen,661.299040,661.299297,0.000257,0,0,0,0,0
4,66,expert,661.299298,661.888263,0.588964,280887296,0,0,16,0
4,66,compute,661.235916,662.002180,0.766264,0,0,0,0,0
4,67,trunk,662.002183,662.006175,0.003992,431890432,-263,1,0,0
4,67,widen,662.052562,662.052773,0.000211,0,0,0,0,0
4,67,expert,662.052775,662.769979,0.717204,210665472,0,0,12,0
4,67,compute,662.006202,663.459038,1.452836,0,0,0,0,0
4,68,trunk,663.459064,663.462914,0.003850,645562368,-264,1,0,0
4,68,widen,663.526773,663.526992,0.000220,0,0,0,0,0
4,68,expert,663.526997,664.254639,0.727642,245776384,0,0,14,0
4,68,compute,663.462939,664.387002,0.924064,0,0,0,0,0
4,69,trunk,664.387005,664.390845,0.003840,645562368,-265,1,0,0
4,69,widen,664.463585,664.463794,0.000208,0,0,0,0,0
4,69,expert,664.463795,665.211888,0.748093,245776384,0,0,14,0
4,69,compute,664.390872,665.318299,0.927427,0,0,0,0,0
4,70,trunk,665.318302,665.322139,0.003837,645562368,-266,1,0,0
4,70,widen,665.385893,665.386077,0.000184,0,0,0,0,0
4,70,expert,665.386079,665.914060,0.527981,228220928,0,0,13,0
4,70,compute,665.322164,666.030629,0.708465,0,0,0,0,0
4,71,trunk,666.030632,666.034503,0.003872,431890432,-267,1,0,0
4,71,widen,666.088162,666.088431,0.000269,0,0,0,0,0
4,71,expert,666.088432,666.882447,0.794015,245776384,0,0,14,0
4,71,compute,666.034533,667.002349,0.967816,0,0,0,0,0
4,72,trunk,667.002351,667.006549,0.004198,645562368,-268,1,0,0
4,72,widen,667.077571,667.077801,0.000230,0,0,0,0,0
4,72,expert,667.077802,667.846151,0.768349,280887296,0,0,16,0
4,72,compute,667.006576,667.962659,0.956083,0,0,0,0,0
4,73,trunk,667.962661,667.966395,0.003734,645562368,-269,1,0,0
4,73,widen,668.027491,668.027720,0.000229,0,0,0,0,0
4,73,expert,668.027721,668.809705,0.781984,280887296,0,0,16,0
4,73,compute,667.966423,668.934202,0.967779,0,0,0,0,0
4,74,trunk,668.934204,668.937853,0.003649,645562368,-270,1,0,0
4,74,widen,668.993276,668.993534,0.000258,0,0,0,0,0
4,74,expert,668.993535,669.572505,0.578970,280887296,0,0,16,0
4,74,compute,668.937875,669.686197,0.748322,0,0,0,0,0
4,75,trunk,669.686199,669.689955,0.003755,431890432,-271,1,0,0
4,75,widen,669.730752,669.730999,0.000247,0,0,0,0,0
4,75,expert,669.731001,670.502698,0.771697,263331840,0,0,15,0
4,75,compute,669.689978,670.777213,1.087235,0,0,0,0,0
4,76,trunk,670.777216,670.780655,0.003439,645562368,-272,1,0,0
4,76,widen,670.852865,670.853145,0.000280,0,0,0,0,0
4,76,expert,670.853147,671.580794,0.727648,280887296,0,0,16,0
4,76,compute,670.780673,671.695019,0.914345,0,0,0,0,0
4,77,trunk,671.695021,671.698285,0.003264,645562368,-273,1,0,0
4,77,widen,671.759532,671.759749,0.000217,0,0,0,0,0
4,77,expert,671.759750,672.488488,0.728738,245776384,0,0,14,0
4,77,compute,671.698307,672.614254,0.915947,0,0,0,0,0
4,78,trunk,672.614257,672.618246,0.003989,645562368,-274,1,0,0
4,78,widen,672.682728,672.682965,0.000237,0,0,0,0,0
4,78,expert,672.682966,673.241487,0.558521,245776384,0,0,14,0
4,78,compute,672.618276,673.386159,0.767883,0,0,0,0,0
4,79,trunk,673.386162,673.390141,0.003979,431890432,-275,1,0,0
4,79,widen,673.461615,673.461866,0.000251,0,0,0,0,0
4,79,expert,673.461867,674.198822,0.736955,263331840,0,0,15,0
4,79,compute,673.390426,674.327040,0.936613,0,0,0,0,0
4,80,trunk,674.327041,674.330854,0.003813,645562368,-276,1,0,0
4,80,widen,674.407598,674.407853,0.000255,0,0,0,0,0
4,80,expert,674.407854,675.154724,0.746870,280887296,0,0,16,0
4,80,compute,674.330916,675.271616,0.940700,0,0,0,0,0
4,81,trunk,675.271618,675.275297,0.003679,645562368,-277,1,0,0
4,81,widen,675.354991,675.355219,0.000228,0,0,0,0,0
4,81,expert,675.355220,676.116920,0.761699,263331840,0,0,15,0
4,81,compute,675.275331,676.222751,0.947420,0,0,0,0,0
4,82,trunk,676.222754,676.226297,0.003543,645562368,-278,1,0,0
4,82,widen,676.287426,676.287664,0.000238,0,0,0,0,0
4,82,expert,676.287665,676.871876,0.584211,280887296,0,0,16,0
4,82,compute,676.226319,676.994392,0.768074,0,0,0,0,0
4,83,trunk,676.994395,676.998593,0.004199,431890432,-279,1,0,0
4,83,widen,677.046159,677.046367,0.000208,0,0,0,0,0
4,83,expert,677.046368,677.798339,0.751971,245776384,0,0,14,0
4,83,compute,676.998641,677.930626,0.931985,0,0,0,0,0
4,84,trunk,677.930629,677.934445,0.003817,645562368,-280,1,0,0
4,84,widen,677.999152,677.999383,0.000231,0,0,0,0,0
4,84,expert,677.999384,678.714823,0.715439,228220928,0,0,13,0
4,84,compute,677.934475,678.838254,0.903779,0,0,0,0,0
4,85,trunk,678.838256,678.841805,0.003549,645562368,-281,1,0,0
4,85,widen,678.903022,678.903311,0.000289,0,0,0,0,0
4,85,expert,678.903312,679.668169,0.764857,263331840,0,0,15,0
4,85,compute,678.841836,679.786446,0.944609,0,0,0,0,0
4,86,trunk,679.786448,679.790281,0.003832,645562368,-282,1,0,0
4,86,widen,679.860686,679.860903,0.000218,0,0,0,0,0
4,86,expert,679.860905,680.422058,0.561153,263331840,0,0,15,0
4,86,compute,679.790345,680.534786,0.744440,0,0,0,0,0
4,87,trunk,680.534788,680.538523,0.003735,431890432,-283,1,0,0
4,87,widen,680.586241,680.586445,0.000204,0,0,0,0,0
4,87,expert,680.586446,681.318800,0.732355,245776384,0,0,14,0
4,87,compute,680.538550,681.438211,0.899662,0,0,0,0,0
4,88,trunk,681.438213,681.441934,0.003721,645562368,-284,1,0,0
4,88,widen,681.517976,681.518197,0.000221,0,0,0,0,0
4,88,expert,681.518198,682.223155,0.704956,228220928,0,0,13,0
4,88,compute,681.441959,682.340222,0.898263,0,0,0,0,0
4,89,trunk,682.340225,682.344493,0.004268,645562368,-285,1,0,0
4,89,widen,682.407428,682.407589,0.000161,0,0,0,0,0
4,89,expert,682.407590,683.123162,0.715572,175554560,0,0,10,0
4,89,compute,682.344542,683.790793,1.446251,0,0,0,0,0
4,90,trunk,683.790795,683.794874,0.004079,645562368,-286,1,0,0
4,90,widen,683.869791,683.869953,0.000162,0,0,0,0,0
4,90,expert,683.869955,684.325064,0.455109,157999104,0,0,9,0
4,90,compute,683.794932,685.008911,1.213979,0,0,0,0,0
4,91,trunk,685.008913,685.012968,0.004055,431890432,-287,1,0,0
4,91,widen,685.054221,685.054358,0.000137,0,0,0,0,0
4,91,expert,685.054360,685.541667,0.487307,157999104,0,0,9,0
4,91,compute,685.013004,685.663010,0.650006,0,0,0,0,0
4,92,trunk,685.663013,685.666544,0.003531,431890432,-288,1,0,0
4,92,widen,685.702348,685.702568,0.000219,0,0,0,0,0
4,92,expert,685.702569,685.939287,0.236718,245776384,0,0,14,0
4,92,compute,685.666545,686.195508,0.528963,0,0,0,0,0
5,0,trunk,686.296589,686.296626,0.000037,0,-288,0,0,0
5,0,compute,686.296627,686.417142,0.120516,0,0,0,0,0
5,1,trunk,686.417144,686.421198,0.004054,0,-287,0,0,0
5,1,widen,686.479535,686.479694,0.000160,0,0,0,0,0
5,1,expert,686.479695,686.680957,0.201261,228220928,0,0,13,0
5,1,compute,686.421200,686.796425,0.375225,0,0,0,0,0
5,2,trunk,686.796427,686.800418,0.003991,0,-286,0,0,0
5,2,widen,686.857108,686.857259,0.000151,0,0,0,0,0
5,2,expert,686.857260,687.044042,0.186781,210665472,0,0,12,0
5,2,compute,686.800421,687.156040,0.355619,0,0,0,0,0
5,3,trunk,687.156042,687.159793,0.003751,0,-285,0,0,0
5,3,widen,687.202286,687.202429,0.000144,0,0,0,0,0
5,3,expert,687.202431,687.367901,0.165470,193110016,0,0,11,0
5,3,compute,687.159795,687.490201,0.330406,0,0,0,0,0
5,4,trunk,687.490202,687.493845,0.003643,0,-284,0,0,0
5,4,widen,687.550979,687.551142,0.000163,0,0,0,0,0
5,4,expert,687.551143,687.765231,0.214089,228220928,0,0,13,0
5,4,compute,687.493847,687.882722,0.388874,0,0,0,0,0
5,5,trunk,687.882723,687.886476,0.003753,0,-283,0,0,0
5,5,widen,687.952199,687.952354,0.000155,0,0,0,0,0
5,5,expert,687.952355,688.133950,0.181594,210665472,0,0,12,0
5,5,compute,687.886478,688.257011,0.370533,0,0,0,0,0
5,6,trunk,688.257013,688.260447,0.003434,0,-282,0,0,0
5,6,widen,688.311986,688.312309,0.000323,0,0,0,0,0
5,6,expert,688.312310,688.565767,0.253457,280887296,0,0,16,0
5,6,compute,688.260449,688.695070,0.434621,0,0,0,0,0
5,7,trunk,688.695071,688.699795,0.004724,0,-281,0,0,0
5,7,widen,688.732685,688.732868,0.000183,0,0,0,0,0
5,7,expert,688.732868,688.956370,0.223502,263331840,0,0,15,0
5,7,compute,688.699797,689.078174,0.378377,0,0,0,0,0
5,8,trunk,689.078176,689.082027,0.003851,0,-280,0,0,0
5,8,widen,689.143710,689.143903,0.000193,0,0,0,0,0
5,8,expert,689.143904,689.373722,0.229818,263331840,0,0,15,0
5,8,compute,689.082029,689.498194,0.416165,0,0,0,0,0
5,9,trunk,689.498196,689.501625,0.003429,0,-279,0,0,0
5,9,widen,689.562484,689.562640,0.000156,0,0,0,0,0
5,9,expert,689.562641,689.745079,0.182438,210665472,0,0,12,0
5,9,compute,689.501627,689.866203,0.364576,0,0,0,0,0
5,10,trunk,689.866204,689.870092,0.003887,0,-278,0,0,0
5,10,widen,689.940197,689.940338,0.000141,0,0,0,0,0
5,10,expert,689.940339,690.100435,0.160096,193110016,0,0,11,0
5,10,compute,689.870094,690.210185,0.340091,0,0,0,0,0
5,11,trunk,690.210186,690.214488,0.004301,0,-277,0,0,0
5,11,widen,690.248095,690.248254,0.000159,0,0,0,0,0
5,11,expert,690.248255,690.434997,0.186742,210665472,0,0,12,0
5,11,compute,690.214490,690.558398,0.343908,0,0,0,0,0
5,12,trunk,690.558400,690.562193,0.003794,0,-276,0,0,0
5,12,widen,690.607268,690.607457,0.000189,0,0,0,0,0
5,12,expert,690.607459,690.816568,0.209110,245776384,0,0,14,0
5,12,compute,690.562230,690.919584,0.357354,0,0,0,0,0
5,13,trunk,690.919586,690.923642,0.004056,0,-275,0,0,0
5,13,widen,690.988391,690.988556,0.000165,0,0,0,0,0
5,13,expert,690.988557,691.196375,0.207818,228220928,0,0,13,0
5,13,compute,690.923645,691.312591,0.388946,0,0,0,0,0
5,14,trunk,691.312592,691.316695,0.004103,0,-274,0,0,0
5,14,widen,691.359047,691.359223,0.000176,0,0,0,0,0
5,14,expert,691.359225,691.588424,0.229199,245776384,0,0,14,0
5,14,compute,691.316698,691.695327,0.378629,0,0,0,0,0
5,15,trunk,691.695328,691.699137,0.003808,0,-273,0,0,0
5,15,widen,691.731500,691.731653,0.000153,0,0,0,0,0
5,15,expert,691.731654,691.925042,0.193388,210665472,0,0,12,0
5,15,compute,691.699139,692.086252,0.387113,0,0,0,0,0
5,16,trunk,692.086254,692.089864,0.003611,0,-272,0,0,0
5,16,widen,692.156646,692.156798,0.000152,0,0,0,0,0
5,16,expert,692.156799,692.344268,0.187470,210665472,0,0,12,0
5,16,compute,692.089867,692.455701,0.365834,0,0,0,0,0
5,17,trunk,692.455703,692.459262,0.003558,0,-271,0,0,0
5,17,widen,692.520725,692.520895,0.000171,0,0,0,0,0
5,17,expert,692.520896,692.731214,0.210317,245776384,0,0,14,0
5,17,compute,692.459264,692.847054,0.387790,0,0,0,0,0
5,18,trunk,692.847057,692.850888,0.003831,0,-270,0,0,0
5,18,widen,692.899248,692.899409,0.000161,0,0,0,0,0
5,18,expert,692.899410,693.093824,0.194414,228220928,0,0,13,0
5,18,compute,692.850891,693.218226,0.367335,0,0,0,0,0
5,19,trunk,693.218227,693.222111,0.003884,0,-269,0,0,0
5,19,widen,693.259561,693.259723,0.000162,0,0,0,0,0
5,19,expert,693.259725,693.461709,0.201984,228220928,0,0,13,0
5,19,compute,693.222113,693.569158,0.347045,0,0,0,0,0
5,20,trunk,693.569160,693.573523,0.004363,0,-268,0,0,0
5,20,widen,693.623369,693.623508,0.000139,0,0,0,0,0
5,20,expert,693.623509,693.787422,0.163913,193110016,0,0,11,0
5,20,compute,693.573525,693.906289,0.332764,0,0,0,0,0
5,21,trunk,693.906291,693.909696,0.003405,0,-267,0,0,0
5,21,widen,693.975753,693.975955,0.000202,0,0,0,0,0
5,21,expert,693.975956,694.715370,0.739414,245776384,0,0,14,0
5,21,compute,693.909736,694.838833,0.929097,0,0,0,0,0
5,22,trunk,694.838835,694.842824,0.003989,645562368,-267,1,0,0
5,22,widen,694.906014,694.906184,0.000170,0,0,0,0,0
5,22,expert,694.906185,695.452799,0.546613,228220928,0,0,13,0
5,22,compute,694.842873,695.578320,0.735446,0,0,0,0,0
5,23,trunk,695.578322,695.581911,0.003589,431890432,-268,1,0,0
5,23,widen,695.622533,695.622703,0.000170,0,0,0,0,0
5,23,expert,695.622704,696.298890,0.676186,228220928,0,0,13,0
5,23,compute,695.581935,696.414327,0.832392,0,0,0,0,0
5,24,trunk,696.414330,696.418076,0.003747,645562368,-269,1,0,0
5,24,widen,696.491294,696.491488,0.000194,0,0,0,0,0
5,24,expert,696.491489,697.288637,0.797148,245776384,0,0,14,0
5,24,compute,696.418118,697.428218,1.010100,0,0,0,0,0
5,25,trunk,697.428220,697.431799,0.003578,645562368,-270,1,0,0
5,25,widen,697.513136,697.513355,0.000219,0,0,0,0,0
5,25,expert,697.513356,698.277000,0.763643,280887296,0,0,16,0
5,25,compute,697.431825,698.407211,0.975386,0,0,0,0,0
5,26,trunk,698.407214,698.412550,0.005336,645562368,-271,1,0,0
5,26,widen,698.492036,698.492198,0.000162,0,0,0,0,0
5,26,expert,698.492199,698.981190,0.488991,193110016,0,0,11,0
5,26,compute,698.412573,699.102157,0.689584,0,0,0,0,0
5,27,trunk,699.102159,699.106310,0.004150,431890432,-272,1,0,0
5,27,widen,699.174158,699.174368,0.000209,0,0,0,0,0
5,27,expert,699.174369,699.872927,0.698557,263331840,0,0,15,0
5,27,compute,699.106355,700.015109,0.908754,0,0,0,0,0
5,28,trunk,700.015111,700.018960,0.003849,645562368,-273,1,0,0
5,28,widen,700.098341,700.098582,0.000241,0,0,0,0,0
5,28,expert,700.098583,700.793526,0.694943,263331840,0,0,15,0
5,28,compute,700.018985,700.909034,0.890049,0,0,0,0,0
5,29,trunk,700.909036,700.913050,0.004014,645562368,-274,1,0,0
5,29,widen,700.997668,700.997846,0.000178,0,0,0,0,0
5,29,expert,700.997847,701.734043,0.736196,245776384,0,0,14,0
5,29,compute,700.913090,701.855738,0.942648,0,0,0,0,0
5,30,trunk,701.855740,701.859661,0.003920,645562368,-275,1,0,0
5,30,widen,701.937063,701.937274,0.000212,0,0,0,0,0
5,30,expert,701.937299,702.491636,0.554337,245776384,0,0,14,0
5,30,compute,701.859693,702.614401,0.754707,0,0,0,0,0
5,31,trunk,702.614403,702.618587,0.004184,431890432,-276,1,0,0
5,31,widen,702.664281,702.664456,0.000176,0,0,0,0,0
5,31,expert,702.664458,703.429065,0.764607,245776384,0,0,14,0
5,31,compute,702.618631,703.525140,0.906509,0,0,0,0,0
5,32,trunk,703.525142,703.528726,0.003583,645562368,-277,1,0,0
5,32,widen,703.586124,703.586287,0.000162,0,0,0,0,0
5,32,expert,703.586288,704.327570,0.741282,228220928,0,0,13,0
5,32,compute,703.528749,704.439212,0.910463,0,0,0,0,0
5,33,trunk,704.439214,704.443470,0.004256,645562368,-278,1,0,0
5,33,widen,704.509904,704.510027,0.000122,0,0,0,0,0
5,33,expert,704.510028,705.224318,0.714290,157999104,0,0,9,0
5,33,compute,704.443524,705.354225,0.910701,0,0,0,0,0
5,34,trunk,705.354228,705.357597,0.003370,645562368,-279,1,0,0
5,34,widen,705.421129,705.421320,0.000191,0,0,0,0,0
5,34,expert,705.421322,706.007858,0.586537,263331840,0,0,15,0
5,34,compute,705.357616,706.100927,0.743311,0,0,0,0,0
5,35,trunk,706.100931,706.104549,0.003618,431890432,-280,1,0,0
5,35,widen,706.138028,706.138230,0.000202,0,0,0,0,0
5,35,expert,706.138231,706.945533,0.807302,263331840,0,0,15,0
5,35,compute,706.104568,707.068736,0.964168,0,0,0,0,0
5,36,trunk,707.068738,707.072112,0.003374,645562368,-281,1,0,0
5,36,widen,707.132286,707.132478,0.000192,0,0,0,0,0
5,36,expert,707.132480,707.906056,0.773577,263331840,0,0,15,0
5,36,compute,707.072132,708.019523,0.947391,0,0,0,0,0
5,37,trunk,708.019526,708.023412,0.003886,645562368,-282,1,0,0
5,37,widen,708.094733,708.094913,0.000180,0,0,0,0,0
5,37,expert,708.094914,708.841316,0.746402,245776384,0,0,14,0
5,37,compute,708.023438,708.963127,0.939689,0,0,0,0,0
5,38,trunk,708.963129,708.966835,0.003706,645562368,-283,1,0,0
5,38,widen,709.044573,709.044726,0.000153,0,0,0,0,0
5,38,expert,709.044727,709.511575,0.466847,193110016,0,0,11,0
5,38,compute,708.966862,709.630987,0.664125,0,0,0,0,0
5,39,trunk,709.630990,709.635601,0.004611,431890432,-284,1,0,0
5,39,widen,709.681782,709.681967,0.000185,0,0,0,0,0
5,39,expert,709.681968,710.398467,0.716499,210665472,0,0,12,0
5,39,compute,709.635682,710.526838,0.891156,0,0,0,0,0
5,40,trunk,710.526840,710.530693,0.003853,645562368,-285,1,0,0
5,40,widen,710.604932,710.605104,0.000172,0,0,0,0,0
5,40,expert,710.605105,711.318750,0.713645,210665472,0,0,12,0
5,40,compute,710.530733,711.435819,0.905086,0,0,0,0,0
5,41,trunk,711.435822,711.439232,0.003410,645562368,-286,1,0,0
5,41,widen,711.509761,711.509934,0.000173,0,0,0,0,0
5,41,expert,711.509935,712.199881,0.689946,210665472,0,0,12,0
5,41,compute,711.439274,712.299621,0.860347,0,0,0,0,0
5,42,trunk,712.299623,712.303218,0.003595,645562368,-287,1,0,0
5,42,widen,712.367819,712.367947,0.000127,0,0,0,0,0
5,42,expert,712.367948,712.847894,0.479947,157999104,0,0,9,0
5,42,compute,712.303249,712.976036,0.672788,0,0,0,0,0
5,43,trunk,712.976038,712.979618,0.003580,431890432,-288,1,0,0
5,43,widen,713.026351,713.026540,0.000189,0,0,0,0,0
5,43,expert,713.026542,713.692841,0.666300,193110016,0,0,11,0
5,43,compute,712.979661,713.810274,0.830612,0,0,0,0,0
5,44,trunk,713.810276,713.814249,0.003974,645562368,-289,1,0,0
5,44,widen,713.884521,713.884991,0.000469,0,0,0,0,0
5,44,expert,713.884992,714.639050,0.754058,245776384,0,0,14,0
5,44,compute,713.814291,714.760462,0.946170,0,0,0,0,0
5,45,trunk,714.760464,714.764752,0.004288,645562368,-290,1,0,0
5,45,widen,714.843351,714.843509,0.000158,0,0,0,0,0
5,45,expert,714.843510,715.522123,0.678613,193110016,0,0,11,0
5,45,compute,714.764778,715.654707,0.889929,0,0,0,0,0
5,46,trunk,715.654710,715.659106,0.004396,645562368,-291,1,0,0
5,46,widen,715.729122,715.729270,0.000148,0,0,0,0,0
5,46,expert,715.729271,716.239080,0.509809,193110016,0,0,11,0
5,46,compute,715.659170,716.346405,0.687235,0,0,0,0,0
5,47,trunk,716.346408,716.350044,0.003636,431890432,-292,1,0,0
5,47,widen,716.394519,716.394705,0.000186,0,0,0,0,0
5,47,expert,716.394706,717.130416,0.735710,228220928,0,0,13,0
5,47,compute,716.350353,717.246450,0.896097,0,0,0,0,0
5,48,trunk,717.246452,717.250275,0.003823,645562368,-293,1,0,0
5,48,widen,717.316539,717.316701,0.000163,0,0,0,0,0
5,48,expert,717.316702,717.836045,0.519342,210665472,0,0,12,0
5,48,compute,717.250349,717.944559,0.694210,0,0,0,0,0
5,49,trunk,717.944561,718.018655,0.074094,645562368,-294,1,0,0
5,49,widen,718.079271,718.079473,0.000203,0,0,0,0,0
5,49,expert,718.079474,718.861579,0.782105,263331840,0,0,15,0
5,49,compute,718.018722,718.982379,0.963656,0,0,0,0,0
5,50,trunk,718.982382,718.986365,0.003983,645562368,-295,1,0,0
5,50,widen,719.053254,719.053421,0.000167,0,0,0,0,0
5,50,expert,719.053422,719.583346,0.529923,228220928,0,0,13,0
5,50,compute,718.986397,719.710218,0.723821,0,0,0,0,0
5,51,trunk,719.710220,719.714356,0.004136,431890432,-296,1,0,0
5,51,widen,719.764180,719.764366,0.000186,0,0,0,0,0
5,51,expert,719.764367,720.459587,0.695221,228220928,0,0,13,0
5,51,compute,719.714381,720.562947,0.848566,0,0,0,0,0
5,52,trunk,720.562949,720.569139,0.006190,645562368,-297,1,0,0
5,52,widen,720.634699,720.634858,0.000159,0,0,0,0,0
5,52,expert,720.634859,721.284720,0.649861,210665472,0,0,12,0
5,52,compute,720.569166,721.394760,0.825594,0,0,0,0,0
5,53,trunk,721.394762,721.398546,0.003784,645562368,-298,1,0,0
5,53,widen,721.463881,721.464094,0.000213,0,0,0,0,0
5,53,expert,721.464095,722.183321,0.719225,228220928,0,0,13,0
5,53,compute,721.398572,722.306859,0.908287,0,0,0,0,0
5,54,trunk,722.306861,722.310609,0.003748,645562368,-299,1,0,0
5,54,widen,722.380863,722.381045,0.000182,0,0,0,0,0
5,54,expert,722.381046,722.948620,0.567574,245776384,0,0,14,0
5,54,compute,722.310634,723.050928,0.740294,0,0,0,0,0
5,55,trunk,723.050931,723.054826,0.003895,431890432,-300,1,0,0
5,55,widen,723.097490,723.097659,0.000169,0,0,0,0,0
5,55,expert,723.097660,723.830756,0.733097,228220928,0,0,13,0
5,55,compute,723.054856,723.931034,0.876178,0,0,0,0,0
5,56,trunk,723.931037,723.934728,0.003691,645562368,-301,1,0,0
5,56,widen,724.000480,724.000678,0.000198,0,0,0,0,0
5,56,expert,724.000680,724.760557,0.759877,263331840,0,0,15,0
5,56,compute,723.934750,724.870305,0.935555,0,0,0,0,0
5,57,trunk,724.870308,724.874052,0.003744,645562368,-302,1,0,0
5,57,widen,724.945207,724.945419,0.000213,0,0,0,0,0
5,57,expert,724.945421,725.671698,0.726277,263331840,0,0,15,0
5,57,compute,724.874074,725.769522,0.895448,0,0,0,0,0
5,58,trunk,725.769524,725.772970,0.003446,645562368,-303,1,0,0
5,58,widen,725.838329,725.838477,0.000148,0,0,0,0,0
5,58,expert,725.838478,726.331438,0.492959,175554560,0,0,10,0
5,58,compute,725.772991,726.454344,0.681352,0,0,0,0,0
5,59,trunk,726.454346,726.458028,0.003682,431890432,-304,1,0,0
5,59,widen,726.502975,726.503188,0.000213,0,0,0,0,0
5,59,expert,726.503189,727.193734,0.690545,175554560,0,0,10,0
5,59,compute,726.458051,727.316433,0.858381,0,0,0,0,0
5,60,trunk,727.316435,727.320229,0.003794,645562368,-305,1,0,0
5,60,widen,727.385249,727.385436,0.000187,0,0,0,0,0
5,60,expert,727.385437,728.132159,0.746721,228220928,0,0,13,0
5,60,compute,727.320255,728.243393,0.923138,0,0,0,0,0
5,61,trunk,728.243395,728.249703,0.006307,645562368,-306,1,0,0
5,61,widen,728.319868,728.320143,0.000275,0,0,0,0,0
5,61,expert,728.320144,729.050165,0.730021,245776384,0,0,14,0
5,61,compute,728.249787,729.166163,0.916376,0,0,0,0,0
5,62,trunk,729.166165,729.169627,0.003462,645562368,-307,1,0,0
5,62,widen,729.244098,729.244243,0.000145,0,0,0,0,0
5,62,expert,729.244244,729.716487,0.472243,175554560,0,0,10,0
5,62,compute,729.169705,729.831148,0.661444,0,0,0,0,0
5,63,trunk,729.831151,729.834657,0.003506,431890432,-308,1,0,0
5,63,widen,729.884293,729.884535,0.000242,0,0,0,0,0
5,63,expert,729.884536,730.629604,0.745067,245776384,0,0,14,0
5,63,compute,729.834687,730.746631,0.911944,0,0,0,0,0
5,64,trunk,730.746634,730.751830,0.005197,645562368,-309,1,0,0
5,64,widen,730.821873,730.822062,0.000189,0,0,0,0,0
5,64,expert,730.822063,731.525512,0.703449,210665472,0,0,12,0
5,64,compute,730.751879,731.723861,0.971981,0,0,0,0,0
5,65,trunk,731.723863,731.727357,0.003494,645562368,-310,1,0,0
5,65,widen,731.795146,731.795318,0.000172,0,0,0,0,0
5,65,expert,731.795319,732.518177,0.722858,228220928,0,0,13,0
5,65,compute,731.727386,732.632898,0.905513,0,0,0,0,0
5,66,trunk,732.632904,732.636235,0.003331,645562368,-311,1,0,0
5,66,widen,732.705896,732.706088,0.000192,0,0,0,0,0
5,66,expert,732.706089,733.248198,0.542109,228220928,0,0,13,0
5,66,compute,732.636345,733.349468,0.713123,0,0,0,0,0
5,67,trunk,733.349492,733.353312,0.003820,431890432,-312,1,0,0
5,67,widen,733.396345,733.396560,0.000215,0,0,0,0,0
5,67,expert,733.396561,734.145835,0.749274,245776384,0,0,14,0
5,67,compute,733.353342,734.283704,0.930362,0,0,0,0,0
5,68,trunk,734.283707,734.287234,0.003527,645562368,-313,1,0,0
5,68,widen,734.361581,734.361775,0.000193,0,0,0,0,0
5,68,expert,734.361776,735.102477,0.740701,263331840,0,0,15,0
5,68,compute,734.287273,735.232698,0.945426,0,0,0,0,0
5,69,trunk,735.232700,735.236279,0.003579,645562368,-314,1,0,0
5,69,widen,735.303952,735.304143,0.000191,0,0,0,0,0
5,69,expert,735.304144,736.006867,0.702722,175554560,0,0,10,0
5,69,compute,735.236349,736.115945,0.879595,0,0,0,0,0
5,70,trunk,736.115947,736.119560,0.003613,645562368,-315,1,0,0
5,70,widen,736.193935,736.194066,0.000130,0,0,0,0,0
5,70,expert,736.194067,736.642750,0.448684,140443648,0,0,8,0
5,70,compute,736.119582,736.758575,0.638993,0,0,0,0,0
5,71,trunk,736.758577,736.762227,0.003650,431890432,-316,1,0,0
5,71,widen,736.823995,736.824216,0.000221,0,0,0,0,0
5,71,expert,736.824217,737.600188,0.775971,228220928,0,0,13,0
5,71,compute,736.762257,737.719039,0.956782,0,0,0,0,0
5,72,trunk,737.719042,737.722609,0.003567,645562368,-317,1,0,0
5,72,widen,737.802485,737.802651,0.000166,0,0,0,0,0
5,72,expert,737.802652,738.516345,0.713693,210665472,0,0,12,0
5,72,compute,737.722637,738.623426,0.900789,0,0,0,0,0
5,73,trunk,738.623428,738.627242,0.003814,645562368,-318,1,0,0
5,73,widen,738.700864,738.701044,0.000180,0,0,0,0,0
5,73,expert,738.701045,739.421834,0.720789,210665472,0,0,12,0
5,73,compute,738.627270,739.546332,0.919062,0,0,0,0,0
5,74,trunk,739.546334,739.549806,0.003472,645562368,-319,1,0,0
5,74,widen,739.615065,739.615263,0.000198,0,0,0,0,0
5,74,expert,739.615264,740.085265,0.470001,157999104,0,0,9,0
5,74,compute,739.549829,740.210313,0.660484,0,0,0,0,0
5,75,trunk,740.210316,740.214046,0.003730,431890432,-320,1,0,0
5,75,widen,740.258501,740.258639,0.000138,0,0,0,0,0
5,75,expert,740.258640,740.931663,0.673023,140443648,0,0,8,0
5,75,compute,740.214085,741.033278,0.819194,0,0,0,0,0
5,76,trunk,741.033281,741.037002,0.003721,645562368,-321,1,0,0
5,76,widen,741.101388,741.101602,0.000213,0,0,0,0,0
5,76,expert,741.101603,741.794859,0.693256,228220928,0,0,13,0
5,76,compute,741.037024,741.888162,0.851138,0,0,0,0,0
5,77,trunk,741.888165,741.891542,0.003377,645562368,-322,1,0,0
5,77,widen,741.955606,741.955755,0.000149,0,0,0,0,0
5,77,expert,741.955755,742.632203,0.676447,157999104,0,0,9,0
5,77,compute,741.891565,742.735452,0.843887,0,0,0,0,0
5,78,trunk,742.735454,742.738932,0.003478,645562368,-323,1,0,0
5,78,widen,742.809882,742.810092,0.000209,0,0,0,0,0
5,78,expert,742.810092,743.296969,0.486877,175554560,0,0,10,0
5,78,compute,742.738957,743.410166,0.671209,0,0,0,0,0
5,79,trunk,743.410168,743.413674,0.003506,431890432,-324,1,0,0
5,79,widen,743.456317,743.456482,0.000164,0,0,0,0,0
5,79,expert,743.456483,744.144643,0.688160,157999104,0,0,9,0
5,79,compute,743.413696,744.237564,0.823868,0,0,0,0,0
5,80,trunk,744.237566,744.240920,0.003354,645562368,-325,1,0,0
5,80,widen,744.303901,744.304133,0.000233,0,0,0,0,0
5,80,expert,744.304135,745.009896,0.705761,228220928,0,0,13,0
5,80,compute,744.240941,745.130943,0.890002,0,0,0,0,0
5,81,trunk,745.130946,745.134623,0.003677,645562368,-326,1,0,0
5,81,widen,745.204995,745.205197,0.000203,0,0,0,0,0
5,81,expert,745.205199,745.965761,0.760562,245776384,0,0,14,0
5,81,compute,745.134645,746.085268,0.950622,0,0,0,0,0
5,82,trunk,746.085270,746.089118,0.003849,645562368,-327,1,0,0
5,82,widen,746.149066,746.149266,0.000200,0,0,0,0,0
5,82,expert,746.149268,746.698560,0.549293,228220928,0,0,13,0
5,82,compute,746.089155,746.791183,0.702028,0,0,0,0,0
5,83,trunk,746.791185,746.795210,0.004026,431890432,-328,1,0,0
5,83,widen,746.833143,746.833325,0.000182,0,0,0,0,0
5,83,expert,746.833326,747.576880,0.743554,210665472,0,0,12,0
5,83,compute,746.795232,747.703134,0.907902,0,0,0,0,0
5,84,trunk,747.703137,747.707213,0.004076,645562368,-329,1,0,0
5,84,widen,747.785753,747.785966,0.000213,0,0,0,0,0
5,84,expert,747.785967,748.502958,0.716990,228220928,0,0,13,0
5,84,compute,747.707242,748.626451,0.919209,0,0,0,0,0
5,85,trunk,748.626453,748.629941,0.003488,645562368,-330,1,0,0
5,85,widen,748.705003,748.705233,0.000230,0,0,0,0,0
5,85,expert,748.705234,749.419462,0.714229,228220928,0,0,13,0
5,85,compute,748.629997,749.538385,0.908388,0,0,0,0,0
5,86,trunk,749.538387,749.542069,0.003682,645562368,-331,1,0,0
5,86,widen,749.606373,749.606560,0.000187,0,0,0,0,0
5,86,expert,749.606561,750.124116,0.517555,210665472,0,0,12,0
5,86,compute,749.542090,750.233388,0.691298,0,0,0,0,0
5,87,trunk,750.233390,750.237603,0.004212,431890432,-332,1,0,0
5,87,widen,750.285782,750.285940,0.000158,0,0,0,0,0
5,87,expert,750.285941,750.946684,0.660743,157999104,0,0,9,0
5,87,compute,750.237624,751.064472,0.826848,0,0,0,0,0
5,88,trunk,751.064474,751.068228,0.003754,645562368,-333,1,0,0
5,88,widen,751.136857,751.137089,0.000232,0,0,0,0,0
5,88,expert,751.137090,751.843698,0.706608,228220928,0,0,13,0
5,88,compute,751.068279,751.950218,0.881939,0,0,0,0,0
5,89,trunk,751.950220,751.953746,0.003525,645562368,-334,1,0,0
5,89,widen,752.026744,752.026915,0.000171,0,0,0,0,0
5,89,expert,752.026916,752.721049,0.694134,175554560,0,0,10,0
5,89,compute,751.953767,752.842151,0.888384,0,0,0,0,0
5,90,trunk,752.842153,752.845734,0.003581,645562368,-335,1,0,0
5,90,widen,752.917085,752.917250,0.000165,0,0,0,0,0
5,90,expert,752.917252,753.408750,0.491498,175554560,0,0,10,0
5,90,compute,752.845757,753.525538,0.679781,0,0,0,0,0
5,91,trunk,753.525541,753.530075,0.004535,431890432,-336,1,0,0
5,91,widen,753.569267,753.569442,0.000175,0,0,0,0,0
5,91,expert,753.569443,754.050233,0.480790,157999104,0,0,9,0
5,91,compute,753.530100,754.178061,0.647961,0,0,0,0,0
5,92,trunk,754.178063,754.182000,0.003937,431890432,-337,1,0,0
5,92,widen,754.224666,754.224892,0.000226,0,0,0,0,0
5,92,expert,754.224893,754.397208,0.172315,210665472,0,0,12,0
5,92,compute,754.182001,754.528944,0.346943,0,0,0,0,0
6,0,trunk,754.636941,754.636984,0.000043,0,-337,0,0,0
6,0,compute,754.636985,754.765063,0.128078,0,0,0,0,0
6,1,trunk,754.765065,754.769125,0.004061,0,-336,0,0,0
6,1,widen,754.833108,754.833268,0.000160,0,0,0,0,0
6,1,expert,754.833269,755.036418,0.203150,245776384,0,0,14,0
6,1,compute,754.769128,755.148040,0.378912,0,0,0,0,0
6,2,trunk,755.148041,755.151430,0.003388,0,-335,0,0,0
6,2,widen,755.220699,755.220848,0.000149,0,0,0,0,0
6,2,expert,755.220849,755.399961,0.179112,210665472,0,0,12,0
6,2,compute,755.151431,755.502343,0.350912,0,0,0,0,0
6,3,trunk,755.502345,755.506367,0.004022,0,-334,0,0,0
6,3,widen,755.540838,755.540963,0.000124,0,0,0,0,0
6,3,expert,755.540964,755.690586,0.149623,175554560,0,0,10,0
6,3,compute,755.506369,755.821404,0.315035,0,0,0,0,0
6,4,trunk,755.821406,755.825307,0.003901,0,-333,0,0,0
6,4,widen,755.897176,755.897321,0.000144,0,0,0,0,0
6,4,expert,755.897322,756.086776,0.189454,210665472,0,0,12,0
6,4,compute,755.825310,756.206162,0.380852,0,0,0,0,0
6,5,trunk,756.206164,756.209737,0.003573,0,-332,0,0,0
6,5,widen,756.293110,756.293200,0.000091,0,0,0,0,0
6,5,expert,756.293201,756.399764,0.106563,122888192,0,0,7,0
6,5,compute,756.209740,756.507460,0.297720,0,0,0,0,0
6,6,trunk,756.507462,756.511337,0.003875,0,-331,0,0,0
6,6,widen,756.568753,756.568923,0.000170,0,0,0,0,0
6,6,expert,756.568925,756.795826,0.226901,263331840,0,0,15,0
6,6,compute,756.511340,756.918312,0.406972,0,0,0,0,0
6,7,trunk,756.918314,756.921749,0.003435,0,-330,0,0,0
6,7,widen,756.946683,756.947004,0.000321,0,0,0,0,0
6,7,expert,756.947005,757.156301,0.209296,245776384,0,0,14,0
6,7,compute,756.921751,757.254513,0.332762,0,0,0,0,0
6,8,trunk,757.254514,757.258227,0.003712,0,-329,0,0,0
6,8,widen,757.327073,757.327230,0.000157,0,0,0,0,0
6,8,expert,757.327231,757.535262,0.208031,245776384,0,0,14,0
6,8,compute,757.258229,757.657162,0.398933,0,0,0,0,0
6,9,trunk,757.657163,757.660791,0.003628,0,-328,0,0,0
6,9,widen,757.708996,757.709237,0.000241,0,0,0,0,0
6,9,expert,757.709238,757.893799,0.184561,210665472,0,0,12,0
6,9,compute,757.660793,758.020437,0.359644,0,0,0,0,0
6,10,trunk,758.020438,758.024400,0.003962,0,-327,0,0,0
6,10,widen,758.094201,758.094325,0.000124,0,0,0,0,0
6,10,expert,758.094327,758.245632,0.151305,175554560,0,0,10,0
6,10,compute,758.024402,758.360170,0.335768,0,0,0,0,0
6,11,trunk,758.360192,758.363705,0.003514,0,-326,0,0,0
6,11,widen,758.406714,758.406877,0.000164,0,0,0,0,0
6,11,expert,758.406878,758.588712,0.181834,210665472,0,0,12,0
6,11,compute,758.363707,758.715052,0.351345,0,0,0,0,0
6,12,trunk,758.715053,758.718735,0.003681,0,-325,0,0,0
6,12,widen,758.781061,758.781208,0.000147,0,0,0,0,0
6,12,expert,758.781210,758.985589,0.204380,228220928,0,0,13,0
6,12,compute,758.718740,759.090706,0.371966,0,0,0,0,0
6,13,trunk,759.090708,759.094342,0.003635,0,-324,0,0,0
6,13,widen,759.157645,759.157797,0.000153,0,0,0,0,0
6,13,expert,759.157798,759.363506,0.205707,228220928,0,0,13,0
6,13,compute,759.094344,759.469652,0.375307,0,0,0,0,0
6,14,trunk,759.469654,759.473277,0.003623,0,-323,0,0,0
6,14,widen,759.530634,759.530811,0.000177,0,0,0,0,0
6,14,expert,759.530812,759.782773,0.251961,280887296,0,0,16,0
6,14,compute,759.473280,759.908476,0.435196,0,0,0,0,0
6,15,trunk,759.908478,759.913050,0.004573,0,-322,0,0,0
6,15,widen,759.935268,759.935423,0.000155,0,0,0,0,0
6,15,expert,759.935424,760.147648,0.212224,245776384,0,0,14,0
6,15,compute,759.913052,760.270280,0.357227,0,0,0,0,0
6,16,trunk,760.270282,760.274265,0.003984,0,-321,0,0,0
6,16,widen,760.343788,760.343931,0.000143,0,0,0,0,0
6,16,expert,760.343932,760.516776,0.172844,193110016,0,0,11,0
6,16,compute,760.274268,760.642467,0.368199,0,0,0,0,0
6,17,trunk,760.642469,760.646353,0.003884,0,-320,0,0,0
6,17,widen,760.710582,760.710733,0.000151,0,0,0,0,0
6,17,expert,760.710734,760.907303,0.196569,228220928,0,0,13,0
6,17,compute,760.646355,761.005872,0.359516,0,0,0,0,0
6,18,trunk,761.005873,761.009813,0.003940,0,-319,0,0,0
6,18,widen,761.058475,761.058615,0.000141,0,0,0,0,0
6,18,expert,761.058616,761.236250,0.177634,210665472,0,0,12,0
6,18,compute,761.009815,761.367375,0.357560,0,0,0,0,0
6,19,trunk,761.367377,761.371146,0.003770,0,-318,0,0,0
6,19,widen,761.409901,761.410064,0.000163,0,0,0,0,0
6,19,expert,761.410066,761.621806,0.211740,245776384,0,0,14,0
6,19,compute,761.371148,761.734214,0.363066,0,0,0,0,0
6,20,trunk,761.734216,761.737540,0.003324,0,-317,0,0,0
6,20,widen,761.787636,761.787785,0.000149,0,0,0,0,0
6,20,expert,761.787786,761.942789,0.155003,175554560,0,0,10,0
6,20,compute,761.737543,762.036370,0.298827,0,0,0,0,0
6,21,trunk,762.036371,762.039715,0.003344,0,-316,0,0,0
6,21,widen,762.102858,762.103011,0.000153,0,0,0,0,0
6,21,expert,762.103012,762.832369,0.729357,228220928,0,0,13,0
6,21,compute,762.039742,762.948174,0.908432,0,0,0,0,0
6,22,trunk,762.948176,762.952135,0.003959,645562368,-316,1,0,0
6,22,widen,763.005450,763.005611,0.000160,0,0,0,0,0
6,22,expert,763.005612,763.528182,0.522570,175554560,0,0,10,0
6,22,compute,762.952154,763.632072,0.679918,0,0,0,0,0
6,23,trunk,763.632074,763.635956,0.003882,431890432,-317,1,0,0
6,23,widen,763.685083,763.685226,0.000143,0,0,0,0,0
6,23,expert,763.685227,764.352017,0.666790,210665472,0,0,12,0
6,23,compute,763.635979,764.478300,0.842321,0,0,0,0,0
6,24,trunk,764.478302,764.481669,0.003366,645562368,-318,1,0,0
6,24,widen,764.543757,764.543951,0.000194,0,0,0,0,0
6,24,expert,764.543952,765.366851,0.822899,263331840,0,0,15,0
6,24,compute,764.481696,765.473095,0.991399,0,0,0,0,0
6,25,trunk,765.473097,765.477397,0.004301,645562368,-319,1,0,0
6,25,widen,765.544774,765.544926,0.000152,0,0,0,0,0
6,25,expert,765.544927,766.279771,0.734844,228220928,0,0,13,0
6,25,compute,765.477421,766.398873,0.921451,0,0,0,0,0
6,26,trunk,766.398875,766.402527,0.003653,645562368,-320,1,0,0
6,26,widen,766.471259,766.471437,0.000178,0,0,0,0,0
6,26,expert,766.471438,766.989299,0.517861,228220928,0,0,13,0
6,26,compute,766.402556,767.102027,0.699470,0,0,0,0,0
6,27,trunk,767.102029,767.108394,0.006366,431890432,-321,1,0,0
6,27,widen,767.145735,767.145904,0.000169,0,0,0,0,0
6,27,expert,767.145906,767.864316,0.718410,263331840,0,0,15,0
6,27,compute,767.108415,767.980351,0.871936,0,0,0,0,0
6,28,trunk,767.980353,767.984348,0.003995,645562368,-322,1,0,0
6,28,widen,768.050491,768.050678,0.000186,0,0,0,0,0
6,28,expert,768.050679,768.722743,0.672065,245776384,0,0,14,0
6,28,compute,767.984371,768.824499,0.840128,0,0,0,0,0
6,29,trunk,768.824502,768.828457,0.003956,645562368,-323,1,0,0
6,29,widen,768.887645,768.887805,0.000161,0,0,0,0,0
6,29,expert,768.887806,769.635034,0.747228,245776384,0,0,14,0
6,29,compute,768.828510,769.754164,0.925654,0,0,0,0,0
6,30,trunk,769.754166,769.757731,0.003565,645562368,-324,1,0,0
6,30,widen,769.828572,769.828711,0.000139,0,0,0,0,0
6,30,expert,769.828712,770.338473,0.509761,193110016,0,0,11,0
6,30,compute,769.757755,770.479094,0.721339,0,0,0,0,0
6,31,trunk,770.479096,770.483157,0.004061,431890432,-325,1,0,0
6,31,widen,770.566669,770.566835,0.000166,0,0,0,0,0
6,31,expert,770.566836,771.268395,0.701559,228220928,0,0,13,0
6,31,compute,770.483210,771.392504,0.909294,0,0,0,0,0
6,32,trunk,771.392507,771.396216,0.003709,645562368,-326,1,0,0
6,32,widen,771.456723,771.456856,0.000132,0,0,0,0,0
6,32,expert,771.456857,772.158093,0.701237,193110016,0,0,11,0
6,32,compute,771.396235,772.286003,0.889768,0,0,0,0,0
6,33,trunk,772.286005,772.289663,0.003658,645562368,-327,1,0,0
6,33,widen,772.359559,772.359720,0.000161,0,0,0,0,0
6,33,expert,772.359721,773.137715,0.777995,245776384,0,0,14,0
6,33,compute,772.289686,773.258192,0.968506,0,0,0,0,0
6,34,trunk,773.258194,773.261964,0.003770,645562368,-328,1,0,0
6,34,widen,773.328827,773.328993,0.000166,0,0,0,0,0
6,34,expert,773.328994,773.878517,0.549523,245776384,0,0,14,0
6,34,compute,773.261992,773.998169,0.736177,0,0,0,0,0
6,35,trunk,773.998171,774.001856,0.003685,431890432,-329,1,0,0
6,35,widen,774.047513,774.047665,0.000152,0,0,0,0,0
6,35,expert,774.047666,774.765090,0.717423,193110016,0,0,11,0
6,35,compute,774.001880,774.877359,0.875479,0,0,0,0,0
6,36,trunk,774.877362,774.882017,0.004655,645562368,-330,1,0,0
6,36,widen,774.958721,774.958936,0.000215,0,0,0,0,0
6,36,expert,774.958937,775.685122,0.726185,245776384,0,0,14,0
6,36,compute,774.882046,775.803292,0.921246,0,0,0,0,0
6,37,trunk,775.803294,775.807248,0.003954,645562368,-331,1,0,0
6,37,widen,775.890357,775.890570,0.000214,0,0,0,0,0
6,37,expert,775.890571,776.617727,0.727155,245776384,0,0,14,0
6,37,compute,775.807281,776.734650,0.927369,0,0,0,0,0
6,38,trunk,776.734652,776.738183,0.003531,645562368,-332,1,0,0
6,38,widen,776.805220,776.805379,0.000159,0,0,0,0,0
6,38,expert,776.805381,777.275561,0.470180,193110016,0,0,11,0
6,38,compute,776.738212,777.410801,0.672588,0,0,0,0,0
6,39,trunk,777.410803,777.414661,0.003859,431890432,-333,1,0,0
6,39,widen,777.473392,777.473571,0.000178,0,0,0,0,0
6,39,expert,777.473572,778.208721,0.735149,245776384,0,0,14,0
6,39,compute,777.414696,778.309437,0.894741,0,0,0,0,0
6,40,trunk,778.309439,778.312829,0.003390,645562368,-334,1,0,0
6,40,widen,778.384518,778.384689,0.000171,0,0,0,0,0
6,40,expert,778.384689,779.117620,0.732931,228220928,0,0,13,0
6,40,compute,778.312850,779.238383,0.925533,0,0,0,0,0
6,41,trunk,779.238385,779.241814,0.003429,645562368,-335,1,0,0
6,41,widen,779.312560,779.312694,0.000134,0,0,0,0,0
6,41,expert,779.312695,779.874616,0.561921,157999104,0,0,9,0
6,41,compute,779.241845,779.987825,0.745979,0,0,0,0,0
6,42,trunk,779.987826,779.991611,0.003784,645562368,-336,1,0,0
6,42,widen,780.055893,780.056002,0.000109,0,0,0,0,0
6,42,expert,780.056003,780.512025,0.456022,140443648,0,0,8,0
6,42,compute,779.991646,780.612930,0.621284,0,0,0,0,0
6,43,trunk,780.612932,780.616863,0.003930,431890432,-337,1,0,0
6,43,widen,780.668312,780.668447,0.000135,0,0,0,0,0
6,43,expert,780.668448,781.674562,1.006114,157999104,0,0,9,0
6,43,compute,780.616884,781.802190,1.185305,0,0,0,0,0
6,44,trunk,781.802192,781.805794,0.003602,645562368,-338,1,0,0
6,44,widen,781.854695,781.854863,0.000168,0,0,0,0,0
6,44,expert,781.854864,791.754474,9.899610,210665472,0,0,12,0
6,44,compute,781.805816,791.882721,10.076905,0,0,0,0,0
6,45,trunk,791.882723,793.373907,1.491184,645562368,-339,1,0,0
6,45,widen,793.443415,793.443562,0.000146,0,0,0,0,0
6,45,expert,793.443563,794.152052,0.708489,175554560,0,0,10,0
6,45,compute,793.373978,794.274204,0.900226,0,0,0,0,0
6,46,trunk,794.274207,794.278003,0.003796,645562368,-340,1,0,0
6,46,widen,794.344332,794.344503,0.000171,0,0,0,0,0
6,46,expert,794.344505,794.833832,0.489328,175554560,0,0,10,0
6,46,compute,794.278045,794.945037,0.666993,0,0,0,0,0
6,47,trunk,794.945042,794.949245,0.004203,431890432,-341,1,0,0
6,47,widen,794.998349,794.998514,0.000164,0,0,0,0,0
6,47,expert,794.998514,795.686142,0.687627,193110016,0,0,11,0
6,47,compute,794.949281,795.814219,0.864938,0,0,0,0,0
6,48,trunk,795.814221,795.817658,0.003438,645562368,-342,1,0,0
6,48,widen,795.876396,795.876576,0.000179,0,0,0,0,0
6,48,expert,795.876576,796.581803,0.705226,228220928,0,0,13,0
6,48,compute,795.817680,796.689343,0.871662,0,0,0,0,0
6,49,trunk,796.689345,796.692934,0.003589,645562368,-343,1,0,0
6,49,widen,796.763550,796.763803,0.000252,0,0,0,0,0
6,49,expert,796.763803,797.414699,0.650895,263331840,0,0,15,0
6,49,compute,796.692957,797.538248,0.845291,0,0,0,0,0
6,50,trunk,797.538249,797.541858,0.003609,645562368,-344,1,0,0
6,50,widen,797.603221,797.603411,0.000190,0,0,0,0,0
6,50,expert,797.603412,798.090026,0.486614,210665472,0,0,12,0
6,50,compute,797.541882,798.206387,0.664505,0,0,0,0,0
6,51,trunk,798.206390,798.210249,0.003859,431890432,-345,1,0,0
6,51,widen,798.265717,798.265872,0.000156,0,0,0,0,0
6,51,expert,798.265874,798.868386,0.602512,193110016,0,0,11,0
6,51,compute,798.210276,798.968411,0.758135,0,0,0,0,0
6,52,trunk,798.968413,798.972178,0.003765,645562368,-346,1,0,0
6,52,widen,799.043122,799.043336,0.000214,0,0,0,0,0
6,52,expert,799.043337,799.720542,0.677205,228220928,0,0,13,0
6,52,compute,798.972200,799.827847,0.855647,0,0,0,0,0
6,53,trunk,799.827849,799.831384,0.003535,645562368,-347,1,0,0
6,53,widen,799.893038,799.893206,0.000168,0,0,0,0,0
6,53,expert,799.893207,800.522893,0.629686,210665472,0,0,12,0
6,53,compute,799.831405,800.623628,0.792223,0,0,0,0,0
6,54,trunk,800.623631,800.627293,0.003662,645562368,-348,1,0,0
6,54,widen,800.679966,800.680186,0.000219,0,0,0,0,0
6,54,expert,800.680187,801.208311,0.528124,210665472,0,0,12,0
6,54,compute,800.627314,801.322178,0.694864,0,0,0,0,0
6,55,trunk,801.322181,801.325938,0.003757,431890432,-349,1,0,0
6,55,widen,801.381583,801.381734,0.000152,0,0,0,0,0
6,55,expert,801.381735,802.085775,0.704040,210665472,0,0,12,0
6,55,compute,801.325987,802.214376,0.888389,0,0,0,0,0
6,56,trunk,802.214379,802.218034,0.003655,645562368,-350,1,0,0
6,56,widen,802.277964,802.278108,0.000144,0,0,0,0,0
6,56,expert,802.278110,802.979323,0.701214,193110016,0,0,11,0
6,56,compute,802.218086,803.083636,0.865550,0,0,0,0,0
6,57,trunk,803.083639,803.087001,0.003362,645562368,-351,1,0,0
6,57,widen,803.149884,803.150072,0.000187,0,0,0,0,0
6,57,expert,803.150073,803.899452,0.749380,245776384,0,0,14,0
6,57,compute,803.087033,804.018221,0.931188,0,0,0,0,0
6,58,trunk,804.018223,804.021746,0.003522,645562368,-352,1,0,0
6,58,widen,804.078099,804.078323,0.000224,0,0,0,0,0
6,58,expert,804.078324,804.584393,0.506068,175554560,0,0,10,0
6,58,compute,804.021771,804.686517,0.664746,0,0,0,0,0
6,59,trunk,804.686519,804.691597,0.005078,431890432,-353,1,0,0
6,59,widen,804.736233,804.736373,0.000139,0,0,0,0,0
6,59,expert,804.736373,805.417002,0.680629,157999104,0,0,9,0
6,59,compute,804.691647,805.542411,0.850763,0,0,0,0,0
6,60,trunk,805.542413,805.545860,0.003447,645562368,-354,1,0,0
6,60,widen,805.623079,805.623325,0.000247,0,0,0,0,0
6,60,expert,805.623326,806.324089,0.700763,210665472,0,0,12,0
6,60,compute,805.545911,806.442196,0.896285,0,0,0,0,0
6,61,trunk,806.442198,806.446182,0.003984,645562368,-355,1,0,0
6,61,widen,806.504879,806.505047,0.000168,0,0,0,0,0
6,61,expert,806.505048,807.210675,0.705627,210665472,0,0,12,0
6,61,compute,806.446231,807.318199,0.871968,0,0,0,0,0
6,62,trunk,807.318202,807.321300,0.003099,645562368,-356,1,0,0
6,62,widen,807.383236,807.383425,0.000189,0,0,0,0,0
6,62,expert,807.383426,807.906107,0.522681,228220928,0,0,13,0
6,62,compute,807.321324,808.701885,1.380561,0,0,0,0,0
6,63,trunk,808.701887,808.705407,0.003520,431890432,-357,1,0,0
6,63,widen,808.749524,808.749716,0.000193,0,0,0,0,0
6,63,expert,808.749718,809.570179,0.820461,210665472,0,0,12,0
6,63,compute,808.705429,809.675622,0.970194,0,0,0,0,0
6,64,trunk,809.675625,809.679214,0.003589,645562368,-358,1,0,0
6,64,widen,809.755863,809.756075,0.000213,0,0,0,0,0
6,64,expert,809.756076,810.462479,0.706403,210665472,0,0,12,0
6,64,compute,809.679257,810.566401,0.887144,0,0,0,0,0
6,65,trunk,810.566404,810.569729,0.003325,645562368,-359,1,0,0
6,65,widen,810.626891,810.627056,0.000165,0,0,0,0,0
6,65,expert,810.627057,811.317615,0.690558,193110016,0,0,11,0
6,65,compute,810.569750,811.430282,0.860533,0,0,0,0,0
6,66,trunk,811.430311,811.435712,0.005401,645562368,-360,1,0,0
6,66,widen,811.502803,811.502984,0.000180,0,0,0,0,0
6,66,expert,811.502984,811.994359,0.491374,175554560,0,0,10,0
6,66,compute,811.435745,812.102390,0.666645,0,0,0,0,0
6,67,trunk,812.102392,812.106127,0.003735,431890432,-361,1,0,0
6,67,widen,812.160053,812.160254,0.000201,0,0,0,0,0
6,67,expert,812.160255,812.897112,0.736857,228220928,0,0,13,0
6,67,compute,812.106152,813.018258,0.912106,0,0,0,0,0
6,68,trunk,813.018260,813.021725,0.003465,645562368,-362,1,0,0
6,68,widen,813.090566,813.090765,0.000200,0,0,0,0,0
6,68,expert,813.090767,813.780948,0.690182,210665472,0,0,12,0
6,68,compute,813.021751,813.902190,0.880439,0,0,0,0,0
6,69,trunk,813.902193,813.905778,0.003585,645562368,-363,1,0,0
6,69,widen,813.966535,813.966714,0.000179,0,0,0,0,0
6,69,expert,813.966715,814.700232,0.733516,210665472,0,0,12,0
6,69,compute,813.905810,814.801148,0.895338,0,0,0,0,0
6,70,trunk,814.801150,814.805152,0.004002,645562368,-364,1,0,0
6,70,widen,814.882517,814.882694,0.000177,0,0,0,0,0
6,70,expert,814.882695,815.353775,0.471080,175554560,0,0,10,0
6,70,compute,814.805181,815.449475,0.644295,0,0,0,0,0
6,71,trunk,815.449478,815.453043,0.003565,431890432,-365,1,0,0
6,71,widen,815.491352,815.491503,0.000151,0,0,0,0,0
6,71,expert,815.491504,816.244272,0.752768,175554560,0,0,10,0
6,71,compute,815.453064,816.366472,0.913408,0,0,0,0,0
6,72,trunk,816.366475,816.370219,0.003744,645562368,-366,1,0,0
6,72,widen,816.437039,816.437201,0.000162,0,0,0,0,0
6,72,expert,816.437201,817.146571,0.709369,193110016,0,0,11,0
6,72,compute,816.370241,817.244818,0.874576,0,0,0,0,0
6,73,trunk,817.244820,817.248145,0.003325,645562368,-367,1,0,0
6,73,widen,817.313038,817.313230,0.000192,0,0,0,0,0
6,73,expert,817.313231,818.050735,0.737503,228220928,0,0,13,0
6,73,compute,817.248163,818.170375,0.922212,0,0,0,0,0
6,74,trunk,818.170378,818.173754,0.003376,645562368,-368,1,0,0
6,74,widen,818.234486,818.234618,0.000132,0,0,0,0,0
6,74,expert,818.234619,818.678567,0.443948,122888192,0,0,7,0
6,74,compute,818.173778,818.773457,0.599679,0,0,0,0,0
6,75,trunk,818.773459,818.777244,0.003785,431890432,-369,1,0,0
6,75,widen,818.815073,818.815201,0.000128,0,0,0,0,0
6,75,expert,818.815202,819.448645,0.633443,140443648,0,0,8,0
6,75,compute,818.777287,819.549476,0.772189,0,0,0,0,0
6,76,trunk,819.549478,819.553002,0.003524,645562368,-370,1,0,0
6,76,widen,819.614731,819.614876,0.000146,0,0,0,0,0
6,76,expert,819.614877,820.205457,0.590580,175554560,0,0,10,0
6,76,compute,819.553028,820.326194,0.773166,0,0,0,0,0
6,77,trunk,820.326197,820.329686,0.003489,645562368,-371,1,0,0
6,77,widen,820.393258,820.393392,0.000133,0,0,0,0,0
6,77,expert,820.393393,821.061772,0.668379,157999104,0,0,9,0
6,77,compute,820.329708,821.178760,0.849052,0,0,0,0,0
6,78,trunk,821.178762,821.182549,0.003786,645562368,-372,1,0,0
6,78,widen,821.247417,821.247654,0.000237,0,0,0,0,0
6,78,expert,821.247655,821.753920,0.506265,193110016,0,0,11,0
6,78,compute,821.182595,821.871418,0.688823,0,0,0,0,0
6,79,trunk,821.871421,821.876123,0.004703,431890432,-373,1,0,0
6,79,widen,821.920845,821.921004,0.000159,0,0,0,0,0
6,79,expert,821.921005,822.602113,0.681108,157999104,0,0,9,0
6,79,compute,821.876143,822.726229,0.850086,0,0,0,0,0
6,80,trunk,822.726231,822.729975,0.003744,645562368,-374,1,0,0
6,80,widen,822.790322,822.790500,0.000178,0,0,0,0,0
6,80,expert,822.790502,823.447662,0.657160,175554560,0,0,10,0
6,80,compute,822.730007,823.558183,0.828176,0,0,0,0,0
6,81,trunk,823.558185,823.561791,0.003606,645562368,-375,1,0,0
6,81,widen,823.624245,823.624455,0.000210,0,0,0,0,0
6,81,expert,823.624456,824.322930,0.698474,228220928,0,0,13,0
6,81,compute,823.561832,824.450199,0.888367,0,0,0,0,0
6,82,trunk,824.450202,824.454087,0.003886,645562368,-376,1,0,0
6,82,widen,824.511799,824.512000,0.000201,0,0,0,0,0
6,82,expert,824.512001,824.948532,0.436531,193110016,0,0,11,0
6,82,compute,824.454113,825.059434,0.605321,0,0,0,0,0
6,83,trunk,825.059436,825.063454,0.004018,431890432,-377,1,0,0
6,83,widen,825.102425,825.102832,0.000407,0,0,0,0,0
6,83,expert,825.102833,825.816318,0.713485,193110016,0,0,11,0
6,83,compute,825.063477,825.930976,0.867498,0,0,0,0,0
6,84,trunk,825.930978,825.934938,0.003960,645562368,-378,1,0,0
6,84,widen,826.004768,826.004957,0.000189,0,0,0,0,0
6,84,expert,826.004958,826.712132,0.707173,210665472,0,0,12,0
6,84,compute,825.934997,826.822225,0.887228,0,0,0,0,0
6,85,trunk,826.822227,826.825903,0.003676,645562368,-379,1,0,0
6,85,widen,826.884976,826.885144,0.000168,0,0,0,0,0
6,85,expert,826.885145,827.577874,0.692729,175554560,0,0,10,0
6,85,compute,826.825932,827.689817,0.863885,0,0,0,0,0
6,86,trunk,827.689819,827.693406,0.003587,645562368,-380,1,0,0
6,86,widen,827.757540,827.757725,0.000185,0,0,0,0,0
6,86,expert,827.757726,828.271163,0.513437,193110016,0,0,11,0
6,86,compute,827.693427,828.379082,0.685654,0,0,0,0,0
6,87,trunk,828.379084,828.384273,0.005190,431890432,-381,1,0,0
6,87,widen,828.418047,828.418220,0.000173,0,0,0,0,0
6,87,expert,828.418222,829.044308,0.626086,157999104,0,0,9,0
6,87,compute,828.384294,829.170218,0.785924,0,0,0,0,0
6,88,trunk,829.170220,829.173722,0.003501,645562368,-382,1,0,0
6,88,widen,829.244708,829.244902,0.000194,0,0,0,0,0
6,88,expert,829.244903,829.810471,0.565568,193110016,0,0,11,0
6,88,compute,829.173745,829.920954,0.747209,0,0,0,0,0
6,89,trunk,829.920956,829.934365,0.013409,645562368,-383,1,0,0
6,89,widen,829.997175,829.997351,0.000176,0,0,0,0,0
6,89,expert,829.997352,830.634979,0.637627,122888192,0,0,7,0
6,89,compute,829.934421,830.766571,0.832149,0,0,0,0,0
6,90,trunk,830.766573,830.770295,0.003722,645562368,-384,1,0,0
6,90,widen,830.842036,830.842176,0.000140,0,0,0,0,0
6,90,expert,830.842177,831.291740,0.449563,140443648,0,0,8,0
6,90,compute,830.770319,831.415508,0.645189,0,0,0,0,0
6,91,trunk,831.415511,831.419430,0.003919,431890432,-385,1,0,0
6,91,widen,831.456274,831.456429,0.000155,0,0,0,0,0
6,91,expert,831.456430,831.919619,0.463188,140443648,0,0,8,0
6,91,compute,831.419456,832.027625,0.608169,0,0,0,0,0
6,92,trunk,832.027628,832.031821,0.004194,431890432,-386,1,0,0
6,92,widen,832.072429,832.072650,0.000221,0,0,0,0,0
6,92,expert,832.072651,832.230856,0.158204,193110016,0,0,11,0
6,92,compute,832.031823,832.499721,0.467898,0,0,0,0,0
7,0,trunk,832.609661,832.609700,0.000039,0,-386,0,0,0
7,0,compute,832.609701,832.726892,0.117191,0,0,0,0,0
7,1,trunk,832.726894,832.730809,0.003915,0,-385,0,0,0
7,1,widen,832.798693,832.798878,0.000185,0,0,0,0,0
7,1,expert,832.798879,833.018461,0.219582,263331840,0,0,15,0
7,1,compute,832.730812,833.134248,0.403436,0,0,0,0,0
7,2,trunk,833.134250,833.137761,0.003511,0,-384,0,0,0
7,2,widen,833.199913,833.200125,0.000212,0,0,0,0,0
7,2,expert,833.200126,833.410664,0.210538,245776384,0,0,14,0
7,2,compute,833.137764,833.514218,0.376453,0,0,0,0,0
7,3,trunk,833.514219,833.517677,0.003458,0,-383,0,0,0
7,3,widen,833.547503,833.547641,0.000138,0,0,0,0,0
7,3,expert,833.547642,833.696784,0.149142,175554560,0,0,10,0
7,3,compute,833.517679,833.811311,0.293632,0,0,0,0,0
7,4,trunk,833.811313,833.815173,0.003861,0,-382,0,0,0
7,4,widen,833.882232,833.882404,0.000172,0,0,0,0,0
7,4,expert,833.882405,834.090469,0.208064,245776384,0,0,14,0
7,4,compute,833.815177,834.218460,0.403283,0,0,0,0,0
7,5,trunk,834.218461,834.222047,0.003586,0,-381,0,0,0
7,5,widen,834.264920,834.265060,0.000140,0,0,0,0,0
7,5,expert,834.265061,834.459219,0.194158,228220928,0,0,13,0
7,5,compute,834.222050,834.580954,0.358904,0,0,0,0,0
7,6,trunk,834.580956,834.584369,0.003413,0,-380,0,0,0
7,6,widen,834.652802,834.652986,0.000184,0,0,0,0,0
7,6,expert,834.652988,834.875108,0.222120,263331840,0,0,15,0
7,6,compute,834.584371,834.999027,0.414656,0,0,0,0,0
7,7,trunk,834.999029,835.002838,0.003810,0,-379,0,0,0
7,7,widen,835.038604,835.038770,0.000166,0,0,0,0,0
7,7,expert,835.038771,835.260784,0.222013,263331840,0,0,15,0
7,7,compute,835.002841,835.358485,0.355644,0,0,0,0,0
7,8,trunk,835.358487,835.362118,0.003631,0,-378,0,0,0
7,8,widen,835.428408,835.428625,0.000218,0,0,0,0,0
7,8,expert,835.428626,835.648742,0.220116,263331840,0,0,15,0
7,8,compute,835.362121,835.745735,0.383615,0,0,0,0,0
7,9,trunk,835.745736,835.749695,0.003959,0,-377,0,0,0
7,9,widen,835.796675,835.796858,0.000183,0,0,0,0,0
7,9,expert,835.796859,836.012535,0.215676,263331840,0,0,15,0
7,9,compute,835.749697,836.130263,0.380566,0,0,0,0,0
7,10,trunk,836.130410,836.134136,0.003725,0,-376,0,0,0
7,10,widen,836.205618,836.205767,0.000149,0,0,0,0,0
7,10,expert,836.205768,836.380522,0.174754,210665472,0,0,12,0
7,10,compute,836.134137,836.513232,0.379095,0,0,0,0,0
7,11,trunk,836.513234,836.517034,0.003800,0,-375,0,0,0
7,11,widen,836.562970,836.563128,0.000158,0,0,0,0,0
7,11,expert,836.563129,836.754812,0.191683,228220928,0,0,13,0
7,11,compute,836.517037,836.875272,0.358235,0,0,0,0,0
7,12,trunk,836.875274,836.878943,0.003670,0,-374,0,0,0
7,12,widen,836.942029,836.942182,0.000153,0,0,0,0,0
7,12,expert,836.942182,837.128037,0.185855,228220928,0,0,13,0
7,12,compute,836.878946,837.246167,0.367222,0,0,0,0,0
7,13,trunk,837.246169,837.249852,0.003683,0,-373,0,0,0
7,13,widen,837.305366,837.305596,0.000230,0,0,0,0,0
7,13,expert,837.305597,837.530853,0.225255,263331840,0,0,15,0
7,13,compute,837.249854,837.654395,0.404541,0,0,0,0,0
7,14,trunk,837.654397,837.658288,0.003892,0,-372,0,0,0
7,14,widen,837.725997,837.726189,0.000191,0,0,0,0,0
7,14,expert,837.726190,837.964656,0.238466,280887296,0,0,16,0
7,14,compute,837.658291,838.078285,0.419994,0,0,0,0,0
7,15,trunk,838.078287,838.081980,0.003694,0,-371,0,0,0
7,15,widen,838.110350,838.110588,0.000239,0,0,0,0,0
7,15,expert,838.110591,838.327945,0.217354,263331840,0,0,15,0
7,15,compute,838.081982,838.430788,0.348805,0,0,0,0,0
7,16,trunk,838.430789,838.434825,0.004036,0,-370,0,0,0
7,16,widen,838.498949,838.499129,0.000180,0,0,0,0,0
7,16,expert,838.499130,838.707807,0.208677,245776384,0,0,14,0
7,16,compute,838.434828,838.804583,0.369755,0,0,0,0,0
7,17,trunk,838.804585,838.808188,0.003604,0,-369,0,0,0
7,17,widen,838.853412,838.853579,0.000167,0,0,0,0,0
7,17,expert,838.853580,839.043833,0.190253,228220928,0,0,13,0
7,17,compute,838.808190,839.133687,0.325497,0,0,0,0,0
7,18,trunk,839.133689,839.137592,0.003903,0,-368,0,0,0
7,18,widen,839.196116,839.196262,0.000147,0,0,0,0,0
7,18,expert,839.196263,839.363587,0.167324,193110016,0,0,11,0
7,18,compute,839.137594,839.471026,0.333432,0,0,0,0,0
7,19,trunk,839.471028,839.474784,0.003757,0,-367,0,0,0
7,19,widen,839.505218,839.505400,0.000182,0,0,0,0,0
7,19,expert,839.505401,839.727714,0.222312,263331840,0,0,15,0
7,19,compute,839.474786,839.829544,0.354758,0,0,0,0,0
7,20,trunk,839.829546,839.833045,0.003499,0,-366,0,0,0
7,20,widen,839.884202,839.884379,0.000177,0,0,0,0,0
7,20,expert,839.884380,840.059225,0.174845,210665472,0,0,12,0
7,20,compute,839.833047,840.182480,0.349433,0,0,0,0,0
7,21,trunk,840.182482,840.186512,0.004030,0,-365,0,0,0
7,21,widen,840.264816,840.264992,0.000175,0,0,0,0,0
7,21,expert,840.264993,840.992055,0.727062,245776384,0,0,14,0
7,21,compute,840.186543,841.099473,0.912931,0,0,0,0,0
7,22,trunk,841.099475,841.103174,0.003700,645562368,-365,1,0,0
7,22,widen,841.151626,841.151826,0.000200,0,0,0,0,0
7,22,expert,841.151827,841.725431,0.573605,245776384,0,0,14,0
7,22,compute,841.103199,841.854569,0.751370,0,0,0,0,0
7,23,trunk,841.854571,841.859013,0.004442,431890432,-366,1,0,0
7,23,widen,841.901601,841.901775,0.000174,0,0,0,0,0
7,23,expert,841.901776,842.600463,0.698687,245776384,0,0,14,0
7,23,compute,841.859048,842.718197,0.859149,0,0,0,0,0
7,24,trunk,842.718200,842.721666,0.003467,645562368,-367,1,0,0
7,24,widen,842.820776,842.820974,0.000198,0,0,0,0,0
7,24,expert,842.820975,843.600990,0.780015,263331840,0,0,15,0
7,24,compute,842.721694,843.714241,0.992547,0,0,0,0,0
7,25,trunk,843.714243,843.718009,0.003767,645562368,-368,1,0,0
7,25,widen,843.789669,843.789854,0.000185,0,0,0,0,0
7,25,expert,843.789856,844.510772,0.720916,228220928,0,0,13,0
7,25,compute,843.718033,844.634205,0.916171,0,0,0,0,0
7,26,trunk,844.634207,844.642139,0.007932,645562368,-369,1,0,0
7,26,widen,844.702299,844.702482,0.000183,0,0,0,0,0
7,26,expert,844.702483,845.246387,0.543904,245776384,0,0,14,0
7,26,compute,844.642162,845.348819,0.706658,0,0,0,0,0
7,27,trunk,845.348821,845.352285,0.003464,431890432,-370,1,0,0
7,27,widen,845.392193,845.392386,0.000193,0,0,0,0,0
7,27,expert,845.392387,846.133237,0.740850,280887296,0,0,16,0
7,27,compute,845.352304,846.246876,0.894573,0,0,0,0,0
7,28,trunk,846.246880,846.250644,0.003764,645562368,-371,1,0,0
7,28,widen,846.320416,846.320595,0.000178,0,0,0,0,0
7,28,expert,846.320596,847.009200,0.688604,263331840,0,0,15,0
7,28,compute,846.250686,847.115240,0.864554,0,0,0,0,0
7,29,trunk,847.115243,847.118848,0.003606,645562368,-372,1,0,0
7,29,widen,847.181508,847.181680,0.000172,0,0,0,0,0
7,29,expert,847.181681,847.916345,0.734664,228220928,0,0,13,0
7,29,compute,847.118876,848.022171,0.903295,0,0,0,0,0
7,30,trunk,848.022172,848.026064,0.003892,645562368,-373,1,0,0
7,30,widen,848.090024,848.090181,0.000157,0,0,0,0,0
7,30,expert,848.090182,848.614817,0.524635,210665472,0,0,12,0
7,30,compute,848.026109,848.719110,0.693001,0,0,0,0,0
7,31,trunk,848.719112,848.722522,0.003410,431890432,-374,1,0,0
7,31,widen,848.762998,848.763207,0.000209,0,0,0,0,0
7,31,expert,848.763208,849.526846,0.763638,263331840,0,0,15,0
7,31,compute,848.722545,849.647003,0.924458,0,0,0,0,0
7,32,trunk,849.647004,849.650766,0.003761,645562368,-375,1,0,0
7,32,widen,849.715433,849.715609,0.000176,0,0,0,0,0
7,32,expert,849.715610,851.998956,2.283347,210665472,0,0,12,0
7,32,compute,849.650801,852.124401,2.473600,0,0,0,0,0
7,33,trunk,852.124403,852.129722,0.005319,645562368,-376,1,0,0
7,33,widen,852.213882,852.214060,0.000177,0,0,0,0,0
7,33,expert,852.214061,859.250351,7.036290,245776384,0,0,14,0
7,33,compute,852.129746,859.377124,7.247379,0,0,0,0,0
7,34,trunk,859.377126,859.387547,0.010421,645562368,-377,1,0,0
7,34,widen,859.448773,859.448978,0.000205,0,0,0,0,0
7,34,expert,859.448979,859.993448,0.544469,228220928,0,0,13,0
7,34,compute,859.387567,860.098958,0.711390,0,0,0,0,0
7,35,trunk,860.098960,860.103020,0.004061,431890432,-378,1,0,0
7,35,widen,860.147234,860.147406,0.000172,0,0,0,0,0
7,35,expert,860.147407,860.897580,0.750173,228220928,0,0,13,0
7,35,compute,860.103070,861.014242,0.911172,0,0,0,0,0
7,36,trunk,861.014244,861.017727,0.003484,645562368,-379,1,0,0
7,36,widen,861.089513,861.089681,0.000168,0,0,0,0,0
7,36,expert,861.089682,861.816487,0.726804,228220928,0,0,13,0
7,36,compute,861.017779,861.921996,0.904217,0,0,0,0,0
7,37,trunk,861.921998,861.925707,0.003709,645562368,-380,1,0,0
7,37,widen,861.998447,861.998631,0.000184,0,0,0,0,0
7,37,expert,861.998633,862.736935,0.738303,245776384,0,0,14,0
7,37,compute,861.925731,862.850699,0.924968,0,0,0,0,0
7,38,trunk,862.850701,862.854577,0.003876,645562368,-381,1,0,0
7,38,widen,862.920893,862.921055,0.000162,0,0,0,0,0
7,38,expert,862.921056,863.412460,0.491404,210665472,0,0,12,0
7,38,compute,862.854608,863.534244,0.679637,0,0,0,0,0
7,39,trunk,863.534246,863.537833,0.003586,431890432,-382,1,0,0
7,39,widen,863.589685,863.589861,0.000177,0,0,0,0,0
7,39,expert,863.589862,864.312100,0.722238,228220928,0,0,13,0
7,39,compute,863.537855,864.413152,0.875297,0,0,0,0,0
7,40,trunk,864.413155,864.416974,0.003819,645562368,-383,1,0,0
7,40,widen,864.473596,864.473757,0.000161,0,0,0,0,0
7,40,expert,864.473758,865.214461,0.740703,228220928,0,0,13,0
7,40,compute,864.416998,865.334222,0.917223,0,0,0,0,0
7,41,trunk,865.334223,865.338774,0.004551,645562368,-384,1,0,0
7,41,widen,865.422079,865.422342,0.000263,0,0,0,0,0
7,41,expert,865.422344,866.084641,0.662297,193110016,0,0,11,0
7,41,compute,865.338823,866.200401,0.861578,0,0,0,0,0
7,42,trunk,866.200404,866.204286,0.003882,645562368,-385,1,0,0
7,42,widen,866.258255,866.258394,0.000139,0,0,0,0,0
7,42,expert,866.258395,866.738807,0.480412,157999104,0,0,9,0
7,42,compute,866.204305,866.846579,0.642274,0,0,0,0,0
7,43,trunk,866.846582,866.850446,0.003864,431890432,-386,1,0,0
7,43,widen,866.891818,866.891988,0.000170,0,0,0,0,0
7,43,expert,866.891989,867.611407,0.719418,175554560,0,0,10,0
7,43,compute,866.850470,867.736226,0.885756,0,0,0,0,0
7,44,trunk,867.736229,867.740856,0.004627,645562368,-387,1,0,0
7,44,widen,867.811030,867.811195,0.000165,0,0,0,0,0
7,44,expert,867.811196,868.542240,0.731044,228220928,0,0,13,0
7,44,compute,867.740881,868.641063,0.900182,0,0,0,0,0
7,45,trunk,868.641065,868.645139,0.004074,645562368,-388,1,0,0
7,45,widen,868.730366,868.730556,0.000189,0,0,0,0,0
7,45,expert,868.730557,869.481415,0.750858,245776384,0,0,14,0
7,45,compute,868.645168,869.583825,0.938657,0,0,0,0,0
7,46,trunk,869.583827,869.587182,0.003355,645562368,-389,1,0,0
7,46,widen,869.648825,869.648994,0.000169,0,0,0,0,0
7,46,expert,869.649022,870.202659,0.553636,228220928,0,0,13,0
7,46,compute,869.587213,870.330544,0.743331,0,0,0,0,0
7,47,trunk,870.330546,870.334144,0.003598,431890432,-390,1,0,0
7,47,widen,870.373008,870.373186,0.000178,0,0,0,0,0
7,47,expert,870.373187,871.092097,0.718910,228220928,0,0,13,0
7,47,compute,870.334172,871.214364,0.880191,0,0,0,0,0
7,48,trunk,871.214366,871.217890,0.003525,645562368,-391,1,0,0
7,48,widen,871.283401,871.283634,0.000233,0,0,0,0,0
7,48,expert,871.283635,871.978101,0.694466,210665472,0,0,12,0
7,48,compute,871.217949,872.078443,0.860494,0,0,0,0,0
7,49,trunk,872.078445,872.082295,0.003850,645562368,-392,1,0,0
7,49,widen,872.143689,872.143880,0.000191,0,0,0,0,0
7,49,expert,872.143881,872.927184,0.783303,263331840,0,0,15,0
7,49,compute,872.082343,873.042878,0.960535,0,0,0,0,0
7,50,trunk,873.042880,873.046832,0.003952,645562368,-393,1,0,0
7,50,widen,873.116392,873.116570,0.000177,0,0,0,0,0
7,50,expert,873.116571,873.670932,0.554362,245776384,0,0,14,0
7,50,compute,873.046855,873.786178,0.739323,0,0,0,0,0
7,51,trunk,873.786180,873.790186,0.004006,431890432,-394,1,0,0
7,51,widen,873.837472,873.837638,0.000166,0,0,0,0,0
7,51,expert,873.837639,874.530830,0.693191,210665472,0,0,12,0
7,51,compute,873.790219,874.655155,0.864936,0,0,0,0,0
7,52,trunk,874.655157,874.659093,0.003936,645562368,-395,1,0,0
7,52,widen,874.724083,874.724265,0.000182,0,0,0,0,0
7,52,expert,874.724266,875.407591,0.683325,210665472,0,0,12,0
7,52,compute,874.659118,875.522391,0.863273,0,0,0,0,0
7,53,trunk,875.522394,875.526181,0.003787,645562368,-396,1,0,0
7,53,widen,875.591362,875.591537,0.000175,0,0,0,0,0
7,53,expert,875.591538,876.311442,0.719904,228220928,0,0,13,0
7,53,compute,875.526243,876.422414,0.896171,0,0,0,0,0
7,54,trunk,876.422416,876.426583,0.004167,645562368,-397,1,0,0
7,54,widen,876.490044,876.490208,0.000164,0,0,0,0,0
7,54,expert,876.490210,877.005689,0.515480,210665472,0,0,12,0
7,54,compute,876.426607,877.138201,0.711594,0,0,0,0,0
7,55,trunk,877.138203,877.142159,0.003957,431890432,-398,1,0,0
7,55,widen,877.191663,877.191865,0.000202,0,0,0,0,0
7,55,expert,877.191866,877.951674,0.759807,263331840,0,0,15,0
7,55,compute,877.142184,878.070979,0.928795,0,0,0,0,0
7,56,trunk,878.070981,878.075051,0.004071,645562368,-399,1,0,0
7,56,widen,878.140628,878.140833,0.000205,0,0,0,0,0
7,56,expert,878.140833,878.877764,0.736931,228220928,0,0,13,0
7,56,compute,878.075101,878.998231,0.923130,0,0,0,0,0
7,57,trunk,878.998233,879.001801,0.003568,645562368,-400,1,0,0
7,57,widen,879.061764,879.061971,0.000207,0,0,0,0,0
7,57,expert,879.061975,879.844357,0.782382,280887296,0,0,16,0
7,57,compute,879.001824,879.955716,0.953892,0,0,0,0,0
7,58,trunk,879.955718,879.959930,0.004213,645562368,-401,1,0,0
7,58,widen,880.025181,880.025342,0.000161,0,0,0,0,0
7,58,expert,880.025343,880.548223,0.522881,193110016,0,0,11,0
7,58,compute,879.959976,880.645670,0.685694,0,0,0,0,0
7,59,trunk,880.645672,880.649283,0.003611,431890432,-402,1,0,0
7,59,widen,880.687324,880.687544,0.000220,0,0,0,0,0
7,59,expert,880.687545,881.417694,0.730149,193110016,0,0,11,0
7,59,compute,880.649311,881.539670,0.890359,0,0,0,0,0
7,60,trunk,881.539672,881.543440,0.003768,645562368,-403,1,0,0
7,60,widen,881.606962,881.607151,0.000189,0,0,0,0,0
7,60,expert,881.607152,882.342958,0.735806,228220928,0,0,13,0
7,60,compute,881.543510,882.466212,0.922702,0,0,0,0,0
7,61,trunk,882.466214,882.470040,0.003827,645562368,-404,1,0,0
7,61,widen,882.544552,882.544784,0.000233,0,0,0,0,0
7,61,expert,882.544785,883.311578,0.766793,263331840,0,0,15,0
7,61,compute,882.470102,883.430505,0.960403,0,0,0,0,0
7,62,trunk,883.430508,883.435187,0.004680,645562368,-405,1,0,0
7,62,widen,883.497736,883.497907,0.000171,0,0,0,0,0
7,62,expert,883.497908,884.022989,0.525081,210665472,0,0,12,0
7,62,compute,883.435217,884.142239,0.707022,0,0,0,0,0
7,63,trunk,884.142240,884.146641,0.004401,431890432,-406,1,0,0
7,63,widen,884.190801,884.190979,0.000178,0,0,0,0,0
7,63,expert,884.190980,884.910245,0.719265,228220928,0,0,13,0
7,63,compute,884.146707,885.031011,0.884304,0,0,0,0,0
7,64,trunk,885.031013,885.034773,0.003760,645562368,-407,1,0,0
7,64,widen,885.106034,885.106228,0.000194,0,0,0,0,0
7,64,expert,885.106229,885.798530,0.692301,228220928,0,0,13,0
7,64,compute,885.034803,885.922197,0.887394,0,0,0,0,0
7,65,trunk,885.922199,885.925884,0.003685,645562368,-408,1,0,0
7,65,widen,885.993943,885.994119,0.000176,0,0,0,0,0
7,65,expert,885.994120,886.690268,0.696148,228220928,0,0,13,0
7,65,compute,885.925907,886.799377,0.873470,0,0,0,0,0
7,66,trunk,886.799380,886.803646,0.004266,645562368,-409,1,0,0
7,66,widen,886.870582,886.870784,0.000202,0,0,0,0,0
7,66,expert,886.870785,887.403296,0.532510,228220928,0,0,13,0
7,66,compute,886.803673,887.532776,0.729103,0,0,0,0,0
7,67,trunk,887.532778,887.536396,0.003617,431890432,-410,1,0,0
7,67,widen,887.578902,887.579124,0.000221,0,0,0,0,0
7,67,expert,887.579125,888.324880,0.745755,228220928,0,0,13,0
7,67,compute,887.536462,888.446301,0.909840,0,0,0,0,0
7,68,trunk,888.446304,888.449780,0.003476,645562368,-411,1,0,0
7,68,widen,888.518065,888.518269,0.000204,0,0,0,0,0
7,68,expert,888.518270,889.254206,0.735936,263331840,0,0,15,0
7,68,compute,888.449800,889.374183,0.924383,0,0,0,0,0
7,69,trunk,889.374185,889.377752,0.003568,645562368,-412,1,0,0
7,69,widen,889.444091,889.444267,0.000176,0,0,0,0,0
7,69,expert,889.444268,889.905871,0.461603,228220928,0,0,13,0
7,69,compute,889.377794,890.031596,0.653802,0,0,0,0,0
7,70,trunk,890.031599,890.188108,0.156509,645562368,-413,1,0,0
7,70,widen,890.241506,890.241680,0.000174,0,0,0,0,0
7,70,expert,890.241681,890.761047,0.519365,210665472,0,0,12,0
7,70,compute,890.188146,890.879274,0.691128,0,0,0,0,0
7,71,trunk,890.879276,890.883020,0.003744,431890432,-414,1,0,0
7,71,widen,890.920225,890.920564,0.000339,0,0,0,0,0
7,71,expert,890.920565,891.718282,0.797717,228220928,0,0,13,0
7,71,compute,890.883043,891.827776,0.944733,0,0,0,0,0
7,72,trunk,891.827778,891.832071,0.004293,645562368,-415,1,0,0
7,72,widen,891.896704,891.896872,0.000168,0,0,0,0,0
7,72,expert,891.896873,892.617460,0.720587,210665472,0,0,12,0
7,72,compute,891.832107,892.738166,0.906059,0,0,0,0,0
7,73,trunk,892.738168,892.742124,0.003956,645562368,-416,1,0,0
7,73,widen,892.799574,892.799765,0.000191,0,0,0,0,0
7,73,expert,892.799767,893.554000,0.754234,245776384,0,0,14,0
7,73,compute,892.742160,893.675151,0.932992,0,0,0,0,0
7,74,trunk,893.675154,893.679023,0.003869,645562368,-417,1,0,0
7,74,widen,893.739936,893.740168,0.000233,0,0,0,0,0
7,74,expert,893.740169,894.204580,0.464411,157999104,0,0,9,0
7,74,compute,893.679064,894.300539,0.621474,0,0,0,0,0
7,75,trunk,894.300541,894.304258,0.003716,431890432,-418,1,0,0
7,75,widen,894.348395,894.348573,0.000178,0,0,0,0,0
7,75,expert,894.348574,895.046136,0.697562,193110016,0,0,11,0
7,75,compute,894.304278,895.166460,0.862181,0,0,0,0,0
7,76,trunk,895.166462,895.170492,0.004030,645562368,-419,1,0,0
7,76,widen,895.240278,895.240431,0.000153,0,0,0,0,0
7,76,expert,895.240432,895.890171,0.649739,193110016,0,0,11,0
7,76,compute,895.170570,896.000759,0.830190,0,0,0,0,0
7,77,trunk,896.000761,896.005939,0.005178,645562368,-420,1,0,0
7,77,widen,896.066900,896.067072,0.000172,0,0,0,0,0
7,77,expert,896.067073,896.785270,0.718196,210665472,0,0,12,0
7,77,compute,896.005976,896.902703,0.896727,0,0,0,0,0
7,78,trunk,896.902705,896.906207,0.003502,645562368,-421,1,0,0
7,78,widen,896.973172,896.973475,0.000303,0,0,0,0,0
7,78,expert,896.973476,897.490117,0.516641,210665472,0,0,12,0
7,78,compute,896.906237,897.600734,0.694498,0,0,0,0,0
7,79,trunk,897.600736,897.604499,0.003763,431890432,-422,1,0,0
7,79,widen,897.652415,897.652567,0.000152,0,0,0,0,0
7,79,expert,897.652567,898.324401,0.671833,175554560,0,0,10,0
7,79,compute,897.604518,898.434285,0.829767,0,0,0,0,0
7,80,trunk,898.434287,898.438331,0.004044,645562368,-423,1,0,0
7,80,widen,898.507763,898.507977,0.000214,0,0,0,0,0
7,80,expert,898.507978,905.431680,6.923702,245776384,0,0,14,0
7,80,compute,898.438357,905.550317,7.111960,0,0,0,0,0
7,81,trunk,905.550319,905.554015,0.003696,645562368,-424,1,0,0
7,81,widen,905.626819,905.627030,0.000211,0,0,0,0,0
7,81,expert,905.627031,906.384419,0.757389,263331840,0,0,15,0
7,81,compute,905.554065,906.487933,0.933868,0,0,0,0,0
7,82,trunk,906.487935,906.491690,0.003755,645562368,-425,1,0,0
7,82,widen,906.558437,906.558674,0.000237,0,0,0,0,0
7,82,expert,906.558675,907.076397,0.517722,228220928,0,0,13,0
7,82,compute,906.491714,907.194257,0.702543,0,0,0,0,0
7,83,trunk,907.194259,907.197845,0.003585,431890432,-426,1,0,0
7,83,widen,907.236930,907.237105,0.000175,0,0,0,0,0
7,83,expert,907.237107,907.951662,0.714555,193110016,0,0,11,0
7,83,compute,907.197891,908.066439,0.868548,0,0,0,0,0
7,84,trunk,908.066442,908.070465,0.004022,645562368,-427,1,0,0
7,84,widen,908.147645,908.147917,0.000272,0,0,0,0,0
7,84,expert,908.147918,908.884124,0.736206,263331840,0,0,15,0
7,84,compute,908.070514,909.015015,0.944501,0,0,0,0,0
7,85,trunk,909.015017,909.018450,0.003433,645562368,-428,1,0,0
7,85,widen,909.079261,909.079456,0.000195,0,0,0,0,0
7,85,expert,909.079457,909.715772,0.636315,228220928,0,0,13,0
7,85,compute,909.018471,909.846163,0.827692,0,0,0,0,0
7,86,trunk,909.846165,909.849931,0.003766,645562368,-429,1,0,0
7,86,widen,909.926215,909.926414,0.000200,0,0,0,0,0
7,86,expert,909.926416,910.429810,0.503394,228220928,0,0,13,0
7,86,compute,909.849951,910.529752,0.679800,0,0,0,0,0
7,87,trunk,910.529754,910.533430,0.003676,431890432,-430,1,0,0
7,87,widen,910.570548,910.570728,0.000180,0,0,0,0,0
7,87,expert,910.570729,911.265470,0.694741,193110016,0,0,11,0
7,87,compute,910.533454,911.380448,0.846994,0,0,0,0,0
7,88,trunk,911.380450,911.384082,0.003632,645562368,-431,1,0,0
7,88,widen,911.452622,911.452981,0.000360,0,0,0,0,0
7,88,expert,911.452983,912.169048,0.716065,228220928,0,0,13,0
7,88,compute,911.384101,912.286196,0.902095,0,0,0,0,0
7,89,trunk,912.286198,912.289710,0.003512,645562368,-432,1,0,0
7,89,widen,912.348912,912.349047,0.000135,0,0,0,0,0
7,89,expert,912.349048,913.054956,0.705908,157999104,0,0,9,0
7,89,compute,912.289759,913.160955,0.871195,0,0,0,0,0
7,90,trunk,913.160956,913.164620,0.003664,645562368,-433,1,0,0
7,90,widen,913.226414,913.226583,0.000169,0,0,0,0,0
7,90,expert,913.226584,913.730482,0.503898,193110016,0,0,11,0
7,90,compute,913.164642,913.830026,0.665384,0,0,0,0,0
7,91,trunk,913.830028,913.833514,0.003486,431890432,-434,1,0,0
7,91,widen,913.870541,913.870742,0.000201,0,0,0,0,0
7,91,expert,913.870743,914.331233,0.460489,193110016,0,0,11,0
7,91,compute,913.833542,914.450351,0.616808,0,0,0,0,0
7,92,trunk,914.450353,914.454056,0.003703,431890432,-435,1,0,0
7,92,widen,914.484839,914.485057,0.000218,0,0,0,0,0
7,92,expert,914.485058,914.697784,0.212726,245776384,0,0,14,0
7,92,compute,914.454058,914.821540,0.367482,0,0,0,0,0
