token,layer,phase,t0,t1,dur_s,bytes,l1_hit,l1_miss,l2_hit,l2_miss
0,0,trunk,1292.922268,1295.288846,2.366578,2341216256,0,1,0,0
0,0,compute,1295.288877,1295.821812,0.532935,0,0,0,0,0
0,1,trunk,1295.821814,1300.164948,4.343134,645562368,-1,1,0,0
0,1,expert,1300.250184,1306.894596,6.644412,280887296,0,0,16,0
0,1,compute,1300.164989,1307.001242,6.836253,0,0,0,0,0
0,2,trunk,1307.001244,1307.213108,0.211864,645562368,-2,1,0,0
0,2,expert,1307.262925,1307.635342,0.372417,280887296,0,0,16,0
0,2,compute,1307.213151,1307.751000,0.537849,0,0,0,0,0
0,3,trunk,1307.751002,1307.754445,0.003444,431890432,-3,1,0,0
0,3,expert,1307.816138,1308.293209,0.477071,280887296,0,0,16,0
0,3,compute,1307.754466,1308.406195,0.651729,0,0,0,0,0
0,4,trunk,1308.406197,1308.409671,0.003474,645562368,-4,1,0,0
0,4,expert,1308.459406,1308.954176,0.494770,280887296,0,0,16,0
0,4,compute,1308.409692,1309.055126,0.645433,0,0,0,0,0
0,5,trunk,1309.055128,1309.058714,0.003586,645562368,-5,1,0,0
0,5,expert,1309.108309,1309.602467,0.494158,280887296,0,0,16,0
0,5,compute,1309.058756,1309.718419,0.659662,0,0,0,0,0
0,6,trunk,1309.718421,1309.721792,0.003371,645562368,-6,1,0,0
0,6,expert,1309.774300,1310.130582,0.356282,280887296,0,0,16,0
0,6,compute,1309.721821,1310.246313,0.524492,0,0,0,0,0
0,7,trunk,1310.246315,1310.249790,0.003475,431890432,-7,1,0,0
0,7,expert,1310.282090,1310.791337,0.509247,280887296,0,0,16,0
0,7,compute,1310.249811,1310.906228,0.656417,0,0,0,0,0
0,8,trunk,1310.906229,1310.909578,0.003349,645562368,-8,1,0,0
0,8,expert,1310.961462,1311.475469,0.514008,280887296,0,0,16,0
0,8,compute,1310.909598,1311.591000,0.681401,0,0,0,0,0
0,9,trunk,1311.591002,1311.594555,0.003553,645562368,-9,1,0,0
0,9,expert,1311.650082,1312.153341,0.503259,280887296,0,0,16,0
0,9,compute,1311.594575,1312.266281,0.671707,0,0,0,0,0
0,10,trunk,1312.266284,1312.269720,0.003436,645562368,-10,1,0,0
0,10,expert,1312.317708,1312.715100,0.397393,280887296,0,0,16,0
0,10,compute,1312.269741,1312.834444,0.564702,0,0,0,0,0
0,11,trunk,1312.834446,1312.837894,0.003448,431890432,-11,1,0,0
0,11,expert,1312.871418,1313.381625,0.510207,280887296,0,0,16,0
0,11,compute,1312.837916,1313.476807,0.638891,0,0,0,0,0
0,12,trunk,1313.476809,1313.480218,0.003409,645562368,-12,1,0,0
0,12,expert,1313.529226,1314.034354,0.505128,280887296,0,0,16,0
0,12,compute,1313.480243,1314.146254,0.666010,0,0,0,0,0
0,13,trunk,1314.146256,1314.150006,0.003751,645562368,-13,1,0,0
0,13,expert,1314.206461,1314.689601,0.483140,280887296,0,0,16,0
0,13,compute,1314.150070,1314.806218,0.656149,0,0,0,0,0
0,14,trunk,1314.806220,1314.809650,0.003430,645562368,-14,1,0,0
0,14,expert,1314.857378,1315.241756,0.384379,280887296,0,0,16,0
0,14,compute,1314.809678,1315.354240,0.544563,0,0,0,0,0
0,15,trunk,1315.354242,1315.357722,0.003480,431890432,-15,1,0,0
0,15,expert,1315.391303,1315.908120,0.516817,280887296,0,0,16,0
0,15,compute,1315.357751,1316.027013,0.669262,0,0,0,0,0
0,16,trunk,1316.027014,1316.030464,0.003449,645562368,-16,1,0,0
0,16,expert,1316.091784,1316.536751,0.444966,280887296,0,0,16,0
0,16,compute,1316.030489,1316.658205,0.627716,0,0,0,0,0
0,17,trunk,1316.658207,1316.661630,0.003423,645562368,-17,1,0,0
0,17,expert,1316.717627,1317.199794,0.482167,280887296,0,0,16,0
0,17,compute,1316.661677,1317.338408,0.676731,0,0,0,0,0
0,18,trunk,1317.338410,1317.341860,0.003450,645562368,-18,1,0,0
0,18,expert,1317.392853,1317.779410,0.386556,280887296,0,0,16,0
0,18,compute,1317.341881,1317.898985,0.557105,0,0,0,0,0
0,19,trunk,1317.898987,1317.902453,0.003465,431890432,-19,1,0,0
0,19,expert,1317.939675,1318.430525,0.490849,280887296,0,0,16,0
0,19,compute,1317.902480,1318.550344,0.647864,0,0,0,0,0
0,20,trunk,1318.550347,1318.553783,0.003436,645562368,-20,1,0,0
0,20,expert,1318.604728,1319.082185,0.477457,280887296,0,0,16,0
0,20,compute,1318.553828,1319.202195,0.648366,0,0,0,0,0
0,21,trunk,1319.202197,1319.206017,0.003820,645562368,-21,1,0,0
0,21,expert,1319.254862,1319.763773,0.508911,280887296,0,0,16,0
0,21,compute,1319.206041,1319.882230,0.676189,0,0,0,0,0
0,22,trunk,1319.882232,1319.885604,0.003372,645562368,-22,1,0,0
0,22,expert,1319.935428,1320.316767,0.381339,280887296,0,0,16,0
0,22,compute,1319.885626,1320.404620,0.518994,0,0,0,0,0
0,23,trunk,1320.404642,1320.408070,0.003428,431890432,-23,1,0,0
0,23,expert,1320.439674,1320.939947,0.500273,280887296,0,0,16,0
0,23,compute,1320.408087,1321.028813,0.620725,0,0,0,0,0
0,24,trunk,1321.028815,1321.032193,0.003378,645562368,-24,1,0,0
0,24,expert,1321.081556,1321.652388,0.570833,280887296,0,0,16,0
0,24,compute,1321.032212,1321.745732,0.713520,0,0,0,0,0
0,25,trunk,1321.745735,1321.749141,0.003406,645562368,-25,1,0,0
0,25,expert,1321.801086,1322.336349,0.535263,280887296,0,0,16,0
0,25,compute,1321.749169,1322.437685,0.688516,0,0,0,0,0
0,26,trunk,1322.437687,1322.441056,0.003370,645562368,-26,1,0,0
0,26,expert,1322.486966,1322.888693,0.401727,280887296,0,0,16,0
0,26,compute,1322.441077,1322.996145,0.555068,0,0,0,0,0
0,27,trunk,1322.996146,1322.999509,0.003363,431890432,-27,1,0,0
0,27,expert,1323.031219,1323.526542,0.495323,280887296,0,0,16,0
0,27,compute,1322.999534,1323.615897,0.616362,0,0,0,0,0
0,28,trunk,1323.615899,1323.619234,0.003335,645562368,-28,1,0,0
0,28,expert,1323.671078,1324.146671,0.475593,280887296,0,0,16,0
0,28,compute,1323.619291,1324.262156,0.642865,0,0,0,0,0
0,29,trunk,1324.262158,1324.265578,0.003420,645562368,-29,1,0,0
0,29,expert,1324.317069,1324.835154,0.518085,280887296,0,0,16,0
0,29,compute,1324.265607,1324.950238,0.684631,0,0,0,0,0
0,30,trunk,1324.950240,1324.953825,0.003584,645562368,-30,1,0,0
0,30,expert,1325.002897,1325.413423,0.410526,280887296,0,0,16,0
0,30,compute,1324.953876,1325.526169,0.572293,0,0,0,0,0
0,31,trunk,1325.526171,1325.529632,0.003460,431890432,-31,1,0,0
0,31,expert,1325.565995,1326.133265,0.567270,280887296,0,0,16,0
0,31,compute,1325.529662,1326.224573,0.694912,0,0,0,0,0
0,32,trunk,1326.224575,1326.227866,0.003291,645562368,-32,1,0,0
0,32,expert,1326.279877,1326.828157,0.548280,280887296,0,0,16,0
0,32,compute,1326.227890,1326.918262,0.690372,0,0,0,0,0
0,33,trunk,1326.918264,1326.921649,0.003385,645562368,-33,1,0,0
0,33,expert,1326.970385,1327.563048,0.592663,280887296,0,0,16,0
0,33,compute,1326.921671,1327.674185,0.752514,0,0,0,0,0
0,34,trunk,1327.674187,1327.677517,0.003330,645562368,-34,1,0,0
0,34,expert,1327.730613,1328.137487,0.406875,280887296,0,0,16,0
0,34,compute,1327.677579,1328.258801,0.581222,0,0,0,0,0
0,35,trunk,1328.258803,1328.262391,0.003588,431890432,-35,1,0,0
0,35,expert,1328.304144,1328.874058,0.569914,280887296,0,0,16,0
0,35,compute,1328.262417,1328.982675,0.720258,0,0,0,0,0
0,36,trunk,1328.982677,1328.985981,0.003305,645562368,-36,1,0,0
0,36,expert,1329.048633,1329.614852,0.566219,280887296,0,0,16,0
0,36,compute,1328.986004,1329.726243,0.740239,0,0,0,0,0
0,37,trunk,1329.726245,1329.729643,0.003398,645562368,-37,1,0,0
0,37,expert,1329.792081,1330.343127,0.551046,280887296,0,0,16,0
0,37,compute,1329.729672,1330.458193,0.728522,0,0,0,0,0
0,38,trunk,1330.458195,1330.461555,0.003360,645562368,-38,1,0,0
0,38,expert,1330.521300,1330.904771,0.383471,280887296,0,0,16,0
0,38,compute,1330.461576,1331.004256,0.542679,0,0,0,0,0
0,39,trunk,1331.004258,1331.007677,0.003420,431890432,-39,1,0,0
0,39,expert,1331.048899,1331.612782,0.563882,280887296,0,0,16,0
0,39,compute,1331.007716,1331.722171,0.714455,0,0,0,0,0
0,40,trunk,1331.722174,1331.725713,0.003539,645562368,-40,1,0,0
0,40,expert,1331.789744,1332.329356,0.539611,280887296,0,0,16,0
0,40,compute,1331.725770,1332.447031,0.721260,0,0,0,0,0
0,41,trunk,1332.447032,1332.450475,0.003442,645562368,-41,1,0,0
0,41,expert,1332.512153,1333.033690,0.521537,280887296,0,0,16,0
0,41,compute,1332.450497,1333.146215,0.695718,0,0,0,0,0
0,42,trunk,1333.146217,1333.149643,0.003426,645562368,-42,1,0,0
0,42,expert,1333.213478,1333.605793,0.392315,280887296,0,0,16,0
0,42,compute,1333.149666,1333.726212,0.576546,0,0,0,0,0
0,43,trunk,1333.726214,1333.729764,0.003550,431890432,-43,1,0,0
0,43,expert,1333.769684,1334.346210,0.576527,280887296,0,0,16,0
0,43,compute,1333.729784,1334.462314,0.732530,0,0,0,0,0
0,44,trunk,1334.462317,1334.465897,0.003580,645562368,-44,1,0,0
0,44,expert,1334.531071,1335.064934,0.533863,280887296,0,0,16,0
0,44,compute,1334.465921,1335.179256,0.713336,0,0,0,0,0
0,45,trunk,1335.179258,1335.182803,0.003544,645562368,-45,1,0,0
0,45,expert,1335.246393,1335.797933,0.551540,280887296,0,0,16,0
0,45,compute,1335.182831,1335.915084,0.732253,0,0,0,0,0
0,46,trunk,1335.915086,1335.918613,0.003526,645562368,-46,1,0,0
0,46,expert,1335.975893,1336.407462,0.431569,280887296,0,0,16,0
0,46,compute,1335.918635,1336.522232,0.603596,0,0,0,0,0
0,47,trunk,1336.522234,1336.525808,0.003574,431890432,-47,1,0,0
0,47,expert,1336.564268,1337.146150,0.581882,280887296,0,0,16,0
0,47,compute,1336.525858,1337.262622,0.736764,0,0,0,0,0
0,48,trunk,1337.262624,1337.266118,0.003494,645562368,-48,1,0,0
0,48,expert,1337.332108,1337.905105,0.572997,280887296,0,0,16,0
0,48,compute,1337.266171,1338.026547,0.760376,0,0,0,0,0
0,49,trunk,1338.026549,1338.030257,0.003708,645562368,-49,1,0,0
0,49,expert,1338.091944,1338.589600,0.497657,280887296,0,0,16,0
0,49,compute,1338.030280,1338.714977,0.684697,0,0,0,0,0
0,50,trunk,1338.714979,1338.718534,0.003556,645562368,-50,1,0,0
0,50,expert,1338.779740,1339.207759,0.428019,280887296,0,0,16,0
0,50,compute,1338.718557,1339.318168,0.599611,0,0,0,0,0
0,51,trunk,1339.318170,1339.321606,0.003436,431890432,-51,1,0,0
0,51,expert,1339.356136,1339.953315,0.597179,280887296,0,0,16,0
0,51,compute,1339.321661,1340.070169,0.748508,0,0,0,0,0
0,52,trunk,1340.070171,1340.073560,0.003389,645562368,-52,1,0,0
0,52,expert,1340.134214,1340.681917,0.547703,280887296,0,0,16,0
0,52,compute,1340.073632,1340.814279,0.740647,0,0,0,0,0
0,53,trunk,1340.814282,1340.818205,0.003923,645562368,-53,1,0,0
0,53,expert,1340.894009,1341.452463,0.558454,280887296,0,0,16,0
0,53,compute,1340.818235,1341.581685,0.763451,0,0,0,0,0
0,54,trunk,1341.581687,1341.585683,0.003995,645562368,-54,1,0,0
0,54,expert,1341.652794,1342.096289,0.443495,280887296,0,0,16,0
0,54,compute,1341.585727,1342.218268,0.632541,0,0,0,0,0
0,55,trunk,1342.218270,1342.222529,0.004259,431890432,-55,1,0,0
0,55,expert,1342.266722,1342.864716,0.597994,280887296,0,0,16,0
0,55,compute,1342.222559,1342.986268,0.763709,0,0,0,0,0
0,56,trunk,1342.986270,1342.989806,0.003536,645562368,-56,1,0,0
0,56,expert,1343.038721,1343.639783,0.601062,280887296,0,0,16,0
0,56,compute,1342.989834,1343.741763,0.751929,0,0,0,0,0
0,57,trunk,1343.741765,1343.745374,0.003609,645562368,-57,1,0,0
0,57,expert,1343.807395,1344.359402,0.552007,280887296,0,0,16,0
0,57,compute,1343.745409,1344.470161,0.724752,0,0,0,0,0
0,58,trunk,1344.470162,1344.473222,0.003060,645562368,-58,1,0,0
0,58,expert,1344.573517,1344.945623,0.372106,280887296,0,0,16,0
0,58,compute,1344.473244,1345.058586,0.585342,0,0,0,0,0
0,59,trunk,1345.058588,1345.062422,0.003834,431890432,-59,1,0,0
0,59,expert,1345.101026,1345.683500,0.582474,280887296,0,0,16,0
0,59,compute,1345.062444,1345.809093,0.746649,0,0,0,0,0
0,60,trunk,1345.809095,1345.812754,0.003659,645562368,-60,1,0,0
0,60,expert,1345.877393,1346.449373,0.571980,280887296,0,0,16,0
0,60,compute,1345.812777,1346.563697,0.750920,0,0,0,0,0
0,61,trunk,1346.563699,1346.567654,0.003955,645562368,-61,1,0,0
0,61,expert,1346.633903,1347.225470,0.591568,280887296,0,0,16,0
0,61,compute,1346.567711,1347.326830,0.759119,0,0,0,0,0
0,62,trunk,1347.326832,1347.330662,0.003830,645562368,-62,1,0,0
0,62,expert,1347.386600,1347.820633,0.434034,280887296,0,0,16,0
0,62,compute,1347.330696,1347.938520,0.607824,0,0,0,0,0
0,63,trunk,1347.938522,1347.942160,0.003638,431890432,-63,1,0,0
0,63,expert,1347.985194,1348.575899,0.590704,280887296,0,0,16,0
0,63,compute,1347.942207,1348.699007,0.756800,0,0,0,0,0
0,64,trunk,1348.699009,1348.702688,0.003679,645562368,-64,1,0,0
0,64,expert,1348.764103,1349.360652,0.596549,280887296,0,0,16,0
0,64,compute,1348.702727,1349.478520,0.775794,0,0,0,0,0
0,65,trunk,1349.478522,1349.482098,0.003576,645562368,-65,1,0,0
0,65,expert,1349.539812,1350.126475,0.586663,280887296,0,0,16,0
0,65,compute,1349.482122,1350.262768,0.780646,0,0,0,0,0
0,66,trunk,1350.262769,1350.266664,0.003894,645562368,-66,1,0,0
0,66,expert,1350.331222,1350.775532,0.444310,280887296,0,0,16,0
0,66,compute,1350.266713,1350.890188,0.623475,0,0,0,0,0
0,67,trunk,1350.890190,1350.893722,0.003532,431890432,-67,1,0,0
0,67,expert,1350.931242,1351.528112,0.596870,280887296,0,0,16,0
0,67,compute,1350.893743,1351.670219,0.776475,0,0,0,0,0
0,68,trunk,1351.670220,1351.674218,0.003998,645562368,-68,1,0,0
0,68,expert,1351.730355,1352.295870,0.565515,280887296,0,0,16,0
0,68,compute,1351.674243,1352.426184,0.751941,0,0,0,0,0
0,69,trunk,1352.426187,1352.429822,0.003635,645562368,-69,1,0,0
0,69,expert,1352.491590,1353.035727,0.544137,280887296,0,0,16,0
0,69,compute,1352.429843,1353.154221,0.724378,0,0,0,0,0
0,70,trunk,1353.154223,1353.157628,0.003405,645562368,-70,1,0,0
0,70,expert,1353.208746,1353.660424,0.451678,280887296,0,0,16,0
0,70,compute,1353.157648,1353.774220,0.616573,0,0,0,0,0
0,71,trunk,1353.774222,1353.777673,0.003451,431890432,-71,1,0,0
0,71,expert,1353.807802,1354.414448,0.606646,280887296,0,0,16,0
0,71,compute,1353.777695,1354.534198,0.756503,0,0,0,0,0
0,72,trunk,1354.534200,1354.537827,0.003627,645562368,-72,1,0,0
0,72,expert,1354.603285,1355.179371,0.576085,280887296,0,0,16,0
0,72,compute,1354.537850,1355.299114,0.761265,0,0,0,0,0
0,73,trunk,1355.299117,1355.302850,0.003733,645562368,-73,1,0,0
0,73,expert,1355.368373,1355.952438,0.584064,280887296,0,0,16,0
0,73,compute,1355.302887,1356.045214,0.742326,0,0,0,0,0
0,74,trunk,1356.045216,1356.048586,0.003371,645562368,-74,1,0,0
0,74,expert,1356.096527,1356.549712,0.453186,280887296,0,0,16,0
0,74,compute,1356.048605,1356.670193,0.621588,0,0,0,0,0
0,75,trunk,1356.670195,1356.673721,0.003527,431890432,-75,1,0,0
0,75,expert,1356.705915,1357.291878,0.585963,280887296,0,0,16,0
0,75,compute,1356.673741,1357.394498,0.720757,0,0,0,0,0
0,76,trunk,1357.394500,1357.398108,0.003608,645562368,-76,1,0,0
0,76,expert,1357.472426,1357.988938,0.516513,280887296,0,0,16,0
0,76,compute,1357.398134,1358.118338,0.720204,0,0,0,0,0
0,77,trunk,1358.118341,1358.122082,0.003741,645562368,-77,1,0,0
0,77,expert,1358.182995,1358.736022,0.553027,280887296,0,0,16,0
0,77,compute,1358.122102,1358.863154,0.741051,0,0,0,0,0
0,78,trunk,1358.863155,1358.866571,0.003416,645562368,-78,1,0,0
0,78,expert,1358.915887,1359.363866,0.447979,280887296,0,0,16,0
0,78,compute,1358.866600,1359.474164,0.607563,0,0,0,0,0
0,79,trunk,1359.474165,1359.477575,0.003410,431890432,-79,1,0,0
0,79,expert,1359.511648,1360.081973,0.570326,280887296,0,0,16,0
0,79,compute,1359.477596,1360.198983,0.721387,0,0,0,0,0
0,80,trunk,1360.198984,1360.202514,0.003530,645562368,-80,1,0,0
0,80,expert,1360.263878,1360.830155,0.566276,280887296,0,0,16,0
0,80,compute,1360.202554,1360.946190,0.743637,0,0,0,0,0
0,81,trunk,1360.946192,1360.949582,0.003389,645562368,-81,1,0,0
0,81,expert,1361.001891,1361.550271,0.548380,280887296,0,0,16,0
0,81,compute,1360.949604,1361.653578,0.703974,0,0,0,0,0
0,82,trunk,1361.653580,1361.656947,0.003367,645562368,-82,1,0,0
0,82,expert,1361.716238,1362.107511,0.391273,280887296,0,0,16,0
0,82,compute,1361.656975,1362.218401,0.561427,0,0,0,0,0
0,83,trunk,1362.218404,1362.221978,0.003575,431890432,-83,1,0,0
0,83,expert,1362.260734,1362.816289,0.555556,280887296,0,0,16,0
0,83,compute,1362.221997,1362.946540,0.724542,0,0,0,0,0
0,84,trunk,1362.946542,1362.950354,0.003812,645562368,-84,1,0,0
0,84,expert,1363.002206,1363.560279,0.558074,280887296,0,0,16,0
0,84,compute,1362.950390,1363.674163,0.723773,0,0,0,0,0
0,85,trunk,1363.674166,1363.677672,0.003507,645562368,-85,1,0,0
0,85,expert,1363.801494,1364.286931,0.485436,280887296,0,0,16,0
0,85,compute,1363.677695,1364.398197,0.720502,0,0,0,0,0
0,86,trunk,1364.398199,1364.402148,0.003949,645562368,-86,1,0,0
0,86,expert,1364.453658,1364.852185,0.398527,280887296,0,0,16,0
0,86,compute,1364.402246,1364.970170,0.567924,0,0,0,0,0
0,87,trunk,1364.970171,1364.973501,0.003330,431890432,-87,1,0,0
0,87,expert,1365.004136,1365.558509,0.554373,280887296,0,0,16,0
0,87,compute,1364.973521,1365.674228,0.700707,0,0,0,0,0
0,88,trunk,1365.674231,1365.677681,0.003450,645562368,-88,1,0,0
0,88,expert,1365.734312,1366.297825,0.563512,280887296,0,0,16,0
0,88,compute,1365.677700,1366.410259,0.732559,0,0,0,0,0
0,89,trunk,1366.410261,1366.413875,0.003615,645562368,-89,1,0,0
0,89,expert,1366.472779,1367.048030,0.575251,280887296,0,0,16,0
0,89,compute,1366.413915,1367.833367,1.419452,0,0,0,0,0
0,90,trunk,1367.833370,1367.837666,0.004296,645562368,-90,1,0,0
0,90,expert,1367.901948,1368.308025,0.406077,280887296,0,0,16,0
0,90,compute,1367.837691,1368.398800,0.561109,0,0,0,0,0
0,91,trunk,1368.398801,1368.402339,0.003538,431890432,-91,1,0,0
0,91,expert,1368.438484,1368.862897,0.424413,280887296,0,0,16,0
0,91,compute,1368.402368,1368.978224,0.575857,0,0,0,0,0
0,92,trunk,1368.978227,1368.981666,0.003440,431890432,-92,1,0,0
0,92,expert,1369.003769,1369.188411,0.184641,280887296,0,0,16,0
0,92,compute,1368.981668,1369.306209,0.324541,0,0,0,0,0
1,0,trunk,1369.404657,1369.404698,0.000041,0,-92,0,0,0
1,0,compute,1369.404711,1369.529801,0.125089,0,0,0,0,0
1,1,trunk,1369.529803,1369.811060,0.281257,645562368,-92,1,0,0
1,1,expert,1369.937844,1370.358144,0.420300,280887296,0,0,16,0
1,1,compute,1369.811115,1370.470513,0.659398,0,0,0,0,0
1,2,trunk,1370.470516,1370.474264,0.003749,645562368,-93,1,0,0
1,2,expert,1370.556286,1370.886950,0.330664,263331840,0,0,15,0
1,2,compute,1370.474287,1371.011025,0.536738,0,0,0,0,0
1,3,trunk,1371.011028,1371.014485,0.003457,431890432,-94,1,0,0
1,3,expert,1371.051987,1371.496067,0.444080,193110016,0,0,11,0
1,3,compute,1371.014526,1371.615054,0.600528,0,0,0,0,0
1,4,trunk,1371.615056,1371.618633,0.003577,645562368,-95,1,0,0
1,4,expert,1371.684877,1372.160326,0.475449,263331840,0,0,15,0
1,4,compute,1371.618657,1372.284057,0.665401,0,0,0,0,0
1,5,trunk,1372.284059,1372.292249,0.008190,645562368,-96,1,0,0
1,5,expert,1372.358101,1372.821771,0.463669,263331840,0,0,15,0
1,5,compute,1372.292280,1372.947015,0.654735,0,0,0,0,0
1,6,trunk,1372.947017,1372.950430,0.003413,645562368,-97,1,0,0
1,6,expert,1373.012753,1373.365045,0.352292,245776384,0,0,14,0
1,6,compute,1372.950450,1373.483617,0.533166,0,0,0,0,0
1,7,trunk,1373.483619,1373.487275,0.003657,431890432,-98,1,0,0
1,7,expert,1373.522831,1374.012231,0.489400,245776384,0,0,14,0
1,7,compute,1373.487315,1374.136689,0.649374,0,0,0,0,0
1,8,trunk,1374.136692,1374.140172,0.003481,645562368,-99,1,0,0
1,8,expert,1374.206014,1374.715418,0.509405,280887296,0,0,16,0
1,8,compute,1374.140192,1374.850281,0.710089,0,0,0,0,0
1,9,trunk,1374.850283,1374.853752,0.003468,645562368,-100,1,0,0
1,9,expert,1374.916586,1375.388144,0.471558,228220928,0,0,13,0
1,9,compute,1374.853771,1375.514206,0.660435,0,0,0,0,0
1,10,trunk,1375.514209,1375.517691,0.003483,645562368,-101,1,0,0
1,10,expert,1375.589314,1375.940307,0.350994,245776384,0,0,14,0
1,10,compute,1375.517768,1376.054199,0.536431,0,0,0,0,0
1,11,trunk,1376.054201,1376.057663,0.003462,431890432,-102,1,0,0
1,11,expert,1376.097116,1376.599954,0.502837,263331840,0,0,15,0
1,11,compute,1376.057685,1376.714237,0.656552,0,0,0,0,0
1,12,trunk,1376.714240,1376.717939,0.003699,645562368,-103,1,0,0
1,12,expert,1376.785312,1377.240113,0.454801,228220928,0,0,13,0
1,12,compute,1376.717960,1377.351056,0.633096,0,0,0,0,0
1,13,trunk,1377.351058,1377.354569,0.003510,645562368,-104,1,0,0
1,13,expert,1377.417318,1377.875753,0.458435,245776384,0,0,14,0
1,13,compute,1377.354589,1377.984074,0.629484,0,0,0,0,0
1,14,trunk,1377.984076,1377.987564,0.003487,645562368,-105,1,0,0
1,14,expert,1378.042041,1378.408052,0.366011,263331840,0,0,15,0
1,14,compute,1377.987609,1378.514345,0.526736,0,0,0,0,0
1,15,trunk,1378.514346,1378.517774,0.003428,431890432,-106,1,0,0
1,15,expert,1378.558659,1379.054791,0.496132,263331840,0,0,15,0
1,15,compute,1378.517796,1379.158677,0.640881,0,0,0,0,0
1,16,trunk,1379.158679,1379.162304,0.003625,645562368,-107,1,0,0
1,16,expert,1379.223130,1379.665741,0.442611,263331840,0,0,15,0
1,16,compute,1379.162346,1379.787016,0.624670,0,0,0,0,0
1,17,trunk,1379.787019,1379.790747,0.003728,645562368,-108,1,0,0
1,17,expert,1379.857918,1380.332578,0.474660,280887296,0,0,16,0
1,17,compute,1379.790783,1380.431657,0.640873,0,0,0,0,0
1,18,trunk,1380.431659,1380.435189,0.003530,645562368,-109,1,0,0
1,18,expert,1380.492862,1380.871236,0.378374,263331840,0,0,15,0
1,18,compute,1380.435219,1380.972206,0.536987,0,0,0,0,0
1,19,trunk,1380.972209,1380.975839,0.003631,431890432,-110,1,0,0
1,19,expert,1381.015573,1381.470588,0.455014,245776384,0,0,14,0
1,19,compute,1380.975893,1381.582546,0.606652,0,0,0,0,0
1,20,trunk,1381.582548,1381.586122,0.003574,645562368,-111,1,0,0
1,20,expert,1381.649553,1382.103558,0.454005,263331840,0,0,15,0
1,20,compute,1381.586146,1382.210251,0.624105,0,0,0,0,0
1,21,trunk,1382.210254,1382.214250,0.003996,645562368,-112,1,0,0
1,21,expert,1382.280952,1382.661158,0.380206,245776384,0,0,14,0
1,21,compute,1382.214273,1382.794409,0.580136,0,0,0,0,0
1,22,trunk,1382.794411,1382.798350,0.003939,645562368,-113,1,0,0
1,22,expert,1382.857425,1383.211347,0.353921,263331840,0,0,15,0
1,22,compute,1382.798392,1383.350171,0.551779,0,0,0,0,0
1,23,trunk,1383.350173,1383.353687,0.003514,431890432,-114,1,0,0
1,23,expert,1383.394159,1383.833931,0.439772,210665472,0,0,12,0
1,23,compute,1383.353708,1383.950254,0.596545,0,0,0,0,0
1,24,trunk,1383.950256,1383.953832,0.003577,645562368,-115,1,0,0
1,24,expert,1384.017130,1384.514379,0.497249,193110016,0,0,11,0
1,24,compute,1383.953889,1384.635082,0.681192,0,0,0,0,0
1,25,trunk,1384.635084,1384.638523,0.003440,645562368,-116,1,0,0
1,25,expert,1384.706751,1385.218136,0.511385,245776384,0,0,14,0
1,25,compute,1384.638565,1385.320454,0.681889,0,0,0,0,0
1,26,trunk,1385.320456,1385.323823,0.003367,645562368,-117,1,0,0
1,26,expert,1385.385466,1385.738903,0.353437,193110016,0,0,11,0
1,26,compute,1385.323846,1385.855014,0.531168,0,0,0,0,0
1,27,trunk,1385.855016,1385.858607,0.003591,431890432,-118,1,0,0
1,27,expert,1385.902230,1386.358588,0.456358,228220928,0,0,13,0
1,27,compute,1385.858629,1386.474385,0.615756,0,0,0,0,0
1,28,trunk,1386.474406,1386.478104,0.003698,645562368,-119,1,0,0
1,28,expert,1386.546987,1386.994876,0.447889,263331840,0,0,15,0
1,28,compute,1386.478128,1387.096529,0.618400,0,0,0,0,0
1,29,trunk,1387.096531,1387.099994,0.003463,645562368,-120,1,0,0
1,29,expert,1387.163193,1387.587884,0.424692,245776384,0,0,14,0
1,29,compute,1387.100046,1387.690818,0.590772,0,0,0,0,0
1,30,trunk,1387.690820,1387.694574,0.003754,645562368,-121,1,0,0
1,30,expert,1387.758991,1388.134229,0.375238,245776384,0,0,14,0
1,30,compute,1387.694612,1388.262221,0.567609,0,0,0,0,0
1,31,trunk,1388.262223,1388.265788,0.003564,431890432,-122,1,0,0
1,31,expert,1388.303173,1388.869759,0.566587,280887296,0,0,16,0
1,31,compute,1388.265812,1388.986256,0.720444,0,0,0,0,0
1,32,trunk,1388.986259,1388.989830,0.003571,645562368,-123,1,0,0
1,32,expert,1389.052454,1389.584267,0.531813,245776384,0,0,14,0
1,32,compute,1388.989851,1389.684957,0.695106,0,0,0,0,0
1,33,trunk,1389.684959,1389.688651,0.003692,645562368,-124,1,0,0
1,33,expert,1389.763768,1390.309091,0.545323,245776384,0,0,14,0
1,33,compute,1389.688687,1390.430256,0.741569,0,0,0,0,0
1,34,trunk,1390.430258,1390.433727,0.003469,645562368,-125,1,0,0
1,34,expert,1390.493666,1390.900053,0.406388,280887296,0,0,16,0
1,34,compute,1390.433749,1391.012061,0.578312,0,0,0,0,0
1,35,trunk,1391.012064,1391.015634,0.003570,431890432,-126,1,0,0
1,35,expert,1391.052990,1391.644040,0.591049,280887296,0,0,16,0
1,35,compute,1391.016215,1391.746755,0.730540,0,0,0,0,0
1,36,trunk,1391.746757,1391.750489,0.003732,645562368,-127,1,0,0
1,36,expert,1391.818573,1395.593393,3.774820,193110016,0,0,11,0
1,36,compute,1391.750514,1395.706336,3.955822,0,0,0,0,0
1,37,trunk,1395.706338,1395.709751,0.003413,645562368,-128,1,0,0
1,37,expert,1395.769381,1400.976045,5.206663,228220928,0,0,13,0
1,37,compute,1395.709771,1401.091032,5.381261,0,0,0,0,0
1,38,trunk,1401.091034,1401.094813,0.003779,645562368,-129,1,0,0
1,38,expert,1401.158127,1407.676214,6.518087,245776384,0,0,14,0
1,38,compute,1401.094857,1407.798213,6.703356,0,0,0,0,0
1,39,trunk,1407.798215,1407.801775,0.003559,431890432,-130,1,0,0
1,39,expert,1407.842205,1437.286729,29.444525,263331840,0,0,15,0
1,39,compute,1407.801812,1437.396065,29.594254,0,0,0,0,0
1,40,trunk,1437.396067,1437.399636,0.003569,645562368,-131,1,0,0
1,40,expert,1437.471600,1450.912178,13.440578,228220928,0,0,13,0
1,40,compute,1437.399699,1451.030176,13.630477,0,0,0,0,0
1,41,trunk,1451.030178,1451.034234,0.004056,645562368,-132,1,0,0
1,41,expert,1451.106002,1451.587535,0.481532,228220928,0,0,13,0
1,41,compute,1451.034256,1451.710284,0.676029,0,0,0,0,0
1,42,trunk,1451.710287,1451.714534,0.004247,645562368,-133,1,0,0
1,42,expert,1451.822216,1452.258406,0.436190,140443648,0,0,8,0
1,42,compute,1451.714558,1452.382228,0.667670,0,0,0,0,0
1,43,trunk,1452.382230,1452.385815,0.003585,431890432,-134,1,0,0
1,43,expert,1452.434010,1452.967705,0.533695,228220928,0,0,13,0
1,43,compute,1452.385875,1453.095490,0.709614,0,0,0,0,0
1,44,trunk,1453.095492,1453.099760,0.004268,645562368,-135,1,0,0
1,44,expert,1453.192734,1453.681342,0.488608,228220928,0,0,13,0
1,44,compute,1453.099783,1453.808371,0.708588,0,0,0,0,0
1,45,trunk,1453.808374,1453.815149,0.006774,645562368,-136,1,0,0
1,45,expert,1453.911238,1454.372694,0.461455,175554560,0,0,10,0
1,45,compute,1453.815171,1454.509000,0.693829,0,0,0,0,0
1,46,trunk,1454.509006,1454.514982,0.005976,645562368,-137,1,0,0
1,46,expert,1454.628070,1467.335953,12.707883,140443648,0,0,8,0
1,46,compute,1454.515006,1467.434551,12.919545,0,0,0,0,0
1,47,trunk,1467.434553,1467.439407,0.004854,431890432,-138,1,0,0
1,47,expert,1467.482689,1468.023278,0.540589,193110016,0,0,11,0
1,47,compute,1467.439432,1468.138418,0.698985,0,0,0,0,0
1,48,trunk,1468.138420,1468.143411,0.004991,645562368,-139,1,0,0
1,48,expert,1468.215279,1468.718598,0.503319,228220928,0,0,13,0
1,48,compute,1468.143437,1468.842339,0.698901,0,0,0,0,0
1,49,trunk,1468.842341,1468.851551,0.009210,645562368,-140,1,0,0
1,49,expert,1469.010753,1469.407378,0.396625,157999104,0,0,9,0
1,49,compute,1468.851576,1469.522196,0.670620,0,0,0,0,0
1,50,trunk,1469.522198,1469.526251,0.004053,645562368,-141,1,0,0
1,50,expert,1469.579545,1470.139465,0.559920,210665472,0,0,12,0
1,50,compute,1469.526287,1470.259668,0.733381,0,0,0,0,0
1,51,trunk,1470.259670,1470.263649,0.003980,431890432,-142,1,0,0
1,51,expert,1470.334710,1470.835416,0.500706,210665472,0,0,12,0
1,51,compute,1470.263675,1470.954983,0.691309,0,0,0,0,0
1,52,trunk,1470.954985,1470.958789,0.003804,645562368,-143,1,0,0
1,52,expert,1471.047710,1475.785967,4.738256,263331840,0,0,15,0
1,52,compute,1470.961707,1475.902045,4.940338,0,0,0,0,0
1,53,trunk,1475.902047,1475.908541,0.006494,645562368,-144,1,0,0
1,53,expert,1475.983500,1476.447920,0.464420,175554560,0,0,10,0
1,53,compute,1475.908562,1476.570423,0.661861,0,0,0,0,0
1,54,trunk,1476.570425,1476.576626,0.006200,645562368,-145,1,0,0
1,54,expert,1476.638322,1477.027287,0.388965,210665472,0,0,12,0
1,54,compute,1476.576642,1477.144123,0.567480,0,0,0,0,0
1,55,trunk,1477.144125,1477.148065,0.003940,431890432,-146,1,0,0
1,55,expert,1477.189386,1477.742742,0.553356,245776384,0,0,14,0
1,55,compute,1477.148096,1477.867453,0.719357,0,0,0,0,0
1,56,trunk,1477.867455,1477.872682,0.005227,645562368,-147,1,0,0
1,56,expert,1477.934084,1479.400926,1.466841,280887296,0,0,16,0
1,56,compute,1477.872701,1479.515178,1.642477,0,0,0,0,0
1,57,trunk,1479.515180,1479.519105,0.003925,645562368,-148,1,0,0
1,57,expert,1479.651314,1480.115724,0.464409,280887296,0,0,16,0
1,57,compute,1479.519133,1480.211996,0.692862,0,0,0,0,0
1,58,trunk,1480.211998,1480.215884,0.003886,645562368,-149,1,0,0
1,58,expert,1480.292518,1480.653547,0.361030,245776384,0,0,14,0
1,58,compute,1480.215907,1480.771048,0.555142,0,0,0,0,0
1,59,trunk,1480.771050,1480.780039,0.008988,431890432,-150,1,0,0
1,59,expert,1480.843033,1481.375112,0.532079,263331840,0,0,15,0
1,59,compute,1480.780114,1481.492040,0.711926,0,0,0,0,0
1,60,trunk,1481.492042,1481.496256,0.004214,645562368,-151,1,0,0
1,60,expert,1481.578726,1482.103718,0.524992,280887296,0,0,16,0
1,60,compute,1481.496272,1482.220396,0.724124,0,0,0,0,0
1,61,trunk,1482.220398,1482.226839,0.006441,645562368,-152,1,0,0
1,61,expert,1482.301309,1482.828312,0.527003,280887296,0,0,16,0
1,61,compute,1482.226863,1482.946190,0.719326,0,0,0,0,0
1,62,trunk,1482.946211,1482.950008,0.003797,645562368,-153,1,0,0
1,62,expert,1483.005513,1483.408997,0.403485,263331840,0,0,15,0
1,62,compute,1482.950031,1483.546163,0.596132,0,0,0,0,0
1,63,trunk,1483.546166,1483.550074,0.003908,431890432,-154,1,0,0
1,63,expert,1483.589761,1484.175443,0.585682,263331840,0,0,15,0
1,63,compute,1483.550097,1484.294163,0.744066,0,0,0,0,0
1,64,trunk,1484.294166,1484.298180,0.004014,645562368,-155,1,0,0
1,64,expert,1484.359471,1484.918092,0.558622,280887296,0,0,16,0
1,64,compute,1484.298202,1485.038641,0.740439,0,0,0,0,0
1,65,trunk,1485.038643,1485.042260,0.003617,645562368,-156,1,0,0
1,65,expert,1485.117039,1485.659505,0.542466,263331840,0,0,15,0
1,65,compute,1485.042283,1485.782988,0.740705,0,0,0,0,0
1,66,trunk,1485.782990,1485.786394,0.003404,645562368,-157,1,0,0
1,66,expert,1485.847577,1486.261946,0.414369,263331840,0,0,15,0
1,66,compute,1485.786431,1486.378200,0.591770,0,0,0,0,0
1,67,trunk,1486.378203,1486.381598,0.003395,431890432,-158,1,0,0
1,67,expert,1486.472460,1487.017690,0.545230,280887296,0,0,16,0
1,67,compute,1486.381619,1487.134840,0.753220,0,0,0,0,0
1,68,trunk,1487.134842,1487.138578,0.003736,645562368,-159,1,0,0
1,68,expert,1487.222096,1498.769495,11.547400,245776384,0,0,14,0
1,68,compute,1487.138631,1498.892364,11.753733,0,0,0,0,0
1,69,trunk,1498.892366,1498.896112,0.003746,645562368,-160,1,0,0
1,69,expert,1498.973950,1499.771305,0.797354,280887296,0,0,16,0
1,69,compute,1498.896131,1499.890311,0.994181,0,0,0,0,0
1,70,trunk,1499.890313,1499.893833,0.003520,645562368,-161,1,0,0
1,70,expert,1499.960303,1500.362507,0.402204,280887296,0,0,16,0
1,70,compute,1499.893898,1500.490343,0.596445,0,0,0,0,0
1,71,trunk,1500.490345,1500.493829,0.003484,431890432,-162,1,0,0
1,71,expert,1500.538349,1501.159844,0.621494,280887296,0,0,16,0
1,71,compute,1500.493851,1501.286254,0.792404,0,0,0,0,0
1,72,trunk,1501.286260,1501.289789,0.003529,645562368,-163,1,0,0
1,72,expert,1501.357381,1501.924518,0.567137,280887296,0,0,16,0
1,72,compute,1501.289811,1502.046197,0.756386,0,0,0,0,0
1,73,trunk,1502.046200,1502.049811,0.003611,645562368,-164,1,0,0
1,73,expert,1502.137096,1502.730603,0.593506,263331840,0,0,15,0
1,73,compute,1502.049834,1502.854251,0.804417,0,0,0,0,0
1,74,trunk,1502.854253,1502.857671,0.003418,645562368,-165,1,0,0
1,74,expert,1502.915048,1503.338279,0.423231,228220928,0,0,13,0
1,74,compute,1502.857692,1503.634493,0.776801,0,0,0,0,0
1,75,trunk,1503.634495,1503.638131,0.003636,431890432,-166,1,0,0
1,75,expert,1503.687395,1504.123795,0.436400,193110016,0,0,11,0
1,75,compute,1503.638153,1504.499753,0.861599,0,0,0,0,0
1,76,trunk,1504.499754,1504.503164,0.003410,645562368,-167,1,0,0
1,76,expert,1504.565210,1505.106298,0.541087,245776384,0,0,14,0
1,76,compute,1504.503185,1505.254156,0.750972,0,0,0,0,0
1,77,trunk,1505.254158,1505.257576,0.003418,645562368,-168,1,0,0
1,77,expert,1505.316075,1505.902214,0.586139,280887296,0,0,16,0
1,77,compute,1505.257597,1506.022203,0.764606,0,0,0,0,0
1,78,trunk,1506.022205,1506.025757,0.003552,645562368,-169,1,0,0
1,78,expert,1506.083218,1506.510184,0.426966,263331840,0,0,15,0
1,78,compute,1506.025778,1506.618246,0.592468,0,0,0,0,0
1,79,trunk,1506.618248,1506.622518,0.004270,431890432,-170,1,0,0
1,79,expert,1506.665879,1507.244284,0.578405,263331840,0,0,15,0
1,79,compute,1506.622569,1507.414239,0.791670,0,0,0,0,0
1,80,trunk,1507.414241,1507.417795,0.003554,645562368,-171,1,0,0
1,80,expert,1507.486447,1507.857416,0.370969,245776384,0,0,14,0
1,80,compute,1507.417818,1507.959656,0.541838,0,0,0,0,0
1,81,trunk,1507.959658,1508.032747,0.073089,645562368,-172,1,0,0
1,81,expert,1508.128302,1508.650584,0.522281,245776384,0,0,14,0
1,81,compute,1508.032787,1508.770211,0.737424,0,0,0,0,0
1,82,trunk,1508.770214,1508.773559,0.003345,645562368,-173,1,0,0
1,82,expert,1508.826114,1509.240940,0.414826,245776384,0,0,14,0
1,82,compute,1508.773579,1509.362207,0.588628,0,0,0,0,0
1,83,trunk,1509.362209,1509.365636,0.003427,431890432,-174,1,0,0
1,83,expert,1509.410205,1509.856719,0.446514,87777280,0,0,5,0
1,83,compute,1509.365666,1509.962790,0.597125,0,0,0,0,0
1,84,trunk,1509.962792,1509.966376,0.003584,645562368,-175,1,0,0
1,84,expert,1510.047794,1510.559755,0.511961,193110016,0,0,11,0
1,84,compute,1509.966404,1510.729312,0.762908,0,0,0,0,0
1,85,trunk,1510.729314,1510.732928,0.003614,645562368,-176,1,0,0
1,85,expert,1510.797801,1511.337301,0.539500,193110016,0,0,11,0
1,85,compute,1510.732956,1511.450712,0.717756,0,0,0,0,0
1,86,trunk,1511.450714,1511.454112,0.003398,645562368,-177,1,0,0
1,86,expert,1511.505773,1511.888390,0.382617,193110016,0,0,11,0
1,86,compute,1511.454164,1511.994897,0.540733,0,0,0,0,0
1,87,trunk,1511.994900,1511.998344,0.003445,431890432,-178,1,0,0
1,87,expert,1512.036223,1512.506836,0.470613,175554560,0,0,10,0
1,87,compute,1511.998366,1512.626330,0.627964,0,0,0,0,0
1,88,trunk,1512.626332,1512.629966,0.003634,645562368,-179,1,0,0
1,88,expert,1512.696266,1513.193059,0.496793,140443648,0,0,8,0
1,88,compute,1512.630004,1513.322213,0.692208,0,0,0,0,0
1,89,trunk,1513.322215,1513.325999,0.003784,645562368,-180,1,0,0
1,89,expert,1513.411040,1513.902778,0.491738,140443648,0,0,8,0
1,89,compute,1513.326041,1514.022205,0.696164,0,0,0,0,0
1,90,trunk,1514.022207,1514.025678,0.003471,645562368,-181,1,0,0
1,90,expert,1514.107346,1514.434119,0.326773,157999104,0,0,9,0
1,90,compute,1514.025709,1514.555297,0.529588,0,0,0,0,0
1,91,trunk,1514.555300,1514.559054,0.003755,431890432,-182,1,0,0
1,91,expert,1514.603232,1515.009690,0.406458,193110016,0,0,11,0
1,91,compute,1514.559097,1515.138226,0.579129,0,0,0,0,0
1,92,trunk,1515.138228,1515.141710,0.003483,431890432,-183,1,0,0
1,92,expert,1515.173894,1515.278429,0.104535,157999104,0,0,9,0
1,92,compute,1515.141712,1515.406216,0.264504,0,0,0,0,0
2,0,trunk,1515.520977,1515.521551,0.000575,0,-183,0,0,0
2,0,compute,1515.521564,1515.725280,0.203716,0,0,0,0,0
2,1,trunk,1515.725282,1515.925424,0.200143,645562368,-183,1,0,0
2,1,expert,1515.998215,1516.457917,0.459702,210665472,0,0,12,0
2,1,compute,1515.925500,1516.583463,0.657963,0,0,0,0,0
2,2,trunk,1516.583466,1516.587384,0.003918,645562368,-184,1,0,0
2,2,expert,1516.650207,1516.993680,0.343473,193110016,0,0,11,0
2,2,compute,1516.587410,1517.311203,0.723793,0,0,0,0,0
2,3,trunk,1517.311206,1517.314938,0.003732,431890432,-185,1,0,0
2,3,expert,1517.368042,1517.835623,0.467581,193110016,0,0,11,0
2,3,compute,1517.314961,1517.946880,0.631919,0,0,0,0,0
2,4,trunk,1517.946882,1517.950674,0.003792,645562368,-186,1,0,0
2,4,expert,1518.021283,1518.471046,0.449763,210665472,0,0,12,0
2,4,compute,1517.950698,1518.618429,0.667731,0,0,0,0,0
2,5,trunk,1518.618431,1518.621991,0.003559,645562368,-187,1,0,0
2,5,expert,1518.694451,1519.167813,0.473362,175554560,0,0,10,0
2,5,compute,1518.622012,1519.334364,0.712352,0,0,0,0,0
2,6,trunk,1519.334365,1519.338034,0.003669,645562368,-188,1,0,0
2,6,expert,1519.400301,1519.760601,0.360301,245776384,0,0,14,0
2,6,compute,1519.338055,1519.890833,0.552778,0,0,0,0,0
2,7,trunk,1519.890835,1519.894436,0.003602,431890432,-189,1,0,0
2,7,expert,1519.945505,1520.398813,0.453308,210665472,0,0,12,0
2,7,compute,1519.894464,1520.522357,0.627894,0,0,0,0,0
2,8,trunk,1520.522360,1520.526032,0.003672,645562368,-190,1,0,0
2,8,expert,1520.597665,1521.058163,0.460498,210665472,0,0,12,0
2,8,compute,1520.526080,1521.183079,0.656999,0,0,0,0,0
2,9,trunk,1521.183081,1521.187103,0.004022,645562368,-191,1,0,0
2,9,expert,1521.255007,1530.496951,9.241943,193110016,0,0,11,0
2,9,compute,1521.187133,1530.601000,9.413867,0,0,0,0,0
2,10,trunk,1530.601002,1532.286549,1.685547,645562368,-192,1,0,0
2,10,expert,1532.349149,1533.581622,1.232474,140443648,0,0,8,0
2,10,compute,1532.286611,1533.706453,1.419843,0,0,0,0,0
2,11,trunk,1533.706455,1533.716827,0.010372,431890432,-193,1,0,0
2,11,expert,1533.781937,1534.255483,0.473546,193110016,0,0,11,0
2,11,compute,1533.716846,1534.364408,0.647563,0,0,0,0,0
2,12,trunk,1534.364411,1534.368335,0.003924,645562368,-194,1,0,0
2,12,expert,1534.471395,1534.899708,0.428313,210665472,0,0,12,0
2,12,compute,1534.368355,1535.033382,0.665027,0,0,0,0,0
2,13,trunk,1535.033384,1535.053436,0.020052,645562368,-195,1,0,0
2,13,expert,1535.119674,1535.567161,0.447486,193110016,0,0,11,0
2,13,compute,1535.053516,1535.914173,0.860658,0,0,0,0,0
2,14,trunk,1535.914175,1535.917930,0.003755,645562368,-196,1,0,0
2,14,expert,1535.996423,1536.264305,0.267883,157999104,0,0,9,0
2,14,compute,1535.917951,1536.534244,0.616293,0,0,0,0,0
2,15,trunk,1536.534246,1536.538405,0.004159,431890432,-197,1,0,0
2,15,expert,1536.598007,1537.052408,0.454401,193110016,0,0,11,0
2,15,compute,1536.538428,1537.226551,0.688123,0,0,0,0,0
2,16,trunk,1537.226553,1537.231960,0.005407,645562368,-198,1,0,0
2,16,expert,1537.298051,1537.705665,0.407614,193110016,0,0,11,0
2,16,compute,1537.231994,1537.878320,0.646325,0,0,0,0,0
2,17,trunk,1537.878321,1537.884941,0.006620,645562368,-199,1,0,0
2,17,expert,1537.971102,1538.397008,0.425906,210665472,0,0,12,0
2,17,compute,1537.884963,1538.569464,0.684501,0,0,0,0,0
2,18,trunk,1538.569466,1538.572966,0.003500,645562368,-200,1,0,0
2,18,expert,1538.641179,1538.987861,0.346682,210665472,0,0,12,0
2,18,compute,1538.572993,1539.265202,0.692209,0,0,0,0,0
2,19,trunk,1539.265204,1539.268916,0.003713,431890432,-201,1,0,0
2,19,expert,1539.319627,1539.776091,0.456464,193110016,0,0,11,0
2,19,compute,1539.268938,1540.150195,0.881256,0,0,0,0,0
2,20,trunk,1540.150197,1540.154606,0.004409,645562368,-202,1,0,0
2,20,expert,1540.239299,1540.641659,0.402360,193110016,0,0,11,0
2,20,compute,1540.154628,1540.810239,0.655611,0,0,0,0,0
2,21,trunk,1540.810241,1540.814098,0.003858,645562368,-203,1,0,0
2,21,expert,1540.887851,1541.340086,0.452234,228220928,0,0,13,0
2,21,compute,1540.814127,1541.590164,0.776037,0,0,0,0,0
2,22,trunk,1541.590166,1541.594238,0.004072,645562368,-204,1,0,0
2,22,expert,1541.661892,1542.026982,0.365090,245776384,0,0,14,0
2,22,compute,1541.594259,1542.161473,0.567215,0,0,0,0,0
2,23,trunk,1542.161475,1542.165355,0.003880,431890432,-205,1,0,0
2,23,expert,1542.204055,1542.681055,0.477000,210665472,0,0,12,0
2,23,compute,1542.165380,1542.798175,0.632795,0,0,0,0,0
2,24,trunk,1542.798177,1542.801812,0.003635,645562368,-206,1,0,0
2,24,expert,1542.890230,1543.363654,0.473423,193110016,0,0,11,0
2,24,compute,1542.801863,1543.491015,0.689152,0,0,0,0,0
2,25,trunk,1543.491018,1543.495803,0.004786,645562368,-207,1,0,0
2,25,expert,1543.564981,1544.090756,0.525775,245776384,0,0,14,0
2,25,compute,1543.495827,1544.215015,0.719188,0,0,0,0,0
2,26,trunk,1544.215017,1544.219791,0.004774,645562368,-208,1,0,0
2,26,expert,1544.290890,1544.655903,0.365013,210665472,0,0,12,0
2,26,compute,1544.219818,1544.933201,0.713383,0,0,0,0,0
2,27,trunk,1544.933202,1544.937450,0.004248,431890432,-209,1,0,0
2,27,expert,1544.986343,1545.480249,0.493906,245776384,0,0,14,0
2,27,compute,1544.937471,1545.773280,0.835809,0,0,0,0,0
2,28,trunk,1545.773282,1545.777366,0.004084,645562368,-210,1,0,0
2,28,expert,1545.855061,1546.293227,0.438166,210665472,0,0,12,0
2,28,compute,1545.777390,1546.644404,0.867014,0,0,0,0,0
2,29,trunk,1546.644406,1546.648400,0.003994,645562368,-211,1,0,0
2,29,expert,1546.734669,1547.221808,0.487140,210665472,0,0,12,0
2,29,compute,1546.648423,1547.768186,1.119763,0,0,0,0,0
2,30,trunk,1547.768207,1547.777224,0.009017,645562368,-212,1,0,0
2,30,expert,1547.857461,1548.250036,0.392574,263331840,0,0,15,0
2,30,compute,1547.777243,1548.473999,0.696757,0,0,0,0,0
2,31,trunk,1548.474001,1548.477812,0.003811,431890432,-213,1,0,0
2,31,expert,1548.522150,1549.045951,0.523801,210665472,0,0,12,0
2,31,compute,1548.477833,1549.206318,0.728485,0,0,0,0,0
2,32,trunk,1549.206320,1549.209800,0.003480,645562368,-214,1,0,0
2,32,expert,1549.262109,1549.776775,0.514666,193110016,0,0,11,0
2,32,compute,1549.209821,1549.903034,0.693213,0,0,0,0,0
2,33,trunk,1549.903036,1549.906953,0.003917,645562368,-215,1,0,0
2,33,expert,1549.970693,1550.483511,0.512818,193110016,0,0,11,0
2,33,compute,1549.906982,1550.796963,0.889981,0,0,0,0,0
2,34,trunk,1550.796965,1550.800744,0.003779,645562368,-216,1,0,0
2,34,expert,1550.858134,1551.251986,0.393852,228220928,0,0,13,0
2,34,compute,1550.800777,1551.587993,0.787216,0,0,0,0,0
2,35,trunk,1551.587994,1551.591612,0.003618,431890432,-217,1,0,0
2,35,expert,1551.655872,1552.217796,0.561923,228220928,0,0,13,0
2,35,compute,1551.591633,1552.346204,0.754571,0,0,0,0,0
2,36,trunk,1552.346206,1552.350628,0.004422,645562368,-218,1,0,0
2,36,expert,1552.413275,1552.931270,0.517996,193110016,0,0,11,0
2,36,compute,1552.350657,1553.183100,0.832443,0,0,0,0,0
2,37,trunk,1553.183102,1553.187074,0.003972,645562368,-219,1,0,0
2,37,expert,1553.247194,1553.803573,0.556379,228220928,0,0,13,0
2,37,compute,1553.187108,1554.156054,0.968946,0,0,0,0,0
2,38,trunk,1554.156056,1554.159901,0.003845,645562368,-220,1,0,0
2,38,expert,1554.219824,1554.627565,0.407742,228220928,0,0,13,0
2,38,compute,1554.159930,1554.773964,0.614034,0,0,0,0,0
2,39,trunk,1554.773966,1554.778833,0.004867,431890432,-221,1,0,0
2,39,expert,1554.831612,1555.399318,0.567706,245776384,0,0,14,0
2,39,compute,1554.778857,1555.538316,0.759460,0,0,0,0,0
2,40,trunk,1555.538319,1555.542780,0.004461,645562368,-222,1,0,0
2,40,expert,1555.620823,1556.128059,0.507236,245776384,0,0,14,0
2,40,compute,1555.542809,1556.258211,0.715403,0,0,0,0,0
2,41,trunk,1556.258213,1556.262720,0.004507,645562368,-223,1,0,0
2,41,expert,1556.328036,1556.818210,0.490174,245776384,0,0,14,0
2,41,compute,1556.262744,1556.930185,0.667440,0,0,0,0,0
2,42,trunk,1556.930187,1556.934015,0.003828,645562368,-224,1,0,0
2,42,expert,1556.998249,1557.367212,0.368963,245776384,0,0,14,0
2,42,compute,1556.934038,1557.506381,0.572343,0,0,0,0,0
2,43,trunk,1557.506383,1557.510225,0.003841,431890432,-225,1,0,0
2,43,expert,1557.569500,1558.108860,0.539360,263331840,0,0,15,0
2,43,compute,1557.510246,1558.230358,0.720112,0,0,0,0,0
2,44,trunk,1558.230360,1558.234879,0.004519,645562368,-226,1,0,0
2,44,expert,1558.300568,1558.811265,0.510697,245776384,0,0,14,0
2,44,compute,1558.234905,1558.942220,0.707315,0,0,0,0,0
2,45,trunk,1558.942222,1558.946030,0.003808,645562368,-227,1,0,0
2,45,expert,1559.010818,1559.553653,0.542835,263331840,0,0,15,0
2,45,compute,1558.946052,1559.661260,0.715209,0,0,0,0,0
2,46,trunk,1559.661263,1559.665728,0.004465,645562368,-228,1,0,0
2,46,expert,1559.740280,1560.110397,0.370117,228220928,0,0,13,0
2,46,compute,1559.665751,1560.226144,0.560393,0,0,0,0,0
2,47,trunk,1560.226146,1560.229675,0.003529,431890432,-229,1,0,0
2,47,expert,1560.266919,1560.824384,0.557465,263331840,0,0,15,0
2,47,compute,1560.229698,1560.946481,0.716784,0,0,0,0,0
2,48,trunk,1560.946483,1560.949880,0.003397,645562368,-230,1,0,0
2,48,expert,1561.012586,1561.871583,0.858997,245776384,0,0,14,0
2,48,compute,1560.949924,1562.073445,1.123521,0,0,0,0,0
2,49,trunk,1562.073446,1562.076862,0.003416,645562368,-231,1,0,0
2,49,expert,1562.139441,1564.147486,2.008045,263331840,0,0,15,0
2,49,compute,1562.076924,1564.598233,2.521309,0,0,0,0,0
2,50,trunk,1564.598235,1564.601689,0.003453,645562368,-232,1,0,0
2,50,expert,1564.660683,1565.655800,0.995117,263331840,0,0,15,0
2,50,compute,1564.601718,1565.910201,1.308483,0,0,0,0,0
2,51,trunk,1565.910202,1565.913853,0.003650,431890432,-233,1,0,0
2,51,expert,1565.995833,1566.478167,0.482334,228220928,0,0,13,0
2,51,compute,1565.913876,1566.614548,0.700672,0,0,0,0,0
2,52,trunk,1566.614550,1566.617945,0.003395,645562368,-234,1,0,0
2,52,expert,1566.681821,1567.176254,0.494433,210665472,0,0,12,0
2,52,compute,1566.623166,1567.314392,0.691226,0,0,0,0,0
2,53,trunk,1567.314393,1567.317918,0.003525,645562368,-235,1,0,0
2,53,expert,1567.383536,1567.857448,0.473912,245776384,0,0,14,0
2,53,compute,1567.323328,1567.978179,0.654850,0,0,0,0,0
2,54,trunk,1567.978181,1567.981575,0.003395,645562368,-236,1,0,0
2,54,expert,1568.160928,1568.427169,0.266241,245776384,0,0,14,0
2,54,compute,1567.981716,1568.572051,0.590334,0,0,0,0,0
2,55,trunk,1568.572053,1568.575766,0.003713,431890432,-237,1,0,0
2,55,expert,1568.621481,1569.146054,0.524573,228220928,0,0,13,0
2,55,compute,1568.575817,1569.253638,0.677821,0,0,0,0,0
2,56,trunk,1569.253639,1569.256997,0.003357,645562368,-238,1,0,0
2,56,expert,1569.315951,1569.796311,0.480360,157999104,0,0,9,0
2,56,compute,1569.257018,1569.914202,0.657183,0,0,0,0,0
2,57,trunk,1569.914223,1569.917900,0.003677,645562368,-239,1,0,0
2,57,expert,1570.118257,1570.480840,0.362583,245776384,0,0,14,0
2,57,compute,1569.917921,1570.583154,0.665233,0,0,0,0,0
2,58,trunk,1570.583156,1570.586855,0.003699,645562368,-240,1,0,0
2,58,expert,1570.728326,1572.882909,2.154583,193110016,0,0,11,0
2,58,compute,1570.586878,1573.059052,2.472174,0,0,0,0,0
2,59,trunk,1573.059054,1573.062547,0.003493,431890432,-241,1,0,0
2,59,expert,1573.104121,1574.477282,1.373162,175554560,0,0,10,0
2,59,compute,1573.062570,1574.663094,1.600524,0,0,0,0,0
2,60,trunk,1574.663096,1574.666639,0.003543,645562368,-242,1,0,0
2,60,expert,1574.757354,1575.430999,0.673645,228220928,0,0,13,0
2,60,compute,1574.666662,1575.574199,0.907537,0,0,0,0,0
2,61,trunk,1575.574201,1575.577696,0.003495,645562368,-243,1,0,0
2,61,expert,1575.653661,1576.732655,1.078994,263331840,0,0,15,0
2,61,compute,1575.577716,1576.902168,1.324452,0,0,0,0,0
2,62,trunk,1576.902170,1576.905757,0.003587,645562368,-244,1,0,0
2,62,expert,1576.961733,1577.763172,0.801439,193110016,0,0,11,0
2,62,compute,1576.905781,1577.914209,1.008429,0,0,0,0,0
2,63,trunk,1577.914211,1577.917643,0.003432,431890432,-245,1,0,0
2,63,expert,1577.970327,1581.079601,3.109275,210665472,0,0,12,0
2,63,compute,1577.917665,1581.244354,3.326690,0,0,0,0,0
2,64,trunk,1581.244357,1581.247763,0.003406,645562368,-246,1,0,0
2,64,expert,1581.312918,1581.844632,0.531714,228220928,0,0,13,0
2,64,compute,1581.247785,1582.000774,0.752989,0,0,0,0,0
2,65,trunk,1582.000776,1582.004360,0.003584,645562368,-247,1,0,0
2,65,expert,1582.076502,1582.557763,0.481261,175554560,0,0,10,0
2,65,compute,1582.004378,1582.730499,0.726121,0,0,0,0,0
2,66,trunk,1582.730501,1582.733874,0.003373,645562368,-248,1,0,0
2,66,expert,1582.792855,1584.873091,2.080236,228220928,0,0,13,0
2,66,compute,1582.733896,1585.123081,2.389185,0,0,0,0,0
2,67,trunk,1585.123082,1585.126542,0.003460,431890432,-249,1,0,0
2,67,expert,1585.166241,1590.471996,5.305755,228220928,0,0,13,0
2,67,compute,1585.126563,1590.802241,5.675678,0,0,0,0,0
2,68,trunk,1590.802243,1590.805605,0.003362,645562368,-250,1,0,0
2,68,expert,1590.874996,1591.753759,0.878764,193110016,0,0,11,0
2,68,compute,1590.805626,1592.010748,1.205123,0,0,0,0,0
2,69,trunk,1592.010751,1592.014452,0.003701,645562368,-251,1,0,0
2,69,expert,1592.079531,1595.909325,3.829795,193110016,0,0,11,0
2,69,compute,1592.014473,1596.196093,4.181620,0,0,0,0,0
2,70,trunk,1596.196094,1596.199421,0.003327,645562368,-252,1,0,0
2,70,expert,1596.255981,1597.182065,0.926084,193110016,0,0,11,0
2,70,compute,1596.199444,1597.498237,1.298793,0,0,0,0,0
2,71,trunk,1597.498239,1597.501831,0.003591,431890432,-253,1,0,0
2,71,expert,1597.544221,1598.693055,1.148834,175554560,0,0,10,0
2,71,compute,1597.501898,1598.936200,1.434302,0,0,0,0,0
2,72,trunk,1598.936202,1598.940119,0.003917,645562368,-254,1,0,0
2,72,expert,1599.016379,1604.213171,5.196792,263331840,0,0,15,0
2,72,compute,1598.940138,1604.610583,5.670446,0,0,0,0,0
2,73,trunk,1604.610586,1604.614108,0.003523,645562368,-255,1,0,0
2,73,expert,1604.693858,1606.419711,1.725853,280887296,0,0,16,0
2,73,compute,1604.614129,1606.842298,2.228169,0,0,0,0,0
2,74,trunk,1606.842301,1606.846298,0.003998,645562368,-256,1,0,0
2,74,expert,1606.928928,1608.723556,1.794628,280887296,0,0,16,0
2,74,compute,1606.846323,1609.078561,2.232239,0,0,0,0,0
2,75,trunk,1609.078564,1609.082671,0.004107,431890432,-257,1,0,0
2,75,expert,1609.185003,1609.989017,0.804013,280887296,0,0,16,0
2,75,compute,1609.082702,1610.258506,1.175804,0,0,0,0,0
2,76,trunk,1610.258507,1610.263045,0.004537,645562368,-258,1,0,0
2,76,expert,1610.342677,1611.556419,1.213741,280887296,0,0,16,0
2,76,compute,1610.263068,1611.826555,1.563486,0,0,0,0,0
2,77,trunk,1611.826557,1611.830051,0.003494,645562368,-259,1,0,0
2,77,expert,1611.903119,1612.581657,0.678538,228220928,0,0,13,0
2,77,compute,1611.830109,1612.758409,0.928300,0,0,0,0,0
2,78,trunk,1612.758411,1612.761807,0.003396,645562368,-260,1,0,0
2,78,expert,1612.834257,1613.369136,0.534879,263331840,0,0,15,0
2,78,compute,1612.761828,1613.530164,0.768336,0,0,0,0,0
2,79,trunk,1613.530166,1613.533767,0.003601,431890432,-261,1,0,0
2,79,expert,1613.578822,1615.030498,1.451676,245776384,0,0,14,0
2,79,compute,1613.533793,1615.346601,1.812809,0,0,0,0,0
2,80,trunk,1615.346604,1615.355017,0.008414,645562368,-262,1,0,0
2,80,expert,1615.473878,1617.167847,1.693969,280887296,0,0,16,0
2,80,compute,1615.355039,1617.415039,2.060000,0,0,0,0,0
2,81,trunk,1617.415041,1617.419103,0.004062,645562368,-263,1,0,0
2,81,expert,1617.488676,1619.264241,1.775565,228220928,0,0,13,0
2,81,compute,1617.419737,1619.520093,2.100356,0,0,0,0,0
2,82,trunk,1619.520095,1619.523774,0.003679,645562368,-264,1,0,0
2,82,expert,1619.586577,1620.001098,0.414521,245776384,0,0,14,0
2,82,compute,1619.523798,1620.125805,0.602007,0,0,0,0,0
2,83,trunk,1620.125806,1620.129507,0.003700,431890432,-265,1,0,0
2,83,expert,1620.196191,1620.680834,0.484643,210665472,0,0,12,0
2,83,compute,1620.129527,1620.843076,0.713548,0,0,0,0,0
2,84,trunk,1620.843078,1620.846949,0.003871,645562368,-266,1,0,0
2,84,expert,1620.989070,1621.496653,0.507583,175554560,0,0,10,0
2,84,compute,1620.847018,1621.622178,0.775161,0,0,0,0,0
2,85,trunk,1621.622181,1621.625837,0.003656,645562368,-267,1,0,0
2,85,expert,1621.708390,1622.169890,0.461500,157999104,0,0,9,0
2,85,compute,1621.625859,1622.318195,0.692336,0,0,0,0,0
2,86,trunk,1622.318198,1622.321591,0.003394,645562368,-268,1,0,0
2,86,expert,1622.392664,1624.322715,1.930051,210665472,0,0,12,0
2,86,compute,1622.321675,1624.637440,2.315765,0,0,0,0,0
2,87,trunk,1624.637442,1624.641759,0.004317,431890432,-269,1,0,0
2,87,expert,1624.699068,1626.593016,1.893948,193110016,0,0,11,0
2,87,compute,1624.641783,1626.975474,2.333691,0,0,0,0,0
2,88,trunk,1626.975477,1626.978944,0.003468,645562368,-270,1,0,0
2,88,expert,1627.047658,1629.345804,2.298145,210665472,0,0,12,0
2,88,compute,1626.978968,1629.771441,2.792472,0,0,0,0,0
2,89,trunk,1629.771443,1629.774967,0.003524,645562368,-271,1,0,0
2,89,expert,1629.860948,1631.462600,1.601652,210665472,0,0,12,0
2,89,compute,1629.774989,1631.752561,1.977572,0,0,0,0,0
2,90,trunk,1631.752563,1631.756528,0.003965,645562368,-272,1,0,0
2,90,expert,1631.819579,1632.388156,0.568577,210665472,0,0,12,0
2,90,compute,1631.756568,1632.614171,0.857603,0,0,0,0,0
2,91,trunk,1632.614173,1632.617573,0.003400,431890432,-273,1,0,0
2,91,expert,1632.667811,1633.055466,0.387655,210665472,0,0,12,0
2,91,compute,1632.617634,1633.202494,0.584860,0,0,0,0,0
2,92,trunk,1633.202496,1633.205904,0.003408,431890432,-274,1,0,0
2,92,expert,1633.241123,1633.901215,0.660092,210665472,0,0,12,0
2,92,compute,1633.205906,1634.134160,0.928254,0,0,0,0,0
3,0,trunk,1634.237107,1634.237556,0.000449,0,-274,0,0,0
3,0,compute,1634.237568,1634.376298,0.138729,0,0,0,0,0
3,1,trunk,1634.376299,1634.620486,0.244187,645562368,-274,1,0,0
3,1,expert,1634.743165,1636.441875,1.698710,193110016,0,0,11,0
3,1,compute,1634.620524,1636.787996,2.167472,0,0,0,0,0
3,2,trunk,1636.787997,1636.791586,0.003589,645562368,-275,1,0,0
3,2,expert,1636.925125,1637.720052,0.794928,157999104,0,0,9,0
3,2,compute,1636.791607,1637.996036,1.204429,0,0,0,0,0
3,3,trunk,1637.996038,1637.999422,0.003384,431890432,-276,1,0,0
3,3,expert,1638.066562,1638.454286,0.387724,122888192,0,0,7,0
3,3,compute,1637.999449,1638.590268,0.590818,0,0,0,0,0
3,4,trunk,1638.590270,1638.593747,0.003477,645562368,-277,1,0,0
3,4,expert,1638.651382,1639.058668,0.407286,122888192,0,0,7,0
3,4,compute,1638.593768,1639.254205,0.660438,0,0,0,0,0
3,5,trunk,1639.254208,1639.257750,0.003542,645562368,-278,1,0,0
3,5,expert,1639.318664,1640.552281,1.233617,175554560,0,0,10,0
3,5,compute,1639.257770,1640.836848,1.579077,0,0,0,0,0
3,6,trunk,1640.836849,1640.840253,0.003403,645562368,-279,1,0,0
3,6,expert,1640.902190,1641.289443,0.387252,263331840,0,0,15,0
3,6,compute,1640.840273,1641.450202,0.609929,0,0,0,0,0
3,7,trunk,1641.450204,1641.453602,0.003399,431890432,-280,1,0,0
3,7,expert,1641.502066,1641.965605,0.463539,228220928,0,0,13,0
3,7,compute,1641.453640,1642.118278,0.664638,0,0,0,0,0
3,8,trunk,1642.118280,1642.121631,0.003351,645562368,-281,1,0,0
3,8,expert,1642.186862,1642.639042,0.452179,193110016,0,0,11,0
3,8,compute,1642.121653,1642.754346,0.632693,0,0,0,0,0
3,9,trunk,1642.754349,1642.757998,0.003649,645562368,-282,1,0,0
3,9,expert,1642.825383,1643.092934,0.267551,87777280,0,0,5,0
3,9,compute,1642.758021,1643.187407,0.429386,0,0,0,0,0
3,10,trunk,1643.187410,1643.231602,0.044193,645562368,-283,1,0,0
3,10,expert,1643.300071,1643.517547,0.217475,87777280,0,0,5,0
3,10,compute,1643.231657,1643.638204,0.406547,0,0,0,0,0
3,11,trunk,1643.638206,1643.642559,0.004354,431890432,-284,1,0,0
3,11,expert,1643.694431,1644.105544,0.411113,122888192,0,0,7,0
3,11,compute,1643.642582,1644.207669,0.565087,0,0,0,0,0
3,12,trunk,1644.207671,1644.211342,0.003671,645562368,-285,1,0,0
3,12,expert,1644.280323,1644.709780,0.429457,175554560,0,0,10,0
3,12,compute,1644.211389,1644.826365,0.614976,0,0,0,0,0
3,13,trunk,1644.826367,1644.830593,0.004226,645562368,-286,1,0,0
3,13,expert,1644.901987,1645.321710,0.419722,193110016,0,0,11,0
3,13,compute,1644.831516,1645.473680,0.642164,0,0,0,0,0
3,14,trunk,1645.473682,1645.477309,0.003627,645562368,-287,1,0,0
3,14,expert,1645.557678,1645.829271,0.271593,157999104,0,0,9,0
3,14,compute,1645.477366,1645.950191,0.472824,0,0,0,0,0
3,15,trunk,1645.950192,1645.954299,0.004107,431890432,-288,1,0,0
3,15,expert,1646.032989,1646.426053,0.393064,157999104,0,0,9,0
3,15,compute,1645.954321,1646.543085,0.588764,0,0,0,0,0
3,16,trunk,1646.543087,1646.546738,0.003651,645562368,-289,1,0,0
3,16,expert,1646.617668,1646.964408,0.346740,122888192,0,0,7,0
3,16,compute,1646.546764,1647.082228,0.535463,0,0,0,0,0
3,17,trunk,1647.082233,1647.086738,0.004505,645562368,-290,1,0,0
3,17,expert,1647.148485,1647.524819,0.376334,122888192,0,0,7,0
3,17,compute,1647.086784,1647.616883,0.530100,0,0,0,0,0
3,18,trunk,1647.616885,1647.620506,0.003620,645562368,-291,1,0,0
3,18,expert,1647.678452,1647.956970,0.278519,87777280,0,0,5,0
3,18,compute,1647.620524,1648.070169,0.449646,0,0,0,0,0
3,19,trunk,1648.070171,1648.073635,0.003464,431890432,-292,1,0,0
3,19,expert,1648.128862,1648.477280,0.348417,105332736,0,0,6,0
3,19,compute,1648.073657,1648.586171,0.512513,0,0,0,0,0
3,20,trunk,1648.586173,1648.590200,0.004027,645562368,-293,1,0,0
3,20,expert,1648.664356,1648.977893,0.313537,105332736,0,0,6,0
3,20,compute,1648.590227,1649.086163,0.495936,0,0,0,0,0
3,21,trunk,1649.086165,1649.089863,0.003697,645562368,-294,1,0,0
3,21,expert,1649.146818,1649.593362,0.446544,193110016,0,0,11,0
3,21,compute,1649.089915,1649.710243,0.620328,0,0,0,0,0
3,22,trunk,1649.710245,1649.714503,0.004258,645562368,-295,1,0,0
3,22,expert,1649.777301,1650.059271,0.281970,122888192,0,0,7,0
3,22,compute,1649.714527,1650.178196,0.463669,0,0,0,0,0
3,23,trunk,1650.178198,1650.181871,0.003673,431890432,-296,1,0,0
3,23,expert,1650.239819,1650.605830,0.366011,105332736,0,0,6,0
3,23,compute,1650.181892,1650.722209,0.540317,0,0,0,0,0
3,24,trunk,1650.722211,1650.725838,0.003627,645562368,-297,1,0,0
3,24,expert,1650.783966,1651.287936,0.503970,193110016,0,0,11,0
3,24,compute,1650.725865,1651.400309,0.674444,0,0,0,0,0
3,25,trunk,1651.400312,1651.405246,0.004935,645562368,-298,1,0,0
3,25,expert,1651.481236,1651.964730,0.483494,210665472,0,0,12,0
3,25,compute,1651.405266,1652.052981,0.647715,0,0,0,0,0
3,26,trunk,1652.052983,1652.056662,0.003679,645562368,-299,1,0,0
3,26,expert,1652.108234,1652.430880,0.322646,157999104,0,0,9,0
3,26,compute,1652.056700,1652.538347,0.481648,0,0,0,0,0
3,27,trunk,1652.538349,1652.542501,0.004152,431890432,-300,1,0,0
3,27,expert,1652.597267,1653.048804,0.451536,245776384,0,0,14,0
3,27,compute,1652.542523,1653.158182,0.615659,0,0,0,0,0
3,28,trunk,1653.158184,1653.161867,0.003684,645562368,-301,1,0,0
3,28,expert,1653.223297,1653.691058,0.467761,263331840,0,0,15,0
3,28,compute,1653.161897,1653.802158,0.640261,0,0,0,0,0
3,29,trunk,1653.802160,1653.806174,0.004014,645562368,-302,1,0,0
3,29,expert,1653.859510,1654.329055,0.469545,175554560,0,0,10,0
3,29,compute,1653.806198,1654.442284,0.636086,0,0,0,0,0
3,30,trunk,1654.442286,1654.446587,0.004302,645562368,-303,1,0,0
3,30,expert,1654.503084,1654.839130,0.336046,175554560,0,0,10,0
3,30,compute,1654.446610,1654.958189,0.511579,0,0,0,0,0
3,31,trunk,1654.958191,1654.961466,0.003275,431890432,-304,1,0,0
3,31,expert,1654.997138,1655.544674,0.547536,245776384,0,0,14,0
3,31,compute,1654.961528,1655.663474,0.701946,0,0,0,0,0
3,32,trunk,1655.663476,1655.666949,0.003473,645562368,-305,1,0,0
3,32,expert,1655.728844,1656.197393,0.468549,157999104,0,0,9,0
3,32,compute,1655.666970,1656.292190,0.625220,0,0,0,0,0
3,33,trunk,1656.292192,1656.295632,0.003441,645562368,-306,1,0,0
3,33,expert,1656.358220,1656.869829,0.511609,157999104,0,0,9,0
3,33,compute,1656.295654,1656.990173,0.694519,0,0,0,0,0
3,34,trunk,1656.990174,1656.993705,0.003530,645562368,-307,1,0,0
3,34,expert,1657.064731,1657.433676,0.368945,228220928,0,0,13,0
3,34,compute,1656.993743,1657.550262,0.556519,0,0,0,0,0
3,35,trunk,1657.550264,1657.553854,0.003589,431890432,-308,1,0,0
3,35,expert,1657.606999,1658.119597,0.512597,157999104,0,0,9,0
3,35,compute,1657.553874,1658.217996,0.664122,0,0,0,0,0
3,36,trunk,1658.217998,1658.221971,0.003974,645562368,-309,1,0,0
3,36,expert,1658.275440,1658.792742,0.517302,193110016,0,0,11,0
3,36,compute,1658.221992,1658.882924,0.660931,0,0,0,0,0
3,37,trunk,1658.882925,1658.886642,0.003717,645562368,-310,1,0,0
3,37,expert,1658.940279,1659.446658,0.506379,193110016,0,0,11,0
3,37,compute,1658.886680,1659.594226,0.707546,0,0,0,0,0
3,38,trunk,1659.594228,1659.597949,0.003721,645562368,-311,1,0,0
3,38,expert,1659.661024,1659.976580,0.315556,140443648,0,0,8,0
3,38,compute,1659.598008,1660.144840,0.546832,0,0,0,0,0
3,39,trunk,1660.144842,1660.149264,0.004422,431890432,-312,1,0,0
3,39,expert,1660.188922,1660.648250,0.459328,140443648,0,0,8,0
3,39,compute,1660.149306,1660.770174,0.620868,0,0,0,0,0
3,40,trunk,1660.770176,1660.776184,0.006009,645562368,-313,1,0,0
3,40,expert,1660.844985,1661.326953,0.481967,157999104,0,0,9,0
3,40,compute,1660.776232,1661.424161,0.647928,0,0,0,0,0
3,41,trunk,1661.424163,1661.428553,0.004390,645562368,-314,1,0,0
3,41,expert,1661.485718,1661.904205,0.418487,122888192,0,0,7,0
3,41,compute,1661.428572,1662.019030,0.590458,0,0,0,0,0
3,42,trunk,1662.019032,1662.022657,0.003625,645562368,-315,1,0,0
3,42,expert,1662.076820,1662.313473,0.236653,70221824,0,0,4,0
3,42,compute,1662.022736,1662.434167,0.411431,0,0,0,0,0
3,43,trunk,1662.434169,1662.437803,0.003633,431890432,-316,1,0,0
3,43,expert,1662.508942,1662.992473,0.483531,175554560,0,0,10,0
3,43,compute,1662.437824,1663.088934,0.651110,0,0,0,0,0
3,44,trunk,1663.088936,1663.093561,0.004625,645562368,-317,1,0,0
3,44,expert,1663.177543,1663.630546,0.453003,175554560,0,0,10,0
3,44,compute,1663.093583,1663.743033,0.649451,0,0,0,0,0
3,45,trunk,1663.743035,1663.746526,0.003491,645562368,-318,1,0,0
3,45,expert,1663.841439,1664.153545,0.312106,105332736,0,0,6,0
3,45,compute,1663.746577,1664.270226,0.523649,0,0,0,0,0
3,46,trunk,1664.270228,1664.274618,0.004390,645562368,-319,1,0,0
3,46,expert,1664.329791,1672.611780,8.281990,122888192,0,0,7,0
3,46,compute,1664.274642,1672.705641,8.430999,0,0,0,0,0
3,47,trunk,1672.705643,1672.709793,0.004150,431890432,-320,1,0,0
3,47,expert,1672.743268,1676.038733,3.295466,140443648,0,0,8,0
3,47,compute,1672.709832,1676.157708,3.447876,0,0,0,0,0
3,48,trunk,1676.157710,1676.318025,0.160315,645562368,-321,1,0,0
3,48,expert,1676.378970,1676.875821,0.496851,175554560,0,0,10,0
3,48,compute,1676.318105,1677.055728,0.737624,0,0,0,0,0
3,49,trunk,1677.055731,1677.060246,0.004515,645562368,-322,1,0,0
3,49,expert,1677.122080,1677.630605,0.508525,193110016,0,0,11,0
3,49,compute,1677.060282,1678.050173,0.989891,0,0,0,0,0
3,50,trunk,1678.050175,1678.054193,0.004018,645562368,-323,1,0,0
3,50,expert,1678.106041,1678.473657,0.367617,193110016,0,0,11,0
3,50,compute,1678.054214,1678.910219,0.856005,0,0,0,0,0
3,51,trunk,1678.910221,1678.913946,0.003725,431890432,-324,1,0,0
3,51,expert,1678.950998,1679.418988,0.467989,122888192,0,0,7,0
3,51,compute,1678.913966,1679.564041,0.650075,0,0,0,0,0
3,52,trunk,1679.564043,1679.567699,0.003656,645562368,-325,1,0,0
3,52,expert,1679.630941,1680.081783,0.450842,157999104,0,0,9,0
3,52,compute,1679.567733,1680.191730,0.623997,0,0,0,0,0
3,53,trunk,1680.191732,1680.195773,0.004041,645562368,-326,1,0,0
3,53,expert,1680.263691,1680.723340,0.459649,140443648,0,0,8,0
3,53,compute,1680.195807,1680.842175,0.646368,0,0,0,0,0
3,54,trunk,1680.842182,1680.846490,0.004308,645562368,-327,1,0,0
3,54,expert,1680.909163,1681.250802,0.341639,157999104,0,0,9,0
3,54,compute,1680.846521,1681.370232,0.523711,0,0,0,0,0
3,55,trunk,1681.370234,1681.373942,0.003708,431890432,-328,1,0,0
3,55,expert,1681.411208,1681.853376,0.442168,122888192,0,0,7,0
3,55,compute,1681.373964,1681.966226,0.592262,0,0,0,0,0
3,56,trunk,1681.966229,1681.970411,0.004183,645562368,-329,1,0,0
3,56,expert,1682.023889,1682.538063,0.514173,210665472,0,0,12,0
3,56,compute,1681.970433,1682.650004,0.679571,0,0,0,0,0
3,57,trunk,1682.650006,1682.653812,0.003806,645562368,-330,1,0,0
3,57,expert,1682.721253,1683.196554,0.475301,175554560,0,0,10,0
3,57,compute,1682.653832,1683.309658,0.655826,0,0,0,0,0
3,58,trunk,1683.309660,1683.313467,0.003808,645562368,-331,1,0,0
3,58,expert,1683.368435,1683.679790,0.311355,105332736,0,0,6,0
3,58,compute,1683.313489,1683.820052,0.506563,0,0,0,0,0
3,59,trunk,1683.820054,1683.824432,0.004377,431890432,-332,1,0,0
3,59,expert,1683.861011,1684.343068,0.482058,140443648,0,0,8,0
3,59,compute,1683.824451,1684.636190,0.811739,0,0,0,0,0
3,60,trunk,1684.636192,1684.639778,0.003586,645562368,-333,1,0,0
3,60,expert,1684.701535,1685.150952,0.449418,122888192,0,0,7,0
3,60,compute,1684.639807,1685.262209,0.622403,0,0,0,0,0
3,61,trunk,1685.262212,1685.266342,0.004130,645562368,-334,1,0,0
3,61,expert,1685.320190,1685.816101,0.495911,175554560,0,0,10,0
3,61,compute,1685.266362,1685.922694,0.656332,0,0,0,0,0
3,62,trunk,1685.922794,1685.926452,0.003658,645562368,-335,1,0,0
3,62,expert,1685.979422,1686.304325,0.324903,122888192,0,0,7,0
3,62,compute,1685.926472,1686.396970,0.470498,0,0,0,0,0
3,63,trunk,1686.396972,1686.400613,0.003641,431890432,-336,1,0,0
3,63,expert,1686.440956,1686.935682,0.494726,105332736,0,0,6,0
3,63,compute,1686.400640,1687.050169,0.649529,0,0,0,0,0
3,64,trunk,1687.050172,1687.054116,0.003944,645562368,-337,1,0,0
3,64,expert,1687.115344,1687.531489,0.416144,105332736,0,0,6,0
3,64,compute,1687.054136,1687.646170,0.592035,0,0,0,0,0
3,65,trunk,1687.646172,1687.649669,0.003497,645562368,-338,1,0,0
3,65,expert,1687.700567,1688.142169,0.441602,87777280,0,0,5,0
3,65,compute,1687.649693,1688.258240,0.608547,0,0,0,0,0
3,66,trunk,1688.258243,1688.261669,0.003426,645562368,-339,1,0,0
3,66,expert,1688.315610,1688.657433,0.341823,140443648,0,0,8,0
3,66,compute,1688.261691,1688.753459,0.491767,0,0,0,0,0
3,67,trunk,1688.753460,1688.756941,0.003480,431890432,-340,1,0,0
3,67,expert,1688.798385,1689.285892,0.487507,122888192,0,0,7,0
3,67,compute,1688.756962,1689.591022,0.834060,0,0,0,0,0
3,68,trunk,1689.591025,1689.594512,0.003488,645562368,-341,1,0,0
3,68,expert,1689.645763,1690.114583,0.468819,157999104,0,0,9,0
3,68,compute,1689.594533,1690.266309,0.671776,0,0,0,0,0
3,69,trunk,1690.266311,1690.269883,0.003572,645562368,-342,1,0,0
3,69,expert,1690.326947,1690.591735,0.264788,140443648,0,0,8,0
3,69,compute,1690.269905,1690.710246,0.440342,0,0,0,0,0
3,70,trunk,1690.710249,1690.790432,0.080183,645562368,-343,1,0,0
3,70,expert,1690.852933,1691.159564,0.306632,122888192,0,0,7,0
3,70,compute,1690.790487,1691.274402,0.483915,0,0,0,0,0
3,71,trunk,1691.274404,1691.277895,0.003491,431890432,-344,1,0,0
3,71,expert,1691.319523,1691.843674,0.524151,157999104,0,0,9,0
3,71,compute,1691.277916,1691.954168,0.676252,0,0,0,0,0
3,72,trunk,1691.954170,1691.957423,0.003253,645562368,-345,1,0,0
3,72,expert,1692.023583,1692.479376,0.455793,140443648,0,0,8,0
3,72,compute,1691.957472,1692.583416,0.625945,0,0,0,0,0
3,73,trunk,1692.583418,1692.587008,0.003590,645562368,-346,1,0,0
3,73,expert,1692.667632,1693.136392,0.468760,122888192,0,0,7,0
3,73,compute,1692.587029,1693.229074,0.642044,0,0,0,0,0
3,74,trunk,1693.229075,1693.232456,0.003381,645562368,-347,1,0,0
3,74,expert,1693.289639,1693.596904,0.307265,87777280,0,0,5,0
3,74,compute,1693.232475,1693.782214,0.549739,0,0,0,0,0
3,75,trunk,1693.782216,1693.785778,0.003562,431890432,-348,1,0,0
3,75,expert,1693.831873,1694.299934,0.468062,105332736,0,0,6,0
3,75,compute,1693.785815,1694.438245,0.652431,0,0,0,0,0
3,76,trunk,1694.438247,1694.441704,0.003457,645562368,-349,1,0,0
3,76,expert,1694.510386,1705.571038,11.060652,122888192,0,0,7,0
3,76,compute,1694.441731,1705.878160,11.436430,0,0,0,0,0
3,77,trunk,1705.878162,1706.007497,0.129335,645562368,-350,1,0,0
3,77,expert,1706.072552,1706.538391,0.465839,87777280,0,0,5,0
3,77,compute,1706.007576,1706.666242,0.658666,0,0,0,0,0
3,78,trunk,1706.666245,1706.669849,0.003604,645562368,-351,1,0,0
3,78,expert,1706.724981,1707.035008,0.310027,87777280,0,0,5,0
3,78,compute,1706.669910,1707.154208,0.484298,0,0,0,0,0
3,79,trunk,1707.154210,1707.157635,0.003425,431890432,-352,1,0,0
3,79,expert,1707.205177,1707.637699,0.432522,70221824,0,0,4,0
3,79,compute,1707.157780,1707.918208,0.760429,0,0,0,0,0
3,80,trunk,1707.918211,1707.921636,0.003425,645562368,-353,1,0,0
3,80,expert,1707.985666,1708.300514,0.314848,105332736,0,0,6,0
3,80,compute,1707.921657,1708.455258,0.533600,0,0,0,0,0
3,81,trunk,1708.455259,1708.458985,0.003726,645562368,-354,1,0,0
3,81,expert,1708.513837,1709.005560,0.491723,157999104,0,0,9,0
3,81,compute,1708.459145,1709.130204,0.671059,0,0,0,0,0
3,82,trunk,1709.130206,1709.133666,0.003460,645562368,-355,1,0,0
3,82,expert,1709.193549,1709.533997,0.340448,157999104,0,0,9,0
3,82,compute,1709.133687,1709.646238,0.512551,0,0,0,0,0
3,83,trunk,1709.646240,1709.649679,0.003439,431890432,-356,1,0,0
3,83,expert,1709.688963,1710.172516,0.483553,122888192,0,0,7,0
3,83,compute,1709.649701,1710.270015,0.620315,0,0,0,0,0
3,84,trunk,1710.270017,1710.273402,0.003385,645562368,-357,1,0,0
3,84,expert,1710.330033,1710.627785,0.297752,35110912,0,0,2,0
3,84,compute,1710.273424,1710.874172,0.600748,0,0,0,0,0
3,85,trunk,1710.874175,1710.877707,0.003532,645562368,-358,1,0,0
3,85,expert,1710.936749,1711.245376,0.308628,105332736,0,0,6,0
3,85,compute,1710.877881,1711.362394,0.484513,0,0,0,0,0
3,86,trunk,1711.362396,1711.411625,0.049229,645562368,-359,1,0,0
3,86,expert,1711.463654,1711.766234,0.302580,87777280,0,0,5,0
3,86,compute,1711.411761,1711.879011,0.467250,0,0,0,0,0
3,87,trunk,1711.879013,1711.882617,0.003604,431890432,-360,1,0,0
3,87,expert,1711.922810,1712.214505,0.291694,105332736,0,0,6,0
3,87,compute,1711.882640,1712.610588,0.727948,0,0,0,0,0
3,88,trunk,1712.610590,1712.613944,0.003354,645562368,-361,1,0,0
3,88,expert,1712.669108,1713.070441,0.401333,35110912,0,0,2,0
3,88,compute,1712.613982,1713.178157,0.564175,0,0,0,0,0
3,89,trunk,1713.178159,1713.181923,0.003764,645562368,-362,1,0,0
3,89,expert,1713.246868,1713.689123,0.442254,70221824,0,0,4,0
3,89,compute,1713.181942,1713.802223,0.620280,0,0,0,0,0
3,90,trunk,1713.802225,1713.805656,0.003432,645562368,-363,1,0,0
3,90,expert,1713.859760,1714.068874,0.209113,70221824,0,0,4,0
3,90,compute,1713.805678,1714.159436,0.353759,0,0,0,0,0
3,91,trunk,1714.159438,1714.184436,0.024998,431890432,-364,1,0,0
3,91,expert,1714.223980,1714.528854,0.304873,70221824,0,0,4,0
3,91,compute,1714.184473,1714.658231,0.473759,0,0,0,0,0
3,92,trunk,1714.658234,1714.661617,0.003383,431890432,-365,1,0,0
3,92,expert,1714.691288,1714.769993,0.078705,140443648,0,0,8,0
3,92,compute,1714.661618,1714.882203,0.220585,0,0,0,0,0
4,0,trunk,1714.984234,1714.984644,0.000410,0,-365,0,0,0
4,0,compute,1714.984656,1715.103518,0.118861,0,0,0,0,0
4,1,trunk,1715.103520,1715.370534,0.267014,645562368,-365,1,0,0
4,1,expert,1715.428581,1715.870031,0.441451,228220928,0,0,13,0
4,1,compute,1715.370583,1715.982230,0.611647,0,0,0,0,0
4,2,trunk,1715.982233,1715.985554,0.003322,645562368,-366,1,0,0
4,2,expert,1716.051417,1716.343097,0.291681,157999104,0,0,9,0
4,2,compute,1715.985579,1716.485343,0.499765,0,0,0,0,0
4,3,trunk,1716.485346,1716.488886,0.003540,431890432,-367,1,0,0
4,3,expert,1716.525254,1716.976314,0.451060,175554560,0,0,10,0
4,3,compute,1716.488904,1717.107198,0.618294,0,0,0,0,0
4,4,trunk,1717.107200,1717.111118,0.003918,645562368,-368,1,0,0
4,4,expert,1717.208470,1717.560973,0.352502,122888192,0,0,7,0
4,4,compute,1717.111139,1717.691731,0.580592,0,0,0,0,0
4,5,trunk,1717.691733,1717.697373,0.005640,645562368,-369,1,0,0
4,5,expert,1717.786127,1718.242082,0.455955,157999104,0,0,9,0
4,5,compute,1717.697394,1718.370171,0.672777,0,0,0,0,0
4,6,trunk,1718.370174,1718.523617,0.153444,645562368,-370,1,0,0
4,6,expert,1718.575794,1719.004273,0.428480,245776384,0,0,14,0
4,6,compute,1718.523670,1719.103507,0.579837,0,0,0,0,0
4,7,trunk,1719.103509,1719.106915,0.003407,431890432,-371,1,0,0
4,7,expert,1719.153406,1719.884568,0.731162,245776384,0,0,14,0
4,7,compute,1719.106942,1719.979759,0.872817,0,0,0,0,0
4,8,trunk,1719.979761,1719.983146,0.003385,645562368,-372,1,0,0
4,8,expert,1720.035263,1720.777123,0.741859,193110016,0,0,11,0
4,8,compute,1719.983168,1720.890394,0.907226,0,0,0,0,0
4,9,trunk,1720.890396,1720.893823,0.003428,645562368,-373,1,0,0
4,9,expert,1720.944573,1721.661934,0.717362,175554560,0,0,10,0
4,9,compute,1720.893845,1721.786281,0.892436,0,0,0,0,0
4,10,trunk,1721.786284,1721.789916,0.003632,645562368,-374,1,0,0
4,10,expert,1721.848904,1722.339897,0.490993,140443648,0,0,8,0
4,10,compute,1721.789963,1722.432499,0.642536,0,0,0,0,0
4,11,trunk,1722.432501,1722.436089,0.003588,431890432,-375,1,0,0
4,11,expert,1722.472392,1723.094605,0.622213,105332736,0,0,6,0
4,11,compute,1722.436106,1723.214195,0.778089,0,0,0,0,0
4,12,trunk,1723.214197,1723.217599,0.003402,645562368,-376,1,0,0
4,12,expert,1723.277168,1723.875487,0.598318,193110016,0,0,11,0
4,12,compute,1723.217619,1723.968684,0.751065,0,0,0,0,0
4,13,trunk,1723.968686,1723.981032,0.012346,645562368,-377,1,0,0
4,13,expert,1724.038087,1724.668501,0.630415,157999104,0,0,9,0
4,13,compute,1723.981081,1724.759329,0.778248,0,0,0,0,0
4,14,trunk,1724.759331,1724.762688,0.003357,645562368,-378,1,0,0
4,14,expert,1724.812090,1725.338846,0.526757,228220928,0,0,13,0
4,14,compute,1724.762709,1725.490236,0.727527,0,0,0,0,0
4,15,trunk,1725.490238,1725.493863,0.003626,431890432,-379,1,0,0
4,15,expert,1725.532001,1726.219860,0.687859,175554560,0,0,10,0
4,15,compute,1725.493885,1726.355790,0.861905,0,0,0,0,0
4,16,trunk,1726.355791,1726.359165,0.003373,645562368,-380,1,0,0
4,16,expert,1726.415486,1727.019430,0.603944,175554560,0,0,10,0
4,16,compute,1726.359185,1727.134192,0.775006,0,0,0,0,0
4,17,trunk,1727.134194,1727.137855,0.003661,645562368,-381,1,0,0
4,17,expert,1727.193833,1727.844793,0.650960,175554560,0,0,10,0
4,17,compute,1727.137875,1727.935205,0.797330,0,0,0,0,0
4,18,trunk,1727.935328,1727.938709,0.003381,645562368,-382,1,0,0
4,18,expert,1727.989478,1728.534897,0.545418,193110016,0,0,11,0
4,18,compute,1727.938730,1728.670507,0.731777,0,0,0,0,0
4,19,trunk,1728.670509,1728.673986,0.003477,431890432,-383,1,0,0
4,19,expert,1728.731970,1729.336346,0.604377,175554560,0,0,10,0
4,19,compute,1728.674009,1729.427520,0.753511,0,0,0,0,0
4,20,trunk,1729.427523,1729.430891,0.003368,645562368,-384,1,0,0
4,20,expert,1729.492990,1730.121013,0.628023,175554560,0,0,10,0
4,20,compute,1729.430931,1730.234313,0.803381,0,0,0,0,0
4,21,trunk,1730.234314,1730.237784,0.003469,645562368,-385,1,0,0
4,21,expert,1730.291537,1730.993520,0.701983,193110016,0,0,11,0
4,21,compute,1730.237805,1731.104038,0.866233,0,0,0,0,0
4,22,trunk,1731.104039,1731.107344,0.003305,645562368,-386,1,0,0
4,22,expert,1731.155183,1731.668797,0.513615,175554560,0,0,10,0
4,22,compute,1731.107367,1731.862227,0.754860,0,0,0,0,0
4,23,trunk,1731.862229,1731.866022,0.003793,431890432,-387,1,0,0
4,23,expert,1731.905803,1733.079979,1.174176,157999104,0,0,9,0
4,23,compute,1731.866042,1733.335249,1.469207,0,0,0,0,0
4,24,trunk,1733.335251,1733.339562,0.004311,645562368,-388,1,0,0
4,24,expert,1733.403162,1735.024791,1.621629,157999104,0,0,9,0
4,24,compute,1733.339586,1735.326196,1.986610,0,0,0,0,0
4,25,trunk,1735.326198,1735.330875,0.004677,645562368,-389,1,0,0
4,25,expert,1735.396653,1736.084190,0.687537,193110016,0,0,11,0
4,25,compute,1735.330899,1736.211769,0.880870,0,0,0,0,0
4,26,trunk,1736.211772,1736.215490,0.003719,645562368,-390,1,0,0
4,26,expert,1736.263265,1736.782910,0.519645,210665472,0,0,12,0
4,26,compute,1736.215513,1736.914995,0.699482,0,0,0,0,0
4,27,trunk,1736.914997,1736.918866,0.003869,431890432,-391,1,0,0
4,27,expert,1736.968103,1737.585220,0.617116,210665472,0,0,12,0
4,27,compute,1736.918889,1737.702259,0.783371,0,0,0,0,0
4,28,trunk,1737.702261,1737.705917,0.003656,645562368,-392,1,0,0
4,28,expert,1737.768227,1738.417430,0.649203,210665472,0,0,12,0
4,28,compute,1737.705940,1738.558206,0.852266,0,0,0,0,0
4,29,trunk,1738.558207,1738.562475,0.004268,645562368,-393,1,0,0
4,29,expert,1738.615215,1739.339758,0.724543,210665472,0,0,12,0
4,29,compute,1738.562500,1739.490235,0.927735,0,0,0,0,0
4,30,trunk,1739.490237,1739.494444,0.004207,645562368,-394,1,0,0
4,30,expert,1739.544194,1740.041041,0.496847,157999104,0,0,9,0
4,30,compute,1739.494467,1740.148633,0.654166,0,0,0,0,0
4,31,trunk,1740.148635,1740.152326,0.003691,431890432,-395,1,0,0
4,31,expert,1740.185790,1740.863723,0.677933,157999104,0,0,9,0
4,31,compute,1740.152345,1740.986257,0.833912,0,0,0,0,0
4,32,trunk,1740.986259,1740.989682,0.003423,645562368,-396,1,0,0
4,32,expert,1741.049628,1741.710140,0.660512,193110016,0,0,11,0
4,32,compute,1740.989722,1741.811916,0.822194,0,0,0,0,0
4,33,trunk,1741.811919,1741.815258,0.003339,645562368,-397,1,0,0
4,33,expert,1741.867684,1742.603807,0.736123,175554560,0,0,10,0
4,33,compute,1741.815308,1742.726170,0.910862,0,0,0,0,0
4,34,trunk,1742.726172,1742.729548,0.003377,645562368,-398,1,0,0
4,34,expert,1742.788820,1743.294027,0.505207,175554560,0,0,10,0
4,34,compute,1742.729570,1743.486219,0.756649,0,0,0,0,0
4,35,trunk,1743.486221,1743.489682,0.003461,431890432,-399,1,0,0
4,35,expert,1743.537920,1744.235251,0.697331,175554560,0,0,10,0
4,35,compute,1743.489703,1744.386218,0.896515,0,0,0,0,0
4,36,trunk,1744.386220,1744.390210,0.003989,645562368,-400,1,0,0
4,36,expert,1744.449827,1745.156684,0.706857,193110016,0,0,11,0
4,36,compute,1744.390234,1745.274287,0.884053,0,0,0,0,0
4,37,trunk,1745.274289,1745.278048,0.003758,645562368,-401,1,0,0
4,37,expert,1745.336724,1746.036248,0.699524,193110016,0,0,11,0
4,37,compute,1745.278068,1746.146172,0.868103,0,0,0,0,0
4,38,trunk,1746.146174,1746.150033,0.003859,645562368,-402,1,0,0
4,38,expert,1746.200500,1746.654552,0.454052,140443648,0,0,8,0
4,38,compute,1746.150055,1746.760429,0.610374,0,0,0,0,0
4,39,trunk,1746.760431,1746.764969,0.004538,431890432,-403,1,0,0
4,39,expert,1746.809719,1747.483202,0.673483,157999104,0,0,9,0
4,39,compute,1746.764989,1747.606279,0.841290,0,0,0,0,0
4,40,trunk,1747.606281,1747.610147,0.003866,645562368,-404,1,0,0
4,40,expert,1747.668036,1753.934568,6.266532,193110016,0,0,11,0
4,40,compute,1747.610200,1754.122943,6.512742,0,0,0,0,0
4,41,trunk,1754.122945,1754.127848,0.004903,645562368,-405,1,0,0
4,41,expert,1754.201445,1754.634126,0.432681,140443648,0,0,8,0
4,41,compute,1754.127875,1754.758537,0.630662,0,0,0,0,0
4,42,trunk,1754.758539,1754.762447,0.003908,645562368,-406,1,0,0
4,42,expert,1754.842068,1755.485324,0.643256,122888192,0,0,7,0
4,42,compute,1754.763380,1755.719241,0.955861,0,0,0,0,0
4,43,trunk,1755.719243,1755.723524,0.004281,431890432,-407,1,0,0
4,43,expert,1755.785161,1759.508544,3.723383,105332736,0,0,6,0
4,43,compute,1755.723567,1759.615208,3.891641,0,0,0,0,0
4,44,trunk,1759.615209,1759.619682,0.004473,645562368,-408,1,0,0
4,44,expert,1759.678152,1760.161767,0.483615,175554560,0,0,10,0
4,44,compute,1759.619706,1760.283052,0.663346,0,0,0,0,0
4,45,trunk,1760.283054,1760.286713,0.003659,645562368,-409,1,0,0
4,45,expert,1760.343671,1760.808985,0.465313,122888192,0,0,7,0
4,45,compute,1760.286737,1760.922168,0.635430,0,0,0,0,0
4,46,trunk,1760.922170,1760.926617,0.004447,645562368,-410,1,0,0
4,46,expert,1760.977089,1761.310811,0.333722,157999104,0,0,9,0
4,46,compute,1760.926640,1761.406243,0.479603,0,0,0,0,0
4,47,trunk,1761.406245,1761.409905,0.003660,431890432,-411,1,0,0
4,47,expert,1761.447865,1761.930055,0.482190,157999104,0,0,9,0
4,47,compute,1761.409930,1762.058918,0.648988,0,0,0,0,0
4,48,trunk,1762.058920,1762.062842,0.003922,645562368,-412,1,0,0
4,48,expert,1762.190681,1762.586693,0.396012,157999104,0,0,9,0
4,48,compute,1762.062869,1763.170182,1.107313,0,0,0,0,0
4,49,trunk,1763.170184,1763.174918,0.004734,645562368,-413,1,0,0
4,49,expert,1763.265577,1763.754059,0.488481,193110016,0,0,11,0
4,49,compute,1763.174940,1764.708042,1.533102,0,0,0,0,0
4,50,trunk,1764.708045,1764.712264,0.004220,645562368,-414,1,0,0
4,50,expert,1764.766758,1765.090456,0.323698,122888192,0,0,7,0
4,50,compute,1764.712282,1765.730170,1.017889,0,0,0,0,0
4,51,trunk,1765.730172,1765.733983,0.003811,431890432,-415,1,0,0
4,51,expert,1765.812504,1766.268214,0.455710,157999104,0,0,9,0
4,51,compute,1765.734004,1766.464925,0.730920,0,0,0,0,0
4,52,trunk,1766.464927,1766.468708,0.003781,645562368,-416,1,0,0
4,52,expert,1766.526405,1766.992228,0.465822,175554560,0,0,10,0
4,52,compute,1766.468725,1767.111001,0.642276,0,0,0,0,0
4,53,trunk,1767.111003,1767.115940,0.004937,645562368,-417,1,0,0
4,53,expert,1767.171697,1767.635351,0.463654,157999104,0,0,9,0
4,53,compute,1767.115963,1767.752037,0.636074,0,0,0,0,0
4,54,trunk,1767.752039,1767.757943,0.005904,645562368,-418,1,0,0
4,54,expert,1767.820628,1768.148513,0.327886,140443648,0,0,8,0
4,54,compute,1767.758104,1768.286406,0.528301,0,0,0,0,0
4,55,trunk,1768.286408,1768.290074,0.003667,431890432,-419,1,0,0
4,55,expert,1768.347324,1768.821177,0.473853,105332736,0,0,6,0
4,55,compute,1768.290095,1768.978230,0.688134,0,0,0,0,0
4,56,trunk,1768.978231,1768.986263,0.008032,645562368,-420,1,0,0
4,56,expert,1769.046496,1769.517749,0.471252,140443648,0,0,8,0
4,56,compute,1768.991012,1769.628771,0.637759,0,0,0,0,0
4,57,trunk,1769.628773,1769.632510,0.003737,645562368,-421,1,0,0
4,57,expert,1769.757753,1770.155771,0.398017,157999104,0,0,9,0
4,57,compute,1769.632628,1770.247232,0.614605,0,0,0,0,0
4,58,trunk,1770.247234,1770.251096,0.003861,645562368,-422,1,0,0
4,58,expert,1770.341499,1770.647835,0.306336,157999104,0,0,9,0
4,58,compute,1770.251251,1770.823001,0.571750,0,0,0,0,0
4,59,trunk,1770.823003,1770.831809,0.008806,431890432,-423,1,0,0
4,59,expert,1770.883615,1771.329709,0.446095,122888192,0,0,7,0
4,59,compute,1770.831827,1771.631467,0.799639,0,0,0,0,0
4,60,trunk,1771.631469,1771.635168,0.003699,645562368,-424,1,0,0
4,60,expert,1771.773572,1772.220216,0.446644,193110016,0,0,11,0
4,60,compute,1771.635198,1772.323699,0.688501,0,0,0,0,0
4,61,trunk,1772.323702,1772.330709,0.007007,645562368,-425,1,0,0
4,61,expert,1772.487660,1772.774160,0.286501,140443648,0,0,8,0
4,61,compute,1772.330731,1772.888561,0.557830,0,0,0,0,0
4,62,trunk,1772.888564,1772.908272,0.019708,645562368,-426,1,0,0
4,62,expert,1773.034755,1773.311091,0.276335,140443648,0,0,8,0
4,62,compute,1772.908321,1773.417009,0.508688,0,0,0,0,0
4,63,trunk,1773.417011,1773.420688,0.003677,431890432,-427,1,0,0
4,63,expert,1773.491922,1774.026306,0.534385,193110016,0,0,11,0
4,63,compute,1773.420730,1774.123654,0.702924,0,0,0,0,0
4,64,trunk,1774.123656,1774.130503,0.006847,645562368,-428,1,0,0
4,64,expert,1774.245997,1774.712606,0.466609,175554560,0,0,10,0
4,64,compute,1774.130532,1774.804970,0.674438,0,0,0,0,0
4,65,trunk,1774.804972,1774.808659,0.003687,645562368,-429,1,0,0
4,65,expert,1774.911405,1775.362820,0.451414,157999104,0,0,9,0
4,65,compute,1774.808679,1775.461966,0.653287,0,0,0,0,0
4,66,trunk,1775.461968,1775.465435,0.003467,645562368,-430,1,0,0
4,66,expert,1775.523430,1775.870265,0.346835,122888192,0,0,7,0
4,66,compute,1775.465455,1775.994168,0.528713,0,0,0,0,0
4,67,trunk,1775.994170,1775.997565,0.003395,431890432,-431,1,0,0
4,67,expert,1776.073092,1776.530985,0.457892,105332736,0,0,6,0
4,67,compute,1775.997587,1776.654266,0.656679,0,0,0,0,0
4,68,trunk,1776.654268,1776.657735,0.003467,645562368,-432,1,0,0
4,68,expert,1776.803462,1777.201009,0.397547,140443648,0,0,8,0
4,68,compute,1776.657796,1777.366491,0.708695,0,0,0,0,0
4,69,trunk,1777.366494,1777.369936,0.003442,645562368,-433,1,0,0
4,69,expert,1777.446616,1777.853908,0.407292,122888192,0,0,7,0
4,69,compute,1777.369958,1777.980036,0.610078,0,0,0,0,0
4,70,trunk,1777.980038,1777.983466,0.003428,645562368,-434,1,0,0
4,70,expert,1778.071481,1778.344912,0.273431,122888192,0,0,7,0
4,70,compute,1777.983494,1778.474189,0.490694,0,0,0,0,0
4,71,trunk,1778.474191,1778.477932,0.003741,431890432,-435,1,0,0
4,71,expert,1778.572686,1783.613533,5.040848,140443648,0,0,8,0
4,71,compute,1778.477971,1783.733707,5.255736,0,0,0,0,0
4,72,trunk,1783.733708,1783.737102,0.003394,645562368,-436,1,0,0
4,72,expert,1783.879162,1790.657217,6.778055,175554560,0,0,10,0
4,72,compute,1783.737123,1790.752711,7.015589,0,0,0,0,0
4,73,trunk,1790.752713,1790.756348,0.003635,645562368,-437,1,0,0
4,73,expert,1790.823305,1791.337217,0.513913,175554560,0,0,10,0
4,73,compute,1790.756391,1791.454379,0.697988,0,0,0,0,0
4,74,trunk,1791.454381,1791.457816,0.003435,645562368,-438,1,0,0
4,74,expert,1791.531584,1791.848743,0.317159,105332736,0,0,6,0
4,74,compute,1791.457838,1791.960035,0.502197,0,0,0,0,0
4,75,trunk,1791.960037,1791.963526,0.003489,431890432,-439,1,0,0
4,75,expert,1792.014935,1795.044769,3.029834,70221824,0,0,4,0
4,75,compute,1791.964199,1795.142245,3.178046,0,0,0,0,0
4,76,trunk,1795.142247,1795.145640,0.003393,645562368,-440,1,0,0
4,76,expert,1795.193871,1804.094196,8.900325,157999104,0,0,9,0
4,76,compute,1795.145666,1804.196643,9.050977,0,0,0,0,0
4,77,trunk,1804.196645,1804.211040,0.014395,645562368,-441,1,0,0
4,77,expert,1804.298372,1804.784591,0.486219,105332736,0,0,6,0
4,77,compute,1804.211065,1804.876187,0.665122,0,0,0,0,0
4,78,trunk,1804.876189,1804.879501,0.003312,645562368,-442,1,0,0
4,78,expert,1804.949621,1805.293032,0.343411,140443648,0,0,8,0
4,78,compute,1804.879525,1805.382925,0.503400,0,0,0,0,0
4,79,trunk,1805.382927,1805.386422,0.003494,431890432,-443,1,0,0
4,79,expert,1805.439621,1805.789045,0.349424,122888192,0,0,7,0
4,79,compute,1805.386480,1805.910290,0.523810,0,0,0,0,0
4,80,trunk,1805.910292,1805.932108,0.021816,645562368,-444,1,0,0
4,80,expert,1806.000821,1806.367967,0.367147,140443648,0,0,8,0
4,80,compute,1805.932124,1806.462010,0.529886,0,0,0,0,0
4,81,trunk,1806.462012,1806.495329,0.033317,645562368,-445,1,0,0
4,81,expert,1806.553715,1807.065199,0.511484,175554560,0,0,10,0
4,81,compute,1806.495354,1807.186203,0.690849,0,0,0,0,0
4,82,trunk,1807.186205,1807.189567,0.003362,645562368,-446,1,0,0
4,82,expert,1807.240465,1807.586240,0.345775,140443648,0,0,8,0
4,82,compute,1807.189606,1807.706308,0.516702,0,0,0,0,0
4,83,trunk,1807.706310,1807.709751,0.003442,431890432,-447,1,0,0
4,83,expert,1807.759573,1808.289184,0.529611,175554560,0,0,10,0
4,83,compute,1807.709876,1808.412048,0.702172,0,0,0,0,0
4,84,trunk,1808.412050,1808.415362,0.003313,645562368,-448,1,0,0
4,84,expert,1808.476186,1809.017409,0.541223,175554560,0,0,10,0
4,84,compute,1808.415420,1809.150212,0.734792,0,0,0,0,0
4,85,trunk,1809.150214,1809.153731,0.003517,645562368,-449,1,0,0
4,85,expert,1809.217946,1809.747411,0.529465,175554560,0,0,10,0
4,85,compute,1809.153751,1809.842798,0.689047,0,0,0,0,0
4,86,trunk,1809.842800,1809.846244,0.003443,645562368,-450,1,0,0
4,86,expert,1809.899504,1810.301813,0.402308,193110016,0,0,11,0
4,86,compute,1809.846263,1810.675888,0.829625,0,0,0,0,0
4,87,trunk,1810.675890,1810.679354,0.003464,431890432,-451,1,0,0
4,87,expert,1810.729844,1811.213958,0.484114,122888192,0,0,7,0
4,87,compute,1810.679376,1811.336075,0.656698,0,0,0,0,0
4,88,trunk,1811.336077,1811.339391,0.003314,645562368,-452,1,0,0
4,88,expert,1811.402313,1811.805976,0.403663,157999104,0,0,9,0
4,88,compute,1811.339432,1811.918181,0.578749,0,0,0,0,0
4,89,trunk,1811.918183,1811.931432,0.013249,645562368,-453,1,0,0
4,89,expert,1811.987823,1812.463502,0.475678,87777280,0,0,5,0
4,89,compute,1811.931486,1812.574166,0.642680,0,0,0,0,0
4,90,trunk,1812.574168,1812.577528,0.003360,645562368,-454,1,0,0
4,90,expert,1812.633548,1812.968578,0.335030,122888192,0,0,7,0
4,90,compute,1812.577552,1813.086218,0.508666,0,0,0,0,0
4,91,trunk,1813.086220,1813.090387,0.004167,431890432,-455,1,0,0
4,91,expert,1813.135765,1813.500753,0.364988,157999104,0,0,9,0
4,91,compute,1813.090915,1813.626215,0.535300,0,0,0,0,0
4,92,trunk,1813.626217,1813.629667,0.003450,431890432,-456,1,0,0
4,92,expert,1813.670280,1813.848158,0.177877,245776384,0,0,14,0
4,92,compute,1813.629669,1813.942438,0.312769,0,0,0,0,0
5,0,trunk,1814.048437,1814.048888,0.000451,0,-456,0,0,0
5,0,compute,1814.048901,1814.178846,0.129945,0,0,0,0,0
5,1,trunk,1814.178848,1814.445283,0.266435,645562368,-456,1,0,0
5,1,expert,1814.509446,1814.906688,0.397242,122888192,0,0,7,0
5,1,compute,1814.445344,1814.999142,0.553798,0,0,0,0,0
5,2,trunk,1814.999144,1815.002531,0.003387,645562368,-457,1,0,0
5,2,expert,1815.066089,1815.344934,0.278845,157999104,0,0,9,0
5,2,compute,1815.002564,1815.462209,0.459645,0,0,0,0,0
5,3,trunk,1815.462211,1815.465906,0.003695,431890432,-458,1,0,0
5,3,expert,1815.509548,1815.972026,0.462478,70221824,0,0,4,0
5,3,compute,1815.465932,1816.069016,0.603084,0,0,0,0,0
5,4,trunk,1816.069018,1816.072633,0.003616,645562368,-459,1,0,0
5,4,expert,1816.128094,1816.795622,0.667528,157999104,0,0,9,0
5,4,compute,1816.072652,1816.914201,0.841549,0,0,0,0,0
5,5,trunk,1816.914203,1816.917591,0.003388,645562368,-460,1,0,0
5,5,expert,1816.978459,1817.599664,0.621205,105332736,0,0,6,0
5,5,compute,1816.917612,1817.710170,0.792558,0,0,0,0,0
5,6,trunk,1817.710172,1817.713556,0.003384,645562368,-461,1,0,0
5,6,expert,1817.765342,1818.269014,0.503673,228220928,0,0,13,0
5,6,compute,1817.713577,1818.391033,0.677456,0,0,0,0,0
5,7,trunk,1818.391035,1818.394745,0.003710,431890432,-462,1,0,0
5,7,expert,1818.437648,1819.121952,0.684304,157999104,0,0,9,0
5,7,compute,1818.394768,1819.242696,0.847928,0,0,0,0,0
5,8,trunk,1819.242698,1819.246099,0.003401,645562368,-463,1,0,0
5,8,expert,1819.302503,1820.026717,0.724214,157999104,0,0,9,0
5,8,compute,1819.246127,1820.124091,0.877964,0,0,0,0,0
5,9,trunk,1820.124093,1820.127478,0.003385,645562368,-464,1,0,0
5,9,expert,1820.186547,1820.883716,0.697170,140443648,0,0,8,0
5,9,compute,1820.127502,1820.977294,0.849792,0,0,0,0,0
5,10,trunk,1820.977296,1820.981126,0.003830,645562368,-465,1,0,0
5,10,expert,1821.031567,1821.473688,0.442121,70221824,0,0,4,0
5,10,compute,1820.981149,1821.571965,0.590815,0,0,0,0,0
5,11,trunk,1821.571967,1821.576787,0.004820,431890432,-466,1,0,0
5,11,expert,1821.617146,1822.271029,0.653883,105332736,0,0,6,0
5,11,compute,1821.576807,1822.383029,0.806223,0,0,0,0,0
5,12,trunk,1822.383031,1822.386778,0.003747,645562368,-467,1,0,0
5,12,expert,1822.444177,1823.058228,0.614051,87777280,0,0,5,0
5,12,compute,1822.386799,1823.174277,0.787478,0,0,0,0,0
5,13,trunk,1823.174279,1823.178621,0.004342,645562368,-468,1,0,0
5,13,expert,1823.229304,1823.898765,0.669461,157999104,0,0,9,0
5,13,compute,1823.178648,1824.093026,0.914378,0,0,0,0,0
5,14,trunk,1824.093028,1824.096720,0.003692,645562368,-469,1,0,0
5,14,expert,1824.147655,1824.644956,0.497302,157999104,0,0,9,0
5,14,compute,1824.096740,1824.762227,0.665487,0,0,0,0,0
5,15,trunk,1824.762229,1824.766368,0.004138,431890432,-470,1,0,0
5,15,expert,1824.810648,1825.415747,0.605099,157999104,0,0,9,0
5,15,compute,1824.766390,1825.517076,0.750687,0,0,0,0,0
5,16,trunk,1825.517079,1825.520890,0.003811,645562368,-471,1,0,0
5,16,expert,1825.581995,1826.187190,0.605195,157999104,0,0,9,0
5,16,compute,1825.520910,1826.306321,0.785411,0,0,0,0,0
5,17,trunk,1826.306323,1826.310949,0.004626,645562368,-472,1,0,0
5,17,expert,1826.367737,1826.914122,0.546385,140443648,0,0,8,0
5,17,compute,1826.310975,1827.010315,0.699340,0,0,0,0,0
5,18,trunk,1827.010317,1827.025939,0.015622,645562368,-473,1,0,0
5,18,expert,1827.078040,1827.561462,0.483422,105332736,0,0,6,0
5,18,compute,1827.025992,1827.682914,0.656922,0,0,0,0,0
5,19,trunk,1827.682915,1827.686474,0.003559,431890432,-474,1,0,0
5,19,expert,1827.733237,1828.332423,0.599185,140443648,0,0,8,0
5,19,compute,1827.686495,1828.425276,0.738781,0,0,0,0,0
5,20,trunk,1828.425278,1828.429229,0.003951,645562368,-475,1,0,0
5,20,expert,1828.484307,1829.058672,0.574365,87777280,0,0,5,0
5,20,compute,1828.429252,1829.166173,0.736921,0,0,0,0,0
5,21,trunk,1829.166174,1829.169818,0.003644,645562368,-476,1,0,0
5,21,expert,1829.222313,1829.875074,0.652761,105332736,0,0,6,0
5,21,compute,1829.169837,1829.994154,0.824317,0,0,0,0,0
5,22,trunk,1829.994156,1829.998275,0.004120,645562368,-477,1,0,0
5,22,expert,1830.047990,1830.529295,0.481305,122888192,0,0,7,0
5,22,compute,1829.998297,1830.621060,0.622763,0,0,0,0,0
5,23,trunk,1830.621150,1830.626385,0.005235,431890432,-478,1,0,0
5,23,expert,1830.692925,1831.218366,0.525441,52666368,0,0,3,0
5,23,compute,1830.626406,1831.797889,1.171483,0,0,0,0,0
5,24,trunk,1831.797891,1831.801765,0.003874,645562368,-479,1,0,0
5,24,expert,1831.885950,1832.668922,0.782972,228220928,0,0,13,0
5,24,compute,1831.801786,1832.922436,1.120650,0,0,0,0,0
5,25,trunk,1832.922438,1832.926570,0.004132,645562368,-480,1,0,0
5,25,expert,1833.022191,1833.711280,0.689089,210665472,0,0,12,0
5,25,compute,1832.926594,1833.854804,0.928210,0,0,0,0,0
5,26,trunk,1833.854806,1833.873128,0.018322,645562368,-481,1,0,0
5,26,expert,1833.973662,1834.390126,0.416464,122888192,0,0,7,0
5,26,compute,1833.873192,1834.542545,0.669354,0,0,0,0,0
5,27,trunk,1834.542548,1834.558848,0.016300,431890432,-482,1,0,0
5,27,expert,1834.781812,1835.281753,0.499941,193110016,0,0,11,0
5,27,compute,1834.558909,1838.063000,3.504091,0,0,0,0,0
5,28,trunk,1838.063003,1838.068269,0.005266,645562368,-483,1,0,0
5,28,expert,1838.192264,1838.598678,0.406414,228220928,0,0,13,0
5,28,compute,1838.068305,1838.724073,0.655769,0,0,0,0,0
5,29,trunk,1838.724076,1838.729321,0.005245,645562368,-484,1,0,0
5,29,expert,1838.809255,1842.238523,3.429267,175554560,0,0,10,0
5,29,compute,1838.729343,1842.386618,3.657275,0,0,0,0,0
5,30,trunk,1842.386620,1842.392138,0.005518,645562368,-485,1,0,0
5,30,expert,1842.457035,1842.797629,0.340594,157999104,0,0,9,0
5,30,compute,1842.392172,1842.918511,0.526339,0,0,0,0,0
5,31,trunk,1842.918513,1842.923341,0.004828,431890432,-486,1,0,0
5,31,expert,1842.974693,1843.472677,0.497984,105332736,0,0,6,0
5,31,compute,1842.923361,1843.598330,0.674968,0,0,0,0,0
5,32,trunk,1843.598332,1843.601885,0.003553,645562368,-487,1,0,0
5,32,expert,1843.656421,1844.155049,0.498628,122888192,0,0,7,0
5,32,compute,1843.601907,1844.261581,0.659674,0,0,0,0,0
5,33,trunk,1844.261583,1844.265964,0.004381,645562368,-488,1,0,0
5,33,expert,1844.318597,1844.812187,0.493590,70221824,0,0,4,0
5,33,compute,1844.266000,1844.912058,0.646059,0,0,0,0,0
5,34,trunk,1844.912061,1844.915470,0.003409,645562368,-489,1,0,0
5,34,expert,1844.967175,1845.343134,0.375959,157999104,0,0,9,0
5,34,compute,1844.915499,1845.467018,0.551520,0,0,0,0,0
5,35,trunk,1845.467021,1845.470256,0.003235,431890432,-490,1,0,0
5,35,expert,1845.507955,1846.035043,0.527088,105332736,0,0,6,0
5,35,compute,1845.470272,1846.322199,0.851926,0,0,0,0,0
5,36,trunk,1846.322201,1846.326254,0.004053,645562368,-491,1,0,0
5,36,expert,1846.385389,1846.919979,0.534591,157999104,0,0,9,0
5,36,compute,1846.326277,1847.183964,0.857687,0,0,0,0,0
5,37,trunk,1847.183966,1847.187650,0.003685,645562368,-492,1,0,0
5,37,expert,1847.241805,1847.732302,0.490496,140443648,0,0,8,0
5,37,compute,1847.187673,1847.850784,0.663111,0,0,0,0,0
5,38,trunk,1847.850786,1847.854475,0.003689,645562368,-493,1,0,0
5,38,expert,1847.900890,1848.240126,0.339236,122888192,0,0,7,0
5,38,compute,1847.854497,1848.394315,0.539818,0,0,0,0,0
5,39,trunk,1848.394317,1848.398679,0.004362,431890432,-494,1,0,0
5,39,expert,1848.443312,1848.976174,0.532862,157999104,0,0,9,0
5,39,compute,1848.398707,1849.102210,0.703503,0,0,0,0,0
5,40,trunk,1849.102212,1849.106184,0.003972,645562368,-495,1,0,0
5,40,expert,1849.156975,1849.621472,0.464497,122888192,0,0,7,0
5,40,compute,1849.106207,1849.742195,0.635989,0,0,0,0,0
5,41,trunk,1849.742198,1849.746162,0.003964,645562368,-496,1,0,0
5,41,expert,1849.805704,1850.267931,0.462227,105332736,0,0,6,0
5,41,compute,1849.746206,1850.418164,0.671958,0,0,0,0,0
5,42,trunk,1850.418165,1850.421885,0.003720,645562368,-497,1,0,0
5,42,expert,1850.470514,1850.809737,0.339223,105332736,0,0,6,0
5,42,compute,1850.421908,1850.938201,0.516293,0,0,0,0,0
5,43,trunk,1850.938204,1850.941603,0.003399,431890432,-498,1,0,0
5,43,expert,1850.984614,1851.279106,0.294492,122888192,0,0,7,0
5,43,compute,1850.941631,1851.394194,0.452563,0,0,0,0,0
5,44,trunk,1851.394196,1851.470225,0.076029,645562368,-499,1,0,0
5,44,expert,1851.524517,1852.051776,0.527259,157999104,0,0,9,0
5,44,compute,1851.470286,1852.222314,0.752028,0,0,0,0,0
5,45,trunk,1852.222316,1852.225776,0.003460,645562368,-500,1,0,0
5,45,expert,1852.277976,1852.568267,0.290291,122888192,0,0,7,0
5,45,compute,1852.225802,1852.673011,0.447209,0,0,0,0,0
5,46,trunk,1852.673013,1852.789183,0.116170,645562368,-501,1,0,0
5,46,expert,1852.841353,1853.168337,0.326984,87777280,0,0,5,0
5,46,compute,1852.789237,1853.277553,0.488315,0,0,0,0,0
5,47,trunk,1853.277554,1853.281144,0.003590,431890432,-502,1,0,0
5,47,expert,1853.315817,1853.689956,0.374140,140443648,0,0,8,0
5,47,compute,1853.281244,1853.815046,0.533802,0,0,0,0,0
5,48,trunk,1853.815048,1853.848838,0.033790,645562368,-503,1,0,0
5,48,expert,1853.914118,1854.423472,0.509354,175554560,0,0,10,0
5,48,compute,1853.848895,1854.523444,0.674549,0,0,0,0,0
5,49,trunk,1854.523445,1854.526902,0.003457,645562368,-504,1,0,0
5,49,expert,1854.582575,1855.141791,0.559216,210665472,0,0,12,0
5,49,compute,1854.526931,1855.258808,0.731877,0,0,0,0,0
5,50,trunk,1855.258810,1855.262288,0.003478,645562368,-505,1,0,0
5,50,expert,1855.314332,1855.698453,0.384122,157999104,0,0,9,0
5,50,compute,1855.262315,1855.842987,0.580672,0,0,0,0,0
5,51,trunk,1855.842989,1855.846499,0.003510,431890432,-506,1,0,0
5,51,expert,1855.905204,1856.446343,0.541139,210665472,0,0,12,0
5,51,compute,1855.846522,1856.555407,0.708884,0,0,0,0,0
5,52,trunk,1856.555408,1856.558890,0.003481,645562368,-507,1,0,0
5,52,expert,1856.616966,1857.100502,0.483536,122888192,0,0,7,0
5,52,compute,1856.558912,1857.218249,0.659337,0,0,0,0,0
5,53,trunk,1857.218250,1857.221606,0.003356,645562368,-508,1,0,0
5,53,expert,1857.283272,1857.807780,0.524508,210665472,0,0,12,0
5,53,compute,1857.221628,1857.909652,0.688024,0,0,0,0,0
5,54,trunk,1857.909655,1857.913018,0.003364,645562368,-509,1,0,0
5,54,expert,1857.965709,1858.361693,0.395984,175554560,0,0,10,0
5,54,compute,1857.913039,1858.464442,0.551403,0,0,0,0,0
5,55,trunk,1858.464444,1858.467821,0.003377,431890432,-510,1,0,0
5,55,expert,1858.501605,1859.064211,0.562606,210665472,0,0,12,0
5,55,expert,1859.064645,1859.271872,0.207227,17547264,0,1,0,0
5,55,compute,1858.467850,1859.363197,0.895347,0,0,0,0,0
5,56,trunk,1859.363199,1859.366595,0.003397,645562368,-511,1,0,0
5,56,expert,1859.425222,1859.940325,0.515103,193110016,0,0,11,0
5,56,expert,1859.940823,1860.130570,0.189747,17547264,0,1,0,0
5,56,compute,1859.366623,1860.221206,0.854582,0,0,0,0,0
5,57,trunk,1860.221208,1860.224556,0.003348,645562368,-512,1,0,0
5,57,expert,1860.277816,1860.856034,0.578218,263331840,0,0,15,0
5,57,compute,1860.224574,1860.974162,0.749588,0,0,0,0,0
5,58,trunk,1860.974164,1860.977572,0.003408,645562368,-513,1,0,0
5,58,expert,1861.026445,1861.362140,0.335695,157999104,0,0,9,0
5,58,compute,1860.977623,1861.482176,0.504554,0,0,0,0,0
5,59,trunk,1861.482178,1861.485582,0.003404,431890432,-514,1,0,0
5,59,expert,1861.530638,1862.010092,0.479454,105332736,0,0,6,0
5,59,compute,1861.485604,1862.170162,0.684559,0,0,0,0,0
5,60,trunk,1862.170165,1862.173477,0.003313,645562368,-515,1,0,0
5,60,expert,1862.238488,1862.779396,0.540908,193110016,0,0,11,0
5,60,compute,1862.173498,1862.890174,0.716676,0,0,0,0,0
5,61,trunk,1862.890176,1862.893561,0.003385,645562368,-516,1,0,0
5,61,expert,1862.950296,1863.511467,0.561171,210665472,0,0,12,0
5,61,compute,1862.893580,1863.658323,0.764742,0,0,0,0,0
5,62,trunk,1863.658324,1863.661318,0.002994,645562368,-517,1,0,0
5,62,expert,1863.710149,1864.075769,0.365621,175554560,0,0,10,0
5,62,compute,1863.661339,1864.171148,0.509809,0,0,0,0,0
5,63,trunk,1864.171151,1864.174642,0.003492,431890432,-518,1,0,0
5,63,expert,1864.212490,1864.771451,0.558962,210665472,0,0,12,0
5,63,compute,1864.174666,1864.890210,0.715544,0,0,0,0,0
5,64,trunk,1864.890211,1864.893737,0.003525,645562368,-519,1,0,0
5,64,expert,1864.951213,1865.455552,0.504339,157999104,0,0,9,0
5,64,compute,1864.893757,1865.551508,0.657750,0,0,0,0,0
5,65,trunk,1865.551510,1865.555065,0.003555,645562368,-520,1,0,0
5,65,expert,1865.611395,1866.260900,0.649505,175554560,0,0,10,0
5,65,compute,1865.555086,1866.382271,0.827185,0,0,0,0,0
5,66,trunk,1866.382273,1866.385615,0.003341,645562368,-521,1,0,0
5,66,expert,1866.437529,1866.908937,0.471408,122888192,0,0,7,0
5,66,compute,1866.385643,1867.026199,0.640557,0,0,0,0,0
5,67,trunk,1867.026202,1867.029626,0.003425,431890432,-522,1,0,0
5,67,expert,1867.064457,1867.797547,0.733090,210665472,0,0,12,0
5,67,compute,1867.029646,1867.914291,0.884645,0,0,0,0,0
5,68,trunk,1867.914293,1867.918114,0.003821,645562368,-523,1,0,0
5,68,expert,1867.973796,1868.669414,0.695617,245776384,0,0,14,0
5,68,compute,1867.918158,1868.790164,0.872007,0,0,0,0,0
5,69,trunk,1868.790166,1868.793739,0.003573,645562368,-524,1,0,0
5,69,expert,1868.887656,1869.546271,0.658615,157999104,0,0,9,0
5,69,compute,1868.793791,1869.645025,0.851234,0,0,0,0,0
5,70,trunk,1869.645028,1869.648349,0.003321,645562368,-525,1,0,0
5,70,expert,1869.699060,1870.155423,0.456363,122888192,0,0,7,0
5,70,compute,1869.648368,1870.278226,0.629859,0,0,0,0,0
5,71,trunk,1870.278316,1870.281658,0.003342,431890432,-526,1,0,0
5,71,expert,1870.322283,1872.348205,2.025921,140443648,0,0,8,0
5,71,compute,1870.281677,1872.450771,2.169094,0,0,0,0,0
5,72,trunk,1872.450773,1873.416155,0.965382,645562368,-527,1,0,0
5,72,expert,1873.463396,1881.527263,8.063867,157999104,0,0,9,0
5,72,compute,1873.416189,1881.642210,8.226021,0,0,0,0,0
5,73,trunk,1881.642216,1883.447168,1.804952,645562368,-528,1,0,0
5,73,expert,1883.511834,1884.218892,0.707059,175554560,0,0,10,0
5,73,compute,1883.447228,1884.330174,0.882946,0,0,0,0,0
5,74,trunk,1884.330176,1884.333524,0.003348,645562368,-529,1,0,0
5,74,expert,1884.389215,1884.821323,0.432108,87777280,0,0,5,0
5,74,compute,1884.333544,1884.938224,0.604680,0,0,0,0,0
5,75,trunk,1884.938226,1884.941662,0.003436,431890432,-530,1,0,0
5,75,expert,1884.977969,1885.629926,0.651957,105332736,0,0,6,0
5,75,compute,1884.941700,1885.746640,0.804941,0,0,0,0,0
5,76,trunk,1885.746642,1885.750083,0.003441,645562368,-531,1,0,0
5,76,expert,1885.814206,1886.445722,0.631515,140443648,0,0,8,0
5,76,compute,1885.750106,1886.584198,0.834092,0,0,0,0,0
5,77,trunk,1886.584200,1886.587881,0.003682,645562368,-532,1,0,0
5,77,expert,1886.652467,1887.307788,0.655320,122888192,0,0,7,0
5,77,compute,1886.587922,1887.402600,0.814678,0,0,0,0,0
5,78,trunk,1887.402602,1887.406108,0.003506,645562368,-533,1,0,0
5,78,expert,1887.463907,1887.967900,0.503993,175554560,0,0,10,0
5,78,compute,1887.406130,1888.061364,0.655234,0,0,0,0,0
5,79,trunk,1888.061365,1888.064818,0.003453,431890432,-534,1,0,0
5,79,expert,1888.104634,1888.744376,0.639742,122888192,0,0,7,0
5,79,compute,1888.064842,1888.850163,0.785322,0,0,0,0,0
5,80,trunk,1888.850166,1888.853777,0.003612,645562368,-535,1,0,0
5,80,expert,1888.915462,1889.371944,0.456481,157999104,0,0,9,0
5,80,compute,1888.853802,1889.473333,0.619531,0,0,0,0,0
5,81,trunk,1889.473335,1889.605014,0.131679,645562368,-536,1,0,0
5,81,expert,1889.667398,1890.236932,0.569535,175554560,0,0,10,0
5,81,compute,1889.605061,1890.354189,0.749128,0,0,0,0,0
5,82,trunk,1890.354191,1890.385279,0.031088,645562368,-537,1,0,0
5,82,expert,1890.437536,1890.950893,0.513357,175554560,0,0,10,0
5,82,compute,1890.385328,1891.063033,0.677705,0,0,0,0,0
5,83,trunk,1891.063035,1891.066702,0.003667,431890432,-538,1,0,0
5,83,expert,1891.107025,1891.828214,0.721189,175554560,0,0,10,0
5,83,compute,1891.066725,1891.925510,0.858786,0,0,0,0,0
5,84,trunk,1891.925512,1891.928968,0.003456,645562368,-539,1,0,0
5,84,expert,1891.984132,1892.708739,0.724606,193110016,0,0,11,0
5,84,compute,1891.928989,1892.801382,0.872394,0,0,0,0,0
5,85,trunk,1892.801384,1892.804893,0.003508,645562368,-540,1,0,0
5,85,expert,1892.860106,1893.516156,0.656051,140443648,0,0,8,0
5,85,compute,1892.804912,1893.626375,0.821463,0,0,0,0,0
5,86,trunk,1893.626376,1893.629743,0.003366,645562368,-541,1,0,0
5,86,expert,1893.699463,1894.189273,0.489810,175554560,0,0,10,0
5,86,compute,1893.629764,1894.308040,0.678276,0,0,0,0,0
5,87,trunk,1894.308042,1894.311469,0.003427,431890432,-542,1,0,0
5,87,expert,1894.349688,1895.000562,0.650874,140443648,0,0,8,0
5,87,compute,1894.311489,1895.099250,0.787761,0,0,0,0,0
5,88,trunk,1895.099252,1895.102608,0.003356,645562368,-543,1,0,0
5,88,expert,1895.162461,1895.846183,0.683722,175554560,0,0,10,0
5,88,compute,1895.102629,1895.943261,0.840632,0,0,0,0,0
5,89,trunk,1895.943263,1895.946691,0.003428,645562368,-544,1,0,0
5,89,expert,1896.002149,1896.678547,0.676398,122888192,0,0,7,0
5,89,compute,1895.946714,1896.779091,0.832378,0,0,0,0,0
5,90,trunk,1896.779093,1896.782540,0.003447,645562368,-545,1,0,0
5,90,expert,1896.832457,1897.304578,0.472121,140443648,0,0,8,0
5,90,compute,1896.782562,1897.405781,0.623219,0,0,0,0,0
5,91,trunk,1897.405784,1897.409294,0.003510,431890432,-546,1,0,0
5,91,expert,1897.449003,1897.903036,0.454032,122888192,0,0,7,0
5,91,compute,1897.409314,1898.022303,0.612989,0,0,0,0,0
5,92,trunk,1898.022306,1898.026330,0.004025,431890432,-547,1,0,0
5,92,expert,1898.080960,1898.225923,0.144963,175554560,0,0,10,0
5,92,compute,1898.026332,1898.359002,0.332671,0,0,0,0,0
6,0,trunk,1898.465047,1898.465098,0.000052,0,-547,0,0,0
6,0,compute,1898.465113,1898.590627,0.125514,0,0,0,0,0
6,1,trunk,1898.590629,1899.036518,0.445889,645562368,-547,1,0,0
6,1,expert,1899.161680,1899.759136,0.597456,210665472,0,0,12,0
6,1,compute,1899.036558,1899.875110,0.838552,0,0,0,0,0
6,2,trunk,1899.875111,1899.878538,0.003427,645562368,-548,1,0,0
6,2,expert,1899.927979,1900.403829,0.475850,175554560,0,0,10,0
6,2,compute,1899.878559,1900.568977,0.690418,0,0,0,0,0
6,3,trunk,1900.568979,1900.572627,0.003648,431890432,-549,1,0,0
6,3,expert,1900.605955,1901.261887,0.655932,122888192,0,0,7,0
6,3,compute,1900.572646,1901.398276,0.825630,0,0,0,0,0
6,4,trunk,1901.398278,1901.401700,0.003422,645562368,-550,1,0,0
6,4,expert,1901.457571,1902.124315,0.666744,157999104,0,0,9,0
6,4,compute,1901.401720,1902.246206,0.844486,0,0,0,0,0
6,5,trunk,1902.246208,1902.249607,0.003398,645562368,-551,1,0,0
6,5,expert,1902.311385,1902.889962,0.578577,87777280,0,0,5,0
6,5,compute,1902.249627,1903.010199,0.760572,0,0,0,0,0
6,6,trunk,1903.010201,1903.013731,0.003530,645562368,-552,1,0,0
6,6,expert,1903.066132,1903.579493,0.513361,228220928,0,0,13,0
6,6,compute,1903.013752,1903.698198,0.684446,0,0,0,0,0
6,7,trunk,1903.698200,1903.701610,0.003410,431890432,-553,1,0,0
6,7,expert,1903.740484,1904.410046,0.669562,193110016,0,0,11,0
6,7,compute,1903.701636,1904.507299,0.805663,0,0,0,0,0
6,8,trunk,1904.507301,1904.510840,0.003539,645562368,-554,1,0,0
6,8,expert,1904.567493,1905.284339,0.716846,157999104,0,0,9,0
6,8,compute,1904.510864,1905.398196,0.887332,0,0,0,0,0
6,9,trunk,1905.398198,1905.401590,0.003392,645562368,-555,1,0,0
6,9,expert,1905.454815,1905.864250,0.409435,140443648,0,0,8,0
6,9,compute,1905.401610,1905.982696,0.581086,0,0,0,0,0
6,10,trunk,1905.982698,1906.157321,0.174623,645562368,-556,1,0,0
6,10,expert,1906.206182,1906.699219,0.493037,122888192,0,0,7,0
6,10,compute,1906.157378,1906.818182,0.660805,0,0,0,0,0
6,11,trunk,1906.818185,1906.821410,0.003226,431890432,-557,1,0,0
6,11,expert,1906.872883,1907.561169,0.688286,157999104,0,0,9,0
6,11,compute,1906.821429,1907.682258,0.860829,0,0,0,0,0
6,12,trunk,1907.682260,1907.685728,0.003469,645562368,-558,1,0,0
6,12,expert,1907.740551,1908.315161,0.574610,193110016,0,0,11,0
6,12,compute,1907.685776,1908.438190,0.752413,0,0,0,0,0
6,13,trunk,1908.438192,1908.450805,0.012613,645562368,-559,1,0,0
6,13,expert,1908.506460,1909.116647,0.610187,193110016,0,0,11,0
6,13,compute,1908.450880,1909.213093,0.762212,0,0,0,0,0
6,14,trunk,1909.213094,1909.216468,0.003374,645562368,-560,1,0,0
6,14,expert,1909.267338,1909.817385,0.550047,228220928,0,0,13,0
6,14,compute,1909.216485,1909.930481,0.713996,0,0,0,0,0
6,15,trunk,1909.930482,1909.933890,0.003408,431890432,-561,1,0,0
6,15,expert,1909.973821,1910.676022,0.702201,193110016,0,0,11,0
6,15,compute,1909.933925,1910.793022,0.859097,0,0,0,0,0
6,16,trunk,1910.793024,1910.796464,0.003440,645562368,-562,1,0,0
6,16,expert,1910.854518,1911.458548,0.604030,157999104,0,0,9,0
6,16,compute,1910.796483,1911.590299,0.793817,0,0,0,0,0
6,17,trunk,1911.590301,1911.594388,0.004086,645562368,-563,1,0,0
6,17,expert,1911.651991,1912.201287,0.549296,140443648,0,0,8,0
6,17,compute,1911.594430,1912.291038,0.696608,0,0,0,0,0
6,18,trunk,1912.291040,1912.294804,0.003764,645562368,-564,1,0,0
6,18,expert,1912.343501,1912.874126,0.530625,157999104,0,0,9,0
6,18,compute,1912.294849,1912.998587,0.703738,0,0,0,0,0
6,19,trunk,1912.998589,1913.001976,0.003387,431890432,-565,1,0,0
6,19,expert,1913.047868,1913.687603,0.639735,193110016,0,0,11,0
6,19,compute,1913.002004,1913.783786,0.781783,0,0,0,0,0
6,20,trunk,1913.783789,1913.787195,0.003406,645562368,-566,1,0,0
6,20,expert,1913.848051,1914.336418,0.488367,157999104,0,0,9,0
6,20,compute,1913.787216,1914.430626,0.643410,0,0,0,0,0
6,21,trunk,1914.430628,1914.614635,0.184006,645562368,-567,1,0,0
6,21,expert,1914.669466,1915.347069,0.677603,157999104,0,0,9,0
6,21,compute,1914.614692,1915.470208,0.855516,0,0,0,0,0
6,22,trunk,1915.470210,1915.473693,0.003483,645562368,-568,1,0,0
6,22,expert,1915.524947,1916.016783,0.491835,140443648,0,0,8,0
6,22,compute,1915.473716,1916.142229,0.668513,0,0,0,0,0
6,23,trunk,1916.142231,1916.146069,0.003838,431890432,-569,1,0,0
6,23,expert,1916.182068,1916.681673,0.499605,87777280,0,0,5,0
6,23,compute,1916.146093,1916.954255,0.808162,0,0,0,0,0
6,24,trunk,1916.954257,1916.957608,0.003350,645562368,-570,1,0,0
6,24,expert,1917.013154,1917.810373,0.797219,228220928,0,0,13,0
6,24,compute,1916.957628,1917.903741,0.946113,0,0,0,0,0
6,25,trunk,1917.903743,1917.907404,0.003661,645562368,-571,1,0,0
6,25,expert,1917.961306,1918.662135,0.700829,175554560,0,0,10,0
6,25,compute,1917.907433,1918.778220,0.870787,0,0,0,0,0
6,26,trunk,1918.778222,1918.781567,0.003345,645562368,-572,1,0,0
6,26,expert,1918.832289,1919.314833,0.482544,157999104,0,0,9,0
6,26,compute,1918.781663,1919.404925,0.623262,0,0,0,0,0
6,27,trunk,1919.405285,1919.408867,0.003582,431890432,-573,1,0,0
6,27,expert,1919.448267,1920.108078,0.659811,193110016,0,0,11,0
6,27,compute,1919.408887,1920.204448,0.795561,0,0,0,0,0
6,28,trunk,1920.204450,1920.207759,0.003308,645562368,-574,1,0,0
6,28,expert,1920.263760,1920.904228,0.640467,193110016,0,0,11,0
6,28,compute,1920.207789,1920.998454,0.790665,0,0,0,0,0
6,29,trunk,1920.998456,1921.001832,0.003376,645562368,-575,1,0,0
6,29,expert,1921.058116,1921.759878,0.701762,193110016,0,0,11,0
6,29,compute,1921.001854,1921.851123,0.849269,0,0,0,0,0
6,30,trunk,1921.851126,1921.854771,0.003645,645562368,-576,1,0,0
6,30,expert,1921.911049,1922.328393,0.417344,140443648,0,0,8,0
6,30,compute,1921.854813,1922.438189,0.583375,0,0,0,0,0
6,31,trunk,1922.438191,1922.441621,0.003430,431890432,-577,1,0,0
6,31,expert,1922.480060,1923.151881,0.671820,157999104,0,0,9,0
6,31,compute,1922.441684,1923.245676,0.803992,0,0,0,0,0
6,32,trunk,1923.245678,1923.249057,0.003379,645562368,-578,1,0,0
6,32,expert,1923.301916,1923.944539,0.642623,122888192,0,0,7,0
6,32,compute,1923.249077,1924.037306,0.788229,0,0,0,0,0
6,33,trunk,1924.037309,1924.040680,0.003371,645562368,-579,1,0,0
6,33,expert,1924.090296,1924.812761,0.722465,140443648,0,0,8,0
6,33,compute,1924.040698,1924.901432,0.860734,0,0,0,0,0
6,34,trunk,1924.901434,1924.904897,0.003463,645562368,-580,1,0,0
6,34,expert,1924.961335,1925.316224,0.354889,157999104,0,0,9,0
6,34,compute,1924.904926,1925.406551,0.501626,0,0,0,0,0
6,35,trunk,1925.406554,1925.458969,0.052414,431890432,-581,1,0,0
6,35,expert,1925.494766,1926.165316,0.670550,122888192,0,0,7,0
6,35,compute,1925.459036,1926.291486,0.832450,0,0,0,0,0
6,36,trunk,1926.291488,1926.295048,0.003560,645562368,-582,1,0,0
6,36,expert,1926.352204,1926.956273,0.604070,175554560,0,0,10,0
6,36,compute,1926.295071,1927.070243,0.775172,0,0,0,0,0
6,37,trunk,1927.070245,1927.073644,0.003399,645562368,-583,1,0,0
6,37,expert,1927.123424,1927.844586,0.721162,140443648,0,0,8,0
6,37,compute,1927.073667,1927.969766,0.896100,0,0,0,0,0
6,38,trunk,1927.969769,1927.973147,0.003379,645562368,-584,1,0,0
6,38,expert,1928.034053,1928.469798,0.435745,175554560,0,0,10,0
6,38,compute,1927.973169,1928.582280,0.609111,0,0,0,0,0
6,39,trunk,1928.582282,1928.585792,0.003510,431890432,-585,1,0,0
6,39,expert,1928.634055,1929.312636,0.678581,157999104,0,0,9,0
6,39,compute,1928.585813,1929.407186,0.821374,0,0,0,0,0
6,40,trunk,1929.407189,1929.410585,0.003397,645562368,-586,1,0,0
6,40,expert,1929.463804,1930.113308,0.649504,122888192,0,0,7,0
6,40,compute,1929.410607,1930.230236,0.819629,0,0,0,0,0
6,41,trunk,1930.230238,1930.233679,0.003441,645562368,-587,1,0,0
6,41,expert,1930.286795,1930.911056,0.624261,105332736,0,0,6,0
6,41,compute,1930.233699,1931.026228,0.792528,0,0,0,0,0
6,42,trunk,1931.026230,1931.029723,0.003493,645562368,-588,1,0,0
6,42,expert,1931.081899,1931.514365,0.432466,140443648,0,0,8,0
6,42,compute,1931.029744,1931.606091,0.576347,0,0,0,0,0
6,43,trunk,1931.606092,1931.609547,0.003455,431890432,-589,1,0,0
6,43,expert,1931.661281,1932.329892,0.668611,122888192,0,0,7,0
6,43,compute,1931.609574,1932.442254,0.832680,0,0,0,0,0
6,44,trunk,1932.442256,1932.445604,0.003348,645562368,-590,1,0,0
6,44,expert,1932.499778,1932.895863,0.396085,105332736,0,0,6,0
6,44,compute,1932.445641,1933.007107,0.561466,0,0,0,0,0
6,45,trunk,1933.007110,1933.157323,0.150214,645562368,-591,1,0,0
6,45,expert,1933.216504,1933.863714,0.647209,105332736,0,0,6,0
6,45,compute,1933.157378,1933.974239,0.816861,0,0,0,0,0
6,46,trunk,1933.974241,1933.977568,0.003327,645562368,-592,1,0,0
6,46,expert,1934.044360,1934.454036,0.409676,122888192,0,0,7,0
6,46,compute,1933.977593,1934.564266,0.586673,0,0,0,0,0
6,47,trunk,1934.564269,1934.567655,0.003386,431890432,-593,1,0,0
6,47,expert,1934.608407,1935.282892,0.674485,157999104,0,0,9,0
6,47,compute,1934.567679,1935.390191,0.822511,0,0,0,0,0
6,48,trunk,1935.390193,1935.393724,0.003530,645562368,-594,1,0,0
6,48,expert,1935.448722,1936.028269,0.579547,122888192,0,0,7,0
6,48,compute,1935.393788,1936.190510,0.796722,0,0,0,0,0
6,49,trunk,1936.190513,1936.193978,0.003465,645562368,-595,1,0,0
6,49,expert,1936.249546,1936.969279,0.719733,175554560,0,0,10,0
6,49,compute,1936.194000,1937.086487,0.892487,0,0,0,0,0
6,50,trunk,1937.086489,1937.093784,0.007295,645562368,-596,1,0,0
6,50,expert,1937.141277,1937.605787,0.464510,122888192,0,0,7,0
6,50,compute,1937.093956,1937.722212,0.628256,0,0,0,0,0
6,51,trunk,1937.722214,1937.726046,0.003833,431890432,-597,1,0,0
6,51,expert,1937.776958,1938.409600,0.632642,140443648,0,0,8,0
6,51,compute,1937.726164,1938.513032,0.786868,0,0,0,0,0
6,52,trunk,1938.513034,1938.516474,0.003440,645562368,-598,1,0,0
6,52,expert,1938.578608,1939.227408,0.648800,193110016,0,0,11,0
6,52,compute,1938.516688,1939.334159,0.817471,0,0,0,0,0
6,53,trunk,1939.334161,1939.337480,0.003319,645562368,-599,1,0,0
6,53,expert,1939.399467,1940.093394,0.693927,193110016,0,0,11,0
6,53,compute,1939.337500,1940.218345,0.880845,0,0,0,0,0
6,54,trunk,1940.218347,1940.221724,0.003377,645562368,-600,1,0,0
6,54,expert,1940.275497,1940.750748,0.475251,157999104,0,0,9,0
6,54,compute,1940.221744,1940.838817,0.617073,0,0,0,0,0
6,55,trunk,1940.838819,1940.842466,0.003647,431890432,-601,1,0,0
6,55,expert,1940.880196,1941.422887,0.542691,70221824,0,0,4,0
6,55,compute,1940.842591,1941.564037,0.721447,0,0,0,0,0
6,56,trunk,1941.564040,1941.567469,0.003429,645562368,-602,1,0,0
6,56,expert,1941.636397,1942.291089,0.654692,140443648,0,0,8,0
6,56,compute,1941.567545,1942.386273,0.818728,0,0,0,0,0
6,57,trunk,1942.386275,1942.389661,0.003386,645562368,-603,1,0,0
6,57,expert,1942.450456,1943.129098,0.678642,157999104,0,0,9,0
6,57,compute,1942.389682,1943.246204,0.856523,0,0,0,0,0
6,58,trunk,1943.246206,1943.249593,0.003386,645562368,-604,1,0,0
6,58,expert,1943.300074,1943.735066,0.434991,122888192,0,0,7,0
6,58,compute,1943.249612,1943.854165,0.604552,0,0,0,0,0
6,59,trunk,1943.854167,1943.857712,0.003545,431890432,-605,1,0,0
6,59,expert,1943.901610,1944.545432,0.643822,105332736,0,0,6,0
6,59,compute,1943.857764,1944.658210,0.800446,0,0,0,0,0
6,60,trunk,1944.658212,1944.661682,0.003470,645562368,-606,1,0,0
6,60,expert,1944.776943,1945.284568,0.507625,140443648,0,0,8,0
6,60,compute,1944.661703,1945.426389,0.764686,0,0,0,0,0
6,61,trunk,1945.426391,1945.430061,0.003670,645562368,-607,1,0,0
6,61,expert,1945.485969,1946.102684,0.616715,105332736,0,0,6,0
6,61,compute,1945.430098,1946.222165,0.792067,0,0,0,0,0
6,62,trunk,1946.222167,1946.229505,0.007338,645562368,-608,1,0,0
6,62,expert,1946.305189,1946.746620,0.441431,140443648,0,0,8,0
6,62,compute,1946.229525,1946.838810,0.609285,0,0,0,0,0
6,63,trunk,1946.838812,1946.842415,0.003604,431890432,-609,1,0,0
6,63,expert,1946.884729,1947.492330,0.607601,70221824,0,0,4,0
6,63,compute,1946.842436,1947.610224,0.767788,0,0,0,0,0
6,64,trunk,1947.610227,1947.613649,0.003422,645562368,-610,1,0,0
6,64,expert,1947.677673,1948.371674,0.694002,175554560,0,0,10,0
6,64,compute,1947.613670,1948.461130,0.847460,0,0,0,0,0
6,65,trunk,1948.461133,1948.464543,0.003410,645562368,-611,1,0,0
6,65,expert,1948.581957,1949.171292,0.589335,122888192,0,0,7,0
6,65,compute,1948.464560,1949.290219,0.825659,0,0,0,0,0
6,66,trunk,1949.290221,1949.293623,0.003402,645562368,-612,1,0,0
6,66,expert,1949.348057,1949.756023,0.407966,70221824,0,0,4,0
6,66,compute,1949.293645,1949.853924,0.560279,0,0,0,0,0
6,67,trunk,1949.853926,1949.857401,0.003475,431890432,-613,1,0,0
6,67,expert,1949.901085,1950.508189,0.607105,122888192,0,0,7,0
6,67,compute,1949.857421,1950.605040,0.747619,0,0,0,0,0
6,68,trunk,1950.605042,1950.608467,0.003425,645562368,-614,1,0,0
6,68,expert,1950.666792,1951.352536,0.685744,175554560,0,0,10,0
6,68,compute,1950.608486,1951.451116,0.842630,0,0,0,0,0
6,69,trunk,1951.451117,1951.454482,0.003364,645562368,-615,1,0,0
6,69,expert,1951.512127,1952.118776,0.606649,157999104,0,0,9,0
6,69,compute,1951.454519,1952.210397,0.755878,0,0,0,0,0
6,70,trunk,1952.210399,1952.213979,0.003579,645562368,-616,1,0,0
6,70,expert,1952.267454,1952.725568,0.458114,122888192,0,0,7,0
6,70,compute,1952.214025,1952.839010,0.624985,0,0,0,0,0
6,71,trunk,1952.839012,1952.842482,0.003470,431890432,-617,1,0,0
6,71,expert,1952.903169,1953.568192,0.665024,87777280,0,0,5,0
6,71,compute,1952.842501,1953.661139,0.818638,0,0,0,0,0
6,72,trunk,1953.661141,1953.664720,0.003578,645562368,-618,1,0,0
6,72,expert,1953.723832,1954.381420,0.657588,122888192,0,0,7,0
6,72,compute,1953.664739,1954.495026,0.830287,0,0,0,0,0
6,73,trunk,1954.495028,1954.498834,0.003806,645562368,-619,1,0,0
6,73,expert,1954.561235,1955.284427,0.723192,210665472,0,0,12,0
6,73,compute,1954.498859,1955.378986,0.880127,0,0,0,0,0
6,74,trunk,1955.378988,1955.382356,0.003368,645562368,-620,1,0,0
6,74,expert,1955.435121,1955.873127,0.438006,105332736,0,0,6,0
6,74,compute,1955.382377,1955.994565,0.612188,0,0,0,0,0
6,75,trunk,1955.994567,1955.998061,0.003494,431890432,-621,1,0,0
6,75,expert,1956.037667,1956.581048,0.543381,87777280,0,0,5,0
6,75,compute,1955.998098,1956.702216,0.704118,0,0,0,0,0
6,76,trunk,1956.702299,1956.705642,0.003343,645562368,-622,1,0,0
6,76,expert,1956.756318,1957.360672,0.604355,122888192,0,0,7,0
6,76,compute,1956.705659,1957.474170,0.768511,0,0,0,0,0
6,77,trunk,1957.474172,1957.477590,0.003418,645562368,-623,1,0,0
6,77,expert,1957.529403,1958.172053,0.642650,105332736,0,0,6,0
6,77,compute,1957.477610,1958.279240,0.801630,0,0,0,0,0
6,78,trunk,1958.279242,1958.282764,0.003522,645562368,-624,1,0,0
6,78,expert,1958.334000,1958.769796,0.435796,105332736,0,0,6,0
6,78,compute,1958.282789,1958.887062,0.604273,0,0,0,0,0
6,79,trunk,1958.887065,1958.890683,0.003618,431890432,-625,1,0,0
6,79,expert,1958.927995,1959.418356,0.490361,122888192,0,0,7,0
6,79,compute,1958.890704,1959.522110,0.631406,0,0,0,0,0
6,80,trunk,1959.522113,1959.573282,0.051170,645562368,-626,1,0,0
6,80,expert,1959.654011,1960.165953,0.511941,105332736,0,0,6,0
6,80,compute,1959.573337,1960.294168,0.720830,0,0,0,0,0
6,81,trunk,1960.294169,1960.298221,0.004052,645562368,-627,1,0,0
6,81,expert,1960.386848,1961.016795,0.629947,122888192,0,0,7,0
6,81,compute,1960.298243,1961.142206,0.843963,0,0,0,0,0
6,82,trunk,1961.142208,1961.145614,0.003406,645562368,-628,1,0,0
6,82,expert,1961.229305,1961.637027,0.407722,87777280,0,0,5,0
6,82,compute,1961.145657,1961.758241,0.612584,0,0,0,0,0
6,83,trunk,1961.758244,1961.765752,0.007508,431890432,-629,1,0,0
6,83,expert,1961.821117,1962.464899,0.643782,122888192,0,0,7,0
6,83,compute,1961.765775,1962.574195,0.808420,0,0,0,0,0
6,84,trunk,1962.574198,1962.577816,0.003619,645562368,-630,1,0,0
6,84,expert,1962.633148,1963.259121,0.625974,105332736,0,0,6,0
6,84,compute,1962.577850,1963.374386,0.796536,0,0,0,0,0
6,85,trunk,1963.374387,1963.377677,0.003290,645562368,-631,1,0,0
6,85,expert,1963.432104,1964.014340,0.582236,70221824,0,0,4,0
6,85,compute,1963.377699,1964.115861,0.738161,0,0,0,0,0
6,86,trunk,1964.115862,1964.119364,0.003501,645562368,-632,1,0,0
6,86,expert,1964.171232,1964.587395,0.416163,70221824,0,0,4,0
6,86,compute,1964.119382,1964.694165,0.574782,0,0,0,0,0
6,87,trunk,1964.694167,1964.697553,0.003387,431890432,-633,1,0,0
6,87,expert,1964.737224,1975.017220,10.279996,122888192,0,0,7,0
6,87,compute,1964.697609,1975.114020,10.416411,0,0,0,0,0
6,88,trunk,1975.114022,1976.056586,0.942564,645562368,-634,1,0,0
6,88,expert,1976.099552,1976.700176,0.600624,70221824,0,0,4,0
6,88,compute,1976.056632,1976.795267,0.738636,0,0,0,0,0
6,89,trunk,1976.795270,1977.019074,0.223804,645562368,-635,1,0,0
6,89,expert,1977.082211,1977.591727,0.509516,70221824,0,0,4,0
6,89,compute,1977.019155,1977.688127,0.668972,0,0,0,0,0
6,90,trunk,1977.688129,1977.714246,0.026117,645562368,-636,1,0,0
6,90,expert,1977.763032,1978.166075,0.403043,52666368,0,0,3,0
6,90,compute,1977.714307,1978.264110,0.549804,0,0,0,0,0
6,91,trunk,1978.264112,1978.267982,0.003869,431890432,-637,1,0,0
6,91,expert,1978.307451,1978.711193,0.403742,70221824,0,0,4,0
6,91,compute,1978.268043,1978.826205,0.558162,0,0,0,0,0
6,92,trunk,1978.826206,1978.829470,0.003264,431890432,-638,1,0,0
6,92,expert,1978.862967,1978.964947,0.101980,122888192,0,0,7,0
6,92,compute,1978.829472,1979.086184,0.256713,0,0,0,0,0
7,0,trunk,1979.184817,1979.184858,0.000041,0,-638,0,0,0
7,0,compute,1979.184875,1979.302713,0.117838,0,0,0,0,0
7,1,trunk,1979.302716,1979.757747,0.455031,645562368,-638,1,0,0
7,1,expert,1979.849947,1980.481557,0.631610,210665472,0,0,12,0
7,1,compute,1979.757804,1980.578093,0.820289,0,0,0,0,0
7,2,trunk,1980.578096,1980.581466,0.003371,645562368,-639,1,0,0
7,2,expert,1980.629544,1981.176330,0.546786,228220928,0,0,13,0
7,2,compute,1980.581491,1981.264822,0.683330,0,0,0,0,0
7,3,trunk,1981.264824,1981.268285,0.003461,431890432,-640,1,0,0
7,3,expert,1981.301682,1981.895125,0.593443,122888192,0,0,7,0
7,3,compute,1981.268320,1982.006192,0.737872,0,0,0,0,0
7,4,trunk,1982.006195,1982.009747,0.003552,645562368,-641,1,0,0
7,4,expert,1982.064275,1982.745249,0.680974,193110016,0,0,11,0
7,4,compute,1982.009766,1982.858257,0.848491,0,0,0,0,0
7,5,trunk,1982.858259,1982.861639,0.003380,645562368,-642,1,0,0
7,5,expert,1982.916284,1983.614844,0.698560,228220928,0,0,13,0
7,5,compute,1982.861677,1983.750190,0.888513,0,0,0,0,0
7,6,trunk,1983.750192,1983.753806,0.003613,645562368,-643,1,0,0
7,6,expert,1983.802057,1984.338166,0.536109,245776384,0,0,14,0
7,6,compute,1983.753842,1984.450387,0.696545,0,0,0,0,0
7,7,trunk,1984.450389,1984.453971,0.003582,431890432,-644,1,0,0
7,7,expert,1984.491341,1985.163072,0.671731,157999104,0,0,9,0
7,7,compute,1984.454007,1985.282178,0.828171,0,0,0,0,0
7,8,trunk,1985.282180,1985.285777,0.003596,645562368,-645,1,0,0
7,8,expert,1985.337253,1986.078925,0.741673,210665472,0,0,12,0
7,8,compute,1985.285806,1986.190198,0.904392,0,0,0,0,0
7,9,trunk,1986.190200,1986.193583,0.003384,645562368,-646,1,0,0
7,9,expert,1986.247147,1986.989769,0.742623,210665472,0,0,12,0
7,9,compute,1986.193631,1987.107073,0.913442,0,0,0,0,0
7,10,trunk,1987.107075,1987.110425,0.003350,645562368,-647,1,0,0
7,10,expert,1987.160199,1987.658152,0.497953,140443648,0,0,8,0
7,10,compute,1987.110482,1987.751415,0.640933,0,0,0,0,0
7,11,trunk,1987.751417,1987.754870,0.003453,431890432,-648,1,0,0
7,11,expert,1987.786849,1988.467795,0.680946,157999104,0,0,9,0
7,11,compute,1987.754894,1988.561573,0.806680,0,0,0,0,0
7,12,trunk,1988.561575,1988.565019,0.003444,645562368,-649,1,0,0
7,12,expert,1988.623779,1989.289040,0.665261,157999104,0,0,9,0
7,12,compute,1988.565042,1989.386779,0.821737,0,0,0,0,0
7,13,trunk,1989.386781,1989.390315,0.003535,645562368,-650,1,0,0
7,13,expert,1989.448854,1990.093166,0.644312,175554560,0,0,10,0
7,13,compute,1989.390361,1990.206205,0.815843,0,0,0,0,0
7,14,trunk,1990.206207,1990.209604,0.003397,645562368,-651,1,0,0
7,14,expert,1990.256548,1990.763659,0.507111,193110016,0,0,11,0
7,14,compute,1990.209627,1990.854263,0.644636,0,0,0,0,0
7,15,trunk,1990.854265,1990.857751,0.003486,431890432,-652,1,0,0
7,15,expert,1990.887199,1991.576245,0.689046,228220928,0,0,13,0
7,15,compute,1990.857776,1991.698221,0.840445,0,0,0,0,0
7,16,trunk,1991.698223,1991.701601,0.003378,645562368,-653,1,0,0
7,16,expert,1991.759077,1992.322974,0.563897,122888192,0,0,7,0
7,16,compute,1991.701630,1992.425547,0.723918,0,0,0,0,0
7,17,trunk,1992.425549,1992.429130,0.003580,645562368,-654,1,0,0
7,17,expert,1992.485921,1993.118848,0.632927,140443648,0,0,8,0
7,17,compute,1992.429157,1993.259007,0.829850,0,0,0,0,0
7,18,trunk,1993.259009,1993.262145,0.003136,645562368,-655,1,0,0
7,18,expert,1993.314981,1993.736538,0.421557,105332736,0,0,6,0
7,18,compute,1993.262205,1993.858219,0.596013,0,0,0,0,0
7,19,trunk,1993.858221,1993.861780,0.003559,431890432,-656,1,0,0
7,19,expert,1993.902553,1994.499410,0.596857,140443648,0,0,8,0
7,19,compute,1993.861802,1994.614310,0.752508,0,0,0,0,0
7,20,trunk,1994.614311,1994.617650,0.003338,645562368,-657,1,0,0
7,20,expert,1994.678946,1995.294650,0.615703,140443648,0,0,8,0
7,20,compute,1994.617670,1995.382327,0.764657,0,0,0,0,0
7,21,trunk,1995.382328,1995.385703,0.003375,645562368,-658,1,0,0
7,21,expert,1995.440570,1996.160215,0.719646,210665472,0,0,12,0
7,21,compute,1995.385725,1996.275016,0.889291,0,0,0,0,0
7,22,trunk,1996.275018,1996.278330,0.003313,645562368,-659,1,0,0
7,22,expert,1996.330941,1996.838224,0.507283,175554560,0,0,10,0
7,22,compute,1996.278359,1996.962237,0.683878,0,0,0,0,0
7,23,trunk,1996.962239,1996.965741,0.003502,431890432,-660,1,0,0
7,23,expert,1997.004068,1997.633254,0.629185,157999104,0,0,9,0
7,23,compute,1996.965763,1997.728098,0.762335,0,0,0,0,0
7,24,trunk,1997.728100,1997.731437,0.003337,645562368,-661,1,0,0
7,24,expert,1997.790675,1998.629815,0.839140,245776384,0,0,14,0
7,24,compute,1997.731460,1998.725079,0.993619,0,0,0,0,0
7,25,trunk,1998.725081,1998.728772,0.003692,645562368,-662,1,0,0
7,25,expert,1998.781544,1999.656700,0.875156,175554560,0,0,10,0
7,25,compute,1998.728791,1999.794192,1.065401,0,0,0,0,0
7,26,trunk,1999.794194,1999.797791,0.003597,645562368,-663,1,0,0
7,26,expert,1999.848467,2000.380045,0.531578,210665472,0,0,12,0
7,26,compute,1999.797813,2000.480958,0.683144,0,0,0,0,0
7,27,trunk,2000.480960,2000.484456,0.003496,431890432,-664,1,0,0
7,27,expert,2000.521954,2001.203345,0.681390,210665472,0,0,12,0
7,27,compute,2000.484475,2001.315014,0.830539,0,0,0,0,0
7,28,trunk,2001.315016,2001.318605,0.003589,645562368,-665,1,0,0
7,28,expert,2001.375298,2002.016047,0.640749,193110016,0,0,11,0
7,28,compute,2001.318627,2002.108275,0.789648,0,0,0,0,0
7,29,trunk,2002.108277,2002.111735,0.003457,645562368,-666,1,0,0
7,29,expert,2002.169676,2002.864379,0.694703,175554560,0,0,10,0
7,29,compute,2002.111759,2002.957117,0.845358,0,0,0,0,0
7,30,trunk,2002.957120,2002.960478,0.003358,645562368,-667,1,0,0
7,30,expert,2003.006757,2003.434851,0.428094,157999104,0,0,9,0
7,30,compute,2002.960496,2003.626923,0.666428,0,0,0,0,0
7,31,trunk,2003.626925,2003.630460,0.003535,431890432,-668,1,0,0
7,31,expert,2003.664497,2004.357403,0.692906,175554560,0,0,10,0
7,31,compute,2003.630481,2004.490202,0.859721,0,0,0,0,0
7,32,trunk,2004.490223,2004.493678,0.003455,645562368,-669,1,0,0
7,32,expert,2004.550329,2005.213006,0.662677,140443648,0,0,8,0
7,32,compute,2004.493707,2005.303585,0.809878,0,0,0,0,0
7,33,trunk,2005.303587,2005.307216,0.003629,645562368,-670,1,0,0
7,33,expert,2005.361148,2006.107866,0.746719,175554560,0,0,10,0
7,33,compute,2005.307238,2006.222168,0.914930,0,0,0,0,0
7,34,trunk,2006.222170,2006.225658,0.003488,645562368,-671,1,0,0
7,34,expert,2006.278159,2006.811303,0.533144,193110016,0,0,11,0
7,34,compute,2006.225715,2006.918186,0.692471,0,0,0,0,0
7,35,trunk,2006.918188,2006.921678,0.003490,431890432,-672,1,0,0
7,35,expert,2006.961487,2007.642944,0.681457,140443648,0,0,8,0
7,35,compute,2006.921698,2007.741051,0.819353,0,0,0,0,0
7,36,trunk,2007.741053,2007.744448,0.003395,645562368,-673,1,0,0
7,36,expert,2007.801617,2008.392699,0.591082,157999104,0,0,9,0
7,36,compute,2007.744466,2008.510242,0.765776,0,0,0,0,0
7,37,trunk,2008.510243,2008.514029,0.003786,645562368,-674,1,0,0
7,37,expert,2008.572967,2009.282268,0.709300,193110016,0,0,11,0
7,37,compute,2008.514124,2009.402207,0.888083,0,0,0,0,0
7,38,trunk,2009.402209,2009.405626,0.003417,645562368,-675,1,0,0
7,38,expert,2009.453773,2009.877166,0.423393,105332736,0,0,6,0
7,38,compute,2009.405647,2010.002373,0.596726,0,0,0,0,0
7,39,trunk,2010.002376,2010.005746,0.003370,431890432,-676,1,0,0
7,39,expert,2010.044900,2010.679584,0.634684,105332736,0,0,6,0
7,39,compute,2010.005767,2010.798451,0.792685,0,0,0,0,0
7,40,trunk,2010.798453,2010.801935,0.003482,645562368,-677,1,0,0
7,40,expert,2010.859097,2011.479802,0.620705,105332736,0,0,6,0
7,40,compute,2010.801957,2011.571104,0.769147,0,0,0,0,0
7,41,trunk,2011.571106,2011.574506,0.003400,645562368,-678,1,0,0
7,41,expert,2011.631500,2011.946961,0.315462,52666368,0,0,3,0
7,41,compute,2011.574529,2012.062243,0.487715,0,0,0,0,0
7,42,trunk,2012.062246,2012.207287,0.145041,645562368,-679,1,0,0
7,42,expert,2012.258878,2012.703354,0.444476,105332736,0,0,6,0
7,42,compute,2012.207345,2012.818845,0.611500,0,0,0,0,0
7,43,trunk,2012.818847,2012.822385,0.003538,431890432,-680,1,0,0
7,43,expert,2012.864088,2013.503757,0.639668,70221824,0,0,4,0
7,43,compute,2012.822414,2013.596337,0.773923,0,0,0,0,0
7,44,trunk,2013.596339,2013.599909,0.003570,645562368,-681,1,0,0
7,44,expert,2013.659503,2014.306806,0.647303,105332736,0,0,6,0
7,44,compute,2013.599942,2014.418269,0.818327,0,0,0,0,0
7,45,trunk,2014.418271,2014.421787,0.003515,645562368,-682,1,0,0
7,45,expert,2014.480867,2015.162268,0.681401,140443648,0,0,8,0
7,45,compute,2014.421809,2015.274230,0.852421,0,0,0,0,0
7,46,trunk,2015.274231,2015.277605,0.003373,645562368,-683,1,0,0
7,46,expert,2015.326619,2015.807518,0.480899,140443648,0,0,8,0
7,46,compute,2015.277626,2016.034200,0.756574,0,0,0,0,0
7,47,trunk,2016.034202,2016.037613,0.003411,431890432,-684,1,0,0
7,47,expert,2016.095306,2016.482456,0.387150,87777280,0,0,5,0
7,47,compute,2016.037677,2016.690954,0.653277,0,0,0,0,0
7,48,trunk,2016.690956,2016.695678,0.004721,645562368,-685,1,0,0
7,48,expert,2016.749154,2017.384273,0.635119,140443648,0,0,8,0
7,48,compute,2016.695700,2017.623007,0.927307,0,0,0,0,0
7,49,trunk,2017.623009,2017.626406,0.003397,645562368,-686,1,0,0
7,49,expert,2017.713253,2018.436039,0.722786,228220928,0,0,13,0
7,49,compute,2017.626433,2018.854488,1.228055,0,0,0,0,0
7,50,trunk,2018.854490,2018.858344,0.003854,645562368,-687,1,0,0
7,50,expert,2018.945137,2019.394970,0.449832,140443648,0,0,8,0
7,50,compute,2018.858368,2019.638188,0.779820,0,0,0,0,0
7,51,trunk,2019.638190,2019.641767,0.003576,431890432,-688,1,0,0
7,51,expert,2019.680070,2020.308904,0.628835,122888192,0,0,7,0
7,51,compute,2019.641788,2020.514780,0.872992,0,0,0,0,0
7,52,trunk,2020.514782,2020.518226,0.003444,645562368,-689,1,0,0
7,52,expert,2020.574580,2021.223589,0.649009,157999104,0,0,9,0
7,52,compute,2020.518249,2021.451191,0.932943,0,0,0,0,0
7,53,trunk,2021.451194,2021.454571,0.003378,645562368,-690,1,0,0
7,53,expert,2021.506942,2022.188047,0.681106,175554560,0,0,10,0
7,53,compute,2021.454594,2022.501761,1.047167,0,0,0,0,0
7,54,trunk,2022.501763,2022.505187,0.003424,645562368,-691,1,0,0
7,54,expert,2022.558642,2023.433891,0.875249,193110016,0,0,11,0
7,54,compute,2022.505207,2023.685698,1.180491,0,0,0,0,0
7,55,trunk,2023.685700,2023.689381,0.003681,431890432,-692,1,0,0
7,55,expert,2023.720816,2024.223346,0.502530,122888192,0,0,7,0
7,55,compute,2023.689406,2024.410205,0.720799,0,0,0,0,0
7,56,trunk,2024.410206,2024.413514,0.003307,645562368,-693,1,0,0
7,56,expert,2024.475542,2025.131339,0.655797,140443648,0,0,8,0
7,56,compute,2024.413557,2025.286838,0.873281,0,0,0,0,0
7,57,trunk,2025.286840,2025.290264,0.003424,645562368,-694,1,0,0
7,57,expert,2025.346991,2026.036597,0.689607,157999104,0,0,9,0
7,57,compute,2025.290292,2026.192127,0.901835,0,0,0,0,0
7,58,trunk,2026.192129,2026.195502,0.003373,645562368,-695,1,0,0
7,58,expert,2026.245524,2026.702389,0.456864,105332736,0,0,6,0
7,58,compute,2026.195531,2026.845201,0.649670,0,0,0,0,0
7,59,trunk,2026.845203,2026.848617,0.003414,431890432,-696,1,0,0
7,59,expert,2026.885650,2027.520385,0.634735,87777280,0,0,5,0
7,59,compute,2026.848637,2027.634195,0.785557,0,0,0,0,0
7,60,trunk,2027.634196,2027.637364,0.003168,645562368,-697,1,0,0
7,60,expert,2027.695721,2028.392126,0.696405,175554560,0,0,10,0
7,60,compute,2027.637385,2028.554365,0.916980,0,0,0,0,0
7,61,trunk,2028.554367,2028.558036,0.003669,645562368,-698,1,0,0
7,61,expert,2028.614615,2029.327789,0.713174,228220928,0,0,13,0
7,61,compute,2028.558061,2029.456733,0.898672,0,0,0,0,0
7,62,trunk,2029.456734,2029.460153,0.003419,645562368,-699,1,0,0
7,62,expert,2029.514346,2029.954743,0.440397,122888192,0,0,7,0
7,62,compute,2029.460191,2030.051849,0.591658,0,0,0,0,0
7,63,trunk,2030.051851,2030.055398,0.003547,431890432,-700,1,0,0
7,63,expert,2030.094120,2030.769656,0.675536,157999104,0,0,9,0
7,63,compute,2030.055420,2030.864906,0.809486,0,0,0,0,0
7,64,trunk,2030.864908,2030.868285,0.003377,645562368,-701,1,0,0
7,64,expert,2030.923160,2031.668772,0.745613,228220928,0,0,13,0
7,64,compute,2030.868304,2031.766569,0.898265,0,0,0,0,0
7,65,trunk,2031.766571,2031.770004,0.003433,645562368,-702,1,0,0
7,65,expert,2031.834194,2032.338841,0.504647,122888192,0,0,7,0
7,65,compute,2031.770026,2032.458335,0.688309,0,0,0,0,0
7,66,trunk,2032.458337,2032.473065,0.014728,645562368,-703,1,0,0
7,66,expert,2032.557552,2033.029073,0.471522,175554560,0,0,10,0
7,66,compute,2032.473110,2033.146169,0.673059,0,0,0,0,0
7,67,trunk,2033.146171,2033.149652,0.003481,431890432,-704,1,0,0
7,67,expert,2033.189224,2033.855802,0.666578,140443648,0,0,8,0
7,67,compute,2033.149674,2033.958502,0.808828,0,0,0,0,0
7,68,trunk,2033.958504,2033.961867,0.003363,645562368,-705,1,0,0
7,68,expert,2034.011875,2034.711139,0.699264,193110016,0,0,11,0
7,68,compute,2033.961888,2034.827625,0.865738,0,0,0,0,0
7,69,trunk,2034.827628,2034.831228,0.003600,645562368,-706,1,0,0
7,69,expert,2034.880642,2035.602938,0.722296,193110016,0,0,11,0
7,69,compute,2034.831249,2035.714176,0.882927,0,0,0,0,0
7,70,trunk,2035.714178,2035.717646,0.003468,645562368,-707,1,0,0
7,70,expert,2035.773019,2036.248682,0.475663,157999104,0,0,9,0
7,70,compute,2035.717667,2036.370992,0.653325,0,0,0,0,0
7,71,trunk,2036.370994,2036.374379,0.003385,431890432,-708,1,0,0
7,71,expert,2036.416262,2037.127723,0.711460,140443648,0,0,8,0
7,71,compute,2036.374440,2037.222702,0.848262,0,0,0,0,0
7,72,trunk,2037.222704,2037.226067,0.003363,645562368,-709,1,0,0
7,72,expert,2037.283760,2037.930973,0.647213,105332736,0,0,6,0
7,72,compute,2037.226095,2038.046237,0.820142,0,0,0,0,0
7,73,trunk,2038.046240,2038.049604,0.003364,645562368,-710,1,0,0
7,73,expert,2038.108273,2038.817627,0.709355,193110016,0,0,11,0
7,73,compute,2038.049625,2038.914585,0.864959,0,0,0,0,0
7,74,trunk,2038.914587,2038.918044,0.003457,645562368,-711,1,0,0
7,74,expert,2038.972493,2039.384468,0.411975,140443648,0,0,8,0
7,74,compute,2038.918067,2039.498655,0.580588,0,0,0,0,0
7,75,trunk,2039.498657,2039.502108,0.003451,431890432,-712,1,0,0
7,75,expert,2039.542584,2040.230542,0.687957,157999104,0,0,9,0
7,75,compute,2039.502129,2040.362163,0.860034,0,0,0,0,0
7,76,trunk,2040.362165,2040.365668,0.003503,645562368,-713,1,0,0
7,76,expert,2040.421625,2040.909723,0.488099,175554560,0,0,10,0
7,76,compute,2040.365725,2041.030229,0.664504,0,0,0,0,0
7,77,trunk,2041.030231,2041.078577,0.048347,645562368,-714,1,0,0
7,77,expert,2041.128571,2041.774096,0.645525,122888192,0,0,7,0
7,77,compute,2041.078627,2041.896080,0.817453,0,0,0,0,0
7,78,trunk,2041.896082,2041.899546,0.003464,645562368,-715,1,0,0
7,78,expert,2041.951585,2042.405395,0.453809,122888192,0,0,7,0
7,78,compute,2041.899571,2042.522244,0.622673,0,0,0,0,0
7,79,trunk,2042.522247,2042.525658,0.003411,431890432,-716,1,0,0
7,79,expert,2042.561230,2043.191067,0.629837,140443648,0,0,8,0
7,79,compute,2042.525679,2043.310211,0.784532,0,0,0,0,0
7,80,trunk,2043.310213,2043.313700,0.003487,645562368,-717,1,0,0
7,80,expert,2043.376473,2055.316027,11.939554,228220928,0,0,13,0
7,80,compute,2043.313721,2055.583734,12.270013,0,0,0,0,0
7,81,trunk,2055.583736,2055.587224,0.003489,645562368,-718,1,0,0
7,81,expert,2055.646237,2056.316672,0.670435,157999104,0,0,9,0
7,81,compute,2055.587245,2056.452049,0.864805,0,0,0,0,0
7,82,trunk,2056.452052,2056.455452,0.003400,645562368,-719,1,0,0
7,82,expert,2056.515575,2057.004590,0.489015,193110016,0,0,11,0
7,82,compute,2056.455466,2057.122303,0.666837,0,0,0,0,0
7,83,trunk,2057.122305,2057.125792,0.003487,431890432,-720,1,0,0
7,83,expert,2057.165042,2057.845055,0.680013,157999104,0,0,9,0
7,83,compute,2057.125816,2057.960036,0.834220,0,0,0,0,0
7,84,trunk,2057.960038,2057.963373,0.003335,645562368,-721,1,0,0
7,84,expert,2058.025503,2058.717266,0.691763,193110016,0,0,11,0
7,84,compute,2057.963397,2058.836072,0.872675,0,0,0,0,0
7,85,trunk,2058.836074,2058.839465,0.003391,645562368,-722,1,0,0
7,85,expert,2058.909459,2059.575496,0.666037,175554560,0,0,10,0
7,85,compute,2058.839488,2059.686190,0.846701,0,0,0,0,0
7,86,trunk,2059.686192,2059.689216,0.003023,645562368,-723,1,0,0
7,86,expert,2059.792640,2060.208576,0.415936,157999104,0,0,9,0
7,86,compute,2059.689235,2060.326196,0.636960,0,0,0,0,0
7,87,trunk,2060.326198,2060.329620,0.003422,431890432,-724,1,0,0
7,87,expert,2060.368966,2061.008078,0.639112,140443648,0,0,8,0
7,87,compute,2060.329641,2061.097435,0.767794,0,0,0,0,0
7,88,trunk,2061.097437,2061.100968,0.003532,645562368,-725,1,0,0
7,88,expert,2061.161221,2061.781316,0.620095,105332736,0,0,6,0
7,88,compute,2061.100992,2061.942115,0.841123,0,0,0,0,0
7,89,trunk,2061.942117,2061.945711,0.003594,645562368,-726,1,0,0
7,89,expert,2061.996648,2062.505489,0.508840,105332736,0,0,6,0
7,89,compute,2061.945747,2062.606631,0.660884,0,0,0,0,0
7,90,trunk,2062.606633,2062.665459,0.058825,645562368,-727,1,0,0
7,90,expert,2062.719404,2063.183598,0.464194,140443648,0,0,8,0
7,90,compute,2062.665515,2063.294205,0.628690,0,0,0,0,0
7,91,trunk,2063.294207,2063.297710,0.003503,431890432,-728,1,0,0
7,91,expert,2063.340727,2063.833823,0.493096,175554560,0,0,10,0
7,91,compute,2063.297732,2063.950202,0.652470,0,0,0,0,0
7,92,trunk,2063.950204,2063.953611,0.003408,431890432,-729,1,0,0
7,92,expert,2063.986987,2064.169219,0.182232,210665472,0,0,12,0
7,92,compute,2063.953613,2064.282234,0.328620,0,0,0,0,0
