token,layer,phase,t0,t1,dur_s,bytes,l1_hit,l1_miss,l2_hit,l2_miss
0,0,trunk,351.942861,354.306324,2.363463,2341216256,0,1,0,0
0,0,compute,354.306354,354.482518,0.176164,0,0,0,0,0
0,1,trunk,354.482519,355.043122,0.560602,645562368,-1,1,0,0
0,1,expert,355.109915,355.332601,0.222686,280887296,0,0,16,0
0,1,compute,355.043164,355.480052,0.436888,0,0,0,0,0
0,2,trunk,355.480054,355.943900,0.463846,645562368,-2,1,0,0
0,2,expert,355.994753,356.360315,0.365562,280887296,0,0,16,0
0,2,compute,355.943947,356.451667,0.507720,0,0,0,0,0
0,3,trunk,356.451669,356.455224,0.003554,431890432,-3,1,0,0
0,3,expert,356.483344,357.000955,0.517612,280887296,0,0,16,0
0,3,compute,356.455248,357.119024,0.663776,0,0,0,0,0
0,4,trunk,357.119026,357.122697,0.003671,645562368,-4,1,0,0
0,4,expert,357.216615,357.660637,0.444022,280887296,0,0,16,0
0,4,compute,357.122746,357.764193,0.641446,0,0,0,0,0
0,5,trunk,357.764194,357.767638,0.003443,645562368,-5,1,0,0
0,5,expert,357.832555,358.312994,0.480440,280887296,0,0,16,0
0,5,compute,357.767665,358.426171,0.658505,0,0,0,0,0
0,6,trunk,358.426172,358.429577,0.003404,645562368,-6,1,0,0
0,6,expert,358.489646,358.856197,0.366551,280887296,0,0,16,0
0,6,compute,358.429599,358.955378,0.525779,0,0,0,0,0
0,7,trunk,358.955380,358.958885,0.003505,431890432,-7,1,0,0
0,7,expert,358.995119,359.492280,0.497161,280887296,0,0,16,0
0,7,compute,358.958907,359.610342,0.651436,0,0,0,0,0
0,8,trunk,359.610345,359.613675,0.003331,645562368,-8,1,0,0
0,8,expert,359.662540,360.174428,0.511888,280887296,0,0,16,0
0,8,compute,359.613697,360.286936,0.673239,0,0,0,0,0
0,9,trunk,360.286938,360.290099,0.003161,645562368,-9,1,0,0
0,9,expert,360.364688,360.846569,0.481881,280887296,0,0,16,0
0,9,compute,360.290121,360.967033,0.676911,0,0,0,0,0
0,10,trunk,360.967034,360.970509,0.003474,645562368,-10,1,0,0
0,10,expert,361.018786,361.405029,0.386243,280887296,0,0,16,0
0,10,compute,360.970530,361.502272,0.531741,0,0,0,0,0
0,11,trunk,361.502273,361.505774,0.003501,431890432,-11,1,0,0
0,11,expert,361.538888,362.055784,0.516896,280887296,0,0,16,0
0,11,compute,361.505795,362.166640,0.660845,0,0,0,0,0
0,12,trunk,362.166642,362.170299,0.003657,645562368,-12,1,0,0
0,12,expert,362.219949,362.714917,0.494968,280887296,0,0,16,0
0,12,compute,362.170323,362.835029,0.664706,0,0,0,0,0
0,13,trunk,362.835031,362.838600,0.003569,645562368,-13,1,0,0
0,13,expert,362.891990,363.383665,0.491675,280887296,0,0,16,0
0,13,compute,362.838629,363.498233,0.659603,0,0,0,0,0
0,14,trunk,363.498235,363.501564,0.003329,645562368,-14,1,0,0
0,14,expert,363.548533,363.922726,0.374192,280887296,0,0,16,0
0,14,compute,363.501586,364.014290,0.512704,0,0,0,0,0
0,15,trunk,364.014292,364.017926,0.003634,431890432,-15,1,0,0
0,15,expert,364.051374,364.568347,0.516973,280887296,0,0,16,0
0,15,compute,364.017954,364.659235,0.641281,0,0,0,0,0
0,16,trunk,364.659237,364.663091,0.003854,645562368,-16,1,0,0
0,16,expert,364.721635,365.184318,0.462683,280887296,0,0,16,0
0,16,compute,364.663122,365.281872,0.618750,0,0,0,0,0
0,17,trunk,365.281874,365.285237,0.003363,645562368,-17,1,0,0
0,17,expert,365.339619,365.824287,0.484669,280887296,0,0,16,0
0,17,compute,365.285259,365.916607,0.631348,0,0,0,0,0
0,18,trunk,365.916609,365.920084,0.003475,645562368,-18,1,0,0
0,18,expert,365.972230,366.343418,0.371188,280887296,0,0,16,0
0,18,compute,365.920101,366.458455,0.538354,0,0,0,0,0
0,19,trunk,366.458457,366.461876,0.003419,431890432,-19,1,0,0
0,19,expert,366.496517,366.984229,0.487712,280887296,0,0,16,0
0,19,compute,366.461897,367.102280,0.640383,0,0,0,0,0
0,20,trunk,367.102281,367.105708,0.003426,645562368,-20,1,0,0
0,20,expert,367.156533,367.635368,0.478835,280887296,0,0,16,0
0,20,compute,367.105734,367.750187,0.644454,0,0,0,0,0
0,21,trunk,367.750189,367.753678,0.003489,645562368,-21,1,0,0
0,21,expert,367.804212,368.309286,0.505075,280887296,0,0,16,0
0,21,compute,367.753700,368.404086,0.650387,0,0,0,0,0
0,22,trunk,368.404089,368.407513,0.003424,645562368,-22,1,0,0
0,22,expert,368.456606,368.846841,0.390235,280887296,0,0,16,0
0,22,compute,368.407538,368.958290,0.550753,0,0,0,0,0
0,23,trunk,368.958311,368.961695,0.003383,431890432,-23,1,0,0
0,23,expert,368.999567,369.480063,0.480496,280887296,0,0,16,0
0,23,compute,368.961716,369.577318,0.615602,0,0,0,0,0
0,24,trunk,369.577320,369.580789,0.003469,645562368,-24,1,0,0
0,24,expert,369.635709,370.197413,0.561704,280887296,0,0,16,0
0,24,compute,369.580834,370.310237,0.729403,0,0,0,0,0
0,25,trunk,370.310239,370.313756,0.003516,645562368,-25,1,0,0
0,25,expert,370.370222,370.905006,0.534785,280887296,0,0,16,0
0,25,compute,370.313778,371.026230,0.712452,0,0,0,0,0
0,26,trunk,371.026232,371.029592,0.003360,645562368,-26,1,0,0
0,26,expert,371.078149,371.473715,0.395565,280887296,0,0,16,0
0,26,compute,371.029614,371.590187,0.560573,0,0,0,0,0
0,27,trunk,371.590189,371.594068,0.003879,431890432,-27,1,0,0
0,27,expert,371.630260,372.123194,0.492934,280887296,0,0,16,0
0,27,compute,371.594089,372.238228,0.644139,0,0,0,0,0
0,28,trunk,372.238230,372.241685,0.003456,645562368,-28,1,0,0
0,28,expert,372.291863,372.770661,0.478799,280887296,0,0,16,0
0,28,compute,372.241706,372.882208,0.640502,0,0,0,0,0
0,29,trunk,372.882210,372.885717,0.003507,645562368,-29,1,0,0
0,29,expert,372.935103,373.467400,0.532297,280887296,0,0,16,0
0,29,compute,372.885740,373.582442,0.696702,0,0,0,0,0
0,30,trunk,373.582444,373.585822,0.003378,645562368,-30,1,0,0
0,30,expert,373.639626,374.048278,0.408652,280887296,0,0,16,0
0,30,compute,373.585843,374.138203,0.552361,0,0,0,0,0
0,31,trunk,374.138205,374.141673,0.003469,431890432,-31,1,0,0
0,31,expert,374.178212,374.746337,0.568124,280887296,0,0,16,0
0,31,compute,374.141694,374.886233,0.744539,0,0,0,0,0
0,32,trunk,374.886235,374.890565,0.004331,645562368,-32,1,0,0
0,32,expert,374.948969,375.478862,0.529893,280887296,0,0,16,0
0,32,compute,374.890611,375.594250,0.703639,0,0,0,0,0
0,33,trunk,375.594252,375.597583,0.003331,645562368,-33,1,0,0
0,33,expert,375.646512,376.227115,0.580603,280887296,0,0,16,0
0,33,compute,375.597608,376.342199,0.744592,0,0,0,0,0
0,34,trunk,376.342201,376.345654,0.003453,645562368,-34,1,0,0
0,34,expert,376.393381,376.806922,0.413541,280887296,0,0,16,0
0,34,compute,376.345681,376.899474,0.553792,0,0,0,0,0
0,35,trunk,376.899476,376.902845,0.003369,431890432,-35,1,0,0
0,35,expert,376.938844,377.517804,0.578960,280887296,0,0,16,0
0,35,compute,376.902873,377.607605,0.704732,0,0,0,0,0
0,36,trunk,377.607608,377.610979,0.003372,645562368,-36,1,0,0
0,36,expert,377.663982,378.242596,0.578614,280887296,0,0,16,0
0,36,compute,377.611001,378.356037,0.745036,0,0,0,0,0
0,37,trunk,378.356038,378.359359,0.003320,645562368,-37,1,0,0
0,37,expert,378.409455,378.979216,0.569761,280887296,0,0,16,0
0,37,compute,378.359382,379.099000,0.739618,0,0,0,0,0
0,38,trunk,379.099002,379.102508,0.003506,645562368,-38,1,0,0
0,38,expert,379.150590,379.556461,0.405871,280887296,0,0,16,0
0,38,compute,379.102532,379.650432,0.547900,0,0,0,0,0
0,39,trunk,379.650433,379.653848,0.003415,431890432,-39,1,0,0
0,39,expert,379.681227,380.280244,0.599017,280887296,0,0,16,0
0,39,compute,379.653871,380.371674,0.717803,0,0,0,0,0
0,40,trunk,380.371676,380.375029,0.003353,645562368,-40,1,0,0
0,40,expert,380.425217,380.978553,0.553336,280887296,0,0,16,0
0,40,compute,380.375050,381.090230,0.715180,0,0,0,0,0
0,41,trunk,381.090231,381.093386,0.003155,645562368,-41,1,0,0
0,41,expert,381.144254,381.671174,0.526920,280887296,0,0,16,0
0,41,compute,381.093407,381.782244,0.688838,0,0,0,0,0
0,42,trunk,381.782246,381.785796,0.003550,645562368,-42,1,0,0
0,42,expert,381.834069,382.241449,0.407379,280887296,0,0,16,0
0,42,compute,381.785819,382.382204,0.596385,0,0,0,0,0
0,43,trunk,382.382206,382.385600,0.003394,431890432,-43,1,0,0
0,43,expert,382.423077,383.006156,0.583079,280887296,0,0,16,0
0,43,compute,382.385621,383.118213,0.732592,0,0,0,0,0
0,44,trunk,383.118215,383.121698,0.003484,645562368,-44,1,0,0
0,44,expert,383.189870,383.728174,0.538304,280887296,0,0,16,0
0,44,compute,383.121719,383.842355,0.720635,0,0,0,0,0
0,45,trunk,383.842356,383.846813,0.004456,645562368,-45,1,0,0
0,45,expert,383.906747,384.445789,0.539042,280887296,0,0,16,0
0,45,compute,383.846837,384.560049,0.713212,0,0,0,0,0
0,46,trunk,384.560051,384.563559,0.003508,645562368,-46,1,0,0
0,46,expert,384.620772,385.051051,0.430279,280887296,0,0,16,0
0,46,compute,384.563607,385.166204,0.602597,0,0,0,0,0
0,47,trunk,385.166206,385.169725,0.003520,431890432,-47,1,0,0
0,47,expert,385.203590,385.813036,0.609446,280887296,0,0,16,0
0,47,compute,385.169769,385.908682,0.738914,0,0,0,0,0
0,48,trunk,385.908684,385.912113,0.003430,645562368,-48,1,0,0
0,48,expert,385.965579,386.532367,0.566788,280887296,0,0,16,0
0,48,compute,385.912131,386.646334,0.734203,0,0,0,0,0
0,49,trunk,386.646337,386.649728,0.003391,645562368,-49,1,0,0
0,49,expert,386.701444,387.300763,0.599319,280887296,0,0,16,0
0,49,compute,386.649749,387.414192,0.764442,0,0,0,0,0
0,50,trunk,387.414194,387.417869,0.003676,645562368,-50,1,0,0
0,50,expert,387.468958,387.914616,0.445658,280887296,0,0,16,0
0,50,compute,387.417913,388.027004,0.609091,0,0,0,0,0
0,51,trunk,388.027005,388.030254,0.003249,431890432,-51,1,0,0
0,51,expert,388.065417,388.684713,0.619295,280887296,0,0,16,0
0,51,compute,388.030277,388.777223,0.746946,0,0,0,0,0
0,52,trunk,388.777228,388.780629,0.003401,645562368,-52,1,0,0
0,52,expert,388.832407,389.391207,0.558800,280887296,0,0,16,0
0,52,compute,388.780667,389.503003,0.722336,0,0,0,0,0
0,53,trunk,389.503005,389.506328,0.003324,645562368,-53,1,0,0
0,53,expert,389.563275,390.158678,0.595403,280887296,0,0,16,0
0,53,compute,389.506352,390.258087,0.751736,0,0,0,0,0
0,54,trunk,390.258089,390.261517,0.003428,645562368,-54,1,0,0
0,54,expert,390.319311,390.776567,0.457256,280887296,0,0,16,0
0,54,compute,390.261546,390.887023,0.625477,0,0,0,0,0
0,55,trunk,390.887024,390.890634,0.003610,431890432,-55,1,0,0
0,55,expert,390.921155,391.517303,0.596148,280887296,0,0,16,0
0,55,compute,390.890665,391.630310,0.739645,0,0,0,0,0
0,56,trunk,391.630311,391.633896,0.003584,645562368,-56,1,0,0
0,56,expert,391.687733,392.305865,0.618132,280887296,0,0,16,0
0,56,compute,391.633923,392.422191,0.788269,0,0,0,0,0
0,57,trunk,392.422193,392.425502,0.003309,645562368,-57,1,0,0
0,57,expert,392.479208,393.042626,0.563418,280887296,0,0,16,0
0,57,compute,392.425525,393.182678,0.757154,0,0,0,0,0
0,58,trunk,393.182680,393.186278,0.003598,645562368,-58,1,0,0
0,58,expert,393.234501,393.651489,0.416988,280887296,0,0,16,0
0,58,compute,393.186304,393.770256,0.583952,0,0,0,0,0
0,59,trunk,393.770258,393.774041,0.003783,431890432,-59,1,0,0
0,59,expert,393.815139,394.379873,0.564734,280887296,0,0,16,0
0,59,compute,393.774070,394.472611,0.698541,0,0,0,0,0
0,60,trunk,394.472614,394.476115,0.003502,645562368,-60,1,0,0
0,60,expert,394.534214,395.112389,0.578175,280887296,0,0,16,0
0,60,compute,394.476133,395.227545,0.751412,0,0,0,0,0
0,61,trunk,395.227546,395.230899,0.003352,645562368,-61,1,0,0
0,61,expert,395.282679,395.873589,0.590910,280887296,0,0,16,0
0,61,compute,395.230921,395.990180,0.759259,0,0,0,0,0
0,62,trunk,395.990182,395.993902,0.003720,645562368,-62,1,0,0
0,62,expert,396.043569,396.480065,0.436496,280887296,0,0,16,0
0,62,compute,395.993923,396.574652,0.580729,0,0,0,0,0
0,63,trunk,396.574653,396.578134,0.003481,431890432,-63,1,0,0
0,63,expert,396.612927,397.205231,0.592304,280887296,0,0,16,0
0,63,compute,396.578154,397.298744,0.720589,0,0,0,0,0
0,64,trunk,397.298747,397.302258,0.003511,645562368,-64,1,0,0
0,64,expert,397.354370,397.968393,0.614023,280887296,0,0,16,0
0,64,compute,397.302281,398.060907,0.758626,0,0,0,0,0
0,65,trunk,398.060909,398.064354,0.003445,645562368,-65,1,0,0
0,65,expert,398.114994,398.702156,0.587162,280887296,0,0,16,0
0,65,compute,398.064372,398.819843,0.755471,0,0,0,0,0
0,66,trunk,398.819844,398.823342,0.003497,645562368,-66,1,0,0
0,66,expert,398.874314,399.295959,0.421646,280887296,0,0,16,0
0,66,compute,398.823373,399.392575,0.569202,0,0,0,0,0
0,67,trunk,399.392577,399.396613,0.004036,431890432,-67,1,0,0
0,67,expert,399.431053,400.011555,0.580502,280887296,0,0,16,0
0,67,compute,399.396692,400.118105,0.721413,0,0,0,0,0
0,68,trunk,400.118107,400.121476,0.003369,645562368,-68,1,0,0
0,68,expert,400.177372,400.754118,0.576746,280887296,0,0,16,0
0,68,compute,400.121498,400.847710,0.726213,0,0,0,0,0
0,69,trunk,400.847712,400.851087,0.003375,645562368,-69,1,0,0
0,69,expert,400.904781,401.468925,0.564144,280887296,0,0,16,0
0,69,compute,400.851109,401.562777,0.711668,0,0,0,0,0
0,70,trunk,401.562779,401.566927,0.004148,645562368,-70,1,0,0
0,70,expert,401.613336,402.044867,0.431531,280887296,0,0,16,0
0,70,compute,401.566950,402.158193,0.591243,0,0,0,0,0
0,71,trunk,402.158194,402.161776,0.003582,431890432,-71,1,0,0
0,71,expert,402.195717,402.808679,0.612962,280887296,0,0,16,0
0,71,compute,402.161796,402.904904,0.743108,0,0,0,0,0
0,72,trunk,402.904906,402.908391,0.003485,645562368,-72,1,0,0
0,72,expert,402.963298,403.556070,0.592772,280887296,0,0,16,0
0,72,compute,402.908410,403.644948,0.736538,0,0,0,0,0
0,73,trunk,403.644950,403.648667,0.003716,645562368,-73,1,0,0
0,73,expert,403.705566,404.246861,0.541294,280887296,0,0,16,0
0,73,compute,403.648684,404.362222,0.713539,0,0,0,0,0
0,74,trunk,404.362224,404.365742,0.003518,645562368,-74,1,0,0
0,74,expert,404.426549,404.855148,0.428598,280887296,0,0,16,0
0,74,compute,404.365787,404.970307,0.604520,0,0,0,0,0
0,75,trunk,404.970309,404.973877,0.003568,431890432,-75,1,0,0
0,75,expert,405.009012,405.567054,0.558041,280887296,0,0,16,0
0,75,compute,404.973900,405.682920,0.709020,0,0,0,0,0
0,76,trunk,405.682923,405.687291,0.004368,645562368,-76,1,0,0
0,76,expert,405.752208,406.267617,0.515409,280887296,0,0,16,0
0,76,compute,405.687342,406.379650,0.692308,0,0,0,0,0
0,77,trunk,406.379651,406.383503,0.003851,645562368,-77,1,0,0
0,77,expert,406.434174,407.021505,0.587331,280887296,0,0,16,0
0,77,compute,406.383549,407.142946,0.759398,0,0,0,0,0
0,78,trunk,407.142952,407.146435,0.003483,645562368,-78,1,0,0
0,78,expert,407.196106,407.641899,0.445793,280887296,0,0,16,0
0,78,compute,407.146456,407.740995,0.594538,0,0,0,0,0
0,79,trunk,407.740996,407.744297,0.003301,431890432,-79,1,0,0
0,79,expert,407.777476,408.337976,0.560500,280887296,0,0,16,0
0,79,compute,407.744316,408.454200,0.709884,0,0,0,0,0
0,80,trunk,408.454201,408.457760,0.003558,645562368,-80,1,0,0
0,80,expert,408.509679,409.054396,0.544717,280887296,0,0,16,0
0,80,compute,408.457778,409.146769,0.688991,0,0,0,0,0
0,81,trunk,409.146774,409.150380,0.003605,645562368,-81,1,0,0
0,81,expert,409.201595,409.756501,0.554906,280887296,0,0,16,0
0,81,compute,409.150424,409.870366,0.719943,0,0,0,0,0
0,82,trunk,409.870368,409.874245,0.003876,645562368,-82,1,0,0
0,82,expert,410.000270,410.324562,0.324292,280887296,0,0,16,0
0,82,compute,409.874269,410.440060,0.565791,0,0,0,0,0
0,83,trunk,410.440062,410.443990,0.003929,431890432,-83,1,0,0
0,83,expert,410.495471,411.044021,0.548550,280887296,0,0,16,0
0,83,compute,410.448062,411.153352,0.705290,0,0,0,0,0
0,84,trunk,411.153354,411.156910,0.003556,645562368,-84,1,0,0
0,84,expert,411.218378,411.770726,0.552348,280887296,0,0,16,0
0,84,compute,411.156939,411.882157,0.725218,0,0,0,0,0
0,85,trunk,411.882159,411.885410,0.003251,645562368,-85,1,0,0
0,85,expert,411.944396,412.493091,0.548695,280887296,0,0,16,0
0,85,compute,411.885758,412.585767,0.700009,0,0,0,0,0
0,86,trunk,412.585769,412.589097,0.003328,645562368,-86,1,0,0
0,86,expert,412.639323,413.052674,0.413350,280887296,0,0,16,0
0,86,compute,412.589361,413.170220,0.580860,0,0,0,0,0
0,87,trunk,413.170222,413.173584,0.003362,431890432,-87,1,0,0
0,87,expert,413.211993,413.764021,0.552028,280887296,0,0,16,0
0,87,compute,413.173894,413.857797,0.683903,0,0,0,0,0
0,88,trunk,413.857799,413.861169,0.003370,645562368,-88,1,0,0
0,88,expert,413.915730,414.474299,0.558569,280887296,0,0,16,0
0,88,compute,413.861478,414.586205,0.724727,0,0,0,0,0
0,89,trunk,414.586206,414.589618,0.003412,645562368,-89,1,0,0
0,89,expert,414.644267,415.059486,0.415219,280887296,0,0,16,0
0,89,compute,414.589915,415.149992,0.560077,0,0,0,0,0
0,90,trunk,415.149994,415.231710,0.081716,645562368,-90,1,0,0
0,90,expert,415.280652,415.694599,0.413947,280887296,0,0,16,0
0,90,compute,415.231768,415.810168,0.578401,0,0,0,0,0
0,91,trunk,415.810170,415.813648,0.003478,431890432,-91,1,0,0
0,91,expert,415.843304,416.276589,0.433285,280887296,0,0,16,0
0,91,compute,415.813676,416.394202,0.580526,0,0,0,0,0
0,92,trunk,416.394204,416.397769,0.003565,431890432,-92,1,0,0
0,92,expert,416.419401,416.608711,0.189310,280887296,0,0,16,0
0,92,compute,416.397771,416.722225,0.324454,0,0,0,0,0
1,0,trunk,416.823155,416.823192,0.000038,0,-92,0,0,0
1,0,compute,416.823205,416.942937,0.119732,0,0,0,0,0
1,1,trunk,416.942938,417.210913,0.267975,645562368,-92,1,0,0
1,1,expert,417.267590,417.765473,0.497882,280887296,0,0,16,0
1,1,compute,417.210975,417.878214,0.667239,0,0,0,0,0
1,2,trunk,417.878216,417.881565,0.003350,645562368,-93,1,0,0
1,2,expert,417.930055,418.302108,0.372053,263331840,0,0,15,0
1,2,compute,417.881587,418.414218,0.532631,0,0,0,0,0
1,3,trunk,418.414220,418.417716,0.003495,431890432,-94,1,0,0
1,3,expert,418.454627,418.852623,0.397997,193110016,0,0,11,0
1,3,compute,418.417759,418.965837,0.548078,0,0,0,0,0
1,4,trunk,418.965839,418.969187,0.003349,645562368,-95,1,0,0
1,4,expert,419.027069,419.483952,0.456883,263331840,0,0,15,0
1,4,compute,418.969209,419.572712,0.603502,0,0,0,0,0
1,5,trunk,419.572713,419.576078,0.003365,645562368,-96,1,0,0
1,5,expert,419.633677,420.110704,0.477027,263331840,0,0,15,0
1,5,compute,419.576096,420.222398,0.646303,0,0,0,0,0
1,6,trunk,420.222400,420.225754,0.003354,645562368,-97,1,0,0
1,6,expert,420.276615,420.628973,0.352358,245776384,0,0,14,0
1,6,compute,420.225776,420.742194,0.516419,0,0,0,0,0
1,7,trunk,420.742197,420.745789,0.003592,431890432,-98,1,0,0
1,7,expert,420.782696,421.259432,0.476736,245776384,0,0,14,0
1,7,compute,420.745816,421.370445,0.624629,0,0,0,0,0
1,8,trunk,421.370447,421.373808,0.003361,645562368,-99,1,0,0
1,8,expert,421.429033,421.929945,0.500913,280887296,0,0,16,0
1,8,compute,421.373830,422.050209,0.676379,0,0,0,0,0
1,9,trunk,422.050210,422.053692,0.003482,645562368,-100,1,0,0
1,9,expert,422.108528,422.574918,0.466390,228220928,0,0,13,0
1,9,compute,422.053719,422.694348,0.640629,0,0,0,0,0
1,10,trunk,422.694350,422.697714,0.003364,645562368,-101,1,0,0
1,10,expert,422.748557,423.073242,0.324686,245776384,0,0,14,0
1,10,compute,422.697735,423.190861,0.493127,0,0,0,0,0
1,11,trunk,423.190863,423.194564,0.003700,431890432,-102,1,0,0
1,11,expert,423.232377,423.738248,0.505871,263331840,0,0,15,0
1,11,compute,423.194594,423.847129,0.652535,0,0,0,0,0
1,12,trunk,423.847131,423.850696,0.003565,645562368,-103,1,0,0
1,12,expert,423.904720,424.376290,0.471571,228220928,0,0,13,0
1,12,compute,423.850720,424.471399,0.620679,0,0,0,0,0
1,13,trunk,424.471401,424.474781,0.003380,645562368,-104,1,0,0
1,13,expert,424.529545,424.991557,0.462012,245776384,0,0,14,0
1,13,compute,424.474804,425.084927,0.610123,0,0,0,0,0
1,14,trunk,425.084929,425.088269,0.003340,645562368,-105,1,0,0
1,14,expert,425.137322,425.500110,0.362788,263331840,0,0,15,0
1,14,compute,425.088286,425.595431,0.507145,0,0,0,0,0
1,15,trunk,425.595432,425.598855,0.003423,431890432,-106,1,0,0
1,15,expert,425.636950,426.125330,0.488380,263331840,0,0,15,0
1,15,compute,425.604213,426.246230,0.642018,0,0,0,0,0
1,16,trunk,426.246232,426.249593,0.003361,645562368,-107,1,0,0
1,16,expert,426.308570,426.749385,0.440815,263331840,0,0,15,0
1,16,compute,426.254983,426.863059,0.608076,0,0,0,0,0
1,17,trunk,426.863061,426.866729,0.003668,645562368,-108,1,0,0
1,17,expert,426.933078,427.408200,0.475122,280887296,0,0,16,0
1,17,compute,426.872022,427.503264,0.631242,0,0,0,0,0
1,18,trunk,427.503265,427.506664,0.003398,645562368,-109,1,0,0
1,18,expert,427.563787,427.932534,0.368747,263331840,0,0,15,0
1,18,compute,427.510270,428.038224,0.527955,0,0,0,0,0
1,19,trunk,428.038227,428.042073,0.003847,431890432,-110,1,0,0
1,19,expert,428.093401,428.537618,0.444216,245776384,0,0,14,0
1,19,compute,428.047915,428.650182,0.602267,0,0,0,0,0
1,20,trunk,428.650184,428.653611,0.003427,645562368,-111,1,0,0
1,20,expert,428.711855,429.160455,0.448601,263331840,0,0,15,0
1,20,compute,428.659964,429.273123,0.613160,0,0,0,0,0
1,21,trunk,429.273125,429.276636,0.003511,645562368,-112,1,0,0
1,21,expert,429.333664,429.807978,0.474314,245776384,0,0,14,0
1,21,compute,429.281877,429.917081,0.635204,0,0,0,0,0
1,22,trunk,429.917083,429.920586,0.003503,645562368,-113,1,0,0
1,22,expert,429.973070,430.333923,0.360853,263331840,0,0,15,0
1,22,compute,429.924509,430.474259,0.549750,0,0,0,0,0
1,23,trunk,430.474262,430.478130,0.003868,431890432,-114,1,0,0
1,23,expert,430.536733,430.947680,0.410947,210665472,0,0,12,0
1,23,compute,430.483674,431.044335,0.560661,0,0,0,0,0
1,24,trunk,431.044337,431.047698,0.003361,645562368,-115,1,0,0
1,24,expert,431.105501,431.621222,0.515720,193110016,0,0,11,0
1,24,compute,431.047878,431.742246,0.694369,0,0,0,0,0
1,25,trunk,431.742249,431.745896,0.003647,645562368,-116,1,0,0
1,25,expert,431.797265,432.308937,0.511671,245776384,0,0,14,0
1,25,compute,431.745919,432.422210,0.676290,0,0,0,0,0
1,26,trunk,432.422211,432.425599,0.003387,645562368,-117,1,0,0
1,26,expert,432.475557,432.840973,0.365415,193110016,0,0,11,0
1,26,compute,432.425620,432.959152,0.533531,0,0,0,0,0
1,27,trunk,432.959153,432.962774,0.003620,431890432,-118,1,0,0
1,27,expert,432.995874,433.455261,0.459387,228220928,0,0,13,0
1,27,compute,432.962800,433.567014,0.604214,0,0,0,0,0
1,28,trunk,433.567043,433.570499,0.003456,645562368,-119,1,0,0
1,28,expert,433.625090,434.089024,0.463933,263331840,0,0,15,0
1,28,compute,433.570526,434.210194,0.639669,0,0,0,0,0
1,29,trunk,434.210196,434.213677,0.003481,645562368,-120,1,0,0
1,29,expert,434.271064,434.772223,0.501159,245776384,0,0,14,0
1,29,compute,434.213698,434.878169,0.664471,0,0,0,0,0
1,30,trunk,434.878171,434.882011,0.003840,645562368,-121,1,0,0
1,30,expert,434.936735,435.320191,0.383456,245776384,0,0,14,0
1,30,compute,434.882050,435.409642,0.527592,0,0,0,0,0
1,31,trunk,435.409643,435.413051,0.003407,431890432,-122,1,0,0
1,31,expert,435.448085,436.011656,0.563571,280887296,0,0,16,0
1,31,compute,435.413072,436.131030,0.717958,0,0,0,0,0
1,32,trunk,436.131032,436.134571,0.003539,645562368,-123,1,0,0
1,32,expert,436.187499,436.725116,0.537617,245776384,0,0,14,0
1,32,compute,436.134592,436.838410,0.703817,0,0,0,0,0
1,33,trunk,436.838412,436.841900,0.003488,645562368,-124,1,0,0
1,33,expert,436.898064,440.696352,3.798288,245776384,0,0,14,0
1,33,compute,436.841945,440.810136,3.968191,0,0,0,0,0
1,34,trunk,440.810138,440.813527,0.003389,645562368,-125,1,0,0
1,34,expert,440.861975,449.380475,8.518500,280887296,0,0,16,0
1,34,compute,440.813547,449.494286,8.680738,0,0,0,0,0
1,35,trunk,449.494288,449.497870,0.003583,431890432,-126,1,0,0
1,35,expert,449.533613,457.457641,7.924029,280887296,0,0,16,0
1,35,compute,449.497892,457.570207,8.072315,0,0,0,0,0
1,36,trunk,457.570209,457.573558,0.003349,645562368,-127,1,0,0
1,36,expert,457.625910,461.812367,4.186456,193110016,0,0,11,0
1,36,compute,457.573580,461.930199,4.356619,0,0,0,0,0
1,37,trunk,461.930201,461.933619,0.003418,645562368,-128,1,0,0
1,37,expert,461.998545,467.699269,5.700725,228220928,0,0,13,0
1,37,compute,461.933639,467.811129,5.877490,0,0,0,0,0
1,38,trunk,467.811131,467.814625,0.003494,645562368,-129,1,0,0
1,38,expert,467.865754,474.467547,6.601793,245776384,0,0,14,0
1,38,compute,467.814662,474.578190,6.763527,0,0,0,0,0
1,39,trunk,474.578191,474.581177,0.002986,431890432,-130,1,0,0
1,39,expert,474.619261,482.756113,8.136852,263331840,0,0,15,0
1,39,compute,474.581198,482.868037,8.286839,0,0,0,0,0
1,40,trunk,482.868039,482.871578,0.003540,645562368,-131,1,0,0
1,40,expert,483.005716,488.396129,5.390413,228220928,0,0,13,0
1,40,compute,482.871637,488.510158,5.638522,0,0,0,0,0
1,41,trunk,488.510160,488.513645,0.003485,645562368,-132,1,0,0
1,41,expert,488.661568,494.133511,5.471942,228220928,0,0,13,0
1,41,compute,488.513665,494.254202,5.740537,0,0,0,0,0
1,42,trunk,494.254204,494.257616,0.003412,645562368,-133,1,0,0
1,42,expert,494.308113,497.502547,3.194434,140443648,0,0,8,0
1,42,compute,494.257637,497.614188,3.356551,0,0,0,0,0
1,43,trunk,497.614189,497.617590,0.003401,431890432,-134,1,0,0
1,43,expert,497.678333,504.987444,7.309111,228220928,0,0,13,0
1,43,compute,497.617610,505.106841,7.489231,0,0,0,0,0
1,44,trunk,505.106844,505.111962,0.005118,645562368,-135,1,0,0
1,44,expert,505.191041,505.683440,0.492399,228220928,0,0,13,0
1,44,compute,505.112156,505.788086,0.675930,0,0,0,0,0
1,45,trunk,505.788088,505.793116,0.005028,645562368,-136,1,0,0
1,45,expert,505.859069,509.697260,3.838191,175554560,0,0,10,0
1,45,compute,505.793135,509.818351,4.025216,0,0,0,0,0
1,46,trunk,509.818353,509.822923,0.004570,645562368,-137,1,0,0
1,46,expert,509.880855,510.207637,0.326782,140443648,0,0,8,0
1,46,compute,509.822944,510.327384,0.504440,0,0,0,0,0
1,47,trunk,510.327386,510.331906,0.004520,431890432,-138,1,0,0
1,47,expert,510.375203,510.916434,0.541232,193110016,0,0,11,0
1,47,compute,510.331934,511.040041,0.708108,0,0,0,0,0
1,48,trunk,511.040043,511.043435,0.003392,645562368,-139,1,0,0
1,48,expert,511.118833,513.162964,2.044130,228220928,0,0,13,0
1,48,compute,511.043457,513.292039,2.248582,0,0,0,0,0
1,49,trunk,513.292041,513.300864,0.008823,645562368,-140,1,0,0
1,49,expert,513.490057,513.860594,0.370537,157999104,0,0,9,0
1,49,compute,513.300907,513.970867,0.669959,0,0,0,0,0
1,50,trunk,513.970868,513.975983,0.005115,645562368,-141,1,0,0
1,50,expert,514.054451,518.052284,3.997833,210665472,0,0,12,0
1,50,compute,513.976037,518.175296,4.199259,0,0,0,0,0
1,51,trunk,518.175299,518.180112,0.004813,431890432,-142,1,0,0
1,51,expert,518.228037,518.764370,0.536333,210665472,0,0,12,0
1,51,compute,518.180129,518.863128,0.683000,0,0,0,0,0
1,52,trunk,518.863131,518.868086,0.004955,645562368,-143,1,0,0
1,52,expert,518.942481,519.437468,0.494987,263331840,0,0,15,0
1,52,compute,518.869993,519.558235,0.688242,0,0,0,0,0
1,53,trunk,519.558237,519.562442,0.004205,645562368,-144,1,0,0
1,53,expert,519.626525,520.116191,0.489666,175554560,0,0,10,0
1,53,compute,519.562463,520.210065,0.647603,0,0,0,0,0
1,54,trunk,520.210067,520.213508,0.003442,645562368,-145,1,0,0
1,54,expert,520.271359,520.675088,0.403728,210665472,0,0,12,0
1,54,compute,520.213537,520.786169,0.572632,0,0,0,0,0
1,55,trunk,520.786171,520.789618,0.003446,431890432,-146,1,0,0
1,55,expert,520.835752,521.382382,0.546631,245776384,0,0,14,0
1,55,compute,520.789642,521.498474,0.708832,0,0,0,0,0
1,56,trunk,521.498476,521.501927,0.003451,645562368,-147,1,0,0
1,56,expert,521.576208,522.219083,0.642875,280887296,0,0,16,0
1,56,compute,521.501989,522.330495,0.828506,0,0,0,0,0
1,57,trunk,522.330497,522.333889,0.003392,645562368,-148,1,0,0
1,57,expert,522.422834,522.921176,0.498342,280887296,0,0,16,0
1,57,compute,522.333909,523.034230,0.700321,0,0,0,0,0
1,58,trunk,523.034232,523.037585,0.003353,645562368,-149,1,0,0
1,58,expert,523.092164,523.480207,0.388043,245776384,0,0,14,0
1,58,compute,523.037609,523.573611,0.536002,0,0,0,0,0
1,59,trunk,523.573613,523.577076,0.003463,431890432,-150,1,0,0
1,59,expert,523.618847,524.172243,0.553396,263331840,0,0,15,0
1,59,compute,523.577097,524.284049,0.706952,0,0,0,0,0
1,60,trunk,524.284050,524.287343,0.003293,645562368,-151,1,0,0
1,60,expert,524.357119,525.025108,0.667989,280887296,0,0,16,0
1,60,compute,524.287382,525.175872,0.888490,0,0,0,0,0
1,61,trunk,525.175874,525.179258,0.003384,645562368,-152,1,0,0
1,61,expert,525.241609,525.802269,0.560659,280887296,0,0,16,0
1,61,compute,525.179281,525.974166,0.794885,0,0,0,0,0
1,62,trunk,525.974168,525.977506,0.003338,645562368,-153,1,0,0
1,62,expert,526.039950,526.422425,0.382474,263331840,0,0,15,0
1,62,compute,525.977547,526.578172,0.600625,0,0,0,0,0
1,63,trunk,526.578175,526.581273,0.003098,431890432,-154,1,0,0
1,63,expert,526.621979,527.192035,0.570056,263331840,0,0,15,0
1,63,compute,526.581295,527.362217,0.780922,0,0,0,0,0
1,64,trunk,527.362219,527.365483,0.003265,645562368,-155,1,0,0
1,64,expert,527.432929,527.993321,0.560392,280887296,0,0,16,0
1,64,compute,527.365506,528.156098,0.790591,0,0,0,0,0
1,65,trunk,528.156099,528.159486,0.003386,645562368,-156,1,0,0
1,65,expert,528.236158,528.761557,0.525398,263331840,0,0,15,0
1,65,compute,528.159508,528.918553,0.759046,0,0,0,0,0
1,66,trunk,528.918555,528.921598,0.003043,645562368,-157,1,0,0
1,66,expert,528.983772,529.383172,0.399400,263331840,0,0,15,0
1,66,compute,528.921620,529.542249,0.620629,0,0,0,0,0
1,67,trunk,529.542251,529.545717,0.003466,431890432,-158,1,0,0
1,67,expert,529.611144,530.181220,0.570076,280887296,0,0,16,0
1,67,compute,529.545738,530.330176,0.784438,0,0,0,0,0
1,68,trunk,530.330178,530.333537,0.003359,645562368,-159,1,0,0
1,68,expert,530.393374,530.937520,0.544146,245776384,0,0,14,0
1,68,compute,530.333559,531.055042,0.721484,0,0,0,0,0
1,69,trunk,531.055044,531.058440,0.003396,645562368,-160,1,0,0
1,69,expert,531.119623,531.668493,0.548870,280887296,0,0,16,0
1,69,compute,531.058462,531.794240,0.735778,0,0,0,0,0
1,70,trunk,531.794241,531.797585,0.003344,645562368,-161,1,0,0
1,70,expert,531.861891,532.255609,0.393718,280887296,0,0,16,0
1,70,compute,531.797613,532.375003,0.577390,0,0,0,0,0
1,71,trunk,532.375006,532.378653,0.003647,431890432,-162,1,0,0
1,71,expert,532.411495,533.013114,0.601619,280887296,0,0,16,0
1,71,compute,532.378702,533.126176,0.747474,0,0,0,0,0
1,72,trunk,533.126178,533.129555,0.003377,645562368,-163,1,0,0
1,72,expert,533.199729,533.777934,0.578205,280887296,0,0,16,0
1,72,compute,533.129581,533.899020,0.769439,0,0,0,0,0
1,73,trunk,533.899021,533.902559,0.003538,645562368,-164,1,0,0
1,73,expert,533.964301,534.544329,0.580028,263331840,0,0,15,0
1,73,compute,533.902582,534.637806,0.735223,0,0,0,0,0
1,74,trunk,534.637808,534.641203,0.003395,645562368,-165,1,0,0
1,74,expert,534.697885,535.094102,0.396218,228220928,0,0,13,0
1,74,compute,534.641225,535.200394,0.559169,0,0,0,0,0
1,75,trunk,535.200396,535.203788,0.003392,431890432,-166,1,0,0
1,75,expert,535.239570,535.709234,0.469664,193110016,0,0,11,0
1,75,compute,535.203813,535.846194,0.642381,0,0,0,0,0
1,76,trunk,535.846196,535.849231,0.003035,645562368,-167,1,0,0
1,76,expert,535.916639,536.429776,0.513137,245776384,0,0,14,0
1,76,compute,535.849250,536.529412,0.680163,0,0,0,0,0
1,77,trunk,536.529414,536.533066,0.003652,645562368,-168,1,0,0
1,77,expert,536.583877,537.166037,0.582161,280887296,0,0,16,0
1,77,compute,536.533088,537.282209,0.749120,0,0,0,0,0
1,78,trunk,537.282210,537.285577,0.003366,645562368,-169,1,0,0
1,78,expert,537.344573,537.754166,0.409593,263331840,0,0,15,0
1,78,compute,537.285599,537.870207,0.584609,0,0,0,0,0
1,79,trunk,537.870209,537.873632,0.003423,431890432,-170,1,0,0
1,79,expert,537.922687,538.486118,0.563430,263331840,0,0,15,0
1,79,compute,537.873655,538.595232,0.721578,0,0,0,0,0
1,80,trunk,538.595234,538.598609,0.003375,645562368,-171,1,0,0
1,80,expert,538.654028,539.179550,0.525522,245776384,0,0,14,0
1,80,compute,538.598631,539.322161,0.723530,0,0,0,0,0
1,81,trunk,539.322163,539.325515,0.003352,645562368,-172,1,0,0
1,81,expert,539.383394,539.912409,0.529015,245776384,0,0,14,0
1,81,compute,539.325538,540.038282,0.712744,0,0,0,0,0
1,82,trunk,540.038283,540.041713,0.003430,645562368,-173,1,0,0
1,82,expert,540.094415,540.474567,0.380152,245776384,0,0,14,0
1,82,compute,540.041733,540.598328,0.556595,0,0,0,0,0
1,83,trunk,540.598329,540.601797,0.003468,431890432,-174,1,0,0
1,83,expert,540.644371,541.083417,0.439046,87777280,0,0,5,0
1,83,compute,540.601819,541.202209,0.600390,0,0,0,0,0
1,84,trunk,541.202211,541.205899,0.003687,645562368,-175,1,0,0
1,84,expert,541.269807,541.769984,0.500177,193110016,0,0,11,0
1,84,compute,541.205920,541.886217,0.680297,0,0,0,0,0
1,85,trunk,541.886218,541.889540,0.003322,645562368,-176,1,0,0
1,85,expert,541.951416,542.467882,0.516466,193110016,0,0,11,0
1,85,compute,541.889561,542.567985,0.678424,0,0,0,0,0
1,86,trunk,542.567987,542.571375,0.003388,645562368,-177,1,0,0
1,86,expert,542.635194,543.012942,0.377748,193110016,0,0,11,0
1,86,compute,542.571401,543.123639,0.552238,0,0,0,0,0
1,87,trunk,543.123640,543.127060,0.003420,431890432,-178,1,0,0
1,87,expert,543.175521,543.659330,0.483809,175554560,0,0,10,0
1,87,compute,543.127083,543.782210,0.655127,0,0,0,0,0
1,88,trunk,543.782212,543.785654,0.003442,645562368,-179,1,0,0
1,88,expert,543.843603,544.318826,0.475223,140443648,0,0,8,0
1,88,compute,543.785706,544.434206,0.648500,0,0,0,0,0
1,89,trunk,544.434207,544.437571,0.003364,645562368,-180,1,0,0
1,89,expert,544.498404,544.743119,0.244715,140443648,0,0,8,0
1,89,compute,544.437592,544.854219,0.416626,0,0,0,0,0
1,90,trunk,544.854220,544.992955,0.138735,645562368,-181,1,0,0
1,90,expert,545.049851,545.395508,0.345657,157999104,0,0,9,0
1,90,compute,544.993006,545.518399,0.525393,0,0,0,0,0
1,91,trunk,545.518400,545.521844,0.003444,431890432,-182,1,0,0
1,91,expert,545.589631,545.937767,0.348137,193110016,0,0,11,0
1,91,compute,545.521865,546.054239,0.532374,0,0,0,0,0
1,92,trunk,546.054241,546.057709,0.003468,431890432,-183,1,0,0
1,92,expert,546.081473,546.187942,0.106469,157999104,0,0,9,0
1,92,compute,546.057710,546.292257,0.234546,0,0,0,0,0
2,0,trunk,546.394185,546.394305,0.000120,0,-183,0,0,0
2,0,compute,546.394318,546.512737,0.118419,0,0,0,0,0
2,1,trunk,546.512739,546.779495,0.266757,645562368,-183,1,0,0
2,1,expert,546.918232,547.280867,0.362635,210665472,0,0,12,0
2,1,compute,546.779558,547.383948,0.604391,0,0,0,0,0
2,2,trunk,547.383950,547.387336,0.003385,645562368,-184,1,0,0
2,2,expert,547.433924,547.773105,0.339181,193110016,0,0,11,0
2,2,compute,547.387358,547.910831,0.523473,0,0,0,0,0
2,3,trunk,547.910833,547.914255,0.003422,431890432,-185,1,0,0
2,3,expert,547.960296,550.006870,2.046574,193110016,0,0,11,0
2,3,compute,547.914277,550.142192,2.227916,0,0,0,0,0
2,4,trunk,550.142194,550.856805,0.714611,645562368,-186,1,0,0
2,4,expert,550.928825,559.824191,8.895366,210665472,0,0,12,0
2,4,compute,550.856857,559.950198,9.093341,0,0,0,0,0
2,5,trunk,559.950199,559.953858,0.003659,645562368,-187,1,0,0
2,5,expert,560.023040,560.446778,0.423738,175554560,0,0,10,0
2,5,compute,559.953886,560.566181,0.612295,0,0,0,0,0
2,6,trunk,560.566182,560.569551,0.003369,645562368,-188,1,0,0
2,6,expert,560.643194,560.970324,0.327129,245776384,0,0,14,0
2,6,compute,560.569573,561.094196,0.524623,0,0,0,0,0
2,7,trunk,561.094198,561.097611,0.003413,431890432,-189,1,0,0
2,7,expert,561.131394,561.608607,0.477212,210665472,0,0,12,0
2,7,compute,561.097639,561.714738,0.617099,0,0,0,0,0
2,8,trunk,561.714740,561.718159,0.003419,645562368,-190,1,0,0
2,8,expert,561.769744,562.246498,0.476755,210665472,0,0,12,0
2,8,compute,561.718206,562.378436,0.660230,0,0,0,0,0
2,9,trunk,562.378438,562.381828,0.003391,645562368,-191,1,0,0
2,9,expert,562.441648,562.881124,0.439476,193110016,0,0,11,0
2,9,compute,562.381856,563.002164,0.620308,0,0,0,0,0
2,10,trunk,563.002166,563.005645,0.003479,645562368,-192,1,0,0
2,10,expert,563.055447,563.362551,0.307104,140443648,0,0,8,0
2,10,compute,563.005704,563.460000,0.454296,0,0,0,0,0
2,11,trunk,563.460040,563.463469,0.003428,431890432,-193,1,0,0
2,11,expert,563.510869,563.963171,0.452302,193110016,0,0,11,0
2,11,compute,563.463494,564.057573,0.594079,0,0,0,0,0
2,12,trunk,564.057575,564.060910,0.003335,645562368,-194,1,0,0
2,12,expert,564.120113,564.566149,0.446036,210665472,0,0,12,0
2,12,compute,564.060931,564.682258,0.621327,0,0,0,0,0
2,13,trunk,564.682260,564.685587,0.003327,645562368,-195,1,0,0
2,13,expert,564.742775,565.172202,0.429427,193110016,0,0,11,0
2,13,compute,564.685608,565.273908,0.588300,0,0,0,0,0
2,14,trunk,565.273910,565.277308,0.003397,645562368,-196,1,0,0
2,14,expert,565.329304,565.623355,0.294052,157999104,0,0,9,0
2,14,compute,565.277329,565.763018,0.485689,0,0,0,0,0
2,15,trunk,565.763019,565.766530,0.003511,431890432,-197,1,0,0
2,15,expert,565.841655,566.261260,0.419605,193110016,0,0,11,0
2,15,compute,565.766555,566.378645,0.612090,0,0,0,0,0
2,16,trunk,566.378647,566.382217,0.003570,645562368,-198,1,0,0
2,16,expert,566.442123,566.848057,0.405935,193110016,0,0,11,0
2,16,compute,566.382238,566.966208,0.583969,0,0,0,0,0
2,17,trunk,566.966209,566.969579,0.003370,645562368,-199,1,0,0
2,17,expert,567.025877,567.469644,0.443767,210665472,0,0,12,0
2,17,compute,566.969601,567.567571,0.597971,0,0,0,0,0
2,18,trunk,567.567573,567.571054,0.003481,645562368,-200,1,0,0
2,18,expert,567.620000,567.984188,0.364188,210665472,0,0,12,0
2,18,compute,567.571076,568.082257,0.511181,0,0,0,0,0
2,19,trunk,568.082259,568.085681,0.003422,431890432,-201,1,0,0
2,19,expert,568.128695,568.562838,0.434143,193110016,0,0,11,0
2,19,compute,568.085703,568.674207,0.588504,0,0,0,0,0
2,20,trunk,568.674209,568.677551,0.003342,645562368,-202,1,0,0
2,20,expert,568.732674,569.144217,0.411544,193110016,0,0,11,0
2,20,compute,568.677621,569.240680,0.563059,0,0,0,0,0
2,21,trunk,569.240682,569.244131,0.003449,645562368,-203,1,0,0
2,21,expert,569.302137,569.765867,0.463730,228220928,0,0,13,0
2,21,compute,569.244150,569.887056,0.642906,0,0,0,0,0
2,22,trunk,569.887058,569.890451,0.003393,645562368,-204,1,0,0
2,22,expert,569.943329,570.302680,0.359351,245776384,0,0,14,0
2,22,compute,569.890472,570.414172,0.523700,0,0,0,0,0
2,23,trunk,570.414174,570.417550,0.003376,431890432,-205,1,0,0
2,23,expert,570.457139,570.902851,0.445712,210665472,0,0,12,0
2,23,compute,570.417570,571.001334,0.583764,0,0,0,0,0
2,24,trunk,571.001336,571.004820,0.003485,645562368,-206,1,0,0
2,24,expert,571.062649,571.572624,0.509975,193110016,0,0,11,0
2,24,compute,571.004839,571.671133,0.666294,0,0,0,0,0
2,25,trunk,571.671135,571.674716,0.003580,645562368,-207,1,0,0
2,25,expert,571.728625,572.255774,0.527149,245776384,0,0,14,0
2,25,compute,571.674765,572.354765,0.680000,0,0,0,0,0
2,26,trunk,572.354768,572.358180,0.003413,645562368,-208,1,0,0
2,26,expert,572.412995,572.780333,0.367339,210665472,0,0,12,0
2,26,compute,572.358219,572.878994,0.520775,0,0,0,0,0
2,27,trunk,572.878995,572.882431,0.003436,431890432,-209,1,0,0
2,27,expert,572.917293,573.389231,0.471938,245776384,0,0,14,0
2,27,compute,572.882452,573.490920,0.608468,0,0,0,0,0
2,28,trunk,573.490922,573.494478,0.003556,645562368,-210,1,0,0
2,28,expert,573.550682,573.983515,0.432834,210665472,0,0,12,0
2,28,compute,573.494503,574.106221,0.611717,0,0,0,0,0
2,29,trunk,574.106222,574.109643,0.003421,645562368,-211,1,0,0
2,29,expert,574.169928,574.649963,0.480035,210665472,0,0,12,0
2,29,compute,574.109665,574.742879,0.633214,0,0,0,0,0
2,30,trunk,574.742881,574.746211,0.003330,645562368,-212,1,0,0
2,30,expert,574.799028,575.193796,0.394768,263331840,0,0,15,0
2,30,compute,574.746233,575.314878,0.568646,0,0,0,0,0
2,31,trunk,575.314881,575.318381,0.003500,431890432,-213,1,0,0
2,31,expert,575.366107,575.889294,0.523187,210665472,0,0,12,0
2,31,compute,575.318403,576.006700,0.688297,0,0,0,0,0
2,32,trunk,576.006701,576.010119,0.003418,645562368,-214,1,0,0
2,32,expert,576.061271,576.532610,0.471339,193110016,0,0,11,0
2,32,compute,576.010195,576.658172,0.647977,0,0,0,0,0
2,33,trunk,576.658174,576.661638,0.003465,645562368,-215,1,0,0
2,33,expert,576.718133,577.090794,0.372661,193110016,0,0,11,0
2,33,compute,576.661663,577.202182,0.540519,0,0,0,0,0
2,34,trunk,577.202184,577.259484,0.057300,645562368,-216,1,0,0
2,34,expert,577.309073,577.705143,0.396070,228220928,0,0,13,0
2,34,compute,577.259539,577.834206,0.574667,0,0,0,0,0
2,35,trunk,577.834207,577.837767,0.003560,431890432,-217,1,0,0
2,35,expert,577.874131,578.430014,0.555883,228220928,0,0,13,0
2,35,compute,577.837794,578.546216,0.708422,0,0,0,0,0
2,36,trunk,578.546218,578.549537,0.003319,645562368,-218,1,0,0
2,36,expert,578.613633,579.115300,0.501667,193110016,0,0,11,0
2,36,compute,578.549558,579.228051,0.678493,0,0,0,0,0
2,37,trunk,579.228053,579.231481,0.003428,645562368,-219,1,0,0
2,37,expert,579.286163,579.813943,0.527781,228220928,0,0,13,0
2,37,compute,579.231504,579.912180,0.680676,0,0,0,0,0
2,38,trunk,579.912182,579.915458,0.003276,645562368,-220,1,0,0
2,38,expert,579.963891,580.323752,0.359861,228220928,0,0,13,0
2,38,compute,579.915482,580.416728,0.501247,0,0,0,0,0
2,39,trunk,580.416731,580.420158,0.003427,431890432,-221,1,0,0
2,39,expert,580.456813,581.001800,0.544987,245776384,0,0,14,0
2,39,compute,580.420202,581.122208,0.702006,0,0,0,0,0
2,40,trunk,581.122210,581.125933,0.003723,645562368,-222,1,0,0
2,40,expert,581.179819,581.716200,0.536381,245776384,0,0,14,0
2,40,compute,581.125956,581.835747,0.709791,0,0,0,0,0
2,41,trunk,581.835748,581.839124,0.003376,645562368,-223,1,0,0
2,41,expert,581.895175,582.402473,0.507298,245776384,0,0,14,0
2,41,compute,581.839146,582.518220,0.679074,0,0,0,0,0
2,42,trunk,582.518225,582.521976,0.003751,645562368,-224,1,0,0
2,42,expert,582.573858,582.960053,0.386195,245776384,0,0,14,0
2,42,compute,582.522034,583.080039,0.558005,0,0,0,0,0
2,43,trunk,583.080041,583.083529,0.003488,431890432,-225,1,0,0
2,43,expert,583.163065,583.692472,0.529407,263331840,0,0,15,0
2,43,compute,583.083552,583.814243,0.730692,0,0,0,0,0
2,44,trunk,583.814246,583.817593,0.003347,645562368,-226,1,0,0
2,44,expert,583.878133,584.389514,0.511380,245776384,0,0,14,0
2,44,compute,583.817614,584.506316,0.688702,0,0,0,0,0
2,45,trunk,584.506318,584.509666,0.003348,645562368,-227,1,0,0
2,45,expert,584.569326,585.105961,0.536635,263331840,0,0,15,0
2,45,compute,584.509695,585.205422,0.695727,0,0,0,0,0
2,46,trunk,585.205423,585.208788,0.003365,645562368,-228,1,0,0
2,46,expert,585.259554,585.646064,0.386510,228220928,0,0,13,0
2,46,compute,585.208806,585.762242,0.553436,0,0,0,0,0
2,47,trunk,585.762243,585.765746,0.003502,431890432,-229,1,0,0
2,47,expert,585.804593,597.727565,11.922972,263331840,0,0,15,0
2,47,compute,585.765782,597.854164,12.088382,0,0,0,0,0
2,48,trunk,597.854165,597.857584,0.003419,645562368,-230,1,0,0
2,48,expert,597.917094,598.452856,0.535762,245776384,0,0,14,0
2,48,compute,597.857605,598.574210,0.716605,0,0,0,0,0
2,49,trunk,598.574212,598.577585,0.003372,645562368,-231,1,0,0
2,49,expert,598.633109,599.199159,0.566050,263331840,0,0,15,0
2,49,compute,598.577606,600.474801,1.897195,0,0,0,0,0
2,50,trunk,600.474802,600.478168,0.003366,645562368,-232,1,0,0
2,50,expert,600.528809,600.943264,0.414456,263331840,0,0,15,0
2,50,compute,600.478189,601.040644,0.562455,0,0,0,0,0
2,51,trunk,601.040646,601.044097,0.003451,431890432,-233,1,0,0
2,51,expert,601.082885,601.613584,0.530700,228220928,0,0,13,0
2,51,compute,601.044116,601.738265,0.694149,0,0,0,0,0
2,52,trunk,601.738267,601.741621,0.003354,645562368,-234,1,0,0
2,52,expert,601.800073,602.304189,0.504116,210665472,0,0,12,0
2,52,compute,601.741642,602.426253,0.684611,0,0,0,0,0
2,53,trunk,602.426255,602.429638,0.003383,645562368,-235,1,0,0
2,53,expert,602.480578,603.004836,0.524258,245776384,0,0,14,0
2,53,compute,602.429680,603.103040,0.673360,0,0,0,0,0
2,54,trunk,603.103042,603.106552,0.003510,645562368,-236,1,0,0
2,54,expert,603.161036,603.566585,0.405549,245776384,0,0,14,0
2,54,compute,603.106602,603.668865,0.562263,0,0,0,0,0
2,55,trunk,603.668867,603.672352,0.003485,431890432,-237,1,0,0
2,55,expert,603.705795,604.231482,0.525686,228220928,0,0,13,0
2,55,compute,603.672371,604.350251,0.677879,0,0,0,0,0
2,56,trunk,604.350252,604.353716,0.003464,645562368,-238,1,0,0
2,56,expert,604.401863,604.892127,0.490264,157999104,0,0,9,0
2,56,compute,604.353739,604.990587,0.636848,0,0,0,0,0
2,57,trunk,604.990619,604.993984,0.003364,645562368,-239,1,0,0
2,57,expert,605.050893,605.573018,0.522125,245776384,0,0,14,0
2,57,compute,604.994005,605.682352,0.688347,0,0,0,0,0
2,58,trunk,605.682354,605.685826,0.003472,645562368,-240,1,0,0
2,58,expert,605.735631,606.092214,0.356584,193110016,0,0,11,0
2,58,compute,605.685847,606.206191,0.520345,0,0,0,0,0
2,59,trunk,606.206193,606.209585,0.003392,431890432,-241,1,0,0
2,59,expert,606.275399,606.746290,0.470891,175554560,0,0,10,0
2,59,compute,606.209605,606.843512,0.633907,0,0,0,0,0
2,60,trunk,606.843514,606.846892,0.003378,645562368,-242,1,0,0
2,60,expert,606.902534,607.420376,0.517842,228220928,0,0,13,0
2,60,compute,606.846918,607.518610,0.671692,0,0,0,0,0
2,61,trunk,607.518612,607.521990,0.003378,645562368,-243,1,0,0
2,61,expert,607.584546,608.121855,0.537310,263331840,0,0,15,0
2,61,compute,607.522012,608.219655,0.697643,0,0,0,0,0
2,62,trunk,608.219657,608.223104,0.003447,645562368,-244,1,0,0
2,62,expert,608.274412,608.636505,0.362093,193110016,0,0,11,0
2,62,compute,608.223124,608.746196,0.523072,0,0,0,0,0
2,63,trunk,608.746198,608.749698,0.003501,431890432,-245,1,0,0
2,63,expert,608.783800,609.322223,0.538423,210665472,0,0,12,0
2,63,compute,608.749726,609.442280,0.692554,0,0,0,0,0
2,64,trunk,609.442283,609.445700,0.003417,645562368,-246,1,0,0
2,64,expert,609.505060,610.050427,0.545367,228220928,0,0,13,0
2,64,compute,609.445722,610.166277,0.720556,0,0,0,0,0
2,65,trunk,610.166280,610.169631,0.003351,645562368,-247,1,0,0
2,65,expert,610.223620,610.715435,0.491815,175554560,0,0,10,0
2,65,compute,610.169652,610.834248,0.664596,0,0,0,0,0
2,66,trunk,610.834249,610.837692,0.003443,645562368,-248,1,0,0
2,66,expert,610.890791,611.293492,0.402701,228220928,0,0,13,0
2,66,compute,610.837743,611.390297,0.552554,0,0,0,0,0
2,67,trunk,611.390298,611.393756,0.003458,431890432,-249,1,0,0
2,67,expert,611.428747,611.983296,0.554548,228220928,0,0,13,0
2,67,compute,611.393777,612.098407,0.704630,0,0,0,0,0
2,68,trunk,612.098409,612.101745,0.003336,645562368,-250,1,0,0
2,68,expert,612.161905,612.641568,0.479663,193110016,0,0,11,0
2,68,compute,612.101917,612.759061,0.657144,0,0,0,0,0
2,69,trunk,612.759063,612.762387,0.003324,645562368,-251,1,0,0
2,69,expert,612.826625,613.311829,0.485204,193110016,0,0,11,0
2,69,compute,612.762413,613.407203,0.644790,0,0,0,0,0
2,70,trunk,613.407205,613.410521,0.003316,645562368,-252,1,0,0
2,70,expert,613.463195,613.821298,0.358103,193110016,0,0,11,0
2,70,compute,613.414326,613.928750,0.514424,0,0,0,0,0
2,71,trunk,613.928752,613.932299,0.003548,431890432,-253,1,0,0
2,71,expert,613.970079,614.497382,0.527303,175554560,0,0,10,0
2,71,compute,613.932438,614.619260,0.686822,0,0,0,0,0
2,72,trunk,614.619261,614.622639,0.003378,645562368,-254,1,0,0
2,72,expert,614.687413,615.245256,0.557843,263331840,0,0,15,0
2,72,compute,614.622669,615.366266,0.743597,0,0,0,0,0
2,73,trunk,615.366268,615.369694,0.003427,645562368,-255,1,0,0
2,73,expert,615.428198,615.989563,0.561365,280887296,0,0,16,0
2,73,compute,615.374920,616.110172,0.735252,0,0,0,0,0
2,74,trunk,616.110173,616.113263,0.003090,645562368,-256,1,0,0
2,74,expert,616.183009,616.586127,0.403118,280887296,0,0,16,0
2,74,compute,616.116474,616.702229,0.585755,0,0,0,0,0
2,75,trunk,616.702230,616.705600,0.003370,431890432,-257,1,0,0
2,75,expert,616.744306,617.248366,0.504061,280887296,0,0,16,0
2,75,compute,616.710813,617.370167,0.659354,0,0,0,0,0
2,76,trunk,617.370169,617.373665,0.003496,645562368,-258,1,0,0
2,76,expert,617.426466,617.973839,0.547373,280887296,0,0,16,0
2,76,compute,617.373719,618.090208,0.716489,0,0,0,0,0
2,77,trunk,618.090210,618.093616,0.003406,645562368,-259,1,0,0
2,77,expert,618.146607,618.705511,0.558904,228220928,0,0,13,0
2,77,compute,618.093653,618.822204,0.728550,0,0,0,0,0
2,78,trunk,618.822205,618.825666,0.003461,645562368,-260,1,0,0
2,78,expert,618.873825,619.290373,0.416548,263331840,0,0,15,0
2,78,compute,618.825687,619.435048,0.609362,0,0,0,0,0
2,79,trunk,619.435050,619.438447,0.003397,431890432,-261,1,0,0
2,79,expert,619.474058,620.019215,0.545157,245776384,0,0,14,0
2,79,compute,619.438468,620.138222,0.699754,0,0,0,0,0
2,80,trunk,620.138224,620.141643,0.003419,645562368,-262,1,0,0
2,80,expert,620.201156,620.736208,0.535052,280887296,0,0,16,0
2,80,compute,620.147954,620.862196,0.714242,0,0,0,0,0
2,81,trunk,620.862197,620.865915,0.003717,645562368,-263,1,0,0
2,81,expert,620.919718,621.449321,0.529604,228220928,0,0,13,0
2,81,compute,620.871475,621.547211,0.675735,0,0,0,0,0
2,82,trunk,621.547213,621.550665,0.003453,645562368,-264,1,0,0
2,82,expert,621.603282,621.996360,0.393078,245776384,0,0,14,0
2,82,compute,621.550722,622.114222,0.563501,0,0,0,0,0
2,83,trunk,622.114224,622.117866,0.003642,431890432,-265,1,0,0
2,83,expert,622.151540,622.671460,0.519920,210665472,0,0,12,0
2,83,compute,622.117886,622.794201,0.676315,0,0,0,0,0
2,84,trunk,622.794202,622.797587,0.003385,645562368,-266,1,0,0
2,84,expert,622.848259,623.367863,0.519605,175554560,0,0,10,0
2,84,compute,622.797637,623.462893,0.665256,0,0,0,0,0
2,85,trunk,623.462896,623.466441,0.003545,645562368,-267,1,0,0
2,85,expert,623.522390,624.003477,0.481087,157999104,0,0,9,0
2,85,compute,623.466463,624.123016,0.656553,0,0,0,0,0
2,86,trunk,624.123018,624.126423,0.003405,645562368,-268,1,0,0
2,86,expert,624.181142,624.540275,0.359133,210665472,0,0,12,0
2,86,compute,624.126445,624.638127,0.511683,0,0,0,0,0
2,87,trunk,624.638129,624.641502,0.003372,431890432,-269,1,0,0
2,87,expert,624.672832,625.175542,0.502710,193110016,0,0,11,0
2,87,compute,624.641523,625.294199,0.652676,0,0,0,0,0
2,88,trunk,625.294201,625.297577,0.003376,645562368,-270,1,0,0
2,88,expert,625.358536,625.838478,0.479943,210665472,0,0,12,0
2,88,compute,625.297597,625.954221,0.656623,0,0,0,0,0
2,89,trunk,625.954222,625.957729,0.003507,645562368,-271,1,0,0
2,89,expert,626.010466,626.547445,0.536979,210665472,0,0,12,0
2,89,compute,625.957755,626.670215,0.712460,0,0,0,0,0
2,90,trunk,626.670217,626.673820,0.003602,645562368,-272,1,0,0
2,90,expert,626.723594,627.089323,0.365729,210665472,0,0,12,0
2,90,compute,626.673861,627.218207,0.544347,0,0,0,0,0
2,91,trunk,627.218209,627.221665,0.003456,431890432,-273,1,0,0
2,91,expert,627.261381,627.639893,0.378512,210665472,0,0,12,0
2,91,compute,627.221686,627.732755,0.511069,0,0,0,0,0
2,92,trunk,627.732757,627.736216,0.003459,431890432,-274,1,0,0
2,92,expert,627.759370,627.882100,0.122729,210665472,0,0,12,0
2,92,compute,627.736218,628.003024,0.266806,0,0,0,0,0
3,0,trunk,628.101667,628.101700,0.000034,0,-274,0,0,0
3,0,compute,628.101725,628.219472,0.117747,0,0,0,0,0
3,1,trunk,628.219473,628.485353,0.265880,645562368,-274,1,0,0
3,1,expert,628.610341,628.964709,0.354368,193110016,0,0,11,0
3,1,compute,628.485406,629.101668,0.616261,0,0,0,0,0
3,2,trunk,629.101670,629.105206,0.003536,645562368,-275,1,0,0
3,2,expert,629.155224,629.458759,0.303535,157999104,0,0,9,0
3,2,compute,629.105257,629.578221,0.472965,0,0,0,0,0
3,3,trunk,629.578223,629.581263,0.003040,431890432,-276,1,0,0
3,3,expert,629.644085,630.039934,0.395849,122888192,0,0,7,0
3,3,compute,629.581304,630.162175,0.580871,0,0,0,0,0
3,4,trunk,630.162177,630.165508,0.003332,645562368,-277,1,0,0
3,4,expert,630.221310,630.620551,0.399241,122888192,0,0,7,0
3,4,compute,630.165576,630.741388,0.575812,0,0,0,0,0
3,5,trunk,630.741390,630.744928,0.003538,645562368,-278,1,0,0
3,5,expert,630.795432,631.233860,0.438427,175554560,0,0,10,0
3,5,compute,630.744948,631.358222,0.613274,0,0,0,0,0
3,6,trunk,631.358224,631.361730,0.003507,645562368,-279,1,0,0
3,6,expert,631.409426,631.765823,0.356397,263331840,0,0,15,0
3,6,compute,631.361756,631.891028,0.529272,0,0,0,0,0
3,7,trunk,631.891030,631.894494,0.003465,431890432,-280,1,0,0
3,7,expert,631.926983,632.404807,0.477824,228220928,0,0,13,0
3,7,compute,631.894517,632.531055,0.636538,0,0,0,0,0
3,8,trunk,632.531060,632.534475,0.003415,645562368,-281,1,0,0
3,8,expert,632.589189,633.046841,0.457652,193110016,0,0,11,0
3,8,compute,632.534496,633.158496,0.624000,0,0,0,0,0
3,9,trunk,633.158498,633.161861,0.003363,645562368,-282,1,0,0
3,9,expert,633.215807,633.600560,0.384753,87777280,0,0,5,0
3,9,compute,633.161881,633.702859,0.540978,0,0,0,0,0
3,10,trunk,633.702860,633.706621,0.003760,645562368,-283,1,0,0
3,10,expert,633.754897,634.031408,0.276511,87777280,0,0,5,0
3,10,compute,633.706661,634.142175,0.435514,0,0,0,0,0
3,11,trunk,634.142177,634.145573,0.003396,431890432,-284,1,0,0
3,11,expert,634.207521,634.607934,0.400414,122888192,0,0,7,0
3,11,compute,634.145593,634.724278,0.578685,0,0,0,0,0
3,12,trunk,634.724280,634.727743,0.003463,645562368,-285,1,0,0
3,12,expert,634.778990,635.180868,0.401877,175554560,0,0,10,0
3,12,compute,634.727769,635.298237,0.570468,0,0,0,0,0
3,13,trunk,635.298239,635.301832,0.003592,645562368,-286,1,0,0
3,13,expert,635.354967,646.949988,11.595020,193110016,0,0,11,0
3,13,compute,635.301880,647.070196,11.768316,0,0,0,0,0
3,14,trunk,647.070197,647.073503,0.003306,645562368,-287,1,0,0
3,14,expert,647.128937,647.413827,0.284890,157999104,0,0,9,0
3,14,compute,647.073523,647.530200,0.456678,0,0,0,0,0
3,15,trunk,647.530202,647.533938,0.003736,431890432,-288,1,0,0
3,15,expert,647.572363,648.003796,0.431434,157999104,0,0,9,0
3,15,compute,647.533965,648.125737,0.591772,0,0,0,0,0
3,16,trunk,648.125738,648.129249,0.003511,645562368,-289,1,0,0
3,16,expert,648.186182,648.596095,0.409913,122888192,0,0,7,0
3,16,compute,648.129270,648.713493,0.584223,0,0,0,0,0
3,17,trunk,648.713495,648.716869,0.003375,645562368,-290,1,0,0
3,17,expert,648.770607,649.174847,0.404240,122888192,0,0,7,0
3,17,compute,648.716897,649.298273,0.581376,0,0,0,0,0
3,18,trunk,649.298275,649.301606,0.003331,645562368,-291,1,0,0
3,18,expert,649.357511,649.630327,0.272817,87777280,0,0,5,0
3,18,compute,649.301628,649.746192,0.444564,0,0,0,0,0
3,19,trunk,649.746194,649.749728,0.003534,431890432,-292,1,0,0
3,19,expert,649.804608,650.062669,0.258061,105332736,0,0,6,0
3,19,compute,649.749749,650.182242,0.432494,0,0,0,0,0
3,20,trunk,650.182244,650.185610,0.003366,645562368,-293,1,0,0
3,20,expert,650.244323,650.601833,0.357510,105332736,0,0,6,0
3,20,compute,650.185632,650.714189,0.528558,0,0,0,0,0
3,21,trunk,650.714191,650.717538,0.003347,645562368,-294,1,0,0
3,21,expert,650.818034,651.218458,0.400423,193110016,0,0,11,0
3,21,compute,650.717568,651.330194,0.612626,0,0,0,0,0
3,22,trunk,651.330196,651.333692,0.003497,645562368,-295,1,0,0
3,22,expert,651.379646,651.676146,0.296499,122888192,0,0,7,0
3,22,compute,651.333714,651.768839,0.435125,0,0,0,0,0
3,23,trunk,651.768841,651.772300,0.003459,431890432,-296,1,0,0
3,23,expert,651.806115,652.197245,0.391130,105332736,0,0,6,0
3,23,compute,651.772317,652.310224,0.537907,0,0,0,0,0
3,24,trunk,652.310226,652.313575,0.003349,645562368,-297,1,0,0
3,24,expert,652.368243,652.981918,0.613675,193110016,0,0,11,0
3,24,compute,652.313605,653.094200,0.780594,0,0,0,0,0
3,25,trunk,653.094201,653.097529,0.003328,645562368,-298,1,0,0
3,25,expert,653.146721,653.859186,0.712464,210665472,0,0,12,0
3,25,compute,653.097549,653.947525,0.849976,0,0,0,0,0
3,26,trunk,653.947527,653.951272,0.003745,645562368,-299,1,0,0
3,26,expert,653.999926,654.475635,0.475709,157999104,0,0,9,0
3,26,compute,653.951293,654.574124,0.622831,0,0,0,0,0
3,27,trunk,654.574126,654.577693,0.003567,431890432,-300,1,0,0
3,27,expert,654.612761,655.316085,0.703324,245776384,0,0,14,0
3,27,compute,654.577715,655.422305,0.844590,0,0,0,0,0
3,28,trunk,655.422306,655.425747,0.003441,645562368,-301,1,0,0
3,28,expert,655.475250,656.178609,0.703359,263331840,0,0,15,0
3,28,compute,655.425768,656.290197,0.864430,0,0,0,0,0
3,29,trunk,656.290199,656.293592,0.003393,645562368,-302,1,0,0
3,29,expert,656.344614,656.833299,0.488685,175554560,0,0,10,0
3,29,compute,656.293613,656.958269,0.664656,0,0,0,0,0
3,30,trunk,656.958270,657.047277,0.089007,645562368,-303,1,0,0
3,30,expert,657.093530,657.616246,0.522716,175554560,0,0,10,0
3,30,compute,657.047337,657.730169,0.682832,0,0,0,0,0
3,31,trunk,657.730172,657.733630,0.003459,431890432,-304,1,0,0
3,31,expert,657.768854,658.524091,0.755238,245776384,0,0,14,0
3,31,compute,657.733652,658.619937,0.886285,0,0,0,0,0
3,32,trunk,658.619939,658.623493,0.003554,645562368,-305,1,0,0
3,32,expert,658.677995,659.224740,0.546745,157999104,0,0,9,0
3,32,compute,658.623514,659.318293,0.694779,0,0,0,0,0
3,33,trunk,659.318295,659.363346,0.045052,645562368,-306,1,0,0
3,33,expert,659.421692,660.125296,0.703604,157999104,0,0,9,0
3,33,compute,659.363408,660.242207,0.878799,0,0,0,0,0
3,34,trunk,660.242209,660.245579,0.003370,645562368,-307,1,0,0
3,34,expert,660.295759,660.853223,0.557464,228220928,0,0,13,0
3,34,compute,660.245600,660.974191,0.728590,0,0,0,0,0
3,35,trunk,660.974192,660.977604,0.003412,431890432,-308,1,0,0
3,35,expert,661.020672,661.723458,0.702786,157999104,0,0,9,0
3,35,compute,660.977624,661.811479,0.833855,0,0,0,0,0
3,36,trunk,661.811481,661.815014,0.003533,645562368,-309,1,0,0
3,36,expert,661.865633,662.581860,0.716227,193110016,0,0,11,0
3,36,compute,661.815039,662.699290,0.884251,0,0,0,0,0
3,37,trunk,662.699292,662.702800,0.003508,645562368,-310,1,0,0
3,37,expert,662.757462,663.466622,0.709160,193110016,0,0,11,0
3,37,compute,662.702821,663.578210,0.875389,0,0,0,0,0
3,38,trunk,663.578211,663.581585,0.003374,645562368,-311,1,0,0
3,38,expert,663.631525,664.047627,0.416102,140443648,0,0,8,0
3,38,compute,663.581607,664.141846,0.560239,0,0,0,0,0
3,39,trunk,664.141848,664.145439,0.003591,431890432,-312,1,0,0
3,39,expert,664.178299,664.844858,0.666559,140443648,0,0,8,0
3,39,compute,664.145463,664.950208,0.804745,0,0,0,0,0
3,40,trunk,664.950209,664.953553,0.003343,645562368,-313,1,0,0
3,40,expert,665.005833,665.688432,0.682600,157999104,0,0,9,0
3,40,compute,664.953575,665.802287,0.848711,0,0,0,0,0
3,41,trunk,665.802289,665.805688,0.003400,645562368,-314,1,0,0
3,41,expert,665.861048,666.492194,0.631146,122888192,0,0,7,0
3,41,compute,665.805718,666.584460,0.778742,0,0,0,0,0
3,42,trunk,666.584462,666.587872,0.003410,645562368,-315,1,0,0
3,42,expert,666.640766,667.055923,0.415158,70221824,0,0,4,0
3,42,compute,666.587913,667.149148,0.561235,0,0,0,0,0
3,43,trunk,667.149149,667.152597,0.003448,431890432,-316,1,0,0
3,43,expert,667.189162,667.914563,0.725400,175554560,0,0,10,0
3,43,compute,667.152615,668.026216,0.873601,0,0,0,0,0
3,44,trunk,668.026218,668.029764,0.003546,645562368,-317,1,0,0
3,44,expert,668.089248,668.779480,0.690232,175554560,0,0,10,0
3,44,compute,668.029785,668.867709,0.837924,0,0,0,0,0
3,45,trunk,668.867711,668.871057,0.003346,645562368,-318,1,0,0
3,45,expert,668.921581,669.587388,0.665808,105332736,0,0,6,0
3,45,compute,668.871078,669.703119,0.832040,0,0,0,0,0
3,46,trunk,669.703121,669.706262,0.003142,645562368,-319,1,0,0
3,46,expert,669.770640,670.224446,0.453806,122888192,0,0,7,0
3,46,compute,669.706299,670.317703,0.611404,0,0,0,0,0
3,47,trunk,670.317705,670.321130,0.003425,431890432,-320,1,0,0
3,47,expert,670.358145,671.000299,0.642154,140443648,0,0,8,0
3,47,compute,670.321155,671.090345,0.769190,0,0,0,0,0
3,48,trunk,671.090347,671.093753,0.003406,645562368,-321,1,0,0
3,48,expert,671.149258,671.817878,0.668620,175554560,0,0,10,0
3,48,compute,671.093772,671.938174,0.844401,0,0,0,0,0
3,49,trunk,671.938196,671.941520,0.003324,645562368,-322,1,0,0
3,49,expert,671.998928,672.723372,0.724444,193110016,0,0,11,0
3,49,compute,671.941540,672.842169,0.900629,0,0,0,0,0
3,50,trunk,672.842171,672.845543,0.003371,645562368,-323,1,0,0
3,50,expert,672.897584,673.411260,0.513676,193110016,0,0,11,0
3,50,compute,672.845565,673.527023,0.681458,0,0,0,0,0
3,51,trunk,673.527025,673.530508,0.003483,431890432,-324,1,0,0
3,51,expert,673.565920,674.198953,0.633033,122888192,0,0,7,0
3,51,compute,673.530531,674.314999,0.784468,0,0,0,0,0
3,52,trunk,674.315000,674.318210,0.003209,645562368,-325,1,0,0
3,52,expert,674.373157,674.891632,0.518475,157999104,0,0,9,0
3,52,compute,674.318231,675.015539,0.697308,0,0,0,0,0
3,53,trunk,675.015541,675.027926,0.012385,645562368,-326,1,0,0
3,53,expert,675.084179,675.704686,0.620508,140443648,0,0,8,0
3,53,compute,675.027987,675.798955,0.770967,0,0,0,0,0
3,54,trunk,675.798956,675.802355,0.003398,645562368,-327,1,0,0
3,54,expert,675.853414,676.328260,0.474846,157999104,0,0,9,0
3,54,compute,675.802381,676.422375,0.619994,0,0,0,0,0
3,55,trunk,676.422376,676.425831,0.003454,431890432,-328,1,0,0
3,55,expert,676.457840,677.071693,0.613853,122888192,0,0,7,0
3,55,compute,676.425851,677.160155,0.734304,0,0,0,0,0
3,56,trunk,677.160157,677.163501,0.003344,645562368,-329,1,0,0
3,56,expert,677.218552,677.947299,0.728747,210665472,0,0,12,0
3,56,compute,677.163524,678.058200,0.894676,0,0,0,0,0
3,57,trunk,678.058202,678.061667,0.003466,645562368,-330,1,0,0
3,57,expert,678.117502,678.814958,0.697456,175554560,0,0,10,0
3,57,compute,678.061688,678.906935,0.845247,0,0,0,0,0
3,58,trunk,678.906937,678.910431,0.003494,645562368,-331,1,0,0
3,58,expert,678.958833,679.412927,0.454093,105332736,0,0,6,0
3,58,compute,678.910460,679.530839,0.620378,0,0,0,0,0
3,59,trunk,679.530840,679.534505,0.003665,431890432,-332,1,0,0
3,59,expert,679.568145,680.176762,0.608617,140443648,0,0,8,0
3,59,compute,679.534562,680.294203,0.759642,0,0,0,0,0
3,60,trunk,680.294205,680.297592,0.003387,645562368,-333,1,0,0
3,60,expert,680.372144,681.016377,0.644233,122888192,0,0,7,0
3,60,compute,680.297615,681.104387,0.806772,0,0,0,0,0
3,61,trunk,681.104389,681.107734,0.003345,645562368,-334,1,0,0
3,61,expert,681.163667,681.832578,0.668911,175554560,0,0,10,0
3,61,compute,681.107759,681.925066,0.817307,0,0,0,0,0
3,62,trunk,681.925187,681.928876,0.003689,645562368,-335,1,0,0
3,62,expert,681.979203,682.414655,0.435452,122888192,0,0,7,0
3,62,compute,681.928910,682.530391,0.601480,0,0,0,0,0
3,63,trunk,682.530392,682.533942,0.003550,431890432,-336,1,0,0
3,63,expert,682.578149,683.207875,0.629727,105332736,0,0,6,0
3,63,compute,682.533971,683.297108,0.763138,0,0,0,0,0
3,64,trunk,683.297110,683.300649,0.003539,645562368,-337,1,0,0
3,64,expert,683.356119,683.975372,0.619253,105332736,0,0,6,0
3,64,compute,683.300667,684.086612,0.785946,0,0,0,0,0
3,65,trunk,684.086615,684.090137,0.003523,645562368,-338,1,0,0
3,65,expert,684.140861,684.751346,0.610485,87777280,0,0,5,0
3,65,compute,684.090161,684.848966,0.758805,0,0,0,0,0
3,66,trunk,684.848968,684.852621,0.003653,645562368,-339,1,0,0
3,66,expert,684.901991,685.372016,0.470025,140443648,0,0,8,0
3,66,compute,684.852641,685.478698,0.626057,0,0,0,0,0
3,67,trunk,685.478700,685.482256,0.003557,431890432,-340,1,0,0
3,67,expert,685.521429,686.186206,0.664777,122888192,0,0,7,0
3,67,compute,685.482278,686.298255,0.815978,0,0,0,0,0
3,68,trunk,686.298257,686.301869,0.003612,645562368,-341,1,0,0
3,68,expert,686.356682,687.023077,0.666395,157999104,0,0,9,0
3,68,compute,686.301891,687.121733,0.819842,0,0,0,0,0
3,69,trunk,687.121735,687.125071,0.003336,645562368,-342,1,0,0
3,69,expert,687.176404,687.860178,0.683774,140443648,0,0,8,0
3,69,compute,687.125093,687.955110,0.830017,0,0,0,0,0
3,70,trunk,687.955112,687.958465,0.003353,645562368,-343,1,0,0
3,70,expert,688.004681,688.462756,0.458075,122888192,0,0,7,0
3,70,compute,687.958487,688.578212,0.619726,0,0,0,0,0
3,71,trunk,688.578214,688.581806,0.003592,431890432,-344,1,0,0
3,71,expert,688.632262,689.352816,0.720554,157999104,0,0,9,0
3,71,compute,688.581835,689.470221,0.888386,0,0,0,0,0
3,72,trunk,689.470222,689.473609,0.003387,645562368,-345,1,0,0
3,72,expert,689.524301,690.246289,0.721988,140443648,0,0,8,0
3,72,compute,689.473632,690.366216,0.892585,0,0,0,0,0
3,73,trunk,690.366219,690.369651,0.003433,645562368,-346,1,0,0
3,73,expert,690.424426,691.084870,0.660444,122888192,0,0,7,0
3,73,compute,690.369672,691.177634,0.807962,0,0,0,0,0
3,74,trunk,691.177636,691.181031,0.003394,645562368,-347,1,0,0
3,74,expert,691.232350,691.657706,0.425356,87777280,0,0,5,0
3,74,compute,691.181059,691.774200,0.593141,0,0,0,0,0
3,75,trunk,691.774202,691.777793,0.003591,431890432,-348,1,0,0
3,75,expert,691.812118,692.410762,0.598644,105332736,0,0,6,0
3,75,compute,691.777814,692.522205,0.744390,0,0,0,0,0
3,76,trunk,692.522206,692.525573,0.003367,645562368,-349,1,0,0
3,76,expert,692.584553,693.181769,0.597217,122888192,0,0,7,0
3,76,compute,692.525597,693.302443,0.776846,0,0,0,0,0
3,77,trunk,693.302445,693.305832,0.003387,645562368,-350,1,0,0
3,77,expert,693.361687,693.969073,0.607386,87777280,0,0,5,0
3,77,compute,693.305887,694.082269,0.776382,0,0,0,0,0
3,78,trunk,694.082270,694.085788,0.003518,645562368,-351,1,0,0
3,78,expert,694.136407,694.461950,0.325543,87777280,0,0,5,0
3,78,compute,694.085812,694.574382,0.488571,0,0,0,0,0
3,79,trunk,694.574384,694.577900,0.003517,431890432,-352,1,0,0
3,79,expert,694.614962,695.196208,0.581246,70221824,0,0,4,0
3,79,compute,694.577922,695.289945,0.712023,0,0,0,0,0
3,80,trunk,695.289946,695.293342,0.003396,645562368,-353,1,0,0
3,80,expert,695.350993,695.959912,0.608918,105332736,0,0,6,0
3,80,compute,695.293364,696.053541,0.760178,0,0,0,0,0
3,81,trunk,696.053543,696.056870,0.003327,645562368,-354,1,0,0
3,81,expert,696.110168,696.748204,0.638037,157999104,0,0,9,0
3,81,compute,696.056897,696.862238,0.805341,0,0,0,0,0
3,82,trunk,696.862239,696.865819,0.003580,645562368,-355,1,0,0
3,82,expert,696.916266,697.397581,0.481315,157999104,0,0,9,0
3,82,compute,696.865841,697.485582,0.619740,0,0,0,0,0
3,83,trunk,697.485584,697.489110,0.003526,431890432,-356,1,0,0
3,83,expert,697.523282,698.074029,0.550747,122888192,0,0,7,0
3,83,compute,697.489131,698.171694,0.682564,0,0,0,0,0
3,84,trunk,698.171697,698.191142,0.019446,645562368,-357,1,0,0
3,84,expert,698.246024,698.490125,0.244102,35110912,0,0,2,0
3,84,compute,698.191215,698.602639,0.411425,0,0,0,0,0
3,85,trunk,698.602641,698.906625,0.303984,645562368,-358,1,0,0
3,85,expert,698.959107,699.597757,0.638650,105332736,0,0,6,0
3,85,compute,698.906686,699.691519,0.784834,0,0,0,0,0
3,86,trunk,699.691521,699.694897,0.003376,645562368,-359,1,0,0
3,86,expert,699.749109,700.129698,0.380590,87777280,0,0,5,0
3,86,compute,699.694941,700.246194,0.551253,0,0,0,0,0
3,87,trunk,700.246196,700.249589,0.003394,431890432,-360,1,0,0
3,87,expert,700.300226,700.912116,0.611890,105332736,0,0,6,0
3,87,compute,700.249631,701.010021,0.760391,0,0,0,0,0
3,88,trunk,701.010024,701.013354,0.003331,645562368,-361,1,0,0
3,88,expert,701.068500,701.500639,0.432138,35110912,0,0,2,0
3,88,compute,701.013375,701.613028,0.599653,0,0,0,0,0
3,89,trunk,701.613030,701.636650,0.023620,645562368,-362,1,0,0
3,89,expert,701.688308,702.317478,0.629170,70221824,0,0,4,0
3,89,compute,701.636693,702.412832,0.776139,0,0,0,0,0
3,90,trunk,702.412834,702.416252,0.003418,645562368,-363,1,0,0
3,90,expert,702.467288,702.781455,0.314168,70221824,0,0,4,0
3,90,compute,702.416289,702.899008,0.482719,0,0,0,0,0
3,91,trunk,702.899009,702.902409,0.003400,431890432,-364,1,0,0
3,91,expert,702.950500,703.348082,0.397582,70221824,0,0,4,0
3,91,compute,702.902467,703.461993,0.559526,0,0,0,0,0
3,92,trunk,703.461995,703.465434,0.003440,431890432,-365,1,0,0
3,92,expert,703.487476,703.599858,0.112383,140443648,0,0,8,0
3,92,compute,703.465436,703.719039,0.253603,0,0,0,0,0
4,0,trunk,703.820174,703.820212,0.000038,0,-365,0,0,0
4,0,compute,703.820224,703.937888,0.117664,0,0,0,0,0
4,1,trunk,703.937889,704.389007,0.451118,645562368,-365,1,0,0
4,1,expert,704.514333,705.120462,0.606128,228220928,0,0,13,0
4,1,compute,704.389063,705.232040,0.842977,0,0,0,0,0
4,2,trunk,705.232042,705.235074,0.003033,645562368,-366,1,0,0
4,2,expert,705.308187,705.656416,0.348229,157999104,0,0,9,0
4,2,compute,705.235098,705.752751,0.517653,0,0,0,0,0
4,3,trunk,705.752753,705.767145,0.014391,431890432,-367,1,0,0
4,3,expert,705.803916,706.509779,0.705863,175554560,0,0,10,0
4,3,compute,705.767199,706.626198,0.858999,0,0,0,0,0
4,4,trunk,706.626199,706.629773,0.003574,645562368,-368,1,0,0
4,4,expert,706.686120,707.278200,0.592080,122888192,0,0,7,0
4,4,compute,706.629801,707.390211,0.760410,0,0,0,0,0
4,5,trunk,707.390213,707.393611,0.003398,645562368,-369,1,0,0
4,5,expert,707.449102,708.093196,0.644095,157999104,0,0,9,0
4,5,compute,707.393653,708.189228,0.795576,0,0,0,0,0
4,6,trunk,708.189230,708.192662,0.003431,645562368,-370,1,0,0
4,6,expert,708.241011,708.769624,0.528613,245776384,0,0,14,0
4,6,compute,708.192685,708.891185,0.698500,0,0,0,0,0
4,7,trunk,708.891187,708.894673,0.003486,431890432,-371,1,0,0
4,7,expert,708.930620,709.654802,0.724182,245776384,0,0,14,0
4,7,compute,708.894694,709.746904,0.852210,0,0,0,0,0
4,8,trunk,709.746906,709.750364,0.003458,645562368,-372,1,0,0
4,8,expert,709.807403,710.532390,0.724987,193110016,0,0,11,0
4,8,compute,709.750407,710.623711,0.873305,0,0,0,0,0
4,9,trunk,710.623713,710.627154,0.003441,645562368,-373,1,0,0
4,9,expert,710.678300,711.195055,0.516755,175554560,0,0,10,0
4,9,compute,710.627175,711.316300,0.689125,0,0,0,0,0
4,10,trunk,711.316302,711.397332,0.081031,645562368,-374,1,0,0
4,10,expert,711.456543,711.950376,0.493833,140443648,0,0,8,0
4,10,compute,711.397422,712.043410,0.645988,0,0,0,0,0
4,11,trunk,712.043411,712.046888,0.003477,431890432,-375,1,0,0
4,11,expert,712.084228,712.708767,0.624539,105332736,0,0,6,0
4,11,compute,712.046909,712.802379,0.755470,0,0,0,0,0
4,12,trunk,712.802381,712.805719,0.003338,645562368,-376,1,0,0
4,12,expert,712.858420,713.554378,0.695958,193110016,0,0,11,0
4,12,compute,712.805746,713.666165,0.860419,0,0,0,0,0
4,13,trunk,713.666167,713.669645,0.003478,645562368,-377,1,0,0
4,13,expert,713.731686,714.359324,0.627637,157999104,0,0,9,0
4,13,compute,713.669668,714.482196,0.812528,0,0,0,0,0
4,14,trunk,714.482197,714.485571,0.003374,645562368,-378,1,0,0
4,14,expert,714.533706,715.040392,0.506687,228220928,0,0,13,0
4,14,compute,714.485591,715.132918,0.647327,0,0,0,0,0
4,15,trunk,715.132920,715.136296,0.003376,431890432,-379,1,0,0
4,15,expert,715.172253,715.862157,0.689904,175554560,0,0,10,0
4,15,compute,715.136313,715.955424,0.819111,0,0,0,0,0
4,16,trunk,715.955426,715.958787,0.003361,645562368,-380,1,0,0
4,16,expert,716.012769,716.620545,0.607776,175554560,0,0,10,0
4,16,compute,715.958809,716.710605,0.751796,0,0,0,0,0
4,17,trunk,716.710608,716.714092,0.003485,645562368,-381,1,0,0
4,17,expert,716.768060,717.424737,0.656677,175554560,0,0,10,0
4,17,compute,716.714114,717.514688,0.800574,0,0,0,0,0
4,18,trunk,717.514715,717.518145,0.003430,645562368,-382,1,0,0
4,18,expert,717.567155,718.109543,0.542388,193110016,0,0,11,0
4,18,compute,717.518168,718.205270,0.687102,0,0,0,0,0
4,19,trunk,718.205271,718.208699,0.003428,431890432,-383,1,0,0
4,19,expert,718.246711,718.872695,0.625984,175554560,0,0,10,0
4,19,compute,718.208717,718.963907,0.755190,0,0,0,0,0
4,20,trunk,718.963909,718.967397,0.003488,645562368,-384,1,0,0
4,20,expert,719.023072,719.650639,0.627568,175554560,0,0,10,0
4,20,compute,718.967436,719.769082,0.801646,0,0,0,0,0
4,21,trunk,719.769084,719.772611,0.003528,645562368,-385,1,0,0
4,21,expert,719.824266,720.530282,0.706017,193110016,0,0,11,0
4,21,compute,719.772631,720.619407,0.846777,0,0,0,0,0
4,22,trunk,720.619409,720.623104,0.003695,645562368,-386,1,0,0
4,22,expert,720.677455,721.181126,0.503671,175554560,0,0,10,0
4,22,compute,720.623144,721.294193,0.671049,0,0,0,0,0
4,23,trunk,721.294195,721.297609,0.003415,431890432,-387,1,0,0
4,23,expert,721.330481,721.938487,0.608006,157999104,0,0,9,0
4,23,compute,721.297632,722.055024,0.757392,0,0,0,0,0
4,24,trunk,722.055026,722.058540,0.003514,645562368,-388,1,0,0
4,24,expert,722.138424,722.839771,0.701347,157999104,0,0,9,0
4,24,compute,722.058714,722.930394,0.871680,0,0,0,0,0
4,25,trunk,722.930396,722.933782,0.003386,645562368,-389,1,0,0
4,25,expert,722.982621,723.688262,0.705642,193110016,0,0,11,0
4,25,compute,722.933839,723.799006,0.865167,0,0,0,0,0
4,26,trunk,723.799008,723.802365,0.003357,645562368,-390,1,0,0
4,26,expert,723.854700,724.373363,0.518663,210665472,0,0,12,0
4,26,compute,723.802412,724.486290,0.683878,0,0,0,0,0
4,27,trunk,724.486291,724.489799,0.003508,431890432,-391,1,0,0
4,27,expert,724.522741,725.204348,0.681608,210665472,0,0,12,0
4,27,compute,724.489824,725.296265,0.806441,0,0,0,0,0
4,28,trunk,725.296267,725.299671,0.003404,645562368,-392,1,0,0
4,28,expert,725.356230,726.017584,0.661354,210665472,0,0,12,0
4,28,compute,725.299706,726.113354,0.813648,0,0,0,0,0
4,29,trunk,726.113356,726.116729,0.003373,645562368,-393,1,0,0
4,29,expert,726.170566,726.892898,0.722332,210665472,0,0,12,0
4,29,compute,726.116749,726.998176,0.881428,0,0,0,0,0
4,30,trunk,726.998178,727.001449,0.003270,645562368,-394,1,0,0
4,30,expert,727.050297,727.545546,0.495248,157999104,0,0,9,0
4,30,compute,727.001471,727.660092,0.658622,0,0,0,0,0
4,31,trunk,727.660094,727.663463,0.003369,431890432,-395,1,0,0
4,31,expert,727.697619,728.389235,0.691615,157999104,0,0,9,0
4,31,compute,727.663485,728.502450,0.838965,0,0,0,0,0
4,32,trunk,728.502453,728.506241,0.003788,645562368,-396,1,0,0
4,32,expert,728.563169,729.254201,0.691031,193110016,0,0,11,0
4,32,compute,728.506264,729.379397,0.873133,0,0,0,0,0
4,33,trunk,729.379399,729.382968,0.003569,645562368,-397,1,0,0
4,33,expert,729.453642,730.173729,0.720087,175554560,0,0,10,0
4,33,compute,729.382996,730.274480,0.891484,0,0,0,0,0
4,34,trunk,730.274481,730.277860,0.003378,645562368,-398,1,0,0
4,34,expert,730.341655,730.843757,0.502102,175554560,0,0,10,0
4,34,compute,730.277886,730.958642,0.680756,0,0,0,0,0
4,35,trunk,730.958644,730.962008,0.003364,431890432,-399,1,0,0
4,35,expert,731.027400,731.713311,0.685911,175554560,0,0,10,0
4,35,compute,730.962030,731.812441,0.850411,0,0,0,0,0
4,36,trunk,731.812443,731.815820,0.003377,645562368,-400,1,0,0
4,36,expert,731.877629,732.511023,0.633393,193110016,0,0,11,0
4,36,compute,731.815845,732.622215,0.806371,0,0,0,0,0
4,37,trunk,732.622217,732.625706,0.003489,645562368,-401,1,0,0
4,37,expert,732.692563,733.382066,0.689503,193110016,0,0,11,0
4,37,compute,732.625876,733.502222,0.876346,0,0,0,0,0
4,38,trunk,733.502223,733.505567,0.003344,645562368,-402,1,0,0
4,38,expert,733.554857,734.009343,0.454486,140443648,0,0,8,0
4,38,compute,733.505709,734.111592,0.605883,0,0,0,0,0
4,39,trunk,734.111594,734.115299,0.003705,431890432,-403,1,0,0
4,39,expert,734.172786,734.832121,0.659334,157999104,0,0,9,0
4,39,compute,734.115341,734.936297,0.820956,0,0,0,0,0
4,40,trunk,734.936299,734.939733,0.003434,645562368,-404,1,0,0
4,40,expert,735.014774,735.699007,0.684233,193110016,0,0,11,0
4,40,compute,734.939767,735.804571,0.864805,0,0,0,0,0
4,41,trunk,735.804573,735.807967,0.003394,645562368,-405,1,0,0
4,41,expert,735.872445,736.507142,0.634696,140443648,0,0,8,0
4,41,compute,735.807994,736.602538,0.794544,0,0,0,0,0
4,42,trunk,736.602540,736.606178,0.003638,645562368,-406,1,0,0
4,42,expert,736.662304,737.088208,0.425904,122888192,0,0,7,0
4,42,compute,736.606226,737.188367,0.582141,0,0,0,0,0
4,43,trunk,737.188369,737.191846,0.003477,431890432,-407,1,0,0
4,43,expert,737.231772,737.899837,0.668065,105332736,0,0,6,0
4,43,compute,737.192073,738.025203,0.833130,0,0,0,0,0
4,44,trunk,738.025205,738.028824,0.003620,645562368,-408,1,0,0
4,44,expert,738.093113,738.783730,0.690618,175554560,0,0,10,0
4,44,compute,738.028845,738.877524,0.848679,0,0,0,0,0
4,45,trunk,738.877526,738.881252,0.003726,645562368,-409,1,0,0
4,45,expert,738.939363,739.607952,0.668590,122888192,0,0,7,0
4,45,compute,738.881273,739.722144,0.840871,0,0,0,0,0
4,46,trunk,739.722146,739.725666,0.003520,645562368,-410,1,0,0
4,46,expert,739.780935,740.272457,0.491521,157999104,0,0,9,0
4,46,compute,739.725689,740.390344,0.664655,0,0,0,0,0
4,47,trunk,740.390347,740.394100,0.003753,431890432,-411,1,0,0
4,47,expert,740.432754,741.093259,0.660504,157999104,0,0,9,0
4,47,compute,740.394123,741.210262,0.816139,0,0,0,0,0
4,48,trunk,741.210264,741.213606,0.003342,645562368,-412,1,0,0
4,48,expert,741.292230,741.926077,0.633847,157999104,0,0,9,0
4,48,compute,741.213627,742.019800,0.806173,0,0,0,0,0
4,49,trunk,742.019802,742.023291,0.003489,645562368,-413,1,0,0
4,49,expert,742.076507,742.803424,0.726917,193110016,0,0,11,0
4,49,compute,742.023320,742.914468,0.891149,0,0,0,0,0
4,50,trunk,742.914470,742.917826,0.003356,645562368,-414,1,0,0
4,50,expert,742.967237,743.434803,0.467566,122888192,0,0,7,0
4,50,compute,742.917877,743.546251,0.628374,0,0,0,0,0
4,51,trunk,743.546253,743.549705,0.003453,431890432,-415,1,0,0
4,51,expert,743.594359,744.241822,0.647463,157999104,0,0,9,0
4,51,compute,743.549728,744.335370,0.785642,0,0,0,0,0
4,52,trunk,744.335371,744.338747,0.003375,645562368,-416,1,0,0
4,52,expert,744.403912,745.044227,0.640315,175554560,0,0,10,0
4,52,compute,744.338768,745.134815,0.796047,0,0,0,0,0
4,53,trunk,745.134817,745.138288,0.003471,645562368,-417,1,0,0
4,53,expert,745.209110,745.867354,0.658244,157999104,0,0,9,0
4,53,compute,745.138309,745.982166,0.843857,0,0,0,0,0
4,54,trunk,745.982168,745.985502,0.003334,645562368,-418,1,0,0
4,54,expert,746.062670,746.498301,0.435632,140443648,0,0,8,0
4,54,compute,745.985523,746.611784,0.626261,0,0,0,0,0
4,55,trunk,746.611786,746.615230,0.003445,431890432,-419,1,0,0
4,55,expert,746.644925,747.258249,0.613325,105332736,0,0,6,0
4,55,compute,746.615253,747.351032,0.735779,0,0,0,0,0
4,56,trunk,747.351034,747.354502,0.003468,645562368,-420,1,0,0
4,56,expert,747.407158,755.368093,7.960935,140443648,0,0,8,0
4,56,compute,747.354643,755.486192,8.131549,0,0,0,0,0
4,57,trunk,755.486194,759.281716,3.795522,645562368,-421,1,0,0
4,57,expert,759.370034,760.022752,0.652719,157999104,0,0,9,0
4,57,compute,759.281741,760.142221,0.860480,0,0,0,0,0
4,58,trunk,760.142223,760.145782,0.003560,645562368,-422,1,0,0
4,58,expert,760.196518,760.704161,0.507643,157999104,0,0,9,0
4,58,compute,760.145804,760.801116,0.655312,0,0,0,0,0
4,59,trunk,760.801118,760.804547,0.003429,431890432,-423,1,0,0
4,59,expert,760.833300,761.450721,0.617421,122888192,0,0,7,0
4,59,compute,760.804566,761.562206,0.757640,0,0,0,0,0
4,60,trunk,761.562208,761.565755,0.003547,645562368,-424,1,0,0
4,60,expert,761.621197,762.355781,0.734584,193110016,0,0,11,0
4,60,compute,761.565966,762.449318,0.883352,0,0,0,0,0
4,61,trunk,762.449320,762.452702,0.003382,645562368,-425,1,0,0
4,61,expert,762.507392,763.171527,0.664135,140443648,0,0,8,0
4,61,compute,762.452727,763.290231,0.837504,0,0,0,0,0
4,62,trunk,763.290233,763.293635,0.003402,645562368,-426,1,0,0
4,62,expert,763.342973,763.808297,0.465324,140443648,0,0,8,0
4,62,compute,763.293657,763.910619,0.616963,0,0,0,0,0
4,63,trunk,763.910622,763.914125,0.003503,431890432,-427,1,0,0
4,63,expert,763.950036,764.663831,0.713796,193110016,0,0,11,0
4,63,compute,763.914145,764.783025,0.868880,0,0,0,0,0
4,64,trunk,764.783027,764.786444,0.003417,645562368,-428,1,0,0
4,64,expert,764.840470,765.451220,0.610750,175554560,0,0,10,0
4,64,compute,764.786554,765.546631,0.760078,0,0,0,0,0
4,65,trunk,765.546633,765.558293,0.011660,645562368,-429,1,0,0
4,65,expert,765.606978,766.290051,0.683073,157999104,0,0,9,0
4,65,compute,765.558310,766.403032,0.844722,0,0,0,0,0
4,66,trunk,766.403034,766.406503,0.003469,645562368,-430,1,0,0
4,66,expert,766.461858,766.933218,0.471360,122888192,0,0,7,0
4,66,compute,766.406526,767.051035,0.644509,0,0,0,0,0
4,67,trunk,767.051036,767.054441,0.003405,431890432,-431,1,0,0
4,67,expert,767.097619,767.742886,0.645267,105332736,0,0,6,0
4,67,compute,767.054462,767.854214,0.799752,0,0,0,0,0
4,68,trunk,767.854215,767.857633,0.003417,645562368,-432,1,0,0
4,68,expert,767.913320,768.535805,0.622485,140443648,0,0,8,0
4,68,compute,767.857655,768.623564,0.765910,0,0,0,0,0
4,69,trunk,768.623566,768.626928,0.003362,645562368,-433,1,0,0
4,69,expert,768.683347,769.351508,0.668161,122888192,0,0,7,0
4,69,compute,768.626949,769.470255,0.843307,0,0,0,0,0
4,70,trunk,769.470257,769.473776,0.003519,645562368,-434,1,0,0
4,70,expert,769.525846,769.978556,0.452711,122888192,0,0,7,0
4,70,compute,769.473828,770.095104,0.621276,0,0,0,0,0
4,71,trunk,770.095106,770.098582,0.003477,431890432,-435,1,0,0
4,71,expert,770.153226,770.865837,0.712611,140443648,0,0,8,0
4,71,compute,770.098604,770.993618,0.895015,0,0,0,0,0
4,72,trunk,770.993620,770.996941,0.003321,645562368,-436,1,0,0
4,72,expert,771.060760,771.746915,0.686155,175554560,0,0,10,0
4,72,compute,770.996980,771.838662,0.841682,0,0,0,0,0
4,73,trunk,771.838664,771.842080,0.003416,645562368,-437,1,0,0
4,73,expert,771.905882,772.603445,0.697563,175554560,0,0,10,0
4,73,compute,771.842117,772.710697,0.868580,0,0,0,0,0
4,74,trunk,772.710699,772.714166,0.003467,645562368,-438,1,0,0
4,74,expert,772.767000,773.202672,0.435673,105332736,0,0,6,0
4,74,compute,772.714188,773.290023,0.575834,0,0,0,0,0
4,75,trunk,773.290025,773.293477,0.003453,431890432,-439,1,0,0
4,75,expert,773.328162,773.943679,0.615518,70221824,0,0,4,0
4,75,compute,773.293639,774.031922,0.738283,0,0,0,0,0
4,76,trunk,774.031923,774.035303,0.003380,645562368,-440,1,0,0
4,76,expert,774.091855,774.719153,0.627297,157999104,0,0,9,0
4,76,compute,774.035324,774.854222,0.818897,0,0,0,0,0
4,77,trunk,774.854223,774.857604,0.003380,645562368,-441,1,0,0
4,77,expert,774.955482,775.446148,0.490666,105332736,0,0,6,0
4,77,compute,774.857731,775.558208,0.700477,0,0,0,0,0
4,78,trunk,775.558210,775.561883,0.003673,645562368,-442,1,0,0
4,78,expert,775.619000,776.084943,0.465943,140443648,0,0,8,0
4,78,compute,775.562022,776.194170,0.632149,0,0,0,0,0
4,79,trunk,776.194172,776.197654,0.003482,431890432,-443,1,0,0
4,79,expert,776.271544,776.886988,0.615444,122888192,0,0,7,0
4,79,compute,776.197675,777.002209,0.804534,0,0,0,0,0
4,80,trunk,777.002211,777.005569,0.003358,645562368,-444,1,0,0
4,80,expert,777.114465,777.700595,0.586130,140443648,0,0,8,0
4,80,compute,777.005591,777.792712,0.787121,0,0,0,0,0
4,81,trunk,777.792714,777.796370,0.003656,645562368,-445,1,0,0
4,81,expert,777.869517,778.561440,0.691922,175554560,0,0,10,0
4,81,compute,777.796389,778.658998,0.862610,0,0,0,0,0
4,82,trunk,778.659000,778.662555,0.003555,645562368,-446,1,0,0
4,82,expert,778.723474,779.187011,0.463537,140443648,0,0,8,0
4,82,compute,778.662590,779.306266,0.643676,0,0,0,0,0
4,83,trunk,779.306267,779.309693,0.003426,431890432,-447,1,0,0
4,83,expert,779.353921,780.025394,0.671474,175554560,0,0,10,0
4,83,compute,779.309720,780.128663,0.818943,0,0,0,0,0
4,84,trunk,780.128665,780.132074,0.003409,645562368,-448,1,0,0
4,84,expert,780.187536,780.892171,0.704635,175554560,0,0,10,0
4,84,compute,780.132204,780.984991,0.852788,0,0,0,0,0
4,85,trunk,780.984993,780.988419,0.003426,645562368,-449,1,0,0
4,85,expert,781.043289,781.740837,0.697548,175554560,0,0,10,0
4,85,compute,780.988441,781.854241,0.865800,0,0,0,0,0
4,86,trunk,781.854243,781.857653,0.003410,645562368,-450,1,0,0
4,86,expert,781.916518,782.421710,0.505192,193110016,0,0,11,0
4,86,compute,781.857675,782.519163,0.661488,0,0,0,0,0
4,87,trunk,782.519164,782.522667,0.003503,431890432,-451,1,0,0
4,87,expert,782.558965,783.194711,0.635746,122888192,0,0,7,0
4,87,compute,782.522689,783.306201,0.783511,0,0,0,0,0
4,88,trunk,783.306202,783.309548,0.003346,645562368,-452,1,0,0
4,88,expert,783.360453,784.043529,0.683076,157999104,0,0,9,0
4,88,compute,783.309570,784.154165,0.844594,0,0,0,0,0
4,89,trunk,784.154167,784.157536,0.003369,645562368,-453,1,0,0
4,89,expert,784.208827,784.673915,0.465089,87777280,0,0,5,0
4,89,compute,784.157558,784.808087,0.650529,0,0,0,0,0
4,90,trunk,784.808089,784.866225,0.058136,645562368,-454,1,0,0
4,90,expert,784.954361,785.373928,0.419567,122888192,0,0,7,0
4,90,compute,784.866247,785.490438,0.624191,0,0,0,0,0
4,91,trunk,785.490439,785.493943,0.003503,431890432,-455,1,0,0
4,91,expert,785.524994,786.010211,0.485217,157999104,0,0,9,0
4,91,compute,785.493984,786.126206,0.632222,0,0,0,0,0
4,92,trunk,786.126207,786.129794,0.003587,431890432,-456,1,0,0
4,92,expert,786.191252,786.426712,0.235461,245776384,0,0,14,0
4,92,compute,786.129795,786.542213,0.412418,0,0,0,0,0
5,0,trunk,786.642037,786.642072,0.000035,0,-456,0,0,0
5,0,compute,786.642086,786.758727,0.116642,0,0,0,0,0
5,1,trunk,786.758729,787.209907,0.451179,645562368,-456,1,0,0
5,1,expert,787.334779,787.865403,0.530624,122888192,0,0,7,0
5,1,compute,787.209960,787.978168,0.768208,0,0,0,0,0
5,2,trunk,787.978169,787.981642,0.003472,645562368,-457,1,0,0
5,2,expert,788.035122,788.518027,0.482906,157999104,0,0,9,0
5,2,compute,787.981663,788.607224,0.625561,0,0,0,0,0
5,3,trunk,788.607226,788.610703,0.003477,431890432,-458,1,0,0
5,3,expert,788.648874,789.247524,0.598650,70221824,0,0,4,0
5,3,compute,788.610724,789.354188,0.743464,0,0,0,0,0
5,4,trunk,789.354189,789.357450,0.003261,645562368,-459,1,0,0
5,4,expert,789.415089,790.080179,0.665091,157999104,0,0,9,0
5,4,compute,789.357470,790.172536,0.815065,0,0,0,0,0
5,5,trunk,790.172537,790.175831,0.003293,645562368,-460,1,0,0
5,5,expert,790.228863,790.850234,0.621371,105332736,0,0,6,0
5,5,compute,790.175875,790.962187,0.786312,0,0,0,0,0
5,6,trunk,790.962189,790.965823,0.003634,645562368,-461,1,0,0
5,6,expert,791.016326,791.542026,0.525701,228220928,0,0,13,0
5,6,compute,790.965848,791.654241,0.688394,0,0,0,0,0
5,7,trunk,791.654243,791.657685,0.003442,431890432,-462,1,0,0
5,7,expert,791.694900,792.356803,0.661903,157999104,0,0,9,0
5,7,compute,791.657708,792.470209,0.812502,0,0,0,0,0
5,8,trunk,792.470212,792.473559,0.003347,645562368,-463,1,0,0
5,8,expert,792.525225,793.240521,0.715297,157999104,0,0,9,0
5,8,compute,792.473581,793.333268,0.859687,0,0,0,0,0
5,9,trunk,793.333269,793.336776,0.003506,645562368,-464,1,0,0
5,9,expert,793.393513,794.084888,0.691375,140443648,0,0,8,0
5,9,compute,793.336795,794.198441,0.861646,0,0,0,0,0
5,10,trunk,794.198443,794.201928,0.003485,645562368,-465,1,0,0
5,10,expert,794.252652,794.697267,0.444615,70221824,0,0,4,0
5,10,compute,794.201954,794.815027,0.613073,0,0,0,0,0
5,11,trunk,794.815032,794.818643,0.003611,431890432,-466,1,0,0
5,11,expert,794.855254,795.519794,0.664540,105332736,0,0,6,0
5,11,compute,794.818670,795.638271,0.819600,0,0,0,0,0
5,12,trunk,795.638272,795.641776,0.003504,645562368,-467,1,0,0
5,12,expert,795.697609,796.316738,0.619129,87777280,0,0,5,0
5,12,compute,795.641798,796.430207,0.788409,0,0,0,0,0
5,13,trunk,796.430208,796.433669,0.003461,645562368,-468,1,0,0
5,13,expert,796.487757,797.143030,0.655273,157999104,0,0,9,0
5,13,compute,796.433691,797.258281,0.824590,0,0,0,0,0
5,14,trunk,797.258283,797.261731,0.003449,645562368,-469,1,0,0
5,14,expert,797.313991,797.747295,0.433303,157999104,0,0,9,0
5,14,compute,797.261792,797.836136,0.574344,0,0,0,0,0
5,15,trunk,797.836138,797.839471,0.003333,431890432,-470,1,0,0
5,15,expert,797.867900,798.516405,0.648505,157999104,0,0,9,0
5,15,compute,797.839494,798.630542,0.791048,0,0,0,0,0
5,16,trunk,798.630544,798.633920,0.003376,645562368,-471,1,0,0
5,16,expert,798.688604,799.295527,0.606923,157999104,0,0,9,0
5,16,compute,798.634040,799.386838,0.752798,0,0,0,0,0
5,17,trunk,799.386840,799.390283,0.003443,645562368,-472,1,0,0
5,17,expert,799.445802,800.088585,0.642783,140443648,0,0,8,0
5,17,compute,799.390333,800.198992,0.808659,0,0,0,0,0
5,18,trunk,800.198994,800.202831,0.003837,645562368,-473,1,0,0
5,18,expert,800.254018,800.739010,0.484992,105332736,0,0,6,0
5,18,compute,800.202855,800.850274,0.647419,0,0,0,0,0
5,19,trunk,800.850275,800.853653,0.003378,431890432,-474,1,0,0
5,19,expert,800.887693,801.509065,0.621372,140443648,0,0,8,0
5,19,compute,800.853674,801.626261,0.772588,0,0,0,0,0
5,20,trunk,801.626263,801.629689,0.003425,645562368,-475,1,0,0
5,20,expert,801.684426,802.248966,0.564540,87777280,0,0,5,0
5,20,compute,801.629710,802.344950,0.715240,0,0,0,0,0
5,21,trunk,802.344952,802.348817,0.003865,645562368,-476,1,0,0
5,21,expert,802.411144,803.023524,0.612380,105332736,0,0,6,0
5,21,compute,802.348838,803.138249,0.789411,0,0,0,0,0
5,22,trunk,803.138251,803.142046,0.003795,645562368,-477,1,0,0
5,22,expert,803.197784,803.670678,0.472895,122888192,0,0,7,0
5,22,compute,803.142073,803.782275,0.640202,0,0,0,0,0
5,23,trunk,803.782394,803.785857,0.003462,431890432,-478,1,0,0
5,23,expert,803.820861,804.307709,0.486848,52666368,0,0,3,0
5,23,compute,803.785879,804.400586,0.614706,0,0,0,0,0
5,24,trunk,804.400588,804.403991,0.003403,645562368,-479,1,0,0
5,24,expert,804.477163,805.256379,0.779217,228220928,0,0,13,0
5,24,compute,804.404047,805.369134,0.965087,0,0,0,0,0
5,25,trunk,805.369136,805.372524,0.003389,645562368,-480,1,0,0
5,25,expert,805.420288,817.481046,12.060758,210665472,0,0,12,0
5,25,compute,805.372543,817.590164,12.217621,0,0,0,0,0
5,26,trunk,817.590166,817.593239,0.003074,645562368,-481,1,0,0
5,26,expert,817.646763,818.146534,0.499771,122888192,0,0,7,0
5,26,compute,817.593261,818.262234,0.668973,0,0,0,0,0
5,27,trunk,818.262236,818.265685,0.003449,431890432,-482,1,0,0
5,27,expert,818.301703,819.224204,0.922501,193110016,0,0,11,0
5,27,compute,818.265706,819.319817,1.054111,0,0,0,0,0
5,28,trunk,819.319819,819.323211,0.003392,645562368,-483,1,0,0
5,28,expert,819.378666,820.055497,0.676831,228220928,0,0,13,0
5,28,compute,819.323237,820.156539,0.833302,0,0,0,0,0
5,29,trunk,820.156542,820.160069,0.003527,645562368,-484,1,0,0
5,29,expert,820.214522,820.857736,0.643214,175554560,0,0,10,0
5,29,compute,820.160087,820.978258,0.818172,0,0,0,0,0
5,30,trunk,820.978261,820.981311,0.003051,645562368,-485,1,0,0
5,30,expert,821.031152,821.534963,0.503811,157999104,0,0,9,0
5,30,compute,820.981367,821.646225,0.664858,0,0,0,0,0
5,31,trunk,821.646227,821.649657,0.003430,431890432,-486,1,0,0
5,31,expert,821.688753,822.335103,0.646350,105332736,0,0,6,0
5,31,compute,821.649678,822.446251,0.796573,0,0,0,0,0
5,32,trunk,822.446253,822.449820,0.003567,645562368,-487,1,0,0
5,32,expert,822.505072,823.167476,0.662403,122888192,0,0,7,0
5,32,compute,822.449842,823.263068,0.813226,0,0,0,0,0
5,33,trunk,823.263070,823.266456,0.003386,645562368,-488,1,0,0
5,33,expert,823.319186,823.980153,0.660967,70221824,0,0,4,0
5,33,compute,823.266477,824.069198,0.802721,0,0,0,0,0
5,34,trunk,824.069200,824.072615,0.003415,645562368,-489,1,0,0
5,34,expert,824.124691,824.635023,0.510333,157999104,0,0,9,0
5,34,compute,824.072638,824.750198,0.677561,0,0,0,0,0
5,35,trunk,824.750200,824.753619,0.003419,431890432,-490,1,0,0
5,35,expert,824.789047,825.240606,0.451559,105332736,0,0,6,0
5,35,compute,824.753640,825.334096,0.580455,0,0,0,0,0
5,36,trunk,825.334097,825.473928,0.139831,645562368,-491,1,0,0
5,36,expert,825.538734,826.224316,0.685582,157999104,0,0,9,0
5,36,compute,825.473984,826.334170,0.860186,0,0,0,0,0
5,37,trunk,826.334173,826.337902,0.003730,645562368,-492,1,0,0
5,37,expert,826.393478,827.069563,0.676085,140443648,0,0,8,0
5,37,compute,826.337927,827.190304,0.852376,0,0,0,0,0
5,38,trunk,827.190306,827.193651,0.003345,645562368,-493,1,0,0
5,38,expert,827.245199,827.691785,0.446586,122888192,0,0,7,0
5,38,compute,827.193672,827.785065,0.591392,0,0,0,0,0
5,39,trunk,827.785067,827.788479,0.003412,431890432,-494,1,0,0
5,39,expert,827.823228,828.509281,0.686053,157999104,0,0,9,0
5,39,compute,827.788499,828.603004,0.814506,0,0,0,0,0
5,40,trunk,828.603006,828.606510,0.003504,645562368,-495,1,0,0
5,40,expert,828.655099,829.320141,0.665042,122888192,0,0,7,0
5,40,compute,828.606545,829.434252,0.827706,0,0,0,0,0
5,41,trunk,829.434253,829.437928,0.003675,645562368,-496,1,0,0
5,41,expert,829.487862,830.001720,0.513858,105332736,0,0,6,0
5,41,compute,829.437950,830.115109,0.677159,0,0,0,0,0
5,42,trunk,830.115111,830.119851,0.004740,645562368,-497,1,0,0
5,42,expert,830.175096,830.560173,0.385077,105332736,0,0,6,0
5,42,compute,830.119873,830.653137,0.533264,0,0,0,0,0
5,43,trunk,830.653139,830.656759,0.003620,431890432,-498,1,0,0
5,43,expert,830.691030,831.384171,0.693141,122888192,0,0,7,0
5,43,compute,830.656779,831.502204,0.845425,0,0,0,0,0
5,44,trunk,831.502206,831.505702,0.003496,645562368,-499,1,0,0
5,44,expert,831.562880,832.256040,0.693160,157999104,0,0,9,0
5,44,compute,831.505723,832.351395,0.845672,0,0,0,0,0
5,45,trunk,832.351397,832.354847,0.003450,645562368,-500,1,0,0
5,45,expert,832.403655,833.086533,0.682879,122888192,0,0,7,0
5,45,compute,832.354869,833.203077,0.848208,0,0,0,0,0
5,46,trunk,833.203079,833.207649,0.004570,645562368,-501,1,0,0
5,46,expert,833.256353,833.698223,0.441870,87777280,0,0,5,0
5,46,compute,833.207674,833.814255,0.606581,0,0,0,0,0
5,47,trunk,833.814257,833.817638,0.003381,431890432,-502,1,0,0
5,47,expert,833.846447,834.512179,0.665733,140443648,0,0,8,0
5,47,compute,833.817684,834.605112,0.787428,0,0,0,0,0
5,48,trunk,834.605114,834.608694,0.003581,645562368,-503,1,0,0
5,48,expert,834.662661,835.350548,0.687887,175554560,0,0,10,0
5,48,compute,834.608713,835.462234,0.853521,0,0,0,0,0
5,49,trunk,835.462236,835.465753,0.003517,645562368,-504,1,0,0
5,49,expert,835.518479,836.270593,0.752113,210665472,0,0,12,0
5,49,compute,835.465775,836.363453,0.897677,0,0,0,0,0
5,50,trunk,836.363455,836.367186,0.003731,645562368,-505,1,0,0
5,50,expert,836.416114,836.916374,0.500261,157999104,0,0,9,0
5,50,compute,836.367209,837.010394,0.643185,0,0,0,0,0
5,51,trunk,837.010396,837.013784,0.003389,431890432,-506,1,0,0
5,51,expert,837.045629,837.711369,0.665740,210665472,0,0,12,0
5,51,compute,837.013812,837.823005,0.809193,0,0,0,0,0
5,52,trunk,837.823007,837.826333,0.003325,645562368,-507,1,0,0
5,52,expert,837.881652,838.514565,0.632912,122888192,0,0,7,0
5,52,compute,837.826354,838.630194,0.803841,0,0,0,0,0
5,53,trunk,838.630197,838.633667,0.003470,645562368,-508,1,0,0
5,53,expert,838.691263,839.400562,0.709298,210665472,0,0,12,0
5,53,compute,838.633696,839.489306,0.855611,0,0,0,0,0
5,54,trunk,839.489308,839.492738,0.003430,645562368,-509,1,0,0
5,54,expert,839.543039,840.024682,0.481643,175554560,0,0,10,0
5,54,compute,839.492758,840.117913,0.625156,0,0,0,0,0
5,55,trunk,840.117915,840.121497,0.003582,431890432,-510,1,0,0
5,55,expert,840.156174,840.874465,0.718291,210665472,0,0,12,0
5,55,expert,840.874917,841.067888,0.192971,17547264,0,1,0,0
5,55,compute,840.121519,841.174238,1.052719,0,0,0,0,0
5,56,trunk,841.174240,841.177490,0.003250,645562368,-511,1,0,0
5,56,expert,841.237732,841.957945,0.720213,193110016,0,0,11,0
5,56,expert,841.958451,842.147576,0.189125,17547264,0,1,0,0
5,56,compute,841.177538,842.233763,1.056225,0,0,0,0,0
5,57,trunk,842.233765,842.237374,0.003608,645562368,-512,1,0,0
5,57,expert,842.290668,843.068523,0.777855,263331840,0,0,15,0
5,57,compute,842.237413,843.182176,0.944763,0,0,0,0,0
5,58,trunk,843.182178,843.185575,0.003397,645562368,-513,1,0,0
5,58,expert,843.232801,843.743958,0.511158,157999104,0,0,9,0
5,58,compute,843.185604,843.834079,0.648476,0,0,0,0,0
5,59,trunk,843.834082,843.837503,0.003421,431890432,-514,1,0,0
5,59,expert,843.874209,844.454393,0.580184,105332736,0,0,6,0
5,59,compute,843.837523,844.549235,0.711711,0,0,0,0,0
5,60,trunk,844.549237,844.552811,0.003574,645562368,-515,1,0,0
5,60,expert,844.604749,845.326814,0.722064,193110016,0,0,11,0
5,60,compute,844.552838,845.434388,0.881551,0,0,0,0,0
5,61,trunk,845.434390,845.437648,0.003258,645562368,-516,1,0,0
5,61,expert,845.489018,846.196979,0.707961,210665472,0,0,12,0
5,61,compute,845.437700,846.316040,0.878340,0,0,0,0,0
5,62,trunk,846.316042,846.319541,0.003499,645562368,-517,1,0,0
5,62,expert,846.374569,846.876157,0.501588,175554560,0,0,10,0
5,62,compute,846.319565,846.994215,0.674650,0,0,0,0,0
5,63,trunk,846.994217,846.997786,0.003569,431890432,-518,1,0,0
5,63,expert,847.037799,847.771957,0.734158,210665472,0,0,12,0
5,63,compute,846.997823,847.864875,0.867052,0,0,0,0,0
5,64,trunk,847.864877,847.868295,0.003417,645562368,-519,1,0,0
5,64,expert,847.924849,848.523642,0.598793,157999104,0,0,9,0
5,64,compute,847.868330,848.618308,0.749977,0,0,0,0,0
5,65,trunk,848.618309,848.621647,0.003338,645562368,-520,1,0,0
5,65,expert,848.680039,849.359262,0.679223,175554560,0,0,10,0
5,65,compute,848.621726,849.470234,0.848508,0,0,0,0,0
5,66,trunk,849.470235,849.473824,0.003588,645562368,-521,1,0,0
5,66,expert,849.527232,850.000443,0.473211,122888192,0,0,7,0
5,66,compute,849.473848,850.088592,0.614744,0,0,0,0,0
5,67,trunk,850.088594,850.091997,0.003404,431890432,-522,1,0,0
5,67,expert,850.413739,850.859085,0.445346,210665472,0,0,12,0
5,67,compute,850.092043,850.948171,0.856128,0,0,0,0,0
5,68,trunk,850.948173,850.951495,0.003322,645562368,-523,1,0,0
5,68,expert,850.999710,851.738580,0.738870,245776384,0,0,14,0
5,68,compute,850.951526,851.852038,0.900512,0,0,0,0,0
5,69,trunk,851.852040,851.855393,0.003353,645562368,-524,1,0,0
5,69,expert,851.938063,852.615294,0.677232,157999104,0,0,9,0
5,69,compute,851.855431,852.735047,0.879615,0,0,0,0,0
5,70,trunk,852.735049,852.738171,0.003123,645562368,-525,1,0,0
5,70,expert,852.792784,853.221567,0.428782,122888192,0,0,7,0
5,70,compute,852.738246,853.338388,0.600142,0,0,0,0,0
5,71,trunk,853.338410,853.341792,0.003383,431890432,-526,1,0,0
5,71,expert,853.379708,854.108313,0.728605,140443648,0,0,8,0
5,71,compute,853.341849,854.201965,0.860116,0,0,0,0,0
5,72,trunk,854.201967,854.205321,0.003354,645562368,-527,1,0,0
5,72,expert,854.260298,854.959615,0.699317,157999104,0,0,9,0
5,72,compute,854.205342,855.054391,0.849049,0,0,0,0,0
5,73,trunk,855.054393,855.057750,0.003356,645562368,-528,1,0,0
5,73,expert,855.123201,855.821537,0.698336,175554560,0,0,10,0
5,73,compute,855.057772,855.934193,0.876422,0,0,0,0,0
5,74,trunk,855.934195,855.938432,0.004237,645562368,-529,1,0,0
5,74,expert,856.081221,856.393435,0.312214,87777280,0,0,5,0
5,74,compute,855.938455,856.526159,0.587704,0,0,0,0,0
5,75,trunk,856.526162,856.529814,0.003652,431890432,-530,1,0,0
5,75,expert,856.584512,857.206487,0.621975,105332736,0,0,6,0
5,75,compute,856.529833,857.322206,0.792373,0,0,0,0,0
5,76,trunk,857.322207,857.325724,0.003516,645562368,-531,1,0,0
5,76,expert,857.375046,858.001533,0.626487,140443648,0,0,8,0
5,76,compute,857.325742,858.134212,0.808470,0,0,0,0,0
5,77,trunk,858.134214,858.137536,0.003322,645562368,-532,1,0,0
5,77,expert,858.195586,858.846276,0.650690,122888192,0,0,7,0
5,77,compute,858.137562,858.958578,0.821015,0,0,0,0,0
5,78,trunk,858.958583,858.961921,0.003338,645562368,-533,1,0,0
5,78,expert,859.017164,859.522600,0.505436,175554560,0,0,10,0
5,78,compute,858.961944,859.618738,0.656793,0,0,0,0,0
5,79,trunk,859.618740,859.622141,0.003401,431890432,-534,1,0,0
5,79,expert,859.658202,860.298358,0.640156,122888192,0,0,7,0
5,79,compute,859.622185,860.418238,0.796052,0,0,0,0,0
5,80,trunk,860.418239,860.421619,0.003379,645562368,-535,1,0,0
5,80,expert,860.490297,861.142950,0.652653,157999104,0,0,9,0
5,80,compute,860.421659,861.254276,0.832617,0,0,0,0,0
5,81,trunk,861.254277,861.257692,0.003415,645562368,-536,1,0,0
5,81,expert,861.311757,862.024227,0.712470,175554560,0,0,10,0
5,81,compute,861.257721,862.118754,0.861033,0,0,0,0,0
5,82,trunk,862.118756,862.122110,0.003354,645562368,-537,1,0,0
5,82,expert,862.179938,862.685694,0.505756,175554560,0,0,10,0
5,82,compute,862.122131,862.783886,0.661755,0,0,0,0,0
5,83,trunk,862.783888,862.787417,0.003529,431890432,-538,1,0,0
5,83,expert,862.829675,863.550047,0.720372,175554560,0,0,10,0
5,83,compute,862.787475,863.666223,0.878749,0,0,0,0,0
5,84,trunk,863.666225,863.669720,0.003495,645562368,-539,1,0,0
5,84,expert,863.732146,864.394964,0.662818,193110016,0,0,11,0
5,84,compute,863.669743,864.514220,0.844477,0,0,0,0,0
5,85,trunk,864.514222,864.517822,0.003600,645562368,-540,1,0,0
5,85,expert,864.583895,865.225385,0.641491,140443648,0,0,8,0
5,85,compute,864.517845,865.325709,0.807864,0,0,0,0,0
5,86,trunk,865.325710,865.329102,0.003392,645562368,-541,1,0,0
5,86,expert,865.387470,865.890811,0.503341,175554560,0,0,10,0
5,86,compute,865.329123,866.010203,0.681080,0,0,0,0,0
5,87,trunk,866.010204,866.013814,0.003610,431890432,-542,1,0,0
5,87,expert,866.058115,866.707786,0.649671,140443648,0,0,8,0
5,87,compute,866.013837,866.804397,0.790560,0,0,0,0,0
5,88,trunk,866.804399,866.808245,0.003847,645562368,-543,1,0,0
5,88,expert,866.882120,867.534801,0.652681,175554560,0,0,10,0
5,88,compute,866.808272,867.654353,0.846081,0,0,0,0,0
5,89,trunk,867.654355,867.657859,0.003504,645562368,-544,1,0,0
5,89,expert,867.720939,868.378988,0.658049,122888192,0,0,7,0
5,89,compute,867.657897,868.490171,0.832274,0,0,0,0,0
5,90,trunk,868.490173,868.493676,0.003503,645562368,-545,1,0,0
5,90,expert,868.557960,868.960409,0.402449,140443648,0,0,8,0
5,90,compute,868.493697,869.062406,0.568709,0,0,0,0,0
5,91,trunk,869.062409,869.065993,0.003584,431890432,-546,1,0,0
5,91,expert,869.102754,869.552293,0.449539,122888192,0,0,7,0
5,91,compute,869.066013,869.663044,0.597031,0,0,0,0,0
5,92,trunk,869.663046,869.666774,0.003727,431890432,-547,1,0,0
5,92,expert,869.698648,869.841267,0.142619,175554560,0,0,10,0
5,92,compute,869.666775,869.962506,0.295731,0,0,0,0,0
6,0,trunk,870.062588,870.062629,0.000040,0,-547,0,0,0
6,0,compute,870.062641,870.190641,0.127999,0,0,0,0,0
6,1,trunk,870.190642,870.635853,0.445211,645562368,-547,1,0,0
6,1,expert,870.765633,871.361645,0.596012,210665472,0,0,12,0
6,1,compute,870.635912,871.474251,0.838339,0,0,0,0,0
6,2,trunk,871.474253,871.477686,0.003433,645562368,-548,1,0,0
6,2,expert,871.535747,872.031752,0.496006,175554560,0,0,10,0
6,2,compute,871.477707,872.146175,0.668468,0,0,0,0,0
6,3,trunk,872.146177,872.149874,0.003698,431890432,-549,1,0,0
6,3,expert,872.188422,872.822505,0.634083,122888192,0,0,7,0
6,3,compute,872.149895,872.934407,0.784512,0,0,0,0,0
6,4,trunk,872.934409,872.938004,0.003595,645562368,-550,1,0,0
6,4,expert,873.009792,873.656318,0.646526,157999104,0,0,9,0
6,4,compute,872.938029,873.782368,0.844339,0,0,0,0,0
6,5,trunk,873.782369,873.785574,0.003205,645562368,-551,1,0,0
6,5,expert,873.852547,874.440407,0.587860,87777280,0,0,5,0
6,5,compute,873.785597,874.562169,0.776572,0,0,0,0,0
6,6,trunk,874.562171,874.565810,0.003638,645562368,-552,1,0,0
6,6,expert,874.632460,875.129643,0.497183,228220928,0,0,13,0
6,6,compute,874.565833,875.250213,0.684380,0,0,0,0,0
6,7,trunk,875.250215,875.253809,0.003594,431890432,-553,1,0,0
6,7,expert,875.291483,875.985298,0.693815,193110016,0,0,11,0
6,7,compute,875.253831,876.102662,0.848831,0,0,0,0,0
6,8,trunk,876.102664,876.106162,0.003498,645562368,-554,1,0,0
6,8,expert,876.168581,876.944076,0.775495,157999104,0,0,9,0
6,8,compute,876.106183,877.045456,0.939273,0,0,0,0,0
6,9,trunk,877.045457,877.048987,0.003530,645562368,-555,1,0,0
6,9,expert,877.111512,877.794563,0.683051,140443648,0,0,8,0
6,9,compute,877.049033,877.899017,0.849983,0,0,0,0,0
6,10,trunk,877.899019,877.902551,0.003533,645562368,-556,1,0,0
6,10,expert,877.967153,878.433831,0.466678,122888192,0,0,7,0
6,10,compute,877.902604,878.535737,0.633133,0,0,0,0,0
6,11,trunk,878.535738,878.539172,0.003433,431890432,-557,1,0,0
6,11,expert,878.578399,879.281826,0.703427,157999104,0,0,9,0
6,11,compute,878.539195,879.381543,0.842348,0,0,0,0,0
6,12,trunk,879.381544,879.385225,0.003680,645562368,-558,1,0,0
6,12,expert,879.444562,880.150540,0.705978,193110016,0,0,11,0
6,12,compute,879.385253,880.274203,0.888951,0,0,0,0,0
6,13,trunk,880.274205,880.277677,0.003472,645562368,-559,1,0,0
6,13,expert,880.339534,881.005082,0.665548,193110016,0,0,11,0
6,13,compute,880.277700,881.118326,0.840627,0,0,0,0,0
6,14,trunk,881.118328,881.121697,0.003369,645562368,-560,1,0,0
6,14,expert,881.181484,881.711322,0.529838,228220928,0,0,13,0
6,14,compute,881.121720,881.826177,0.704457,0,0,0,0,0
6,15,trunk,881.826179,881.829745,0.003566,431890432,-561,1,0,0
6,15,expert,881.870701,882.583741,0.713040,193110016,0,0,11,0
6,15,compute,881.829766,882.685622,0.855856,0,0,0,0,0
6,16,trunk,882.685623,882.689064,0.003441,645562368,-562,1,0,0
6,16,expert,882.750129,883.350564,0.600435,157999104,0,0,9,0
6,16,compute,882.689085,883.448452,0.759367,0,0,0,0,0
6,17,trunk,883.448453,883.452178,0.003725,645562368,-563,1,0,0
6,17,expert,883.511463,883.855358,0.343895,140443648,0,0,8,0
6,17,compute,883.452195,883.960865,0.508670,0,0,0,0,0
6,18,trunk,883.960867,884.145127,0.184260,645562368,-564,1,0,0
6,18,expert,884.203610,884.720828,0.517218,157999104,0,0,9,0
6,18,compute,884.145186,884.830181,0.684994,0,0,0,0,0
6,19,trunk,884.830182,884.833814,0.003632,431890432,-565,1,0,0
6,19,expert,884.873442,885.521357,0.647914,193110016,0,0,11,0
6,19,compute,884.833837,885.624109,0.790272,0,0,0,0,0
6,20,trunk,885.624110,885.627440,0.003330,645562368,-566,1,0,0
6,20,expert,885.689942,886.519657,0.829715,157999104,0,0,9,0
6,20,compute,885.627466,886.642216,1.014750,0,0,0,0,0
6,21,trunk,886.642217,886.645540,0.003322,645562368,-567,1,0,0
6,21,expert,886.706245,887.377594,0.671349,157999104,0,0,9,0
6,21,compute,886.645580,887.490429,0.844849,0,0,0,0,0
6,22,trunk,887.490431,887.494095,0.003664,645562368,-568,1,0,0
6,22,expert,887.546463,887.992620,0.446156,140443648,0,0,8,0
6,22,compute,887.494117,888.101740,0.607623,0,0,0,0,0
6,23,trunk,888.101743,888.105279,0.003536,431890432,-569,1,0,0
6,23,expert,888.144744,888.712633,0.567889,87777280,0,0,5,0
6,23,compute,888.105306,888.813343,0.708037,0,0,0,0,0
6,24,trunk,888.813345,888.816902,0.003557,645562368,-570,1,0,0
6,24,expert,888.875062,889.813825,0.938763,228220928,0,0,13,0
6,24,compute,888.816921,889.911084,1.094163,0,0,0,0,0
6,25,trunk,889.911086,889.914504,0.003418,645562368,-571,1,0,0
6,25,expert,889.969882,890.616887,0.647005,175554560,0,0,10,0
6,25,compute,889.914526,890.734532,0.820006,0,0,0,0,0
6,26,trunk,890.734534,890.738222,0.003688,645562368,-572,1,0,0
6,26,expert,890.793663,891.305840,0.512177,157999104,0,0,9,0
6,26,compute,890.738242,891.399684,0.661442,0,0,0,0,0
6,27,trunk,891.399712,891.403153,0.003441,431890432,-573,1,0,0
6,27,expert,891.438307,892.343371,0.905063,193110016,0,0,11,0
6,27,compute,891.403175,892.458828,1.055653,0,0,0,0,0
6,28,trunk,892.458830,892.462324,0.003494,645562368,-574,1,0,0
6,28,expert,892.543762,893.162926,0.619165,193110016,0,0,11,0
6,28,compute,892.462399,893.278221,0.815822,0,0,0,0,0
6,29,trunk,893.278223,893.281750,0.003527,645562368,-575,1,0,0
6,29,expert,893.339056,894.003351,0.664296,193110016,0,0,11,0
6,29,compute,893.281792,894.122464,0.840672,0,0,0,0,0
6,30,trunk,894.122465,894.126214,0.003748,645562368,-576,1,0,0
6,30,expert,894.177410,894.664524,0.487114,140443648,0,0,8,0
6,30,compute,894.126236,894.757371,0.631135,0,0,0,0,0
6,31,trunk,894.757373,894.761207,0.003834,431890432,-577,1,0,0
6,31,expert,894.804203,895.490218,0.686015,157999104,0,0,9,0
6,31,compute,894.761257,895.598229,0.836972,0,0,0,0,0
6,32,trunk,895.598230,895.601394,0.003164,645562368,-578,1,0,0
6,32,expert,895.661345,896.301756,0.640410,122888192,0,0,7,0
6,32,compute,895.601452,896.418630,0.817178,0,0,0,0,0
6,33,trunk,896.418632,896.422270,0.003638,645562368,-579,1,0,0
6,33,expert,896.475165,897.187324,0.712159,140443648,0,0,8,0
6,33,compute,896.422290,897.302157,0.879868,0,0,0,0,0
6,34,trunk,897.302159,897.305377,0.003218,645562368,-580,1,0,0
6,34,expert,897.365396,897.854019,0.488623,157999104,0,0,9,0
6,34,compute,897.305399,897.958181,0.652782,0,0,0,0,0
6,35,trunk,897.958182,897.961520,0.003338,431890432,-581,1,0,0
6,35,expert,897.997716,898.678985,0.681269,122888192,0,0,7,0
6,35,compute,897.961542,898.771143,0.809601,0,0,0,0,0
6,36,trunk,898.771145,898.774512,0.003367,645562368,-582,1,0,0
6,36,expert,898.834616,899.521055,0.686439,175554560,0,0,10,0
6,36,compute,898.774533,899.634204,0.859671,0,0,0,0,0
6,37,trunk,899.634205,899.637525,0.003319,645562368,-583,1,0,0
6,37,expert,899.685614,900.297688,0.612074,140443648,0,0,8,0
6,37,compute,899.637545,900.418205,0.780660,0,0,0,0,0
6,38,trunk,900.418207,900.421653,0.003446,645562368,-584,1,0,0
6,38,expert,900.484656,900.953835,0.469179,175554560,0,0,10,0
6,38,compute,900.421674,901.048187,0.626513,0,0,0,0,0
6,39,trunk,901.048190,901.052141,0.003952,431890432,-585,1,0,0
6,39,expert,901.088303,901.759800,0.671496,157999104,0,0,9,0
6,39,compute,901.052158,901.861030,0.808872,0,0,0,0,0
6,40,trunk,901.861032,901.864376,0.003344,645562368,-586,1,0,0
6,40,expert,901.920977,902.577349,0.656372,122888192,0,0,7,0
6,40,compute,901.864396,902.698172,0.833775,0,0,0,0,0
6,41,trunk,902.698173,902.701587,0.003413,645562368,-587,1,0,0
6,41,expert,902.768320,903.367072,0.598752,105332736,0,0,6,0
6,41,compute,902.701637,903.474173,0.772536,0,0,0,0,0
6,42,trunk,903.474175,903.477667,0.003492,645562368,-588,1,0,0
6,42,expert,903.542851,904.000318,0.457467,140443648,0,0,8,0
6,42,compute,903.477688,904.114225,0.636538,0,0,0,0,0
6,43,trunk,904.114227,904.117626,0.003399,431890432,-589,1,0,0
6,43,expert,904.161616,904.847979,0.686364,122888192,0,0,7,0
6,43,compute,904.117645,904.936062,0.818416,0,0,0,0,0
6,44,trunk,904.936064,904.939355,0.003291,645562368,-590,1,0,0
6,44,expert,904.994007,905.414951,0.420944,105332736,0,0,6,0
6,44,compute,904.939405,905.530598,0.591194,0,0,0,0,0
6,45,trunk,905.530600,905.642610,0.112010,645562368,-591,1,0,0
6,45,expert,905.699056,906.358195,0.659139,105332736,0,0,6,0
6,45,compute,905.642662,906.479067,0.836405,0,0,0,0,0
6,46,trunk,906.479069,906.482386,0.003317,645562368,-592,1,0,0
6,46,expert,906.602241,906.996579,0.394338,122888192,0,0,7,0
6,46,compute,906.482447,907.091320,0.608873,0,0,0,0,0
6,47,trunk,907.091322,907.094823,0.003501,431890432,-593,1,0,0
6,47,expert,907.127115,907.792964,0.665849,157999104,0,0,9,0
6,47,compute,907.094844,907.909291,0.814446,0,0,0,0,0
6,48,trunk,907.909293,907.912973,0.003680,645562368,-594,1,0,0
6,48,expert,907.967479,908.465625,0.498146,122888192,0,0,7,0
6,48,compute,907.912994,908.578261,0.665267,0,0,0,0,0
6,49,trunk,908.578263,908.607420,0.029156,645562368,-595,1,0,0
6,49,expert,908.664291,909.379271,0.714981,175554560,0,0,10,0
6,49,compute,908.607473,909.487039,0.879566,0,0,0,0,0
6,50,trunk,909.487041,909.490231,0.003189,645562368,-596,1,0,0
6,50,expert,909.539241,910.008384,0.469143,122888192,0,0,7,0
6,50,compute,909.490253,910.102807,0.612554,0,0,0,0,0
6,51,trunk,910.102809,910.106407,0.003599,431890432,-597,1,0,0
6,51,expert,910.141609,910.789854,0.648244,140443648,0,0,8,0
6,51,compute,910.106462,910.907139,0.800677,0,0,0,0,0
6,52,trunk,910.907141,910.910530,0.003389,645562368,-598,1,0,0
6,52,expert,910.968865,911.662871,0.694006,193110016,0,0,11,0
6,52,compute,910.910553,911.782963,0.872410,0,0,0,0,0
6,53,trunk,911.782965,911.786368,0.003403,645562368,-599,1,0,0
6,53,expert,911.841267,912.538167,0.696900,193110016,0,0,11,0
6,53,compute,911.786389,912.658182,0.871793,0,0,0,0,0
6,54,trunk,912.658184,912.661565,0.003381,645562368,-600,1,0,0
6,54,expert,912.710915,913.185587,0.474672,157999104,0,0,9,0
6,54,compute,912.661588,913.277888,0.616300,0,0,0,0,0
6,55,trunk,913.277890,913.281291,0.003401,431890432,-601,1,0,0
6,55,expert,913.317281,913.929959,0.612678,70221824,0,0,4,0
6,55,compute,913.281322,914.028451,0.747129,0,0,0,0,0
6,56,trunk,914.028453,914.031754,0.003301,645562368,-602,1,0,0
6,56,expert,914.087549,914.750261,0.662712,140443648,0,0,8,0
6,56,compute,914.031787,914.870256,0.838469,0,0,0,0,0
6,57,trunk,914.870257,914.873654,0.003396,645562368,-603,1,0,0
6,57,expert,914.927179,915.606896,0.679717,157999104,0,0,9,0
6,57,compute,914.873695,915.718167,0.844471,0,0,0,0,0
6,58,trunk,915.718169,915.721563,0.003394,645562368,-604,1,0,0
6,58,expert,915.774073,916.095596,0.321522,122888192,0,0,7,0
6,58,compute,915.721584,916.207331,0.485748,0,0,0,0,0
6,59,trunk,916.207333,916.246240,0.038907,431890432,-605,1,0,0
6,59,expert,916.283508,916.934030,0.650522,105332736,0,0,6,0
6,59,compute,916.246299,917.050187,0.803889,0,0,0,0,0
6,60,trunk,917.050190,917.053557,0.003368,645562368,-606,1,0,0
6,60,expert,917.108991,917.786076,0.677085,140443648,0,0,8,0
6,60,compute,917.053616,917.898998,0.845382,0,0,0,0,0
6,61,trunk,917.898999,917.902316,0.003317,645562368,-607,1,0,0
6,61,expert,917.960860,918.577449,0.616589,105332736,0,0,6,0
6,61,compute,917.902703,918.672468,0.769764,0,0,0,0,0
6,62,trunk,918.672470,918.675801,0.003332,645562368,-608,1,0,0
6,62,expert,918.726367,919.189543,0.463176,140443648,0,0,8,0
6,62,compute,918.675824,919.284276,0.608452,0,0,0,0,0
6,63,trunk,919.284278,919.287658,0.003380,431890432,-609,1,0,0
6,63,expert,919.324952,919.935886,0.610934,70221824,0,0,4,0
6,63,compute,919.287679,920.029661,0.741982,0,0,0,0,0
6,64,trunk,920.029662,920.033262,0.003600,645562368,-610,1,0,0
6,64,expert,920.098475,920.785798,0.687323,175554560,0,0,10,0
6,64,compute,920.033283,920.910244,0.876961,0,0,0,0,0
6,65,trunk,920.910246,920.913556,0.003311,645562368,-611,1,0,0
6,65,expert,920.962925,921.592016,0.629091,122888192,0,0,7,0
6,65,compute,920.913585,921.714166,0.800581,0,0,0,0,0
6,66,trunk,921.714168,921.717675,0.003507,645562368,-612,1,0,0
6,66,expert,921.766614,922.201020,0.434406,70221824,0,0,4,0
6,66,compute,921.717696,922.318208,0.600512,0,0,0,0,0
6,67,trunk,922.318210,922.321686,0.003476,431890432,-613,1,0,0
6,67,expert,922.362310,923.022624,0.660314,122888192,0,0,7,0
6,67,compute,922.321715,923.120363,0.798648,0,0,0,0,0
6,68,trunk,923.120365,923.123734,0.003369,645562368,-614,1,0,0
6,68,expert,923.187196,923.849010,0.661814,175554560,0,0,10,0
6,68,compute,923.123777,923.954197,0.830420,0,0,0,0,0
6,69,trunk,923.954199,923.957525,0.003325,645562368,-615,1,0,0
6,69,expert,924.010528,924.711178,0.700651,157999104,0,0,9,0
6,69,compute,923.957544,924.830276,0.872732,0,0,0,0,0
6,70,trunk,924.830277,924.833697,0.003420,645562368,-616,1,0,0
6,70,expert,924.887009,925.335239,0.448231,122888192,0,0,7,0
6,70,compute,924.833720,925.450166,0.616445,0,0,0,0,0
6,71,trunk,925.450167,925.453528,0.003361,431890432,-617,1,0,0
6,71,expert,925.507214,926.162645,0.655431,87777280,0,0,5,0
6,71,compute,925.453548,926.274206,0.820658,0,0,0,0,0
6,72,trunk,926.274207,926.277668,0.003461,645562368,-618,1,0,0
6,72,expert,926.335902,927.000244,0.664342,122888192,0,0,7,0
6,72,compute,926.277691,927.095495,0.817804,0,0,0,0,0
6,73,trunk,927.095497,927.098855,0.003359,645562368,-619,1,0,0
6,73,expert,927.150860,927.877823,0.726963,210665472,0,0,12,0
6,73,compute,927.098877,927.991074,0.892197,0,0,0,0,0
6,74,trunk,927.991076,927.994484,0.003408,645562368,-620,1,0,0
6,74,expert,928.042791,928.489801,0.447011,105332736,0,0,6,0
6,74,compute,927.994506,928.583178,0.588672,0,0,0,0,0
6,75,trunk,928.583180,928.586587,0.003406,431890432,-621,1,0,0
6,75,expert,928.622348,929.133806,0.511458,87777280,0,0,5,0
6,75,compute,928.586629,929.251002,0.664373,0,0,0,0,0
6,76,trunk,929.251070,929.255485,0.004416,645562368,-622,1,0,0
6,76,expert,929.313846,929.707114,0.393267,122888192,0,0,7,0
6,76,compute,929.255506,929.805733,0.550228,0,0,0,0,0
6,77,trunk,929.805735,929.920600,0.114865,645562368,-623,1,0,0
6,77,expert,929.969611,930.520025,0.550414,105332736,0,0,6,0
6,77,compute,929.920642,930.634220,0.713578,0,0,0,0,0
6,78,trunk,930.634222,930.637667,0.003445,645562368,-624,1,0,0
6,78,expert,930.716947,931.132324,0.415377,105332736,0,0,6,0
6,78,compute,930.637688,931.224850,0.587163,0,0,0,0,0
6,79,trunk,931.224852,931.228299,0.003447,431890432,-625,1,0,0
6,79,expert,931.267770,931.888220,0.620450,122888192,0,0,7,0
6,79,compute,931.228317,931.982174,0.753857,0,0,0,0,0
6,80,trunk,931.982177,931.985733,0.003556,645562368,-626,1,0,0
6,80,expert,932.038895,932.654886,0.615992,105332736,0,0,6,0
6,80,compute,931.985758,932.749664,0.763906,0,0,0,0,0
6,81,trunk,932.749666,932.753209,0.003543,645562368,-627,1,0,0
6,81,expert,932.810168,933.466946,0.656778,122888192,0,0,7,0
6,81,compute,932.753229,933.597734,0.844505,0,0,0,0,0
6,82,trunk,933.597735,933.601391,0.003655,645562368,-628,1,0,0
6,82,expert,933.655002,934.082330,0.427328,87777280,0,0,5,0
6,82,compute,933.601413,934.214165,0.612752,0,0,0,0,0
6,83,trunk,934.214167,934.217603,0.003436,431890432,-629,1,0,0
6,83,expert,934.274833,934.920891,0.646059,122888192,0,0,7,0
6,83,compute,934.217622,935.030190,0.812568,0,0,0,0,0
6,84,trunk,935.030192,935.033536,0.003344,645562368,-630,1,0,0
6,84,expert,935.103878,935.726573,0.622695,105332736,0,0,6,0
6,84,compute,935.033557,935.838236,0.804679,0,0,0,0,0
6,85,trunk,935.838238,935.841717,0.003479,645562368,-631,1,0,0
6,85,expert,935.898773,936.495747,0.596974,70221824,0,0,4,0
6,85,compute,935.841739,936.592903,0.751165,0,0,0,0,0
6,86,trunk,936.592905,936.596280,0.003375,645562368,-632,1,0,0
6,86,expert,936.643888,937.053839,0.409951,70221824,0,0,4,0
6,86,compute,936.596297,937.166176,0.569879,0,0,0,0,0
6,87,trunk,937.166178,937.169602,0.003425,431890432,-633,1,0,0
6,87,expert,937.208172,937.835538,0.627366,122888192,0,0,7,0
6,87,compute,937.169623,937.954224,0.784601,0,0,0,0,0
6,88,trunk,937.954225,937.957614,0.003388,645562368,-634,1,0,0
6,88,expert,938.008314,938.597369,0.589055,70221824,0,0,4,0
6,88,compute,937.957635,938.690164,0.732530,0,0,0,0,0
6,89,trunk,938.690167,938.693615,0.003448,645562368,-635,1,0,0
6,89,expert,938.750185,939.052031,0.301847,70221824,0,0,4,0
6,89,compute,938.693634,939.171050,0.477416,0,0,0,0,0
6,90,trunk,939.171052,939.385365,0.214313,645562368,-636,1,0,0
6,90,expert,939.435365,939.835703,0.400339,52666368,0,0,3,0
6,90,compute,939.385446,939.970174,0.584728,0,0,0,0,0
6,91,trunk,939.970175,939.973267,0.003092,431890432,-637,1,0,0
6,91,expert,940.004323,940.398441,0.394118,70221824,0,0,4,0
6,91,compute,939.973290,940.514227,0.540937,0,0,0,0,0
6,92,trunk,940.514229,940.517428,0.003200,431890432,-638,1,0,0
6,92,expert,940.564401,940.667809,0.103408,122888192,0,0,7,0
6,92,compute,940.517430,940.782255,0.264824,0,0,0,0,0
7,0,trunk,940.884719,940.884755,0.000035,0,-638,0,0,0
7,0,compute,940.884770,940.999421,0.114651,0,0,0,0,0
7,1,trunk,940.999422,941.459110,0.459688,645562368,-638,1,0,0
7,1,expert,941.549649,942.186802,0.637153,210665472,0,0,12,0
7,1,compute,941.459168,942.298259,0.839091,0,0,0,0,0
7,2,trunk,942.298261,942.301609,0.003348,645562368,-639,1,0,0
7,2,expert,942.352845,942.897136,0.544291,228220928,0,0,13,0
7,2,compute,942.301631,943.014624,0.712993,0,0,0,0,0
7,3,trunk,943.014626,943.018077,0.003452,431890432,-640,1,0,0
7,3,expert,943.071513,943.693992,0.622479,122888192,0,0,7,0
7,3,compute,943.018098,943.806202,0.788104,0,0,0,0,0
7,4,trunk,943.806204,943.809598,0.003394,645562368,-641,1,0,0
7,4,expert,943.887895,944.557482,0.669587,193110016,0,0,11,0
7,4,compute,943.809617,944.670227,0.860610,0,0,0,0,0
7,5,trunk,944.670229,944.673724,0.003495,645562368,-642,1,0,0
7,5,expert,944.726764,945.368721,0.641957,228220928,0,0,13,0
7,5,compute,944.673744,945.490275,0.816530,0,0,0,0,0
7,6,trunk,945.490276,945.493724,0.003448,645562368,-643,1,0,0
7,6,expert,945.544053,946.078269,0.534216,245776384,0,0,14,0
7,6,compute,945.493756,946.198527,0.704771,0,0,0,0,0
7,7,trunk,946.198529,946.202059,0.003530,431890432,-644,1,0,0
7,7,expert,946.239217,946.880409,0.641193,157999104,0,0,9,0
7,7,compute,946.202102,946.969359,0.767257,0,0,0,0,0
7,8,trunk,946.969361,946.972876,0.003515,645562368,-645,1,0,0
7,8,expert,947.026288,947.774839,0.748551,210665472,0,0,12,0
7,8,compute,946.972895,947.866997,0.894102,0,0,0,0,0
7,9,trunk,947.866999,947.870434,0.003435,645562368,-646,1,0,0
7,9,expert,947.925996,948.636267,0.710271,210665472,0,0,12,0
7,9,compute,947.870465,948.751066,0.880601,0,0,0,0,0
7,10,trunk,948.751068,948.754386,0.003318,645562368,-647,1,0,0
7,10,expert,948.802034,949.295835,0.493800,140443648,0,0,8,0
7,10,compute,948.754408,949.401635,0.647226,0,0,0,0,0
7,11,trunk,949.401637,949.405151,0.003514,431890432,-648,1,0,0
7,11,expert,949.441022,950.133380,0.692358,157999104,0,0,9,0
7,11,compute,949.405172,950.228878,0.823706,0,0,0,0,0
7,12,trunk,950.228880,950.232287,0.003408,645562368,-649,1,0,0
7,12,expert,950.288340,950.959431,0.671092,157999104,0,0,9,0
7,12,compute,950.232306,951.066216,0.833910,0,0,0,0,0
7,13,trunk,951.066217,951.069607,0.003390,645562368,-650,1,0,0
7,13,expert,951.125115,951.773355,0.648239,175554560,0,0,10,0
7,13,compute,951.069629,951.886299,0.816671,0,0,0,0,0
7,14,trunk,951.886301,951.889669,0.003368,645562368,-651,1,0,0
7,14,expert,951.936957,952.450100,0.513143,193110016,0,0,11,0
7,14,compute,951.889689,952.544946,0.655257,0,0,0,0,0
7,15,trunk,952.544948,952.548351,0.003403,431890432,-652,1,0,0
7,15,expert,952.581427,953.324174,0.742747,228220928,0,0,13,0
7,15,compute,952.548369,953.412841,0.864472,0,0,0,0,0
7,16,trunk,953.412843,953.416385,0.003542,645562368,-653,1,0,0
7,16,expert,953.472049,954.041407,0.569358,122888192,0,0,7,0
7,16,compute,953.416405,954.154355,0.737950,0,0,0,0,0
7,17,trunk,954.154357,954.157753,0.003396,645562368,-654,1,0,0
7,17,expert,954.212810,954.852258,0.639448,140443648,0,0,8,0
7,17,compute,954.157774,954.962989,0.805216,0,0,0,0,0
7,18,trunk,954.962991,954.966122,0.003131,645562368,-655,1,0,0
7,18,expert,955.025432,955.481320,0.455888,105332736,0,0,6,0
7,18,compute,954.966178,955.580929,0.614751,0,0,0,0,0
7,19,trunk,955.580931,955.584563,0.003632,431890432,-656,1,0,0
7,19,expert,955.618518,956.184295,0.565777,140443648,0,0,8,0
7,19,compute,955.584582,956.275600,0.691018,0,0,0,0,0
7,20,trunk,956.275602,956.279105,0.003503,645562368,-657,1,0,0
7,20,expert,956.338181,956.937596,0.599415,140443648,0,0,8,0
7,20,compute,956.279134,957.031691,0.752557,0,0,0,0,0
7,21,trunk,957.031693,957.035107,0.003413,645562368,-658,1,0,0
7,21,expert,957.084608,957.812815,0.728207,210665472,0,0,12,0
7,21,compute,957.035134,957.903809,0.868675,0,0,0,0,0
7,22,trunk,957.903811,957.907141,0.003330,645562368,-659,1,0,0
7,22,expert,957.953528,958.474311,0.520782,175554560,0,0,10,0
7,22,compute,957.907164,958.569236,0.662072,0,0,0,0,0
7,23,trunk,958.569238,958.572693,0.003455,431890432,-660,1,0,0
7,23,expert,958.603834,959.258469,0.654635,157999104,0,0,9,0
7,23,compute,958.572712,959.370256,0.797544,0,0,0,0,0
7,24,trunk,959.370258,959.373961,0.003703,645562368,-661,1,0,0
7,24,expert,959.424509,960.238263,0.813754,245776384,0,0,14,0
7,24,compute,959.374014,960.353064,0.979050,0,0,0,0,0
7,25,trunk,960.353066,960.356686,0.003620,645562368,-662,1,0,0
7,25,expert,960.408730,961.108897,0.700167,175554560,0,0,10,0
7,25,compute,960.356704,961.200431,0.843726,0,0,0,0,0
7,26,trunk,961.200433,961.203703,0.003270,645562368,-663,1,0,0
7,26,expert,961.250746,961.805737,0.554991,210665472,0,0,12,0
7,26,compute,961.203728,961.922196,0.718467,0,0,0,0,0
7,27,trunk,961.922201,961.925616,0.003415,431890432,-664,1,0,0
7,27,expert,961.961545,962.814690,0.853145,210665472,0,0,12,0
7,27,compute,961.925638,962.930192,1.004554,0,0,0,0,0
7,28,trunk,962.930193,962.933525,0.003331,645562368,-665,1,0,0
7,28,expert,962.983967,963.632141,0.648174,193110016,0,0,11,0
7,28,compute,962.933580,963.750313,0.816733,0,0,0,0,0
7,29,trunk,963.750315,963.753773,0.003458,645562368,-666,1,0,0
7,29,expert,963.802017,964.508736,0.706719,175554560,0,0,10,0
7,29,compute,963.753794,964.606929,0.853135,0,0,0,0,0
7,30,trunk,964.606931,964.610390,0.003459,645562368,-667,1,0,0
7,30,expert,964.660380,965.157398,0.497018,157999104,0,0,9,0
7,30,compute,964.610447,965.253996,0.643549,0,0,0,0,0
7,31,trunk,965.253999,965.257444,0.003445,431890432,-668,1,0,0
7,31,expert,965.291127,965.986827,0.695699,175554560,0,0,10,0
7,31,compute,965.257465,966.098296,0.840831,0,0,0,0,0
7,32,trunk,966.098317,966.101658,0.003340,645562368,-669,1,0,0
7,32,expert,966.153177,966.800017,0.646840,140443648,0,0,8,0
7,32,compute,966.101686,966.895728,0.794042,0,0,0,0,0
7,33,trunk,966.895730,966.899074,0.003344,645562368,-670,1,0,0
7,33,expert,966.950142,967.690506,0.740364,175554560,0,0,10,0
7,33,compute,966.899097,967.785937,0.886840,0,0,0,0,0
7,34,trunk,967.785939,967.789322,0.003382,645562368,-671,1,0,0
7,34,expert,967.840431,968.371050,0.530620,193110016,0,0,11,0
7,34,compute,967.789342,968.494218,0.704876,0,0,0,0,0
7,35,trunk,968.494220,968.497757,0.003537,431890432,-672,1,0,0
7,35,expert,968.530927,969.226799,0.695872,140443648,0,0,8,0
7,35,compute,968.497777,969.338322,0.840544,0,0,0,0,0
7,36,trunk,969.338323,969.341664,0.003341,645562368,-673,1,0,0
7,36,expert,969.396056,970.084271,0.688215,157999104,0,0,9,0
7,36,compute,969.341693,970.198208,0.856515,0,0,0,0,0
7,37,trunk,970.198210,970.201616,0.003406,645562368,-674,1,0,0
7,37,expert,970.258625,970.972143,0.713519,193110016,0,0,11,0
7,37,compute,970.201647,971.060281,0.858634,0,0,0,0,0
7,38,trunk,971.060283,971.063826,0.003543,645562368,-675,1,0,0
7,38,expert,971.114148,971.534236,0.420088,105332736,0,0,6,0
7,38,compute,971.063851,971.650222,0.586372,0,0,0,0,0
7,39,trunk,971.650224,971.653708,0.003484,431890432,-676,1,0,0
7,39,expert,971.687128,972.330402,0.643274,105332736,0,0,6,0
7,39,compute,971.653731,972.422863,0.769132,0,0,0,0,0
7,40,trunk,972.422864,972.426194,0.003329,645562368,-677,1,0,0
7,40,expert,972.484178,973.115153,0.630976,105332736,0,0,6,0
7,40,compute,972.426216,973.222226,0.796011,0,0,0,0,0
7,41,trunk,973.222228,973.225581,0.003353,645562368,-678,1,0,0
7,41,expert,973.274838,973.855493,0.580655,52666368,0,0,3,0
7,41,compute,973.225602,973.967015,0.741413,0,0,0,0,0
7,42,trunk,973.967016,973.970433,0.003417,645562368,-679,1,0,0
7,42,expert,974.019446,974.464611,0.445165,105332736,0,0,6,0
7,42,compute,973.970457,974.578304,0.607847,0,0,0,0,0
7,43,trunk,974.578306,974.581685,0.003379,431890432,-680,1,0,0
7,43,expert,974.614156,975.246371,0.632215,70221824,0,0,4,0
7,43,compute,974.581706,975.358225,0.776519,0,0,0,0,0
7,44,trunk,975.358227,975.361590,0.003364,645562368,-681,1,0,0
7,44,expert,975.419518,976.061356,0.641838,105332736,0,0,6,0
7,44,compute,975.361611,976.154933,0.793321,0,0,0,0,0
7,45,trunk,976.154935,976.158293,0.003358,645562368,-682,1,0,0
7,45,expert,976.212995,976.854622,0.641627,140443648,0,0,8,0
7,45,compute,976.158316,976.966241,0.807925,0,0,0,0,0
7,46,trunk,976.966243,976.969629,0.003386,645562368,-683,1,0,0
7,46,expert,977.020171,977.426710,0.406539,140443648,0,0,8,0
7,46,compute,976.969651,977.565512,0.595861,0,0,0,0,0
7,47,trunk,977.565514,977.569185,0.003670,431890432,-684,1,0,0
7,47,expert,977.607466,978.209081,0.601615,87777280,0,0,5,0
7,47,compute,977.569205,978.331008,0.761803,0,0,0,0,0
7,48,trunk,978.331009,978.334326,0.003317,645562368,-685,1,0,0
7,48,expert,978.393292,979.037359,0.644067,140443648,0,0,8,0
7,48,compute,978.334386,979.154175,0.819789,0,0,0,0,0
7,49,trunk,979.154177,979.157588,0.003412,645562368,-686,1,0,0
7,49,expert,979.209047,979.804294,0.595247,228220928,0,0,13,0
7,49,compute,979.157609,979.918350,0.760741,0,0,0,0,0
7,50,trunk,979.918352,979.969001,0.050649,645562368,-687,1,0,0
7,50,expert,980.016936,980.494416,0.477480,140443648,0,0,8,0
7,50,compute,979.969049,980.618303,0.649254,0,0,0,0,0
7,51,trunk,980.618305,980.621780,0.003475,431890432,-688,1,0,0
7,51,expert,980.656486,981.289572,0.633086,122888192,0,0,7,0
7,51,compute,980.621802,981.402196,0.780394,0,0,0,0,0
7,52,trunk,981.402197,981.405595,0.003397,645562368,-689,1,0,0
7,52,expert,981.461560,982.037155,0.575596,157999104,0,0,9,0
7,52,compute,981.405637,982.132821,0.727184,0,0,0,0,0
7,53,trunk,982.132823,982.136277,0.003454,645562368,-690,1,0,0
7,53,expert,982.186650,982.876965,0.690315,175554560,0,0,10,0
7,53,compute,982.136294,982.968930,0.832636,0,0,0,0,0
7,54,trunk,982.968932,982.972419,0.003486,645562368,-691,1,0,0
7,54,expert,983.023933,983.530216,0.506283,193110016,0,0,11,0
7,54,compute,982.972436,983.628951,0.656514,0,0,0,0,0
7,55,trunk,983.628953,983.632384,0.003431,431890432,-692,1,0,0
7,55,expert,983.669703,984.322051,0.652348,122888192,0,0,7,0
7,55,compute,983.632424,984.438199,0.805774,0,0,0,0,0
7,56,trunk,984.438201,984.441597,0.003396,645562368,-693,1,0,0
7,56,expert,984.495553,984.903810,0.408256,140443648,0,0,8,0
7,56,compute,984.441642,985.001199,0.559557,0,0,0,0,0
7,57,trunk,985.001200,985.169348,0.168148,645562368,-694,1,0,0
7,57,expert,985.223218,985.855763,0.632545,157999104,0,0,9,0
7,57,compute,985.169402,985.998173,0.828771,0,0,0,0,0
7,58,trunk,985.998175,986.001532,0.003358,645562368,-695,1,0,0
7,58,expert,986.046973,986.506792,0.459818,105332736,0,0,6,0
7,58,compute,986.001554,986.622209,0.620655,0,0,0,0,0
7,59,trunk,986.622211,986.625731,0.003520,431890432,-696,1,0,0
7,59,expert,986.662330,987.289427,0.627097,87777280,0,0,5,0
7,59,compute,986.625759,987.383073,0.757314,0,0,0,0,0
7,60,trunk,987.383076,987.386535,0.003459,645562368,-697,1,0,0
7,60,expert,987.442239,988.138450,0.696212,175554560,0,0,10,0
7,60,compute,987.386554,988.250168,0.863614,0,0,0,0,0
7,61,trunk,988.250170,988.253681,0.003511,645562368,-698,1,0,0
7,61,expert,988.346928,989.023997,0.677069,228220928,0,0,13,0
7,61,compute,988.253706,989.146197,0.892492,0,0,0,0,0
7,62,trunk,989.146199,989.149452,0.003253,645562368,-699,1,0,0
7,62,expert,989.197404,989.634630,0.437226,122888192,0,0,7,0
7,62,compute,989.149508,989.737248,0.587741,0,0,0,0,0
7,63,trunk,989.737250,989.740722,0.003472,431890432,-700,1,0,0
7,63,expert,989.776446,990.459870,0.683424,157999104,0,0,9,0
7,63,compute,989.740743,990.546859,0.806117,0,0,0,0,0
7,64,trunk,990.546861,990.550384,0.003523,645562368,-701,1,0,0
7,64,expert,990.607539,991.341477,0.733939,228220928,0,0,13,0
7,64,compute,990.550413,991.454230,0.903816,0,0,0,0,0
7,65,trunk,991.454231,991.457624,0.003393,645562368,-702,1,0,0
7,65,expert,991.514450,992.151607,0.637158,122888192,0,0,7,0
7,65,compute,991.457662,992.242731,0.785069,0,0,0,0,0
7,66,trunk,992.242734,992.246349,0.003615,645562368,-703,1,0,0
7,66,expert,992.293618,992.752724,0.459106,175554560,0,0,10,0
7,66,compute,992.246372,992.848697,0.602325,0,0,0,0,0
7,67,trunk,992.848699,992.852178,0.003480,431890432,-704,1,0,0
7,67,expert,992.914165,993.566452,0.652287,140443648,0,0,8,0
7,67,compute,992.852196,993.660768,0.808573,0,0,0,0,0
7,68,trunk,993.660770,993.665129,0.004359,645562368,-705,1,0,0
7,68,expert,993.729306,1006.380148,12.650842,193110016,0,0,11,0
7,68,compute,993.665146,1006.471056,12.805910,0,0,0,0,0
7,69,trunk,1006.471057,1006.474495,0.003438,645562368,-706,1,0,0
7,69,expert,1006.529542,1007.245882,0.716340,193110016,0,0,11,0
7,69,compute,1006.474544,1007.358214,0.883670,0,0,0,0,0
7,70,trunk,1007.358215,1007.361774,0.003559,645562368,-707,1,0,0
7,70,expert,1007.414167,1007.884299,0.470132,157999104,0,0,9,0
7,70,compute,1007.361795,1007.972823,0.611027,0,0,0,0,0
7,71,trunk,1007.972825,1007.976279,0.003454,431890432,-708,1,0,0
7,71,expert,1008.013206,1008.740666,0.727460,140443648,0,0,8,0
7,71,compute,1007.976316,1008.862216,0.885900,0,0,0,0,0
7,72,trunk,1008.862217,1008.865752,0.003535,645562368,-709,1,0,0
7,72,expert,1008.922028,1009.561241,0.639213,105332736,0,0,6,0
7,72,compute,1008.865775,1009.674160,0.808385,0,0,0,0,0
7,73,trunk,1009.674161,1009.677529,0.003368,645562368,-710,1,0,0
7,73,expert,1009.757567,1010.450641,0.693073,193110016,0,0,11,0
7,73,compute,1009.677550,1010.562260,0.884710,0,0,0,0,0
7,74,trunk,1010.562262,1010.565662,0.003400,645562368,-711,1,0,0
7,74,expert,1010.614210,1011.088450,0.474240,140443648,0,0,8,0
7,74,compute,1010.565685,1011.194174,0.628489,0,0,0,0,0
7,75,trunk,1011.194176,1011.197536,0.003360,431890432,-712,1,0,0
7,75,expert,1011.234842,1011.918108,0.683266,157999104,0,0,9,0
7,75,compute,1011.197560,1012.030263,0.832703,0,0,0,0,0
7,76,trunk,1012.030265,1012.033619,0.003353,645562368,-713,1,0,0
7,76,expert,1012.091853,1012.755753,0.663900,175554560,0,0,10,0
7,76,compute,1012.033640,1012.847898,0.814258,0,0,0,0,0
7,77,trunk,1012.847900,1012.851233,0.003333,645562368,-714,1,0,0
7,77,expert,1012.909487,1013.564693,0.655207,122888192,0,0,7,0
7,77,compute,1012.851256,1013.677410,0.826155,0,0,0,0,0
7,78,trunk,1013.677413,1013.680770,0.003357,645562368,-715,1,0,0
7,78,expert,1013.736703,1014.192405,0.455702,122888192,0,0,7,0
7,78,compute,1013.680794,1014.306288,0.625494,0,0,0,0,0
7,79,trunk,1014.306290,1014.309790,0.003500,431890432,-716,1,0,0
7,79,expert,1014.342730,1015.006223,0.663493,140443648,0,0,8,0
7,79,compute,1014.309835,1015.118187,0.808352,0,0,0,0,0
7,80,trunk,1015.118189,1015.121629,0.003440,645562368,-717,1,0,0
7,80,expert,1015.180926,1015.887747,0.706821,228220928,0,0,13,0
7,80,compute,1015.121651,1015.979737,0.858086,0,0,0,0,0
7,81,trunk,1015.979738,1015.983319,0.003581,645562368,-718,1,0,0
7,81,expert,1016.042908,1016.731050,0.688142,157999104,0,0,9,0
7,81,compute,1015.983347,1016.826591,0.843244,0,0,0,0,0
7,82,trunk,1016.826593,1016.829953,0.003360,645562368,-719,1,0,0
7,82,expert,1016.881467,1017.532053,0.650586,193110016,0,0,11,0
7,82,compute,1016.829977,1017.644753,0.814776,0,0,0,0,0
7,83,trunk,1017.644755,1017.648193,0.003439,431890432,-720,1,0,0
7,83,expert,1017.683864,1018.374721,0.690856,157999104,0,0,9,0
7,83,compute,1017.648212,1018.486998,0.838786,0,0,0,0,0
7,84,trunk,1018.486999,1018.490374,0.003375,645562368,-721,1,0,0
7,84,expert,1018.568425,1019.243679,0.675254,193110016,0,0,11,0
7,84,compute,1018.490396,1019.335659,0.845263,0,0,0,0,0
7,85,trunk,1019.335660,1019.339020,0.003359,645562368,-722,1,0,0
7,85,expert,1019.393239,1020.077219,0.683980,175554560,0,0,10,0
7,85,compute,1019.339042,1020.191026,0.851984,0,0,0,0,0
7,86,trunk,1020.191028,1020.194366,0.003338,645562368,-723,1,0,0
7,86,expert,1020.243769,1020.714856,0.471088,157999104,0,0,9,0
7,86,compute,1020.194390,1020.826252,0.631862,0,0,0,0,0
7,87,trunk,1020.826254,1020.829805,0.003551,431890432,-724,1,0,0
7,87,expert,1020.866309,1021.471571,0.605262,140443648,0,0,8,0
7,87,compute,1020.829828,1021.565456,0.735628,0,0,0,0,0
7,88,trunk,1021.565458,1021.568993,0.003535,645562368,-725,1,0,0
7,88,expert,1021.625558,1022.242049,0.616492,105332736,0,0,6,0
7,88,compute,1021.569012,1022.354228,0.785216,0,0,0,0,0
7,89,trunk,1022.354249,1022.357587,0.003337,645562368,-726,1,0,0
7,89,expert,1022.414570,1023.020089,0.605519,105332736,0,0,6,0
7,89,compute,1022.357608,1023.112522,0.754914,0,0,0,0,0
7,90,trunk,1023.112525,1023.115893,0.003368,645562368,-727,1,0,0
7,90,expert,1023.163155,1023.640927,0.477772,140443648,0,0,8,0
7,90,compute,1023.115920,1023.754205,0.638285,0,0,0,0,0
7,91,trunk,1023.754207,1023.757681,0.003474,431890432,-728,1,0,0
7,91,expert,1023.786084,1024.287417,0.501332,175554560,0,0,10,0
7,91,compute,1023.757702,1024.402298,0.644596,0,0,0,0,0
7,92,trunk,1024.402299,1024.405683,0.003384,431890432,-729,1,0,0
7,92,expert,1024.428482,1024.612072,0.183590,210665472,0,0,12,0
7,92,compute,1024.405686,1024.726201,0.320515,0,0,0,0,0
