[v50] pair 1 A (depth 0, baseline)  11:54:18
  [pf0_r1 depth=0]  3 tokens in 199.8 s, 66.61 s/token average
      DBG getmany L1 nw=16 wall=0.196s thr(out)1 thr(in)16 conc_peak=16 pread=2.210s
      DBG getmany L2 nw=16 wall=0.192s thr(out)1 thr(in)16 conc_peak=16 pread=2.051s
      DBG getmany L3 nw=16 wall=0.202s thr(out)1 thr(in)16 conc_peak=16 pread=2.129s
      DBG getmany L4 nw=16 wall=0.193s thr(out)1 thr(in)16 conc_peak=16 pread=2.083s
      DBG getmany L5 nw=16 wall=0.192s thr(out)1 thr(in)16 conc_peak=16 pread=2.051s
      DBG getmany L6 nw=16 wall=0.195s thr(out)1 thr(in)16 conc_peak=16 pread=2.085s
      DBG getmany L7 nw=16 wall=0.187s thr(out)1 thr(in)16 conc_peak=16 pread=1.836s
      DBG getmany L8 nw=16 wall=0.186s thr(out)1 thr(in)16 conc_peak=16 pread=1.910s
      DBG getmany L9 nw=16 wall=0.199s thr(out)1 thr(in)16 conc_peak=16 pread=2.157s
      DBG getmany L10 nw=16 wall=0.203s thr(out)1 thr(in)16 conc_peak=16 pread=2.161s
      DBG getmany L11 nw=16 wall=0.201s thr(out)1 thr(in)16 conc_peak=16 pread=2.130s
      DBG getmany L12 nw=16 wall=0.201s thr(out)1 thr(in)16 conc_peak=16 pread=2.184s
      DBG getmany L13 nw=16 wall=0.206s thr(out)1 thr(in)16 conc_peak=16 pread=2.186s
      DBG getmany L14 nw=16 wall=0.199s thr(out)1 thr(in)16 conc_peak=16 pread=2.150s
      DBG getmany L15 nw=16 wall=0.208s thr(out)1 thr(in)16 conc_peak=16 pread=2.241s
      DBG getmany L16 nw=16 wall=1.393s thr(out)1 thr(in)16 conc_peak=16 pread=19.732s
      DBG getmany L17 nw=16 wall=0.203s thr(out)1 thr(in)16 conc_peak=16 pread=2.151s
      DBG getmany L18 nw=16 wall=0.202s thr(out)1 thr(in)16 conc_peak=16 pread=2.078s
      DBG getmany L19 nw=16 wall=0.215s thr(out)1 thr(in)16 conc_peak=16 pread=2.307s
      DBG getmany L20 nw=16 wall=0.200s thr(out)1 thr(in)16 conc_peak=16 pread=2.082s
      DBG getmany L21 nw=16 wall=0.238s thr(out)1 thr(in)16 conc_peak=16 pread=2.143s
      DBG getmany L22 nw=16 wall=0.292s thr(out)1 thr(in)16 conc_peak=16 pread=2.222s
      DBG getmany L23 nw=16 wall=0.504s thr(out)1 thr(in)16 conc_peak=16 pread=5.556s
      DBG getmany L24 nw=16 wall=0.461s thr(out)1 thr(in)16 conc_peak=16 pread=5.055s
      DBG getmany L25 nw=16 wall=0.551s thr(out)1 thr(in)16 conc_peak=16 pread=6.038s
      DBG getmany L26 nw=16 wall=0.386s thr(out)1 thr(in)16 conc_peak=16 pread=5.103s
      DBG getmany L27 nw=16 wall=0.514s thr(out)1 thr(in)16 conc_peak=15 pread=7.350s
      DBG getmany L28 nw=16 wall=0.479s thr(out)1 thr(in)16 conc_peak=16 pread=5.931s
      DBG getmany L29 nw=16 wall=0.526s thr(out)1 thr(in)16 conc_peak=16 pread=7.189s
      DBG getmany L30 nw=16 wall=0.404s thr(out)1 thr(in)16 conc_peak=16 pread=5.548s
      DBG getmany L31 nw=16 wall=0.579s thr(out)1 thr(in)16 conc_peak=16 pread=8.632s
      DBG getmany L32 nw=16 wall=0.554s thr(out)1 thr(in)16 conc_peak=16 pread=7.599s
      DBG getmany L33 nw=16 wall=0.600s thr(out)1 thr(in)16 conc_peak=16 pread=8.524s
      DBG getmany L34 nw=16 wall=0.421s thr(out)1 thr(in)16 conc_peak=16 pread=5.425s
      DBG getmany L35 nw=16 wall=0.563s thr(out)1 thr(in)16 conc_peak=16 pread=7.689s
      DBG getmany L36 nw=16 wall=0.560s thr(out)1 thr(in)16 conc_peak=16 pread=6.927s
      DBG getmany L37 nw=16 wall=0.554s thr(out)1 thr(in)16 conc_peak=16 pread=7.972s
      DBG getmany L38 nw=16 wall=0.395s thr(out)1 thr(in)16 conc_peak=16 pread=5.533s
      DBG getmany L39 nw=16 wall=0.575s thr(out)1 thr(in)16 conc_peak=16 pread=8.432s
      DBG getmany L40 nw=16 wall=0.552s thr(out)1 thr(in)16 conc_peak=16 pread=6.681s
      DBG getmany L41 nw=16 wall=0.508s thr(out)1 thr(in)16 conc_peak=16 pread=6.499s
      DBG getmany L42 nw=16 wall=0.398s thr(out)1 thr(in)16 conc_peak=15 pread=5.612s
      DBG getmany L43 nw=16 wall=0.582s thr(out)1 thr(in)16 conc_peak=16 pread=8.016s
      DBG getmany L44 nw=16 wall=0.558s thr(out)1 thr(in)16 conc_peak=16 pread=7.317s
      DBG getmany L45 nw=16 wall=0.564s thr(out)1 thr(in)16 conc_peak=16 pread=7.530s
      DBG getmany L46 nw=16 wall=0.354s thr(out)1 thr(in)16 conc_peak=16 pread=4.845s
      DBG getmany L47 nw=16 wall=0.546s thr(out)1 thr(in)16 conc_peak=16 pread=6.093s
      DBG getmany L48 nw=16 wall=0.577s thr(out)1 thr(in)16 conc_peak=16 pread=7.168s
      DBG getmany L49 nw=16 wall=0.584s thr(out)1 thr(in)16 conc_peak=16 pread=6.992s
      DBG getmany L50 nw=16 wall=0.439s thr(out)1 thr(in)16 conc_peak=16 pread=5.705s
      DBG getmany L51 nw=16 wall=0.572s thr(out)1 thr(in)16 conc_peak=16 pread=7.696s
      DBG getmany L52 nw=16 wall=0.511s thr(out)1 thr(in)16 conc_peak=16 pread=6.148s
      DBG getmany L53 nw=16 wall=0.572s thr(out)1 thr(in)16 conc_peak=16 pread=7.139s
      DBG getmany L54 nw=16 wall=0.454s thr(out)1 thr(in)16 conc_peak=16 pread=6.047s
      DBG getmany L55 nw=16 wall=0.605s thr(out)1 thr(in)16 conc_peak=16 pread=8.917s
      DBG getmany L56 nw=16 wall=0.199s thr(out)1 thr(in)16 conc_peak=16 pread=1.762s
      DBG getmany L57 nw=16 wall=0.595s thr(out)1 thr(in)16 conc_peak=16 pread=7.341s
      DBG getmany L58 nw=16 wall=0.414s thr(out)1 thr(in)16 conc_peak=16 pread=5.444s
      DBG getmany L59 nw=16 wall=0.568s thr(out)1 thr(in)16 conc_peak=16 pread=8.223s
      DBG getmany L60 nw=16 wall=0.573s thr(out)1 thr(in)16 conc_peak=16 pread=8.521s
      DBG getmany L61 nw=16 wall=0.596s thr(out)1 thr(in)16 conc_peak=16 pread=8.983s
      DBG getmany L62 nw=16 wall=0.427s thr(out)1 thr(in)16 conc_peak=16 pread=5.759s
      DBG getmany L63 nw=16 wall=0.618s thr(out)1 thr(in)16 conc_peak=16 pread=8.879s
      DBG getmany L64 nw=16 wall=0.576s thr(out)1 thr(in)16 conc_peak=16 pread=8.091s
      DBG getmany L65 nw=16 wall=0.572s thr(out)1 thr(in)16 conc_peak=16 pread=8.180s
      DBG getmany L66 nw=16 wall=0.448s thr(out)1 thr(in)16 conc_peak=16 pread=6.130s
      DBG getmany L67 nw=16 wall=0.597s thr(out)1 thr(in)16 conc_peak=16 pread=8.914s
      DBG getmany L68 nw=16 wall=0.570s thr(out)1 thr(in)16 conc_peak=16 pread=8.566s
      DBG getmany L69 nw=16 wall=0.562s thr(out)1 thr(in)16 conc_peak=16 pread=7.610s
      DBG getmany L70 nw=16 wall=0.439s thr(out)1 thr(in)16 conc_peak=16 pread=6.329s
      DBG getmany L71 nw=16 wall=0.601s thr(out)1 thr(in)16 conc_peak=16 pread=8.492s
      DBG getmany L72 nw=16 wall=0.580s thr(out)1 thr(in)16 conc_peak=16 pread=7.803s
      DBG getmany L73 nw=16 wall=0.603s thr(out)1 thr(in)16 conc_peak=16 pread=8.104s
      DBG getmany L74 nw=16 wall=0.426s thr(out)1 thr(in)16 conc_peak=16 pread=5.679s
      DBG getmany L75 nw=16 wall=0.570s thr(out)1 thr(in)16 conc_peak=16 pread=7.735s
      DBG getmany L76 nw=16 wall=0.562s thr(out)1 thr(in)16 conc_peak=16 pread=7.879s
      DBG getmany L77 nw=16 wall=0.625s thr(out)1 thr(in)16 conc_peak=16 pread=7.380s
      DBG getmany L78 nw=16 wall=0.447s thr(out)1 thr(in)16 conc_peak=16 pread=5.184s
      DBG getmany L79 nw=16 wall=0.582s thr(out)1 thr(in)16 conc_peak=16 pread=8.308s
      DBG getmany L80 nw=16 wall=0.573s thr(out)1 thr(in)16 conc_peak=16 pread=7.717s
      DBG getmany L81 nw=16 wall=0.581s thr(out)1 thr(in)16 conc_peak=16 pread=8.130s
      DBG getmany L82 nw=16 wall=0.416s thr(out)1 thr(in)16 conc_peak=16 pread=5.772s
      DBG getmany L83 nw=16 wall=0.589s thr(out)1 thr(in)16 conc_peak=16 pread=8.589s
      DBG getmany L84 nw=16 wall=0.586s thr(out)1 thr(in)16 conc_peak=16 pread=8.866s
      DBG getmany L85 nw=16 wall=0.564s thr(out)1 thr(in)16 conc_peak=16 pread=8.247s
      DBG getmany L86 nw=16 wall=0.404s thr(out)1 thr(in)16 conc_peak=16 pread=5.562s
      DBG getmany L87 nw=16 wall=0.551s thr(out)1 thr(in)16 conc_peak=16 pread=8.345s
      DBG getmany L88 nw=16 wall=0.578s thr(out)1 thr(in)16 conc_peak=16 pread=8.140s
      DBG getmany L89 nw=16 wall=0.575s thr(out)1 thr(in)16 conc_peak=16 pread=7.680s
      DBG getmany L90 nw=16 wall=0.410s thr(out)1 thr(in)16 conc_peak=16 pread=5.094s
      DBG getmany L91 nw=16 wall=0.416s thr(out)1 thr(in)16 conc_peak=16 pread=5.876s
      DBG getmany L92 nw=16 wall=0.160s thr(out)1 thr(in)16 conc_peak=16 pread=1.460s
      peak RSS after loading weights: 4.78 GB  (the plan above is a forecast, this is measured)
      DBG getmany L1 nw=16 wall=0.190s thr(out)1 thr(in)16 conc_peak=16 pread=1.703s
      DBG getmany L2 nw=16 wall=0.172s thr(out)1 thr(in)16 conc_peak=16 pread=1.578s
      DBG getmany L3 nw=16 wall=0.168s thr(out)1 thr(in)16 conc_peak=16 pread=1.530s
      DBG getmany L4 nw=16 wall=0.159s thr(out)1 thr(in)16 conc_peak=16 pread=1.487s
      DBG getmany L5 nw=16 wall=0.162s thr(out)1 thr(in)16 conc_peak=16 pread=1.647s
      DBG getmany L6 nw=16 wall=0.179s thr(out)1 thr(in)16 conc_peak=16 pread=1.697s
      DBG getmany L7 nw=16 wall=0.157s thr(out)1 thr(in)16 conc_peak=16 pread=1.514s
      DBG getmany L8 nw=16 wall=0.158s thr(out)1 thr(in)16 conc_peak=16 pread=1.442s
      DBG getmany L9 nw=16 wall=0.161s thr(out)1 thr(in)16 conc_peak=16 pread=1.578s
      DBG getmany L10 nw=16 wall=0.162s thr(out)1 thr(in)16 conc_peak=16 pread=1.486s
      DBG getmany L11 nw=16 wall=0.162s thr(out)1 thr(in)16 conc_peak=16 pread=1.583s
      DBG getmany L12 nw=16 wall=0.171s thr(out)1 thr(in)16 conc_peak=16 pread=1.544s
      DBG getmany L13 nw=16 wall=0.170s thr(out)1 thr(in)16 conc_peak=16 pread=1.586s
      DBG getmany L14 nw=16 wall=0.165s thr(out)1 thr(in)16 conc_peak=16 pread=1.629s
      DBG getmany L15 nw=16 wall=0.164s thr(out)1 thr(in)16 conc_peak=11 pread=1.633s
      DBG getmany L16 nw=16 wall=0.166s thr(out)1 thr(in)16 conc_peak=16 pread=1.602s
      DBG getmany L17 nw=16 wall=0.171s thr(out)1 thr(in)16 conc_peak=16 pread=1.579s
      DBG getmany L18 nw=16 wall=0.163s thr(out)1 thr(in)16 conc_peak=16 pread=1.581s
      DBG getmany L19 nw=16 wall=0.158s thr(out)1 thr(in)16 conc_peak=16 pread=1.545s
      DBG getmany L20 nw=16 wall=0.161s thr(out)1 thr(in)16 conc_peak=16 pread=1.511s
      DBG getmany L21 nw=16 wall=0.509s thr(out)1 thr(in)16 conc_peak=16 pread=7.057s
      DBG getmany L22 nw=16 wall=0.384s thr(out)1 thr(in)16 conc_peak=16 pread=5.200s
      DBG getmany L23 nw=16 wall=0.492s thr(out)1 thr(in)16 conc_peak=16 pread=7.391s
      DBG getmany L24 nw=16 wall=0.565s thr(out)1 thr(in)16 conc_peak=16 pread=6.506s
      DBG getmany L25 nw=16 wall=0.540s thr(out)1 thr(in)16 conc_peak=16 pread=8.084s
      DBG getmany L26 nw=16 wall=0.414s thr(out)1 thr(in)16 conc_peak=16 pread=5.741s
      DBG getmany L27 nw=16 wall=0.488s thr(out)1 thr(in)16 conc_peak=16 pread=6.662s
      DBG getmany L28 nw=16 wall=0.479s thr(out)1 thr(in)16 conc_peak=16 pread=6.743s
      DBG getmany L29 nw=16 wall=0.524s thr(out)1 thr(in)16 conc_peak=16 pread=6.840s
      DBG getmany L30 nw=16 wall=0.409s thr(out)1 thr(in)16 conc_peak=16 pread=5.772s
      DBG getmany L31 nw=16 wall=0.503s thr(out)1 thr(in)16 conc_peak=16 pread=6.479s
      DBG getmany L32 nw=16 wall=0.547s thr(out)1 thr(in)16 conc_peak=16 pread=8.075s
      DBG getmany L33 nw=16 wall=0.561s thr(out)1 thr(in)16 conc_peak=16 pread=7.626s
      DBG getmany L34 nw=16 wall=0.415s thr(out)1 thr(in)16 conc_peak=16 pread=6.041s
      DBG getmany L35 nw=16 wall=0.586s thr(out)1 thr(in)16 conc_peak=16 pread=8.462s
      DBG getmany L36 nw=16 wall=0.555s thr(out)1 thr(in)16 conc_peak=16 pread=8.273s
      DBG getmany L37 nw=16 wall=0.556s thr(out)1 thr(in)16 conc_peak=16 pread=6.158s
      DBG getmany L38 nw=16 wall=0.398s thr(out)1 thr(in)16 conc_peak=16 pread=5.383s
      DBG getmany L39 nw=16 wall=0.560s thr(out)1 thr(in)16 conc_peak=16 pread=8.125s
      DBG getmany L40 nw=16 wall=0.560s thr(out)1 thr(in)16 conc_peak=16 pread=8.480s
      DBG getmany L41 nw=16 wall=0.518s thr(out)1 thr(in)16 conc_peak=16 pread=5.458s
      DBG getmany L42 nw=16 wall=0.402s thr(out)1 thr(in)16 conc_peak=16 pread=4.633s
      DBG getmany L43 nw=16 wall=0.587s thr(out)1 thr(in)16 conc_peak=16 pread=8.827s
      DBG getmany L44 nw=16 wall=0.552s thr(out)1 thr(in)16 conc_peak=16 pread=8.352s
      DBG getmany L45 nw=16 wall=0.563s thr(out)1 thr(in)16 conc_peak=16 pread=7.033s
      DBG getmany L46 nw=16 wall=0.455s thr(out)1 thr(in)16 conc_peak=16 pread=6.545s
      DBG getmany L47 nw=16 wall=0.608s thr(out)1 thr(in)16 conc_peak=16 pread=9.008s
      DBG getmany L48 nw=16 wall=0.571s thr(out)1 thr(in)16 conc_peak=16 pread=7.415s
      DBG getmany L49 nw=16 wall=0.570s thr(out)1 thr(in)16 conc_peak=16 pread=8.393s
      DBG getmany L50 nw=16 wall=0.448s thr(out)1 thr(in)16 conc_peak=16 pread=5.748s
      DBG getmany L51 nw=16 wall=0.575s thr(out)1 thr(in)16 conc_peak=16 pread=7.693s
      DBG getmany L52 nw=16 wall=0.540s thr(out)1 thr(in)16 conc_peak=16 pread=7.235s
      DBG getmany L53 nw=16 wall=0.569s thr(out)1 thr(in)16 conc_peak=16 pread=8.340s
      DBG getmany L54 nw=16 wall=0.435s thr(out)1 thr(in)16 conc_peak=16 pread=6.302s
      DBG getmany L55 nw=16 wall=0.569s thr(out)1 thr(in)16 conc_peak=16 pread=7.827s
      DBG getmany L56 nw=16 wall=0.496s thr(out)1 thr(in)16 conc_peak=16 pread=5.871s
      DBG getmany L57 nw=16 wall=0.540s thr(out)1 thr(in)16 conc_peak=16 pread=7.161s
      DBG getmany L58 nw=16 wall=0.410s thr(out)1 thr(in)16 conc_peak=16 pread=5.791s
      DBG getmany L59 nw=16 wall=0.552s thr(out)1 thr(in)16 conc_peak=16 pread=6.866s
      DBG getmany L60 nw=16 wall=0.548s thr(out)1 thr(in)16 conc_peak=16 pread=8.148s
      DBG getmany L61 nw=16 wall=0.550s thr(out)1 thr(in)16 conc_peak=16 pread=8.078s
      DBG getmany L62 nw=16 wall=0.400s thr(out)1 thr(in)16 conc_peak=16 pread=5.042s
      DBG getmany L63 nw=16 wall=0.603s thr(out)1 thr(in)16 conc_peak=16 pread=8.469s
      DBG getmany L64 nw=16 wall=0.548s thr(out)1 thr(in)16 conc_peak=16 pread=7.063s
      DBG getmany L65 nw=16 wall=0.553s thr(out)1 thr(in)16 conc_peak=16 pread=7.657s
      DBG getmany L66 nw=16 wall=0.426s thr(out)1 thr(in)16 conc_peak=16 pread=6.241s
      DBG getmany L67 nw=16 wall=0.578s thr(out)1 thr(in)16 conc_peak=16 pread=8.249s
      DBG getmany L68 nw=16 wall=0.534s thr(out)1 thr(in)16 conc_peak=16 pread=7.184s
      DBG getmany L69 nw=16 wall=0.555s thr(out)1 thr(in)16 conc_peak=16 pread=7.935s
      DBG getmany L70 nw=16 wall=0.407s thr(out)1 thr(in)16 conc_peak=16 pread=5.536s
      DBG getmany L71 nw=16 wall=0.589s thr(out)1 thr(in)16 conc_peak=16 pread=8.062s
      DBG getmany L72 nw=16 wall=0.574s thr(out)1 thr(in)16 conc_peak=16 pread=8.644s
      DBG getmany L73 nw=16 wall=0.591s thr(out)1 thr(in)16 conc_peak=16 pread=8.678s
      DBG getmany L74 nw=16 wall=0.431s thr(out)1 thr(in)16 conc_peak=16 pread=6.247s
      DBG getmany L75 nw=16 wall=0.592s thr(out)1 thr(in)16 conc_peak=16 pread=8.148s
      DBG getmany L76 nw=16 wall=0.549s thr(out)1 thr(in)16 conc_peak=16 pread=8.232s
      DBG getmany L77 nw=16 wall=0.609s thr(out)1 thr(in)16 conc_peak=16 pread=9.170s
      DBG getmany L78 nw=16 wall=0.427s thr(out)1 thr(in)16 conc_peak=16 pread=5.581s
      DBG getmany L79 nw=16 wall=0.560s thr(out)1 thr(in)16 conc_peak=16 pread=7.810s
      DBG getmany L80 nw=16 wall=0.553s thr(out)1 thr(in)16 conc_peak=16 pread=8.171s
      DBG getmany L81 nw=16 wall=0.573s thr(out)1 thr(in)16 conc_peak=16 pread=8.705s
      DBG getmany L82 nw=16 wall=0.419s thr(out)1 thr(in)16 conc_peak=16 pread=6.151s
      DBG getmany L83 nw=16 wall=0.561s thr(out)1 thr(in)16 conc_peak=16 pread=8.449s
      DBG getmany L84 nw=16 wall=0.574s thr(out)1 thr(in)16 conc_peak=16 pread=8.544s
      DBG getmany L85 nw=16 wall=0.556s thr(out)1 thr(in)16 conc_peak=16 pread=8.139s
      DBG getmany L86 nw=16 wall=0.428s thr(out)1 thr(in)16 conc_peak=16 pread=5.703s
      DBG getmany L87 nw=16 wall=0.568s thr(out)1 thr(in)16 conc_peak=16 pread=8.157s
      DBG getmany L88 nw=16 wall=0.562s thr(out)1 thr(in)16 conc_peak=16 pread=8.539s
      DBG getmany L89 nw=16 wall=0.553s thr(out)1 thr(in)16 conc_peak=16 pread=7.550s
      DBG getmany L90 nw=16 wall=0.419s thr(out)1 thr(in)16 conc_peak=16 pread=5.629s
      DBG getmany L91 nw=16 wall=0.429s thr(out)1 thr(in)16 conc_peak=16 pread=5.446s
      DBG getmany L92 nw=16 wall=0.172s thr(out)1 thr(in)16 conc_peak=16 pread=1.643s
      DBG getmany L1 nw=16 wall=0.174s thr(out)1 thr(in)16 conc_peak=16 pread=1.574s
      DBG getmany L2 nw=15 wall=0.167s thr(out)1 thr(in)16 conc_peak=15 pread=1.449s
      DBG getmany L3 nw=13 wall=0.140s thr(out)1 thr(in)16 conc_peak=13 pread=1.059s
      DBG getmany L4 nw=15 wall=0.158s thr(out)1 thr(in)16 conc_peak=15 pread=1.481s
      DBG getmany L5 nw=16 wall=0.168s thr(out)1 thr(in)16 conc_peak=16 pread=1.510s
      DBG getmany L6 nw=15 wall=0.159s thr(out)1 thr(in)16 conc_peak=15 pread=1.509s
      DBG getmany L7 nw=15 wall=0.152s thr(out)1 thr(in)16 conc_peak=15 pread=1.320s
      DBG getmany L8 nw=16 wall=0.164s thr(out)1 thr(in)16 conc_peak=16 pread=1.467s
      DBG getmany L9 nw=15 wall=0.153s thr(out)1 thr(in)16 conc_peak=15 pread=1.326s
      DBG getmany L10 nw=15 wall=0.156s thr(out)1 thr(in)16 conc_peak=15 pread=1.480s
      DBG getmany L11 nw=15 wall=0.156s thr(out)1 thr(in)16 conc_peak=13 pread=1.335s
      DBG getmany L12 nw=15 wall=0.152s thr(out)1 thr(in)16 conc_peak=14 pread=1.312s
      DBG getmany L13 nw=16 wall=0.173s thr(out)1 thr(in)16 conc_peak=16 pread=1.762s
      DBG getmany L14 nw=15 wall=0.151s thr(out)1 thr(in)16 conc_peak=15 pread=1.351s
      DBG getmany L15 nw=16 wall=0.162s thr(out)1 thr(in)16 conc_peak=16 pread=1.576s
      DBG getmany L16 nw=15 wall=0.155s thr(out)1 thr(in)16 conc_peak=15 pread=1.362s
      DBG getmany L17 nw=16 wall=0.164s thr(out)1 thr(in)16 conc_peak=16 pread=1.480s
      DBG getmany L18 nw=16 wall=0.170s thr(out)1 thr(in)16 conc_peak=16 pread=1.605s
      DBG getmany L19 nw=16 wall=0.168s thr(out)1 thr(in)16 conc_peak=16 pread=1.776s
      DBG getmany L20 nw=16 wall=0.158s thr(out)1 thr(in)16 conc_peak=16 pread=1.431s
      DBG getmany L21 nw=16 wall=0.504s thr(out)1 thr(in)16 conc_peak=16 pread=6.781s
      DBG getmany L22 nw=16 wall=0.393s thr(out)1 thr(in)16 conc_peak=16 pread=5.711s
      DBG getmany L23 nw=15 wall=0.493s thr(out)1 thr(in)16 conc_peak=15 pread=7.080s
      DBG getmany L24 nw=13 wall=0.551s thr(out)1 thr(in)16 conc_peak=13 pread=6.899s
      DBG getmany L25 nw=15 wall=0.548s thr(out)1 thr(in)16 conc_peak=15 pread=6.994s
      DBG getmany L26 nw=15 wall=0.394s thr(out)1 thr(in)16 conc_peak=15 pread=5.116s
      DBG getmany L27 nw=16 wall=0.492s thr(out)1 thr(in)16 conc_peak=16 pread=6.711s
      DBG getmany L28 nw=15 wall=0.465s thr(out)1 thr(in)16 conc_peak=15 pread=6.370s
      DBG getmany L29 nw=16 wall=0.522s thr(out)1 thr(in)16 conc_peak=16 pread=6.606s
      DBG getmany L30 nw=16 wall=0.409s thr(out)1 thr(in)16 conc_peak=16 pread=5.597s
      DBG getmany L31 nw=16 wall=0.572s thr(out)1 thr(in)16 conc_peak=16 pread=8.471s
      DBG getmany L32 nw=14 wall=0.527s thr(out)1 thr(in)16 conc_peak=12 pread=6.480s
      DBG getmany L33 nw=15 wall=0.567s thr(out)1 thr(in)16 conc_peak=15 pread=7.992s
      DBG getmany L34 nw=16 wall=0.426s thr(out)1 thr(in)16 conc_peak=16 pread=6.265s
      DBG getmany L35 nw=16 wall=0.585s thr(out)1 thr(in)16 conc_peak=16 pread=8.331s
      DBG getmany L36 nw=14 wall=0.541s thr(out)1 thr(in)16 conc_peak=13 pread=6.823s
      DBG getmany L37 nw=16 wall=0.551s thr(out)1 thr(in)16 conc_peak=16 pread=7.987s
      DBG getmany L38 nw=16 wall=0.409s thr(out)1 thr(in)16 conc_peak=16 pread=5.846s
      DBG getmany L39 nw=16 wall=0.556s thr(out)1 thr(in)16 conc_peak=16 pread=8.330s
      DBG getmany L40 nw=16 wall=0.565s thr(out)1 thr(in)16 conc_peak=16 pread=8.076s
      DBG getmany L41 nw=16 wall=0.525s thr(out)1 thr(in)16 conc_peak=16 pread=7.593s
      DBG getmany L42 nw=16 wall=0.406s thr(out)1 thr(in)16 conc_peak=16 pread=5.495s
      DBG getmany L43 nw=16 wall=0.579s thr(out)1 thr(in)16 conc_peak=16 pread=8.415s
      DBG getmany L44 nw=16 wall=0.531s thr(out)1 thr(in)16 conc_peak=16 pread=7.497s
      DBG getmany L45 nw=16 wall=0.548s thr(out)1 thr(in)16 conc_peak=16 pread=7.656s
      DBG getmany L46 nw=15 wall=0.416s thr(out)1 thr(in)16 conc_peak=15 pread=5.233s
      DBG getmany L47 nw=15 wall=0.550s thr(out)1 thr(in)16 conc_peak=15 pread=7.385s
      DBG getmany L48 nw=15 wall=0.551s thr(out)1 thr(in)16 conc_peak=15 pread=7.575s
      DBG getmany L49 nw=15 wall=0.562s thr(out)1 thr(in)16 conc_peak=15 pread=8.061s
      DBG getmany L50 nw=16 wall=0.437s thr(out)1 thr(in)16 conc_peak=16 pread=6.249s
      DBG getmany L51 nw=16 wall=0.578s thr(out)1 thr(in)16 conc_peak=16 pread=8.065s
      DBG getmany L52 nw=16 wall=0.538s thr(out)1 thr(in)16 conc_peak=16 pread=7.822s
      DBG getmany L53 nw=15 wall=0.538s thr(out)1 thr(in)16 conc_peak=15 pread=6.972s
      DBG getmany L54 nw=16 wall=0.442s thr(out)1 thr(in)16 conc_peak=16 pread=6.450s
      DBG getmany L55 nw=16 wall=0.560s thr(out)1 thr(in)16 conc_peak=16 pread=8.179s
      DBG getmany L56 nw=16 wall=0.526s thr(out)1 thr(in)16 conc_peak=16 pread=7.909s
      DBG getmany L57 nw=16 wall=0.542s thr(out)1 thr(in)16 conc_peak=15 pread=8.126s
      DBG getmany L58 nw=16 wall=0.401s thr(out)1 thr(in)16 conc_peak=16 pread=5.605s
      DBG getmany L59 nw=16 wall=0.701s thr(out)1 thr(in)16 conc_peak=16 pread=10.399s
      DBG getmany L60 nw=16 wall=0.788s thr(out)1 thr(in)16 conc_peak=16 pread=11.368s
      DBG getmany L61 nw=16 wall=0.757s thr(out)1 thr(in)16 conc_peak=16 pread=10.925s
      DBG getmany L62 nw=16 wall=0.575s thr(out)1 thr(in)16 conc_peak=16 pread=7.384s
      DBG getmany L63 nw=16 wall=0.741s thr(out)1 thr(in)16 conc_peak=16 pread=10.161s
      DBG getmany L64 nw=16 wall=0.792s thr(out)1 thr(in)16 conc_peak=16 pread=9.504s
      DBG getmany L65 nw=16 wall=0.667s thr(out)1 thr(in)16 conc_peak=16 pread=6.932s
      DBG getmany L66 nw=16 wall=0.597s thr(out)1 thr(in)16 conc_peak=16 pread=8.217s
      DBG getmany L67 nw=16 wall=0.810s thr(out)1 thr(in)16 conc_peak=16 pread=11.219s
      DBG getmany L68 nw=16 wall=0.759s thr(out)1 thr(in)16 conc_peak=16 pread=8.738s
      DBG getmany L69 nw=16 wall=0.816s thr(out)1 thr(in)16 conc_peak=16 pread=11.858s
      DBG getmany L70 nw=16 wall=0.580s thr(out)1 thr(in)16 conc_peak=16 pread=8.226s
      DBG getmany L71 nw=16 wall=0.851s thr(out)1 thr(in)16 conc_peak=16 pread=12.648s
      DBG getmany L72 nw=16 wall=0.785s thr(out)1 thr(in)16 conc_peak=16 pread=10.442s
      DBG getmany L73 nw=16 wall=0.792s thr(out)1 thr(in)16 conc_peak=16 pread=10.179s
      DBG getmany L74 nw=16 wall=0.602s thr(out)1 thr(in)16 conc_peak=16 pread=8.789s
      DBG getmany L75 nw=16 wall=0.775s thr(out)1 thr(in)16 conc_peak=16 pread=11.240s
      DBG getmany L76 nw=16 wall=0.754s thr(out)1 thr(in)16 conc_peak=16 pread=11.362s
      DBG getmany L77 nw=16 wall=0.788s thr(out)1 thr(in)16 conc_peak=16 pread=11.043s
      DBG getmany L78 nw=16 wall=0.588s thr(out)1 thr(in)16 conc_peak=16 pread=8.353s
      DBG getmany L79 nw=16 wall=0.793s thr(out)1 thr(in)16 conc_peak=16 pread=9.708s
      DBG getmany L80 nw=16 wall=0.763s thr(out)1 thr(in)16 conc_peak=16 pread=10.141s
      DBG getmany L81 nw=15 wall=0.798s thr(out)1 thr(in)16 conc_peak=15 pread=11.238s
      DBG getmany L82 nw=16 wall=0.700s thr(out)1 thr(in)16 conc_peak=16 pread=9.359s
      DBG getmany L83 nw=13 wall=0.747s thr(out)1 thr(in)16 conc_peak=13 pread=9.040s
      DBG getmany L84 nw=13 wall=0.730s thr(out)1 thr(in)16 conc_peak=13 pread=6.498s
      DBG getmany L85 nw=14 wall=0.739s thr(out)1 thr(in)16 conc_peak=14 pread=9.700s
      DBG getmany L86 nw=16 wall=0.571s thr(out)1 thr(in)16 conc_peak=16 pread=6.662s
      DBG getmany L87 nw=13 wall=0.728s thr(out)1 thr(in)16 conc_peak=13 pread=6.918s
      DBG getmany L88 nw=15 wall=0.761s thr(out)1 thr(in)16 conc_peak=13 pread=10.098s
      DBG getmany L89 nw=13 wall=0.759s thr(out)1 thr(in)16 conc_peak=11 pread=9.110s
      DBG getmany L90 nw=12 wall=0.530s thr(out)1 thr(in)16 conc_peak=12 pread=6.041s
      DBG getmany L91 nw=13 wall=0.530s thr(out)1 thr(in)16 conc_peak=13 pread=5.754s
      DBG getmany L92 nw=13 wall=0.187s thr(out)1 thr(in)16 conc_peak=13 pread=1.386s
        of those hits : 1416 came from the batch prefetch, i.e. read from disk
                        this token; TRUE resident hit rate 3.80%
        read from disk: 24.85 GB in 46.35 s (536 MB/s while loading)
        hit I/O   : 76.51 GB in 128.53 s (wall) = 595 MB/s [pread 1706.57 s, 45 MB/s per-thread]
           experts the prefetcher had just read from disk, so it is not a
[v50] pair 1 B (depth 1)           11:58:17
  [pf1_r1 depth=1]  3 tokens in 266.1 s, 88.70 s/token average
      DBG getmany L1 nw=16 wall=0.219s thr(out)1 thr(in)16 conc_peak=16 pread=2.382s
      DBG getmany L2 nw=16 wall=0.201s thr(out)1 thr(in)16 conc_peak=16 pread=2.154s
      DBG getmany L3 nw=16 wall=0.207s thr(out)1 thr(in)16 conc_peak=16 pread=2.191s
      DBG getmany L4 nw=16 wall=0.198s thr(out)1 thr(in)16 conc_peak=16 pread=2.122s
      DBG getmany L5 nw=16 wall=0.194s thr(out)1 thr(in)16 conc_peak=16 pread=2.102s
      DBG getmany L6 nw=16 wall=0.193s thr(out)1 thr(in)16 conc_peak=16 pread=2.058s
      DBG getmany L7 nw=16 wall=0.196s thr(out)1 thr(in)16 conc_peak=16 pread=2.166s
      DBG getmany L8 nw=16 wall=0.203s thr(out)1 thr(in)16 conc_peak=16 pread=2.244s
      DBG getmany L9 nw=16 wall=0.198s thr(out)1 thr(in)16 conc_peak=16 pread=2.090s
      DBG getmany L10 nw=16 wall=0.203s thr(out)1 thr(in)16 conc_peak=16 pread=2.202s
      DBG getmany L11 nw=16 wall=0.202s thr(out)1 thr(in)16 conc_peak=16 pread=2.309s
      DBG getmany L12 nw=16 wall=0.202s thr(out)1 thr(in)16 conc_peak=16 pread=2.183s
      DBG getmany L13 nw=16 wall=0.209s thr(out)1 thr(in)16 conc_peak=16 pread=2.220s
      DBG getmany L14 nw=16 wall=0.226s thr(out)1 thr(in)16 conc_peak=16 pread=2.466s
      DBG getmany L15 nw=16 wall=0.229s thr(out)1 thr(in)16 conc_peak=16 pread=2.529s
      DBG getmany L16 nw=16 wall=0.222s thr(out)1 thr(in)16 conc_peak=16 pread=2.473s
      DBG getmany L17 nw=16 wall=0.219s thr(out)1 thr(in)16 conc_peak=16 pread=2.248s
      DBG getmany L18 nw=16 wall=0.223s thr(out)1 thr(in)16 conc_peak=16 pread=2.548s
      DBG getmany L19 nw=16 wall=0.221s thr(out)1 thr(in)16 conc_peak=16 pread=2.455s
      DBG getmany L20 nw=16 wall=0.213s thr(out)1 thr(in)16 conc_peak=16 pread=2.228s
      DBG getmany L21 nw=16 wall=0.210s thr(out)1 thr(in)16 conc_peak=16 pread=2.200s
      DBG getmany L22 nw=16 wall=0.278s thr(out)1 thr(in)16 conc_peak=16 pread=2.327s
      DBG getmany L23 nw=16 wall=0.491s thr(out)1 thr(in)16 conc_peak=16 pread=6.208s
      DBG getmany L24 nw=16 wall=0.516s thr(out)1 thr(in)16 conc_peak=16 pread=6.128s
      DBG getmany L25 nw=16 wall=0.532s thr(out)1 thr(in)16 conc_peak=16 pread=6.025s
      DBG getmany L26 nw=16 wall=0.405s thr(out)1 thr(in)16 conc_peak=16 pread=5.291s
      DBG getmany L27 nw=16 wall=0.486s thr(out)1 thr(in)16 conc_peak=16 pread=6.858s
      DBG getmany L28 nw=16 wall=0.466s thr(out)1 thr(in)16 conc_peak=16 pread=5.784s
      DBG getmany L29 nw=16 wall=0.512s thr(out)1 thr(in)16 conc_peak=16 pread=6.735s
      DBG getmany L30 nw=16 wall=0.399s thr(out)1 thr(in)16 conc_peak=16 pread=5.248s
      DBG getmany L31 nw=16 wall=0.564s thr(out)1 thr(in)16 conc_peak=16 pread=6.555s
      DBG getmany L32 nw=16 wall=0.558s thr(out)1 thr(in)16 conc_peak=16 pread=6.758s
      DBG getmany L33 nw=16 wall=0.570s thr(out)1 thr(in)16 conc_peak=16 pread=5.786s
      DBG getmany L34 nw=16 wall=0.408s thr(out)1 thr(in)16 conc_peak=16 pread=4.887s
      DBG getmany L35 nw=16 wall=0.585s thr(out)1 thr(in)16 conc_peak=16 pread=7.226s
      DBG getmany L36 nw=16 wall=0.572s thr(out)1 thr(in)16 conc_peak=16 pread=6.937s
      DBG getmany L37 nw=16 wall=0.567s thr(out)1 thr(in)16 conc_peak=16 pread=7.161s
      DBG getmany L38 nw=16 wall=0.399s thr(out)1 thr(in)16 conc_peak=16 pread=5.480s
      DBG getmany L39 nw=16 wall=0.566s thr(out)1 thr(in)16 conc_peak=16 pread=7.294s
      DBG getmany L40 nw=16 wall=0.562s thr(out)1 thr(in)16 conc_peak=16 pread=7.426s
      DBG getmany L41 nw=16 wall=0.511s thr(out)1 thr(in)16 conc_peak=16 pread=6.710s
      DBG getmany L42 nw=16 wall=0.393s thr(out)1 thr(in)16 conc_peak=16 pread=5.140s
      DBG getmany L43 nw=16 wall=0.583s thr(out)1 thr(in)16 conc_peak=16 pread=7.212s
      DBG getmany L44 nw=16 wall=0.542s thr(out)1 thr(in)16 conc_peak=16 pread=7.652s
      DBG getmany L45 nw=16 wall=0.556s thr(out)1 thr(in)16 conc_peak=16 pread=7.149s
      DBG getmany L46 nw=16 wall=0.438s thr(out)1 thr(in)16 conc_peak=16 pread=5.459s
      DBG getmany L47 nw=16 wall=0.593s thr(out)1 thr(in)16 conc_peak=16 pread=7.907s
      DBG getmany L48 nw=16 wall=0.568s thr(out)1 thr(in)16 conc_peak=16 pread=7.605s
      DBG getmany L49 nw=16 wall=0.572s thr(out)1 thr(in)16 conc_peak=16 pread=8.026s
      DBG getmany L50 nw=16 wall=0.447s thr(out)1 thr(in)16 conc_peak=16 pread=6.460s
      DBG getmany L51 nw=16 wall=0.593s thr(out)1 thr(in)16 conc_peak=16 pread=7.587s
      DBG getmany L52 nw=16 wall=0.583s thr(out)1 thr(in)16 conc_peak=16 pread=6.337s
      DBG getmany L53 nw=16 wall=0.569s thr(out)1 thr(in)16 conc_peak=16 pread=6.252s
      DBG getmany L54 nw=16 wall=0.458s thr(out)1 thr(in)16 conc_peak=16 pread=4.781s
      DBG getmany L55 nw=16 wall=0.594s thr(out)1 thr(in)16 conc_peak=16 pread=8.024s
      DBG getmany L56 nw=16 wall=0.596s thr(out)1 thr(in)16 conc_peak=16 pread=6.163s
      DBG getmany L57 nw=16 wall=0.560s thr(out)1 thr(in)16 conc_peak=16 pread=7.667s
      DBG getmany L58 nw=16 wall=0.398s thr(out)1 thr(in)16 conc_peak=16 pread=5.610s
      DBG getmany L59 nw=16 wall=0.591s thr(out)1 thr(in)16 conc_peak=16 pread=8.073s
      DBG getmany L60 nw=16 wall=0.550s thr(out)1 thr(in)16 conc_peak=16 pread=7.151s
      DBG getmany L61 nw=16 wall=0.569s thr(out)1 thr(in)16 conc_peak=16 pread=7.902s
      DBG getmany L62 nw=16 wall=0.426s thr(out)1 thr(in)16 conc_peak=16 pread=5.928s
      DBG getmany L63 nw=16 wall=0.602s thr(out)1 thr(in)16 conc_peak=16 pread=8.795s
      DBG getmany L64 nw=16 wall=0.563s thr(out)1 thr(in)16 conc_peak=16 pread=7.991s
      DBG getmany L65 nw=16 wall=0.573s thr(out)1 thr(in)16 conc_peak=16 pread=6.367s
      DBG getmany L66 nw=16 wall=0.411s thr(out)1 thr(in)16 conc_peak=16 pread=5.163s
      DBG getmany L67 nw=16 wall=0.597s thr(out)1 thr(in)16 conc_peak=16 pread=8.427s
      DBG getmany L68 nw=16 wall=0.543s thr(out)1 thr(in)16 conc_peak=16 pread=7.863s
      DBG getmany L69 nw=16 wall=0.561s thr(out)1 thr(in)16 conc_peak=16 pread=8.171s
      DBG getmany L70 nw=16 wall=0.440s thr(out)1 thr(in)16 conc_peak=16 pread=5.247s
      DBG getmany L71 nw=16 wall=0.626s thr(out)1 thr(in)16 conc_peak=16 pread=7.719s
      DBG getmany L72 nw=16 wall=0.537s thr(out)1 thr(in)16 conc_peak=16 pread=6.368s
      DBG getmany L73 nw=16 wall=0.579s thr(out)1 thr(in)16 conc_peak=16 pread=6.657s
      DBG getmany L74 nw=16 wall=0.428s thr(out)1 thr(in)16 conc_peak=16 pread=5.157s
      DBG getmany L75 nw=16 wall=0.591s thr(out)1 thr(in)16 conc_peak=16 pread=6.939s
      DBG getmany L76 nw=16 wall=0.539s thr(out)1 thr(in)16 conc_peak=16 pread=6.174s
      DBG getmany L77 nw=16 wall=0.607s thr(out)1 thr(in)16 conc_peak=16 pread=9.141s
      DBG getmany L78 nw=16 wall=0.434s thr(out)1 thr(in)16 conc_peak=16 pread=5.548s
      DBG getmany L79 nw=16 wall=0.601s thr(out)1 thr(in)16 conc_peak=16 pread=8.413s
      DBG getmany L80 nw=16 wall=0.554s thr(out)1 thr(in)16 conc_peak=16 pread=8.162s
      DBG getmany L81 nw=16 wall=0.567s thr(out)1 thr(in)16 conc_peak=16 pread=8.431s
      DBG getmany L82 nw=16 wall=0.416s thr(out)1 thr(in)16 conc_peak=16 pread=6.087s
      DBG getmany L83 nw=16 wall=0.548s thr(out)1 thr(in)16 conc_peak=16 pread=7.548s
      DBG getmany L84 nw=16 wall=0.561s thr(out)1 thr(in)16 conc_peak=16 pread=6.987s
      DBG getmany L85 nw=16 wall=0.562s thr(out)1 thr(in)16 conc_peak=16 pread=7.688s
      DBG getmany L86 nw=16 wall=0.403s thr(out)1 thr(in)16 conc_peak=16 pread=5.147s
      DBG getmany L87 nw=16 wall=0.588s thr(out)1 thr(in)16 conc_peak=16 pread=7.377s
      DBG getmany L88 nw=16 wall=0.556s thr(out)1 thr(in)16 conc_peak=16 pread=6.668s
      DBG getmany L89 nw=16 wall=0.562s thr(out)1 thr(in)16 conc_peak=16 pread=7.802s
      DBG getmany L90 nw=16 wall=0.401s thr(out)1 thr(in)16 conc_peak=16 pread=5.477s
      DBG getmany L91 nw=16 wall=0.405s thr(out)1 thr(in)16 conc_peak=16 pread=5.595s
      DBG getmany L92 nw=16 wall=0.159s thr(out)1 thr(in)16 conc_peak=16 pread=1.508s
      async expert prefetch: lookahead depth 1 layer(s)
      peak RSS after loading weights: 4.78 GB  (the plan above is a forecast, this is measured)
      DBG getmany L1 nw=16 wall=0.175s thr(out)1 thr(in)16 conc_peak=16 pread=1.649s [reader]
      DBG getmany L2 nw=16 wall=0.308s thr(out)1 thr(in)16 conc_peak=16 pread=4.869s [reader]
      DBG getmany L1 nw=16 wall=0.333s thr(out)1 thr(in)16 conc_peak=16 pread=5.834s
      DBG getmany L3 nw=16 wall=0.212s thr(out)1 thr(in)16 conc_peak=16 pread=1.938s [reader]
      DBG getmany L2 nw=15 wall=0.265s thr(out)1 thr(in)16 conc_peak=15 pread=4.668s
      DBG getmany L4 nw=16 wall=0.227s thr(out)1 thr(in)16 conc_peak=16 pread=2.868s [reader]
      DBG getmany L3 nw=11 wall=0.235s thr(out)1 thr(in)16 conc_peak=11 pread=3.922s
      DBG getmany L5 nw=16 wall=0.174s thr(out)1 thr(in)16 conc_peak=16 pread=1.676s [reader]
      DBG getmany L4 nw=15 wall=0.255s thr(out)1 thr(in)16 conc_peak=15 pread=4.200s
      DBG getmany L6 nw=16 wall=8.246s thr(out)1 thr(in)16 conc_peak=16 pread=116.822s [reader]
      DBG getmany L5 nw=15 wall=10.688s thr(out)1 thr(in)16 conc_peak=15 pread=195.175s
      DBG getmany L7 nw=16 wall=0.877s thr(out)1 thr(in)16 conc_peak=16 pread=17.192s [reader]
      DBG getmany L6 nw=14 wall=0.900s thr(out)1 thr(in)16 conc_peak=14 pread=23.353s
      DBG getmany L8 nw=16 wall=2.269s thr(out)1 thr(in)16 conc_peak=16 pread=9.386s [reader]
      DBG getmany L7 nw=14 wall=6.311s thr(out)1 thr(in)16 conc_peak=14 pread=70.398s
      DBG getmany L9 nw=16 wall=5.033s thr(out)1 thr(in)16 conc_peak=16 pread=87.722s [reader]
      DBG getmany L8 nw=16 wall=5.059s thr(out)1 thr(in)16 conc_peak=16 pread=137.964s
      DBG getmany L10 nw=16 wall=0.230s thr(out)1 thr(in)16 conc_peak=16 pread=2.137s [reader]
      DBG getmany L9 nw=13 wall=0.246s thr(out)1 thr(in)16 conc_peak=13 pread=4.424s
      DBG getmany L11 nw=16 wall=0.234s thr(out)1 thr(in)16 conc_peak=16 pread=2.539s [reader]
      DBG getmany L10 nw=14 wall=0.246s thr(out)1 thr(in)16 conc_peak=14 pread=4.398s
      DBG getmany L12 nw=16 wall=0.241s thr(out)1 thr(in)16 conc_peak=16 pread=2.702s [reader]
      DBG getmany L11 nw=15 wall=0.274s thr(out)1 thr(in)16 conc_peak=15 pread=4.855s
      DBG getmany L13 nw=16 wall=0.231s thr(out)1 thr(in)16 conc_peak=16 pread=2.361s [reader]
      DBG getmany L12 nw=13 wall=0.242s thr(out)1 thr(in)16 conc_peak=13 pread=4.137s
      DBG getmany L14 nw=16 wall=0.281s thr(out)1 thr(in)16 conc_peak=16 pread=3.538s [reader]
      DBG getmany L13 nw=14 wall=0.238s thr(out)1 thr(in)16 conc_peak=14 pread=4.202s
      DBG getmany L15 nw=16 wall=0.218s thr(out)1 thr(in)16 conc_peak=16 pread=2.123s [reader]
      DBG getmany L14 nw=15 wall=0.267s thr(out)1 thr(in)16 conc_peak=15 pread=4.892s
      DBG getmany L16 nw=16 wall=0.225s thr(out)1 thr(in)16 conc_peak=16 pread=2.602s [reader]
      DBG getmany L15 nw=15 wall=0.281s thr(out)1 thr(in)16 conc_peak=15 pread=5.250s
      DBG getmany L17 nw=16 wall=0.214s thr(out)1 thr(in)16 conc_peak=16 pread=2.101s [reader]
      DBG getmany L16 nw=15 wall=0.260s thr(out)1 thr(in)16 conc_peak=15 pread=4.558s
      DBG getmany L18 nw=16 wall=0.235s thr(out)1 thr(in)16 conc_peak=16 pread=2.273s [reader]
      DBG getmany L17 nw=16 wall=0.275s thr(out)1 thr(in)16 conc_peak=16 pread=5.096s
      DBG getmany L19 nw=16 wall=0.204s thr(out)1 thr(in)16 conc_peak=16 pread=1.895s [reader]
      DBG getmany L18 nw=15 wall=0.264s thr(out)1 thr(in)16 conc_peak=15 pread=4.765s
      DBG getmany L20 nw=16 wall=0.284s thr(out)1 thr(in)16 conc_peak=16 pread=4.123s [reader]
      DBG getmany L19 nw=14 wall=0.270s thr(out)1 thr(in)16 conc_peak=14 pread=4.619s
      DBG getmany L21 nw=16 wall=0.217s thr(out)1 thr(in)16 conc_peak=16 pread=2.080s [reader]
      DBG getmany L20 nw=15 wall=0.260s thr(out)1 thr(in)16 conc_peak=15 pread=4.835s
      DBG getmany L22 nw=16 wall=0.502s thr(out)1 thr(in)16 conc_peak=16 pread=3.636s [reader]
      DBG getmany L21 nw=14 wall=0.632s thr(out)1 thr(in)16 conc_peak=14 pread=8.948s
      DBG getmany L23 nw=16 wall=0.569s thr(out)1 thr(in)16 conc_peak=16 pread=9.035s [reader]
      DBG getmany L22 nw=15 wall=0.516s thr(out)1 thr(in)16 conc_peak=15 pread=9.409s
      DBG getmany L24 nw=16 wall=0.294s thr(out)1 thr(in)16 conc_peak=16 pread=2.900s [reader]
      DBG getmany L23 nw=12 wall=0.609s thr(out)1 thr(in)16 conc_peak=12 pread=7.186s
      DBG getmany L25 nw=16 wall=0.707s thr(out)1 thr(in)16 conc_peak=16 pread=8.295s [reader]
      DBG getmany L24 nw=11 wall=0.658s thr(out)1 thr(in)16 conc_peak=11 pread=8.766s
      DBG getmany L26 nw=16 wall=0.471s thr(out)1 thr(in)16 conc_peak=16 pread=4.560s [reader]
      DBG getmany L25 nw=14 wall=0.667s thr(out)1 thr(in)16 conc_peak=14 pread=10.300s
      DBG getmany L27 nw=16 wall=0.351s thr(out)1 thr(in)16 conc_peak=16 pread=3.807s [reader]
      DBG getmany L26 nw=11 wall=0.508s thr(out)1 thr(in)16 conc_peak=11 pread=7.443s
      DBG getmany L28 nw=16 wall=0.377s thr(out)1 thr(in)16 conc_peak=16 pread=3.191s [reader]
      DBG getmany L27 nw=13 wall=0.621s thr(out)1 thr(in)16 conc_peak=13 pread=7.524s
      DBG getmany L29 nw=16 wall=0.324s thr(out)1 thr(in)16 conc_peak=16 pread=2.450s [reader]
      DBG getmany L28 nw=15 wall=0.613s thr(out)1 thr(in)16 conc_peak=15 pread=9.131s
      DBG getmany L30 nw=16 wall=0.354s thr(out)1 thr(in)16 conc_peak=16 pread=2.559s [reader]
      DBG getmany L29 nw=14 wall=0.647s thr(out)1 thr(in)16 conc_peak=14 pread=9.521s
      DBG getmany L31 nw=16 wall=0.568s thr(out)1 thr(in)16 conc_peak=16 pread=9.554s [reader]
      DBG getmany L30 nw=14 wall=0.535s thr(out)1 thr(in)16 conc_peak=14 pread=11.138s
      DBG getmany L32 nw=16 wall=0.305s thr(out)1 thr(in)16 conc_peak=16 pread=2.380s [reader]
      DBG getmany L31 nw=16 wall=0.710s thr(out)1 thr(in)16 conc_peak=16 pread=10.999s
      DBG getmany L33 nw=16 wall=0.528s thr(out)1 thr(in)16 conc_peak=16 pread=6.219s [reader]
      DBG getmany L32 nw=14 wall=0.672s thr(out)1 thr(in)16 conc_peak=14 pread=11.710s
      DBG getmany L34 nw=16 wall=6.363s thr(out)1 thr(in)16 conc_peak=16 pread=37.101s [reader]
      DBG getmany L33 nw=14 wall=12.061s thr(out)1 thr(in)16 conc_peak=14 pread=150.587s
      DBG getmany L35 nw=16 wall=0.443s thr(out)1 thr(in)16 conc_peak=16 pread=6.466s [reader]
      DBG getmany L34 nw=16 wall=0.567s thr(out)1 thr(in)16 conc_peak=16 pread=12.275s
      DBG getmany L36 nw=16 wall=0.476s thr(out)1 thr(in)16 conc_peak=16 pread=5.276s [reader]
      DBG getmany L35 nw=16 wall=0.757s thr(out)1 thr(in)16 conc_peak=16 pread=12.785s
      DBG getmany L37 nw=16 wall=0.581s thr(out)1 thr(in)16 conc_peak=16 pread=5.163s [reader]
      DBG getmany L36 nw=11 wall=0.707s thr(out)1 thr(in)16 conc_peak=11 pread=10.524s
      DBG getmany L38 nw=16 wall=0.638s thr(out)1 thr(in)16 conc_peak=16 pread=6.556s [reader]
      DBG getmany L37 nw=13 wall=0.697s thr(out)1 thr(in)16 conc_peak=13 pread=10.366s
      DBG getmany L39 nw=16 wall=0.508s thr(out)1 thr(in)16 conc_peak=16 pread=6.002s [reader]
      DBG getmany L38 nw=14 wall=0.529s thr(out)1 thr(in)16 conc_peak=14 pread=9.941s
      DBG getmany L40 nw=16 wall=0.293s thr(out)1 thr(in)16 conc_peak=16 pread=2.442s [reader]
      DBG getmany L39 nw=15 wall=0.722s thr(out)1 thr(in)16 conc_peak=15 pread=9.961s
      DBG getmany L41 nw=16 wall=0.369s thr(out)1 thr(in)16 conc_peak=16 pread=2.951s [reader]
      DBG getmany L40 nw=13 wall=0.730s thr(out)1 thr(in)16 conc_peak=13 pread=7.796s
      DBG getmany L42 nw=16 wall=0.505s thr(out)1 thr(in)16 conc_peak=16 pread=4.773s [reader]
      DBG getmany L41 nw=13 wall=0.703s thr(out)1 thr(in)16 conc_peak=13 pread=9.585s
      DBG getmany L43 nw=16 wall=0.350s thr(out)1 thr(in)16 conc_peak=16 pread=2.137s [reader]
      DBG getmany L42 nw=8 wall=0.493s thr(out)1 thr(in)16 conc_peak=8 pread=5.120s
      DBG getmany L44 nw=16 wall=0.305s thr(out)1 thr(in)16 conc_peak=16 pread=3.179s [reader]
      DBG getmany L43 nw=13 wall=0.742s thr(out)1 thr(in)16 conc_peak=13 pread=8.822s
      DBG getmany L45 nw=16 wall=0.402s thr(out)1 thr(in)16 conc_peak=16 pread=2.557s [reader]
      DBG getmany L44 nw=13 wall=0.710s thr(out)1 thr(in)16 conc_peak=13 pread=8.285s
      DBG getmany L46 nw=16 wall=0.554s thr(out)1 thr(in)16 conc_peak=16 pread=6.147s [reader]
      DBG getmany L45 nw=10 wall=0.717s thr(out)1 thr(in)16 conc_peak=10 pread=8.673s
      DBG getmany L47 nw=16 wall=0.528s thr(out)1 thr(in)16 conc_peak=16 pread=5.680s [reader]
      DBG getmany L46 nw=8 wall=0.472s thr(out)1 thr(in)16 conc_peak=8 pread=6.004s
      DBG getmany L48 nw=16 wall=0.422s thr(out)1 thr(in)16 conc_peak=16 pread=3.832s [reader]
      DBG getmany L47 nw=11 wall=0.739s thr(out)1 thr(in)16 conc_peak=11 pread=9.133s
      DBG getmany L49 nw=16 wall=0.513s thr(out)1 thr(in)16 conc_peak=16 pread=6.574s [reader]
      DBG getmany L48 nw=13 wall=0.727s thr(out)1 thr(in)16 conc_peak=13 pread=11.654s
      DBG getmany L50 nw=16 wall=0.758s thr(out)1 thr(in)16 conc_peak=16 pread=13.819s [reader]
      DBG getmany L49 nw=9 wall=0.717s thr(out)1 thr(in)16 conc_peak=9 pread=15.238s
      DBG getmany L51 nw=16 wall=0.453s thr(out)1 thr(in)16 conc_peak=16 pread=4.423s [reader]
      DBG getmany L50 nw=12 wall=0.591s thr(out)1 thr(in)16 conc_peak=12 pread=8.099s
      DBG getmany L52 nw=16 wall=0.440s thr(out)1 thr(in)16 conc_peak=16 pread=4.316s [reader]
      DBG getmany L51 nw=12 wall=0.727s thr(out)1 thr(in)16 conc_peak=12 pread=11.573s
      DBG getmany L53 nw=16 wall=0.664s thr(out)1 thr(in)16 conc_peak=16 pread=6.824s [reader]
      DBG getmany L52 nw=15 wall=0.735s thr(out)1 thr(in)16 conc_peak=15 pread=14.917s
      DBG getmany L54 nw=16 wall=0.763s thr(out)1 thr(in)16 conc_peak=16 pread=9.658s [reader]
      DBG getmany L53 nw=10 wall=0.736s thr(out)1 thr(in)16 conc_peak=10 pread=10.308s
      DBG getmany L55 nw=16 wall=0.577s thr(out)1 thr(in)16 conc_peak=16 pread=7.409s [reader]
      DBG getmany L54 nw=12 wall=0.596s thr(out)1 thr(in)16 conc_peak=12 pread=10.293s
      DBG getmany L56 nw=16 wall=0.281s thr(out)1 thr(in)16 conc_peak=16 pread=3.004s [reader]
      DBG getmany L55 nw=14 wall=0.752s thr(out)1 thr(in)16 conc_peak=14 pread=8.690s
      DBG getmany L57 nw=16 wall=0.748s thr(out)1 thr(in)16 conc_peak=16 pread=11.781s [reader]
      DBG getmany L56 nw=16 wall=0.753s thr(out)1 thr(in)16 conc_peak=16 pread=15.327s
      DBG getmany L58 nw=16 wall=0.452s thr(out)1 thr(in)16 conc_peak=16 pread=3.910s [reader]
      DBG getmany L57 nw=16 wall=0.759s thr(out)1 thr(in)16 conc_peak=16 pread=12.134s
      DBG getmany L59 nw=16 wall=0.585s thr(out)1 thr(in)16 conc_peak=16 pread=7.360s [reader]
      DBG getmany L58 nw=14 wall=0.583s thr(out)1 thr(in)16 conc_peak=14 pread=9.502s
      DBG getmany L60 nw=16 wall=0.752s thr(out)1 thr(in)16 conc_peak=16 pread=10.350s [reader]
      DBG getmany L59 nw=15 wall=0.750s thr(out)1 thr(in)16 conc_peak=15 pread=13.251s
      DBG getmany L61 nw=16 wall=0.739s thr(out)1 thr(in)16 conc_peak=16 pread=11.855s [reader]
      DBG getmany L60 nw=16 wall=0.763s thr(out)1 thr(in)16 conc_peak=16 pread=14.795s
      DBG getmany L62 nw=16 wall=0.704s thr(out)1 thr(in)16 conc_peak=16 pread=11.751s [reader]
      DBG getmany L61 nw=16 wall=0.732s thr(out)1 thr(in)16 conc_peak=16 pread=17.196s
      DBG getmany L63 nw=16 wall=0.410s thr(out)1 thr(in)16 conc_peak=16 pread=4.560s [reader]
      DBG getmany L62 nw=15 wall=0.541s thr(out)1 thr(in)16 conc_peak=15 pread=10.933s
      DBG getmany L64 nw=16 wall=0.840s thr(out)1 thr(in)16 conc_peak=16 pread=16.143s [reader]
      DBG getmany L63 nw=15 wall=0.890s thr(out)1 thr(in)16 conc_peak=15 pread=18.601s
      DBG getmany L65 nw=16 wall=0.359s thr(out)1 thr(in)16 conc_peak=16 pread=3.297s [reader]
      DBG getmany L64 nw=16 wall=1.037s thr(out)1 thr(in)16 conc_peak=16 pread=15.394s
      DBG getmany L66 nw=16 wall=0.934s thr(out)1 thr(in)16 conc_peak=16 pread=12.465s [reader]
      DBG getmany L65 nw=15 wall=1.006s thr(out)1 thr(in)16 conc_peak=15 pread=21.867s
      DBG getmany L67 nw=16 wall=0.715s thr(out)1 thr(in)16 conc_peak=16 pread=8.979s [reader]
      DBG getmany L66 nw=15 wall=0.803s thr(out)1 thr(in)16 conc_peak=15 pread=17.978s
      DBG getmany L68 nw=16 wall=0.626s thr(out)1 thr(in)16 conc_peak=16 pread=5.590s [reader]
      DBG getmany L67 nw=16 wall=1.055s thr(out)1 thr(in)16 conc_peak=16 pread=16.154s
      DBG getmany L69 nw=16 wall=0.571s thr(out)1 thr(in)16 conc_peak=16 pread=5.252s [reader]
      DBG getmany L68 nw=14 wall=0.983s thr(out)1 thr(in)16 conc_peak=14 pread=15.889s
      DBG getmany L70 nw=16 wall=1.051s thr(out)1 thr(in)16 conc_peak=16 pread=14.863s [reader]
      DBG getmany L69 nw=16 wall=1.040s thr(out)1 thr(in)16 conc_peak=16 pread=19.906s
      DBG getmany L71 nw=16 wall=0.821s thr(out)1 thr(in)16 conc_peak=16 pread=10.979s [reader]
      DBG getmany L70 nw=16 wall=0.838s thr(out)1 thr(in)16 conc_peak=16 pread=15.803s
      DBG getmany L72 nw=16 wall=0.611s thr(out)1 thr(in)16 conc_peak=16 pread=4.913s [reader]
      DBG getmany L71 nw=16 wall=1.114s thr(out)1 thr(in)16 conc_peak=16 pread=18.469s
      DBG getmany L73 nw=16 wall=0.472s thr(out)1 thr(in)16 conc_peak=16 pread=3.839s [reader]
      DBG getmany L72 nw=16 wall=1.082s thr(out)1 thr(in)16 conc_peak=16 pread=15.204s
      DBG getmany L74 nw=16 wall=1.098s thr(out)1 thr(in)16 conc_peak=16 pread=15.870s [reader]
      DBG getmany L73 nw=15 wall=1.052s thr(out)1 thr(in)16 conc_peak=15 pread=16.894s
      DBG getmany L75 nw=16 wall=0.443s thr(out)1 thr(in)16 conc_peak=16 pread=3.402s [reader]
      DBG getmany L74 nw=13 wall=0.798s thr(out)1 thr(in)16 conc_peak=13 pread=10.944s
      DBG getmany L76 nw=16 wall=0.633s thr(out)1 thr(in)16 conc_peak=16 pread=6.741s [reader]
      DBG getmany L75 nw=11 wall=0.960s thr(out)1 thr(in)16 conc_peak=11 pread=10.212s
      DBG getmany L77 nw=16 wall=0.868s thr(out)1 thr(in)16 conc_peak=16 pread=8.150s [reader]
      DBG getmany L76 nw=14 wall=0.988s thr(out)1 thr(in)16 conc_peak=14 pread=17.321s
      DBG getmany L78 nw=16 wall=1.076s thr(out)1 thr(in)16 conc_peak=16 pread=18.482s [reader]
      DBG getmany L77 nw=16 wall=1.064s thr(out)1 thr(in)16 conc_peak=16 pread=21.600s
      DBG getmany L79 nw=16 wall=0.506s thr(out)1 thr(in)16 conc_peak=16 pread=4.669s [reader]
      DBG getmany L78 nw=15 wall=0.827s thr(out)1 thr(in)16 conc_peak=15 pread=12.767s
      DBG getmany L80 nw=16 wall=0.872s thr(out)1 thr(in)16 conc_peak=16 pread=11.423s [reader]
      DBG getmany L79 nw=15 wall=1.027s thr(out)1 thr(in)16 conc_peak=15 pread=19.116s
      DBG getmany L81 nw=16 wall=0.727s thr(out)1 thr(in)16 conc_peak=16 pread=9.648s [reader]
      DBG getmany L80 nw=14 wall=0.922s thr(out)1 thr(in)16 conc_peak=14 pread=12.020s
      DBG getmany L82 nw=16 wall=1.061s thr(out)1 thr(in)16 conc_peak=16 pread=22.353s [reader]
      DBG getmany L81 nw=14 wall=1.025s thr(out)1 thr(in)16 conc_peak=14 pread=23.352s
      DBG getmany L82 nw=14 wall=0.739s thr(out)1 thr(in)16 conc_peak=14 pread=11.496s
      DBG getmany L83 nw=16 wall=0.859s thr(out)1 thr(in)16 conc_peak=16 pread=12.355s [reader]
      DBG getmany L84 nw=16 wall=0.626s thr(out)1 thr(in)16 conc_peak=16 pread=5.684s [reader]
      DBG getmany L83 nw=5 wall=0.734s thr(out)1 thr(in)16 conc_peak=5 pread=7.048s
      DBG getmany L85 nw=16 wall=0.762s thr(out)1 thr(in)16 conc_peak=16 pread=7.303s [reader]
      DBG getmany L84 nw=11 wall=0.957s thr(out)1 thr(in)16 conc_peak=11 pread=13.859s
      DBG getmany L86 nw=16 wall=0.672s thr(out)1 thr(in)16 conc_peak=16 pread=7.604s [reader]
      DBG getmany L85 nw=11 wall=0.931s thr(out)1 thr(in)16 conc_peak=11 pread=13.315s
      DBG getmany L87 nw=16 wall=0.732s thr(out)1 thr(in)16 conc_peak=16 pread=7.704s [reader]
      DBG getmany L86 nw=11 wall=0.731s thr(out)1 thr(in)16 conc_peak=11 pread=11.256s
      DBG getmany L88 nw=16 wall=0.535s thr(out)1 thr(in)16 conc_peak=16 pread=4.509s [reader]
      DBG getmany L87 nw=10 wall=0.943s thr(out)1 thr(in)16 conc_peak=10 pread=10.174s
      DBG getmany L89 nw=16 wall=0.940s thr(out)1 thr(in)16 conc_peak=16 pread=9.029s [reader]
      DBG getmany L88 nw=8 wall=0.913s thr(out)1 thr(in)16 conc_peak=8 pread=12.568s
      DBG getmany L90 nw=16 wall=0.955s thr(out)1 thr(in)16 conc_peak=16 pread=11.342s [reader]
      DBG getmany L89 nw=8 wall=0.931s thr(out)1 thr(in)16 conc_peak=8 pread=12.226s
      DBG getmany L91 nw=16 wall=0.739s thr(out)1 thr(in)16 conc_peak=16 pread=10.705s [reader]
      DBG getmany L90 nw=9 wall=0.725s thr(out)1 thr(in)16 conc_peak=9 pread=14.243s
      DBG getmany L92 nw=16 wall=0.757s thr(out)1 thr(in)16 conc_peak=16 pread=8.728s [reader]
      DBG getmany L91 nw=11 wall=0.754s thr(out)1 thr(in)16 conc_peak=11 pread=10.220s
      DBG getmany L92 nw=9 wall=0.146s thr(out)1 thr(in)16 conc_peak=9 pread=0.771s
      DBG getmany L1 nw=16 wall=0.255s thr(out)1 thr(in)16 conc_peak=16 pread=2.617s [reader]
      DBG getmany L1 nw=16 wall=0.370s thr(out)1 thr(in)16 conc_peak=16 pread=6.241s
      DBG getmany L2 nw=15 wall=0.465s thr(out)1 thr(in)16 conc_peak=15 pread=9.596s [reader]
      DBG getmany L2 nw=15 wall=0.356s thr(out)1 thr(in)16 conc_peak=15 pread=6.220s
      DBG getmany L3 nw=11 wall=0.390s thr(out)1 thr(in)16 conc_peak=11 pread=6.331s [reader]
      DBG getmany L4 nw=15 wall=0.255s thr(out)1 thr(in)16 conc_peak=15 pread=2.298s [reader]
      DBG getmany L3 nw=11 wall=0.357s thr(out)1 thr(in)16 conc_peak=11 pread=5.333s
      DBG getmany L5 nw=15 wall=0.393s thr(out)1 thr(in)16 conc_peak=15 pread=4.609s [reader]
      DBG getmany L4 nw=12 wall=0.356s thr(out)1 thr(in)16 conc_peak=12 pread=5.520s
      DBG getmany L6 nw=14 wall=0.320s thr(out)1 thr(in)16 conc_peak=14 pread=3.379s [reader]
      DBG getmany L5 nw=10 wall=0.318s thr(out)1 thr(in)16 conc_peak=10 pread=4.801s
      DBG getmany L7 nw=14 wall=0.289s thr(out)1 thr(in)16 conc_peak=14 pread=2.824s [reader]
      DBG getmany L6 nw=14 wall=0.373s thr(out)1 thr(in)16 conc_peak=14 pread=5.916s
      DBG getmany L8 nw=16 wall=0.335s thr(out)1 thr(in)16 conc_peak=16 pread=3.873s [reader]
      DBG getmany L7 nw=12 wall=0.370s thr(out)1 thr(in)16 conc_peak=12 pread=6.265s
      DBG getmany L9 nw=13 wall=0.252s thr(out)1 thr(in)16 conc_peak=13 pread=2.300s [reader]
      DBG getmany L8 nw=12 wall=0.318s thr(out)1 thr(in)16 conc_peak=12 pread=4.667s
      DBG getmany L10 nw=14 wall=0.239s thr(out)1 thr(in)16 conc_peak=14 pread=1.990s [reader]
      DBG getmany L9 nw=11 wall=0.324s thr(out)1 thr(in)16 conc_peak=11 pread=4.928s
      DBG getmany L11 nw=15 wall=0.283s thr(out)1 thr(in)16 conc_peak=15 pread=2.052s [reader]
      DBG getmany L10 nw=8 wall=0.294s thr(out)1 thr(in)16 conc_peak=8 pread=4.065s
      DBG getmany L11 nw=11 wall=0.314s thr(out)1 thr(in)16 conc_peak=11 pread=4.051s
      DBG getmany L12 nw=13 wall=0.357s thr(out)1 thr(in)16 conc_peak=13 pread=4.781s [reader]
      DBG getmany L13 nw=14 wall=0.274s thr(out)1 thr(in)16 conc_peak=14 pread=2.062s [reader]
      DBG getmany L12 nw=12 wall=0.328s thr(out)1 thr(in)16 conc_peak=12 pread=4.969s
      DBG getmany L14 nw=15 wall=0.314s thr(out)1 thr(in)16 conc_peak=15 pread=3.044s [reader]
      DBG getmany L13 nw=11 wall=0.332s thr(out)1 thr(in)16 conc_peak=11 pread=5.268s
      DBG getmany L15 nw=15 wall=0.313s thr(out)1 thr(in)16 conc_peak=15 pread=3.169s [reader]
      DBG getmany L14 nw=9 wall=0.303s thr(out)1 thr(in)16 conc_peak=9 pread=4.495s
      DBG getmany L16 nw=15 wall=0.362s thr(out)1 thr(in)16 conc_peak=15 pread=5.011s [reader]
      DBG getmany L15 nw=11 wall=0.353s thr(out)1 thr(in)16 conc_peak=11 pread=5.676s
      DBG getmany L17 nw=16 wall=0.305s thr(out)1 thr(in)16 conc_peak=16 pread=2.834s [reader]
      DBG getmany L16 nw=11 wall=0.344s thr(out)1 thr(in)16 conc_peak=11 pread=5.480s
      DBG getmany L18 nw=15 wall=0.280s thr(out)1 thr(in)16 conc_peak=15 pread=2.607s [reader]
      DBG getmany L17 nw=12 wall=0.342s thr(out)1 thr(in)16 conc_peak=12 pread=5.430s
      DBG getmany L19 nw=14 wall=0.267s thr(out)1 thr(in)16 conc_peak=14 pread=2.305s [reader]
      DBG getmany L18 nw=12 wall=0.328s thr(out)1 thr(in)16 conc_peak=12 pread=4.935s
      DBG getmany L20 nw=15 wall=0.298s thr(out)1 thr(in)16 conc_peak=15 pread=2.928s [reader]
      DBG getmany L19 nw=11 wall=0.352s thr(out)1 thr(in)16 conc_peak=11 pread=5.509s
      DBG getmany L21 nw=14 wall=0.331s thr(out)1 thr(in)16 conc_peak=14 pread=3.963s [reader]
      DBG getmany L20 nw=11 wall=0.305s thr(out)1 thr(in)16 conc_peak=11 pread=4.774s
      DBG getmany L22 nw=15 wall=0.961s thr(out)1 thr(in)16 conc_peak=15 pread=11.148s [reader]
      DBG getmany L21 nw=13 wall=0.931s thr(out)1 thr(in)16 conc_peak=13 pread=12.895s
      DBG getmany L23 nw=12 wall=0.557s thr(out)1 thr(in)16 conc_peak=12 pread=5.513s [reader]
      DBG getmany L22 nw=14 wall=0.716s thr(out)1 thr(in)16 conc_peak=14 pread=11.148s
      DBG getmany L24 nw=11 wall=0.595s thr(out)1 thr(in)16 conc_peak=11 pread=5.557s [reader]
      DBG getmany L23 nw=12 wall=0.747s thr(out)1 thr(in)16 conc_peak=12 pread=8.947s
      DBG getmany L24 nw=11 wall=0.921s thr(out)1 thr(in)16 conc_peak=11 pread=13.475s
      DBG getmany L25 nw=14 wall=1.011s thr(out)1 thr(in)16 conc_peak=14 pread=16.603s [reader]
      DBG getmany L26 nw=11 wall=0.552s thr(out)1 thr(in)16 conc_peak=11 pread=4.967s [reader]
      DBG getmany L25 nw=14 wall=0.907s thr(out)1 thr(in)16 conc_peak=14 pread=13.205s
      DBG getmany L26 nw=12 wall=0.700s thr(out)1 thr(in)16 conc_peak=12 pread=11.292s
      DBG getmany L27 nw=13 wall=0.766s thr(out)1 thr(in)16 conc_peak=13 pread=12.897s [reader]
      DBG getmany L28 nw=15 wall=0.437s thr(out)1 thr(in)16 conc_peak=15 pread=3.291s [reader]
      DBG getmany L27 nw=14 wall=0.929s thr(out)1 thr(in)16 conc_peak=14 pread=10.682s
      DBG getmany L29 nw=14 wall=0.591s thr(out)1 thr(in)16 conc_peak=14 pread=5.405s [reader]
      DBG getmany L28 nw=12 wall=0.864s thr(out)1 thr(in)16 conc_peak=12 pread=12.475s
      DBG getmany L30 nw=14 wall=0.899s thr(out)1 thr(in)16 conc_peak=14 pread=14.911s [reader]
      DBG getmany L29 nw=12 wall=0.928s thr(out)1 thr(in)16 conc_peak=12 pread=17.592s
      DBG getmany L31 nw=16 wall=0.781s thr(out)1 thr(in)16 conc_peak=16 pread=14.403s [reader]
      DBG getmany L30 nw=15 wall=0.796s thr(out)1 thr(in)16 conc_peak=15 pread=19.033s
      DBG getmany L32 nw=14 wall=0.778s thr(out)1 thr(in)16 conc_peak=14 pread=6.409s [reader]
      DBG getmany L31 nw=12 wall=0.935s thr(out)1 thr(in)16 conc_peak=12 pread=15.692s
      DBG getmany L33 nw=14 wall=0.656s thr(out)1 thr(in)16 conc_peak=14 pread=3.916s [reader]
      DBG getmany L32 nw=11 wall=0.895s thr(out)1 thr(in)16 conc_peak=11 pread=9.928s
      DBG getmany L34 nw=16 wall=1.013s thr(out)1 thr(in)16 conc_peak=16 pread=17.860s [reader]
      DBG getmany L33 nw=11 wall=0.986s thr(out)1 thr(in)16 conc_peak=11 pread=21.757s
      DBG getmany L35 nw=16 wall=0.818s thr(out)1 thr(in)16 conc_peak=16 pread=16.508s [reader]
      DBG getmany L34 nw=13 wall=0.787s thr(out)1 thr(in)16 conc_peak=13 pread=18.065s
      DBG getmany L35 nw=13 wall=0.893s thr(out)1 thr(in)16 conc_peak=13 pread=11.779s
      DBG getmany L36 nw=11 wall=0.947s thr(out)1 thr(in)16 conc_peak=11 pread=14.595s [reader]
      DBG getmany L37 nw=13 wall=0.486s thr(out)1 thr(in)16 conc_peak=13 pread=4.772s [reader]
      DBG getmany L36 nw=11 wall=0.902s thr(out)1 thr(in)16 conc_peak=11 pread=11.552s
      DBG getmany L38 nw=14 wall=0.538s thr(out)1 thr(in)16 conc_peak=14 pread=5.176s [reader]
      DBG getmany L37 nw=13 wall=0.927s thr(out)1 thr(in)16 conc_peak=13 pread=13.010s
      DBG getmany L39 nw=15 wall=0.650s thr(out)1 thr(in)16 conc_peak=15 pread=7.630s [reader]
      DBG getmany L38 nw=13 wall=0.728s thr(out)1 thr(in)16 conc_peak=13 pread=10.332s
      DBG getmany L40 nw=13 wall=0.929s thr(out)1 thr(in)16 conc_peak=13 pread=13.322s [reader]
      DBG getmany L39 nw=14 wall=0.939s thr(out)1 thr(in)16 conc_peak=14 pread=16.060s
      DBG getmany L41 nw=13 wall=0.927s thr(out)1 thr(in)16 conc_peak=13 pread=12.719s [reader]
      DBG getmany L40 nw=14 wall=0.950s thr(out)1 thr(in)16 conc_peak=14 pread=18.160s
      DBG getmany L42 nw=8 wall=0.903s thr(out)1 thr(in)16 conc_peak=8 pread=8.787s [reader]
      DBG getmany L41 nw=14 wall=0.849s thr(out)1 thr(in)16 conc_peak=14 pread=9.634s
      DBG getmany L43 nw=13 wall=0.764s thr(out)1 thr(in)16 conc_peak=13 pread=8.653s [reader]
      DBG getmany L42 nw=14 wall=0.734s thr(out)1 thr(in)16 conc_peak=14 pread=10.747s
      DBG getmany L44 nw=13 wall=0.289s thr(out)1 thr(in)16 conc_peak=13 pread=1.787s [reader]
      DBG getmany L43 nw=15 wall=0.985s thr(out)1 thr(in)16 conc_peak=15 pread=12.831s
      DBG getmany L45 nw=10 wall=0.935s thr(out)1 thr(in)16 conc_peak=10 pread=10.225s [reader]
      DBG getmany L44 nw=14 wall=0.897s thr(out)1 thr(in)16 conc_peak=14 pread=12.004s
      DBG getmany L46 nw=8 wall=0.137s thr(out)1 thr(in)16 conc_peak=8 pread=0.663s [reader]
      DBG getmany L45 nw=15 wall=0.862s thr(out)1 thr(in)16 conc_peak=15 pread=9.949s
      DBG getmany L47 nw=11 wall=0.534s thr(out)1 thr(in)16 conc_peak=11 pread=5.016s [reader]
      DBG getmany L46 nw=13 wall=0.728s thr(out)1 thr(in)16 conc_peak=13 pread=8.585s
      DBG getmany L48 nw=13 wall=0.443s thr(out)1 thr(in)16 conc_peak=13 pread=2.816s [reader]
      DBG getmany L47 nw=15 wall=0.958s thr(out)1 thr(in)16 conc_peak=15 pread=11.342s
      DBG getmany L49 nw=9 wall=0.428s thr(out)1 thr(in)16 conc_peak=9 pread=1.834s [reader]
      DBG getmany L48 nw=14 wall=0.875s thr(out)1 thr(in)16 conc_peak=14 pread=12.371s
      DBG getmany L50 nw=12 wall=0.936s thr(out)1 thr(in)16 conc_peak=12 pread=16.453s [reader]
      DBG getmany L49 nw=15 wall=0.984s thr(out)1 thr(in)16 conc_peak=15 pread=20.262s
      DBG getmany L51 nw=12 wall=0.749s thr(out)1 thr(in)16 conc_peak=12 pread=8.438s [reader]
      DBG getmany L50 nw=15 wall=0.749s thr(out)1 thr(in)16 conc_peak=15 pread=12.000s
      DBG getmany L52 nw=15 wall=0.721s thr(out)1 thr(in)16 conc_peak=15 pread=8.772s [reader]
      DBG getmany L51 nw=13 wall=0.882s thr(out)1 thr(in)16 conc_peak=13 pread=11.957s
      DBG getmany L53 nw=10 wall=0.291s thr(out)1 thr(in)16 conc_peak=10 pread=1.841s [reader]
      DBG getmany L52 nw=12 wall=0.821s thr(out)1 thr(in)16 conc_peak=12 pread=9.949s
      DBG getmany L54 nw=12 wall=0.736s thr(out)1 thr(in)16 conc_peak=12 pread=8.041s [reader]
      DBG getmany L53 nw=14 wall=0.919s thr(out)1 thr(in)16 conc_peak=14 pread=17.827s
      DBG getmany L55 nw=14 wall=0.737s thr(out)1 thr(in)16 conc_peak=14 pread=10.889s [reader]
      DBG getmany L54 nw=14 wall=0.735s thr(out)1 thr(in)16 conc_peak=14 pread=14.429s
      DBG getmany L56 nw=16 wall=0.397s thr(out)1 thr(in)16 conc_peak=16 pread=3.249s [reader]
      DBG getmany L55 nw=13 wall=0.955s thr(out)1 thr(in)16 conc_peak=13 pread=12.453s
      DBG getmany L57 nw=16 wall=0.811s thr(out)1 thr(in)16 conc_peak=16 pread=10.164s [reader]
      DBG getmany L56 nw=9 wall=0.901s thr(out)1 thr(in)16 conc_peak=9 pread=11.920s
      DBG getmany L58 nw=14 wall=0.495s thr(out)1 thr(in)16 conc_peak=14 pread=3.546s [reader]
      DBG getmany L57 nw=14 wall=0.941s thr(out)1 thr(in)16 conc_peak=14 pread=11.559s
      DBG getmany L59 nw=15 wall=0.742s thr(out)1 thr(in)16 conc_peak=15 pread=10.403s [reader]
      DBG getmany L58 nw=11 wall=0.725s thr(out)1 thr(in)16 conc_peak=11 pread=12.458s
      DBG getmany L60 nw=16 wall=0.411s thr(out)1 thr(in)16 conc_peak=16 pread=3.154s [reader]
      DBG getmany L59 nw=10 wall=0.935s thr(out)1 thr(in)16 conc_peak=10 pread=9.508s
      DBG getmany L61 nw=16 wall=0.747s thr(out)1 thr(in)16 conc_peak=16 pread=6.791s [reader]
      DBG getmany L60 nw=13 wall=0.969s thr(out)1 thr(in)16 conc_peak=13 pread=15.370s
      DBG getmany L62 nw=15 wall=0.945s thr(out)1 thr(in)16 conc_peak=15 pread=11.369s [reader]
      DBG getmany L61 nw=15 wall=0.932s thr(out)1 thr(in)16 conc_peak=15 pread=14.902s
      DBG getmany L63 nw=15 wall=0.413s thr(out)1 thr(in)16 conc_peak=15 pread=3.307s [reader]
      DBG getmany L62 nw=11 wall=0.717s thr(out)1 thr(in)16 conc_peak=11 pread=8.125s
      DBG getmany L64 nw=16 wall=0.789s thr(out)1 thr(in)16 conc_peak=16 pread=8.027s [reader]
      DBG getmany L63 nw=12 wall=0.946s thr(out)1 thr(in)16 conc_peak=12 pread=13.351s
      DBG getmany L65 nw=15 wall=0.619s thr(out)1 thr(in)16 conc_peak=15 pread=5.265s [reader]
      DBG getmany L64 nw=13 wall=0.892s thr(out)1 thr(in)16 conc_peak=13 pread=10.106s
      DBG getmany L66 nw=15 wall=0.679s thr(out)1 thr(in)16 conc_peak=15 pread=6.057s [reader]
      DBG getmany L65 nw=10 wall=0.889s thr(out)1 thr(in)16 conc_peak=10 pread=11.611s
      DBG getmany L67 nw=16 wall=0.740s thr(out)1 thr(in)16 conc_peak=16 pread=11.273s [reader]
      DBG getmany L66 nw=13 wall=0.784s thr(out)1 thr(in)16 conc_peak=13 pread=15.761s
      DBG getmany L68 nw=14 wall=0.553s thr(out)1 thr(in)16 conc_peak=14 pread=5.266s [reader]
      DBG getmany L67 nw=13 wall=0.949s thr(out)1 thr(in)16 conc_peak=13 pread=10.891s
      DBG getmany L69 nw=16 wall=0.615s thr(out)1 thr(in)16 conc_peak=16 pread=6.215s [reader]
      DBG getmany L68 nw=11 wall=0.871s thr(out)1 thr(in)16 conc_peak=11 pread=10.819s
      DBG getmany L70 nw=16 wall=0.560s thr(out)1 thr(in)16 conc_peak=16 pread=7.118s [reader]
      DBG getmany L69 nw=11 wall=0.948s thr(out)1 thr(in)16 conc_peak=11 pread=10.192s
      DBG getmany L71 nw=16 wall=0.717s thr(out)1 thr(in)16 conc_peak=16 pread=8.133s [reader]
      DBG getmany L70 nw=11 wall=0.729s thr(out)1 thr(in)16 conc_peak=11 pread=12.183s
      DBG getmany L72 nw=16 wall=0.453s thr(out)1 thr(in)16 conc_peak=16 pread=3.173s [reader]
      DBG getmany L71 nw=10 wall=1.014s thr(out)1 thr(in)16 conc_peak=10 pread=9.891s
      DBG getmany L73 nw=15 wall=0.659s thr(out)1 thr(in)16 conc_peak=15 pread=6.255s [reader]
      DBG getmany L72 nw=15 wall=0.992s thr(out)1 thr(in)16 conc_peak=15 pread=15.120s
      DBG getmany L74 nw=13 wall=0.967s thr(out)1 thr(in)16 conc_peak=13 pread=15.912s [reader]
      DBG getmany L73 nw=16 wall=0.979s thr(out)1 thr(in)16 conc_peak=16 pread=20.654s
      DBG getmany L75 nw=11 wall=0.706s thr(out)1 thr(in)16 conc_peak=11 pread=10.379s [reader]
      DBG getmany L74 nw=16 wall=0.751s thr(out)1 thr(in)16 conc_peak=16 pread=15.321s
      DBG getmany L76 nw=14 wall=0.932s thr(out)1 thr(in)16 conc_peak=14 pread=12.869s [reader]
      DBG getmany L75 nw=16 wall=0.984s thr(out)1 thr(in)16 conc_peak=16 pread=15.757s
      DBG getmany L77 nw=16 wall=0.844s thr(out)1 thr(in)16 conc_peak=16 pread=10.348s [reader]
      DBG getmany L76 nw=16 wall=0.994s thr(out)1 thr(in)16 conc_peak=16 pread=15.609s
      DBG getmany L78 nw=15 wall=0.802s thr(out)1 thr(in)16 conc_peak=15 pread=10.523s [reader]
      DBG getmany L77 nw=13 wall=0.959s thr(out)1 thr(in)16 conc_peak=13 pread=17.323s
      DBG getmany L79 nw=15 wall=0.489s thr(out)1 thr(in)16 conc_peak=15 pread=4.418s [reader]
      DBG getmany L78 nw=15 wall=0.797s thr(out)1 thr(in)16 conc_peak=15 pread=14.052s
      DBG getmany L80 nw=14 wall=0.672s thr(out)1 thr(in)16 conc_peak=14 pread=8.200s [reader]
      DBG getmany L79 nw=14 wall=0.969s thr(out)1 thr(in)16 conc_peak=14 pread=14.759s
      DBG getmany L81 nw=14 wall=0.503s thr(out)1 thr(in)16 conc_peak=14 pread=4.304s [reader]
      DBG getmany L80 nw=16 wall=0.955s thr(out)1 thr(in)16 conc_peak=16 pread=13.911s
      DBG getmany L82 nw=14 wall=0.930s thr(out)1 thr(in)16 conc_peak=14 pread=13.403s [reader]
      DBG getmany L81 nw=13 wall=0.961s thr(out)1 thr(in)16 conc_peak=13 pread=16.138s
      DBG getmany L83 nw=5 wall=0.612s thr(out)1 thr(in)16 conc_peak=5 pread=4.147s [reader]
      DBG getmany L82 nw=14 wall=0.614s thr(out)1 thr(in)16 conc_peak=14 pread=8.278s
      DBG getmany L84 nw=11 wall=0.654s thr(out)1 thr(in)16 conc_peak=11 pread=4.398s [reader]
      DBG getmany L83 nw=12 wall=0.884s thr(out)1 thr(in)16 conc_peak=12 pread=8.611s
      DBG getmany L85 nw=11 wall=0.489s thr(out)1 thr(in)16 conc_peak=11 pread=2.403s [reader]
      DBG getmany L84 nw=10 wall=0.822s thr(out)1 thr(in)16 conc_peak=10 pread=7.329s
      DBG getmany L86 nw=11 wall=0.463s thr(out)1 thr(in)16 conc_peak=11 pread=3.188s [reader]
      DBG getmany L85 nw=9 wall=0.816s thr(out)1 thr(in)16 conc_peak=9 pread=8.001s
      DBG getmany L87 nw=10 wall=0.478s thr(out)1 thr(in)16 conc_peak=10 pread=3.608s [reader]
      DBG getmany L86 nw=12 wall=0.639s thr(out)1 thr(in)16 conc_peak=12 pread=8.489s
      DBG getmany L88 nw=8 wall=0.674s thr(out)1 thr(in)16 conc_peak=8 pread=3.699s [reader]
      DBG getmany L87 nw=11 wall=0.806s thr(out)1 thr(in)16 conc_peak=11 pread=8.993s
      DBG getmany L89 nw=8 wall=0.242s thr(out)1 thr(in)16 conc_peak=8 pread=0.979s [reader]
      DBG getmany L88 nw=12 wall=0.820s thr(out)1 thr(in)16 conc_peak=12 pread=9.364s
      DBG getmany L90 nw=9 wall=0.543s thr(out)1 thr(in)16 conc_peak=9 pread=2.705s [reader]
      DBG getmany L89 nw=12 wall=0.871s thr(out)1 thr(in)16 conc_peak=12 pread=9.874s
      DBG getmany L91 nw=11 wall=0.728s thr(out)1 thr(in)16 conc_peak=11 pread=7.286s [reader]
      DBG getmany L90 nw=12 wall=0.667s thr(out)1 thr(in)16 conc_peak=12 pread=7.879s
      DBG getmany L92 nw=9 wall=0.194s thr(out)1 thr(in)16 conc_peak=9 pread=0.882s [reader]
      DBG getmany L91 nw=12 wall=0.654s thr(out)1 thr(in)16 conc_peak=12 pread=6.707s
      DBG getmany L92 nw=12 wall=0.172s thr(out)1 thr(in)16 conc_peak=12 pread=1.248s
        of those hits : 2396 came from the batch prefetch, i.e. read from disk
                        this token; TRUE resident hit rate 0.00%
        read from disk: 42.04 GB in 121.63 s (346 MB/s while loading)
        prefetch      : issued 1235  LATE 0  survival 21.1% (311/1472 prev-token routed experts still resident)
        hit I/O   : 115.36 GB in 325.17 s (wall) = 355 MB/s [pread 3060.71 s, 38 MB/s per-thread]
           experts the prefetcher had just read from disk, so it is not a
[v50] pair 2 A (depth 0, baseline)  12:03:10
  [pf0_r2 depth=0]  3 tokens in 246.7 s, 82.25 s/token average
      DBG getmany L1 nw=16 wall=0.213s thr(out)1 thr(in)16 conc_peak=16 pread=2.277s
      DBG getmany L2 nw=16 wall=0.202s thr(out)1 thr(in)16 conc_peak=16 pread=2.109s
      DBG getmany L3 nw=16 wall=0.206s thr(out)1 thr(in)16 conc_peak=16 pread=2.179s
      DBG getmany L4 nw=16 wall=0.185s thr(out)1 thr(in)16 conc_peak=16 pread=1.881s
      DBG getmany L5 nw=16 wall=0.190s thr(out)1 thr(in)16 conc_peak=16 pread=1.977s
      DBG getmany L6 nw=16 wall=0.199s thr(out)1 thr(in)16 conc_peak=16 pread=2.081s
      DBG getmany L7 nw=16 wall=0.195s thr(out)1 thr(in)16 conc_peak=16 pread=2.049s
      DBG getmany L8 nw=16 wall=0.220s thr(out)1 thr(in)16 conc_peak=16 pread=2.406s
      DBG getmany L9 nw=16 wall=0.231s thr(out)1 thr(in)16 conc_peak=16 pread=2.630s
      DBG getmany L10 nw=16 wall=0.208s thr(out)1 thr(in)16 conc_peak=16 pread=2.338s
      DBG getmany L11 nw=16 wall=0.237s thr(out)1 thr(in)16 conc_peak=16 pread=2.646s
      DBG getmany L12 nw=16 wall=0.241s thr(out)1 thr(in)16 conc_peak=16 pread=2.778s
      DBG getmany L13 nw=16 wall=0.238s thr(out)1 thr(in)16 conc_peak=16 pread=2.652s
      DBG getmany L14 nw=16 wall=0.232s thr(out)1 thr(in)16 conc_peak=16 pread=2.677s
      DBG getmany L15 nw=16 wall=0.239s thr(out)1 thr(in)16 conc_peak=16 pread=2.767s
      DBG getmany L16 nw=16 wall=0.242s thr(out)1 thr(in)16 conc_peak=16 pread=2.818s
      DBG getmany L17 nw=16 wall=0.206s thr(out)1 thr(in)16 conc_peak=16 pread=2.170s
      DBG getmany L18 nw=16 wall=0.200s thr(out)1 thr(in)16 conc_peak=16 pread=2.092s
      DBG getmany L19 nw=16 wall=0.216s thr(out)1 thr(in)16 conc_peak=16 pread=2.258s
      DBG getmany L20 nw=16 wall=0.218s thr(out)1 thr(in)16 conc_peak=16 pread=2.335s
      DBG getmany L21 nw=16 wall=0.215s thr(out)1 thr(in)16 conc_peak=16 pread=2.348s
      DBG getmany L22 nw=16 wall=0.288s thr(out)1 thr(in)16 conc_peak=16 pread=2.356s
      DBG getmany L23 nw=16 wall=0.490s thr(out)1 thr(in)16 conc_peak=16 pread=6.166s
      DBG getmany L24 nw=16 wall=0.563s thr(out)1 thr(in)16 conc_peak=16 pread=6.342s
      DBG getmany L25 nw=16 wall=0.585s thr(out)1 thr(in)16 conc_peak=16 pread=6.305s
      DBG getmany L26 nw=16 wall=0.394s thr(out)1 thr(in)16 conc_peak=16 pread=4.842s
      DBG getmany L27 nw=16 wall=0.475s thr(out)1 thr(in)16 conc_peak=16 pread=6.245s
      DBG getmany L28 nw=16 wall=0.468s thr(out)1 thr(in)16 conc_peak=16 pread=6.124s
      DBG getmany L29 nw=16 wall=0.511s thr(out)1 thr(in)16 conc_peak=16 pread=6.809s
      DBG getmany L30 nw=16 wall=0.397s thr(out)1 thr(in)16 conc_peak=16 pread=5.430s
      DBG getmany L31 nw=16 wall=0.549s thr(out)1 thr(in)16 conc_peak=16 pread=6.779s
      DBG getmany L32 nw=16 wall=0.532s thr(out)1 thr(in)16 conc_peak=16 pread=5.826s
      DBG getmany L33 nw=16 wall=0.569s thr(out)1 thr(in)16 conc_peak=16 pread=7.233s
      DBG getmany L34 nw=16 wall=0.390s thr(out)1 thr(in)16 conc_peak=16 pread=5.028s
      DBG getmany L35 nw=16 wall=0.572s thr(out)1 thr(in)16 conc_peak=16 pread=7.831s
      DBG getmany L36 nw=16 wall=0.571s thr(out)1 thr(in)16 conc_peak=16 pread=6.985s
      DBG getmany L37 nw=16 wall=0.540s thr(out)1 thr(in)16 conc_peak=16 pread=5.817s
      DBG getmany L38 nw=16 wall=0.395s thr(out)1 thr(in)16 conc_peak=16 pread=5.388s
      DBG getmany L39 nw=16 wall=0.573s thr(out)1 thr(in)16 conc_peak=16 pread=6.290s
      DBG getmany L40 nw=16 wall=0.538s thr(out)1 thr(in)16 conc_peak=16 pread=7.705s
      DBG getmany L41 nw=16 wall=0.518s thr(out)1 thr(in)16 conc_peak=16 pread=6.853s
      DBG getmany L42 nw=16 wall=0.408s thr(out)1 thr(in)16 conc_peak=16 pread=5.208s
      DBG getmany L43 nw=16 wall=0.558s thr(out)1 thr(in)16 conc_peak=16 pread=6.395s
      DBG getmany L44 nw=16 wall=0.560s thr(out)1 thr(in)16 conc_peak=16 pread=7.841s
      DBG getmany L45 nw=16 wall=0.555s thr(out)1 thr(in)16 conc_peak=16 pread=7.119s
      DBG getmany L46 nw=16 wall=0.442s thr(out)1 thr(in)16 conc_peak=16 pread=5.556s
      DBG getmany L47 nw=16 wall=0.570s thr(out)1 thr(in)16 conc_peak=16 pread=7.900s
      DBG getmany L48 nw=16 wall=0.566s thr(out)1 thr(in)16 conc_peak=16 pread=7.452s
      DBG getmany L49 nw=16 wall=0.572s thr(out)1 thr(in)16 conc_peak=16 pread=7.395s
      DBG getmany L50 nw=16 wall=0.436s thr(out)1 thr(in)16 conc_peak=16 pread=5.723s
      DBG getmany L51 nw=16 wall=0.594s thr(out)1 thr(in)16 conc_peak=16 pread=7.605s
      DBG getmany L52 nw=16 wall=0.537s thr(out)1 thr(in)16 conc_peak=16 pread=7.148s
      DBG getmany L53 nw=16 wall=0.531s thr(out)1 thr(in)16 conc_peak=16 pread=6.602s
      DBG getmany L54 nw=16 wall=0.447s thr(out)1 thr(in)16 conc_peak=16 pread=5.770s
      DBG getmany L55 nw=16 wall=0.549s thr(out)1 thr(in)16 conc_peak=16 pread=6.621s
      DBG getmany L56 nw=16 wall=0.607s thr(out)1 thr(in)16 conc_peak=16 pread=7.717s
      DBG getmany L57 nw=16 wall=0.551s thr(out)1 thr(in)16 conc_peak=16 pread=7.863s
      DBG getmany L58 nw=16 wall=0.410s thr(out)1 thr(in)16 conc_peak=16 pread=5.875s
      DBG getmany L59 nw=16 wall=12.093s thr(out)1 thr(in)16 conc_peak=16 pread=180.686s
      DBG getmany L60 nw=16 wall=0.596s thr(out)1 thr(in)16 conc_peak=16 pread=8.607s
      DBG getmany L61 nw=16 wall=0.594s thr(out)1 thr(in)16 conc_peak=16 pread=8.059s
      DBG getmany L62 nw=16 wall=0.443s thr(out)1 thr(in)16 conc_peak=16 pread=6.281s
      DBG getmany L63 nw=16 wall=0.646s thr(out)1 thr(in)16 conc_peak=16 pread=9.205s
      DBG getmany L64 nw=16 wall=0.614s thr(out)1 thr(in)16 conc_peak=16 pread=6.951s
      DBG getmany L65 nw=16 wall=0.599s thr(out)1 thr(in)16 conc_peak=16 pread=7.842s
      DBG getmany L66 nw=16 wall=0.452s thr(out)1 thr(in)16 conc_peak=16 pread=6.067s
      DBG getmany L67 nw=16 wall=0.641s thr(out)1 thr(in)16 conc_peak=16 pread=8.234s
      DBG getmany L68 nw=16 wall=0.613s thr(out)1 thr(in)16 conc_peak=16 pread=9.104s
      DBG getmany L69 nw=16 wall=0.576s thr(out)1 thr(in)16 conc_peak=16 pread=8.367s
      DBG getmany L70 nw=16 wall=0.432s thr(out)1 thr(in)16 conc_peak=16 pread=4.848s
      DBG getmany L71 nw=16 wall=0.647s thr(out)1 thr(in)16 conc_peak=16 pread=7.805s
      DBG getmany L72 nw=16 wall=0.585s thr(out)1 thr(in)16 conc_peak=16 pread=7.694s
      DBG getmany L73 nw=16 wall=0.611s thr(out)1 thr(in)16 conc_peak=16 pread=6.835s
      DBG getmany L74 nw=16 wall=0.463s thr(out)1 thr(in)16 conc_peak=16 pread=6.395s
      DBG getmany L75 nw=16 wall=0.622s thr(out)1 thr(in)16 conc_peak=16 pread=8.924s
      DBG getmany L76 nw=16 wall=0.565s thr(out)1 thr(in)16 conc_peak=16 pread=7.960s
      DBG getmany L77 nw=16 wall=0.628s thr(out)1 thr(in)16 conc_peak=16 pread=5.820s
      DBG getmany L78 nw=16 wall=0.465s thr(out)1 thr(in)16 conc_peak=16 pread=5.431s
      DBG getmany L79 nw=16 wall=0.640s thr(out)1 thr(in)16 conc_peak=16 pread=7.962s
      DBG getmany L80 nw=16 wall=0.603s thr(out)1 thr(in)16 conc_peak=16 pread=9.040s
      DBG getmany L81 nw=16 wall=0.603s thr(out)1 thr(in)16 conc_peak=16 pread=8.526s
      DBG getmany L82 nw=16 wall=0.446s thr(out)1 thr(in)16 conc_peak=16 pread=6.558s
      DBG getmany L83 nw=16 wall=0.599s thr(out)1 thr(in)16 conc_peak=16 pread=7.708s
      DBG getmany L84 nw=16 wall=0.590s thr(out)1 thr(in)16 conc_peak=16 pread=8.776s
      DBG getmany L85 nw=16 wall=0.520s thr(out)1 thr(in)16 conc_peak=16 pread=7.165s
      DBG getmany L86 nw=16 wall=0.425s thr(out)1 thr(in)16 conc_peak=16 pread=5.474s
      DBG getmany L87 nw=16 wall=0.400s thr(out)1 thr(in)16 conc_peak=16 pread=5.482s
      DBG getmany L88 nw=16 wall=0.595s thr(out)1 thr(in)16 conc_peak=16 pread=6.298s
      DBG getmany L89 nw=16 wall=0.598s thr(out)1 thr(in)16 conc_peak=16 pread=7.294s
      DBG getmany L90 nw=16 wall=0.420s thr(out)1 thr(in)16 conc_peak=16 pread=5.974s
      DBG getmany L91 nw=16 wall=0.438s thr(out)1 thr(in)16 conc_peak=16 pread=4.803s
      DBG getmany L92 nw=16 wall=0.159s thr(out)1 thr(in)16 conc_peak=16 pread=1.494s
      peak RSS after loading weights: 4.78 GB  (the plan above is a forecast, this is measured)
      DBG getmany L1 nw=16 wall=0.188s thr(out)1 thr(in)16 conc_peak=16 pread=1.744s
      DBG getmany L2 nw=16 wall=0.171s thr(out)1 thr(in)16 conc_peak=16 pread=1.738s
      DBG getmany L3 nw=16 wall=0.166s thr(out)1 thr(in)16 conc_peak=16 pread=1.456s
      DBG getmany L4 nw=16 wall=0.159s thr(out)1 thr(in)16 conc_peak=16 pread=1.526s
      DBG getmany L5 nw=16 wall=0.162s thr(out)1 thr(in)16 conc_peak=16 pread=1.582s
      DBG getmany L6 nw=16 wall=0.172s thr(out)1 thr(in)16 conc_peak=16 pread=1.605s
      DBG getmany L7 nw=16 wall=0.159s thr(out)1 thr(in)16 conc_peak=16 pread=1.522s
      DBG getmany L8 nw=16 wall=0.162s thr(out)1 thr(in)16 conc_peak=16 pread=1.562s
      DBG getmany L9 nw=16 wall=0.157s thr(out)1 thr(in)16 conc_peak=16 pread=1.486s
      DBG getmany L10 nw=16 wall=0.158s thr(out)1 thr(in)16 conc_peak=16 pread=1.460s
      DBG getmany L11 nw=16 wall=0.171s thr(out)1 thr(in)16 conc_peak=16 pread=1.662s
      DBG getmany L12 nw=16 wall=0.163s thr(out)1 thr(in)16 conc_peak=16 pread=1.606s
      DBG getmany L13 nw=16 wall=0.173s thr(out)1 thr(in)16 conc_peak=16 pread=1.689s
      DBG getmany L14 nw=16 wall=0.173s thr(out)1 thr(in)16 conc_peak=16 pread=1.705s
      DBG getmany L15 nw=16 wall=0.167s thr(out)1 thr(in)16 conc_peak=16 pread=1.505s
      DBG getmany L16 nw=16 wall=0.163s thr(out)1 thr(in)16 conc_peak=16 pread=1.524s
      DBG getmany L17 nw=16 wall=0.169s thr(out)1 thr(in)16 conc_peak=16 pread=1.430s
      DBG getmany L18 nw=16 wall=0.164s thr(out)1 thr(in)16 conc_peak=16 pread=1.477s
      DBG getmany L19 nw=16 wall=0.169s thr(out)1 thr(in)16 conc_peak=16 pread=1.582s
      DBG getmany L20 nw=16 wall=0.161s thr(out)1 thr(in)16 conc_peak=16 pread=1.729s
      DBG getmany L21 nw=16 wall=0.521s thr(out)1 thr(in)16 conc_peak=16 pread=7.238s
      DBG getmany L22 nw=16 wall=0.384s thr(out)1 thr(in)16 conc_peak=16 pread=5.532s
      DBG getmany L23 nw=16 wall=0.515s thr(out)1 thr(in)16 conc_peak=16 pread=7.392s
      DBG getmany L24 nw=16 wall=0.593s thr(out)1 thr(in)16 conc_peak=16 pread=8.247s
      DBG getmany L25 nw=16 wall=0.547s thr(out)1 thr(in)16 conc_peak=16 pread=7.423s
      DBG getmany L26 nw=16 wall=0.410s thr(out)1 thr(in)16 conc_peak=16 pread=5.994s
      DBG getmany L27 nw=16 wall=0.532s thr(out)1 thr(in)16 conc_peak=16 pread=6.553s
      DBG getmany L28 nw=16 wall=0.487s thr(out)1 thr(in)16 conc_peak=16 pread=6.502s
      DBG getmany L29 nw=16 wall=0.537s thr(out)1 thr(in)16 conc_peak=16 pread=7.897s
      DBG getmany L30 nw=16 wall=0.422s thr(out)1 thr(in)16 conc_peak=16 pread=5.628s
      DBG getmany L31 nw=16 wall=0.608s thr(out)1 thr(in)16 conc_peak=16 pread=7.605s
      DBG getmany L32 nw=16 wall=0.603s thr(out)1 thr(in)16 conc_peak=16 pread=8.701s
      DBG getmany L33 nw=16 wall=0.626s thr(out)1 thr(in)16 conc_peak=16 pread=8.238s
      DBG getmany L34 nw=16 wall=0.432s thr(out)1 thr(in)16 conc_peak=16 pread=6.096s
      DBG getmany L35 nw=16 wall=0.622s thr(out)1 thr(in)16 conc_peak=16 pread=6.506s
      DBG getmany L36 nw=16 wall=0.615s thr(out)1 thr(in)16 conc_peak=16 pread=6.391s
      DBG getmany L37 nw=16 wall=0.548s thr(out)1 thr(in)16 conc_peak=16 pread=8.047s
      DBG getmany L38 nw=16 wall=0.406s thr(out)1 thr(in)16 conc_peak=16 pread=5.618s
      DBG getmany L39 nw=16 wall=0.607s thr(out)1 thr(in)16 conc_peak=16 pread=8.816s
      DBG getmany L40 nw=16 wall=0.579s thr(out)1 thr(in)16 conc_peak=16 pread=6.854s
      DBG getmany L41 nw=16 wall=0.503s thr(out)1 thr(in)16 conc_peak=16 pread=6.903s
      DBG getmany L42 nw=16 wall=0.441s thr(out)1 thr(in)16 conc_peak=16 pread=5.805s
      DBG getmany L43 nw=16 wall=0.583s thr(out)1 thr(in)16 conc_peak=16 pread=8.543s
      DBG getmany L44 nw=16 wall=0.574s thr(out)1 thr(in)16 conc_peak=16 pread=6.924s
      DBG getmany L45 nw=16 wall=0.639s thr(out)1 thr(in)16 conc_peak=16 pread=9.281s
      DBG getmany L46 nw=16 wall=0.441s thr(out)1 thr(in)16 conc_peak=16 pread=5.483s
      DBG getmany L47 nw=16 wall=0.625s thr(out)1 thr(in)16 conc_peak=16 pread=7.302s
      DBG getmany L48 nw=16 wall=0.593s thr(out)1 thr(in)16 conc_peak=16 pread=8.539s
      DBG getmany L49 nw=16 wall=0.637s thr(out)1 thr(in)16 conc_peak=16 pread=8.288s
      DBG getmany L50 nw=16 wall=0.441s thr(out)1 thr(in)16 conc_peak=16 pread=6.428s
      DBG getmany L51 nw=16 wall=0.607s thr(out)1 thr(in)16 conc_peak=16 pread=8.575s
      DBG getmany L52 nw=16 wall=0.584s thr(out)1 thr(in)16 conc_peak=16 pread=7.425s
      DBG getmany L53 nw=16 wall=0.592s thr(out)1 thr(in)16 conc_peak=16 pread=7.468s
      DBG getmany L54 nw=16 wall=0.466s thr(out)1 thr(in)16 conc_peak=16 pread=6.436s
      DBG getmany L55 nw=16 wall=0.579s thr(out)1 thr(in)16 conc_peak=16 pread=8.147s
      DBG getmany L56 nw=16 wall=0.559s thr(out)1 thr(in)16 conc_peak=16 pread=7.380s
      DBG getmany L57 nw=16 wall=0.540s thr(out)1 thr(in)16 conc_peak=16 pread=8.171s
      DBG getmany L58 nw=16 wall=0.398s thr(out)1 thr(in)16 conc_peak=16 pread=5.506s
      DBG getmany L59 nw=16 wall=0.568s thr(out)1 thr(in)16 conc_peak=16 pread=7.727s
      DBG getmany L60 nw=16 wall=0.540s thr(out)1 thr(in)16 conc_peak=16 pread=7.837s
      DBG getmany L61 nw=16 wall=0.555s thr(out)1 thr(in)16 conc_peak=16 pread=7.627s
      DBG getmany L62 nw=16 wall=0.406s thr(out)1 thr(in)16 conc_peak=16 pread=4.699s
      DBG getmany L63 nw=16 wall=0.789s thr(out)1 thr(in)16 conc_peak=16 pread=10.039s
      DBG getmany L64 nw=16 wall=0.772s thr(out)1 thr(in)16 conc_peak=16 pread=8.368s
      DBG getmany L65 nw=16 wall=0.753s thr(out)1 thr(in)16 conc_peak=16 pread=9.511s
      DBG getmany L66 nw=16 wall=0.583s thr(out)1 thr(in)16 conc_peak=16 pread=7.502s
      DBG getmany L67 nw=16 wall=0.799s thr(out)1 thr(in)16 conc_peak=16 pread=10.358s
      DBG getmany L68 nw=16 wall=1.738s thr(out)1 thr(in)16 conc_peak=16 pread=14.754s
      DBG getmany L69 nw=16 wall=10.917s thr(out)1 thr(in)16 conc_peak=16 pread=172.268s
      DBG getmany L70 nw=16 wall=0.533s thr(out)1 thr(in)16 conc_peak=16 pread=7.074s
      DBG getmany L71 nw=16 wall=0.865s thr(out)1 thr(in)16 conc_peak=16 pread=11.650s
      DBG getmany L72 nw=16 wall=0.813s thr(out)1 thr(in)16 conc_peak=16 pread=10.254s
      DBG getmany L73 nw=16 wall=0.827s thr(out)1 thr(in)16 conc_peak=16 pread=11.307s
      DBG getmany L74 nw=16 wall=0.606s thr(out)1 thr(in)16 conc_peak=16 pread=7.175s
      DBG getmany L75 nw=16 wall=0.825s thr(out)1 thr(in)16 conc_peak=16 pread=11.551s
      DBG getmany L76 nw=16 wall=0.776s thr(out)1 thr(in)16 conc_peak=16 pread=11.417s
      DBG getmany L77 nw=16 wall=0.799s thr(out)1 thr(in)16 conc_peak=16 pread=10.302s
      DBG getmany L78 nw=16 wall=0.588s thr(out)1 thr(in)16 conc_peak=16 pread=7.818s
      DBG getmany L79 nw=16 wall=0.791s thr(out)1 thr(in)16 conc_peak=16 pread=10.382s
      DBG getmany L80 nw=16 wall=0.780s thr(out)1 thr(in)16 conc_peak=16 pread=11.071s
      DBG getmany L81 nw=16 wall=0.826s thr(out)1 thr(in)16 conc_peak=16 pread=10.584s
      DBG getmany L82 nw=16 wall=0.591s thr(out)1 thr(in)16 conc_peak=16 pread=7.685s
      DBG getmany L83 nw=16 wall=0.812s thr(out)1 thr(in)16 conc_peak=16 pread=11.692s
      DBG getmany L84 nw=16 wall=0.808s thr(out)1 thr(in)16 conc_peak=16 pread=10.329s
      DBG getmany L85 nw=16 wall=0.777s thr(out)1 thr(in)16 conc_peak=16 pread=10.417s
      DBG getmany L86 nw=16 wall=0.583s thr(out)1 thr(in)16 conc_peak=16 pread=8.011s
      DBG getmany L87 nw=16 wall=0.636s thr(out)1 thr(in)16 conc_peak=16 pread=8.329s
      DBG getmany L88 nw=16 wall=0.766s thr(out)1 thr(in)16 conc_peak=16 pread=10.592s
      DBG getmany L89 nw=16 wall=0.612s thr(out)1 thr(in)16 conc_peak=16 pread=7.010s
      DBG getmany L90 nw=16 wall=0.597s thr(out)1 thr(in)16 conc_peak=16 pread=8.469s
      DBG getmany L91 nw=16 wall=0.607s thr(out)1 thr(in)16 conc_peak=16 pread=6.939s
      DBG getmany L92 nw=16 wall=0.250s thr(out)1 thr(in)16 conc_peak=16 pread=2.423s
      DBG getmany L1 nw=16 wall=0.252s thr(out)1 thr(in)16 conc_peak=16 pread=2.584s
      DBG getmany L2 nw=15 wall=0.239s thr(out)1 thr(in)16 conc_peak=15 pread=2.037s
      DBG getmany L3 nw=13 wall=0.204s thr(out)1 thr(in)16 conc_peak=13 pread=1.576s
      DBG getmany L4 nw=15 wall=0.228s thr(out)1 thr(in)16 conc_peak=15 pread=1.920s
      DBG getmany L5 nw=16 wall=0.245s thr(out)1 thr(in)16 conc_peak=16 pread=2.356s
      DBG getmany L6 nw=15 wall=0.235s thr(out)1 thr(in)16 conc_peak=15 pread=2.038s
      DBG getmany L7 nw=15 wall=0.218s thr(out)1 thr(in)16 conc_peak=15 pread=1.979s
      DBG getmany L8 nw=16 wall=0.231s thr(out)1 thr(in)16 conc_peak=16 pread=2.160s
      DBG getmany L9 nw=15 wall=0.214s thr(out)1 thr(in)16 conc_peak=15 pread=1.773s
      DBG getmany L10 nw=15 wall=0.218s thr(out)1 thr(in)16 conc_peak=15 pread=1.918s
      DBG getmany L11 nw=15 wall=0.218s thr(out)1 thr(in)16 conc_peak=15 pread=1.925s
      DBG getmany L12 nw=15 wall=0.220s thr(out)1 thr(in)16 conc_peak=15 pread=1.917s
      DBG getmany L13 nw=16 wall=0.241s thr(out)1 thr(in)16 conc_peak=16 pread=2.249s
      DBG getmany L14 nw=15 wall=0.224s thr(out)1 thr(in)16 conc_peak=15 pread=1.932s
      DBG getmany L15 nw=16 wall=0.242s thr(out)1 thr(in)16 conc_peak=16 pread=2.328s
      DBG getmany L16 nw=15 wall=0.227s thr(out)1 thr(in)16 conc_peak=15 pread=2.054s
      DBG getmany L17 nw=16 wall=0.235s thr(out)1 thr(in)16 conc_peak=16 pread=2.110s
      DBG getmany L18 nw=16 wall=0.237s thr(out)1 thr(in)16 conc_peak=16 pread=2.376s
      DBG getmany L19 nw=16 wall=0.239s thr(out)1 thr(in)16 conc_peak=16 pread=2.234s
      DBG getmany L20 nw=16 wall=0.233s thr(out)1 thr(in)16 conc_peak=16 pread=2.033s
      DBG getmany L21 nw=16 wall=0.777s thr(out)1 thr(in)16 conc_peak=16 pread=10.683s
      DBG getmany L22 nw=16 wall=0.629s thr(out)1 thr(in)16 conc_peak=16 pread=8.781s
      DBG getmany L23 nw=15 wall=0.602s thr(out)1 thr(in)16 conc_peak=15 pread=6.311s
      DBG getmany L24 nw=13 wall=0.811s thr(out)1 thr(in)16 conc_peak=13 pread=7.812s
      DBG getmany L25 nw=15 wall=0.789s thr(out)1 thr(in)16 conc_peak=15 pread=10.423s
      DBG getmany L26 nw=15 wall=0.534s thr(out)1 thr(in)16 conc_peak=15 pread=5.916s
      DBG getmany L27 nw=16 wall=0.769s thr(out)1 thr(in)16 conc_peak=16 pread=10.457s
      DBG getmany L28 nw=15 wall=0.720s thr(out)1 thr(in)16 conc_peak=15 pread=8.803s
      DBG getmany L29 nw=16 wall=0.817s thr(out)1 thr(in)16 conc_peak=16 pread=9.976s
      DBG getmany L30 nw=16 wall=0.602s thr(out)1 thr(in)16 conc_peak=16 pread=7.417s
      DBG getmany L31 nw=16 wall=0.797s thr(out)1 thr(in)16 conc_peak=16 pread=10.795s
      DBG getmany L32 nw=14 wall=0.761s thr(out)1 thr(in)16 conc_peak=14 pread=9.815s
      DBG getmany L33 nw=15 wall=0.828s thr(out)1 thr(in)16 conc_peak=15 pread=11.310s
      DBG getmany L34 nw=16 wall=0.635s thr(out)1 thr(in)16 conc_peak=16 pread=8.841s
      DBG getmany L35 nw=16 wall=0.826s thr(out)1 thr(in)16 conc_peak=16 pread=11.091s
      DBG getmany L36 nw=14 wall=0.762s thr(out)1 thr(in)16 conc_peak=14 pread=8.435s
      DBG getmany L37 nw=16 wall=0.785s thr(out)1 thr(in)16 conc_peak=16 pread=10.775s
      DBG getmany L38 nw=16 wall=0.569s thr(out)1 thr(in)16 conc_peak=16 pread=7.691s
      DBG getmany L39 nw=16 wall=0.753s thr(out)1 thr(in)16 conc_peak=16 pread=10.006s
      DBG getmany L40 nw=16 wall=0.802s thr(out)1 thr(in)16 conc_peak=16 pread=10.216s
      DBG getmany L41 nw=16 wall=0.771s thr(out)1 thr(in)16 conc_peak=16 pread=9.936s
      DBG getmany L42 nw=16 wall=0.597s thr(out)1 thr(in)16 conc_peak=16 pread=8.685s
      DBG getmany L43 nw=16 wall=0.819s thr(out)1 thr(in)16 conc_peak=16 pread=11.274s
      DBG getmany L44 nw=16 wall=0.794s thr(out)1 thr(in)16 conc_peak=16 pread=11.618s
      DBG getmany L45 nw=16 wall=0.573s thr(out)1 thr(in)16 conc_peak=16 pread=6.055s
      DBG getmany L46 nw=15 wall=0.594s thr(out)1 thr(in)16 conc_peak=15 pread=6.481s
      DBG getmany L47 nw=15 wall=0.790s thr(out)1 thr(in)16 conc_peak=15 pread=10.026s
      DBG getmany L48 nw=15 wall=0.769s thr(out)1 thr(in)16 conc_peak=15 pread=10.685s
      DBG getmany L49 nw=15 wall=0.756s thr(out)1 thr(in)16 conc_peak=15 pread=9.370s
      DBG getmany L50 nw=16 wall=0.602s thr(out)1 thr(in)16 conc_peak=16 pread=8.841s
      DBG getmany L51 nw=16 wall=0.772s thr(out)1 thr(in)16 conc_peak=16 pread=10.569s
      DBG getmany L52 nw=16 wall=0.744s thr(out)1 thr(in)16 conc_peak=16 pread=10.363s
      DBG getmany L53 nw=15 wall=0.780s thr(out)1 thr(in)16 conc_peak=15 pread=10.378s
      DBG getmany L54 nw=16 wall=0.591s thr(out)1 thr(in)16 conc_peak=16 pread=7.607s
      DBG getmany L55 nw=16 wall=0.776s thr(out)1 thr(in)16 conc_peak=16 pread=10.598s
      DBG getmany L56 nw=16 wall=0.764s thr(out)1 thr(in)16 conc_peak=16 pread=8.967s
      DBG getmany L57 nw=16 wall=0.769s thr(out)1 thr(in)16 conc_peak=16 pread=9.843s
      DBG getmany L58 nw=16 wall=0.591s thr(out)1 thr(in)16 conc_peak=16 pread=8.726s
      DBG getmany L59 nw=16 wall=0.788s thr(out)1 thr(in)16 conc_peak=16 pread=9.671s
      DBG getmany L60 nw=16 wall=0.794s thr(out)1 thr(in)16 conc_peak=16 pread=10.445s
      DBG getmany L61 nw=16 wall=11.751s thr(out)1 thr(in)16 conc_peak=16 pread=134.439s
      DBG getmany L62 nw=16 wall=0.552s thr(out)1 thr(in)16 conc_peak=16 pread=5.726s
      DBG getmany L63 nw=16 wall=0.957s thr(out)1 thr(in)16 conc_peak=16 pread=10.847s
      DBG getmany L64 nw=16 wall=0.782s thr(out)1 thr(in)16 conc_peak=16 pread=11.787s
      DBG getmany L65 nw=16 wall=0.767s thr(out)1 thr(in)16 conc_peak=16 pread=9.758s
      DBG getmany L66 nw=16 wall=0.589s thr(out)1 thr(in)16 conc_peak=16 pread=7.721s
      DBG getmany L67 nw=16 wall=0.806s thr(out)1 thr(in)16 conc_peak=16 pread=8.342s
      DBG getmany L68 nw=16 wall=0.748s thr(out)1 thr(in)16 conc_peak=16 pread=11.130s
      DBG getmany L69 nw=16 wall=0.766s thr(out)1 thr(in)16 conc_peak=16 pread=10.071s
      DBG getmany L70 nw=16 wall=0.570s thr(out)1 thr(in)16 conc_peak=16 pread=8.362s
      DBG getmany L71 nw=16 wall=0.826s thr(out)1 thr(in)16 conc_peak=16 pread=11.731s
      DBG getmany L72 nw=16 wall=0.758s thr(out)1 thr(in)16 conc_peak=16 pread=10.567s
      DBG getmany L73 nw=16 wall=0.775s thr(out)1 thr(in)16 conc_peak=16 pread=10.474s
      DBG getmany L74 nw=16 wall=0.598s thr(out)1 thr(in)16 conc_peak=16 pread=8.193s
      DBG getmany L75 nw=16 wall=0.781s thr(out)1 thr(in)16 conc_peak=16 pread=10.809s
      DBG getmany L76 nw=16 wall=0.740s thr(out)1 thr(in)16 conc_peak=16 pread=10.248s
      DBG getmany L77 nw=16 wall=0.781s thr(out)1 thr(in)16 conc_peak=16 pread=11.754s
      DBG getmany L78 nw=16 wall=0.596s thr(out)1 thr(in)16 conc_peak=16 pread=8.550s
      DBG getmany L79 nw=16 wall=0.790s thr(out)1 thr(in)16 conc_peak=16 pread=9.169s
      DBG getmany L80 nw=16 wall=0.734s thr(out)1 thr(in)16 conc_peak=16 pread=10.105s
      DBG getmany L81 nw=15 wall=0.784s thr(out)1 thr(in)16 conc_peak=15 pread=9.513s
      DBG getmany L82 nw=16 wall=0.590s thr(out)1 thr(in)16 conc_peak=16 pread=8.526s
      DBG getmany L83 nw=13 wall=0.753s thr(out)1 thr(in)16 conc_peak=13 pread=8.848s
      DBG getmany L84 nw=13 wall=0.726s thr(out)1 thr(in)16 conc_peak=13 pread=7.357s
      DBG getmany L85 nw=14 wall=0.728s thr(out)1 thr(in)16 conc_peak=14 pread=9.690s
      DBG getmany L86 nw=16 wall=0.649s thr(out)1 thr(in)16 conc_peak=16 pread=6.743s
      DBG getmany L87 nw=13 wall=0.732s thr(out)1 thr(in)16 conc_peak=13 pread=9.180s
      DBG getmany L88 nw=15 wall=0.740s thr(out)1 thr(in)16 conc_peak=15 pread=10.407s
      DBG getmany L89 nw=13 wall=0.761s thr(out)1 thr(in)16 conc_peak=13 pread=8.439s
      DBG getmany L90 nw=12 wall=0.519s thr(out)1 thr(in)16 conc_peak=12 pread=5.188s
      DBG getmany L91 nw=13 wall=0.539s thr(out)1 thr(in)16 conc_peak=13 pread=5.649s
      DBG getmany L92 nw=13 wall=0.199s thr(out)1 thr(in)16 conc_peak=13 pread=1.525s
        of those hits : 1416 came from the batch prefetch, i.e. read from disk
                        this token; TRUE resident hit rate 3.80%
        read from disk: 24.85 GB in 66.99 s (371 MB/s while loading)
        hit I/O   : 76.51 GB in 178.47 s (wall) = 429 MB/s [pread 2307.96 s, 33 MB/s per-thread]
           experts the prefetcher had just read from disk, so it is not a
[v50] pair 2 B (depth 1)           12:07:43
  [pf1_r2 depth=1]  3 tokens in 267.4 s, 89.12 s/token average
      DBG getmany L1 nw=16 wall=0.211s thr(out)1 thr(in)16 conc_peak=16 pread=2.318s
      DBG getmany L2 nw=16 wall=0.203s thr(out)1 thr(in)16 conc_peak=16 pread=2.076s
      DBG getmany L3 nw=16 wall=0.215s thr(out)1 thr(in)16 conc_peak=16 pread=2.201s
      DBG getmany L4 nw=16 wall=0.198s thr(out)1 thr(in)16 conc_peak=16 pread=2.080s
      DBG getmany L5 nw=16 wall=0.199s thr(out)1 thr(in)16 conc_peak=16 pread=2.144s
      DBG getmany L6 nw=16 wall=0.198s thr(out)1 thr(in)16 conc_peak=16 pread=2.153s
      DBG getmany L7 nw=16 wall=0.195s thr(out)1 thr(in)16 conc_peak=16 pread=1.930s
      DBG getmany L8 nw=16 wall=0.200s thr(out)1 thr(in)16 conc_peak=16 pread=2.116s
      DBG getmany L9 nw=16 wall=0.202s thr(out)1 thr(in)16 conc_peak=16 pread=2.127s
      DBG getmany L10 nw=16 wall=0.210s thr(out)1 thr(in)16 conc_peak=16 pread=2.277s
      DBG getmany L11 nw=16 wall=0.203s thr(out)1 thr(in)16 conc_peak=16 pread=2.219s
      DBG getmany L12 nw=16 wall=0.200s thr(out)1 thr(in)16 conc_peak=16 pread=2.101s
      DBG getmany L13 nw=16 wall=0.214s thr(out)1 thr(in)16 conc_peak=16 pread=2.412s
      DBG getmany L14 nw=16 wall=0.191s thr(out)1 thr(in)16 conc_peak=16 pread=2.150s
      DBG getmany L15 nw=16 wall=0.223s thr(out)1 thr(in)16 conc_peak=16 pread=2.451s
      DBG getmany L16 nw=16 wall=0.205s thr(out)1 thr(in)16 conc_peak=16 pread=2.106s
      DBG getmany L17 nw=16 wall=0.206s thr(out)1 thr(in)16 conc_peak=16 pread=2.170s
      DBG getmany L18 nw=16 wall=0.202s thr(out)1 thr(in)16 conc_peak=16 pread=2.098s
      DBG getmany L19 nw=16 wall=0.206s thr(out)1 thr(in)16 conc_peak=16 pread=2.079s
      DBG getmany L20 nw=16 wall=0.200s thr(out)1 thr(in)16 conc_peak=16 pread=2.073s
      DBG getmany L21 nw=16 wall=0.205s thr(out)1 thr(in)16 conc_peak=16 pread=2.237s
      DBG getmany L22 nw=16 wall=0.253s thr(out)1 thr(in)16 conc_peak=16 pread=2.309s
      DBG getmany L23 nw=16 wall=0.488s thr(out)1 thr(in)16 conc_peak=16 pread=5.816s
      DBG getmany L24 nw=16 wall=0.612s thr(out)1 thr(in)16 conc_peak=16 pread=8.027s
      DBG getmany L25 nw=16 wall=0.525s thr(out)1 thr(in)16 conc_peak=16 pread=6.490s
      DBG getmany L26 nw=16 wall=7.901s thr(out)1 thr(in)16 conc_peak=16 pread=85.148s
      DBG getmany L27 nw=16 wall=3.782s thr(out)1 thr(in)16 conc_peak=16 pread=56.902s
      DBG getmany L28 nw=16 wall=0.462s thr(out)1 thr(in)16 conc_peak=16 pread=5.413s
      DBG getmany L29 nw=16 wall=0.512s thr(out)1 thr(in)16 conc_peak=16 pread=5.824s
      DBG getmany L30 nw=16 wall=0.381s thr(out)1 thr(in)16 conc_peak=16 pread=4.814s
      DBG getmany L31 nw=16 wall=0.566s thr(out)1 thr(in)16 conc_peak=16 pread=7.894s
      DBG getmany L32 nw=16 wall=0.546s thr(out)1 thr(in)16 conc_peak=16 pread=8.166s
      DBG getmany L33 nw=16 wall=0.580s thr(out)1 thr(in)16 conc_peak=16 pread=7.093s
      DBG getmany L34 nw=16 wall=0.404s thr(out)1 thr(in)16 conc_peak=16 pread=5.632s
      DBG getmany L35 nw=16 wall=0.595s thr(out)1 thr(in)16 conc_peak=16 pread=6.413s
      DBG getmany L36 nw=16 wall=0.559s thr(out)1 thr(in)16 conc_peak=16 pread=6.979s
      DBG getmany L37 nw=16 wall=0.531s thr(out)1 thr(in)16 conc_peak=16 pread=5.766s
      DBG getmany L38 nw=16 wall=0.402s thr(out)1 thr(in)16 conc_peak=16 pread=5.294s
      DBG getmany L39 nw=16 wall=0.563s thr(out)1 thr(in)16 conc_peak=16 pread=8.117s
      DBG getmany L40 nw=16 wall=0.534s thr(out)1 thr(in)16 conc_peak=16 pread=5.434s
      DBG getmany L41 nw=16 wall=0.518s thr(out)1 thr(in)16 conc_peak=16 pread=6.546s
      DBG getmany L42 nw=16 wall=0.405s thr(out)1 thr(in)16 conc_peak=16 pread=5.341s
      DBG getmany L43 nw=16 wall=0.574s thr(out)1 thr(in)16 conc_peak=16 pread=7.820s
      DBG getmany L44 nw=16 wall=0.564s thr(out)1 thr(in)16 conc_peak=16 pread=6.219s
      DBG getmany L45 nw=16 wall=0.545s thr(out)1 thr(in)16 conc_peak=16 pread=6.656s
      DBG getmany L46 nw=16 wall=0.429s thr(out)1 thr(in)16 conc_peak=16 pread=5.433s
      DBG getmany L47 nw=16 wall=0.578s thr(out)1 thr(in)16 conc_peak=16 pread=8.101s
      DBG getmany L48 nw=16 wall=0.588s thr(out)1 thr(in)16 conc_peak=16 pread=5.643s
      DBG getmany L49 nw=16 wall=0.601s thr(out)1 thr(in)16 conc_peak=16 pread=8.415s
      DBG getmany L50 nw=16 wall=0.454s thr(out)1 thr(in)16 conc_peak=16 pread=5.752s
      DBG getmany L51 nw=16 wall=0.607s thr(out)1 thr(in)16 conc_peak=16 pread=6.750s
      DBG getmany L52 nw=16 wall=0.592s thr(out)1 thr(in)16 conc_peak=16 pread=6.823s
      DBG getmany L53 nw=16 wall=0.590s thr(out)1 thr(in)16 conc_peak=16 pread=5.780s
      DBG getmany L54 nw=16 wall=0.453s thr(out)1 thr(in)16 conc_peak=16 pread=4.713s
      DBG getmany L55 nw=16 wall=0.543s thr(out)1 thr(in)16 conc_peak=16 pread=4.789s
      DBG getmany L56 nw=16 wall=0.573s thr(out)1 thr(in)16 conc_peak=16 pread=7.692s
      DBG getmany L57 nw=16 wall=0.563s thr(out)1 thr(in)16 conc_peak=16 pread=7.556s
      DBG getmany L58 nw=16 wall=0.421s thr(out)1 thr(in)16 conc_peak=16 pread=6.092s
      DBG getmany L59 nw=16 wall=0.577s thr(out)1 thr(in)16 conc_peak=16 pread=7.635s
      DBG getmany L60 nw=16 wall=0.570s thr(out)1 thr(in)16 conc_peak=16 pread=8.246s
      DBG getmany L61 nw=16 wall=0.582s thr(out)1 thr(in)16 conc_peak=16 pread=8.755s
      DBG getmany L62 nw=16 wall=0.434s thr(out)1 thr(in)16 conc_peak=16 pread=6.092s
      DBG getmany L63 nw=16 wall=0.590s thr(out)1 thr(in)16 conc_peak=16 pread=8.276s
      DBG getmany L64 nw=16 wall=0.576s thr(out)1 thr(in)16 conc_peak=16 pread=7.618s
      DBG getmany L65 nw=16 wall=0.587s thr(out)1 thr(in)16 conc_peak=16 pread=8.812s
      DBG getmany L66 nw=16 wall=0.424s thr(out)1 thr(in)16 conc_peak=16 pread=6.185s
      DBG getmany L67 nw=16 wall=0.600s thr(out)1 thr(in)16 conc_peak=16 pread=8.162s
      DBG getmany L68 nw=16 wall=0.575s thr(out)1 thr(in)16 conc_peak=16 pread=8.471s
      DBG getmany L69 nw=16 wall=0.570s thr(out)1 thr(in)16 conc_peak=16 pread=8.544s
      DBG getmany L70 nw=16 wall=0.434s thr(out)1 thr(in)16 conc_peak=16 pread=5.884s
      DBG getmany L71 nw=16 wall=0.588s thr(out)1 thr(in)16 conc_peak=16 pread=8.105s
      DBG getmany L72 nw=16 wall=0.556s thr(out)1 thr(in)16 conc_peak=16 pread=6.230s
      DBG getmany L73 nw=16 wall=0.596s thr(out)1 thr(in)16 conc_peak=16 pread=8.711s
      DBG getmany L74 nw=16 wall=0.422s thr(out)1 thr(in)16 conc_peak=16 pread=5.776s
      DBG getmany L75 nw=16 wall=0.591s thr(out)1 thr(in)16 conc_peak=16 pread=7.329s
      DBG getmany L76 nw=16 wall=0.549s thr(out)1 thr(in)16 conc_peak=16 pread=7.482s
      DBG getmany L77 nw=16 wall=0.550s thr(out)1 thr(in)16 conc_peak=16 pread=6.609s
      DBG getmany L78 nw=16 wall=0.436s thr(out)1 thr(in)16 conc_peak=16 pread=5.605s
      DBG getmany L79 nw=16 wall=0.572s thr(out)1 thr(in)16 conc_peak=16 pread=5.970s
      DBG getmany L80 nw=16 wall=0.552s thr(out)1 thr(in)16 conc_peak=16 pread=7.684s
      DBG getmany L81 nw=16 wall=0.559s thr(out)1 thr(in)16 conc_peak=16 pread=8.131s
      DBG getmany L82 nw=16 wall=0.401s thr(out)1 thr(in)16 conc_peak=16 pread=5.631s
      DBG getmany L83 nw=16 wall=0.568s thr(out)1 thr(in)16 conc_peak=16 pread=7.847s
      DBG getmany L84 nw=16 wall=0.557s thr(out)1 thr(in)16 conc_peak=16 pread=8.387s
      DBG getmany L85 nw=16 wall=0.546s thr(out)1 thr(in)16 conc_peak=16 pread=8.198s
      DBG getmany L86 nw=16 wall=0.395s thr(out)1 thr(in)16 conc_peak=16 pread=5.440s
      DBG getmany L87 nw=16 wall=0.562s thr(out)1 thr(in)16 conc_peak=16 pread=8.377s
      DBG getmany L88 nw=16 wall=0.555s thr(out)1 thr(in)16 conc_peak=16 pread=7.598s
      DBG getmany L89 nw=16 wall=0.803s thr(out)1 thr(in)16 conc_peak=16 pread=10.965s
      DBG getmany L90 nw=16 wall=0.573s thr(out)1 thr(in)16 conc_peak=16 pread=8.185s
      DBG getmany L91 nw=16 wall=0.578s thr(out)1 thr(in)16 conc_peak=16 pread=7.958s
      DBG getmany L92 nw=16 wall=0.234s thr(out)1 thr(in)16 conc_peak=16 pread=2.201s
      async expert prefetch: lookahead depth 1 layer(s)
      peak RSS after loading weights: 4.78 GB  (the plan above is a forecast, this is measured)
      DBG getmany L1 nw=16 wall=0.253s thr(out)1 thr(in)16 conc_peak=16 pread=2.326s [reader]
      DBG getmany L1 nw=16 wall=0.476s thr(out)1 thr(in)16 conc_peak=16 pread=8.111s
      DBG getmany L2 nw=16 wall=0.473s thr(out)1 thr(in)16 conc_peak=16 pread=9.944s [reader]
      DBG getmany L3 nw=16 wall=0.367s thr(out)1 thr(in)16 conc_peak=16 pread=4.437s [reader]
      DBG getmany L2 nw=15 wall=0.401s thr(out)1 thr(in)16 conc_peak=15 pread=7.226s
      DBG getmany L4 nw=16 wall=0.278s thr(out)1 thr(in)16 conc_peak=16 pread=2.610s [reader]
      DBG getmany L3 nw=11 wall=0.356s thr(out)1 thr(in)16 conc_peak=11 pread=5.640s
      DBG getmany L5 nw=16 wall=0.294s thr(out)1 thr(in)16 conc_peak=16 pread=2.876s [reader]
      DBG getmany L4 nw=15 wall=0.382s thr(out)1 thr(in)16 conc_peak=15 pread=6.522s
      DBG getmany L6 nw=16 wall=0.296s thr(out)1 thr(in)16 conc_peak=16 pread=3.320s [reader]
      DBG getmany L5 nw=15 wall=0.397s thr(out)1 thr(in)16 conc_peak=15 pread=7.301s
      DBG getmany L7 nw=16 wall=0.360s thr(out)1 thr(in)16 conc_peak=16 pread=4.633s [reader]
      DBG getmany L6 nw=14 wall=0.399s thr(out)1 thr(in)16 conc_peak=14 pread=7.097s
      DBG getmany L8 nw=16 wall=0.385s thr(out)1 thr(in)16 conc_peak=16 pread=5.824s [reader]
      DBG getmany L7 nw=14 wall=0.408s thr(out)1 thr(in)16 conc_peak=14 pread=7.367s
      DBG getmany L9 nw=16 wall=0.333s thr(out)1 thr(in)16 conc_peak=16 pread=3.491s [reader]
      DBG getmany L8 nw=16 wall=0.429s thr(out)1 thr(in)16 conc_peak=16 pread=8.178s
      DBG getmany L10 nw=16 wall=0.364s thr(out)1 thr(in)16 conc_peak=16 pread=4.242s [reader]
      DBG getmany L9 nw=13 wall=0.380s thr(out)1 thr(in)16 conc_peak=13 pread=6.628s
      DBG getmany L11 nw=16 wall=0.364s thr(out)1 thr(in)16 conc_peak=16 pread=3.726s [reader]
      DBG getmany L10 nw=14 wall=0.395s thr(out)1 thr(in)16 conc_peak=14 pread=7.190s
      DBG getmany L12 nw=16 wall=0.410s thr(out)1 thr(in)16 conc_peak=16 pread=5.578s [reader]
      DBG getmany L11 nw=15 wall=0.423s thr(out)1 thr(in)16 conc_peak=15 pread=7.955s
      DBG getmany L13 nw=16 wall=0.430s thr(out)1 thr(in)16 conc_peak=16 pread=6.368s [reader]
      DBG getmany L12 nw=13 wall=0.387s thr(out)1 thr(in)16 conc_peak=13 pread=6.684s
      DBG getmany L14 nw=16 wall=0.434s thr(out)1 thr(in)16 conc_peak=16 pread=6.360s [reader]
      DBG getmany L13 nw=14 wall=0.413s thr(out)1 thr(in)16 conc_peak=14 pread=7.112s
      DBG getmany L15 nw=16 wall=0.354s thr(out)1 thr(in)16 conc_peak=16 pread=4.236s [reader]
      DBG getmany L14 nw=15 wall=0.427s thr(out)1 thr(in)16 conc_peak=15 pread=7.930s
      DBG getmany L16 nw=16 wall=0.324s thr(out)1 thr(in)16 conc_peak=16 pread=3.584s [reader]
      DBG getmany L15 nw=15 wall=0.438s thr(out)1 thr(in)16 conc_peak=15 pread=8.088s
      DBG getmany L17 nw=16 wall=0.267s thr(out)1 thr(in)16 conc_peak=16 pread=2.907s [reader]
      DBG getmany L16 nw=15 wall=0.410s thr(out)1 thr(in)16 conc_peak=15 pread=7.463s
      DBG getmany L18 nw=16 wall=0.312s thr(out)1 thr(in)16 conc_peak=16 pread=3.004s [reader]
      DBG getmany L17 nw=16 wall=0.409s thr(out)1 thr(in)16 conc_peak=16 pread=7.326s
      DBG getmany L19 nw=16 wall=0.369s thr(out)1 thr(in)16 conc_peak=16 pread=4.515s [reader]
      DBG getmany L18 nw=15 wall=0.434s thr(out)1 thr(in)16 conc_peak=15 pread=8.259s
      DBG getmany L20 nw=16 wall=0.410s thr(out)1 thr(in)16 conc_peak=16 pread=6.437s [reader]
      DBG getmany L19 nw=14 wall=0.424s thr(out)1 thr(in)16 conc_peak=14 pread=7.641s
      DBG getmany L21 nw=16 wall=0.263s thr(out)1 thr(in)16 conc_peak=16 pread=2.434s [reader]
      DBG getmany L20 nw=15 wall=0.412s thr(out)1 thr(in)16 conc_peak=15 pread=7.278s
      DBG getmany L22 nw=16 wall=0.361s thr(out)1 thr(in)16 conc_peak=16 pread=2.936s [reader]
      DBG getmany L21 nw=14 wall=0.989s thr(out)1 thr(in)16 conc_peak=14 pread=13.718s
      DBG getmany L23 nw=16 wall=0.816s thr(out)1 thr(in)16 conc_peak=16 pread=12.205s [reader]
      DBG getmany L22 nw=15 wall=0.827s thr(out)1 thr(in)16 conc_peak=15 pread=15.420s
      DBG getmany L24 nw=16 wall=0.581s thr(out)1 thr(in)16 conc_peak=16 pread=5.369s [reader]
      DBG getmany L23 nw=12 wall=0.907s thr(out)1 thr(in)16 conc_peak=12 pread=12.552s
      DBG getmany L25 nw=16 wall=0.997s thr(out)1 thr(in)16 conc_peak=16 pread=16.014s [reader]
      DBG getmany L24 nw=11 wall=0.995s thr(out)1 thr(in)16 conc_peak=11 pread=19.905s
      DBG getmany L26 nw=16 wall=0.530s thr(out)1 thr(in)16 conc_peak=16 pread=4.258s [reader]
      DBG getmany L25 nw=14 wall=0.976s thr(out)1 thr(in)16 conc_peak=14 pread=15.587s
      DBG getmany L26 nw=11 wall=0.701s thr(out)1 thr(in)16 conc_peak=11 pread=8.578s
      DBG getmany L27 nw=16 wall=0.790s thr(out)1 thr(in)16 conc_peak=16 pread=9.462s [reader]
      DBG getmany L28 nw=16 wall=0.742s thr(out)1 thr(in)16 conc_peak=16 pread=8.958s [reader]
      DBG getmany L27 nw=13 wall=0.939s thr(out)1 thr(in)16 conc_peak=13 pread=15.621s
      DBG getmany L29 nw=16 wall=0.802s thr(out)1 thr(in)16 conc_peak=16 pread=7.899s [reader]
      DBG getmany L28 nw=15 wall=0.945s thr(out)1 thr(in)16 conc_peak=15 pread=15.743s
      DBG getmany L30 nw=16 wall=0.618s thr(out)1 thr(in)16 conc_peak=16 pread=5.188s [reader]
      DBG getmany L29 nw=14 wall=0.994s thr(out)1 thr(in)16 conc_peak=14 pread=15.942s
      DBG getmany L31 nw=16 wall=0.728s thr(out)1 thr(in)16 conc_peak=16 pread=10.884s [reader]
      DBG getmany L30 nw=14 wall=0.795s thr(out)1 thr(in)16 conc_peak=14 pread=15.293s
      DBG getmany L32 nw=16 wall=0.577s thr(out)1 thr(in)16 conc_peak=16 pread=5.756s [reader]
      DBG getmany L31 nw=16 wall=1.032s thr(out)1 thr(in)16 conc_peak=16 pread=15.337s
      DBG getmany L33 nw=16 wall=0.789s thr(out)1 thr(in)16 conc_peak=16 pread=6.285s [reader]
      DBG getmany L32 nw=14 wall=0.989s thr(out)1 thr(in)16 conc_peak=14 pread=16.847s
      DBG getmany L34 nw=16 wall=0.716s thr(out)1 thr(in)16 conc_peak=16 pread=5.755s [reader]
      DBG getmany L33 nw=14 wall=1.016s thr(out)1 thr(in)16 conc_peak=14 pread=16.194s
      DBG getmany L35 nw=16 wall=0.612s thr(out)1 thr(in)16 conc_peak=16 pread=6.305s [reader]
      DBG getmany L34 nw=16 wall=0.828s thr(out)1 thr(in)16 conc_peak=16 pread=17.913s
      DBG getmany L36 nw=16 wall=0.567s thr(out)1 thr(in)16 conc_peak=16 pread=5.430s [reader]
      DBG getmany L35 nw=16 wall=1.043s thr(out)1 thr(in)16 conc_peak=16 pread=14.288s
      DBG getmany L37 nw=16 wall=0.662s thr(out)1 thr(in)16 conc_peak=16 pread=4.629s [reader]
      DBG getmany L36 nw=11 wall=0.955s thr(out)1 thr(in)16 conc_peak=11 pread=11.694s
      DBG getmany L38 nw=16 wall=0.919s thr(out)1 thr(in)16 conc_peak=16 pread=10.777s [reader]
      DBG getmany L37 nw=13 wall=0.907s thr(out)1 thr(in)16 conc_peak=13 pread=11.623s
      DBG getmany L39 nw=16 wall=0.523s thr(out)1 thr(in)16 conc_peak=16 pread=4.903s [reader]
      DBG getmany L38 nw=14 wall=0.760s thr(out)1 thr(in)16 conc_peak=14 pread=10.235s
      DBG getmany L40 nw=16 wall=0.894s thr(out)1 thr(in)16 conc_peak=16 pread=13.583s [reader]
      DBG getmany L39 nw=15 wall=0.991s thr(out)1 thr(in)16 conc_peak=15 pread=17.351s
      DBG getmany L41 nw=16 wall=0.718s thr(out)1 thr(in)16 conc_peak=16 pread=8.604s [reader]
      DBG getmany L40 nw=13 wall=0.976s thr(out)1 thr(in)16 conc_peak=13 pread=13.609s
      DBG getmany L42 nw=16 wall=0.460s thr(out)1 thr(in)16 conc_peak=16 pread=3.358s [reader]
      DBG getmany L41 nw=13 wall=0.965s thr(out)1 thr(in)16 conc_peak=13 pread=12.181s
      DBG getmany L43 nw=16 wall=0.511s thr(out)1 thr(in)16 conc_peak=16 pread=4.580s [reader]
      DBG getmany L42 nw=8 wall=0.717s thr(out)1 thr(in)16 conc_peak=8 pread=8.912s
      DBG getmany L44 nw=16 wall=0.502s thr(out)1 thr(in)16 conc_peak=16 pread=5.064s [reader]
      DBG getmany L43 nw=13 wall=1.024s thr(out)1 thr(in)16 conc_peak=13 pread=12.438s
      DBG getmany L45 nw=16 wall=0.717s thr(out)1 thr(in)16 conc_peak=16 pread=7.123s [reader]
      DBG getmany L44 nw=13 wall=1.002s thr(out)1 thr(in)16 conc_peak=13 pread=15.692s
      DBG getmany L46 nw=16 wall=0.606s thr(out)1 thr(in)16 conc_peak=16 pread=4.831s [reader]
      DBG getmany L45 nw=10 wall=0.982s thr(out)1 thr(in)16 conc_peak=10 pread=11.296s
      DBG getmany L47 nw=16 wall=0.759s thr(out)1 thr(in)16 conc_peak=16 pread=9.416s [reader]
      DBG getmany L46 nw=8 wall=0.731s thr(out)1 thr(in)16 conc_peak=8 pread=10.760s
      DBG getmany L48 nw=16 wall=0.873s thr(out)1 thr(in)16 conc_peak=16 pread=11.552s [reader]
      DBG getmany L47 nw=11 wall=0.949s thr(out)1 thr(in)16 conc_peak=11 pread=15.157s
      DBG getmany L49 nw=16 wall=0.942s thr(out)1 thr(in)16 conc_peak=16 pread=17.546s [reader]
      DBG getmany L48 nw=13 wall=0.952s thr(out)1 thr(in)16 conc_peak=13 pread=22.136s
      DBG getmany L50 nw=16 wall=0.981s thr(out)1 thr(in)16 conc_peak=16 pread=16.099s [reader]
      DBG getmany L49 nw=9 wall=0.956s thr(out)1 thr(in)16 conc_peak=9 pread=17.995s
      DBG getmany L51 nw=16 wall=0.714s thr(out)1 thr(in)16 conc_peak=16 pread=8.417s [reader]
      DBG getmany L50 nw=12 wall=0.776s thr(out)1 thr(in)16 conc_peak=12 pread=12.004s
      DBG getmany L52 nw=16 wall=0.756s thr(out)1 thr(in)16 conc_peak=16 pread=8.355s [reader]
      DBG getmany L51 nw=12 wall=0.970s thr(out)1 thr(in)16 conc_peak=12 pread=12.064s
      DBG getmany L53 nw=16 wall=0.980s thr(out)1 thr(in)16 conc_peak=16 pread=20.117s [reader]
      DBG getmany L52 nw=15 wall=0.973s thr(out)1 thr(in)16 conc_peak=15 pread=22.044s
      DBG getmany L54 nw=16 wall=0.730s thr(out)1 thr(in)16 conc_peak=16 pread=8.011s [reader]
      DBG getmany L53 nw=10 wall=0.966s thr(out)1 thr(in)16 conc_peak=10 pread=11.475s
      DBG getmany L55 nw=16 wall=0.763s thr(out)1 thr(in)16 conc_peak=16 pread=13.212s [reader]
      DBG getmany L54 nw=12 wall=0.779s thr(out)1 thr(in)16 conc_peak=12 pread=15.501s
      DBG getmany L56 nw=16 wall=0.989s thr(out)1 thr(in)16 conc_peak=16 pread=17.938s [reader]
      DBG getmany L55 nw=14 wall=1.016s thr(out)1 thr(in)16 conc_peak=14 pread=20.939s
      DBG getmany L57 nw=16 wall=0.953s thr(out)1 thr(in)16 conc_peak=16 pread=14.047s [reader]
      DBG getmany L56 nw=16 wall=1.030s thr(out)1 thr(in)16 conc_peak=16 pread=19.746s
      DBG getmany L58 nw=16 wall=0.814s thr(out)1 thr(in)16 conc_peak=16 pread=10.294s [reader]
      DBG getmany L57 nw=16 wall=0.938s thr(out)1 thr(in)16 conc_peak=16 pread=18.001s
      DBG getmany L59 nw=16 wall=0.807s thr(out)1 thr(in)16 conc_peak=16 pread=14.258s [reader]
      DBG getmany L58 nw=14 wall=0.799s thr(out)1 thr(in)16 conc_peak=14 pread=17.368s
      DBG getmany L60 nw=16 wall=0.970s thr(out)1 thr(in)16 conc_peak=16 pread=16.898s [reader]
      DBG getmany L59 nw=15 wall=1.020s thr(out)1 thr(in)16 conc_peak=15 pread=19.915s
      DBG getmany L61 nw=16 wall=0.684s thr(out)1 thr(in)16 conc_peak=16 pread=5.933s [reader]
      DBG getmany L60 nw=16 wall=1.044s thr(out)1 thr(in)16 conc_peak=16 pread=17.320s
      DBG getmany L62 nw=16 wall=11.685s thr(out)1 thr(in)16 conc_peak=16 pread=216.715s [reader]
      DBG getmany L61 nw=16 wall=11.997s thr(out)1 thr(in)16 conc_peak=16 pread=310.755s
      DBG getmany L63 nw=16 wall=0.576s thr(out)1 thr(in)16 conc_peak=16 pread=5.460s [reader]
      DBG getmany L62 nw=15 wall=0.800s thr(out)1 thr(in)16 conc_peak=15 pread=14.332s
      DBG getmany L64 nw=16 wall=0.564s thr(out)1 thr(in)16 conc_peak=16 pread=6.173s [reader]
      DBG getmany L63 nw=15 wall=1.011s thr(out)1 thr(in)16 conc_peak=15 pread=17.100s
      DBG getmany L65 nw=16 wall=0.799s thr(out)1 thr(in)16 conc_peak=16 pread=5.518s [reader]
      DBG getmany L64 nw=16 wall=1.021s thr(out)1 thr(in)16 conc_peak=16 pread=17.898s
      DBG getmany L66 nw=16 wall=0.661s thr(out)1 thr(in)16 conc_peak=16 pread=6.158s [reader]
      DBG getmany L65 nw=15 wall=0.993s thr(out)1 thr(in)16 conc_peak=15 pread=16.121s
      DBG getmany L67 nw=16 wall=0.657s thr(out)1 thr(in)16 conc_peak=16 pread=8.457s [reader]
      DBG getmany L66 nw=15 wall=0.819s thr(out)1 thr(in)16 conc_peak=15 pread=16.492s
      DBG getmany L68 nw=16 wall=0.764s thr(out)1 thr(in)16 conc_peak=16 pread=7.076s [reader]
      DBG getmany L67 nw=16 wall=1.036s thr(out)1 thr(in)16 conc_peak=16 pread=19.645s
      DBG getmany L69 nw=16 wall=0.962s thr(out)1 thr(in)16 conc_peak=16 pread=11.010s [reader]
      DBG getmany L68 nw=14 wall=0.959s thr(out)1 thr(in)16 conc_peak=14 pread=15.614s
      DBG getmany L70 nw=16 wall=0.643s thr(out)1 thr(in)16 conc_peak=16 pread=6.393s [reader]
      DBG getmany L69 nw=16 wall=1.035s thr(out)1 thr(in)16 conc_peak=16 pread=17.121s
      DBG getmany L71 nw=16 wall=0.690s thr(out)1 thr(in)16 conc_peak=16 pread=9.120s [reader]
      DBG getmany L70 nw=16 wall=0.812s thr(out)1 thr(in)16 conc_peak=16 pread=18.891s
      DBG getmany L72 nw=16 wall=0.484s thr(out)1 thr(in)16 conc_peak=16 pread=4.697s [reader]
      DBG getmany L71 nw=16 wall=1.101s thr(out)1 thr(in)16 conc_peak=16 pread=16.475s
      DBG getmany L73 nw=16 wall=0.821s thr(out)1 thr(in)16 conc_peak=16 pread=8.626s [reader]
      DBG getmany L72 nw=16 wall=1.051s thr(out)1 thr(in)16 conc_peak=16 pread=20.588s
      DBG getmany L74 nw=16 wall=1.036s thr(out)1 thr(in)16 conc_peak=16 pread=14.529s [reader]
      DBG getmany L73 nw=15 wall=1.025s thr(out)1 thr(in)16 conc_peak=15 pread=18.524s
      DBG getmany L75 nw=16 wall=0.816s thr(out)1 thr(in)16 conc_peak=16 pread=12.089s [reader]
      DBG getmany L74 nw=13 wall=0.788s thr(out)1 thr(in)16 conc_peak=13 pread=13.647s
      DBG getmany L76 nw=16 wall=0.675s thr(out)1 thr(in)16 conc_peak=16 pread=5.832s [reader]
      DBG getmany L75 nw=11 wall=0.950s thr(out)1 thr(in)16 conc_peak=11 pread=11.764s
      DBG getmany L77 nw=16 wall=0.967s thr(out)1 thr(in)16 conc_peak=16 pread=14.684s [reader]
      DBG getmany L76 nw=14 wall=0.960s thr(out)1 thr(in)16 conc_peak=14 pread=19.382s
      DBG getmany L78 nw=16 wall=0.713s thr(out)1 thr(in)16 conc_peak=16 pread=7.130s [reader]
      DBG getmany L77 nw=16 wall=1.038s thr(out)1 thr(in)16 conc_peak=16 pread=17.931s
      DBG getmany L79 nw=16 wall=0.514s thr(out)1 thr(in)16 conc_peak=16 pread=5.641s [reader]
      DBG getmany L78 nw=15 wall=0.817s thr(out)1 thr(in)16 conc_peak=15 pread=12.839s
      DBG getmany L80 nw=16 wall=0.611s thr(out)1 thr(in)16 conc_peak=16 pread=7.787s [reader]
      DBG getmany L79 nw=15 wall=0.979s thr(out)1 thr(in)16 conc_peak=15 pread=13.221s
      DBG getmany L81 nw=16 wall=0.771s thr(out)1 thr(in)16 conc_peak=16 pread=10.324s [reader]
      DBG getmany L80 nw=14 wall=0.959s thr(out)1 thr(in)16 conc_peak=14 pread=14.790s
      DBG getmany L82 nw=16 wall=0.635s thr(out)1 thr(in)16 conc_peak=16 pread=5.730s [reader]
      DBG getmany L81 nw=14 wall=0.994s thr(out)1 thr(in)16 conc_peak=14 pread=15.213s
      DBG getmany L83 nw=16 wall=0.481s thr(out)1 thr(in)16 conc_peak=16 pread=5.761s [reader]
      DBG getmany L82 nw=14 wall=0.778s thr(out)1 thr(in)16 conc_peak=14 pread=11.154s
      DBG getmany L84 nw=16 wall=0.402s thr(out)1 thr(in)16 conc_peak=16 pread=3.626s [reader]
      DBG getmany L83 nw=5 wall=0.752s thr(out)1 thr(in)16 conc_peak=5 pread=5.196s
      DBG getmany L85 nw=16 wall=0.881s thr(out)1 thr(in)16 conc_peak=16 pread=13.575s [reader]
      DBG getmany L84 nw=11 wall=0.942s thr(out)1 thr(in)16 conc_peak=11 pread=14.518s
      DBG getmany L86 nw=16 wall=0.594s thr(out)1 thr(in)16 conc_peak=16 pread=4.450s [reader]
      DBG getmany L85 nw=11 wall=0.871s thr(out)1 thr(in)16 conc_peak=11 pread=12.174s
      DBG getmany L87 nw=16 wall=0.850s thr(out)1 thr(in)16 conc_peak=16 pread=12.631s [reader]
      DBG getmany L86 nw=11 wall=0.886s thr(out)1 thr(in)16 conc_peak=11 pread=18.577s
      DBG getmany L88 nw=16 wall=0.761s thr(out)1 thr(in)16 conc_peak=16 pread=8.606s [reader]
      DBG getmany L87 nw=10 wall=0.926s thr(out)1 thr(in)16 conc_peak=10 pread=12.906s
      DBG getmany L89 nw=16 wall=0.775s thr(out)1 thr(in)16 conc_peak=16 pread=10.874s [reader]
      DBG getmany L88 nw=8 wall=0.894s thr(out)1 thr(in)16 conc_peak=8 pread=14.292s
      DBG getmany L90 nw=16 wall=0.893s thr(out)1 thr(in)16 conc_peak=16 pread=9.449s [reader]
      DBG getmany L89 nw=8 wall=0.907s thr(out)1 thr(in)16 conc_peak=8 pread=11.954s
      DBG getmany L91 nw=16 wall=0.469s thr(out)1 thr(in)16 conc_peak=16 pread=4.868s [reader]
      DBG getmany L90 nw=9 wall=0.720s thr(out)1 thr(in)16 conc_peak=9 pread=9.159s
      DBG getmany L92 nw=16 wall=0.694s thr(out)1 thr(in)16 conc_peak=16 pread=8.603s [reader]
      DBG getmany L91 nw=11 wall=0.741s thr(out)1 thr(in)16 conc_peak=11 pread=11.417s
      DBG getmany L92 nw=9 wall=0.146s thr(out)1 thr(in)16 conc_peak=9 pread=0.784s
      DBG getmany L1 nw=16 wall=0.251s thr(out)1 thr(in)16 conc_peak=16 pread=2.334s [reader]
      DBG getmany L1 nw=16 wall=0.400s thr(out)1 thr(in)16 conc_peak=16 pread=6.468s
      DBG getmany L2 nw=15 wall=0.462s thr(out)1 thr(in)16 conc_peak=15 pread=9.166s [reader]
      DBG getmany L3 nw=11 wall=0.290s thr(out)1 thr(in)16 conc_peak=11 pread=2.601s [reader]
      DBG getmany L2 nw=11 wall=0.311s thr(out)1 thr(in)16 conc_peak=11 pread=4.050s
      DBG getmany L4 nw=15 wall=0.341s thr(out)1 thr(in)16 conc_peak=15 pread=4.282s [reader]
      DBG getmany L3 nw=11 wall=0.355s thr(out)1 thr(in)16 conc_peak=11 pread=5.280s
      DBG getmany L5 nw=15 wall=0.341s thr(out)1 thr(in)16 conc_peak=15 pread=3.925s [reader]
      DBG getmany L4 nw=12 wall=0.351s thr(out)1 thr(in)16 conc_peak=12 pread=6.097s
      DBG getmany L6 nw=14 wall=0.314s thr(out)1 thr(in)16 conc_peak=14 pread=3.153s [reader]
      DBG getmany L5 nw=10 wall=0.312s thr(out)1 thr(in)16 conc_peak=10 pread=4.766s
      DBG getmany L7 nw=14 wall=0.354s thr(out)1 thr(in)16 conc_peak=14 pread=3.740s [reader]
      DBG getmany L6 nw=14 wall=0.369s thr(out)1 thr(in)16 conc_peak=14 pread=5.970s
      DBG getmany L8 nw=16 wall=0.284s thr(out)1 thr(in)16 conc_peak=16 pread=3.087s [reader]
      DBG getmany L7 nw=12 wall=0.368s thr(out)1 thr(in)16 conc_peak=12 pread=5.970s
      DBG getmany L9 nw=13 wall=0.288s thr(out)1 thr(in)16 conc_peak=13 pread=2.360s [reader]
      DBG getmany L8 nw=12 wall=0.301s thr(out)1 thr(in)16 conc_peak=12 pread=4.430s
      DBG getmany L10 nw=14 wall=0.278s thr(out)1 thr(in)16 conc_peak=14 pread=2.783s [reader]
      DBG getmany L9 nw=11 wall=0.331s thr(out)1 thr(in)16 conc_peak=11 pread=5.017s
      DBG getmany L11 nw=15 wall=0.253s thr(out)1 thr(in)16 conc_peak=15 pread=2.143s [reader]
      DBG getmany L10 nw=8 wall=0.286s thr(out)1 thr(in)16 conc_peak=8 pread=3.850s
      DBG getmany L12 nw=13 wall=0.278s thr(out)1 thr(in)16 conc_peak=13 pread=1.963s [reader]
      DBG getmany L11 nw=11 wall=0.324s thr(out)1 thr(in)16 conc_peak=11 pread=4.841s
      DBG getmany L13 nw=14 wall=0.309s thr(out)1 thr(in)16 conc_peak=14 pread=2.646s [reader]
      DBG getmany L12 nw=12 wall=0.334s thr(out)1 thr(in)16 conc_peak=12 pread=5.230s
      DBG getmany L14 nw=15 wall=0.295s thr(out)1 thr(in)16 conc_peak=15 pread=2.758s [reader]
      DBG getmany L13 nw=11 wall=0.334s thr(out)1 thr(in)16 conc_peak=11 pread=5.341s
      DBG getmany L15 nw=15 wall=0.345s thr(out)1 thr(in)16 conc_peak=15 pread=4.325s [reader]
      DBG getmany L14 nw=9 wall=0.316s thr(out)1 thr(in)16 conc_peak=9 pread=4.863s
      DBG getmany L16 nw=15 wall=0.326s thr(out)1 thr(in)16 conc_peak=15 pread=3.521s [reader]
      DBG getmany L15 nw=11 wall=0.356s thr(out)1 thr(in)16 conc_peak=11 pread=5.506s
      DBG getmany L17 nw=16 wall=0.318s thr(out)1 thr(in)16 conc_peak=16 pread=3.494s [reader]
      DBG getmany L16 nw=11 wall=0.348s thr(out)1 thr(in)16 conc_peak=11 pread=5.938s
      DBG getmany L18 nw=15 wall=0.285s thr(out)1 thr(in)16 conc_peak=15 pread=2.601s [reader]
      DBG getmany L17 nw=12 wall=0.355s thr(out)1 thr(in)16 conc_peak=12 pread=5.551s
      DBG getmany L19 nw=14 wall=0.261s thr(out)1 thr(in)16 conc_peak=14 pread=2.116s [reader]
      DBG getmany L18 nw=12 wall=0.323s thr(out)1 thr(in)16 conc_peak=12 pread=4.919s
      DBG getmany L20 nw=15 wall=0.350s thr(out)1 thr(in)16 conc_peak=15 pread=4.557s [reader]
      DBG getmany L19 nw=11 wall=0.362s thr(out)1 thr(in)16 conc_peak=11 pread=5.899s
      DBG getmany L21 nw=14 wall=0.323s thr(out)1 thr(in)16 conc_peak=14 pread=3.938s [reader]
      DBG getmany L20 nw=11 wall=0.308s thr(out)1 thr(in)16 conc_peak=11 pread=4.736s
      DBG getmany L22 nw=15 wall=0.433s thr(out)1 thr(in)16 conc_peak=15 pread=2.872s [reader]
      DBG getmany L21 nw=13 wall=0.940s thr(out)1 thr(in)16 conc_peak=13 pread=12.242s
      DBG getmany L23 nw=12 wall=0.454s thr(out)1 thr(in)16 conc_peak=12 pread=5.166s [reader]
      DBG getmany L22 nw=14 wall=0.745s thr(out)1 thr(in)16 conc_peak=14 pread=10.098s
      DBG getmany L24 nw=11 wall=0.429s thr(out)1 thr(in)16 conc_peak=11 pread=1.979s [reader]
      DBG getmany L23 nw=12 wall=0.776s thr(out)1 thr(in)16 conc_peak=12 pread=9.201s
      DBG getmany L25 nw=14 wall=0.570s thr(out)1 thr(in)16 conc_peak=14 pread=5.122s [reader]
      DBG getmany L24 nw=11 wall=0.962s thr(out)1 thr(in)16 conc_peak=11 pread=12.845s
      DBG getmany L26 nw=11 wall=0.303s thr(out)1 thr(in)16 conc_peak=11 pread=1.602s [reader]
      DBG getmany L25 nw=14 wall=0.905s thr(out)1 thr(in)16 conc_peak=14 pread=10.837s
      DBG getmany L27 nw=13 wall=0.676s thr(out)1 thr(in)16 conc_peak=13 pread=6.777s [reader]
      DBG getmany L26 nw=12 wall=0.700s thr(out)1 thr(in)16 conc_peak=12 pread=9.378s
      DBG getmany L28 nw=15 wall=0.845s thr(out)1 thr(in)16 conc_peak=15 pread=8.288s [reader]
      DBG getmany L27 nw=14 wall=0.939s thr(out)1 thr(in)16 conc_peak=14 pread=12.633s
      DBG getmany L28 nw=12 wall=0.803s thr(out)1 thr(in)16 conc_peak=12 pread=12.636s
      DBG getmany L29 nw=14 wall=0.872s thr(out)1 thr(in)16 conc_peak=14 pread=15.285s [reader]
      DBG getmany L30 nw=14 wall=0.899s thr(out)1 thr(in)16 conc_peak=14 pread=8.967s [reader]
      DBG getmany L29 nw=12 wall=0.932s thr(out)1 thr(in)16 conc_peak=12 pread=10.700s
      DBG getmany L31 nw=16 wall=0.774s thr(out)1 thr(in)16 conc_peak=16 pread=9.083s [reader]
      DBG getmany L30 nw=15 wall=0.794s thr(out)1 thr(in)16 conc_peak=15 pread=14.377s
      DBG getmany L32 nw=14 wall=0.337s thr(out)1 thr(in)16 conc_peak=14 pread=2.634s [reader]
      DBG getmany L31 nw=12 wall=0.734s thr(out)1 thr(in)16 conc_peak=12 pread=7.620s
      DBG getmany L33 nw=14 wall=0.617s thr(out)1 thr(in)16 conc_peak=14 pread=4.941s [reader]
      DBG getmany L32 nw=11 wall=0.891s thr(out)1 thr(in)16 conc_peak=11 pread=11.377s
      DBG getmany L34 nw=16 wall=0.992s thr(out)1 thr(in)16 conc_peak=16 pread=16.776s [reader]
      DBG getmany L33 nw=11 wall=0.976s thr(out)1 thr(in)16 conc_peak=11 pread=19.663s
      DBG getmany L35 nw=16 wall=0.722s thr(out)1 thr(in)16 conc_peak=16 pread=10.013s [reader]
      DBG getmany L34 nw=13 wall=0.784s thr(out)1 thr(in)16 conc_peak=13 pread=13.706s
      DBG getmany L36 nw=11 wall=0.476s thr(out)1 thr(in)16 conc_peak=11 pread=2.970s [reader]
      DBG getmany L35 nw=13 wall=0.921s thr(out)1 thr(in)16 conc_peak=13 pread=8.616s
      DBG getmany L37 nw=13 wall=0.876s thr(out)1 thr(in)16 conc_peak=13 pread=13.040s [reader]
      DBG getmany L36 nw=11 wall=0.900s thr(out)1 thr(in)16 conc_peak=11 pread=17.386s
      DBG getmany L38 nw=14 wall=0.937s thr(out)1 thr(in)16 conc_peak=14 pread=11.836s [reader]
      DBG getmany L37 nw=13 wall=0.933s thr(out)1 thr(in)16 conc_peak=13 pread=15.482s
      DBG getmany L38 nw=13 wall=0.705s thr(out)1 thr(in)16 conc_peak=13 pread=10.505s
      DBG getmany L39 nw=15 wall=0.786s thr(out)1 thr(in)16 conc_peak=15 pread=12.828s [reader]
      DBG getmany L40 nw=13 wall=0.531s thr(out)1 thr(in)16 conc_peak=13 pread=5.779s [reader]
      DBG getmany L39 nw=14 wall=0.929s thr(out)1 thr(in)16 conc_peak=14 pread=11.391s
      DBG getmany L41 nw=13 wall=0.338s thr(out)1 thr(in)16 conc_peak=13 pread=1.940s [reader]
      DBG getmany L40 nw=14 wall=0.930s thr(out)1 thr(in)16 conc_peak=14 pread=12.274s
      DBG getmany L42 nw=8 wall=0.440s thr(out)1 thr(in)16 conc_peak=8 pread=2.433s [reader]
      DBG getmany L41 nw=14 wall=0.840s thr(out)1 thr(in)16 conc_peak=14 pread=10.056s
      DBG getmany L43 nw=13 wall=0.713s thr(out)1 thr(in)16 conc_peak=13 pread=9.348s [reader]
      DBG getmany L42 nw=14 wall=0.735s thr(out)1 thr(in)16 conc_peak=14 pread=15.000s
      DBG getmany L44 nw=13 wall=0.333s thr(out)1 thr(in)16 conc_peak=13 pread=2.429s [reader]
      DBG getmany L43 nw=15 wall=0.992s thr(out)1 thr(in)16 conc_peak=15 pread=11.703s
      DBG getmany L45 nw=10 wall=0.913s thr(out)1 thr(in)16 conc_peak=10 pread=11.409s [reader]
      DBG getmany L44 nw=14 wall=0.906s thr(out)1 thr(in)16 conc_peak=14 pread=15.824s
      DBG getmany L46 nw=8 wall=0.600s thr(out)1 thr(in)16 conc_peak=8 pread=2.667s [reader]
      DBG getmany L45 nw=15 wall=0.925s thr(out)1 thr(in)16 conc_peak=15 pread=13.824s
      DBG getmany L47 nw=11 wall=0.710s thr(out)1 thr(in)16 conc_peak=11 pread=7.445s [reader]
      DBG getmany L46 nw=13 wall=0.738s thr(out)1 thr(in)16 conc_peak=13 pread=10.883s
      DBG getmany L48 nw=13 wall=0.402s thr(out)1 thr(in)16 conc_peak=13 pread=2.743s [reader]
      DBG getmany L47 nw=15 wall=0.962s thr(out)1 thr(in)16 conc_peak=15 pread=11.703s
      DBG getmany L49 nw=9 wall=0.436s thr(out)1 thr(in)16 conc_peak=9 pread=1.888s [reader]
      DBG getmany L48 nw=14 wall=0.871s thr(out)1 thr(in)16 conc_peak=14 pread=10.660s
      DBG getmany L50 nw=12 wall=0.507s thr(out)1 thr(in)16 conc_peak=12 pread=4.561s [reader]
      DBG getmany L49 nw=15 wall=0.981s thr(out)1 thr(in)16 conc_peak=15 pread=13.567s
      DBG getmany L50 nw=15 wall=0.709s thr(out)1 thr(in)16 conc_peak=15 pread=11.916s
      DBG getmany L51 nw=12 wall=0.805s thr(out)1 thr(in)16 conc_peak=12 pread=14.365s [reader]
      DBG getmany L52 nw=15 wall=0.579s thr(out)1 thr(in)16 conc_peak=15 pread=5.398s [reader]
      DBG getmany L51 nw=13 wall=0.937s thr(out)1 thr(in)16 conc_peak=13 pread=15.465s
      DBG getmany L53 nw=10 wall=0.441s thr(out)1 thr(in)16 conc_peak=10 pread=2.705s [reader]
      DBG getmany L52 nw=12 wall=0.576s thr(out)1 thr(in)16 conc_peak=12 pread=6.864s
      DBG getmany L54 nw=12 wall=0.695s thr(out)1 thr(in)16 conc_peak=12 pread=6.970s [reader]
      DBG getmany L53 nw=14 wall=0.913s thr(out)1 thr(in)16 conc_peak=14 pread=15.160s
      DBG getmany L55 nw=14 wall=0.754s thr(out)1 thr(in)16 conc_peak=14 pread=8.246s [reader]
      DBG getmany L54 nw=14 wall=0.737s thr(out)1 thr(in)16 conc_peak=14 pread=11.117s
      DBG getmany L56 nw=16 wall=0.774s thr(out)1 thr(in)16 conc_peak=16 pread=11.507s [reader]
      DBG getmany L55 nw=13 wall=0.960s thr(out)1 thr(in)16 conc_peak=13 pread=16.026s
      DBG getmany L57 nw=16 wall=0.959s thr(out)1 thr(in)16 conc_peak=16 pread=11.455s [reader]
      DBG getmany L56 nw=9 wall=0.894s thr(out)1 thr(in)16 conc_peak=9 pread=12.349s
      DBG getmany L58 nw=14 wall=0.685s thr(out)1 thr(in)16 conc_peak=14 pread=4.917s [reader]
      DBG getmany L57 nw=14 wall=0.910s thr(out)1 thr(in)16 conc_peak=14 pread=13.288s
      DBG getmany L59 nw=15 wall=0.699s thr(out)1 thr(in)16 conc_peak=15 pread=9.332s [reader]
      DBG getmany L58 nw=11 wall=0.708s thr(out)1 thr(in)16 conc_peak=11 pread=9.970s
      DBG getmany L60 nw=16 wall=0.637s thr(out)1 thr(in)16 conc_peak=16 pread=5.683s [reader]
      DBG getmany L59 nw=10 wall=0.933s thr(out)1 thr(in)16 conc_peak=10 pread=9.654s
      DBG getmany L61 nw=16 wall=0.980s thr(out)1 thr(in)16 conc_peak=16 pread=16.893s [reader]
      DBG getmany L60 nw=13 wall=0.969s thr(out)1 thr(in)16 conc_peak=13 pread=18.754s
      DBG getmany L62 nw=15 wall=0.883s thr(out)1 thr(in)16 conc_peak=15 pread=9.842s [reader]
      DBG getmany L61 nw=15 wall=0.942s thr(out)1 thr(in)16 conc_peak=15 pread=14.245s
      DBG getmany L63 nw=15 wall=0.539s thr(out)1 thr(in)16 conc_peak=15 pread=4.479s [reader]
      DBG getmany L62 nw=11 wall=0.709s thr(out)1 thr(in)16 conc_peak=11 pread=9.426s
      DBG getmany L64 nw=16 wall=0.540s thr(out)1 thr(in)16 conc_peak=16 pread=4.574s [reader]
      DBG getmany L63 nw=12 wall=0.947s thr(out)1 thr(in)16 conc_peak=12 pread=12.636s
      DBG getmany L65 nw=15 wall=0.571s thr(out)1 thr(in)16 conc_peak=15 pread=5.238s [reader]
      DBG getmany L64 nw=13 wall=0.964s thr(out)1 thr(in)16 conc_peak=13 pread=10.775s
      DBG getmany L66 nw=15 wall=0.925s thr(out)1 thr(in)16 conc_peak=15 pread=8.850s [reader]
      DBG getmany L65 nw=10 wall=0.880s thr(out)1 thr(in)16 conc_peak=10 pread=9.640s
      DBG getmany L67 nw=16 wall=0.821s thr(out)1 thr(in)16 conc_peak=16 pread=15.151s [reader]
      DBG getmany L66 nw=13 wall=0.781s thr(out)1 thr(in)16 conc_peak=13 pread=16.697s
      DBG getmany L68 nw=14 wall=0.333s thr(out)1 thr(in)16 conc_peak=14 pread=2.905s [reader]
      DBG getmany L67 nw=13 wall=0.957s thr(out)1 thr(in)16 conc_peak=13 pread=8.350s
      DBG getmany L69 nw=16 wall=0.488s thr(out)1 thr(in)16 conc_peak=16 pread=3.497s [reader]
      DBG getmany L68 nw=11 wall=0.918s thr(out)1 thr(in)16 conc_peak=11 pread=9.863s
      DBG getmany L70 nw=16 wall=0.990s thr(out)1 thr(in)16 conc_peak=16 pread=18.088s [reader]
      DBG getmany L69 nw=11 wall=0.945s thr(out)1 thr(in)16 conc_peak=11 pread=19.010s
      DBG getmany L71 nw=16 wall=0.592s thr(out)1 thr(in)16 conc_peak=16 pread=7.994s [reader]
      DBG getmany L70 nw=11 wall=0.734s thr(out)1 thr(in)16 conc_peak=11 pread=12.018s
      DBG getmany L72 nw=16 wall=0.501s thr(out)1 thr(in)16 conc_peak=16 pread=3.533s [reader]
      DBG getmany L71 nw=10 wall=0.965s thr(out)1 thr(in)16 conc_peak=10 pread=9.777s
      DBG getmany L73 nw=15 wall=0.606s thr(out)1 thr(in)16 conc_peak=15 pread=5.541s [reader]
      DBG getmany L72 nw=15 wall=1.003s thr(out)1 thr(in)16 conc_peak=15 pread=15.710s
      DBG getmany L74 nw=13 wall=0.342s thr(out)1 thr(in)16 conc_peak=13 pread=2.456s [reader]
      DBG getmany L73 nw=16 wall=0.973s thr(out)1 thr(in)16 conc_peak=16 pread=12.794s
      DBG getmany L75 nw=11 wall=0.710s thr(out)1 thr(in)16 conc_peak=11 pread=8.202s [reader]
      DBG getmany L74 nw=16 wall=0.758s thr(out)1 thr(in)16 conc_peak=16 pread=12.553s
      DBG getmany L76 nw=14 wall=0.919s thr(out)1 thr(in)16 conc_peak=14 pread=14.630s [reader]
      DBG getmany L75 nw=16 wall=0.985s thr(out)1 thr(in)16 conc_peak=16 pread=18.280s
      DBG getmany L77 nw=16 wall=0.713s thr(out)1 thr(in)16 conc_peak=16 pread=9.407s [reader]
      DBG getmany L76 nw=16 wall=0.986s thr(out)1 thr(in)16 conc_peak=16 pread=15.998s
      DBG getmany L78 nw=15 wall=0.964s thr(out)1 thr(in)16 conc_peak=15 pread=12.462s [reader]
      DBG getmany L77 nw=13 wall=0.959s thr(out)1 thr(in)16 conc_peak=13 pread=16.196s
      DBG getmany L78 nw=15 wall=0.776s thr(out)1 thr(in)16 conc_peak=15 pread=10.981s
      DBG getmany L79 nw=15 wall=0.855s thr(out)1 thr(in)16 conc_peak=15 pread=11.897s [reader]
      DBG getmany L80 nw=14 wall=0.501s thr(out)1 thr(in)16 conc_peak=14 pread=3.802s [reader]
      DBG getmany L79 nw=14 wall=0.958s thr(out)1 thr(in)16 conc_peak=14 pread=12.777s
      DBG getmany L81 nw=14 wall=0.314s thr(out)1 thr(in)16 conc_peak=14 pread=2.126s [reader]
      DBG getmany L80 nw=16 wall=0.957s thr(out)1 thr(in)16 conc_peak=16 pread=14.130s
      DBG getmany L82 nw=14 wall=0.462s thr(out)1 thr(in)16 conc_peak=14 pread=2.536s [reader]
      DBG getmany L81 nw=13 wall=0.883s thr(out)1 thr(in)16 conc_peak=13 pread=11.086s
      DBG getmany L83 nw=5 wall=0.323s thr(out)1 thr(in)16 conc_peak=5 pread=1.171s [reader]
      DBG getmany L82 nw=14 wall=0.628s thr(out)1 thr(in)16 conc_peak=14 pread=7.590s
      DBG getmany L84 nw=11 wall=0.225s thr(out)1 thr(in)16 conc_peak=11 pread=1.338s [reader]
      DBG getmany L83 nw=12 wall=0.888s thr(out)1 thr(in)16 conc_peak=12 pread=8.248s
      DBG getmany L84 nw=10 wall=0.801s thr(out)1 thr(in)16 conc_peak=10 pread=10.865s
      DBG getmany L85 nw=11 wall=0.875s thr(out)1 thr(in)16 conc_peak=11 pread=14.324s [reader]
      DBG getmany L86 nw=11 wall=0.366s thr(out)1 thr(in)16 conc_peak=11 pread=2.260s [reader]
      DBG getmany L85 nw=9 wall=0.820s thr(out)1 thr(in)16 conc_peak=9 pread=8.219s
      DBG getmany L87 nw=10 wall=0.295s thr(out)1 thr(in)16 conc_peak=10 pread=2.170s [reader]
      DBG getmany L86 nw=12 wall=0.646s thr(out)1 thr(in)16 conc_peak=12 pread=7.409s
      DBG getmany L88 nw=8 wall=0.412s thr(out)1 thr(in)16 conc_peak=8 pread=1.782s [reader]
      DBG getmany L87 nw=11 wall=0.677s thr(out)1 thr(in)16 conc_peak=11 pread=6.528s
      DBG getmany L89 nw=8 wall=0.424s thr(out)1 thr(in)16 conc_peak=8 pread=2.507s [reader]
      DBG getmany L88 nw=12 wall=0.834s thr(out)1 thr(in)16 conc_peak=12 pread=10.888s
      DBG getmany L90 nw=9 wall=0.874s thr(out)1 thr(in)16 conc_peak=9 pread=8.632s [reader]
      DBG getmany L89 nw=12 wall=0.881s thr(out)1 thr(in)16 conc_peak=12 pread=12.023s
      DBG getmany L91 nw=11 wall=0.582s thr(out)1 thr(in)16 conc_peak=11 pread=3.455s [reader]
      DBG getmany L90 nw=12 wall=0.683s thr(out)1 thr(in)16 conc_peak=12 pread=9.668s
      DBG getmany L92 nw=9 wall=0.415s thr(out)1 thr(in)16 conc_peak=9 pread=2.075s [reader]
      DBG getmany L91 nw=12 wall=0.662s thr(out)1 thr(in)16 conc_peak=12 pread=8.391s
      DBG getmany L92 nw=12 wall=0.183s thr(out)1 thr(in)16 conc_peak=12 pread=1.244s
        of those hits : 2392 came from the batch prefetch, i.e. read from disk
                        this token; TRUE resident hit rate 0.00%
        read from disk: 41.97 GB in 118.66 s (354 MB/s while loading)
        prefetch      : issued 1235  LATE 0  survival 21.4% (315/1472 prev-token routed experts still resident)
        hit I/O   : 115.29 GB in 325.70 s (wall) = 354 MB/s [pread 3170.09 s, 36 MB/s per-thread]
           experts the prefetcher had just read from disk, so it is not a
[v50] pair 3 A (depth 0, baseline)  12:12:37
  [pf0_r3 depth=0]  3 tokens in 228.6 s, 76.21 s/token average
      DBG getmany L1 nw=16 wall=0.204s thr(out)1 thr(in)16 conc_peak=16 pread=2.223s
      DBG getmany L2 nw=16 wall=0.211s thr(out)1 thr(in)16 conc_peak=16 pread=2.266s
      DBG getmany L3 nw=16 wall=0.198s thr(out)1 thr(in)16 conc_peak=16 pread=2.054s
      DBG getmany L4 nw=16 wall=0.195s thr(out)1 thr(in)16 conc_peak=14 pread=2.116s
      DBG getmany L5 nw=16 wall=0.187s thr(out)1 thr(in)16 conc_peak=16 pread=1.953s
      DBG getmany L6 nw=16 wall=0.187s thr(out)1 thr(in)16 conc_peak=16 pread=1.887s
      DBG getmany L7 nw=16 wall=0.186s thr(out)1 thr(in)16 conc_peak=16 pread=1.952s
      DBG getmany L8 nw=16 wall=0.193s thr(out)1 thr(in)16 conc_peak=16 pread=2.025s
      DBG getmany L9 nw=16 wall=0.203s thr(out)1 thr(in)16 conc_peak=16 pread=2.188s
      DBG getmany L10 nw=16 wall=0.193s thr(out)1 thr(in)16 conc_peak=16 pread=1.983s
      DBG getmany L11 nw=16 wall=0.199s thr(out)1 thr(in)16 conc_peak=16 pread=1.992s
      DBG getmany L12 nw=16 wall=0.196s thr(out)1 thr(in)16 conc_peak=16 pread=2.079s
      DBG getmany L13 nw=16 wall=0.212s thr(out)1 thr(in)16 conc_peak=16 pread=2.159s
      DBG getmany L14 nw=16 wall=0.202s thr(out)1 thr(in)16 conc_peak=16 pread=2.093s
      DBG getmany L15 nw=16 wall=0.207s thr(out)1 thr(in)16 conc_peak=16 pread=2.175s
      DBG getmany L16 nw=16 wall=0.201s thr(out)1 thr(in)16 conc_peak=16 pread=2.193s
      DBG getmany L17 nw=16 wall=0.207s thr(out)1 thr(in)16 conc_peak=16 pread=2.274s
      DBG getmany L18 nw=16 wall=0.205s thr(out)1 thr(in)16 conc_peak=16 pread=2.207s
      DBG getmany L19 nw=16 wall=0.210s thr(out)1 thr(in)16 conc_peak=16 pread=2.196s
      DBG getmany L20 nw=16 wall=0.198s thr(out)1 thr(in)16 conc_peak=16 pread=2.089s
      DBG getmany L21 nw=16 wall=0.210s thr(out)1 thr(in)16 conc_peak=16 pread=2.179s
      DBG getmany L22 nw=16 wall=0.291s thr(out)1 thr(in)16 conc_peak=16 pread=2.514s
      DBG getmany L23 nw=16 wall=0.498s thr(out)1 thr(in)16 conc_peak=16 pread=5.631s
      DBG getmany L24 nw=16 wall=0.619s thr(out)1 thr(in)16 conc_peak=16 pread=7.580s
      DBG getmany L25 nw=16 wall=0.542s thr(out)1 thr(in)16 conc_peak=16 pread=6.463s
      DBG getmany L26 nw=16 wall=0.409s thr(out)1 thr(in)16 conc_peak=15 pread=5.691s
      DBG getmany L27 nw=16 wall=0.497s thr(out)1 thr(in)16 conc_peak=16 pread=6.654s
      DBG getmany L28 nw=16 wall=0.462s thr(out)1 thr(in)16 conc_peak=16 pread=5.664s
      DBG getmany L29 nw=16 wall=0.501s thr(out)1 thr(in)16 conc_peak=16 pread=6.251s
      DBG getmany L30 nw=16 wall=0.402s thr(out)1 thr(in)16 conc_peak=16 pread=5.520s
      DBG getmany L31 nw=16 wall=0.568s thr(out)1 thr(in)16 conc_peak=16 pread=6.775s
      DBG getmany L32 nw=16 wall=0.534s thr(out)1 thr(in)16 conc_peak=16 pread=7.927s
      DBG getmany L33 nw=16 wall=0.582s thr(out)1 thr(in)16 conc_peak=16 pread=7.247s
      DBG getmany L34 nw=16 wall=0.407s thr(out)1 thr(in)16 conc_peak=16 pread=5.160s
      DBG getmany L35 nw=16 wall=0.578s thr(out)1 thr(in)16 conc_peak=16 pread=7.922s
      DBG getmany L36 nw=16 wall=0.569s thr(out)1 thr(in)16 conc_peak=16 pread=6.152s
      DBG getmany L37 nw=16 wall=0.533s thr(out)1 thr(in)16 conc_peak=16 pread=7.114s
      DBG getmany L38 nw=16 wall=0.392s thr(out)1 thr(in)16 conc_peak=16 pread=4.959s
      DBG getmany L39 nw=16 wall=0.565s thr(out)1 thr(in)16 conc_peak=16 pread=7.570s
      DBG getmany L40 nw=16 wall=0.548s thr(out)1 thr(in)16 conc_peak=16 pread=6.834s
      DBG getmany L41 nw=16 wall=0.516s thr(out)1 thr(in)16 conc_peak=16 pread=5.385s
      DBG getmany L42 nw=16 wall=0.403s thr(out)1 thr(in)16 conc_peak=16 pread=5.361s
      DBG getmany L43 nw=16 wall=0.558s thr(out)1 thr(in)16 conc_peak=16 pread=6.513s
      DBG getmany L44 nw=16 wall=0.560s thr(out)1 thr(in)16 conc_peak=16 pread=6.558s
      DBG getmany L45 nw=16 wall=0.556s thr(out)1 thr(in)16 conc_peak=16 pread=6.440s
      DBG getmany L46 nw=16 wall=0.429s thr(out)1 thr(in)16 conc_peak=16 pread=5.816s
      DBG getmany L47 nw=16 wall=0.592s thr(out)1 thr(in)16 conc_peak=16 pread=7.596s
      DBG getmany L48 nw=16 wall=0.579s thr(out)1 thr(in)16 conc_peak=16 pread=6.820s
      DBG getmany L49 nw=16 wall=0.593s thr(out)1 thr(in)16 conc_peak=16 pread=6.850s
      DBG getmany L50 nw=16 wall=0.438s thr(out)1 thr(in)16 conc_peak=16 pread=5.407s
      DBG getmany L51 nw=16 wall=0.604s thr(out)1 thr(in)16 conc_peak=16 pread=6.956s
      DBG getmany L52 nw=16 wall=0.567s thr(out)1 thr(in)16 conc_peak=16 pread=6.598s
      DBG getmany L53 nw=16 wall=0.578s thr(out)1 thr(in)16 conc_peak=16 pread=8.201s
      DBG getmany L54 nw=16 wall=0.442s thr(out)1 thr(in)16 conc_peak=16 pread=5.916s
      DBG getmany L55 nw=16 wall=0.539s thr(out)1 thr(in)16 conc_peak=16 pread=7.804s
      DBG getmany L56 nw=16 wall=0.614s thr(out)1 thr(in)16 conc_peak=16 pread=9.036s
      DBG getmany L57 nw=16 wall=0.566s thr(out)1 thr(in)16 conc_peak=16 pread=7.616s
      DBG getmany L58 nw=16 wall=0.406s thr(out)1 thr(in)16 conc_peak=16 pread=5.796s
      DBG getmany L59 nw=16 wall=0.576s thr(out)1 thr(in)16 conc_peak=16 pread=8.386s
      DBG getmany L60 nw=16 wall=0.551s thr(out)1 thr(in)16 conc_peak=16 pread=7.394s
      DBG getmany L61 nw=16 wall=0.592s thr(out)1 thr(in)16 conc_peak=16 pread=8.767s
      DBG getmany L62 nw=16 wall=0.426s thr(out)1 thr(in)16 conc_peak=16 pread=5.383s
      DBG getmany L63 nw=16 wall=0.589s thr(out)1 thr(in)16 conc_peak=16 pread=8.121s
      DBG getmany L64 nw=16 wall=0.588s thr(out)1 thr(in)16 conc_peak=16 pread=7.734s
      DBG getmany L65 nw=16 wall=0.566s thr(out)1 thr(in)16 conc_peak=16 pread=7.270s
      DBG getmany L66 nw=16 wall=0.398s thr(out)1 thr(in)16 conc_peak=16 pread=4.729s
      DBG getmany L67 nw=16 wall=0.579s thr(out)1 thr(in)16 conc_peak=16 pread=7.206s
      DBG getmany L68 nw=16 wall=0.558s thr(out)1 thr(in)16 conc_peak=16 pread=7.902s
      DBG getmany L69 nw=16 wall=0.543s thr(out)1 thr(in)16 conc_peak=16 pread=8.098s
      DBG getmany L70 nw=16 wall=0.416s thr(out)1 thr(in)16 conc_peak=16 pread=5.929s
      DBG getmany L71 nw=16 wall=0.626s thr(out)1 thr(in)16 conc_peak=16 pread=9.369s
      DBG getmany L72 nw=16 wall=0.564s thr(out)1 thr(in)16 conc_peak=16 pread=7.077s
      DBG getmany L73 nw=16 wall=0.574s thr(out)1 thr(in)16 conc_peak=16 pread=8.579s
      DBG getmany L74 nw=16 wall=0.437s thr(out)1 thr(in)16 conc_peak=16 pread=5.385s
      DBG getmany L75 nw=16 wall=0.588s thr(out)1 thr(in)16 conc_peak=16 pread=7.988s
      DBG getmany L76 nw=16 wall=0.526s thr(out)1 thr(in)16 conc_peak=16 pread=7.591s
      DBG getmany L77 nw=16 wall=0.591s thr(out)1 thr(in)16 conc_peak=16 pread=8.777s
      DBG getmany L78 nw=16 wall=0.423s thr(out)1 thr(in)16 conc_peak=16 pread=6.032s
      DBG getmany L79 nw=16 wall=0.584s thr(out)1 thr(in)16 conc_peak=16 pread=8.816s
      DBG getmany L80 nw=16 wall=0.545s thr(out)1 thr(in)16 conc_peak=16 pread=7.968s
      DBG getmany L81 nw=16 wall=0.562s thr(out)1 thr(in)16 conc_peak=16 pread=8.236s
      DBG getmany L82 nw=16 wall=0.391s thr(out)1 thr(in)16 conc_peak=16 pread=5.031s
      DBG getmany L83 nw=16 wall=0.546s thr(out)1 thr(in)16 conc_peak=16 pread=8.040s
      DBG getmany L84 nw=16 wall=0.553s thr(out)1 thr(in)16 conc_peak=16 pread=8.244s
      DBG getmany L85 nw=16 wall=0.547s thr(out)1 thr(in)16 conc_peak=16 pread=7.974s
      DBG getmany L86 nw=16 wall=0.403s thr(out)1 thr(in)16 conc_peak=16 pread=5.594s
      DBG getmany L87 nw=16 wall=0.588s thr(out)1 thr(in)16 conc_peak=16 pread=7.777s
      DBG getmany L88 nw=16 wall=0.561s thr(out)1 thr(in)16 conc_peak=16 pread=6.516s
      DBG getmany L89 nw=16 wall=0.547s thr(out)1 thr(in)16 conc_peak=16 pread=7.595s
      DBG getmany L90 nw=16 wall=0.392s thr(out)1 thr(in)16 conc_peak=16 pread=5.596s
      DBG getmany L91 nw=16 wall=0.410s thr(out)1 thr(in)16 conc_peak=16 pread=5.012s
      DBG getmany L92 nw=16 wall=0.161s thr(out)1 thr(in)16 conc_peak=16 pread=1.604s
      peak RSS after loading weights: 4.78 GB  (the plan above is a forecast, this is measured)
      DBG getmany L1 nw=16 wall=0.179s thr(out)1 thr(in)16 conc_peak=16 pread=1.772s
      DBG getmany L2 nw=16 wall=0.173s thr(out)1 thr(in)16 conc_peak=16 pread=1.602s
      DBG getmany L3 nw=16 wall=0.161s thr(out)1 thr(in)16 conc_peak=16 pread=1.580s
      DBG getmany L4 nw=16 wall=0.156s thr(out)1 thr(in)16 conc_peak=16 pread=1.531s
      DBG getmany L5 nw=16 wall=0.157s thr(out)1 thr(in)16 conc_peak=16 pread=1.399s
      DBG getmany L6 nw=16 wall=0.169s thr(out)1 thr(in)16 conc_peak=16 pread=1.667s
      DBG getmany L7 nw=16 wall=0.164s thr(out)1 thr(in)16 conc_peak=16 pread=1.553s
      DBG getmany L8 nw=16 wall=0.156s thr(out)1 thr(in)16 conc_peak=16 pread=1.638s
      DBG getmany L9 nw=16 wall=0.161s thr(out)1 thr(in)16 conc_peak=16 pread=1.529s
      DBG getmany L10 nw=16 wall=0.161s thr(out)1 thr(in)16 conc_peak=16 pread=1.515s
      DBG getmany L11 nw=16 wall=0.162s thr(out)1 thr(in)16 conc_peak=16 pread=1.604s
      DBG getmany L12 nw=16 wall=0.166s thr(out)1 thr(in)16 conc_peak=16 pread=1.522s
      DBG getmany L13 nw=16 wall=0.171s thr(out)1 thr(in)16 conc_peak=16 pread=1.774s
      DBG getmany L14 nw=16 wall=0.165s thr(out)1 thr(in)16 conc_peak=16 pread=1.633s
      DBG getmany L15 nw=16 wall=0.163s thr(out)1 thr(in)16 conc_peak=16 pread=1.552s
      DBG getmany L16 nw=16 wall=0.161s thr(out)1 thr(in)16 conc_peak=16 pread=1.549s
      DBG getmany L17 nw=16 wall=0.167s thr(out)1 thr(in)16 conc_peak=16 pread=1.485s
      DBG getmany L18 nw=16 wall=0.162s thr(out)1 thr(in)16 conc_peak=16 pread=1.478s
      DBG getmany L19 nw=16 wall=0.164s thr(out)1 thr(in)16 conc_peak=16 pread=1.648s
      DBG getmany L20 nw=16 wall=0.160s thr(out)1 thr(in)16 conc_peak=16 pread=1.432s
      DBG getmany L21 nw=16 wall=0.489s thr(out)1 thr(in)16 conc_peak=16 pread=6.276s
      DBG getmany L22 nw=16 wall=0.352s thr(out)1 thr(in)16 conc_peak=16 pread=4.623s
      DBG getmany L23 nw=16 wall=0.465s thr(out)1 thr(in)16 conc_peak=16 pread=6.417s
      DBG getmany L24 nw=16 wall=0.679s thr(out)1 thr(in)16 conc_peak=16 pread=9.866s
      DBG getmany L25 nw=16 wall=0.768s thr(out)1 thr(in)16 conc_peak=16 pread=11.326s
      DBG getmany L26 nw=16 wall=0.567s thr(out)1 thr(in)16 conc_peak=16 pread=7.414s
      DBG getmany L27 nw=16 wall=0.701s thr(out)1 thr(in)16 conc_peak=16 pread=10.386s
      DBG getmany L28 nw=16 wall=0.720s thr(out)1 thr(in)16 conc_peak=16 pread=9.884s
      DBG getmany L29 nw=16 wall=4.415s thr(out)1 thr(in)16 conc_peak=16 pread=36.724s
      DBG getmany L30 nw=16 wall=7.624s thr(out)1 thr(in)16 conc_peak=16 pread=108.452s
      DBG getmany L31 nw=16 wall=0.786s thr(out)1 thr(in)16 conc_peak=16 pread=10.916s
      DBG getmany L32 nw=16 wall=0.687s thr(out)1 thr(in)16 conc_peak=16 pread=6.830s
      DBG getmany L33 nw=16 wall=0.819s thr(out)1 thr(in)16 conc_peak=16 pread=10.373s
      DBG getmany L34 nw=16 wall=0.588s thr(out)1 thr(in)16 conc_peak=16 pread=8.073s
      DBG getmany L35 nw=16 wall=0.797s thr(out)1 thr(in)16 conc_peak=16 pread=7.309s
      DBG getmany L36 nw=16 wall=0.789s thr(out)1 thr(in)16 conc_peak=16 pread=9.681s
      DBG getmany L37 nw=16 wall=0.773s thr(out)1 thr(in)16 conc_peak=16 pread=10.445s
      DBG getmany L38 nw=16 wall=0.536s thr(out)1 thr(in)16 conc_peak=16 pread=7.584s
      DBG getmany L39 nw=16 wall=0.787s thr(out)1 thr(in)16 conc_peak=16 pread=9.819s
      DBG getmany L40 nw=16 wall=0.788s thr(out)1 thr(in)16 conc_peak=16 pread=11.053s
      DBG getmany L41 nw=16 wall=0.752s thr(out)1 thr(in)16 conc_peak=16 pread=11.333s
      DBG getmany L42 nw=16 wall=0.599s thr(out)1 thr(in)16 conc_peak=16 pread=8.484s
      DBG getmany L43 nw=16 wall=0.688s thr(out)1 thr(in)16 conc_peak=16 pread=8.858s
      DBG getmany L44 nw=16 wall=0.790s thr(out)1 thr(in)16 conc_peak=16 pread=10.030s
      DBG getmany L45 nw=16 wall=0.805s thr(out)1 thr(in)16 conc_peak=16 pread=10.770s
      DBG getmany L46 nw=16 wall=0.603s thr(out)1 thr(in)16 conc_peak=16 pread=7.949s
      DBG getmany L47 nw=16 wall=0.786s thr(out)1 thr(in)16 conc_peak=16 pread=10.555s
      DBG getmany L48 nw=16 wall=0.764s thr(out)1 thr(in)16 conc_peak=16 pread=10.496s
      DBG getmany L49 nw=16 wall=0.814s thr(out)1 thr(in)16 conc_peak=16 pread=11.427s
      DBG getmany L50 nw=16 wall=0.600s thr(out)1 thr(in)16 conc_peak=16 pread=8.122s
      DBG getmany L51 nw=16 wall=0.767s thr(out)1 thr(in)16 conc_peak=16 pread=10.031s
      DBG getmany L52 nw=16 wall=0.747s thr(out)1 thr(in)16 conc_peak=16 pread=10.318s
      DBG getmany L53 nw=16 wall=0.788s thr(out)1 thr(in)16 conc_peak=16 pread=9.671s
      DBG getmany L54 nw=16 wall=0.587s thr(out)1 thr(in)16 conc_peak=16 pread=8.331s
      DBG getmany L55 nw=16 wall=0.784s thr(out)1 thr(in)16 conc_peak=16 pread=8.177s
      DBG getmany L56 nw=16 wall=0.772s thr(out)1 thr(in)16 conc_peak=16 pread=11.468s
      DBG getmany L57 nw=16 wall=0.767s thr(out)1 thr(in)16 conc_peak=16 pread=10.477s
      DBG getmany L58 nw=16 wall=0.582s thr(out)1 thr(in)16 conc_peak=16 pread=7.910s
      DBG getmany L59 nw=16 wall=0.785s thr(out)1 thr(in)16 conc_peak=16 pread=5.426s
      DBG getmany L60 nw=16 wall=0.787s thr(out)1 thr(in)16 conc_peak=16 pread=11.145s
      DBG getmany L61 nw=16 wall=0.763s thr(out)1 thr(in)16 conc_peak=16 pread=10.357s
      DBG getmany L62 nw=16 wall=0.494s thr(out)1 thr(in)16 conc_peak=16 pread=6.461s
      DBG getmany L63 nw=16 wall=0.773s thr(out)1 thr(in)16 conc_peak=16 pread=10.445s
      DBG getmany L64 nw=16 wall=0.791s thr(out)1 thr(in)16 conc_peak=16 pread=11.712s
      DBG getmany L65 nw=16 wall=0.778s thr(out)1 thr(in)16 conc_peak=16 pread=11.480s
      DBG getmany L66 nw=16 wall=0.596s thr(out)1 thr(in)16 conc_peak=16 pread=8.486s
      DBG getmany L67 nw=16 wall=0.800s thr(out)1 thr(in)16 conc_peak=16 pread=10.974s
      DBG getmany L68 nw=16 wall=0.757s thr(out)1 thr(in)16 conc_peak=16 pread=11.155s
      DBG getmany L69 nw=16 wall=0.787s thr(out)1 thr(in)16 conc_peak=16 pread=11.847s
      DBG getmany L70 nw=16 wall=0.586s thr(out)1 thr(in)16 conc_peak=16 pread=6.980s
      DBG getmany L71 nw=16 wall=0.853s thr(out)1 thr(in)16 conc_peak=16 pread=12.268s
      DBG getmany L72 nw=16 wall=0.814s thr(out)1 thr(in)16 conc_peak=16 pread=11.844s
      DBG getmany L73 nw=16 wall=0.792s thr(out)1 thr(in)16 conc_peak=16 pread=11.394s
      DBG getmany L74 nw=16 wall=0.592s thr(out)1 thr(in)16 conc_peak=16 pread=8.391s
      DBG getmany L75 nw=16 wall=0.801s thr(out)1 thr(in)16 conc_peak=16 pread=10.980s
      DBG getmany L76 nw=16 wall=0.720s thr(out)1 thr(in)16 conc_peak=16 pread=9.227s
      DBG getmany L77 nw=16 wall=0.789s thr(out)1 thr(in)16 conc_peak=16 pread=11.747s
      DBG getmany L78 nw=16 wall=0.596s thr(out)1 thr(in)16 conc_peak=16 pread=7.172s
      DBG getmany L79 nw=16 wall=0.752s thr(out)1 thr(in)16 conc_peak=16 pread=10.451s
      DBG getmany L80 nw=16 wall=0.743s thr(out)1 thr(in)16 conc_peak=16 pread=9.593s
      DBG getmany L81 nw=16 wall=0.796s thr(out)1 thr(in)16 conc_peak=16 pread=10.641s
      DBG getmany L82 nw=16 wall=0.554s thr(out)1 thr(in)16 conc_peak=16 pread=5.970s
      DBG getmany L83 nw=16 wall=0.787s thr(out)1 thr(in)16 conc_peak=16 pread=8.540s
      DBG getmany L84 nw=16 wall=0.762s thr(out)1 thr(in)16 conc_peak=16 pread=11.403s
      DBG getmany L85 nw=16 wall=0.777s thr(out)1 thr(in)16 conc_peak=16 pread=8.526s
      DBG getmany L86 nw=16 wall=0.556s thr(out)1 thr(in)16 conc_peak=16 pread=7.869s
      DBG getmany L87 nw=16 wall=0.760s thr(out)1 thr(in)16 conc_peak=16 pread=11.462s
      DBG getmany L88 nw=16 wall=0.781s thr(out)1 thr(in)16 conc_peak=16 pread=11.670s
      DBG getmany L89 nw=16 wall=0.798s thr(out)1 thr(in)16 conc_peak=16 pread=11.921s
      DBG getmany L90 nw=16 wall=0.570s thr(out)1 thr(in)16 conc_peak=16 pread=8.430s
      DBG getmany L91 nw=16 wall=0.590s thr(out)1 thr(in)16 conc_peak=16 pread=8.274s
      DBG getmany L92 nw=16 wall=0.244s thr(out)1 thr(in)16 conc_peak=16 pread=2.281s
      DBG getmany L1 nw=16 wall=0.257s thr(out)1 thr(in)16 conc_peak=16 pread=2.273s
      DBG getmany L2 nw=15 wall=0.235s thr(out)1 thr(in)16 conc_peak=15 pread=2.092s
      DBG getmany L3 nw=13 wall=0.206s thr(out)1 thr(in)16 conc_peak=13 pread=1.547s
      DBG getmany L4 nw=15 wall=0.233s thr(out)1 thr(in)16 conc_peak=15 pread=1.965s
      DBG getmany L5 nw=16 wall=0.243s thr(out)1 thr(in)16 conc_peak=16 pread=2.157s
      DBG getmany L6 nw=15 wall=0.239s thr(out)1 thr(in)16 conc_peak=15 pread=2.292s
      DBG getmany L7 nw=15 wall=0.218s thr(out)1 thr(in)16 conc_peak=15 pread=2.055s
      DBG getmany L8 nw=16 wall=0.229s thr(out)1 thr(in)16 conc_peak=16 pread=2.036s
      DBG getmany L9 nw=15 wall=0.215s thr(out)1 thr(in)16 conc_peak=15 pread=1.848s
      DBG getmany L10 nw=15 wall=0.220s thr(out)1 thr(in)16 conc_peak=15 pread=1.935s
      DBG getmany L11 nw=15 wall=0.223s thr(out)1 thr(in)16 conc_peak=15 pread=1.996s
      DBG getmany L12 nw=15 wall=0.222s thr(out)1 thr(in)16 conc_peak=15 pread=1.945s
      DBG getmany L13 nw=16 wall=0.244s thr(out)1 thr(in)16 conc_peak=16 pread=2.338s
      DBG getmany L14 nw=15 wall=0.222s thr(out)1 thr(in)16 conc_peak=15 pread=2.012s
      DBG getmany L15 nw=16 wall=0.244s thr(out)1 thr(in)16 conc_peak=16 pread=2.327s
      DBG getmany L16 nw=15 wall=0.230s thr(out)1 thr(in)16 conc_peak=15 pread=1.891s
      DBG getmany L17 nw=16 wall=0.241s thr(out)1 thr(in)16 conc_peak=16 pread=2.156s
      DBG getmany L18 nw=16 wall=0.238s thr(out)1 thr(in)16 conc_peak=16 pread=2.258s
      DBG getmany L19 nw=16 wall=0.240s thr(out)1 thr(in)16 conc_peak=16 pread=2.293s
      DBG getmany L20 nw=16 wall=0.234s thr(out)1 thr(in)16 conc_peak=16 pread=2.240s
      DBG getmany L21 nw=16 wall=0.771s thr(out)1 thr(in)16 conc_peak=16 pread=10.469s
      DBG getmany L22 nw=16 wall=0.595s thr(out)1 thr(in)16 conc_peak=16 pread=8.675s
      DBG getmany L23 nw=15 wall=0.720s thr(out)1 thr(in)16 conc_peak=15 pread=9.156s
      DBG getmany L24 nw=13 wall=0.784s thr(out)1 thr(in)16 conc_peak=13 pread=7.054s
      DBG getmany L25 nw=15 wall=0.701s thr(out)1 thr(in)16 conc_peak=15 pread=7.160s
      DBG getmany L26 nw=15 wall=0.555s thr(out)1 thr(in)16 conc_peak=15 pread=7.729s
      DBG getmany L27 nw=16 wall=0.738s thr(out)1 thr(in)16 conc_peak=16 pread=10.649s
      DBG getmany L28 nw=15 wall=0.720s thr(out)1 thr(in)16 conc_peak=15 pread=9.166s
      DBG getmany L29 nw=16 wall=0.787s thr(out)1 thr(in)16 conc_peak=16 pread=10.681s
      DBG getmany L30 nw=16 wall=0.570s thr(out)1 thr(in)16 conc_peak=16 pread=7.965s
      DBG getmany L31 nw=16 wall=0.782s thr(out)1 thr(in)16 conc_peak=16 pread=10.115s
      DBG getmany L32 nw=14 wall=0.749s thr(out)1 thr(in)16 conc_peak=14 pread=8.384s
      DBG getmany L33 nw=15 wall=0.811s thr(out)1 thr(in)16 conc_peak=15 pread=11.661s
      DBG getmany L34 nw=16 wall=0.600s thr(out)1 thr(in)16 conc_peak=16 pread=7.708s
      DBG getmany L35 nw=16 wall=0.810s thr(out)1 thr(in)16 conc_peak=16 pread=11.496s
      DBG getmany L36 nw=14 wall=0.752s thr(out)1 thr(in)16 conc_peak=14 pread=8.011s
      DBG getmany L37 nw=16 wall=0.774s thr(out)1 thr(in)16 conc_peak=16 pread=7.611s
      DBG getmany L38 nw=16 wall=0.559s thr(out)1 thr(in)16 conc_peak=16 pread=7.846s
      DBG getmany L39 nw=16 wall=0.773s thr(out)1 thr(in)16 conc_peak=16 pread=11.303s
      DBG getmany L40 nw=16 wall=0.791s thr(out)1 thr(in)16 conc_peak=16 pread=11.079s
      DBG getmany L41 nw=16 wall=0.751s thr(out)1 thr(in)16 conc_peak=16 pread=11.291s
      DBG getmany L42 nw=16 wall=0.586s thr(out)1 thr(in)16 conc_peak=16 pread=8.225s
      DBG getmany L43 nw=16 wall=0.782s thr(out)1 thr(in)16 conc_peak=16 pread=10.321s
      DBG getmany L44 nw=16 wall=0.788s thr(out)1 thr(in)16 conc_peak=16 pread=11.392s
      DBG getmany L45 nw=16 wall=0.819s thr(out)1 thr(in)16 conc_peak=16 pread=12.023s
      DBG getmany L46 nw=15 wall=0.606s thr(out)1 thr(in)16 conc_peak=15 pread=7.507s
      DBG getmany L47 nw=15 wall=0.758s thr(out)1 thr(in)16 conc_peak=15 pread=9.507s
      DBG getmany L48 nw=15 wall=0.744s thr(out)1 thr(in)16 conc_peak=15 pread=8.640s
      DBG getmany L49 nw=15 wall=0.829s thr(out)1 thr(in)16 conc_peak=15 pread=11.516s
      DBG getmany L50 nw=16 wall=0.594s thr(out)1 thr(in)16 conc_peak=16 pread=8.584s
      DBG getmany L51 nw=16 wall=0.762s thr(out)1 thr(in)16 conc_peak=16 pread=11.018s
      DBG getmany L52 nw=16 wall=0.726s thr(out)1 thr(in)16 conc_peak=16 pread=10.842s
      DBG getmany L53 nw=15 wall=0.757s thr(out)1 thr(in)16 conc_peak=15 pread=8.802s
      DBG getmany L54 nw=16 wall=0.586s thr(out)1 thr(in)16 conc_peak=16 pread=8.371s
      DBG getmany L55 nw=16 wall=0.786s thr(out)1 thr(in)16 conc_peak=16 pread=8.252s
      DBG getmany L56 nw=16 wall=0.773s thr(out)1 thr(in)16 conc_peak=16 pread=11.216s
      DBG getmany L57 nw=16 wall=0.779s thr(out)1 thr(in)16 conc_peak=16 pread=9.871s
      DBG getmany L58 nw=16 wall=0.589s thr(out)1 thr(in)16 conc_peak=16 pread=6.942s
      DBG getmany L59 nw=16 wall=0.786s thr(out)1 thr(in)16 conc_peak=16 pread=8.399s
      DBG getmany L60 nw=16 wall=0.774s thr(out)1 thr(in)16 conc_peak=16 pread=11.538s
      DBG getmany L61 nw=16 wall=0.634s thr(out)1 thr(in)16 conc_peak=16 pread=7.159s
      DBG getmany L62 nw=16 wall=0.573s thr(out)1 thr(in)16 conc_peak=16 pread=8.290s
      DBG getmany L63 nw=16 wall=0.779s thr(out)1 thr(in)16 conc_peak=16 pread=10.195s
      DBG getmany L64 nw=16 wall=0.795s thr(out)1 thr(in)16 conc_peak=16 pread=8.622s
      DBG getmany L65 nw=16 wall=0.766s thr(out)1 thr(in)16 conc_peak=16 pread=10.589s
      DBG getmany L66 nw=16 wall=0.575s thr(out)1 thr(in)16 conc_peak=16 pread=8.097s
      DBG getmany L67 nw=16 wall=0.788s thr(out)1 thr(in)16 conc_peak=16 pread=9.935s
      DBG getmany L68 nw=16 wall=0.737s thr(out)1 thr(in)16 conc_peak=16 pread=10.906s
      DBG getmany L69 nw=16 wall=0.801s thr(out)1 thr(in)16 conc_peak=16 pread=11.785s
      DBG getmany L70 nw=16 wall=0.573s thr(out)1 thr(in)16 conc_peak=16 pread=7.339s
      DBG getmany L71 nw=16 wall=0.821s thr(out)1 thr(in)16 conc_peak=16 pread=11.094s
      DBG getmany L72 nw=16 wall=0.781s thr(out)1 thr(in)16 conc_peak=16 pread=9.512s
      DBG getmany L73 nw=16 wall=0.784s thr(out)1 thr(in)16 conc_peak=16 pread=11.574s
      DBG getmany L74 nw=16 wall=0.590s thr(out)1 thr(in)16 conc_peak=16 pread=8.248s
      DBG getmany L75 nw=16 wall=0.790s thr(out)1 thr(in)16 conc_peak=16 pread=11.632s
      DBG getmany L76 nw=16 wall=0.742s thr(out)1 thr(in)16 conc_peak=16 pread=10.743s
      DBG getmany L77 nw=16 wall=0.781s thr(out)1 thr(in)16 conc_peak=16 pread=11.732s
      DBG getmany L78 nw=16 wall=0.594s thr(out)1 thr(in)16 conc_peak=16 pread=8.782s
      DBG getmany L79 nw=16 wall=0.796s thr(out)1 thr(in)16 conc_peak=16 pread=11.658s
      DBG getmany L80 nw=16 wall=0.738s thr(out)1 thr(in)16 conc_peak=16 pread=8.497s
      DBG getmany L81 nw=15 wall=0.799s thr(out)1 thr(in)16 conc_peak=15 pread=10.466s
      DBG getmany L82 nw=16 wall=0.571s thr(out)1 thr(in)16 conc_peak=16 pread=7.873s
      DBG getmany L83 nw=13 wall=0.734s thr(out)1 thr(in)16 conc_peak=13 pread=8.677s
      DBG getmany L84 nw=13 wall=0.726s thr(out)1 thr(in)16 conc_peak=13 pread=7.887s
      DBG getmany L85 nw=14 wall=0.725s thr(out)1 thr(in)16 conc_peak=14 pread=9.261s
      DBG getmany L86 nw=16 wall=0.550s thr(out)1 thr(in)16 conc_peak=16 pread=7.653s
      DBG getmany L87 nw=13 wall=0.722s thr(out)1 thr(in)16 conc_peak=13 pread=8.664s
      DBG getmany L88 nw=15 wall=0.751s thr(out)1 thr(in)16 conc_peak=15 pread=9.236s
      DBG getmany L89 nw=13 wall=0.742s thr(out)1 thr(in)16 conc_peak=13 pread=8.567s
      DBG getmany L90 nw=12 wall=0.482s thr(out)1 thr(in)16 conc_peak=11 pread=4.436s
      DBG getmany L91 nw=13 wall=0.547s thr(out)1 thr(in)16 conc_peak=13 pread=5.807s
      DBG getmany L92 nw=13 wall=0.198s thr(out)1 thr(in)16 conc_peak=13 pread=1.505s
        of those hits : 1416 came from the batch prefetch, i.e. read from disk
                        this token; TRUE resident hit rate 3.80%
        read from disk: 24.85 GB in 55.54 s (447 MB/s while loading)
        hit I/O   : 76.51 GB in 160.81 s (wall) = 476 MB/s [pread 2068.40 s, 37 MB/s per-thread]
           experts the prefetcher had just read from disk, so it is not a
[v50] pair 3 B (depth 1)           12:16:53
  [pf1_r3 depth=1]  3 tokens in 266.6 s, 88.88 s/token average
      DBG getmany L1 nw=16 wall=0.219s thr(out)1 thr(in)16 conc_peak=16 pread=2.411s
      DBG getmany L2 nw=16 wall=0.201s thr(out)1 thr(in)16 conc_peak=16 pread=2.226s
      DBG getmany L3 nw=16 wall=0.213s thr(out)1 thr(in)16 conc_peak=16 pread=2.250s
      DBG getmany L4 nw=16 wall=0.204s thr(out)1 thr(in)16 conc_peak=16 pread=2.190s
      DBG getmany L5 nw=16 wall=0.200s thr(out)1 thr(in)16 conc_peak=16 pread=2.062s
      DBG getmany L6 nw=16 wall=0.202s thr(out)1 thr(in)16 conc_peak=16 pread=2.096s
      DBG getmany L7 nw=16 wall=0.202s thr(out)1 thr(in)16 conc_peak=16 pread=2.149s
      DBG getmany L8 nw=16 wall=0.196s thr(out)1 thr(in)16 conc_peak=16 pread=2.013s
      DBG getmany L9 nw=16 wall=0.206s thr(out)1 thr(in)16 conc_peak=16 pread=2.133s
      DBG getmany L10 nw=16 wall=0.203s thr(out)1 thr(in)16 conc_peak=16 pread=2.140s
      DBG getmany L11 nw=16 wall=0.206s thr(out)1 thr(in)16 conc_peak=16 pread=2.251s
      DBG getmany L12 nw=16 wall=0.215s thr(out)1 thr(in)16 conc_peak=16 pread=2.391s
      DBG getmany L13 nw=16 wall=0.216s thr(out)1 thr(in)16 conc_peak=16 pread=2.326s
      DBG getmany L14 nw=16 wall=0.201s thr(out)1 thr(in)16 conc_peak=16 pread=2.093s
      DBG getmany L15 nw=16 wall=0.212s thr(out)1 thr(in)16 conc_peak=16 pread=2.256s
      DBG getmany L16 nw=16 wall=0.202s thr(out)1 thr(in)16 conc_peak=16 pread=2.137s
      DBG getmany L17 nw=16 wall=0.212s thr(out)1 thr(in)16 conc_peak=16 pread=2.193s
      DBG getmany L18 nw=16 wall=0.216s thr(out)1 thr(in)16 conc_peak=16 pread=2.390s
      DBG getmany L19 nw=16 wall=0.222s thr(out)1 thr(in)16 conc_peak=16 pread=2.288s
      DBG getmany L20 nw=16 wall=0.218s thr(out)1 thr(in)16 conc_peak=16 pread=2.448s
      DBG getmany L21 nw=16 wall=0.222s thr(out)1 thr(in)16 conc_peak=16 pread=2.339s
      DBG getmany L22 nw=16 wall=0.278s thr(out)1 thr(in)16 conc_peak=16 pread=2.516s
      DBG getmany L23 nw=16 wall=0.484s thr(out)1 thr(in)16 conc_peak=16 pread=5.835s
      DBG getmany L24 nw=16 wall=0.557s thr(out)1 thr(in)16 conc_peak=16 pread=6.285s
      DBG getmany L25 nw=16 wall=0.529s thr(out)1 thr(in)16 conc_peak=16 pread=6.167s
      DBG getmany L26 nw=16 wall=0.405s thr(out)1 thr(in)16 conc_peak=16 pread=5.415s
      DBG getmany L27 nw=16 wall=3.112s thr(out)1 thr(in)16 conc_peak=16 pread=23.391s
      DBG getmany L28 nw=16 wall=8.030s thr(out)1 thr(in)16 conc_peak=16 pread=124.301s
      DBG getmany L29 nw=16 wall=0.491s thr(out)1 thr(in)16 conc_peak=16 pread=5.752s
      DBG getmany L30 nw=16 wall=0.353s thr(out)1 thr(in)16 conc_peak=16 pread=4.858s
      DBG getmany L31 nw=16 wall=0.582s thr(out)1 thr(in)16 conc_peak=16 pread=6.931s
      DBG getmany L32 nw=16 wall=0.525s thr(out)1 thr(in)16 conc_peak=16 pread=6.704s
      DBG getmany L33 nw=16 wall=0.570s thr(out)1 thr(in)16 conc_peak=16 pread=6.007s
      DBG getmany L34 nw=16 wall=0.388s thr(out)1 thr(in)16 conc_peak=16 pread=4.974s
      DBG getmany L35 nw=16 wall=0.570s thr(out)1 thr(in)16 conc_peak=16 pread=5.763s
      DBG getmany L36 nw=16 wall=0.561s thr(out)1 thr(in)16 conc_peak=16 pread=7.542s
      DBG getmany L37 nw=16 wall=0.536s thr(out)1 thr(in)16 conc_peak=16 pread=6.774s
      DBG getmany L38 nw=16 wall=0.382s thr(out)1 thr(in)16 conc_peak=16 pread=5.189s
      DBG getmany L39 nw=16 wall=0.561s thr(out)1 thr(in)16 conc_peak=16 pread=7.534s
      DBG getmany L40 nw=16 wall=0.543s thr(out)1 thr(in)16 conc_peak=16 pread=6.705s
      DBG getmany L41 nw=16 wall=0.507s thr(out)1 thr(in)16 conc_peak=16 pread=6.748s
      DBG getmany L42 nw=16 wall=0.406s thr(out)1 thr(in)16 conc_peak=16 pread=5.073s
      DBG getmany L43 nw=16 wall=0.568s thr(out)1 thr(in)16 conc_peak=16 pread=7.058s
      DBG getmany L44 nw=16 wall=0.543s thr(out)1 thr(in)16 conc_peak=16 pread=7.061s
      DBG getmany L45 nw=16 wall=0.552s thr(out)1 thr(in)16 conc_peak=16 pread=6.524s
      DBG getmany L46 nw=16 wall=0.395s thr(out)1 thr(in)16 conc_peak=16 pread=4.768s
      DBG getmany L47 nw=16 wall=0.599s thr(out)1 thr(in)16 conc_peak=16 pread=6.448s
      DBG getmany L48 nw=16 wall=0.552s thr(out)1 thr(in)16 conc_peak=16 pread=6.328s
      DBG getmany L49 nw=16 wall=0.576s thr(out)1 thr(in)16 conc_peak=16 pread=6.415s
      DBG getmany L50 nw=16 wall=0.431s thr(out)1 thr(in)16 conc_peak=16 pread=5.445s
      DBG getmany L51 nw=16 wall=0.594s thr(out)1 thr(in)16 conc_peak=16 pread=7.590s
      DBG getmany L52 nw=16 wall=0.585s thr(out)1 thr(in)16 conc_peak=16 pread=7.653s
      DBG getmany L53 nw=16 wall=0.571s thr(out)1 thr(in)16 conc_peak=16 pread=6.943s
      DBG getmany L54 nw=16 wall=0.462s thr(out)1 thr(in)16 conc_peak=16 pread=5.807s
      DBG getmany L55 nw=16 wall=0.578s thr(out)1 thr(in)16 conc_peak=16 pread=7.891s
      DBG getmany L56 nw=16 wall=0.565s thr(out)1 thr(in)16 conc_peak=16 pread=7.114s
      DBG getmany L57 nw=16 wall=0.548s thr(out)1 thr(in)16 conc_peak=16 pread=6.016s
      DBG getmany L58 nw=16 wall=0.407s thr(out)1 thr(in)16 conc_peak=16 pread=5.954s
      DBG getmany L59 nw=16 wall=0.513s thr(out)1 thr(in)16 conc_peak=16 pread=6.292s
      DBG getmany L60 nw=16 wall=0.541s thr(out)1 thr(in)16 conc_peak=16 pread=6.933s
      DBG getmany L61 nw=16 wall=0.569s thr(out)1 thr(in)16 conc_peak=16 pread=7.551s
      DBG getmany L62 nw=16 wall=0.418s thr(out)1 thr(in)16 conc_peak=16 pread=5.115s
      DBG getmany L63 nw=16 wall=0.576s thr(out)1 thr(in)16 conc_peak=16 pread=8.311s
      DBG getmany L64 nw=16 wall=0.565s thr(out)1 thr(in)16 conc_peak=16 pread=7.522s
      DBG getmany L65 nw=16 wall=0.553s thr(out)1 thr(in)16 conc_peak=16 pread=6.502s
      DBG getmany L66 nw=16 wall=0.426s thr(out)1 thr(in)16 conc_peak=16 pread=6.308s
      DBG getmany L67 nw=16 wall=0.600s thr(out)1 thr(in)16 conc_peak=16 pread=7.056s
      DBG getmany L68 nw=16 wall=0.560s thr(out)1 thr(in)16 conc_peak=16 pread=8.314s
      DBG getmany L69 nw=16 wall=0.547s thr(out)1 thr(in)16 conc_peak=16 pread=5.822s
      DBG getmany L70 nw=16 wall=0.413s thr(out)1 thr(in)16 conc_peak=16 pread=5.392s
      DBG getmany L71 nw=16 wall=0.604s thr(out)1 thr(in)16 conc_peak=16 pread=7.901s
      DBG getmany L72 nw=16 wall=0.563s thr(out)1 thr(in)16 conc_peak=16 pread=8.171s
      DBG getmany L73 nw=16 wall=0.586s thr(out)1 thr(in)16 conc_peak=16 pread=7.930s
      DBG getmany L74 nw=16 wall=0.450s thr(out)1 thr(in)16 conc_peak=16 pread=6.137s
      DBG getmany L75 nw=16 wall=0.588s thr(out)1 thr(in)16 conc_peak=16 pread=7.963s
      DBG getmany L76 nw=16 wall=0.537s thr(out)1 thr(in)16 conc_peak=16 pread=8.073s
      DBG getmany L77 nw=16 wall=0.588s thr(out)1 thr(in)16 conc_peak=16 pread=8.501s
      DBG getmany L78 nw=16 wall=0.445s thr(out)1 thr(in)16 conc_peak=16 pread=5.811s
      DBG getmany L79 nw=16 wall=0.588s thr(out)1 thr(in)16 conc_peak=16 pread=8.542s
      DBG getmany L80 nw=16 wall=0.542s thr(out)1 thr(in)16 conc_peak=16 pread=7.114s
      DBG getmany L81 nw=16 wall=0.540s thr(out)1 thr(in)16 conc_peak=16 pread=8.122s
      DBG getmany L82 nw=16 wall=0.380s thr(out)1 thr(in)16 conc_peak=16 pread=5.061s
      DBG getmany L83 nw=16 wall=0.529s thr(out)1 thr(in)16 conc_peak=16 pread=7.425s
      DBG getmany L84 nw=16 wall=0.509s thr(out)1 thr(in)16 conc_peak=16 pread=7.448s
      DBG getmany L85 nw=16 wall=0.520s thr(out)1 thr(in)16 conc_peak=16 pread=7.605s
      DBG getmany L86 nw=16 wall=0.386s thr(out)1 thr(in)16 conc_peak=16 pread=5.517s
      DBG getmany L87 nw=16 wall=0.558s thr(out)1 thr(in)16 conc_peak=16 pread=7.927s
      DBG getmany L88 nw=16 wall=0.527s thr(out)1 thr(in)16 conc_peak=16 pread=7.186s
      DBG getmany L89 nw=16 wall=0.549s thr(out)1 thr(in)16 conc_peak=16 pread=7.462s
      DBG getmany L90 nw=16 wall=0.381s thr(out)1 thr(in)16 conc_peak=16 pread=4.483s
      DBG getmany L91 nw=16 wall=0.407s thr(out)1 thr(in)16 conc_peak=16 pread=5.558s
      DBG getmany L92 nw=16 wall=0.158s thr(out)1 thr(in)16 conc_peak=16 pread=1.477s
      async expert prefetch: lookahead depth 1 layer(s)
      peak RSS after loading weights: 4.78 GB  (the plan above is a forecast, this is measured)
      DBG getmany L1 nw=16 wall=0.172s thr(out)1 thr(in)16 conc_peak=16 pread=1.629s [reader]
      DBG getmany L2 nw=16 wall=0.239s thr(out)1 thr(in)16 conc_peak=16 pread=2.766s [reader]
      DBG getmany L1 nw=16 wall=0.292s thr(out)1 thr(in)16 conc_peak=16 pread=5.454s
      DBG getmany L3 nw=16 wall=0.250s thr(out)1 thr(in)16 conc_peak=16 pread=2.768s [reader]
      DBG getmany L2 nw=15 wall=0.259s thr(out)1 thr(in)16 conc_peak=15 pread=4.598s
      DBG getmany L4 nw=16 wall=0.200s thr(out)1 thr(in)16 conc_peak=16 pread=2.064s [reader]
      DBG getmany L3 nw=11 wall=0.228s thr(out)1 thr(in)16 conc_peak=11 pread=3.831s
      DBG getmany L5 nw=16 wall=0.217s thr(out)1 thr(in)16 conc_peak=16 pread=1.987s [reader]
      DBG getmany L4 nw=15 wall=0.230s thr(out)1 thr(in)16 conc_peak=15 pread=3.738s
      DBG getmany L6 nw=16 wall=0.218s thr(out)1 thr(in)16 conc_peak=16 pread=2.012s [reader]
      DBG getmany L5 nw=15 wall=0.251s thr(out)1 thr(in)16 conc_peak=15 pread=4.436s
      DBG getmany L7 nw=16 wall=0.204s thr(out)1 thr(in)16 conc_peak=16 pread=1.730s [reader]
      DBG getmany L6 nw=14 wall=0.245s thr(out)1 thr(in)16 conc_peak=14 pread=4.327s
      DBG getmany L8 nw=16 wall=0.200s thr(out)1 thr(in)16 conc_peak=16 pread=1.909s [reader]
      DBG getmany L7 nw=14 wall=0.257s thr(out)1 thr(in)16 conc_peak=14 pread=4.353s
      DBG getmany L9 nw=16 wall=0.192s thr(out)1 thr(in)16 conc_peak=16 pread=1.744s [reader]
      DBG getmany L8 nw=16 wall=0.261s thr(out)1 thr(in)16 conc_peak=16 pread=4.857s
      DBG getmany L10 nw=16 wall=0.220s thr(out)1 thr(in)16 conc_peak=16 pread=2.257s [reader]
      DBG getmany L9 nw=13 wall=0.237s thr(out)1 thr(in)16 conc_peak=13 pread=4.252s
      DBG getmany L11 nw=16 wall=0.185s thr(out)1 thr(in)16 conc_peak=16 pread=1.642s [reader]
      DBG getmany L10 nw=14 wall=0.246s thr(out)1 thr(in)16 conc_peak=14 pread=4.243s
      DBG getmany L12 nw=16 wall=0.270s thr(out)1 thr(in)16 conc_peak=16 pread=3.758s [reader]
      DBG getmany L11 nw=15 wall=0.278s thr(out)1 thr(in)16 conc_peak=15 pread=5.000s
      DBG getmany L13 nw=16 wall=0.280s thr(out)1 thr(in)16 conc_peak=16 pread=2.506s [reader]
      DBG getmany L12 nw=13 wall=0.322s thr(out)1 thr(in)16 conc_peak=13 pread=5.068s
      DBG getmany L14 nw=16 wall=0.387s thr(out)1 thr(in)16 conc_peak=16 pread=4.396s [reader]
      DBG getmany L13 nw=14 wall=0.481s thr(out)1 thr(in)16 conc_peak=14 pread=9.006s
      DBG getmany L14 nw=15 wall=0.416s thr(out)1 thr(in)16 conc_peak=15 pread=6.987s
      DBG getmany L15 nw=16 wall=0.480s thr(out)1 thr(in)16 conc_peak=16 pread=7.590s [reader]
      DBG getmany L16 nw=16 wall=0.401s thr(out)1 thr(in)16 conc_peak=16 pread=5.191s [reader]
      DBG getmany L15 nw=15 wall=0.449s thr(out)1 thr(in)16 conc_peak=15 pread=8.063s
      DBG getmany L17 nw=16 wall=0.311s thr(out)1 thr(in)16 conc_peak=16 pread=3.292s [reader]
      DBG getmany L16 nw=15 wall=0.415s thr(out)1 thr(in)16 conc_peak=15 pread=7.937s
      DBG getmany L18 nw=16 wall=0.362s thr(out)1 thr(in)16 conc_peak=16 pread=4.296s [reader]
      DBG getmany L17 nw=16 wall=0.421s thr(out)1 thr(in)16 conc_peak=16 pread=8.032s
      DBG getmany L19 nw=16 wall=0.404s thr(out)1 thr(in)16 conc_peak=16 pread=5.196s [reader]
      DBG getmany L18 nw=15 wall=0.427s thr(out)1 thr(in)16 conc_peak=15 pread=7.833s
      DBG getmany L20 nw=16 wall=0.410s thr(out)1 thr(in)16 conc_peak=16 pread=5.551s [reader]
      DBG getmany L19 nw=14 wall=0.421s thr(out)1 thr(in)16 conc_peak=14 pread=7.560s
      DBG getmany L21 nw=16 wall=0.282s thr(out)1 thr(in)16 conc_peak=16 pread=2.622s [reader]
      DBG getmany L20 nw=15 wall=0.419s thr(out)1 thr(in)16 conc_peak=15 pread=7.749s
      DBG getmany L22 nw=16 wall=0.583s thr(out)1 thr(in)16 conc_peak=16 pread=5.009s [reader]
      DBG getmany L21 nw=14 wall=0.983s thr(out)1 thr(in)16 conc_peak=14 pread=12.265s
      DBG getmany L23 nw=16 wall=0.792s thr(out)1 thr(in)16 conc_peak=16 pread=11.112s [reader]
      DBG getmany L22 nw=15 wall=0.831s thr(out)1 thr(in)16 conc_peak=15 pread=14.962s
      DBG getmany L24 nw=16 wall=0.642s thr(out)1 thr(in)16 conc_peak=16 pread=5.558s [reader]
      DBG getmany L23 nw=12 wall=0.933s thr(out)1 thr(in)16 conc_peak=12 pread=11.966s
      DBG getmany L25 nw=16 wall=0.666s thr(out)1 thr(in)16 conc_peak=16 pread=5.862s [reader]
      DBG getmany L24 nw=11 wall=0.994s thr(out)1 thr(in)16 conc_peak=11 pread=10.260s
      DBG getmany L26 nw=16 wall=0.938s thr(out)1 thr(in)16 conc_peak=16 pread=9.267s [reader]
      DBG getmany L25 nw=14 wall=0.980s thr(out)1 thr(in)16 conc_peak=14 pread=14.839s
      DBG getmany L27 nw=16 wall=0.681s thr(out)1 thr(in)16 conc_peak=16 pread=8.921s [reader]
      DBG getmany L26 nw=11 wall=0.747s thr(out)1 thr(in)16 conc_peak=11 pread=15.193s
      DBG getmany L28 nw=16 wall=0.931s thr(out)1 thr(in)16 conc_peak=16 pread=12.768s [reader]
      DBG getmany L27 nw=13 wall=0.943s thr(out)1 thr(in)16 conc_peak=13 pread=16.420s
      DBG getmany L29 nw=16 wall=0.988s thr(out)1 thr(in)16 conc_peak=16 pread=16.729s [reader]
      DBG getmany L28 nw=15 wall=0.937s thr(out)1 thr(in)16 conc_peak=15 pread=17.523s
      DBG getmany L30 nw=16 wall=0.921s thr(out)1 thr(in)16 conc_peak=16 pread=15.133s [reader]
      DBG getmany L29 nw=14 wall=0.987s thr(out)1 thr(in)16 conc_peak=14 pread=23.551s
      DBG getmany L31 nw=16 wall=0.606s thr(out)1 thr(in)16 conc_peak=16 pread=6.769s [reader]
      DBG getmany L30 nw=14 wall=0.795s thr(out)1 thr(in)16 conc_peak=14 pread=13.338s
      DBG getmany L32 nw=16 wall=0.941s thr(out)1 thr(in)16 conc_peak=16 pread=13.340s [reader]
      DBG getmany L31 nw=16 wall=1.015s thr(out)1 thr(in)16 conc_peak=16 pread=22.102s
      DBG getmany L33 nw=16 wall=0.740s thr(out)1 thr(in)16 conc_peak=16 pread=7.674s [reader]
      DBG getmany L32 nw=14 wall=0.999s thr(out)1 thr(in)16 conc_peak=14 pread=14.930s
      DBG getmany L34 nw=16 wall=0.808s thr(out)1 thr(in)16 conc_peak=16 pread=7.244s [reader]
      DBG getmany L33 nw=14 wall=1.015s thr(out)1 thr(in)16 conc_peak=14 pread=14.514s
      DBG getmany L35 nw=16 wall=0.873s thr(out)1 thr(in)16 conc_peak=16 pread=12.807s [reader]
      DBG getmany L34 nw=16 wall=0.824s thr(out)1 thr(in)16 conc_peak=16 pread=13.516s
      DBG getmany L36 nw=16 wall=0.628s thr(out)1 thr(in)16 conc_peak=16 pread=4.936s [reader]
      DBG getmany L35 nw=16 wall=1.038s thr(out)1 thr(in)16 conc_peak=16 pread=16.589s
      DBG getmany L37 nw=16 wall=0.706s thr(out)1 thr(in)16 conc_peak=16 pread=8.120s [reader]
      DBG getmany L36 nw=11 wall=0.963s thr(out)1 thr(in)16 conc_peak=11 pread=11.807s
      DBG getmany L38 nw=16 wall=0.589s thr(out)1 thr(in)16 conc_peak=16 pread=6.934s [reader]
      DBG getmany L37 nw=13 wall=0.979s thr(out)1 thr(in)16 conc_peak=13 pread=15.447s
      DBG getmany L39 nw=16 wall=0.772s thr(out)1 thr(in)16 conc_peak=16 pread=9.830s [reader]
      DBG getmany L38 nw=14 wall=0.750s thr(out)1 thr(in)16 conc_peak=14 pread=11.927s
      DBG getmany L40 nw=16 wall=0.902s thr(out)1 thr(in)16 conc_peak=16 pread=14.292s [reader]
      DBG getmany L39 nw=15 wall=0.991s thr(out)1 thr(in)16 conc_peak=15 pread=21.862s
      DBG getmany L41 nw=16 wall=0.338s thr(out)1 thr(in)16 conc_peak=16 pread=2.706s [reader]
      DBG getmany L40 nw=13 wall=0.905s thr(out)1 thr(in)16 conc_peak=13 pread=11.748s
      DBG getmany L42 nw=16 wall=0.833s thr(out)1 thr(in)16 conc_peak=16 pread=8.614s [reader]
      DBG getmany L41 nw=13 wall=0.945s thr(out)1 thr(in)16 conc_peak=13 pread=16.306s
      DBG getmany L43 nw=16 wall=0.619s thr(out)1 thr(in)16 conc_peak=16 pread=6.542s [reader]
      DBG getmany L42 nw=8 wall=0.645s thr(out)1 thr(in)16 conc_peak=8 pread=9.032s
      DBG getmany L44 nw=16 wall=0.850s thr(out)1 thr(in)16 conc_peak=16 pread=8.816s [reader]
      DBG getmany L43 nw=13 wall=1.028s thr(out)1 thr(in)16 conc_peak=13 pread=13.572s
      DBG getmany L45 nw=16 wall=0.856s thr(out)1 thr(in)16 conc_peak=16 pread=10.694s [reader]
      DBG getmany L44 nw=13 wall=1.007s thr(out)1 thr(in)16 conc_peak=13 pread=15.033s
      DBG getmany L46 nw=16 wall=0.996s thr(out)1 thr(in)16 conc_peak=16 pread=10.799s [reader]
      DBG getmany L45 nw=10 wall=0.980s thr(out)1 thr(in)16 conc_peak=10 pread=13.694s
      DBG getmany L47 nw=16 wall=0.739s thr(out)1 thr(in)16 conc_peak=16 pread=8.594s [reader]
      DBG getmany L46 nw=8 wall=0.734s thr(out)1 thr(in)16 conc_peak=8 pread=9.229s
      DBG getmany L48 nw=16 wall=0.470s thr(out)1 thr(in)16 conc_peak=16 pread=3.921s [reader]
      DBG getmany L47 nw=11 wall=0.956s thr(out)1 thr(in)16 conc_peak=11 pread=12.383s
      DBG getmany L49 nw=16 wall=0.957s thr(out)1 thr(in)16 conc_peak=16 pread=15.433s [reader]
      DBG getmany L48 nw=13 wall=0.972s thr(out)1 thr(in)16 conc_peak=13 pread=20.151s
      DBG getmany L50 nw=16 wall=0.966s thr(out)1 thr(in)16 conc_peak=16 pread=17.226s [reader]
      DBG getmany L49 nw=9 wall=0.937s thr(out)1 thr(in)16 conc_peak=9 pread=18.135s
      DBG getmany L51 nw=16 wall=0.669s thr(out)1 thr(in)16 conc_peak=16 pread=4.725s [reader]
      DBG getmany L50 nw=12 wall=0.785s thr(out)1 thr(in)16 conc_peak=12 pread=13.182s
      DBG getmany L52 nw=16 wall=0.473s thr(out)1 thr(in)16 conc_peak=16 pread=3.747s [reader]
      DBG getmany L51 nw=12 wall=0.977s thr(out)1 thr(in)16 conc_peak=12 pread=12.115s
      DBG getmany L53 nw=16 wall=0.922s thr(out)1 thr(in)16 conc_peak=16 pread=16.214s [reader]
      DBG getmany L52 nw=15 wall=0.978s thr(out)1 thr(in)16 conc_peak=15 pread=19.916s
      DBG getmany L54 nw=16 wall=1.003s thr(out)1 thr(in)16 conc_peak=16 pread=10.403s [reader]
      DBG getmany L53 nw=10 wall=0.963s thr(out)1 thr(in)16 conc_peak=10 pread=11.298s
      DBG getmany L55 nw=16 wall=0.743s thr(out)1 thr(in)16 conc_peak=16 pread=9.569s [reader]
      DBG getmany L54 nw=12 wall=0.778s thr(out)1 thr(in)16 conc_peak=12 pread=14.049s
      DBG getmany L56 nw=16 wall=0.683s thr(out)1 thr(in)16 conc_peak=16 pread=6.209s [reader]
      DBG getmany L55 nw=14 wall=1.023s thr(out)1 thr(in)16 conc_peak=14 pread=17.275s
      DBG getmany L57 nw=16 wall=0.702s thr(out)1 thr(in)16 conc_peak=16 pread=7.755s [reader]
      DBG getmany L56 nw=16 wall=1.038s thr(out)1 thr(in)16 conc_peak=16 pread=18.003s
      DBG getmany L58 nw=16 wall=0.753s thr(out)1 thr(in)16 conc_peak=16 pread=5.853s [reader]
      DBG getmany L57 nw=16 wall=1.012s thr(out)1 thr(in)16 conc_peak=16 pread=18.533s
      DBG getmany L59 nw=16 wall=0.799s thr(out)1 thr(in)16 conc_peak=16 pread=9.150s [reader]
      DBG getmany L58 nw=14 wall=0.807s thr(out)1 thr(in)16 conc_peak=14 pread=11.410s
      DBG getmany L60 nw=16 wall=1.012s thr(out)1 thr(in)16 conc_peak=16 pread=17.585s [reader]
      DBG getmany L59 nw=15 wall=1.023s thr(out)1 thr(in)16 conc_peak=15 pread=20.610s
      DBG getmany L61 nw=16 wall=0.561s thr(out)1 thr(in)16 conc_peak=16 pread=5.325s [reader]
      DBG getmany L60 nw=16 wall=1.057s thr(out)1 thr(in)16 conc_peak=16 pread=14.265s
      DBG getmany L62 nw=16 wall=0.471s thr(out)1 thr(in)16 conc_peak=16 pread=5.188s [reader]
      DBG getmany L61 nw=16 wall=1.004s thr(out)1 thr(in)16 conc_peak=16 pread=15.974s
      DBG getmany L63 nw=16 wall=0.798s thr(out)1 thr(in)16 conc_peak=16 pread=10.515s [reader]
      DBG getmany L62 nw=15 wall=0.777s thr(out)1 thr(in)16 conc_peak=15 pread=12.772s
      DBG getmany L64 nw=16 wall=0.661s thr(out)1 thr(in)16 conc_peak=16 pread=6.932s [reader]
      DBG getmany L63 nw=15 wall=1.016s thr(out)1 thr(in)16 conc_peak=15 pread=11.996s
      DBG getmany L65 nw=16 wall=1.040s thr(out)1 thr(in)16 conc_peak=16 pread=10.931s [reader]
      DBG getmany L64 nw=16 wall=1.040s thr(out)1 thr(in)16 conc_peak=16 pread=14.931s
      DBG getmany L66 nw=16 wall=0.809s thr(out)1 thr(in)16 conc_peak=16 pread=8.091s [reader]
      DBG getmany L65 nw=15 wall=0.991s thr(out)1 thr(in)16 conc_peak=15 pread=13.061s
      DBG getmany L67 nw=16 wall=0.775s thr(out)1 thr(in)16 conc_peak=16 pread=13.486s [reader]
      DBG getmany L66 nw=15 wall=0.813s thr(out)1 thr(in)16 conc_peak=15 pread=16.649s
      DBG getmany L68 nw=16 wall=0.426s thr(out)1 thr(in)16 conc_peak=16 pread=3.034s [reader]
      DBG getmany L67 nw=16 wall=1.038s thr(out)1 thr(in)16 conc_peak=16 pread=16.223s
      DBG getmany L69 nw=16 wall=0.903s thr(out)1 thr(in)16 conc_peak=16 pread=8.435s [reader]
      DBG getmany L68 nw=14 wall=0.965s thr(out)1 thr(in)16 conc_peak=14 pread=14.712s
      DBG getmany L70 nw=16 wall=0.755s thr(out)1 thr(in)16 conc_peak=16 pread=7.974s [reader]
      DBG getmany L69 nw=16 wall=1.045s thr(out)1 thr(in)16 conc_peak=16 pread=15.869s
      DBG getmany L70 nw=16 wall=0.801s thr(out)1 thr(in)16 conc_peak=16 pread=14.077s
      DBG getmany L71 nw=16 wall=0.881s thr(out)1 thr(in)16 conc_peak=16 pread=14.959s [reader]
      DBG getmany L72 nw=16 wall=0.833s thr(out)1 thr(in)16 conc_peak=16 pread=11.787s [reader]
      DBG getmany L71 nw=16 wall=1.086s thr(out)1 thr(in)16 conc_peak=16 pread=24.357s
      DBG getmany L73 nw=16 wall=1.077s thr(out)1 thr(in)16 conc_peak=16 pread=20.470s [reader]
      DBG getmany L72 nw=16 wall=1.053s thr(out)1 thr(in)16 conc_peak=16 pread=23.493s
      DBG getmany L74 nw=16 wall=1.073s thr(out)1 thr(in)16 conc_peak=16 pread=16.540s [reader]
      DBG getmany L73 nw=15 wall=1.030s thr(out)1 thr(in)16 conc_peak=15 pread=17.542s
      DBG getmany L75 nw=16 wall=0.630s thr(out)1 thr(in)16 conc_peak=16 pread=5.930s [reader]
      DBG getmany L74 nw=13 wall=0.759s thr(out)1 thr(in)16 conc_peak=13 pread=12.489s
      DBG getmany L75 nw=11 wall=0.843s thr(out)1 thr(in)16 conc_peak=11 pread=11.746s
      DBG getmany L76 nw=16 wall=0.941s thr(out)1 thr(in)16 conc_peak=16 pread=12.722s [reader]
      DBG getmany L77 nw=16 wall=0.533s thr(out)1 thr(in)16 conc_peak=16 pread=4.533s [reader]
      DBG getmany L76 nw=14 wall=0.960s thr(out)1 thr(in)16 conc_peak=14 pread=13.958s
      DBG getmany L78 nw=16 wall=0.669s thr(out)1 thr(in)16 conc_peak=16 pread=6.620s [reader]
      DBG getmany L77 nw=16 wall=1.047s thr(out)1 thr(in)16 conc_peak=16 pread=13.866s
      DBG getmany L79 nw=16 wall=0.806s thr(out)1 thr(in)16 conc_peak=16 pread=12.156s [reader]
      DBG getmany L78 nw=15 wall=0.825s thr(out)1 thr(in)16 conc_peak=15 pread=17.694s
      DBG getmany L80 nw=16 wall=0.739s thr(out)1 thr(in)16 conc_peak=16 pread=7.910s [reader]
      DBG getmany L79 nw=15 wall=1.008s thr(out)1 thr(in)16 conc_peak=15 pread=16.349s
      DBG getmany L81 nw=16 wall=0.601s thr(out)1 thr(in)16 conc_peak=16 pread=5.187s [reader]
      DBG getmany L80 nw=14 wall=0.951s thr(out)1 thr(in)16 conc_peak=14 pread=12.657s
      DBG getmany L82 nw=16 wall=0.621s thr(out)1 thr(in)16 conc_peak=16 pread=5.149s [reader]
      DBG getmany L81 nw=14 wall=1.000s thr(out)1 thr(in)16 conc_peak=14 pread=13.222s
      DBG getmany L83 nw=16 wall=0.599s thr(out)1 thr(in)16 conc_peak=16 pread=7.514s [reader]
      DBG getmany L82 nw=14 wall=0.779s thr(out)1 thr(in)16 conc_peak=14 pread=10.335s
      DBG getmany L84 nw=16 wall=0.467s thr(out)1 thr(in)16 conc_peak=16 pread=3.237s [reader]
      DBG getmany L83 nw=5 wall=0.692s thr(out)1 thr(in)16 conc_peak=5 pread=4.886s
      DBG getmany L85 nw=16 wall=0.700s thr(out)1 thr(in)16 conc_peak=16 pread=5.175s [reader]
      DBG getmany L84 nw=11 wall=0.932s thr(out)1 thr(in)16 conc_peak=11 pread=11.837s
      DBG getmany L86 nw=16 wall=0.732s thr(out)1 thr(in)16 conc_peak=16 pread=7.637s [reader]
      DBG getmany L85 nw=11 wall=0.915s thr(out)1 thr(in)16 conc_peak=11 pread=10.780s
      DBG getmany L87 nw=16 wall=0.698s thr(out)1 thr(in)16 conc_peak=16 pread=7.897s [reader]
      DBG getmany L86 nw=11 wall=0.729s thr(out)1 thr(in)16 conc_peak=11 pread=8.521s
      DBG getmany L88 nw=16 wall=0.932s thr(out)1 thr(in)16 conc_peak=16 pread=14.562s [reader]
      DBG getmany L87 nw=10 wall=0.931s thr(out)1 thr(in)16 conc_peak=10 pread=17.311s
      DBG getmany L89 nw=16 wall=0.537s thr(out)1 thr(in)16 conc_peak=16 pread=3.411s [reader]
      DBG getmany L88 nw=8 wall=0.897s thr(out)1 thr(in)16 conc_peak=8 pread=9.077s
      DBG getmany L90 nw=16 wall=0.937s thr(out)1 thr(in)16 conc_peak=16 pread=8.391s [reader]
      DBG getmany L89 nw=8 wall=0.911s thr(out)1 thr(in)16 conc_peak=8 pread=10.079s
      DBG getmany L91 nw=16 wall=0.507s thr(out)1 thr(in)16 conc_peak=16 pread=4.340s [reader]
      DBG getmany L90 nw=9 wall=0.651s thr(out)1 thr(in)16 conc_peak=9 pread=7.604s
      DBG getmany L92 nw=16 wall=0.492s thr(out)1 thr(in)16 conc_peak=16 pread=3.849s [reader]
      DBG getmany L91 nw=11 wall=0.729s thr(out)1 thr(in)16 conc_peak=11 pread=9.562s
      DBG getmany L92 nw=9 wall=0.144s thr(out)1 thr(in)16 conc_peak=9 pread=0.848s
      DBG getmany L1 nw=16 wall=0.263s thr(out)1 thr(in)16 conc_peak=16 pread=2.530s [reader]
      DBG getmany L1 nw=16 wall=0.413s thr(out)1 thr(in)16 conc_peak=16 pread=7.329s
      DBG getmany L2 nw=15 wall=0.464s thr(out)1 thr(in)16 conc_peak=15 pread=9.774s [reader]
      DBG getmany L3 nw=11 wall=0.178s thr(out)1 thr(in)16 conc_peak=11 pread=1.243s [reader]
      DBG getmany L2 nw=11 wall=0.283s thr(out)1 thr(in)16 conc_peak=11 pread=3.728s
      DBG getmany L4 nw=15 wall=0.240s thr(out)1 thr(in)16 conc_peak=15 pread=2.183s [reader]
      DBG getmany L3 nw=11 wall=0.353s thr(out)1 thr(in)16 conc_peak=11 pread=5.200s
      DBG getmany L5 nw=15 wall=0.333s thr(out)1 thr(in)16 conc_peak=15 pread=3.312s [reader]
      DBG getmany L4 nw=12 wall=0.351s thr(out)1 thr(in)16 conc_peak=12 pread=5.431s
      DBG getmany L6 nw=14 wall=0.265s thr(out)1 thr(in)16 conc_peak=14 pread=1.879s [reader]
      DBG getmany L5 nw=10 wall=0.322s thr(out)1 thr(in)16 conc_peak=10 pread=4.526s
      DBG getmany L7 nw=14 wall=0.408s thr(out)1 thr(in)16 conc_peak=14 pread=5.164s [reader]
      DBG getmany L6 nw=14 wall=0.382s thr(out)1 thr(in)16 conc_peak=14 pread=6.569s
      DBG getmany L8 nw=16 wall=0.285s thr(out)1 thr(in)16 conc_peak=16 pread=3.221s [reader]
      DBG getmany L7 nw=12 wall=0.373s thr(out)1 thr(in)16 conc_peak=12 pread=6.086s
      DBG getmany L9 nw=13 wall=0.305s thr(out)1 thr(in)16 conc_peak=13 pread=2.987s [reader]
      DBG getmany L8 nw=12 wall=0.313s thr(out)1 thr(in)16 conc_peak=12 pread=4.630s
      DBG getmany L10 nw=14 wall=0.294s thr(out)1 thr(in)16 conc_peak=14 pread=2.346s [reader]
      DBG getmany L9 nw=11 wall=0.318s thr(out)1 thr(in)16 conc_peak=11 pread=4.771s
      DBG getmany L11 nw=15 wall=0.286s thr(out)1 thr(in)16 conc_peak=15 pread=3.054s [reader]
      DBG getmany L10 nw=8 wall=0.280s thr(out)1 thr(in)16 conc_peak=8 pread=4.292s
      DBG getmany L12 nw=13 wall=0.323s thr(out)1 thr(in)16 conc_peak=13 pread=3.565s [reader]
      DBG getmany L11 nw=11 wall=0.321s thr(out)1 thr(in)16 conc_peak=11 pread=4.773s
      DBG getmany L13 nw=14 wall=0.302s thr(out)1 thr(in)16 conc_peak=14 pread=2.518s [reader]
      DBG getmany L12 nw=12 wall=0.344s thr(out)1 thr(in)16 conc_peak=12 pread=5.448s
      DBG getmany L14 nw=15 wall=0.334s thr(out)1 thr(in)16 conc_peak=15 pread=3.885s [reader]
      DBG getmany L13 nw=11 wall=0.335s thr(out)1 thr(in)16 conc_peak=11 pread=5.394s
      DBG getmany L15 nw=15 wall=0.344s thr(out)1 thr(in)16 conc_peak=15 pread=4.286s [reader]
      DBG getmany L14 nw=9 wall=0.319s thr(out)1 thr(in)16 conc_peak=9 pread=4.816s
      DBG getmany L16 nw=15 wall=0.367s thr(out)1 thr(in)16 conc_peak=15 pread=4.917s [reader]
      DBG getmany L15 nw=11 wall=0.353s thr(out)1 thr(in)16 conc_peak=11 pread=5.595s
      DBG getmany L17 nw=16 wall=0.319s thr(out)1 thr(in)16 conc_peak=16 pread=3.331s [reader]
      DBG getmany L16 nw=11 wall=0.342s thr(out)1 thr(in)16 conc_peak=11 pread=5.451s
      DBG getmany L18 nw=15 wall=0.369s thr(out)1 thr(in)16 conc_peak=15 pread=4.323s [reader]
      DBG getmany L17 nw=12 wall=0.345s thr(out)1 thr(in)16 conc_peak=12 pread=5.559s
      DBG getmany L19 nw=14 wall=0.298s thr(out)1 thr(in)16 conc_peak=14 pread=2.721s [reader]
      DBG getmany L18 nw=12 wall=0.321s thr(out)1 thr(in)16 conc_peak=12 pread=5.016s
      DBG getmany L20 nw=15 wall=0.350s thr(out)1 thr(in)16 conc_peak=15 pread=3.879s [reader]
      DBG getmany L19 nw=11 wall=0.357s thr(out)1 thr(in)16 conc_peak=11 pread=5.530s
      DBG getmany L21 nw=14 wall=0.267s thr(out)1 thr(in)16 conc_peak=14 pread=2.487s [reader]
      DBG getmany L20 nw=11 wall=0.312s thr(out)1 thr(in)16 conc_peak=11 pread=4.805s
      DBG getmany L22 nw=15 wall=0.941s thr(out)1 thr(in)16 conc_peak=15 pread=8.745s [reader]
      DBG getmany L21 nw=13 wall=0.936s thr(out)1 thr(in)16 conc_peak=13 pread=13.235s
      DBG getmany L23 nw=12 wall=0.583s thr(out)1 thr(in)16 conc_peak=12 pread=7.314s [reader]
      DBG getmany L22 nw=14 wall=0.755s thr(out)1 thr(in)16 conc_peak=14 pread=12.014s
      DBG getmany L24 nw=11 wall=0.544s thr(out)1 thr(in)16 conc_peak=11 pread=5.096s [reader]
      DBG getmany L23 nw=12 wall=0.831s thr(out)1 thr(in)16 conc_peak=12 pread=10.282s
      DBG getmany L25 nw=14 wall=0.591s thr(out)1 thr(in)16 conc_peak=14 pread=3.686s [reader]
      DBG getmany L24 nw=11 wall=0.961s thr(out)1 thr(in)16 conc_peak=11 pread=9.340s
      DBG getmany L26 nw=11 wall=0.815s thr(out)1 thr(in)16 conc_peak=11 pread=7.349s [reader]
      DBG getmany L25 nw=14 wall=0.903s thr(out)1 thr(in)16 conc_peak=14 pread=16.599s
      DBG getmany L27 nw=13 wall=0.381s thr(out)1 thr(in)16 conc_peak=13 pread=2.074s [reader]
      DBG getmany L26 nw=12 wall=0.699s thr(out)1 thr(in)16 conc_peak=12 pread=8.955s
      DBG getmany L28 nw=15 wall=0.580s thr(out)1 thr(in)16 conc_peak=15 pread=4.306s [reader]
      DBG getmany L27 nw=14 wall=0.937s thr(out)1 thr(in)16 conc_peak=14 pread=13.324s
      DBG getmany L29 nw=14 wall=0.895s thr(out)1 thr(in)16 conc_peak=14 pread=16.180s [reader]
      DBG getmany L28 nw=12 wall=0.862s thr(out)1 thr(in)16 conc_peak=12 pread=17.042s
      DBG getmany L30 nw=14 wall=0.482s thr(out)1 thr(in)16 conc_peak=14 pread=3.656s [reader]
      DBG getmany L29 nw=12 wall=0.934s thr(out)1 thr(in)16 conc_peak=12 pread=11.016s
      DBG getmany L31 nw=16 wall=0.757s thr(out)1 thr(in)16 conc_peak=16 pread=10.027s [reader]
      DBG getmany L30 nw=15 wall=0.786s thr(out)1 thr(in)16 conc_peak=15 pread=15.170s
      DBG getmany L32 nw=14 wall=0.813s thr(out)1 thr(in)16 conc_peak=14 pread=6.299s [reader]
      DBG getmany L31 nw=12 wall=0.941s thr(out)1 thr(in)16 conc_peak=12 pread=13.124s
      DBG getmany L32 nw=11 wall=0.843s thr(out)1 thr(in)16 conc_peak=11 pread=8.106s
      DBG getmany L33 nw=14 wall=0.947s thr(out)1 thr(in)16 conc_peak=14 pread=9.113s [reader]
      DBG getmany L34 nw=16 wall=0.872s thr(out)1 thr(in)16 conc_peak=16 pread=10.024s [reader]
      DBG getmany L33 nw=11 wall=0.991s thr(out)1 thr(in)16 conc_peak=11 pread=17.478s
      DBG getmany L35 nw=16 wall=0.769s thr(out)1 thr(in)16 conc_peak=16 pread=10.822s [reader]
      DBG getmany L34 nw=13 wall=0.781s thr(out)1 thr(in)16 conc_peak=13 pread=12.249s
      DBG getmany L36 nw=11 wall=0.185s thr(out)1 thr(in)16 conc_peak=11 pread=1.122s [reader]
      DBG getmany L35 nw=13 wall=0.878s thr(out)1 thr(in)16 conc_peak=13 pread=8.931s
      DBG getmany L37 nw=13 wall=0.484s thr(out)1 thr(in)16 conc_peak=13 pread=5.150s [reader]
      DBG getmany L36 nw=11 wall=0.897s thr(out)1 thr(in)16 conc_peak=11 pread=10.141s
      DBG getmany L38 nw=14 wall=0.462s thr(out)1 thr(in)16 conc_peak=14 pread=4.842s [reader]
      DBG getmany L37 nw=13 wall=0.946s thr(out)1 thr(in)16 conc_peak=13 pread=11.119s
      DBG getmany L39 nw=15 wall=0.468s thr(out)1 thr(in)16 conc_peak=15 pread=3.959s [reader]
      DBG getmany L38 nw=13 wall=0.714s thr(out)1 thr(in)16 conc_peak=13 pread=10.181s
      DBG getmany L40 nw=13 wall=0.331s thr(out)1 thr(in)16 conc_peak=13 pread=2.261s [reader]
      DBG getmany L39 nw=14 wall=0.698s thr(out)1 thr(in)16 conc_peak=14 pread=8.924s
      DBG getmany L40 nw=14 wall=0.908s thr(out)1 thr(in)16 conc_peak=14 pread=11.241s
      DBG getmany L41 nw=13 wall=1.011s thr(out)1 thr(in)16 conc_peak=13 pread=12.291s [reader]
      DBG getmany L42 nw=8 wall=0.381s thr(out)1 thr(in)16 conc_peak=8 pread=3.014s [reader]
      DBG getmany L41 nw=14 wall=0.845s thr(out)1 thr(in)16 conc_peak=14 pread=7.546s
      DBG getmany L43 nw=13 wall=0.575s thr(out)1 thr(in)16 conc_peak=13 pread=5.159s [reader]
      DBG getmany L42 nw=14 wall=0.746s thr(out)1 thr(in)16 conc_peak=14 pread=11.802s
      DBG getmany L44 nw=13 wall=0.408s thr(out)1 thr(in)16 conc_peak=13 pread=2.999s [reader]
      DBG getmany L43 nw=15 wall=0.975s thr(out)1 thr(in)16 conc_peak=15 pread=10.397s
      DBG getmany L45 nw=10 wall=0.917s thr(out)1 thr(in)16 conc_peak=10 pread=11.048s [reader]
      DBG getmany L44 nw=14 wall=0.899s thr(out)1 thr(in)16 conc_peak=14 pread=13.689s
      DBG getmany L46 nw=8 wall=0.949s thr(out)1 thr(in)16 conc_peak=8 pread=11.100s [reader]
      DBG getmany L45 nw=15 wall=0.930s thr(out)1 thr(in)16 conc_peak=15 pread=15.658s
      DBG getmany L46 nw=13 wall=0.610s thr(out)1 thr(in)16 conc_peak=13 pread=5.779s
      DBG getmany L47 nw=11 wall=0.795s thr(out)1 thr(in)16 conc_peak=11 pread=6.693s [reader]
      DBG getmany L48 nw=13 wall=0.888s thr(out)1 thr(in)16 conc_peak=13 pread=13.909s [reader]
      DBG getmany L47 nw=15 wall=0.968s thr(out)1 thr(in)16 conc_peak=15 pread=21.278s
      DBG getmany L49 nw=9 wall=0.885s thr(out)1 thr(in)16 conc_peak=9 pread=12.040s [reader]
      DBG getmany L48 nw=14 wall=0.869s thr(out)1 thr(in)16 conc_peak=14 pread=14.575s
      DBG getmany L50 nw=12 wall=0.921s thr(out)1 thr(in)16 conc_peak=12 pread=10.818s [reader]
      DBG getmany L49 nw=15 wall=0.982s thr(out)1 thr(in)16 conc_peak=15 pread=17.454s
      DBG getmany L51 nw=12 wall=0.755s thr(out)1 thr(in)16 conc_peak=12 pread=10.692s [reader]
      DBG getmany L50 nw=15 wall=0.741s thr(out)1 thr(in)16 conc_peak=15 pread=13.463s
      DBG getmany L52 nw=15 wall=0.877s thr(out)1 thr(in)16 conc_peak=15 pread=13.233s [reader]
      DBG getmany L51 nw=13 wall=0.937s thr(out)1 thr(in)16 conc_peak=13 pread=14.142s
      DBG getmany L53 nw=10 wall=0.602s thr(out)1 thr(in)16 conc_peak=10 pread=4.079s [reader]
      DBG getmany L52 nw=12 wall=0.828s thr(out)1 thr(in)16 conc_peak=12 pread=8.981s
      DBG getmany L54 nw=12 wall=0.314s thr(out)1 thr(in)16 conc_peak=12 pread=1.744s [reader]
      DBG getmany L53 nw=14 wall=0.911s thr(out)1 thr(in)16 conc_peak=14 pread=11.333s
      DBG getmany L55 nw=14 wall=0.785s thr(out)1 thr(in)16 conc_peak=14 pread=10.333s [reader]
      DBG getmany L54 nw=14 wall=0.741s thr(out)1 thr(in)16 conc_peak=14 pread=10.958s
      DBG getmany L56 nw=16 wall=0.688s thr(out)1 thr(in)16 conc_peak=16 pread=6.695s [reader]
      DBG getmany L55 nw=13 wall=0.848s thr(out)1 thr(in)16 conc_peak=13 pread=11.342s
      DBG getmany L57 nw=16 wall=0.587s thr(out)1 thr(in)16 conc_peak=16 pread=4.366s [reader]
      DBG getmany L56 nw=9 wall=0.842s thr(out)1 thr(in)16 conc_peak=9 pread=9.279s
      DBG getmany L58 nw=14 wall=0.506s thr(out)1 thr(in)16 conc_peak=14 pread=4.432s [reader]
      DBG getmany L57 nw=14 wall=0.841s thr(out)1 thr(in)16 conc_peak=14 pread=12.884s
      DBG getmany L59 nw=15 wall=0.575s thr(out)1 thr(in)16 conc_peak=15 pread=4.846s [reader]
      DBG getmany L58 nw=11 wall=0.729s thr(out)1 thr(in)16 conc_peak=11 pread=9.297s
      DBG getmany L60 nw=16 wall=0.472s thr(out)1 thr(in)16 conc_peak=16 pread=4.247s [reader]
      DBG getmany L59 nw=10 wall=0.905s thr(out)1 thr(in)16 conc_peak=10 pread=9.533s
      DBG getmany L61 nw=16 wall=0.683s thr(out)1 thr(in)16 conc_peak=16 pread=6.688s [reader]
      DBG getmany L60 nw=13 wall=0.980s thr(out)1 thr(in)16 conc_peak=13 pread=14.262s
      DBG getmany L62 nw=15 wall=0.998s thr(out)1 thr(in)16 conc_peak=15 pread=18.365s [reader]
      DBG getmany L61 nw=15 wall=0.948s thr(out)1 thr(in)16 conc_peak=15 pread=20.151s
      DBG getmany L63 nw=15 wall=0.735s thr(out)1 thr(in)16 conc_peak=15 pread=8.752s [reader]
      DBG getmany L62 nw=11 wall=0.703s thr(out)1 thr(in)16 conc_peak=11 pread=10.703s
      DBG getmany L64 nw=16 wall=0.380s thr(out)1 thr(in)16 conc_peak=16 pread=2.968s [reader]
      DBG getmany L63 nw=12 wall=0.948s thr(out)1 thr(in)16 conc_peak=12 pread=11.008s
      DBG getmany L65 nw=15 wall=0.646s thr(out)1 thr(in)16 conc_peak=15 pread=6.684s [reader]
      DBG getmany L64 nw=13 wall=0.966s thr(out)1 thr(in)16 conc_peak=13 pread=12.988s
      DBG getmany L65 nw=10 wall=0.879s thr(out)1 thr(in)16 conc_peak=10 pread=9.810s
      DBG getmany L66 nw=15 wall=0.949s thr(out)1 thr(in)16 conc_peak=15 pread=10.878s [reader]
      DBG getmany L67 nw=16 wall=0.456s thr(out)1 thr(in)16 conc_peak=16 pread=4.679s [reader]
      DBG getmany L66 nw=13 wall=0.794s thr(out)1 thr(in)16 conc_peak=13 pread=12.063s
      DBG getmany L68 nw=14 wall=0.371s thr(out)1 thr(in)16 conc_peak=14 pread=3.109s [reader]
      DBG getmany L67 nw=13 wall=0.957s thr(out)1 thr(in)16 conc_peak=13 pread=10.175s
      DBG getmany L69 nw=16 wall=0.939s thr(out)1 thr(in)16 conc_peak=16 pread=12.721s [reader]
      DBG getmany L68 nw=11 wall=0.914s thr(out)1 thr(in)16 conc_peak=11 pread=13.536s
      DBG getmany L70 nw=16 wall=0.962s thr(out)1 thr(in)16 conc_peak=16 pread=8.941s [reader]
      DBG getmany L69 nw=11 wall=0.946s thr(out)1 thr(in)16 conc_peak=11 pread=12.667s
      DBG getmany L71 nw=16 wall=0.760s thr(out)1 thr(in)16 conc_peak=16 pread=10.600s [reader]
      DBG getmany L70 nw=11 wall=0.740s thr(out)1 thr(in)16 conc_peak=11 pread=12.784s
      DBG getmany L72 nw=16 wall=0.953s thr(out)1 thr(in)16 conc_peak=16 pread=12.378s [reader]
      DBG getmany L71 nw=10 wall=1.006s thr(out)1 thr(in)16 conc_peak=10 pread=13.361s
      DBG getmany L73 nw=15 wall=0.367s thr(out)1 thr(in)16 conc_peak=15 pread=2.729s [reader]
      DBG getmany L72 nw=15 wall=0.998s thr(out)1 thr(in)16 conc_peak=15 pread=13.514s
      DBG getmany L74 nw=13 wall=0.721s thr(out)1 thr(in)16 conc_peak=13 pread=4.516s [reader]
      DBG getmany L73 nw=16 wall=0.972s thr(out)1 thr(in)16 conc_peak=16 pread=15.592s
      DBG getmany L75 nw=11 wall=0.672s thr(out)1 thr(in)16 conc_peak=11 pread=6.976s [reader]
      DBG getmany L74 nw=16 wall=0.776s thr(out)1 thr(in)16 conc_peak=16 pread=12.599s
      DBG getmany L76 nw=14 wall=2.033s thr(out)1 thr(in)16 conc_peak=14 pread=15.174s [reader]
      DBG getmany L75 nw=16 wall=8.407s thr(out)1 thr(in)16 conc_peak=16 pread=37.282s
      DBG getmany L77 nw=16 wall=4.417s thr(out)1 thr(in)16 conc_peak=16 pread=114.099s [reader]
      DBG getmany L76 nw=16 wall=4.413s thr(out)1 thr(in)16 conc_peak=16 pread=127.273s
      DBG getmany L78 nw=15 wall=0.968s thr(out)1 thr(in)16 conc_peak=15 pread=11.831s [reader]
      DBG getmany L77 nw=13 wall=0.971s thr(out)1 thr(in)16 conc_peak=13 pread=17.431s
      DBG getmany L79 nw=15 wall=0.826s thr(out)1 thr(in)16 conc_peak=15 pread=11.917s [reader]
      DBG getmany L78 nw=15 wall=0.800s thr(out)1 thr(in)16 conc_peak=15 pread=13.373s
      DBG getmany L80 nw=14 wall=0.942s thr(out)1 thr(in)16 conc_peak=14 pread=15.493s [reader]
      DBG getmany L79 nw=14 wall=0.962s thr(out)1 thr(in)16 conc_peak=14 pread=18.326s
      DBG getmany L81 nw=14 wall=0.915s thr(out)1 thr(in)16 conc_peak=14 pread=13.279s [reader]
      DBG getmany L80 nw=16 wall=0.948s thr(out)1 thr(in)16 conc_peak=16 pread=20.451s
      DBG getmany L82 nw=14 wall=0.292s thr(out)1 thr(in)16 conc_peak=14 pread=2.050s [reader]
      DBG getmany L81 nw=13 wall=0.977s thr(out)1 thr(in)16 conc_peak=13 pread=10.027s
      DBG getmany L83 nw=5 wall=0.608s thr(out)1 thr(in)16 conc_peak=5 pread=5.951s [reader]
      DBG getmany L82 nw=14 wall=0.626s thr(out)1 thr(in)16 conc_peak=14 pread=8.806s
      DBG getmany L84 nw=11 wall=0.877s thr(out)1 thr(in)16 conc_peak=11 pread=10.986s [reader]
      DBG getmany L83 nw=12 wall=0.872s thr(out)1 thr(in)16 conc_peak=12 pread=12.673s
      DBG getmany L85 nw=11 wall=0.894s thr(out)1 thr(in)16 conc_peak=11 pread=11.695s [reader]
      DBG getmany L84 nw=10 wall=0.857s thr(out)1 thr(in)16 conc_peak=10 pread=13.394s
      DBG getmany L86 nw=11 wall=0.739s thr(out)1 thr(in)16 conc_peak=11 pread=5.239s [reader]
      DBG getmany L85 nw=9 wall=0.813s thr(out)1 thr(in)16 conc_peak=9 pread=9.686s
      DBG getmany L87 nw=10 wall=0.334s thr(out)1 thr(in)16 conc_peak=10 pread=1.831s [reader]
      DBG getmany L86 nw=12 wall=0.644s thr(out)1 thr(in)16 conc_peak=12 pread=7.268s
      DBG getmany L87 nw=11 wall=0.752s thr(out)1 thr(in)16 conc_peak=11 pread=9.309s
      DBG getmany L88 nw=8 wall=0.840s thr(out)1 thr(in)16 conc_peak=8 pread=10.169s [reader]
      DBG getmany L89 nw=8 wall=0.805s thr(out)1 thr(in)16 conc_peak=8 pread=7.089s [reader]
      DBG getmany L88 nw=12 wall=0.823s thr(out)1 thr(in)16 conc_peak=12 pread=11.686s
      DBG getmany L90 nw=9 wall=0.922s thr(out)1 thr(in)16 conc_peak=9 pread=9.339s [reader]
      DBG getmany L89 nw=12 wall=0.873s thr(out)1 thr(in)16 conc_peak=12 pread=10.136s
      DBG getmany L91 nw=11 wall=0.243s thr(out)1 thr(in)16 conc_peak=11 pread=1.397s [reader]
      DBG getmany L90 nw=12 wall=0.680s thr(out)1 thr(in)16 conc_peak=12 pread=8.661s
      DBG getmany L92 nw=9 wall=0.440s thr(out)1 thr(in)16 conc_peak=9 pread=2.503s [reader]
      DBG getmany L91 nw=12 wall=0.668s thr(out)1 thr(in)16 conc_peak=12 pread=8.123s
      DBG getmany L92 nw=12 wall=0.183s thr(out)1 thr(in)16 conc_peak=12 pread=1.237s
        of those hits : 2392 came from the batch prefetch, i.e. read from disk
                        this token; TRUE resident hit rate 0.00%
        read from disk: 41.97 GB in 138.96 s (302 MB/s while loading)
        prefetch      : issued 1235  LATE 0  survival 21.4% (315/1472 prev-token routed experts still resident)
        hit I/O   : 115.29 GB in 320.82 s (wall) = 359 MB/s [pread 2927.43 s, 39 MB/s per-thread]
           experts the prefetcher had just read from disk, so it is not a
start : 11:54:18
load  : 0.06 0.34 0.19
mem   : 53.9GB
end   : 12:21:46
