L2 auto: 209 GB free on /mnt/nvme -> L2 at 256 GB
k3 chip: 4 workers, 4 TFLOPS, 200 GB/s simulated wall
DBG getmany L1 nw=16 wall=0.377s thr(out)1 thr(in)16 conc_peak=16 pread=2.875s
DBG getmany L2 nw=16 wall=0.229s thr(out)1 thr(in)16 conc_peak=16 pread=2.624s
DBG getmany L3 nw=16 wall=0.334s thr(out)1 thr(in)16 conc_peak=16 pread=4.405s
DBG getmany L4 nw=16 wall=0.352s thr(out)1 thr(in)16 conc_peak=16 pread=4.555s
DBG getmany L5 nw=16 wall=0.285s thr(out)1 thr(in)16 conc_peak=16 pread=3.893s
DBG getmany L6 nw=16 wall=0.190s thr(out)1 thr(in)16 conc_peak=16 pread=2.311s
DBG getmany L7 nw=16 wall=0.292s thr(out)1 thr(in)16 conc_peak=16 pread=4.159s
DBG getmany L8 nw=16 wall=0.219s thr(out)1 thr(in)16 conc_peak=16 pread=2.381s
DBG getmany L9 nw=16 wall=0.274s thr(out)1 thr(in)16 conc_peak=16 pread=2.726s
DBG getmany L10 nw=16 wall=0.192s thr(out)1 thr(in)16 conc_peak=16 pread=2.268s
DBG getmany L11 nw=16 wall=0.256s thr(out)1 thr(in)16 conc_peak=16 pread=3.128s
DBG getmany L12 nw=16 wall=0.238s thr(out)1 thr(in)16 conc_peak=16 pread=2.917s
DBG getmany L13 nw=16 wall=0.252s thr(out)1 thr(in)16 conc_peak=16 pread=2.845s
DBG getmany L14 nw=16 wall=0.412s thr(out)1 thr(in)16 conc_peak=16 pread=5.489s
DBG getmany L15 nw=16 wall=0.403s thr(out)1 thr(in)16 conc_peak=16 pread=5.228s
DBG getmany L16 nw=16 wall=0.634s thr(out)1 thr(in)16 conc_peak=16 pread=5.981s
DBG getmany L17 nw=16 wall=0.248s thr(out)1 thr(in)16 conc_peak=16 pread=2.813s
DBG getmany L18 nw=16 wall=0.240s thr(out)1 thr(in)16 conc_peak=16 pread=2.616s
DBG getmany L19 nw=16 wall=0.678s thr(out)1 thr(in)16 conc_peak=16 pread=8.539s
DBG getmany L20 nw=16 wall=0.280s thr(out)1 thr(in)16 conc_peak=16 pread=3.534s
DBG getmany L21 nw=16 wall=0.413s thr(out)1 thr(in)16 conc_peak=16 pread=4.966s
DBG getmany L22 nw=16 wall=0.650s thr(out)1 thr(in)16 conc_peak=16 pread=8.764s
DBG getmany L23 nw=16 wall=0.327s thr(out)1 thr(in)16 conc_peak=16 pread=3.985s
DBG getmany L24 nw=16 wall=0.332s thr(out)1 thr(in)16 conc_peak=16 pread=4.219s
DBG getmany L25 nw=16 wall=0.299s thr(out)1 thr(in)16 conc_peak=16 pread=4.200s
DBG getmany L26 nw=16 wall=0.393s thr(out)1 thr(in)16 conc_peak=16 pread=5.295s
DBG getmany L27 nw=16 wall=1.177s thr(out)1 thr(in)16 conc_peak=16 pread=17.607s
DBG getmany L28 nw=16 wall=0.591s thr(out)1 thr(in)16 conc_peak=16 pread=8.532s
DBG getmany L29 nw=16 wall=1.262s thr(out)1 thr(in)16 conc_peak=16 pread=19.041s
DBG getmany L30 nw=16 wall=0.266s thr(out)1 thr(in)16 conc_peak=16 pread=3.384s
DBG getmany L31 nw=16 wall=0.219s thr(out)1 thr(in)16 conc_peak=16 pread=3.150s
DBG getmany L32 nw=16 wall=0.218s thr(out)1 thr(in)16 conc_peak=16 pread=2.631s
DBG getmany L33 nw=16 wall=0.297s thr(out)1 thr(in)16 conc_peak=16 pread=2.907s
DBG getmany L34 nw=16 wall=0.788s thr(out)1 thr(in)16 conc_peak=16 pread=11.012s
DBG getmany L35 nw=16 wall=0.647s thr(out)1 thr(in)16 conc_peak=16 pread=7.950s
DBG getmany L36 nw=16 wall=0.945s thr(out)1 thr(in)16 conc_peak=16 pread=13.784s
DBG getmany L37 nw=16 wall=0.448s thr(out)1 thr(in)16 conc_peak=16 pread=5.553s
DBG getmany L38 nw=16 wall=0.687s thr(out)1 thr(in)16 conc_peak=16 pread=9.562s
DBG getmany L39 nw=16 wall=0.335s thr(out)1 thr(in)16 conc_peak=16 pread=4.651s
DBG getmany L40 nw=16 wall=0.212s thr(out)1 thr(in)16 conc_peak=16 pread=2.515s
DBG getmany L41 nw=16 wall=0.230s thr(out)1 thr(in)16 conc_peak=16 pread=2.801s
DBG getmany L42 nw=16 wall=0.255s thr(out)1 thr(in)16 conc_peak=16 pread=2.970s
DBG getmany L43 nw=16 wall=0.431s thr(out)1 thr(in)16 conc_peak=16 pread=5.050s
DBG getmany L44 nw=16 wall=0.316s thr(out)1 thr(in)16 conc_peak=16 pread=4.441s
DBG getmany L45 nw=16 wall=0.337s thr(out)1 thr(in)16 conc_peak=16 pread=4.668s
DBG getmany L46 nw=16 wall=0.324s thr(out)1 thr(in)16 conc_peak=16 pread=3.883s
DBG getmany L47 nw=16 wall=0.758s thr(out)1 thr(in)16 conc_peak=16 pread=4.320s
DBG getmany L48 nw=16 wall=0.840s thr(out)1 thr(in)16 conc_peak=16 pread=11.458s
DBG getmany L49 nw=16 wall=0.819s thr(out)1 thr(in)16 conc_peak=16 pread=9.775s
DBG getmany L50 nw=16 wall=3.544s thr(out)1 thr(in)16 conc_peak=16 pread=40.812s
DBG getmany L51 nw=16 wall=0.397s thr(out)1 thr(in)16 conc_peak=16 pread=5.414s
DBG getmany L52 nw=16 wall=0.238s thr(out)1 thr(in)16 conc_peak=16 pread=2.926s
DBG getmany L53 nw=16 wall=0.343s thr(out)1 thr(in)16 conc_peak=16 pread=4.415s
DBG getmany L54 nw=16 wall=0.209s thr(out)1 thr(in)16 conc_peak=16 pread=2.055s
DBG getmany L55 nw=16 wall=0.440s thr(out)1 thr(in)16 conc_peak=16 pread=5.410s
DBG getmany L56 nw=16 wall=0.249s thr(out)1 thr(in)16 conc_peak=16 pread=3.058s
DBG getmany L57 nw=16 wall=0.335s thr(out)1 thr(in)16 conc_peak=16 pread=4.709s
DBG getmany L58 nw=16 wall=0.205s thr(out)1 thr(in)16 conc_peak=16 pread=2.218s
DBG getmany L59 nw=16 wall=0.425s thr(out)1 thr(in)16 conc_peak=16 pread=5.673s
DBG getmany L60 nw=16 wall=0.316s thr(out)1 thr(in)16 conc_peak=16 pread=4.016s
DBG getmany L61 nw=16 wall=0.366s thr(out)1 thr(in)16 conc_peak=16 pread=4.574s
DBG getmany L62 nw=16 wall=0.245s thr(out)1 thr(in)16 conc_peak=16 pread=3.023s
DBG getmany L63 nw=16 wall=0.504s thr(out)1 thr(in)16 conc_peak=16 pread=7.383s
DBG getmany L64 nw=16 wall=0.277s thr(out)1 thr(in)16 conc_peak=16 pread=3.553s
DBG getmany L65 nw=16 wall=0.376s thr(out)1 thr(in)16 conc_peak=16 pread=4.763s
DBG getmany L66 nw=16 wall=0.205s thr(out)1 thr(in)16 conc_peak=16 pread=2.197s
DBG getmany L67 nw=16 wall=0.433s thr(out)1 thr(in)16 conc_peak=16 pread=5.794s
DBG getmany L68 nw=16 wall=0.322s thr(out)1 thr(in)16 conc_peak=16 pread=3.844s
DBG getmany L69 nw=16 wall=0.320s thr(out)1 thr(in)16 conc_peak=16 pread=4.018s
DBG getmany L70 nw=16 wall=0.198s thr(out)1 thr(in)16 conc_peak=16 pread=1.908s
DBG getmany L71 nw=16 wall=0.434s thr(out)1 thr(in)16 conc_peak=16 pread=5.740s
DBG getmany L72 nw=16 wall=0.329s thr(out)1 thr(in)16 conc_peak=16 pread=4.602s
DBG getmany L73 nw=16 wall=0.323s thr(out)1 thr(in)16 conc_peak=16 pread=3.779s
DBG getmany L74 nw=16 wall=0.215s thr(out)1 thr(in)16 conc_peak=16 pread=2.307s
DBG getmany L75 nw=16 wall=0.473s thr(out)1 thr(in)16 conc_peak=16 pread=5.317s
DBG getmany L76 nw=16 wall=0.320s thr(out)1 thr(in)16 conc_peak=16 pread=4.483s
DBG getmany L77 nw=16 wall=0.365s thr(out)1 thr(in)16 conc_peak=16 pread=4.755s
DBG getmany L78 nw=16 wall=0.204s thr(out)1 thr(in)16 conc_peak=16 pread=2.014s
DBG getmany L79 nw=16 wall=0.375s thr(out)1 thr(in)16 conc_peak=16 pread=5.132s
DBG getmany L80 nw=16 wall=0.389s thr(out)1 thr(in)16 conc_peak=16 pread=5.110s
DBG getmany L81 nw=16 wall=0.355s thr(out)1 thr(in)16 conc_peak=16 pread=3.699s
DBG getmany L82 nw=16 wall=0.143s thr(out)1 thr(in)16 conc_peak=16 pread=1.449s
DBG getmany L83 nw=16 wall=0.375s thr(out)1 thr(in)16 conc_peak=16 pread=4.571s
DBG getmany L84 nw=16 wall=0.288s thr(out)1 thr(in)16 conc_peak=16 pread=4.052s
DBG getmany L85 nw=16 wall=0.299s thr(out)1 thr(in)16 conc_peak=16 pread=3.690s
DBG getmany L86 nw=16 wall=0.140s thr(out)1 thr(in)16 conc_peak=16 pread=1.554s
DBG getmany L87 nw=16 wall=0.354s thr(out)1 thr(in)16 conc_peak=16 pread=4.385s
DBG getmany L88 nw=16 wall=0.203s thr(out)1 thr(in)16 conc_peak=16 pread=2.145s
DBG getmany L89 nw=16 wall=0.338s thr(out)1 thr(in)16 conc_peak=16 pread=4.413s
DBG getmany L90 nw=16 wall=0.125s thr(out)1 thr(in)16 conc_peak=16 pread=1.296s
DBG getmany L91 nw=16 wall=0.254s thr(out)1 thr(in)16 conc_peak=16 pread=3.601s
DBG getmany L92 nw=16 wall=0.136s thr(out)1 thr(in)16 conc_peak=16 pread=1.344s
auto budget: 28.6 GB available, 9.0 GB reserved -> trunk 6.0 GB / expert cache 13.7 GB
config: /model/config.json (nested shape) | hidden=7168 layers=93 vocab=163840 | 24 MLA + 69 KDA | experts 896 top16 shared2 | latent=3584
  KV cache : 23.70 MB for 10 positions (2.37 MB/position)
Kimi K3, pure C, released checkpoint
  model    : /model
  prompt   : 1 tokens, generating 8

indexed 497220 tensors from 96 shards in 21.87 s
trunk on disk : 110.00 GB total (STREAMED from /mnt/nvme/trunk_layers_out, not held in RAM)

memory plan
  trunk (STREAMED) 6.00 GB
  embed + lm_head  4.70 GB
  expert cache     13.67 GB
  recurrent state  626.25 MB
  buffers          8.02 MB
  KV cache         23.65 MB
  TOTAL            25.02 GB
  available        28.63 GB

k3_trunk: trunk.bin absent - using per-layer slices (layer_%03d.bin)
trunk stream: 56.60 GB packed, 1/93 layers PINNED (3.00 GB), ring 2 x 1.30 GB
              reads use buffered I/O
              ring holds 2 slots: layers repeat over ~2 tokens, so recent ones are reused instead of re-read
trunk streaming enabled from /mnt/nvme/trunk_layers_out in 0.0 s
embedding, final norm and lm_head: 4.70 GB in 12.3 s

expert L1 eviction policy: heat
async expert prefetch: lookahead depth 1 layer(s)
expert L2 cache enabled: 14589 slots x 17.55 MB = 256.00 GB on /mnt/nvme/experts.l2
expert L2 eviction policy: heat
peak RSS after loading weights: 4.79 GB  (the plan above is a forecast, this is measured)
expert cache: 778 slots x 17.56 MB = 13.66 GB (0.94% of the 1.45 TB expert pool)

recurrent state for 93 layers: 626.25 MB

incremental decode: KV cache 23.65 MB for 24 MLA layers at 10 positions

STEP   TOKEN      SECONDS      CACHE HIT  READ GB    TOK/S
--------------------------------------------------------------------
0      220        137.12       100.0      25.83      0.007
  L2   resident=6779/14589 slots hit=100.0% read=25.79GB write=0.00GB
DBG getmany L1 nw=16 wall=0.526s thr(out)1 thr(in)16 conc_peak=16 pread=5.542s [reader]
DBG getmany L2 nw=16 wall=0.454s thr(out)1 thr(in)16 conc_peak=16 pread=5.544s [reader]
DBG getmany L1 nw=16 wall=0.199s thr(out)1 thr(in)16 conc_peak=16 pread=2.113s
DBG getmany L3 nw=16 wall=0.307s thr(out)1 thr(in)16 conc_peak=16 pread=2.759s [reader]
DBG getmany L2 nw=15 wall=1.253s thr(out)1 thr(in)16 conc_peak=15 pread=5.695s
DBG getmany L4 nw=16 wall=0.550s thr(out)1 thr(in)16 conc_peak=16 pread=7.996s [reader]
DBG getmany L3 nw=11 wall=0.349s thr(out)1 thr(in)16 conc_peak=11 pread=9.406s
DBG getmany L5 nw=16 wall=0.428s thr(out)1 thr(in)16 conc_peak=16 pread=4.667s [reader]
DBG getmany L4 nw=15 wall=0.382s thr(out)1 thr(in)16 conc_peak=15 pread=8.783s
DBG getmany L6 nw=16 wall=0.498s thr(out)1 thr(in)16 conc_peak=16 pread=5.520s [reader]
DBG getmany L5 nw=15 wall=0.326s thr(out)1 thr(in)16 conc_peak=15 pread=8.352s
DBG getmany L7 nw=16 wall=0.225s thr(out)1 thr(in)16 conc_peak=16 pread=1.784s [reader]
DBG getmany L6 nw=14 wall=0.180s thr(out)1 thr(in)16 conc_peak=14 pread=1.839s
DBG getmany L8 nw=16 wall=0.481s thr(out)1 thr(in)16 conc_peak=16 pread=3.464s [reader]
DBG getmany L7 nw=14 wall=0.429s thr(out)1 thr(in)16 conc_peak=14 pread=7.266s
DBG getmany L9 nw=16 wall=0.604s thr(out)1 thr(in)16 conc_peak=16 pread=3.861s [reader]
DBG getmany L8 nw=16 wall=0.299s thr(out)1 thr(in)16 conc_peak=16 pread=5.383s
DBG getmany L10 nw=16 wall=0.497s thr(out)1 thr(in)16 conc_peak=16 pread=2.716s [reader]
DBG getmany L9 nw=13 wall=0.306s thr(out)1 thr(in)16 conc_peak=13 pread=4.625s
DBG getmany L11 nw=16 wall=0.287s thr(out)1 thr(in)16 conc_peak=16 pread=2.467s [reader]
DBG getmany L10 nw=14 wall=0.226s thr(out)1 thr(in)16 conc_peak=14 pread=2.385s
DBG getmany L12 nw=16 wall=0.308s thr(out)1 thr(in)16 conc_peak=16 pread=2.450s [reader]
DBG getmany L11 nw=15 wall=0.470s thr(out)1 thr(in)16 conc_peak=15 pread=7.116s
DBG getmany L13 nw=16 wall=0.583s thr(out)1 thr(in)16 conc_peak=16 pread=2.926s [reader]
DBG getmany L12 nw=13 wall=0.370s thr(out)1 thr(in)16 conc_peak=13 pread=5.706s
DBG getmany L14 nw=16 wall=0.402s thr(out)1 thr(in)16 conc_peak=16 pread=3.064s [reader]
DBG getmany L13 nw=14 wall=0.333s thr(out)1 thr(in)16 conc_peak=14 pread=5.372s
DBG getmany L15 nw=16 wall=0.204s thr(out)1 thr(in)16 conc_peak=16 pread=1.749s [reader]
DBG getmany L14 nw=15 wall=0.243s thr(out)1 thr(in)16 conc_peak=15 pread=2.910s
DBG getmany L16 nw=16 wall=0.586s thr(out)1 thr(in)16 conc_peak=16 pread=4.031s [reader]
DBG getmany L15 nw=15 wall=0.436s thr(out)1 thr(in)16 conc_peak=15 pread=8.099s
DBG getmany L17 nw=16 wall=0.403s thr(out)1 thr(in)16 conc_peak=16 pread=2.983s [reader]
DBG getmany L16 nw=15 wall=0.200s thr(out)1 thr(in)16 conc_peak=15 pread=2.413s
DBG getmany L18 nw=16 wall=0.604s thr(out)1 thr(in)16 conc_peak=16 pread=4.067s [reader]
DBG getmany L17 nw=16 wall=0.438s thr(out)1 thr(in)16 conc_peak=16 pread=7.433s
DBG getmany L19 nw=16 wall=0.507s thr(out)1 thr(in)16 conc_peak=16 pread=3.364s [reader]
DBG getmany L18 nw=15 wall=0.266s thr(out)1 thr(in)16 conc_peak=15 pread=4.974s
DBG getmany L20 nw=16 wall=0.588s thr(out)1 thr(in)16 conc_peak=16 pread=8.119s [reader]
DBG getmany L19 nw=14 wall=0.267s thr(out)1 thr(in)16 conc_peak=14 pread=8.707s
DBG getmany L21 nw=16 wall=0.399s thr(out)1 thr(in)16 conc_peak=16 pread=3.631s [reader]
DBG getmany L20 nw=15 wall=0.452s thr(out)1 thr(in)16 conc_peak=15 pread=7.656s
DBG getmany L21 nw=14 wall=0.303s thr(out)1 thr(in)16 conc_peak=14 pread=5.244s
DBG getmany L22 nw=16 wall=0.674s thr(out)1 thr(in)16 conc_peak=16 pread=7.267s [reader]
DBG getmany L23 nw=16 wall=0.435s thr(out)1 thr(in)16 conc_peak=16 pread=3.103s [reader]
DBG getmany L22 nw=15 wall=0.263s thr(out)1 thr(in)16 conc_peak=15 pread=4.813s
DBG getmany L24 nw=16 wall=0.369s thr(out)1 thr(in)16 conc_peak=16 pread=3.240s [reader]
DBG getmany L23 nw=12 wall=0.441s thr(out)1 thr(in)16 conc_peak=12 pread=6.351s
DBG getmany L25 nw=16 wall=0.582s thr(out)1 thr(in)16 conc_peak=16 pread=6.275s [reader]
DBG getmany L24 nw=11 wall=0.405s thr(out)1 thr(in)16 conc_peak=11 pread=9.678s
DBG getmany L26 nw=16 wall=0.642s thr(out)1 thr(in)16 conc_peak=16 pread=3.264s [reader]
DBG getmany L25 nw=14 wall=0.426s thr(out)1 thr(in)16 conc_peak=14 pread=6.487s
DBG getmany L27 nw=16 wall=0.467s thr(out)1 thr(in)16 conc_peak=16 pread=3.796s [reader]
DBG getmany L26 nw=11 wall=0.259s thr(out)1 thr(in)16 conc_peak=11 pread=4.618s
DBG getmany L28 nw=16 wall=0.565s thr(out)1 thr(in)16 conc_peak=16 pread=4.120s [reader]
DBG getmany L27 nw=13 wall=0.463s thr(out)1 thr(in)16 conc_peak=13 pread=8.855s
DBG getmany L28 nw=15 wall=0.366s thr(out)1 thr(in)16 conc_peak=15 pread=7.560s
DBG getmany L29 nw=16 wall=0.647s thr(out)1 thr(in)16 conc_peak=16 pread=11.011s [reader]
DBG getmany L30 nw=16 wall=0.662s thr(out)1 thr(in)16 conc_peak=16 pread=4.307s [reader]
DBG getmany L29 nw=14 wall=0.427s thr(out)1 thr(in)16 conc_peak=14 pread=7.094s
DBG getmany L31 nw=16 wall=0.524s thr(out)1 thr(in)16 conc_peak=16 pread=2.480s [reader]
DBG getmany L30 nw=14 wall=0.285s thr(out)1 thr(in)16 conc_peak=14 pread=4.929s
DBG getmany L32 nw=16 wall=0.734s thr(out)1 thr(in)16 conc_peak=16 pread=5.929s [reader]
DBG getmany L31 nw=16 wall=0.593s thr(out)1 thr(in)16 conc_peak=16 pread=12.552s
DBG getmany L33 nw=16 wall=0.680s thr(out)1 thr(in)16 conc_peak=16 pread=6.125s [reader]
DBG getmany L32 nw=14 wall=0.462s thr(out)1 thr(in)16 conc_peak=14 pread=8.742s
DBG getmany L34 nw=16 wall=0.740s thr(out)1 thr(in)16 conc_peak=16 pread=13.054s [reader]
DBG getmany L33 nw=14 wall=0.484s thr(out)1 thr(in)16 conc_peak=14 pread=12.471s
DBG getmany L35 nw=16 wall=0.562s thr(out)1 thr(in)16 conc_peak=16 pread=5.745s [reader]
DBG getmany L34 nw=16 wall=0.307s thr(out)1 thr(in)16 conc_peak=16 pread=6.139s
DBG getmany L36 nw=16 wall=0.480s thr(out)1 thr(in)16 conc_peak=16 pread=4.786s [reader]
DBG getmany L35 nw=16 wall=0.595s thr(out)1 thr(in)16 conc_peak=16 pread=12.484s
DBG getmany L37 nw=16 wall=0.634s thr(out)1 thr(in)16 conc_peak=16 pread=8.704s [reader]
DBG getmany L36 nw=11 wall=0.474s thr(out)1 thr(in)16 conc_peak=11 pread=13.156s
DBG getmany L38 nw=16 wall=0.622s thr(out)1 thr(in)16 conc_peak=16 pread=9.598s [reader]
DBG getmany L37 nw=13 wall=0.442s thr(out)1 thr(in)16 conc_peak=13 pread=12.451s
DBG getmany L39 nw=16 wall=0.529s thr(out)1 thr(in)16 conc_peak=16 pread=7.219s [reader]
DBG getmany L38 nw=14 wall=0.297s thr(out)1 thr(in)16 conc_peak=14 pread=9.839s
DBG getmany L40 nw=16 wall=0.369s thr(out)1 thr(in)16 conc_peak=16 pread=3.943s [reader]
DBG getmany L39 nw=15 wall=0.535s thr(out)1 thr(in)16 conc_peak=15 pread=9.863s
DBG getmany L41 nw=16 wall=0.711s thr(out)1 thr(in)16 conc_peak=16 pread=7.336s [reader]
DBG getmany L40 nw=13 wall=0.404s thr(out)1 thr(in)16 conc_peak=13 pread=6.278s
DBG getmany L42 nw=16 wall=0.653s thr(out)1 thr(in)16 conc_peak=16 pread=7.669s [reader]
DBG getmany L41 nw=13 wall=0.410s thr(out)1 thr(in)16 conc_peak=13 pread=10.671s
DBG getmany L42 nw=8 wall=0.256s thr(out)1 thr(in)16 conc_peak=8 pread=6.856s
DBG getmany L43 nw=16 wall=0.495s thr(out)1 thr(in)16 conc_peak=16 pread=7.857s [reader]
DBG getmany L44 nw=16 wall=0.502s thr(out)1 thr(in)16 conc_peak=16 pread=4.067s [reader]
DBG getmany L43 nw=13 wall=0.518s thr(out)1 thr(in)16 conc_peak=13 pread=8.154s
DBG getmany L44 nw=13 wall=0.378s thr(out)1 thr(in)16 conc_peak=13 pread=6.822s
DBG getmany L45 nw=16 wall=0.716s thr(out)1 thr(in)16 conc_peak=16 pread=9.984s [reader]
DBG getmany L46 nw=16 wall=0.486s thr(out)1 thr(in)16 conc_peak=16 pread=3.947s [reader]
DBG getmany L45 nw=10 wall=0.423s thr(out)1 thr(in)16 conc_peak=10 pread=7.106s
DBG getmany L47 nw=16 wall=0.474s thr(out)1 thr(in)16 conc_peak=16 pread=5.233s [reader]
DBG getmany L46 nw=8 wall=0.296s thr(out)1 thr(in)16 conc_peak=8 pread=6.237s
DBG getmany L48 nw=16 wall=0.327s thr(out)1 thr(in)16 conc_peak=16 pread=2.409s [reader]
DBG getmany L47 nw=11 wall=0.517s thr(out)1 thr(in)16 conc_peak=11 pread=5.459s
DBG getmany L49 nw=16 wall=0.781s thr(out)1 thr(in)16 conc_peak=16 pread=4.498s [reader]
DBG getmany L48 nw=13 wall=0.575s thr(out)1 thr(in)16 conc_peak=13 pread=8.492s
DBG getmany L50 nw=16 wall=0.624s thr(out)1 thr(in)16 conc_peak=16 pread=3.662s [reader]
DBG getmany L49 nw=9 wall=0.471s thr(out)1 thr(in)16 conc_peak=9 pread=5.830s
DBG getmany L51 nw=16 wall=0.632s thr(out)1 thr(in)16 conc_peak=16 pread=7.923s [reader]
DBG getmany L50 nw=12 wall=0.370s thr(out)1 thr(in)16 conc_peak=12 pread=8.558s
DBG getmany L52 nw=16 wall=0.210s thr(out)1 thr(in)16 conc_peak=16 pread=2.063s [reader]
DBG getmany L51 nw=12 wall=0.379s thr(out)1 thr(in)16 conc_peak=12 pread=2.637s
DBG getmany L53 nw=16 wall=0.740s thr(out)1 thr(in)16 conc_peak=16 pread=8.087s [reader]
DBG getmany L52 nw=15 wall=0.447s thr(out)1 thr(in)16 conc_peak=15 pread=10.120s
DBG getmany L54 nw=16 wall=0.611s thr(out)1 thr(in)16 conc_peak=16 pread=3.959s [reader]
DBG getmany L53 nw=10 wall=0.465s thr(out)1 thr(in)16 conc_peak=10 pread=6.556s
DBG getmany L54 nw=12 wall=0.282s thr(out)1 thr(in)16 conc_peak=12 pread=5.313s
DBG getmany L55 nw=16 wall=0.616s thr(out)1 thr(in)16 conc_peak=16 pread=7.897s [reader]
DBG getmany L56 nw=16 wall=0.668s thr(out)1 thr(in)16 conc_peak=16 pread=7.060s [reader]
DBG getmany L55 nw=14 wall=0.589s thr(out)1 thr(in)16 conc_peak=14 pread=12.870s
DBG getmany L57 nw=16 wall=0.622s thr(out)1 thr(in)16 conc_peak=16 pread=4.220s [reader]
DBG getmany L56 nw=16 wall=0.444s thr(out)1 thr(in)16 conc_peak=16 pread=9.708s
DBG getmany L58 nw=16 wall=0.699s thr(out)1 thr(in)16 conc_peak=16 pread=3.601s [reader]
DBG getmany L57 nw=16 wall=0.519s thr(out)1 thr(in)16 conc_peak=16 pread=9.370s
DBG getmany L59 nw=16 wall=0.616s thr(out)1 thr(in)16 conc_peak=16 pread=7.090s [reader]
DBG getmany L58 nw=14 wall=0.287s thr(out)1 thr(in)16 conc_peak=14 pread=5.227s
DBG getmany L60 nw=16 wall=0.534s thr(out)1 thr(in)16 conc_peak=16 pread=4.885s [reader]
DBG getmany L59 nw=15 wall=0.593s thr(out)1 thr(in)16 conc_peak=15 pread=12.491s
DBG getmany L61 nw=16 wall=0.414s thr(out)1 thr(in)16 conc_peak=16 pread=3.627s [reader]
DBG getmany L60 nw=16 wall=0.470s thr(out)1 thr(in)16 conc_peak=16 pread=7.761s
DBG getmany L62 nw=16 wall=0.647s thr(out)1 thr(in)16 conc_peak=16 pread=3.001s [reader]
DBG getmany L61 nw=16 wall=0.508s thr(out)1 thr(in)16 conc_peak=16 pread=8.382s
DBG getmany L63 nw=16 wall=0.483s thr(out)1 thr(in)16 conc_peak=16 pread=4.324s [reader]
DBG getmany L62 nw=15 wall=0.339s thr(out)1 thr(in)16 conc_peak=15 pread=7.854s
DBG getmany L64 nw=16 wall=0.654s thr(out)1 thr(in)16 conc_peak=16 pread=3.931s [reader]
DBG getmany L63 nw=15 wall=0.570s thr(out)1 thr(in)16 conc_peak=15 pread=10.942s
DBG getmany L65 nw=16 wall=0.756s thr(out)1 thr(in)16 conc_peak=16 pread=6.834s [reader]
DBG getmany L64 nw=16 wall=0.457s thr(out)1 thr(in)16 conc_peak=16 pread=8.283s
DBG getmany L66 nw=16 wall=0.770s thr(out)1 thr(in)16 conc_peak=16 pread=8.433s [reader]
DBG getmany L65 nw=15 wall=0.463s thr(out)1 thr(in)16 conc_peak=15 pread=8.096s
DBG getmany L67 nw=16 wall=0.637s thr(out)1 thr(in)16 conc_peak=16 pread=8.376s [reader]
DBG getmany L66 nw=15 wall=0.343s thr(out)1 thr(in)16 conc_peak=15 pread=8.288s
DBG getmany L68 nw=16 wall=0.658s thr(out)1 thr(in)16 conc_peak=16 pread=6.684s [reader]
DBG getmany L67 nw=16 wall=0.591s thr(out)1 thr(in)16 conc_peak=16 pread=13.631s
DBG getmany L68 nw=14 wall=0.407s thr(out)1 thr(in)16 conc_peak=14 pread=9.112s
DBG getmany L69 nw=16 wall=0.755s thr(out)1 thr(in)16 conc_peak=16 pread=11.366s [reader]
DBG getmany L70 nw=16 wall=0.737s thr(out)1 thr(in)16 conc_peak=16 pread=5.263s [reader]
DBG getmany L69 nw=16 wall=0.551s thr(out)1 thr(in)16 conc_peak=16 pread=10.113s
DBG getmany L71 nw=16 wall=0.555s thr(out)1 thr(in)16 conc_peak=16 pread=3.205s [reader]
DBG getmany L70 nw=16 wall=0.310s thr(out)1 thr(in)16 conc_peak=16 pread=6.542s
DBG getmany L72 nw=16 wall=0.369s thr(out)1 thr(in)16 conc_peak=16 pread=2.276s [reader]
DBG getmany L71 nw=16 wall=0.598s thr(out)1 thr(in)16 conc_peak=16 pread=9.498s
DBG getmany L73 nw=16 wall=0.412s thr(out)1 thr(in)16 conc_peak=16 pread=2.539s [reader]
DBG getmany L72 nw=16 wall=0.577s thr(out)1 thr(in)16 conc_peak=16 pread=9.309s
DBG getmany L74 nw=16 wall=0.447s thr(out)1 thr(in)16 conc_peak=16 pread=3.894s [reader]
DBG getmany L73 nw=15 wall=0.383s thr(out)1 thr(in)16 conc_peak=15 pread=5.612s
DBG getmany L75 nw=16 wall=0.247s thr(out)1 thr(in)16 conc_peak=16 pread=2.154s [reader]
DBG getmany L74 nw=13 wall=0.298s thr(out)1 thr(in)16 conc_peak=13 pread=3.400s
DBG getmany L76 nw=16 wall=0.324s thr(out)1 thr(in)16 conc_peak=16 pread=2.237s [reader]
DBG getmany L75 nw=11 wall=0.551s thr(out)1 thr(in)16 conc_peak=11 pread=6.538s
DBG getmany L77 nw=16 wall=0.350s thr(out)1 thr(in)16 conc_peak=16 pread=2.985s [reader]
DBG getmany L76 nw=14 wall=0.480s thr(out)1 thr(in)16 conc_peak=14 pread=6.682s
DBG getmany L78 nw=16 wall=0.518s thr(out)1 thr(in)16 conc_peak=16 pread=4.657s [reader]
DBG getmany L77 nw=16 wall=0.547s thr(out)1 thr(in)16 conc_peak=16 pread=9.671s
DBG getmany L78 nw=15 wall=0.336s thr(out)1 thr(in)16 conc_peak=15 pread=4.775s
DBG getmany L79 nw=16 wall=0.653s thr(out)1 thr(in)16 conc_peak=16 pread=7.036s [reader]
DBG getmany L80 nw=16 wall=0.369s thr(out)1 thr(in)16 conc_peak=16 pread=2.978s [reader]
DBG getmany L79 nw=15 wall=0.569s thr(out)1 thr(in)16 conc_peak=15 pread=10.003s
DBG getmany L81 nw=16 wall=0.669s thr(out)1 thr(in)16 conc_peak=16 pread=4.687s [reader]
DBG getmany L80 nw=14 wall=0.326s thr(out)1 thr(in)16 conc_peak=14 pread=6.304s
DBG getmany L82 nw=16 wall=0.643s thr(out)1 thr(in)16 conc_peak=16 pread=5.504s [reader]
DBG getmany L81 nw=14 wall=0.466s thr(out)1 thr(in)16 conc_peak=14 pread=10.080s
DBG getmany L83 nw=16 wall=0.321s thr(out)1 thr(in)16 conc_peak=16 pread=1.975s [reader]
DBG getmany L82 nw=14 wall=0.327s thr(out)1 thr(in)16 conc_peak=14 pread=4.512s
DBG getmany L83 nw=5 wall=0.393s thr(out)1 thr(in)16 conc_peak=5 pread=2.300s
DBG getmany L84 nw=16 wall=0.629s thr(out)1 thr(in)16 conc_peak=16 pread=4.303s [reader]
DBG getmany L85 nw=16 wall=0.524s thr(out)1 thr(in)16 conc_peak=16 pread=4.744s [reader]
DBG getmany L84 nw=11 wall=0.384s thr(out)1 thr(in)16 conc_peak=11 pread=5.901s
DBG getmany L86 nw=16 wall=0.339s thr(out)1 thr(in)16 conc_peak=16 pread=2.996s [reader]
DBG getmany L85 nw=11 wall=0.386s thr(out)1 thr(in)16 conc_peak=11 pread=4.961s
DBG getmany L87 nw=16 wall=0.511s thr(out)1 thr(in)16 conc_peak=16 pread=6.685s [reader]
DBG getmany L86 nw=11 wall=0.251s thr(out)1 thr(in)16 conc_peak=11 pread=7.707s
DBG getmany L88 nw=16 wall=0.586s thr(out)1 thr(in)16 conc_peak=16 pread=7.047s [reader]
DBG getmany L87 nw=10 wall=0.536s thr(out)1 thr(in)16 conc_peak=10 pread=12.087s
DBG getmany L89 nw=16 wall=0.591s thr(out)1 thr(in)16 conc_peak=16 pread=4.908s [reader]
DBG getmany L88 nw=8 wall=0.361s thr(out)1 thr(in)16 conc_peak=8 pread=6.559s
DBG getmany L89 nw=8 wall=0.300s thr(out)1 thr(in)16 conc_peak=8 pread=1.889s
DBG getmany L90 nw=16 wall=0.660s thr(out)1 thr(in)16 conc_peak=16 pread=4.118s [reader]
DBG getmany L91 nw=16 wall=0.315s thr(out)1 thr(in)16 conc_peak=16 pread=2.189s [reader]
DBG getmany L90 nw=9 wall=0.227s thr(out)1 thr(in)16 conc_peak=9 pread=2.250s
DBG getmany L92 nw=16 wall=0.489s thr(out)1 thr(in)16 conc_peak=16 pread=4.495s [reader]
DBG getmany L91 nw=11 wall=0.311s thr(out)1 thr(in)16 conc_peak=11 pread=5.466s
DBG getmany L92 nw=9 wall=0.105s thr(out)1 thr(in)16 conc_peak=9 pread=0.616s
1      802        130.00       100.0      47.50      0.008
  L2   resident=6779/14589 slots hit=100.0% read=73.26GB write=0.00GB
DBG getmany L1 nw=16 wall=0.347s thr(out)1 thr(in)16 conc_peak=16 pread=3.105s [reader]
DBG getmany L2 nw=15 wall=0.604s thr(out)1 thr(in)16 conc_peak=15 pread=5.887s [reader]
DBG getmany L1 nw=12 wall=0.376s thr(out)1 thr(in)16 conc_peak=12 pread=7.398s
DBG getmany L3 nw=11 wall=0.403s thr(out)1 thr(in)16 conc_peak=11 pread=2.410s [reader]
DBG getmany L2 nw=11 wall=0.215s thr(out)1 thr(in)16 conc_peak=11 pread=3.353s
DBG getmany L4 nw=15 wall=0.398s thr(out)1 thr(in)16 conc_peak=15 pread=3.091s [reader]
DBG getmany L3 nw=11 wall=0.413s thr(out)1 thr(in)16 conc_peak=11 pread=4.354s
DBG getmany L5 nw=15 wall=0.447s thr(out)1 thr(in)16 conc_peak=15 pread=3.335s [reader]
DBG getmany L4 nw=12 wall=0.315s thr(out)1 thr(in)16 conc_peak=12 pread=5.209s
DBG getmany L6 nw=14 wall=0.525s thr(out)1 thr(in)16 conc_peak=14 pread=3.864s [reader]
DBG getmany L5 nw=10 wall=0.341s thr(out)1 thr(in)16 conc_peak=10 pread=5.057s
DBG getmany L7 nw=14 wall=0.360s thr(out)1 thr(in)16 conc_peak=14 pread=2.505s [reader]
DBG getmany L6 nw=14 wall=0.187s thr(out)1 thr(in)16 conc_peak=14 pread=2.320s
DBG getmany L7 nw=12 wall=0.315s thr(out)1 thr(in)16 conc_peak=12 pread=3.152s
DBG getmany L8 nw=16 wall=0.596s thr(out)1 thr(in)16 conc_peak=16 pread=10.074s [reader]
DBG getmany L9 nw=13 wall=0.360s thr(out)1 thr(in)16 conc_peak=13 pread=2.807s [reader]
DBG getmany L8 nw=12 wall=0.279s thr(out)1 thr(in)16 conc_peak=12 pread=3.214s
DBG getmany L10 nw=14 wall=0.324s thr(out)1 thr(in)16 conc_peak=14 pread=1.997s [reader]
DBG getmany L9 nw=11 wall=0.357s thr(out)1 thr(in)16 conc_peak=11 pread=3.747s
DBG getmany L11 nw=15 wall=0.470s thr(out)1 thr(in)16 conc_peak=15 pread=6.382s [reader]
DBG getmany L10 nw=8 wall=0.232s thr(out)1 thr(in)16 conc_peak=8 pread=6.815s
DBG getmany L12 nw=13 wall=0.231s thr(out)1 thr(in)16 conc_peak=13 pread=1.789s [reader]
DBG getmany L11 nw=11 wall=0.423s thr(out)1 thr(in)16 conc_peak=11 pread=5.007s
DBG getmany L13 nw=14 wall=10.321s thr(out)1 thr(in)16 conc_peak=14 pread=64.852s [reader]
DBG getmany L12 nw=12 wall=16.147s thr(out)1 thr(in)16 conc_peak=12 pread=252.628s
DBG getmany L14 nw=15 wall=0.655s thr(out)1 thr(in)16 conc_peak=15 pread=8.096s [reader]
DBG getmany L13 nw=11 wall=0.427s thr(out)1 thr(in)16 conc_peak=11 pread=8.688s
DBG getmany L15 nw=15 wall=0.417s thr(out)1 thr(in)16 conc_peak=15 pread=2.694s [reader]
DBG getmany L14 nw=9 wall=0.244s thr(out)1 thr(in)16 conc_peak=9 pread=3.150s
DBG getmany L16 nw=15 wall=0.532s thr(out)1 thr(in)16 conc_peak=15 pread=4.007s [reader]
DBG getmany L15 nw=11 wall=0.435s thr(out)1 thr(in)16 conc_peak=11 pread=6.314s
DBG getmany L17 nw=16 wall=0.532s thr(out)1 thr(in)16 conc_peak=16 pread=3.765s [reader]
DBG getmany L16 nw=11 wall=0.332s thr(out)1 thr(in)16 conc_peak=11 pread=3.556s
DBG getmany L18 nw=15 wall=0.520s thr(out)1 thr(in)16 conc_peak=15 pread=2.505s [reader]
DBG getmany L17 nw=12 wall=0.434s thr(out)1 thr(in)16 conc_peak=12 pread=4.850s
DBG getmany L19 nw=14 wall=0.432s thr(out)1 thr(in)16 conc_peak=14 pread=2.118s [reader]
DBG getmany L18 nw=12 wall=0.196s thr(out)1 thr(in)16 conc_peak=12 pread=2.525s
DBG getmany L19 nw=11 wall=0.460s thr(out)1 thr(in)16 conc_peak=11 pread=5.063s
DBG getmany L20 nw=15 wall=0.649s thr(out)1 thr(in)16 conc_peak=15 pread=9.817s [reader]
DBG getmany L21 nw=14 wall=0.603s thr(out)1 thr(in)16 conc_peak=14 pread=5.482s [reader]
DBG getmany L20 nw=11 wall=0.413s thr(out)1 thr(in)16 conc_peak=11 pread=8.704s
DBG getmany L22 nw=15 wall=0.322s thr(out)1 thr(in)16 conc_peak=15 pread=2.207s [reader]
DBG getmany L21 nw=13 wall=0.433s thr(out)1 thr(in)16 conc_peak=13 pread=5.692s
DBG getmany L23 nw=12 wall=0.169s thr(out)1 thr(in)16 conc_peak=12 pread=1.047s [reader]
DBG getmany L22 nw=14 wall=0.273s thr(out)1 thr(in)16 conc_peak=14 pread=3.050s
DBG getmany L24 nw=11 wall=0.149s thr(out)1 thr(in)16 conc_peak=11 pread=0.893s [reader]
DBG getmany L23 nw=12 wall=0.449s thr(out)1 thr(in)16 conc_peak=12 pread=4.565s
DBG getmany L25 nw=14 wall=0.530s thr(out)1 thr(in)16 conc_peak=14 pread=3.949s [reader]
DBG getmany L24 nw=11 wall=0.436s thr(out)1 thr(in)16 conc_peak=11 pread=7.094s
DBG getmany L26 nw=11 wall=0.528s thr(out)1 thr(in)16 conc_peak=11 pread=3.466s [reader]
DBG getmany L25 nw=14 wall=0.445s thr(out)1 thr(in)16 conc_peak=14 pread=8.242s
DBG getmany L27 nw=13 wall=0.401s thr(out)1 thr(in)16 conc_peak=13 pread=2.773s [reader]
DBG getmany L26 nw=12 wall=0.272s thr(out)1 thr(in)16 conc_peak=12 pread=4.749s
DBG getmany L28 nw=15 wall=0.512s thr(out)1 thr(in)16 conc_peak=15 pread=2.260s [reader]
DBG getmany L27 nw=14 wall=0.536s thr(out)1 thr(in)16 conc_peak=14 pread=8.389s
DBG getmany L28 nw=12 wall=0.373s thr(out)1 thr(in)16 conc_peak=12 pread=3.880s
DBG getmany L29 nw=14 wall=0.687s thr(out)1 thr(in)16 conc_peak=14 pread=6.099s [reader]
DBG getmany L30 nw=14 wall=0.691s thr(out)1 thr(in)16 conc_peak=14 pread=5.631s [reader]
DBG getmany L29 nw=12 wall=0.404s thr(out)1 thr(in)16 conc_peak=12 pread=5.783s
DBG getmany L31 nw=16 wall=0.588s thr(out)1 thr(in)16 conc_peak=16 pread=6.092s [reader]
DBG getmany L30 nw=15 wall=0.365s thr(out)1 thr(in)16 conc_peak=15 pread=7.837s
DBG getmany L32 nw=14 wall=0.672s thr(out)1 thr(in)16 conc_peak=14 pread=6.093s [reader]
DBG getmany L31 nw=12 wall=0.530s thr(out)1 thr(in)16 conc_peak=12 pread=10.737s
DBG getmany L33 nw=14 wall=0.709s thr(out)1 thr(in)16 conc_peak=14 pread=5.245s [reader]
DBG getmany L32 nw=11 wall=0.456s thr(out)1 thr(in)16 conc_peak=11 pread=5.854s
DBG getmany L34 nw=16 wall=0.756s thr(out)1 thr(in)16 conc_peak=16 pread=6.266s [reader]
DBG getmany L33 nw=11 wall=0.488s thr(out)1 thr(in)16 conc_peak=11 pread=7.259s
DBG getmany L35 nw=16 wall=0.451s thr(out)1 thr(in)16 conc_peak=16 pread=3.440s [reader]
DBG getmany L34 nw=13 wall=0.376s thr(out)1 thr(in)16 conc_peak=13 pread=6.286s
DBG getmany L36 nw=11 wall=0.662s thr(out)1 thr(in)16 conc_peak=11 pread=4.770s [reader]
DBG getmany L35 nw=13 wall=0.574s thr(out)1 thr(in)16 conc_peak=13 pread=8.918s
DBG getmany L36 nw=11 wall=0.438s thr(out)1 thr(in)16 conc_peak=11 pread=5.689s
DBG getmany L37 nw=13 wall=0.700s thr(out)1 thr(in)16 conc_peak=13 pread=7.867s [reader]
DBG getmany L38 nw=14 wall=0.490s thr(out)1 thr(in)16 conc_peak=14 pread=3.174s [reader]
DBG getmany L37 nw=13 wall=0.416s thr(out)1 thr(in)16 conc_peak=13 pread=6.099s
DBG getmany L39 nw=15 wall=0.569s thr(out)1 thr(in)16 conc_peak=15 pread=8.406s [reader]
DBG getmany L38 nw=13 wall=0.333s thr(out)1 thr(in)16 conc_peak=13 pread=9.310s
DBG getmany L40 nw=13 wall=0.195s thr(out)1 thr(in)16 conc_peak=13 pread=1.444s [reader]
DBG getmany L39 nw=14 wall=0.594s thr(out)1 thr(in)16 conc_peak=14 pread=6.757s
DBG getmany L41 nw=13 wall=0.255s thr(out)1 thr(in)16 conc_peak=13 pread=1.730s [reader]
DBG getmany L40 nw=14 wall=0.485s thr(out)1 thr(in)16 conc_peak=14 pread=6.084s
DBG getmany L42 nw=8 wall=0.188s thr(out)1 thr(in)16 conc_peak=8 pread=0.896s [reader]
DBG getmany L41 nw=14 wall=0.352s thr(out)1 thr(in)16 conc_peak=14 pread=4.013s
DBG getmany L43 nw=13 wall=0.295s thr(out)1 thr(in)16 conc_peak=13 pread=1.745s [reader]
DBG getmany L42 nw=14 wall=0.290s thr(out)1 thr(in)16 conc_peak=14 pread=3.336s
DBG getmany L44 nw=13 wall=0.207s thr(out)1 thr(in)16 conc_peak=13 pread=1.223s [reader]
DBG getmany L43 nw=15 wall=0.569s thr(out)1 thr(in)16 conc_peak=15 pread=8.041s
DBG getmany L45 nw=10 wall=0.519s thr(out)1 thr(in)16 conc_peak=10 pread=1.900s [reader]
DBG getmany L44 nw=14 wall=0.448s thr(out)1 thr(in)16 conc_peak=14 pread=6.796s
DBG getmany L46 nw=8 wall=0.267s thr(out)1 thr(in)16 conc_peak=8 pread=0.782s [reader]
DBG getmany L45 nw=15 wall=0.378s thr(out)1 thr(in)16 conc_peak=15 pread=3.939s
DBG getmany L47 nw=11 wall=0.225s thr(out)1 thr(in)16 conc_peak=11 pread=1.068s [reader]
DBG getmany L46 nw=13 wall=0.300s thr(out)1 thr(in)16 conc_peak=13 pread=3.324s
DBG getmany L48 nw=13 wall=0.400s thr(out)1 thr(in)16 conc_peak=13 pread=3.050s [reader]
DBG getmany L47 nw=15 wall=0.560s thr(out)1 thr(in)16 conc_peak=15 pread=10.184s
DBG getmany L49 nw=9 wall=0.590s thr(out)1 thr(in)16 conc_peak=9 pread=1.315s [reader]
DBG getmany L48 nw=14 wall=0.416s thr(out)1 thr(in)16 conc_peak=14 pread=5.873s
DBG getmany L50 nw=12 wall=0.279s thr(out)1 thr(in)16 conc_peak=12 pread=1.667s [reader]
DBG getmany L49 nw=15 wall=0.446s thr(out)1 thr(in)16 conc_peak=15 pread=5.903s
DBG getmany L51 nw=12 wall=0.238s thr(out)1 thr(in)16 conc_peak=12 pread=1.150s [reader]
DBG getmany L50 nw=15 wall=0.206s thr(out)1 thr(in)16 conc_peak=15 pread=2.415s
DBG getmany L52 nw=15 wall=0.536s thr(out)1 thr(in)16 conc_peak=15 pread=4.834s [reader]
DBG getmany L51 nw=13 wall=0.551s thr(out)1 thr(in)16 conc_peak=13 pread=9.221s
DBG getmany L53 nw=10 wall=0.627s thr(out)1 thr(in)16 conc_peak=10 pread=4.766s [reader]
DBG getmany L52 nw=12 wall=0.426s thr(out)1 thr(in)16 conc_peak=12 pread=6.435s
DBG getmany L54 nw=12 wall=0.391s thr(out)1 thr(in)16 conc_peak=12 pread=1.877s [reader]
DBG getmany L53 nw=14 wall=0.488s thr(out)1 thr(in)16 conc_peak=14 pread=5.725s
DBG getmany L55 nw=14 wall=0.273s thr(out)1 thr(in)16 conc_peak=14 pread=2.333s [reader]
DBG getmany L54 nw=14 wall=0.308s thr(out)1 thr(in)16 conc_peak=14 pread=3.544s
DBG getmany L56 nw=16 wall=0.357s thr(out)1 thr(in)16 conc_peak=16 pread=2.116s [reader]
DBG getmany L55 nw=13 wall=0.572s thr(out)1 thr(in)16 conc_peak=13 pread=8.067s
DBG getmany L57 nw=16 wall=0.690s thr(out)1 thr(in)16 conc_peak=16 pread=6.559s [reader]
DBG getmany L56 nw=9 wall=0.399s thr(out)1 thr(in)16 conc_peak=9 pread=6.798s
DBG getmany L58 nw=14 wall=0.577s thr(out)1 thr(in)16 conc_peak=14 pread=3.380s [reader]
DBG getmany L57 nw=14 wall=0.406s thr(out)1 thr(in)16 conc_peak=14 pread=6.299s
DBG getmany L59 nw=15 wall=0.508s thr(out)1 thr(in)16 conc_peak=15 pread=6.547s [reader]
DBG getmany L58 nw=11 wall=0.313s thr(out)1 thr(in)16 conc_peak=11 pread=7.489s
DBG getmany L60 nw=16 wall=0.417s thr(out)1 thr(in)16 conc_peak=16 pread=3.294s [reader]
DBG getmany L59 nw=10 wall=0.525s thr(out)1 thr(in)16 conc_peak=10 pread=5.934s
DBG getmany L61 nw=16 wall=0.324s thr(out)1 thr(in)16 conc_peak=16 pread=1.963s [reader]
DBG getmany L60 nw=13 wall=0.438s thr(out)1 thr(in)16 conc_peak=13 pread=5.395s
DBG getmany L62 nw=15 wall=0.347s thr(out)1 thr(in)16 conc_peak=15 pread=2.131s [reader]
DBG getmany L61 nw=15 wall=0.466s thr(out)1 thr(in)16 conc_peak=15 pread=7.172s
DBG getmany L63 nw=15 wall=0.538s thr(out)1 thr(in)16 conc_peak=15 pread=4.714s [reader]
DBG getmany L62 nw=11 wall=0.321s thr(out)1 thr(in)16 conc_peak=11 pread=4.582s
DBG getmany L64 nw=16 wall=0.424s thr(out)1 thr(in)16 conc_peak=16 pread=3.844s [reader]
DBG getmany L63 nw=12 wall=0.513s thr(out)1 thr(in)16 conc_peak=12 pread=8.768s
DBG getmany L65 nw=15 wall=0.713s thr(out)1 thr(in)16 conc_peak=15 pread=6.032s [reader]
DBG getmany L64 nw=13 wall=0.461s thr(out)1 thr(in)16 conc_peak=13 pread=8.845s
DBG getmany L66 nw=15 wall=0.672s thr(out)1 thr(in)16 conc_peak=15 pread=6.284s [reader]
DBG getmany L65 nw=10 wall=0.450s thr(out)1 thr(in)16 conc_peak=10 pread=9.568s
DBG getmany L67 nw=16 wall=0.560s thr(out)1 thr(in)16 conc_peak=16 pread=3.793s [reader]
DBG getmany L66 nw=13 wall=0.367s thr(out)1 thr(in)16 conc_peak=13 pread=7.587s
DBG getmany L68 nw=14 wall=0.221s thr(out)1 thr(in)16 conc_peak=14 pread=1.692s [reader]
DBG getmany L67 nw=13 wall=0.531s thr(out)1 thr(in)16 conc_peak=13 pread=7.210s
DBG getmany L69 nw=16 wall=0.661s thr(out)1 thr(in)16 conc_peak=16 pread=5.508s [reader]
DBG getmany L68 nw=11 wall=0.420s thr(out)1 thr(in)16 conc_peak=11 pread=7.217s
DBG getmany L70 nw=16 wall=0.694s thr(out)1 thr(in)16 conc_peak=16 pread=7.923s [reader]
DBG getmany L69 nw=11 wall=0.434s thr(out)1 thr(in)16 conc_peak=11 pread=8.408s
DBG getmany L71 nw=16 wall=0.492s thr(out)1 thr(in)16 conc_peak=16 pread=3.264s [reader]
DBG getmany L70 nw=11 wall=0.289s thr(out)1 thr(in)16 conc_peak=11 pread=4.194s
DBG getmany L72 nw=16 wall=0.413s thr(out)1 thr(in)16 conc_peak=16 pread=2.393s [reader]
DBG getmany L71 nw=10 wall=0.522s thr(out)1 thr(in)16 conc_peak=10 pread=5.708s
DBG getmany L73 nw=15 wall=0.497s thr(out)1 thr(in)16 conc_peak=15 pread=4.720s [reader]
DBG getmany L72 nw=15 wall=0.508s thr(out)1 thr(in)16 conc_peak=15 pread=11.680s
DBG getmany L74 nw=13 wall=0.634s thr(out)1 thr(in)16 conc_peak=13 pread=1.711s [reader]
DBG getmany L73 nw=16 wall=0.430s thr(out)1 thr(in)16 conc_peak=16 pread=6.908s
DBG getmany L75 nw=11 wall=0.478s thr(out)1 thr(in)16 conc_peak=11 pread=1.574s [reader]
DBG getmany L74 nw=16 wall=0.340s thr(out)1 thr(in)16 conc_peak=16 pread=5.201s
DBG getmany L76 nw=14 wall=0.383s thr(out)1 thr(in)16 conc_peak=14 pread=2.568s [reader]
DBG getmany L75 nw=16 wall=0.509s thr(out)1 thr(in)16 conc_peak=16 pread=9.625s
DBG getmany L77 nw=16 wall=0.612s thr(out)1 thr(in)16 conc_peak=16 pread=6.235s [reader]
DBG getmany L76 nw=16 wall=0.487s thr(out)1 thr(in)16 conc_peak=16 pread=11.232s
DBG getmany L78 nw=15 wall=0.701s thr(out)1 thr(in)16 conc_peak=15 pread=4.129s [reader]
DBG getmany L77 nw=13 wall=0.470s thr(out)1 thr(in)16 conc_peak=13 pread=7.089s
DBG getmany L79 nw=15 wall=0.587s thr(out)1 thr(in)16 conc_peak=15 pread=4.856s [reader]
DBG getmany L78 nw=15 wall=0.344s thr(out)1 thr(in)16 conc_peak=15 pread=6.545s
DBG getmany L80 nw=14 wall=0.417s thr(out)1 thr(in)16 conc_peak=14 pread=2.786s [reader]
DBG getmany L79 nw=14 wall=0.536s thr(out)1 thr(in)16 conc_peak=14 pread=9.279s
DBG getmany L81 nw=14 wall=0.671s thr(out)1 thr(in)16 conc_peak=14 pread=3.553s [reader]
DBG getmany L80 nw=16 wall=0.444s thr(out)1 thr(in)16 conc_peak=16 pread=8.208s
DBG getmany L82 nw=14 wall=0.740s thr(out)1 thr(in)16 conc_peak=14 pread=5.580s [reader]
DBG getmany L81 nw=13 wall=0.689s thr(out)1 thr(in)16 conc_peak=13 pread=13.118s
DBG getmany L83 nw=5 wall=0.193s thr(out)1 thr(in)16 conc_peak=5 pread=0.567s [reader]
DBG getmany L82 nw=14 wall=0.399s thr(out)1 thr(in)16 conc_peak=14 pread=4.753s
DBG getmany L84 nw=11 wall=0.284s thr(out)1 thr(in)16 conc_peak=11 pread=1.265s [reader]
DBG getmany L83 nw=12 wall=0.688s thr(out)1 thr(in)16 conc_peak=12 pread=7.875s
DBG getmany L85 nw=11 wall=0.543s thr(out)1 thr(in)16 conc_peak=11 pread=3.640s [reader]
DBG getmany L84 nw=10 wall=0.633s thr(out)1 thr(in)16 conc_peak=10 pread=9.064s
DBG getmany L86 nw=11 wall=0.756s thr(out)1 thr(in)16 conc_peak=11 pread=5.231s [reader]
DBG getmany L85 nw=9 wall=0.734s thr(out)1 thr(in)16 conc_peak=9 pread=8.537s
DBG getmany L87 nw=10 wall=0.406s thr(out)1 thr(in)16 conc_peak=10 pread=1.713s [reader]
DBG getmany L86 nw=12 wall=0.403s thr(out)1 thr(in)16 conc_peak=12 pread=5.087s
DBG getmany L88 nw=8 wall=0.298s thr(out)1 thr(in)16 conc_peak=8 pread=1.153s [reader]
DBG getmany L87 nw=11 wall=0.511s thr(out)1 thr(in)16 conc_peak=11 pread=4.978s
DBG getmany L89 nw=8 wall=0.208s thr(out)1 thr(in)16 conc_peak=8 pread=0.917s [reader]
DBG getmany L88 nw=12 wall=0.638s thr(out)1 thr(in)16 conc_peak=12 pread=7.199s
DBG getmany L90 nw=9 wall=0.261s thr(out)1 thr(in)16 conc_peak=9 pread=1.394s [reader]
DBG getmany L89 nw=12 wall=0.579s thr(out)1 thr(in)16 conc_peak=12 pread=5.627s
DBG getmany L90 nw=12 wall=0.353s thr(out)1 thr(in)16 conc_peak=12 pread=5.824s
DBG getmany L91 nw=11 wall=0.703s thr(out)1 thr(in)16 conc_peak=11 pread=7.407s [reader]
DBG getmany L92 nw=9 wall=0.363s thr(out)1 thr(in)16 conc_peak=9 pread=1.623s [reader]
DBG getmany L91 nw=12 wall=0.467s thr(out)1 thr(in)16 conc_peak=12 pread=5.803s
DBG getmany L92 nw=12 wall=0.187s thr(out)1 thr(in)16 conc_peak=12 pread=1.300s
2      24         128.14       100.0      41.90      0.008
  L2   resident=6779/14589 slots hit=100.0% read=115.13GB write=0.00GB
DBG getmany L1 nw=12 wall=0.303s thr(out)1 thr(in)16 conc_peak=11 pread=1.620s [reader]
DBG getmany L2 nw=11 wall=0.259s thr(out)1 thr(in)16 conc_peak=11 pread=1.369s [reader]
DBG getmany L1 nw=11 wall=0.579s thr(out)1 thr(in)16 conc_peak=11 pread=5.437s
DBG getmany L3 nw=11 wall=0.652s thr(out)1 thr(in)16 conc_peak=11 pread=6.011s [reader]
DBG getmany L2 nw=9 wall=0.392s thr(out)1 thr(in)16 conc_peak=9 pread=6.761s
DBG getmany L4 nw=12 wall=0.455s thr(out)1 thr(in)16 conc_peak=12 pread=2.568s [reader]
DBG getmany L3 nw=7 wall=0.646s thr(out)1 thr(in)16 conc_peak=7 pread=5.731s
DBG getmany L5 nw=10 wall=0.695s thr(out)1 thr(in)16 conc_peak=10 pread=2.799s [reader]
DBG getmany L4 nw=7 wall=0.560s thr(out)1 thr(in)16 conc_peak=7 pread=5.345s
DBG getmany L6 nw=14 wall=0.896s thr(out)1 thr(in)16 conc_peak=14 pread=7.607s [reader]
DBG getmany L5 nw=10 wall=0.644s thr(out)1 thr(in)16 conc_peak=10 pread=6.968s
DBG getmany L7 nw=12 wall=0.695s thr(out)1 thr(in)16 conc_peak=12 pread=4.011s [reader]
DBG getmany L6 nw=15 wall=0.503s thr(out)1 thr(in)16 conc_peak=15 pread=8.431s
DBG getmany L8 nw=11 wall=0.247s thr(out)1 thr(in)16 conc_peak=11 pread=1.419s [reader]
DBG getmany L7 nw=13 wall=0.720s thr(out)1 thr(in)16 conc_peak=13 pread=8.734s
DBG getmany L9 nw=11 wall=0.710s thr(out)1 thr(in)16 conc_peak=11 pread=6.715s [reader]
DBG getmany L8 nw=11 wall=0.462s thr(out)1 thr(in)16 conc_peak=11 pread=6.951s
DBG getmany L10 nw=7 wall=0.299s thr(out)1 thr(in)16 conc_peak=7 pread=1.092s [reader]
DBG getmany L9 nw=5 wall=0.524s thr(out)1 thr(in)16 conc_peak=5 pread=2.816s
DBG getmany L11 nw=11 wall=0.581s thr(out)1 thr(in)16 conc_peak=11 pread=5.167s [reader]
DBG getmany L10 nw=5 wall=0.393s thr(out)1 thr(in)16 conc_peak=5 pread=5.925s
DBG getmany L12 nw=11 wall=0.734s thr(out)1 thr(in)16 conc_peak=11 pread=4.638s [reader]
DBG getmany L11 nw=7 wall=0.680s thr(out)1 thr(in)16 conc_peak=7 pread=6.201s
DBG getmany L13 nw=11 wall=0.814s thr(out)1 thr(in)16 conc_peak=11 pread=6.729s [reader]
DBG getmany L12 nw=10 wall=0.631s thr(out)1 thr(in)16 conc_peak=10 pread=8.653s
DBG getmany L14 nw=9 wall=0.411s thr(out)1 thr(in)16 conc_peak=9 pread=1.973s [reader]
DBG getmany L13 nw=11 wall=0.591s thr(out)1 thr(in)16 conc_peak=11 pread=7.286s
DBG getmany L15 nw=11 wall=0.399s thr(out)1 thr(in)16 conc_peak=11 pread=2.191s [reader]
DBG getmany L14 nw=9 wall=0.410s thr(out)1 thr(in)16 conc_peak=9 pread=4.481s
DBG getmany L16 nw=11 wall=0.814s thr(out)1 thr(in)16 conc_peak=11 pread=8.457s [reader]
DBG getmany L15 nw=9 wall=0.686s thr(out)1 thr(in)16 conc_peak=9 pread=9.658s
DBG getmany L17 nw=12 wall=0.672s thr(out)1 thr(in)16 conc_peak=12 pread=3.656s [reader]
DBG getmany L16 nw=7 wall=0.506s thr(out)1 thr(in)16 conc_peak=7 pread=4.909s
DBG getmany L18 nw=12 wall=0.612s thr(out)1 thr(in)16 conc_peak=12 pread=4.608s [reader]
DBG getmany L17 nw=7 wall=0.644s thr(out)1 thr(in)16 conc_peak=7 pread=5.914s
DBG getmany L18 nw=5 wall=0.329s thr(out)1 thr(in)16 conc_peak=5 pread=2.357s
DBG getmany L19 nw=10 wall=0.623s thr(out)1 thr(in)16 conc_peak=10 pread=4.098s [reader]
DBG getmany L20 nw=11 wall=0.447s thr(out)1 thr(in)16 conc_peak=11 pread=2.861s [reader]
DBG getmany L19 nw=6 wall=0.490s thr(out)1 thr(in)16 conc_peak=6 pread=4.086s
DBG getmany L21 nw=13 wall=0.672s thr(out)1 thr(in)16 conc_peak=13 pread=5.147s [reader]
DBG getmany L20 nw=6 wall=0.548s thr(out)1 thr(in)16 conc_peak=6 pread=6.625s
DBG getmany L22 nw=14 wall=0.777s thr(out)1 thr(in)16 conc_peak=14 pread=2.877s [reader]
DBG getmany L21 nw=11 wall=0.607s thr(out)1 thr(in)16 conc_peak=11 pread=7.007s
DBG getmany L23 nw=11 wall=0.336s thr(out)1 thr(in)16 conc_peak=11 pread=2.338s [reader]
DBG getmany L22 nw=7 wall=0.382s thr(out)1 thr(in)16 conc_peak=7 pread=3.438s
DBG getmany L24 nw=11 wall=0.273s thr(out)1 thr(in)16 conc_peak=11 pread=1.230s [reader]
DBG getmany L23 nw=6 wall=0.592s thr(out)1 thr(in)16 conc_peak=6 pread=3.387s
DBG getmany L25 nw=14 wall=0.770s thr(out)1 thr(in)16 conc_peak=14 pread=5.911s [reader]
DBG getmany L24 nw=11 wall=0.689s thr(out)1 thr(in)16 conc_peak=11 pread=9.818s
DBG getmany L26 nw=11 wall=0.684s thr(out)1 thr(in)16 conc_peak=11 pread=4.490s [reader]
DBG getmany L25 nw=12 wall=0.601s thr(out)1 thr(in)16 conc_peak=12 pread=8.051s
DBG getmany L27 nw=14 wall=0.409s thr(out)1 thr(in)16 conc_peak=14 pread=2.181s [reader]
DBG getmany L26 nw=9 wall=0.411s thr(out)1 thr(in)16 conc_peak=9 pread=3.562s
DBG getmany L28 nw=11 wall=0.641s thr(out)1 thr(in)16 conc_peak=11 pread=2.931s [reader]
DBG getmany L27 nw=14 wall=0.717s thr(out)1 thr(in)16 conc_peak=14 pread=11.102s
DBG getmany L29 nw=12 wall=0.290s thr(out)1 thr(in)16 conc_peak=12 pread=1.511s [reader]
DBG getmany L28 nw=15 wall=0.533s thr(out)1 thr(in)16 conc_peak=15 pread=6.758s
DBG getmany L30 nw=15 wall=0.767s thr(out)1 thr(in)16 conc_peak=15 pread=7.278s [reader]
DBG getmany L29 nw=10 wall=0.663s thr(out)1 thr(in)16 conc_peak=10 pread=13.174s
DBG getmany L31 nw=12 wall=0.694s thr(out)1 thr(in)16 conc_peak=12 pread=8.934s [reader]
DBG getmany L30 nw=10 wall=0.476s thr(out)1 thr(in)16 conc_peak=10 pread=9.476s
DBG getmany L32 nw=11 wall=0.384s thr(out)1 thr(in)16 conc_peak=11 pread=1.577s [reader]
DBG getmany L31 nw=14 wall=0.704s thr(out)1 thr(in)16 conc_peak=14 pread=9.947s
DBG getmany L33 nw=11 wall=0.622s thr(out)1 thr(in)16 conc_peak=11 pread=6.003s [reader]
DBG getmany L32 nw=9 wall=0.628s thr(out)1 thr(in)16 conc_peak=9 pread=8.808s
DBG getmany L33 nw=9 wall=0.634s thr(out)1 thr(in)16 conc_peak=9 pread=4.738s
DBG getmany L34 nw=13 wall=0.933s thr(out)1 thr(in)16 conc_peak=13 pread=10.064s [reader]
DBG getmany L34 nw=13 wall=0.502s thr(out)1 thr(in)16 conc_peak=13 pread=5.441s
DBG getmany L35 nw=13 wall=0.778s thr(out)1 thr(in)16 conc_peak=13 pread=7.620s [reader]
DBG getmany L35 nw=9 wall=0.685s thr(out)1 thr(in)16 conc_peak=9 pread=8.209s
DBG getmany L36 nw=11 wall=0.889s thr(out)1 thr(in)16 conc_peak=11 pread=12.778s [reader]
DBG getmany L36 nw=11 wall=0.693s thr(out)1 thr(in)16 conc_peak=11 pread=10.572s
DBG getmany L37 nw=13 wall=0.937s thr(out)1 thr(in)16 conc_peak=13 pread=14.445s [reader]
DBG getmany L38 nw=13 wall=0.368s thr(out)1 thr(in)16 conc_peak=13 pread=2.912s [reader]
DBG getmany L37 nw=11 wall=0.686s thr(out)1 thr(in)16 conc_peak=11 pread=9.236s
DBG getmany L39 nw=13 wall=0.553s thr(out)1 thr(in)16 conc_peak=13 pread=5.245s [reader]
DBG getmany L38 nw=8 wall=0.374s thr(out)1 thr(in)16 conc_peak=8 pread=7.315s
DBG getmany L40 nw=14 wall=0.652s thr(out)1 thr(in)16 conc_peak=14 pread=4.006s [reader]
DBG getmany L39 nw=8 wall=0.640s thr(out)1 thr(in)16 conc_peak=8 pread=6.555s
DBG getmany L41 nw=14 wall=0.407s thr(out)1 thr(in)16 conc_peak=14 pread=3.241s [reader]
DBG getmany L40 nw=9 wall=0.637s thr(out)1 thr(in)16 conc_peak=9 pread=7.142s
DBG getmany L41 nw=7 wall=0.446s thr(out)1 thr(in)16 conc_peak=7 pread=4.472s
DBG getmany L42 nw=14 wall=0.819s thr(out)1 thr(in)16 conc_peak=14 pread=9.889s [reader]
DBG getmany L43 nw=15 wall=0.660s thr(out)1 thr(in)16 conc_peak=15 pread=6.023s [reader]
DBG getmany L42 nw=4 wall=0.413s thr(out)1 thr(in)16 conc_peak=4 pread=5.694s
DBG getmany L44 nw=14 wall=0.472s thr(out)1 thr(in)16 conc_peak=14 pread=3.529s [reader]
DBG getmany L43 nw=10 wall=0.793s thr(out)1 thr(in)16 conc_peak=10 pread=10.317s
DBG getmany L45 nw=15 wall=0.900s thr(out)1 thr(in)16 conc_peak=15 pread=10.367s [reader]
DBG getmany L44 nw=10 wall=0.648s thr(out)1 thr(in)16 conc_peak=10 pread=13.799s
DBG getmany L46 nw=13 wall=0.626s thr(out)1 thr(in)16 conc_peak=13 pread=4.528s [reader]
DBG getmany L45 nw=6 wall=0.554s thr(out)1 thr(in)16 conc_peak=6 pread=5.344s
DBG getmany L46 nw=7 wall=0.374s thr(out)1 thr(in)16 conc_peak=7 pread=3.888s
DBG getmany L47 nw=14 wall=0.696s thr(out)1 thr(in)16 conc_peak=14 pread=7.577s [reader]
DBG getmany L48 nw=14 wall=0.502s thr(out)1 thr(in)16 conc_peak=14 pread=3.376s [reader]
DBG getmany L47 nw=8 wall=0.697s thr(out)1 thr(in)16 conc_peak=8 pread=7.103s
DBG getmany L49 nw=15 wall=0.726s thr(out)1 thr(in)16 conc_peak=15 pread=3.623s [reader]
DBG getmany L48 nw=10 wall=0.663s thr(out)1 thr(in)16 conc_peak=10 pread=6.578s
DBG getmany L50 nw=15 wall=0.913s thr(out)1 thr(in)16 conc_peak=15 pread=11.143s [reader]
DBG getmany L49 nw=11 wall=0.696s thr(out)1 thr(in)16 conc_peak=11 pread=13.005s
DBG getmany L51 nw=12 wall=0.212s thr(out)1 thr(in)16 conc_peak=12 pread=1.347s [reader]
DBG getmany L50 nw=11 wall=0.439s thr(out)1 thr(in)16 conc_peak=11 pread=4.411s
DBG getmany L52 nw=12 wall=0.224s thr(out)1 thr(in)16 conc_peak=12 pread=1.509s [reader]
DBG getmany L51 nw=7 wall=0.630s thr(out)1 thr(in)16 conc_peak=7 pread=4.139s
DBG getmany L53 nw=14 wall=0.826s thr(out)1 thr(in)16 conc_peak=14 pread=7.780s [reader]
DBG getmany L52 nw=9 wall=0.593s thr(out)1 thr(in)16 conc_peak=9 pread=9.729s
DBG getmany L54 nw=14 wall=0.835s thr(out)1 thr(in)16 conc_peak=14 pread=9.106s [reader]
DBG getmany L53 nw=8 wall=0.581s thr(out)1 thr(in)16 conc_peak=8 pread=10.118s
DBG getmany L55 nw=12 wall=0.445s thr(out)1 thr(in)16 conc_peak=12 pread=2.403s [reader]
DBG getmany L54 nw=9 wall=0.393s thr(out)1 thr(in)16 conc_peak=9 pread=3.762s
DBG getmany L56 nw=8 wall=0.118s thr(out)1 thr(in)16 conc_peak=8 pread=0.561s [reader]
DBG getmany L55 nw=7 wall=0.578s thr(out)1 thr(in)16 conc_peak=7 pread=3.315s
DBG getmany L57 nw=14 wall=0.874s thr(out)1 thr(in)16 conc_peak=14 pread=6.557s [reader]
DBG getmany L56 nw=12 wall=0.658s thr(out)1 thr(in)16 conc_peak=12 pread=8.805s
DBG getmany L58 nw=11 wall=0.726s thr(out)1 thr(in)16 conc_peak=11 pread=3.414s [reader]
DBG getmany L57 nw=10 wall=0.522s thr(out)1 thr(in)16 conc_peak=10 pread=4.789s
DBG getmany L59 nw=10 wall=0.462s thr(out)1 thr(in)16 conc_peak=10 pread=2.069s [reader]
DBG getmany L58 nw=6 wall=0.343s thr(out)1 thr(in)16 conc_peak=6 pread=2.306s
DBG getmany L60 nw=13 wall=0.646s thr(out)1 thr(in)16 conc_peak=13 pread=5.502s [reader]
DBG getmany L59 nw=8 wall=0.581s thr(out)1 thr(in)16 conc_peak=8 pread=6.530s
DBG getmany L61 nw=15 wall=0.464s thr(out)1 thr(in)16 conc_peak=15 pread=2.808s [reader]
DBG getmany L60 nw=7 wall=0.621s thr(out)1 thr(in)16 conc_peak=7 pread=4.319s
DBG getmany L62 nw=11 wall=0.847s thr(out)1 thr(in)16 conc_peak=11 pread=4.082s [reader]
DBG getmany L61 nw=10 wall=0.623s thr(out)1 thr(in)16 conc_peak=10 pread=6.533s
DBG getmany L63 nw=12 wall=0.604s thr(out)1 thr(in)16 conc_peak=12 pread=2.189s [reader]
DBG getmany L62 nw=7 wall=0.418s thr(out)1 thr(in)16 conc_peak=7 pread=2.872s
DBG getmany L64 nw=13 wall=0.323s thr(out)1 thr(in)16 conc_peak=13 pread=2.329s [reader]
DBG getmany L63 nw=6 wall=0.631s thr(out)1 thr(in)16 conc_peak=6 pread=4.023s
DBG getmany L65 nw=10 wall=0.171s thr(out)1 thr(in)16 conc_peak=10 pread=1.035s [reader]
DBG getmany L64 nw=6 wall=0.544s thr(out)1 thr(in)16 conc_peak=6 pread=2.753s
DBG getmany L66 nw=13 wall=0.392s thr(out)1 thr(in)16 conc_peak=13 pread=1.979s [reader]
DBG getmany L65 nw=5 wall=0.560s thr(out)1 thr(in)16 conc_peak=5 pread=3.089s
DBG getmany L67 nw=13 wall=0.676s thr(out)1 thr(in)16 conc_peak=13 pread=4.468s [reader]
DBG getmany L66 nw=8 wall=0.390s thr(out)1 thr(in)16 conc_peak=8 pread=4.150s
DBG getmany L68 nw=11 wall=0.682s thr(out)1 thr(in)16 conc_peak=11 pread=4.663s [reader]
DBG getmany L67 nw=7 wall=0.631s thr(out)1 thr(in)16 conc_peak=7 pread=6.199s
DBG getmany L69 nw=11 wall=9.581s thr(out)1 thr(in)16 conc_peak=11 pread=39.466s [reader]
DBG getmany L68 nw=9 wall=11.426s thr(out)1 thr(in)16 conc_peak=9 pread=141.547s
DBG getmany L70 nw=11 wall=0.849s thr(out)1 thr(in)16 conc_peak=11 pread=11.173s [reader]
DBG getmany L69 nw=8 wall=0.604s thr(out)1 thr(in)16 conc_peak=8 pread=12.378s
DBG getmany L71 nw=10 wall=0.582s thr(out)1 thr(in)16 conc_peak=10 pread=5.151s [reader]
DBG getmany L70 nw=7 wall=0.336s thr(out)1 thr(in)16 conc_peak=7 pread=6.475s
DBG getmany L72 nw=15 wall=0.687s thr(out)1 thr(in)16 conc_peak=15 pread=4.976s [reader]
DBG getmany L71 nw=9 wall=0.674s thr(out)1 thr(in)16 conc_peak=9 pread=8.701s
DBG getmany L73 nw=16 wall=0.699s thr(out)1 thr(in)16 conc_peak=16 pread=6.111s [reader]
DBG getmany L72 nw=8 wall=0.658s thr(out)1 thr(in)16 conc_peak=8 pread=8.565s
DBG getmany L74 nw=16 wall=0.877s thr(out)1 thr(in)16 conc_peak=16 pread=6.147s [reader]
DBG getmany L73 nw=7 wall=0.607s thr(out)1 thr(in)16 conc_peak=7 pread=6.804s
DBG getmany L75 nw=16 wall=0.643s thr(out)1 thr(in)16 conc_peak=16 pread=5.746s [reader]
DBG getmany L74 nw=5 wall=0.395s thr(out)1 thr(in)16 conc_peak=5 pread=6.298s
DBG getmany L76 nw=16 wall=0.561s thr(out)1 thr(in)16 conc_peak=16 pread=3.664s [reader]
DBG getmany L75 nw=6 wall=0.709s thr(out)1 thr(in)16 conc_peak=6 pread=5.863s
DBG getmany L77 nw=13 wall=0.479s thr(out)1 thr(in)16 conc_peak=13 pread=3.558s [reader]
DBG getmany L76 nw=7 wall=0.577s thr(out)1 thr(in)16 conc_peak=7 pread=5.951s
DBG getmany L78 nw=14 wall=0.825s thr(out)1 thr(in)16 conc_peak=14 pread=4.673s [reader]
DBG getmany L77 nw=5 wall=0.549s thr(out)1 thr(in)16 conc_peak=5 pread=5.529s
DBG getmany L79 nw=14 wall=0.661s thr(out)1 thr(in)16 conc_peak=14 pread=7.379s [reader]
DBG getmany L78 nw=5 wall=0.333s thr(out)1 thr(in)16 conc_peak=5 pread=7.202s
DBG getmany L80 nw=16 wall=0.444s thr(out)1 thr(in)16 conc_peak=16 pread=2.873s [reader]
DBG getmany L79 nw=4 wall=0.619s thr(out)1 thr(in)16 conc_peak=4 pread=3.526s
DBG getmany L81 nw=13 wall=0.652s thr(out)1 thr(in)16 conc_peak=13 pread=4.714s [reader]
DBG getmany L80 nw=6 wall=0.568s thr(out)1 thr(in)16 conc_peak=6 pread=6.273s
DBG getmany L82 nw=12 wall=0.368s thr(out)1 thr(in)16 conc_peak=12 pread=1.684s [reader]
DBG getmany L81 nw=9 wall=0.644s thr(out)1 thr(in)16 conc_peak=9 pread=5.501s
DBG getmany L83 nw=12 wall=0.229s thr(out)1 thr(in)16 conc_peak=12 pread=1.345s [reader]
DBG getmany L82 nw=9 wall=0.455s thr(out)1 thr(in)16 conc_peak=9 pread=3.437s
DBG getmany L84 nw=10 wall=0.217s thr(out)1 thr(in)16 conc_peak=10 pread=1.072s [reader]
DBG getmany L83 nw=7 wall=0.621s thr(out)1 thr(in)16 conc_peak=7 pread=4.481s
DBG getmany L85 nw=9 wall=0.228s thr(out)1 thr(in)16 conc_peak=9 pread=0.790s [reader]
DBG getmany L84 nw=2 wall=0.392s thr(out)1 thr(in)16 conc_peak=2 pread=0.759s
DBG getmany L86 nw=12 wall=0.664s thr(out)1 thr(in)16 conc_peak=12 pread=4.954s [reader]
DBG getmany L85 nw=6 wall=0.454s thr(out)1 thr(in)16 conc_peak=6 pread=5.113s
DBG getmany L87 nw=11 wall=0.598s thr(out)1 thr(in)16 conc_peak=11 pread=5.807s [reader]
DBG getmany L86 nw=5 wall=0.365s thr(out)1 thr(in)16 conc_peak=5 pread=6.890s
DBG getmany L88 nw=11 wall=0.504s thr(out)1 thr(in)16 conc_peak=11 pread=3.790s [reader]
DBG getmany L87 nw=6 wall=0.570s thr(out)1 thr(in)16 conc_peak=6 pread=5.768s
DBG getmany L89 nw=12 wall=0.279s thr(out)1 thr(in)16 conc_peak=12 pread=1.490s [reader]
DBG getmany L88 nw=3 wall=0.354s thr(out)1 thr(in)16 conc_peak=3 pread=0.892s
DBG getmany L90 nw=12 wall=0.605s thr(out)1 thr(in)16 conc_peak=12 pread=4.765s [reader]
DBG getmany L89 nw=4 wall=0.528s thr(out)1 thr(in)16 conc_peak=4 pread=5.706s
DBG getmany L90 nw=4 wall=0.335s thr(out)1 thr(in)16 conc_peak=4 pread=1.500s
DBG getmany L91 nw=12 wall=0.602s thr(out)1 thr(in)16 conc_peak=12 pread=3.161s [reader]
DBG getmany L92 nw=13 wall=0.236s thr(out)1 thr(in)16 conc_peak=13 pread=1.667s [reader]
DBG getmany L91 nw=5 wall=0.384s thr(out)1 thr(in)16 conc_peak=5 pread=2.326s
DBG getmany L92 nw=8 wall=0.111s thr(out)1 thr(in)16 conc_peak=8 pread=0.529s
3      12         134.15       99.7       33.15      0.007
  L2   resident=6779/14589 slots hit=100.0% read=148.19GB write=0.00GB
DBG getmany L1 nw=15 wall=0.746s thr(out)1 thr(in)16 conc_peak=15 pread=5.117s [reader]
DBG getmany L2 nw=14 wall=0.571s thr(out)1 thr(in)16 conc_peak=14 pread=5.136s [reader]
DBG getmany L1 nw=13 wall=0.609s thr(out)1 thr(in)16 conc_peak=13 pread=12.019s
DBG getmany L3 nw=12 wall=0.268s thr(out)1 thr(in)16 conc_peak=12 pread=1.621s [reader]
DBG getmany L2 nw=9 wall=0.458s thr(out)1 thr(in)16 conc_peak=9 pread=3.723s
DBG getmany L4 nw=13 wall=0.801s thr(out)1 thr(in)16 conc_peak=13 pread=8.399s [reader]
DBG getmany L3 nw=10 wall=0.714s thr(out)1 thr(in)16 conc_peak=10 pread=12.969s
DBG getmany L4 nw=8 wall=0.489s thr(out)1 thr(in)16 conc_peak=8 pread=2.790s
DBG getmany L5 nw=15 wall=0.884s thr(out)1 thr(in)16 conc_peak=15 pread=6.656s [reader]
DBG getmany L6 nw=16 wall=0.659s thr(out)1 thr(in)16 conc_peak=16 pread=5.812s [reader]
DBG getmany L5 nw=9 wall=0.627s thr(out)1 thr(in)16 conc_peak=9 pread=6.796s
DBG getmany L7 nw=15 wall=0.772s thr(out)1 thr(in)16 conc_peak=15 pread=7.134s [reader]
DBG getmany L6 nw=15 wall=0.543s thr(out)1 thr(in)16 conc_peak=15 pread=10.067s
DBG getmany L7 nw=14 wall=0.662s thr(out)1 thr(in)16 conc_peak=14 pread=11.638s
DBG getmany L8 nw=16 wall=0.956s thr(out)1 thr(in)16 conc_peak=16 pread=15.763s [reader]
DBG getmany L9 nw=12 wall=0.531s thr(out)1 thr(in)16 conc_peak=12 pread=3.634s [reader]
DBG getmany L8 nw=11 wall=0.671s thr(out)1 thr(in)16 conc_peak=11 pread=7.747s
DBG getmany L10 nw=10 wall=0.746s thr(out)1 thr(in)16 conc_peak=10 pread=5.245s [reader]
DBG getmany L9 nw=10 wall=0.569s thr(out)1 thr(in)16 conc_peak=10 pread=8.390s
DBG getmany L11 nw=13 wall=0.691s thr(out)1 thr(in)16 conc_peak=13 pread=4.370s [reader]
DBG getmany L10 nw=9 wall=0.454s thr(out)1 thr(in)16 conc_peak=9 pread=4.344s
DBG getmany L12 nw=14 wall=0.616s thr(out)1 thr(in)16 conc_peak=14 pread=4.472s [reader]
DBG getmany L11 nw=6 wall=0.679s thr(out)1 thr(in)16 conc_peak=6 pread=7.405s
DBG getmany L13 nw=13 wall=0.326s thr(out)1 thr(in)16 conc_peak=13 pread=1.678s [reader]
DBG getmany L12 nw=11 wall=0.608s thr(out)1 thr(in)16 conc_peak=11 pread=5.694s
DBG getmany L14 nw=13 wall=0.820s thr(out)1 thr(in)16 conc_peak=13 pread=3.734s [reader]
DBG getmany L13 nw=9 wall=0.581s thr(out)1 thr(in)16 conc_peak=9 pread=5.621s
DBG getmany L15 nw=14 wall=0.851s thr(out)1 thr(in)16 conc_peak=14 pread=12.283s [reader]
DBG getmany L14 nw=14 wall=0.619s thr(out)1 thr(in)16 conc_peak=14 pread=14.075s
DBG getmany L16 nw=12 wall=0.217s thr(out)1 thr(in)16 conc_peak=12 pread=1.332s [reader]
DBG getmany L15 nw=11 wall=0.675s thr(out)1 thr(in)16 conc_peak=11 pread=7.119s
DBG getmany L17 nw=14 wall=0.789s thr(out)1 thr(in)16 conc_peak=14 pread=8.984s [reader]
DBG getmany L16 nw=10 wall=0.520s thr(out)1 thr(in)16 conc_peak=10 pread=12.020s
DBG getmany L18 nw=13 wall=0.824s thr(out)1 thr(in)16 conc_peak=13 pread=5.884s [reader]
DBG getmany L17 nw=10 wall=0.634s thr(out)1 thr(in)16 conc_peak=10 pread=11.153s
DBG getmany L19 nw=13 wall=0.389s thr(out)1 thr(in)16 conc_peak=13 pread=2.979s [reader]
DBG getmany L18 nw=11 wall=0.487s thr(out)1 thr(in)16 conc_peak=11 pread=6.120s
DBG getmany L20 nw=12 wall=0.446s thr(out)1 thr(in)16 conc_peak=12 pread=2.088s [reader]
DBG getmany L19 nw=10 wall=0.631s thr(out)1 thr(in)16 conc_peak=10 pread=6.334s
DBG getmany L21 nw=15 wall=0.497s thr(out)1 thr(in)16 conc_peak=15 pread=3.302s [reader]
DBG getmany L20 nw=10 wall=0.571s thr(out)1 thr(in)16 conc_peak=10 pread=5.496s
DBG getmany L22 nw=15 wall=0.820s thr(out)1 thr(in)16 conc_peak=15 pread=8.962s [reader]
DBG getmany L21 nw=11 wall=0.710s thr(out)1 thr(in)16 conc_peak=11 pread=14.123s
DBG getmany L23 nw=12 wall=0.666s thr(out)1 thr(in)16 conc_peak=12 pread=4.782s [reader]
DBG getmany L22 nw=11 wall=0.421s thr(out)1 thr(in)16 conc_peak=11 pread=7.655s
DBG getmany L24 nw=13 wall=0.332s thr(out)1 thr(in)16 conc_peak=13 pread=2.402s [reader]
DBG getmany L23 nw=9 wall=0.694s thr(out)1 thr(in)16 conc_peak=9 pread=7.305s
DBG getmany L25 nw=16 wall=0.607s thr(out)1 thr(in)16 conc_peak=16 pread=4.380s [reader]
DBG getmany L24 nw=10 wall=0.687s thr(out)1 thr(in)16 conc_peak=10 pread=8.888s
DBG getmany L26 nw=14 wall=0.904s thr(out)1 thr(in)16 conc_peak=14 pread=12.617s [reader]
DBG getmany L25 nw=11 wall=0.627s thr(out)1 thr(in)16 conc_peak=11 pread=15.022s
DBG getmany L27 nw=16 wall=0.717s thr(out)1 thr(in)16 conc_peak=16 pread=7.934s [reader]
DBG getmany L26 nw=13 wall=0.535s thr(out)1 thr(in)16 conc_peak=13 pread=10.787s
DBG getmany L28 nw=15 wall=0.339s thr(out)1 thr(in)16 conc_peak=15 pread=2.578s [reader]
DBG getmany L27 nw=13 wall=0.738s thr(out)1 thr(in)16 conc_peak=13 pread=7.597s
DBG getmany L29 nw=14 wall=0.586s thr(out)1 thr(in)16 conc_peak=14 pread=4.310s [reader]
DBG getmany L28 nw=12 wall=0.499s thr(out)1 thr(in)16 conc_peak=12 pread=6.742s
DBG getmany L30 nw=15 wall=0.941s thr(out)1 thr(in)16 conc_peak=15 pread=10.757s [reader]
DBG getmany L29 nw=12 wall=0.642s thr(out)1 thr(in)16 conc_peak=12 pread=15.110s
DBG getmany L31 nw=15 wall=0.694s thr(out)1 thr(in)16 conc_peak=15 pread=5.916s [reader]
DBG getmany L30 nw=9 wall=0.457s thr(out)1 thr(in)16 conc_peak=9 pread=6.280s
DBG getmany L32 nw=12 wall=0.295s thr(out)1 thr(in)16 conc_peak=12 pread=1.733s [reader]
DBG getmany L31 nw=9 wall=0.688s thr(out)1 thr(in)16 conc_peak=9 pread=5.937s
DBG getmany L33 nw=13 wall=0.344s thr(out)1 thr(in)16 conc_peak=13 pread=2.562s [reader]
DBG getmany L32 nw=11 wall=0.669s thr(out)1 thr(in)16 conc_peak=11 pread=6.583s
DBG getmany L33 nw=11 wall=0.670s thr(out)1 thr(in)16 conc_peak=11 pread=9.972s
DBG getmany L34 nw=15 wall=0.998s thr(out)1 thr(in)16 conc_peak=15 pread=13.724s [reader]
DBG getmany L35 nw=14 wall=0.453s thr(out)1 thr(in)16 conc_peak=14 pread=4.429s [reader]
DBG getmany L34 nw=10 wall=0.491s thr(out)1 thr(in)16 conc_peak=10 pread=8.543s
DBG getmany L36 nw=14 wall=0.801s thr(out)1 thr(in)16 conc_peak=14 pread=8.281s [reader]
DBG getmany L35 nw=10 wall=0.933s thr(out)1 thr(in)16 conc_peak=10 pread=9.750s
DBG getmany L37 nw=15 wall=0.969s thr(out)1 thr(in)16 conc_peak=15 pread=10.128s [reader]
DBG getmany L36 nw=11 wall=0.742s thr(out)1 thr(in)16 conc_peak=11 pread=11.621s
DBG getmany L37 nw=11 wall=0.684s thr(out)1 thr(in)16 conc_peak=11 pread=9.950s
DBG getmany L38 nw=14 wall=0.933s thr(out)1 thr(in)16 conc_peak=14 pread=12.003s [reader]
DBG getmany L39 nw=14 wall=0.579s thr(out)1 thr(in)16 conc_peak=14 pread=4.325s [reader]
DBG getmany L38 nw=8 wall=0.404s thr(out)1 thr(in)16 conc_peak=8 pread=6.245s
DBG getmany L40 nw=15 wall=0.521s thr(out)1 thr(in)16 conc_peak=15 pread=3.433s [reader]
DBG getmany L39 nw=9 wall=0.751s thr(out)1 thr(in)16 conc_peak=9 pread=7.418s
DBG getmany L41 nw=14 wall=0.588s thr(out)1 thr(in)16 conc_peak=14 pread=4.510s [reader]
DBG getmany L40 nw=11 wall=0.659s thr(out)1 thr(in)16 conc_peak=11 pread=9.178s
DBG getmany L42 nw=14 wall=0.613s thr(out)1 thr(in)16 conc_peak=14 pread=5.211s [reader]
DBG getmany L41 nw=8 wall=0.669s thr(out)1 thr(in)16 conc_peak=8 pread=8.215s
DBG getmany L43 nw=16 wall=0.354s thr(out)1 thr(in)16 conc_peak=16 pread=2.592s [reader]
DBG getmany L42 nw=7 wall=0.433s thr(out)1 thr(in)16 conc_peak=7 pread=3.660s
DBG getmany L44 nw=16 wall=0.736s thr(out)1 thr(in)16 conc_peak=16 pread=7.875s [reader]
DBG getmany L43 nw=7 wall=0.748s thr(out)1 thr(in)16 conc_peak=7 pread=10.470s
DBG getmany L45 nw=15 wall=0.767s thr(out)1 thr(in)16 conc_peak=15 pread=6.941s [reader]
DBG getmany L44 nw=10 wall=0.625s thr(out)1 thr(in)16 conc_peak=10 pread=10.043s
DBG getmany L46 nw=14 wall=0.905s thr(out)1 thr(in)16 conc_peak=14 pread=8.866s [reader]
DBG getmany L45 nw=7 wall=0.690s thr(out)1 thr(in)16 conc_peak=7 pread=13.233s
DBG getmany L47 nw=14 wall=0.707s thr(out)1 thr(in)16 conc_peak=14 pread=6.301s [reader]
DBG getmany L46 nw=9 wall=0.426s thr(out)1 thr(in)16 conc_peak=9 pread=7.833s
DBG getmany L48 nw=15 wall=0.850s thr(out)1 thr(in)16 conc_peak=15 pread=7.443s [reader]
DBG getmany L47 nw=9 wall=0.754s thr(out)1 thr(in)16 conc_peak=9 pread=10.906s
DBG getmany L49 nw=15 wall=0.826s thr(out)1 thr(in)16 conc_peak=15 pread=7.601s [reader]
DBG getmany L48 nw=9 wall=0.555s thr(out)1 thr(in)16 conc_peak=9 pread=8.631s
DBG getmany L50 nw=15 wall=0.825s thr(out)1 thr(in)16 conc_peak=15 pread=5.925s [reader]
DBG getmany L49 nw=11 wall=0.658s thr(out)1 thr(in)16 conc_peak=11 pread=8.712s
DBG getmany L51 nw=14 wall=0.504s thr(out)1 thr(in)16 conc_peak=14 pread=3.609s [reader]
DBG getmany L50 nw=7 wall=0.421s thr(out)1 thr(in)16 conc_peak=7 pread=4.961s
DBG getmany L52 nw=13 wall=0.603s thr(out)1 thr(in)16 conc_peak=13 pread=4.231s [reader]
DBG getmany L51 nw=9 wall=1.049s thr(out)1 thr(in)16 conc_peak=9 pread=9.751s
DBG getmany L53 nw=14 wall=0.810s thr(out)1 thr(in)16 conc_peak=13 pread=6.749s [reader]
DBG getmany L52 nw=10 wall=0.543s thr(out)1 thr(in)16 conc_peak=10 pread=7.937s
DBG getmany L54 nw=15 wall=0.868s thr(out)1 thr(in)16 conc_peak=15 pread=10.078s [reader]
DBG getmany L53 nw=9 wall=0.639s thr(out)1 thr(in)16 conc_peak=9 pread=12.246s
DBG getmany L55 nw=13 wall=0.639s thr(out)1 thr(in)16 conc_peak=13 pread=6.560s [reader]
DBG getmany L54 nw=8 wall=0.399s thr(out)1 thr(in)16 conc_peak=8 pread=6.420s
DBG getmany L56 nw=15 wall=0.846s thr(out)1 thr(in)16 conc_peak=15 pread=6.712s [reader]
DBG getmany L55 nw=7 wall=0.723s thr(out)1 thr(in)16 conc_peak=7 pread=8.374s
DBG getmany L57 nw=16 wall=0.949s thr(out)1 thr(in)16 conc_peak=16 pread=9.971s [reader]
DBG getmany L56 nw=9 wall=0.784s thr(out)1 thr(in)16 conc_peak=9 pread=11.184s
DBG getmany L58 nw=13 wall=0.892s thr(out)1 thr(in)16 conc_peak=13 pread=6.185s [reader]
DBG getmany L57 nw=9 wall=0.674s thr(out)1 thr(in)16 conc_peak=9 pread=7.224s
DBG getmany L59 nw=13 wall=0.309s thr(out)1 thr(in)16 conc_peak=13 pread=1.837s [reader]
DBG getmany L58 nw=9 wall=0.455s thr(out)1 thr(in)16 conc_peak=9 pread=3.714s
DBG getmany L60 nw=15 wall=0.330s thr(out)1 thr(in)16 conc_peak=15 pread=2.312s [reader]
DBG getmany L59 nw=7 wall=0.643s thr(out)1 thr(in)16 conc_peak=7 pread=4.933s
DBG getmany L61 nw=15 wall=0.380s thr(out)1 thr(in)16 conc_peak=15 pread=2.311s [reader]
DBG getmany L60 nw=11 wall=0.662s thr(out)1 thr(in)16 conc_peak=11 pread=6.862s
DBG getmany L61 nw=8 wall=0.500s thr(out)1 thr(in)16 conc_peak=8 pread=4.962s
DBG getmany L62 nw=12 wall=0.832s thr(out)1 thr(in)16 conc_peak=12 pread=8.560s [reader]
DBG getmany L63 nw=13 wall=0.587s thr(out)1 thr(in)16 conc_peak=13 pread=5.085s [reader]
DBG getmany L62 nw=8 wall=0.383s thr(out)1 thr(in)16 conc_peak=8 pread=6.778s
DBG getmany L63 nw=11 wall=0.674s thr(out)1 thr(in)16 conc_peak=11 pread=12.167s
DBG getmany L64 nw=14 wall=0.909s thr(out)1 thr(in)16 conc_peak=14 pread=13.146s [reader]
DBG getmany L65 nw=12 wall=0.338s thr(out)1 thr(in)16 conc_peak=12 pread=1.610s [reader]
DBG getmany L64 nw=10 wall=0.672s thr(out)1 thr(in)16 conc_peak=10 pread=6.398s
DBG getmany L66 nw=14 wall=0.834s thr(out)1 thr(in)16 conc_peak=14 pread=9.843s [reader]
DBG getmany L65 nw=9 wall=0.651s thr(out)1 thr(in)16 conc_peak=9 pread=11.705s
DBG getmany L67 nw=14 wall=0.647s thr(out)1 thr(in)16 conc_peak=14 pread=5.158s [reader]
DBG getmany L66 nw=7 wall=0.326s thr(out)1 thr(in)16 conc_peak=7 pread=5.051s
DBG getmany L68 nw=13 wall=0.265s thr(out)1 thr(in)16 conc_peak=13 pread=1.544s [reader]
DBG getmany L67 nw=6 wall=0.595s thr(out)1 thr(in)16 conc_peak=6 pread=2.917s
DBG getmany L69 nw=13 wall=0.594s thr(out)1 thr(in)16 conc_peak=13 pread=4.013s [reader]
DBG getmany L68 nw=8 wall=0.508s thr(out)1 thr(in)16 conc_peak=8 pread=5.444s
DBG getmany L70 nw=12 wall=0.826s thr(out)1 thr(in)16 conc_peak=12 pread=5.726s [reader]
DBG getmany L69 nw=7 wall=0.570s thr(out)1 thr(in)16 conc_peak=7 pread=7.849s
DBG getmany L71 nw=14 wall=0.482s thr(out)1 thr(in)16 conc_peak=14 pread=3.322s [reader]
DBG getmany L70 nw=7 wall=0.327s thr(out)1 thr(in)16 conc_peak=7 pread=3.958s
DBG getmany L72 nw=15 wall=0.949s thr(out)1 thr(in)16 conc_peak=15 pread=9.442s [reader]
DBG getmany L71 nw=8 wall=0.794s thr(out)1 thr(in)16 conc_peak=8 pread=9.686s
DBG getmany L73 nw=16 wall=0.541s thr(out)1 thr(in)16 conc_peak=16 pread=3.146s [reader]
DBG getmany L72 nw=10 wall=0.538s thr(out)1 thr(in)16 conc_peak=10 pread=5.153s
DBG getmany L73 nw=10 wall=0.706s thr(out)1 thr(in)16 conc_peak=10 pread=7.769s
DBG getmany L74 nw=16 wall=0.955s thr(out)1 thr(in)16 conc_peak=16 pread=10.665s [reader]
DBG getmany L75 nw=16 wall=0.470s thr(out)1 thr(in)16 conc_peak=16 pread=2.880s [reader]
DBG getmany L74 nw=6 wall=0.428s thr(out)1 thr(in)16 conc_peak=6 pread=3.330s
DBG getmany L76 nw=16 wall=0.531s thr(out)1 thr(in)16 conc_peak=16 pread=3.350s [reader]
DBG getmany L75 nw=4 wall=0.682s thr(out)1 thr(in)16 conc_peak=4 pread=5.380s
DBG getmany L77 nw=13 wall=0.580s thr(out)1 thr(in)16 conc_peak=13 pread=4.026s [reader]
DBG getmany L76 nw=9 wall=0.502s thr(out)1 thr(in)16 conc_peak=9 pread=6.746s
DBG getmany L78 nw=14 wall=0.763s thr(out)1 thr(in)16 conc_peak=14 pread=5.162s [reader]
DBG getmany L77 nw=6 wall=0.634s thr(out)1 thr(in)16 conc_peak=6 pread=5.820s
DBG getmany L79 nw=14 wall=0.715s thr(out)1 thr(in)16 conc_peak=14 pread=6.408s [reader]
DBG getmany L78 nw=8 wall=0.378s thr(out)1 thr(in)16 conc_peak=8 pread=5.782s
DBG getmany L80 nw=16 wall=0.686s thr(out)1 thr(in)16 conc_peak=16 pread=6.299s [reader]
DBG getmany L79 nw=7 wall=0.704s thr(out)1 thr(in)16 conc_peak=7 pread=8.485s
DBG getmany L81 nw=14 wall=0.759s thr(out)1 thr(in)16 conc_peak=14 pread=6.576s [reader]
DBG getmany L80 nw=8 wall=0.545s thr(out)1 thr(in)16 conc_peak=8 pread=6.745s
DBG getmany L82 nw=15 wall=0.525s thr(out)1 thr(in)16 conc_peak=15 pread=4.397s [reader]
DBG getmany L81 nw=10 wall=0.742s thr(out)1 thr(in)16 conc_peak=10 pread=8.805s
DBG getmany L83 nw=13 wall=0.261s thr(out)1 thr(in)16 conc_peak=13 pread=1.930s [reader]
DBG getmany L82 nw=8 wall=0.467s thr(out)1 thr(in)16 conc_peak=8 pread=3.333s
DBG getmany L84 nw=10 wall=0.211s thr(out)1 thr(in)16 conc_peak=10 pread=0.968s [reader]
DBG getmany L83 nw=11 wall=0.648s thr(out)1 thr(in)16 conc_peak=11 pread=6.140s
DBG getmany L85 nw=13 wall=0.839s thr(out)1 thr(in)16 conc_peak=13 pread=7.918s [reader]
DBG getmany L84 nw=10 wall=0.606s thr(out)1 thr(in)16 conc_peak=10 pread=12.313s
DBG getmany L86 nw=14 wall=0.840s thr(out)1 thr(in)16 conc_peak=14 pread=8.452s [reader]
DBG getmany L85 nw=10 wall=0.625s thr(out)1 thr(in)16 conc_peak=10 pread=12.972s
DBG getmany L87 nw=13 wall=0.678s thr(out)1 thr(in)16 conc_peak=13 pread=4.781s [reader]
DBG getmany L86 nw=12 wall=0.414s thr(out)1 thr(in)16 conc_peak=12 pread=7.360s
DBG getmany L88 nw=11 wall=0.783s thr(out)1 thr(in)16 conc_peak=11 pread=5.172s [reader]
DBG getmany L87 nw=7 wall=0.587s thr(out)1 thr(in)16 conc_peak=7 pread=5.221s
DBG getmany L89 nw=14 wall=0.719s thr(out)1 thr(in)16 conc_peak=14 pread=5.063s [reader]
DBG getmany L88 nw=9 wall=0.556s thr(out)1 thr(in)16 conc_peak=9 pread=5.370s
DBG getmany L90 nw=13 wall=0.845s thr(out)1 thr(in)16 conc_peak=13 pread=7.834s [reader]
DBG getmany L89 nw=6 wall=0.590s thr(out)1 thr(in)16 conc_peak=6 pread=8.787s
DBG getmany L91 nw=12 wall=0.649s thr(out)1 thr(in)16 conc_peak=12 pread=6.149s [reader]
DBG getmany L90 nw=8 wall=0.323s thr(out)1 thr(in)16 conc_peak=8 pread=5.550s
DBG getmany L92 nw=13 wall=0.648s thr(out)1 thr(in)16 conc_peak=13 pread=6.829s [reader]
DBG getmany L91 nw=9 wall=0.463s thr(out)1 thr(in)16 conc_peak=9 pread=6.898s
DBG getmany L92 nw=14 wall=0.231s thr(out)1 thr(in)16 conc_peak=14 pread=1.980s
4      2975       129.65       99.9       37.69      0.008
  L2   resident=6779/14589 slots hit=100.0% read=185.84GB write=0.00GB
DBG getmany L1 nw=13 wall=0.400s thr(out)1 thr(in)16 conc_peak=13 pread=2.611s [reader]
DBG getmany L2 nw=10 wall=0.489s thr(out)1 thr(in)16 conc_peak=10 pread=2.355s [reader]
DBG getmany L1 nw=8 wall=0.506s thr(out)1 thr(in)16 conc_peak=8 pread=5.081s
DBG getmany L3 nw=10 wall=0.410s thr(out)1 thr(in)16 conc_peak=10 pread=1.188s [reader]
DBG getmany L2 nw=9 wall=0.409s thr(out)1 thr(in)16 conc_peak=9 pread=3.501s
DBG getmany L4 nw=10 wall=0.280s thr(out)1 thr(in)16 conc_peak=10 pread=1.016s [reader]
DBG getmany L3 nw=5 wall=0.497s thr(out)1 thr(in)16 conc_peak=5 pread=2.401s
DBG getmany L4 nw=10 wall=0.537s thr(out)1 thr(in)16 conc_peak=10 pread=4.888s
DBG getmany L5 nw=11 wall=0.867s thr(out)1 thr(in)16 conc_peak=11 pread=9.329s [reader]
DBG getmany L6 nw=16 wall=0.858s thr(out)1 thr(in)16 conc_peak=16 pread=6.200s [reader]
DBG getmany L5 nw=7 wall=0.610s thr(out)1 thr(in)16 conc_peak=7 pread=6.105s
DBG getmany L7 nw=15 wall=0.575s thr(out)1 thr(in)16 conc_peak=15 pread=3.404s [reader]
DBG getmany L6 nw=13 wall=0.455s thr(out)1 thr(in)16 conc_peak=13 pread=6.824s
DBG getmany L8 nw=15 wall=0.879s thr(out)1 thr(in)16 conc_peak=15 pread=10.292s [reader]
DBG getmany L7 nw=9 wall=0.723s thr(out)1 thr(in)16 conc_peak=9 pread=12.046s
DBG getmany L8 nw=10 wall=0.531s thr(out)1 thr(in)16 conc_peak=10 pread=8.616s
DBG getmany L9 nw=11 wall=0.906s thr(out)1 thr(in)16 conc_peak=11 pread=10.653s [reader]
DBG getmany L10 nw=12 wall=0.348s thr(out)1 thr(in)16 conc_peak=12 pread=1.786s [reader]
DBG getmany L9 nw=8 wall=0.656s thr(out)1 thr(in)16 conc_peak=8 pread=5.026s
DBG getmany L11 nw=10 wall=0.492s thr(out)1 thr(in)16 conc_peak=10 pread=2.166s [reader]
DBG getmany L10 nw=5 wall=0.263s thr(out)1 thr(in)16 conc_peak=5 pread=1.608s
DBG getmany L12 nw=13 wall=0.404s thr(out)1 thr(in)16 conc_peak=13 pread=1.891s [reader]
DBG getmany L11 nw=8 wall=0.673s thr(out)1 thr(in)16 conc_peak=8 pread=5.678s
DBG getmany L13 nw=13 wall=0.593s thr(out)1 thr(in)16 conc_peak=13 pread=2.538s [reader]
DBG getmany L12 nw=7 wall=0.601s thr(out)1 thr(in)16 conc_peak=7 pread=5.080s
DBG getmany L14 nw=13 wall=0.373s thr(out)1 thr(in)16 conc_peak=13 pread=2.403s [reader]
DBG getmany L13 nw=10 wall=0.642s thr(out)1 thr(in)16 conc_peak=10 pread=6.409s
DBG getmany L15 nw=10 wall=0.331s thr(out)1 thr(in)16 conc_peak=10 pread=1.385s [reader]
DBG getmany L14 nw=10 wall=0.460s thr(out)1 thr(in)16 conc_peak=10 pread=4.293s
DBG getmany L16 nw=11 wall=0.770s thr(out)1 thr(in)16 conc_peak=11 pread=6.043s [reader]
DBG getmany L15 nw=9 wall=0.695s thr(out)1 thr(in)16 conc_peak=9 pread=10.719s
DBG getmany L17 nw=12 wall=0.789s thr(out)1 thr(in)16 conc_peak=12 pread=7.180s [reader]
DBG getmany L16 nw=9 wall=0.553s thr(out)1 thr(in)16 conc_peak=9 pread=8.850s
DBG getmany L18 nw=13 wall=0.796s thr(out)1 thr(in)16 conc_peak=13 pread=2.548s [reader]
DBG getmany L17 nw=10 wall=0.612s thr(out)1 thr(in)16 conc_peak=10 pread=6.555s
DBG getmany L19 nw=10 wall=0.259s thr(out)1 thr(in)16 conc_peak=10 pread=1.379s [reader]
DBG getmany L18 nw=8 wall=0.393s thr(out)1 thr(in)16 conc_peak=8 pread=2.403s
DBG getmany L20 nw=12 wall=0.247s thr(out)1 thr(in)16 conc_peak=12 pread=1.460s [reader]
DBG getmany L19 nw=12 wall=0.582s thr(out)1 thr(in)16 conc_peak=12 pread=5.611s
DBG getmany L21 nw=13 wall=0.342s thr(out)1 thr(in)16 conc_peak=13 pread=2.083s [reader]
DBG getmany L20 nw=7 wall=0.467s thr(out)1 thr(in)16 conc_peak=7 pread=3.090s
DBG getmany L22 nw=10 wall=0.195s thr(out)1 thr(in)16 conc_peak=10 pread=1.037s [reader]
DBG getmany L21 nw=7 wall=0.593s thr(out)1 thr(in)16 conc_peak=7 pread=2.587s
DBG getmany L23 nw=11 wall=0.215s thr(out)1 thr(in)16 conc_peak=11 pread=1.191s [reader]
DBG getmany L22 nw=9 wall=0.218s thr(out)1 thr(in)16 conc_peak=9 pread=1.630s
DBG getmany L23 nw=7 wall=0.564s thr(out)1 thr(in)16 conc_peak=7 pread=4.508s
DBG getmany L24 nw=10 wall=0.769s thr(out)1 thr(in)16 conc_peak=10 pread=6.955s [reader]
DBG getmany L24 nw=13 wall=0.774s thr(out)1 thr(in)16 conc_peak=13 pread=9.378s
DBG getmany L25 nw=15 wall=1.031s thr(out)1 thr(in)16 conc_peak=15 pread=11.442s [reader]
DBG getmany L26 nw=12 wall=0.259s thr(out)1 thr(in)16 conc_peak=12 pread=1.605s [reader]
DBG getmany L25 nw=14 wall=0.703s thr(out)1 thr(in)16 conc_peak=14 pread=9.114s
DBG getmany L27 nw=14 wall=0.384s thr(out)1 thr(in)16 conc_peak=14 pread=3.196s [reader]
DBG getmany L26 nw=8 wall=0.476s thr(out)1 thr(in)16 conc_peak=8 pread=5.205s
DBG getmany L28 nw=15 wall=0.465s thr(out)1 thr(in)16 conc_peak=15 pread=3.588s [reader]
DBG getmany L27 nw=13 wall=0.705s thr(out)1 thr(in)16 conc_peak=13 pread=11.033s
DBG getmany L29 nw=13 wall=0.716s thr(out)1 thr(in)16 conc_peak=13 pread=3.583s [reader]
DBG getmany L28 nw=13 wall=0.592s thr(out)1 thr(in)16 conc_peak=13 pread=8.379s
DBG getmany L30 nw=13 wall=0.831s thr(out)1 thr(in)16 conc_peak=13 pread=6.704s [reader]
DBG getmany L29 nw=10 wall=0.632s thr(out)1 thr(in)16 conc_peak=10 pread=9.229s
DBG getmany L31 nw=14 wall=0.609s thr(out)1 thr(in)16 conc_peak=14 pread=4.517s [reader]
DBG getmany L30 nw=9 wall=0.486s thr(out)1 thr(in)16 conc_peak=9 pread=6.225s
DBG getmany L32 nw=12 wall=0.790s thr(out)1 thr(in)16 conc_peak=12 pread=5.350s [reader]
DBG getmany L31 nw=6 wall=0.593s thr(out)1 thr(in)16 conc_peak=6 pread=5.417s
DBG getmany L33 nw=11 wall=0.214s thr(out)1 thr(in)16 conc_peak=11 pread=1.072s [reader]
DBG getmany L32 nw=8 wall=0.484s thr(out)1 thr(in)16 conc_peak=8 pread=3.175s
DBG getmany L33 nw=4 wall=0.354s thr(out)1 thr(in)16 conc_peak=4 pread=4.731s
DBG getmany L34 nw=15 wall=0.656s thr(out)1 thr(in)16 conc_peak=15 pread=6.248s [reader]
DBG getmany L34 nw=10 wall=0.463s thr(out)1 thr(in)16 conc_peak=10 pread=7.211s
DBG getmany L35 nw=13 wall=0.753s thr(out)1 thr(in)16 conc_peak=13 pread=9.086s [reader]
DBG getmany L36 nw=13 wall=0.348s thr(out)1 thr(in)16 conc_peak=13 pread=2.027s [reader]
DBG getmany L35 nw=7 wall=0.679s thr(out)1 thr(in)16 conc_peak=7 pread=4.427s
DBG getmany L37 nw=13 wall=0.364s thr(out)1 thr(in)16 conc_peak=13 pread=2.834s [reader]
DBG getmany L36 nw=10 wall=0.542s thr(out)1 thr(in)16 conc_peak=10 pread=5.425s
DBG getmany L38 nw=11 wall=0.468s thr(out)1 thr(in)16 conc_peak=11 pread=1.632s [reader]
DBG getmany L37 nw=9 wall=0.491s thr(out)1 thr(in)16 conc_peak=9 pread=4.040s
DBG getmany L39 nw=12 wall=0.262s thr(out)1 thr(in)16 conc_peak=12 pread=1.698s [reader]
DBG getmany L38 nw=8 wall=0.328s thr(out)1 thr(in)16 conc_peak=8 pread=2.229s
DBG getmany L40 nw=12 wall=0.341s thr(out)1 thr(in)16 conc_peak=12 pread=1.846s [reader]
DBG getmany L39 nw=9 wall=0.737s thr(out)1 thr(in)16 conc_peak=9 pread=6.404s
DBG getmany L41 nw=11 wall=0.827s thr(out)1 thr(in)16 conc_peak=11 pread=6.935s [reader]
DBG getmany L40 nw=7 wall=0.608s thr(out)1 thr(in)16 conc_peak=7 pread=8.992s
DBG getmany L42 nw=7 wall=0.143s thr(out)1 thr(in)16 conc_peak=7 pread=0.724s [reader]
DBG getmany L41 nw=6 wall=0.509s thr(out)1 thr(in)16 conc_peak=6 pread=2.938s
DBG getmany L43 nw=11 wall=0.356s thr(out)1 thr(in)16 conc_peak=10 pread=1.572s [reader]
DBG getmany L42 nw=8 wall=0.265s thr(out)1 thr(in)16 conc_peak=8 pread=1.801s
DBG getmany L44 nw=13 wall=0.489s thr(out)1 thr(in)16 conc_peak=13 pread=2.695s [reader]
DBG getmany L43 nw=7 wall=0.698s thr(out)1 thr(in)16 conc_peak=7 pread=6.084s
DBG getmany L45 nw=9 wall=0.643s thr(out)1 thr(in)16 conc_peak=9 pread=3.720s [reader]
DBG getmany L44 nw=10 wall=0.623s thr(out)1 thr(in)16 conc_peak=10 pread=7.240s
DBG getmany L46 nw=10 wall=0.226s thr(out)1 thr(in)16 conc_peak=10 pread=1.093s [reader]
DBG getmany L45 nw=8 wall=0.603s thr(out)1 thr(in)16 conc_peak=8 pread=3.946s
DBG getmany L46 nw=6 wall=0.360s thr(out)1 thr(in)16 conc_peak=6 pread=2.248s
DBG getmany L47 nw=11 wall=0.643s thr(out)1 thr(in)16 conc_peak=11 pread=4.156s [reader]
DBG getmany L48 nw=11 wall=0.608s thr(out)1 thr(in)16 conc_peak=11 pread=3.343s [reader]
DBG getmany L47 nw=9 wall=0.710s thr(out)1 thr(in)16 conc_peak=9 pread=7.861s
DBG getmany L49 nw=14 wall=0.393s thr(out)1 thr(in)16 conc_peak=14 pread=3.142s [reader]
DBG getmany L48 nw=10 wall=0.637s thr(out)1 thr(in)16 conc_peak=10 pread=7.327s
DBG getmany L50 nw=12 wall=0.906s thr(out)1 thr(in)16 conc_peak=12 pread=9.847s [reader]
DBG getmany L49 nw=12 wall=0.638s thr(out)1 thr(in)16 conc_peak=12 pread=11.123s
DBG getmany L51 nw=11 wall=0.359s thr(out)1 thr(in)16 conc_peak=11 pread=1.318s [reader]
DBG getmany L50 nw=9 wall=0.441s thr(out)1 thr(in)16 conc_peak=9 pread=4.315s
DBG getmany L52 nw=12 wall=0.385s thr(out)1 thr(in)16 conc_peak=12 pread=2.531s [reader]
DBG getmany L51 nw=12 wall=0.684s thr(out)1 thr(in)16 conc_peak=12 pread=9.311s
DBG getmany L52 nw=8 wall=0.470s thr(out)1 thr(in)16 conc_peak=8 pread=4.279s
DBG getmany L53 nw=11 wall=0.823s thr(out)1 thr(in)16 conc_peak=11 pread=7.796s [reader]
DBG getmany L54 nw=12 wall=0.386s thr(out)1 thr(in)16 conc_peak=12 pread=3.020s [reader]
DBG getmany L53 nw=12 wall=0.599s thr(out)1 thr(in)16 conc_peak=12 pread=7.412s
DBG getmany L55 nw=10 wall=0.286s thr(out)1 thr(in)16 conc_peak=9 pread=1.485s [reader]
DBG getmany L54 nw=12 wall=0.475s thr(out)1 thr(in)16 conc_peak=12 pread=4.437s
DBG getmany L56 nw=11 wall=0.726s thr(out)1 thr(in)16 conc_peak=11 pread=4.821s [reader]
DBG getmany L55 nw=12 wall=0.720s thr(out)1 thr(in)16 conc_peak=12 pread=12.330s
DBG getmany L57 nw=13 wall=0.769s thr(out)1 thr(in)16 conc_peak=13 pread=5.836s [reader]
DBG getmany L56 nw=10 wall=0.604s thr(out)1 thr(in)16 conc_peak=10 pread=10.759s
DBG getmany L58 nw=10 wall=0.772s thr(out)1 thr(in)16 conc_peak=10 pread=6.361s [reader]
DBG getmany L57 nw=14 wall=0.683s thr(out)1 thr(in)16 conc_peak=14 pread=12.103s
DBG getmany L59 nw=10 wall=0.307s thr(out)1 thr(in)16 conc_peak=10 pread=1.614s [reader]
DBG getmany L58 nw=6 wall=0.378s thr(out)1 thr(in)16 conc_peak=6 pread=2.440s
DBG getmany L60 nw=11 wall=0.406s thr(out)1 thr(in)16 conc_peak=11 pread=1.565s [reader]
DBG getmany L59 nw=6 wall=0.614s thr(out)1 thr(in)16 conc_peak=6 pread=3.383s
DBG getmany L61 nw=12 wall=0.455s thr(out)1 thr(in)16 conc_peak=12 pread=2.239s [reader]
DBG getmany L60 nw=9 wall=0.659s thr(out)1 thr(in)16 conc_peak=9 pread=6.067s
DBG getmany L62 nw=10 wall=0.340s thr(out)1 thr(in)16 conc_peak=10 pread=1.687s [reader]
DBG getmany L61 nw=8 wall=0.581s thr(out)1 thr(in)16 conc_peak=8 pread=4.804s
DBG getmany L63 nw=13 wall=0.582s thr(out)1 thr(in)16 conc_peak=13 pread=4.055s [reader]
DBG getmany L62 nw=6 wall=0.392s thr(out)1 thr(in)16 conc_peak=6 pread=4.874s
DBG getmany L64 nw=11 wall=0.469s thr(out)1 thr(in)16 conc_peak=11 pread=2.157s [reader]
DBG getmany L63 nw=7 wall=0.657s thr(out)1 thr(in)16 conc_peak=7 pread=6.082s
DBG getmany L65 nw=12 wall=0.488s thr(out)1 thr(in)16 conc_peak=12 pread=2.555s [reader]
DBG getmany L64 nw=9 wall=0.662s thr(out)1 thr(in)16 conc_peak=9 pread=7.049s
DBG getmany L66 nw=12 wall=0.263s thr(out)1 thr(in)16 conc_peak=12 pread=1.552s [reader]
DBG getmany L65 nw=6 wall=0.468s thr(out)1 thr(in)16 conc_peak=6 pread=2.532s
DBG getmany L67 nw=9 wall=0.526s thr(out)1 thr(in)16 conc_peak=9 pread=2.934s [reader]
DBG getmany L66 nw=4 wall=0.335s thr(out)1 thr(in)16 conc_peak=4 pread=3.960s
DBG getmany L68 nw=12 wall=0.387s thr(out)1 thr(in)16 conc_peak=12 pread=1.629s [reader]
DBG getmany L67 nw=11 wall=0.725s thr(out)1 thr(in)16 conc_peak=11 pread=8.055s
DBG getmany L69 nw=9 wall=0.170s thr(out)1 thr(in)16 conc_peak=9 pread=0.844s [reader]
DBG getmany L68 nw=12 wall=0.565s thr(out)1 thr(in)16 conc_peak=12 pread=6.248s
DBG getmany L70 nw=8 wall=0.263s thr(out)1 thr(in)16 conc_peak=8 pread=0.780s [reader]
DBG getmany L69 nw=6 wall=0.478s thr(out)1 thr(in)16 conc_peak=6 pread=2.096s
DBG getmany L71 nw=12 wall=0.406s thr(out)1 thr(in)16 conc_peak=12 pread=2.777s [reader]
DBG getmany L70 nw=5 wall=0.333s thr(out)1 thr(in)16 conc_peak=5 pread=1.992s
DBG getmany L72 nw=11 wall=0.287s thr(out)1 thr(in)16 conc_peak=11 pread=1.344s [reader]
DBG getmany L71 nw=8 wall=0.686s thr(out)1 thr(in)16 conc_peak=8 pread=4.641s
DBG getmany L73 nw=11 wall=0.796s thr(out)1 thr(in)16 conc_peak=11 pread=2.825s [reader]
DBG getmany L72 nw=8 wall=0.593s thr(out)1 thr(in)16 conc_peak=8 pread=5.137s
DBG getmany L74 nw=9 wall=0.839s thr(out)1 thr(in)16 conc_peak=9 pread=4.227s [reader]
DBG getmany L73 nw=11 wall=0.644s thr(out)1 thr(in)16 conc_peak=11 pread=7.195s
DBG getmany L75 nw=7 wall=0.116s thr(out)1 thr(in)16 conc_peak=7 pread=0.495s [reader]
DBG getmany L74 nw=5 wall=0.325s thr(out)1 thr(in)16 conc_peak=5 pread=1.361s
DBG getmany L76 nw=11 wall=0.314s thr(out)1 thr(in)16 conc_peak=11 pread=2.347s [reader]
DBG getmany L75 nw=6 wall=0.621s thr(out)1 thr(in)16 conc_peak=6 pread=4.817s
DBG getmany L77 nw=8 wall=0.692s thr(out)1 thr(in)16 conc_peak=8 pread=3.766s [reader]
DBG getmany L76 nw=7 wall=0.481s thr(out)1 thr(in)16 conc_peak=7 pread=4.845s
DBG getmany L78 nw=9 wall=0.149s thr(out)1 thr(in)16 conc_peak=9 pread=0.789s [reader]
DBG getmany L77 nw=5 wall=0.573s thr(out)1 thr(in)16 conc_peak=5 pread=1.909s
DBG getmany L79 nw=8 wall=0.481s thr(out)1 thr(in)16 conc_peak=8 pread=2.585s [reader]
DBG getmany L78 nw=6 wall=0.360s thr(out)1 thr(in)16 conc_peak=6 pread=3.943s
DBG getmany L80 nw=11 wall=0.589s thr(out)1 thr(in)16 conc_peak=11 pread=3.182s [reader]
DBG getmany L79 nw=6 wall=0.626s thr(out)1 thr(in)16 conc_peak=6 pread=5.670s
DBG getmany L80 nw=8 wall=0.496s thr(out)1 thr(in)16 conc_peak=8 pread=6.699s
DBG getmany L81 nw=13 wall=0.769s thr(out)1 thr(in)16 conc_peak=13 pread=7.954s [reader]
DBG getmany L82 nw=12 wall=0.347s thr(out)1 thr(in)16 conc_peak=12 pread=2.001s [reader]
DBG getmany L81 nw=5 wall=0.521s thr(out)1 thr(in)16 conc_peak=5 pread=2.023s
DBG getmany L83 nw=11 wall=0.475s thr(out)1 thr(in)16 conc_peak=11 pread=2.008s [reader]
DBG getmany L82 nw=8 wall=0.415s thr(out)1 thr(in)16 conc_peak=8 pread=4.122s
DBG getmany L84 nw=10 wall=0.384s thr(out)1 thr(in)16 conc_peak=10 pread=2.132s [reader]
DBG getmany L83 nw=7 wall=0.496s thr(out)1 thr(in)16 conc_peak=7 pread=4.475s
DBG getmany L85 nw=12 wall=0.830s thr(out)1 thr(in)16 conc_peak=12 pread=8.464s [reader]
DBG getmany L84 nw=7 wall=0.595s thr(out)1 thr(in)16 conc_peak=7 pread=10.432s
DBG getmany L86 nw=12 wall=0.809s thr(out)1 thr(in)16 conc_peak=12 pread=5.346s [reader]
DBG getmany L85 nw=7 wall=0.550s thr(out)1 thr(in)16 conc_peak=7 pread=5.847s
DBG getmany L87 nw=8 wall=0.139s thr(out)1 thr(in)16 conc_peak=8 pread=0.648s [reader]
DBG getmany L86 nw=7 wall=0.271s thr(out)1 thr(in)16 conc_peak=7 pread=1.696s
DBG getmany L88 nw=11 wall=0.529s thr(out)1 thr(in)16 conc_peak=11 pread=2.425s [reader]
DBG getmany L87 nw=7 wall=0.600s thr(out)1 thr(in)16 conc_peak=7 pread=4.710s
DBG getmany L89 nw=8 wall=0.157s thr(out)1 thr(in)16 conc_peak=8 pread=0.872s [reader]
DBG getmany L88 nw=5 wall=0.494s thr(out)1 thr(in)16 conc_peak=5 pread=1.933s
DBG getmany L90 nw=8 wall=0.182s thr(out)1 thr(in)16 conc_peak=8 pread=0.870s [reader]
DBG getmany L89 nw=3 wall=0.370s thr(out)1 thr(in)16 conc_peak=3 pread=0.981s
DBG getmany L91 nw=9 wall=0.433s thr(out)1 thr(in)16 conc_peak=9 pread=2.032s [reader]
DBG getmany L90 nw=4 wall=0.232s thr(out)1 thr(in)16 conc_peak=4 pread=2.355s
DBG getmany L92 nw=14 wall=0.395s thr(out)1 thr(in)16 conc_peak=14 pread=3.042s [reader]
DBG getmany L91 nw=6 wall=0.493s thr(out)1 thr(in)16 conc_peak=6 pread=4.395s
DBG getmany L92 nw=11 wall=0.152s thr(out)1 thr(in)16 conc_peak=11 pread=0.974s
5      15         122.87       99.7       31.80      0.008
  L2   resident=6779/14589 slots hit=100.0% read=217.55GB write=0.00GB
DBG getmany L1 nw=12 wall=0.497s thr(out)1 thr(in)16 conc_peak=12 pread=3.859s [reader]
DBG getmany L2 nw=11 wall=0.418s thr(out)1 thr(in)16 conc_peak=11 pread=2.162s [reader]
DBG getmany L1 nw=11 wall=0.600s thr(out)1 thr(in)16 conc_peak=11 pread=6.580s
DBG getmany L3 nw=8 wall=0.223s thr(out)1 thr(in)16 conc_peak=8 pread=0.784s [reader]
DBG getmany L2 nw=9 wall=0.309s thr(out)1 thr(in)16 conc_peak=9 pread=2.262s
DBG getmany L4 nw=12 wall=0.358s thr(out)1 thr(in)16 conc_peak=12 pread=1.710s [reader]
DBG getmany L3 nw=8 wall=0.647s thr(out)1 thr(in)16 conc_peak=8 pread=4.822s
DBG getmany L5 nw=9 wall=0.739s thr(out)1 thr(in)16 conc_peak=9 pread=6.794s [reader]
DBG getmany L4 nw=5 wall=0.508s thr(out)1 thr(in)16 conc_peak=5 pread=7.809s
DBG getmany L6 nw=15 wall=0.733s thr(out)1 thr(in)16 conc_peak=15 pread=7.293s [reader]
DBG getmany L5 nw=4 wall=0.531s thr(out)1 thr(in)16 conc_peak=4 pread=8.931s
DBG getmany L7 nw=12 wall=0.670s thr(out)1 thr(in)16 conc_peak=12 pread=5.531s [reader]
DBG getmany L6 nw=13 wall=0.402s thr(out)1 thr(in)16 conc_peak=13 pread=7.847s
DBG getmany L8 nw=12 wall=0.749s thr(out)1 thr(in)16 conc_peak=12 pread=5.974s [reader]
DBG getmany L7 nw=10 wall=0.692s thr(out)1 thr(in)16 conc_peak=10 pread=9.147s
DBG getmany L9 nw=12 wall=0.694s thr(out)1 thr(in)16 conc_peak=12 pread=5.120s [reader]
DBG getmany L8 nw=9 wall=0.629s thr(out)1 thr(in)16 conc_peak=9 pread=9.360s
DBG getmany L10 nw=8 wall=0.131s thr(out)1 thr(in)16 conc_peak=8 pread=0.646s [reader]
DBG getmany L9 nw=7 wall=0.559s thr(out)1 thr(in)16 conc_peak=7 pread=3.132s
DBG getmany L11 nw=8 wall=0.223s thr(out)1 thr(in)16 conc_peak=8 pread=0.806s [reader]
DBG getmany L10 nw=7 wall=0.336s thr(out)1 thr(in)16 conc_peak=7 pread=1.879s
DBG getmany L12 nw=8 wall=0.272s thr(out)1 thr(in)16 conc_peak=8 pread=1.201s [reader]
DBG getmany L11 nw=9 wall=0.628s thr(out)1 thr(in)16 conc_peak=9 pread=5.329s
DBG getmany L13 nw=10 wall=0.576s thr(out)1 thr(in)16 conc_peak=10 pread=2.963s [reader]
DBG getmany L12 nw=9 wall=0.634s thr(out)1 thr(in)16 conc_peak=9 pread=6.368s
DBG getmany L14 nw=13 wall=0.626s thr(out)1 thr(in)16 conc_peak=13 pread=2.547s [reader]
DBG getmany L13 nw=6 wall=0.819s thr(out)1 thr(in)16 conc_peak=6 pread=4.530s
DBG getmany L15 nw=12 wall=0.740s thr(out)1 thr(in)16 conc_peak=12 pread=7.882s [reader]
DBG getmany L14 nw=8 wall=0.493s thr(out)1 thr(in)16 conc_peak=8 pread=8.574s
DBG getmany L16 nw=11 wall=0.694s thr(out)1 thr(in)16 conc_peak=11 pread=5.470s [reader]
DBG getmany L15 nw=10 wall=0.654s thr(out)1 thr(in)16 conc_peak=10 pread=9.508s
DBG getmany L17 nw=12 wall=0.767s thr(out)1 thr(in)16 conc_peak=12 pread=6.740s [reader]
DBG getmany L16 nw=7 wall=0.518s thr(out)1 thr(in)16 conc_peak=7 pread=6.715s
DBG getmany L18 nw=9 wall=0.617s thr(out)1 thr(in)16 conc_peak=9 pread=2.726s [reader]
DBG getmany L17 nw=7 wall=0.547s thr(out)1 thr(in)16 conc_peak=7 pread=5.398s
DBG getmany L18 nw=6 wall=0.352s thr(out)1 thr(in)16 conc_peak=6 pread=4.950s
DBG getmany L19 nw=12 wall=0.675s thr(out)1 thr(in)16 conc_peak=12 pread=6.507s [reader]
DBG getmany L19 nw=5 wall=0.277s thr(out)1 thr(in)16 conc_peak=5 pread=1.187s
DBG getmany L20 nw=7 wall=0.688s thr(out)1 thr(in)16 conc_peak=7 pread=3.549s [reader]
DBG getmany L21 nw=11 wall=0.780s thr(out)1 thr(in)16 conc_peak=11 pread=7.529s [reader]
DBG getmany L20 nw=7 wall=0.491s thr(out)1 thr(in)16 conc_peak=7 pread=7.475s
DBG getmany L22 nw=11 wall=0.803s thr(out)1 thr(in)16 conc_peak=11 pread=3.794s [reader]
DBG getmany L21 nw=8 wall=0.602s thr(out)1 thr(in)16 conc_peak=8 pread=6.948s
DBG getmany L23 nw=9 wall=0.532s thr(out)1 thr(in)16 conc_peak=9 pread=2.434s [reader]
DBG getmany L22 nw=6 wall=0.324s thr(out)1 thr(in)16 conc_peak=6 pread=3.746s
DBG getmany L24 nw=14 wall=0.495s thr(out)1 thr(in)16 conc_peak=14 pread=3.455s [reader]
DBG getmany L23 nw=7 wall=0.561s thr(out)1 thr(in)16 conc_peak=7 pread=5.972s
DBG getmany L25 nw=12 wall=0.929s thr(out)1 thr(in)16 conc_peak=12 pread=5.395s [reader]
DBG getmany L24 nw=10 wall=0.708s thr(out)1 thr(in)16 conc_peak=10 pread=7.086s
DBG getmany L25 nw=8 wall=0.568s thr(out)1 thr(in)16 conc_peak=8 pread=4.967s
DBG getmany L26 nw=10 wall=0.844s thr(out)1 thr(in)16 conc_peak=10 pread=6.210s [reader]
DBG getmany L27 nw=12 wall=0.623s thr(out)1 thr(in)16 conc_peak=12 pread=3.462s [reader]
DBG getmany L26 nw=7 wall=0.403s thr(out)1 thr(in)16 conc_peak=7 pread=4.459s
DBG getmany L28 nw=13 wall=0.245s thr(out)1 thr(in)16 conc_peak=13 pread=1.518s [reader]
DBG getmany L27 nw=10 wall=0.654s thr(out)1 thr(in)16 conc_peak=10 pread=4.597s
DBG getmany L29 nw=13 wall=0.571s thr(out)1 thr(in)16 conc_peak=13 pread=3.815s [reader]
DBG getmany L28 nw=10 wall=0.604s thr(out)1 thr(in)16 conc_peak=10 pread=8.335s
DBG getmany L30 nw=11 wall=0.875s thr(out)1 thr(in)16 conc_peak=11 pread=7.057s [reader]
DBG getmany L29 nw=10 wall=0.535s thr(out)1 thr(in)16 conc_peak=10 pread=7.569s
DBG getmany L31 nw=10 wall=0.631s thr(out)1 thr(in)16 conc_peak=10 pread=3.455s [reader]
DBG getmany L30 nw=7 wall=0.406s thr(out)1 thr(in)16 conc_peak=7 pread=4.137s
DBG getmany L32 nw=11 wall=0.273s thr(out)1 thr(in)16 conc_peak=11 pread=1.454s [reader]
DBG getmany L31 nw=7 wall=0.619s thr(out)1 thr(in)16 conc_peak=7 pread=3.716s
DBG getmany L33 nw=9 wall=0.167s thr(out)1 thr(in)16 conc_peak=9 pread=1.014s [reader]
DBG getmany L32 nw=6 wall=0.550s thr(out)1 thr(in)16 conc_peak=6 pread=2.227s
DBG getmany L34 nw=12 wall=0.890s thr(out)1 thr(in)16 conc_peak=12 pread=4.201s [reader]
DBG getmany L33 nw=9 wall=0.660s thr(out)1 thr(in)16 conc_peak=9 pread=8.027s
DBG getmany L35 nw=10 wall=0.677s thr(out)1 thr(in)16 conc_peak=10 pread=7.267s [reader]
DBG getmany L34 nw=12 wall=0.475s thr(out)1 thr(in)16 conc_peak=12 pread=9.930s
DBG getmany L36 nw=13 wall=0.427s thr(out)1 thr(in)16 conc_peak=13 pread=2.496s [reader]
DBG getmany L35 nw=7 wall=0.733s thr(out)1 thr(in)16 conc_peak=7 pread=6.143s
DBG getmany L37 nw=13 wall=0.788s thr(out)1 thr(in)16 conc_peak=13 pread=3.914s [reader]
DBG getmany L36 nw=10 wall=0.692s thr(out)1 thr(in)16 conc_peak=10 pread=9.240s
DBG getmany L38 nw=7 wall=0.660s thr(out)1 thr(in)16 conc_peak=7 pread=2.583s [reader]
DBG getmany L37 nw=12 wall=0.589s thr(out)1 thr(in)16 conc_peak=12 pread=8.788s
DBG getmany L39 nw=11 wall=0.436s thr(out)1 thr(in)16 conc_peak=11 pread=1.797s [reader]
DBG getmany L38 nw=8 wall=0.360s thr(out)1 thr(in)16 conc_peak=8 pread=3.497s
DBG getmany L40 nw=11 wall=0.558s thr(out)1 thr(in)16 conc_peak=10 pread=2.625s [reader]
DBG getmany L39 nw=9 wall=0.629s thr(out)1 thr(in)16 conc_peak=9 pread=5.861s
DBG getmany L41 nw=8 wall=0.429s thr(out)1 thr(in)16 conc_peak=8 pread=1.431s [reader]
DBG getmany L40 nw=7 wall=0.414s thr(out)1 thr(in)16 conc_peak=7 pread=3.386s
DBG getmany L42 nw=7 wall=0.688s thr(out)1 thr(in)16 conc_peak=7 pread=3.852s [reader]
DBG getmany L41 nw=5 wall=0.458s thr(out)1 thr(in)16 conc_peak=5 pread=4.566s
DBG getmany L43 nw=8 wall=0.521s thr(out)1 thr(in)16 conc_peak=8 pread=2.289s [reader]
DBG getmany L42 nw=8 wall=0.386s thr(out)1 thr(in)16 conc_peak=8 pread=4.905s
DBG getmany L44 nw=12 wall=0.295s thr(out)1 thr(in)16 conc_peak=12 pread=1.676s [reader]
DBG getmany L43 nw=4 wall=0.637s thr(out)1 thr(in)16 conc_peak=4 pread=2.652s
DBG getmany L45 nw=10 wall=0.241s thr(out)1 thr(in)16 conc_peak=10 pread=1.228s [reader]
DBG getmany L44 nw=5 wall=0.524s thr(out)1 thr(in)16 conc_peak=5 pread=1.868s
DBG getmany L46 nw=9 wall=0.800s thr(out)1 thr(in)16 conc_peak=9 pread=1.722s [reader]
DBG getmany L45 nw=5 wall=0.635s thr(out)1 thr(in)16 conc_peak=5 pread=3.498s
DBG getmany L47 nw=10 wall=0.605s thr(out)1 thr(in)16 conc_peak=10 pread=4.060s [reader]
DBG getmany L46 nw=7 wall=0.406s thr(out)1 thr(in)16 conc_peak=7 pread=3.826s
DBG getmany L48 nw=12 wall=0.667s thr(out)1 thr(in)16 conc_peak=12 pread=4.135s [reader]
DBG getmany L47 nw=4 wall=0.597s thr(out)1 thr(in)16 conc_peak=4 pread=5.669s
DBG getmany L49 nw=15 wall=0.872s thr(out)1 thr(in)16 conc_peak=15 pread=5.059s [reader]
DBG getmany L48 nw=7 wall=0.641s thr(out)1 thr(in)16 conc_peak=7 pread=6.718s
DBG getmany L50 nw=11 wall=0.883s thr(out)1 thr(in)16 conc_peak=11 pread=7.008s [reader]
DBG getmany L49 nw=10 wall=0.631s thr(out)1 thr(in)16 conc_peak=10 pread=7.655s
DBG getmany L51 nw=12 wall=0.630s thr(out)1 thr(in)16 conc_peak=12 pread=5.515s [reader]
DBG getmany L50 nw=7 wall=0.384s thr(out)1 thr(in)16 conc_peak=7 pread=5.801s
DBG getmany L52 nw=9 wall=0.698s thr(out)1 thr(in)16 conc_peak=9 pread=3.509s [reader]
DBG getmany L51 nw=6 wall=0.621s thr(out)1 thr(in)16 conc_peak=6 pread=5.220s
DBG getmany L53 nw=13 wall=0.373s thr(out)1 thr(in)16 conc_peak=13 pread=2.042s [reader]
DBG getmany L52 nw=10 wall=0.616s thr(out)1 thr(in)16 conc_peak=10 pread=6.134s
DBG getmany L54 nw=11 wall=0.347s thr(out)1 thr(in)16 conc_peak=11 pread=2.354s [reader]
DBG getmany L53 nw=11 wall=0.525s thr(out)1 thr(in)16 conc_peak=11 pread=4.929s
DBG getmany L55 nw=13 wall=0.270s thr(out)1 thr(in)16 conc_peak=13 pread=1.796s [reader]
DBG getmany L54 nw=12 wall=0.480s thr(out)1 thr(in)16 conc_peak=12 pread=5.379s
DBG getmany L56 nw=12 wall=0.574s thr(out)1 thr(in)16 conc_peak=12 pread=4.011s [reader]
DBG getmany L55 nw=8 wall=0.480s thr(out)1 thr(in)16 conc_peak=8 pread=5.161s
DBG getmany L57 nw=15 wall=0.602s thr(out)1 thr(in)16 conc_peak=15 pread=4.945s [reader]
DBG getmany L56 nw=9 wall=0.622s thr(out)1 thr(in)16 conc_peak=9 pread=7.813s
DBG getmany L58 nw=9 wall=0.639s thr(out)1 thr(in)16 conc_peak=9 pread=2.275s [reader]
DBG getmany L57 nw=11 wall=0.582s thr(out)1 thr(in)16 conc_peak=11 pread=6.844s
DBG getmany L59 nw=6 wall=0.334s thr(out)1 thr(in)16 conc_peak=6 pread=1.407s [reader]
DBG getmany L58 nw=9 wall=0.354s thr(out)1 thr(in)16 conc_peak=9 pread=3.820s
DBG getmany L59 nw=6 wall=0.619s thr(out)1 thr(in)16 conc_peak=6 pread=6.901s
DBG getmany L60 nw=11 wall=0.834s thr(out)1 thr(in)16 conc_peak=11 pread=9.553s [reader]
DBG getmany L61 nw=12 wall=0.724s thr(out)1 thr(in)16 conc_peak=12 pread=4.780s [reader]
DBG getmany L60 nw=6 wall=0.458s thr(out)1 thr(in)16 conc_peak=6 pread=5.599s
DBG getmany L62 nw=10 wall=0.188s thr(out)1 thr(in)16 conc_peak=10 pread=1.068s [reader]
DBG getmany L61 nw=7 wall=0.557s thr(out)1 thr(in)16 conc_peak=7 pread=3.535s
DBG getmany L63 nw=12 wall=0.359s thr(out)1 thr(in)16 conc_peak=12 pread=1.845s [reader]
DBG getmany L62 nw=9 wall=0.399s thr(out)1 thr(in)16 conc_peak=9 pread=2.979s
DBG getmany L64 nw=9 wall=0.261s thr(out)1 thr(in)16 conc_peak=9 pread=1.205s [reader]
DBG getmany L63 nw=7 wall=0.659s thr(out)1 thr(in)16 conc_peak=7 pread=4.184s
DBG getmany L65 nw=10 wall=0.343s thr(out)1 thr(in)16 conc_peak=10 pread=1.144s [reader]
DBG getmany L64 nw=13 wall=0.650s thr(out)1 thr(in)16 conc_peak=13 pread=8.075s
DBG getmany L66 nw=13 wall=0.769s thr(out)1 thr(in)16 conc_peak=13 pread=5.049s [reader]
DBG getmany L65 nw=9 wall=0.609s thr(out)1 thr(in)16 conc_peak=9 pread=7.738s
DBG getmany L67 nw=14 wall=0.362s thr(out)1 thr(in)16 conc_peak=14 pread=2.543s [reader]
DBG getmany L66 nw=6 wall=0.434s thr(out)1 thr(in)16 conc_peak=6 pread=3.542s
DBG getmany L68 nw=15 wall=0.580s thr(out)1 thr(in)16 conc_peak=15 pread=4.507s [reader]
DBG getmany L67 nw=10 wall=0.767s thr(out)1 thr(in)16 conc_peak=10 pread=8.834s
DBG getmany L69 nw=10 wall=0.190s thr(out)1 thr(in)16 conc_peak=10 pread=0.949s [reader]
DBG getmany L68 nw=10 wall=0.553s thr(out)1 thr(in)16 conc_peak=10 pread=5.001s
DBG getmany L70 nw=8 wall=0.259s thr(out)1 thr(in)16 conc_peak=8 pread=0.800s [reader]
DBG getmany L69 nw=10 wall=0.546s thr(out)1 thr(in)16 conc_peak=10 pread=4.696s
DBG getmany L71 nw=13 wall=0.516s thr(out)1 thr(in)16 conc_peak=13 pread=2.927s [reader]
DBG getmany L70 nw=5 wall=0.398s thr(out)1 thr(in)16 conc_peak=5 pread=3.424s
DBG getmany L72 nw=12 wall=0.491s thr(out)1 thr(in)16 conc_peak=12 pread=3.154s [reader]
DBG getmany L71 nw=6 wall=0.692s thr(out)1 thr(in)16 conc_peak=6 pread=6.428s
DBG getmany L73 nw=12 wall=0.439s thr(out)1 thr(in)16 conc_peak=12 pread=3.004s [reader]
DBG getmany L72 nw=7 wall=0.601s thr(out)1 thr(in)16 conc_peak=7 pread=5.770s
DBG getmany L73 nw=9 wall=0.548s thr(out)1 thr(in)16 conc_peak=9 pread=4.793s
DBG getmany L74 nw=9 wall=0.826s thr(out)1 thr(in)16 conc_peak=9 pread=6.951s [reader]
DBG getmany L75 nw=8 wall=0.270s thr(out)1 thr(in)16 conc_peak=8 pread=0.984s [reader]
DBG getmany L74 nw=5 wall=0.274s thr(out)1 thr(in)16 conc_peak=5 pread=1.301s
DBG getmany L76 nw=13 wall=0.437s thr(out)1 thr(in)16 conc_peak=13 pread=2.218s [reader]
DBG getmany L75 nw=7 wall=0.577s thr(out)1 thr(in)16 conc_peak=7 pread=4.942s
DBG getmany L77 nw=9 wall=0.306s thr(out)1 thr(in)16 conc_peak=9 pread=1.147s [reader]
DBG getmany L76 nw=8 wall=0.545s thr(out)1 thr(in)16 conc_peak=8 pread=4.450s
DBG getmany L78 nw=10 wall=0.280s thr(out)1 thr(in)16 conc_peak=10 pread=1.764s [reader]
DBG getmany L77 nw=5 wall=0.505s thr(out)1 thr(in)16 conc_peak=5 pread=1.851s
DBG getmany L79 nw=9 wall=0.150s thr(out)1 thr(in)16 conc_peak=9 pread=0.847s [reader]
DBG getmany L78 nw=5 wall=0.295s thr(out)1 thr(in)16 conc_peak=5 pread=1.203s
DBG getmany L80 nw=13 wall=0.350s thr(out)1 thr(in)16 conc_peak=13 pread=1.879s [reader]
DBG getmany L79 nw=7 wall=0.611s thr(out)1 thr(in)16 conc_peak=7 pread=3.765s
DBG getmany L81 nw=14 wall=0.429s thr(out)1 thr(in)16 conc_peak=14 pread=2.505s [reader]
DBG getmany L80 nw=8 wall=0.603s thr(out)1 thr(in)16 conc_peak=8 pread=4.364s
DBG getmany L81 nw=7 wall=0.463s thr(out)1 thr(in)16 conc_peak=7 pread=5.916s
DBG getmany L82 nw=13 wall=0.921s thr(out)1 thr(in)16 conc_peak=13 pread=8.322s [reader]
DBG getmany L83 nw=12 wall=0.338s thr(out)1 thr(in)16 conc_peak=12 pread=1.566s [reader]
DBG getmany L82 nw=7 wall=0.418s thr(out)1 thr(in)16 conc_peak=7 pread=2.646s
DBG getmany L84 nw=13 wall=0.842s thr(out)1 thr(in)16 conc_peak=13 pread=8.115s [reader]
DBG getmany L83 nw=9 wall=0.690s thr(out)1 thr(in)16 conc_peak=9 pread=9.614s
DBG getmany L84 nw=6 wall=0.324s thr(out)1 thr(in)16 conc_peak=6 pread=2.532s
DBG getmany L85 nw=13 wall=0.848s thr(out)1 thr(in)16 conc_peak=13 pread=6.356s [reader]
DBG getmany L85 nw=6 wall=0.360s thr(out)1 thr(in)16 conc_peak=6 pread=4.697s
DBG getmany L86 nw=12 wall=0.734s thr(out)1 thr(in)16 conc_peak=12 pread=6.324s [reader]
DBG getmany L87 nw=9 wall=0.567s thr(out)1 thr(in)16 conc_peak=9 pread=4.159s [reader]
DBG getmany L86 nw=5 wall=0.314s thr(out)1 thr(in)16 conc_peak=5 pread=4.662s
DBG getmany L88 nw=13 wall=0.324s thr(out)1 thr(in)16 conc_peak=13 pread=2.512s [reader]
DBG getmany L87 nw=6 wall=0.696s thr(out)1 thr(in)16 conc_peak=6 pread=5.747s
DBG getmany L88 nw=2 wall=0.261s thr(out)1 thr(in)16 conc_peak=2 pread=2.220s
DBG getmany L89 nw=10 wall=0.607s thr(out)1 thr(in)16 conc_peak=10 pread=3.272s [reader]
DBG getmany L90 nw=10 wall=0.479s thr(out)1 thr(in)16 conc_peak=10 pread=2.312s [reader]
DBG getmany L89 nw=5 wall=0.540s thr(out)1 thr(in)16 conc_peak=5 pread=3.773s
DBG getmany L91 nw=9 wall=0.445s thr(out)1 thr(in)16 conc_peak=9 pread=1.917s [reader]
DBG getmany L90 nw=2 wall=0.279s thr(out)1 thr(in)16 conc_peak=2 pread=1.264s
DBG getmany L92 nw=12 wall=0.557s thr(out)1 thr(in)16 conc_peak=12 pread=4.686s [reader]
DBG getmany L91 nw=2 wall=0.391s thr(out)1 thr(in)16 conc_peak=2 pread=5.205s
DBG getmany L92 nw=9 wall=0.125s thr(out)1 thr(in)16 conc_peak=9 pread=0.675s
6      3629       121.26       99.8       29.99      0.008
  L2   resident=6779/14589 slots hit=100.0% read=247.45GB write=0.00GB
DBG getmany L1 nw=14 wall=0.736s thr(out)1 thr(in)16 conc_peak=14 pread=6.446s [reader]
DBG getmany L2 nw=12 wall=0.816s thr(out)1 thr(in)16 conc_peak=12 pread=8.759s [reader]
DBG getmany L1 nw=11 wall=0.569s thr(out)1 thr(in)16 conc_peak=11 pread=8.618s
DBG getmany L3 nw=10 wall=0.718s thr(out)1 thr(in)16 conc_peak=10 pread=6.691s [reader]
DBG getmany L2 nw=14 wall=0.480s thr(out)1 thr(in)16 conc_peak=14 pread=7.915s
DBG getmany L4 nw=12 wall=0.825s thr(out)1 thr(in)16 conc_peak=12 pread=8.803s [reader]
DBG getmany L3 nw=9 wall=0.658s thr(out)1 thr(in)16 conc_peak=9 pread=10.490s
DBG getmany L5 nw=7 wall=0.781s thr(out)1 thr(in)16 conc_peak=7 pread=3.832s [reader]
DBG getmany L4 nw=11 wall=0.521s thr(out)1 thr(in)16 conc_peak=11 pread=5.050s
DBG getmany L6 nw=15 wall=0.826s thr(out)1 thr(in)16 conc_peak=15 pread=10.434s [reader]
DBG getmany L5 nw=13 wall=0.677s thr(out)1 thr(in)16 conc_peak=13 pread=15.985s
DBG getmany L7 nw=14 wall=0.551s thr(out)1 thr(in)16 conc_peak=14 pread=2.848s [reader]
DBG getmany L6 nw=15 wall=0.528s thr(out)1 thr(in)16 conc_peak=15 pread=9.063s
DBG getmany L8 nw=14 wall=0.882s thr(out)1 thr(in)16 conc_peak=14 pread=9.520s [reader]
DBG getmany L7 nw=11 wall=0.710s thr(out)1 thr(in)16 conc_peak=11 pread=11.862s
DBG getmany L9 nw=12 wall=0.894s thr(out)1 thr(in)16 conc_peak=12 pread=3.837s [reader]
DBG getmany L8 nw=12 wall=0.656s thr(out)1 thr(in)16 conc_peak=12 pread=9.027s
DBG getmany L10 nw=10 wall=0.262s thr(out)1 thr(in)16 conc_peak=10 pread=1.575s [reader]
DBG getmany L9 nw=14 wall=0.638s thr(out)1 thr(in)16 conc_peak=14 pread=7.879s
DBG getmany L11 nw=12 wall=0.650s thr(out)1 thr(in)16 conc_peak=12 pread=4.844s [reader]
DBG getmany L10 nw=7 wall=0.402s thr(out)1 thr(in)16 conc_peak=7 pread=4.674s
DBG getmany L12 nw=13 wall=0.429s thr(out)1 thr(in)16 conc_peak=13 pread=2.395s [reader]
DBG getmany L11 nw=11 wall=0.724s thr(out)1 thr(in)16 conc_peak=11 pread=8.695s
DBG getmany L13 nw=13 wall=0.466s thr(out)1 thr(in)16 conc_peak=13 pread=2.588s [reader]
DBG getmany L12 nw=12 wall=0.678s thr(out)1 thr(in)16 conc_peak=12 pread=7.726s
DBG getmany L14 nw=16 wall=0.382s thr(out)1 thr(in)16 conc_peak=16 pread=2.630s [reader]
DBG getmany L13 nw=9 wall=0.564s thr(out)1 thr(in)16 conc_peak=9 pread=4.761s
DBG getmany L14 nw=11 wall=0.469s thr(out)1 thr(in)16 conc_peak=11 pread=5.858s
DBG getmany L15 nw=14 wall=0.848s thr(out)1 thr(in)16 conc_peak=14 pread=8.612s [reader]
DBG getmany L16 nw=11 wall=0.764s thr(out)1 thr(in)16 conc_peak=11 pread=7.102s [reader]
DBG getmany L15 nw=11 wall=0.717s thr(out)1 thr(in)16 conc_peak=11 pread=11.904s
DBG getmany L17 nw=13 wall=0.264s thr(out)1 thr(in)16 conc_peak=13 pread=2.061s [reader]
DBG getmany L16 nw=8 wall=0.516s thr(out)1 thr(in)16 conc_peak=8 pread=3.202s
DBG getmany L18 nw=12 wall=0.217s thr(out)1 thr(in)16 conc_peak=12 pread=1.343s [reader]
DBG getmany L17 nw=8 wall=0.565s thr(out)1 thr(in)16 conc_peak=8 pread=4.310s
DBG getmany L19 nw=14 wall=0.399s thr(out)1 thr(in)16 conc_peak=14 pread=3.100s [reader]
DBG getmany L18 nw=8 wall=0.411s thr(out)1 thr(in)16 conc_peak=8 pread=3.860s
DBG getmany L20 nw=10 wall=0.290s thr(out)1 thr(in)16 conc_peak=10 pread=1.088s [reader]
DBG getmany L19 nw=10 wall=0.576s thr(out)1 thr(in)16 conc_peak=10 pread=5.246s
DBG getmany L21 nw=13 wall=0.435s thr(out)1 thr(in)16 conc_peak=13 pread=2.403s [reader]
DBG getmany L20 nw=8 wall=0.533s thr(out)1 thr(in)16 conc_peak=8 pread=4.782s
DBG getmany L22 nw=10 wall=0.775s thr(out)1 thr(in)16 conc_peak=10 pread=6.705s [reader]
DBG getmany L21 nw=9 wall=0.619s thr(out)1 thr(in)16 conc_peak=9 pread=7.234s
DBG getmany L23 nw=12 wall=0.397s thr(out)1 thr(in)16 conc_peak=12 pread=1.869s [reader]
DBG getmany L22 nw=10 wall=0.435s thr(out)1 thr(in)16 conc_peak=10 pread=4.683s
DBG getmany L24 nw=15 wall=0.835s thr(out)1 thr(in)16 conc_peak=15 pread=8.573s [reader]
DBG getmany L23 nw=9 wall=0.596s thr(out)1 thr(in)16 conc_peak=9 pread=9.021s
DBG getmany L25 nw=13 wall=0.575s thr(out)1 thr(in)16 conc_peak=12 pread=4.490s [reader]
DBG getmany L24 nw=13 wall=0.583s thr(out)1 thr(in)16 conc_peak=13 pread=8.206s
DBG getmany L26 nw=13 wall=0.655s thr(out)1 thr(in)16 conc_peak=13 pread=3.774s [reader]
DBG getmany L25 nw=12 wall=0.692s thr(out)1 thr(in)16 conc_peak=12 pread=9.699s
DBG getmany L27 nw=15 wall=0.704s thr(out)1 thr(in)16 conc_peak=15 pread=7.254s [reader]
DBG getmany L26 nw=11 wall=0.489s thr(out)1 thr(in)16 conc_peak=11 pread=10.248s
DBG getmany L28 nw=14 wall=0.859s thr(out)1 thr(in)16 conc_peak=14 pread=9.013s [reader]
DBG getmany L27 nw=13 wall=0.706s thr(out)1 thr(in)16 conc_peak=13 pread=14.412s
DBG getmany L29 nw=14 wall=0.862s thr(out)1 thr(in)16 conc_peak=14 pread=4.101s [reader]
DBG getmany L28 nw=14 wall=0.661s thr(out)1 thr(in)16 conc_peak=14 pread=9.485s
DBG getmany L30 nw=11 wall=0.602s thr(out)1 thr(in)16 conc_peak=11 pread=2.270s [reader]
DBG getmany L29 nw=10 wall=0.594s thr(out)1 thr(in)16 conc_peak=10 pread=6.858s
DBG getmany L31 nw=13 wall=0.645s thr(out)1 thr(in)16 conc_peak=13 pread=5.849s [reader]
DBG getmany L30 nw=10 wall=0.469s thr(out)1 thr(in)16 conc_peak=10 pread=7.205s
DBG getmany L32 nw=11 wall=0.872s thr(out)1 thr(in)16 conc_peak=11 pread=12.063s [reader]
DBG getmany L31 nw=11 wall=0.701s thr(out)1 thr(in)16 conc_peak=11 pread=14.101s
DBG getmany L33 nw=14 wall=0.533s thr(out)1 thr(in)16 conc_peak=14 pread=2.859s [reader]
DBG getmany L32 nw=9 wall=0.543s thr(out)1 thr(in)16 conc_peak=9 pread=6.009s
DBG getmany L34 nw=14 wall=0.709s thr(out)1 thr(in)16 conc_peak=14 pread=5.776s [reader]
DBG getmany L33 nw=11 wall=0.743s thr(out)1 thr(in)16 conc_peak=11 pread=9.204s
DBG getmany L35 nw=11 wall=0.501s thr(out)1 thr(in)16 conc_peak=11 pread=2.762s [reader]
DBG getmany L34 nw=12 wall=0.406s thr(out)1 thr(in)16 conc_peak=12 pread=5.302s
DBG getmany L36 nw=14 wall=0.422s thr(out)1 thr(in)16 conc_peak=14 pread=2.924s [reader]
DBG getmany L35 nw=9 wall=0.698s thr(out)1 thr(in)16 conc_peak=9 pread=7.077s
DBG getmany L37 nw=14 wall=0.417s thr(out)1 thr(in)16 conc_peak=14 pread=2.357s [reader]
DBG getmany L36 nw=10 wall=0.663s thr(out)1 thr(in)16 conc_peak=10 pread=5.495s
DBG getmany L38 nw=11 wall=0.459s thr(out)1 thr(in)16 conc_peak=11 pread=1.997s [reader]
DBG getmany L37 nw=11 wall=0.592s thr(out)1 thr(in)16 conc_peak=11 pread=7.188s
DBG getmany L39 nw=14 wall=0.419s thr(out)1 thr(in)16 conc_peak=14 pread=2.982s [reader]
DBG getmany L38 nw=8 wall=0.394s thr(out)1 thr(in)16 conc_peak=8 pread=4.349s
DBG getmany L40 nw=13 wall=0.707s thr(out)1 thr(in)16 conc_peak=13 pread=5.269s [reader]
DBG getmany L39 nw=7 wall=0.631s thr(out)1 thr(in)16 conc_peak=7 pread=6.399s
DBG getmany L41 nw=9 wall=0.587s thr(out)1 thr(in)16 conc_peak=9 pread=2.919s [reader]
DBG getmany L40 nw=8 wall=0.538s thr(out)1 thr(in)16 conc_peak=8 pread=5.563s
DBG getmany L42 nw=8 wall=0.136s thr(out)1 thr(in)16 conc_peak=8 pread=0.657s [reader]
DBG getmany L41 nw=4 wall=0.502s thr(out)1 thr(in)16 conc_peak=4 pread=1.207s
DBG getmany L43 nw=9 wall=0.424s thr(out)1 thr(in)16 conc_peak=9 pread=1.328s [reader]
DBG getmany L42 nw=5 wall=0.358s thr(out)1 thr(in)16 conc_peak=5 pread=2.120s
DBG getmany L44 nw=12 wall=0.346s thr(out)1 thr(in)16 conc_peak=12 pread=1.819s [reader]
DBG getmany L43 nw=5 wall=0.649s thr(out)1 thr(in)16 conc_peak=5 pread=3.420s
DBG getmany L44 nw=5 wall=0.520s thr(out)1 thr(in)16 conc_peak=5 pread=2.674s
DBG getmany L45 nw=10 wall=0.817s thr(out)1 thr(in)16 conc_peak=10 pread=7.169s [reader]
DBG getmany L46 nw=10 wall=0.385s thr(out)1 thr(in)16 conc_peak=10 pread=2.406s [reader]
DBG getmany L45 nw=6 wall=0.573s thr(out)1 thr(in)16 conc_peak=6 pread=3.933s
DBG getmany L47 nw=11 wall=0.524s thr(out)1 thr(in)16 conc_peak=11 pread=2.171s [reader]
DBG getmany L46 nw=9 wall=0.421s thr(out)1 thr(in)16 conc_peak=9 pread=4.300s
DBG getmany L48 nw=13 wall=0.300s thr(out)1 thr(in)16 conc_peak=13 pread=1.757s [reader]
DBG getmany L47 nw=5 wall=0.551s thr(out)1 thr(in)16 conc_peak=5 pread=2.293s
DBG getmany L49 nw=15 wall=0.437s thr(out)1 thr(in)16 conc_peak=15 pread=3.033s [reader]
DBG getmany L48 nw=7 wall=0.608s thr(out)1 thr(in)16 conc_peak=7 pread=5.870s
DBG getmany L50 nw=12 wall=0.822s thr(out)1 thr(in)16 conc_peak=12 pread=2.721s [reader]
DBG getmany L49 nw=10 wall=0.625s thr(out)1 thr(in)16 conc_peak=10 pread=7.088s
DBG getmany L51 nw=11 wall=0.404s thr(out)1 thr(in)16 conc_peak=11 pread=2.676s [reader]
DBG getmany L50 nw=8 wall=0.382s thr(out)1 thr(in)16 conc_peak=8 pread=4.372s
DBG getmany L52 nw=13 wall=0.314s thr(out)1 thr(in)16 conc_peak=13 pread=2.520s [reader]
DBG getmany L51 nw=7 wall=0.383s thr(out)1 thr(in)16 conc_peak=7 pread=3.386s
DBG getmany L53 nw=12 wall=0.698s thr(out)1 thr(in)16 conc_peak=12 pread=5.519s [reader]
DBG getmany L52 nw=7 wall=0.561s thr(out)1 thr(in)16 conc_peak=7 pread=6.732s
DBG getmany L54 nw=12 wall=0.289s thr(out)1 thr(in)16 conc_peak=12 pread=1.754s [reader]
DBG getmany L53 nw=9 wall=0.579s thr(out)1 thr(in)16 conc_peak=9 pread=4.401s
DBG getmany L55 nw=11 wall=0.526s thr(out)1 thr(in)16 conc_peak=11 pread=3.046s [reader]
DBG getmany L54 nw=10 wall=0.406s thr(out)1 thr(in)16 conc_peak=10 pread=5.711s
DBG getmany L56 nw=11 wall=0.350s thr(out)1 thr(in)16 conc_peak=11 pread=1.568s [reader]
DBG getmany L55 nw=8 wall=0.574s thr(out)1 thr(in)16 conc_peak=8 pread=4.582s
DBG getmany L57 nw=14 wall=0.406s thr(out)1 thr(in)16 conc_peak=14 pread=3.299s [reader]
DBG getmany L56 nw=8 wall=0.646s thr(out)1 thr(in)16 conc_peak=8 pread=6.332s
DBG getmany L58 nw=9 wall=0.355s thr(out)1 thr(in)16 conc_peak=9 pread=1.280s [reader]
DBG getmany L57 nw=12 wall=0.603s thr(out)1 thr(in)16 conc_peak=12 pread=6.098s
DBG getmany L59 nw=9 wall=0.167s thr(out)1 thr(in)16 conc_peak=9 pread=0.875s [reader]
DBG getmany L58 nw=8 wall=0.356s thr(out)1 thr(in)16 conc_peak=8 pread=2.469s
DBG getmany L60 nw=12 wall=0.248s thr(out)1 thr(in)16 conc_peak=12 pread=1.423s [reader]
DBG getmany L59 nw=6 wall=0.604s thr(out)1 thr(in)16 conc_peak=6 pread=2.693s
DBG getmany L61 nw=12 wall=0.333s thr(out)1 thr(in)16 conc_peak=12 pread=1.571s [reader]
DBG getmany L60 nw=11 wall=0.656s thr(out)1 thr(in)16 conc_peak=11 pread=6.434s
DBG getmany L62 nw=13 wall=0.814s thr(out)1 thr(in)16 conc_peak=13 pread=6.356s [reader]
DBG getmany L61 nw=13 wall=0.652s thr(out)1 thr(in)16 conc_peak=13 pread=12.616s
DBG getmany L63 nw=10 wall=0.313s thr(out)1 thr(in)16 conc_peak=10 pread=1.656s [reader]
DBG getmany L62 nw=8 wall=0.341s thr(out)1 thr(in)16 conc_peak=8 pread=2.987s
DBG getmany L64 nw=11 wall=0.369s thr(out)1 thr(in)16 conc_peak=11 pread=2.195s [reader]
DBG getmany L63 nw=9 wall=0.506s thr(out)1 thr(in)16 conc_peak=9 pread=5.142s
DBG getmany L65 nw=11 wall=0.769s thr(out)1 thr(in)16 conc_peak=10 pread=4.129s [reader]
DBG getmany L64 nw=12 wall=0.648s thr(out)1 thr(in)16 conc_peak=12 pread=8.841s
DBG getmany L65 nw=7 wall=0.389s thr(out)1 thr(in)16 conc_peak=7 pread=2.590s
DBG getmany L66 nw=9 wall=0.785s thr(out)1 thr(in)16 conc_peak=9 pread=4.733s [reader]
DBG getmany L67 nw=9 wall=0.516s thr(out)1 thr(in)16 conc_peak=9 pread=2.172s [reader]
DBG getmany L66 nw=10 wall=0.286s thr(out)1 thr(in)16 conc_peak=10 pread=4.280s
DBG getmany L68 nw=12 wall=0.293s thr(out)1 thr(in)16 conc_peak=12 pread=1.561s [reader]
DBG getmany L67 nw=9 wall=0.656s thr(out)1 thr(in)16 conc_peak=9 pread=5.899s
DBG getmany L69 nw=12 wall=0.561s thr(out)1 thr(in)16 conc_peak=12 pread=3.498s [reader]
DBG getmany L68 nw=13 wall=0.649s thr(out)1 thr(in)16 conc_peak=13 pread=10.373s
DBG getmany L70 nw=10 wall=0.842s thr(out)1 thr(in)16 conc_peak=10 pread=4.940s [reader]
DBG getmany L69 nw=10 wall=0.610s thr(out)1 thr(in)16 conc_peak=10 pread=5.418s
DBG getmany L71 nw=10 wall=0.252s thr(out)1 thr(in)16 conc_peak=10 pread=1.199s [reader]
DBG getmany L70 nw=8 wall=0.382s thr(out)1 thr(in)16 conc_peak=8 pread=2.488s
DBG getmany L72 nw=10 wall=0.457s thr(out)1 thr(in)16 conc_peak=10 pread=1.534s [reader]
DBG getmany L71 nw=10 wall=0.744s thr(out)1 thr(in)16 conc_peak=10 pread=7.555s
DBG getmany L73 nw=12 wall=0.785s thr(out)1 thr(in)16 conc_peak=12 pread=4.318s [reader]
DBG getmany L72 nw=6 wall=0.560s thr(out)1 thr(in)16 conc_peak=6 pread=3.677s
DBG getmany L74 nw=7 wall=0.447s thr(out)1 thr(in)16 conc_peak=7 pread=1.942s [reader]
DBG getmany L73 nw=8 wall=0.536s thr(out)1 thr(in)16 conc_peak=8 pread=4.307s
DBG getmany L75 nw=7 wall=0.115s thr(out)1 thr(in)16 conc_peak=7 pread=0.565s [reader]
DBG getmany L74 nw=6 wall=0.325s thr(out)1 thr(in)16 conc_peak=6 pread=1.658s
DBG getmany L76 nw=9 wall=0.277s thr(out)1 thr(in)16 conc_peak=9 pread=1.548s [reader]
DBG getmany L75 nw=8 wall=0.611s thr(out)1 thr(in)16 conc_peak=8 pread=4.750s
DBG getmany L77 nw=9 wall=0.206s thr(out)1 thr(in)16 conc_peak=9 pread=0.916s [reader]
DBG getmany L76 nw=10 wall=0.583s thr(out)1 thr(in)16 conc_peak=10 pread=5.028s
DBG getmany L78 nw=11 wall=0.420s thr(out)1 thr(in)16 conc_peak=11 pread=2.067s [reader]
DBG getmany L77 nw=6 wall=0.495s thr(out)1 thr(in)16 conc_peak=6 pread=3.624s
DBG getmany L79 nw=9 wall=0.155s thr(out)1 thr(in)16 conc_peak=9 pread=0.801s [reader]
DBG getmany L78 nw=7 wall=0.347s thr(out)1 thr(in)16 conc_peak=7 pread=2.164s
DBG getmany L80 nw=9 wall=0.671s thr(out)1 thr(in)16 conc_peak=9 pread=3.319s [reader]
DBG getmany L79 nw=5 wall=0.582s thr(out)1 thr(in)16 conc_peak=5 pread=5.922s
DBG getmany L80 nw=12 wall=0.487s thr(out)1 thr(in)16 conc_peak=12 pread=4.537s
DBG getmany L81 nw=12 wall=0.885s thr(out)1 thr(in)16 conc_peak=12 pread=10.551s [reader]
DBG getmany L82 nw=10 wall=0.170s thr(out)1 thr(in)16 conc_peak=10 pread=0.940s [reader]
DBG getmany L81 nw=8 wall=0.574s thr(out)1 thr(in)16 conc_peak=8 pread=3.231s
DBG getmany L83 nw=9 wall=0.447s thr(out)1 thr(in)16 conc_peak=9 pread=2.154s [reader]
DBG getmany L82 nw=11 wall=0.420s thr(out)1 thr(in)16 conc_peak=11 pread=5.836s
DBG getmany L84 nw=11 wall=0.584s thr(out)1 thr(in)16 conc_peak=11 pread=2.344s [reader]
DBG getmany L83 nw=8 wall=0.675s thr(out)1 thr(in)16 conc_peak=8 pread=7.188s
DBG getmany L85 nw=9 wall=0.385s thr(out)1 thr(in)16 conc_peak=7 pread=2.049s [reader]
DBG getmany L84 nw=11 wall=0.606s thr(out)1 thr(in)16 conc_peak=11 pread=6.039s
DBG getmany L86 nw=11 wall=0.751s thr(out)1 thr(in)16 conc_peak=11 pread=4.428s [reader]
DBG getmany L85 nw=8 wall=0.548s thr(out)1 thr(in)16 conc_peak=8 pread=7.898s
DBG getmany L87 nw=8 wall=0.321s thr(out)1 thr(in)16 conc_peak=8 pread=1.299s [reader]
DBG getmany L86 nw=9 wall=0.308s thr(out)1 thr(in)16 conc_peak=9 pread=2.603s
DBG getmany L88 nw=11 wall=0.575s thr(out)1 thr(in)16 conc_peak=11 pread=4.504s [reader]
DBG getmany L87 nw=6 wall=0.525s thr(out)1 thr(in)16 conc_peak=6 pread=6.101s
DBG getmany L89 nw=7 wall=0.333s thr(out)1 thr(in)16 conc_peak=7 pread=1.128s [reader]
DBG getmany L88 nw=8 wall=0.483s thr(out)1 thr(in)16 conc_peak=8 pread=3.227s
DBG getmany L90 nw=8 wall=0.222s thr(out)1 thr(in)16 conc_peak=8 pread=0.938s [reader]
DBG getmany L89 nw=7 wall=0.372s thr(out)1 thr(in)16 conc_peak=7 pread=1.640s
DBG getmany L91 nw=8 wall=0.411s thr(out)1 thr(in)16 conc_peak=8 pread=1.401s [reader]
DBG getmany L90 nw=7 wall=0.354s thr(out)1 thr(in)16 conc_peak=7 pread=2.971s
DBG getmany L92 nw=11 wall=0.217s thr(out)1 thr(in)16 conc_peak=11 pread=1.349s [reader]
DBG getmany L91 nw=10 wall=0.483s thr(out)1 thr(in)16 conc_peak=10 pread=4.275s
DBG getmany L92 nw=11 wall=0.159s thr(out)1 thr(in)16 conc_peak=11 pread=1.044s
7      1389       126.29       99.0       33.55      0.008
  L2   resident=6779/14589 slots hit=100.0% read=280.65GB write=0.00GB
--------------------------------------------------------------------
8 tokens in 1029.5 s, 128.69 s/token average
PEAK RSS for the whole run: 22.77 GB   <- quote this, not the plan
layers completed: 93/93; routed expert drops: 0


[chip] simulated MXFP4 GEMV bill over 9 tokens
  11776 expert chains | 777925951488 flops | 206636580864 bytes (206.64 GB)
  per token: 1308 chains | 22.96 GB | 0.09 Gflops
  compute wall @ 4 TFLOPS : 0.19 s (21.61 ms/token)
  bandwidth wall @ 200 GB/s : 1.03 s (114.80 ms/token)
  -> bandwidth-bound; to be compute-bound at 4 TFLOPS this needs 1062 GB/s
  expert fetch (host wall, measured): 413.59 s moving 206.64 GB = 0 GB/s
  chip pool wall (measured): 308.67 s

cache [final step]
  slots        : 778 of 17.56 MB = 13.66 GB arena (778 resident, 0 pinned)
  requests     : 1472  hits 1458 (99.05%)  misses 14  evictions 1912
  of those hits : 1898 came from the batch prefetch, i.e. read from disk
                  this token; TRUE resident hit rate 0.00%
  read from disk: 33.55 GB in 100.99 s (332 MB/s while loading)
  phase2 i/o    : 33.32 GB in 97.40 s (342 MB/s)  [pure parallel disk read]
  prefetch      : issued 1047  LATE 0  survival 41.3% (608/1472 prev-token routed experts still resident)
l2cache [final step]
  requests     : 15998  hits 15998 (100.00%)  misses 0
  read  from sdd7: 280.65 GB, written 0.00 GB
  hit I/O   : 280.65 GB in 760.05 s (wall) = 369 MB/s [pread 5646.48 s, 50 MB/s per-thread]
  miss I/O  : 0 misses, 0.00 GB from /model in 0.00 s (wall) = 0 MB/s
  restored from meta: 6779 slots

wrote /mnt/f/kimi-k3-in-c/reports/gateab_ab/v4pf-20260926_162650/ctrl.json
I/O share of wall clock: 129.5%  (trunk 565.9 s + experts 767.7 s of 1029.5 s)
  both figures are WHOLE-RUN totals over 8 steps
  over 100% because trunk reads overlap compute on the reader thread;
  304.1 s of device time was hidden behind arithmetic
  experts, whole run: 281.41 GB read | 0 of 11776 requests retained in RAM (0.00%) | 15259 evictions
    (retention = requests - evictions; the raw `hits` counter includes
     experts the prefetcher had just read from disk, so it is not a
     measure of avoided I/O)

trunk [final]
  pinned 1/93 layers, ring 2 slots
  binds 744, hits 7 (0.9%), reads 737
  read 436.45 GB in 565.90 s (771 MB/s pread)
  per-layer loads [L]=count: 0=1 1=8 2=8 3=8 4=8 5=8 6=8 7=8 8=8 9=8 10=8 11=8 12=8 13=8 14=8 15=8 16=8 17=8 18=8 19=8 20=8 21=8 22=8 23=8 24=8 25=8 26=8 27=8 28=8 29=8 30=8 31=8 32=8 33=8 34=8 35=8 36=8 37=8 38=8 39=8 40=8 41=8 42=8 43=8 44=8 45=8 46=8 47=8 48=8 49=8 50=8 51=8 52=8 53=8 54=8 55=8 56=8 57=8 58=8 59=8 60=8 61=8 62=8 63=8 64=8 65=8 66=8 67=8 68=8 69=8 70=8 71=8 72=8 73=8 74=8 75=8 76=8 77=8 78=8 79=8 80=8 81=8 82=8 83=8 84=8 85=8 86=8 87=8 88=8 89=8 90=8 91=8 92=8
  bind wall 7.62 s over 744 binds; read 565.90 + widen 4.00 = 569.89 s of device work,
                    of which 562.28 s (99%) overlapped compute on the reader thread
  widen breakdown: find 1326 ms (19640)  copy 0 ms (9184)  deq 2658 ms (6320)  timed 4 s of widen 4.00 s
TIME_ELAPSED=1070.86
