L2 auto: 209 GB free on /mnt/nvme -> L2 at 256 GB
k3 chip: 4 workers, 4 TFLOPS, 200 GB/s simulated wall
  L2 want=17547264 slot=17547264 nbytes=17547264 fd=O_DIRECT
  L2 want=17547264 slot=17547264 nbytes=17547264 fd=O_DIRECT
  L2 want=17547264 slot=17547264 nbytes=17547264 fd=O_DIRECT
  L2 want=17547264 slot=17547264 nbytes=17547264 fd=O_DIRECT
  L2 want=17547264 slot=17547264 nbytes=17547264 fd=O_DIRECT
  L2 want=17547264 slot=17547264 nbytes=17547264 fd=O_DIRECT
  L2 want=17547264 slot=17547264 nbytes=17547264 fd=O_DIRECT
  L2 want=17547264 slot=17547264 nbytes=17547264 fd=O_DIRECT
  L2 want=17547264 slot=17547264 nbytes=17547264 fd=O_DIRECT
  L2 want=17547264 slot=17547264 nbytes=17547264 fd=O_DIRECT
  L2 want=17547264 slot=17547264 nbytes=17547264 fd=O_DIRECT
  L2 want=17547264 slot=17547264 nbytes=17547264 fd=O_DIRECT
  L2 want=17547264 slot=17547264 nbytes=17547264 fd=O_DIRECT
  L2 want=17547264 slot=17547264 nbytes=17547264 fd=O_DIRECT
  L2 want=17547264 slot=17547264 nbytes=17547264 fd=O_DIRECT
  L2 want=17547264 slot=17547264 nbytes=17547264 fd=O_DIRECT
DBG getmany L1 nw=16 wall=0.212s thr(out)1 thr(in)16 conc_peak=16 pread=0.000s
  L2 want=17547264 slot=17547264 nbytes=17547264 fd=O_DIRECT
  L2 want=17547264 slot=17547264 nbytes=17547264 fd=O_DIRECT
  L2 want=17547264 slot=17547264 nbytes=17547264 fd=O_DIRECT
  L2 want=17547264 slot=17547264 nbytes=17547264 fd=O_DIRECT
  L2 want=17547264 slot=17547264 nbytes=17547264 fd=O_DIRECT
  L2 want=17547264 slot=17547264 nbytes=17547264 fd=O_DIRECT
  L2 want=17547264 slot=17547264 nbytes=17547264 fd=O_DIRECT
  L2 want=17547264 slot=17547264 nbytes=17547264 fd=O_DIRECT
  L2 want=17547264 slot=17547264 nbytes=17547264 fd=O_DIRECT
  L2 want=17547264 slot=17547264 nbytes=17547264 fd=O_DIRECT
  L2 want=17547264 slot=17547264 nbytes=17547264 fd=O_DIRECT
  L2 want=17547264 slot=17547264 nbytes=17547264 fd=O_DIRECT
  L2 want=17547264 slot=17547264 nbytes=17547264 fd=O_DIRECT
  L2 want=17547264 slot=17547264 nbytes=17547264 fd=O_DIRECT
  L2 want=17547264 slot=17547264 nbytes=17547264 fd=O_DIRECT
  L2 want=17547264 slot=17547264 nbytes=17547264 fd=O_DIRECT
DBG getmany L2 nw=16 wall=0.196s thr(out)1 thr(in)16 conc_peak=16 pread=0.000s
  L2 want=17547264 slot=17547264 nbytes=17547264 fd=O_DIRECT
  L2 want=17547264 slot=17547264 nbytes=17547264 fd=O_DIRECT
  L2 want=17547264 slot=17547264 nbytes=17547264 fd=O_DIRECT
  L2 want=17547264 slot=17547264 nbytes=17547264 fd=O_DIRECT
  L2 want=17547264 slot=17547264 nbytes=17547264 fd=O_DIRECT
  L2 want=17547264 slot=17547264 nbytes=17547264 fd=O_DIRECT
  L2 want=17547264 slot=17547264 nbytes=17547264 fd=O_DIRECT
  L2 want=17547264 slot=17547264 nbytes=17547264 fd=O_DIRECT
  L2 want=17547264 slot=17547264 nbytes=17547264 fd=O_DIRECT
  L2 want=17547264 slot=17547264 nbytes=17547264 fd=O_DIRECT
  L2 want=17547264 slot=17547264 nbytes=17547264 fd=O_DIRECT
  L2 want=17547264 slot=17547264 nbytes=17547264 fd=O_DIRECT
  L2 want=17547264 slot=17547264 nbytes=17547264 fd=O_DIRECT
  L2 want=17547264 slot=17547264 nbytes=17547264 fd=O_DIRECT
  L2 want=17547264 slot=17547264 nbytes=17547264 fd=O_DIRECT
  L2 want=17547264 slot=17547264 nbytes=17547264 fd=O_DIRECT
DBG getmany L3 nw=16 wall=0.196s thr(out)1 thr(in)16 conc_peak=16 pread=0.000s
DBG getmany L4 nw=16 wall=0.189s thr(out)1 thr(in)16 conc_peak=16 pread=0.000s
  L2 want=17547264 slot=17547264 nbytes=17547264 fd=O_DIRECT
  L2 want=17547264 slot=17547264 nbytes=17547264 fd=O_DIRECT
  L2 want=17547264 slot=17547264 nbytes=17547264 fd=O_DIRECT
  L2 want=17547264 slot=17547264 nbytes=17547264 fd=O_DIRECT
  L2 want=17547264 slot=17547264 nbytes=17547264 fd=O_DIRECT
  L2 want=17547264 slot=17547264 nbytes=17547264 fd=O_DIRECT
  L2 want=17547264 slot=17547264 nbytes=17547264 fd=O_DIRECT
  L2 want=17547264 slot=17547264 nbytes=17547264 fd=O_DIRECT
  L2 want=17547264 slot=17547264 nbytes=17547264 fd=O_DIRECT
  L2 want=17547264 slot=17547264 nbytes=17547264 fd=O_DIRECT
  L2 want=17547264 slot=17547264 nbytes=17547264 fd=O_DIRECT
  L2 want=17547264 slot=17547264 nbytes=17547264 fd=O_DIRECT
  L2 want=17547264 slot=17547264 nbytes=17547264 fd=O_DIRECT
  L2 want=17547264 slot=17547264 nbytes=17547264 fd=O_DIRECT
  L2 want=17547264 slot=17547264 nbytes=17547264 fd=O_DIRECT
  L2 want=17547264 slot=17547264 nbytes=17547264 fd=O_DIRECT
DBG getmany L5 nw=16 wall=0.175s thr(out)1 thr(in)16 conc_peak=16 pread=0.000s
  L2 want=17547264 slot=17547264 nbytes=17547264 fd=O_DIRECT
  L2 want=17547264 slot=17547264 nbytes=17547264 fd=O_DIRECT
  L2 want=17547264 slot=17547264 nbytes=17547264 fd=O_DIRECT
  L2 want=17547264 slot=17547264 nbytes=17547264 fd=O_DIRECT
  L2 want=17547264 slot=17547264 nbytes=17547264 fd=O_DIRECT
  L2 want=17547264 slot=17547264 nbytes=17547264 fd=O_DIRECT
  L2 want=17547264 slot=17547264 nbytes=17547264 fd=O_DIRECT
  L2 want=17547264 slot=17547264 nbytes=17547264 fd=O_DIRECT
  L2 want=17547264 slot=17547264 nbytes=17547264 fd=O_DIRECT
  L2 want=17547264 slot=17547264 nbytes=17547264 fd=O_DIRECT
  L2 want=17547264 slot=17547264 nbytes=17547264 fd=O_DIRECT
  L2 want=17547264 slot=17547264 nbytes=17547264 fd=O_DIRECT
  L2 want=17547264 slot=17547264 nbytes=17547264 fd=O_DIRECT
  L2 want=17547264 slot=17547264 nbytes=17547264 fd=O_DIRECT
  L2 want=17547264 slot=17547264 nbytes=17547264 fd=O_DIRECT
  L2 want=17547264 slot=17547264 nbytes=17547264 fd=O_DIRECT
DBG getmany L6 nw=16 wall=0.181s thr(out)1 thr(in)16 conc_peak=16 pread=0.000s
DBG getmany L7 nw=16 wall=0.185s thr(out)1 thr(in)16 conc_peak=16 pread=0.000s
DBG getmany L8 nw=16 wall=0.193s thr(out)1 thr(in)16 conc_peak=16 pread=0.000s
DBG getmany L9 nw=16 wall=0.189s thr(out)1 thr(in)16 conc_peak=16 pread=0.000s
  L2 want=17547264 slot=17547264 nbytes=17547264 fd=O_DIRECT
  L2 want=17547264 slot=17547264 nbytes=17547264 fd=O_DIRECT
  L2 want=17547264 slot=17547264 nbytes=17547264 fd=O_DIRECT
  L2 want=17547264 slot=17547264 nbytes=17547264 fd=O_DIRECT
  L2 want=17547264 slot=17547264 nbytes=17547264 fd=O_DIRECT
  L2 want=17547264 slot=17547264 nbytes=17547264 fd=O_DIRECT
  L2 want=17547264 slot=17547264 nbytes=17547264 fd=O_DIRECT
  L2 want=17547264 slot=17547264 nbytes=17547264 fd=O_DIRECT
  L2 want=17547264 slot=17547264 nbytes=17547264 fd=O_DIRECT
  L2 want=17547264 slot=17547264 nbytes=17547264 fd=O_DIRECT
  L2 want=17547264 slot=17547264 nbytes=17547264 fd=O_DIRECT
  L2 want=17547264 slot=17547264 nbytes=17547264 fd=O_DIRECT
  L2 want=17547264 slot=17547264 nbytes=17547264 fd=O_DIRECT
  L2 want=17547264 slot=17547264 nbytes=17547264 fd=O_DIRECT
  L2 want=17547264 slot=17547264 nbytes=17547264 fd=O_DIRECT
  L2 want=17547264 slot=17547264 nbytes=17547264 fd=O_DIRECT
DBG getmany L10 nw=16 wall=0.188s thr(out)1 thr(in)16 conc_peak=16 pread=0.000s
  L2 want=17547264 slot=17547264 nbytes=17547264 fd=O_DIRECT
  L2 want=17547264 slot=17547264 nbytes=17547264 fd=O_DIRECT
  L2 want=17547264 slot=17547264 nbytes=17547264 fd=O_DIRECT
  L2 want=17547264 slot=17547264 nbytes=17547264 fd=O_DIRECT
  L2 want=17547264 slot=17547264 nbytes=17547264 fd=O_DIRECT
  L2 want=17547264 slot=17547264 nbytes=17547264 fd=O_DIRECT
  L2 want=17547264 slot=17547264 nbytes=17547264 fd=O_DIRECT
  L2 want=17547264 slot=17547264 nbytes=17547264 fd=O_DIRECT
  L2 want=17547264 slot=17547264 nbytes=17547264 fd=O_DIRECT
  L2 want=17547264 slot=17547264 nbytes=17547264 fd=O_DIRECT
  L2 want=17547264 slot=17547264 nbytes=17547264 fd=O_DIRECT
  L2 want=17547264 slot=17547264 nbytes=17547264 fd=O_DIRECT
  L2 want=17547264 slot=17547264 nbytes=17547264 fd=O_DIRECT
  L2 want=17547264 slot=17547264 nbytes=17547264 fd=O_DIRECT
  L2 want=17547264 slot=17547264 nbytes=17547264 fd=O_DIRECT
  L2 want=17547264 slot=17547264 nbytes=17547264 fd=O_DIRECT
DBG getmany L11 nw=16 wall=0.196s thr(out)1 thr(in)16 conc_peak=16 pread=0.000s
DBG getmany L12 nw=16 wall=0.199s thr(out)1 thr(in)16 conc_peak=16 pread=0.000s
DBG getmany L13 nw=16 wall=0.208s thr(out)1 thr(in)16 conc_peak=16 pread=0.000s
  L2 want=17547264 slot=17547264 nbytes=17547264 fd=O_DIRECT
  L2 want=17547264 slot=17547264 nbytes=17547264 fd=O_DIRECT
  L2 want=17547264 slot=17547264 nbytes=17547264 fd=O_DIRECT
  L2 want=17547264 slot=17547264 nbytes=17547264 fd=O_DIRECT
  L2 want=17547264 slot=17547264 nbytes=17547264 fd=O_DIRECT
  L2 want=17547264 slot=17547264 nbytes=17547264 fd=O_DIRECT
  L2 want=17547264 slot=17547264 nbytes=17547264 fd=O_DIRECT
  L2 want=17547264 slot=17547264 nbytes=17547264 fd=O_DIRECT
  L2 want=17547264 slot=17547264 nbytes=17547264 fd=O_DIRECT
  L2 want=17547264 slot=17547264 nbytes=17547264 fd=O_DIRECT
  L2 want=17547264 slot=17547264 nbytes=17547264 fd=O_DIRECT
  L2 want=17547264 slot=17547264 nbytes=17547264 fd=O_DIRECT
  L2 want=17547264 slot=17547264 nbytes=17547264 fd=O_DIRECT
  L2 want=17547264 slot=17547264 nbytes=17547264 fd=O_DIRECT
  L2 want=17547264 slot=17547264 nbytes=17547264 fd=O_DIRECT
  L2 want=17547264 slot=17547264 nbytes=17547264 fd=O_DIRECT
DBG getmany L14 nw=16 wall=0.200s thr(out)1 thr(in)16 conc_peak=16 pread=0.000s
  L2 want=17547264 slot=17547264 nbytes=17547264 fd=O_DIRECT
  L2 want=17547264 slot=17547264 nbytes=17547264 fd=O_DIRECT
  L2 want=17547264 slot=17547264 nbytes=17547264 fd=O_DIRECT
  L2 want=17547264 slot=17547264 nbytes=17547264 fd=O_DIRECT
  L2 want=17547264 slot=17547264 nbytes=17547264 fd=O_DIRECT
  L2 want=17547264 slot=17547264 nbytes=17547264 fd=O_DIRECT
  L2 want=17547264 slot=17547264 nbytes=17547264 fd=O_DIRECT
  L2 want=17547264 slot=17547264 nbytes=17547264 fd=O_DIRECT
  L2 want=17547264 slot=17547264 nbytes=17547264 fd=O_DIRECT
  L2 want=17547264 slot=17547264 nbytes=17547264 fd=O_DIRECT
  L2 want=17547264 slot=17547264 nbytes=17547264 fd=O_DIRECT
  L2 want=17547264 slot=17547264 nbytes=17547264 fd=O_DIRECT
  L2 want=17547264 slot=17547264 nbytes=17547264 fd=O_DIRECT
  L2 want=17547264 slot=17547264 nbytes=17547264 fd=O_DIRECT
  L2 want=17547264 slot=17547264 nbytes=17547264 fd=O_DIRECT
  L2 want=17547264 slot=17547264 nbytes=17547264 fd=O_DIRECT
DBG getmany L15 nw=16 wall=0.203s thr(out)1 thr(in)16 conc_peak=16 pread=0.000s
DBG getmany L16 nw=16 wall=0.198s thr(out)1 thr(in)16 conc_peak=16 pread=0.000s
  L2 want=17547264 slot=17547264 nbytes=17547264 fd=O_DIRECT
  L2 want=17547264 slot=17547264 nbytes=17547264 fd=O_DIRECT
  L2 want=17547264 slot=17547264 nbytes=17547264 fd=O_DIRECT
  L2 want=17547264 slot=17547264 nbytes=17547264 fd=O_DIRECT
  L2 want=17547264 slot=17547264 nbytes=17547264 fd=O_DIRECT
  L2 want=17547264 slot=17547264 nbytes=17547264 fd=O_DIRECT
  L2 want=17547264 slot=17547264 nbytes=17547264 fd=O_DIRECT
  L2 want=17547264 slot=17547264 nbytes=17547264 fd=O_DIRECT
  L2 want=17547264 slot=17547264 nbytes=17547264 fd=O_DIRECT
  L2 want=17547264 slot=17547264 nbytes=17547264 fd=O_DIRECT
  L2 want=17547264 slot=17547264 nbytes=17547264 fd=O_DIRECT
  L2 want=17547264 slot=17547264 nbytes=17547264 fd=O_DIRECT
  L2 want=17547264 slot=17547264 nbytes=17547264 fd=O_DIRECT
  L2 want=17547264 slot=17547264 nbytes=17547264 fd=O_DIRECT
  L2 want=17547264 slot=17547264 nbytes=17547264 fd=O_DIRECT
  L2 want=17547264 slot=17547264 nbytes=17547264 fd=O_DIRECT
DBG getmany L17 nw=16 wall=0.202s thr(out)1 thr(in)16 conc_peak=16 pread=0.000s
DBG getmany L18 nw=16 wall=0.199s thr(out)1 thr(in)16 conc_peak=16 pread=0.000s
DBG getmany L19 nw=16 wall=0.210s thr(out)1 thr(in)16 conc_peak=16 pread=0.000s
  L2 want=17547264 slot=17547264 nbytes=17547264 fd=O_DIRECT
  L2 want=17547264 slot=17547264 nbytes=17547264 fd=O_DIRECT
  L2 want=17547264 slot=17547264 nbytes=17547264 fd=O_DIRECT
  L2 want=17547264 slot=17547264 nbytes=17547264 fd=O_DIRECT
  L2 want=17547264 slot=17547264 nbytes=17547264 fd=O_DIRECT
  L2 want=17547264 slot=17547264 nbytes=17547264 fd=O_DIRECT
  L2 want=17547264 slot=17547264 nbytes=17547264 fd=O_DIRECT
  L2 want=17547264 slot=17547264 nbytes=17547264 fd=O_DIRECT
  L2 want=17547264 slot=17547264 nbytes=17547264 fd=O_DIRECT
  L2 want=17547264 slot=17547264 nbytes=17547264 fd=O_DIRECT
  L2 want=17547264 slot=17547264 nbytes=17547264 fd=O_DIRECT
  L2 want=17547264 slot=17547264 nbytes=17547264 fd=O_DIRECT
  L2 want=17547264 slot=17547264 nbytes=17547264 fd=O_DIRECT
  L2 want=17547264 slot=17547264 nbytes=17547264 fd=O_DIRECT
  L2 want=17547264 slot=17547264 nbytes=17547264 fd=O_DIRECT
  L2 want=17547264 slot=17547264 nbytes=17547264 fd=O_DIRECT
DBG getmany L20 nw=16 wall=0.197s thr(out)1 thr(in)16 conc_peak=16 pread=0.000s
DBG getmany L21 nw=16 wall=0.207s thr(out)1 thr(in)16 conc_peak=16 pread=0.000s
  L2 want=17547264 slot=17547264 nbytes=17547264 fd=O_DIRECT
  L2 want=17547264 slot=17547264 nbytes=17547264 fd=O_DIRECT
  L2 want=17547264 slot=17547264 nbytes=17547264 fd=O_DIRECT
  L2 want=17547264 slot=17547264 nbytes=17547264 fd=O_DIRECT
  L2 want=17547264 slot=17547264 nbytes=17547264 fd=O_DIRECT
  L2 want=17547264 slot=17547264 nbytes=17547264 fd=O_DIRECT
  L2 want=17547264 slot=17547264 nbytes=17547264 fd=O_DIRECT
  L2 want=17547264 slot=17547264 nbytes=17547264 fd=O_DIRECT
  L2 want=17547264 slot=17547264 nbytes=17547264 fd=O_DIRECT
  L2 want=17547264 slot=17547264 nbytes=17547264 fd=O_DIRECT
  L2 want=17547264 slot=17547264 nbytes=17547264 fd=O_DIRECT
  L2 want=17547264 slot=17547264 nbytes=17547264 fd=O_DIRECT
  L2 want=17547264 slot=17547264 nbytes=17547264 fd=O_DIRECT
  L2 want=17547264 slot=17547264 nbytes=17547264 fd=O_DIRECT
  L2 want=17547264 slot=17547264 nbytes=17547264 fd=O_DIRECT
  L2 want=17547264 slot=17547264 nbytes=17547264 fd=O_DIRECT
DBG getmany L22 nw=16 wall=0.265s thr(out)1 thr(in)16 conc_peak=16 pread=0.000s
DBG getmany L23 nw=16 wall=0.496s thr(out)1 thr(in)16 conc_peak=16 pread=0.000s
DBG getmany L24 nw=16 wall=0.565s thr(out)1 thr(in)16 conc_peak=16 pread=0.000s
DBG getmany L25 nw=16 wall=0.541s thr(out)1 thr(in)16 conc_peak=16 pread=0.000s
  L2 want=17547264 slot=17547264 nbytes=17547264 fd=O_DIRECT
  L2 want=17547264 slot=17547264 nbytes=17547264 fd=O_DIRECT
  L2 want=17547264 slot=17547264 nbytes=17547264 fd=O_DIRECT
  L2 want=17547264 slot=17547264 nbytes=17547264 fd=O_DIRECT
  L2 want=17547264 slot=17547264 nbytes=17547264 fd=O_DIRECT
  L2 want=17547264 slot=17547264 nbytes=17547264 fd=O_DIRECT
  L2 want=17547264 slot=17547264 nbytes=17547264 fd=O_DIRECT
  L2 want=17547264 slot=17547264 nbytes=17547264 fd=O_DIRECT
  L2 want=17547264 slot=17547264 nbytes=17547264 fd=O_DIRECT
  L2 want=17547264 slot=17547264 nbytes=17547264 fd=O_DIRECT
  L2 want=17547264 slot=17547264 nbytes=17547264 fd=O_DIRECT
  L2 want=17547264 slot=17547264 nbytes=17547264 fd=O_DIRECT
  L2 want=17547264 slot=17547264 nbytes=17547264 fd=O_DIRECT
  L2 want=17547264 slot=17547264 nbytes=17547264 fd=O_DIRECT
  L2 want=17547264 slot=17547264 nbytes=17547264 fd=O_DIRECT
  L2 want=17547264 slot=17547264 nbytes=17547264 fd=O_DIRECT
DBG getmany L26 nw=16 wall=0.400s thr(out)1 thr(in)16 conc_peak=16 pread=0.000s
DBG getmany L27 nw=16 wall=0.508s thr(out)1 thr(in)16 conc_peak=16 pread=0.000s
  L2 want=17547264 slot=17547264 nbytes=17547264 fd=O_DIRECT
  L2 want=17547264 slot=17547264 nbytes=17547264 fd=O_DIRECT
  L2 want=17547264 slot=17547264 nbytes=17547264 fd=O_DIRECT
  L2 want=17547264 slot=17547264 nbytes=17547264 fd=O_DIRECT
  L2 want=17547264 slot=17547264 nbytes=17547264 fd=O_DIRECT
  L2 want=17547264 slot=17547264 nbytes=17547264 fd=O_DIRECT
  L2 want=17547264 slot=17547264 nbytes=17547264 fd=O_DIRECT
  L2 want=17547264 slot=17547264 nbytes=17547264 fd=O_DIRECT
  L2 want=17547264 slot=17547264 nbytes=17547264 fd=O_DIRECT
  L2 want=17547264 slot=17547264 nbytes=17547264 fd=O_DIRECT
  L2 want=17547264 slot=17547264 nbytes=17547264 fd=O_DIRECT
  L2 want=17547264 slot=17547264 nbytes=17547264 fd=O_DIRECT
  L2 want=17547264 slot=17547264 nbytes=17547264 fd=O_DIRECT
  L2 want=17547264 slot=17547264 nbytes=17547264 fd=O_DIRECT
  L2 want=17547264 slot=17547264 nbytes=17547264 fd=O_DIRECT
  L2 want=17547264 slot=17547264 nbytes=17547264 fd=O_DIRECT
DBG getmany L28 nw=16 wall=0.470s thr(out)1 thr(in)16 conc_peak=16 pread=0.000s
  L2 want=17547264 slot=17547264 nbytes=17547264 fd=O_DIRECT
  L2 want=17547264 slot=17547264 nbytes=17547264 fd=O_DIRECT
  L2 want=17547264 slot=17547264 nbytes=17547264 fd=O_DIRECT
  L2 want=17547264 slot=17547264 nbytes=17547264 fd=O_DIRECT
  L2 want=17547264 slot=17547264 nbytes=17547264 fd=O_DIRECT
  L2 want=17547264 slot=17547264 nbytes=17547264 fd=O_DIRECT
  L2 want=17547264 slot=17547264 nbytes=17547264 fd=O_DIRECT
  L2 want=17547264 slot=17547264 nbytes=17547264 fd=O_DIRECT
  L2 want=17547264 slot=17547264 nbytes=17547264 fd=O_DIRECT
  L2 want=17547264 slot=17547264 nbytes=17547264 fd=O_DIRECT
  L2 want=17547264 slot=17547264 nbytes=17547264 fd=O_DIRECT
  L2 want=17547264 slot=17547264 nbytes=17547264 fd=O_DIRECT
  L2 want=17547264 slot=17547264 nbytes=17547264 fd=O_DIRECT
  L2 want=17547264 slot=17547264 nbytes=17547264 fd=O_DIRECT
  L2 want=17547264 slot=17547264 nbytes=17547264 fd=O_DIRECT
  L2 want=17547264 slot=17547264 nbytes=17547264 fd=O_DIRECT
DBG getmany L29 nw=16 wall=0.525s thr(out)1 thr(in)16 conc_peak=16 pread=0.000s
  L2 want=17547264 slot=17547264 nbytes=17547264 fd=O_DIRECT
  L2 want=17547264 slot=17547264 nbytes=17547264 fd=O_DIRECT
  L2 want=17547264 slot=17547264 nbytes=17547264 fd=O_DIRECT
  L2 want=17547264 slot=17547264 nbytes=17547264 fd=O_DIRECT
  L2 want=17547264 slot=17547264 nbytes=17547264 fd=O_DIRECT
  L2 want=17547264 slot=17547264 nbytes=17547264 fd=O_DIRECT
  L2 want=17547264 slot=17547264 nbytes=17547264 fd=O_DIRECT
  L2 want=17547264 slot=17547264 nbytes=17547264 fd=O_DIRECT
  L2 want=17547264 slot=17547264 nbytes=17547264 fd=O_DIRECT
  L2 want=17547264 slot=17547264 nbytes=17547264 fd=O_DIRECT
  L2 want=17547264 slot=17547264 nbytes=17547264 fd=O_DIRECT
  L2 want=17547264 slot=17547264 nbytes=17547264 fd=O_DIRECT
  L2 want=17547264 slot=17547264 nbytes=17547264 fd=O_DIRECT
  L2 want=17547264 slot=17547264 nbytes=17547264 fd=O_DIRECT
  L2 want=17547264 slot=17547264 nbytes=17547264 fd=O_DIRECT
  L2 want=17547264 slot=17547264 nbytes=17547264 fd=O_DIRECT
DBG getmany L30 nw=16 wall=0.399s thr(out)1 thr(in)16 conc_peak=16 pread=0.000s
  L2 want=17547264 slot=17547264 nbytes=17547264 fd=O_DIRECT
  L2 want=17547264 slot=17547264 nbytes=17547264 fd=O_DIRECT
  L2 want=17547264 slot=17547264 nbytes=17547264 fd=O_DIRECT
  L2 want=17547264 slot=17547264 nbytes=17547264 fd=O_DIRECT
  L2 want=17547264 slot=17547264 nbytes=17547264 fd=O_DIRECT
  L2 want=17547264 slot=17547264 nbytes=17547264 fd=O_DIRECT
  L2 want=17547264 slot=17547264 nbytes=17547264 fd=O_DIRECT
  L2 want=17547264 slot=17547264 nbytes=17547264 fd=O_DIRECT
  L2 want=17547264 slot=17547264 nbytes=17547264 fd=O_DIRECT
  L2 want=17547264 slot=17547264 nbytes=17547264 fd=O_DIRECT
  L2 want=17547264 slot=17547264 nbytes=17547264 fd=O_DIRECT
  L2 want=17547264 slot=17547264 nbytes=17547264 fd=O_DIRECT
  L2 want=17547264 slot=17547264 nbytes=17547264 fd=O_DIRECT
  L2 want=17547264 slot=17547264 nbytes=17547264 fd=O_DIRECT
  L2 want=17547264 slot=17547264 nbytes=17547264 fd=O_DIRECT
  L2 want=17547264 slot=17547264 nbytes=17547264 fd=O_DIRECT
DBG getmany L31 nw=16 wall=0.546s thr(out)1 thr(in)16 conc_peak=16 pread=0.000s
DBG getmany L32 nw=16 wall=0.549s thr(out)1 thr(in)16 conc_peak=16 pread=0.000s
DBG getmany L33 nw=16 wall=0.571s thr(out)1 thr(in)16 conc_peak=16 pread=0.000s
  L2 want=17547264 slot=17547264 nbytes=17547264 fd=O_DIRECT
  L2 want=17547264 slot=17547264 nbytes=17547264 fd=O_DIRECT
  L2 want=17547264 slot=17547264 nbytes=17547264 fd=O_DIRECT
  L2 want=17547264 slot=17547264 nbytes=17547264 fd=O_DIRECT
  L2 want=17547264 slot=17547264 nbytes=17547264 fd=O_DIRECT
  L2 want=17547264 slot=17547264 nbytes=17547264 fd=O_DIRECT
  L2 want=17547264 slot=17547264 nbytes=17547264 fd=O_DIRECT
  L2 want=17547264 slot=17547264 nbytes=17547264 fd=O_DIRECT
  L2 want=17547264 slot=17547264 nbytes=17547264 fd=O_DIRECT
  L2 want=17547264 slot=17547264 nbytes=17547264 fd=O_DIRECT
  L2 want=17547264 slot=17547264 nbytes=17547264 fd=O_DIRECT
  L2 want=17547264 slot=17547264 nbytes=17547264 fd=O_DIRECT
  L2 want=17547264 slot=17547264 nbytes=17547264 fd=O_DIRECT
  L2 want=17547264 slot=17547264 nbytes=17547264 fd=O_DIRECT
  L2 want=17547264 slot=17547264 nbytes=17547264 fd=O_DIRECT
  L2 want=17547264 slot=17547264 nbytes=17547264 fd=O_DIRECT
DBG getmany L34 nw=16 wall=0.407s thr(out)1 thr(in)16 conc_peak=16 pread=0.000s
DBG getmany L35 nw=16 wall=0.581s thr(out)1 thr(in)16 conc_peak=16 pread=0.000s
  L2 want=17547264 slot=17547264 nbytes=17547264 fd=O_DIRECT
  L2 want=17547264 slot=17547264 nbytes=17547264 fd=O_DIRECT
  L2 want=17547264 slot=17547264 nbytes=17547264 fd=O_DIRECT
  L2 want=17547264 slot=17547264 nbytes=17547264 fd=O_DIRECT
  L2 want=17547264 slot=17547264 nbytes=17547264 fd=O_DIRECT
  L2 want=17547264 slot=17547264 nbytes=17547264 fd=O_DIRECT
  L2 want=17547264 slot=17547264 nbytes=17547264 fd=O_DIRECT
  L2 want=17547264 slot=17547264 nbytes=17547264 fd=O_DIRECT
  L2 want=17547264 slot=17547264 nbytes=17547264 fd=O_DIRECT
  L2 want=17547264 slot=17547264 nbytes=17547264 fd=O_DIRECT
  L2 want=17547264 slot=17547264 nbytes=17547264 fd=O_DIRECT
  L2 want=17547264 slot=17547264 nbytes=17547264 fd=O_DIRECT
  L2 want=17547264 slot=17547264 nbytes=17547264 fd=O_DIRECT
  L2 want=17547264 slot=17547264 nbytes=17547264 fd=O_DIRECT
  L2 want=17547264 slot=17547264 nbytes=17547264 fd=O_DIRECT
  L2 want=17547264 slot=17547264 nbytes=17547264 fd=O_DIRECT
DBG getmany L36 nw=16 wall=0.595s thr(out)1 thr(in)16 conc_peak=16 pread=0.000s
DBG getmany L37 nw=16 wall=0.556s thr(out)1 thr(in)16 conc_peak=16 pread=0.000s
DBG getmany L38 nw=16 wall=0.400s thr(out)1 thr(in)16 conc_peak=16 pread=0.000s
  L2 want=17547264 slot=17547264 nbytes=17547264 fd=O_DIRECT
  L2 want=17547264 slot=17547264 nbytes=17547264 fd=O_DIRECT
  L2 want=17547264 slot=17547264 nbytes=17547264 fd=O_DIRECT
  L2 want=17547264 slot=17547264 nbytes=17547264 fd=O_DIRECT
  L2 want=17547264 slot=17547264 nbytes=17547264 fd=O_DIRECT
  L2 want=17547264 slot=17547264 nbytes=17547264 fd=O_DIRECT
  L2 want=17547264 slot=17547264 nbytes=17547264 fd=O_DIRECT
  L2 want=17547264 slot=17547264 nbytes=17547264 fd=O_DIRECT
  L2 want=17547264 slot=17547264 nbytes=17547264 fd=O_DIRECT
  L2 want=17547264 slot=17547264 nbytes=17547264 fd=O_DIRECT
  L2 want=17547264 slot=17547264 nbytes=17547264 fd=O_DIRECT
  L2 want=17547264 slot=17547264 nbytes=17547264 fd=O_DIRECT
  L2 want=17547264 slot=17547264 nbytes=17547264 fd=O_DIRECT
  L2 want=17547264 slot=17547264 nbytes=17547264 fd=O_DIRECT
  L2 want=17547264 slot=17547264 nbytes=17547264 fd=O_DIRECT
  L2 want=17547264 slot=17547264 nbytes=17547264 fd=O_DIRECT
DBG getmany L39 nw=16 wall=0.562s thr(out)1 thr(in)16 conc_peak=16 pread=0.000s
DBG getmany L40 nw=16 wall=0.563s thr(out)1 thr(in)16 conc_peak=16 pread=0.000s
DBG getmany L41 nw=16 wall=0.521s thr(out)1 thr(in)16 conc_peak=16 pread=0.000s
  L2 want=17547264 slot=17547264 nbytes=17547264 fd=O_DIRECT
  L2 want=17547264 slot=17547264 nbytes=17547264 fd=O_DIRECT
  L2 want=17547264 slot=17547264 nbytes=17547264 fd=O_DIRECT
  L2 want=17547264 slot=17547264 nbytes=17547264 fd=O_DIRECT
  L2 want=17547264 slot=17547264 nbytes=17547264 fd=O_DIRECT
  L2 want=17547264 slot=17547264 nbytes=17547264 fd=O_DIRECT
  L2 want=17547264 slot=17547264 nbytes=17547264 fd=O_DIRECT
  L2 want=17547264 slot=17547264 nbytes=17547264 fd=O_DIRECT
  L2 want=17547264 slot=17547264 nbytes=17547264 fd=O_DIRECT
  L2 want=17547264 slot=17547264 nbytes=17547264 fd=O_DIRECT
  L2 want=17547264 slot=17547264 nbytes=17547264 fd=O_DIRECT
  L2 want=17547264 slot=17547264 nbytes=17547264 fd=O_DIRECT
  L2 want=17547264 slot=17547264 nbytes=17547264 fd=O_DIRECT
  L2 want=17547264 slot=17547264 nbytes=17547264 fd=O_DIRECT
  L2 want=17547264 slot=17547264 nbytes=17547264 fd=O_DIRECT
  L2 want=17547264 slot=17547264 nbytes=17547264 fd=O_DIRECT
DBG getmany L42 nw=16 wall=0.413s thr(out)1 thr(in)16 conc_peak=16 pread=0.000s
  L2 want=17547264 slot=17547264 nbytes=17547264 fd=O_DIRECT
  L2 want=17547264 slot=17547264 nbytes=17547264 fd=O_DIRECT
  L2 want=17547264 slot=17547264 nbytes=17547264 fd=O_DIRECT
  L2 want=17547264 slot=17547264 nbytes=17547264 fd=O_DIRECT
  L2 want=17547264 slot=17547264 nbytes=17547264 fd=O_DIRECT
  L2 want=17547264 slot=17547264 nbytes=17547264 fd=O_DIRECT
  L2 want=17547264 slot=17547264 nbytes=17547264 fd=O_DIRECT
  L2 want=17547264 slot=17547264 nbytes=17547264 fd=O_DIRECT
  L2 want=17547264 slot=17547264 nbytes=17547264 fd=O_DIRECT
  L2 want=17547264 slot=17547264 nbytes=17547264 fd=O_DIRECT
  L2 want=17547264 slot=17547264 nbytes=17547264 fd=O_DIRECT
  L2 want=17547264 slot=17547264 nbytes=17547264 fd=O_DIRECT
  L2 want=17547264 slot=17547264 nbytes=17547264 fd=O_DIRECT
  L2 want=17547264 slot=17547264 nbytes=17547264 fd=O_DIRECT
  L2 want=17547264 slot=17547264 nbytes=17547264 fd=O_DIRECT
  L2 want=17547264 slot=17547264 nbytes=17547264 fd=O_DIRECT
DBG getmany L43 nw=16 wall=0.568s thr(out)1 thr(in)16 conc_peak=16 pread=0.000s
DBG getmany L44 nw=16 wall=0.556s thr(out)1 thr(in)16 conc_peak=16 pread=0.000s
DBG getmany L45 nw=16 wall=0.542s thr(out)1 thr(in)16 conc_peak=16 pread=0.000s
  L2 want=17547264 slot=17547264 nbytes=17547264 fd=O_DIRECT
  L2 want=17547264 slot=17547264 nbytes=17547264 fd=O_DIRECT
  L2 want=17547264 slot=17547264 nbytes=17547264 fd=O_DIRECT
  L2 want=17547264 slot=17547264 nbytes=17547264 fd=O_DIRECT
  L2 want=17547264 slot=17547264 nbytes=17547264 fd=O_DIRECT
  L2 want=17547264 slot=17547264 nbytes=17547264 fd=O_DIRECT
  L2 want=17547264 slot=17547264 nbytes=17547264 fd=O_DIRECT
  L2 want=17547264 slot=17547264 nbytes=17547264 fd=O_DIRECT
  L2 want=17547264 slot=17547264 nbytes=17547264 fd=O_DIRECT
  L2 want=17547264 slot=17547264 nbytes=17547264 fd=O_DIRECT
  L2 want=17547264 slot=17547264 nbytes=17547264 fd=O_DIRECT
  L2 want=17547264 slot=17547264 nbytes=17547264 fd=O_DIRECT
  L2 want=17547264 slot=17547264 nbytes=17547264 fd=O_DIRECT
  L2 want=17547264 slot=17547264 nbytes=17547264 fd=O_DIRECT
  L2 want=17547264 slot=17547264 nbytes=17547264 fd=O_DIRECT
  L2 want=17547264 slot=17547264 nbytes=17547264 fd=O_DIRECT
DBG getmany L46 nw=16 wall=0.434s thr(out)1 thr(in)16 conc_peak=16 pread=0.000s
DBG getmany L47 nw=16 wall=0.568s thr(out)1 thr(in)16 conc_peak=16 pread=0.000s
DBG getmany L48 nw=16 wall=0.581s thr(out)1 thr(in)16 conc_peak=16 pread=0.000s
  L2 want=17547264 slot=17547264 nbytes=17547264 fd=O_DIRECT
  L2 want=17547264 slot=17547264 nbytes=17547264 fd=O_DIRECT
  L2 want=17547264 slot=17547264 nbytes=17547264 fd=O_DIRECT
  L2 want=17547264 slot=17547264 nbytes=17547264 fd=O_DIRECT
  L2 want=17547264 slot=17547264 nbytes=17547264 fd=O_DIRECT
  L2 want=17547264 slot=17547264 nbytes=17547264 fd=O_DIRECT
  L2 want=17547264 slot=17547264 nbytes=17547264 fd=O_DIRECT
  L2 want=17547264 slot=17547264 nbytes=17547264 fd=O_DIRECT
  L2 want=17547264 slot=17547264 nbytes=17547264 fd=O_DIRECT
  L2 want=17547264 slot=17547264 nbytes=17547264 fd=O_DIRECT
  L2 want=17547264 slot=17547264 nbytes=17547264 fd=O_DIRECT
  L2 want=17547264 slot=17547264 nbytes=17547264 fd=O_DIRECT
  L2 want=17547264 slot=17547264 nbytes=17547264 fd=O_DIRECT
  L2 want=17547264 slot=17547264 nbytes=17547264 fd=O_DIRECT
  L2 want=17547264 slot=17547264 nbytes=17547264 fd=O_DIRECT
  L2 want=17547264 slot=17547264 nbytes=17547264 fd=O_DIRECT
DBG getmany L49 nw=16 wall=0.603s thr(out)1 thr(in)16 conc_peak=16 pread=0.000s
  L2 want=17547264 slot=17547264 nbytes=17547264 fd=O_DIRECT
  L2 want=17547264 slot=17547264 nbytes=17547264 fd=O_DIRECT
  L2 want=17547264 slot=17547264 nbytes=17547264 fd=O_DIRECT
  L2 want=17547264 slot=17547264 nbytes=17547264 fd=O_DIRECT
  L2 want=17547264 slot=17547264 nbytes=17547264 fd=O_DIRECT
  L2 want=17547264 slot=17547264 nbytes=17547264 fd=O_DIRECT
  L2 want=17547264 slot=17547264 nbytes=17547264 fd=O_DIRECT
  L2 want=17547264 slot=17547264 nbytes=17547264 fd=O_DIRECT
  L2 want=17547264 slot=17547264 nbytes=17547264 fd=O_DIRECT
  L2 want=17547264 slot=17547264 nbytes=17547264 fd=O_DIRECT
  L2 want=17547264 slot=17547264 nbytes=17547264 fd=O_DIRECT
  L2 want=17547264 slot=17547264 nbytes=17547264 fd=O_DIRECT
  L2 want=17547264 slot=17547264 nbytes=17547264 fd=O_DIRECT
  L2 want=17547264 slot=17547264 nbytes=17547264 fd=O_DIRECT
  L2 want=17547264 slot=17547264 nbytes=17547264 fd=O_DIRECT
  L2 want=17547264 slot=17547264 nbytes=17547264 fd=O_DIRECT
DBG getmany L50 nw=16 wall=0.455s thr(out)1 thr(in)16 conc_peak=16 pread=0.000s
DBG getmany L51 nw=16 wall=0.590s thr(out)1 thr(in)16 conc_peak=16 pread=0.000s
DBG getmany L52 nw=16 wall=0.565s thr(out)1 thr(in)16 conc_peak=16 pread=0.000s
  L2 want=17547264 slot=17547264 nbytes=17547264 fd=O_DIRECT
  L2 want=17547264 slot=17547264 nbytes=17547264 fd=O_DIRECT
  L2 want=17547264 slot=17547264 nbytes=17547264 fd=O_DIRECT
  L2 want=17547264 slot=17547264 nbytes=17547264 fd=O_DIRECT
  L2 want=17547264 slot=17547264 nbytes=17547264 fd=O_DIRECT
  L2 want=17547264 slot=17547264 nbytes=17547264 fd=O_DIRECT
  L2 want=17547264 slot=17547264 nbytes=17547264 fd=O_DIRECT
  L2 want=17547264 slot=17547264 nbytes=17547264 fd=O_DIRECT
  L2 want=17547264 slot=17547264 nbytes=17547264 fd=O_DIRECT
  L2 want=17547264 slot=17547264 nbytes=17547264 fd=O_DIRECT
  L2 want=17547264 slot=17547264 nbytes=17547264 fd=O_DIRECT
  L2 want=17547264 slot=17547264 nbytes=17547264 fd=O_DIRECT
  L2 want=17547264 slot=17547264 nbytes=17547264 fd=O_DIRECT
  L2 want=17547264 slot=17547264 nbytes=17547264 fd=O_DIRECT
  L2 want=17547264 slot=17547264 nbytes=17547264 fd=O_DIRECT
  L2 want=17547264 slot=17547264 nbytes=17547264 fd=O_DIRECT
DBG getmany L53 nw=16 wall=0.556s thr(out)1 thr(in)16 conc_peak=16 pread=0.000s
  L2 want=17547264 slot=17547264 nbytes=17547264 fd=O_DIRECT
  L2 want=17547264 slot=17547264 nbytes=17547264 fd=O_DIRECT
  L2 want=17547264 slot=17547264 nbytes=17547264 fd=O_DIRECT
  L2 want=17547264 slot=17547264 nbytes=17547264 fd=O_DIRECT
  L2 want=17547264 slot=17547264 nbytes=17547264 fd=O_DIRECT
  L2 want=17547264 slot=17547264 nbytes=17547264 fd=O_DIRECT
  L2 want=17547264 slot=17547264 nbytes=17547264 fd=O_DIRECT
  L2 want=17547264 slot=17547264 nbytes=17547264 fd=O_DIRECT
  L2 want=17547264 slot=17547264 nbytes=17547264 fd=O_DIRECT
  L2 want=17547264 slot=17547264 nbytes=17547264 fd=O_DIRECT
  L2 want=17547264 slot=17547264 nbytes=17547264 fd=O_DIRECT
  L2 want=17547264 slot=17547264 nbytes=17547264 fd=O_DIRECT
  L2 want=17547264 slot=17547264 nbytes=17547264 fd=O_DIRECT
  L2 want=17547264 slot=17547264 nbytes=17547264 fd=O_DIRECT
  L2 want=17547264 slot=17547264 nbytes=17547264 fd=O_DIRECT
  L2 want=17547264 slot=17547264 nbytes=17547264 fd=O_DIRECT
DBG getmany L54 nw=16 wall=0.446s thr(out)1 thr(in)16 conc_peak=16 pread=0.000s
  L2 want=17547264 slot=17547264 nbytes=17547264 fd=O_DIRECT
  L2 want=17547264 slot=17547264 nbytes=17547264 fd=O_DIRECT
  L2 want=17547264 slot=17547264 nbytes=17547264 fd=O_DIRECT
  L2 want=17547264 slot=17547264 nbytes=17547264 fd=O_DIRECT
  L2 want=17547264 slot=17547264 nbytes=17547264 fd=O_DIRECT
  L2 want=17547264 slot=17547264 nbytes=17547264 fd=O_DIRECT
  L2 want=17547264 slot=17547264 nbytes=17547264 fd=O_DIRECT
  L2 want=17547264 slot=17547264 nbytes=17547264 fd=O_DIRECT
  L2 want=17547264 slot=17547264 nbytes=17547264 fd=O_DIRECT
  L2 want=17547264 slot=17547264 nbytes=17547264 fd=O_DIRECT
  L2 want=17547264 slot=17547264 nbytes=17547264 fd=O_DIRECT
  L2 want=17547264 slot=17547264 nbytes=17547264 fd=O_DIRECT
  L2 want=17547264 slot=17547264 nbytes=17547264 fd=O_DIRECT
  L2 want=17547264 slot=17547264 nbytes=17547264 fd=O_DIRECT
  L2 want=17547264 slot=17547264 nbytes=17547264 fd=O_DIRECT
  L2 want=17547264 slot=17547264 nbytes=17547264 fd=O_DIRECT
DBG getmany L55 nw=16 wall=0.588s thr(out)1 thr(in)16 conc_peak=16 pread=0.000s
DBG getmany L56 nw=16 wall=0.557s thr(out)1 thr(in)16 conc_peak=16 pread=0.000s
  L2 want=17547264 slot=17547264 nbytes=17547264 fd=O_DIRECT
  L2 want=17547264 slot=17547264 nbytes=17547264 fd=O_DIRECT
  L2 want=17547264 slot=17547264 nbytes=17547264 fd=O_DIRECT
  L2 want=17547264 slot=17547264 nbytes=17547264 fd=O_DIRECT
  L2 want=17547264 slot=17547264 nbytes=17547264 fd=O_DIRECT
  L2 want=17547264 slot=17547264 nbytes=17547264 fd=O_DIRECT
  L2 want=17547264 slot=17547264 nbytes=17547264 fd=O_DIRECT
  L2 want=17547264 slot=17547264 nbytes=17547264 fd=O_DIRECT
  L2 want=17547264 slot=17547264 nbytes=17547264 fd=O_DIRECT
  L2 want=17547264 slot=17547264 nbytes=17547264 fd=O_DIRECT
  L2 want=17547264 slot=17547264 nbytes=17547264 fd=O_DIRECT
  L2 want=17547264 slot=17547264 nbytes=17547264 fd=O_DIRECT
  L2 want=17547264 slot=17547264 nbytes=17547264 fd=O_DIRECT
  L2 want=17547264 slot=17547264 nbytes=17547264 fd=O_DIRECT
  L2 want=17547264 slot=17547264 nbytes=17547264 fd=O_DIRECT
  L2 want=17547264 slot=17547264 nbytes=17547264 fd=O_DIRECT
DBG getmany L57 nw=16 wall=0.567s thr(out)1 thr(in)16 conc_peak=16 pread=0.000s
  L2 want=17547264 slot=17547264 nbytes=17547264 fd=O_DIRECT
  L2 want=17547264 slot=17547264 nbytes=17547264 fd=O_DIRECT
  L2 want=17547264 slot=17547264 nbytes=17547264 fd=O_DIRECT
  L2 want=17547264 slot=17547264 nbytes=17547264 fd=O_DIRECT
  L2 want=17547264 slot=17547264 nbytes=17547264 fd=O_DIRECT
  L2 want=17547264 slot=17547264 nbytes=17547264 fd=O_DIRECT
  L2 want=17547264 slot=17547264 nbytes=17547264 fd=O_DIRECT
  L2 want=17547264 slot=17547264 nbytes=17547264 fd=O_DIRECT
  L2 want=17547264 slot=17547264 nbytes=17547264 fd=O_DIRECT
  L2 want=17547264 slot=17547264 nbytes=17547264 fd=O_DIRECT
  L2 want=17547264 slot=17547264 nbytes=17547264 fd=O_DIRECT
  L2 want=17547264 slot=17547264 nbytes=17547264 fd=O_DIRECT
  L2 want=17547264 slot=17547264 nbytes=17547264 fd=O_DIRECT
  L2 want=17547264 slot=17547264 nbytes=17547264 fd=O_DIRECT
  L2 want=17547264 slot=17547264 nbytes=17547264 fd=O_DIRECT
  L2 want=17547264 slot=17547264 nbytes=17547264 fd=O_DIRECT
DBG getmany L58 nw=16 wall=0.426s thr(out)1 thr(in)16 conc_peak=16 pread=0.000s
DBG getmany L59 nw=16 wall=0.562s thr(out)1 thr(in)16 conc_peak=16 pread=0.000s
DBG getmany L60 nw=16 wall=0.537s thr(out)1 thr(in)16 conc_peak=16 pread=0.000s
  L2 want=17547264 slot=17547264 nbytes=17547264 fd=O_DIRECT
  L2 want=17547264 slot=17547264 nbytes=17547264 fd=O_DIRECT
  L2 want=17547264 slot=17547264 nbytes=17547264 fd=O_DIRECT
  L2 want=17547264 slot=17547264 nbytes=17547264 fd=O_DIRECT
  L2 want=17547264 slot=17547264 nbytes=17547264 fd=O_DIRECT
  L2 want=17547264 slot=17547264 nbytes=17547264 fd=O_DIRECT
  L2 want=17547264 slot=17547264 nbytes=17547264 fd=O_DIRECT
  L2 want=17547264 slot=17547264 nbytes=17547264 fd=O_DIRECT
  L2 want=17547264 slot=17547264 nbytes=17547264 fd=O_DIRECT
  L2 want=17547264 slot=17547264 nbytes=17547264 fd=O_DIRECT
  L2 want=17547264 slot=17547264 nbytes=17547264 fd=O_DIRECT
  L2 want=17547264 slot=17547264 nbytes=17547264 fd=O_DIRECT
  L2 want=17547264 slot=17547264 nbytes=17547264 fd=O_DIRECT
  L2 want=17547264 slot=17547264 nbytes=17547264 fd=O_DIRECT
  L2 want=17547264 slot=17547264 nbytes=17547264 fd=O_DIRECT
  L2 want=17547264 slot=17547264 nbytes=17547264 fd=O_DIRECT
DBG getmany L61 nw=16 wall=0.568s thr(out)1 thr(in)16 conc_peak=16 pread=0.000s
  L2 want=17547264 slot=17547264 nbytes=17547264 fd=O_DIRECT
  L2 want=17547264 slot=17547264 nbytes=17547264 fd=O_DIRECT
  L2 want=17547264 slot=17547264 nbytes=17547264 fd=O_DIRECT
  L2 want=17547264 slot=17547264 nbytes=17547264 fd=O_DIRECT
  L2 want=17547264 slot=17547264 nbytes=17547264 fd=O_DIRECT
  L2 want=17547264 slot=17547264 nbytes=17547264 fd=O_DIRECT
  L2 want=17547264 slot=17547264 nbytes=17547264 fd=O_DIRECT
  L2 want=17547264 slot=17547264 nbytes=17547264 fd=O_DIRECT
  L2 want=17547264 slot=17547264 nbytes=17547264 fd=O_DIRECT
  L2 want=17547264 slot=17547264 nbytes=17547264 fd=O_DIRECT
  L2 want=17547264 slot=17547264 nbytes=17547264 fd=O_DIRECT
  L2 want=17547264 slot=17547264 nbytes=17547264 fd=O_DIRECT
  L2 want=17547264 slot=17547264 nbytes=17547264 fd=O_DIRECT
  L2 want=17547264 slot=17547264 nbytes=17547264 fd=O_DIRECT
  L2 want=17547264 slot=17547264 nbytes=17547264 fd=O_DIRECT
  L2 want=17547264 slot=17547264 nbytes=17547264 fd=O_DIRECT
DBG getmany L62 nw=16 wall=0.425s thr(out)1 thr(in)16 conc_peak=16 pread=0.000s
  L2 want=17547264 slot=17547264 nbytes=17547264 fd=O_DIRECT
  L2 want=17547264 slot=17547264 nbytes=17547264 fd=O_DIRECT
  L2 want=17547264 slot=17547264 nbytes=17547264 fd=O_DIRECT
  L2 want=17547264 slot=17547264 nbytes=17547264 fd=O_DIRECT
  L2 want=17547264 slot=17547264 nbytes=17547264 fd=O_DIRECT
  L2 want=17547264 slot=17547264 nbytes=17547264 fd=O_DIRECT
  L2 want=17547264 slot=17547264 nbytes=17547264 fd=O_DIRECT
  L2 want=17547264 slot=17547264 nbytes=17547264 fd=O_DIRECT
  L2 want=17547264 slot=17547264 nbytes=17547264 fd=O_DIRECT
  L2 want=17547264 slot=17547264 nbytes=17547264 fd=O_DIRECT
  L2 want=17547264 slot=17547264 nbytes=17547264 fd=O_DIRECT
  L2 want=17547264 slot=17547264 nbytes=17547264 fd=O_DIRECT
  L2 want=17547264 slot=17547264 nbytes=17547264 fd=O_DIRECT
  L2 want=17547264 slot=17547264 nbytes=17547264 fd=O_DIRECT
  L2 want=17547264 slot=17547264 nbytes=17547264 fd=O_DIRECT
  L2 want=17547264 slot=17547264 nbytes=17547264 fd=O_DIRECT
DBG getmany L63 nw=16 wall=0.605s thr(out)1 thr(in)16 conc_peak=16 pread=0.000s
  L2 want=17547264 slot=17547264 nbytes=17547264 fd=O_DIRECT
  L2 want=17547264 slot=17547264 nbytes=17547264 fd=O_DIRECT
  L2 want=17547264 slot=17547264 nbytes=17547264 fd=O_DIRECT
  L2 want=17547264 slot=17547264 nbytes=17547264 fd=O_DIRECT
  L2 want=17547264 slot=17547264 nbytes=17547264 fd=O_DIRECT
  L2 want=17547264 slot=17547264 nbytes=17547264 fd=O_DIRECT
  L2 want=17547264 slot=17547264 nbytes=17547264 fd=O_DIRECT
  L2 want=17547264 slot=17547264 nbytes=17547264 fd=O_DIRECT
  L2 want=17547264 slot=17547264 nbytes=17547264 fd=O_DIRECT
  L2 want=17547264 slot=17547264 nbytes=17547264 fd=O_DIRECT
  L2 want=17547264 slot=17547264 nbytes=17547264 fd=O_DIRECT
  L2 want=17547264 slot=17547264 nbytes=17547264 fd=O_DIRECT
  L2 want=17547264 slot=17547264 nbytes=17547264 fd=O_DIRECT
  L2 want=17547264 slot=17547264 nbytes=17547264 fd=O_DIRECT
  L2 want=17547264 slot=17547264 nbytes=17547264 fd=O_DIRECT
  L2 want=17547264 slot=17547264 nbytes=17547264 fd=O_DIRECT
DBG getmany L64 nw=16 wall=0.601s thr(out)1 thr(in)16 conc_peak=16 pread=0.000s
DBG getmany L65 nw=16 wall=0.564s thr(out)1 thr(in)16 conc_peak=16 pread=0.000s
  L2 want=17547264 slot=17547264 nbytes=17547264 fd=O_DIRECT
  L2 want=17547264 slot=17547264 nbytes=17547264 fd=O_DIRECT
  L2 want=17547264 slot=17547264 nbytes=17547264 fd=O_DIRECT
  L2 want=17547264 slot=17547264 nbytes=17547264 fd=O_DIRECT
  L2 want=17547264 slot=17547264 nbytes=17547264 fd=O_DIRECT
  L2 want=17547264 slot=17547264 nbytes=17547264 fd=O_DIRECT
  L2 want=17547264 slot=17547264 nbytes=17547264 fd=O_DIRECT
  L2 want=17547264 slot=17547264 nbytes=17547264 fd=O_DIRECT
  L2 want=17547264 slot=17547264 nbytes=17547264 fd=O_DIRECT
  L2 want=17547264 slot=17547264 nbytes=17547264 fd=O_DIRECT
  L2 want=17547264 slot=17547264 nbytes=17547264 fd=O_DIRECT
  L2 want=17547264 slot=17547264 nbytes=17547264 fd=O_DIRECT
  L2 want=17547264 slot=17547264 nbytes=17547264 fd=O_DIRECT
  L2 want=17547264 slot=17547264 nbytes=17547264 fd=O_DIRECT
  L2 want=17547264 slot=17547264 nbytes=17547264 fd=O_DIRECT
  L2 want=17547264 slot=17547264 nbytes=17547264 fd=O_DIRECT
DBG getmany L66 nw=16 wall=0.416s thr(out)1 thr(in)16 conc_peak=16 pread=0.000s
  L2 want=17547264 slot=17547264 nbytes=17547264 fd=O_DIRECT
  L2 want=17547264 slot=17547264 nbytes=17547264 fd=O_DIRECT
  L2 want=17547264 slot=17547264 nbytes=17547264 fd=O_DIRECT
  L2 want=17547264 slot=17547264 nbytes=17547264 fd=O_DIRECT
  L2 want=17547264 slot=17547264 nbytes=17547264 fd=O_DIRECT
  L2 want=17547264 slot=17547264 nbytes=17547264 fd=O_DIRECT
  L2 want=17547264 slot=17547264 nbytes=17547264 fd=O_DIRECT
  L2 want=17547264 slot=17547264 nbytes=17547264 fd=O_DIRECT
  L2 want=17547264 slot=17547264 nbytes=17547264 fd=O_DIRECT
  L2 want=17547264 slot=17547264 nbytes=17547264 fd=O_DIRECT
  L2 want=17547264 slot=17547264 nbytes=17547264 fd=O_DIRECT
  L2 want=17547264 slot=17547264 nbytes=17547264 fd=O_DIRECT
  L2 want=17547264 slot=17547264 nbytes=17547264 fd=O_DIRECT
  L2 want=17547264 slot=17547264 nbytes=17547264 fd=O_DIRECT
  L2 want=17547264 slot=17547264 nbytes=17547264 fd=O_DIRECT
  L2 want=17547264 slot=17547264 nbytes=17547264 fd=O_DIRECT
DBG getmany L67 nw=16 wall=0.594s thr(out)1 thr(in)16 conc_peak=16 pread=0.000s
  L2 want=17547264 slot=17547264 nbytes=17547264 fd=O_DIRECT
  L2 want=17547264 slot=17547264 nbytes=17547264 fd=O_DIRECT
  L2 want=17547264 slot=17547264 nbytes=17547264 fd=O_DIRECT
  L2 want=17547264 slot=17547264 nbytes=17547264 fd=O_DIRECT
  L2 want=17547264 slot=17547264 nbytes=17547264 fd=O_DIRECT
  L2 want=17547264 slot=17547264 nbytes=17547264 fd=O_DIRECT
  L2 want=17547264 slot=17547264 nbytes=17547264 fd=O_DIRECT
  L2 want=17547264 slot=17547264 nbytes=17547264 fd=O_DIRECT
  L2 want=17547264 slot=17547264 nbytes=17547264 fd=O_DIRECT
  L2 want=17547264 slot=17547264 nbytes=17547264 fd=O_DIRECT
  L2 want=17547264 slot=17547264 nbytes=17547264 fd=O_DIRECT
  L2 want=17547264 slot=17547264 nbytes=17547264 fd=O_DIRECT
  L2 want=17547264 slot=17547264 nbytes=17547264 fd=O_DIRECT
  L2 want=17547264 slot=17547264 nbytes=17547264 fd=O_DIRECT
  L2 want=17547264 slot=17547264 nbytes=17547264 fd=O_DIRECT
  L2 want=17547264 slot=17547264 nbytes=17547264 fd=O_DIRECT
DBG getmany L68 nw=16 wall=0.569s thr(out)1 thr(in)16 conc_peak=16 pread=0.000s
  L2 want=17547264 slot=17547264 nbytes=17547264 fd=O_DIRECT
  L2 want=17547264 slot=17547264 nbytes=17547264 fd=O_DIRECT
  L2 want=17547264 slot=17547264 nbytes=17547264 fd=O_DIRECT
  L2 want=17547264 slot=17547264 nbytes=17547264 fd=O_DIRECT
  L2 want=17547264 slot=17547264 nbytes=17547264 fd=O_DIRECT
  L2 want=17547264 slot=17547264 nbytes=17547264 fd=O_DIRECT
  L2 want=17547264 slot=17547264 nbytes=17547264 fd=O_DIRECT
  L2 want=17547264 slot=17547264 nbytes=17547264 fd=O_DIRECT
  L2 want=17547264 slot=17547264 nbytes=17547264 fd=O_DIRECT
  L2 want=17547264 slot=17547264 nbytes=17547264 fd=O_DIRECT
  L2 want=17547264 slot=17547264 nbytes=17547264 fd=O_DIRECT
  L2 want=17547264 slot=17547264 nbytes=17547264 fd=O_DIRECT
  L2 want=17547264 slot=17547264 nbytes=17547264 fd=O_DIRECT
  L2 want=17547264 slot=17547264 nbytes=17547264 fd=O_DIRECT
  L2 want=17547264 slot=17547264 nbytes=17547264 fd=O_DIRECT
  L2 want=17547264 slot=17547264 nbytes=17547264 fd=O_DIRECT
DBG getmany L69 nw=16 wall=0.564s thr(out)1 thr(in)16 conc_peak=16 pread=0.000s
DBG getmany L70 nw=16 wall=0.412s thr(out)1 thr(in)16 conc_peak=16 pread=0.000s
DBG getmany L71 nw=16 wall=0.606s thr(out)1 thr(in)16 conc_peak=16 pread=0.000s
DBG getmany L72 nw=16 wall=0.588s thr(out)1 thr(in)16 conc_peak=16 pread=0.000s
DBG getmany L73 nw=16 wall=0.596s thr(out)1 thr(in)16 conc_peak=16 pread=0.000s
  L2 want=17547264 slot=17547264 nbytes=17547264 fd=O_DIRECT
  L2 want=17547264 slot=17547264 nbytes=17547264 fd=O_DIRECT
  L2 want=17547264 slot=17547264 nbytes=17547264 fd=O_DIRECT
  L2 want=17547264 slot=17547264 nbytes=17547264 fd=O_DIRECT
  L2 want=17547264 slot=17547264 nbytes=17547264 fd=O_DIRECT
  L2 want=17547264 slot=17547264 nbytes=17547264 fd=O_DIRECT
  L2 want=17547264 slot=17547264 nbytes=17547264 fd=O_DIRECT
  L2 want=17547264 slot=17547264 nbytes=17547264 fd=O_DIRECT
  L2 want=17547264 slot=17547264 nbytes=17547264 fd=O_DIRECT
  L2 want=17547264 slot=17547264 nbytes=17547264 fd=O_DIRECT
  L2 want=17547264 slot=17547264 nbytes=17547264 fd=O_DIRECT
  L2 want=17547264 slot=17547264 nbytes=17547264 fd=O_DIRECT
  L2 want=17547264 slot=17547264 nbytes=17547264 fd=O_DIRECT
  L2 want=17547264 slot=17547264 nbytes=17547264 fd=O_DIRECT
  L2 want=17547264 slot=17547264 nbytes=17547264 fd=O_DIRECT
  L2 want=17547264 slot=17547264 nbytes=17547264 fd=O_DIRECT
DBG getmany L74 nw=16 wall=0.455s thr(out)1 thr(in)16 conc_peak=16 pread=0.000s
DBG getmany L75 nw=16 wall=0.598s thr(out)1 thr(in)16 conc_peak=16 pread=0.000s
DBG getmany L76 nw=16 wall=0.558s thr(out)1 thr(in)16 conc_peak=16 pread=0.000s
DBG getmany L77 nw=16 wall=0.610s thr(out)1 thr(in)16 conc_peak=16 pread=0.000s
DBG getmany L78 nw=16 wall=0.450s thr(out)1 thr(in)16 conc_peak=16 pread=0.000s
DBG getmany L79 nw=16 wall=0.580s thr(out)1 thr(in)16 conc_peak=16 pread=0.000s
  L2 want=17547264 slot=17547264 nbytes=17547264 fd=O_DIRECT
  L2 want=17547264 slot=17547264 nbytes=17547264 fd=O_DIRECT
  L2 want=17547264 slot=17547264 nbytes=17547264 fd=O_DIRECT
  L2 want=17547264 slot=17547264 nbytes=17547264 fd=O_DIRECT
  L2 want=17547264 slot=17547264 nbytes=17547264 fd=O_DIRECT
  L2 want=17547264 slot=17547264 nbytes=17547264 fd=O_DIRECT
  L2 want=17547264 slot=17547264 nbytes=17547264 fd=O_DIRECT
  L2 want=17547264 slot=17547264 nbytes=17547264 fd=O_DIRECT
  L2 want=17547264 slot=17547264 nbytes=17547264 fd=O_DIRECT
  L2 want=17547264 slot=17547264 nbytes=17547264 fd=O_DIRECT
  L2 want=17547264 slot=17547264 nbytes=17547264 fd=O_DIRECT
  L2 want=17547264 slot=17547264 nbytes=17547264 fd=O_DIRECT
  L2 want=17547264 slot=17547264 nbytes=17547264 fd=O_DIRECT
  L2 want=17547264 slot=17547264 nbytes=17547264 fd=O_DIRECT
  L2 want=17547264 slot=17547264 nbytes=17547264 fd=O_DIRECT
  L2 want=17547264 slot=17547264 nbytes=17547264 fd=O_DIRECT
DBG getmany L80 nw=16 wall=0.499s thr(out)1 thr(in)16 conc_peak=16 pread=0.000s
  L2 want=17547264 slot=17547264 nbytes=17547264 fd=O_DIRECT
  L2 want=17547264 slot=17547264 nbytes=17547264 fd=O_DIRECT
  L2 want=17547264 slot=17547264 nbytes=17547264 fd=O_DIRECT
  L2 want=17547264 slot=17547264 nbytes=17547264 fd=O_DIRECT
  L2 want=17547264 slot=17547264 nbytes=17547264 fd=O_DIRECT
  L2 want=17547264 slot=17547264 nbytes=17547264 fd=O_DIRECT
  L2 want=17547264 slot=17547264 nbytes=17547264 fd=O_DIRECT
  L2 want=17547264 slot=17547264 nbytes=17547264 fd=O_DIRECT
  L2 want=17547264 slot=17547264 nbytes=17547264 fd=O_DIRECT
  L2 want=17547264 slot=17547264 nbytes=17547264 fd=O_DIRECT
  L2 want=17547264 slot=17547264 nbytes=17547264 fd=O_DIRECT
  L2 want=17547264 slot=17547264 nbytes=17547264 fd=O_DIRECT
  L2 want=17547264 slot=17547264 nbytes=17547264 fd=O_DIRECT
  L2 want=17547264 slot=17547264 nbytes=17547264 fd=O_DIRECT
  L2 want=17547264 slot=17547264 nbytes=17547264 fd=O_DIRECT
  L2 want=17547264 slot=17547264 nbytes=17547264 fd=O_DIRECT
DBG getmany L81 nw=16 wall=0.563s thr(out)1 thr(in)16 conc_peak=16 pread=0.000s
  L2 want=17547264 slot=17547264 nbytes=17547264 fd=O_DIRECT
  L2 want=17547264 slot=17547264 nbytes=17547264 fd=O_DIRECT
  L2 want=17547264 slot=17547264 nbytes=17547264 fd=O_DIRECT
  L2 want=17547264 slot=17547264 nbytes=17547264 fd=O_DIRECT
  L2 want=17547264 slot=17547264 nbytes=17547264 fd=O_DIRECT
  L2 want=17547264 slot=17547264 nbytes=17547264 fd=O_DIRECT
  L2 want=17547264 slot=17547264 nbytes=17547264 fd=O_DIRECT
  L2 want=17547264 slot=17547264 nbytes=17547264 fd=O_DIRECT
  L2 want=17547264 slot=17547264 nbytes=17547264 fd=O_DIRECT
  L2 want=17547264 slot=17547264 nbytes=17547264 fd=O_DIRECT
  L2 want=17547264 slot=17547264 nbytes=17547264 fd=O_DIRECT
  L2 want=17547264 slot=17547264 nbytes=17547264 fd=O_DIRECT
  L2 want=17547264 slot=17547264 nbytes=17547264 fd=O_DIRECT
  L2 want=17547264 slot=17547264 nbytes=17547264 fd=O_DIRECT
  L2 want=17547264 slot=17547264 nbytes=17547264 fd=O_DIRECT
  L2 want=17547264 slot=17547264 nbytes=17547264 fd=O_DIRECT
DBG getmany L82 nw=16 wall=0.415s thr(out)1 thr(in)16 conc_peak=16 pread=0.000s
DBG getmany L83 nw=16 wall=0.571s thr(out)1 thr(in)16 conc_peak=16 pread=0.000s
  L2 want=17547264 slot=17547264 nbytes=17547264 fd=O_DIRECT
  L2 want=17547264 slot=17547264 nbytes=17547264 fd=O_DIRECT
  L2 want=17547264 slot=17547264 nbytes=17547264 fd=O_DIRECT
  L2 want=17547264 slot=17547264 nbytes=17547264 fd=O_DIRECT
  L2 want=17547264 slot=17547264 nbytes=17547264 fd=O_DIRECT
  L2 want=17547264 slot=17547264 nbytes=17547264 fd=O_DIRECT
  L2 want=17547264 slot=17547264 nbytes=17547264 fd=O_DIRECT
  L2 want=17547264 slot=17547264 nbytes=17547264 fd=O_DIRECT
  L2 want=17547264 slot=17547264 nbytes=17547264 fd=O_DIRECT
  L2 want=17547264 slot=17547264 nbytes=17547264 fd=O_DIRECT
  L2 want=17547264 slot=17547264 nbytes=17547264 fd=O_DIRECT
  L2 want=17547264 slot=17547264 nbytes=17547264 fd=O_DIRECT
  L2 want=17547264 slot=17547264 nbytes=17547264 fd=O_DIRECT
  L2 want=17547264 slot=17547264 nbytes=17547264 fd=O_DIRECT
  L2 want=17547264 slot=17547264 nbytes=17547264 fd=O_DIRECT
  L2 want=17547264 slot=17547264 nbytes=17547264 fd=O_DIRECT
DBG getmany L84 nw=16 wall=0.554s thr(out)1 thr(in)16 conc_peak=16 pread=0.000s
  L2 want=17547264 slot=17547264 nbytes=17547264 fd=O_DIRECT
  L2 want=17547264 slot=17547264 nbytes=17547264 fd=O_DIRECT
  L2 want=17547264 slot=17547264 nbytes=17547264 fd=O_DIRECT
  L2 want=17547264 slot=17547264 nbytes=17547264 fd=O_DIRECT
  L2 want=17547264 slot=17547264 nbytes=17547264 fd=O_DIRECT
  L2 want=17547264 slot=17547264 nbytes=17547264 fd=O_DIRECT
  L2 want=17547264 slot=17547264 nbytes=17547264 fd=O_DIRECT
  L2 want=17547264 slot=17547264 nbytes=17547264 fd=O_DIRECT
  L2 want=17547264 slot=17547264 nbytes=17547264 fd=O_DIRECT
  L2 want=17547264 slot=17547264 nbytes=17547264 fd=O_DIRECT
  L2 want=17547264 slot=17547264 nbytes=17547264 fd=O_DIRECT
  L2 want=17547264 slot=17547264 nbytes=17547264 fd=O_DIRECT
  L2 want=17547264 slot=17547264 nbytes=17547264 fd=O_DIRECT
  L2 want=17547264 slot=17547264 nbytes=17547264 fd=O_DIRECT
  L2 want=17547264 slot=17547264 nbytes=17547264 fd=O_DIRECT
  L2 want=17547264 slot=17547264 nbytes=17547264 fd=O_DIRECT
DBG getmany L85 nw=16 wall=0.573s thr(out)1 thr(in)16 conc_peak=16 pread=0.000s
  L2 want=17547264 slot=17547264 nbytes=17547264 fd=O_DIRECT
  L2 want=17547264 slot=17547264 nbytes=17547264 fd=O_DIRECT
  L2 want=17547264 slot=17547264 nbytes=17547264 fd=O_DIRECT
  L2 want=17547264 slot=17547264 nbytes=17547264 fd=O_DIRECT
  L2 want=17547264 slot=17547264 nbytes=17547264 fd=O_DIRECT
  L2 want=17547264 slot=17547264 nbytes=17547264 fd=O_DIRECT
  L2 want=17547264 slot=17547264 nbytes=17547264 fd=O_DIRECT
  L2 want=17547264 slot=17547264 nbytes=17547264 fd=O_DIRECT
  L2 want=17547264 slot=17547264 nbytes=17547264 fd=O_DIRECT
  L2 want=17547264 slot=17547264 nbytes=17547264 fd=O_DIRECT
  L2 want=17547264 slot=17547264 nbytes=17547264 fd=O_DIRECT
  L2 want=17547264 slot=17547264 nbytes=17547264 fd=O_DIRECT
  L2 want=17547264 slot=17547264 nbytes=17547264 fd=O_DIRECT
  L2 want=17547264 slot=17547264 nbytes=17547264 fd=O_DIRECT
  L2 want=17547264 slot=17547264 nbytes=17547264 fd=O_DIRECT
  L2 want=17547264 slot=17547264 nbytes=17547264 fd=O_DIRECT
DBG getmany L86 nw=16 wall=0.397s thr(out)1 thr(in)16 conc_peak=16 pread=0.000s
DBG getmany L87 nw=16 wall=0.573s thr(out)1 thr(in)16 conc_peak=16 pread=0.000s
  L2 want=17547264 slot=17547264 nbytes=17547264 fd=O_DIRECT
  L2 want=17547264 slot=17547264 nbytes=17547264 fd=O_DIRECT
  L2 want=17547264 slot=17547264 nbytes=17547264 fd=O_DIRECT
  L2 want=17547264 slot=17547264 nbytes=17547264 fd=O_DIRECT
  L2 want=17547264 slot=17547264 nbytes=17547264 fd=O_DIRECT
  L2 want=17547264 slot=17547264 nbytes=17547264 fd=O_DIRECT
  L2 want=17547264 slot=17547264 nbytes=17547264 fd=O_DIRECT
  L2 want=17547264 slot=17547264 nbytes=17547264 fd=O_DIRECT
  L2 want=17547264 slot=17547264 nbytes=17547264 fd=O_DIRECT
  L2 want=17547264 slot=17547264 nbytes=17547264 fd=O_DIRECT
  L2 want=17547264 slot=17547264 nbytes=17547264 fd=O_DIRECT
  L2 want=17547264 slot=17547264 nbytes=17547264 fd=O_DIRECT
  L2 want=17547264 slot=17547264 nbytes=17547264 fd=O_DIRECT
  L2 want=17547264 slot=17547264 nbytes=17547264 fd=O_DIRECT
  L2 want=17547264 slot=17547264 nbytes=17547264 fd=O_DIRECT
  L2 want=17547264 slot=17547264 nbytes=17547264 fd=O_DIRECT
DBG getmany L88 nw=16 wall=0.560s thr(out)1 thr(in)16 conc_peak=16 pread=0.000s
DBG getmany L89 nw=16 wall=0.566s thr(out)1 thr(in)16 conc_peak=16 pread=0.000s
  L2 want=17547264 slot=17547264 nbytes=17547264 fd=O_DIRECT
  L2 want=17547264 slot=17547264 nbytes=17547264 fd=O_DIRECT
  L2 want=17547264 slot=17547264 nbytes=17547264 fd=O_DIRECT
  L2 want=17547264 slot=17547264 nbytes=17547264 fd=O_DIRECT
  L2 want=17547264 slot=17547264 nbytes=17547264 fd=O_DIRECT
  L2 want=17547264 slot=17547264 nbytes=17547264 fd=O_DIRECT
  L2 want=17547264 slot=17547264 nbytes=17547264 fd=O_DIRECT
  L2 want=17547264 slot=17547264 nbytes=17547264 fd=O_DIRECT
  L2 want=17547264 slot=17547264 nbytes=17547264 fd=O_DIRECT
  L2 want=17547264 slot=17547264 nbytes=17547264 fd=O_DIRECT
  L2 want=17547264 slot=17547264 nbytes=17547264 fd=O_DIRECT
  L2 want=17547264 slot=17547264 nbytes=17547264 fd=O_DIRECT
  L2 want=17547264 slot=17547264 nbytes=17547264 fd=O_DIRECT
  L2 want=17547264 slot=17547264 nbytes=17547264 fd=O_DIRECT
  L2 want=17547264 slot=17547264 nbytes=17547264 fd=O_DIRECT
  L2 want=17547264 slot=17547264 nbytes=17547264 fd=O_DIRECT
DBG getmany L90 nw=16 wall=0.403s thr(out)1 thr(in)16 conc_peak=16 pread=0.000s
  L2 want=17547264 slot=17547264 nbytes=17547264 fd=O_DIRECT
  L2 want=17547264 slot=17547264 nbytes=17547264 fd=O_DIRECT
  L2 want=17547264 slot=17547264 nbytes=17547264 fd=O_DIRECT
  L2 want=17547264 slot=17547264 nbytes=17547264 fd=O_DIRECT
  L2 want=17547264 slot=17547264 nbytes=17547264 fd=O_DIRECT
  L2 want=17547264 slot=17547264 nbytes=17547264 fd=O_DIRECT
  L2 want=17547264 slot=17547264 nbytes=17547264 fd=O_DIRECT
  L2 want=17547264 slot=17547264 nbytes=17547264 fd=O_DIRECT
  L2 want=17547264 slot=17547264 nbytes=17547264 fd=O_DIRECT
  L2 want=17547264 slot=17547264 nbytes=17547264 fd=O_DIRECT
  L2 want=17547264 slot=17547264 nbytes=17547264 fd=O_DIRECT
  L2 want=17547264 slot=17547264 nbytes=17547264 fd=O_DIRECT
  L2 want=17547264 slot=17547264 nbytes=17547264 fd=O_DIRECT
  L2 want=17547264 slot=17547264 nbytes=17547264 fd=O_DIRECT
  L2 want=17547264 slot=17547264 nbytes=17547264 fd=O_DIRECT
  L2 want=17547264 slot=17547264 nbytes=17547264 fd=O_DIRECT
DBG getmany L91 nw=16 wall=0.425s thr(out)1 thr(in)16 conc_peak=16 pread=0.000s
  L2 want=17547264 slot=17547264 nbytes=17547264 fd=O_DIRECT
  L2 want=17547264 slot=17547264 nbytes=17547264 fd=O_DIRECT
  L2 want=17547264 slot=17547264 nbytes=17547264 fd=O_DIRECT
  L2 want=17547264 slot=17547264 nbytes=17547264 fd=O_DIRECT
  L2 want=17547264 slot=17547264 nbytes=17547264 fd=O_DIRECT
  L2 want=17547264 slot=17547264 nbytes=17547264 fd=O_DIRECT
  L2 want=17547264 slot=17547264 nbytes=17547264 fd=O_DIRECT
  L2 want=17547264 slot=17547264 nbytes=17547264 fd=O_DIRECT
  L2 want=17547264 slot=17547264 nbytes=17547264 fd=O_DIRECT
  L2 want=17547264 slot=17547264 nbytes=17547264 fd=O_DIRECT
  L2 want=17547264 slot=17547264 nbytes=17547264 fd=O_DIRECT
  L2 want=17547264 slot=17547264 nbytes=17547264 fd=O_DIRECT
  L2 want=17547264 slot=17547264 nbytes=17547264 fd=O_DIRECT
  L2 want=17547264 slot=17547264 nbytes=17547264 fd=O_DIRECT
  L2 want=17547264 slot=17547264 nbytes=17547264 fd=O_DIRECT
  L2 want=17547264 slot=17547264 nbytes=17547264 fd=O_DIRECT
DBG getmany L92 nw=16 wall=0.163s thr(out)1 thr(in)16 conc_peak=16 pread=0.000s
config: /model/config.json (nested shape) | hidden=7168 layers=93 vocab=163840 | 24 MLA + 69 KDA | experts 896 top16 shared2 | latent=3584
  KV cache : 11.85 MB for 5 positions (2.37 MB/position)
Kimi K3, pure C, released checkpoint
  model    : /model
  prompt   : 1 tokens, generating 3

indexed 497220 tensors from 96 shards in 3.75 s
trunk on disk : 110.00 GB total (STREAMED from /mnt/nvme/trunk_layers_out, not held in RAM)

memory plan
  trunk (STREAMED) 32.00 GB
  embed + lm_head  4.70 GB
  expert cache     15.00 GB
  recurrent state  626.25 MB
  buffers          4.68 MB
  KV cache         11.83 MB
  TOTAL            52.34 GB
  available        57.78 GB

k3_trunk: trunk.bin absent - using per-layer slices (layer_%03d.bin)
trunk stream: 56.60 GB packed, 22/93 layers PINNED (29.30 GB), ring 2 x 1.30 GB
              reads use buffered I/O
              ring holds 2 slots: layers repeat over ~2 tokens, so recent ones are reused instead of re-read
trunk streaming enabled from /mnt/nvme/trunk_layers_out in 0.0 s
embedding, final norm and lm_head: 4.70 GB in 10.0 s

expert L1 eviction policy: heat
expert L2 cache enabled: 14589 slots x 17.55 MB = 256.00 GB on /mnt/nvme/experts.l2
expert L2 exact: nslot=14589 slot_bytes=17547264 l2_slot=17547264 K3_ST_ALIGN=4096
expert L2 eviction policy: heat
peak RSS after loading weights: 4.78 GB  (the plan above is a forecast, this is measured)
expert cache: 854 slots x 17.56 MB = 14.99 GB (1.04% of the 1.45 TB expert pool)

recurrent state for 93 layers: 626.25 MB

incremental decode: KV cache 11.83 MB for 24 MLA layers at 5 positions

STEP   TOKEN      SECONDS      CACHE HIT  READ GB    TOK/S
--------------------------------------------------------------------
0      220        72.96        100.0      25.83      0.014
  L2   resident=6779/14589 slots hit=100.0% read=25.83GB write=0.00GB
  L2 want=17547264 slot=17547264 nbytes=17547264 fd=O_DIRECT
  L2 want=17547264 slot=17547264 nbytes=17547264 fd=O_DIRECT
  L2 want=17547264 slot=17547264 nbytes=17547264 fd=O_DIRECT
  L2 want=17547264 slot=17547264 nbytes=17547264 fd=O_DIRECT
  L2 want=17547264 slot=17547264 nbytes=17547264 fd=O_DIRECT
  L2 want=17547264 slot=17547264 nbytes=17547264 fd=O_DIRECT
  L2 want=17547264 slot=17547264 nbytes=17547264 fd=O_DIRECT
  L2 want=17547264 slot=17547264 nbytes=17547264 fd=O_DIRECT
  L2 want=17547264 slot=17547264 nbytes=17547264 fd=O_DIRECT
  L2 want=17547264 slot=17547264 nbytes=17547264 fd=O_DIRECT
  L2 want=17547264 slot=17547264 nbytes=17547264 fd=O_DIRECT
  L2 want=17547264 slot=17547264 nbytes=17547264 fd=O_DIRECT
  L2 want=17547264 slot=17547264 nbytes=17547264 fd=O_DIRECT
  L2 want=17547264 slot=17547264 nbytes=17547264 fd=O_DIRECT
  L2 want=17547264 slot=17547264 nbytes=17547264 fd=O_DIRECT
  L2 want=17547264 slot=17547264 nbytes=17547264 fd=O_DIRECT
DBG getmany L1 nw=16 wall=0.187s thr(out)1 thr(in)16 conc_peak=16 pread=0.000s
  L2 want=17547264 slot=17547264 nbytes=17547264 fd=O_DIRECT
  L2 want=17547264 slot=17547264 nbytes=17547264 fd=O_DIRECT
  L2 want=17547264 slot=17547264 nbytes=17547264 fd=O_DIRECT
  L2 want=17547264 slot=17547264 nbytes=17547264 fd=O_DIRECT
  L2 want=17547264 slot=17547264 nbytes=17547264 fd=O_DIRECT
  L2 want=17547264 slot=17547264 nbytes=17547264 fd=O_DIRECT
  L2 want=17547264 slot=17547264 nbytes=17547264 fd=O_DIRECT
  L2 want=17547264 slot=17547264 nbytes=17547264 fd=O_DIRECT
  L2 want=17547264 slot=17547264 nbytes=17547264 fd=O_DIRECT
  L2 want=17547264 slot=17547264 nbytes=17547264 fd=O_DIRECT
  L2 want=17547264 slot=17547264 nbytes=17547264 fd=O_DIRECT
  L2 want=17547264 slot=17547264 nbytes=17547264 fd=O_DIRECT
  L2 want=17547264 slot=17547264 nbytes=17547264 fd=O_DIRECT
  L2 want=17547264 slot=17547264 nbytes=17547264 fd=O_DIRECT
  L2 want=17547264 slot=17547264 nbytes=17547264 fd=O_DIRECT
  L2 want=17547264 slot=17547264 nbytes=17547264 fd=O_DIRECT
DBG getmany L2 nw=16 wall=0.170s thr(out)1 thr(in)16 conc_peak=16 pread=0.000s
DBG getmany L3 nw=16 wall=0.161s thr(out)1 thr(in)16 conc_peak=16 pread=0.000s
  L2 want=17547264 slot=17547264 nbytes=17547264 fd=O_DIRECT
  L2 want=17547264 slot=17547264 nbytes=17547264 fd=O_DIRECT
  L2 want=17547264 slot=17547264 nbytes=17547264 fd=O_DIRECT
  L2 want=17547264 slot=17547264 nbytes=17547264 fd=O_DIRECT
  L2 want=17547264 slot=17547264 nbytes=17547264 fd=O_DIRECT
  L2 want=17547264 slot=17547264 nbytes=17547264 fd=O_DIRECT
  L2 want=17547264 slot=17547264 nbytes=17547264 fd=O_DIRECT
  L2 want=17547264 slot=17547264 nbytes=17547264 fd=O_DIRECT
  L2 want=17547264 slot=17547264 nbytes=17547264 fd=O_DIRECT
  L2 want=17547264 slot=17547264 nbytes=17547264 fd=O_DIRECT
  L2 want=17547264 slot=17547264 nbytes=17547264 fd=O_DIRECT
  L2 want=17547264 slot=17547264 nbytes=17547264 fd=O_DIRECT
  L2 want=17547264 slot=17547264 nbytes=17547264 fd=O_DIRECT
  L2 want=17547264 slot=17547264 nbytes=17547264 fd=O_DIRECT
  L2 want=17547264 slot=17547264 nbytes=17547264 fd=O_DIRECT
  L2 want=17547264 slot=17547264 nbytes=17547264 fd=O_DIRECT
DBG getmany L4 nw=16 wall=0.159s thr(out)1 thr(in)16 conc_peak=16 pread=0.000s
  L2 want=17547264 slot=17547264 nbytes=17547264 fd=O_DIRECT
  L2 want=17547264 slot=17547264 nbytes=17547264 fd=O_DIRECT
  L2 want=17547264 slot=17547264 nbytes=17547264 fd=O_DIRECT
  L2 want=17547264 slot=17547264 nbytes=17547264 fd=O_DIRECT
  L2 want=17547264 slot=17547264 nbytes=17547264 fd=O_DIRECT
  L2 want=17547264 slot=17547264 nbytes=17547264 fd=O_DIRECT
  L2 want=17547264 slot=17547264 nbytes=17547264 fd=O_DIRECT
  L2 want=17547264 slot=17547264 nbytes=17547264 fd=O_DIRECT
  L2 want=17547264 slot=17547264 nbytes=17547264 fd=O_DIRECT
  L2 want=17547264 slot=17547264 nbytes=17547264 fd=O_DIRECT
  L2 want=17547264 slot=17547264 nbytes=17547264 fd=O_DIRECT
  L2 want=17547264 slot=17547264 nbytes=17547264 fd=O_DIRECT
  L2 want=17547264 slot=17547264 nbytes=17547264 fd=O_DIRECT
  L2 want=17547264 slot=17547264 nbytes=17547264 fd=O_DIRECT
  L2 want=17547264 slot=17547264 nbytes=17547264 fd=O_DIRECT
  L2 want=17547264 slot=17547264 nbytes=17547264 fd=O_DIRECT
DBG getmany L5 nw=16 wall=0.159s thr(out)1 thr(in)16 conc_peak=16 pread=0.000s
  L2 want=17547264 slot=17547264 nbytes=17547264 fd=O_DIRECT
  L2 want=17547264 slot=17547264 nbytes=17547264 fd=O_DIRECT
  L2 want=17547264 slot=17547264 nbytes=17547264 fd=O_DIRECT
  L2 want=17547264 slot=17547264 nbytes=17547264 fd=O_DIRECT
  L2 want=17547264 slot=17547264 nbytes=17547264 fd=O_DIRECT
  L2 want=17547264 slot=17547264 nbytes=17547264 fd=O_DIRECT
  L2 want=17547264 slot=17547264 nbytes=17547264 fd=O_DIRECT
  L2 want=17547264 slot=17547264 nbytes=17547264 fd=O_DIRECT
  L2 want=17547264 slot=17547264 nbytes=17547264 fd=O_DIRECT
  L2 want=17547264 slot=17547264 nbytes=17547264 fd=O_DIRECT
  L2 want=17547264 slot=17547264 nbytes=17547264 fd=O_DIRECT
  L2 want=17547264 slot=17547264 nbytes=17547264 fd=O_DIRECT
  L2 want=17547264 slot=17547264 nbytes=17547264 fd=O_DIRECT
  L2 want=17547264 slot=17547264 nbytes=17547264 fd=O_DIRECT
  L2 want=17547264 slot=17547264 nbytes=17547264 fd=O_DIRECT
  L2 want=17547264 slot=17547264 nbytes=17547264 fd=O_DIRECT
DBG getmany L6 nw=16 wall=0.175s thr(out)1 thr(in)16 conc_peak=16 pread=0.000s
  L2 want=17547264 slot=17547264 nbytes=17547264 fd=O_DIRECT
  L2 want=17547264 slot=17547264 nbytes=17547264 fd=O_DIRECT
  L2 want=17547264 slot=17547264 nbytes=17547264 fd=O_DIRECT
  L2 want=17547264 slot=17547264 nbytes=17547264 fd=O_DIRECT
  L2 want=17547264 slot=17547264 nbytes=17547264 fd=O_DIRECT
  L2 want=17547264 slot=17547264 nbytes=17547264 fd=O_DIRECT
  L2 want=17547264 slot=17547264 nbytes=17547264 fd=O_DIRECT
  L2 want=17547264 slot=17547264 nbytes=17547264 fd=O_DIRECT
  L2 want=17547264 slot=17547264 nbytes=17547264 fd=O_DIRECT
  L2 want=17547264 slot=17547264 nbytes=17547264 fd=O_DIRECT
  L2 want=17547264 slot=17547264 nbytes=17547264 fd=O_DIRECT
  L2 want=17547264 slot=17547264 nbytes=17547264 fd=O_DIRECT
  L2 want=17547264 slot=17547264 nbytes=17547264 fd=O_DIRECT
  L2 want=17547264 slot=17547264 nbytes=17547264 fd=O_DIRECT
  L2 want=17547264 slot=17547264 nbytes=17547264 fd=O_DIRECT
  L2 want=17547264 slot=17547264 nbytes=17547264 fd=O_DIRECT
DBG getmany L7 nw=16 wall=0.165s thr(out)1 thr(in)16 conc_peak=16 pread=0.000s
DBG getmany L8 nw=16 wall=0.159s thr(out)1 thr(in)16 conc_peak=16 pread=0.000s
DBG getmany L9 nw=16 wall=0.161s thr(out)1 thr(in)16 conc_peak=16 pread=0.000s
  L2 want=17547264 slot=17547264 nbytes=17547264 fd=O_DIRECT
  L2 want=17547264 slot=17547264 nbytes=17547264 fd=O_DIRECT
  L2 want=17547264 slot=17547264 nbytes=17547264 fd=O_DIRECT
  L2 want=17547264 slot=17547264 nbytes=17547264 fd=O_DIRECT
  L2 want=17547264 slot=17547264 nbytes=17547264 fd=O_DIRECT
  L2 want=17547264 slot=17547264 nbytes=17547264 fd=O_DIRECT
  L2 want=17547264 slot=17547264 nbytes=17547264 fd=O_DIRECT
  L2 want=17547264 slot=17547264 nbytes=17547264 fd=O_DIRECT
  L2 want=17547264 slot=17547264 nbytes=17547264 fd=O_DIRECT
  L2 want=17547264 slot=17547264 nbytes=17547264 fd=O_DIRECT
  L2 want=17547264 slot=17547264 nbytes=17547264 fd=O_DIRECT
  L2 want=17547264 slot=17547264 nbytes=17547264 fd=O_DIRECT
  L2 want=17547264 slot=17547264 nbytes=17547264 fd=O_DIRECT
  L2 want=17547264 slot=17547264 nbytes=17547264 fd=O_DIRECT
  L2 want=17547264 slot=17547264 nbytes=17547264 fd=O_DIRECT
  L2 want=17547264 slot=17547264 nbytes=17547264 fd=O_DIRECT
DBG getmany L10 nw=16 wall=0.166s thr(out)1 thr(in)16 conc_peak=16 pread=0.000s
  L2 want=17547264 slot=17547264 nbytes=17547264 fd=O_DIRECT
  L2 want=17547264 slot=17547264 nbytes=17547264 fd=O_DIRECT
  L2 want=17547264 slot=17547264 nbytes=17547264 fd=O_DIRECT
  L2 want=17547264 slot=17547264 nbytes=17547264 fd=O_DIRECT
  L2 want=17547264 slot=17547264 nbytes=17547264 fd=O_DIRECT
  L2 want=17547264 slot=17547264 nbytes=17547264 fd=O_DIRECT
  L2 want=17547264 slot=17547264 nbytes=17547264 fd=O_DIRECT
  L2 want=17547264 slot=17547264 nbytes=17547264 fd=O_DIRECT
  L2 want=17547264 slot=17547264 nbytes=17547264 fd=O_DIRECT
  L2 want=17547264 slot=17547264 nbytes=17547264 fd=O_DIRECT
  L2 want=17547264 slot=17547264 nbytes=17547264 fd=O_DIRECT
  L2 want=17547264 slot=17547264 nbytes=17547264 fd=O_DIRECT
  L2 want=17547264 slot=17547264 nbytes=17547264 fd=O_DIRECT
  L2 want=17547264 slot=17547264 nbytes=17547264 fd=O_DIRECT
  L2 want=17547264 slot=17547264 nbytes=17547264 fd=O_DIRECT
  L2 want=17547264 slot=17547264 nbytes=17547264 fd=O_DIRECT
DBG getmany L11 nw=16 wall=0.172s thr(out)1 thr(in)16 conc_peak=16 pread=0.000s
DBG getmany L12 nw=16 wall=0.169s thr(out)1 thr(in)16 conc_peak=16 pread=0.000s
  L2 want=17547264 slot=17547264 nbytes=17547264 fd=O_DIRECT
  L2 want=17547264 slot=17547264 nbytes=17547264 fd=O_DIRECT
  L2 want=17547264 slot=17547264 nbytes=17547264 fd=O_DIRECT
  L2 want=17547264 slot=17547264 nbytes=17547264 fd=O_DIRECT
  L2 want=17547264 slot=17547264 nbytes=17547264 fd=O_DIRECT
  L2 want=17547264 slot=17547264 nbytes=17547264 fd=O_DIRECT
  L2 want=17547264 slot=17547264 nbytes=17547264 fd=O_DIRECT
  L2 want=17547264 slot=17547264 nbytes=17547264 fd=O_DIRECT
  L2 want=17547264 slot=17547264 nbytes=17547264 fd=O_DIRECT
  L2 want=17547264 slot=17547264 nbytes=17547264 fd=O_DIRECT
  L2 want=17547264 slot=17547264 nbytes=17547264 fd=O_DIRECT
  L2 want=17547264 slot=17547264 nbytes=17547264 fd=O_DIRECT
  L2 want=17547264 slot=17547264 nbytes=17547264 fd=O_DIRECT
  L2 want=17547264 slot=17547264 nbytes=17547264 fd=O_DIRECT
  L2 want=17547264 slot=17547264 nbytes=17547264 fd=O_DIRECT
  L2 want=17547264 slot=17547264 nbytes=17547264 fd=O_DIRECT
DBG getmany L13 nw=16 wall=0.168s thr(out)1 thr(in)16 conc_peak=16 pread=0.000s
DBG getmany L14 nw=16 wall=0.165s thr(out)1 thr(in)16 conc_peak=16 pread=0.000s
DBG getmany L15 nw=16 wall=0.171s thr(out)1 thr(in)16 conc_peak=16 pread=0.000s
  L2 want=17547264 slot=17547264 nbytes=17547264 fd=O_DIRECT
  L2 want=17547264 slot=17547264 nbytes=17547264 fd=O_DIRECT
  L2 want=17547264 slot=17547264 nbytes=17547264 fd=O_DIRECT
  L2 want=17547264 slot=17547264 nbytes=17547264 fd=O_DIRECT
  L2 want=17547264 slot=17547264 nbytes=17547264 fd=O_DIRECT
  L2 want=17547264 slot=17547264 nbytes=17547264 fd=O_DIRECT
  L2 want=17547264 slot=17547264 nbytes=17547264 fd=O_DIRECT
  L2 want=17547264 slot=17547264 nbytes=17547264 fd=O_DIRECT
  L2 want=17547264 slot=17547264 nbytes=17547264 fd=O_DIRECT
  L2 want=17547264 slot=17547264 nbytes=17547264 fd=O_DIRECT
  L2 want=17547264 slot=17547264 nbytes=17547264 fd=O_DIRECT
  L2 want=17547264 slot=17547264 nbytes=17547264 fd=O_DIRECT
  L2 want=17547264 slot=17547264 nbytes=17547264 fd=O_DIRECT
  L2 want=17547264 slot=17547264 nbytes=17547264 fd=O_DIRECT
  L2 want=17547264 slot=17547264 nbytes=17547264 fd=O_DIRECT
  L2 want=17547264 slot=17547264 nbytes=17547264 fd=O_DIRECT
DBG getmany L16 nw=16 wall=0.166s thr(out)1 thr(in)16 conc_peak=16 pread=0.000s
DBG getmany L17 nw=16 wall=0.161s thr(out)1 thr(in)16 conc_peak=16 pread=0.000s
DBG getmany L18 nw=16 wall=0.164s thr(out)1 thr(in)16 conc_peak=16 pread=0.000s
DBG getmany L19 nw=16 wall=0.165s thr(out)1 thr(in)16 conc_peak=16 pread=0.000s
  L2 want=17547264 slot=17547264 nbytes=17547264 fd=O_DIRECT
  L2 want=17547264 slot=17547264 nbytes=17547264 fd=O_DIRECT
  L2 want=17547264 slot=17547264 nbytes=17547264 fd=O_DIRECT
  L2 want=17547264 slot=17547264 nbytes=17547264 fd=O_DIRECT
  L2 want=17547264 slot=17547264 nbytes=17547264 fd=O_DIRECT
  L2 want=17547264 slot=17547264 nbytes=17547264 fd=O_DIRECT
  L2 want=17547264 slot=17547264 nbytes=17547264 fd=O_DIRECT
  L2 want=17547264 slot=17547264 nbytes=17547264 fd=O_DIRECT
  L2 want=17547264 slot=17547264 nbytes=17547264 fd=O_DIRECT
  L2 want=17547264 slot=17547264 nbytes=17547264 fd=O_DIRECT
  L2 want=17547264 slot=17547264 nbytes=17547264 fd=O_DIRECT
  L2 want=17547264 slot=17547264 nbytes=17547264 fd=O_DIRECT
  L2 want=17547264 slot=17547264 nbytes=17547264 fd=O_DIRECT
  L2 want=17547264 slot=17547264 nbytes=17547264 fd=O_DIRECT
  L2 want=17547264 slot=17547264 nbytes=17547264 fd=O_DIRECT
  L2 want=17547264 slot=17547264 nbytes=17547264 fd=O_DIRECT
DBG getmany L20 nw=16 wall=0.163s thr(out)1 thr(in)16 conc_peak=16 pread=0.000s
DBG getmany L21 nw=16 wall=0.479s thr(out)1 thr(in)16 conc_peak=16 pread=0.000s
DBG getmany L22 nw=16 wall=0.380s thr(out)1 thr(in)16 conc_peak=16 pread=0.000s
  L2 want=17547264 slot=17547264 nbytes=17547264 fd=O_DIRECT
  L2 want=17547264 slot=17547264 nbytes=17547264 fd=O_DIRECT
  L2 want=17547264 slot=17547264 nbytes=17547264 fd=O_DIRECT
  L2 want=17547264 slot=17547264 nbytes=17547264 fd=O_DIRECT
  L2 want=17547264 slot=17547264 nbytes=17547264 fd=O_DIRECT
  L2 want=17547264 slot=17547264 nbytes=17547264 fd=O_DIRECT
  L2 want=17547264 slot=17547264 nbytes=17547264 fd=O_DIRECT
  L2 want=17547264 slot=17547264 nbytes=17547264 fd=O_DIRECT
  L2 want=17547264 slot=17547264 nbytes=17547264 fd=O_DIRECT
  L2 want=17547264 slot=17547264 nbytes=17547264 fd=O_DIRECT
  L2 want=17547264 slot=17547264 nbytes=17547264 fd=O_DIRECT
  L2 want=17547264 slot=17547264 nbytes=17547264 fd=O_DIRECT
  L2 want=17547264 slot=17547264 nbytes=17547264 fd=O_DIRECT
  L2 want=17547264 slot=17547264 nbytes=17547264 fd=O_DIRECT
  L2 want=17547264 slot=17547264 nbytes=17547264 fd=O_DIRECT
  L2 want=17547264 slot=17547264 nbytes=17547264 fd=O_DIRECT
DBG getmany L23 nw=16 wall=0.494s thr(out)1 thr(in)16 conc_peak=16 pread=0.000s
  L2 want=17547264 slot=17547264 nbytes=17547264 fd=O_DIRECT
  L2 want=17547264 slot=17547264 nbytes=17547264 fd=O_DIRECT
  L2 want=17547264 slot=17547264 nbytes=17547264 fd=O_DIRECT
  L2 want=17547264 slot=17547264 nbytes=17547264 fd=O_DIRECT
  L2 want=17547264 slot=17547264 nbytes=17547264 fd=O_DIRECT
  L2 want=17547264 slot=17547264 nbytes=17547264 fd=O_DIRECT
  L2 want=17547264 slot=17547264 nbytes=17547264 fd=O_DIRECT
  L2 want=17547264 slot=17547264 nbytes=17547264 fd=O_DIRECT
  L2 want=17547264 slot=17547264 nbytes=17547264 fd=O_DIRECT
  L2 want=17547264 slot=17547264 nbytes=17547264 fd=O_DIRECT
  L2 want=17547264 slot=17547264 nbytes=17547264 fd=O_DIRECT
  L2 want=17547264 slot=17547264 nbytes=17547264 fd=O_DIRECT
  L2 want=17547264 slot=17547264 nbytes=17547264 fd=O_DIRECT
  L2 want=17547264 slot=17547264 nbytes=17547264 fd=O_DIRECT
  L2 want=17547264 slot=17547264 nbytes=17547264 fd=O_DIRECT
  L2 want=17547264 slot=17547264 nbytes=17547264 fd=O_DIRECT
DBG getmany L24 nw=16 wall=0.569s thr(out)1 thr(in)16 conc_peak=16 pread=0.000s
DBG getmany L25 nw=16 wall=0.533s thr(out)1 thr(in)16 conc_peak=16 pread=0.000s
DBG getmany L26 nw=16 wall=0.409s thr(out)1 thr(in)16 conc_peak=16 pread=0.000s
  L2 want=17547264 slot=17547264 nbytes=17547264 fd=O_DIRECT
  L2 want=17547264 slot=17547264 nbytes=17547264 fd=O_DIRECT
  L2 want=17547264 slot=17547264 nbytes=17547264 fd=O_DIRECT
  L2 want=17547264 slot=17547264 nbytes=17547264 fd=O_DIRECT
  L2 want=17547264 slot=17547264 nbytes=17547264 fd=O_DIRECT
  L2 want=17547264 slot=17547264 nbytes=17547264 fd=O_DIRECT
  L2 want=17547264 slot=17547264 nbytes=17547264 fd=O_DIRECT
  L2 want=17547264 slot=17547264 nbytes=17547264 fd=O_DIRECT
  L2 want=17547264 slot=17547264 nbytes=17547264 fd=O_DIRECT
  L2 want=17547264 slot=17547264 nbytes=17547264 fd=O_DIRECT
  L2 want=17547264 slot=17547264 nbytes=17547264 fd=O_DIRECT
  L2 want=17547264 slot=17547264 nbytes=17547264 fd=O_DIRECT
  L2 want=17547264 slot=17547264 nbytes=17547264 fd=O_DIRECT
  L2 want=17547264 slot=17547264 nbytes=17547264 fd=O_DIRECT
  L2 want=17547264 slot=17547264 nbytes=17547264 fd=O_DIRECT
  L2 want=17547264 slot=17547264 nbytes=17547264 fd=O_DIRECT
DBG getmany L27 nw=16 wall=0.492s thr(out)1 thr(in)16 conc_peak=16 pread=0.000s
  L2 want=17547264 slot=17547264 nbytes=17547264 fd=O_DIRECT
  L2 want=17547264 slot=17547264 nbytes=17547264 fd=O_DIRECT
  L2 want=17547264 slot=17547264 nbytes=17547264 fd=O_DIRECT
  L2 want=17547264 slot=17547264 nbytes=17547264 fd=O_DIRECT
  L2 want=17547264 slot=17547264 nbytes=17547264 fd=O_DIRECT
  L2 want=17547264 slot=17547264 nbytes=17547264 fd=O_DIRECT
  L2 want=17547264 slot=17547264 nbytes=17547264 fd=O_DIRECT
  L2 want=17547264 slot=17547264 nbytes=17547264 fd=O_DIRECT
  L2 want=17547264 slot=17547264 nbytes=17547264 fd=O_DIRECT
  L2 want=17547264 slot=17547264 nbytes=17547264 fd=O_DIRECT
  L2 want=17547264 slot=17547264 nbytes=17547264 fd=O_DIRECT
  L2 want=17547264 slot=17547264 nbytes=17547264 fd=O_DIRECT
  L2 want=17547264 slot=17547264 nbytes=17547264 fd=O_DIRECT
  L2 want=17547264 slot=17547264 nbytes=17547264 fd=O_DIRECT
  L2 want=17547264 slot=17547264 nbytes=17547264 fd=O_DIRECT
  L2 want=17547264 slot=17547264 nbytes=17547264 fd=O_DIRECT
DBG getmany L28 nw=16 wall=0.403s thr(out)1 thr(in)16 conc_peak=16 pread=0.000s
DBG getmany L29 nw=16 wall=0.502s thr(out)1 thr(in)16 conc_peak=16 pread=0.000s
DBG getmany L30 nw=16 wall=0.413s thr(out)1 thr(in)16 conc_peak=16 pread=0.000s
DBG getmany L31 nw=16 wall=0.558s thr(out)1 thr(in)16 conc_peak=16 pread=0.000s
DBG getmany L32 nw=16 wall=0.569s thr(out)1 thr(in)16 conc_peak=16 pread=0.000s
DBG getmany L33 nw=16 wall=0.588s thr(out)1 thr(in)16 conc_peak=16 pread=0.000s
  L2 want=17547264 slot=17547264 nbytes=17547264 fd=O_DIRECT
  L2 want=17547264 slot=17547264 nbytes=17547264 fd=O_DIRECT
  L2 want=17547264 slot=17547264 nbytes=17547264 fd=O_DIRECT
  L2 want=17547264 slot=17547264 nbytes=17547264 fd=O_DIRECT
  L2 want=17547264 slot=17547264 nbytes=17547264 fd=O_DIRECT
  L2 want=17547264 slot=17547264 nbytes=17547264 fd=O_DIRECT
  L2 want=17547264 slot=17547264 nbytes=17547264 fd=O_DIRECT
  L2 want=17547264 slot=17547264 nbytes=17547264 fd=O_DIRECT
  L2 want=17547264 slot=17547264 nbytes=17547264 fd=O_DIRECT
  L2 want=17547264 slot=17547264 nbytes=17547264 fd=O_DIRECT
  L2 want=17547264 slot=17547264 nbytes=17547264 fd=O_DIRECT
  L2 want=17547264 slot=17547264 nbytes=17547264 fd=O_DIRECT
  L2 want=17547264 slot=17547264 nbytes=17547264 fd=O_DIRECT
  L2 want=17547264 slot=17547264 nbytes=17547264 fd=O_DIRECT
  L2 want=17547264 slot=17547264 nbytes=17547264 fd=O_DIRECT
  L2 want=17547264 slot=17547264 nbytes=17547264 fd=O_DIRECT
DBG getmany L34 nw=16 wall=0.410s thr(out)1 thr(in)16 conc_peak=16 pread=0.000s
DBG getmany L35 nw=16 wall=0.544s thr(out)1 thr(in)16 conc_peak=16 pread=0.000s
DBG getmany L36 nw=16 wall=0.560s thr(out)1 thr(in)16 conc_peak=16 pread=0.000s
  L2 want=17547264 slot=17547264 nbytes=17547264 fd=O_DIRECT
  L2 want=17547264 slot=17547264 nbytes=17547264 fd=O_DIRECT
  L2 want=17547264 slot=17547264 nbytes=17547264 fd=O_DIRECT
  L2 want=17547264 slot=17547264 nbytes=17547264 fd=O_DIRECT
  L2 want=17547264 slot=17547264 nbytes=17547264 fd=O_DIRECT
  L2 want=17547264 slot=17547264 nbytes=17547264 fd=O_DIRECT
  L2 want=17547264 slot=17547264 nbytes=17547264 fd=O_DIRECT
  L2 want=17547264 slot=17547264 nbytes=17547264 fd=O_DIRECT
  L2 want=17547264 slot=17547264 nbytes=17547264 fd=O_DIRECT
  L2 want=17547264 slot=17547264 nbytes=17547264 fd=O_DIRECT
  L2 want=17547264 slot=17547264 nbytes=17547264 fd=O_DIRECT
  L2 want=17547264 slot=17547264 nbytes=17547264 fd=O_DIRECT
  L2 want=17547264 slot=17547264 nbytes=17547264 fd=O_DIRECT
  L2 want=17547264 slot=17547264 nbytes=17547264 fd=O_DIRECT
  L2 want=17547264 slot=17547264 nbytes=17547264 fd=O_DIRECT
  L2 want=17547264 slot=17547264 nbytes=17547264 fd=O_DIRECT
DBG getmany L37 nw=16 wall=0.543s thr(out)1 thr(in)16 conc_peak=16 pread=0.000s
DBG getmany L38 nw=16 wall=0.368s thr(out)1 thr(in)16 conc_peak=16 pread=0.000s
  L2 want=17547264 slot=17547264 nbytes=17547264 fd=O_DIRECT
  L2 want=17547264 slot=17547264 nbytes=17547264 fd=O_DIRECT
  L2 want=17547264 slot=17547264 nbytes=17547264 fd=O_DIRECT
  L2 want=17547264 slot=17547264 nbytes=17547264 fd=O_DIRECT
  L2 want=17547264 slot=17547264 nbytes=17547264 fd=O_DIRECT
  L2 want=17547264 slot=17547264 nbytes=17547264 fd=O_DIRECT
  L2 want=17547264 slot=17547264 nbytes=17547264 fd=O_DIRECT
  L2 want=17547264 slot=17547264 nbytes=17547264 fd=O_DIRECT
  L2 want=17547264 slot=17547264 nbytes=17547264 fd=O_DIRECT
  L2 want=17547264 slot=17547264 nbytes=17547264 fd=O_DIRECT
  L2 want=17547264 slot=17547264 nbytes=17547264 fd=O_DIRECT
  L2 want=17547264 slot=17547264 nbytes=17547264 fd=O_DIRECT
  L2 want=17547264 slot=17547264 nbytes=17547264 fd=O_DIRECT
  L2 want=17547264 slot=17547264 nbytes=17547264 fd=O_DIRECT
  L2 want=17547264 slot=17547264 nbytes=17547264 fd=O_DIRECT
  L2 want=17547264 slot=17547264 nbytes=17547264 fd=O_DIRECT
DBG getmany L39 nw=16 wall=0.558s thr(out)1 thr(in)16 conc_peak=16 pread=0.000s
  L2 want=17547264 slot=17547264 nbytes=17547264 fd=O_DIRECT
  L2 want=17547264 slot=17547264 nbytes=17547264 fd=O_DIRECT
  L2 want=17547264 slot=17547264 nbytes=17547264 fd=O_DIRECT
  L2 want=17547264 slot=17547264 nbytes=17547264 fd=O_DIRECT
  L2 want=17547264 slot=17547264 nbytes=17547264 fd=O_DIRECT
  L2 want=17547264 slot=17547264 nbytes=17547264 fd=O_DIRECT
  L2 want=17547264 slot=17547264 nbytes=17547264 fd=O_DIRECT
  L2 want=17547264 slot=17547264 nbytes=17547264 fd=O_DIRECT
  L2 want=17547264 slot=17547264 nbytes=17547264 fd=O_DIRECT
  L2 want=17547264 slot=17547264 nbytes=17547264 fd=O_DIRECT
  L2 want=17547264 slot=17547264 nbytes=17547264 fd=O_DIRECT
  L2 want=17547264 slot=17547264 nbytes=17547264 fd=O_DIRECT
  L2 want=17547264 slot=17547264 nbytes=17547264 fd=O_DIRECT
  L2 want=17547264 slot=17547264 nbytes=17547264 fd=O_DIRECT
  L2 want=17547264 slot=17547264 nbytes=17547264 fd=O_DIRECT
  L2 want=17547264 slot=17547264 nbytes=17547264 fd=O_DIRECT
DBG getmany L40 nw=16 wall=0.556s thr(out)1 thr(in)16 conc_peak=16 pread=0.000s
DBG getmany L41 nw=16 wall=0.519s thr(out)1 thr(in)16 conc_peak=16 pread=0.000s
  L2 want=17547264 slot=17547264 nbytes=17547264 fd=O_DIRECT
  L2 want=17547264 slot=17547264 nbytes=17547264 fd=O_DIRECT
  L2 want=17547264 slot=17547264 nbytes=17547264 fd=O_DIRECT
  L2 want=17547264 slot=17547264 nbytes=17547264 fd=O_DIRECT
  L2 want=17547264 slot=17547264 nbytes=17547264 fd=O_DIRECT
  L2 want=17547264 slot=17547264 nbytes=17547264 fd=O_DIRECT
  L2 want=17547264 slot=17547264 nbytes=17547264 fd=O_DIRECT
  L2 want=17547264 slot=17547264 nbytes=17547264 fd=O_DIRECT
  L2 want=17547264 slot=17547264 nbytes=17547264 fd=O_DIRECT
  L2 want=17547264 slot=17547264 nbytes=17547264 fd=O_DIRECT
  L2 want=17547264 slot=17547264 nbytes=17547264 fd=O_DIRECT
  L2 want=17547264 slot=17547264 nbytes=17547264 fd=O_DIRECT
  L2 want=17547264 slot=17547264 nbytes=17547264 fd=O_DIRECT
  L2 want=17547264 slot=17547264 nbytes=17547264 fd=O_DIRECT
  L2 want=17547264 slot=17547264 nbytes=17547264 fd=O_DIRECT
  L2 want=17547264 slot=17547264 nbytes=17547264 fd=O_DIRECT
DBG getmany L42 nw=16 wall=0.415s thr(out)1 thr(in)16 conc_peak=16 pread=0.000s
DBG getmany L43 nw=16 wall=0.546s thr(out)1 thr(in)16 conc_peak=16 pread=0.000s
  L2 want=17547264 slot=17547264 nbytes=17547264 fd=O_DIRECT
  L2 want=17547264 slot=17547264 nbytes=17547264 fd=O_DIRECT
  L2 want=17547264 slot=17547264 nbytes=17547264 fd=O_DIRECT
  L2 want=17547264 slot=17547264 nbytes=17547264 fd=O_DIRECT
  L2 want=17547264 slot=17547264 nbytes=17547264 fd=O_DIRECT
  L2 want=17547264 slot=17547264 nbytes=17547264 fd=O_DIRECT
  L2 want=17547264 slot=17547264 nbytes=17547264 fd=O_DIRECT
  L2 want=17547264 slot=17547264 nbytes=17547264 fd=O_DIRECT
  L2 want=17547264 slot=17547264 nbytes=17547264 fd=O_DIRECT
  L2 want=17547264 slot=17547264 nbytes=17547264 fd=O_DIRECT
  L2 want=17547264 slot=17547264 nbytes=17547264 fd=O_DIRECT
  L2 want=17547264 slot=17547264 nbytes=17547264 fd=O_DIRECT
  L2 want=17547264 slot=17547264 nbytes=17547264 fd=O_DIRECT
  L2 want=17547264 slot=17547264 nbytes=17547264 fd=O_DIRECT
  L2 want=17547264 slot=17547264 nbytes=17547264 fd=O_DIRECT
  L2 want=17547264 slot=17547264 nbytes=17547264 fd=O_DIRECT
DBG getmany L44 nw=16 wall=0.543s thr(out)1 thr(in)16 conc_peak=16 pread=0.000s
  L2 want=17547264 slot=17547264 nbytes=17547264 fd=O_DIRECT
  L2 want=17547264 slot=17547264 nbytes=17547264 fd=O_DIRECT
  L2 want=17547264 slot=17547264 nbytes=17547264 fd=O_DIRECT
  L2 want=17547264 slot=17547264 nbytes=17547264 fd=O_DIRECT
  L2 want=17547264 slot=17547264 nbytes=17547264 fd=O_DIRECT
  L2 want=17547264 slot=17547264 nbytes=17547264 fd=O_DIRECT
  L2 want=17547264 slot=17547264 nbytes=17547264 fd=O_DIRECT
  L2 want=17547264 slot=17547264 nbytes=17547264 fd=O_DIRECT
  L2 want=17547264 slot=17547264 nbytes=17547264 fd=O_DIRECT
  L2 want=17547264 slot=17547264 nbytes=17547264 fd=O_DIRECT
  L2 want=17547264 slot=17547264 nbytes=17547264 fd=O_DIRECT
  L2 want=17547264 slot=17547264 nbytes=17547264 fd=O_DIRECT
  L2 want=17547264 slot=17547264 nbytes=17547264 fd=O_DIRECT
  L2 want=17547264 slot=17547264 nbytes=17547264 fd=O_DIRECT
  L2 want=17547264 slot=17547264 nbytes=17547264 fd=O_DIRECT
  L2 want=17547264 slot=17547264 nbytes=17547264 fd=O_DIRECT
DBG getmany L45 nw=16 wall=0.561s thr(out)1 thr(in)16 conc_peak=16 pread=0.000s
DBG getmany L46 nw=16 wall=0.437s thr(out)1 thr(in)16 conc_peak=16 pread=0.000s
  L2 want=17547264 slot=17547264 nbytes=17547264 fd=O_DIRECT
  L2 want=17547264 slot=17547264 nbytes=17547264 fd=O_DIRECT
  L2 want=17547264 slot=17547264 nbytes=17547264 fd=O_DIRECT
  L2 want=17547264 slot=17547264 nbytes=17547264 fd=O_DIRECT
  L2 want=17547264 slot=17547264 nbytes=17547264 fd=O_DIRECT
  L2 want=17547264 slot=17547264 nbytes=17547264 fd=O_DIRECT
  L2 want=17547264 slot=17547264 nbytes=17547264 fd=O_DIRECT
  L2 want=17547264 slot=17547264 nbytes=17547264 fd=O_DIRECT
  L2 want=17547264 slot=17547264 nbytes=17547264 fd=O_DIRECT
  L2 want=17547264 slot=17547264 nbytes=17547264 fd=O_DIRECT
  L2 want=17547264 slot=17547264 nbytes=17547264 fd=O_DIRECT
  L2 want=17547264 slot=17547264 nbytes=17547264 fd=O_DIRECT
  L2 want=17547264 slot=17547264 nbytes=17547264 fd=O_DIRECT
  L2 want=17547264 slot=17547264 nbytes=17547264 fd=O_DIRECT
  L2 want=17547264 slot=17547264 nbytes=17547264 fd=O_DIRECT
  L2 want=17547264 slot=17547264 nbytes=17547264 fd=O_DIRECT
DBG getmany L47 nw=16 wall=0.613s thr(out)1 thr(in)16 conc_peak=16 pread=0.000s
DBG getmany L48 nw=16 wall=0.545s thr(out)1 thr(in)16 conc_peak=16 pread=0.000s
  L2 want=17547264 slot=17547264 nbytes=17547264 fd=O_DIRECT
  L2 want=17547264 slot=17547264 nbytes=17547264 fd=O_DIRECT
  L2 want=17547264 slot=17547264 nbytes=17547264 fd=O_DIRECT
  L2 want=17547264 slot=17547264 nbytes=17547264 fd=O_DIRECT
  L2 want=17547264 slot=17547264 nbytes=17547264 fd=O_DIRECT
  L2 want=17547264 slot=17547264 nbytes=17547264 fd=O_DIRECT
  L2 want=17547264 slot=17547264 nbytes=17547264 fd=O_DIRECT
  L2 want=17547264 slot=17547264 nbytes=17547264 fd=O_DIRECT
  L2 want=17547264 slot=17547264 nbytes=17547264 fd=O_DIRECT
  L2 want=17547264 slot=17547264 nbytes=17547264 fd=O_DIRECT
  L2 want=17547264 slot=17547264 nbytes=17547264 fd=O_DIRECT
  L2 want=17547264 slot=17547264 nbytes=17547264 fd=O_DIRECT
  L2 want=17547264 slot=17547264 nbytes=17547264 fd=O_DIRECT
  L2 want=17547264 slot=17547264 nbytes=17547264 fd=O_DIRECT
  L2 want=17547264 slot=17547264 nbytes=17547264 fd=O_DIRECT
  L2 want=17547264 slot=17547264 nbytes=17547264 fd=O_DIRECT
DBG getmany L49 nw=16 wall=0.563s thr(out)1 thr(in)16 conc_peak=16 pread=0.000s
DBG getmany L50 nw=16 wall=0.428s thr(out)1 thr(in)16 conc_peak=16 pread=0.000s
DBG getmany L51 nw=16 wall=0.583s thr(out)1 thr(in)16 conc_peak=16 pread=0.000s
DBG getmany L52 nw=16 wall=0.539s thr(out)1 thr(in)16 conc_peak=16 pread=0.000s
  L2 want=17547264 slot=17547264 nbytes=17547264 fd=O_DIRECT
  L2 want=17547264 slot=17547264 nbytes=17547264 fd=O_DIRECT
  L2 want=17547264 slot=17547264 nbytes=17547264 fd=O_DIRECT
  L2 want=17547264 slot=17547264 nbytes=17547264 fd=O_DIRECT
  L2 want=17547264 slot=17547264 nbytes=17547264 fd=O_DIRECT
  L2 want=17547264 slot=17547264 nbytes=17547264 fd=O_DIRECT
  L2 want=17547264 slot=17547264 nbytes=17547264 fd=O_DIRECT
  L2 want=17547264 slot=17547264 nbytes=17547264 fd=O_DIRECT
  L2 want=17547264 slot=17547264 nbytes=17547264 fd=O_DIRECT
  L2 want=17547264 slot=17547264 nbytes=17547264 fd=O_DIRECT
  L2 want=17547264 slot=17547264 nbytes=17547264 fd=O_DIRECT
  L2 want=17547264 slot=17547264 nbytes=17547264 fd=O_DIRECT
  L2 want=17547264 slot=17547264 nbytes=17547264 fd=O_DIRECT
  L2 want=17547264 slot=17547264 nbytes=17547264 fd=O_DIRECT
  L2 want=17547264 slot=17547264 nbytes=17547264 fd=O_DIRECT
  L2 want=17547264 slot=17547264 nbytes=17547264 fd=O_DIRECT
DBG getmany L53 nw=16 wall=0.571s thr(out)1 thr(in)16 conc_peak=16 pread=0.000s
  L2 want=17547264 slot=17547264 nbytes=17547264 fd=O_DIRECT
  L2 want=17547264 slot=17547264 nbytes=17547264 fd=O_DIRECT
  L2 want=17547264 slot=17547264 nbytes=17547264 fd=O_DIRECT
  L2 want=17547264 slot=17547264 nbytes=17547264 fd=O_DIRECT
  L2 want=17547264 slot=17547264 nbytes=17547264 fd=O_DIRECT
  L2 want=17547264 slot=17547264 nbytes=17547264 fd=O_DIRECT
  L2 want=17547264 slot=17547264 nbytes=17547264 fd=O_DIRECT
  L2 want=17547264 slot=17547264 nbytes=17547264 fd=O_DIRECT
  L2 want=17547264 slot=17547264 nbytes=17547264 fd=O_DIRECT
  L2 want=17547264 slot=17547264 nbytes=17547264 fd=O_DIRECT
  L2 want=17547264 slot=17547264 nbytes=17547264 fd=O_DIRECT
  L2 want=17547264 slot=17547264 nbytes=17547264 fd=O_DIRECT
  L2 want=17547264 slot=17547264 nbytes=17547264 fd=O_DIRECT
  L2 want=17547264 slot=17547264 nbytes=17547264 fd=O_DIRECT
  L2 want=17547264 slot=17547264 nbytes=17547264 fd=O_DIRECT
  L2 want=17547264 slot=17547264 nbytes=17547264 fd=O_DIRECT
DBG getmany L54 nw=16 wall=0.395s thr(out)1 thr(in)16 conc_peak=16 pread=0.000s
DBG getmany L55 nw=16 wall=0.573s thr(out)1 thr(in)16 conc_peak=16 pread=0.000s
  L2 want=17547264 slot=17547264 nbytes=17547264 fd=O_DIRECT
  L2 want=17547264 slot=17547264 nbytes=17547264 fd=O_DIRECT
  L2 want=17547264 slot=17547264 nbytes=17547264 fd=O_DIRECT
  L2 want=17547264 slot=17547264 nbytes=17547264 fd=O_DIRECT
  L2 want=17547264 slot=17547264 nbytes=17547264 fd=O_DIRECT
  L2 want=17547264 slot=17547264 nbytes=17547264 fd=O_DIRECT
  L2 want=17547264 slot=17547264 nbytes=17547264 fd=O_DIRECT
  L2 want=17547264 slot=17547264 nbytes=17547264 fd=O_DIRECT
  L2 want=17547264 slot=17547264 nbytes=17547264 fd=O_DIRECT
  L2 want=17547264 slot=17547264 nbytes=17547264 fd=O_DIRECT
  L2 want=17547264 slot=17547264 nbytes=17547264 fd=O_DIRECT
  L2 want=17547264 slot=17547264 nbytes=17547264 fd=O_DIRECT
  L2 want=17547264 slot=17547264 nbytes=17547264 fd=O_DIRECT
  L2 want=17547264 slot=17547264 nbytes=17547264 fd=O_DIRECT
  L2 want=17547264 slot=17547264 nbytes=17547264 fd=O_DIRECT
  L2 want=17547264 slot=17547264 nbytes=17547264 fd=O_DIRECT
DBG getmany L56 nw=16 wall=0.460s thr(out)1 thr(in)16 conc_peak=16 pread=0.000s
  L2 want=17547264 slot=17547264 nbytes=17547264 fd=O_DIRECT
  L2 want=17547264 slot=17547264 nbytes=17547264 fd=O_DIRECT
  L2 want=17547264 slot=17547264 nbytes=17547264 fd=O_DIRECT
  L2 want=17547264 slot=17547264 nbytes=17547264 fd=O_DIRECT
  L2 want=17547264 slot=17547264 nbytes=17547264 fd=O_DIRECT
  L2 want=17547264 slot=17547264 nbytes=17547264 fd=O_DIRECT
  L2 want=17547264 slot=17547264 nbytes=17547264 fd=O_DIRECT
  L2 want=17547264 slot=17547264 nbytes=17547264 fd=O_DIRECT
  L2 want=17547264 slot=17547264 nbytes=17547264 fd=O_DIRECT
  L2 want=17547264 slot=17547264 nbytes=17547264 fd=O_DIRECT
  L2 want=17547264 slot=17547264 nbytes=17547264 fd=O_DIRECT
  L2 want=17547264 slot=17547264 nbytes=17547264 fd=O_DIRECT
  L2 want=17547264 slot=17547264 nbytes=17547264 fd=O_DIRECT
  L2 want=17547264 slot=17547264 nbytes=17547264 fd=O_DIRECT
  L2 want=17547264 slot=17547264 nbytes=17547264 fd=O_DIRECT
  L2 want=17547264 slot=17547264 nbytes=17547264 fd=O_DIRECT
DBG getmany L57 nw=16 wall=0.508s thr(out)1 thr(in)16 conc_peak=16 pread=0.000s
DBG getmany L58 nw=16 wall=0.393s thr(out)1 thr(in)16 conc_peak=16 pread=0.000s
DBG getmany L59 nw=16 wall=0.564s thr(out)1 thr(in)16 conc_peak=16 pread=0.000s
  L2 want=17547264 slot=17547264 nbytes=17547264 fd=O_DIRECT
  L2 want=17547264 slot=17547264 nbytes=17547264 fd=O_DIRECT
  L2 want=17547264 slot=17547264 nbytes=17547264 fd=O_DIRECT
  L2 want=17547264 slot=17547264 nbytes=17547264 fd=O_DIRECT
  L2 want=17547264 slot=17547264 nbytes=17547264 fd=O_DIRECT
  L2 want=17547264 slot=17547264 nbytes=17547264 fd=O_DIRECT
  L2 want=17547264 slot=17547264 nbytes=17547264 fd=O_DIRECT
  L2 want=17547264 slot=17547264 nbytes=17547264 fd=O_DIRECT
  L2 want=17547264 slot=17547264 nbytes=17547264 fd=O_DIRECT
  L2 want=17547264 slot=17547264 nbytes=17547264 fd=O_DIRECT
  L2 want=17547264 slot=17547264 nbytes=17547264 fd=O_DIRECT
  L2 want=17547264 slot=17547264 nbytes=17547264 fd=O_DIRECT
  L2 want=17547264 slot=17547264 nbytes=17547264 fd=O_DIRECT
  L2 want=17547264 slot=17547264 nbytes=17547264 fd=O_DIRECT
  L2 want=17547264 slot=17547264 nbytes=17547264 fd=O_DIRECT
  L2 want=17547264 slot=17547264 nbytes=17547264 fd=O_DIRECT
DBG getmany L60 nw=16 wall=0.548s thr(out)1 thr(in)16 conc_peak=16 pread=0.000s
DBG getmany L61 nw=16 wall=0.538s thr(out)1 thr(in)16 conc_peak=16 pread=0.000s
DBG getmany L62 nw=16 wall=0.402s thr(out)1 thr(in)16 conc_peak=16 pread=0.000s
  L2 want=17547264 slot=17547264 nbytes=17547264 fd=O_DIRECT
  L2 want=17547264 slot=17547264 nbytes=17547264 fd=O_DIRECT
  L2 want=17547264 slot=17547264 nbytes=17547264 fd=O_DIRECT
  L2 want=17547264 slot=17547264 nbytes=17547264 fd=O_DIRECT
  L2 want=17547264 slot=17547264 nbytes=17547264 fd=O_DIRECT
  L2 want=17547264 slot=17547264 nbytes=17547264 fd=O_DIRECT
  L2 want=17547264 slot=17547264 nbytes=17547264 fd=O_DIRECT
  L2 want=17547264 slot=17547264 nbytes=17547264 fd=O_DIRECT
  L2 want=17547264 slot=17547264 nbytes=17547264 fd=O_DIRECT
  L2 want=17547264 slot=17547264 nbytes=17547264 fd=O_DIRECT
  L2 want=17547264 slot=17547264 nbytes=17547264 fd=O_DIRECT
  L2 want=17547264 slot=17547264 nbytes=17547264 fd=O_DIRECT
  L2 want=17547264 slot=17547264 nbytes=17547264 fd=O_DIRECT
  L2 want=17547264 slot=17547264 nbytes=17547264 fd=O_DIRECT
  L2 want=17547264 slot=17547264 nbytes=17547264 fd=O_DIRECT
  L2 want=17547264 slot=17547264 nbytes=17547264 fd=O_DIRECT
DBG getmany L63 nw=16 wall=0.597s thr(out)1 thr(in)16 conc_peak=16 pread=0.000s
DBG getmany L64 nw=16 wall=0.566s thr(out)1 thr(in)16 conc_peak=16 pread=0.000s
DBG getmany L65 nw=16 wall=0.550s thr(out)1 thr(in)16 conc_peak=16 pread=0.000s
DBG getmany L66 nw=16 wall=0.413s thr(out)1 thr(in)16 conc_peak=16 pread=0.000s
  L2 want=17547264 slot=17547264 nbytes=17547264 fd=O_DIRECT
  L2 want=17547264 slot=17547264 nbytes=17547264 fd=O_DIRECT
  L2 want=17547264 slot=17547264 nbytes=17547264 fd=O_DIRECT
  L2 want=17547264 slot=17547264 nbytes=17547264 fd=O_DIRECT
  L2 want=17547264 slot=17547264 nbytes=17547264 fd=O_DIRECT
  L2 want=17547264 slot=17547264 nbytes=17547264 fd=O_DIRECT
  L2 want=17547264 slot=17547264 nbytes=17547264 fd=O_DIRECT
  L2 want=17547264 slot=17547264 nbytes=17547264 fd=O_DIRECT
  L2 want=17547264 slot=17547264 nbytes=17547264 fd=O_DIRECT
  L2 want=17547264 slot=17547264 nbytes=17547264 fd=O_DIRECT
  L2 want=17547264 slot=17547264 nbytes=17547264 fd=O_DIRECT
  L2 want=17547264 slot=17547264 nbytes=17547264 fd=O_DIRECT
  L2 want=17547264 slot=17547264 nbytes=17547264 fd=O_DIRECT
  L2 want=17547264 slot=17547264 nbytes=17547264 fd=O_DIRECT
  L2 want=17547264 slot=17547264 nbytes=17547264 fd=O_DIRECT
  L2 want=17547264 slot=17547264 nbytes=17547264 fd=O_DIRECT
DBG getmany L67 nw=16 wall=0.590s thr(out)1 thr(in)16 conc_peak=16 pread=0.000s
DBG getmany L68 nw=16 wall=0.553s thr(out)1 thr(in)16 conc_peak=16 pread=0.000s
DBG getmany L69 nw=16 wall=0.537s thr(out)1 thr(in)16 conc_peak=16 pread=0.000s
  L2 want=17547264 slot=17547264 nbytes=17547264 fd=O_DIRECT
  L2 want=17547264 slot=17547264 nbytes=17547264 fd=O_DIRECT
  L2 want=17547264 slot=17547264 nbytes=17547264 fd=O_DIRECT
  L2 want=17547264 slot=17547264 nbytes=17547264 fd=O_DIRECT
  L2 want=17547264 slot=17547264 nbytes=17547264 fd=O_DIRECT
  L2 want=17547264 slot=17547264 nbytes=17547264 fd=O_DIRECT
  L2 want=17547264 slot=17547264 nbytes=17547264 fd=O_DIRECT
  L2 want=17547264 slot=17547264 nbytes=17547264 fd=O_DIRECT
  L2 want=17547264 slot=17547264 nbytes=17547264 fd=O_DIRECT
  L2 want=17547264 slot=17547264 nbytes=17547264 fd=O_DIRECT
  L2 want=17547264 slot=17547264 nbytes=17547264 fd=O_DIRECT
  L2 want=17547264 slot=17547264 nbytes=17547264 fd=O_DIRECT
  L2 want=17547264 slot=17547264 nbytes=17547264 fd=O_DIRECT
  L2 want=17547264 slot=17547264 nbytes=17547264 fd=O_DIRECT
  L2 want=17547264 slot=17547264 nbytes=17547264 fd=O_DIRECT
  L2 want=17547264 slot=17547264 nbytes=17547264 fd=O_DIRECT
DBG getmany L70 nw=16 wall=0.388s thr(out)1 thr(in)16 conc_peak=16 pread=0.000s
  L2 want=17547264 slot=17547264 nbytes=17547264 fd=O_DIRECT
  L2 want=17547264 slot=17547264 nbytes=17547264 fd=O_DIRECT
  L2 want=17547264 slot=17547264 nbytes=17547264 fd=O_DIRECT
  L2 want=17547264 slot=17547264 nbytes=17547264 fd=O_DIRECT
  L2 want=17547264 slot=17547264 nbytes=17547264 fd=O_DIRECT
  L2 want=17547264 slot=17547264 nbytes=17547264 fd=O_DIRECT
  L2 want=17547264 slot=17547264 nbytes=17547264 fd=O_DIRECT
  L2 want=17547264 slot=17547264 nbytes=17547264 fd=O_DIRECT
  L2 want=17547264 slot=17547264 nbytes=17547264 fd=O_DIRECT
  L2 want=17547264 slot=17547264 nbytes=17547264 fd=O_DIRECT
  L2 want=17547264 slot=17547264 nbytes=17547264 fd=O_DIRECT
  L2 want=17547264 slot=17547264 nbytes=17547264 fd=O_DIRECT
  L2 want=17547264 slot=17547264 nbytes=17547264 fd=O_DIRECT
  L2 want=17547264 slot=17547264 nbytes=17547264 fd=O_DIRECT
  L2 want=17547264 slot=17547264 nbytes=17547264 fd=O_DIRECT
  L2 want=17547264 slot=17547264 nbytes=17547264 fd=O_DIRECT
DBG getmany L71 nw=16 wall=0.596s thr(out)1 thr(in)16 conc_peak=16 pread=0.000s
  L2 want=17547264 slot=17547264 nbytes=17547264 fd=O_DIRECT
  L2 want=17547264 slot=17547264 nbytes=17547264 fd=O_DIRECT
  L2 want=17547264 slot=17547264 nbytes=17547264 fd=O_DIRECT
  L2 want=17547264 slot=17547264 nbytes=17547264 fd=O_DIRECT
  L2 want=17547264 slot=17547264 nbytes=17547264 fd=O_DIRECT
  L2 want=17547264 slot=17547264 nbytes=17547264 fd=O_DIRECT
  L2 want=17547264 slot=17547264 nbytes=17547264 fd=O_DIRECT
  L2 want=17547264 slot=17547264 nbytes=17547264 fd=O_DIRECT
  L2 want=17547264 slot=17547264 nbytes=17547264 fd=O_DIRECT
  L2 want=17547264 slot=17547264 nbytes=17547264 fd=O_DIRECT
  L2 want=17547264 slot=17547264 nbytes=17547264 fd=O_DIRECT
  L2 want=17547264 slot=17547264 nbytes=17547264 fd=O_DIRECT
  L2 want=17547264 slot=17547264 nbytes=17547264 fd=O_DIRECT
  L2 want=17547264 slot=17547264 nbytes=17547264 fd=O_DIRECT
  L2 want=17547264 slot=17547264 nbytes=17547264 fd=O_DIRECT
  L2 want=17547264 slot=17547264 nbytes=17547264 fd=O_DIRECT
DBG getmany L72 nw=16 wall=0.563s thr(out)1 thr(in)16 conc_peak=16 pread=0.000s
DBG getmany L73 nw=16 wall=0.588s thr(out)1 thr(in)16 conc_peak=16 pread=0.000s
DBG getmany L74 nw=16 wall=0.424s thr(out)1 thr(in)16 conc_peak=16 pread=0.000s
  L2 want=17547264 slot=17547264 nbytes=17547264 fd=O_DIRECT
  L2 want=17547264 slot=17547264 nbytes=17547264 fd=O_DIRECT
  L2 want=17547264 slot=17547264 nbytes=17547264 fd=O_DIRECT
  L2 want=17547264 slot=17547264 nbytes=17547264 fd=O_DIRECT
  L2 want=17547264 slot=17547264 nbytes=17547264 fd=O_DIRECT
  L2 want=17547264 slot=17547264 nbytes=17547264 fd=O_DIRECT
  L2 want=17547264 slot=17547264 nbytes=17547264 fd=O_DIRECT
  L2 want=17547264 slot=17547264 nbytes=17547264 fd=O_DIRECT
  L2 want=17547264 slot=17547264 nbytes=17547264 fd=O_DIRECT
  L2 want=17547264 slot=17547264 nbytes=17547264 fd=O_DIRECT
  L2 want=17547264 slot=17547264 nbytes=17547264 fd=O_DIRECT
  L2 want=17547264 slot=17547264 nbytes=17547264 fd=O_DIRECT
  L2 want=17547264 slot=17547264 nbytes=17547264 fd=O_DIRECT
  L2 want=17547264 slot=17547264 nbytes=17547264 fd=O_DIRECT
  L2 want=17547264 slot=17547264 nbytes=17547264 fd=O_DIRECT
  L2 want=17547264 slot=17547264 nbytes=17547264 fd=O_DIRECT
DBG getmany L75 nw=16 wall=0.589s thr(out)1 thr(in)16 conc_peak=16 pread=0.000s
DBG getmany L76 nw=16 wall=0.555s thr(out)1 thr(in)16 conc_peak=16 pread=0.000s
DBG getmany L77 nw=16 wall=0.607s thr(out)1 thr(in)16 conc_peak=16 pread=0.000s
  L2 want=17547264 slot=17547264 nbytes=17547264 fd=O_DIRECT
  L2 want=17547264 slot=17547264 nbytes=17547264 fd=O_DIRECT
  L2 want=17547264 slot=17547264 nbytes=17547264 fd=O_DIRECT
  L2 want=17547264 slot=17547264 nbytes=17547264 fd=O_DIRECT
  L2 want=17547264 slot=17547264 nbytes=17547264 fd=O_DIRECT
  L2 want=17547264 slot=17547264 nbytes=17547264 fd=O_DIRECT
  L2 want=17547264 slot=17547264 nbytes=17547264 fd=O_DIRECT
  L2 want=17547264 slot=17547264 nbytes=17547264 fd=O_DIRECT
  L2 want=17547264 slot=17547264 nbytes=17547264 fd=O_DIRECT
  L2 want=17547264 slot=17547264 nbytes=17547264 fd=O_DIRECT
  L2 want=17547264 slot=17547264 nbytes=17547264 fd=O_DIRECT
  L2 want=17547264 slot=17547264 nbytes=17547264 fd=O_DIRECT
  L2 want=17547264 slot=17547264 nbytes=17547264 fd=O_DIRECT
  L2 want=17547264 slot=17547264 nbytes=17547264 fd=O_DIRECT
  L2 want=17547264 slot=17547264 nbytes=17547264 fd=O_DIRECT
  L2 want=17547264 slot=17547264 nbytes=17547264 fd=O_DIRECT
DBG getmany L78 nw=16 wall=0.596s thr(out)1 thr(in)16 conc_peak=16 pread=0.000s
  L2 want=17547264 slot=17547264 nbytes=17547264 fd=O_DIRECT
  L2 want=17547264 slot=17547264 nbytes=17547264 fd=O_DIRECT
  L2 want=17547264 slot=17547264 nbytes=17547264 fd=O_DIRECT
  L2 want=17547264 slot=17547264 nbytes=17547264 fd=O_DIRECT
  L2 want=17547264 slot=17547264 nbytes=17547264 fd=O_DIRECT
  L2 want=17547264 slot=17547264 nbytes=17547264 fd=O_DIRECT
  L2 want=17547264 slot=17547264 nbytes=17547264 fd=O_DIRECT
  L2 want=17547264 slot=17547264 nbytes=17547264 fd=O_DIRECT
  L2 want=17547264 slot=17547264 nbytes=17547264 fd=O_DIRECT
  L2 want=17547264 slot=17547264 nbytes=17547264 fd=O_DIRECT
  L2 want=17547264 slot=17547264 nbytes=17547264 fd=O_DIRECT
  L2 want=17547264 slot=17547264 nbytes=17547264 fd=O_DIRECT
  L2 want=17547264 slot=17547264 nbytes=17547264 fd=O_DIRECT
  L2 want=17547264 slot=17547264 nbytes=17547264 fd=O_DIRECT
  L2 want=17547264 slot=17547264 nbytes=17547264 fd=O_DIRECT
  L2 want=17547264 slot=17547264 nbytes=17547264 fd=O_DIRECT
DBG getmany L79 nw=16 wall=0.773s thr(out)1 thr(in)16 conc_peak=16 pread=0.000s
  L2 want=17547264 slot=17547264 nbytes=17547264 fd=O_DIRECT
  L2 want=17547264 slot=17547264 nbytes=17547264 fd=O_DIRECT
  L2 want=17547264 slot=17547264 nbytes=17547264 fd=O_DIRECT
  L2 want=17547264 slot=17547264 nbytes=17547264 fd=O_DIRECT
  L2 want=17547264 slot=17547264 nbytes=17547264 fd=O_DIRECT
  L2 want=17547264 slot=17547264 nbytes=17547264 fd=O_DIRECT
  L2 want=17547264 slot=17547264 nbytes=17547264 fd=O_DIRECT
  L2 want=17547264 slot=17547264 nbytes=17547264 fd=O_DIRECT
  L2 want=17547264 slot=17547264 nbytes=17547264 fd=O_DIRECT
  L2 want=17547264 slot=17547264 nbytes=17547264 fd=O_DIRECT
  L2 want=17547264 slot=17547264 nbytes=17547264 fd=O_DIRECT
  L2 want=17547264 slot=17547264 nbytes=17547264 fd=O_DIRECT
  L2 want=17547264 slot=17547264 nbytes=17547264 fd=O_DIRECT
  L2 want=17547264 slot=17547264 nbytes=17547264 fd=O_DIRECT
  L2 want=17547264 slot=17547264 nbytes=17547264 fd=O_DIRECT
  L2 want=17547264 slot=17547264 nbytes=17547264 fd=O_DIRECT
DBG getmany L80 nw=16 wall=0.769s thr(out)1 thr(in)16 conc_peak=16 pread=0.000s
DBG getmany L81 nw=16 wall=0.807s thr(out)1 thr(in)16 conc_peak=16 pread=0.000s
  L2 want=17547264 slot=17547264 nbytes=17547264 fd=O_DIRECT
  L2 want=17547264 slot=17547264 nbytes=17547264 fd=O_DIRECT
  L2 want=17547264 slot=17547264 nbytes=17547264 fd=O_DIRECT
  L2 want=17547264 slot=17547264 nbytes=17547264 fd=O_DIRECT
  L2 want=17547264 slot=17547264 nbytes=17547264 fd=O_DIRECT
  L2 want=17547264 slot=17547264 nbytes=17547264 fd=O_DIRECT
  L2 want=17547264 slot=17547264 nbytes=17547264 fd=O_DIRECT
  L2 want=17547264 slot=17547264 nbytes=17547264 fd=O_DIRECT
  L2 want=17547264 slot=17547264 nbytes=17547264 fd=O_DIRECT
  L2 want=17547264 slot=17547264 nbytes=17547264 fd=O_DIRECT
  L2 want=17547264 slot=17547264 nbytes=17547264 fd=O_DIRECT
  L2 want=17547264 slot=17547264 nbytes=17547264 fd=O_DIRECT
  L2 want=17547264 slot=17547264 nbytes=17547264 fd=O_DIRECT
  L2 want=17547264 slot=17547264 nbytes=17547264 fd=O_DIRECT
  L2 want=17547264 slot=17547264 nbytes=17547264 fd=O_DIRECT
  L2 want=17547264 slot=17547264 nbytes=17547264 fd=O_DIRECT
DBG getmany L82 nw=16 wall=0.561s thr(out)1 thr(in)16 conc_peak=16 pread=0.000s
DBG getmany L83 nw=16 wall=0.789s thr(out)1 thr(in)16 conc_peak=16 pread=0.000s
  L2 want=17547264 slot=17547264 nbytes=17547264 fd=O_DIRECT
  L2 want=17547264 slot=17547264 nbytes=17547264 fd=O_DIRECT
  L2 want=17547264 slot=17547264 nbytes=17547264 fd=O_DIRECT
  L2 want=17547264 slot=17547264 nbytes=17547264 fd=O_DIRECT
  L2 want=17547264 slot=17547264 nbytes=17547264 fd=O_DIRECT
  L2 want=17547264 slot=17547264 nbytes=17547264 fd=O_DIRECT
  L2 want=17547264 slot=17547264 nbytes=17547264 fd=O_DIRECT
  L2 want=17547264 slot=17547264 nbytes=17547264 fd=O_DIRECT
  L2 want=17547264 slot=17547264 nbytes=17547264 fd=O_DIRECT
  L2 want=17547264 slot=17547264 nbytes=17547264 fd=O_DIRECT
  L2 want=17547264 slot=17547264 nbytes=17547264 fd=O_DIRECT
  L2 want=17547264 slot=17547264 nbytes=17547264 fd=O_DIRECT
  L2 want=17547264 slot=17547264 nbytes=17547264 fd=O_DIRECT
  L2 want=17547264 slot=17547264 nbytes=17547264 fd=O_DIRECT
  L2 want=17547264 slot=17547264 nbytes=17547264 fd=O_DIRECT
  L2 want=17547264 slot=17547264 nbytes=17547264 fd=O_DIRECT
DBG getmany L84 nw=16 wall=0.777s thr(out)1 thr(in)16 conc_peak=16 pread=0.000s
DBG getmany L85 nw=16 wall=0.696s thr(out)1 thr(in)16 conc_peak=16 pread=0.000s
  L2 want=17547264 slot=17547264 nbytes=17547264 fd=O_DIRECT
  L2 want=17547264 slot=17547264 nbytes=17547264 fd=O_DIRECT
  L2 want=17547264 slot=17547264 nbytes=17547264 fd=O_DIRECT
  L2 want=17547264 slot=17547264 nbytes=17547264 fd=O_DIRECT
  L2 want=17547264 slot=17547264 nbytes=17547264 fd=O_DIRECT
  L2 want=17547264 slot=17547264 nbytes=17547264 fd=O_DIRECT
  L2 want=17547264 slot=17547264 nbytes=17547264 fd=O_DIRECT
  L2 want=17547264 slot=17547264 nbytes=17547264 fd=O_DIRECT
  L2 want=17547264 slot=17547264 nbytes=17547264 fd=O_DIRECT
  L2 want=17547264 slot=17547264 nbytes=17547264 fd=O_DIRECT
  L2 want=17547264 slot=17547264 nbytes=17547264 fd=O_DIRECT
  L2 want=17547264 slot=17547264 nbytes=17547264 fd=O_DIRECT
  L2 want=17547264 slot=17547264 nbytes=17547264 fd=O_DIRECT
  L2 want=17547264 slot=17547264 nbytes=17547264 fd=O_DIRECT
  L2 want=17547264 slot=17547264 nbytes=17547264 fd=O_DIRECT
  L2 want=17547264 slot=17547264 nbytes=17547264 fd=O_DIRECT
DBG getmany L86 nw=16 wall=0.589s thr(out)1 thr(in)16 conc_peak=16 pread=0.000s
  L2 want=17547264 slot=17547264 nbytes=17547264 fd=O_DIRECT
  L2 want=17547264 slot=17547264 nbytes=17547264 fd=O_DIRECT
  L2 want=17547264 slot=17547264 nbytes=17547264 fd=O_DIRECT
  L2 want=17547264 slot=17547264 nbytes=17547264 fd=O_DIRECT
  L2 want=17547264 slot=17547264 nbytes=17547264 fd=O_DIRECT
  L2 want=17547264 slot=17547264 nbytes=17547264 fd=O_DIRECT
  L2 want=17547264 slot=17547264 nbytes=17547264 fd=O_DIRECT
  L2 want=17547264 slot=17547264 nbytes=17547264 fd=O_DIRECT
  L2 want=17547264 slot=17547264 nbytes=17547264 fd=O_DIRECT
  L2 want=17547264 slot=17547264 nbytes=17547264 fd=O_DIRECT
  L2 want=17547264 slot=17547264 nbytes=17547264 fd=O_DIRECT
  L2 want=17547264 slot=17547264 nbytes=17547264 fd=O_DIRECT
  L2 want=17547264 slot=17547264 nbytes=17547264 fd=O_DIRECT
  L2 want=17547264 slot=17547264 nbytes=17547264 fd=O_DIRECT
  L2 want=17547264 slot=17547264 nbytes=17547264 fd=O_DIRECT
  L2 want=17547264 slot=17547264 nbytes=17547264 fd=O_DIRECT
DBG getmany L87 nw=16 wall=0.779s thr(out)1 thr(in)16 conc_peak=16 pread=0.000s
DBG getmany L88 nw=16 wall=0.777s thr(out)1 thr(in)16 conc_peak=16 pread=0.000s
DBG getmany L89 nw=16 wall=0.804s thr(out)1 thr(in)16 conc_peak=16 pread=0.000s
DBG getmany L90 nw=16 wall=0.596s thr(out)1 thr(in)16 conc_peak=16 pread=0.000s
  L2 want=17547264 slot=17547264 nbytes=17547264 fd=O_DIRECT
  L2 want=17547264 slot=17547264 nbytes=17547264 fd=O_DIRECT
  L2 want=17547264 slot=17547264 nbytes=17547264 fd=O_DIRECT
  L2 want=17547264 slot=17547264 nbytes=17547264 fd=O_DIRECT
  L2 want=17547264 slot=17547264 nbytes=17547264 fd=O_DIRECT
  L2 want=17547264 slot=17547264 nbytes=17547264 fd=O_DIRECT
  L2 want=17547264 slot=17547264 nbytes=17547264 fd=O_DIRECT
  L2 want=17547264 slot=17547264 nbytes=17547264 fd=O_DIRECT
  L2 want=17547264 slot=17547264 nbytes=17547264 fd=O_DIRECT
  L2 want=17547264 slot=17547264 nbytes=17547264 fd=O_DIRECT
  L2 want=17547264 slot=17547264 nbytes=17547264 fd=O_DIRECT
  L2 want=17547264 slot=17547264 nbytes=17547264 fd=O_DIRECT
  L2 want=17547264 slot=17547264 nbytes=17547264 fd=O_DIRECT
  L2 want=17547264 slot=17547264 nbytes=17547264 fd=O_DIRECT
  L2 want=17547264 slot=17547264 nbytes=17547264 fd=O_DIRECT
  L2 want=17547264 slot=17547264 nbytes=17547264 fd=O_DIRECT
DBG getmany L91 nw=16 wall=4.774s thr(out)1 thr(in)16 conc_peak=16 pread=0.000s
DBG getmany L92 nw=16 wall=5.590s thr(out)1 thr(in)16 conc_peak=16 pread=0.000s
1      802        68.83        100.0      25.83      0.015
  L2   resident=6779/14589 slots hit=100.0% read=51.66GB write=0.00GB
  L2 want=17547264 slot=17547264 nbytes=17547264 fd=O_DIRECT
  L2 want=17547264 slot=17547264 nbytes=17547264 fd=O_DIRECT
  L2 want=17547264 slot=17547264 nbytes=17547264 fd=O_DIRECT
  L2 want=17547264 slot=17547264 nbytes=17547264 fd=O_DIRECT
  L2 want=17547264 slot=17547264 nbytes=17547264 fd=O_DIRECT
  L2 want=17547264 slot=17547264 nbytes=17547264 fd=O_DIRECT
  L2 want=17547264 slot=17547264 nbytes=17547264 fd=O_DIRECT
  L2 want=17547264 slot=17547264 nbytes=17547264 fd=O_DIRECT
  L2 want=17547264 slot=17547264 nbytes=17547264 fd=O_DIRECT
  L2 want=17547264 slot=17547264 nbytes=17547264 fd=O_DIRECT
  L2 want=17547264 slot=17547264 nbytes=17547264 fd=O_DIRECT
  L2 want=17547264 slot=17547264 nbytes=17547264 fd=O_DIRECT
  L2 want=17547264 slot=17547264 nbytes=17547264 fd=O_DIRECT
  L2 want=17547264 slot=17547264 nbytes=17547264 fd=O_DIRECT
  L2 want=17547264 slot=17547264 nbytes=17547264 fd=O_DIRECT
  L2 want=17547264 slot=17547264 nbytes=17547264 fd=O_DIRECT
DBG getmany L1 nw=16 wall=1.421s thr(out)1 thr(in)16 conc_peak=16 pread=0.000s
  L2 want=17547264 slot=17547264 nbytes=17547264 fd=O_DIRECT
  L2 want=17547264 slot=17547264 nbytes=17547264 fd=O_DIRECT
  L2 want=17547264 slot=17547264 nbytes=17547264 fd=O_DIRECT
  L2 want=17547264 slot=17547264 nbytes=17547264 fd=O_DIRECT
  L2 want=17547264 slot=17547264 nbytes=17547264 fd=O_DIRECT
  L2 want=17547264 slot=17547264 nbytes=17547264 fd=O_DIRECT
  L2 want=17547264 slot=17547264 nbytes=17547264 fd=O_DIRECT
  L2 want=17547264 slot=17547264 nbytes=17547264 fd=O_DIRECT
  L2 want=17547264 slot=17547264 nbytes=17547264 fd=O_DIRECT
  L2 want=17547264 slot=17547264 nbytes=17547264 fd=O_DIRECT
  L2 want=17547264 slot=17547264 nbytes=17547264 fd=O_DIRECT
  L2 want=17547264 slot=17547264 nbytes=17547264 fd=O_DIRECT
  L2 want=17547264 slot=17547264 nbytes=17547264 fd=O_DIRECT
  L2 want=17547264 slot=17547264 nbytes=17547264 fd=O_DIRECT
  L2 want=17547264 slot=17547264 nbytes=17547264 fd=O_DIRECT
DBG getmany L2 nw=15 wall=0.240s thr(out)1 thr(in)16 conc_peak=15 pread=0.000s
  L2 want=17547264 slot=17547264 nbytes=17547264 fd=O_DIRECT
  L2 want=17547264 slot=17547264 nbytes=17547264 fd=O_DIRECT
  L2 want=17547264 slot=17547264 nbytes=17547264 fd=O_DIRECT
  L2 want=17547264 slot=17547264 nbytes=17547264 fd=O_DIRECT
  L2 want=17547264 slot=17547264 nbytes=17547264 fd=O_DIRECT
  L2 want=17547264 slot=17547264 nbytes=17547264 fd=O_DIRECT
  L2 want=17547264 slot=17547264 nbytes=17547264 fd=O_DIRECT
  L2 want=17547264 slot=17547264 nbytes=17547264 fd=O_DIRECT
  L2 want=17547264 slot=17547264 nbytes=17547264 fd=O_DIRECT
  L2 want=17547264 slot=17547264 nbytes=17547264 fd=O_DIRECT
  L2 want=17547264 slot=17547264 nbytes=17547264 fd=O_DIRECT
  L2 want=17547264 slot=17547264 nbytes=17547264 fd=O_DIRECT
  L2 want=17547264 slot=17547264 nbytes=17547264 fd=O_DIRECT
DBG getmany L3 nw=13 wall=0.208s thr(out)1 thr(in)16 conc_peak=13 pread=0.000s
  L2 want=17547264 slot=17547264 nbytes=17547264 fd=O_DIRECT
  L2 want=17547264 slot=17547264 nbytes=17547264 fd=O_DIRECT
  L2 want=17547264 slot=17547264 nbytes=17547264 fd=O_DIRECT
  L2 want=17547264 slot=17547264 nbytes=17547264 fd=O_DIRECT
  L2 want=17547264 slot=17547264 nbytes=17547264 fd=O_DIRECT
  L2 want=17547264 slot=17547264 nbytes=17547264 fd=O_DIRECT
  L2 want=17547264 slot=17547264 nbytes=17547264 fd=O_DIRECT
  L2 want=17547264 slot=17547264 nbytes=17547264 fd=O_DIRECT
  L2 want=17547264 slot=17547264 nbytes=17547264 fd=O_DIRECT
  L2 want=17547264 slot=17547264 nbytes=17547264 fd=O_DIRECT
  L2 want=17547264 slot=17547264 nbytes=17547264 fd=O_DIRECT
  L2 want=17547264 slot=17547264 nbytes=17547264 fd=O_DIRECT
  L2 want=17547264 slot=17547264 nbytes=17547264 fd=O_DIRECT
  L2 want=17547264 slot=17547264 nbytes=17547264 fd=O_DIRECT
  L2 want=17547264 slot=17547264 nbytes=17547264 fd=O_DIRECT
DBG getmany L4 nw=15 wall=0.235s thr(out)1 thr(in)16 conc_peak=15 pread=0.000s
  L2 want=17547264 slot=17547264 nbytes=17547264 fd=O_DIRECT
  L2 want=17547264 slot=17547264 nbytes=17547264 fd=O_DIRECT
  L2 want=17547264 slot=17547264 nbytes=17547264 fd=O_DIRECT
  L2 want=17547264 slot=17547264 nbytes=17547264 fd=O_DIRECT
  L2 want=17547264 slot=17547264 nbytes=17547264 fd=O_DIRECT
  L2 want=17547264 slot=17547264 nbytes=17547264 fd=O_DIRECT
  L2 want=17547264 slot=17547264 nbytes=17547264 fd=O_DIRECT
  L2 want=17547264 slot=17547264 nbytes=17547264 fd=O_DIRECT
  L2 want=17547264 slot=17547264 nbytes=17547264 fd=O_DIRECT
  L2 want=17547264 slot=17547264 nbytes=17547264 fd=O_DIRECT
  L2 want=17547264 slot=17547264 nbytes=17547264 fd=O_DIRECT
  L2 want=17547264 slot=17547264 nbytes=17547264 fd=O_DIRECT
  L2 want=17547264 slot=17547264 nbytes=17547264 fd=O_DIRECT
  L2 want=17547264 slot=17547264 nbytes=17547264 fd=O_DIRECT
  L2 want=17547264 slot=17547264 nbytes=17547264 fd=O_DIRECT
  L2 want=17547264 slot=17547264 nbytes=17547264 fd=O_DIRECT
DBG getmany L5 nw=16 wall=0.245s thr(out)1 thr(in)16 conc_peak=16 pread=0.000s
  L2 want=17547264 slot=17547264 nbytes=17547264 fd=O_DIRECT
  L2 want=17547264 slot=17547264 nbytes=17547264 fd=O_DIRECT
  L2 want=17547264 slot=17547264 nbytes=17547264 fd=O_DIRECT
  L2 want=17547264 slot=17547264 nbytes=17547264 fd=O_DIRECT
  L2 want=17547264 slot=17547264 nbytes=17547264 fd=O_DIRECT
  L2 want=17547264 slot=17547264 nbytes=17547264 fd=O_DIRECT
  L2 want=17547264 slot=17547264 nbytes=17547264 fd=O_DIRECT
  L2 want=17547264 slot=17547264 nbytes=17547264 fd=O_DIRECT
  L2 want=17547264 slot=17547264 nbytes=17547264 fd=O_DIRECT
  L2 want=17547264 slot=17547264 nbytes=17547264 fd=O_DIRECT
  L2 want=17547264 slot=17547264 nbytes=17547264 fd=O_DIRECT
  L2 want=17547264 slot=17547264 nbytes=17547264 fd=O_DIRECT
  L2 want=17547264 slot=17547264 nbytes=17547264 fd=O_DIRECT
  L2 want=17547264 slot=17547264 nbytes=17547264 fd=O_DIRECT
  L2 want=17547264 slot=17547264 nbytes=17547264 fd=O_DIRECT
DBG getmany L6 nw=15 wall=0.239s thr(out)1 thr(in)16 conc_peak=15 pread=0.000s
  L2 want=17547264 slot=17547264 nbytes=17547264 fd=O_DIRECT
  L2 want=17547264 slot=17547264 nbytes=17547264 fd=O_DIRECT
  L2 want=17547264 slot=17547264 nbytes=17547264 fd=O_DIRECT
  L2 want=17547264 slot=17547264 nbytes=17547264 fd=O_DIRECT
  L2 want=17547264 slot=17547264 nbytes=17547264 fd=O_DIRECT
  L2 want=17547264 slot=17547264 nbytes=17547264 fd=O_DIRECT
  L2 want=17547264 slot=17547264 nbytes=17547264 fd=O_DIRECT
  L2 want=17547264 slot=17547264 nbytes=17547264 fd=O_DIRECT
  L2 want=17547264 slot=17547264 nbytes=17547264 fd=O_DIRECT
  L2 want=17547264 slot=17547264 nbytes=17547264 fd=O_DIRECT
  L2 want=17547264 slot=17547264 nbytes=17547264 fd=O_DIRECT
  L2 want=17547264 slot=17547264 nbytes=17547264 fd=O_DIRECT
  L2 want=17547264 slot=17547264 nbytes=17547264 fd=O_DIRECT
  L2 want=17547264 slot=17547264 nbytes=17547264 fd=O_DIRECT
  L2 want=17547264 slot=17547264 nbytes=17547264 fd=O_DIRECT
DBG getmany L7 nw=15 wall=0.222s thr(out)1 thr(in)16 conc_peak=15 pread=0.000s
  L2 want=17547264 slot=17547264 nbytes=17547264 fd=O_DIRECT
  L2 want=17547264 slot=17547264 nbytes=17547264 fd=O_DIRECT
  L2 want=17547264 slot=17547264 nbytes=17547264 fd=O_DIRECT
  L2 want=17547264 slot=17547264 nbytes=17547264 fd=O_DIRECT
  L2 want=17547264 slot=17547264 nbytes=17547264 fd=O_DIRECT
  L2 want=17547264 slot=17547264 nbytes=17547264 fd=O_DIRECT
  L2 want=17547264 slot=17547264 nbytes=17547264 fd=O_DIRECT
  L2 want=17547264 slot=17547264 nbytes=17547264 fd=O_DIRECT
  L2 want=17547264 slot=17547264 nbytes=17547264 fd=O_DIRECT
  L2 want=17547264 slot=17547264 nbytes=17547264 fd=O_DIRECT
  L2 want=17547264 slot=17547264 nbytes=17547264 fd=O_DIRECT
  L2 want=17547264 slot=17547264 nbytes=17547264 fd=O_DIRECT
  L2 want=17547264 slot=17547264 nbytes=17547264 fd=O_DIRECT
  L2 want=17547264 slot=17547264 nbytes=17547264 fd=O_DIRECT
  L2 want=17547264 slot=17547264 nbytes=17547264 fd=O_DIRECT
  L2 want=17547264 slot=17547264 nbytes=17547264 fd=O_DIRECT
DBG getmany L8 nw=16 wall=0.234s thr(out)1 thr(in)16 conc_peak=16 pread=0.000s
  L2 want=17547264 slot=17547264 nbytes=17547264 fd=O_DIRECT
  L2 want=17547264 slot=17547264 nbytes=17547264 fd=O_DIRECT
  L2 want=17547264 slot=17547264 nbytes=17547264 fd=O_DIRECT
  L2 want=17547264 slot=17547264 nbytes=17547264 fd=O_DIRECT
  L2 want=17547264 slot=17547264 nbytes=17547264 fd=O_DIRECT
  L2 want=17547264 slot=17547264 nbytes=17547264 fd=O_DIRECT
  L2 want=17547264 slot=17547264 nbytes=17547264 fd=O_DIRECT
  L2 want=17547264 slot=17547264 nbytes=17547264 fd=O_DIRECT
  L2 want=17547264 slot=17547264 nbytes=17547264 fd=O_DIRECT
  L2 want=17547264 slot=17547264 nbytes=17547264 fd=O_DIRECT
  L2 want=17547264 slot=17547264 nbytes=17547264 fd=O_DIRECT
  L2 want=17547264 slot=17547264 nbytes=17547264 fd=O_DIRECT
  L2 want=17547264 slot=17547264 nbytes=17547264 fd=O_DIRECT
  L2 want=17547264 slot=17547264 nbytes=17547264 fd=O_DIRECT
  L2 want=17547264 slot=17547264 nbytes=17547264 fd=O_DIRECT
DBG getmany L9 nw=15 wall=0.215s thr(out)1 thr(in)16 conc_peak=15 pread=0.000s
DBG getmany L10 nw=15 wall=0.218s thr(out)1 thr(in)16 conc_peak=15 pread=0.000s
DBG getmany L11 nw=15 wall=0.222s thr(out)1 thr(in)16 conc_peak=15 pread=0.000s
DBG getmany L12 nw=15 wall=0.222s thr(out)1 thr(in)16 conc_peak=15 pread=0.000s
DBG getmany L13 nw=16 wall=0.246s thr(out)1 thr(in)16 conc_peak=16 pread=0.000s
DBG getmany L14 nw=15 wall=0.225s thr(out)1 thr(in)16 conc_peak=15 pread=0.000s
  L2 want=17547264 slot=17547264 nbytes=17547264 fd=O_DIRECT
  L2 want=17547264 slot=17547264 nbytes=17547264 fd=O_DIRECT
  L2 want=17547264 slot=17547264 nbytes=17547264 fd=O_DIRECT
  L2 want=17547264 slot=17547264 nbytes=17547264 fd=O_DIRECT
  L2 want=17547264 slot=17547264 nbytes=17547264 fd=O_DIRECT
  L2 want=17547264 slot=17547264 nbytes=17547264 fd=O_DIRECT
  L2 want=17547264 slot=17547264 nbytes=17547264 fd=O_DIRECT
  L2 want=17547264 slot=17547264 nbytes=17547264 fd=O_DIRECT
  L2 want=17547264 slot=17547264 nbytes=17547264 fd=O_DIRECT
  L2 want=17547264 slot=17547264 nbytes=17547264 fd=O_DIRECT
  L2 want=17547264 slot=17547264 nbytes=17547264 fd=O_DIRECT
  L2 want=17547264 slot=17547264 nbytes=17547264 fd=O_DIRECT
  L2 want=17547264 slot=17547264 nbytes=17547264 fd=O_DIRECT
  L2 want=17547264 slot=17547264 nbytes=17547264 fd=O_DIRECT
  L2 want=17547264 slot=17547264 nbytes=17547264 fd=O_DIRECT
  L2 want=17547264 slot=17547264 nbytes=17547264 fd=O_DIRECT
DBG getmany L15 nw=16 wall=0.242s thr(out)1 thr(in)16 conc_peak=16 pread=0.000s
  L2 want=17547264 slot=17547264 nbytes=17547264 fd=O_DIRECT
  L2 want=17547264 slot=17547264 nbytes=17547264 fd=O_DIRECT
  L2 want=17547264 slot=17547264 nbytes=17547264 fd=O_DIRECT
  L2 want=17547264 slot=17547264 nbytes=17547264 fd=O_DIRECT
  L2 want=17547264 slot=17547264 nbytes=17547264 fd=O_DIRECT
  L2 want=17547264 slot=17547264 nbytes=17547264 fd=O_DIRECT
  L2 want=17547264 slot=17547264 nbytes=17547264 fd=O_DIRECT
  L2 want=17547264 slot=17547264 nbytes=17547264 fd=O_DIRECT
  L2 want=17547264 slot=17547264 nbytes=17547264 fd=O_DIRECT
  L2 want=17547264 slot=17547264 nbytes=17547264 fd=O_DIRECT
  L2 want=17547264 slot=17547264 nbytes=17547264 fd=O_DIRECT
  L2 want=17547264 slot=17547264 nbytes=17547264 fd=O_DIRECT
  L2 want=17547264 slot=17547264 nbytes=17547264 fd=O_DIRECT
  L2 want=17547264 slot=17547264 nbytes=17547264 fd=O_DIRECT
  L2 want=17547264 slot=17547264 nbytes=17547264 fd=O_DIRECT
DBG getmany L16 nw=15 wall=0.225s thr(out)1 thr(in)16 conc_peak=15 pread=0.000s
  L2 want=17547264 slot=17547264 nbytes=17547264 fd=O_DIRECT
  L2 want=17547264 slot=17547264 nbytes=17547264 fd=O_DIRECT
  L2 want=17547264 slot=17547264 nbytes=17547264 fd=O_DIRECT
  L2 want=17547264 slot=17547264 nbytes=17547264 fd=O_DIRECT
  L2 want=17547264 slot=17547264 nbytes=17547264 fd=O_DIRECT
  L2 want=17547264 slot=17547264 nbytes=17547264 fd=O_DIRECT
  L2 want=17547264 slot=17547264 nbytes=17547264 fd=O_DIRECT
  L2 want=17547264 slot=17547264 nbytes=17547264 fd=O_DIRECT
  L2 want=17547264 slot=17547264 nbytes=17547264 fd=O_DIRECT
  L2 want=17547264 slot=17547264 nbytes=17547264 fd=O_DIRECT
  L2 want=17547264 slot=17547264 nbytes=17547264 fd=O_DIRECT
  L2 want=17547264 slot=17547264 nbytes=17547264 fd=O_DIRECT
  L2 want=17547264 slot=17547264 nbytes=17547264 fd=O_DIRECT
  L2 want=17547264 slot=17547264 nbytes=17547264 fd=O_DIRECT
  L2 want=17547264 slot=17547264 nbytes=17547264 fd=O_DIRECT
  L2 want=17547264 slot=17547264 nbytes=17547264 fd=O_DIRECT
DBG getmany L17 nw=16 wall=0.239s thr(out)1 thr(in)16 conc_peak=16 pread=0.000s
  L2 want=17547264 slot=17547264 nbytes=17547264 fd=O_DIRECT
  L2 want=17547264 slot=17547264 nbytes=17547264 fd=O_DIRECT
  L2 want=17547264 slot=17547264 nbytes=17547264 fd=O_DIRECT
  L2 want=17547264 slot=17547264 nbytes=17547264 fd=O_DIRECT
  L2 want=17547264 slot=17547264 nbytes=17547264 fd=O_DIRECT
  L2 want=17547264 slot=17547264 nbytes=17547264 fd=O_DIRECT
  L2 want=17547264 slot=17547264 nbytes=17547264 fd=O_DIRECT
  L2 want=17547264 slot=17547264 nbytes=17547264 fd=O_DIRECT
  L2 want=17547264 slot=17547264 nbytes=17547264 fd=O_DIRECT
  L2 want=17547264 slot=17547264 nbytes=17547264 fd=O_DIRECT
  L2 want=17547264 slot=17547264 nbytes=17547264 fd=O_DIRECT
  L2 want=17547264 slot=17547264 nbytes=17547264 fd=O_DIRECT
  L2 want=17547264 slot=17547264 nbytes=17547264 fd=O_DIRECT
  L2 want=17547264 slot=17547264 nbytes=17547264 fd=O_DIRECT
  L2 want=17547264 slot=17547264 nbytes=17547264 fd=O_DIRECT
  L2 want=17547264 slot=17547264 nbytes=17547264 fd=O_DIRECT
DBG getmany L18 nw=16 wall=0.271s thr(out)1 thr(in)16 conc_peak=16 pread=0.000s
DBG getmany L19 nw=16 wall=0.246s thr(out)1 thr(in)16 conc_peak=16 pread=0.000s
DBG getmany L20 nw=16 wall=0.236s thr(out)1 thr(in)16 conc_peak=16 pread=0.000s
  L2 want=17547264 slot=17547264 nbytes=17547264 fd=O_DIRECT
  L2 want=17547264 slot=17547264 nbytes=17547264 fd=O_DIRECT
  L2 want=17547264 slot=17547264 nbytes=17547264 fd=O_DIRECT
  L2 want=17547264 slot=17547264 nbytes=17547264 fd=O_DIRECT
  L2 want=17547264 slot=17547264 nbytes=17547264 fd=O_DIRECT
  L2 want=17547264 slot=17547264 nbytes=17547264 fd=O_DIRECT
  L2 want=17547264 slot=17547264 nbytes=17547264 fd=O_DIRECT
  L2 want=17547264 slot=17547264 nbytes=17547264 fd=O_DIRECT
  L2 want=17547264 slot=17547264 nbytes=17547264 fd=O_DIRECT
  L2 want=17547264 slot=17547264 nbytes=17547264 fd=O_DIRECT
  L2 want=17547264 slot=17547264 nbytes=17547264 fd=O_DIRECT
  L2 want=17547264 slot=17547264 nbytes=17547264 fd=O_DIRECT
  L2 want=17547264 slot=17547264 nbytes=17547264 fd=O_DIRECT
  L2 want=17547264 slot=17547264 nbytes=17547264 fd=O_DIRECT
  L2 want=17547264 slot=17547264 nbytes=17547264 fd=O_DIRECT
  L2 want=17547264 slot=17547264 nbytes=17547264 fd=O_DIRECT
DBG getmany L21 nw=16 wall=0.767s thr(out)1 thr(in)16 conc_peak=16 pread=0.000s
  L2 want=17547264 slot=17547264 nbytes=17547264 fd=O_DIRECT
  L2 want=17547264 slot=17547264 nbytes=17547264 fd=O_DIRECT
  L2 want=17547264 slot=17547264 nbytes=17547264 fd=O_DIRECT
  L2 want=17547264 slot=17547264 nbytes=17547264 fd=O_DIRECT
  L2 want=17547264 slot=17547264 nbytes=17547264 fd=O_DIRECT
  L2 want=17547264 slot=17547264 nbytes=17547264 fd=O_DIRECT
  L2 want=17547264 slot=17547264 nbytes=17547264 fd=O_DIRECT
  L2 want=17547264 slot=17547264 nbytes=17547264 fd=O_DIRECT
  L2 want=17547264 slot=17547264 nbytes=17547264 fd=O_DIRECT
  L2 want=17547264 slot=17547264 nbytes=17547264 fd=O_DIRECT
  L2 want=17547264 slot=17547264 nbytes=17547264 fd=O_DIRECT
  L2 want=17547264 slot=17547264 nbytes=17547264 fd=O_DIRECT
  L2 want=17547264 slot=17547264 nbytes=17547264 fd=O_DIRECT
  L2 want=17547264 slot=17547264 nbytes=17547264 fd=O_DIRECT
  L2 want=17547264 slot=17547264 nbytes=17547264 fd=O_DIRECT
  L2 want=17547264 slot=17547264 nbytes=17547264 fd=O_DIRECT
DBG getmany L22 nw=16 wall=0.589s thr(out)1 thr(in)16 conc_peak=16 pread=0.000s
DBG getmany L23 nw=15 wall=0.622s thr(out)1 thr(in)16 conc_peak=15 pread=0.000s
DBG getmany L24 nw=13 wall=0.790s thr(out)1 thr(in)16 conc_peak=13 pread=0.000s
DBG getmany L25 nw=15 wall=0.787s thr(out)1 thr(in)16 conc_peak=15 pread=0.000s
  L2 want=17547264 slot=17547264 nbytes=17547264 fd=O_DIRECT
  L2 want=17547264 slot=17547264 nbytes=17547264 fd=O_DIRECT
  L2 want=17547264 slot=17547264 nbytes=17547264 fd=O_DIRECT
  L2 want=17547264 slot=17547264 nbytes=17547264 fd=O_DIRECT
  L2 want=17547264 slot=17547264 nbytes=17547264 fd=O_DIRECT
  L2 want=17547264 slot=17547264 nbytes=17547264 fd=O_DIRECT
  L2 want=17547264 slot=17547264 nbytes=17547264 fd=O_DIRECT
  L2 want=17547264 slot=17547264 nbytes=17547264 fd=O_DIRECT
  L2 want=17547264 slot=17547264 nbytes=17547264 fd=O_DIRECT
  L2 want=17547264 slot=17547264 nbytes=17547264 fd=O_DIRECT
  L2 want=17547264 slot=17547264 nbytes=17547264 fd=O_DIRECT
  L2 want=17547264 slot=17547264 nbytes=17547264 fd=O_DIRECT
  L2 want=17547264 slot=17547264 nbytes=17547264 fd=O_DIRECT
  L2 want=17547264 slot=17547264 nbytes=17547264 fd=O_DIRECT
  L2 want=17547264 slot=17547264 nbytes=17547264 fd=O_DIRECT
DBG getmany L26 nw=15 wall=0.586s thr(out)1 thr(in)16 conc_peak=15 pread=0.000s
  L2 want=17547264 slot=17547264 nbytes=17547264 fd=O_DIRECT
  L2 want=17547264 slot=17547264 nbytes=17547264 fd=O_DIRECT
  L2 want=17547264 slot=17547264 nbytes=17547264 fd=O_DIRECT
  L2 want=17547264 slot=17547264 nbytes=17547264 fd=O_DIRECT
  L2 want=17547264 slot=17547264 nbytes=17547264 fd=O_DIRECT
  L2 want=17547264 slot=17547264 nbytes=17547264 fd=O_DIRECT
  L2 want=17547264 slot=17547264 nbytes=17547264 fd=O_DIRECT
  L2 want=17547264 slot=17547264 nbytes=17547264 fd=O_DIRECT
  L2 want=17547264 slot=17547264 nbytes=17547264 fd=O_DIRECT
  L2 want=17547264 slot=17547264 nbytes=17547264 fd=O_DIRECT
  L2 want=17547264 slot=17547264 nbytes=17547264 fd=O_DIRECT
  L2 want=17547264 slot=17547264 nbytes=17547264 fd=O_DIRECT
  L2 want=17547264 slot=17547264 nbytes=17547264 fd=O_DIRECT
  L2 want=17547264 slot=17547264 nbytes=17547264 fd=O_DIRECT
  L2 want=17547264 slot=17547264 nbytes=17547264 fd=O_DIRECT
  L2 want=17547264 slot=17547264 nbytes=17547264 fd=O_DIRECT
DBG getmany L27 nw=16 wall=0.737s thr(out)1 thr(in)16 conc_peak=16 pread=0.000s
DBG getmany L28 nw=15 wall=0.717s thr(out)1 thr(in)16 conc_peak=15 pread=0.000s
  L2 want=17547264 slot=17547264 nbytes=17547264 fd=O_DIRECT
  L2 want=17547264 slot=17547264 nbytes=17547264 fd=O_DIRECT
  L2 want=17547264 slot=17547264 nbytes=17547264 fd=O_DIRECT
  L2 want=17547264 slot=17547264 nbytes=17547264 fd=O_DIRECT
  L2 want=17547264 slot=17547264 nbytes=17547264 fd=O_DIRECT
  L2 want=17547264 slot=17547264 nbytes=17547264 fd=O_DIRECT
  L2 want=17547264 slot=17547264 nbytes=17547264 fd=O_DIRECT
  L2 want=17547264 slot=17547264 nbytes=17547264 fd=O_DIRECT
  L2 want=17547264 slot=17547264 nbytes=17547264 fd=O_DIRECT
  L2 want=17547264 slot=17547264 nbytes=17547264 fd=O_DIRECT
  L2 want=17547264 slot=17547264 nbytes=17547264 fd=O_DIRECT
  L2 want=17547264 slot=17547264 nbytes=17547264 fd=O_DIRECT
  L2 want=17547264 slot=17547264 nbytes=17547264 fd=O_DIRECT
  L2 want=17547264 slot=17547264 nbytes=17547264 fd=O_DIRECT
  L2 want=17547264 slot=17547264 nbytes=17547264 fd=O_DIRECT
  L2 want=17547264 slot=17547264 nbytes=17547264 fd=O_DIRECT
DBG getmany L29 nw=16 wall=0.772s thr(out)1 thr(in)16 conc_peak=16 pread=0.000s
  L2 want=17547264 slot=17547264 nbytes=17547264 fd=O_DIRECT
  L2 want=17547264 slot=17547264 nbytes=17547264 fd=O_DIRECT
  L2 want=17547264 slot=17547264 nbytes=17547264 fd=O_DIRECT
  L2 want=17547264 slot=17547264 nbytes=17547264 fd=O_DIRECT
  L2 want=17547264 slot=17547264 nbytes=17547264 fd=O_DIRECT
  L2 want=17547264 slot=17547264 nbytes=17547264 fd=O_DIRECT
  L2 want=17547264 slot=17547264 nbytes=17547264 fd=O_DIRECT
  L2 want=17547264 slot=17547264 nbytes=17547264 fd=O_DIRECT
  L2 want=17547264 slot=17547264 nbytes=17547264 fd=O_DIRECT
  L2 want=17547264 slot=17547264 nbytes=17547264 fd=O_DIRECT
  L2 want=17547264 slot=17547264 nbytes=17547264 fd=O_DIRECT
  L2 want=17547264 slot=17547264 nbytes=17547264 fd=O_DIRECT
  L2 want=17547264 slot=17547264 nbytes=17547264 fd=O_DIRECT
  L2 want=17547264 slot=17547264 nbytes=17547264 fd=O_DIRECT
  L2 want=17547264 slot=17547264 nbytes=17547264 fd=O_DIRECT
  L2 want=17547264 slot=17547264 nbytes=17547264 fd=O_DIRECT
DBG getmany L30 nw=16 wall=0.594s thr(out)1 thr(in)16 conc_peak=16 pread=0.000s
  L2 want=17547264 slot=17547264 nbytes=17547264 fd=O_DIRECT
  L2 want=17547264 slot=17547264 nbytes=17547264 fd=O_DIRECT
  L2 want=17547264 slot=17547264 nbytes=17547264 fd=O_DIRECT
  L2 want=17547264 slot=17547264 nbytes=17547264 fd=O_DIRECT
  L2 want=17547264 slot=17547264 nbytes=17547264 fd=O_DIRECT
  L2 want=17547264 slot=17547264 nbytes=17547264 fd=O_DIRECT
  L2 want=17547264 slot=17547264 nbytes=17547264 fd=O_DIRECT
  L2 want=17547264 slot=17547264 nbytes=17547264 fd=O_DIRECT
  L2 want=17547264 slot=17547264 nbytes=17547264 fd=O_DIRECT
  L2 want=17547264 slot=17547264 nbytes=17547264 fd=O_DIRECT
  L2 want=17547264 slot=17547264 nbytes=17547264 fd=O_DIRECT
  L2 want=17547264 slot=17547264 nbytes=17547264 fd=O_DIRECT
  L2 want=17547264 slot=17547264 nbytes=17547264 fd=O_DIRECT
  L2 want=17547264 slot=17547264 nbytes=17547264 fd=O_DIRECT
  L2 want=17547264 slot=17547264 nbytes=17547264 fd=O_DIRECT
  L2 want=17547264 slot=17547264 nbytes=17547264 fd=O_DIRECT
DBG getmany L31 nw=16 wall=0.775s thr(out)1 thr(in)16 conc_peak=16 pread=0.000s
  L2 want=17547264 slot=17547264 nbytes=17547264 fd=O_DIRECT
  L2 want=17547264 slot=17547264 nbytes=17547264 fd=O_DIRECT
  L2 want=17547264 slot=17547264 nbytes=17547264 fd=O_DIRECT
  L2 want=17547264 slot=17547264 nbytes=17547264 fd=O_DIRECT
  L2 want=17547264 slot=17547264 nbytes=17547264 fd=O_DIRECT
  L2 want=17547264 slot=17547264 nbytes=17547264 fd=O_DIRECT
  L2 want=17547264 slot=17547264 nbytes=17547264 fd=O_DIRECT
  L2 want=17547264 slot=17547264 nbytes=17547264 fd=O_DIRECT
  L2 want=17547264 slot=17547264 nbytes=17547264 fd=O_DIRECT
  L2 want=17547264 slot=17547264 nbytes=17547264 fd=O_DIRECT
  L2 want=17547264 slot=17547264 nbytes=17547264 fd=O_DIRECT
  L2 want=17547264 slot=17547264 nbytes=17547264 fd=O_DIRECT
  L2 want=17547264 slot=17547264 nbytes=17547264 fd=O_DIRECT
  L2 want=17547264 slot=17547264 nbytes=17547264 fd=O_DIRECT
DBG getmany L32 nw=14 wall=0.739s thr(out)1 thr(in)16 conc_peak=14 pread=0.000s
  L2 want=17547264 slot=17547264 nbytes=17547264 fd=O_DIRECT
  L2 want=17547264 slot=17547264 nbytes=17547264 fd=O_DIRECT
  L2 want=17547264 slot=17547264 nbytes=17547264 fd=O_DIRECT
  L2 want=17547264 slot=17547264 nbytes=17547264 fd=O_DIRECT
  L2 want=17547264 slot=17547264 nbytes=17547264 fd=O_DIRECT
  L2 want=17547264 slot=17547264 nbytes=17547264 fd=O_DIRECT
  L2 want=17547264 slot=17547264 nbytes=17547264 fd=O_DIRECT
  L2 want=17547264 slot=17547264 nbytes=17547264 fd=O_DIRECT
  L2 want=17547264 slot=17547264 nbytes=17547264 fd=O_DIRECT
  L2 want=17547264 slot=17547264 nbytes=17547264 fd=O_DIRECT
  L2 want=17547264 slot=17547264 nbytes=17547264 fd=O_DIRECT
  L2 want=17547264 slot=17547264 nbytes=17547264 fd=O_DIRECT
  L2 want=17547264 slot=17547264 nbytes=17547264 fd=O_DIRECT
  L2 want=17547264 slot=17547264 nbytes=17547264 fd=O_DIRECT
  L2 want=17547264 slot=17547264 nbytes=17547264 fd=O_DIRECT
DBG getmany L33 nw=15 wall=0.828s thr(out)1 thr(in)16 conc_peak=15 pread=0.000s
DBG getmany L34 nw=16 wall=0.609s thr(out)1 thr(in)16 conc_peak=16 pread=0.000s
  L2 want=17547264 slot=17547264 nbytes=17547264 fd=O_DIRECT
  L2 want=17547264 slot=17547264 nbytes=17547264 fd=O_DIRECT
  L2 want=17547264 slot=17547264 nbytes=17547264 fd=O_DIRECT
  L2 want=17547264 slot=17547264 nbytes=17547264 fd=O_DIRECT
  L2 want=17547264 slot=17547264 nbytes=17547264 fd=O_DIRECT
  L2 want=17547264 slot=17547264 nbytes=17547264 fd=O_DIRECT
  L2 want=17547264 slot=17547264 nbytes=17547264 fd=O_DIRECT
  L2 want=17547264 slot=17547264 nbytes=17547264 fd=O_DIRECT
  L2 want=17547264 slot=17547264 nbytes=17547264 fd=O_DIRECT
  L2 want=17547264 slot=17547264 nbytes=17547264 fd=O_DIRECT
  L2 want=17547264 slot=17547264 nbytes=17547264 fd=O_DIRECT
  L2 want=17547264 slot=17547264 nbytes=17547264 fd=O_DIRECT
  L2 want=17547264 slot=17547264 nbytes=17547264 fd=O_DIRECT
  L2 want=17547264 slot=17547264 nbytes=17547264 fd=O_DIRECT
  L2 want=17547264 slot=17547264 nbytes=17547264 fd=O_DIRECT
  L2 want=17547264 slot=17547264 nbytes=17547264 fd=O_DIRECT
DBG getmany L35 nw=16 wall=0.716s thr(out)1 thr(in)16 conc_peak=16 pread=0.000s
DBG getmany L36 nw=14 wall=0.758s thr(out)1 thr(in)16 conc_peak=14 pread=0.000s
DBG getmany L37 nw=16 wall=0.782s thr(out)1 thr(in)16 conc_peak=16 pread=0.000s
  L2 want=17547264 slot=17547264 nbytes=17547264 fd=O_DIRECT
  L2 want=17547264 slot=17547264 nbytes=17547264 fd=O_DIRECT
  L2 want=17547264 slot=17547264 nbytes=17547264 fd=O_DIRECT
  L2 want=17547264 slot=17547264 nbytes=17547264 fd=O_DIRECT
  L2 want=17547264 slot=17547264 nbytes=17547264 fd=O_DIRECT
  L2 want=17547264 slot=17547264 nbytes=17547264 fd=O_DIRECT
  L2 want=17547264 slot=17547264 nbytes=17547264 fd=O_DIRECT
  L2 want=17547264 slot=17547264 nbytes=17547264 fd=O_DIRECT
  L2 want=17547264 slot=17547264 nbytes=17547264 fd=O_DIRECT
  L2 want=17547264 slot=17547264 nbytes=17547264 fd=O_DIRECT
  L2 want=17547264 slot=17547264 nbytes=17547264 fd=O_DIRECT
  L2 want=17547264 slot=17547264 nbytes=17547264 fd=O_DIRECT
  L2 want=17547264 slot=17547264 nbytes=17547264 fd=O_DIRECT
  L2 want=17547264 slot=17547264 nbytes=17547264 fd=O_DIRECT
  L2 want=17547264 slot=17547264 nbytes=17547264 fd=O_DIRECT
  L2 want=17547264 slot=17547264 nbytes=17547264 fd=O_DIRECT
DBG getmany L38 nw=16 wall=0.558s thr(out)1 thr(in)16 conc_peak=16 pread=0.000s
  L2 want=17547264 slot=17547264 nbytes=17547264 fd=O_DIRECT
  L2 want=17547264 slot=17547264 nbytes=17547264 fd=O_DIRECT
  L2 want=17547264 slot=17547264 nbytes=17547264 fd=O_DIRECT
  L2 want=17547264 slot=17547264 nbytes=17547264 fd=O_DIRECT
  L2 want=17547264 slot=17547264 nbytes=17547264 fd=O_DIRECT
  L2 want=17547264 slot=17547264 nbytes=17547264 fd=O_DIRECT
  L2 want=17547264 slot=17547264 nbytes=17547264 fd=O_DIRECT
  L2 want=17547264 slot=17547264 nbytes=17547264 fd=O_DIRECT
  L2 want=17547264 slot=17547264 nbytes=17547264 fd=O_DIRECT
  L2 want=17547264 slot=17547264 nbytes=17547264 fd=O_DIRECT
  L2 want=17547264 slot=17547264 nbytes=17547264 fd=O_DIRECT
  L2 want=17547264 slot=17547264 nbytes=17547264 fd=O_DIRECT
  L2 want=17547264 slot=17547264 nbytes=17547264 fd=O_DIRECT
  L2 want=17547264 slot=17547264 nbytes=17547264 fd=O_DIRECT
  L2 want=17547264 slot=17547264 nbytes=17547264 fd=O_DIRECT
  L2 want=17547264 slot=17547264 nbytes=17547264 fd=O_DIRECT
DBG getmany L39 nw=16 wall=0.767s thr(out)1 thr(in)16 conc_peak=16 pread=0.000s
  L2 want=17547264 slot=17547264 nbytes=17547264 fd=O_DIRECT
  L2 want=17547264 slot=17547264 nbytes=17547264 fd=O_DIRECT
  L2 want=17547264 slot=17547264 nbytes=17547264 fd=O_DIRECT
  L2 want=17547264 slot=17547264 nbytes=17547264 fd=O_DIRECT
  L2 want=17547264 slot=17547264 nbytes=17547264 fd=O_DIRECT
  L2 want=17547264 slot=17547264 nbytes=17547264 fd=O_DIRECT
  L2 want=17547264 slot=17547264 nbytes=17547264 fd=O_DIRECT
  L2 want=17547264 slot=17547264 nbytes=17547264 fd=O_DIRECT
  L2 want=17547264 slot=17547264 nbytes=17547264 fd=O_DIRECT
  L2 want=17547264 slot=17547264 nbytes=17547264 fd=O_DIRECT
  L2 want=17547264 slot=17547264 nbytes=17547264 fd=O_DIRECT
  L2 want=17547264 slot=17547264 nbytes=17547264 fd=O_DIRECT
  L2 want=17547264 slot=17547264 nbytes=17547264 fd=O_DIRECT
  L2 want=17547264 slot=17547264 nbytes=17547264 fd=O_DIRECT
  L2 want=17547264 slot=17547264 nbytes=17547264 fd=O_DIRECT
  L2 want=17547264 slot=17547264 nbytes=17547264 fd=O_DIRECT
DBG getmany L40 nw=16 wall=0.790s thr(out)1 thr(in)16 conc_peak=16 pread=0.000s
DBG getmany L41 nw=16 wall=0.750s thr(out)1 thr(in)16 conc_peak=16 pread=0.000s
DBG getmany L42 nw=16 wall=0.588s thr(out)1 thr(in)16 conc_peak=16 pread=0.000s
  L2 want=17547264 slot=17547264 nbytes=17547264 fd=O_DIRECT
  L2 want=17547264 slot=17547264 nbytes=17547264 fd=O_DIRECT
  L2 want=17547264 slot=17547264 nbytes=17547264 fd=O_DIRECT
  L2 want=17547264 slot=17547264 nbytes=17547264 fd=O_DIRECT
  L2 want=17547264 slot=17547264 nbytes=17547264 fd=O_DIRECT
  L2 want=17547264 slot=17547264 nbytes=17547264 fd=O_DIRECT
  L2 want=17547264 slot=17547264 nbytes=17547264 fd=O_DIRECT
  L2 want=17547264 slot=17547264 nbytes=17547264 fd=O_DIRECT
  L2 want=17547264 slot=17547264 nbytes=17547264 fd=O_DIRECT
  L2 want=17547264 slot=17547264 nbytes=17547264 fd=O_DIRECT
  L2 want=17547264 slot=17547264 nbytes=17547264 fd=O_DIRECT
  L2 want=17547264 slot=17547264 nbytes=17547264 fd=O_DIRECT
  L2 want=17547264 slot=17547264 nbytes=17547264 fd=O_DIRECT
  L2 want=17547264 slot=17547264 nbytes=17547264 fd=O_DIRECT
  L2 want=17547264 slot=17547264 nbytes=17547264 fd=O_DIRECT
  L2 want=17547264 slot=17547264 nbytes=17547264 fd=O_DIRECT
DBG getmany L43 nw=16 wall=0.838s thr(out)1 thr(in)16 conc_peak=16 pread=0.000s
  L2 want=17547264 slot=17547264 nbytes=17547264 fd=O_DIRECT
  L2 want=17547264 slot=17547264 nbytes=17547264 fd=O_DIRECT
  L2 want=17547264 slot=17547264 nbytes=17547264 fd=O_DIRECT
  L2 want=17547264 slot=17547264 nbytes=17547264 fd=O_DIRECT
  L2 want=17547264 slot=17547264 nbytes=17547264 fd=O_DIRECT
  L2 want=17547264 slot=17547264 nbytes=17547264 fd=O_DIRECT
  L2 want=17547264 slot=17547264 nbytes=17547264 fd=O_DIRECT
  L2 want=17547264 slot=17547264 nbytes=17547264 fd=O_DIRECT
  L2 want=17547264 slot=17547264 nbytes=17547264 fd=O_DIRECT
  L2 want=17547264 slot=17547264 nbytes=17547264 fd=O_DIRECT
  L2 want=17547264 slot=17547264 nbytes=17547264 fd=O_DIRECT
  L2 want=17547264 slot=17547264 nbytes=17547264 fd=O_DIRECT
  L2 want=17547264 slot=17547264 nbytes=17547264 fd=O_DIRECT
  L2 want=17547264 slot=17547264 nbytes=17547264 fd=O_DIRECT
  L2 want=17547264 slot=17547264 nbytes=17547264 fd=O_DIRECT
  L2 want=17547264 slot=17547264 nbytes=17547264 fd=O_DIRECT
DBG getmany L44 nw=16 wall=0.758s thr(out)1 thr(in)16 conc_peak=16 pread=0.000s
DBG getmany L45 nw=16 wall=0.815s thr(out)1 thr(in)16 conc_peak=16 pread=0.000s
  L2 want=17547264 slot=17547264 nbytes=17547264 fd=O_DIRECT
  L2 want=17547264 slot=17547264 nbytes=17547264 fd=O_DIRECT
  L2 want=17547264 slot=17547264 nbytes=17547264 fd=O_DIRECT
  L2 want=17547264 slot=17547264 nbytes=17547264 fd=O_DIRECT
  L2 want=17547264 slot=17547264 nbytes=17547264 fd=O_DIRECT
  L2 want=17547264 slot=17547264 nbytes=17547264 fd=O_DIRECT
  L2 want=17547264 slot=17547264 nbytes=17547264 fd=O_DIRECT
  L2 want=17547264 slot=17547264 nbytes=17547264 fd=O_DIRECT
  L2 want=17547264 slot=17547264 nbytes=17547264 fd=O_DIRECT
  L2 want=17547264 slot=17547264 nbytes=17547264 fd=O_DIRECT
  L2 want=17547264 slot=17547264 nbytes=17547264 fd=O_DIRECT
  L2 want=17547264 slot=17547264 nbytes=17547264 fd=O_DIRECT
  L2 want=17547264 slot=17547264 nbytes=17547264 fd=O_DIRECT
  L2 want=17547264 slot=17547264 nbytes=17547264 fd=O_DIRECT
  L2 want=17547264 slot=17547264 nbytes=17547264 fd=O_DIRECT
DBG getmany L46 nw=15 wall=0.591s thr(out)1 thr(in)16 conc_peak=15 pread=0.000s
DBG getmany L47 nw=15 wall=0.759s thr(out)1 thr(in)16 conc_peak=15 pread=0.000s
  L2 want=17547264 slot=17547264 nbytes=17547264 fd=O_DIRECT
  L2 want=17547264 slot=17547264 nbytes=17547264 fd=O_DIRECT
  L2 want=17547264 slot=17547264 nbytes=17547264 fd=O_DIRECT
  L2 want=17547264 slot=17547264 nbytes=17547264 fd=O_DIRECT
  L2 want=17547264 slot=17547264 nbytes=17547264 fd=O_DIRECT
  L2 want=17547264 slot=17547264 nbytes=17547264 fd=O_DIRECT
  L2 want=17547264 slot=17547264 nbytes=17547264 fd=O_DIRECT
  L2 want=17547264 slot=17547264 nbytes=17547264 fd=O_DIRECT
  L2 want=17547264 slot=17547264 nbytes=17547264 fd=O_DIRECT
  L2 want=17547264 slot=17547264 nbytes=17547264 fd=O_DIRECT
  L2 want=17547264 slot=17547264 nbytes=17547264 fd=O_DIRECT
  L2 want=17547264 slot=17547264 nbytes=17547264 fd=O_DIRECT
  L2 want=17547264 slot=17547264 nbytes=17547264 fd=O_DIRECT
  L2 want=17547264 slot=17547264 nbytes=17547264 fd=O_DIRECT
  L2 want=17547264 slot=17547264 nbytes=17547264 fd=O_DIRECT
DBG getmany L48 nw=15 wall=0.762s thr(out)1 thr(in)16 conc_peak=15 pread=0.000s
  L2 want=17547264 slot=17547264 nbytes=17547264 fd=O_DIRECT
  L2 want=17547264 slot=17547264 nbytes=17547264 fd=O_DIRECT
  L2 want=17547264 slot=17547264 nbytes=17547264 fd=O_DIRECT
  L2 want=17547264 slot=17547264 nbytes=17547264 fd=O_DIRECT
  L2 want=17547264 slot=17547264 nbytes=17547264 fd=O_DIRECT
  L2 want=17547264 slot=17547264 nbytes=17547264 fd=O_DIRECT
  L2 want=17547264 slot=17547264 nbytes=17547264 fd=O_DIRECT
  L2 want=17547264 slot=17547264 nbytes=17547264 fd=O_DIRECT
  L2 want=17547264 slot=17547264 nbytes=17547264 fd=O_DIRECT
  L2 want=17547264 slot=17547264 nbytes=17547264 fd=O_DIRECT
  L2 want=17547264 slot=17547264 nbytes=17547264 fd=O_DIRECT
  L2 want=17547264 slot=17547264 nbytes=17547264 fd=O_DIRECT
  L2 want=17547264 slot=17547264 nbytes=17547264 fd=O_DIRECT
  L2 want=17547264 slot=17547264 nbytes=17547264 fd=O_DIRECT
  L2 want=17547264 slot=17547264 nbytes=17547264 fd=O_DIRECT
DBG getmany L49 nw=15 wall=0.794s thr(out)1 thr(in)16 conc_peak=15 pread=0.000s
DBG getmany L50 nw=16 wall=0.576s thr(out)1 thr(in)16 conc_peak=16 pread=0.000s
DBG getmany L51 nw=16 wall=0.756s thr(out)1 thr(in)16 conc_peak=16 pread=0.000s
  L2 want=17547264 slot=17547264 nbytes=17547264 fd=O_DIRECT
  L2 want=17547264 slot=17547264 nbytes=17547264 fd=O_DIRECT
  L2 want=17547264 slot=17547264 nbytes=17547264 fd=O_DIRECT
  L2 want=17547264 slot=17547264 nbytes=17547264 fd=O_DIRECT
  L2 want=17547264 slot=17547264 nbytes=17547264 fd=O_DIRECT
  L2 want=17547264 slot=17547264 nbytes=17547264 fd=O_DIRECT
  L2 want=17547264 slot=17547264 nbytes=17547264 fd=O_DIRECT
  L2 want=17547264 slot=17547264 nbytes=17547264 fd=O_DIRECT
  L2 want=17547264 slot=17547264 nbytes=17547264 fd=O_DIRECT
  L2 want=17547264 slot=17547264 nbytes=17547264 fd=O_DIRECT
  L2 want=17547264 slot=17547264 nbytes=17547264 fd=O_DIRECT
  L2 want=17547264 slot=17547264 nbytes=17547264 fd=O_DIRECT
  L2 want=17547264 slot=17547264 nbytes=17547264 fd=O_DIRECT
  L2 want=17547264 slot=17547264 nbytes=17547264 fd=O_DIRECT
  L2 want=17547264 slot=17547264 nbytes=17547264 fd=O_DIRECT
  L2 want=17547264 slot=17547264 nbytes=17547264 fd=O_DIRECT
DBG getmany L52 nw=16 wall=0.732s thr(out)1 thr(in)16 conc_peak=16 pread=0.000s
DBG getmany L53 nw=15 wall=0.764s thr(out)1 thr(in)16 conc_peak=15 pread=0.000s
  L2 want=17547264 slot=17547264 nbytes=17547264 fd=O_DIRECT
  L2 want=17547264 slot=17547264 nbytes=17547264 fd=O_DIRECT
  L2 want=17547264 slot=17547264 nbytes=17547264 fd=O_DIRECT
  L2 want=17547264 slot=17547264 nbytes=17547264 fd=O_DIRECT
  L2 want=17547264 slot=17547264 nbytes=17547264 fd=O_DIRECT
  L2 want=17547264 slot=17547264 nbytes=17547264 fd=O_DIRECT
  L2 want=17547264 slot=17547264 nbytes=17547264 fd=O_DIRECT
  L2 want=17547264 slot=17547264 nbytes=17547264 fd=O_DIRECT
  L2 want=17547264 slot=17547264 nbytes=17547264 fd=O_DIRECT
  L2 want=17547264 slot=17547264 nbytes=17547264 fd=O_DIRECT
  L2 want=17547264 slot=17547264 nbytes=17547264 fd=O_DIRECT
  L2 want=17547264 slot=17547264 nbytes=17547264 fd=O_DIRECT
  L2 want=17547264 slot=17547264 nbytes=17547264 fd=O_DIRECT
  L2 want=17547264 slot=17547264 nbytes=17547264 fd=O_DIRECT
  L2 want=17547264 slot=17547264 nbytes=17547264 fd=O_DIRECT
  L2 want=17547264 slot=17547264 nbytes=17547264 fd=O_DIRECT
DBG getmany L54 nw=16 wall=0.565s thr(out)1 thr(in)16 conc_peak=16 pread=0.000s
DBG getmany L55 nw=16 wall=0.779s thr(out)1 thr(in)16 conc_peak=16 pread=0.000s
  L2 want=17547264 slot=17547264 nbytes=17547264 fd=O_DIRECT
  L2 want=17547264 slot=17547264 nbytes=17547264 fd=O_DIRECT
  L2 want=17547264 slot=17547264 nbytes=17547264 fd=O_DIRECT
  L2 want=17547264 slot=17547264 nbytes=17547264 fd=O_DIRECT
  L2 want=17547264 slot=17547264 nbytes=17547264 fd=O_DIRECT
  L2 want=17547264 slot=17547264 nbytes=17547264 fd=O_DIRECT
  L2 want=17547264 slot=17547264 nbytes=17547264 fd=O_DIRECT
  L2 want=17547264 slot=17547264 nbytes=17547264 fd=O_DIRECT
  L2 want=17547264 slot=17547264 nbytes=17547264 fd=O_DIRECT
  L2 want=17547264 slot=17547264 nbytes=17547264 fd=O_DIRECT
  L2 want=17547264 slot=17547264 nbytes=17547264 fd=O_DIRECT
  L2 want=17547264 slot=17547264 nbytes=17547264 fd=O_DIRECT
  L2 want=17547264 slot=17547264 nbytes=17547264 fd=O_DIRECT
  L2 want=17547264 slot=17547264 nbytes=17547264 fd=O_DIRECT
  L2 want=17547264 slot=17547264 nbytes=17547264 fd=O_DIRECT
  L2 want=17547264 slot=17547264 nbytes=17547264 fd=O_DIRECT
DBG getmany L56 nw=16 wall=0.782s thr(out)1 thr(in)16 conc_peak=16 pread=0.000s
  L2 want=17547264 slot=17547264 nbytes=17547264 fd=O_DIRECT
  L2 want=17547264 slot=17547264 nbytes=17547264 fd=O_DIRECT
  L2 want=17547264 slot=17547264 nbytes=17547264 fd=O_DIRECT
  L2 want=17547264 slot=17547264 nbytes=17547264 fd=O_DIRECT
  L2 want=17547264 slot=17547264 nbytes=17547264 fd=O_DIRECT
  L2 want=17547264 slot=17547264 nbytes=17547264 fd=O_DIRECT
  L2 want=17547264 slot=17547264 nbytes=17547264 fd=O_DIRECT
  L2 want=17547264 slot=17547264 nbytes=17547264 fd=O_DIRECT
  L2 want=17547264 slot=17547264 nbytes=17547264 fd=O_DIRECT
  L2 want=17547264 slot=17547264 nbytes=17547264 fd=O_DIRECT
  L2 want=17547264 slot=17547264 nbytes=17547264 fd=O_DIRECT
  L2 want=17547264 slot=17547264 nbytes=17547264 fd=O_DIRECT
  L2 want=17547264 slot=17547264 nbytes=17547264 fd=O_DIRECT
  L2 want=17547264 slot=17547264 nbytes=17547264 fd=O_DIRECT
  L2 want=17547264 slot=17547264 nbytes=17547264 fd=O_DIRECT
  L2 want=17547264 slot=17547264 nbytes=17547264 fd=O_DIRECT
DBG getmany L57 nw=16 wall=0.774s thr(out)1 thr(in)16 conc_peak=16 pread=0.000s
  L2 want=17547264 slot=17547264 nbytes=17547264 fd=O_DIRECT
  L2 want=17547264 slot=17547264 nbytes=17547264 fd=O_DIRECT
  L2 want=17547264 slot=17547264 nbytes=17547264 fd=O_DIRECT
  L2 want=17547264 slot=17547264 nbytes=17547264 fd=O_DIRECT
  L2 want=17547264 slot=17547264 nbytes=17547264 fd=O_DIRECT
  L2 want=17547264 slot=17547264 nbytes=17547264 fd=O_DIRECT
  L2 want=17547264 slot=17547264 nbytes=17547264 fd=O_DIRECT
  L2 want=17547264 slot=17547264 nbytes=17547264 fd=O_DIRECT
  L2 want=17547264 slot=17547264 nbytes=17547264 fd=O_DIRECT
  L2 want=17547264 slot=17547264 nbytes=17547264 fd=O_DIRECT
  L2 want=17547264 slot=17547264 nbytes=17547264 fd=O_DIRECT
  L2 want=17547264 slot=17547264 nbytes=17547264 fd=O_DIRECT
  L2 want=17547264 slot=17547264 nbytes=17547264 fd=O_DIRECT
  L2 want=17547264 slot=17547264 nbytes=17547264 fd=O_DIRECT
  L2 want=17547264 slot=17547264 nbytes=17547264 fd=O_DIRECT
  L2 want=17547264 slot=17547264 nbytes=17547264 fd=O_DIRECT
DBG getmany L58 nw=16 wall=12.422s thr(out)1 thr(in)16 conc_peak=16 pread=0.000s
DBG getmany L59 nw=16 wall=0.802s thr(out)1 thr(in)16 conc_peak=16 pread=0.000s
DBG getmany L60 nw=16 wall=0.801s thr(out)1 thr(in)16 conc_peak=16 pread=0.000s
DBG getmany L61 nw=16 wall=0.781s thr(out)1 thr(in)16 conc_peak=16 pread=0.000s
  L2 want=17547264 slot=17547264 nbytes=17547264 fd=O_DIRECT
  L2 want=17547264 slot=17547264 nbytes=17547264 fd=O_DIRECT
  L2 want=17547264 slot=17547264 nbytes=17547264 fd=O_DIRECT
  L2 want=17547264 slot=17547264 nbytes=17547264 fd=O_DIRECT
  L2 want=17547264 slot=17547264 nbytes=17547264 fd=O_DIRECT
  L2 want=17547264 slot=17547264 nbytes=17547264 fd=O_DIRECT
  L2 want=17547264 slot=17547264 nbytes=17547264 fd=O_DIRECT
  L2 want=17547264 slot=17547264 nbytes=17547264 fd=O_DIRECT
  L2 want=17547264 slot=17547264 nbytes=17547264 fd=O_DIRECT
  L2 want=17547264 slot=17547264 nbytes=17547264 fd=O_DIRECT
  L2 want=17547264 slot=17547264 nbytes=17547264 fd=O_DIRECT
  L2 want=17547264 slot=17547264 nbytes=17547264 fd=O_DIRECT
  L2 want=17547264 slot=17547264 nbytes=17547264 fd=O_DIRECT
  L2 want=17547264 slot=17547264 nbytes=17547264 fd=O_DIRECT
  L2 want=17547264 slot=17547264 nbytes=17547264 fd=O_DIRECT
  L2 want=17547264 slot=17547264 nbytes=17547264 fd=O_DIRECT
DBG getmany L62 nw=16 wall=0.577s thr(out)1 thr(in)16 conc_peak=16 pread=0.000s
DBG getmany L63 nw=16 wall=0.816s thr(out)1 thr(in)16 conc_peak=16 pread=0.000s
DBG getmany L64 nw=16 wall=0.792s thr(out)1 thr(in)16 conc_peak=16 pread=0.000s
  L2 want=17547264 slot=17547264 nbytes=17547264 fd=O_DIRECT
  L2 want=17547264 slot=17547264 nbytes=17547264 fd=O_DIRECT
  L2 want=17547264 slot=17547264 nbytes=17547264 fd=O_DIRECT
  L2 want=17547264 slot=17547264 nbytes=17547264 fd=O_DIRECT
  L2 want=17547264 slot=17547264 nbytes=17547264 fd=O_DIRECT
  L2 want=17547264 slot=17547264 nbytes=17547264 fd=O_DIRECT
  L2 want=17547264 slot=17547264 nbytes=17547264 fd=O_DIRECT
  L2 want=17547264 slot=17547264 nbytes=17547264 fd=O_DIRECT
  L2 want=17547264 slot=17547264 nbytes=17547264 fd=O_DIRECT
  L2 want=17547264 slot=17547264 nbytes=17547264 fd=O_DIRECT
  L2 want=17547264 slot=17547264 nbytes=17547264 fd=O_DIRECT
  L2 want=17547264 slot=17547264 nbytes=17547264 fd=O_DIRECT
  L2 want=17547264 slot=17547264 nbytes=17547264 fd=O_DIRECT
  L2 want=17547264 slot=17547264 nbytes=17547264 fd=O_DIRECT
  L2 want=17547264 slot=17547264 nbytes=17547264 fd=O_DIRECT
  L2 want=17547264 slot=17547264 nbytes=17547264 fd=O_DIRECT
DBG getmany L65 nw=16 wall=0.784s thr(out)1 thr(in)16 conc_peak=16 pread=0.000s
  L2 want=17547264 slot=17547264 nbytes=17547264 fd=O_DIRECT
  L2 want=17547264 slot=17547264 nbytes=17547264 fd=O_DIRECT
  L2 want=17547264 slot=17547264 nbytes=17547264 fd=O_DIRECT
  L2 want=17547264 slot=17547264 nbytes=17547264 fd=O_DIRECT
  L2 want=17547264 slot=17547264 nbytes=17547264 fd=O_DIRECT
  L2 want=17547264 slot=17547264 nbytes=17547264 fd=O_DIRECT
  L2 want=17547264 slot=17547264 nbytes=17547264 fd=O_DIRECT
  L2 want=17547264 slot=17547264 nbytes=17547264 fd=O_DIRECT
  L2 want=17547264 slot=17547264 nbytes=17547264 fd=O_DIRECT
  L2 want=17547264 slot=17547264 nbytes=17547264 fd=O_DIRECT
  L2 want=17547264 slot=17547264 nbytes=17547264 fd=O_DIRECT
  L2 want=17547264 slot=17547264 nbytes=17547264 fd=O_DIRECT
  L2 want=17547264 slot=17547264 nbytes=17547264 fd=O_DIRECT
  L2 want=17547264 slot=17547264 nbytes=17547264 fd=O_DIRECT
  L2 want=17547264 slot=17547264 nbytes=17547264 fd=O_DIRECT
  L2 want=17547264 slot=17547264 nbytes=17547264 fd=O_DIRECT
DBG getmany L66 nw=16 wall=0.609s thr(out)1 thr(in)16 conc_peak=16 pread=0.000s
DBG getmany L67 nw=16 wall=0.827s thr(out)1 thr(in)16 conc_peak=16 pread=0.000s
  L2 want=17547264 slot=17547264 nbytes=17547264 fd=O_DIRECT
  L2 want=17547264 slot=17547264 nbytes=17547264 fd=O_DIRECT
  L2 want=17547264 slot=17547264 nbytes=17547264 fd=O_DIRECT
  L2 want=17547264 slot=17547264 nbytes=17547264 fd=O_DIRECT
  L2 want=17547264 slot=17547264 nbytes=17547264 fd=O_DIRECT
  L2 want=17547264 slot=17547264 nbytes=17547264 fd=O_DIRECT
  L2 want=17547264 slot=17547264 nbytes=17547264 fd=O_DIRECT
  L2 want=17547264 slot=17547264 nbytes=17547264 fd=O_DIRECT
  L2 want=17547264 slot=17547264 nbytes=17547264 fd=O_DIRECT
  L2 want=17547264 slot=17547264 nbytes=17547264 fd=O_DIRECT
  L2 want=17547264 slot=17547264 nbytes=17547264 fd=O_DIRECT
  L2 want=17547264 slot=17547264 nbytes=17547264 fd=O_DIRECT
  L2 want=17547264 slot=17547264 nbytes=17547264 fd=O_DIRECT
  L2 want=17547264 slot=17547264 nbytes=17547264 fd=O_DIRECT
  L2 want=17547264 slot=17547264 nbytes=17547264 fd=O_DIRECT
  L2 want=17547264 slot=17547264 nbytes=17547264 fd=O_DIRECT
DBG getmany L68 nw=16 wall=0.786s thr(out)1 thr(in)16 conc_peak=16 pread=0.000s
DBG getmany L69 nw=16 wall=0.799s thr(out)1 thr(in)16 conc_peak=16 pread=0.000s
  L2 want=17547264 slot=17547264 nbytes=17547264 fd=O_DIRECT
  L2 want=17547264 slot=17547264 nbytes=17547264 fd=O_DIRECT
  L2 want=17547264 slot=17547264 nbytes=17547264 fd=O_DIRECT
  L2 want=17547264 slot=17547264 nbytes=17547264 fd=O_DIRECT
  L2 want=17547264 slot=17547264 nbytes=17547264 fd=O_DIRECT
  L2 want=17547264 slot=17547264 nbytes=17547264 fd=O_DIRECT
  L2 want=17547264 slot=17547264 nbytes=17547264 fd=O_DIRECT
  L2 want=17547264 slot=17547264 nbytes=17547264 fd=O_DIRECT
  L2 want=17547264 slot=17547264 nbytes=17547264 fd=O_DIRECT
  L2 want=17547264 slot=17547264 nbytes=17547264 fd=O_DIRECT
  L2 want=17547264 slot=17547264 nbytes=17547264 fd=O_DIRECT
  L2 want=17547264 slot=17547264 nbytes=17547264 fd=O_DIRECT
  L2 want=17547264 slot=17547264 nbytes=17547264 fd=O_DIRECT
  L2 want=17547264 slot=17547264 nbytes=17547264 fd=O_DIRECT
  L2 want=17547264 slot=17547264 nbytes=17547264 fd=O_DIRECT
  L2 want=17547264 slot=17547264 nbytes=17547264 fd=O_DIRECT
DBG getmany L70 nw=16 wall=0.590s thr(out)1 thr(in)16 conc_peak=16 pread=0.000s
DBG getmany L71 nw=16 wall=0.858s thr(out)1 thr(in)16 conc_peak=16 pread=0.000s
DBG getmany L72 nw=16 wall=0.798s thr(out)1 thr(in)16 conc_peak=16 pread=0.000s
  L2 want=17547264 slot=17547264 nbytes=17547264 fd=O_DIRECT
  L2 want=17547264 slot=17547264 nbytes=17547264 fd=O_DIRECT
  L2 want=17547264 slot=17547264 nbytes=17547264 fd=O_DIRECT
  L2 want=17547264 slot=17547264 nbytes=17547264 fd=O_DIRECT
  L2 want=17547264 slot=17547264 nbytes=17547264 fd=O_DIRECT
  L2 want=17547264 slot=17547264 nbytes=17547264 fd=O_DIRECT
  L2 want=17547264 slot=17547264 nbytes=17547264 fd=O_DIRECT
  L2 want=17547264 slot=17547264 nbytes=17547264 fd=O_DIRECT
  L2 want=17547264 slot=17547264 nbytes=17547264 fd=O_DIRECT
  L2 want=17547264 slot=17547264 nbytes=17547264 fd=O_DIRECT
  L2 want=17547264 slot=17547264 nbytes=17547264 fd=O_DIRECT
  L2 want=17547264 slot=17547264 nbytes=17547264 fd=O_DIRECT
  L2 want=17547264 slot=17547264 nbytes=17547264 fd=O_DIRECT
  L2 want=17547264 slot=17547264 nbytes=17547264 fd=O_DIRECT
  L2 want=17547264 slot=17547264 nbytes=17547264 fd=O_DIRECT
  L2 want=17547264 slot=17547264 nbytes=17547264 fd=O_DIRECT
DBG getmany L73 nw=16 wall=0.789s thr(out)1 thr(in)16 conc_peak=16 pread=0.000s
  L2 want=17547264 slot=17547264 nbytes=17547264 fd=O_DIRECT
  L2 want=17547264 slot=17547264 nbytes=17547264 fd=O_DIRECT
  L2 want=17547264 slot=17547264 nbytes=17547264 fd=O_DIRECT
  L2 want=17547264 slot=17547264 nbytes=17547264 fd=O_DIRECT
  L2 want=17547264 slot=17547264 nbytes=17547264 fd=O_DIRECT
  L2 want=17547264 slot=17547264 nbytes=17547264 fd=O_DIRECT
  L2 want=17547264 slot=17547264 nbytes=17547264 fd=O_DIRECT
  L2 want=17547264 slot=17547264 nbytes=17547264 fd=O_DIRECT
  L2 want=17547264 slot=17547264 nbytes=17547264 fd=O_DIRECT
  L2 want=17547264 slot=17547264 nbytes=17547264 fd=O_DIRECT
  L2 want=17547264 slot=17547264 nbytes=17547264 fd=O_DIRECT
  L2 want=17547264 slot=17547264 nbytes=17547264 fd=O_DIRECT
  L2 want=17547264 slot=17547264 nbytes=17547264 fd=O_DIRECT
  L2 want=17547264 slot=17547264 nbytes=17547264 fd=O_DIRECT
  L2 want=17547264 slot=17547264 nbytes=17547264 fd=O_DIRECT
  L2 want=17547264 slot=17547264 nbytes=17547264 fd=O_DIRECT
DBG getmany L74 nw=16 wall=0.606s thr(out)1 thr(in)16 conc_peak=16 pread=0.000s
DBG getmany L75 nw=16 wall=0.809s thr(out)1 thr(in)16 conc_peak=16 pread=0.000s
DBG getmany L76 nw=16 wall=0.765s thr(out)1 thr(in)16 conc_peak=16 pread=0.000s
DBG getmany L77 nw=16 wall=0.806s thr(out)1 thr(in)16 conc_peak=16 pread=0.000s
  L2 want=17547264 slot=17547264 nbytes=17547264 fd=O_DIRECT
  L2 want=17547264 slot=17547264 nbytes=17547264 fd=O_DIRECT
  L2 want=17547264 slot=17547264 nbytes=17547264 fd=O_DIRECT
  L2 want=17547264 slot=17547264 nbytes=17547264 fd=O_DIRECT
  L2 want=17547264 slot=17547264 nbytes=17547264 fd=O_DIRECT
  L2 want=17547264 slot=17547264 nbytes=17547264 fd=O_DIRECT
  L2 want=17547264 slot=17547264 nbytes=17547264 fd=O_DIRECT
  L2 want=17547264 slot=17547264 nbytes=17547264 fd=O_DIRECT
  L2 want=17547264 slot=17547264 nbytes=17547264 fd=O_DIRECT
  L2 want=17547264 slot=17547264 nbytes=17547264 fd=O_DIRECT
  L2 want=17547264 slot=17547264 nbytes=17547264 fd=O_DIRECT
  L2 want=17547264 slot=17547264 nbytes=17547264 fd=O_DIRECT
  L2 want=17547264 slot=17547264 nbytes=17547264 fd=O_DIRECT
  L2 want=17547264 slot=17547264 nbytes=17547264 fd=O_DIRECT
  L2 want=17547264 slot=17547264 nbytes=17547264 fd=O_DIRECT
  L2 want=17547264 slot=17547264 nbytes=17547264 fd=O_DIRECT
DBG getmany L78 nw=16 wall=0.600s thr(out)1 thr(in)16 conc_peak=16 pread=0.000s
DBG getmany L79 nw=16 wall=0.790s thr(out)1 thr(in)16 conc_peak=16 pread=0.000s
  L2 want=17547264 slot=17547264 nbytes=17547264 fd=O_DIRECT
  L2 want=17547264 slot=17547264 nbytes=17547264 fd=O_DIRECT
  L2 want=17547264 slot=17547264 nbytes=17547264 fd=O_DIRECT
  L2 want=17547264 slot=17547264 nbytes=17547264 fd=O_DIRECT
  L2 want=17547264 slot=17547264 nbytes=17547264 fd=O_DIRECT
  L2 want=17547264 slot=17547264 nbytes=17547264 fd=O_DIRECT
  L2 want=17547264 slot=17547264 nbytes=17547264 fd=O_DIRECT
  L2 want=17547264 slot=17547264 nbytes=17547264 fd=O_DIRECT
  L2 want=17547264 slot=17547264 nbytes=17547264 fd=O_DIRECT
  L2 want=17547264 slot=17547264 nbytes=17547264 fd=O_DIRECT
  L2 want=17547264 slot=17547264 nbytes=17547264 fd=O_DIRECT
  L2 want=17547264 slot=17547264 nbytes=17547264 fd=O_DIRECT
  L2 want=17547264 slot=17547264 nbytes=17547264 fd=O_DIRECT
  L2 want=17547264 slot=17547264 nbytes=17547264 fd=O_DIRECT
  L2 want=17547264 slot=17547264 nbytes=17547264 fd=O_DIRECT
  L2 want=17547264 slot=17547264 nbytes=17547264 fd=O_DIRECT
DBG getmany L80 nw=16 wall=0.777s thr(out)1 thr(in)16 conc_peak=16 pread=0.000s
DBG getmany L81 nw=15 wall=0.807s thr(out)1 thr(in)16 conc_peak=15 pread=0.000s
  L2 want=17547264 slot=17547264 nbytes=17547264 fd=O_DIRECT
  L2 want=17547264 slot=17547264 nbytes=17547264 fd=O_DIRECT
  L2 want=17547264 slot=17547264 nbytes=17547264 fd=O_DIRECT
  L2 want=17547264 slot=17547264 nbytes=17547264 fd=O_DIRECT
  L2 want=17547264 slot=17547264 nbytes=17547264 fd=O_DIRECT
  L2 want=17547264 slot=17547264 nbytes=17547264 fd=O_DIRECT
  L2 want=17547264 slot=17547264 nbytes=17547264 fd=O_DIRECT
  L2 want=17547264 slot=17547264 nbytes=17547264 fd=O_DIRECT
  L2 want=17547264 slot=17547264 nbytes=17547264 fd=O_DIRECT
  L2 want=17547264 slot=17547264 nbytes=17547264 fd=O_DIRECT
  L2 want=17547264 slot=17547264 nbytes=17547264 fd=O_DIRECT
  L2 want=17547264 slot=17547264 nbytes=17547264 fd=O_DIRECT
  L2 want=17547264 slot=17547264 nbytes=17547264 fd=O_DIRECT
  L2 want=17547264 slot=17547264 nbytes=17547264 fd=O_DIRECT
  L2 want=17547264 slot=17547264 nbytes=17547264 fd=O_DIRECT
  L2 want=17547264 slot=17547264 nbytes=17547264 fd=O_DIRECT
DBG getmany L82 nw=16 wall=0.590s thr(out)1 thr(in)16 conc_peak=16 pread=0.000s
DBG getmany L83 nw=13 wall=0.771s thr(out)1 thr(in)16 conc_peak=13 pread=0.000s
DBG getmany L84 nw=13 wall=0.738s thr(out)1 thr(in)16 conc_peak=13 pread=0.000s
  L2 want=17547264 slot=17547264 nbytes=17547264 fd=O_DIRECT
  L2 want=17547264 slot=17547264 nbytes=17547264 fd=O_DIRECT
  L2 want=17547264 slot=17547264 nbytes=17547264 fd=O_DIRECT
  L2 want=17547264 slot=17547264 nbytes=17547264 fd=O_DIRECT
  L2 want=17547264 slot=17547264 nbytes=17547264 fd=O_DIRECT
  L2 want=17547264 slot=17547264 nbytes=17547264 fd=O_DIRECT
  L2 want=17547264 slot=17547264 nbytes=17547264 fd=O_DIRECT
  L2 want=17547264 slot=17547264 nbytes=17547264 fd=O_DIRECT
  L2 want=17547264 slot=17547264 nbytes=17547264 fd=O_DIRECT
  L2 want=17547264 slot=17547264 nbytes=17547264 fd=O_DIRECT
  L2 want=17547264 slot=17547264 nbytes=17547264 fd=O_DIRECT
  L2 want=17547264 slot=17547264 nbytes=17547264 fd=O_DIRECT
  L2 want=17547264 slot=17547264 nbytes=17547264 fd=O_DIRECT
  L2 want=17547264 slot=17547264 nbytes=17547264 fd=O_DIRECT
DBG getmany L85 nw=14 wall=0.641s thr(out)1 thr(in)16 conc_peak=14 pread=0.000s
  L2 want=17547264 slot=17547264 nbytes=17547264 fd=O_DIRECT
  L2 want=17547264 slot=17547264 nbytes=17547264 fd=O_DIRECT
  L2 want=17547264 slot=17547264 nbytes=17547264 fd=O_DIRECT
  L2 want=17547264 slot=17547264 nbytes=17547264 fd=O_DIRECT
  L2 want=17547264 slot=17547264 nbytes=17547264 fd=O_DIRECT
  L2 want=17547264 slot=17547264 nbytes=17547264 fd=O_DIRECT
  L2 want=17547264 slot=17547264 nbytes=17547264 fd=O_DIRECT
  L2 want=17547264 slot=17547264 nbytes=17547264 fd=O_DIRECT
  L2 want=17547264 slot=17547264 nbytes=17547264 fd=O_DIRECT
  L2 want=17547264 slot=17547264 nbytes=17547264 fd=O_DIRECT
  L2 want=17547264 slot=17547264 nbytes=17547264 fd=O_DIRECT
  L2 want=17547264 slot=17547264 nbytes=17547264 fd=O_DIRECT
  L2 want=17547264 slot=17547264 nbytes=17547264 fd=O_DIRECT
  L2 want=17547264 slot=17547264 nbytes=17547264 fd=O_DIRECT
  L2 want=17547264 slot=17547264 nbytes=17547264 fd=O_DIRECT
  L2 want=17547264 slot=17547264 nbytes=17547264 fd=O_DIRECT
DBG getmany L86 nw=16 wall=0.580s thr(out)1 thr(in)16 conc_peak=16 pread=0.000s
DBG getmany L87 nw=13 wall=0.747s thr(out)1 thr(in)16 conc_peak=13 pread=0.000s
DBG getmany L88 nw=15 wall=0.765s thr(out)1 thr(in)16 conc_peak=15 pread=0.000s
  L2 want=17547264 slot=17547264 nbytes=17547264 fd=O_DIRECT
  L2 want=17547264 slot=17547264 nbytes=17547264 fd=O_DIRECT
  L2 want=17547264 slot=17547264 nbytes=17547264 fd=O_DIRECT
  L2 want=17547264 slot=17547264 nbytes=17547264 fd=O_DIRECT
  L2 want=17547264 slot=17547264 nbytes=17547264 fd=O_DIRECT
  L2 want=17547264 slot=17547264 nbytes=17547264 fd=O_DIRECT
  L2 want=17547264 slot=17547264 nbytes=17547264 fd=O_DIRECT
  L2 want=17547264 slot=17547264 nbytes=17547264 fd=O_DIRECT
  L2 want=17547264 slot=17547264 nbytes=17547264 fd=O_DIRECT
  L2 want=17547264 slot=17547264 nbytes=17547264 fd=O_DIRECT
  L2 want=17547264 slot=17547264 nbytes=17547264 fd=O_DIRECT
  L2 want=17547264 slot=17547264 nbytes=17547264 fd=O_DIRECT
  L2 want=17547264 slot=17547264 nbytes=17547264 fd=O_DIRECT
DBG getmany L89 nw=13 wall=0.768s thr(out)1 thr(in)16 conc_peak=13 pread=0.000s
  L2 want=17547264 slot=17547264 nbytes=17547264 fd=O_DIRECT
  L2 want=17547264 slot=17547264 nbytes=17547264 fd=O_DIRECT
  L2 want=17547264 slot=17547264 nbytes=17547264 fd=O_DIRECT
  L2 want=17547264 slot=17547264 nbytes=17547264 fd=O_DIRECT
  L2 want=17547264 slot=17547264 nbytes=17547264 fd=O_DIRECT
  L2 want=17547264 slot=17547264 nbytes=17547264 fd=O_DIRECT
  L2 want=17547264 slot=17547264 nbytes=17547264 fd=O_DIRECT
  L2 want=17547264 slot=17547264 nbytes=17547264 fd=O_DIRECT
  L2 want=17547264 slot=17547264 nbytes=17547264 fd=O_DIRECT
  L2 want=17547264 slot=17547264 nbytes=17547264 fd=O_DIRECT
  L2 want=17547264 slot=17547264 nbytes=17547264 fd=O_DIRECT
  L2 want=17547264 slot=17547264 nbytes=17547264 fd=O_DIRECT
DBG getmany L90 nw=12 wall=0.500s thr(out)1 thr(in)16 conc_peak=12 pread=0.000s
  L2 want=17547264 slot=17547264 nbytes=17547264 fd=O_DIRECT
  L2 want=17547264 slot=17547264 nbytes=17547264 fd=O_DIRECT
  L2 want=17547264 slot=17547264 nbytes=17547264 fd=O_DIRECT
  L2 want=17547264 slot=17547264 nbytes=17547264 fd=O_DIRECT
  L2 want=17547264 slot=17547264 nbytes=17547264 fd=O_DIRECT
  L2 want=17547264 slot=17547264 nbytes=17547264 fd=O_DIRECT
  L2 want=17547264 slot=17547264 nbytes=17547264 fd=O_DIRECT
  L2 want=17547264 slot=17547264 nbytes=17547264 fd=O_DIRECT
  L2 want=17547264 slot=17547264 nbytes=17547264 fd=O_DIRECT
  L2 want=17547264 slot=17547264 nbytes=17547264 fd=O_DIRECT
  L2 want=17547264 slot=17547264 nbytes=17547264 fd=O_DIRECT
  L2 want=17547264 slot=17547264 nbytes=17547264 fd=O_DIRECT
  L2 want=17547264 slot=17547264 nbytes=17547264 fd=O_DIRECT
DBG getmany L91 nw=13 wall=0.547s thr(out)1 thr(in)16 conc_peak=13 pread=0.000s
DBG getmany L92 nw=13 wall=0.199s thr(out)1 thr(in)16 conc_peak=13 pread=0.000s
2      24         84.80        100.0      24.85      0.012
  L2   resident=6779/14589 slots hit=100.0% read=76.51GB write=0.00GB
--------------------------------------------------------------------
3 tokens in 226.6 s, 75.53 s/token average
PEAK RSS for the whole run: 37.16 GB   <- quote this, not the plan
layers completed: 93/93; routed expert drops: 0


[chip] simulated MXFP4 GEMV bill over 4 tokens
  4416 expert chains | 291722231808 flops | 77488717824 bytes (77.49 GB)
  per token: 1104 chains | 19.37 GB | 0.07 Gflops
  compute wall @ 4 TFLOPS : 0.07 s (18.23 ms/token)
  bandwidth wall @ 200 GB/s : 0.39 s (96.86 ms/token)
  -> bandwidth-bound; to be compute-bound at 4 TFLOPS this needs 1062 GB/s
  expert fetch (host wall, measured): 163.28 s moving 77.49 GB = 0 GB/s
  chip pool wall (measured): 22.02 s

cache [final step]
  slots        : 854 of 17.56 MB = 14.99 GB arena (854 resident, 0 pinned)
  requests     : 1472  hits 1472 (100.00%)  misses 0  evictions 1416
  of those hits : 1416 came from the batch prefetch, i.e. read from disk
                  this token; TRUE resident hit rate 3.80%
  read from disk: 24.85 GB in 69.15 s (359 MB/s while loading)
  phase2 i/o    : 24.86 GB in 69.15 s (359 MB/s)  [pure parallel disk read]
l2cache [final step]
  requests     : 4360  hits 4360 (100.00%)  misses 0
  read  from sdd7: 76.51 GB, written 0.00 GB
  fd split  : 3110 O_DIRECT, 0 BUFFERED (0.00% buffered)
  hit I/O   : 76.51 GB in 0.00 s (wall) = 0 MB/s [pread 1986.20 s, 39 MB/s per-thread]
  miss I/O  : 0 misses, 0.00 GB from /model in 0.00 s (wall) = 0 MB/s
  restored from meta: 6779 slots
kio tier0: 4595 reqs, 216.66 GB, device 104 MB/s | queue 54.6 s (2.6% of req time), submit-lock 1.4 s, worker-lock 0.0 s, idle 0.1 s

wrote reports/gateab_ab/v54_arena/A_32_15_pf0_r1-20260930_144344/ctrl.json
I/O share of wall clock: 142.9%  (trunk 161.5 s + experts 162.3 s of 226.6 s)
  both figures are WHOLE-RUN totals over 3 steps
  expert phase split: phase1 SERIAL reserve 0.1 s (552 calls) vs phase2 read 162.3 s
  over 100% because trunk reads overlap compute on the reader thread;
  97.3 s of device time was hidden behind arithmetic
  experts, whole run: 76.51 GB read | 910 of 4416 requests retained in RAM (20.61%) | 3506 evictions
    (retention = requests - evictions; the raw `hits` counter includes
     experts the prefetcher had just read from disk, so it is not a
     measure of avoided I/O)

trunk [final]
  pinned 22/93 layers, ring 2 slots
  binds 279, hits 44 (15.8%), reads 235
  read 140.16 GB in 161.55 s (868 MB/s pread)
  per-layer loads [L]=count: 0=1 1=1 2=1 3=1 4=1 5=1 6=1 7=1 8=1 9=1 10=1 11=1 12=1 13=1 14=1 15=1 16=1 17=1 18=1 19=1 20=1 21=1 22=3 23=3 24=3 25=3 26=3 27=3 28=3 29=3 30=3 31=3 32=3 33=3 34=3 35=3 36=3 37=3 38=3 39=3 40=3 41=3 42=3 43=3 44=3 45=3 46=3 47=3 48=3 49=3 50=3 51=3 52=3 53=3 54=3 55=3 56=3 57=3 58=3 59=3 60=3 61=3 62=3 63=3 64=3 65=3 66=3 67=3 68=3 69=3 70=3 71=3 72=3 73=3 74=3 75=3 76=3 77=3 78=3 79=3 80=3 81=3 82=3 83=3 84=3 85=3 86=3 87=3 88=3 89=3 90=3 91=3 92=3
  bind wall 17.30 s over 279 binds; read 161.55 + widen 1.44 = 162.99 s of device work,
                    of which 145.69 s (89%) overlapped compute on the reader thread
  widen breakdown: find 4 ms (7365)  copy 0 ms (3444)  deq 1435 ms (2370)  timed 1 s of widen 1.44 s
