token,layer,phase,t0,t1,dur_s,bytes,l1_hit,l1_miss,l2_hit,l2_miss
0,0,trunk,104.858988,107.226536,2.367548,2341216256,0,1,0,0
0,0,compute,107.226537,107.378735,0.152198,0,0,0,0,0
0,1,trunk,107.378737,108.019809,0.641072,645562368,-1,1,0,0
0,1,expert,108.068392,108.263901,0.195509,280887296,0,0,16,0
0,1,compute,108.019811,108.357126,0.337316,0,0,0,0,0
0,2,trunk,108.357128,109.171861,0.814733,645562368,-2,1,0,0
0,2,expert,109.224354,109.423074,0.198720,280887296,0,0,16,0
0,2,compute,109.171863,109.559300,0.387437,0,0,0,0,0
0,3,trunk,109.559302,109.978584,0.419282,431890432,-3,1,0,0
0,3,expert,110.001692,110.205910,0.204217,280887296,0,0,16,0
0,3,compute,109.978585,110.318990,0.340405,0,0,0,0,0
0,4,trunk,110.318992,110.846038,0.527046,645562368,-4,1,0,0
0,4,expert,110.911851,111.112540,0.200689,280887296,0,0,16,0
0,4,compute,110.846040,111.230245,0.384205,0,0,0,0,0
0,5,trunk,111.230247,111.860608,0.630362,645562368,-5,1,0,0
0,5,expert,111.902445,112.096964,0.194519,280887296,0,0,16,0
0,5,compute,111.860610,112.214216,0.353606,0,0,0,0,0
0,6,trunk,112.214218,112.834019,0.619801,645562368,-6,1,0,0
0,6,expert,112.881528,113.079186,0.197657,280887296,0,0,16,0
0,6,compute,112.834020,113.200038,0.366017,0,0,0,0,0
0,7,trunk,113.200039,113.618232,0.418193,431890432,-7,1,0,0
0,7,expert,113.674145,113.873854,0.199709,280887296,0,0,16,0
0,7,compute,113.618233,113.988044,0.369811,0,0,0,0,0
0,8,trunk,113.988046,114.585641,0.597595,645562368,-8,1,0,0
0,8,expert,114.649300,114.849253,0.199953,280887296,0,0,16,0
0,8,compute,114.585643,114.966222,0.380580,0,0,0,0,0
0,9,trunk,114.966224,115.652033,0.685809,645562368,-9,1,0,0
0,9,expert,115.694209,115.892757,0.198548,280887296,0,0,16,0
0,9,compute,115.652035,115.990476,0.338441,0,0,0,0,0
0,10,trunk,115.990477,116.700160,0.709683,645562368,-10,1,0,0
0,10,expert,116.743981,116.947392,0.203411,280887296,0,0,16,0
0,10,compute,116.700162,117.058196,0.358034,0,0,0,0,0
0,11,trunk,117.058198,117.503320,0.445123,431890432,-11,1,0,0
0,11,expert,117.526725,117.732028,0.205303,280887296,0,0,16,0
0,11,compute,117.503322,117.861703,0.358381,0,0,0,0,0
0,12,trunk,117.861704,118.522100,0.660396,645562368,-12,1,0,0
0,12,expert,118.574889,118.775175,0.200286,280887296,0,0,16,0
0,12,compute,118.522102,118.887005,0.364903,0,0,0,0,0
0,13,trunk,118.887006,119.591735,0.704729,645562368,-13,1,0,0
0,13,expert,119.638399,119.847942,0.209542,280887296,0,0,16,0
0,13,compute,119.591737,119.940979,0.349242,0,0,0,0,0
0,14,trunk,119.940981,120.744280,0.803299,645562368,-14,1,0,0
0,14,expert,120.791532,120.995553,0.204021,280887296,0,0,16,0
0,14,compute,120.744281,121.114981,0.370700,0,0,0,0,0
0,15,trunk,121.114982,121.563696,0.448714,431890432,-15,1,0,0
0,15,expert,121.596890,121.806233,0.209343,280887296,0,0,16,0
0,15,compute,121.563697,121.918306,0.354608,0,0,0,0,0
0,16,trunk,121.918307,122.728091,0.809784,645562368,-16,1,0,0
0,16,expert,122.793730,123.000892,0.207162,280887296,0,0,16,0
0,16,compute,122.728093,123.122813,0.394720,0,0,0,0,0
0,17,trunk,123.122815,123.936568,0.813753,645562368,-17,1,0,0
0,17,expert,123.983238,124.186579,0.203341,280887296,0,0,16,0
0,17,compute,123.936570,124.288453,0.351883,0,0,0,0,0
0,18,trunk,124.288454,125.025487,0.737033,645562368,-18,1,0,0
0,18,expert,125.073623,125.274643,0.201021,280887296,0,0,16,0
0,18,compute,125.025488,125.367093,0.341604,0,0,0,0,0
0,19,trunk,125.367094,125.903195,0.536101,431890432,-19,1,0,0
0,19,expert,125.930054,126.137154,0.207101,280887296,0,0,16,0
0,19,compute,125.903196,126.252043,0.348847,0,0,0,0,0
0,20,trunk,126.252045,127.089677,0.837632,645562368,-20,1,0,0
0,20,expert,127.149243,127.361864,0.212621,280887296,0,0,16,0
0,20,compute,127.089679,127.482203,0.392524,0,0,0,0,0
0,21,trunk,127.482204,128.044260,0.562056,645562368,-21,1,0,0
0,21,expert,128.111871,128.367793,0.255923,280887296,0,0,16,0
0,21,compute,128.044304,128.506651,0.462346,0,0,0,0,0
0,22,trunk,128.506652,129.109252,0.602600,645562368,-22,1,0,0
0,22,expert,129.233432,129.512615,0.279183,280887296,0,0,16,0
0,22,compute,129.109306,129.634215,0.524909,0,0,0,0,0
0,23,trunk,129.634216,129.679485,0.045268,431890432,-23,1,0,0
0,23,expert,129.718835,130.206083,0.487248,280887296,0,0,16,0
0,23,compute,129.679531,130.327643,0.648112,0,0,0,0,0
0,24,trunk,130.327645,130.331137,0.003492,645562368,-24,1,0,0
0,24,expert,130.402255,130.905866,0.503610,280887296,0,0,16,0
0,24,compute,130.331158,131.026207,0.695048,0,0,0,0,0
0,25,trunk,131.026209,131.052520,0.026311,645562368,-25,1,0,0
0,25,expert,131.116896,131.656091,0.539195,280887296,0,0,16,0
0,25,compute,131.052570,131.751122,0.698552,0,0,0,0,0
0,26,trunk,131.751123,131.754829,0.003705,645562368,-26,1,0,0
0,26,expert,131.812914,132.202707,0.389793,280887296,0,0,16,0
0,26,compute,131.754852,132.314646,0.559795,0,0,0,0,0
0,27,trunk,132.314648,132.318402,0.003754,431890432,-27,1,0,0
0,27,expert,132.354564,132.852310,0.497746,280887296,0,0,16,0
0,27,compute,132.318422,132.957115,0.638693,0,0,0,0,0
0,28,trunk,132.957116,132.960751,0.003634,645562368,-28,1,0,0
0,28,expert,133.021548,133.488187,0.466639,280887296,0,0,16,0
0,28,compute,132.960771,133.587737,0.626966,0,0,0,0,0
0,29,trunk,133.587739,133.591888,0.004150,645562368,-29,1,0,0
0,29,expert,133.660441,134.157056,0.496615,280887296,0,0,16,0
0,29,compute,133.591915,134.265127,0.673212,0,0,0,0,0
0,30,trunk,134.265129,134.268874,0.003745,645562368,-30,1,0,0
0,30,expert,134.337787,134.731662,0.393875,280887296,0,0,16,0
0,30,compute,134.268897,134.838173,0.569276,0,0,0,0,0
0,31,trunk,134.838175,134.842069,0.003895,431890432,-31,1,0,0
0,31,expert,134.880957,135.452223,0.571266,280887296,0,0,16,0
0,31,compute,134.842118,135.574251,0.732133,0,0,0,0,0
0,32,trunk,135.574253,135.577909,0.003656,645562368,-32,1,0,0
0,32,expert,135.650432,136.198693,0.548261,280887296,0,0,16,0
0,32,compute,135.577934,136.318227,0.740293,0,0,0,0,0
0,33,trunk,136.318233,136.322458,0.004225,645562368,-33,1,0,0
0,33,expert,136.394943,136.954016,0.559073,280887296,0,0,16,0
0,33,compute,136.322567,137.052793,0.730226,0,0,0,0,0
0,34,trunk,137.052795,137.056288,0.003493,645562368,-34,1,0,0
0,34,expert,137.109448,137.513693,0.404245,280887296,0,0,16,0
0,34,compute,137.056306,137.630170,0.573865,0,0,0,0,0
0,35,trunk,137.630172,137.633799,0.003627,431890432,-35,1,0,0
0,35,expert,137.677981,138.250649,0.572668,280887296,0,0,16,0
0,35,compute,137.633860,138.370199,0.736339,0,0,0,0,0
0,36,trunk,138.370201,138.373965,0.003764,645562368,-36,1,0,0
0,36,expert,138.431386,139.005397,0.574011,280887296,0,0,16,0
0,36,compute,138.373986,139.104290,0.730304,0,0,0,0,0
0,37,trunk,139.104292,139.108291,0.003999,645562368,-37,1,0,0
0,37,expert,139.178030,139.714123,0.536093,280887296,0,0,16,0
0,37,compute,139.108314,139.826185,0.717870,0,0,0,0,0
0,38,trunk,139.826186,139.829662,0.003476,645562368,-38,1,0,0
0,38,expert,139.892779,140.279487,0.386708,280887296,0,0,16,0
0,38,compute,139.829689,140.394245,0.564556,0,0,0,0,0
0,39,trunk,140.394247,140.398043,0.003796,431890432,-39,1,0,0
0,39,expert,140.439605,141.010349,0.570744,280887296,0,0,16,0
0,39,compute,140.398064,141.122201,0.724137,0,0,0,0,0
0,40,trunk,141.122203,141.125702,0.003499,645562368,-40,1,0,0
0,40,expert,141.182327,141.739829,0.557501,280887296,0,0,16,0
0,40,compute,141.125732,141.860039,0.734307,0,0,0,0,0
0,41,trunk,141.860040,141.863361,0.003320,645562368,-41,1,0,0
0,41,expert,141.927267,142.445082,0.517815,280887296,0,0,16,0
0,41,compute,141.863430,142.545357,0.681926,0,0,0,0,0
0,42,trunk,142.545359,142.549006,0.003647,645562368,-42,1,0,0
0,42,expert,142.609694,143.021662,0.411968,280887296,0,0,16,0
0,42,compute,142.549046,143.123344,0.574299,0,0,0,0,0
0,43,trunk,143.123346,143.127040,0.003694,431890432,-43,1,0,0
0,43,expert,143.167570,143.749330,0.581760,280887296,0,0,16,0
0,43,compute,143.127065,143.862205,0.735140,0,0,0,0,0
0,44,trunk,143.862207,143.865657,0.003450,645562368,-44,1,0,0
0,44,expert,143.930917,144.465731,0.534814,280887296,0,0,16,0
0,44,compute,143.865680,144.586396,0.720716,0,0,0,0,0
0,45,trunk,144.586398,144.590201,0.003804,645562368,-45,1,0,0
0,45,expert,144.652386,145.197401,0.545016,280887296,0,0,16,0
0,45,compute,144.590223,145.310451,0.720228,0,0,0,0,0
0,46,trunk,145.310452,145.314202,0.003749,645562368,-46,1,0,0
0,46,expert,145.375057,145.811187,0.436130,280887296,0,0,16,0
0,46,compute,145.314231,145.912320,0.598089,0,0,0,0,0
0,47,trunk,145.912322,145.917092,0.004770,431890432,-47,1,0,0
0,47,expert,145.967089,146.550234,0.583145,280887296,0,0,16,0
0,47,compute,145.917116,146.646757,0.729642,0,0,0,0,0
0,48,trunk,146.646759,146.650207,0.003447,645562368,-48,1,0,0
0,48,expert,146.713471,147.284631,0.571160,280887296,0,0,16,0
0,48,compute,146.650236,147.380943,0.730707,0,0,0,0,0
0,49,trunk,147.380945,147.384518,0.003572,645562368,-49,1,0,0
0,49,expert,147.445188,148.036618,0.591430,280887296,0,0,16,0
0,49,compute,147.384562,148.145532,0.760970,0,0,0,0,0
0,50,trunk,148.145533,148.149170,0.003636,645562368,-50,1,0,0
0,50,expert,148.208848,148.651629,0.442782,280887296,0,0,16,0
0,50,compute,148.149190,148.767404,0.618214,0,0,0,0,0
0,51,trunk,148.767406,148.771360,0.003955,431890432,-51,1,0,0
0,51,expert,148.815888,149.417233,0.601345,280887296,0,0,16,0
0,51,compute,148.771382,149.550180,0.778798,0,0,0,0,0
0,52,trunk,149.550181,149.553786,0.003604,645562368,-52,1,0,0
0,52,expert,149.634055,150.184612,0.550557,280887296,0,0,16,0
0,52,compute,149.553807,150.274333,0.720526,0,0,0,0,0
0,53,trunk,150.274335,150.278202,0.003867,645562368,-53,1,0,0
0,53,expert,150.339059,150.913135,0.574076,280887296,0,0,16,0
0,53,compute,150.278226,151.026265,0.748040,0,0,0,0,0
0,54,trunk,151.026267,151.029873,0.003605,645562368,-54,1,0,0
0,54,expert,151.086133,151.534414,0.448281,280887296,0,0,16,0
0,54,compute,151.029893,151.658238,0.628345,0,0,0,0,0
0,55,trunk,151.658240,151.661836,0.003596,431890432,-55,1,0,0
0,55,expert,151.702982,152.294496,0.591514,280887296,0,0,16,0
0,55,compute,151.661864,152.416438,0.754573,0,0,0,0,0
0,56,trunk,152.416439,152.420207,0.003768,645562368,-56,1,0,0
0,56,expert,152.486927,153.039449,0.552522,280887296,0,0,16,0
0,56,compute,152.420235,153.158200,0.737966,0,0,0,0,0
0,57,trunk,153.158202,153.161607,0.003405,645562368,-57,1,0,0
0,57,expert,153.211940,153.835518,0.623578,280887296,0,0,16,0
0,57,compute,153.161629,153.951525,0.789896,0,0,0,0,0
0,58,trunk,153.951527,153.955494,0.003967,645562368,-58,1,0,0
0,58,expert,154.014314,154.420407,0.406094,280887296,0,0,16,0
0,58,compute,153.955528,154.532461,0.576933,0,0,0,0,0
0,59,trunk,154.532463,154.535943,0.003479,431890432,-59,1,0,0
0,59,expert,154.567531,155.164693,0.597162,280887296,0,0,16,0
0,59,compute,154.535966,155.269476,0.733510,0,0,0,0,0
0,60,trunk,155.269478,155.273164,0.003686,645562368,-60,1,0,0
0,60,expert,155.335313,155.847711,0.512397,280887296,0,0,16,0
0,60,compute,155.273185,155.948886,0.675701,0,0,0,0,0
0,61,trunk,155.948887,155.952480,0.003592,645562368,-61,1,0,0
0,61,expert,156.017042,156.595787,0.578745,280887296,0,0,16,0
0,61,compute,155.952498,156.710232,0.757734,0,0,0,0,0
0,62,trunk,156.710234,156.713698,0.003465,645562368,-62,1,0,0
0,62,expert,156.766160,157.207424,0.441264,280887296,0,0,16,0
0,62,compute,156.713720,157.326257,0.612536,0,0,0,0,0
0,63,trunk,157.326258,157.329857,0.003599,431890432,-63,1,0,0
0,63,expert,157.373803,157.976168,0.602365,280887296,0,0,16,0
0,63,compute,157.329911,158.090214,0.760303,0,0,0,0,0
0,64,trunk,158.090216,158.094422,0.004207,645562368,-64,1,0,0
0,64,expert,158.158485,158.737297,0.578812,280887296,0,0,16,0
0,64,compute,158.094447,158.840637,0.746190,0,0,0,0,0
0,65,trunk,158.840639,158.844448,0.003809,645562368,-65,1,0,0
0,65,expert,158.909437,159.493752,0.584315,280887296,0,0,16,0
0,65,compute,158.844466,159.588859,0.744393,0,0,0,0,0
0,66,trunk,159.588861,159.592341,0.003480,645562368,-66,1,0,0
0,66,expert,159.640872,160.082437,0.441565,280887296,0,0,16,0
0,66,compute,159.592361,160.179494,0.587133,0,0,0,0,0
0,67,trunk,160.179496,160.183001,0.003505,431890432,-67,1,0,0
0,67,expert,160.215069,171.217059,11.001989,280887296,0,0,16,0
0,67,compute,160.183023,171.307851,11.124828,0,0,0,0,0
0,68,trunk,171.307853,171.311370,0.003517,645562368,-68,1,0,0
0,68,expert,171.362607,171.963000,0.600393,280887296,0,0,16,0
0,68,compute,171.311393,172.066380,0.754987,0,0,0,0,0
0,69,trunk,172.066382,172.070470,0.004088,645562368,-69,1,0,0
0,69,expert,172.131035,172.697474,0.566439,280887296,0,0,16,0
0,69,compute,172.070496,172.810208,0.739712,0,0,0,0,0
0,70,trunk,172.810210,172.813939,0.003729,645562368,-70,1,0,0
0,70,expert,172.864474,173.328375,0.463901,280887296,0,0,16,0
0,70,compute,172.813960,173.420942,0.606982,0,0,0,0,0
0,71,trunk,173.421060,173.424583,0.003523,431890432,-71,1,0,0
0,71,expert,173.457161,174.097089,0.639928,280887296,0,0,16,0
0,71,compute,173.424601,174.210221,0.785620,0,0,0,0,0
0,72,trunk,174.210223,174.214981,0.004758,645562368,-72,1,0,0
0,72,expert,174.287594,174.867243,0.579649,280887296,0,0,16,0
0,72,compute,174.215033,174.986246,0.771213,0,0,0,0,0
0,73,trunk,174.986247,174.989878,0.003631,645562368,-73,1,0,0
0,73,expert,175.043573,175.637401,0.593828,280887296,0,0,16,0
0,73,compute,174.989900,175.732001,0.742101,0,0,0,0,0
0,74,trunk,175.732047,175.735534,0.003487,645562368,-74,1,0,0
0,74,expert,175.791666,176.222477,0.430810,280887296,0,0,16,0
0,74,compute,175.735556,176.332049,0.596493,0,0,0,0,0
0,75,trunk,176.332051,176.335714,0.003663,431890432,-75,1,0,0
0,75,expert,176.370878,176.962308,0.591430,280887296,0,0,16,0
0,75,compute,176.335739,177.070168,0.734428,0,0,0,0,0
0,76,trunk,177.070169,177.073614,0.003445,645562368,-76,1,0,0
0,76,expert,177.128379,177.598459,0.470080,280887296,0,0,16,0
0,76,compute,177.073637,177.710229,0.636593,0,0,0,0,0
0,77,trunk,177.710231,177.713884,0.003653,645562368,-77,1,0,0
0,77,expert,177.774052,178.366794,0.592742,280887296,0,0,16,0
0,77,compute,177.713913,178.461671,0.747758,0,0,0,0,0
0,78,trunk,178.461673,178.465367,0.003694,645562368,-78,1,0,0
0,78,expert,178.521070,178.957930,0.436860,280887296,0,0,16,0
0,78,compute,178.465388,179.070846,0.605459,0,0,0,0,0
0,79,trunk,179.070848,179.074319,0.003471,431890432,-79,1,0,0
0,79,expert,179.126407,179.684249,0.557842,280887296,0,0,16,0
0,79,compute,179.074343,179.798295,0.723952,0,0,0,0,0
0,80,trunk,179.798296,179.802058,0.003762,645562368,-80,1,0,0
0,80,expert,179.860854,180.408845,0.547991,280887296,0,0,16,0
0,80,compute,179.802080,180.518223,0.716143,0,0,0,0,0
0,81,trunk,180.518224,180.521631,0.003407,645562368,-81,1,0,0
0,81,expert,180.580584,181.128811,0.548227,280887296,0,0,16,0
0,81,compute,180.521653,181.218916,0.697263,0,0,0,0,0
0,82,trunk,181.218918,181.222645,0.003727,645562368,-82,1,0,0
0,82,expert,181.280961,181.688762,0.407801,280887296,0,0,16,0
0,82,compute,181.222692,181.781314,0.558622,0,0,0,0,0
0,83,trunk,181.781315,181.784868,0.003553,431890432,-83,1,0,0
0,83,expert,181.817759,182.392879,0.575120,280887296,0,0,16,0
0,83,compute,181.784888,182.510294,0.725407,0,0,0,0,0
0,84,trunk,182.510296,182.513715,0.003419,645562368,-84,1,0,0
0,84,expert,182.569096,183.137698,0.568601,280887296,0,0,16,0
0,84,compute,182.513739,183.254341,0.740601,0,0,0,0,0
0,85,trunk,183.254342,183.257931,0.003589,645562368,-85,1,0,0
0,85,expert,183.315794,183.862419,0.546626,280887296,0,0,16,0
0,85,compute,183.257956,183.961997,0.704041,0,0,0,0,0
0,86,trunk,183.961999,183.965712,0.003713,645562368,-86,1,0,0
0,86,expert,184.031582,184.423605,0.392023,280887296,0,0,16,0
0,86,compute,183.965740,184.542214,0.576475,0,0,0,0,0
0,87,trunk,184.542216,184.545688,0.003472,431890432,-87,1,0,0
0,87,expert,184.580677,185.107735,0.527058,280887296,0,0,16,0
0,87,compute,184.545727,185.226221,0.680493,0,0,0,0,0
0,88,trunk,185.226222,185.229828,0.003606,645562368,-88,1,0,0
0,88,expert,185.285128,185.836947,0.551819,280887296,0,0,16,0
0,88,compute,185.229851,185.927202,0.697351,0,0,0,0,0
0,89,trunk,185.927204,185.930752,0.003548,645562368,-89,1,0,0
0,89,expert,185.983746,186.556130,0.572384,280887296,0,0,16,0
0,89,compute,185.930772,186.649564,0.718792,0,0,0,0,0
0,90,trunk,186.649566,186.653138,0.003573,645562368,-90,1,0,0
0,90,expert,186.702216,192.760665,6.058449,280887296,0,0,16,0
0,90,compute,186.653159,192.878281,6.225122,0,0,0,0,0
0,91,trunk,192.878283,192.881805,0.003522,431890432,-91,1,0,0
0,91,expert,192.914705,198.469051,5.554347,280887296,0,0,16,0
0,91,compute,192.881827,198.587002,5.705175,0,0,0,0,0
0,92,trunk,198.587003,198.590359,0.003356,431890432,-92,1,0,0
0,92,expert,198.618462,198.774236,0.155774,280887296,0,0,16,0
0,92,compute,198.590361,198.895028,0.304667,0,0,0,0,0
0,0,trunk,199.001103,199.001146,0.000043,0,-92,0,0,0
0,0,compute,199.001148,199.110284,0.109137,0,0,0,0,0
0,1,trunk,199.110285,199.113850,0.003565,0,-91,0,0,0
0,1,expert,199.167011,199.342255,0.175244,280887296,0,0,16,0
0,1,compute,199.113853,199.454498,0.340645,0,0,0,0,0
0,2,trunk,199.454500,199.458047,0.003547,0,-90,0,0,0
0,2,expert,199.517221,199.686506,0.169285,280887296,0,0,16,0
0,2,compute,199.458049,199.822487,0.364438,0,0,0,0,0
0,3,trunk,199.822489,199.826018,0.003530,0,-89,0,0,0
0,3,expert,199.866521,200.024888,0.158366,280887296,0,0,16,0
0,3,compute,199.826020,200.142743,0.316723,0,0,0,0,0
0,4,trunk,200.142744,200.146225,0.003481,0,-88,0,0,0
0,4,expert,200.211823,200.365418,0.153595,280887296,0,0,16,0
0,4,compute,200.146227,200.466654,0.320427,0,0,0,0,0
0,5,trunk,200.466655,200.470139,0.003484,0,-87,0,0,0
0,5,expert,200.520341,200.678299,0.157958,280887296,0,0,16,0
0,5,compute,200.470141,200.790492,0.320352,0,0,0,0,0
0,6,trunk,200.790494,200.793843,0.003349,0,-86,0,0,0
0,6,expert,200.838848,201.002927,0.164080,280887296,0,0,16,0
0,6,compute,200.793845,201.142190,0.348345,0,0,0,0,0
0,7,trunk,201.142192,201.145704,0.003512,0,-85,0,0,0
0,7,expert,201.183876,201.339533,0.155657,280887296,0,0,16,0
0,7,compute,201.145705,201.455022,0.309316,0,0,0,0,0
0,8,trunk,201.455023,201.458616,0.003592,0,-84,0,0,0
0,8,expert,201.505560,201.659261,0.153701,280887296,0,0,16,0
0,8,compute,201.458618,201.767002,0.308384,0,0,0,0,0
0,9,trunk,201.767004,201.770235,0.003231,0,-83,0,0,0
0,9,expert,201.814120,201.966184,0.152063,280887296,0,0,16,0
0,9,compute,201.770237,202.078233,0.307996,0,0,0,0,0
0,10,trunk,202.078234,202.081596,0.003362,0,-82,0,0,0
0,10,expert,202.125342,202.281506,0.156165,280887296,0,0,16,0
0,10,compute,202.081597,202.398199,0.316602,0,0,0,0,0
0,11,trunk,202.398201,202.401566,0.003364,0,-81,0,0,0
0,11,expert,202.424474,202.582368,0.157894,280887296,0,0,16,0
0,11,compute,202.401567,202.702257,0.300689,0,0,0,0,0
0,12,trunk,202.702258,202.705344,0.003086,0,-80,0,0,0
0,12,expert,202.756357,202.917564,0.161207,280887296,0,0,16,0
0,12,compute,202.705346,203.030198,0.324853,0,0,0,0,0
0,13,trunk,203.030199,203.033582,0.003383,0,-79,0,0,0
0,13,expert,203.075729,203.236218,0.160489,280887296,0,0,16,0
0,13,compute,203.033584,203.339890,0.306306,0,0,0,0,0
0,14,trunk,203.339891,203.343246,0.003355,0,-78,0,0,0
0,14,expert,203.382381,203.544559,0.162178,280887296,0,0,16,0
0,14,compute,203.343248,203.642574,0.299326,0,0,0,0,0
0,15,trunk,203.642575,203.646143,0.003567,0,-77,0,0,0
0,15,expert,203.670428,203.829659,0.159231,280887296,0,0,16,0
0,15,compute,203.646145,203.967018,0.320873,0,0,0,0,0
0,16,trunk,203.967020,203.970706,0.003686,0,-76,0,0,0
0,16,expert,204.017415,204.171923,0.154508,280887296,0,0,16,0
0,16,compute,203.970707,204.290245,0.319538,0,0,0,0,0
0,17,trunk,204.290246,204.293597,0.003351,0,-75,0,0,0
0,17,expert,204.332149,204.491536,0.159386,280887296,0,0,16,0
0,17,compute,204.293599,204.602264,0.308665,0,0,0,0,0
0,18,trunk,204.602265,204.605540,0.003275,0,-74,0,0,0
0,18,expert,204.644298,204.800839,0.156541,280887296,0,0,16,0
0,18,compute,204.605542,204.922234,0.316692,0,0,0,0,0
0,19,trunk,204.922236,204.925821,0.003585,0,-73,0,0,0
0,19,expert,204.947989,205.103035,0.155046,280887296,0,0,16,0
0,19,compute,204.925822,205.234170,0.308348,0,0,0,0,0
0,20,trunk,205.234172,205.237431,0.003259,0,-72,0,0,0
0,20,expert,205.279010,205.435106,0.156096,280887296,0,0,16,0
0,20,compute,205.237432,205.551065,0.313633,0,0,0,0,0
0,21,trunk,205.551067,205.554620,0.003553,0,-71,0,0,0
0,21,expert,205.624071,206.112881,0.488810,280887296,0,0,16,0
0,21,compute,205.554642,206.226939,0.672297,0,0,0,0,0
0,22,trunk,206.226941,206.230467,0.003526,645562368,-71,1,0,0
0,22,expert,206.286730,206.609114,0.322383,280887296,0,0,16,0
0,22,compute,206.230490,206.697083,0.466593,0,0,0,0,0
0,23,trunk,206.697085,206.700677,0.003592,431890432,-72,1,0,0
0,23,expert,206.735426,207.229696,0.494270,280887296,0,0,16,0
0,23,compute,206.700695,207.348045,0.647350,0,0,0,0,0
0,24,trunk,207.348047,207.351771,0.003723,645562368,-73,1,0,0
0,24,expert,207.418399,207.967018,0.548619,280887296,0,0,16,0
0,24,compute,207.351797,208.082196,0.730399,0,0,0,0,0
0,25,trunk,208.082198,208.085867,0.003668,645562368,-74,1,0,0
0,25,expert,208.139531,208.672871,0.533340,280887296,0,0,16,0
0,25,compute,208.085891,208.794233,0.708342,0,0,0,0,0
0,26,trunk,208.794235,208.797830,0.003596,645562368,-75,1,0,0
0,26,expert,208.859143,209.254766,0.395623,280887296,0,0,16,0
0,26,compute,208.797852,209.366311,0.568459,0,0,0,0,0
0,27,trunk,209.366333,209.369828,0.003495,431890432,-76,1,0,0
0,27,expert,209.408056,209.893233,0.485177,280887296,0,0,16,0
0,27,compute,209.369850,210.006211,0.636361,0,0,0,0,0
0,28,trunk,210.006213,210.009769,0.003556,645562368,-77,1,0,0
0,28,expert,210.069824,210.536519,0.466695,280887296,0,0,16,0
0,28,compute,210.009789,210.645475,0.635686,0,0,0,0,0
0,29,trunk,210.645477,210.648956,0.003480,645562368,-78,1,0,0
0,29,expert,210.709278,211.212842,0.503564,280887296,0,0,16,0
0,29,compute,210.648976,211.330223,0.681247,0,0,0,0,0
0,30,trunk,211.330224,211.333808,0.003584,645562368,-79,1,0,0
0,30,expert,211.387942,211.791714,0.403772,280887296,0,0,16,0
0,30,compute,211.333829,211.883241,0.549411,0,0,0,0,0
0,31,trunk,211.883243,211.886819,0.003577,431890432,-80,1,0,0
0,31,expert,211.922250,212.500971,0.578721,280887296,0,0,16,0
0,31,compute,211.886841,212.614165,0.727323,0,0,0,0,0
0,32,trunk,212.614166,212.617713,0.003546,645562368,-81,1,0,0
0,32,expert,212.680398,213.230568,0.550169,280887296,0,0,16,0
0,32,compute,212.617736,213.346879,0.729143,0,0,0,0,0
0,33,trunk,213.346881,213.350805,0.003924,645562368,-82,1,0,0
0,33,expert,213.408846,213.982506,0.573660,280887296,0,0,16,0
0,33,compute,213.350837,214.106324,0.755488,0,0,0,0,0
0,34,trunk,214.106326,214.109878,0.003552,645562368,-83,1,0,0
0,34,expert,214.192914,214.578483,0.385569,280887296,0,0,16,0
0,34,compute,214.109907,214.694203,0.584296,0,0,0,0,0
0,35,trunk,214.694205,214.698147,0.003942,431890432,-84,1,0,0
0,35,expert,214.753481,215.326283,0.572802,280887296,0,0,16,0
0,35,compute,214.698200,215.466273,0.768073,0,0,0,0,0
0,36,trunk,215.466274,215.469704,0.003429,645562368,-85,1,0,0
0,36,expert,215.528544,216.090915,0.562371,280887296,0,0,16,0
0,36,compute,215.469725,216.214689,0.744963,0,0,0,0,0
0,37,trunk,216.214691,216.218405,0.003715,645562368,-86,1,0,0
0,37,expert,216.283321,216.819631,0.536310,280887296,0,0,16,0
0,37,compute,216.218427,216.930294,0.711867,0,0,0,0,0
0,38,trunk,216.930295,216.933756,0.003461,645562368,-87,1,0,0
0,38,expert,216.983877,217.379839,0.395962,280887296,0,0,16,0
0,38,compute,216.933778,217.468360,0.534582,0,0,0,0,0
0,39,trunk,217.468361,217.471768,0.003407,431890432,-88,1,0,0
0,39,expert,217.498284,218.098469,0.600185,280887296,0,0,16,0
0,39,compute,217.471797,218.215007,0.743210,0,0,0,0,0
0,40,trunk,218.215009,218.218526,0.003517,645562368,-89,1,0,0
0,40,expert,218.282937,218.819287,0.536350,280887296,0,0,16,0
0,40,compute,218.218548,218.935378,0.716830,0,0,0,0,0
0,41,trunk,218.935379,218.939177,0.003797,645562368,-90,1,0,0
0,41,expert,219.008664,219.528191,0.519526,280887296,0,0,16,0
0,41,compute,218.939200,219.625455,0.686255,0,0,0,0,0
0,42,trunk,219.625456,219.629232,0.003776,645562368,-91,1,0,0
0,42,expert,219.693620,220.096302,0.402682,280887296,0,0,16,0
0,42,compute,219.629277,220.215120,0.585843,0,0,0,0,0
0,43,trunk,220.215123,220.218816,0.003693,431890432,-92,1,0,0
0,43,expert,220.262752,220.834744,0.571991,280887296,0,0,16,0
0,43,compute,220.218860,220.939505,0.720645,0,0,0,0,0
0,44,trunk,220.939507,220.943471,0.003963,645562368,-93,1,0,0
0,44,expert,220.998208,221.531893,0.533685,280887296,0,0,16,0
0,44,compute,220.943524,221.630546,0.687022,0,0,0,0,0
0,45,trunk,221.630547,221.634588,0.004041,645562368,-94,1,0,0
0,45,expert,221.693564,222.248967,0.555403,280887296,0,0,16,0
0,45,compute,221.634621,222.360124,0.725503,0,0,0,0,0
0,46,trunk,222.360126,222.363597,0.003471,645562368,-95,1,0,0
0,46,expert,222.417848,222.851999,0.434151,280887296,0,0,16,0
0,46,compute,222.363624,222.944907,0.581283,0,0,0,0,0
0,47,trunk,222.944909,222.948689,0.003780,431890432,-96,1,0,0
0,47,expert,222.985944,223.579401,0.593457,280887296,0,0,16,0
0,47,compute,222.948708,223.705013,0.756305,0,0,0,0,0
0,48,trunk,223.705015,223.708715,0.003700,645562368,-97,1,0,0
0,48,expert,223.772760,224.331527,0.558766,280887296,0,0,16,0
0,48,compute,223.708740,224.447025,0.738285,0,0,0,0,0
0,49,trunk,224.447026,224.450532,0.003505,645562368,-98,1,0,0
0,49,expert,224.510594,225.092858,0.582265,280887296,0,0,16,0
0,49,compute,224.450559,225.183303,0.732744,0,0,0,0,0
0,50,trunk,225.183305,225.186920,0.003616,645562368,-99,1,0,0
0,50,expert,225.242911,225.689255,0.446343,280887296,0,0,16,0
0,50,compute,225.186942,225.806206,0.619263,0,0,0,0,0
0,51,trunk,225.806208,225.809849,0.003642,431890432,-100,1,0,0
0,51,expert,225.849241,226.430168,0.580927,280887296,0,0,16,0
0,51,compute,225.809906,226.528995,0.719090,0,0,0,0,0
0,52,trunk,226.528997,226.532810,0.003813,645562368,-101,1,0,0
0,52,expert,226.586492,227.168930,0.582438,280887296,0,0,16,0
0,52,compute,226.532845,227.286497,0.753651,0,0,0,0,0
0,53,trunk,227.286499,227.290030,0.003532,645562368,-102,1,0,0
0,53,expert,227.350848,227.940510,0.589662,280887296,0,0,16,0
0,53,compute,227.290052,228.032295,0.742243,0,0,0,0,0
0,54,trunk,228.032296,228.035705,0.003409,645562368,-103,1,0,0
0,54,expert,228.090102,228.562864,0.472762,280887296,0,0,16,0
0,54,compute,228.035729,228.698219,0.662490,0,0,0,0,0
0,55,trunk,228.698221,228.703491,0.005270,431890432,-104,1,0,0
0,55,expert,228.766503,229.315120,0.548617,280887296,0,0,16,0
0,55,compute,228.703527,229.422273,0.718746,0,0,0,0,0
0,56,trunk,229.422274,229.425858,0.003584,645562368,-105,1,0,0
0,56,expert,229.483291,229.981180,0.497889,280887296,0,0,16,0
0,56,compute,229.425882,230.098213,0.672331,0,0,0,0,0
0,57,trunk,230.098215,230.102197,0.003982,645562368,-106,1,0,0
0,57,expert,230.161873,230.698483,0.536610,280887296,0,0,16,0
0,57,compute,230.102225,230.814723,0.712498,0,0,0,0,0
0,58,trunk,230.814724,230.818664,0.003939,645562368,-107,1,0,0
0,58,expert,230.876971,231.271591,0.394620,280887296,0,0,16,0
0,58,compute,230.818693,231.390332,0.571639,0,0,0,0,0
0,59,trunk,231.390334,231.393885,0.003551,431890432,-108,1,0,0
0,59,expert,231.437641,232.009334,0.571692,280887296,0,0,16,0
0,59,compute,231.393906,232.126191,0.732285,0,0,0,0,0
0,60,trunk,232.126193,232.129652,0.003459,645562368,-109,1,0,0
0,60,expert,232.183123,232.767230,0.584108,280887296,0,0,16,0
0,60,compute,232.129673,232.874998,0.745325,0,0,0,0,0
0,61,trunk,232.875000,232.878421,0.003422,645562368,-110,1,0,0
0,61,expert,232.936750,233.492960,0.556210,280887296,0,0,16,0
0,61,compute,232.878443,233.610262,0.731819,0,0,0,0,0
0,62,trunk,233.610263,233.613879,0.003615,645562368,-111,1,0,0
0,62,expert,233.674179,234.077984,0.403805,280887296,0,0,16,0
0,62,compute,233.613903,234.194218,0.580315,0,0,0,0,0
0,63,trunk,234.194220,234.197672,0.003452,431890432,-112,1,0,0
0,63,expert,234.237979,234.822868,0.584889,280887296,0,0,16,0
0,63,compute,234.197693,234.934391,0.736698,0,0,0,0,0
0,64,trunk,234.934392,234.937776,0.003384,645562368,-113,1,0,0
0,64,expert,234.993361,235.545316,0.551955,280887296,0,0,16,0
0,64,compute,234.937799,235.640692,0.702893,0,0,0,0,0
0,65,trunk,235.640694,235.644198,0.003504,645562368,-114,1,0,0
0,65,expert,235.697080,236.266068,0.568988,280887296,0,0,16,0
0,65,compute,235.644222,236.386271,0.742049,0,0,0,0,0
0,66,trunk,236.386273,236.389696,0.003423,645562368,-115,1,0,0
0,66,expert,236.442688,236.870694,0.428005,280887296,0,0,16,0
0,66,compute,236.389717,236.984091,0.594374,0,0,0,0,0
0,67,trunk,236.984094,236.987755,0.003661,431890432,-116,1,0,0
0,67,expert,237.024815,237.624999,0.600184,280887296,0,0,16,0
0,67,compute,236.987779,237.742695,0.754917,0,0,0,0,0
0,68,trunk,237.742697,237.746520,0.003823,645562368,-117,1,0,0
0,68,expert,237.803091,238.350154,0.547063,280887296,0,0,16,0
0,68,compute,237.746543,238.463062,0.716519,0,0,0,0,0
0,69,trunk,238.463063,238.466546,0.003482,645562368,-118,1,0,0
0,69,expert,238.528485,238.993870,0.465385,280887296,0,0,16,0
0,69,compute,238.466569,239.110297,0.643729,0,0,0,0,0
0,70,trunk,239.110298,239.113775,0.003476,645562368,-119,1,0,0
0,70,expert,239.171751,239.527817,0.356066,280887296,0,0,16,0
0,70,compute,239.113796,239.617880,0.504084,0,0,0,0,0
0,71,trunk,239.617882,239.621356,0.003474,431890432,-120,1,0,0
0,71,expert,239.654647,240.259108,0.604461,280887296,0,0,16,0
0,71,compute,239.621377,240.370202,0.748826,0,0,0,0,0
0,72,trunk,240.370205,240.373604,0.003399,645562368,-121,1,0,0
0,72,expert,240.431173,241.012591,0.581418,280887296,0,0,16,0
0,72,compute,240.373626,241.106712,0.733086,0,0,0,0,0
0,73,trunk,241.106714,241.110189,0.003475,645562368,-122,1,0,0
0,73,expert,241.171563,241.772146,0.600583,280887296,0,0,16,0
0,73,compute,241.110210,241.866571,0.756360,0,0,0,0,0
0,74,trunk,241.866572,241.870288,0.003716,645562368,-123,1,0,0
0,74,expert,241.925066,242.354905,0.429839,280887296,0,0,16,0
0,74,compute,241.870329,242.466169,0.595840,0,0,0,0,0
0,75,trunk,242.466171,242.469377,0.003206,431890432,-124,1,0,0
0,75,expert,242.514393,243.086999,0.572606,280887296,0,0,16,0
0,75,compute,242.469398,243.198186,0.728789,0,0,0,0,0
0,76,trunk,243.198206,243.201690,0.003483,645562368,-125,1,0,0
0,76,expert,243.258887,243.800395,0.541508,280887296,0,0,16,0
0,76,compute,243.201713,243.892371,0.690658,0,0,0,0,0
0,77,trunk,243.892373,243.895753,0.003381,645562368,-126,1,0,0
0,77,expert,243.956300,244.529088,0.572788,280887296,0,0,16,0
0,77,compute,243.895776,244.642242,0.746466,0,0,0,0,0
0,78,trunk,244.642244,244.645654,0.003410,645562368,-127,1,0,0
0,78,expert,244.694985,245.122258,0.427273,280887296,0,0,16,0
0,78,compute,244.645676,245.238220,0.592544,0,0,0,0,0
0,79,trunk,245.238222,245.241702,0.003480,431890432,-128,1,0,0
0,79,expert,245.277965,245.828248,0.550283,280887296,0,0,16,0
0,79,compute,245.241722,245.922719,0.680997,0,0,0,0,0
0,80,trunk,245.922721,245.926182,0.003461,645562368,-129,1,0,0
0,80,expert,245.986013,246.546207,0.560194,280887296,0,0,16,0
0,80,compute,245.926204,246.658324,0.732120,0,0,0,0,0
0,81,trunk,246.658326,246.661817,0.003491,645562368,-130,1,0,0
0,81,expert,246.727880,247.273465,0.545586,280887296,0,0,16,0
0,81,compute,246.661838,247.390287,0.728449,0,0,0,0,0
0,82,trunk,247.390289,247.393864,0.003575,645562368,-131,1,0,0
0,82,expert,247.446134,247.882829,0.436695,280887296,0,0,16,0
0,82,compute,247.393887,247.998609,0.604722,0,0,0,0,0
0,83,trunk,247.998611,248.002185,0.003575,431890432,-132,1,0,0
0,83,expert,248.040923,248.598692,0.557769,280887296,0,0,16,0
0,83,compute,248.002206,248.719048,0.716842,0,0,0,0,0
0,84,trunk,248.719050,248.722802,0.003752,645562368,-133,1,0,0
0,84,expert,248.784765,249.354334,0.569568,280887296,0,0,16,0
0,84,compute,248.722860,249.466242,0.743382,0,0,0,0,0
0,85,trunk,249.466243,249.469841,0.003597,645562368,-134,1,0,0
0,85,expert,249.524830,250.082575,0.557744,280887296,0,0,16,0
0,85,compute,249.469867,250.198205,0.728338,0,0,0,0,0
0,86,trunk,250.198207,250.201921,0.003714,645562368,-135,1,0,0
0,86,expert,250.253033,250.671881,0.418848,280887296,0,0,16,0
0,86,compute,250.201943,250.763485,0.561542,0,0,0,0,0
0,87,trunk,250.763487,250.766967,0.003480,431890432,-136,1,0,0
0,87,expert,250.805287,251.341518,0.536231,280887296,0,0,16,0
0,87,compute,250.766991,251.450420,0.683429,0,0,0,0,0
0,88,trunk,251.450421,251.453842,0.003421,645562368,-137,1,0,0
0,88,expert,251.510796,252.051898,0.541102,280887296,0,0,16,0
0,88,compute,251.453865,252.147983,0.694118,0,0,0,0,0
0,89,trunk,252.147986,252.151762,0.003777,645562368,-138,1,0,0
0,89,expert,252.211531,252.765667,0.554136,280887296,0,0,16,0
0,89,compute,252.151789,252.902647,0.750858,0,0,0,0,0
0,90,trunk,252.902649,252.906132,0.003484,645562368,-139,1,0,0
0,90,expert,252.956891,253.364209,0.407318,280887296,0,0,16,0
0,90,compute,252.906179,253.498243,0.592064,0,0,0,0,0
0,91,trunk,253.498245,253.501878,0.003634,431890432,-140,1,0,0
0,91,expert,253.534101,253.970289,0.436189,280887296,0,0,16,0
0,91,compute,253.501901,254.082310,0.580409,0,0,0,0,0
0,92,trunk,254.082312,254.086231,0.003918,431890432,-141,1,0,0
0,92,expert,254.112122,254.276672,0.164550,280887296,0,0,16,0
0,92,compute,254.086232,254.392774,0.306542,0,0,0,0,0
0,0,trunk,254.489709,254.489744,0.000035,0,-141,0,0,0
0,0,compute,254.489744,254.590566,0.100821,0,0,0,0,0
0,1,trunk,254.590567,254.594023,0.003456,0,-140,0,0,0
0,1,expert,254.643618,254.801019,0.157401,280887296,0,0,16,0
0,1,compute,254.594024,254.894735,0.300710,0,0,0,0,0
0,2,trunk,254.894736,254.898105,0.003369,0,-139,0,0,0
0,2,expert,254.938475,255.093547,0.155072,263331840,0,0,15,0
0,2,compute,254.898107,255.206226,0.308119,0,0,0,0,0
0,3,trunk,255.206227,255.209729,0.003501,0,-138,0,0,0
0,3,expert,255.232574,255.360737,0.128164,228220928,0,0,13,0
0,3,compute,255.209730,255.478199,0.268469,0,0,0,0,0
0,4,trunk,255.478200,255.481928,0.003727,0,-137,0,0,0
0,4,expert,255.524600,255.669804,0.145204,263331840,0,0,15,0
0,4,compute,255.481929,255.790682,0.308752,0,0,0,0,0
0,5,trunk,255.790684,255.794134,0.003450,0,-136,0,0,0
0,5,expert,255.839733,256.002523,0.162790,280887296,0,0,16,0
0,5,compute,255.794136,256.118186,0.324050,0,0,0,0,0
0,6,trunk,256.118187,256.121515,0.003328,0,-135,0,0,0
0,6,expert,256.166460,256.317955,0.151495,263331840,0,0,15,0
0,6,compute,256.121518,256.430693,0.309175,0,0,0,0,0
0,7,trunk,256.430694,256.434258,0.003563,0,-134,0,0,0
0,7,expert,256.455435,256.604534,0.149099,263331840,0,0,15,0
0,7,compute,256.434259,256.692730,0.258470,0,0,0,0,0
0,8,trunk,256.692731,256.696121,0.003390,0,-133,0,0,0
0,8,expert,256.736936,256.890768,0.153832,280887296,0,0,16,0
0,8,compute,256.696124,257.026191,0.330067,0,0,0,0,0
0,9,trunk,257.026193,257.029698,0.003506,0,-132,0,0,0
0,9,expert,257.069264,257.219833,0.150568,263331840,0,0,15,0
0,9,compute,257.029701,257.315409,0.285708,0,0,0,0,0
0,10,trunk,257.315411,257.319084,0.003674,0,-131,0,0,0
0,10,expert,257.360613,257.514234,0.153621,263331840,0,0,15,0
0,10,compute,257.319086,257.630213,0.311127,0,0,0,0,0
0,11,trunk,257.630215,257.633634,0.003419,0,-130,0,0,0
0,11,expert,257.662135,257.810802,0.148667,263331840,0,0,15,0
0,11,compute,257.633635,257.926255,0.292620,0,0,0,0,0
0,12,trunk,257.926256,257.929604,0.003348,0,-129,0,0,0
0,12,expert,257.976505,258.120599,0.144094,263331840,0,0,15,0
0,12,compute,257.929606,258.234165,0.304559,0,0,0,0,0
0,13,trunk,258.234166,258.237583,0.003417,0,-128,0,0,0
0,13,expert,258.278652,258.438749,0.160097,280887296,0,0,16,0
0,13,compute,258.237585,258.555022,0.317438,0,0,0,0,0
0,14,trunk,258.555024,258.558569,0.003545,0,-127,0,0,0
0,14,expert,258.598536,258.747473,0.148937,263331840,0,0,15,0
0,14,compute,258.558570,258.854291,0.295721,0,0,0,0,0
0,15,trunk,258.854292,258.858039,0.003747,0,-126,0,0,0
0,15,expert,258.882573,259.038820,0.156247,280887296,0,0,16,0
0,15,compute,258.858059,259.150634,0.292574,0,0,0,0,0
0,16,trunk,259.150635,259.154503,0.003868,0,-125,0,0,0
0,16,expert,259.194170,259.343081,0.148911,263331840,0,0,15,0
0,16,compute,259.154505,259.479364,0.324860,0,0,0,0,0
0,17,trunk,259.479366,259.482917,0.003551,0,-124,0,0,0
0,17,expert,259.527406,259.683384,0.155978,280887296,0,0,16,0
0,17,compute,259.482918,259.798162,0.315244,0,0,0,0,0
0,18,trunk,259.798163,259.801500,0.003337,0,-123,0,0,0
0,18,expert,259.843246,260.002083,0.158836,280887296,0,0,16,0
0,18,compute,259.801502,260.114317,0.312816,0,0,0,0,0
0,19,trunk,260.114319,260.118122,0.003803,0,-122,0,0,0
0,19,expert,260.139911,260.300015,0.160103,280887296,0,0,16,0
0,19,compute,260.118124,260.421607,0.303484,0,0,0,0,0
0,20,trunk,260.421609,260.425067,0.003458,0,-121,0,0,0
0,20,expert,260.463239,260.616597,0.153357,280887296,0,0,16,0
0,20,compute,260.425068,260.707561,0.282493,0,0,0,0,0
0,21,trunk,260.707563,260.710950,0.003388,0,-120,0,0,0
0,21,expert,260.770260,261.239724,0.469464,280887296,0,0,16,0
0,21,compute,260.710973,261.333813,0.622840,0,0,0,0,0
0,22,trunk,261.333814,261.337629,0.003815,645562368,-120,1,0,0
0,22,expert,261.393445,261.756493,0.363048,280887296,0,0,16,0
0,22,compute,261.337652,261.850692,0.513040,0,0,0,0,0
0,23,trunk,261.850693,261.854183,0.003490,431890432,-121,1,0,0
0,23,expert,261.888139,262.360484,0.472345,263331840,0,0,15,0
0,23,compute,261.854206,262.456089,0.601884,0,0,0,0,0
0,24,trunk,262.456090,262.459511,0.003421,645562368,-122,1,0,0
0,24,expert,262.518885,263.000496,0.481611,228220928,0,0,13,0
0,24,compute,262.459542,263.094262,0.634721,0,0,0,0,0
0,25,trunk,263.094265,263.097848,0.003584,645562368,-123,1,0,0
0,25,expert,263.161853,263.689994,0.528142,263331840,0,0,15,0
0,25,compute,263.097872,263.810208,0.712335,0,0,0,0,0
0,26,trunk,263.810209,263.813783,0.003573,645562368,-124,1,0,0
0,26,expert,263.874883,264.272846,0.397963,263331840,0,0,15,0
0,26,compute,263.813826,264.373880,0.560054,0,0,0,0,0
0,27,trunk,264.373882,264.377625,0.003744,431890432,-125,1,0,0
0,27,expert,264.423594,264.900154,0.476560,280887296,0,0,16,0
0,27,compute,264.377647,265.014207,0.636560,0,0,0,0,0
0,28,trunk,265.014208,265.017932,0.003723,645562368,-126,1,0,0
0,28,expert,265.079132,265.530369,0.451237,263331840,0,0,15,0
0,28,compute,265.017961,265.639008,0.621047,0,0,0,0,0
0,29,trunk,265.639009,265.642612,0.003603,645562368,-127,1,0,0
0,29,expert,265.704849,266.201408,0.496559,280887296,0,0,16,0
0,29,compute,265.642635,266.322257,0.679622,0,0,0,0,0
0,30,trunk,266.322258,266.325721,0.003462,645562368,-128,1,0,0
0,30,expert,266.379336,266.784798,0.405461,280887296,0,0,16,0
0,30,compute,266.325743,266.898223,0.572479,0,0,0,0,0
0,31,trunk,266.898225,266.901921,0.003697,431890432,-129,1,0,0
0,31,expert,266.942796,267.718409,0.775613,280887296,0,0,16,0
0,31,compute,266.901944,267.812912,0.910968,0,0,0,0,0
0,32,trunk,267.812933,267.816496,0.003563,645562368,-130,1,0,0
0,32,expert,267.873913,268.614733,0.740820,245776384,0,0,14,0
0,32,compute,267.816514,268.725460,0.908946,0,0,0,0,0
0,33,trunk,268.725462,268.728971,0.003509,645562368,-131,1,0,0
0,33,expert,268.789595,269.582946,0.793351,263331840,0,0,15,0
0,33,compute,268.728989,269.692475,0.963486,0,0,0,0,0
0,34,trunk,269.692476,269.696188,0.003711,645562368,-132,1,0,0
0,34,expert,269.750175,270.346079,0.595904,280887296,0,0,16,0
0,34,compute,269.696206,270.458235,0.762029,0,0,0,0,0
0,35,trunk,270.458237,270.461868,0.003631,431890432,-133,1,0,0
0,35,expert,270.499897,271.298479,0.798583,280887296,0,0,16,0
0,35,compute,270.461890,271.414166,0.952276,0,0,0,0,0
0,36,trunk,271.414168,271.417820,0.003652,645562368,-134,1,0,0
0,36,expert,271.483012,272.228809,0.745796,245776384,0,0,14,0
0,36,compute,271.417840,272.342229,0.924388,0,0,0,0,0
0,37,trunk,272.342230,272.345649,0.003419,645562368,-135,1,0,0
0,37,expert,272.398628,273.175129,0.776502,280887296,0,0,16,0
0,37,compute,272.345691,273.282994,0.937303,0,0,0,0,0
0,38,trunk,273.282996,273.286415,0.003419,645562368,-136,1,0,0
0,38,expert,273.345803,273.898864,0.553061,280887296,0,0,16,0
0,38,compute,273.286437,274.022212,0.735775,0,0,0,0,0
0,39,trunk,274.022213,274.026104,0.003891,431890432,-137,1,0,0
0,39,expert,274.069275,274.841463,0.772188,280887296,0,0,16,0
0,39,compute,274.026132,274.954297,0.928165,0,0,0,0,0
0,40,trunk,274.954298,274.958301,0.004003,645562368,-138,1,0,0
0,40,expert,275.024781,275.795392,0.770611,280887296,0,0,16,0
0,40,compute,274.958329,275.902244,0.943914,0,0,0,0,0
0,41,trunk,275.902246,275.905663,0.003417,645562368,-139,1,0,0
0,41,expert,275.973331,276.714130,0.740799,280887296,0,0,16,0
0,41,compute,275.905683,276.842205,0.936522,0,0,0,0,0
0,42,trunk,276.842207,276.845900,0.003693,645562368,-140,1,0,0
0,42,expert,276.908103,277.485983,0.577880,280887296,0,0,16,0
0,42,compute,276.845930,277.606199,0.760269,0,0,0,0,0
0,43,trunk,277.606201,277.609796,0.003595,431890432,-141,1,0,0
0,43,expert,277.648875,278.469269,0.820393,280887296,0,0,16,0
0,43,compute,277.609818,278.582260,0.972442,0,0,0,0,0
0,44,trunk,278.582262,278.585918,0.003656,645562368,-142,1,0,0
0,44,expert,278.646133,279.423714,0.777582,280887296,0,0,16,0
0,44,compute,278.585940,279.537997,0.952057,0,0,0,0,0
0,45,trunk,279.537999,279.541645,0.003646,645562368,-143,1,0,0
0,45,expert,279.599309,280.372757,0.773448,280887296,0,0,16,0
0,45,compute,279.541687,280.478354,0.936667,0,0,0,0,0
0,46,trunk,280.478356,280.481924,0.003569,645562368,-144,1,0,0
0,46,expert,280.537635,281.107764,0.570129,263331840,0,0,15,0
0,46,compute,280.481950,281.230223,0.748273,0,0,0,0,0
0,47,trunk,281.230224,281.234079,0.003854,431890432,-145,1,0,0
0,47,expert,281.275294,282.005366,0.730072,263331840,0,0,15,0
0,47,compute,281.234116,282.122169,0.888053,0,0,0,0,0
0,48,trunk,282.122171,282.125587,0.003417,645562368,-146,1,0,0
0,48,expert,282.190630,282.917842,0.727211,263331840,0,0,15,0
0,48,compute,282.125631,283.034206,0.908575,0,0,0,0,0
0,49,trunk,283.034207,283.037694,0.003486,645562368,-147,1,0,0
0,49,expert,283.095484,283.860104,0.764619,263331840,0,0,15,0
0,49,compute,283.037716,283.974171,0.936455,0,0,0,0,0
0,50,trunk,283.974173,283.977777,0.003604,645562368,-148,1,0,0
0,50,expert,284.031429,284.617433,0.586004,280887296,0,0,16,0
0,50,compute,283.977801,284.713471,0.735671,0,0,0,0,0
0,51,trunk,284.713473,284.717409,0.003936,431890432,-149,1,0,0
0,51,expert,284.755388,285.516648,0.761260,280887296,0,0,16,0
0,51,compute,284.717453,285.629935,0.912482,0,0,0,0,0
0,52,trunk,285.629936,285.633570,0.003634,645562368,-150,1,0,0
0,52,expert,285.685688,286.415074,0.729386,280887296,0,0,16,0
0,52,compute,285.633594,286.515956,0.882362,0,0,0,0,0
0,53,trunk,286.515958,286.519628,0.003670,645562368,-151,1,0,0
0,53,expert,286.578430,287.334290,0.755860,263331840,0,0,15,0
0,53,compute,286.519657,287.442166,0.922509,0,0,0,0,0
0,54,trunk,287.442168,287.445891,0.003723,645562368,-152,1,0,0
0,54,expert,287.497368,288.072858,0.575491,280887296,0,0,16,0
0,54,compute,287.445918,288.186840,0.740922,0,0,0,0,0
0,55,trunk,288.186842,288.190446,0.003603,431890432,-153,1,0,0
0,55,expert,288.228934,288.975391,0.746457,280887296,0,0,16,0
0,55,compute,288.190468,289.082550,0.892081,0,0,0,0,0
0,56,trunk,289.082551,289.086923,0.004372,645562368,-154,1,0,0
0,56,expert,289.153263,289.903382,0.750119,280887296,0,0,16,0
0,56,compute,289.086964,290.009161,0.922197,0,0,0,0,0
0,57,trunk,290.009163,290.012871,0.003708,645562368,-155,1,0,0
0,57,expert,290.072322,290.847307,0.774985,280887296,0,0,16,0
0,57,compute,290.012915,290.986224,0.973309,0,0,0,0,0
0,58,trunk,290.986226,290.989754,0.003528,645562368,-156,1,0,0
0,58,expert,291.047889,291.619302,0.571413,280887296,0,0,16,0
0,58,compute,290.989775,291.735007,0.745232,0,0,0,0,0
0,59,trunk,291.735008,291.738856,0.003848,431890432,-157,1,0,0
0,59,expert,291.778936,292.570699,0.791763,280887296,0,0,16,0
0,59,compute,291.738922,292.690213,0.951291,0,0,0,0,0
0,60,trunk,292.690214,292.693822,0.003608,645562368,-158,1,0,0
0,60,expert,292.754833,293.543820,0.788987,280887296,0,0,16,0
0,60,compute,292.693865,293.646731,0.952866,0,0,0,0,0
0,61,trunk,293.646733,293.651036,0.004303,645562368,-159,1,0,0
0,61,expert,293.728120,294.470400,0.742280,280887296,0,0,16,0
0,61,compute,293.651075,294.590225,0.939150,0,0,0,0,0
0,62,trunk,294.590226,294.593805,0.003579,645562368,-160,1,0,0
0,62,expert,294.644375,295.211042,0.566668,280887296,0,0,16,0
0,62,compute,294.593827,295.329954,0.736127,0,0,0,0,0
0,63,trunk,295.329956,295.333415,0.003459,431890432,-161,1,0,0
0,63,expert,295.375799,296.144216,0.768417,280887296,0,0,16,0
0,63,compute,295.333441,296.250173,0.916732,0,0,0,0,0
0,64,trunk,296.250175,296.253636,0.003461,645562368,-162,1,0,0
0,64,expert,296.318808,297.080666,0.761858,280887296,0,0,16,0
0,64,compute,296.253656,297.198162,0.944506,0,0,0,0,0
0,65,trunk,297.198163,297.201831,0.003667,645562368,-163,1,0,0
0,65,expert,297.282459,298.025299,0.742840,280887296,0,0,16,0
0,65,compute,297.201852,298.139246,0.937394,0,0,0,0,0
0,66,trunk,298.139248,298.142955,0.003707,645562368,-164,1,0,0
0,66,expert,298.196928,298.776814,0.579887,280887296,0,0,16,0
0,66,compute,298.142981,298.872396,0.729415,0,0,0,0,0
0,67,trunk,298.872397,298.875931,0.003533,431890432,-165,1,0,0
0,67,expert,298.913489,299.689926,0.776437,280887296,0,0,16,0
0,67,compute,298.875957,299.802192,0.926234,0,0,0,0,0
0,68,trunk,299.802193,299.805829,0.003636,645562368,-166,1,0,0
0,68,expert,299.861404,300.603614,0.742210,280887296,0,0,16,0
0,68,compute,299.805853,300.722435,0.916582,0,0,0,0,0
0,69,trunk,300.722437,300.725993,0.003556,645562368,-167,1,0,0
0,69,expert,300.780718,301.568054,0.787337,280887296,0,0,16,0
0,69,compute,300.726016,301.682488,0.956471,0,0,0,0,0
0,70,trunk,301.682489,301.686011,0.003521,645562368,-168,1,0,0
0,70,expert,301.736266,302.269601,0.533335,280887296,0,0,16,0
0,70,compute,301.686039,302.390220,0.704181,0,0,0,0,0
0,71,trunk,302.390222,302.393695,0.003474,431890432,-169,1,0,0
0,71,expert,302.428882,303.259519,0.830637,280887296,0,0,16,0
0,71,compute,302.393717,303.386175,0.992457,0,0,0,0,0
0,72,trunk,303.386176,303.389747,0.003571,645562368,-170,1,0,0
0,72,expert,303.463981,304.231962,0.767981,280887296,0,0,16,0
0,72,compute,303.389770,304.331313,0.941544,0,0,0,0,0
0,73,trunk,304.331315,304.334892,0.003576,645562368,-171,1,0,0
0,73,expert,304.396071,305.181982,0.785910,280887296,0,0,16,0
0,73,compute,304.334918,305.294173,0.959255,0,0,0,0,0
0,74,trunk,305.294174,305.297601,0.003427,645562368,-172,1,0,0
0,74,expert,305.377515,305.936476,0.558961,280887296,0,0,16,0
0,74,compute,305.297623,306.030616,0.732993,0,0,0,0,0
0,75,trunk,306.030617,306.034357,0.003739,431890432,-173,1,0,0
0,75,expert,306.077396,306.848212,0.770816,280887296,0,0,16,0
0,75,compute,306.034397,306.954179,0.919782,0,0,0,0,0
0,76,trunk,306.954180,306.957687,0.003507,645562368,-174,1,0,0
0,76,expert,307.015161,307.764459,0.749298,280887296,0,0,16,0
0,76,compute,306.957710,307.854017,0.896308,0,0,0,0,0
0,77,trunk,307.854019,307.857696,0.003676,645562368,-175,1,0,0
0,77,expert,307.922421,308.682086,0.759665,280887296,0,0,16,0
0,77,compute,307.857717,308.784830,0.927113,0,0,0,0,0
0,78,trunk,308.784831,308.788555,0.003724,645562368,-176,1,0,0
0,78,expert,308.856788,309.431314,0.574526,280887296,0,0,16,0
0,78,compute,308.788576,309.554207,0.765632,0,0,0,0,0
0,79,trunk,309.554209,309.557642,0.003434,431890432,-177,1,0,0
0,79,expert,309.597269,310.357076,0.759806,280887296,0,0,16,0
0,79,compute,309.557665,310.456371,0.898707,0,0,0,0,0
0,80,trunk,310.456373,310.460074,0.003701,645562368,-178,1,0,0
0,80,expert,310.527802,311.265247,0.737445,280887296,0,0,16,0
0,80,compute,310.460091,311.361786,0.901695,0,0,0,0,0
0,81,trunk,311.361788,311.365391,0.003604,645562368,-179,1,0,0
0,81,expert,311.424354,312.179189,0.754834,263331840,0,0,15,0
0,81,compute,311.365415,312.310172,0.944757,0,0,0,0,0
0,82,trunk,312.310174,312.313889,0.003715,645562368,-180,1,0,0
0,82,expert,312.406280,312.955092,0.548813,280887296,0,0,16,0
0,82,compute,312.313922,313.070251,0.756329,0,0,0,0,0
0,83,trunk,313.070253,313.073805,0.003552,431890432,-181,1,0,0
0,83,expert,313.118720,313.838270,0.719550,228220928,0,0,13,0
0,83,compute,313.073830,313.958255,0.884425,0,0,0,0,0
0,84,trunk,313.958256,313.961819,0.003562,645562368,-182,1,0,0
0,84,expert,314.022395,314.743424,0.721029,228220928,0,0,13,0
0,84,compute,313.961842,314.862441,0.900599,0,0,0,0,0
0,85,trunk,314.862443,314.866006,0.003564,645562368,-183,1,0,0
0,85,expert,314.919149,315.651379,0.732229,245776384,0,0,14,0
0,85,compute,314.866029,315.770235,0.904206,0,0,0,0,0
0,86,trunk,315.770237,315.773752,0.003515,645562368,-184,1,0,0
0,86,expert,315.822583,316.394886,0.572303,280887296,0,0,16,0
0,86,compute,315.773775,316.486960,0.713185,0,0,0,0,0
0,87,trunk,316.486962,316.490497,0.003535,431890432,-185,1,0,0
0,87,expert,316.527108,317.233286,0.706179,228220928,0,0,13,0
0,87,compute,316.490536,317.329257,0.838721,0,0,0,0,0
0,88,trunk,317.329259,317.332839,0.003580,645562368,-186,1,0,0
0,88,expert,317.390433,318.141668,0.751235,263331840,0,0,15,0
0,88,compute,317.332872,318.263043,0.930170,0,0,0,0,0
0,89,trunk,318.263045,318.266797,0.003752,645562368,-187,1,0,0
0,89,expert,318.326131,319.075932,0.749801,228220928,0,0,13,0
0,89,compute,318.266821,319.214319,0.947498,0,0,0,0,0
0,90,trunk,319.214321,319.218276,0.003955,645562368,-188,1,0,0
0,90,expert,319.275929,319.780181,0.504252,210665472,0,0,12,0
0,90,compute,319.218300,319.906423,0.688123,0,0,0,0,0
0,91,trunk,319.906425,319.910298,0.003873,431890432,-189,1,0,0
0,91,expert,319.951314,320.480264,0.528950,228220928,0,0,13,0
0,91,compute,319.910321,320.598258,0.687937,0,0,0,0,0
0,92,trunk,320.598259,320.601754,0.003494,431890432,-190,1,0,0
0,92,expert,320.623786,320.808647,0.184860,228220928,0,0,13,0
0,92,compute,320.601756,320.922277,0.320522,0,0,0,0,0
0,0,trunk,321.020355,321.020395,0.000040,0,-190,0,0,0
0,0,compute,321.020396,321.131509,0.111114,0,0,0,0,0
0,1,trunk,321.131511,321.135121,0.003611,0,-189,0,0,0
0,1,expert,321.192160,321.403831,0.211671,263331840,0,0,15,0
0,1,compute,321.135123,321.498478,0.363355,0,0,0,0,0
0,2,trunk,321.498480,321.502001,0.003521,0,-188,0,0,0
0,2,expert,321.560485,321.759991,0.199506,245776384,0,0,14,0
0,2,compute,321.502003,321.854067,0.352065,0,0,0,0,0
0,3,trunk,321.854069,321.857612,0.003543,0,-187,0,0,0
0,3,expert,321.884074,322.059357,0.175284,210665472,0,0,12,0
0,3,compute,321.857613,322.198887,0.341274,0,0,0,0,0
0,4,trunk,322.198889,322.202519,0.003630,0,-186,0,0,0
0,4,expert,322.244437,322.428310,0.183873,228220928,0,0,13,0
0,4,compute,322.202521,322.542462,0.339941,0,0,0,0,0
0,5,trunk,322.542464,322.546102,0.003638,0,-185,0,0,0
0,5,expert,322.601285,322.826872,0.225587,263331840,0,0,15,0
0,5,compute,322.546104,322.946218,0.400115,0,0,0,0,0
0,6,trunk,322.946220,322.949631,0.003411,0,-184,0,0,0
0,6,expert,322.994387,323.223329,0.228942,280887296,0,0,16,0
0,6,compute,322.949633,323.334311,0.384678,0,0,0,0,0
0,7,trunk,323.334312,323.338005,0.003693,0,-183,0,0,0
0,7,expert,323.359985,323.573745,0.213760,263331840,0,0,15,0
0,7,compute,323.338007,323.690561,0.352554,0,0,0,0,0
0,8,trunk,323.690563,323.693970,0.003408,0,-182,0,0,0
0,8,expert,323.781204,324.008324,0.227120,280887296,0,0,16,0
0,8,compute,323.693972,324.122163,0.428191,0,0,0,0,0
0,9,trunk,324.122165,324.125642,0.003477,0,-181,0,0,0
0,9,expert,324.178986,324.349578,0.170592,210665472,0,0,12,0
0,9,compute,324.125644,324.462371,0.336727,0,0,0,0,0
0,10,trunk,324.462372,324.465849,0.003477,0,-180,0,0,0
0,10,expert,324.505461,324.650936,0.145474,175554560,0,0,10,0
0,10,compute,324.465851,324.763028,0.297177,0,0,0,0,0
0,11,trunk,324.763029,324.766489,0.003460,0,-179,0,0,0
0,11,expert,324.795046,324.981889,0.186844,228220928,0,0,13,0
0,11,compute,324.766491,325.094171,0.327680,0,0,0,0,0
0,12,trunk,325.094173,325.097522,0.003350,0,-178,0,0,0
0,12,expert,325.135872,325.336628,0.200756,245776384,0,0,14,0
0,12,compute,325.097548,325.435327,0.337779,0,0,0,0,0
0,13,trunk,325.435329,325.438828,0.003499,0,-177,0,0,0
0,13,expert,325.478785,325.667470,0.188685,228220928,0,0,13,0
0,13,compute,325.438830,325.778217,0.339387,0,0,0,0,0
0,14,trunk,325.778219,325.781709,0.003490,0,-176,0,0,0
0,14,expert,325.821370,326.000760,0.179390,228220928,0,0,13,0
0,14,compute,325.781712,326.114409,0.332698,0,0,0,0,0
0,15,trunk,326.114410,326.118608,0.004198,0,-175,0,0,0
0,15,expert,326.142325,326.339477,0.197152,245776384,0,0,14,0
0,15,compute,326.118610,326.466212,0.347602,0,0,0,0,0
0,16,trunk,326.466213,326.469559,0.003345,0,-174,0,0,0
0,16,expert,326.513024,326.682316,0.169292,210665472,0,0,12,0
0,16,compute,326.469561,326.806406,0.336845,0,0,0,0,0
0,17,trunk,326.806407,326.809868,0.003460,0,-173,0,0,0
0,17,expert,326.853806,327.055739,0.201933,245776384,0,0,14,0
0,17,compute,326.809870,327.149146,0.339276,0,0,0,0,0
0,18,trunk,327.149147,327.152506,0.003359,0,-172,0,0,0
0,18,expert,327.190933,327.376579,0.185646,228220928,0,0,13,0
0,18,compute,327.152508,327.473841,0.321333,0,0,0,0,0
0,19,trunk,327.473842,327.477428,0.003586,0,-171,0,0,0
0,19,expert,327.503645,327.691250,0.187605,228220928,0,0,13,0
0,19,compute,327.477430,327.826744,0.349314,0,0,0,0,0
0,20,trunk,327.826745,327.830551,0.003806,0,-170,0,0,0
0,20,expert,327.872233,328.039197,0.166964,210665472,0,0,12,0
0,20,compute,327.830552,328.155019,0.324466,0,0,0,0,0
0,21,trunk,328.155020,328.158745,0.003725,0,-169,0,0,0
0,21,expert,328.218226,328.968615,0.750389,263331840,0,0,15,0
0,21,compute,328.158767,329.071674,0.912907,0,0,0,0,0
0,22,trunk,329.071675,329.075147,0.003472,645562368,-169,1,0,0
0,22,expert,329.126561,329.694733,0.568172,263331840,0,0,15,0
0,22,compute,329.075169,329.806195,0.731027,0,0,0,0,0
0,23,trunk,329.806197,329.809630,0.003433,431890432,-170,1,0,0
0,23,expert,329.847946,330.508246,0.660301,210665472,0,0,12,0
0,23,compute,329.809652,330.601736,0.792084,0,0,0,0,0
0,24,trunk,330.601738,330.605207,0.003469,645562368,-171,1,0,0
0,24,expert,330.656608,331.438733,0.782125,228220928,0,0,13,0
0,24,compute,330.605228,331.550422,0.945194,0,0,0,0,0
0,25,trunk,331.550424,331.553849,0.003425,645562368,-172,1,0,0
0,25,expert,331.607594,332.384215,0.776621,280887296,0,0,16,0
0,25,compute,331.553870,332.502061,0.948191,0,0,0,0,0
0,26,trunk,332.502063,332.505479,0.003415,645562368,-173,1,0,0
0,26,expert,332.567075,333.112085,0.545011,245776384,0,0,14,0
0,26,compute,332.505529,333.214892,0.709364,0,0,0,0,0
0,27,trunk,333.214894,333.218546,0.003652,431890432,-174,1,0,0
0,27,expert,333.255737,333.978989,0.723252,280887296,0,0,16,0
0,27,compute,333.218591,334.098233,0.879642,0,0,0,0,0
0,28,trunk,334.098235,334.102033,0.003798,645562368,-175,1,0,0
0,28,expert,334.161025,334.847576,0.686551,263331840,0,0,15,0
0,28,compute,334.102071,334.943736,0.841665,0,0,0,0,0
0,29,trunk,334.943738,334.947276,0.003538,645562368,-176,1,0,0
0,29,expert,334.999932,335.761535,0.761603,245776384,0,0,14,0
0,29,compute,334.947297,335.874201,0.926904,0,0,0,0,0
0,30,trunk,335.874203,335.877720,0.003517,645562368,-177,1,0,0
0,30,expert,335.933519,336.512538,0.579019,263331840,0,0,15,0
0,30,compute,335.877742,336.618169,0.740428,0,0,0,0,0
0,31,trunk,336.618171,336.621812,0.003641,431890432,-178,1,0,0
0,31,expert,336.659968,337.429471,0.769504,263331840,0,0,15,0
0,31,compute,336.621834,337.542223,0.920390,0,0,0,0,0
0,32,trunk,337.542225,337.545709,0.003484,645562368,-179,1,0,0
0,32,expert,337.597603,338.316976,0.719373,210665472,0,0,12,0
0,32,compute,337.545749,338.432091,0.886341,0,0,0,0,0
0,33,trunk,338.432092,338.436148,0.004056,645562368,-180,1,0,0
0,33,expert,338.491436,339.265913,0.774477,228220928,0,0,13,0
0,33,compute,338.436168,339.378219,0.942051,0,0,0,0,0
0,34,trunk,339.378220,339.381810,0.003589,645562368,-181,1,0,0
0,34,expert,339.436745,340.008705,0.571959,263331840,0,0,15,0
0,34,compute,339.381830,340.099206,0.717376,0,0,0,0,0
0,35,trunk,340.099209,340.102713,0.003504,431890432,-182,1,0,0
0,35,expert,340.138455,340.898557,0.760102,245776384,0,0,14,0
0,35,compute,340.102736,341.002236,0.899501,0,0,0,0,0
0,36,trunk,341.002239,341.005749,0.003510,645562368,-183,1,0,0
0,36,expert,341.062678,341.815933,0.753255,245776384,0,0,14,0
0,36,compute,341.005770,341.904194,0.898424,0,0,0,0,0
0,37,trunk,341.904196,341.907591,0.003395,645562368,-184,1,0,0
0,37,expert,341.963035,342.720240,0.757205,263331840,0,0,15,0
0,37,compute,341.907613,342.835005,0.927392,0,0,0,0,0
0,38,trunk,342.835007,342.838528,0.003521,645562368,-185,1,0,0
0,38,expert,342.888725,343.425158,0.536433,245776384,0,0,14,0
0,38,compute,342.838552,343.520768,0.682216,0,0,0,0,0
0,39,trunk,343.520770,343.524269,0.003499,431890432,-186,1,0,0
0,39,expert,343.556983,344.254956,0.697973,245776384,0,0,14,0
0,39,compute,343.524295,344.347417,0.823123,0,0,0,0,0
0,40,trunk,344.347419,344.350851,0.003432,645562368,-187,1,0,0
0,40,expert,344.407950,345.163234,0.755284,263331840,0,0,15,0
0,40,compute,344.350874,345.278217,0.927343,0,0,0,0,0
0,41,trunk,345.278219,345.281946,0.003727,645562368,-188,1,0,0
0,41,expert,345.335258,346.062722,0.727464,245776384,0,0,14,0
0,41,compute,345.281967,346.157674,0.875707,0,0,0,0,0
0,42,trunk,346.157676,346.161141,0.003466,645562368,-189,1,0,0
0,42,expert,346.210427,346.771186,0.560759,245776384,0,0,14,0
0,42,compute,346.161162,346.886394,0.725231,0,0,0,0,0
0,43,trunk,346.886396,346.889803,0.003407,431890432,-190,1,0,0
0,43,expert,346.927557,347.738642,0.811085,280887296,0,0,16,0
0,43,compute,346.889852,347.834405,0.944553,0,0,0,0,0
0,44,trunk,347.834407,347.837898,0.003491,645562368,-191,1,0,0
0,44,expert,347.892254,348.676226,0.783972,280887296,0,0,16,0
0,44,compute,347.837926,348.763883,0.925957,0,0,0,0,0
0,45,trunk,348.763885,348.767522,0.003637,645562368,-192,1,0,0
0,45,expert,348.828103,349.588621,0.760517,263331840,0,0,15,0
0,45,compute,348.767545,349.707802,0.940257,0,0,0,0,0
0,46,trunk,349.707805,349.713011,0.005206,645562368,-193,1,0,0
0,46,expert,349.790776,350.322188,0.531412,245776384,0,0,14,0
0,46,compute,349.713061,350.435243,0.722182,0,0,0,0,0
0,47,trunk,350.435245,350.438856,0.003611,431890432,-194,1,0,0
0,47,expert,350.475253,351.212793,0.737540,245776384,0,0,14,0
0,47,compute,350.438879,351.326216,0.887337,0,0,0,0,0
0,48,trunk,351.326217,351.329919,0.003701,645562368,-195,1,0,0
0,48,expert,351.387282,352.117987,0.730705,263331840,0,0,15,0
0,48,compute,351.329945,352.230554,0.900609,0,0,0,0,0
0,49,trunk,352.230556,352.234258,0.003702,645562368,-196,1,0,0
0,49,expert,352.290170,353.065607,0.775437,263331840,0,0,15,0
0,49,compute,352.234280,353.182296,0.948016,0,0,0,0,0
0,50,trunk,353.182298,353.185905,0.003607,645562368,-197,1,0,0
0,50,expert,353.235206,353.787164,0.551958,263331840,0,0,15,0
0,50,compute,353.185928,353.898254,0.712325,0,0,0,0,0
0,51,trunk,353.898256,353.901739,0.003483,431890432,-198,1,0,0
0,51,expert,353.946922,354.662185,0.715262,245776384,0,0,14,0
0,51,compute,353.901760,354.756928,0.855168,0,0,0,0,0
0,52,trunk,354.756930,354.760377,0.003448,645562368,-199,1,0,0
0,52,expert,354.811138,355.456489,0.645351,228220928,0,0,13,0
0,52,compute,354.760396,355.552247,0.791851,0,0,0,0,0
0,53,trunk,355.552248,355.555636,0.003387,645562368,-200,1,0,0
0,53,expert,355.616697,356.359709,0.743011,245776384,0,0,14,0
0,53,compute,355.555662,356.450103,0.894441,0,0,0,0,0
0,54,trunk,356.450105,356.453708,0.003603,645562368,-201,1,0,0
0,54,expert,356.507272,357.061436,0.554164,263331840,0,0,15,0
0,54,compute,356.453729,357.182202,0.728473,0,0,0,0,0
0,55,trunk,357.182204,357.185642,0.003439,431890432,-202,1,0,0
0,55,expert,357.222207,357.945473,0.723266,228220928,0,0,13,0
0,55,compute,357.185664,358.047079,0.861415,0,0,0,0,0
0,56,trunk,358.047081,358.050645,0.003564,645562368,-203,1,0,0
0,56,expert,358.109015,358.845378,0.736363,263331840,0,0,15,0
0,56,compute,358.050666,358.966456,0.915790,0,0,0,0,0
0,57,trunk,358.966457,358.970321,0.003864,645562368,-204,1,0,0
0,57,expert,359.032676,359.807775,0.775099,280887296,0,0,16,0
0,57,compute,358.970345,359.905244,0.934899,0,0,0,0,0
0,58,trunk,359.905245,359.908711,0.003466,645562368,-205,1,0,0
0,58,expert,359.957050,360.507141,0.550091,228220928,0,0,13,0
0,58,compute,359.908730,360.625246,0.716516,0,0,0,0,0
0,59,trunk,360.625248,360.628753,0.003505,431890432,-206,1,0,0
0,59,expert,360.660107,361.425316,0.765209,228220928,0,0,13,0
0,59,compute,360.628772,361.538241,0.909469,0,0,0,0,0
0,60,trunk,361.538244,361.541742,0.003498,645562368,-207,1,0,0
0,60,expert,361.604366,362.361703,0.757337,263331840,0,0,15,0
0,60,compute,361.541764,362.478796,0.937033,0,0,0,0,0
0,61,trunk,362.478798,362.482404,0.003606,645562368,-208,1,0,0
0,61,expert,362.544711,363.271893,0.727182,263331840,0,0,15,0
0,61,compute,362.482446,363.378214,0.895768,0,0,0,0,0
0,62,trunk,363.378216,363.381681,0.003464,645562368,-209,1,0,0
0,62,expert,363.428177,363.886849,0.458672,210665472,0,0,12,0
0,62,compute,363.381700,363.984463,0.602763,0,0,0,0,0
0,63,trunk,363.984465,363.987943,0.003478,431890432,-210,1,0,0
0,63,expert,364.023456,364.755300,0.731844,228220928,0,0,13,0
0,63,compute,363.987970,364.874201,0.886231,0,0,0,0,0
0,64,trunk,364.874202,364.877695,0.003492,645562368,-211,1,0,0
0,64,expert,364.937043,365.674372,0.737330,245776384,0,0,14,0
0,64,compute,364.877717,365.770675,0.892958,0,0,0,0,0
0,65,trunk,365.770677,365.774176,0.003499,645562368,-212,1,0,0
0,65,expert,365.828187,366.536204,0.708017,210665472,0,0,12,0
0,65,compute,365.774199,366.642578,0.868379,0,0,0,0,0
0,66,trunk,366.642579,366.645920,0.003341,645562368,-213,1,0,0
0,66,expert,366.700915,367.245580,0.544665,245776384,0,0,14,0
0,66,compute,366.645943,367.365292,0.719350,0,0,0,0,0
0,67,trunk,367.365294,367.368745,0.003450,431890432,-214,1,0,0
0,67,expert,367.406099,368.166710,0.760612,245776384,0,0,14,0
0,67,compute,367.368764,368.274736,0.905972,0,0,0,0,0
0,68,trunk,368.274738,368.278236,0.003498,645562368,-215,1,0,0
0,68,expert,368.329093,369.048224,0.719131,228220928,0,0,13,0
0,68,compute,368.278260,369.142064,0.863804,0,0,0,0,0
0,69,trunk,369.142065,369.145872,0.003807,645562368,-216,1,0,0
0,69,expert,369.208358,369.943221,0.734864,228220928,0,0,13,0
0,69,compute,369.145897,370.059062,0.913165,0,0,0,0,0
0,70,trunk,370.059063,370.062677,0.003614,645562368,-217,1,0,0
0,70,expert,370.117322,370.628525,0.511203,210665472,0,0,12,0
0,70,compute,370.062708,370.720826,0.658118,0,0,0,0,0
0,71,trunk,370.720828,370.724298,0.003470,431890432,-218,1,0,0
0,71,expert,370.762430,371.427489,0.665060,245776384,0,0,14,0
0,71,compute,370.724316,371.546199,0.821883,0,0,0,0,0
0,72,trunk,371.546201,371.564340,0.018139,645562368,-219,1,0,0
0,72,expert,371.626717,372.384725,0.758008,263331840,0,0,15,0
0,72,compute,371.564382,372.496418,0.932036,0,0,0,0,0
0,73,trunk,372.496420,372.500074,0.003654,645562368,-220,1,0,0
0,73,expert,372.556143,373.337401,0.781258,280887296,0,0,16,0
0,73,compute,372.500092,373.450999,0.950908,0,0,0,0,0
0,74,trunk,373.451002,373.454451,0.003450,645562368,-221,1,0,0
0,74,expert,373.506230,374.085580,0.579351,280887296,0,0,16,0
0,74,compute,373.454475,374.202338,0.747863,0,0,0,0,0
0,75,trunk,374.202339,374.205883,0.003543,431890432,-222,1,0,0
0,75,expert,374.243119,375.025733,0.782614,280887296,0,0,16,0
0,75,compute,374.205906,375.142189,0.936283,0,0,0,0,0
0,76,trunk,375.142191,375.145718,0.003528,645562368,-223,1,0,0
0,76,expert,375.198643,375.926684,0.728041,280887296,0,0,16,0
0,76,compute,375.145741,376.046463,0.900722,0,0,0,0,0
0,77,trunk,376.046465,376.050061,0.003597,645562368,-224,1,0,0
0,77,expert,376.110067,376.830241,0.720175,228220928,0,0,13,0
0,77,compute,376.050083,376.946292,0.896209,0,0,0,0,0
0,78,trunk,376.946294,376.949801,0.003507,645562368,-225,1,0,0
0,78,expert,376.996874,377.552256,0.555382,245776384,0,0,14,0
0,78,compute,376.949827,377.651629,0.701802,0,0,0,0,0
0,79,trunk,377.651631,377.655143,0.003511,431890432,-226,1,0,0
0,79,expert,377.694627,378.303249,0.608622,245776384,0,0,14,0
0,79,compute,377.655164,378.418158,0.762994,0,0,0,0,0
0,80,trunk,378.418159,378.440614,0.022455,645562368,-227,1,0,0
0,80,expert,378.503118,379.237513,0.734396,280887296,0,0,16,0
0,80,compute,378.440658,379.354325,0.913666,0,0,0,0,0
0,81,trunk,379.354327,379.357833,0.003506,645562368,-228,1,0,0
0,81,expert,379.416692,380.155075,0.738382,245776384,0,0,14,0
0,81,compute,379.357855,380.262177,0.904322,0,0,0,0,0
0,82,trunk,380.262178,380.265827,0.003649,645562368,-229,1,0,0
0,82,expert,380.321240,380.893990,0.572750,263331840,0,0,15,0
0,82,compute,380.265850,380.989643,0.723793,0,0,0,0,0
0,83,trunk,380.989644,380.993369,0.003724,431890432,-230,1,0,0
0,83,expert,381.029564,381.761164,0.731600,228220928,0,0,13,0
0,83,compute,380.993391,381.878245,0.884854,0,0,0,0,0
0,84,trunk,381.878247,381.881652,0.003406,645562368,-231,1,0,0
0,84,expert,381.935304,382.612055,0.676750,175554560,0,0,10,0
0,84,compute,381.881675,382.703475,0.821800,0,0,0,0,0
0,85,trunk,382.703477,382.706913,0.003436,645562368,-232,1,0,0
0,85,expert,382.761228,383.449458,0.688230,228220928,0,0,13,0
0,85,compute,382.706942,383.578181,0.871238,0,0,0,0,0
0,86,trunk,383.578182,383.581656,0.003473,645562368,-233,1,0,0
0,86,expert,383.636678,384.164165,0.527487,245776384,0,0,14,0
0,86,compute,383.581709,384.270303,0.688594,0,0,0,0,0
0,87,trunk,384.270304,384.273905,0.003601,431890432,-234,1,0,0
0,87,expert,384.310560,385.018325,0.707765,228220928,0,0,13,0
0,87,compute,384.273929,385.130163,0.856234,0,0,0,0,0
0,88,trunk,385.130164,385.133708,0.003543,645562368,-235,1,0,0
0,88,expert,385.186582,385.891001,0.704420,210665472,0,0,12,0
0,88,compute,385.133731,386.006224,0.872493,0,0,0,0,0
0,89,trunk,386.006226,386.009961,0.003735,645562368,-236,1,0,0
0,89,expert,386.067377,386.830744,0.763367,245776384,0,0,14,0
0,89,compute,386.010006,386.942179,0.932173,0,0,0,0,0
0,90,trunk,386.942181,386.945627,0.003446,645562368,-237,1,0,0
0,90,expert,387.008408,387.526254,0.517846,228220928,0,0,13,0
0,90,compute,386.945651,387.619136,0.673485,0,0,0,0,0
0,91,trunk,387.619138,387.622932,0.003794,431890432,-238,1,0,0
0,91,expert,387.657351,388.182128,0.524776,210665472,0,0,12,0
0,91,compute,387.622955,388.298195,0.675240,0,0,0,0,0
0,92,trunk,388.298197,388.301607,0.003410,431890432,-239,1,0,0
0,92,expert,388.323700,388.507972,0.184272,228220928,0,0,13,0
0,92,compute,388.301609,388.601589,0.299980,0,0,0,0,0
0,0,trunk,388.698224,388.698259,0.000035,0,-239,0,0,0
0,0,compute,388.698259,388.809310,0.111051,0,0,0,0,0
0,1,trunk,388.809312,388.812839,0.003527,0,-238,0,0,0
0,1,expert,388.851884,389.035871,0.183987,228220928,0,0,13,0
0,1,compute,388.812841,389.150221,0.337380,0,0,0,0,0
0,2,trunk,389.150223,389.153873,0.003650,0,-237,0,0,0
0,2,expert,389.198955,389.339515,0.140560,175554560,0,0,10,0
0,2,compute,389.153875,389.454207,0.300332,0,0,0,0,0
0,3,trunk,389.454209,389.457724,0.003515,0,-236,0,0,0
0,3,expert,389.486992,389.626859,0.139867,175554560,0,0,10,0
0,3,compute,389.457725,389.715281,0.257555,0,0,0,0,0
0,4,trunk,389.715283,389.718787,0.003505,0,-235,0,0,0
0,4,expert,389.767554,389.921809,0.154255,193110016,0,0,11,0
0,4,compute,389.718789,390.038564,0.319775,0,0,0,0,0
0,5,trunk,390.038565,390.041928,0.003363,0,-234,0,0,0
0,5,expert,390.080439,390.234953,0.154514,193110016,0,0,11,0
0,5,compute,390.041930,390.350258,0.308328,0,0,0,0,0
0,6,trunk,390.350260,390.353767,0.003507,0,-233,0,0,0
0,6,expert,390.392991,390.614427,0.221436,280887296,0,0,16,0
0,6,compute,390.353769,390.726259,0.372490,0,0,0,0,0
0,7,trunk,390.726261,390.729852,0.003591,0,-232,0,0,0
0,7,expert,390.760504,390.968931,0.208426,263331840,0,0,15,0
0,7,compute,390.729853,391.098225,0.368371,0,0,0,0,0
0,8,trunk,391.098226,391.101945,0.003719,0,-231,0,0,0
0,8,expert,391.141813,391.353252,0.211439,263331840,0,0,15,0
0,8,compute,391.101947,391.466749,0.364802,0,0,0,0,0
0,9,trunk,391.466750,391.470246,0.003496,0,-230,0,0,0
0,9,expert,391.509504,391.666733,0.157229,193110016,0,0,11,0
0,9,compute,391.470248,391.778199,0.307952,0,0,0,0,0
0,10,trunk,391.778201,391.781589,0.003389,0,-229,0,0,0
0,10,expert,391.821012,392.002685,0.181673,228220928,0,0,13,0
0,10,compute,391.781591,392.114301,0.332711,0,0,0,0,0
0,11,trunk,392.114303,392.117646,0.003344,0,-228,0,0,0
0,11,expert,392.141061,392.277445,0.136385,175554560,0,0,10,0
0,11,compute,392.117648,392.398171,0.280523,0,0,0,0,0
0,12,trunk,392.398172,392.401612,0.003440,0,-227,0,0,0
0,12,expert,392.439338,392.624099,0.184760,228220928,0,0,13,0
0,12,compute,392.401613,392.738205,0.336592,0,0,0,0,0
0,13,trunk,392.738206,392.741684,0.003478,0,-226,0,0,0
0,13,expert,392.790060,392.974731,0.184672,228220928,0,0,13,0
0,13,compute,392.741686,393.086995,0.345309,0,0,0,0,0
0,14,trunk,393.086996,393.090286,0.003291,0,-225,0,0,0
0,14,expert,393.129129,393.324543,0.195414,245776384,0,0,14,0
0,14,compute,393.090289,393.412346,0.322057,0,0,0,0,0
0,15,trunk,393.412347,393.415786,0.003439,0,-224,0,0,0
0,15,expert,393.436624,393.593972,0.157348,193110016,0,0,11,0
0,15,compute,393.415787,393.706213,0.290426,0,0,0,0,0
0,16,trunk,393.706214,393.709474,0.003260,0,-223,0,0,0
0,16,expert,393.795821,393.951574,0.155753,193110016,0,0,11,0
0,16,compute,393.709476,394.047065,0.337589,0,0,0,0,0
0,17,trunk,394.047066,394.050896,0.003830,0,-222,0,0,0
0,17,expert,394.096405,394.262675,0.166270,210665472,0,0,12,0
0,17,compute,394.051030,394.378256,0.327226,0,0,0,0,0
0,18,trunk,394.378258,394.382004,0.003746,0,-221,0,0,0
0,18,expert,394.426777,394.607222,0.180445,228220928,0,0,13,0
0,18,compute,394.382006,394.738918,0.356912,0,0,0,0,0
0,19,trunk,394.738920,394.742477,0.003557,0,-220,0,0,0
0,19,expert,394.777725,394.919628,0.141902,175554560,0,0,10,0
0,19,compute,394.742478,395.008088,0.265610,0,0,0,0,0
0,20,trunk,395.008089,395.011542,0.003452,0,-219,0,0,0
0,20,expert,395.049933,395.220551,0.170618,210665472,0,0,12,0
0,20,compute,395.011544,395.311880,0.300336,0,0,0,0,0
0,21,trunk,395.311881,395.315326,0.003445,0,-218,0,0,0
0,21,expert,395.373981,396.103531,0.729549,228220928,0,0,13,0
0,21,compute,395.315354,396.196510,0.881156,0,0,0,0,0
0,22,trunk,396.196511,396.200033,0.003522,645562368,-218,1,0,0
0,22,expert,396.249397,396.768171,0.518774,193110016,0,0,11,0
0,22,compute,396.200050,396.861695,0.661646,0,0,0,0,0
0,23,trunk,396.861697,396.865157,0.003460,431890432,-219,1,0,0
0,23,expert,396.901522,397.556672,0.655151,193110016,0,0,11,0
0,23,compute,396.865176,397.650581,0.785405,0,0,0,0,0
0,24,trunk,397.650614,397.654040,0.003426,645562368,-220,1,0,0
0,24,expert,397.712324,398.457352,0.745028,193110016,0,0,11,0
0,24,compute,397.654079,398.575011,0.920932,0,0,0,0,0
0,25,trunk,398.575013,398.578479,0.003466,645562368,-221,1,0,0
0,25,expert,398.631251,399.387273,0.756022,263331840,0,0,15,0
0,25,compute,398.578500,399.502441,0.923941,0,0,0,0,0
0,26,trunk,399.502443,399.505930,0.003488,645562368,-222,1,0,0
0,26,expert,399.558459,400.042537,0.484078,228220928,0,0,13,0
0,26,compute,399.505954,400.155003,0.649049,0,0,0,0,0
0,27,trunk,400.155004,400.158410,0.003405,431890432,-223,1,0,0
0,27,expert,400.201759,400.913796,0.712037,263331840,0,0,15,0
0,27,compute,400.158440,401.004145,0.845706,0,0,0,0,0
0,28,trunk,401.004147,401.007599,0.003452,645562368,-224,1,0,0
0,28,expert,401.063070,401.759247,0.696177,263331840,0,0,15,0
0,28,compute,401.007622,401.870993,0.863371,0,0,0,0,0
0,29,trunk,401.870994,401.874685,0.003691,645562368,-225,1,0,0
0,29,expert,401.927432,402.513822,0.586390,228220928,0,0,13,0
0,29,compute,401.874708,402.610129,0.735421,0,0,0,0,0
0,30,trunk,402.610131,402.655890,0.045760,645562368,-226,1,0,0
0,30,expert,402.709384,403.267884,0.558499,228220928,0,0,13,0
0,30,compute,402.655942,403.361197,0.705255,0,0,0,0,0
0,31,trunk,403.361199,403.364638,0.003439,431890432,-227,1,0,0
0,31,expert,403.399138,403.952644,0.553506,245776384,0,0,14,0
0,31,compute,403.364657,404.043374,0.678717,0,0,0,0,0
0,32,trunk,404.043376,404.168598,0.125222,645562368,-228,1,0,0
0,32,expert,404.228496,404.930334,0.701837,210665472,0,0,12,0
0,32,compute,404.168639,405.042179,0.873540,0,0,0,0,0
0,33,trunk,405.042182,405.045815,0.003634,645562368,-229,1,0,0
0,33,expert,405.099531,405.868372,0.768841,210665472,0,0,12,0
0,33,compute,405.045844,405.984052,0.938207,0,0,0,0,0
0,34,trunk,405.984053,405.987493,0.003440,645562368,-230,1,0,0
0,34,expert,406.042540,406.611200,0.568660,263331840,0,0,15,0
0,34,compute,405.987532,406.726185,0.738653,0,0,0,0,0
0,35,trunk,406.726186,406.730163,0.003977,431890432,-231,1,0,0
0,35,expert,406.770424,407.520326,0.749902,228220928,0,0,13,0
0,35,compute,406.730190,407.615017,0.884828,0,0,0,0,0
0,36,trunk,407.615019,407.618461,0.003442,645562368,-232,1,0,0
0,36,expert,407.677953,408.413539,0.735585,228220928,0,0,13,0
0,36,compute,407.618483,408.521127,0.902644,0,0,0,0,0
0,37,trunk,408.521129,408.524674,0.003545,645562368,-233,1,0,0
0,37,expert,408.578951,409.313073,0.734122,228220928,0,0,13,0
0,37,compute,408.524692,409.434203,0.909511,0,0,0,0,0
0,38,trunk,409.434205,409.438102,0.003898,645562368,-234,1,0,0
0,38,expert,409.565450,409.977114,0.411664,193110016,0,0,11,0
0,38,compute,409.438127,410.071912,0.633784,0,0,0,0,0
0,39,trunk,410.071913,410.075327,0.003414,431890432,-235,1,0,0
0,39,expert,410.111708,410.838733,0.727025,210665472,0,0,12,0
0,39,compute,410.075354,410.958846,0.883492,0,0,0,0,0
0,40,trunk,410.958848,410.962365,0.003517,645562368,-236,1,0,0
0,40,expert,411.024324,411.737443,0.713120,210665472,0,0,12,0
0,40,compute,410.962386,411.866198,0.903812,0,0,0,0,0
0,41,trunk,411.866200,411.869646,0.003447,645562368,-237,1,0,0
0,41,expert,411.943789,412.600677,0.656887,193110016,0,0,11,0
0,41,compute,411.869700,412.692478,0.822779,0,0,0,0,0
0,42,trunk,412.692480,412.696091,0.003611,645562368,-238,1,0,0
0,42,expert,412.745964,413.204433,0.458468,122888192,0,0,7,0
0,42,compute,412.696108,413.295537,0.599429,0,0,0,0,0
0,43,trunk,413.295539,413.298977,0.003438,431890432,-239,1,0,0
0,43,expert,413.336872,414.098321,0.761450,210665472,0,0,12,0
0,43,compute,413.298998,414.218217,0.919219,0,0,0,0,0
0,44,trunk,414.218218,414.221739,0.003521,645562368,-240,1,0,0
0,44,expert,414.280746,415.027734,0.746988,228220928,0,0,13,0
0,44,compute,414.221760,415.118585,0.896825,0,0,0,0,0
0,45,trunk,415.118587,415.122347,0.003760,645562368,-241,1,0,0
0,45,expert,415.175785,415.851588,0.675803,157999104,0,0,9,0
0,45,compute,415.122375,415.941081,0.818706,0,0,0,0,0
0,46,trunk,415.941083,415.944580,0.003497,645562368,-242,1,0,0
0,46,expert,416.001799,416.498731,0.496932,175554560,0,0,10,0
0,46,compute,415.944622,416.593831,0.649208,0,0,0,0,0
0,47,trunk,416.593833,416.597299,0.003466,431890432,-243,1,0,0
0,47,expert,416.633344,417.329711,0.696367,193110016,0,0,11,0
0,47,compute,416.597319,417.448264,0.850944,0,0,0,0,0
0,48,trunk,417.448265,417.451874,0.003609,645562368,-244,1,0,0
0,48,expert,417.508091,418.184392,0.676301,193110016,0,0,11,0
0,48,compute,417.451899,418.272156,0.820257,0,0,0,0,0
0,49,trunk,418.272158,418.275542,0.003384,645562368,-245,1,0,0
0,49,expert,418.335066,419.092567,0.757501,245776384,0,0,14,0
0,49,compute,418.275564,419.192261,0.916697,0,0,0,0,0
0,50,trunk,419.192263,419.196142,0.003879,645562368,-246,1,0,0
0,50,expert,419.250193,419.780116,0.529924,210665472,0,0,12,0
0,50,compute,419.196211,419.923020,0.726809,0,0,0,0,0
0,51,trunk,419.923022,419.926125,0.003103,431890432,-247,1,0,0
0,51,expert,419.965095,420.649896,0.684801,193110016,0,0,11,0
0,51,compute,419.926145,420.763161,0.837016,0,0,0,0,0
0,52,trunk,420.763162,420.766590,0.003428,645562368,-248,1,0,0
0,52,expert,420.826570,421.505595,0.679024,210665472,0,0,12,0
0,52,compute,420.766614,421.626203,0.859589,0,0,0,0,0
0,53,trunk,421.626205,421.629641,0.003436,645562368,-249,1,0,0
0,53,expert,421.681113,422.320972,0.639860,193110016,0,0,11,0
0,53,compute,421.629684,422.450231,0.820546,0,0,0,0,0
0,54,trunk,422.450232,422.453901,0.003668,645562368,-250,1,0,0
0,54,expert,422.505208,423.021024,0.515816,210665472,0,0,12,0
0,54,compute,422.453923,423.146188,0.692265,0,0,0,0,0
0,55,trunk,423.146190,423.153538,0.007348,431890432,-251,1,0,0
0,55,expert,423.190642,423.890239,0.699597,193110016,0,0,11,0
0,55,compute,423.153559,424.174980,1.021421,0,0,0,0,0
0,56,trunk,424.174982,424.179365,0.004384,645562368,-252,1,0,0
0,56,expert,424.241960,424.946007,0.704047,210665472,0,0,12,0
0,56,compute,424.179394,425.547840,1.368446,0,0,0,0,0
0,57,trunk,425.547842,425.551338,0.003496,645562368,-253,1,0,0
0,57,expert,425.603774,426.374496,0.770722,263331840,0,0,15,0
0,57,compute,425.551358,426.660691,1.109333,0,0,0,0,0
0,58,trunk,426.660692,426.664099,0.003407,645562368,-254,1,0,0
0,58,expert,426.718964,427.279454,0.560489,245776384,0,0,14,0
0,58,compute,426.664116,427.698587,1.034471,0,0,0,0,0
0,59,trunk,427.698588,427.702091,0.003502,431890432,-255,1,0,0
0,59,expert,427.735452,428.480638,0.745187,228220928,0,0,13,0
0,59,compute,427.702112,428.572761,0.870650,0,0,0,0,0
0,60,trunk,428.572763,428.576342,0.003579,645562368,-256,1,0,0
0,60,expert,428.633583,429.404882,0.771299,280887296,0,0,16,0
0,60,compute,428.576361,429.513541,0.937179,0,0,0,0,0
0,61,trunk,429.513542,429.517070,0.003528,645562368,-257,1,0,0
0,61,expert,429.569229,430.309855,0.740626,263331840,0,0,15,0
0,61,compute,429.517091,430.442181,0.925089,0,0,0,0,0
0,62,trunk,430.442182,430.445767,0.003584,645562368,-258,1,0,0
0,62,expert,430.501991,431.031395,0.529404,228220928,0,0,13,0
0,62,compute,430.445823,431.143008,0.697185,0,0,0,0,0
0,63,trunk,431.143009,431.146165,0.003155,431890432,-259,1,0,0
0,63,expert,431.191474,431.944581,0.753107,263331840,0,0,15,0
0,63,compute,431.146220,432.033494,0.887274,0,0,0,0,0
0,64,trunk,432.033495,432.036916,0.003421,645562368,-260,1,0,0
0,64,expert,432.090196,432.800293,0.710097,228220928,0,0,13,0
0,64,compute,432.036936,433.060433,1.023497,0,0,0,0,0
0,65,trunk,433.060435,433.063819,0.003383,645562368,-261,1,0,0
0,65,expert,433.124184,433.868852,0.744668,263331840,0,0,15,0
0,65,compute,433.063844,433.959646,0.895803,0,0,0,0,0
0,66,trunk,433.959678,433.963292,0.003614,645562368,-262,1,0,0
0,66,expert,434.017030,434.608186,0.591156,280887296,0,0,16,0
0,66,compute,433.963338,434.695968,0.732630,0,0,0,0,0
0,67,trunk,434.695971,434.699438,0.003467,431890432,-263,1,0,0
0,67,expert,434.727319,435.480131,0.752812,210665472,0,0,12,0
0,67,compute,434.699462,436.029908,1.330446,0,0,0,0,0
0,68,trunk,436.029910,436.033386,0.003476,645562368,-264,1,0,0
0,68,expert,436.085711,436.815913,0.730201,245776384,0,0,14,0
0,68,compute,436.033406,436.908719,0.875313,0,0,0,0,0
0,69,trunk,436.908721,436.912274,0.003553,645562368,-265,1,0,0
0,69,expert,436.965920,437.721827,0.755907,245776384,0,0,14,0
0,69,compute,436.912306,437.830184,0.917878,0,0,0,0,0
0,70,trunk,437.830186,437.833707,0.003521,645562368,-266,1,0,0
0,70,expert,437.903960,438.422771,0.518811,228220928,0,0,13,0
0,70,compute,437.833727,438.510804,0.677077,0,0,0,0,0
0,71,trunk,438.510806,438.514242,0.003436,431890432,-267,1,0,0
0,71,expert,438.551247,439.356378,0.805131,245776384,0,0,14,0
0,71,compute,438.514272,439.456734,0.942462,0,0,0,0,0
0,72,trunk,439.456736,439.460692,0.003957,645562368,-268,1,0,0
0,72,expert,439.523948,440.253809,0.729861,280887296,0,0,16,0
0,72,compute,439.460730,440.354143,0.893413,0,0,0,0,0
0,73,trunk,440.354145,440.357903,0.003758,645562368,-269,1,0,0
0,73,expert,440.424154,441.195964,0.771810,280887296,0,0,16,0
0,73,compute,440.357928,441.314200,0.956272,0,0,0,0,0
0,74,trunk,441.314202,441.317525,0.003323,645562368,-270,1,0,0
0,74,expert,441.367983,441.935414,0.567431,280887296,0,0,16,0
0,74,compute,441.317546,442.050762,0.733217,0,0,0,0,0
0,75,trunk,442.050764,442.054188,0.003423,431890432,-271,1,0,0
0,75,expert,442.091158,442.806948,0.715790,263331840,0,0,15,0
0,75,compute,442.054209,443.069716,1.015507,0,0,0,0,0
0,76,trunk,443.069718,443.073421,0.003704,645562368,-272,1,0,0
0,76,expert,443.127537,443.866865,0.739328,280887296,0,0,16,0
0,76,compute,443.073441,443.986220,0.912779,0,0,0,0,0
0,77,trunk,443.986222,443.989714,0.003492,645562368,-273,1,0,0
0,77,expert,444.044156,444.780205,0.736049,245776384,0,0,14,0
0,77,compute,443.989740,444.897497,0.907757,0,0,0,0,0
0,78,trunk,444.897499,444.901051,0.003552,645562368,-274,1,0,0
0,78,expert,444.957131,445.514822,0.557691,245776384,0,0,14,0
0,78,compute,444.901072,445.631034,0.729963,0,0,0,0,0
0,79,trunk,445.631036,445.634147,0.003111,431890432,-275,1,0,0
0,79,expert,445.671386,446.431816,0.760430,263331840,0,0,15,0
0,79,compute,445.634173,446.546210,0.912037,0,0,0,0,0
0,80,trunk,446.546212,446.549628,0.003416,645562368,-276,1,0,0
0,80,expert,446.603185,447.352958,0.749773,280887296,0,0,16,0
0,80,compute,446.549657,447.470224,0.920567,0,0,0,0,0
0,81,trunk,447.470226,447.473809,0.003583,645562368,-277,1,0,0
0,81,expert,447.527372,448.287555,0.760183,263331840,0,0,15,0
0,81,compute,447.473831,448.406220,0.932389,0,0,0,0,0
0,82,trunk,448.406222,448.409693,0.003471,645562368,-278,1,0,0
0,82,expert,448.460519,449.053552,0.593033,280887296,0,0,16,0
0,82,compute,448.409713,449.170221,0.760507,0,0,0,0,0
0,83,trunk,449.170223,449.173769,0.003546,431890432,-279,1,0,0
0,83,expert,449.222297,449.953738,0.731441,245776384,0,0,14,0
0,83,compute,449.173790,450.042201,0.868410,0,0,0,0,0
0,84,trunk,450.042203,450.045658,0.003455,645562368,-280,1,0,0
0,84,expert,450.098222,450.824709,0.726487,228220928,0,0,13,0
0,84,compute,450.045680,450.920421,0.874741,0,0,0,0,0
0,85,trunk,450.920423,450.923863,0.003440,645562368,-281,1,0,0
0,85,expert,450.979531,451.744500,0.764969,263331840,0,0,15,0
0,85,compute,450.923888,451.835139,0.911251,0,0,0,0,0
0,86,trunk,451.835141,451.838621,0.003480,645562368,-282,1,0,0
0,86,expert,451.890216,452.469856,0.579640,263331840,0,0,15,0
0,86,compute,451.838643,452.582183,0.743539,0,0,0,0,0
0,87,trunk,452.582185,452.585588,0.003403,431890432,-283,1,0,0
0,87,expert,452.631121,453.308858,0.677737,245776384,0,0,14,0
0,87,compute,452.585610,453.439928,0.854318,0,0,0,0,0
0,88,trunk,453.439929,453.443500,0.003571,645562368,-284,1,0,0
0,88,expert,453.498014,454.234153,0.736139,228220928,0,0,13,0
0,88,compute,453.443523,454.346215,0.902692,0,0,0,0,0
0,89,trunk,454.346217,454.350029,0.003812,645562368,-285,1,0,0
0,89,expert,454.408841,455.088375,0.679534,175554560,0,0,10,0
0,89,compute,454.350052,455.746340,1.396288,0,0,0,0,0
0,90,trunk,455.746342,455.749789,0.003447,645562368,-286,1,0,0
0,90,expert,455.804105,456.281027,0.476922,157999104,0,0,9,0
0,90,compute,455.749834,457.086361,1.336527,0,0,0,0,0
0,91,trunk,457.086363,457.089835,0.003472,431890432,-287,1,0,0
0,91,expert,457.122964,457.616558,0.493594,157999104,0,0,9,0
0,91,compute,457.089888,457.708399,0.618511,0,0,0,0,0
0,92,trunk,457.708402,457.711964,0.003562,431890432,-288,1,0,0
0,92,expert,457.733403,457.954775,0.221372,245776384,0,0,14,0
0,92,compute,457.711965,458.200751,0.488785,0,0,0,0,0
0,0,trunk,458.295759,458.295798,0.000039,0,-288,0,0,0
0,0,compute,458.295799,458.403984,0.108185,0,0,0,0,0
0,1,trunk,458.403986,458.407454,0.003469,0,-287,0,0,0
0,1,expert,458.463254,458.656160,0.192907,228220928,0,0,13,0
0,1,compute,458.407457,458.754824,0.347367,0,0,0,0,0
0,2,trunk,458.754825,458.758143,0.003318,0,-286,0,0,0
0,2,expert,458.798481,458.987267,0.188786,210665472,0,0,12,0
0,2,compute,458.758145,459.099040,0.340895,0,0,0,0,0
0,3,trunk,459.099042,459.102509,0.003467,0,-285,0,0,0
0,3,expert,459.127090,459.285252,0.158162,193110016,0,0,11,0
0,3,compute,459.102511,459.403014,0.300503,0,0,0,0,0
0,4,trunk,459.403015,459.406462,0.003447,0,-284,0,0,0
0,4,expert,459.459098,459.667727,0.208629,228220928,0,0,13,0
0,4,compute,459.406465,459.758420,0.351956,0,0,0,0,0
0,5,trunk,459.758422,459.761989,0.003567,0,-283,0,0,0
0,5,expert,459.800882,459.977696,0.176814,210665472,0,0,12,0
0,5,compute,459.761990,460.102221,0.340230,0,0,0,0,0
0,6,trunk,460.102222,460.105538,0.003316,0,-282,0,0,0
0,6,expert,460.145232,460.382676,0.237443,280887296,0,0,16,0
0,6,compute,460.105540,460.476747,0.371208,0,0,0,0,0
0,7,trunk,460.476749,460.480617,0.003869,0,-281,0,0,0
0,7,expert,460.513092,460.726784,0.213692,263331840,0,0,15,0
0,7,compute,460.480620,460.842363,0.361744,0,0,0,0,0
0,8,trunk,460.842365,460.845747,0.003382,0,-280,0,0,0
0,8,expert,460.884322,461.104773,0.220451,263331840,0,0,15,0
0,8,compute,460.845748,461.210173,0.364425,0,0,0,0,0
0,9,trunk,461.210175,461.213721,0.003546,0,-279,0,0,0
0,9,expert,461.253157,461.427404,0.174248,210665472,0,0,12,0
0,9,compute,461.213723,461.534536,0.320813,0,0,0,0,0
0,10,trunk,461.534538,461.538134,0.003595,0,-278,0,0,0
0,10,expert,461.580933,461.735483,0.154550,193110016,0,0,11,0
0,10,compute,461.538136,461.851047,0.312912,0,0,0,0,0
0,11,trunk,461.851049,461.854639,0.003590,0,-277,0,0,0
0,11,expert,461.890424,462.065953,0.175529,210665472,0,0,12,0
0,11,compute,461.854641,462.186210,0.331570,0,0,0,0,0
0,12,trunk,462.186212,462.189775,0.003563,0,-276,0,0,0
0,12,expert,462.229196,462.431953,0.202757,245776384,0,0,14,0
0,12,compute,462.189777,462.544965,0.355189,0,0,0,0,0
0,13,trunk,462.544967,462.548358,0.003391,0,-275,0,0,0
0,13,expert,462.594645,462.796109,0.201463,228220928,0,0,13,0
0,13,compute,462.548360,462.902158,0.353798,0,0,0,0,0
0,14,trunk,462.902159,462.905221,0.003062,0,-274,0,0,0
0,14,expert,462.945618,463.158880,0.213262,245776384,0,0,14,0
0,14,compute,462.905223,463.274331,0.369109,0,0,0,0,0
0,15,trunk,463.274333,463.277894,0.003561,0,-273,0,0,0
0,15,expert,463.307413,463.491402,0.183989,210665472,0,0,12,0
0,15,compute,463.277896,463.606710,0.328814,0,0,0,0,0
0,16,trunk,463.606712,463.610059,0.003347,0,-272,0,0,0
0,16,expert,463.658613,463.837432,0.178819,210665472,0,0,12,0
0,16,compute,463.610060,463.955063,0.345003,0,0,0,0,0
0,17,trunk,463.955067,463.958462,0.003395,0,-271,0,0,0
0,17,expert,464.003646,468.913064,4.909418,245776384,0,0,14,0
0,17,compute,463.958464,469.007352,5.048888,0,0,0,0,0
0,18,trunk,469.007354,469.010702,0.003349,0,-270,0,0,0
0,18,expert,469.052151,473.621499,4.569348,228220928,0,0,13,0
0,18,compute,469.010704,473.716393,4.705689,0,0,0,0,0
0,19,trunk,473.716394,473.719906,0.003512,0,-269,0,0,0
0,19,expert,473.742371,475.589024,1.846653,228220928,0,0,13,0
0,19,compute,473.719907,475.680327,1.960420,0,0,0,0,0
0,20,trunk,475.680328,475.683727,0.003399,0,-268,0,0,0
0,20,expert,475.724580,475.898504,0.173923,193110016,0,0,11,0
0,20,compute,475.683728,475.991296,0.307568,0,0,0,0,0
0,21,trunk,475.991298,475.994924,0.003627,0,-267,0,0,0
0,21,expert,476.048845,476.804946,0.756101,245776384,0,0,14,0
0,21,compute,475.994969,476.923581,0.928612,0,0,0,0,0
0,22,trunk,476.923616,476.927107,0.003491,645562368,-267,1,0,0
0,22,expert,476.980823,477.527481,0.546658,228220928,0,0,13,0
0,22,compute,476.927129,477.645919,0.718790,0,0,0,0,0
0,23,trunk,477.645921,477.649380,0.003459,431890432,-268,1,0,0
0,23,expert,477.684960,478.376104,0.691143,228220928,0,0,13,0
0,23,compute,477.649433,478.472882,0.823449,0,0,0,0,0
0,24,trunk,478.472883,478.476593,0.003710,645562368,-269,1,0,0
0,24,expert,478.530205,479.391874,0.861668,245776384,0,0,14,0
0,24,compute,478.476618,479.490084,1.013467,0,0,0,0,0
0,25,trunk,479.490086,479.493836,0.003750,645562368,-270,1,0,0
0,25,expert,479.554931,480.340968,0.786037,280887296,0,0,16,0
0,25,compute,479.493858,480.458280,0.964422,0,0,0,0,0
0,26,trunk,480.458283,480.461714,0.003432,645562368,-271,1,0,0
0,26,expert,480.520112,481.029479,0.509367,193110016,0,0,11,0
0,26,compute,480.461737,481.127697,0.665960,0,0,0,0,0
0,27,trunk,481.127699,481.131142,0.003443,431890432,-272,1,0,0
0,27,expert,481.167691,481.675934,0.508243,263331840,0,0,15,0
0,27,compute,481.131188,481.769644,0.638456,0,0,0,0,0
0,28,trunk,481.769646,481.902032,0.132387,645562368,-273,1,0,0
0,28,expert,481.962632,482.653985,0.691353,263331840,0,0,15,0
0,28,compute,481.902087,482.770191,0.868104,0,0,0,0,0
0,29,trunk,482.770193,482.773844,0.003651,645562368,-274,1,0,0
0,29,expert,482.827507,483.582353,0.754846,245776384,0,0,14,0
0,29,compute,482.773866,483.698616,0.924751,0,0,0,0,0
0,30,trunk,483.698618,483.702142,0.003524,645562368,-275,1,0,0
0,30,expert,483.753786,484.328286,0.574500,245776384,0,0,14,0
0,30,compute,483.702172,484.424070,0.721897,0,0,0,0,0
0,31,trunk,484.424072,484.427831,0.003760,431890432,-276,1,0,0
0,31,expert,484.465142,485.236660,0.771517,245776384,0,0,14,0
0,31,compute,484.427865,485.336599,0.908734,0,0,0,0,0
0,32,trunk,485.336601,485.339962,0.003362,645562368,-277,1,0,0
0,32,expert,485.397814,486.121469,0.723656,228220928,0,0,13,0
0,32,compute,485.339997,486.235021,0.895024,0,0,0,0,0
0,33,trunk,486.235023,486.238519,0.003496,645562368,-278,1,0,0
0,33,expert,486.291624,487.006304,0.714680,157999104,0,0,9,0
0,33,compute,486.238644,487.118406,0.879762,0,0,0,0,0
0,34,trunk,487.118408,487.121854,0.003446,645562368,-279,1,0,0
0,34,expert,487.171340,487.753826,0.582486,263331840,0,0,15,0
0,34,compute,487.121877,487.874264,0.752387,0,0,0,0,0
0,35,trunk,487.874266,487.877753,0.003487,431890432,-280,1,0,0
0,35,expert,487.913438,488.706454,0.793015,263331840,0,0,15,0
0,35,compute,487.877774,488.818243,0.940469,0,0,0,0,0
0,36,trunk,488.818245,488.821837,0.003592,645562368,-281,1,0,0
0,36,expert,488.876833,489.646702,0.769869,263331840,0,0,15,0
0,36,compute,488.821859,489.762345,0.940486,0,0,0,0,0
0,37,trunk,489.762347,489.765860,0.003513,645562368,-282,1,0,0
0,37,expert,489.818539,490.585774,0.767235,245776384,0,0,14,0
0,37,compute,489.765882,490.678877,0.912995,0,0,0,0,0
0,38,trunk,490.678879,490.682744,0.003866,645562368,-283,1,0,0
0,38,expert,490.734502,491.224286,0.489783,193110016,0,0,11,0
0,38,compute,490.682769,491.338053,0.655284,0,0,0,0,0
0,39,trunk,491.338054,491.341501,0.003446,431890432,-284,1,0,0
0,39,expert,491.377070,492.113098,0.736028,210665472,0,0,12,0
0,39,compute,491.341527,492.226205,0.884678,0,0,0,0,0
0,40,trunk,492.226207,492.229824,0.003617,645562368,-285,1,0,0
0,40,expert,492.282718,493.013695,0.730977,210665472,0,0,12,0
0,40,compute,492.229853,493.130200,0.900348,0,0,0,0,0
0,41,trunk,493.130203,493.133727,0.003524,645562368,-286,1,0,0
0,41,expert,493.186436,493.889386,0.702949,210665472,0,0,12,0
0,41,compute,493.133755,494.002227,0.868472,0,0,0,0,0
0,42,trunk,494.002229,494.005764,0.003535,645562368,-287,1,0,0
0,42,expert,494.057721,494.551264,0.493543,157999104,0,0,9,0
0,42,compute,494.005786,494.678501,0.672714,0,0,0,0,0
0,43,trunk,494.678502,494.682092,0.003590,431890432,-288,1,0,0
0,43,expert,494.719670,495.464427,0.744757,193110016,0,0,11,0
0,43,compute,494.682113,495.553433,0.871319,0,0,0,0,0
0,44,trunk,495.553434,495.557050,0.003616,645562368,-289,1,0,0
0,44,expert,495.616425,496.375125,0.758700,245776384,0,0,14,0
0,44,compute,495.557078,496.487074,0.929996,0,0,0,0,0
0,45,trunk,496.487075,496.490487,0.003412,645562368,-290,1,0,0
0,45,expert,496.585662,497.216768,0.631106,193110016,0,0,11,0
0,45,compute,496.490509,497.322136,0.831627,0,0,0,0,0
0,46,trunk,497.322137,497.325563,0.003426,645562368,-291,1,0,0
0,46,expert,497.379208,497.898660,0.519452,193110016,0,0,11,0
0,46,compute,497.325685,498.010257,0.684572,0,0,0,0,0
0,47,trunk,498.010259,498.013783,0.003524,431890432,-292,1,0,0
0,47,expert,498.054257,498.771904,0.717647,228220928,0,0,13,0
0,47,compute,498.013803,498.886370,0.872567,0,0,0,0,0
0,48,trunk,498.886371,498.889832,0.003460,645562368,-293,1,0,0
0,48,expert,498.944976,499.643688,0.698712,210665472,0,0,12,0
0,48,compute,498.889890,499.754384,0.864494,0,0,0,0,0
0,49,trunk,499.754386,499.757831,0.003446,645562368,-294,1,0,0
0,49,expert,499.821015,500.592707,0.771692,263331840,0,0,15,0
0,49,compute,499.757856,500.706923,0.949067,0,0,0,0,0
0,50,trunk,500.706926,500.710354,0.003428,645562368,-295,1,0,0
0,50,expert,500.769677,501.309045,0.539368,228220928,0,0,13,0
0,50,compute,500.710375,501.403400,0.693024,0,0,0,0,0
0,51,trunk,501.403402,501.407148,0.003746,431890432,-296,1,0,0
0,51,expert,501.434417,502.170198,0.735782,228220928,0,0,13,0
0,51,compute,501.407177,502.286772,0.879596,0,0,0,0,0
0,52,trunk,502.286774,502.290255,0.003481,645562368,-297,1,0,0
0,52,expert,502.368305,503.041934,0.673629,210665472,0,0,12,0
0,52,compute,502.290284,503.160043,0.869759,0,0,0,0,0
0,53,trunk,503.160044,503.163734,0.003690,645562368,-298,1,0,0
0,53,expert,503.222628,503.947464,0.724837,228220928,0,0,13,0
0,53,compute,503.163773,504.066294,0.902521,0,0,0,0,0
0,54,trunk,504.066296,504.069716,0.003420,645562368,-299,1,0,0
0,54,expert,504.130853,504.674343,0.543490,245776384,0,0,14,0
0,54,compute,504.069737,504.786242,0.716504,0,0,0,0,0
0,55,trunk,504.786243,504.789659,0.003415,431890432,-300,1,0,0
0,55,expert,504.825989,505.572050,0.746062,228220928,0,0,13,0
0,55,compute,504.789680,505.664910,0.875230,0,0,0,0,0
0,56,trunk,505.664912,505.668358,0.003446,645562368,-301,1,0,0
0,56,expert,505.726247,506.491142,0.764895,263331840,0,0,15,0
0,56,compute,505.668402,506.602406,0.934004,0,0,0,0,0
0,57,trunk,506.602407,506.605957,0.003550,645562368,-302,1,0,0
0,57,expert,506.668123,507.439014,0.770892,263331840,0,0,15,0
0,57,compute,506.605980,507.558255,0.952275,0,0,0,0,0
0,58,trunk,507.558258,507.561915,0.003657,645562368,-303,1,0,0
0,58,expert,507.627294,508.112653,0.485359,175554560,0,0,10,0
0,58,compute,507.561938,508.200974,0.639036,0,0,0,0,0
0,59,trunk,508.200976,508.204418,0.003442,431890432,-304,1,0,0
0,59,expert,508.241787,508.914199,0.672412,175554560,0,0,10,0
0,59,compute,508.204444,509.028059,0.823615,0,0,0,0,0
0,60,trunk,509.028060,509.031691,0.003631,645562368,-305,1,0,0
0,60,expert,509.088186,509.830981,0.742795,228220928,0,0,13,0
0,60,compute,509.031712,509.950412,0.918700,0,0,0,0,0
0,61,trunk,509.950414,509.953996,0.003582,645562368,-306,1,0,0
0,61,expert,510.016933,510.744907,0.727974,245776384,0,0,14,0
0,61,compute,509.954017,510.834859,0.880843,0,0,0,0,0
0,62,trunk,510.834862,510.838296,0.003435,645562368,-307,1,0,0
0,62,expert,510.890447,511.372028,0.481581,175554560,0,0,10,0
0,62,compute,510.838324,511.490281,0.651957,0,0,0,0,0
0,63,trunk,511.490283,511.493749,0.003466,431890432,-308,1,0,0
0,63,expert,511.531190,512.231513,0.700323,245776384,0,0,14,0
0,63,compute,511.493777,512.351021,0.857244,0,0,0,0,0
0,64,trunk,512.351023,512.354689,0.003667,645562368,-309,1,0,0
0,64,expert,512.409640,513.132926,0.723286,210665472,0,0,12,0
0,64,compute,512.354712,513.266193,0.911481,0,0,0,0,0
0,65,trunk,513.266194,513.269450,0.003255,645562368,-310,1,0,0
0,65,expert,513.329929,514.048334,0.718405,228220928,0,0,13,0
0,65,compute,513.269492,514.154293,0.884800,0,0,0,0,0
0,66,trunk,514.154294,514.157781,0.003487,645562368,-311,1,0,0
0,66,expert,514.210817,514.763584,0.552767,228220928,0,0,13,0
0,66,compute,514.157805,514.852186,0.694380,0,0,0,0,0
0,67,trunk,514.852187,514.855763,0.003576,431890432,-312,1,0,0
0,67,expert,514.891258,515.649985,0.758727,245776384,0,0,14,0
0,67,compute,514.855795,515.766218,0.910423,0,0,0,0,0
0,68,trunk,515.766219,515.769670,0.003451,645562368,-313,1,0,0
0,68,expert,515.824323,516.564100,0.739776,263331840,0,0,15,0
0,68,compute,515.769692,516.658457,0.888765,0,0,0,0,0
0,69,trunk,516.658459,516.661987,0.003528,645562368,-314,1,0,0
0,69,expert,516.717417,517.420155,0.702738,175554560,0,0,10,0
0,69,compute,516.662011,517.534234,0.872223,0,0,0,0,0
0,70,trunk,517.534236,517.537683,0.003447,645562368,-315,1,0,0
0,70,expert,517.587537,518.049552,0.462015,140443648,0,0,8,0
0,70,compute,517.537732,518.139773,0.602041,0,0,0,0,0
0,71,trunk,518.139803,518.143245,0.003443,431890432,-316,1,0,0
0,71,expert,518.183355,518.965505,0.782150,228220928,0,0,13,0
0,71,compute,518.143267,519.073804,0.930537,0,0,0,0,0
0,72,trunk,519.073806,519.077256,0.003450,645562368,-317,1,0,0
0,72,expert,519.129925,519.862319,0.732394,210665472,0,0,12,0
0,72,compute,519.077277,519.979028,0.901751,0,0,0,0,0
0,73,trunk,519.979030,519.982612,0.003582,645562368,-318,1,0,0
0,73,expert,520.050257,520.763521,0.713264,210665472,0,0,12,0
0,73,compute,519.982636,520.855588,0.872952,0,0,0,0,0
0,74,trunk,520.855590,520.859015,0.003426,645562368,-319,1,0,0
0,74,expert,520.910093,521.386966,0.476874,157999104,0,0,9,0
0,74,compute,520.859038,521.502242,0.643204,0,0,0,0,0
0,75,trunk,521.502243,521.505655,0.003411,431890432,-320,1,0,0
0,75,expert,521.542822,522.205338,0.662516,140443648,0,0,8,0
0,75,compute,521.505676,522.322238,0.816562,0,0,0,0,0
0,76,trunk,522.322240,522.325780,0.003540,645562368,-321,1,0,0
0,76,expert,522.383748,523.083492,0.699744,228220928,0,0,13,0
0,76,compute,522.325800,523.172456,0.846655,0,0,0,0,0
0,77,trunk,523.172457,523.176276,0.003818,645562368,-322,1,0,0
0,77,expert,523.231272,523.915264,0.683992,157999104,0,0,9,0
0,77,compute,523.176294,524.026212,0.849918,0,0,0,0,0
0,78,trunk,524.026213,524.029742,0.003529,645562368,-323,1,0,0
0,78,expert,524.089755,524.588206,0.498450,175554560,0,0,10,0
0,78,compute,524.029770,524.676617,0.646846,0,0,0,0,0
0,79,trunk,524.676618,524.680258,0.003639,431890432,-324,1,0,0
0,79,expert,524.716924,525.391380,0.674455,157999104,0,0,9,0
0,79,compute,524.680294,525.498996,0.818702,0,0,0,0,0
0,80,trunk,525.498998,525.502549,0.003551,645562368,-325,1,0,0
0,80,expert,525.561693,526.265194,0.703502,228220928,0,0,13,0
0,80,compute,525.502581,526.379036,0.876455,0,0,0,0,0
0,81,trunk,526.379038,526.382449,0.003411,645562368,-326,1,0,0
0,81,expert,526.434053,527.188030,0.753978,245776384,0,0,14,0
0,81,compute,526.382470,527.306172,0.923701,0,0,0,0,0
0,82,trunk,527.306173,527.309433,0.003260,645562368,-327,1,0,0
0,82,expert,527.369066,527.912553,0.543487,228220928,0,0,13,0
0,82,compute,527.309455,528.025722,0.716267,0,0,0,0,0
0,83,trunk,528.025724,528.029216,0.003492,431890432,-328,1,0,0
0,83,expert,528.067922,528.800976,0.733055,210665472,0,0,12,0
0,83,compute,528.029237,528.922245,0.893008,0,0,0,0,0
0,84,trunk,528.922247,528.925855,0.003608,645562368,-329,1,0,0
0,84,expert,528.981491,529.713630,0.732139,228220928,0,0,13,0
0,84,compute,528.925916,529.826998,0.901082,0,0,0,0,0
0,85,trunk,529.827000,529.830511,0.003512,645562368,-330,1,0,0
0,85,expert,529.884853,530.619498,0.734645,228220928,0,0,13,0
0,85,compute,529.830573,530.734628,0.904056,0,0,0,0,0
0,86,trunk,530.734630,530.738198,0.003568,645562368,-331,1,0,0
0,86,expert,530.790412,531.324794,0.534382,210665472,0,0,12,0
0,86,compute,530.738220,531.413499,0.675278,0,0,0,0,0
0,87,trunk,531.413501,531.417086,0.003586,431890432,-332,1,0,0
0,87,expert,531.451387,532.124365,0.672978,157999104,0,0,9,0
0,87,compute,531.417107,532.243036,0.825929,0,0,0,0,0
0,88,trunk,532.243038,532.246435,0.003397,645562368,-333,1,0,0
0,88,expert,532.303537,533.031821,0.728284,228220928,0,0,13,0
0,88,compute,532.246456,533.126485,0.880029,0,0,0,0,0
0,89,trunk,533.126487,533.129889,0.003403,645562368,-334,1,0,0
0,89,expert,533.185723,533.903295,0.717572,175554560,0,0,10,0
0,89,compute,533.129911,534.014746,0.884835,0,0,0,0,0
0,90,trunk,534.014748,534.018218,0.003469,645562368,-335,1,0,0
0,90,expert,534.074317,534.566728,0.492412,175554560,0,0,10,0
0,90,compute,534.018240,534.657295,0.639055,0,0,0,0,0
0,91,trunk,534.657297,534.661405,0.004108,431890432,-336,1,0,0
0,91,expert,534.695654,535.183497,0.487842,157999104,0,0,9,0
0,91,compute,534.661432,535.305479,0.644047,0,0,0,0,0
0,92,trunk,535.305482,535.309043,0.003561,431890432,-337,1,0,0
0,92,expert,535.330726,535.500888,0.170162,210665472,0,0,12,0
0,92,compute,535.309044,535.606177,0.297133,0,0,0,0,0
0,0,trunk,535.704939,535.704980,0.000040,0,-337,0,0,0
0,0,compute,535.704981,535.809754,0.104774,0,0,0,0,0
0,1,trunk,535.809756,535.813159,0.003403,0,-336,0,0,0
0,1,expert,535.856686,536.057385,0.200700,245776384,0,0,14,0
0,1,compute,535.813161,536.170200,0.357039,0,0,0,0,0
0,2,trunk,536.170201,536.173629,0.003429,0,-335,0,0,0
0,2,expert,536.217492,536.400284,0.182791,210665472,0,0,12,0
0,2,compute,536.173632,536.493172,0.319541,0,0,0,0,0
0,3,trunk,536.493211,536.496719,0.003508,0,-334,0,0,0
0,3,expert,536.518641,536.664969,0.146329,175554560,0,0,10,0
0,3,compute,536.496721,536.774239,0.277518,0,0,0,0,0
0,4,trunk,536.774240,536.777728,0.003488,0,-333,0,0,0
0,4,expert,536.818163,536.997392,0.179228,210665472,0,0,12,0
0,4,compute,536.777730,537.110220,0.332491,0,0,0,0,0
0,5,trunk,537.110222,537.113694,0.003472,0,-332,0,0,0
0,5,expert,537.159635,537.265238,0.105604,122888192,0,0,7,0
0,5,compute,537.113695,537.370166,0.256470,0,0,0,0,0
0,6,trunk,537.370167,537.373346,0.003178,0,-331,0,0,0
0,6,expert,537.413793,537.628664,0.214871,263331840,0,0,15,0
0,6,compute,537.373347,537.734172,0.360825,0,0,0,0,0
0,7,trunk,537.734173,537.737443,0.003270,0,-330,0,0,0
0,7,expert,537.763584,537.966443,0.202859,245776384,0,0,14,0
0,7,compute,537.737445,538.078227,0.340782,0,0,0,0,0
0,8,trunk,538.078229,538.081635,0.003405,0,-329,0,0,0
0,8,expert,538.120633,538.326354,0.205721,245776384,0,0,14,0
0,8,compute,538.081636,538.442176,0.360540,0,0,0,0,0
0,9,trunk,538.442178,538.445856,0.003678,0,-328,0,0,0
0,9,expert,538.490461,538.670394,0.179933,210665472,0,0,12,0
0,9,compute,538.445859,538.786541,0.340682,0,0,0,0,0
0,10,trunk,538.786542,538.790117,0.003575,0,-327,0,0,0
0,10,expert,538.831270,538.976214,0.144944,175554560,0,0,10,0
0,10,compute,538.790118,539.069094,0.278976,0,0,0,0,0
0,11,trunk,539.069096,539.072564,0.003468,0,-326,0,0,0
0,11,expert,539.093614,539.271436,0.177822,210665472,0,0,12,0
0,11,compute,539.072565,539.390447,0.317882,0,0,0,0,0
0,12,trunk,539.390449,539.394088,0.003639,0,-325,0,0,0
0,12,expert,539.440225,539.635036,0.194811,228220928,0,0,13,0
0,12,compute,539.394089,539.746206,0.352117,0,0,0,0,0
0,13,trunk,539.746207,539.749525,0.003318,0,-324,0,0,0
0,13,expert,539.790720,539.983988,0.193269,228220928,0,0,13,0
0,13,compute,539.749530,540.089516,0.339986,0,0,0,0,0
0,14,trunk,540.089518,540.092957,0.003439,0,-323,0,0,0
0,14,expert,540.133475,540.370446,0.236971,280887296,0,0,16,0
0,14,compute,540.092959,540.459591,0.366631,0,0,0,0,0
0,15,trunk,540.459592,540.463080,0.003488,0,-322,0,0,0
0,15,expert,540.486857,540.697924,0.211067,245776384,0,0,14,0
0,15,compute,540.463081,540.815035,0.351954,0,0,0,0,0
0,16,trunk,540.815037,540.818351,0.003314,0,-321,0,0,0
0,16,expert,540.894842,541.065019,0.170178,193110016,0,0,11,0
0,16,compute,540.818353,541.169837,0.351484,0,0,0,0,0
0,17,trunk,541.169838,541.173207,0.003369,0,-320,0,0,0
0,17,expert,541.211784,541.405239,0.193456,228220928,0,0,13,0
0,17,compute,541.173209,541.518160,0.344951,0,0,0,0,0
0,18,trunk,541.518161,541.521515,0.003354,0,-319,0,0,0
0,18,expert,541.562443,541.745532,0.183089,210665472,0,0,12,0
0,18,compute,541.521517,541.862304,0.340787,0,0,0,0,0
0,19,trunk,541.862306,541.865867,0.003561,0,-318,0,0,0
0,19,expert,541.896044,542.114468,0.218424,245776384,0,0,14,0
0,19,compute,541.865869,542.230295,0.364426,0,0,0,0,0
0,20,trunk,542.230296,542.233700,0.003404,0,-317,0,0,0
0,20,expert,542.280817,542.435775,0.154958,175554560,0,0,10,0
0,20,compute,542.233702,542.528913,0.295211,0,0,0,0,0
0,21,trunk,542.528914,542.532286,0.003372,0,-316,0,0,0
0,21,expert,542.585351,543.320263,0.734912,228220928,0,0,13,0
0,21,compute,542.532303,543.434176,0.901872,0,0,0,0,0
0,22,trunk,543.434177,543.437672,0.003496,645562368,-316,1,0,0
0,22,expert,543.489408,544.001260,0.511852,175554560,0,0,10,0
0,22,compute,543.437694,544.107008,0.669315,0,0,0,0,0
0,23,trunk,544.107010,544.110583,0.003574,431890432,-317,1,0,0
0,23,expert,544.145060,544.814475,0.669415,210665472,0,0,12,0
0,23,compute,544.110605,544.930193,0.819588,0,0,0,0,0
0,24,trunk,544.930195,544.933757,0.003562,645562368,-318,1,0,0
0,24,expert,544.986845,545.803306,0.816461,263331840,0,0,15,0
0,24,compute,544.933778,545.915084,0.981307,0,0,0,0,0
0,25,trunk,545.915086,545.918563,0.003477,645562368,-319,1,0,0
0,25,expert,545.973595,546.703323,0.729729,228220928,0,0,13,0
0,25,compute,545.918588,546.814167,0.895579,0,0,0,0,0
0,26,trunk,546.814169,546.817761,0.003592,645562368,-320,1,0,0
0,26,expert,546.875422,547.400691,0.525269,228220928,0,0,13,0
0,26,compute,546.817790,547.518231,0.700441,0,0,0,0,0
0,27,trunk,547.518254,547.521927,0.003673,431890432,-321,1,0,0
0,27,expert,547.562173,548.233290,0.671117,263331840,0,0,15,0
0,27,compute,547.521953,548.344039,0.822086,0,0,0,0,0
0,28,trunk,548.344041,548.347914,0.003873,645562368,-322,1,0,0
0,28,expert,548.402113,549.078481,0.676368,245776384,0,0,14,0
0,28,compute,548.347947,549.194306,0.846360,0,0,0,0,0
0,29,trunk,549.194308,549.197891,0.003583,645562368,-323,1,0,0
0,29,expert,549.255281,549.991623,0.736342,245776384,0,0,14,0
0,29,compute,549.197910,550.110217,0.912306,0,0,0,0,0
0,30,trunk,550.110219,550.113726,0.003508,645562368,-324,1,0,0
0,30,expert,550.167833,550.687049,0.519216,193110016,0,0,11,0
0,30,compute,550.113749,550.776336,0.662587,0,0,0,0,0
0,31,trunk,550.776339,550.779816,0.003477,431890432,-325,1,0,0
0,31,expert,550.813652,551.553138,0.739486,228220928,0,0,13,0
0,31,compute,550.779841,551.646644,0.866803,0,0,0,0,0
0,32,trunk,551.646646,551.650222,0.003576,645562368,-326,1,0,0
0,32,expert,551.701806,552.395552,0.693746,193110016,0,0,11,0
0,32,compute,551.650246,552.514194,0.863948,0,0,0,0,0
0,33,trunk,552.514195,552.517613,0.003418,645562368,-327,1,0,0
0,33,expert,552.574777,553.364264,0.789487,245776384,0,0,14,0
0,33,compute,552.517642,553.474206,0.956564,0,0,0,0,0
0,34,trunk,553.474208,553.477634,0.003426,645562368,-328,1,0,0
0,34,expert,553.534789,554.067318,0.532529,245776384,0,0,14,0
0,34,compute,553.477694,554.186227,0.708533,0,0,0,0,0
0,35,trunk,554.186228,554.189778,0.003550,431890432,-329,1,0,0
0,35,expert,554.245306,554.955436,0.710129,193110016,0,0,11,0
0,35,compute,554.189801,555.066280,0.876479,0,0,0,0,0
0,36,trunk,555.066282,555.069882,0.003601,645562368,-330,1,0,0
0,36,expert,555.130144,555.878153,0.748010,245776384,0,0,14,0
0,36,compute,555.069909,555.990195,0.920286,0,0,0,0,0
0,37,trunk,555.990197,555.993680,0.003482,645562368,-331,1,0,0
0,37,expert,556.054483,556.785646,0.731163,245776384,0,0,14,0
0,37,compute,555.993702,556.879658,0.885956,0,0,0,0,0
0,38,trunk,556.879661,556.883116,0.003456,645562368,-332,1,0,0
0,38,expert,556.939962,557.346839,0.406876,193110016,0,0,11,0
0,38,compute,556.883137,557.486216,0.603079,0,0,0,0,0
0,39,trunk,557.486217,557.489885,0.003668,431890432,-333,1,0,0
0,39,expert,557.528562,558.272625,0.744063,245776384,0,0,14,0
0,39,compute,557.489907,558.386218,0.896311,0,0,0,0,0
0,40,trunk,558.386220,558.389734,0.003514,645562368,-334,1,0,0
0,40,expert,558.448666,559.186453,0.737787,228220928,0,0,13,0
0,40,compute,558.389757,559.298235,0.908478,0,0,0,0,0
0,41,trunk,559.298236,559.302017,0.003780,645562368,-335,1,0,0
0,41,expert,559.365098,560.021629,0.656531,157999104,0,0,9,0
0,41,compute,559.302060,560.150180,0.848120,0,0,0,0,0
0,42,trunk,560.150182,560.153779,0.003597,645562368,-336,1,0,0
0,42,expert,560.212430,560.677780,0.465351,140443648,0,0,8,0
0,42,compute,560.153801,560.779147,0.625347,0,0,0,0,0
0,43,trunk,560.779149,560.782833,0.003685,431890432,-337,1,0,0
0,43,expert,560.812159,561.222710,0.410552,157999104,0,0,9,0
0,43,compute,560.782883,561.319031,0.536148,0,0,0,0,0
0,44,trunk,561.319033,561.539834,0.220801,645562368,-338,1,0,0
0,44,expert,561.596247,562.324948,0.728701,210665472,0,0,12,0
0,44,compute,561.539881,562.435150,0.895269,0,0,0,0,0
0,45,trunk,562.435152,562.438647,0.003496,645562368,-339,1,0,0
0,45,expert,562.492448,563.191725,0.699277,175554560,0,0,10,0
0,45,compute,562.438668,563.288829,0.850161,0,0,0,0,0
0,46,trunk,563.288831,563.292410,0.003579,645562368,-340,1,0,0
0,46,expert,563.348574,563.847316,0.498743,175554560,0,0,10,0
0,46,compute,563.292460,563.969740,0.677280,0,0,0,0,0
0,47,trunk,563.969741,563.973263,0.003522,431890432,-341,1,0,0
0,47,expert,564.012458,564.708985,0.696527,193110016,0,0,11,0
0,47,compute,563.973283,564.850197,0.876914,0,0,0,0,0
0,48,trunk,564.850199,564.853657,0.003458,645562368,-342,1,0,0
0,48,expert,564.915498,565.625502,0.710004,228220928,0,0,13,0
0,48,compute,564.853681,565.742266,0.888584,0,0,0,0,0
0,49,trunk,565.742267,565.745692,0.003424,645562368,-343,1,0,0
0,49,expert,565.796644,566.577070,0.780426,263331840,0,0,15,0
0,49,compute,565.745723,566.669685,0.923962,0,0,0,0,0
0,50,trunk,566.669687,566.673257,0.003570,645562368,-344,1,0,0
0,50,expert,566.720607,567.255128,0.534521,210665472,0,0,12,0
0,50,compute,566.673275,567.366191,0.692916,0,0,0,0,0
0,51,trunk,567.366193,567.369676,0.003483,431890432,-345,1,0,0
0,51,expert,567.406914,568.096443,0.689529,193110016,0,0,11,0
0,51,compute,567.369726,568.214247,0.844521,0,0,0,0,0
0,52,trunk,568.214249,568.217732,0.003483,645562368,-346,1,0,0
0,52,expert,568.278590,568.978242,0.699653,228220928,0,0,13,0
0,52,compute,568.217752,569.086168,0.868415,0,0,0,0,0
0,53,trunk,569.086170,569.089630,0.003460,645562368,-347,1,0,0
0,53,expert,569.143711,569.857095,0.713384,210665472,0,0,12,0
0,53,compute,569.089652,569.970316,0.880664,0,0,0,0,0
0,54,trunk,569.970318,569.973792,0.003474,645562368,-348,1,0,0
0,54,expert,570.024406,570.487515,0.463109,210665472,0,0,12,0
0,54,compute,569.973820,570.602213,0.628393,0,0,0,0,0
0,55,trunk,570.602215,570.605648,0.003433,431890432,-349,1,0,0
0,55,expert,570.640443,571.355864,0.715421,210665472,0,0,12,0
0,55,compute,570.605669,571.448091,0.842423,0,0,0,0,0
0,56,trunk,571.448093,571.451478,0.003385,645562368,-350,1,0,0
0,56,expert,571.507557,572.148607,0.641049,193110016,0,0,11,0
0,56,compute,571.451500,572.242359,0.790858,0,0,0,0,0
0,57,trunk,572.242360,572.245813,0.003453,645562368,-351,1,0,0
0,57,expert,572.302480,573.059662,0.757182,245776384,0,0,14,0
0,57,compute,572.245897,573.174371,0.928474,0,0,0,0,0
0,58,trunk,573.174373,573.177828,0.003455,645562368,-352,1,0,0
0,58,expert,573.230245,573.732127,0.501882,175554560,0,0,10,0
0,58,compute,573.177979,573.826078,0.648099,0,0,0,0,0
0,59,trunk,573.826081,573.829572,0.003491,431890432,-353,1,0,0
0,59,expert,573.864994,574.389627,0.524633,157999104,0,0,9,0
0,59,compute,573.829593,574.510281,0.680688,0,0,0,0,0
0,60,trunk,574.510283,574.567970,0.057688,645562368,-354,1,0,0
0,60,expert,574.629151,575.362877,0.733726,210665472,0,0,12,0
0,60,compute,574.568115,575.482220,0.914105,0,0,0,0,0
0,61,trunk,575.482222,575.485732,0.003510,645562368,-355,1,0,0
0,61,expert,575.540513,576.229611,0.689098,210665472,0,0,12,0
0,61,compute,575.485754,576.339543,0.853789,0,0,0,0,0
0,62,trunk,576.339545,576.343100,0.003555,645562368,-356,1,0,0
0,62,expert,576.404720,576.920428,0.515709,228220928,0,0,13,0
0,62,compute,576.343122,577.180301,0.837179,0,0,0,0,0
0,63,trunk,577.180303,577.183792,0.003489,431890432,-357,1,0,0
0,63,expert,577.230058,577.941057,0.710999,210665472,0,0,12,0
0,63,compute,577.183815,578.057421,0.873606,0,0,0,0,0
0,64,trunk,578.057423,578.061012,0.003588,645562368,-358,1,0,0
0,64,expert,578.123964,578.831637,0.707673,210665472,0,0,12,0
0,64,compute,578.061033,578.920095,0.859062,0,0,0,0,0
0,65,trunk,578.920097,578.923827,0.003730,645562368,-359,1,0,0
0,65,expert,578.976424,579.678138,0.701714,193110016,0,0,11,0
0,65,compute,578.923850,579.774509,0.850658,0,0,0,0,0
0,66,trunk,579.774510,579.778139,0.003629,645562368,-360,1,0,0
0,66,expert,579.827155,580.331437,0.504282,175554560,0,0,10,0
0,66,compute,579.778161,580.442382,0.664221,0,0,0,0,0
0,67,trunk,580.442383,580.445892,0.003509,431890432,-361,1,0,0
0,67,expert,580.482336,581.226628,0.744293,228220928,0,0,13,0
0,67,compute,580.445922,581.316534,0.870611,0,0,0,0,0
0,68,trunk,581.316536,581.319885,0.003349,645562368,-362,1,0,0
0,68,expert,581.373153,582.081680,0.708527,210665472,0,0,12,0
0,68,compute,581.319910,582.194477,0.874568,0,0,0,0,0
0,69,trunk,582.194479,582.197951,0.003472,645562368,-363,1,0,0
0,69,expert,582.258013,582.979856,0.721844,210665472,0,0,12,0
0,69,compute,582.197974,583.074193,0.876219,0,0,0,0,0
0,70,trunk,583.074195,583.077625,0.003430,645562368,-364,1,0,0
0,70,expert,583.131421,583.529404,0.397982,175554560,0,0,10,0
0,70,compute,583.077645,583.650264,0.572619,0,0,0,0,0
0,71,trunk,583.650267,583.653713,0.003446,431890432,-365,1,0,0
0,71,expert,583.692260,584.434323,0.742063,175554560,0,0,10,0
0,71,compute,583.653741,584.546206,0.892465,0,0,0,0,0
0,72,trunk,584.546208,584.549763,0.003555,645562368,-366,1,0,0
0,72,expert,584.609468,585.321183,0.711715,193110016,0,0,11,0
0,72,compute,584.549784,585.434190,0.884406,0,0,0,0,0
0,73,trunk,585.434192,585.437616,0.003424,645562368,-367,1,0,0
0,73,expert,585.492626,586.239355,0.746730,228220928,0,0,13,0
0,73,compute,585.437635,586.352638,0.915003,0,0,0,0,0
0,74,trunk,586.352640,586.356150,0.003511,645562368,-368,1,0,0
0,74,expert,586.409866,586.858168,0.448303,122888192,0,0,7,0
0,74,compute,586.356168,586.970309,0.614141,0,0,0,0,0
0,75,trunk,586.970310,586.973783,0.003472,431890432,-369,1,0,0
0,75,expert,587.010731,587.673634,0.662903,140443648,0,0,8,0
0,75,compute,586.973806,587.769227,0.795421,0,0,0,0,0
0,76,trunk,587.769228,587.772721,0.003493,645562368,-370,1,0,0
0,76,expert,587.833686,588.479093,0.645407,175554560,0,0,10,0
0,76,compute,587.772739,588.590270,0.817531,0,0,0,0,0
0,77,trunk,588.590271,588.593689,0.003417,645562368,-371,1,0,0
0,77,expert,588.646700,589.249029,0.602329,157999104,0,0,9,0
0,77,compute,588.593710,589.362215,0.768505,0,0,0,0,0
0,78,trunk,589.362217,589.365885,0.003668,645562368,-372,1,0,0
0,78,expert,589.419650,589.928623,0.508972,193110016,0,0,11,0
0,78,compute,589.365919,590.022756,0.656837,0,0,0,0,0
0,79,trunk,590.022758,590.026302,0.003544,431890432,-373,1,0,0
0,79,expert,590.064153,590.705089,0.640936,157999104,0,0,9,0
0,79,compute,590.026323,590.819300,0.792977,0,0,0,0,0
0,80,trunk,590.819302,590.823001,0.003699,645562368,-374,1,0,0
0,80,expert,590.873015,591.506772,0.633757,175554560,0,0,10,0
0,80,compute,590.823025,591.622406,0.799381,0,0,0,0,0
0,81,trunk,591.622408,591.626437,0.004029,645562368,-375,1,0,0
0,81,expert,591.684765,592.363697,0.678932,228220928,0,0,13,0
0,81,compute,591.626594,592.459496,0.832902,0,0,0,0,0
0,82,trunk,592.459498,592.463243,0.003745,645562368,-376,1,0,0
0,82,expert,592.513904,593.030412,0.516508,193110016,0,0,11,0
0,82,compute,592.467176,593.142200,0.675024,0,0,0,0,0
0,83,trunk,593.142201,593.145647,0.003446,431890432,-377,1,0,0
0,83,expert,593.184985,593.884508,0.699523,193110016,0,0,11,0
0,83,compute,593.145831,593.999021,0.853190,0,0,0,0,0
0,84,trunk,593.999022,594.002621,0.003599,645562368,-378,1,0,0
0,84,expert,594.061710,594.765757,0.704047,210665472,0,0,12,0
0,84,compute,594.002643,594.882263,0.879620,0,0,0,0,0
0,85,trunk,594.882265,594.885740,0.003475,645562368,-379,1,0,0
0,85,expert,594.947831,595.634505,0.686674,175554560,0,0,10,0
0,85,compute,594.885760,595.774206,0.888446,0,0,0,0,0
0,86,trunk,595.774208,595.777674,0.003467,645562368,-380,1,0,0
0,86,expert,595.834557,596.340252,0.505695,193110016,0,0,11,0
0,86,compute,595.777696,596.435724,0.658028,0,0,0,0,0
0,87,trunk,596.435725,596.439380,0.003654,431890432,-381,1,0,0
0,87,expert,596.476836,597.154405,0.677569,157999104,0,0,9,0
0,87,compute,596.439431,597.270608,0.831177,0,0,0,0,0
0,88,trunk,597.270609,597.274005,0.003395,645562368,-382,1,0,0
0,88,expert,597.327560,598.024267,0.696707,193110016,0,0,11,0
0,88,compute,597.274027,598.135869,0.861842,0,0,0,0,0
0,89,trunk,598.135871,598.139291,0.003420,645562368,-383,1,0,0
0,89,expert,598.195721,598.867097,0.671376,122888192,0,0,7,0
0,89,compute,598.139316,598.987105,0.847789,0,0,0,0,0
0,90,trunk,598.987107,598.990251,0.003144,645562368,-384,1,0,0
0,90,expert,599.044236,599.513186,0.468950,140443648,0,0,8,0
0,90,compute,598.990272,599.634330,0.644058,0,0,0,0,0
0,91,trunk,599.634332,599.637832,0.003501,431890432,-385,1,0,0
0,91,expert,599.671266,600.108952,0.437686,140443648,0,0,8,0
0,91,compute,599.637855,600.222684,0.584829,0,0,0,0,0
0,92,trunk,600.222686,600.226188,0.003502,431890432,-386,1,0,0
0,92,expert,600.247296,600.405164,0.157868,193110016,0,0,11,0
0,92,compute,600.226189,600.651936,0.425747,0,0,0,0,0
0,0,trunk,600.748462,600.748503,0.000041,0,-386,0,0,0
0,0,compute,600.748503,600.850548,0.102044,0,0,0,0,0
0,1,trunk,600.850549,600.854169,0.003620,0,-385,0,0,0
0,1,expert,600.895027,601.113650,0.218622,263331840,0,0,15,0
0,1,compute,600.854171,601.201389,0.347218,0,0,0,0,0
0,2,trunk,601.201390,601.204901,0.003511,0,-384,0,0,0
0,2,expert,601.245352,601.452766,0.207415,245776384,0,0,14,0
0,2,compute,601.204902,601.566176,0.361273,0,0,0,0,0
0,3,trunk,601.566178,601.569555,0.003377,0,-383,0,0,0
0,3,expert,601.620767,601.766663,0.145897,175554560,0,0,10,0
0,3,compute,601.569557,601.854443,0.284886,0,0,0,0,0
0,4,trunk,601.854445,601.857916,0.003472,0,-382,0,0,0
0,4,expert,601.901730,602.103775,0.202045,245776384,0,0,14,0
0,4,compute,601.857918,602.199112,0.341194,0,0,0,0,0
0,5,trunk,602.199114,602.202710,0.003595,0,-381,0,0,0
0,5,expert,602.243395,602.433054,0.189659,228220928,0,0,13,0
0,5,compute,602.202712,602.546386,0.343674,0,0,0,0,0
0,6,trunk,602.546387,602.549844,0.003458,0,-380,0,0,0
0,6,expert,602.591932,602.809703,0.217771,263331840,0,0,15,0
0,6,compute,602.549846,602.927044,0.377198,0,0,0,0,0
0,7,trunk,602.927045,602.931043,0.003998,0,-379,0,0,0
0,7,expert,602.953728,603.170649,0.216921,263331840,0,0,15,0
0,7,compute,602.931071,603.286197,0.355126,0,0,0,0,0
0,8,trunk,603.286199,603.289707,0.003508,0,-378,0,0,0
0,8,expert,603.330283,603.550630,0.220347,263331840,0,0,15,0
0,8,compute,603.289709,603.662348,0.372639,0,0,0,0,0
0,9,trunk,603.662349,603.665831,0.003482,0,-377,0,0,0
0,9,expert,603.705477,603.921392,0.215915,263331840,0,0,15,0
0,9,compute,603.665832,604.039328,0.373496,0,0,0,0,0
0,10,trunk,604.039330,604.042729,0.003400,0,-376,0,0,0
0,10,expert,604.082552,604.253518,0.170966,210665472,0,0,12,0
0,10,compute,604.042732,604.366265,0.323533,0,0,0,0,0
0,11,trunk,604.366267,604.369706,0.003440,0,-375,0,0,0
0,11,expert,604.397805,604.583545,0.185740,228220928,0,0,13,0
0,11,compute,604.369709,604.690168,0.320459,0,0,0,0,0
0,12,trunk,604.690170,604.693852,0.003682,0,-374,0,0,0
0,12,expert,604.739179,604.925179,0.186001,228220928,0,0,13,0
0,12,compute,604.693854,605.038211,0.344357,0,0,0,0,0
0,13,trunk,605.038213,605.041694,0.003480,0,-373,0,0,0
0,13,expert,605.080330,605.302788,0.222458,263331840,0,0,15,0
0,13,compute,605.041695,605.418195,0.376500,0,0,0,0,0
0,14,trunk,605.418196,605.421185,0.002989,0,-372,0,0,0
0,14,expert,605.465962,605.700402,0.234440,280887296,0,0,16,0
0,14,compute,605.421187,605.792549,0.371362,0,0,0,0,0
0,15,trunk,605.792551,605.796143,0.003592,0,-371,0,0,0
0,15,expert,605.817053,606.035897,0.218844,263331840,0,0,15,0
0,15,compute,605.796144,606.128705,0.332561,0,0,0,0,0
0,16,trunk,606.128707,606.132120,0.003414,0,-370,0,0,0
0,16,expert,606.171121,606.379958,0.208836,245776384,0,0,14,0
0,16,compute,606.132122,606.493784,0.361661,0,0,0,0,0
0,17,trunk,606.493785,606.497456,0.003671,0,-369,0,0,0
0,17,expert,606.541361,606.730552,0.189191,228220928,0,0,13,0
0,17,compute,606.497457,606.842211,0.344754,0,0,0,0,0
0,18,trunk,606.842212,606.845533,0.003321,0,-368,0,0,0
0,18,expert,606.889521,607.062767,0.173246,193110016,0,0,11,0
0,18,compute,606.845536,607.178194,0.332659,0,0,0,0,0
0,19,trunk,607.178196,607.181689,0.003494,0,-367,0,0,0
0,19,expert,607.208391,607.431894,0.223504,263331840,0,0,15,0
0,19,compute,607.181691,607.529116,0.347426,0,0,0,0,0
0,20,trunk,607.529117,607.532547,0.003430,0,-366,0,0,0
0,20,expert,607.571554,607.748208,0.176654,210665472,0,0,12,0
0,20,compute,607.532549,607.839905,0.307356,0,0,0,0,0
0,21,trunk,607.839906,607.843357,0.003450,0,-365,0,0,0
0,21,expert,607.900916,608.486289,0.585373,245776384,0,0,14,0
0,21,compute,607.843379,608.598175,0.754796,0,0,0,0,0
0,22,trunk,608.598176,608.652611,0.054436,645562368,-365,1,0,0
0,22,expert,608.702498,609.270822,0.568324,245776384,0,0,14,0
0,22,compute,608.652653,609.386195,0.733541,0,0,0,0,0
0,23,trunk,609.386196,609.390016,0.003820,431890432,-366,1,0,0
0,23,expert,609.427736,610.055073,0.627337,245776384,0,0,14,0
0,23,compute,609.390060,610.174902,0.784842,0,0,0,0,0
0,24,trunk,610.174904,610.178380,0.003477,645562368,-367,1,0,0
0,24,expert,610.240128,611.039088,0.798960,263331840,0,0,15,0
0,24,compute,610.178402,611.146183,0.967781,0,0,0,0,0
0,25,trunk,611.146185,611.149789,0.003603,645562368,-368,1,0,0
0,25,expert,611.204356,611.945152,0.740797,228220928,0,0,13,0
0,25,compute,611.149810,612.058223,0.908414,0,0,0,0,0
0,26,trunk,612.058226,612.061751,0.003526,645562368,-369,1,0,0
0,26,expert,612.111710,612.669371,0.557660,245776384,0,0,14,0
0,26,compute,612.061774,612.782209,0.720436,0,0,0,0,0
0,27,trunk,612.782211,612.785683,0.003472,431890432,-370,1,0,0
0,27,expert,612.823109,613.558601,0.735491,280887296,0,0,16,0
0,27,compute,612.785704,613.655532,0.869828,0,0,0,0,0
0,28,trunk,613.655534,613.659024,0.003490,645562368,-371,1,0,0
0,28,expert,613.716334,614.410233,0.693899,263331840,0,0,15,0
0,28,compute,613.659050,614.522934,0.863884,0,0,0,0,0
0,29,trunk,614.522935,614.527116,0.004181,645562368,-372,1,0,0
0,29,expert,614.594963,615.308405,0.713442,228220928,0,0,13,0
0,29,compute,614.527141,615.403434,0.876293,0,0,0,0,0
0,30,trunk,615.403436,615.407059,0.003622,645562368,-373,1,0,0
0,30,expert,615.455190,616.001770,0.546579,210665472,0,0,12,0
0,30,compute,615.407102,616.118771,0.711669,0,0,0,0,0
0,31,trunk,616.118773,616.122694,0.003921,431890432,-374,1,0,0
0,31,expert,616.160116,616.925290,0.765173,263331840,0,0,15,0
0,31,compute,616.122794,617.030208,0.907413,0,0,0,0,0
0,32,trunk,617.030228,617.033712,0.003484,645562368,-375,1,0,0
0,32,expert,617.086401,617.802982,0.716581,210665472,0,0,12,0
0,32,compute,617.033734,617.914221,0.880487,0,0,0,0,0
0,33,trunk,617.914223,617.917779,0.003556,645562368,-376,1,0,0
0,33,expert,617.968499,618.745766,0.777268,245776384,0,0,14,0
0,33,compute,617.917800,618.840935,0.923135,0,0,0,0,0
0,34,trunk,618.840937,618.844382,0.003444,645562368,-377,1,0,0
0,34,expert,618.898277,619.449462,0.551185,228220928,0,0,13,0
0,34,compute,618.844423,619.566513,0.722091,0,0,0,0,0
0,35,trunk,619.566515,619.570089,0.003574,431890432,-378,1,0,0
0,35,expert,619.607207,620.358127,0.750920,228220928,0,0,13,0
0,35,compute,619.570127,620.466212,0.896085,0,0,0,0,0
0,36,trunk,620.466214,620.469623,0.003409,645562368,-379,1,0,0
0,36,expert,620.528827,621.263478,0.734651,228220928,0,0,13,0
0,36,compute,620.469648,621.378227,0.908579,0,0,0,0,0
0,37,trunk,621.378228,621.381819,0.003591,645562368,-380,1,0,0
0,37,expert,621.436092,622.177710,0.741618,245776384,0,0,14,0
0,37,compute,621.381849,622.290193,0.908344,0,0,0,0,0
0,38,trunk,622.290195,622.293624,0.003429,645562368,-381,1,0,0
0,38,expert,622.344456,622.853787,0.509331,210665472,0,0,12,0
0,38,compute,622.293647,622.966699,0.673052,0,0,0,0,0
0,39,trunk,622.966701,622.970165,0.003465,431890432,-382,1,0,0
0,39,expert,623.006550,623.742034,0.735484,228220928,0,0,13,0
0,39,compute,622.970195,623.835523,0.865328,0,0,0,0,0
0,40,trunk,623.835526,623.839310,0.003784,645562368,-383,1,0,0
0,40,expert,623.892722,624.630252,0.737530,228220928,0,0,13,0
0,40,compute,623.839332,624.726017,0.886685,0,0,0,0,0
0,41,trunk,624.726019,624.729773,0.003754,645562368,-384,1,0,0
0,41,expert,624.785950,625.473973,0.688024,193110016,0,0,11,0
0,41,compute,624.729797,625.594990,0.865193,0,0,0,0,0
0,42,trunk,625.594992,625.598394,0.003402,645562368,-385,1,0,0
0,42,expert,625.653201,626.071365,0.418163,157999104,0,0,9,0
0,42,compute,625.598415,626.190172,0.591757,0,0,0,0,0
0,43,trunk,626.190173,626.193627,0.003453,431890432,-386,1,0,0
0,43,expert,626.242295,626.934768,0.692473,175554560,0,0,10,0
0,43,compute,626.193647,627.052041,0.858394,0,0,0,0,0
0,44,trunk,627.052042,627.055511,0.003468,645562368,-387,1,0,0
0,44,expert,627.125551,627.847196,0.721645,228220928,0,0,13,0
0,44,compute,627.055536,627.962594,0.907058,0,0,0,0,0
0,45,trunk,627.962596,627.966486,0.003890,645562368,-388,1,0,0
0,45,expert,628.021367,628.770760,0.749393,245776384,0,0,14,0
0,45,compute,627.966507,628.863355,0.896848,0,0,0,0,0
0,46,trunk,628.863357,628.866953,0.003596,645562368,-389,1,0,0
0,46,expert,628.918730,629.468998,0.550267,228220928,0,0,13,0
0,46,compute,628.866995,629.590364,0.723369,0,0,0,0,0
0,47,trunk,629.590365,629.594328,0.003963,431890432,-390,1,0,0
0,47,expert,629.635433,630.354521,0.719088,228220928,0,0,13,0
0,47,compute,629.594368,630.466217,0.871848,0,0,0,0,0
0,48,trunk,630.466219,630.469819,0.003601,645562368,-391,1,0,0
0,48,expert,630.521407,631.227590,0.706183,210665472,0,0,12,0
0,48,compute,630.469843,631.342236,0.872394,0,0,0,0,0
0,49,trunk,631.342238,631.345639,0.003400,645562368,-392,1,0,0
0,49,expert,631.406154,632.186260,0.780106,263331840,0,0,15,0
0,49,compute,631.345667,632.302237,0.956570,0,0,0,0,0
0,50,trunk,632.302239,632.305720,0.003481,645562368,-393,1,0,0
0,50,expert,632.355915,632.919474,0.563559,245776384,0,0,14,0
0,50,compute,632.305743,633.034599,0.728857,0,0,0,0,0
0,51,trunk,633.034601,633.038208,0.003607,431890432,-394,1,0,0
0,51,expert,633.075843,633.778485,0.702642,210665472,0,0,12,0
0,51,compute,633.038230,633.890249,0.852019,0,0,0,0,0
0,52,trunk,633.890251,633.893893,0.003642,645562368,-395,1,0,0
0,52,expert,633.948850,634.453093,0.504243,210665472,0,0,12,0
0,52,compute,633.893915,634.562168,0.668253,0,0,0,0,0
0,53,trunk,634.562169,634.645192,0.083022,645562368,-396,1,0,0
0,53,expert,634.702678,635.426955,0.724277,228220928,0,0,13,0
0,53,compute,634.645246,635.534210,0.888964,0,0,0,0,0
0,54,trunk,635.534211,635.537321,0.003109,645562368,-397,1,0,0
0,54,expert,635.598958,636.116373,0.517416,210665472,0,0,12,0
0,54,compute,635.537344,636.230348,0.693004,0,0,0,0,0
0,55,trunk,636.230350,636.233858,0.003508,431890432,-398,1,0,0
0,55,expert,636.277689,637.027563,0.749874,263331840,0,0,15,0
0,55,compute,636.233882,637.116160,0.882278,0,0,0,0,0
0,56,trunk,637.116161,637.119738,0.003576,645562368,-399,1,0,0
0,56,expert,637.173667,637.899300,0.725632,228220928,0,0,13,0
0,56,compute,637.119792,638.014199,0.894406,0,0,0,0,0
0,57,trunk,638.014200,638.017660,0.003460,645562368,-400,1,0,0
0,57,expert,638.072123,638.854323,0.782200,280887296,0,0,16,0
0,57,compute,638.017718,638.966247,0.948529,0,0,0,0,0
0,58,trunk,638.966249,638.969727,0.003478,645562368,-401,1,0,0
0,58,expert,639.023968,639.551507,0.527539,193110016,0,0,11,0
0,58,compute,638.969771,639.662166,0.692396,0,0,0,0,0
0,59,trunk,639.662168,639.665719,0.003551,431890432,-402,1,0,0
0,59,expert,639.708634,640.427031,0.718398,193110016,0,0,11,0
0,59,compute,639.665741,640.538294,0.872553,0,0,0,0,0
0,60,trunk,640.538296,640.541755,0.003459,645562368,-403,1,0,0
0,60,expert,640.598235,641.322360,0.724124,228220928,0,0,13,0
0,60,compute,640.541799,641.503684,0.961884,0,0,0,0,0
0,61,trunk,641.503685,641.507129,0.003444,645562368,-404,1,0,0
0,61,expert,641.567179,642.304839,0.737660,263331840,0,0,15,0
0,61,compute,641.507151,642.419039,0.911888,0,0,0,0,0
0,62,trunk,642.419040,642.422755,0.003715,645562368,-405,1,0,0
0,62,expert,642.471218,642.972516,0.501298,210665472,0,0,12,0
0,62,compute,642.422785,643.063556,0.640771,0,0,0,0,0
0,63,trunk,643.063558,643.067032,0.003474,431890432,-406,1,0,0
0,63,expert,643.097238,643.845195,0.747956,228220928,0,0,13,0
0,63,compute,643.067054,643.943819,0.876765,0,0,0,0,0
0,64,trunk,643.943821,643.947295,0.003474,645562368,-407,1,0,0
0,64,expert,644.000649,644.724714,0.724065,228220928,0,0,13,0
0,64,compute,643.947318,644.829177,0.881859,0,0,0,0,0
0,65,trunk,644.829179,644.832826,0.003648,645562368,-408,1,0,0
0,65,expert,644.892297,645.609229,0.716932,228220928,0,0,13,0
0,65,compute,644.832853,645.722221,0.889368,0,0,0,0,0
0,66,trunk,645.722223,645.725736,0.003514,645562368,-409,1,0,0
0,66,expert,645.774941,646.299513,0.524572,228220928,0,0,13,0
0,66,compute,645.725757,646.418234,0.692477,0,0,0,0,0
0,67,trunk,646.418236,646.421682,0.003446,431890432,-410,1,0,0
0,67,expert,646.498114,647.194359,0.696245,228220928,0,0,13,0
0,67,compute,646.421703,647.315051,0.893347,0,0,0,0,0
0,68,trunk,647.315053,647.318547,0.003495,645562368,-411,1,0,0
0,68,expert,647.376060,648.118631,0.742571,263331840,0,0,15,0
0,68,compute,647.318571,648.230206,0.911635,0,0,0,0,0
0,69,trunk,648.230207,648.233972,0.003765,645562368,-412,1,0,0
0,69,expert,648.295670,649.023523,0.727853,228220928,0,0,13,0
0,69,compute,648.233999,649.134229,0.900230,0,0,0,0,0
0,70,trunk,649.134231,649.137717,0.003487,645562368,-413,1,0,0
0,70,expert,649.184576,649.662938,0.478362,210665472,0,0,12,0
0,70,compute,649.137745,649.753588,0.615842,0,0,0,0,0
0,71,trunk,649.753590,649.757352,0.003762,431890432,-414,1,0,0
0,71,expert,649.802482,650.581356,0.778873,228220928,0,0,13,0
0,71,compute,649.757431,650.698278,0.940846,0,0,0,0,0
0,72,trunk,650.698279,650.701726,0.003447,645562368,-415,1,0,0
0,72,expert,650.756592,651.481498,0.724907,210665472,0,0,12,0
0,72,compute,650.701750,651.602491,0.900741,0,0,0,0,0
0,73,trunk,651.602492,651.606210,0.003717,645562368,-416,1,0,0
0,73,expert,651.665071,652.410367,0.745296,245776384,0,0,14,0
0,73,compute,651.606231,652.522211,0.915980,0,0,0,0,0
0,74,trunk,652.522213,652.525590,0.003377,645562368,-417,1,0,0
0,74,expert,652.578256,653.056333,0.478077,157999104,0,0,9,0
0,74,compute,652.525612,653.147788,0.622176,0,0,0,0,0
0,75,trunk,653.147790,653.151433,0.003643,431890432,-418,1,0,0
0,75,expert,653.179002,653.902920,0.723917,193110016,0,0,11,0
0,75,compute,653.151454,654.022880,0.871426,0,0,0,0,0
0,76,trunk,654.022882,654.026284,0.003402,645562368,-419,1,0,0
0,76,expert,654.086337,654.747174,0.660837,193110016,0,0,11,0
0,76,compute,654.026306,654.858593,0.832288,0,0,0,0,0
0,77,trunk,654.858595,654.862423,0.003828,645562368,-420,1,0,0
0,77,expert,654.924643,655.637837,0.713194,210665472,0,0,12,0
0,77,compute,654.862446,655.754504,0.892058,0,0,0,0,0
0,78,trunk,655.754505,655.757917,0.003412,645562368,-421,1,0,0
0,78,expert,655.807571,656.330922,0.523350,210665472,0,0,12,0
0,78,compute,655.757940,656.442210,0.684270,0,0,0,0,0
0,79,trunk,656.442211,656.445666,0.003455,431890432,-422,1,0,0
0,79,expert,656.481751,657.170507,0.688755,175554560,0,0,10,0
0,79,compute,656.445694,657.306175,0.860482,0,0,0,0,0
0,80,trunk,657.306177,657.309661,0.003483,645562368,-423,1,0,0
0,80,expert,657.362828,658.067257,0.704430,245776384,0,0,14,0
0,80,compute,657.309683,658.190175,0.880492,0,0,0,0,0
0,81,trunk,658.190177,658.193666,0.003489,645562368,-424,1,0,0
0,81,expert,658.248313,659.007059,0.758746,263331840,0,0,15,0
0,81,compute,658.193694,659.122756,0.929062,0,0,0,0,0
0,82,trunk,659.122758,659.126280,0.003522,645562368,-425,1,0,0
0,82,expert,659.180882,659.716565,0.535683,228220928,0,0,13,0
0,82,compute,659.126303,659.826588,0.700285,0,0,0,0,0
0,83,trunk,659.826590,659.830230,0.003640,431890432,-426,1,0,0
0,83,expert,659.872102,660.565958,0.693856,193110016,0,0,11,0
0,83,compute,659.830252,660.661731,0.831480,0,0,0,0,0
0,84,trunk,660.661733,660.665202,0.003468,645562368,-427,1,0,0
0,84,expert,660.725878,661.467974,0.742096,263331840,0,0,15,0
0,84,compute,660.665222,661.559674,0.894452,0,0,0,0,0
0,85,trunk,661.559676,661.563284,0.003608,645562368,-428,1,0,0
0,85,expert,661.618230,662.347199,0.728969,228220928,0,0,13,0
0,85,compute,661.563307,662.458216,0.894908,0,0,0,0,0
0,86,trunk,662.458218,662.461648,0.003431,645562368,-429,1,0,0
0,86,expert,662.512591,663.049394,0.536803,228220928,0,0,13,0
0,86,compute,662.461670,663.140568,0.678898,0,0,0,0,0
0,87,trunk,663.140570,663.144066,0.003496,431890432,-430,1,0,0
0,87,expert,663.174745,663.880248,0.705502,193110016,0,0,11,0
0,87,compute,663.144082,663.980290,0.836208,0,0,0,0,0
0,88,trunk,663.980291,663.983693,0.003402,645562368,-431,1,0,0
0,88,expert,664.041840,664.781067,0.739227,228220928,0,0,13,0
0,88,compute,663.983717,664.894208,0.910492,0,0,0,0,0
0,89,trunk,664.894210,664.897734,0.003523,645562368,-432,1,0,0
0,89,expert,664.954803,665.663558,0.708755,157999104,0,0,9,0
0,89,compute,664.897762,665.778260,0.880497,0,0,0,0,0
0,90,trunk,665.778261,665.781817,0.003556,645562368,-433,1,0,0
0,90,expert,665.834881,666.306766,0.471886,193110016,0,0,11,0
0,90,compute,665.781840,666.410869,0.629029,0,0,0,0,0
0,91,trunk,666.410871,666.414353,0.003483,431890432,-434,1,0,0
0,91,expert,666.448792,666.960610,0.511818,193110016,0,0,11,0
0,91,compute,666.414375,667.052926,0.638552,0,0,0,0,0
0,92,trunk,667.052928,667.056583,0.003655,431890432,-435,1,0,0
0,92,expert,667.078615,667.285814,0.207199,245776384,0,0,14,0
0,92,compute,667.056585,667.383194,0.326609,0,0,0,0,0
