token,layer,phase,t0,t1,dur_s,bytes,l1_hit,l1_miss,l2_hit,l2_miss
0,0,trunk,120.296304,122.683695,2.387391,2341216256,0,1,0,0
0,0,compute,122.683696,122.799422,0.115726,0,0,0,0,0
0,1,trunk,122.799423,123.439708,0.640286,645562368,-1,1,0,0
0,1,expert,123.489602,123.690951,0.201349,280887296,0,0,16,0
0,1,compute,123.439710,123.787253,0.347543,0,0,0,0,0
0,2,trunk,123.787254,124.596663,0.809409,645562368,-2,1,0,0
0,2,expert,124.642572,124.823816,0.181244,280887296,0,0,16,0
0,2,compute,124.596666,124.946197,0.349531,0,0,0,0,0
0,3,trunk,124.946199,125.368111,0.421912,431890432,-3,1,0,0
0,3,expert,125.397248,125.585226,0.187978,280887296,0,0,16,0
0,3,compute,125.368112,125.679438,0.311326,0,0,0,0,0
0,4,trunk,125.679440,126.217620,0.538180,645562368,-4,1,0,0
0,4,expert,126.265168,126.441625,0.176458,280887296,0,0,16,0
0,4,compute,126.217621,126.560720,0.343099,0,0,0,0,0
0,5,trunk,126.560722,127.202826,0.642104,645562368,-5,1,0,0
0,5,expert,127.255738,127.431747,0.176008,280887296,0,0,16,0
0,5,compute,127.202828,127.534276,0.331449,0,0,0,0,0
0,6,trunk,127.534278,128.150657,0.616379,645562368,-6,1,0,0
0,6,expert,128.207264,128.385911,0.178647,280887296,0,0,16,0
0,6,compute,128.150660,128.506231,0.355571,0,0,0,0,0
0,7,trunk,128.506233,128.925255,0.419022,431890432,-7,1,0,0
0,7,expert,128.958302,129.134716,0.176414,280887296,0,0,16,0
0,7,compute,128.925256,129.246175,0.320919,0,0,0,0,0
0,8,trunk,129.246177,129.845967,0.599791,645562368,-8,1,0,0
0,8,expert,129.942306,130.121290,0.178983,280887296,0,0,16,0
0,8,compute,129.845969,130.235282,0.389313,0,0,0,0,0
0,9,trunk,130.235284,130.930265,0.694981,645562368,-9,1,0,0
0,9,expert,130.970871,131.148131,0.177261,280887296,0,0,16,0
0,9,compute,130.930267,131.252718,0.322450,0,0,0,0,0
0,10,trunk,131.252719,131.981762,0.729043,645562368,-10,1,0,0
0,10,expert,132.035695,132.227990,0.192295,280887296,0,0,16,0
0,10,compute,131.981764,132.322283,0.340519,0,0,0,0,0
0,11,trunk,132.322284,132.769210,0.446926,431890432,-11,1,0,0
0,11,expert,132.803437,132.996608,0.193171,280887296,0,0,16,0
0,11,compute,132.769212,133.118207,0.348995,0,0,0,0,0
0,12,trunk,133.118209,133.780065,0.661857,645562368,-12,1,0,0
0,12,expert,133.849281,134.038779,0.189498,280887296,0,0,16,0
0,12,compute,133.780067,134.158307,0.378240,0,0,0,0,0
0,13,trunk,134.158308,134.862185,0.703877,645562368,-13,1,0,0
0,13,expert,134.902167,135.097747,0.195580,280887296,0,0,16,0
0,13,compute,134.862187,135.210614,0.348427,0,0,0,0,0
0,14,trunk,135.210616,136.015012,0.804396,645562368,-14,1,0,0
0,14,expert,136.068691,136.264313,0.195623,280887296,0,0,16,0
0,14,compute,136.015014,136.361033,0.346019,0,0,0,0,0
0,15,trunk,136.361034,136.817860,0.456826,431890432,-15,1,0,0
0,15,expert,136.845411,137.047980,0.202570,280887296,0,0,16,0
0,15,compute,136.817862,137.169357,0.351495,0,0,0,0,0
0,16,trunk,137.169358,137.985238,0.815879,645562368,-16,1,0,0
0,16,expert,138.028338,138.228250,0.199912,280887296,0,0,16,0
0,16,compute,137.985240,138.347532,0.362292,0,0,0,0,0
0,17,trunk,138.347533,139.147894,0.800361,645562368,-17,1,0,0
0,17,expert,139.213234,139.405400,0.192165,280887296,0,0,16,0
0,17,compute,139.147896,139.522999,0.375103,0,0,0,0,0
0,18,trunk,139.523000,140.263925,0.740925,645562368,-18,1,0,0
0,18,expert,140.313298,140.502760,0.189462,280887296,0,0,16,0
0,18,compute,140.263927,140.622209,0.358282,0,0,0,0,0
0,19,trunk,140.622211,141.161566,0.539355,431890432,-19,1,0,0
0,19,expert,141.196328,141.394950,0.198622,280887296,0,0,16,0
0,19,compute,141.161568,141.496958,0.335390,0,0,0,0,0
0,20,trunk,141.496960,142.366457,0.869497,645562368,-20,1,0,0
0,20,expert,142.414132,142.615978,0.201846,280887296,0,0,16,0
0,20,compute,142.366459,142.742257,0.375797,0,0,0,0,0
0,21,trunk,142.742258,143.277497,0.535239,645562368,-21,1,0,0
0,21,expert,143.424230,143.629115,0.204885,280887296,0,0,16,0
0,21,compute,143.277539,143.742528,0.464989,0,0,0,0,0
0,22,trunk,143.742530,144.203461,0.460930,645562368,-22,1,0,0
0,22,expert,144.337524,144.641354,0.303829,280887296,0,0,16,0
0,22,compute,144.203514,144.764093,0.560580,0,0,0,0,0
0,23,trunk,144.764095,144.787259,0.023164,431890432,-23,1,0,0
0,23,expert,144.831750,145.318218,0.486468,280887296,0,0,16,0
0,23,compute,144.787305,145.438249,0.650944,0,0,0,0,0
0,24,trunk,145.438251,145.441838,0.003587,645562368,-24,1,0,0
0,24,expert,145.512701,146.057524,0.544823,280887296,0,0,16,0
0,24,compute,145.441861,146.186204,0.744342,0,0,0,0,0
0,25,trunk,146.186206,146.209711,0.023505,645562368,-25,1,0,0
0,25,expert,146.270892,146.821549,0.550658,280887296,0,0,16,0
0,25,compute,146.209755,146.929830,0.720075,0,0,0,0,0
0,26,trunk,146.929832,146.933717,0.003885,645562368,-26,1,0,0
0,26,expert,146.995608,147.404196,0.408587,280887296,0,0,16,0
0,26,compute,146.933746,147.494739,0.560994,0,0,0,0,0
0,27,trunk,147.494741,147.498314,0.003572,431890432,-27,1,0,0
0,27,expert,147.539844,148.024835,0.484991,280887296,0,0,16,0
0,27,compute,147.498346,148.125698,0.627351,0,0,0,0,0
0,28,trunk,148.125700,148.129311,0.003611,645562368,-28,1,0,0
0,28,expert,148.185062,148.659807,0.474745,280887296,0,0,16,0
0,28,compute,148.129348,148.769416,0.640068,0,0,0,0,0
0,29,trunk,148.769418,148.773156,0.003738,645562368,-29,1,0,0
0,29,expert,148.839912,149.340226,0.500314,280887296,0,0,16,0
0,29,compute,148.773177,149.458404,0.685226,0,0,0,0,0
0,30,trunk,149.458407,149.462332,0.003926,645562368,-30,1,0,0
0,30,expert,149.519540,149.928150,0.408610,280887296,0,0,16,0
0,30,compute,149.462355,150.042347,0.579992,0,0,0,0,0
0,31,trunk,150.042349,150.046465,0.004116,431890432,-31,1,0,0
0,31,expert,150.083062,150.654160,0.571098,280887296,0,0,16,0
0,31,compute,150.046504,150.770180,0.723676,0,0,0,0,0
0,32,trunk,150.770182,150.774208,0.004027,645562368,-32,1,0,0
0,32,expert,150.851018,151.372942,0.521924,280887296,0,0,16,0
0,32,compute,150.774473,151.492049,0.717577,0,0,0,0,0
0,33,trunk,151.492051,151.495276,0.003225,645562368,-33,1,0,0
0,33,expert,151.559025,152.125926,0.566901,280887296,0,0,16,0
0,33,compute,151.495298,152.236842,0.741543,0,0,0,0,0
0,34,trunk,152.236843,152.240973,0.004129,645562368,-34,1,0,0
0,34,expert,152.290293,152.707493,0.417199,280887296,0,0,16,0
0,34,compute,152.240995,152.822219,0.581224,0,0,0,0,0
0,35,trunk,152.822221,152.825971,0.003750,431890432,-35,1,0,0
0,35,expert,152.870194,153.440953,0.570758,280887296,0,0,16,0
0,35,compute,152.825993,153.564034,0.738040,0,0,0,0,0
0,36,trunk,153.564035,153.567783,0.003747,645562368,-36,1,0,0
0,36,expert,153.627438,165.551779,11.924341,280887296,0,0,16,0
0,36,compute,153.567808,165.666908,12.099100,0,0,0,0,0
0,37,trunk,165.666910,165.670411,0.003502,645562368,-37,1,0,0
0,37,expert,165.731805,166.291028,0.559223,280887296,0,0,16,0
0,37,compute,165.670433,166.406194,0.735761,0,0,0,0,0
0,38,trunk,166.406196,166.409866,0.003670,645562368,-38,1,0,0
0,38,expert,166.467166,166.860770,0.393604,280887296,0,0,16,0
0,38,compute,166.409889,166.976148,0.566260,0,0,0,0,0
0,39,trunk,166.976151,166.980470,0.004320,431890432,-39,1,0,0
0,39,expert,167.011103,167.596821,0.585717,280887296,0,0,16,0
0,39,compute,166.980492,167.714871,0.734379,0,0,0,0,0
0,40,trunk,167.714872,167.718580,0.003708,645562368,-40,1,0,0
0,40,expert,167.775026,168.317084,0.542058,280887296,0,0,16,0
0,40,compute,167.718611,168.417685,0.699075,0,0,0,0,0
0,41,trunk,168.417687,168.421391,0.003704,645562368,-41,1,0,0
0,41,expert,168.480432,168.999653,0.519221,280887296,0,0,16,0
0,41,compute,168.421418,169.118213,0.696796,0,0,0,0,0
0,42,trunk,169.118215,169.121713,0.003497,645562368,-42,1,0,0
0,42,expert,169.181544,169.588990,0.407445,280887296,0,0,16,0
0,42,compute,169.121733,169.710322,0.588588,0,0,0,0,0
0,43,trunk,169.710323,169.713867,0.003544,431890432,-43,1,0,0
0,43,expert,169.750750,170.330128,0.579378,280887296,0,0,16,0
0,43,compute,169.713896,170.450207,0.736311,0,0,0,0,0
0,44,trunk,170.450209,170.453792,0.003582,645562368,-44,1,0,0
0,44,expert,170.509391,171.052269,0.542878,280887296,0,0,16,0
0,44,compute,170.453818,171.162239,0.708421,0,0,0,0,0
0,45,trunk,171.162240,171.165762,0.003522,645562368,-45,1,0,0
0,45,expert,171.225728,171.786643,0.560915,280887296,0,0,16,0
0,45,compute,171.165812,171.907012,0.741200,0,0,0,0,0
0,46,trunk,171.907013,171.911612,0.004599,645562368,-46,1,0,0
0,46,expert,171.969133,172.425331,0.456198,280887296,0,0,16,0
0,46,compute,171.911639,172.519673,0.608034,0,0,0,0,0
0,47,trunk,172.519675,172.523154,0.003479,431890432,-47,1,0,0
0,47,expert,172.562541,173.162018,0.599476,280887296,0,0,16,0
0,47,compute,172.523180,173.254243,0.731063,0,0,0,0,0
0,48,trunk,173.254245,173.257905,0.003660,645562368,-48,1,0,0
0,48,expert,173.317436,173.904112,0.586676,280887296,0,0,16,0
0,48,compute,173.257925,174.026346,0.768422,0,0,0,0,0
0,49,trunk,174.026348,174.030457,0.004109,645562368,-49,1,0,0
0,49,expert,174.086540,174.678281,0.591741,280887296,0,0,16,0
0,49,compute,174.030494,174.794215,0.763722,0,0,0,0,0
0,50,trunk,174.794217,174.798057,0.003839,645562368,-50,1,0,0
0,50,expert,174.848192,175.299154,0.450961,280887296,0,0,16,0
0,50,compute,174.798084,175.410989,0.612905,0,0,0,0,0
0,51,trunk,175.410991,175.414569,0.003579,431890432,-51,1,0,0
0,51,expert,175.446177,176.054626,0.608450,280887296,0,0,16,0
0,51,compute,175.414596,176.164954,0.750358,0,0,0,0,0
0,52,trunk,176.164955,176.168444,0.003489,645562368,-52,1,0,0
0,52,expert,176.230666,176.786483,0.555817,280887296,0,0,16,0
0,52,compute,176.168462,176.894333,0.725871,0,0,0,0,0
0,53,trunk,176.894334,176.897978,0.003643,645562368,-53,1,0,0
0,53,expert,176.959969,177.540133,0.580164,280887296,0,0,16,0
0,53,compute,176.898000,177.646380,0.748380,0,0,0,0,0
0,54,trunk,177.646382,177.649936,0.003554,645562368,-54,1,0,0
0,54,expert,177.705542,178.166961,0.461418,280887296,0,0,16,0
0,54,compute,177.649959,178.283005,0.633045,0,0,0,0,0
0,55,trunk,178.283006,178.286537,0.003531,431890432,-55,1,0,0
0,55,expert,178.320288,178.930973,0.610685,280887296,0,0,16,0
0,55,compute,178.286559,179.042213,0.755654,0,0,0,0,0
0,56,trunk,179.042215,179.045813,0.003597,645562368,-56,1,0,0
0,56,expert,179.102259,179.675174,0.572915,280887296,0,0,16,0
0,56,compute,179.045895,179.786278,0.740383,0,0,0,0,0
0,57,trunk,179.786280,179.790043,0.003763,645562368,-57,1,0,0
0,57,expert,179.830627,180.443124,0.612497,280887296,0,0,16,0
0,57,compute,179.790072,180.562169,0.772097,0,0,0,0,0
0,58,trunk,180.562171,180.565852,0.003681,645562368,-58,1,0,0
0,58,expert,180.615239,181.044240,0.429001,280887296,0,0,16,0
0,58,compute,180.565872,181.136916,0.571044,0,0,0,0,0
0,59,trunk,181.136918,181.140480,0.003563,431890432,-59,1,0,0
0,59,expert,181.174916,181.767276,0.592360,280887296,0,0,16,0
0,59,compute,181.140500,181.874246,0.733746,0,0,0,0,0
0,60,trunk,181.874248,181.878229,0.003981,645562368,-60,1,0,0
0,60,expert,181.967105,182.514032,0.546927,280887296,0,0,16,0
0,60,compute,181.878260,182.630211,0.751951,0,0,0,0,0
0,61,trunk,182.630212,182.633605,0.003393,645562368,-61,1,0,0
0,61,expert,182.689421,183.298716,0.609295,280887296,0,0,16,0
0,61,compute,182.633653,183.415030,0.781377,0,0,0,0,0
0,62,trunk,183.415032,183.418652,0.003621,645562368,-62,1,0,0
0,62,expert,183.466481,183.922158,0.455678,280887296,0,0,16,0
0,62,compute,183.418682,184.026174,0.607492,0,0,0,0,0
0,63,trunk,184.026176,184.030060,0.003884,431890432,-63,1,0,0
0,63,expert,184.076717,184.681726,0.605008,280887296,0,0,16,0
0,63,compute,184.030085,184.794700,0.764615,0,0,0,0,0
0,64,trunk,184.794702,184.798425,0.003723,645562368,-64,1,0,0
0,64,expert,184.852540,185.458515,0.605976,280887296,0,0,16,0
0,64,compute,184.798446,185.551873,0.753427,0,0,0,0,0
0,65,trunk,185.551876,185.555305,0.003430,645562368,-65,1,0,0
0,65,expert,185.607252,186.224173,0.616921,280887296,0,0,16,0
0,65,compute,185.555331,186.319011,0.763680,0,0,0,0,0
0,66,trunk,186.319013,186.322578,0.003565,645562368,-66,1,0,0
0,66,expert,186.373391,186.836801,0.463411,280887296,0,0,16,0
0,66,compute,186.322600,186.950385,0.627785,0,0,0,0,0
0,67,trunk,186.950387,186.953874,0.003487,431890432,-67,1,0,0
0,67,expert,186.988045,187.604145,0.616100,280887296,0,0,16,0
0,67,compute,186.953897,187.696727,0.742830,0,0,0,0,0
0,68,trunk,187.696729,187.700511,0.003782,645562368,-68,1,0,0
0,68,expert,187.750589,188.355372,0.604783,280887296,0,0,16,0
0,68,compute,187.700534,188.471025,0.770491,0,0,0,0,0
0,69,trunk,188.471027,188.474909,0.003882,645562368,-69,1,0,0
0,69,expert,188.532476,189.100227,0.567751,280887296,0,0,16,0
0,69,compute,188.474929,189.193406,0.718477,0,0,0,0,0
0,70,trunk,189.193408,189.197016,0.003608,645562368,-70,1,0,0
0,70,expert,189.248770,189.692177,0.443408,280887296,0,0,16,0
0,70,compute,189.197037,189.798174,0.601136,0,0,0,0,0
0,71,trunk,189.798196,189.801651,0.003455,431890432,-71,1,0,0
0,71,expert,189.831167,190.447982,0.616814,280887296,0,0,16,0
0,71,compute,189.801670,190.542009,0.740338,0,0,0,0,0
0,72,trunk,190.542011,190.545474,0.003463,645562368,-72,1,0,0
0,72,expert,190.597302,191.191212,0.593910,280887296,0,0,16,0
0,72,compute,190.545497,191.287154,0.741657,0,0,0,0,0
0,73,trunk,191.287156,191.290860,0.003704,645562368,-73,1,0,0
0,73,expert,191.341361,191.939651,0.598290,280887296,0,0,16,0
0,73,compute,191.290880,192.039929,0.749048,0,0,0,0,0
0,74,trunk,192.039931,192.043850,0.003919,645562368,-74,1,0,0
0,74,expert,192.095924,192.529831,0.433906,280887296,0,0,16,0
0,74,compute,192.043877,192.642156,0.598279,0,0,0,0,0
0,75,trunk,192.642158,192.645775,0.003618,431890432,-75,1,0,0
0,75,expert,192.690942,193.273980,0.583038,280887296,0,0,16,0
0,75,compute,192.645796,193.390205,0.744409,0,0,0,0,0
0,76,trunk,193.390206,193.393686,0.003480,645562368,-76,1,0,0
0,76,expert,193.442012,193.986608,0.544596,280887296,0,0,16,0
0,76,compute,193.393708,194.098237,0.704529,0,0,0,0,0
0,77,trunk,194.098238,194.101790,0.003551,645562368,-77,1,0,0
0,77,expert,194.175852,194.746422,0.570570,280887296,0,0,16,0
0,77,compute,194.101812,194.859046,0.757234,0,0,0,0,0
0,78,trunk,194.859047,194.862542,0.003495,645562368,-78,1,0,0
0,78,expert,194.908209,195.354116,0.445907,280887296,0,0,16,0
0,78,compute,194.862564,195.466733,0.604169,0,0,0,0,0
0,79,trunk,195.466734,195.470267,0.003533,431890432,-79,1,0,0
0,79,expert,195.503089,196.072802,0.569713,280887296,0,0,16,0
0,79,compute,195.470289,196.160642,0.690354,0,0,0,0,0
0,80,trunk,196.160645,196.164367,0.003723,645562368,-80,1,0,0
0,80,expert,196.216882,196.768030,0.551149,280887296,0,0,16,0
0,80,compute,196.164386,196.883029,0.718643,0,0,0,0,0
0,81,trunk,196.883031,196.886510,0.003480,645562368,-81,1,0,0
0,81,expert,196.944826,197.494029,0.549203,280887296,0,0,16,0
0,81,compute,196.886532,197.606186,0.719654,0,0,0,0,0
0,82,trunk,197.606188,197.609770,0.003582,645562368,-82,1,0,0
0,82,expert,197.662686,198.070422,0.407736,280887296,0,0,16,0
0,82,compute,197.609808,198.171150,0.561343,0,0,0,0,0
0,83,trunk,198.171152,198.174650,0.003498,431890432,-83,1,0,0
0,83,expert,198.213455,198.772926,0.559471,280887296,0,0,16,0
0,83,compute,198.174674,198.867028,0.692355,0,0,0,0,0
0,84,trunk,198.867031,198.870650,0.003620,645562368,-84,1,0,0
0,84,expert,198.920374,199.476555,0.556182,280887296,0,0,16,0
0,84,compute,198.870672,199.590436,0.719764,0,0,0,0,0
0,85,trunk,199.590437,199.594170,0.003733,645562368,-85,1,0,0
0,85,expert,199.645074,200.193456,0.548382,280887296,0,0,16,0
0,85,compute,199.594220,200.306187,0.711968,0,0,0,0,0
0,86,trunk,200.306189,200.309677,0.003488,645562368,-86,1,0,0
0,86,expert,200.354818,200.776064,0.421246,280887296,0,0,16,0
0,86,compute,200.309698,200.890211,0.580513,0,0,0,0,0
0,87,trunk,200.890213,200.893690,0.003477,431890432,-87,1,0,0
0,87,expert,200.921937,201.480018,0.558081,280887296,0,0,16,0
0,87,compute,200.893735,201.571712,0.677977,0,0,0,0,0
0,88,trunk,201.571714,201.575258,0.003544,645562368,-88,1,0,0
0,88,expert,201.626035,202.175368,0.549333,280887296,0,0,16,0
0,88,compute,201.575285,202.294350,0.719065,0,0,0,0,0
0,89,trunk,202.294352,202.298138,0.003785,645562368,-89,1,0,0
0,89,expert,202.350082,202.914004,0.563922,280887296,0,0,16,0
0,89,compute,202.298161,203.034244,0.736083,0,0,0,0,0
0,90,trunk,203.034246,203.037756,0.003511,645562368,-90,1,0,0
0,90,expert,203.085710,203.497069,0.411359,280887296,0,0,16,0
0,90,compute,203.037792,203.614243,0.576451,0,0,0,0,0
0,91,trunk,203.614245,203.617754,0.003509,431890432,-91,1,0,0
0,91,expert,203.647350,204.080053,0.432703,280887296,0,0,16,0
0,91,compute,203.617776,204.186175,0.568399,0,0,0,0,0
0,92,trunk,204.186178,204.189754,0.003576,431890432,-92,1,0,0
0,92,expert,204.220910,204.383206,0.162296,280887296,0,0,16,0
0,92,compute,204.189755,204.490170,0.300415,0,0,0,0,0
0,0,trunk,204.587859,204.587893,0.000034,0,-92,0,0,0
0,0,compute,204.587894,204.690478,0.102584,0,0,0,0,0
0,1,trunk,204.690480,204.693857,0.003378,0,-91,0,0,0
0,1,expert,204.732545,204.911236,0.178691,280887296,0,0,16,0
0,1,compute,204.693860,205.022195,0.328336,0,0,0,0,0
0,2,trunk,205.022197,205.025575,0.003378,0,-90,0,0,0
0,2,expert,205.063642,205.237935,0.174293,280887296,0,0,16,0
0,2,compute,205.025576,205.374207,0.348631,0,0,0,0,0
0,3,trunk,205.374208,205.377604,0.003396,0,-89,0,0,0
0,3,expert,205.398886,205.563929,0.165043,280887296,0,0,16,0
0,3,compute,205.377606,205.670168,0.292561,0,0,0,0,0
0,4,trunk,205.670169,205.673572,0.003402,0,-88,0,0,0
0,4,expert,205.743438,205.904931,0.161493,280887296,0,0,16,0
0,4,compute,205.673573,205.995985,0.322411,0,0,0,0,0
0,5,trunk,205.995986,205.999345,0.003359,0,-87,0,0,0
0,5,expert,206.038553,206.201694,0.163140,280887296,0,0,16,0
0,5,compute,205.999347,206.319068,0.319721,0,0,0,0,0
0,6,trunk,206.319069,206.322560,0.003490,0,-86,0,0,0
0,6,expert,206.362699,206.532921,0.170222,280887296,0,0,16,0
0,6,compute,206.322562,206.652033,0.329471,0,0,0,0,0
0,7,trunk,206.652034,206.655085,0.003051,0,-85,0,0,0
0,7,expert,206.706319,206.869268,0.162949,280887296,0,0,16,0
0,7,compute,206.655086,206.983083,0.327996,0,0,0,0,0
0,8,trunk,206.983084,206.986534,0.003449,0,-84,0,0,0
0,8,expert,207.038198,207.195495,0.157297,280887296,0,0,16,0
0,8,compute,206.986536,207.310512,0.323976,0,0,0,0,0
0,9,trunk,207.310514,207.314295,0.003781,0,-83,0,0,0
0,9,expert,207.356108,207.511581,0.155474,280887296,0,0,16,0
0,9,compute,207.314297,207.599887,0.285590,0,0,0,0,0
0,10,trunk,207.599888,207.603484,0.003596,0,-82,0,0,0
0,10,expert,207.642894,207.808112,0.165218,280887296,0,0,16,0
0,10,compute,207.603487,207.914196,0.310709,0,0,0,0,0
0,11,trunk,207.914197,207.917641,0.003444,0,-81,0,0,0
0,11,expert,207.942679,208.108338,0.165659,280887296,0,0,16,0
0,11,compute,207.917643,208.222339,0.304696,0,0,0,0,0
0,12,trunk,208.222341,208.225993,0.003652,0,-80,0,0,0
0,12,expert,208.276351,208.444840,0.168489,280887296,0,0,16,0
0,12,compute,208.225996,208.556814,0.330818,0,0,0,0,0
0,13,trunk,208.556815,208.560189,0.003374,0,-79,0,0,0
0,13,expert,208.599298,208.774404,0.175106,280887296,0,0,16,0
0,13,compute,208.560192,208.886194,0.326003,0,0,0,0,0
0,14,trunk,208.886196,208.889627,0.003431,0,-78,0,0,0
0,14,expert,208.932320,209.100069,0.167749,280887296,0,0,16,0
0,14,compute,208.889629,209.214194,0.324565,0,0,0,0,0
0,15,trunk,209.214195,209.217477,0.003282,0,-77,0,0,0
0,15,expert,209.237950,209.400057,0.162107,280887296,0,0,16,0
0,15,compute,209.217479,209.514165,0.296686,0,0,0,0,0
0,16,trunk,209.514166,209.517670,0.003503,0,-76,0,0,0
0,16,expert,209.560851,209.726574,0.165723,280887296,0,0,16,0
0,16,compute,209.517672,209.842222,0.324550,0,0,0,0,0
0,17,trunk,209.842223,209.845508,0.003285,0,-75,0,0,0
0,17,expert,209.885320,210.054794,0.169474,280887296,0,0,16,0
0,17,compute,209.845510,210.170680,0.325170,0,0,0,0,0
0,18,trunk,210.170681,210.174413,0.003732,0,-74,0,0,0
0,18,expert,210.213303,210.378153,0.164850,280887296,0,0,16,0
0,18,compute,210.174415,210.498323,0.323908,0,0,0,0,0
0,19,trunk,210.498325,210.501801,0.003476,0,-73,0,0,0
0,19,expert,210.522988,210.686150,0.163162,280887296,0,0,16,0
0,19,compute,210.501803,210.818997,0.317195,0,0,0,0,0
0,20,trunk,210.818999,210.822295,0.003296,0,-72,0,0,0
0,20,expert,210.863649,211.025275,0.161627,280887296,0,0,16,0
0,20,compute,210.822297,211.125945,0.303648,0,0,0,0,0
0,21,trunk,211.125947,211.129389,0.003442,0,-71,0,0,0
0,21,expert,211.182940,211.687357,0.504417,280887296,0,0,16,0
0,21,compute,211.129415,211.802208,0.672793,0,0,0,0,0
0,22,trunk,211.802210,211.805886,0.003676,645562368,-71,1,0,0
0,22,expert,211.856388,212.226178,0.369790,280887296,0,0,16,0
0,22,compute,211.805913,212.363203,0.557289,0,0,0,0,0
0,23,trunk,212.363205,212.367006,0.003801,431890432,-72,1,0,0
0,23,expert,212.401497,212.884081,0.482584,280887296,0,0,16,0
0,23,compute,212.367040,212.998187,0.631147,0,0,0,0,0
0,24,trunk,212.998190,213.001750,0.003560,645562368,-73,1,0,0
0,24,expert,213.049808,213.620747,0.570939,280887296,0,0,16,0
0,24,compute,213.001787,213.738347,0.736561,0,0,0,0,0
0,25,trunk,213.738349,213.741938,0.003589,645562368,-74,1,0,0
0,25,expert,213.790935,214.335883,0.544948,280887296,0,0,16,0
0,25,compute,213.741959,214.454261,0.712301,0,0,0,0,0
0,26,trunk,214.454263,214.457829,0.003566,645562368,-75,1,0,0
0,26,expert,214.503868,214.909018,0.405150,280887296,0,0,16,0
0,26,compute,214.457851,215.022218,0.564367,0,0,0,0,0
0,27,trunk,215.022334,215.025819,0.003485,431890432,-76,1,0,0
0,27,expert,215.058470,215.553386,0.494916,280887296,0,0,16,0
0,27,compute,215.025842,215.649134,0.623293,0,0,0,0,0
0,28,trunk,215.649136,215.652687,0.003551,645562368,-77,1,0,0
0,28,expert,215.705766,216.173064,0.467298,280887296,0,0,16,0
0,28,compute,215.652729,216.286208,0.633480,0,0,0,0,0
0,29,trunk,216.286210,216.289665,0.003455,645562368,-78,1,0,0
0,29,expert,216.344772,216.856200,0.511428,280887296,0,0,16,0
0,29,compute,216.289686,216.953963,0.664277,0,0,0,0,0
0,30,trunk,216.953965,216.957799,0.003834,645562368,-79,1,0,0
0,30,expert,217.003877,217.420339,0.416462,280887296,0,0,16,0
0,30,compute,216.957820,217.512407,0.554588,0,0,0,0,0
0,31,trunk,217.512409,217.515885,0.003476,431890432,-80,1,0,0
0,31,expert,217.548148,218.106557,0.558409,280887296,0,0,16,0
0,31,compute,217.515918,218.219035,0.703117,0,0,0,0,0
0,32,trunk,218.219037,218.222641,0.003604,645562368,-81,1,0,0
0,32,expert,218.282232,218.837875,0.555643,280887296,0,0,16,0
0,32,compute,218.222665,218.950188,0.727523,0,0,0,0,0
0,33,trunk,218.950191,218.953679,0.003489,645562368,-82,1,0,0
0,33,expert,219.004830,219.576607,0.571777,280887296,0,0,16,0
0,33,compute,218.953700,219.665148,0.711449,0,0,0,0,0
0,34,trunk,219.665150,219.668565,0.003415,645562368,-83,1,0,0
0,34,expert,219.715257,220.129028,0.413771,280887296,0,0,16,0
0,34,compute,219.668583,220.247204,0.578620,0,0,0,0,0
0,35,trunk,220.247206,220.250814,0.003608,431890432,-84,1,0,0
0,35,expert,220.284792,220.850693,0.565900,280887296,0,0,16,0
0,35,compute,220.250837,220.970204,0.719367,0,0,0,0,0
0,36,trunk,220.970206,220.973691,0.003485,645562368,-85,1,0,0
0,36,expert,221.024841,221.590751,0.565910,280887296,0,0,16,0
0,36,compute,220.973745,221.682368,0.708623,0,0,0,0,0
0,37,trunk,221.682370,221.685899,0.003529,645562368,-86,1,0,0
0,37,expert,221.735035,222.296128,0.561093,280887296,0,0,16,0
0,37,compute,221.685941,222.402158,0.716217,0,0,0,0,0
0,38,trunk,222.402160,222.405844,0.003684,645562368,-87,1,0,0
0,38,expert,222.454894,222.860029,0.405135,280887296,0,0,16,0
0,38,compute,222.405866,222.974234,0.568368,0,0,0,0,0
0,39,trunk,222.974235,222.978968,0.004733,431890432,-88,1,0,0
0,39,expert,223.011721,223.580138,0.568417,280887296,0,0,16,0
0,39,compute,222.978994,223.671504,0.692511,0,0,0,0,0
0,40,trunk,223.671506,223.674950,0.003444,645562368,-89,1,0,0
0,40,expert,223.722210,224.277008,0.554798,280887296,0,0,16,0
0,40,compute,223.674972,224.373395,0.698423,0,0,0,0,0
0,41,trunk,224.373397,224.376944,0.003547,645562368,-90,1,0,0
0,41,expert,224.428567,224.958932,0.530365,280887296,0,0,16,0
0,41,compute,224.376965,225.055839,0.678874,0,0,0,0,0
0,42,trunk,225.055841,225.059348,0.003508,645562368,-91,1,0,0
0,42,expert,225.105493,225.525452,0.419959,280887296,0,0,16,0
0,42,compute,225.059369,225.638243,0.578874,0,0,0,0,0
0,43,trunk,225.638245,225.641785,0.003540,431890432,-92,1,0,0
0,43,expert,225.676194,226.260420,0.584227,280887296,0,0,16,0
0,43,compute,225.641806,226.351444,0.709639,0,0,0,0,0
0,44,trunk,226.351447,226.354951,0.003505,645562368,-93,1,0,0
0,44,expert,226.413873,226.954938,0.541065,280887296,0,0,16,0
0,44,compute,226.354973,227.066276,0.711303,0,0,0,0,0
0,45,trunk,227.066278,227.069822,0.003544,645562368,-94,1,0,0
0,45,expert,227.126132,227.671161,0.545029,280887296,0,0,16,0
0,45,compute,227.069843,227.783056,0.713213,0,0,0,0,0
0,46,trunk,227.783058,227.786655,0.003597,645562368,-95,1,0,0
0,46,expert,227.834141,228.280222,0.446081,280887296,0,0,16,0
0,46,compute,227.786684,228.398902,0.612218,0,0,0,0,0
0,47,trunk,228.398904,228.402432,0.003528,431890432,-96,1,0,0
0,47,expert,228.439873,229.051528,0.611655,280887296,0,0,16,0
0,47,compute,228.402453,229.139673,0.737220,0,0,0,0,0
0,48,trunk,229.139675,229.143347,0.003672,645562368,-97,1,0,0
0,48,expert,229.197056,229.954576,0.757520,280887296,0,0,16,0
0,48,compute,229.143369,230.062175,0.918806,0,0,0,0,0
0,49,trunk,230.062177,230.065673,0.003496,645562368,-98,1,0,0
0,49,expert,230.116674,230.923755,0.807080,280887296,0,0,16,0
0,49,compute,230.065695,231.017408,0.951712,0,0,0,0,0
0,50,trunk,231.017410,231.020876,0.003466,645562368,-99,1,0,0
0,50,expert,231.069497,231.677872,0.608375,280887296,0,0,16,0
0,50,compute,231.020896,231.791002,0.770106,0,0,0,0,0
0,51,trunk,231.791004,231.794815,0.003812,431890432,-100,1,0,0
0,51,expert,231.828890,232.601039,0.772149,280887296,0,0,16,0
0,51,compute,231.794881,232.722388,0.927508,0,0,0,0,0
0,52,trunk,232.722390,232.725824,0.003435,645562368,-101,1,0,0
0,52,expert,232.778767,233.526801,0.748035,280887296,0,0,16,0
0,52,compute,232.725850,233.642880,0.917030,0,0,0,0,0
0,53,trunk,233.642883,233.646580,0.003697,645562368,-102,1,0,0
0,53,expert,233.701208,234.505082,0.803874,280887296,0,0,16,0
0,53,compute,233.646602,234.618193,0.971591,0,0,0,0,0
0,54,trunk,234.618195,234.621803,0.003608,645562368,-103,1,0,0
0,54,expert,234.668947,235.268246,0.599299,280887296,0,0,16,0
0,54,compute,234.621821,235.374202,0.752380,0,0,0,0,0
0,55,trunk,235.374203,235.377793,0.003590,431890432,-104,1,0,0
0,55,expert,235.412353,236.192258,0.779905,280887296,0,0,16,0
0,55,compute,235.377815,236.293186,0.915371,0,0,0,0,0
0,56,trunk,236.293188,236.296775,0.003587,645562368,-105,1,0,0
0,56,expert,236.345431,237.109885,0.764453,280887296,0,0,16,0
0,56,compute,236.296794,237.227011,0.930217,0,0,0,0,0
0,57,trunk,237.227013,237.230469,0.003455,645562368,-106,1,0,0
0,57,expert,237.281092,238.065589,0.784497,280887296,0,0,16,0
0,57,compute,237.230490,238.178159,0.947669,0,0,0,0,0
0,58,trunk,238.178161,238.181682,0.003521,645562368,-107,1,0,0
0,58,expert,238.231626,238.811354,0.579728,280887296,0,0,16,0
0,58,compute,238.181703,238.926222,0.744520,0,0,0,0,0
0,59,trunk,238.926224,238.929875,0.003651,431890432,-108,1,0,0
0,59,expert,238.965311,239.757669,0.792358,280887296,0,0,16,0
0,59,compute,238.929896,239.854647,0.924752,0,0,0,0,0
0,60,trunk,239.854649,239.858226,0.003577,645562368,-109,1,0,0
0,60,expert,239.907077,240.688820,0.781743,280887296,0,0,16,0
0,60,compute,239.858249,240.780519,0.922270,0,0,0,0,0
0,61,trunk,240.780521,240.784113,0.003592,645562368,-110,1,0,0
0,61,expert,240.836893,241.602158,0.765265,280887296,0,0,16,0
0,61,compute,240.784129,241.714203,0.930073,0,0,0,0,0
0,62,trunk,241.714205,241.717749,0.003544,645562368,-111,1,0,0
0,62,expert,241.765317,242.331130,0.565813,280887296,0,0,16,0
0,62,compute,241.717779,242.442217,0.724438,0,0,0,0,0
0,63,trunk,242.442219,242.445848,0.003629,431890432,-112,1,0,0
0,63,expert,242.480733,243.255633,0.774900,280887296,0,0,16,0
0,63,compute,242.445872,243.348963,0.903091,0,0,0,0,0
0,64,trunk,243.348965,243.352438,0.003473,645562368,-113,1,0,0
0,64,expert,243.405329,244.186198,0.780869,280887296,0,0,16,0
0,64,compute,243.352457,244.302242,0.949785,0,0,0,0,0
0,65,trunk,244.302244,244.305768,0.003525,645562368,-114,1,0,0
0,65,expert,244.356271,245.130165,0.773894,280887296,0,0,16,0
0,65,compute,244.305790,245.224807,0.919018,0,0,0,0,0
0,66,trunk,245.224809,245.228316,0.003507,645562368,-115,1,0,0
0,66,expert,245.278234,245.863860,0.585626,280887296,0,0,16,0
0,66,compute,245.228334,245.954865,0.726531,0,0,0,0,0
0,67,trunk,245.954867,245.958739,0.003872,431890432,-116,1,0,0
0,67,expert,245.993776,246.782900,0.789123,280887296,0,0,16,0
0,67,compute,245.958806,246.915067,0.956261,0,0,0,0,0
0,68,trunk,246.915069,246.918681,0.003612,645562368,-117,1,0,0
0,68,expert,246.972275,247.757122,0.784847,280887296,0,0,16,0
0,68,compute,246.918703,247.862162,0.943459,0,0,0,0,0
0,69,trunk,247.862164,247.865800,0.003636,645562368,-118,1,0,0
0,69,expert,247.919069,248.708610,0.789541,280887296,0,0,16,0
0,69,compute,247.865820,248.826208,0.960388,0,0,0,0,0
0,70,trunk,248.826210,248.829726,0.003517,645562368,-119,1,0,0
0,70,expert,248.879271,249.466474,0.587204,280887296,0,0,16,0
0,70,compute,248.829747,249.561854,0.732106,0,0,0,0,0
0,71,trunk,249.561856,249.565561,0.003705,431890432,-120,1,0,0
0,71,expert,249.608407,250.429501,0.821093,280887296,0,0,16,0
0,71,compute,249.565581,250.523854,0.958273,0,0,0,0,0
0,72,trunk,250.523856,250.527437,0.003581,645562368,-121,1,0,0
0,72,expert,250.575616,251.376714,0.801098,280887296,0,0,16,0
0,72,compute,250.527465,251.474465,0.947000,0,0,0,0,0
0,73,trunk,251.474468,251.477962,0.003494,645562368,-122,1,0,0
0,73,expert,251.525598,252.336025,0.810427,280887296,0,0,16,0
0,73,compute,251.477983,252.450375,0.972393,0,0,0,0,0
0,74,trunk,252.450378,252.453869,0.003491,645562368,-123,1,0,0
0,74,expert,252.515752,253.094659,0.578907,280887296,0,0,16,0
0,74,compute,252.453892,253.189187,0.735295,0,0,0,0,0
0,75,trunk,253.189188,253.192728,0.003540,431890432,-124,1,0,0
0,75,expert,253.225497,254.022374,0.796876,280887296,0,0,16,0
0,75,compute,253.192747,254.138319,0.945573,0,0,0,0,0
0,76,trunk,254.138343,254.142267,0.003924,645562368,-125,1,0,0
0,76,expert,254.191709,254.930373,0.738663,280887296,0,0,16,0
0,76,compute,254.142327,255.046165,0.903838,0,0,0,0,0
0,77,trunk,255.046167,255.049873,0.003707,645562368,-126,1,0,0
0,77,expert,255.100315,255.879842,0.779527,280887296,0,0,16,0
0,77,compute,255.049898,255.994527,0.944629,0,0,0,0,0
0,78,trunk,255.994529,255.997951,0.003423,645562368,-127,1,0,0
0,78,expert,256.044807,256.641370,0.596563,280887296,0,0,16,0
0,78,compute,255.997988,256.755090,0.757101,0,0,0,0,0
0,79,trunk,256.755095,256.758540,0.003445,431890432,-128,1,0,0
0,79,expert,256.791716,257.572140,0.780424,280887296,0,0,16,0
0,79,compute,256.758563,257.665423,0.906861,0,0,0,0,0
0,80,trunk,257.665425,257.668966,0.003540,645562368,-129,1,0,0
0,80,expert,257.721567,258.482416,0.760848,280887296,0,0,16,0
0,80,compute,257.668988,258.599088,0.930100,0,0,0,0,0
0,81,trunk,258.599090,258.602583,0.003493,645562368,-130,1,0,0
0,81,expert,258.665945,259.419417,0.753472,280887296,0,0,16,0
0,81,compute,258.602607,259.530170,0.927563,0,0,0,0,0
0,82,trunk,259.530172,259.533635,0.003464,645562368,-131,1,0,0
0,82,expert,259.581872,260.168826,0.586954,280887296,0,0,16,0
0,82,compute,259.533656,260.276654,0.742998,0,0,0,0,0
0,83,trunk,260.276656,260.280362,0.003707,431890432,-132,1,0,0
0,83,expert,260.312191,261.091324,0.779132,280887296,0,0,16,0
0,83,compute,260.280379,261.214419,0.934040,0,0,0,0,0
0,84,trunk,261.214421,261.218119,0.003698,645562368,-133,1,0,0
0,84,expert,261.309868,262.029713,0.719846,280887296,0,0,16,0
0,84,compute,261.218143,262.150255,0.932113,0,0,0,0,0
0,85,trunk,262.150257,262.154372,0.004114,645562368,-134,1,0,0
0,85,expert,262.217800,262.958465,0.740666,280887296,0,0,16,0
0,85,compute,262.154396,263.075683,0.921287,0,0,0,0,0
0,86,trunk,263.075685,263.079208,0.003523,645562368,-135,1,0,0
0,86,expert,263.123872,263.699722,0.575850,280887296,0,0,16,0
0,86,compute,263.079237,263.789483,0.710246,0,0,0,0,0
0,87,trunk,263.789485,263.793069,0.003584,431890432,-136,1,0,0
0,87,expert,263.831293,264.576965,0.745673,280887296,0,0,16,0
0,87,compute,263.793089,264.690264,0.897175,0,0,0,0,0
0,88,trunk,264.690266,264.693845,0.003580,645562368,-137,1,0,0
0,88,expert,264.751064,265.503535,0.752471,280887296,0,0,16,0
0,88,compute,264.693867,265.619204,0.925336,0,0,0,0,0
0,89,trunk,265.619206,265.622768,0.003562,645562368,-138,1,0,0
0,89,expert,265.675052,266.483639,0.808587,280887296,0,0,16,0
0,89,compute,265.622791,266.577544,0.954753,0,0,0,0,0
0,90,trunk,266.577546,266.581003,0.003457,645562368,-139,1,0,0
0,90,expert,266.631773,267.209635,0.577862,280887296,0,0,16,0
0,90,compute,266.581024,267.322563,0.741538,0,0,0,0,0
0,91,trunk,267.322565,267.326602,0.004037,431890432,-140,1,0,0
0,91,expert,267.363761,267.955662,0.591901,280887296,0,0,16,0
0,91,compute,267.326636,268.049195,0.722559,0,0,0,0,0
0,92,trunk,268.049197,268.052670,0.003473,431890432,-141,1,0,0
0,92,expert,268.073878,268.314317,0.240439,280887296,0,0,16,0
0,92,compute,268.052672,268.403606,0.350934,0,0,0,0,0
0,0,trunk,268.501279,268.501320,0.000041,0,-141,0,0,0
0,0,compute,268.501321,268.604386,0.103064,0,0,0,0,0
0,1,trunk,268.604388,268.607752,0.003365,0,-140,0,0,0
0,1,expert,268.646137,268.877726,0.231589,280887296,0,0,16,0
0,1,compute,268.607755,269.002341,0.394586,0,0,0,0,0
0,2,trunk,269.002342,269.005821,0.003479,0,-139,0,0,0
0,2,expert,269.045420,269.265789,0.220369,263331840,0,0,15,0
0,2,compute,269.005823,269.358941,0.353118,0,0,0,0,0
0,3,trunk,269.358942,269.362295,0.003352,0,-138,0,0,0
0,3,expert,269.385029,269.571139,0.186110,228220928,0,0,13,0
0,3,compute,269.362297,269.682247,0.319951,0,0,0,0,0
0,4,trunk,269.682249,269.685697,0.003448,0,-137,0,0,0
0,4,expert,269.768610,269.983957,0.215348,263331840,0,0,15,0
0,4,compute,269.685699,270.076559,0.390860,0,0,0,0,0
0,5,trunk,270.076561,270.079911,0.003351,0,-136,0,0,0
0,5,expert,270.118894,270.351422,0.232527,280887296,0,0,16,0
0,5,compute,270.079912,270.466408,0.386496,0,0,0,0,0
0,6,trunk,270.466410,270.469851,0.003441,0,-135,0,0,0
0,6,expert,270.510367,270.736032,0.225665,263331840,0,0,15,0
0,6,compute,270.469853,270.850281,0.380428,0,0,0,0,0
0,7,trunk,270.850283,270.853901,0.003618,0,-134,0,0,0
0,7,expert,270.887406,271.104385,0.216979,263331840,0,0,15,0
0,7,compute,270.853902,271.226204,0.372302,0,0,0,0,0
0,8,trunk,271.226205,271.229685,0.003479,0,-133,0,0,0
0,8,expert,271.267964,271.497716,0.229752,280887296,0,0,16,0
0,8,compute,271.229690,271.618409,0.388719,0,0,0,0,0
0,9,trunk,271.618411,271.621750,0.003339,0,-132,0,0,0
0,9,expert,271.659455,271.873340,0.213885,263331840,0,0,15,0
0,9,compute,271.621752,271.990241,0.368490,0,0,0,0,0
0,10,trunk,271.990243,271.994084,0.003841,0,-131,0,0,0
0,10,expert,272.037511,272.255447,0.217936,263331840,0,0,15,0
0,10,compute,271.994086,272.370204,0.376118,0,0,0,0,0
0,11,trunk,272.370205,272.374035,0.003830,0,-130,0,0,0
0,11,expert,272.406911,272.624918,0.218007,263331840,0,0,15,0
0,11,compute,272.374037,272.719354,0.345317,0,0,0,0,0
0,12,trunk,272.719355,272.722885,0.003529,0,-129,0,0,0
0,12,expert,272.760819,272.978169,0.217349,263331840,0,0,15,0
0,12,compute,272.722887,273.090235,0.367348,0,0,0,0,0
0,13,trunk,273.090237,273.093591,0.003355,0,-128,0,0,0
0,13,expert,273.140804,273.375015,0.234211,280887296,0,0,16,0
0,13,compute,273.093593,273.476178,0.382585,0,0,0,0,0
0,14,trunk,273.476180,273.479664,0.003484,0,-127,0,0,0
0,14,expert,273.518101,273.732456,0.214355,263331840,0,0,15,0
0,14,compute,273.479666,273.842256,0.362591,0,0,0,0,0
0,15,trunk,273.842258,273.845678,0.003420,0,-126,0,0,0
0,15,expert,273.869281,274.100889,0.231608,280887296,0,0,16,0
0,15,compute,273.845680,274.201902,0.356222,0,0,0,0,0
0,16,trunk,274.201903,274.205461,0.003558,0,-125,0,0,0
0,16,expert,274.248370,274.466039,0.217669,263331840,0,0,15,0
0,16,compute,274.205463,274.560779,0.355316,0,0,0,0,0
0,17,trunk,274.560781,274.564246,0.003465,0,-124,0,0,0
0,17,expert,274.602786,274.835766,0.232980,280887296,0,0,16,0
0,17,compute,274.564249,274.925256,0.361008,0,0,0,0,0
0,18,trunk,274.925258,274.928647,0.003389,0,-123,0,0,0
0,18,expert,274.968221,275.200255,0.232034,280887296,0,0,16,0
0,18,compute,274.928649,275.291856,0.363207,0,0,0,0,0
0,19,trunk,275.291857,275.295261,0.003404,0,-122,0,0,0
0,19,expert,275.318323,275.556124,0.237801,280887296,0,0,16,0
0,19,compute,275.295262,275.670217,0.374955,0,0,0,0,0
0,20,trunk,275.670219,275.673599,0.003381,0,-121,0,0,0
0,20,expert,275.751801,275.982306,0.230505,280887296,0,0,16,0
0,20,compute,275.673602,276.094198,0.420597,0,0,0,0,0
0,21,trunk,276.094200,276.097679,0.003479,0,-120,0,0,0
0,21,expert,276.148374,276.925918,0.777544,280887296,0,0,16,0
0,21,compute,276.097745,277.042350,0.944605,0,0,0,0,0
0,22,trunk,277.042352,277.045925,0.003574,645562368,-120,1,0,0
0,22,expert,277.098565,277.686538,0.587973,280887296,0,0,16,0
0,22,compute,277.045947,277.818892,0.772945,0,0,0,0,0
0,23,trunk,277.818893,277.822470,0.003576,431890432,-121,1,0,0
0,23,expert,277.855198,278.570182,0.714984,263331840,0,0,15,0
0,23,compute,277.822491,278.709762,0.887271,0,0,0,0,0
0,24,trunk,278.709764,278.713274,0.003510,645562368,-122,1,0,0
0,24,expert,278.764764,279.544764,0.779999,228220928,0,0,13,0
0,24,compute,278.713297,279.662210,0.948913,0,0,0,0,0
0,25,trunk,279.662211,279.665647,0.003436,645562368,-123,1,0,0
0,25,expert,279.722897,280.468056,0.745160,263331840,0,0,15,0
0,25,compute,279.665669,280.586166,0.920496,0,0,0,0,0
0,26,trunk,280.586168,280.589659,0.003491,645562368,-124,1,0,0
0,26,expert,280.641547,281.202073,0.560526,263331840,0,0,15,0
0,26,compute,280.589680,281.291046,0.701366,0,0,0,0,0
0,27,trunk,281.291048,281.294561,0.003513,431890432,-125,1,0,0
0,27,expert,281.326975,282.064933,0.737958,280887296,0,0,16,0
0,27,compute,281.294581,282.198941,0.904360,0,0,0,0,0
0,28,trunk,282.198942,282.202563,0.003621,645562368,-126,1,0,0
0,28,expert,282.266918,282.949994,0.683076,263331840,0,0,15,0
0,28,compute,282.202614,283.039151,0.836537,0,0,0,0,0
0,29,trunk,283.039153,283.042701,0.003548,645562368,-127,1,0,0
0,29,expert,283.095928,283.881187,0.785259,280887296,0,0,16,0
0,29,compute,283.042724,284.014995,0.972272,0,0,0,0,0
0,30,trunk,284.014997,284.018532,0.003535,645562368,-128,1,0,0
0,30,expert,284.065026,284.665790,0.600765,280887296,0,0,16,0
0,30,compute,284.018553,284.782248,0.763695,0,0,0,0,0
0,31,trunk,284.782250,284.785843,0.003593,431890432,-129,1,0,0
0,31,expert,284.818714,285.596025,0.777312,280887296,0,0,16,0
0,31,compute,284.785914,285.738208,0.952293,0,0,0,0,0
0,32,trunk,285.738229,285.741749,0.003520,645562368,-130,1,0,0
0,32,expert,285.802139,286.536291,0.734152,245776384,0,0,14,0
0,32,compute,285.741770,286.650167,0.908398,0,0,0,0,0
0,33,trunk,286.650169,286.653782,0.003613,645562368,-131,1,0,0
0,33,expert,286.704707,287.504183,0.799476,263331840,0,0,15,0
0,33,compute,286.653834,287.592449,0.938614,0,0,0,0,0
0,34,trunk,287.592450,287.596348,0.003897,645562368,-132,1,0,0
0,34,expert,287.647064,288.249638,0.602574,280887296,0,0,16,0
0,34,compute,287.596366,288.362288,0.765922,0,0,0,0,0
0,35,trunk,288.362290,288.365801,0.003511,431890432,-133,1,0,0
0,35,expert,288.399096,289.197347,0.798251,280887296,0,0,16,0
0,35,compute,288.365823,289.314260,0.948437,0,0,0,0,0
0,36,trunk,289.314262,289.317917,0.003655,645562368,-134,1,0,0
0,36,expert,289.365529,290.122313,0.756783,245776384,0,0,14,0
0,36,compute,289.317940,290.239012,0.921072,0,0,0,0,0
0,37,trunk,290.239014,290.242625,0.003611,645562368,-135,1,0,0
0,37,expert,290.292278,291.061867,0.769589,280887296,0,0,16,0
0,37,compute,290.242652,291.180069,0.937418,0,0,0,0,0
0,38,trunk,291.180072,291.183507,0.003436,645562368,-136,1,0,0
0,38,expert,291.234498,291.795401,0.560902,280887296,0,0,16,0
0,38,compute,291.183536,291.907001,0.723465,0,0,0,0,0
0,39,trunk,291.907002,291.910697,0.003694,431890432,-137,1,0,0
0,39,expert,291.944996,292.717497,0.772501,280887296,0,0,16,0
0,39,compute,291.910719,292.838261,0.927542,0,0,0,0,0
0,40,trunk,292.838262,292.841724,0.003461,645562368,-138,1,0,0
0,40,expert,292.895829,293.675299,0.779470,280887296,0,0,16,0
0,40,compute,292.841746,293.786704,0.944959,0,0,0,0,0
0,41,trunk,293.786707,293.790231,0.003524,645562368,-139,1,0,0
0,41,expert,293.841541,294.600235,0.758694,280887296,0,0,16,0
0,41,compute,293.790271,294.712245,0.921974,0,0,0,0,0
0,42,trunk,294.712247,294.715944,0.003697,645562368,-140,1,0,0
0,42,expert,294.766838,295.352313,0.585475,280887296,0,0,16,0
0,42,compute,294.715968,295.454274,0.738306,0,0,0,0,0
0,43,trunk,295.454276,295.457698,0.003422,431890432,-141,1,0,0
0,43,expert,295.490885,296.306013,0.815129,280887296,0,0,16,0
0,43,compute,295.457740,296.395933,0.938192,0,0,0,0,0
0,44,trunk,296.395934,296.399434,0.003500,645562368,-142,1,0,0
0,44,expert,296.448656,297.233012,0.784356,280887296,0,0,16,0
0,44,compute,296.399470,297.358465,0.958994,0,0,0,0,0
0,45,trunk,297.358467,297.362007,0.003540,645562368,-143,1,0,0
0,45,expert,297.417148,298.194010,0.776862,280887296,0,0,16,0
0,45,compute,297.362035,298.306258,0.944224,0,0,0,0,0
0,46,trunk,298.306260,298.309777,0.003517,645562368,-144,1,0,0
0,46,expert,298.356342,298.931607,0.575265,263331840,0,0,15,0
0,46,compute,298.309799,299.051769,0.741970,0,0,0,0,0
0,47,trunk,299.051771,299.055327,0.003556,431890432,-145,1,0,0
0,47,expert,299.089457,299.830802,0.741345,263331840,0,0,15,0
0,47,compute,299.055359,299.942258,0.886900,0,0,0,0,0
0,48,trunk,299.942260,299.945867,0.003607,645562368,-146,1,0,0
0,48,expert,300.004859,300.736490,0.731630,263331840,0,0,15,0
0,48,compute,299.945912,300.829672,0.883760,0,0,0,0,0
0,49,trunk,300.829674,300.833108,0.003434,645562368,-147,1,0,0
0,49,expert,300.883055,301.657386,0.774331,263331840,0,0,15,0
0,49,compute,300.833145,301.750456,0.917310,0,0,0,0,0
0,50,trunk,301.750459,301.754221,0.003762,645562368,-148,1,0,0
0,50,expert,301.810786,302.389729,0.578943,280887296,0,0,16,0
0,50,compute,301.754260,302.502318,0.748058,0,0,0,0,0
0,51,trunk,302.502320,302.505776,0.003456,431890432,-149,1,0,0
0,51,expert,302.538876,303.293683,0.754808,280887296,0,0,16,0
0,51,compute,302.505798,303.410196,0.904398,0,0,0,0,0
0,52,trunk,303.410197,303.413795,0.003598,645562368,-150,1,0,0
0,52,expert,303.462723,304.198980,0.736257,280887296,0,0,16,0
0,52,compute,303.413819,304.330204,0.916385,0,0,0,0,0
0,53,trunk,304.330205,304.333898,0.003693,645562368,-151,1,0,0
0,53,expert,304.400498,305.146382,0.745885,263331840,0,0,15,0
0,53,compute,304.333921,305.270212,0.936291,0,0,0,0,0
0,54,trunk,305.270214,305.273767,0.003553,645562368,-152,1,0,0
0,54,expert,305.333541,305.898181,0.564640,280887296,0,0,16,0
0,54,compute,305.273787,306.014746,0.740959,0,0,0,0,0
0,55,trunk,306.014748,306.018705,0.003957,431890432,-153,1,0,0
0,55,expert,306.056058,306.820554,0.764496,280887296,0,0,16,0
0,55,compute,306.018734,306.931002,0.912268,0,0,0,0,0
0,56,trunk,306.931004,306.934184,0.003180,645562368,-154,1,0,0
0,56,expert,306.988504,307.746593,0.758089,280887296,0,0,16,0
0,56,compute,306.939447,307.858691,0.919245,0,0,0,0,0
0,57,trunk,307.858693,307.862128,0.003435,645562368,-155,1,0,0
0,57,expert,307.911697,308.693706,0.782010,280887296,0,0,16,0
0,57,compute,307.862151,308.786792,0.924642,0,0,0,0,0
0,58,trunk,308.786794,308.790388,0.003594,645562368,-156,1,0,0
0,58,expert,308.842467,309.419234,0.576767,280887296,0,0,16,0
0,58,compute,308.790410,309.535009,0.744599,0,0,0,0,0
0,59,trunk,309.535010,309.538597,0.003587,431890432,-157,1,0,0
0,59,expert,309.572688,310.364021,0.791333,280887296,0,0,16,0
0,59,compute,309.538618,310.455360,0.916742,0,0,0,0,0
0,60,trunk,310.455361,310.458900,0.003538,645562368,-158,1,0,0
0,60,expert,310.511974,311.288393,0.776419,280887296,0,0,16,0
0,60,compute,310.458940,311.380384,0.921443,0,0,0,0,0
0,61,trunk,311.380385,311.383976,0.003591,645562368,-159,1,0,0
0,61,expert,311.436784,312.181844,0.745061,280887296,0,0,16,0
0,61,compute,311.384042,312.294840,0.910798,0,0,0,0,0
0,62,trunk,312.294841,312.298687,0.003845,645562368,-160,1,0,0
0,62,expert,312.357702,312.909738,0.552035,280887296,0,0,16,0
0,62,compute,312.298713,313.031166,0.732453,0,0,0,0,0
0,63,trunk,313.031168,313.034793,0.003625,431890432,-161,1,0,0
0,63,expert,313.068470,313.844029,0.775560,280887296,0,0,16,0
0,63,compute,313.034812,313.946076,0.911263,0,0,0,0,0
0,64,trunk,313.946078,313.949559,0.003482,645562368,-162,1,0,0
0,64,expert,314.001472,314.781659,0.780188,280887296,0,0,16,0
0,64,compute,313.949580,314.876544,0.926964,0,0,0,0,0
0,65,trunk,314.876546,314.880058,0.003512,645562368,-163,1,0,0
0,65,expert,314.926696,315.687705,0.761009,280887296,0,0,16,0
0,65,compute,314.880076,315.775315,0.895239,0,0,0,0,0
0,66,trunk,315.775317,315.778821,0.003504,645562368,-164,1,0,0
0,66,expert,315.824393,316.418518,0.594125,280887296,0,0,16,0
0,66,compute,315.778844,316.510675,0.731831,0,0,0,0,0
0,67,trunk,316.510676,316.514295,0.003619,431890432,-165,1,0,0
0,67,expert,316.547783,317.322782,0.774998,280887296,0,0,16,0
0,67,compute,316.514317,317.419249,0.904932,0,0,0,0,0
0,68,trunk,317.419250,317.422979,0.003728,645562368,-166,1,0,0
0,68,expert,317.483788,318.214792,0.731004,280887296,0,0,16,0
0,68,compute,317.423007,318.327110,0.904103,0,0,0,0,0
0,69,trunk,318.327112,318.330537,0.003425,645562368,-167,1,0,0
0,69,expert,318.381801,319.165736,0.783934,280887296,0,0,16,0
0,69,compute,318.330559,319.290193,0.959634,0,0,0,0,0
0,70,trunk,319.290195,319.293683,0.003488,645562368,-168,1,0,0
0,70,expert,319.339285,319.916142,0.576856,280887296,0,0,16,0
0,70,compute,319.293706,320.023783,0.730077,0,0,0,0,0
0,71,trunk,320.023785,320.027268,0.003483,431890432,-169,1,0,0
0,71,expert,320.059230,320.885580,0.826350,280887296,0,0,16,0
0,71,compute,320.027290,320.981490,0.954200,0,0,0,0,0
0,72,trunk,320.981492,320.985082,0.003591,645562368,-170,1,0,0
0,72,expert,321.033899,321.824384,0.790485,280887296,0,0,16,0
0,72,compute,320.985125,321.938198,0.953074,0,0,0,0,0
0,73,trunk,321.938200,321.941676,0.003477,645562368,-171,1,0,0
0,73,expert,321.995267,322.777323,0.782055,280887296,0,0,16,0
0,73,compute,321.941733,322.891034,0.949301,0,0,0,0,0
0,74,trunk,322.891036,322.894482,0.003446,645562368,-172,1,0,0
0,74,expert,322.940811,323.533743,0.592933,280887296,0,0,16,0
0,74,compute,322.894544,323.670206,0.775662,0,0,0,0,0
0,75,trunk,323.670208,323.674361,0.004153,431890432,-173,1,0,0
0,75,expert,323.710286,324.482887,0.772602,280887296,0,0,16,0
0,75,compute,323.674392,324.594201,0.919809,0,0,0,0,0
0,76,trunk,324.594202,324.597652,0.003450,645562368,-174,1,0,0
0,76,expert,324.646641,325.385177,0.738536,280887296,0,0,16,0
0,76,compute,324.597680,325.498262,0.900582,0,0,0,0,0
0,77,trunk,325.498263,325.501841,0.003578,645562368,-175,1,0,0
0,77,expert,325.562006,326.321189,0.759183,280887296,0,0,16,0
0,77,compute,325.501871,326.438204,0.936333,0,0,0,0,0
0,78,trunk,326.438206,326.441701,0.003495,645562368,-176,1,0,0
0,78,expert,326.488957,327.073966,0.585008,280887296,0,0,16,0
0,78,compute,326.441721,327.179209,0.737487,0,0,0,0,0
0,79,trunk,327.179210,327.182642,0.003431,431890432,-177,1,0,0
0,79,expert,327.223857,327.981553,0.757697,280887296,0,0,16,0
0,79,compute,327.182663,328.075158,0.892495,0,0,0,0,0
0,80,trunk,328.075160,328.078684,0.003525,645562368,-178,1,0,0
0,80,expert,328.130881,328.877880,0.746999,280887296,0,0,16,0
0,80,compute,328.078707,328.992046,0.913339,0,0,0,0,0
0,81,trunk,328.992048,328.995822,0.003774,645562368,-179,1,0,0
0,81,expert,329.057342,329.800471,0.743129,263331840,0,0,15,0
0,81,compute,328.995846,329.909042,0.913195,0,0,0,0,0
0,82,trunk,329.909043,329.912713,0.003670,645562368,-180,1,0,0
0,82,expert,329.968674,330.548120,0.579446,280887296,0,0,16,0
0,82,compute,329.912735,330.640952,0.728217,0,0,0,0,0
0,83,trunk,330.640954,330.644494,0.003540,431890432,-181,1,0,0
0,83,expert,330.679543,331.402513,0.722970,228220928,0,0,13,0
0,83,compute,330.644514,331.515039,0.870525,0,0,0,0,0
0,84,trunk,331.515041,331.518639,0.003598,645562368,-182,1,0,0
0,84,expert,331.570875,332.298366,0.727491,228220928,0,0,13,0
0,84,compute,331.518661,332.399683,0.881022,0,0,0,0,0
0,85,trunk,332.399685,332.403218,0.003533,645562368,-183,1,0,0
0,85,expert,332.456879,333.190829,0.733950,245776384,0,0,14,0
0,85,compute,332.403240,333.326264,0.923024,0,0,0,0,0
0,86,trunk,333.326266,333.329902,0.003636,645562368,-184,1,0,0
0,86,expert,333.376560,333.942488,0.565928,280887296,0,0,16,0
0,86,compute,333.329924,334.066220,0.736296,0,0,0,0,0
0,87,trunk,334.066222,334.069854,0.003632,431890432,-185,1,0,0
0,87,expert,334.105497,334.795916,0.690419,228220928,0,0,13,0
0,87,compute,334.069880,334.892753,0.822873,0,0,0,0,0
0,88,trunk,334.892755,334.896248,0.003492,645562368,-186,1,0,0
0,88,expert,334.945905,335.687666,0.741761,263331840,0,0,15,0
0,88,compute,334.896267,335.774740,0.878474,0,0,0,0,0
0,89,trunk,335.774742,335.778575,0.003833,645562368,-187,1,0,0
0,89,expert,335.830312,336.582289,0.751977,228220928,0,0,13,0
0,89,compute,335.778604,336.702224,0.923620,0,0,0,0,0
0,90,trunk,336.702226,336.705859,0.003633,645562368,-188,1,0,0
0,90,expert,336.752740,337.271867,0.519127,210665472,0,0,12,0
0,90,compute,336.705911,337.369170,0.663259,0,0,0,0,0
0,91,trunk,337.369172,337.373177,0.004005,431890432,-189,1,0,0
0,91,expert,337.411050,337.931946,0.520896,228220928,0,0,13,0
0,91,compute,337.373206,338.024208,0.651002,0,0,0,0,0
0,92,trunk,338.024210,338.027793,0.003584,431890432,-190,1,0,0
0,92,expert,338.048942,338.232844,0.183902,228220928,0,0,13,0
0,92,compute,338.027795,338.325163,0.297368,0,0,0,0,0
0,0,trunk,338.422295,338.422330,0.000035,0,-190,0,0,0
0,0,compute,338.422330,338.525311,0.102981,0,0,0,0,0
0,1,trunk,338.525313,338.528880,0.003568,0,-189,0,0,0
0,1,expert,338.576623,338.786140,0.209516,263331840,0,0,15,0
0,1,compute,338.528882,338.898406,0.369523,0,0,0,0,0
0,2,trunk,338.898407,338.901942,0.003535,0,-188,0,0,0
0,2,expert,338.939793,339.140132,0.200340,245776384,0,0,14,0
0,2,compute,338.901945,339.238636,0.336691,0,0,0,0,0
0,3,trunk,339.238638,339.241998,0.003360,0,-187,0,0,0
0,3,expert,339.267421,339.444668,0.177247,210665472,0,0,12,0
0,3,compute,339.242000,339.547719,0.305719,0,0,0,0,0
0,4,trunk,339.547720,339.551357,0.003637,0,-186,0,0,0
0,4,expert,339.589839,339.775952,0.186113,228220928,0,0,13,0
0,4,compute,339.551359,339.867048,0.315688,0,0,0,0,0
0,5,trunk,339.867049,339.870591,0.003542,0,-185,0,0,0
0,5,expert,339.909027,340.133674,0.224647,263331840,0,0,15,0
0,5,compute,339.870597,340.254443,0.383846,0,0,0,0,0
0,6,trunk,340.254445,340.257961,0.003515,0,-184,0,0,0
0,6,expert,340.308086,340.539492,0.231406,280887296,0,0,16,0
0,6,compute,340.257963,340.650542,0.392579,0,0,0,0,0
0,7,trunk,340.650544,340.653996,0.003453,0,-183,0,0,0
0,7,expert,340.674793,340.889858,0.215066,263331840,0,0,15,0
0,7,compute,340.653998,341.006200,0.352202,0,0,0,0,0
0,8,trunk,341.006201,341.009556,0.003355,0,-182,0,0,0
0,8,expert,341.048678,341.275574,0.226897,280887296,0,0,16,0
0,8,compute,341.009558,341.365783,0.356225,0,0,0,0,0
0,9,trunk,341.365784,341.369345,0.003561,0,-181,0,0,0
0,9,expert,341.412069,341.583451,0.171382,210665472,0,0,12,0
0,9,compute,341.369348,341.698179,0.328832,0,0,0,0,0
0,10,trunk,341.698181,341.701546,0.003365,0,-180,0,0,0
0,10,expert,341.746118,341.888677,0.142559,175554560,0,0,10,0
0,10,compute,341.701548,341.994171,0.292623,0,0,0,0,0
0,11,trunk,341.994173,341.997744,0.003572,0,-179,0,0,0
0,11,expert,342.023600,342.204469,0.180869,228220928,0,0,13,0
0,11,compute,341.997746,342.330226,0.332480,0,0,0,0,0
0,12,trunk,342.330228,342.333563,0.003335,0,-178,0,0,0
0,12,expert,342.379766,342.582048,0.202282,245776384,0,0,14,0
0,12,compute,342.333589,342.695012,0.361423,0,0,0,0,0
0,13,trunk,342.695013,342.698347,0.003334,0,-177,0,0,0
0,13,expert,342.738335,342.930636,0.192301,228220928,0,0,13,0
0,13,compute,342.698349,343.042195,0.343846,0,0,0,0,0
0,14,trunk,343.042197,343.045618,0.003421,0,-176,0,0,0
0,14,expert,343.084869,343.265387,0.180518,228220928,0,0,13,0
0,14,compute,343.045621,343.378207,0.332586,0,0,0,0,0
0,15,trunk,343.378208,343.381600,0.003391,0,-175,0,0,0
0,15,expert,343.418600,343.612927,0.194327,245776384,0,0,14,0
0,15,compute,343.381601,343.707802,0.326201,0,0,0,0,0
0,16,trunk,343.707804,343.711465,0.003661,0,-174,0,0,0
0,16,expert,343.751383,343.918703,0.167320,210665472,0,0,12,0
0,16,compute,343.711468,344.030201,0.318733,0,0,0,0,0
0,17,trunk,344.030203,344.033618,0.003415,0,-173,0,0,0
0,17,expert,344.077279,344.276690,0.199411,245776384,0,0,14,0
0,17,compute,344.033620,344.370228,0.336609,0,0,0,0,0
0,18,trunk,344.370230,344.373673,0.003443,0,-172,0,0,0
0,18,expert,344.416225,344.605919,0.189695,228220928,0,0,13,0
0,18,compute,344.373675,344.718273,0.344598,0,0,0,0,0
0,19,trunk,344.718274,344.721718,0.003443,0,-171,0,0,0
0,19,expert,344.742639,344.930659,0.188020,228220928,0,0,13,0
0,19,compute,344.721719,345.043031,0.321311,0,0,0,0,0
0,20,trunk,345.043032,345.046702,0.003669,0,-170,0,0,0
0,20,expert,345.087565,345.257366,0.169801,210665472,0,0,12,0
0,20,compute,345.046704,345.370556,0.323853,0,0,0,0,0
0,21,trunk,345.370558,345.374374,0.003816,0,-169,0,0,0
0,21,expert,345.426027,346.183726,0.757699,263331840,0,0,15,0
0,21,compute,345.374425,346.271819,0.897394,0,0,0,0,0
0,22,trunk,346.271820,346.275310,0.003490,645562368,-169,1,0,0
0,22,expert,346.328113,346.907494,0.579382,263331840,0,0,15,0
0,22,compute,346.275331,347.004633,0.729302,0,0,0,0,0
0,23,trunk,347.004635,347.008169,0.003534,431890432,-170,1,0,0
0,23,expert,347.037242,347.714881,0.677639,210665472,0,0,12,0
0,23,compute,347.008187,347.826199,0.818012,0,0,0,0,0
0,24,trunk,347.826201,347.829901,0.003699,645562368,-171,1,0,0
0,24,expert,347.878874,348.667377,0.788503,228220928,0,0,13,0
0,24,compute,347.829923,348.783044,0.953120,0,0,0,0,0
0,25,trunk,348.783046,348.786772,0.003726,645562368,-172,1,0,0
0,25,expert,348.847180,349.608457,0.761277,280887296,0,0,16,0
0,25,compute,348.786806,349.726723,0.939917,0,0,0,0,0
0,26,trunk,349.726725,349.730162,0.003437,645562368,-173,1,0,0
0,26,expert,349.782283,350.341568,0.559285,245776384,0,0,14,0
0,26,compute,349.730186,350.462214,0.732029,0,0,0,0,0
0,27,trunk,350.462216,350.465784,0.003568,431890432,-174,1,0,0
0,27,expert,350.497681,351.232623,0.734942,280887296,0,0,16,0
0,27,compute,350.465811,351.333607,0.867797,0,0,0,0,0
0,28,trunk,351.333610,351.337263,0.003653,645562368,-175,1,0,0
0,28,expert,351.394216,352.086077,0.691862,263331840,0,0,15,0
0,28,compute,351.337283,352.202305,0.865022,0,0,0,0,0
0,29,trunk,352.202307,352.206135,0.003828,645562368,-176,1,0,0
0,29,expert,352.267291,353.001508,0.734217,245776384,0,0,14,0
0,29,compute,352.206191,353.122196,0.916005,0,0,0,0,0
0,30,trunk,353.122198,353.125743,0.003545,645562368,-177,1,0,0
0,30,expert,353.177619,353.759582,0.581963,263331840,0,0,15,0
0,30,compute,353.125770,353.870560,0.744790,0,0,0,0,0
0,31,trunk,353.870562,353.874149,0.003586,431890432,-178,1,0,0
0,31,expert,353.911175,354.675915,0.764740,263331840,0,0,15,0
0,31,compute,353.874171,354.782430,0.908259,0,0,0,0,0
0,32,trunk,354.782431,354.785835,0.003404,645562368,-179,1,0,0
0,32,expert,354.838468,355.552730,0.714262,210665472,0,0,12,0
0,32,compute,354.785859,355.653806,0.867947,0,0,0,0,0
0,33,trunk,355.653808,355.657387,0.003579,645562368,-180,1,0,0
0,33,expert,355.719533,356.469885,0.750352,228220928,0,0,13,0
0,33,compute,355.657409,356.587970,0.930561,0,0,0,0,0
0,34,trunk,356.587971,356.591401,0.003430,645562368,-181,1,0,0
0,34,expert,356.638709,368.664463,12.025754,263331840,0,0,15,0
0,34,compute,356.591424,368.782201,12.190777,0,0,0,0,0
0,35,trunk,368.782203,368.786029,0.003826,431890432,-182,1,0,0
0,35,expert,368.826530,369.587343,0.760813,245776384,0,0,14,0
0,35,compute,368.786051,369.700042,0.913991,0,0,0,0,0
0,36,trunk,369.700043,369.703577,0.003534,645562368,-183,1,0,0
0,36,expert,369.766746,370.513069,0.746323,245776384,0,0,14,0
0,36,compute,369.703628,370.626892,0.923264,0,0,0,0,0
0,37,trunk,370.626893,370.630555,0.003662,645562368,-184,1,0,0
0,37,expert,370.685835,371.439588,0.753753,263331840,0,0,15,0
0,37,compute,370.630579,371.531812,0.901233,0,0,0,0,0
0,38,trunk,371.531814,371.535505,0.003691,645562368,-185,1,0,0
0,38,expert,371.596539,372.115130,0.518591,245776384,0,0,14,0
0,38,compute,371.535567,372.230204,0.694638,0,0,0,0,0
0,39,trunk,372.230206,372.233849,0.003642,431890432,-186,1,0,0
0,39,expert,372.272725,373.011059,0.738334,245776384,0,0,14,0
0,39,compute,372.233871,373.112180,0.878309,0,0,0,0,0
0,40,trunk,373.112182,373.115710,0.003528,645562368,-187,1,0,0
0,40,expert,373.173688,373.924931,0.751242,263331840,0,0,15,0
0,40,compute,373.115732,374.042220,0.926488,0,0,0,0,0
0,41,trunk,374.042222,374.045802,0.003580,645562368,-188,1,0,0
0,41,expert,374.104416,374.823907,0.719491,245776384,0,0,14,0
0,41,compute,374.045822,374.918217,0.872395,0,0,0,0,0
0,42,trunk,374.918219,374.921860,0.003641,645562368,-189,1,0,0
0,42,expert,374.973386,375.525557,0.552170,245776384,0,0,14,0
0,42,compute,374.921888,375.643076,0.721188,0,0,0,0,0
0,43,trunk,375.643078,375.646571,0.003492,431890432,-190,1,0,0
0,43,expert,375.685089,376.482534,0.797446,280887296,0,0,16,0
0,43,compute,375.646598,376.604095,0.957496,0,0,0,0,0
0,44,trunk,376.604096,376.607680,0.003584,645562368,-191,1,0,0
0,44,expert,376.665038,377.441570,0.776531,280887296,0,0,16,0
0,44,compute,376.607703,377.563553,0.955850,0,0,0,0,0
0,45,trunk,377.563555,377.567265,0.003709,645562368,-192,1,0,0
0,45,expert,377.643210,378.392174,0.748963,263331840,0,0,15,0
0,45,compute,377.567289,378.498003,0.930714,0,0,0,0,0
0,46,trunk,378.498005,378.501527,0.003522,645562368,-193,1,0,0
0,46,expert,378.559488,379.114112,0.554624,245776384,0,0,14,0
0,46,compute,378.501549,379.243085,0.741535,0,0,0,0,0
0,47,trunk,379.243087,379.246828,0.003741,431890432,-194,1,0,0
0,47,expert,379.292044,380.008795,0.716751,245776384,0,0,14,0
0,47,compute,379.246855,380.118167,0.871312,0,0,0,0,0
0,48,trunk,380.118169,380.121721,0.003551,645562368,-195,1,0,0
0,48,expert,380.177992,380.913142,0.735150,263331840,0,0,15,0
0,48,compute,380.121742,381.030225,0.908483,0,0,0,0,0
0,49,trunk,381.030227,381.033888,0.003661,645562368,-196,1,0,0
0,49,expert,381.092299,381.703717,0.611417,263331840,0,0,15,0
0,49,compute,381.033936,381.807970,0.774033,0,0,0,0,0
0,50,trunk,381.807971,381.866399,0.058428,645562368,-197,1,0,0
0,50,expert,381.925152,382.482890,0.557737,263331840,0,0,15,0
0,50,compute,381.866463,382.583065,0.716602,0,0,0,0,0
0,51,trunk,382.583067,382.586834,0.003767,431890432,-198,1,0,0
0,51,expert,382.622469,383.354611,0.732142,245776384,0,0,14,0
0,51,compute,382.586858,383.457803,0.870945,0,0,0,0,0
0,52,trunk,383.457805,383.461478,0.003674,645562368,-199,1,0,0
0,52,expert,383.522994,384.211878,0.688885,228220928,0,0,13,0
0,52,compute,383.466644,384.329335,0.862692,0,0,0,0,0
0,53,trunk,384.329337,384.333521,0.004184,645562368,-200,1,0,0
0,53,expert,384.394904,385.050534,0.655630,245776384,0,0,14,0
0,53,compute,384.333543,385.162195,0.828652,0,0,0,0,0
0,54,trunk,385.162197,385.165726,0.003529,645562368,-201,1,0,0
0,54,expert,385.217793,385.772415,0.554621,263331840,0,0,15,0
0,54,compute,385.165748,385.866733,0.700985,0,0,0,0,0
0,55,trunk,385.866735,385.870398,0.003663,431890432,-202,1,0,0
0,55,expert,385.912372,386.634725,0.722353,228220928,0,0,13,0
0,55,compute,385.870444,386.754302,0.883857,0,0,0,0,0
0,56,trunk,386.754303,386.757966,0.003663,645562368,-203,1,0,0
0,56,expert,386.816273,387.570739,0.754466,263331840,0,0,15,0
0,56,compute,386.758015,387.671631,0.913615,0,0,0,0,0
0,57,trunk,387.671632,387.675239,0.003607,645562368,-204,1,0,0
0,57,expert,387.734162,388.499336,0.765174,280887296,0,0,16,0
0,57,compute,387.675266,388.614248,0.938983,0,0,0,0,0
0,58,trunk,388.614250,388.617914,0.003664,645562368,-205,1,0,0
0,58,expert,388.678531,389.211876,0.533345,228220928,0,0,13,0
0,58,compute,388.617937,389.326195,0.708258,0,0,0,0,0
0,59,trunk,389.326198,389.330429,0.004232,431890432,-206,1,0,0
0,59,expert,389.393543,390.105426,0.711883,228220928,0,0,13,0
0,59,compute,389.330452,390.229236,0.898784,0,0,0,0,0
0,60,trunk,390.229238,390.232837,0.003598,645562368,-207,1,0,0
0,60,expert,390.298020,391.049783,0.751763,263331840,0,0,15,0
0,60,compute,390.232856,391.162545,0.929689,0,0,0,0,0
0,61,trunk,391.162547,391.166318,0.003771,645562368,-208,1,0,0
0,61,expert,391.226183,391.960427,0.734245,263331840,0,0,15,0
0,61,compute,391.166390,392.054709,0.888320,0,0,0,0,0
0,62,trunk,392.054712,392.058201,0.003489,645562368,-209,1,0,0
0,62,expert,392.118118,392.604496,0.486377,210665472,0,0,12,0
0,62,compute,392.058223,392.701714,0.643491,0,0,0,0,0
0,63,trunk,392.701716,392.705437,0.003721,431890432,-210,1,0,0
0,63,expert,392.751760,393.447095,0.695335,228220928,0,0,13,0
0,63,compute,392.711099,393.545750,0.834651,0,0,0,0,0
0,64,trunk,393.545753,393.549459,0.003707,645562368,-211,1,0,0
0,64,expert,393.605639,394.348695,0.743056,245776384,0,0,14,0
0,64,compute,393.549479,394.440438,0.890959,0,0,0,0,0
0,65,trunk,394.440440,394.444229,0.003789,645562368,-212,1,0,0
0,65,expert,394.500307,395.195920,0.695613,210665472,0,0,12,0
0,65,compute,394.444248,395.290851,0.846603,0,0,0,0,0
0,66,trunk,395.290853,395.294992,0.004138,645562368,-213,1,0,0
0,66,expert,395.342844,395.903873,0.561029,245776384,0,0,14,0
0,66,compute,395.295015,395.998298,0.703283,0,0,0,0,0
0,67,trunk,395.998301,396.001849,0.003548,431890432,-214,1,0,0
0,67,expert,396.036806,396.787526,0.750720,245776384,0,0,14,0
0,67,compute,396.001868,396.903637,0.901768,0,0,0,0,0
0,68,trunk,396.903638,396.907208,0.003570,645562368,-215,1,0,0
0,68,expert,396.998388,397.660470,0.662082,228220928,0,0,13,0
0,68,compute,396.907229,397.770274,0.863044,0,0,0,0,0
0,69,trunk,397.770276,397.773851,0.003575,645562368,-216,1,0,0
0,69,expert,397.837790,398.567053,0.729263,228220928,0,0,13,0
0,69,compute,397.773909,398.690417,0.916508,0,0,0,0,0
0,70,trunk,398.690419,398.698118,0.007699,645562368,-217,1,0,0
0,70,expert,398.758466,399.263348,0.504882,210665472,0,0,12,0
0,70,compute,398.698140,399.378841,0.680701,0,0,0,0,0
0,71,trunk,399.378843,399.382469,0.003626,431890432,-218,1,0,0
0,71,expert,399.417287,400.203791,0.786504,245776384,0,0,14,0
0,71,compute,399.382491,400.319039,0.936548,0,0,0,0,0
0,72,trunk,400.319041,400.322536,0.003495,645562368,-219,1,0,0
0,72,expert,400.376920,401.144860,0.767940,263331840,0,0,15,0
0,72,compute,400.322554,401.266296,0.943741,0,0,0,0,0
0,73,trunk,401.266302,401.270085,0.003783,645562368,-220,1,0,0
0,73,expert,401.329522,402.099185,0.769662,280887296,0,0,16,0
0,73,compute,401.270104,402.220061,0.949956,0,0,0,0,0
0,74,trunk,402.220063,402.228040,0.007977,645562368,-221,1,0,0
0,74,expert,402.296131,402.856973,0.560842,280887296,0,0,16,0
0,74,compute,402.228078,402.982178,0.754100,0,0,0,0,0
0,75,trunk,402.982179,402.985869,0.003689,431890432,-222,1,0,0
0,75,expert,403.061516,403.803301,0.741785,280887296,0,0,16,0
0,75,compute,402.985916,403.954192,0.968276,0,0,0,0,0
0,76,trunk,403.954193,403.957776,0.003583,645562368,-223,1,0,0
0,76,expert,404.053326,404.756560,0.703233,280887296,0,0,16,0
0,76,compute,403.957831,404.878178,0.920347,0,0,0,0,0
0,77,trunk,404.878180,404.881796,0.003616,645562368,-224,1,0,0
0,77,expert,404.971580,405.662379,0.690800,228220928,0,0,13,0
0,77,compute,404.881823,405.756083,0.874260,0,0,0,0,0
0,78,trunk,405.756085,405.759513,0.003428,645562368,-225,1,0,0
0,78,expert,405.809285,406.371131,0.561845,245776384,0,0,14,0
0,78,compute,405.759538,406.472349,0.712810,0,0,0,0,0
0,79,trunk,406.472351,406.476069,0.003718,431890432,-226,1,0,0
0,79,expert,406.505785,407.252376,0.746591,245776384,0,0,14,0
0,79,compute,406.476086,407.369212,0.893126,0,0,0,0,0
0,80,trunk,407.369215,407.374292,0.005077,645562368,-227,1,0,0
0,80,expert,407.440351,408.167611,0.727260,280887296,0,0,16,0
0,80,compute,407.374321,408.306666,0.932345,0,0,0,0,0
0,81,trunk,408.306667,408.309846,0.003178,645562368,-228,1,0,0
0,81,expert,408.405485,409.094064,0.688580,245776384,0,0,14,0
0,81,compute,408.309866,409.188193,0.878326,0,0,0,0,0
0,82,trunk,409.188195,409.191582,0.003388,645562368,-229,1,0,0
0,82,expert,409.238363,409.815609,0.577246,263331840,0,0,15,0
0,82,compute,409.191606,409.924099,0.732493,0,0,0,0,0
0,83,trunk,409.924101,409.927608,0.003508,431890432,-230,1,0,0
0,83,expert,409.967714,410.694279,0.726565,228220928,0,0,13,0
0,83,compute,409.927633,410.826176,0.898543,0,0,0,0,0
0,84,trunk,410.826178,410.829544,0.003366,645562368,-231,1,0,0
0,84,expert,410.896294,411.561643,0.665349,175554560,0,0,10,0
0,84,compute,410.829567,411.674303,0.844736,0,0,0,0,0
0,85,trunk,411.674305,411.677839,0.003534,645562368,-232,1,0,0
0,85,expert,411.734699,412.448062,0.713362,228220928,0,0,13,0
0,85,compute,411.677868,412.562236,0.884368,0,0,0,0,0
0,86,trunk,412.562238,412.565955,0.003717,645562368,-233,1,0,0
0,86,expert,412.621565,413.150028,0.528463,245776384,0,0,14,0
0,86,compute,412.565976,413.246405,0.680429,0,0,0,0,0
0,87,trunk,413.246408,413.249971,0.003564,431890432,-234,1,0,0
0,87,expert,413.284323,413.989334,0.705011,228220928,0,0,13,0
0,87,compute,413.249992,414.082980,0.832988,0,0,0,0,0
0,88,trunk,414.082982,414.086498,0.003517,645562368,-235,1,0,0
0,88,expert,414.142373,415.007661,0.865288,210665472,0,0,12,0
0,88,compute,414.086521,415.101429,1.014908,0,0,0,0,0
0,89,trunk,415.101431,415.104983,0.003552,645562368,-236,1,0,0
0,89,expert,415.156434,415.934609,0.778175,245776384,0,0,14,0
0,89,compute,415.105003,416.054252,0.949249,0,0,0,0,0
0,90,trunk,416.054253,416.057672,0.003419,645562368,-237,1,0,0
0,90,expert,416.109237,416.634395,0.525158,228220928,0,0,13,0
0,90,compute,416.057695,416.740592,0.682897,0,0,0,0,0
0,91,trunk,416.740593,416.744152,0.003559,431890432,-238,1,0,0
0,91,expert,416.777510,417.304139,0.526629,210665472,0,0,12,0
0,91,compute,416.744169,417.400669,0.656500,0,0,0,0,0
0,92,trunk,417.400671,417.404736,0.004065,431890432,-239,1,0,0
0,92,expert,417.438549,417.620490,0.181942,228220928,0,0,13,0
0,92,compute,417.404737,417.739099,0.334361,0,0,0,0,0
0,0,trunk,417.839583,417.839625,0.000042,0,-239,0,0,0
0,0,compute,417.839626,417.952526,0.112899,0,0,0,0,0
0,1,trunk,417.952527,417.956334,0.003807,0,-238,0,0,0
0,1,expert,417.997015,418.177082,0.180066,228220928,0,0,13,0
0,1,compute,417.956336,418.278989,0.322653,0,0,0,0,0
0,2,trunk,418.278990,418.282407,0.003417,0,-237,0,0,0
0,2,expert,418.322142,418.459309,0.137167,175554560,0,0,10,0
0,2,compute,418.282408,418.579013,0.296605,0,0,0,0,0
0,3,trunk,418.579015,418.582516,0.003502,0,-236,0,0,0
0,3,expert,418.616063,418.757281,0.141218,175554560,0,0,10,0
0,3,compute,418.582518,418.870283,0.287764,0,0,0,0,0
0,4,trunk,418.870284,418.873840,0.003556,0,-235,0,0,0
0,4,expert,418.915059,419.070499,0.155440,193110016,0,0,11,0
0,4,compute,418.873842,419.182212,0.308370,0,0,0,0,0
0,5,trunk,419.182214,419.185821,0.003607,0,-234,0,0,0
0,5,expert,419.224562,419.378811,0.154249,193110016,0,0,11,0
0,5,compute,419.185823,419.472362,0.286539,0,0,0,0,0
0,6,trunk,419.472364,419.475845,0.003481,0,-233,0,0,0
0,6,expert,419.514072,419.737933,0.223861,280887296,0,0,16,0
0,6,compute,419.475847,419.854216,0.378369,0,0,0,0,0
0,7,trunk,419.854217,419.857836,0.003619,0,-232,0,0,0
0,7,expert,419.898774,420.112087,0.213313,263331840,0,0,15,0
0,7,compute,419.857838,420.222295,0.364457,0,0,0,0,0
0,8,trunk,420.222297,420.225660,0.003363,0,-231,0,0,0
0,8,expert,420.279437,420.495390,0.215952,263331840,0,0,15,0
0,8,compute,420.225661,420.615021,0.389359,0,0,0,0,0
0,9,trunk,420.615022,420.618787,0.003764,0,-230,0,0,0
0,9,expert,420.672593,420.827103,0.154509,193110016,0,0,11,0
0,9,compute,420.618788,420.938211,0.319423,0,0,0,0,0
0,10,trunk,420.938212,420.942027,0.003815,0,-229,0,0,0
0,10,expert,420.994338,421.176648,0.182310,228220928,0,0,13,0
0,10,compute,420.942029,421.302216,0.360188,0,0,0,0,0
0,11,trunk,421.302219,421.305934,0.003715,0,-228,0,0,0
0,11,expert,421.326946,421.466552,0.139606,175554560,0,0,10,0
0,11,compute,421.305936,421.574292,0.268356,0,0,0,0,0
0,12,trunk,421.574293,421.577609,0.003315,0,-227,0,0,0
0,12,expert,421.623291,421.806750,0.183459,228220928,0,0,13,0
0,12,compute,421.577611,421.930188,0.352577,0,0,0,0,0
0,13,trunk,421.930189,421.933912,0.003723,0,-226,0,0,0
0,13,expert,422.000649,422.187978,0.187329,228220928,0,0,13,0
0,13,compute,421.933914,422.302557,0.368643,0,0,0,0,0
0,14,trunk,422.302559,422.306843,0.004284,0,-225,0,0,0
0,14,expert,422.360464,422.560414,0.199950,245776384,0,0,14,0
0,14,compute,422.306845,422.674205,0.367359,0,0,0,0,0
0,15,trunk,422.674206,422.677687,0.003481,0,-224,0,0,0
0,15,expert,422.706938,422.863230,0.156292,193110016,0,0,11,0
0,15,compute,422.677689,422.978429,0.300741,0,0,0,0,0
0,16,trunk,422.978431,422.982024,0.003593,0,-223,0,0,0
0,16,expert,423.050961,423.202475,0.151514,193110016,0,0,11,0
0,16,compute,422.982026,423.342082,0.360056,0,0,0,0,0
0,17,trunk,423.342083,423.345502,0.003419,0,-222,0,0,0
0,17,expert,423.387909,423.553946,0.166037,210665472,0,0,12,0
0,17,compute,423.345528,423.660644,0.315116,0,0,0,0,0
0,18,trunk,423.660646,423.664087,0.003441,0,-221,0,0,0
0,18,expert,423.706452,423.889551,0.183099,228220928,0,0,13,0
0,18,compute,423.664089,424.034470,0.370381,0,0,0,0,0
0,19,trunk,424.034471,424.038088,0.003618,0,-220,0,0,0
0,19,expert,424.060984,424.201468,0.140485,175554560,0,0,10,0
0,19,compute,424.038090,424.316037,0.277947,0,0,0,0,0
0,20,trunk,424.316038,424.319375,0.003337,0,-219,0,0,0
0,20,expert,424.360896,424.533032,0.172137,210665472,0,0,12,0
0,20,compute,424.319377,424.638738,0.319361,0,0,0,0,0
0,21,trunk,424.638739,424.642388,0.003648,0,-218,0,0,0
0,21,expert,424.708056,425.424482,0.716426,228220928,0,0,13,0
0,21,compute,424.642414,425.538193,0.895780,0,0,0,0,0
0,22,trunk,425.538195,425.541741,0.003546,645562368,-218,1,0,0
0,22,expert,425.591485,426.107120,0.515636,193110016,0,0,11,0
0,22,compute,425.541761,426.242176,0.700415,0,0,0,0,0
0,23,trunk,426.242178,426.245938,0.003760,431890432,-219,1,0,0
0,23,expert,426.279320,426.888403,0.609083,193110016,0,0,11,0
0,23,compute,426.245960,427.002180,0.756221,0,0,0,0,0
0,24,trunk,427.002183,427.005734,0.003552,645562368,-220,1,0,0
0,24,expert,427.065748,427.804474,0.738726,193110016,0,0,11,0
0,24,compute,427.005756,427.918381,0.912625,0,0,0,0,0
0,25,trunk,427.918383,427.922562,0.004179,645562368,-221,1,0,0
0,25,expert,427.979406,428.731782,0.752376,263331840,0,0,15,0
0,25,compute,427.922584,428.851039,0.928454,0,0,0,0,0
0,26,trunk,428.851040,428.854538,0.003498,645562368,-222,1,0,0
0,26,expert,428.905374,429.452032,0.546659,228220928,0,0,13,0
0,26,compute,428.854559,429.545461,0.690902,0,0,0,0,0
0,27,trunk,429.545466,429.549068,0.003602,431890432,-223,1,0,0
0,27,expert,429.578317,430.306607,0.728290,263331840,0,0,15,0
0,27,compute,429.549087,430.426187,0.877100,0,0,0,0,0
0,28,trunk,430.426193,430.429881,0.003688,645562368,-224,1,0,0
0,28,expert,430.512668,431.173004,0.660335,263331840,0,0,15,0
0,28,compute,430.429902,431.290322,0.860420,0,0,0,0,0
0,29,trunk,431.290324,431.293866,0.003542,645562368,-225,1,0,0
0,29,expert,431.345966,432.076043,0.730078,228220928,0,0,13,0
0,29,compute,431.293890,432.209404,0.915514,0,0,0,0,0
0,30,trunk,432.209406,432.214634,0.005228,645562368,-226,1,0,0
0,30,expert,432.285920,432.772408,0.486488,228220928,0,0,13,0
0,30,compute,432.214662,432.883163,0.668501,0,0,0,0,0
0,31,trunk,432.883165,432.887189,0.004024,431890432,-227,1,0,0
0,31,expert,432.938391,433.669151,0.730760,245776384,0,0,14,0
0,31,compute,432.887216,433.758863,0.871646,0,0,0,0,0
0,32,trunk,433.758864,433.762463,0.003599,645562368,-228,1,0,0
0,32,expert,433.816389,434.531692,0.715303,210665472,0,0,12,0
0,32,compute,433.762493,434.650271,0.887778,0,0,0,0,0
0,33,trunk,434.650273,434.653370,0.003098,645562368,-229,1,0,0
0,33,expert,434.710779,435.462568,0.751789,210665472,0,0,12,0
0,33,compute,434.653429,435.562180,0.908751,0,0,0,0,0
0,34,trunk,435.562182,435.565804,0.003622,645562368,-230,1,0,0
0,34,expert,435.616204,436.194704,0.578500,263331840,0,0,15,0
0,34,compute,435.565827,436.307005,0.741178,0,0,0,0,0
0,35,trunk,436.307007,436.310476,0.003469,431890432,-231,1,0,0
0,35,expert,436.340422,437.098055,0.757633,228220928,0,0,13,0
0,35,compute,436.310500,437.206252,0.895752,0,0,0,0,0
0,36,trunk,437.206253,437.209935,0.003682,645562368,-232,1,0,0
0,36,expert,437.265720,437.994516,0.728797,228220928,0,0,13,0
0,36,compute,437.209962,438.106415,0.896453,0,0,0,0,0
0,37,trunk,438.106418,438.109928,0.003510,645562368,-233,1,0,0
0,37,expert,438.175606,438.889896,0.714290,228220928,0,0,13,0
0,37,compute,438.109948,439.002237,0.892289,0,0,0,0,0
0,38,trunk,439.002238,439.005749,0.003510,645562368,-234,1,0,0
0,38,expert,439.053603,439.545988,0.492384,193110016,0,0,11,0
0,38,compute,439.005770,439.662227,0.656458,0,0,0,0,0
0,39,trunk,439.662230,439.665838,0.003608,431890432,-235,1,0,0
0,39,expert,439.696683,440.419942,0.723259,210665472,0,0,12,0
0,39,compute,439.665881,440.521775,0.855895,0,0,0,0,0
0,40,trunk,440.521777,440.525397,0.003620,645562368,-236,1,0,0
0,40,expert,440.587803,441.276690,0.688887,210665472,0,0,12,0
0,40,compute,440.525416,441.366094,0.840678,0,0,0,0,0
0,41,trunk,441.366096,441.369573,0.003477,645562368,-237,1,0,0
0,41,expert,441.424999,442.112211,0.687212,193110016,0,0,11,0
0,41,compute,441.369617,442.203184,0.833567,0,0,0,0,0
0,42,trunk,442.203186,442.206768,0.003582,645562368,-238,1,0,0
0,42,expert,442.256462,442.704168,0.447706,122888192,0,0,7,0
0,42,compute,442.206790,442.798272,0.591482,0,0,0,0,0
0,43,trunk,442.798274,442.801858,0.003583,431890432,-239,1,0,0
0,43,expert,442.835742,443.578673,0.742930,210665472,0,0,12,0
0,43,compute,442.801887,443.695018,0.893131,0,0,0,0,0
0,44,trunk,443.695019,443.698743,0.003723,645562368,-240,1,0,0
0,44,expert,443.752126,444.484987,0.732861,228220928,0,0,13,0
0,44,compute,443.698773,444.606168,0.907394,0,0,0,0,0
0,45,trunk,444.606169,444.609846,0.003676,645562368,-241,1,0,0
0,45,expert,444.668385,445.346900,0.678515,157999104,0,0,9,0
0,45,compute,444.609866,445.462225,0.852359,0,0,0,0,0
0,46,trunk,445.462226,445.465374,0.003147,645562368,-242,1,0,0
0,46,expert,445.519325,446.017659,0.498334,175554560,0,0,10,0
0,46,compute,445.465430,446.134195,0.668765,0,0,0,0,0
0,47,trunk,446.134198,446.137744,0.003546,431890432,-243,1,0,0
0,47,expert,446.179605,446.866134,0.686529,193110016,0,0,11,0
0,47,compute,446.137766,446.978223,0.840457,0,0,0,0,0
0,48,trunk,446.978225,446.981722,0.003497,645562368,-244,1,0,0
0,48,expert,447.038156,447.721118,0.682963,193110016,0,0,11,0
0,48,compute,446.981743,447.816734,0.834991,0,0,0,0,0
0,49,trunk,447.816736,447.820170,0.003434,645562368,-245,1,0,0
0,49,expert,447.881023,448.638380,0.757357,245776384,0,0,14,0
0,49,compute,447.820190,448.750543,0.930353,0,0,0,0,0
0,50,trunk,448.750544,448.754021,0.003477,645562368,-246,1,0,0
0,50,expert,448.808611,449.338449,0.529838,210665472,0,0,12,0
0,50,compute,448.754043,449.450324,0.696280,0,0,0,0,0
0,51,trunk,449.450325,449.453792,0.003467,431890432,-247,1,0,0
0,51,expert,449.482738,450.080242,0.597503,193110016,0,0,11,0
0,51,compute,449.453812,450.197847,0.744035,0,0,0,0,0
0,52,trunk,450.197849,450.201332,0.003483,645562368,-248,1,0,0
0,52,expert,450.261395,450.929746,0.668352,210665472,0,0,12,0
0,52,compute,450.201354,451.046816,0.845462,0,0,0,0,0
0,53,trunk,451.046818,451.050494,0.003677,645562368,-249,1,0,0
0,53,expert,451.106258,451.811412,0.705154,193110016,0,0,11,0
0,53,compute,451.050524,451.926214,0.875690,0,0,0,0,0
0,54,trunk,451.926217,451.929640,0.003424,645562368,-250,1,0,0
0,54,expert,451.981890,452.506870,0.524980,210665472,0,0,12,0
0,54,compute,451.929663,452.597981,0.668318,0,0,0,0,0
0,55,trunk,452.597983,452.601756,0.003773,431890432,-251,1,0,0
0,55,expert,452.631331,453.340635,0.709305,193110016,0,0,11,0
0,55,compute,452.601779,453.622147,1.020369,0,0,0,0,0
0,56,trunk,453.622150,453.625664,0.003514,645562368,-252,1,0,0
0,56,expert,453.680949,454.387018,0.706069,210665472,0,0,12,0
0,56,compute,453.625686,455.043833,1.418147,0,0,0,0,0
0,57,trunk,455.043835,455.047281,0.003446,645562368,-253,1,0,0
0,57,expert,455.097380,455.874404,0.777023,263331840,0,0,15,0
0,57,compute,455.047303,456.156923,1.109621,0,0,0,0,0
0,58,trunk,456.156925,456.160518,0.003592,645562368,-254,1,0,0
0,58,expert,456.208291,456.777712,0.569421,245776384,0,0,14,0
0,58,compute,456.160535,457.203597,1.043062,0,0,0,0,0
0,59,trunk,457.203599,457.207075,0.003476,431890432,-255,1,0,0
0,59,expert,457.235038,457.827790,0.592752,228220928,0,0,13,0
0,59,compute,457.207099,457.921012,0.713913,0,0,0,0,0
0,60,trunk,457.921014,458.001635,0.080620,645562368,-256,1,0,0
0,60,expert,458.061147,458.845271,0.784123,280887296,0,0,16,0
0,60,compute,458.001693,458.962192,0.960499,0,0,0,0,0
0,61,trunk,458.962194,458.966079,0.003885,645562368,-257,1,0,0
0,61,expert,459.024700,459.775902,0.751202,263331840,0,0,15,0
0,61,compute,458.966108,459.895036,0.928928,0,0,0,0,0
0,62,trunk,459.895038,459.898738,0.003700,645562368,-258,1,0,0
0,62,expert,459.946673,460.482157,0.535484,228220928,0,0,13,0
0,62,compute,459.898760,460.596144,0.697384,0,0,0,0,0
0,63,trunk,460.596146,460.601084,0.004937,431890432,-259,1,0,0
0,63,expert,460.639783,461.413727,0.773945,263331840,0,0,15,0
0,63,compute,460.601111,461.530197,0.929086,0,0,0,0,0
0,64,trunk,461.530199,461.534141,0.003942,645562368,-260,1,0,0
0,64,expert,461.589835,462.333436,0.743601,228220928,0,0,13,0
0,64,compute,461.534162,462.889387,1.355225,0,0,0,0,0
0,65,trunk,462.889389,462.892886,0.003497,645562368,-261,1,0,0
0,65,expert,462.949393,463.708951,0.759558,263331840,0,0,15,0
0,65,compute,462.892907,463.826232,0.933325,0,0,0,0,0
0,66,trunk,463.826253,463.829847,0.003594,645562368,-262,1,0,0
0,66,expert,463.882456,464.474175,0.591719,280887296,0,0,16,0
0,66,compute,463.829869,464.590189,0.760321,0,0,0,0,0
0,67,trunk,464.590191,464.593751,0.003560,431890432,-263,1,0,0
0,67,expert,464.625090,465.371933,0.746842,210665472,0,0,12,0
0,67,compute,464.593786,465.936274,1.342488,0,0,0,0,0
0,68,trunk,465.936276,465.939805,0.003529,645562368,-264,1,0,0
0,68,expert,466.002434,466.738414,0.735980,245776384,0,0,14,0
0,68,compute,465.939825,466.850677,0.910852,0,0,0,0,0
0,69,trunk,466.850682,466.854375,0.003693,645562368,-265,1,0,0
0,69,expert,466.907779,467.670884,0.763105,245776384,0,0,14,0
0,69,compute,466.854398,467.786212,0.931814,0,0,0,0,0
0,70,trunk,467.786214,467.789759,0.003545,645562368,-266,1,0,0
0,70,expert,467.840818,468.387508,0.546690,228220928,0,0,13,0
0,70,compute,467.789779,468.480891,0.691112,0,0,0,0,0
0,71,trunk,468.480893,468.485237,0.004344,431890432,-267,1,0,0
0,71,expert,468.524142,469.324789,0.800647,245776384,0,0,14,0
0,71,compute,468.485257,469.413581,0.928324,0,0,0,0,0
0,72,trunk,469.413584,469.417136,0.003552,645562368,-268,1,0,0
0,72,expert,469.474645,470.266101,0.791456,280887296,0,0,16,0
0,72,compute,469.417156,470.378268,0.961112,0,0,0,0,0
0,73,trunk,470.378270,470.381703,0.003433,645562368,-269,1,0,0
0,73,expert,470.443053,471.219785,0.776732,280887296,0,0,16,0
0,73,compute,470.381731,471.309230,0.927499,0,0,0,0,0
0,74,trunk,471.309232,471.312857,0.003626,645562368,-270,1,0,0
0,74,expert,471.363565,471.939419,0.575854,280887296,0,0,16,0
0,74,compute,471.312877,472.054166,0.741289,0,0,0,0,0
0,75,trunk,472.054168,472.058076,0.003908,431890432,-271,1,0,0
0,75,expert,472.098109,472.854348,0.756239,263331840,0,0,15,0
0,75,compute,472.058101,473.232756,1.174654,0,0,0,0,0
0,76,trunk,473.232757,473.236649,0.003891,645562368,-272,1,0,0
0,76,expert,473.299465,474.042311,0.742846,280887296,0,0,16,0
0,76,compute,473.236669,474.158175,0.921506,0,0,0,0,0
0,77,trunk,474.158177,474.161683,0.003507,645562368,-273,1,0,0
0,77,expert,474.219813,474.961104,0.741291,245776384,0,0,14,0
0,77,compute,474.167009,475.082282,0.915274,0,0,0,0,0
0,78,trunk,475.082284,475.085889,0.003605,645562368,-274,1,0,0
0,78,expert,475.140106,475.694559,0.554453,245776384,0,0,14,0
0,78,compute,475.089420,475.798540,0.709120,0,0,0,0,0
0,79,trunk,475.798542,475.802077,0.003535,431890432,-275,1,0,0
0,79,expert,475.836380,476.591403,0.755022,263331840,0,0,15,0
0,79,compute,475.807209,476.706538,0.899329,0,0,0,0,0
0,80,trunk,476.706539,476.710147,0.003608,645562368,-276,1,0,0
0,80,expert,476.768662,477.497742,0.729080,280887296,0,0,16,0
0,80,compute,476.715528,477.614283,0.898756,0,0,0,0,0
0,81,trunk,477.614285,477.618511,0.004225,645562368,-277,1,0,0
0,81,expert,477.676641,478.435044,0.758403,263331840,0,0,15,0
0,81,compute,477.623834,478.546201,0.922367,0,0,0,0,0
0,82,trunk,478.546203,478.549759,0.003555,645562368,-278,1,0,0
0,82,expert,478.609096,479.191246,0.582151,280887296,0,0,16,0
0,82,compute,478.553329,479.298192,0.744863,0,0,0,0,0
0,83,trunk,479.298194,479.301715,0.003521,431890432,-279,1,0,0
0,83,expert,479.351857,480.093383,0.741526,245776384,0,0,14,0
0,83,compute,479.306934,480.206233,0.899299,0,0,0,0,0
0,84,trunk,480.206235,480.209748,0.003514,645562368,-280,1,0,0
0,84,expert,480.270448,481.012972,0.742524,228220928,0,0,13,0
0,84,compute,480.215260,481.126849,0.911589,0,0,0,0,0
0,85,trunk,481.126851,481.130441,0.003590,645562368,-281,1,0,0
0,85,expert,481.192730,481.939138,0.746408,263331840,0,0,15,0
0,85,compute,481.136047,482.051064,0.915016,0,0,0,0,0
0,86,trunk,482.051065,482.054791,0.003726,645562368,-282,1,0,0
0,86,expert,482.113345,482.673001,0.559656,263331840,0,0,15,0
0,86,compute,482.058051,482.778157,0.720107,0,0,0,0,0
0,87,trunk,482.778160,482.781789,0.003629,431890432,-283,1,0,0
0,87,expert,482.834906,483.539429,0.704523,245776384,0,0,14,0
0,87,compute,482.787520,483.654620,0.867100,0,0,0,0,0
0,88,trunk,483.654621,483.658158,0.003537,645562368,-284,1,0,0
0,88,expert,483.718915,484.445263,0.726349,228220928,0,0,13,0
0,88,compute,483.663818,484.545958,0.882141,0,0,0,0,0
0,89,trunk,484.545960,484.549758,0.003799,645562368,-285,1,0,0
0,89,expert,484.605981,485.320691,0.714710,175554560,0,0,10,0
0,89,compute,484.555371,485.986155,1.430785,0,0,0,0,0
0,90,trunk,485.986157,485.990115,0.003958,645562368,-286,1,0,0
0,90,expert,486.045100,486.519945,0.474846,157999104,0,0,9,0
0,90,compute,485.994027,487.192732,1.198706,0,0,0,0,0
0,91,trunk,487.192734,487.196309,0.003575,431890432,-287,1,0,0
0,91,expert,487.232857,487.692387,0.459531,157999104,0,0,9,0
0,91,compute,487.199820,487.808211,0.608391,0,0,0,0,0
0,92,trunk,487.808213,487.811679,0.003466,431890432,-288,1,0,0
0,92,expert,487.841301,488.080943,0.239642,245776384,0,0,14,0
0,92,compute,487.811681,488.319072,0.507392,0,0,0,0,0
0,0,trunk,488.420066,488.420106,0.000040,0,-288,0,0,0
0,0,compute,488.420107,488.529082,0.108975,0,0,0,0,0
0,1,trunk,488.529084,488.532453,0.003369,0,-287,0,0,0
0,1,expert,488.583383,488.777859,0.194476,228220928,0,0,13,0
0,1,compute,488.532455,488.898225,0.365770,0,0,0,0,0
0,2,trunk,488.898226,488.901966,0.003740,0,-286,0,0,0
0,2,expert,488.958720,489.144786,0.186065,210665472,0,0,12,0
0,2,compute,488.901968,489.241585,0.339617,0,0,0,0,0
0,3,trunk,489.241587,489.244965,0.003378,0,-285,0,0,0
0,3,expert,489.266278,489.430604,0.164326,193110016,0,0,11,0
0,3,compute,489.244967,489.570307,0.325341,0,0,0,0,0
0,4,trunk,489.570309,489.573980,0.003672,0,-284,0,0,0
0,4,expert,489.618421,489.829298,0.210877,228220928,0,0,13,0
0,4,compute,489.573982,489.950189,0.376207,0,0,0,0,0
0,5,trunk,489.950191,489.953765,0.003574,0,-283,0,0,0
0,5,expert,489.994889,490.183064,0.188176,210665472,0,0,12,0
0,5,compute,489.953767,490.291061,0.337294,0,0,0,0,0
0,6,trunk,490.291062,490.294469,0.003406,0,-282,0,0,0
0,6,expert,490.340800,490.593117,0.252317,280887296,0,0,16,0
0,6,compute,490.294470,490.706262,0.411792,0,0,0,0,0
0,7,trunk,490.706264,490.710040,0.003776,0,-281,0,0,0
0,7,expert,490.736563,490.954781,0.218218,263331840,0,0,15,0
0,7,compute,490.710042,491.062191,0.352149,0,0,0,0,0
0,8,trunk,491.062194,491.065574,0.003380,0,-280,0,0,0
0,8,expert,491.111273,491.334854,0.223580,263331840,0,0,15,0
0,8,compute,491.065576,491.455056,0.389480,0,0,0,0,0
0,9,trunk,491.455057,491.458397,0.003339,0,-279,0,0,0
0,9,expert,491.502962,491.683136,0.180174,210665472,0,0,12,0
0,9,compute,491.458398,491.806206,0.347807,0,0,0,0,0
0,10,trunk,491.806208,491.809641,0.003434,0,-278,0,0,0
0,10,expert,491.852400,492.007500,0.155101,193110016,0,0,11,0
0,10,compute,491.809643,492.114170,0.304527,0,0,0,0,0
0,11,trunk,492.114172,492.117983,0.003811,0,-277,0,0,0
0,11,expert,492.142320,492.321867,0.179547,210665472,0,0,12,0
0,11,compute,492.117985,492.434667,0.316682,0,0,0,0,0
0,12,trunk,492.434669,492.438072,0.003403,0,-276,0,0,0
0,12,expert,492.483839,492.692416,0.208576,245776384,0,0,14,0
0,12,compute,492.438074,492.787704,0.349629,0,0,0,0,0
0,13,trunk,492.787705,492.791097,0.003392,0,-275,0,0,0
0,13,expert,492.837521,493.041805,0.204284,228220928,0,0,13,0
0,13,compute,492.791098,493.151009,0.359910,0,0,0,0,0
0,14,trunk,493.151010,493.154339,0.003329,0,-274,0,0,0
0,14,expert,493.198450,493.421908,0.223459,245776384,0,0,14,0
0,14,compute,493.154341,493.541936,0.387594,0,0,0,0,0
0,15,trunk,493.541937,493.545366,0.003429,0,-273,0,0,0
0,15,expert,493.571251,493.764412,0.193161,210665472,0,0,12,0
0,15,compute,493.545367,493.875046,0.329679,0,0,0,0,0
0,16,trunk,493.875049,493.878092,0.003043,0,-272,0,0,0
0,16,expert,493.923271,494.111344,0.188073,210665472,0,0,12,0
0,16,compute,493.878093,494.222203,0.344110,0,0,0,0,0
0,17,trunk,494.222205,494.225966,0.003761,0,-271,0,0,0
0,17,expert,494.275742,494.487171,0.211429,245776384,0,0,14,0
0,17,compute,494.225968,494.605015,0.379047,0,0,0,0,0
0,18,trunk,494.605017,494.608727,0.003710,0,-270,0,0,0
0,18,expert,494.660228,494.860148,0.199920,228220928,0,0,13,0
0,18,compute,494.608729,494.974289,0.365559,0,0,0,0,0
0,19,trunk,494.974290,494.977829,0.003539,0,-269,0,0,0
0,19,expert,495.001052,495.204075,0.203023,228220928,0,0,13,0
0,19,compute,494.977831,495.303496,0.325665,0,0,0,0,0
0,20,trunk,495.303497,495.307123,0.003626,0,-268,0,0,0
0,20,expert,495.355155,495.523851,0.168695,193110016,0,0,11,0
0,20,compute,495.307125,495.624532,0.317407,0,0,0,0,0
0,21,trunk,495.624533,495.628253,0.003720,0,-267,0,0,0
0,21,expert,495.686236,496.433436,0.747200,245776384,0,0,14,0
0,21,compute,495.628269,496.554349,0.926080,0,0,0,0,0
0,22,trunk,496.554392,496.558276,0.003884,645562368,-267,1,0,0
0,22,expert,496.617048,497.155488,0.538440,228220928,0,0,13,0
0,22,compute,496.558298,497.294606,0.736308,0,0,0,0,0
0,23,trunk,497.294608,497.298121,0.003514,431890432,-268,1,0,0
0,23,expert,497.336262,498.022472,0.686211,228220928,0,0,13,0
0,23,compute,497.298144,498.134167,0.836023,0,0,0,0,0
0,24,trunk,498.134169,498.137398,0.003229,645562368,-269,1,0,0
0,24,expert,498.187711,498.992380,0.804669,245776384,0,0,14,0
0,24,compute,498.137420,499.111036,0.973616,0,0,0,0,0
0,25,trunk,499.111037,499.114920,0.003882,645562368,-270,1,0,0
0,25,expert,499.172330,499.951701,0.779371,280887296,0,0,16,0
0,25,compute,499.114949,500.040295,0.925347,0,0,0,0,0
0,26,trunk,500.040297,500.043712,0.003415,645562368,-271,1,0,0
0,26,expert,500.098579,500.630579,0.532000,193110016,0,0,11,0
0,26,compute,500.043755,500.750481,0.706726,0,0,0,0,0
0,27,trunk,500.750483,500.754166,0.003683,431890432,-272,1,0,0
0,27,expert,500.794907,501.519163,0.724256,263331840,0,0,15,0
0,27,compute,500.754194,501.638374,0.884180,0,0,0,0,0
0,28,trunk,501.638375,501.642040,0.003665,645562368,-273,1,0,0
0,28,expert,501.709440,502.392979,0.683539,263331840,0,0,15,0
0,28,compute,501.642062,502.496084,0.854021,0,0,0,0,0
0,29,trunk,502.496085,502.499603,0.003518,645562368,-274,1,0,0
0,29,expert,502.555728,503.299752,0.744025,245776384,0,0,14,0
0,29,compute,502.499656,503.397875,0.898219,0,0,0,0,0
0,30,trunk,503.397876,503.401556,0.003680,645562368,-275,1,0,0
0,30,expert,503.456945,504.025811,0.568867,245776384,0,0,14,0
0,30,compute,503.401579,504.140040,0.738461,0,0,0,0,0
0,31,trunk,504.140042,504.143602,0.003560,431890432,-276,1,0,0
0,31,expert,504.181913,504.940281,0.758368,245776384,0,0,14,0
0,31,compute,504.148055,505.033077,0.885022,0,0,0,0,0
0,32,trunk,505.033079,505.036646,0.003567,645562368,-277,1,0,0
0,32,expert,505.096425,505.824593,0.728168,228220928,0,0,13,0
0,32,compute,505.036664,505.913315,0.876650,0,0,0,0,0
0,33,trunk,505.913317,505.917018,0.003701,645562368,-278,1,0,0
0,33,expert,505.971422,506.683643,0.712220,157999104,0,0,9,0
0,33,compute,505.917041,506.802212,0.885171,0,0,0,0,0
0,34,trunk,506.802214,506.805866,0.003652,645562368,-279,1,0,0
0,34,expert,506.857232,507.449282,0.592050,263331840,0,0,15,0
0,34,compute,506.805889,507.550679,0.744790,0,0,0,0,0
0,35,trunk,507.550681,507.554222,0.003541,431890432,-280,1,0,0
0,35,expert,507.591961,508.376893,0.784932,263331840,0,0,15,0
0,35,compute,507.554243,508.490218,0.935975,0,0,0,0,0
0,36,trunk,508.490220,508.493757,0.003537,645562368,-281,1,0,0
0,36,expert,508.548683,509.323310,0.774627,263331840,0,0,15,0
0,36,compute,508.493778,509.430195,0.936417,0,0,0,0,0
0,37,trunk,509.430197,509.433959,0.003762,645562368,-282,1,0,0
0,37,expert,509.490796,510.233806,0.743010,245776384,0,0,14,0
0,37,compute,509.433982,510.346247,0.912265,0,0,0,0,0
0,38,trunk,510.346249,510.349908,0.003659,645562368,-283,1,0,0
0,38,expert,510.404115,510.890241,0.486126,193110016,0,0,11,0
0,38,compute,510.349931,510.990463,0.640531,0,0,0,0,0
0,39,trunk,510.990465,510.994234,0.003770,431890432,-284,1,0,0
0,39,expert,511.032994,511.756732,0.723738,210665472,0,0,12,0
0,39,compute,510.994255,511.855197,0.860942,0,0,0,0,0
0,40,trunk,511.855199,511.858966,0.003767,645562368,-285,1,0,0
0,40,expert,511.917220,512.635628,0.718408,210665472,0,0,12,0
0,40,compute,511.858996,512.730287,0.871290,0,0,0,0,0
0,41,trunk,512.730289,512.733798,0.003509,645562368,-286,1,0,0
0,41,expert,512.798848,513.485547,0.686699,210665472,0,0,12,0
0,41,compute,512.733820,513.595933,0.862113,0,0,0,0,0
0,42,trunk,513.595936,513.599681,0.003745,645562368,-287,1,0,0
0,42,expert,513.650125,514.134925,0.484800,157999104,0,0,9,0
0,42,compute,513.599704,514.254206,0.654502,0,0,0,0,0
0,43,trunk,514.254208,514.257807,0.003599,431890432,-288,1,0,0
0,43,expert,514.299073,515.028971,0.729898,193110016,0,0,11,0
0,43,compute,514.257856,515.147654,0.889797,0,0,0,0,0
0,44,trunk,515.147656,515.151362,0.003706,645562368,-289,1,0,0
0,44,expert,515.208635,515.971752,0.763117,245776384,0,0,14,0
0,44,compute,515.151385,516.078378,0.926994,0,0,0,0,0
0,45,trunk,516.078380,516.081912,0.003532,645562368,-290,1,0,0
0,45,expert,516.140827,516.742770,0.601943,193110016,0,0,11,0
0,45,compute,516.081936,516.838934,0.756999,0,0,0,0,0
0,46,trunk,516.838936,516.861518,0.022582,645562368,-291,1,0,0
0,46,expert,516.913459,517.434117,0.520658,193110016,0,0,11,0
0,46,compute,516.861572,517.527398,0.665826,0,0,0,0,0
0,47,trunk,517.527400,517.530974,0.003574,431890432,-292,1,0,0
0,47,expert,517.567926,518.289999,0.722074,228220928,0,0,13,0
0,47,compute,517.530995,518.383252,0.852258,0,0,0,0,0
0,48,trunk,518.383254,518.386898,0.003644,645562368,-293,1,0,0
0,48,expert,518.440851,519.027530,0.586679,210665472,0,0,12,0
0,48,compute,518.386921,519.142285,0.755364,0,0,0,0,0
0,49,trunk,519.142286,519.145967,0.003681,645562368,-294,1,0,0
0,49,expert,519.206087,519.985800,0.779714,263331840,0,0,15,0
0,49,compute,519.145988,520.103009,0.957021,0,0,0,0,0
0,50,trunk,520.103011,520.106505,0.003495,645562368,-295,1,0,0
0,50,expert,520.160895,520.700863,0.539968,228220928,0,0,13,0
0,50,compute,520.106528,520.814197,0.707669,0,0,0,0,0
0,51,trunk,520.814199,520.817689,0.003491,431890432,-296,1,0,0
0,51,expert,520.865428,521.565996,0.700569,228220928,0,0,13,0
0,51,compute,520.817739,521.684049,0.866309,0,0,0,0,0
0,52,trunk,521.684051,521.687515,0.003464,645562368,-297,1,0,0
0,52,expert,521.745615,522.432944,0.687328,210665472,0,0,12,0
0,52,compute,521.687538,522.546235,0.858696,0,0,0,0,0
0,53,trunk,522.546237,522.549789,0.003552,645562368,-298,1,0,0
0,53,expert,522.606735,523.312271,0.705536,228220928,0,0,13,0
0,53,compute,522.549812,523.430227,0.880415,0,0,0,0,0
0,54,trunk,523.430229,523.433831,0.003602,645562368,-299,1,0,0
0,54,expert,523.486812,524.038985,0.552173,245776384,0,0,14,0
0,54,compute,523.433858,524.150166,0.716308,0,0,0,0,0
0,55,trunk,524.150168,524.153333,0.003165,431890432,-300,1,0,0
0,55,expert,524.225431,524.932045,0.706615,228220928,0,0,13,0
0,55,compute,524.153352,525.046226,0.892873,0,0,0,0,0
0,56,trunk,525.046227,525.049845,0.003617,645562368,-301,1,0,0
0,56,expert,525.109840,525.858302,0.748462,263331840,0,0,15,0
0,56,compute,525.049866,525.970176,0.920310,0,0,0,0,0
0,57,trunk,525.970178,525.973957,0.003779,645562368,-302,1,0,0
0,57,expert,526.035117,526.811398,0.776282,263331840,0,0,15,0
0,57,compute,525.973981,526.918192,0.944211,0,0,0,0,0
0,58,trunk,526.918193,526.922534,0.004340,645562368,-303,1,0,0
0,58,expert,526.990592,527.486105,0.495513,175554560,0,0,10,0
0,58,compute,526.922582,527.585672,0.663091,0,0,0,0,0
0,59,trunk,527.585674,527.589533,0.003859,431890432,-304,1,0,0
0,59,expert,527.626555,528.299832,0.673277,175554560,0,0,10,0
0,59,compute,527.589562,528.406207,0.816646,0,0,0,0,0
0,60,trunk,528.406209,528.409662,0.003453,645562368,-305,1,0,0
0,60,expert,528.472304,529.205701,0.733397,228220928,0,0,13,0
0,60,compute,528.409684,529.320047,0.910363,0,0,0,0,0
0,61,trunk,529.320049,529.323728,0.003680,645562368,-306,1,0,0
0,61,expert,529.400620,530.101544,0.700924,245776384,0,0,14,0
0,61,compute,529.323752,530.191032,0.867280,0,0,0,0,0
0,62,trunk,530.191035,530.194617,0.003582,645562368,-307,1,0,0
0,62,expert,530.243449,530.731877,0.488427,175554560,0,0,10,0
0,62,compute,530.194641,530.827072,0.632432,0,0,0,0,0
0,63,trunk,530.827075,530.830641,0.003567,431890432,-308,1,0,0
0,63,expert,530.865601,531.613984,0.748384,245776384,0,0,14,0
0,63,compute,530.830672,531.737100,0.906428,0,0,0,0,0
0,64,trunk,531.737101,531.740678,0.003576,645562368,-309,1,0,0
0,64,expert,531.795048,532.514436,0.719388,210665472,0,0,12,0
0,64,compute,531.740725,532.630342,0.889617,0,0,0,0,0
0,65,trunk,532.630344,532.635246,0.004901,645562368,-310,1,0,0
0,65,expert,532.688401,533.406101,0.717700,228220928,0,0,13,0
0,65,compute,532.635291,533.518538,0.883248,0,0,0,0,0
0,66,trunk,533.518540,533.522173,0.003633,645562368,-311,1,0,0
0,66,expert,533.577078,534.113047,0.535969,228220928,0,0,13,0
0,66,compute,533.522197,534.226414,0.704217,0,0,0,0,0
0,67,trunk,534.226416,534.230039,0.003622,431890432,-312,1,0,0
0,67,expert,534.270648,535.019320,0.748672,245776384,0,0,14,0
0,67,compute,534.230058,535.130220,0.900161,0,0,0,0,0
0,68,trunk,535.130222,535.134166,0.003945,645562368,-313,1,0,0
0,68,expert,535.196825,535.925827,0.729002,263331840,0,0,15,0
0,68,compute,535.134204,536.042213,0.908009,0,0,0,0,0
0,69,trunk,536.042215,536.045657,0.003443,645562368,-314,1,0,0
0,69,expert,536.101206,536.802791,0.701585,175554560,0,0,10,0
0,69,compute,536.045681,536.906625,0.860944,0,0,0,0,0
0,70,trunk,536.906626,536.910088,0.003462,645562368,-315,1,0,0
0,70,expert,536.973977,537.424923,0.450946,140443648,0,0,8,0
0,70,compute,536.910112,537.538259,0.628147,0,0,0,0,0
0,71,trunk,537.538281,537.541842,0.003561,431890432,-316,1,0,0
0,71,expert,537.580087,538.365368,0.785280,228220928,0,0,13,0
0,71,compute,537.541863,538.462781,0.920919,0,0,0,0,0
0,72,trunk,538.462783,538.466427,0.003644,645562368,-317,1,0,0
0,72,expert,538.521285,539.259108,0.737823,210665472,0,0,12,0
0,72,compute,538.466448,539.355702,0.889254,0,0,0,0,0
0,73,trunk,539.355704,539.359377,0.003673,645562368,-318,1,0,0
0,73,expert,539.416426,540.140351,0.723926,210665472,0,0,12,0
0,73,compute,539.359416,540.239932,0.880516,0,0,0,0,0
0,74,trunk,540.239934,540.243398,0.003464,645562368,-319,1,0,0
0,74,expert,540.295299,540.779965,0.484666,157999104,0,0,9,0
0,74,compute,540.243447,540.875448,0.632001,0,0,0,0,0
0,75,trunk,540.875451,540.879090,0.003640,431890432,-320,1,0,0
0,75,expert,540.920348,541.580680,0.660332,140443648,0,0,8,0
0,75,compute,540.879112,541.680724,0.801612,0,0,0,0,0
0,76,trunk,541.680726,541.684254,0.003528,645562368,-321,1,0,0
0,76,expert,541.742720,542.441110,0.698390,228220928,0,0,13,0
0,76,compute,541.684294,542.554211,0.869917,0,0,0,0,0
0,77,trunk,542.554213,542.557844,0.003631,645562368,-322,1,0,0
0,77,expert,542.607927,543.292203,0.684275,157999104,0,0,9,0
0,77,compute,542.557871,543.381668,0.823797,0,0,0,0,0
0,78,trunk,543.381669,543.385107,0.003438,645562368,-323,1,0,0
0,78,expert,543.443165,543.950963,0.507798,175554560,0,0,10,0
0,78,compute,543.385128,544.066194,0.681066,0,0,0,0,0
0,79,trunk,544.066196,544.069692,0.003496,431890432,-324,1,0,0
0,79,expert,544.122332,544.764848,0.642516,157999104,0,0,9,0
0,79,compute,544.069729,544.879173,0.809443,0,0,0,0,0
0,80,trunk,544.879175,544.882765,0.003590,645562368,-325,1,0,0
0,80,expert,544.941957,545.633855,0.691898,228220928,0,0,13,0
0,80,compute,544.882811,545.744032,0.861222,0,0,0,0,0
0,81,trunk,545.744034,545.747632,0.003597,645562368,-326,1,0,0
0,81,expert,545.806405,546.556345,0.749940,245776384,0,0,14,0
0,81,compute,545.747662,546.657740,0.910079,0,0,0,0,0
0,82,trunk,546.657743,546.661468,0.003726,645562368,-327,1,0,0
0,82,expert,546.715751,547.260612,0.544861,228220928,0,0,13,0
0,82,compute,546.661490,547.378858,0.717368,0,0,0,0,0
0,83,trunk,547.378860,547.382921,0.004061,431890432,-328,1,0,0
0,83,expert,547.418218,548.126034,0.707816,210665472,0,0,12,0
0,83,compute,547.382954,548.238208,0.855254,0,0,0,0,0
0,84,trunk,548.238211,548.242540,0.004329,645562368,-329,1,0,0
0,84,expert,548.293705,549.046179,0.752475,228220928,0,0,13,0
0,84,compute,548.242570,549.154170,0.911599,0,0,0,0,0
0,85,trunk,549.154172,549.157276,0.003105,645562368,-330,1,0,0
0,85,expert,549.218047,549.941295,0.723248,228220928,0,0,13,0
0,85,compute,549.157321,550.036443,0.879122,0,0,0,0,0
0,86,trunk,550.036445,550.040532,0.004087,645562368,-331,1,0,0
0,86,expert,550.099411,550.634529,0.535119,210665472,0,0,12,0
0,86,compute,550.040551,550.746289,0.705738,0,0,0,0,0
0,87,trunk,550.746291,550.749970,0.003679,431890432,-332,1,0,0
0,87,expert,550.779539,551.438802,0.659263,157999104,0,0,9,0
0,87,compute,550.749992,551.558241,0.808250,0,0,0,0,0
0,88,trunk,551.558243,551.561811,0.003568,645562368,-333,1,0,0
0,88,expert,551.617510,552.436431,0.818921,228220928,0,0,13,0
0,88,compute,551.561833,552.534376,0.972544,0,0,0,0,0
0,89,trunk,552.534379,552.537848,0.003470,645562368,-334,1,0,0
0,89,expert,552.591305,553.300954,0.709649,175554560,0,0,10,0
0,89,compute,552.537877,553.418561,0.880684,0,0,0,0,0
0,90,trunk,553.418563,553.422256,0.003693,645562368,-335,1,0,0
0,90,expert,553.479720,553.968901,0.489181,175554560,0,0,10,0
0,90,compute,553.422280,554.082408,0.660128,0,0,0,0,0
0,91,trunk,554.082410,554.086007,0.003597,431890432,-336,1,0,0
0,91,expert,554.123620,554.606668,0.483047,157999104,0,0,9,0
0,91,compute,554.086034,554.714512,0.628478,0,0,0,0,0
0,92,trunk,554.714514,554.718023,0.003509,431890432,-337,1,0,0
0,92,expert,554.743763,554.914218,0.170455,210665472,0,0,12,0
0,92,compute,554.718024,555.038213,0.320189,0,0,0,0,0
0,0,trunk,555.137300,555.137340,0.000040,0,-337,0,0,0
0,0,compute,555.137341,555.250614,0.113272,0,0,0,0,0
0,1,trunk,555.250615,555.254241,0.003626,0,-336,0,0,0
0,1,expert,555.303660,555.507961,0.204301,245776384,0,0,14,0
0,1,compute,555.254243,555.598853,0.344610,0,0,0,0,0
0,2,trunk,555.598855,555.602382,0.003527,0,-335,0,0,0
0,2,expert,555.649404,555.826137,0.176733,210665472,0,0,12,0
0,2,compute,555.602384,555.946208,0.343824,0,0,0,0,0
0,3,trunk,555.946210,555.953756,0.007546,0,-334,0,0,0
0,3,expert,555.987039,556.135419,0.148380,175554560,0,0,10,0
0,3,compute,555.953758,556.254352,0.300594,0,0,0,0,0
0,4,trunk,556.254354,556.257857,0.003503,0,-333,0,0,0
0,4,expert,556.301226,556.483865,0.182640,210665472,0,0,12,0
0,4,compute,556.257859,556.595104,0.337245,0,0,0,0,0
0,5,trunk,556.595106,556.599946,0.004840,0,-332,0,0,0
0,5,expert,556.646780,556.750248,0.103469,122888192,0,0,7,0
0,5,compute,556.599948,556.869857,0.269909,0,0,0,0,0
0,6,trunk,556.869858,556.873400,0.003541,0,-331,0,0,0
0,6,expert,556.924749,557.143415,0.218666,263331840,0,0,15,0
0,6,compute,556.873402,557.262231,0.388829,0,0,0,0,0
0,7,trunk,557.262233,557.265892,0.003659,0,-330,0,0,0
0,7,expert,557.296561,557.499933,0.203372,245776384,0,0,14,0
0,7,compute,557.265893,557.609172,0.343278,0,0,0,0,0
0,8,trunk,557.609173,557.612900,0.003727,0,-329,0,0,0
0,8,expert,557.658281,557.862612,0.204331,245776384,0,0,14,0
0,8,compute,557.612904,557.970371,0.357468,0,0,0,0,0
0,9,trunk,557.970372,557.973629,0.003257,0,-328,0,0,0
0,9,expert,558.022178,558.206978,0.184801,210665472,0,0,12,0
0,9,compute,557.973631,558.309860,0.336228,0,0,0,0,0
0,10,trunk,558.309861,558.313356,0.003495,0,-327,0,0,0
0,10,expert,558.356046,558.503146,0.147100,175554560,0,0,10,0
0,10,compute,558.313358,558.610174,0.296816,0,0,0,0,0
0,11,trunk,558.610175,558.613956,0.003780,0,-326,0,0,0
0,11,expert,558.637493,558.815126,0.177633,210665472,0,0,12,0
0,11,compute,558.613958,558.935178,0.321220,0,0,0,0,0
0,12,trunk,558.935180,558.938810,0.003630,0,-325,0,0,0
0,12,expert,559.017038,559.216530,0.199491,228220928,0,0,13,0
0,12,compute,558.938812,559.334221,0.395408,0,0,0,0,0
0,13,trunk,559.334222,559.337764,0.003541,0,-324,0,0,0
0,13,expert,559.381692,559.590169,0.208476,228220928,0,0,13,0
0,13,compute,559.337765,559.702291,0.364526,0,0,0,0,0
0,14,trunk,559.702292,559.705649,0.003357,0,-323,0,0,0
0,14,expert,559.751725,559.995066,0.243341,280887296,0,0,16,0
0,14,compute,559.705651,560.110213,0.404562,0,0,0,0,0
0,15,trunk,560.110214,560.113687,0.003473,0,-322,0,0,0
0,15,expert,560.143894,560.352441,0.208547,245776384,0,0,14,0
0,15,compute,560.113688,560.445025,0.331337,0,0,0,0,0
0,16,trunk,560.445027,560.448523,0.003496,0,-321,0,0,0
0,16,expert,560.502695,560.670917,0.168222,193110016,0,0,11,0
0,16,compute,560.448524,560.782289,0.333765,0,0,0,0,0
0,17,trunk,560.782291,560.785638,0.003347,0,-320,0,0,0
0,17,expert,560.835597,561.026498,0.190901,228220928,0,0,13,0
0,17,compute,560.785640,561.122036,0.336396,0,0,0,0,0
0,18,trunk,561.122037,561.125704,0.003667,0,-319,0,0,0
0,18,expert,561.178170,561.360486,0.182316,210665472,0,0,12,0
0,18,compute,561.125706,561.478204,0.352498,0,0,0,0,0
0,19,trunk,561.478206,561.481654,0.003448,0,-318,0,0,0
0,19,expert,561.507537,561.722744,0.215207,245776384,0,0,14,0
0,19,compute,561.481656,561.842308,0.360652,0,0,0,0,0
0,20,trunk,561.842309,561.845854,0.003545,0,-317,0,0,0
0,20,expert,561.889060,562.043022,0.153961,175554560,0,0,10,0
0,20,compute,561.845856,562.159009,0.313153,0,0,0,0,0
0,21,trunk,562.159011,562.162624,0.003613,0,-316,0,0,0
0,21,expert,562.224764,562.960054,0.735290,228220928,0,0,13,0
0,21,compute,562.162647,563.060325,0.897678,0,0,0,0,0
0,22,trunk,563.060327,563.063914,0.003587,645562368,-316,1,0,0
0,22,expert,563.116090,563.622489,0.506399,175554560,0,0,10,0
0,22,compute,563.063957,563.734350,0.670393,0,0,0,0,0
0,23,trunk,563.734352,563.737994,0.003642,431890432,-317,1,0,0
0,23,expert,563.772851,564.446502,0.673652,210665472,0,0,12,0
0,23,compute,563.738016,564.539606,0.801590,0,0,0,0,0
0,24,trunk,564.539608,564.543057,0.003448,645562368,-318,1,0,0
0,24,expert,564.599227,565.418607,0.819379,263331840,0,0,15,0
0,24,compute,564.543080,565.520988,0.977908,0,0,0,0,0
0,25,trunk,565.520990,565.524485,0.003495,645562368,-319,1,0,0
0,25,expert,565.585763,566.317839,0.732076,228220928,0,0,13,0
0,25,compute,565.524503,566.438220,0.913717,0,0,0,0,0
0,26,trunk,566.438222,566.441789,0.003568,645562368,-320,1,0,0
0,26,expert,566.499187,567.032429,0.533242,228220928,0,0,13,0
0,26,compute,566.441811,567.127913,0.686102,0,0,0,0,0
0,27,trunk,567.127939,567.131570,0.003631,431890432,-321,1,0,0
0,27,expert,567.161679,567.892458,0.730779,263331840,0,0,15,0
0,27,compute,567.131596,568.010415,0.878819,0,0,0,0,0
0,28,trunk,568.010417,568.014027,0.003611,645562368,-322,1,0,0
0,28,expert,568.094985,568.741690,0.646705,245776384,0,0,14,0
0,28,compute,568.014081,568.854260,0.840179,0,0,0,0,0
0,29,trunk,568.854262,568.858377,0.004115,645562368,-323,1,0,0
0,29,expert,568.910336,569.647485,0.737149,245776384,0,0,14,0
0,29,compute,568.858402,569.770200,0.911799,0,0,0,0,0
0,30,trunk,569.770202,569.773479,0.003277,645562368,-324,1,0,0
0,30,expert,569.834913,570.349688,0.514775,193110016,0,0,11,0
0,30,compute,569.773514,570.446916,0.673402,0,0,0,0,0
0,31,trunk,570.446918,570.450454,0.003536,431890432,-325,1,0,0
0,31,expert,570.484799,571.225941,0.741142,228220928,0,0,13,0
0,31,compute,570.450476,571.343236,0.892760,0,0,0,0,0
0,32,trunk,571.343238,571.347380,0.004142,645562368,-326,1,0,0
0,32,expert,571.403813,572.101396,0.697584,193110016,0,0,11,0
0,32,compute,571.347418,572.191978,0.844559,0,0,0,0,0
0,33,trunk,572.191980,572.195418,0.003438,645562368,-327,1,0,0
0,33,expert,572.246940,572.997643,0.750703,245776384,0,0,14,0
0,33,compute,572.195467,573.106219,0.910752,0,0,0,0,0
0,34,trunk,573.106221,573.109678,0.003457,645562368,-328,1,0,0
0,34,expert,573.157680,573.721297,0.563618,245776384,0,0,14,0
0,34,compute,573.109699,573.855009,0.745310,0,0,0,0,0
0,35,trunk,573.855011,573.858461,0.003450,431890432,-329,1,0,0
0,35,expert,573.916743,574.611799,0.695056,193110016,0,0,11,0
0,35,compute,573.858488,574.726197,0.867710,0,0,0,0,0
0,36,trunk,574.726199,574.729996,0.003797,645562368,-330,1,0,0
0,36,expert,574.784691,575.528547,0.743856,245776384,0,0,14,0
0,36,compute,574.730021,575.642214,0.912193,0,0,0,0,0
0,37,trunk,575.642215,575.645670,0.003454,645562368,-331,1,0,0
0,37,expert,575.698546,576.435691,0.737146,245776384,0,0,14,0
0,37,compute,575.645691,576.540684,0.894993,0,0,0,0,0
0,38,trunk,576.540686,576.544255,0.003569,645562368,-332,1,0,0
0,38,expert,576.595568,577.078523,0.482955,193110016,0,0,11,0
0,38,compute,576.544274,577.174935,0.630661,0,0,0,0,0
0,39,trunk,577.174937,577.178516,0.003579,431890432,-333,1,0,0
0,39,expert,577.212572,577.972907,0.760335,245776384,0,0,14,0
0,39,compute,577.178538,578.070448,0.891910,0,0,0,0,0
0,40,trunk,578.070449,578.073990,0.003541,645562368,-334,1,0,0
0,40,expert,578.133849,578.869041,0.735193,228220928,0,0,13,0
0,40,compute,578.074012,578.988044,0.914033,0,0,0,0,0
0,41,trunk,578.988046,578.991401,0.003355,645562368,-335,1,0,0
0,41,expert,579.046380,579.704883,0.658503,157999104,0,0,9,0
0,41,compute,578.991425,579.805139,0.813714,0,0,0,0,0
0,42,trunk,579.805141,579.808947,0.003806,645562368,-336,1,0,0
0,42,expert,579.861597,580.272330,0.410733,140443648,0,0,8,0
0,42,compute,579.808986,580.389973,0.580987,0,0,0,0,0
0,43,trunk,580.389975,580.393479,0.003504,431890432,-337,1,0,0
0,43,expert,580.431370,581.103360,0.671990,157999104,0,0,9,0
0,43,compute,580.393500,581.230194,0.836695,0,0,0,0,0
0,44,trunk,581.230196,581.233885,0.003689,645562368,-338,1,0,0
0,44,expert,581.292344,582.014855,0.722511,210665472,0,0,12,0
0,44,compute,581.233949,582.134179,0.900231,0,0,0,0,0
0,45,trunk,582.134182,582.137695,0.003513,645562368,-339,1,0,0
0,45,expert,582.191675,582.875473,0.683798,175554560,0,0,10,0
0,45,compute,582.137747,582.990388,0.852641,0,0,0,0,0
0,46,trunk,582.990390,582.993890,0.003500,645562368,-340,1,0,0
0,46,expert,583.048760,583.547836,0.499076,175554560,0,0,10,0
0,46,compute,582.993928,583.666190,0.672263,0,0,0,0,0
0,47,trunk,583.666193,583.669688,0.003495,431890432,-341,1,0,0
0,47,expert,583.708720,584.407849,0.699129,193110016,0,0,11,0
0,47,compute,583.669710,584.526176,0.856465,0,0,0,0,0
0,48,trunk,584.526178,584.529927,0.003749,645562368,-342,1,0,0
0,48,expert,584.587722,585.290028,0.702306,228220928,0,0,13,0
0,48,compute,584.529954,585.406221,0.876266,0,0,0,0,0
0,49,trunk,585.406223,585.409805,0.003582,645562368,-343,1,0,0
0,49,expert,585.465021,586.241037,0.776017,263331840,0,0,15,0
0,49,compute,585.409826,586.354237,0.944411,0,0,0,0,0
0,50,trunk,586.354239,586.357742,0.003503,645562368,-344,1,0,0
0,50,expert,586.414488,586.936151,0.521662,210665472,0,0,12,0
0,50,compute,586.357763,587.050250,0.692487,0,0,0,0,0
0,51,trunk,587.050252,587.053866,0.003614,431890432,-345,1,0,0
0,51,expert,587.091840,587.781581,0.689741,193110016,0,0,11,0
0,51,compute,587.053910,587.902242,0.848333,0,0,0,0,0
0,52,trunk,587.902244,587.905853,0.003609,645562368,-346,1,0,0
0,52,expert,587.960743,588.663713,0.702970,228220928,0,0,13,0
0,52,compute,587.905874,588.769093,0.863220,0,0,0,0,0
0,53,trunk,588.769095,588.773104,0.004009,645562368,-347,1,0,0
0,53,expert,588.833492,589.550679,0.717187,210665472,0,0,12,0
0,53,compute,588.773133,589.682314,0.909181,0,0,0,0,0
0,54,trunk,589.682316,589.686157,0.003841,645562368,-348,1,0,0
0,54,expert,589.736500,590.258709,0.522209,210665472,0,0,12,0
0,54,compute,589.686178,590.347352,0.661174,0,0,0,0,0
0,55,trunk,590.347354,590.351540,0.004186,431890432,-349,1,0,0
0,55,expert,590.389570,591.096607,0.707037,210665472,0,0,12,0
0,55,compute,590.351569,591.192802,0.841232,0,0,0,0,0
0,56,trunk,591.192804,591.196857,0.004053,645562368,-350,1,0,0
0,56,expert,591.254705,591.943683,0.688979,193110016,0,0,11,0
0,56,compute,591.196885,592.033863,0.836977,0,0,0,0,0
0,57,trunk,592.033864,592.037326,0.003462,645562368,-351,1,0,0
0,57,expert,592.094414,592.788219,0.693805,245776384,0,0,14,0
0,57,compute,592.037349,592.900852,0.863504,0,0,0,0,0
0,58,trunk,592.900854,592.904661,0.003806,645562368,-352,1,0,0
0,58,expert,592.954436,593.461306,0.506870,175554560,0,0,10,0
0,58,compute,592.904679,593.578274,0.673595,0,0,0,0,0
0,59,trunk,593.578276,593.581862,0.003586,431890432,-353,1,0,0
0,59,expert,593.621396,594.303920,0.682524,157999104,0,0,9,0
0,59,compute,593.581884,594.401190,0.819306,0,0,0,0,0
0,60,trunk,594.401193,594.405938,0.004745,645562368,-354,1,0,0
0,60,expert,594.461924,595.197011,0.735087,210665472,0,0,12,0
0,60,compute,594.405963,595.314773,0.908810,0,0,0,0,0
0,61,trunk,595.314775,595.318462,0.003687,645562368,-355,1,0,0
0,61,expert,595.375211,596.079617,0.704406,210665472,0,0,12,0
0,61,compute,595.318493,596.170792,0.852299,0,0,0,0,0
0,62,trunk,596.170794,596.174565,0.003772,645562368,-356,1,0,0
0,62,expert,596.224969,596.744288,0.519319,228220928,0,0,13,0
0,62,compute,596.174594,597.009451,0.834857,0,0,0,0,0
0,63,trunk,597.009453,597.013082,0.003628,431890432,-357,1,0,0
0,63,expert,597.053677,597.777085,0.723408,210665472,0,0,12,0
0,63,compute,597.013102,597.890360,0.877258,0,0,0,0,0
0,64,trunk,597.890363,597.894388,0.004025,645562368,-358,1,0,0
0,64,expert,597.949769,598.642323,0.692554,210665472,0,0,12,0
0,64,compute,597.894411,598.750246,0.855836,0,0,0,0,0
0,65,trunk,598.750248,598.753895,0.003647,645562368,-359,1,0,0
0,65,expert,598.811535,599.504587,0.693052,193110016,0,0,11,0
0,65,compute,598.753919,599.592900,0.838980,0,0,0,0,0
0,66,trunk,599.592901,599.596683,0.003781,645562368,-360,1,0,0
0,66,expert,599.650054,600.156578,0.506524,175554560,0,0,10,0
0,66,compute,599.596722,600.278192,0.681470,0,0,0,0,0
0,67,trunk,600.278194,600.281987,0.003793,431890432,-361,1,0,0
0,67,expert,600.313398,601.073804,0.760405,228220928,0,0,13,0
0,67,compute,600.282010,601.186241,0.904231,0,0,0,0,0
0,68,trunk,601.186243,601.189875,0.003632,645562368,-362,1,0,0
0,68,expert,601.253372,601.958113,0.704741,210665472,0,0,12,0
0,68,compute,601.189900,602.074252,0.884352,0,0,0,0,0
0,69,trunk,602.074254,602.077751,0.003497,645562368,-363,1,0,0
0,69,expert,602.140047,607.139872,4.999824,210665472,0,0,12,0
0,69,compute,602.077772,607.241725,5.163953,0,0,0,0,0
0,70,trunk,607.241727,607.245272,0.003545,645562368,-364,1,0,0
0,70,expert,607.288702,614.369614,7.080912,175554560,0,0,10,0
0,70,compute,607.245291,614.486209,7.240918,0,0,0,0,0
0,71,trunk,614.486211,614.489849,0.003639,431890432,-365,1,0,0
0,71,expert,614.528117,615.271955,0.743838,175554560,0,0,10,0
0,71,compute,614.489870,615.372685,0.882815,0,0,0,0,0
0,72,trunk,615.372686,615.376851,0.004165,645562368,-366,1,0,0
0,72,expert,615.434810,616.150848,0.716038,193110016,0,0,11,0
0,72,compute,615.376880,616.266846,0.889966,0,0,0,0,0
0,73,trunk,616.266848,616.270457,0.003608,645562368,-367,1,0,0
0,73,expert,616.334746,617.058611,0.723865,228220928,0,0,13,0
0,73,compute,616.270478,617.165496,0.895018,0,0,0,0,0
0,74,trunk,617.165498,617.169470,0.003972,645562368,-368,1,0,0
0,74,expert,617.254674,617.654020,0.399346,122888192,0,0,7,0
0,74,compute,617.169514,617.759122,0.589608,0,0,0,0,0
0,75,trunk,617.759124,617.762951,0.003828,431890432,-369,1,0,0
0,75,expert,617.811873,618.457788,0.645916,140443648,0,0,8,0
0,75,compute,617.762990,618.582194,0.819204,0,0,0,0,0
0,76,trunk,618.582196,618.586143,0.003947,645562368,-370,1,0,0
0,76,expert,618.664610,619.299662,0.635052,175554560,0,0,10,0
0,76,compute,618.586165,619.394679,0.808514,0,0,0,0,0
0,77,trunk,619.394680,619.398649,0.003969,645562368,-371,1,0,0
0,77,expert,619.478726,620.139003,0.660277,157999104,0,0,9,0
0,77,compute,619.398710,620.262341,0.863631,0,0,0,0,0
0,78,trunk,620.262343,620.267227,0.004883,645562368,-372,1,0,0
0,78,expert,620.349134,620.831973,0.482839,193110016,0,0,11,0
0,78,compute,620.267261,620.954230,0.686969,0,0,0,0,0
0,79,trunk,620.954232,620.957705,0.003473,431890432,-373,1,0,0
0,79,expert,621.004269,621.656449,0.652180,157999104,0,0,9,0
0,79,compute,620.957728,621.778606,0.820878,0,0,0,0,0
0,80,trunk,621.778608,621.782402,0.003794,645562368,-374,1,0,0
0,80,expert,621.843671,622.694557,0.850887,175554560,0,0,10,0
0,80,compute,621.782425,622.802200,1.019775,0,0,0,0,0
0,81,trunk,622.802202,622.805702,0.003500,645562368,-375,1,0,0
0,81,expert,622.863169,623.593639,0.730470,228220928,0,0,13,0
0,81,compute,622.805724,623.706398,0.900674,0,0,0,0,0
0,82,trunk,623.706399,623.710303,0.003904,645562368,-376,1,0,0
0,82,expert,623.781288,624.266855,0.485567,193110016,0,0,11,0
0,82,compute,623.710328,624.374209,0.663881,0,0,0,0,0
0,83,trunk,624.374211,624.377946,0.003735,431890432,-377,1,0,0
0,83,expert,624.422093,625.125180,0.703087,193110016,0,0,11,0
0,83,compute,624.377972,625.246203,0.868231,0,0,0,0,0
0,84,trunk,625.246204,625.249723,0.003519,645562368,-378,1,0,0
0,84,expert,625.309069,626.015044,0.705975,210665472,0,0,12,0
0,84,compute,625.249743,626.107658,0.857915,0,0,0,0,0
0,85,trunk,626.107661,626.111120,0.003459,645562368,-379,1,0,0
0,85,expert,626.171130,626.857851,0.686721,175554560,0,0,10,0
0,85,compute,626.111143,626.970165,0.859022,0,0,0,0,0
0,86,trunk,626.970167,626.973669,0.003501,645562368,-380,1,0,0
0,86,expert,627.027059,627.552855,0.525796,193110016,0,0,11,0
0,86,compute,626.973697,627.666334,0.692637,0,0,0,0,0
0,87,trunk,627.666336,627.669953,0.003618,431890432,-381,1,0,0
0,87,expert,627.703998,628.364568,0.660570,157999104,0,0,9,0
0,87,compute,627.670006,628.486204,0.816198,0,0,0,0,0
0,88,trunk,628.486205,628.489682,0.003477,645562368,-382,1,0,0
0,88,expert,628.550197,629.272157,0.721959,193110016,0,0,11,0
0,88,compute,628.489703,629.367134,0.877431,0,0,0,0,0
0,89,trunk,629.367136,629.370714,0.003578,645562368,-383,1,0,0
0,89,expert,629.435780,630.101077,0.665298,122888192,0,0,7,0
0,89,compute,629.370736,630.199170,0.828434,0,0,0,0,0
0,90,trunk,630.199172,630.204618,0.005446,645562368,-384,1,0,0
0,90,expert,630.261865,630.719356,0.457491,140443648,0,0,8,0
0,90,compute,630.204654,630.842163,0.637510,0,0,0,0,0
0,91,trunk,630.842165,630.845803,0.003639,431890432,-385,1,0,0
0,91,expert,630.885505,631.349025,0.463521,140443648,0,0,8,0
0,91,compute,630.845891,631.462378,0.616487,0,0,0,0,0
0,92,trunk,631.462379,631.466000,0.003621,431890432,-386,1,0,0
0,92,expert,631.487446,631.645455,0.158008,193110016,0,0,11,0
0,92,compute,631.466002,631.903331,0.437329,0,0,0,0,0
0,0,trunk,632.001851,632.001891,0.000041,0,-386,0,0,0
0,0,compute,632.001893,632.113182,0.111289,0,0,0,0,0
0,1,trunk,632.113183,632.116764,0.003581,0,-385,0,0,0
0,1,expert,632.162454,632.379860,0.217406,263331840,0,0,15,0
0,1,compute,632.116766,632.474454,0.357689,0,0,0,0,0
0,2,trunk,632.474456,632.478021,0.003565,0,-384,0,0,0
0,2,expert,632.519842,632.726416,0.206574,245776384,0,0,14,0
0,2,compute,632.478022,632.842225,0.364203,0,0,0,0,0
0,3,trunk,632.842227,632.845691,0.003464,0,-383,0,0,0
0,3,expert,632.873537,633.018200,0.144663,175554560,0,0,10,0
0,3,compute,632.845693,633.130502,0.284809,0,0,0,0,0
0,4,trunk,633.130504,633.133950,0.003446,0,-382,0,0,0
0,4,expert,633.182873,633.383167,0.200294,245776384,0,0,14,0
0,4,compute,633.133952,633.495002,0.361051,0,0,0,0,0
0,5,trunk,633.495004,633.499086,0.004082,0,-381,0,0,0
0,5,expert,633.544971,633.732923,0.187952,228220928,0,0,13,0
0,5,compute,633.499088,633.846521,0.347433,0,0,0,0,0
0,6,trunk,633.846523,633.851322,0.004799,0,-380,0,0,0
0,6,expert,633.900531,634.119632,0.219101,263331840,0,0,15,0
0,6,compute,633.851324,634.217435,0.366110,0,0,0,0,0
0,7,trunk,634.217436,634.221252,0.003816,0,-379,0,0,0
0,7,expert,634.247457,634.463343,0.215886,263331840,0,0,15,0
0,7,compute,634.221288,634.574467,0.353179,0,0,0,0,0
0,8,trunk,634.574468,634.578498,0.004030,0,-378,0,0,0
0,8,expert,634.634785,634.853457,0.218673,263331840,0,0,15,0
0,8,compute,634.578500,634.951025,0.372525,0,0,0,0,0
0,9,trunk,634.951027,634.954594,0.003566,0,-377,0,0,0
0,9,expert,635.001606,635.213441,0.211835,263331840,0,0,15,0
0,9,compute,634.954595,635.334237,0.379642,0,0,0,0,0
0,10,trunk,635.334239,635.337787,0.003548,0,-376,0,0,0
0,10,expert,635.383250,635.554987,0.171737,210665472,0,0,12,0
0,10,compute,635.337789,635.679055,0.341266,0,0,0,0,0
0,11,trunk,635.679057,635.683351,0.004294,0,-375,0,0,0
0,11,expert,635.709891,635.897413,0.187522,228220928,0,0,13,0
0,11,compute,635.683353,635.991359,0.308006,0,0,0,0,0
0,12,trunk,635.991360,635.995018,0.003657,0,-374,0,0,0
0,12,expert,636.034794,636.217186,0.182392,228220928,0,0,13,0
0,12,compute,635.995019,636.330782,0.335763,0,0,0,0,0
0,13,trunk,636.330784,636.334800,0.004016,0,-373,0,0,0
0,13,expert,636.385678,636.613878,0.228200,263331840,0,0,15,0
0,13,compute,636.334802,636.734193,0.399392,0,0,0,0,0
0,14,trunk,636.734195,636.737579,0.003384,0,-372,0,0,0
0,14,expert,636.799070,637.038469,0.239399,280887296,0,0,16,0
0,14,compute,636.737581,637.158385,0.420804,0,0,0,0,0
0,15,trunk,637.158386,637.162229,0.003843,0,-371,0,0,0
0,15,expert,637.187313,637.406601,0.219288,263331840,0,0,15,0
0,15,compute,637.162232,637.532042,0.369810,0,0,0,0,0
0,16,trunk,637.532043,637.535586,0.003543,0,-370,0,0,0
0,16,expert,637.579300,637.790305,0.211005,245776384,0,0,14,0
0,16,compute,637.535588,637.906202,0.370614,0,0,0,0,0
0,17,trunk,637.906204,637.909546,0.003343,0,-369,0,0,0
0,17,expert,637.953145,638.144751,0.191606,228220928,0,0,13,0
0,17,compute,637.909548,638.258218,0.348670,0,0,0,0,0
0,18,trunk,638.258219,638.261683,0.003463,0,-368,0,0,0
0,18,expert,638.305476,638.471871,0.166395,193110016,0,0,11,0
0,18,compute,638.261685,638.570354,0.308669,0,0,0,0,0
0,19,trunk,638.570356,638.573746,0.003390,0,-367,0,0,0
0,19,expert,638.596232,638.816560,0.220328,263331840,0,0,15,0
0,19,compute,638.573748,638.914979,0.341232,0,0,0,0,0
0,20,trunk,638.914981,638.918436,0.003454,0,-366,0,0,0
0,20,expert,638.962236,639.136267,0.174031,210665472,0,0,12,0
0,20,compute,638.918437,639.251010,0.332573,0,0,0,0,0
0,21,trunk,639.251012,639.254473,0.003461,0,-365,0,0,0
0,21,expert,639.309840,640.057122,0.747282,245776384,0,0,14,0
0,21,compute,639.254533,640.174163,0.919630,0,0,0,0,0
0,22,trunk,640.174164,640.177764,0.003599,645562368,-365,1,0,0
0,22,expert,640.233462,643.312212,3.078751,245776384,0,0,14,0
0,22,compute,640.177816,643.438196,3.260380,0,0,0,0,0
0,23,trunk,643.438198,643.441906,0.003708,431890432,-366,1,0,0
0,23,expert,643.473582,652.766251,9.292669,245776384,0,0,14,0
0,23,compute,643.441926,652.887765,9.445840,0,0,0,0,0
0,24,trunk,652.887768,652.891511,0.003743,645562368,-367,1,0,0
0,24,expert,652.951020,653.757186,0.806166,263331840,0,0,15,0
0,24,compute,652.891537,653.876071,0.984534,0,0,0,0,0
0,25,trunk,653.876073,653.879867,0.003794,645562368,-368,1,0,0
0,25,expert,653.941746,654.670616,0.728870,228220928,0,0,13,0
0,25,compute,653.879892,654.782189,0.902297,0,0,0,0,0
0,26,trunk,654.782191,654.785489,0.003298,645562368,-369,1,0,0
0,26,expert,654.840658,655.389951,0.549293,245776384,0,0,14,0
0,26,compute,654.785550,655.503008,0.717458,0,0,0,0,0
0,27,trunk,655.503010,655.506569,0.003559,431890432,-370,1,0,0
0,27,expert,655.538937,656.278671,0.739734,280887296,0,0,16,0
0,27,compute,655.506593,656.391002,0.884409,0,0,0,0,0
0,28,trunk,656.391004,656.394901,0.003897,645562368,-371,1,0,0
0,28,expert,656.453643,657.145194,0.691551,263331840,0,0,15,0
0,28,compute,656.394931,657.258171,0.863240,0,0,0,0,0
0,29,trunk,657.258172,657.261459,0.003287,645562368,-372,1,0,0
0,29,expert,657.319821,658.043865,0.724044,228220928,0,0,13,0
0,29,compute,657.261486,658.139146,0.877660,0,0,0,0,0
0,30,trunk,658.139148,658.142747,0.003599,645562368,-373,1,0,0
0,30,expert,658.195396,658.730027,0.534631,210665472,0,0,12,0
0,30,compute,658.142770,658.846998,0.704228,0,0,0,0,0
0,31,trunk,658.847000,658.850477,0.003477,431890432,-374,1,0,0
0,31,expert,658.880263,659.644138,0.763875,263331840,0,0,15,0
0,31,compute,658.850499,659.739239,0.888740,0,0,0,0,0
0,32,trunk,659.739273,659.742722,0.003449,645562368,-375,1,0,0
0,32,expert,659.803131,660.506229,0.703097,210665472,0,0,12,0
0,32,compute,659.742743,660.641067,0.898324,0,0,0,0,0
0,33,trunk,660.641070,660.644827,0.003757,645562368,-376,1,0,0
0,33,expert,660.703212,661.486595,0.783382,245776384,0,0,14,0
0,33,compute,660.644848,661.579830,0.934981,0,0,0,0,0
0,34,trunk,661.579832,661.583250,0.003418,645562368,-377,1,0,0
0,34,expert,661.635087,662.196611,0.561525,228220928,0,0,13,0
0,34,compute,661.583271,662.289064,0.705792,0,0,0,0,0
0,35,trunk,662.289065,662.292782,0.003717,431890432,-378,1,0,0
0,35,expert,662.323363,663.088564,0.765201,228220928,0,0,13,0
0,35,compute,662.292800,663.186474,0.893674,0,0,0,0,0
0,36,trunk,663.186476,663.189979,0.003503,645562368,-379,1,0,0
0,36,expert,663.252489,663.989808,0.737319,228220928,0,0,13,0
0,36,compute,663.190000,664.102209,0.912209,0,0,0,0,0
0,37,trunk,664.102211,664.105690,0.003479,645562368,-380,1,0,0
0,37,expert,664.162683,664.903771,0.741088,245776384,0,0,14,0
0,37,compute,664.105712,664.999777,0.894065,0,0,0,0,0
0,38,trunk,664.999778,665.003246,0.003468,645562368,-381,1,0,0
0,38,expert,665.059051,665.557876,0.498824,210665472,0,0,12,0
0,38,compute,665.003267,665.670426,0.667159,0,0,0,0,0
0,39,trunk,665.670428,665.674456,0.004028,431890432,-382,1,0,0
0,39,expert,665.707094,666.417787,0.710693,228220928,0,0,13,0
0,39,compute,665.674479,666.534557,0.860079,0,0,0,0,0
0,40,trunk,666.534559,666.538031,0.003472,645562368,-383,1,0,0
0,40,expert,666.591065,667.325325,0.734260,228220928,0,0,13,0
0,40,compute,666.538054,667.442707,0.904654,0,0,0,0,0
0,41,trunk,667.442709,667.446436,0.003727,645562368,-384,1,0,0
0,41,expert,667.498153,668.172856,0.674703,193110016,0,0,11,0
0,41,compute,667.446480,668.289906,0.843426,0,0,0,0,0
0,42,trunk,668.289908,668.293467,0.003559,645562368,-385,1,0,0
0,42,expert,668.346223,668.824387,0.478164,157999104,0,0,9,0
0,42,compute,668.293491,668.938533,0.645043,0,0,0,0,0
0,43,trunk,668.938535,668.942204,0.003669,431890432,-386,1,0,0
0,43,expert,668.976191,669.705120,0.728930,175554560,0,0,10,0
0,43,compute,668.942225,669.805097,0.862872,0,0,0,0,0
0,44,trunk,669.805099,669.808798,0.003699,645562368,-387,1,0,0
0,44,expert,669.864452,670.597587,0.733134,228220928,0,0,13,0
0,44,compute,669.808838,670.717055,0.908217,0,0,0,0,0
0,45,trunk,670.717056,670.720563,0.003507,645562368,-388,1,0,0
0,45,expert,670.781317,671.528746,0.747428,245776384,0,0,14,0
0,45,compute,670.720582,671.650226,0.929644,0,0,0,0,0
0,46,trunk,671.650227,671.654549,0.004322,645562368,-389,1,0,0
0,46,expert,671.709259,672.246378,0.537119,228220928,0,0,13,0
0,46,compute,671.654572,672.366206,0.711634,0,0,0,0,0
0,47,trunk,672.366208,672.369758,0.003551,431890432,-390,1,0,0
0,47,expert,672.406022,673.133812,0.727790,228220928,0,0,13,0
0,47,compute,672.369779,673.246400,0.876621,0,0,0,0,0
0,48,trunk,673.246402,673.249945,0.003543,645562368,-391,1,0,0
0,48,expert,673.308817,673.987776,0.678959,210665472,0,0,12,0
0,48,compute,673.249967,674.081509,0.831543,0,0,0,0,0
0,49,trunk,674.081511,674.085121,0.003610,645562368,-392,1,0,0
0,49,expert,674.140216,674.925463,0.785247,263331840,0,0,15,0
0,49,compute,674.085143,675.042830,0.957687,0,0,0,0,0
0,50,trunk,675.042832,675.046849,0.004016,645562368,-393,1,0,0
0,50,expert,675.111332,675.659842,0.548510,245776384,0,0,14,0
0,50,compute,675.046872,675.755910,0.709038,0,0,0,0,0
0,51,trunk,675.755911,675.759558,0.003647,431890432,-394,1,0,0
0,51,expert,675.800929,676.492675,0.691746,210665472,0,0,12,0
0,51,compute,675.759580,676.606320,0.846739,0,0,0,0,0
0,52,trunk,676.606321,676.609901,0.003580,645562368,-395,1,0,0
0,52,expert,676.665767,677.338600,0.672833,210665472,0,0,12,0
0,52,compute,676.609923,677.437207,0.827284,0,0,0,0,0
0,53,trunk,677.437209,677.440691,0.003482,645562368,-396,1,0,0
0,53,expert,677.497541,678.224029,0.726488,228220928,0,0,13,0
0,53,compute,677.440711,678.321818,0.881107,0,0,0,0,0
0,54,trunk,678.321820,678.325477,0.003657,645562368,-397,1,0,0
0,54,expert,678.383407,678.896672,0.513265,210665472,0,0,12,0
0,54,compute,678.325506,679.006264,0.680758,0,0,0,0,0
0,55,trunk,679.006265,679.009752,0.003486,431890432,-398,1,0,0
0,55,expert,679.051228,679.806845,0.755617,263331840,0,0,15,0
0,55,compute,679.009776,679.918187,0.908411,0,0,0,0,0
0,56,trunk,679.918189,679.921745,0.003556,645562368,-399,1,0,0
0,56,expert,679.975664,680.710921,0.735258,228220928,0,0,13,0
0,56,compute,679.921824,680.820669,0.898845,0,0,0,0,0
0,57,trunk,680.820671,680.824224,0.003553,645562368,-400,1,0,0
0,57,expert,680.882373,681.663984,0.781611,280887296,0,0,16,0
0,57,compute,680.824250,681.782200,0.957950,0,0,0,0,0
0,58,trunk,681.782202,681.785702,0.003501,645562368,-401,1,0,0
0,58,expert,681.836988,682.361356,0.524368,193110016,0,0,11,0
0,58,compute,681.785732,682.495045,0.709313,0,0,0,0,0
0,59,trunk,682.495048,682.498684,0.003636,431890432,-402,1,0,0
0,59,expert,682.558667,683.247290,0.688623,193110016,0,0,11,0
0,59,compute,682.498708,683.354221,0.855513,0,0,0,0,0
0,60,trunk,683.354223,683.357645,0.003422,645562368,-403,1,0,0
0,60,expert,683.415591,684.147921,0.732331,228220928,0,0,13,0
0,60,compute,683.357669,684.244851,0.887182,0,0,0,0,0
0,61,trunk,684.244853,684.248352,0.003499,645562368,-404,1,0,0
0,61,expert,684.303893,685.047448,0.743556,263331840,0,0,15,0
0,61,compute,684.248369,685.158382,0.910013,0,0,0,0,0
0,62,trunk,685.158384,685.162199,0.003815,645562368,-405,1,0,0
0,62,expert,685.228098,685.724263,0.496166,210665472,0,0,12,0
0,62,compute,685.162225,685.835377,0.673152,0,0,0,0,0
0,63,trunk,685.835379,685.839146,0.003767,431890432,-406,1,0,0
0,63,expert,685.877897,686.603849,0.725952,228220928,0,0,13,0
0,63,compute,685.839175,686.707267,0.868092,0,0,0,0,0
0,64,trunk,686.707269,686.710946,0.003677,645562368,-407,1,0,0
0,64,expert,686.769818,687.504682,0.734864,228220928,0,0,13,0
0,64,compute,686.710966,687.622528,0.911561,0,0,0,0,0
0,65,trunk,687.622529,687.626212,0.003683,645562368,-408,1,0,0
0,65,expert,687.681573,688.405776,0.724203,228220928,0,0,13,0
0,65,compute,687.626235,688.509932,0.883697,0,0,0,0,0
0,66,trunk,688.509933,688.513608,0.003674,645562368,-409,1,0,0
0,66,expert,688.565028,689.105726,0.540697,228220928,0,0,13,0
0,66,compute,688.513645,689.242168,0.728523,0,0,0,0,0
0,67,trunk,689.242170,689.245870,0.003700,431890432,-410,1,0,0
0,67,expert,689.290964,690.023290,0.732326,228220928,0,0,13,0
0,67,compute,689.245892,690.130241,0.884349,0,0,0,0,0
0,68,trunk,690.130243,690.133707,0.003464,645562368,-411,1,0,0
0,68,expert,690.189382,690.934382,0.745000,263331840,0,0,15,0
0,68,compute,690.133769,691.036643,0.902873,0,0,0,0,0
0,69,trunk,691.036644,691.040453,0.003808,645562368,-412,1,0,0
0,69,expert,691.099160,691.839399,0.740238,228220928,0,0,13,0
0,69,compute,691.040472,691.944113,0.903642,0,0,0,0,0
0,70,trunk,691.944115,691.947781,0.003666,645562368,-413,1,0,0
0,70,expert,692.004653,692.522094,0.517441,210665472,0,0,12,0
0,70,compute,691.947819,692.623055,0.675235,0,0,0,0,0
0,71,trunk,692.623057,692.626784,0.003726,431890432,-414,1,0,0
0,71,expert,692.665134,693.444390,0.779255,228220928,0,0,13,0
0,71,compute,692.626806,693.558162,0.931356,0,0,0,0,0
0,72,trunk,693.558164,693.561991,0.003826,645562368,-415,1,0,0
0,72,expert,693.625046,694.348294,0.723248,210665472,0,0,12,0
0,72,compute,693.562025,694.446871,0.884847,0,0,0,0,0
0,73,trunk,694.446873,694.450543,0.003670,645562368,-416,1,0,0
0,73,expert,694.511018,695.246800,0.735782,245776384,0,0,14,0
0,73,compute,694.450565,695.349056,0.898491,0,0,0,0,0
0,74,trunk,695.349058,695.352698,0.003640,645562368,-417,1,0,0
0,74,expert,695.408498,695.885422,0.476925,157999104,0,0,9,0
0,74,compute,695.352720,696.022225,0.669505,0,0,0,0,0
0,75,trunk,696.022226,696.025852,0.003626,431890432,-418,1,0,0
0,75,expert,696.077336,696.773889,0.696553,193110016,0,0,11,0
0,75,compute,696.025878,696.873939,0.848060,0,0,0,0,0
0,76,trunk,696.873941,696.877670,0.003729,645562368,-419,1,0,0
0,76,expert,696.936880,697.604932,0.668052,193110016,0,0,11,0
0,76,compute,696.877700,697.723079,0.845379,0,0,0,0,0
0,77,trunk,697.723081,697.726726,0.003645,645562368,-420,1,0,0
0,77,expert,697.781560,698.513132,0.731573,210665472,0,0,12,0
0,77,compute,697.726755,698.607984,0.881229,0,0,0,0,0
0,78,trunk,698.607985,698.612308,0.004323,645562368,-421,1,0,0
0,78,expert,698.668583,699.186000,0.517417,210665472,0,0,12,0
0,78,compute,698.612327,699.305253,0.692926,0,0,0,0,0
0,79,trunk,699.305255,699.309146,0.003891,431890432,-422,1,0,0
0,79,expert,699.352929,700.014469,0.661540,175554560,0,0,10,0
0,79,compute,699.309170,700.134208,0.825038,0,0,0,0,0
0,80,trunk,700.134210,700.137680,0.003471,645562368,-423,1,0,0
0,80,expert,700.201144,700.892552,0.691408,245776384,0,0,14,0
0,80,compute,700.137702,701.006750,0.869048,0,0,0,0,0
0,81,trunk,701.006752,701.012117,0.005365,645562368,-424,1,0,0
0,81,expert,701.074255,701.821132,0.746877,263331840,0,0,15,0
0,81,compute,701.012156,701.938238,0.926082,0,0,0,0,0
0,82,trunk,701.938240,701.941691,0.003450,645562368,-425,1,0,0
0,82,expert,702.004529,702.528994,0.524464,228220928,0,0,13,0
0,82,compute,701.941711,702.642256,0.700545,0,0,0,0,0
0,83,trunk,702.642258,702.645986,0.003728,431890432,-426,1,0,0
0,83,expert,702.679717,703.391860,0.712142,193110016,0,0,11,0
0,83,compute,702.646007,703.487769,0.841763,0,0,0,0,0
0,84,trunk,703.487771,703.491245,0.003473,645562368,-427,1,0,0
0,84,expert,703.547415,704.298531,0.751116,263331840,0,0,15,0
0,84,compute,703.491266,704.392583,0.901316,0,0,0,0,0
0,85,trunk,704.392584,704.396145,0.003561,645562368,-428,1,0,0
0,85,expert,704.455069,705.177437,0.722368,228220928,0,0,13,0
0,85,compute,704.396163,705.290183,0.894020,0,0,0,0,0
0,86,trunk,705.290186,705.293642,0.003456,645562368,-429,1,0,0
0,86,expert,705.354169,705.867038,0.512870,228220928,0,0,13,0
0,86,compute,705.293664,705.982213,0.688549,0,0,0,0,0
0,87,trunk,705.982215,705.985800,0.003585,431890432,-430,1,0,0
0,87,expert,706.030036,706.711443,0.681407,193110016,0,0,11,0
0,87,compute,705.985821,706.826186,0.840366,0,0,0,0,0
0,88,trunk,706.826188,706.829935,0.003747,645562368,-431,1,0,0
0,88,expert,706.889432,707.542147,0.652715,228220928,0,0,13,0
0,88,compute,706.829957,707.644264,0.814307,0,0,0,0,0
0,89,trunk,707.644266,707.648652,0.004386,645562368,-432,1,0,0
0,89,expert,707.707649,708.405871,0.698222,157999104,0,0,9,0
0,89,compute,707.648672,708.534227,0.885555,0,0,0,0,0
0,90,trunk,708.534229,708.537826,0.003597,645562368,-433,1,0,0
0,90,expert,708.590582,709.098839,0.508257,193110016,0,0,11,0
0,90,compute,708.537865,709.220041,0.682176,0,0,0,0,0
0,91,trunk,709.220043,709.223498,0.003455,431890432,-434,1,0,0
0,91,expert,709.254344,709.763313,0.508969,193110016,0,0,11,0
0,91,compute,709.223523,709.884076,0.660553,0,0,0,0,0
0,92,trunk,709.884078,709.892348,0.008270,431890432,-435,1,0,0
0,92,expert,709.932883,710.142210,0.209327,245776384,0,0,14,0
0,92,compute,709.892350,710.260044,0.367694,0,0,0,0,0
