token,layer,phase,t0,t1,dur_s,bytes,l1_hit,l1_miss,l2_hit,l2_miss
0,0,trunk,219.150712,221.507967,2.357254,2341216256,0,1,0,0
0,0,compute,221.507968,221.815255,0.307287,0,0,0,0,0
0,1,trunk,221.815257,222.461068,0.645810,645562368,-1,1,0,0
0,1,expert,222.501147,222.699335,0.198187,280887296,0,0,16,0
0,1,compute,222.461070,222.818280,0.357211,0,0,0,0,0
0,2,trunk,222.818282,223.640146,0.821864,645562368,-2,1,0,0
0,2,expert,223.678305,223.863170,0.184865,280887296,0,0,16,0
0,2,compute,223.640148,223.995025,0.354877,0,0,0,0,0
0,3,trunk,223.995028,224.409459,0.414432,431890432,-3,1,0,0
0,3,expert,224.447893,224.640269,0.192375,280887296,0,0,16,0
0,3,compute,224.409461,224.758171,0.348709,0,0,0,0,0
0,4,trunk,224.758175,225.308980,0.550805,645562368,-4,1,0,0
0,4,expert,225.406535,225.590294,0.183759,280887296,0,0,16,0
0,4,compute,225.308982,225.702498,0.393516,0,0,0,0,0
0,5,trunk,225.702500,226.359086,0.656586,645562368,-5,1,0,0
0,5,expert,226.403418,226.591553,0.188135,280887296,0,0,16,0
0,5,compute,226.359088,226.710400,0.351312,0,0,0,0,0
0,6,trunk,226.710401,227.358939,0.648538,645562368,-6,1,0,0
0,6,expert,227.408137,227.598178,0.190042,280887296,0,0,16,0
0,6,compute,227.358941,227.714209,0.355268,0,0,0,0,0
0,7,trunk,227.714211,228.165206,0.450996,431890432,-7,1,0,0
0,7,expert,228.185915,228.376172,0.190257,280887296,0,0,16,0
0,7,compute,228.165208,228.486176,0.320968,0,0,0,0,0
0,8,trunk,228.486178,229.082895,0.596717,645562368,-8,1,0,0
0,8,expert,229.139823,229.340623,0.200800,280887296,0,0,16,0
0,8,compute,229.082897,229.432945,0.350048,0,0,0,0,0
0,9,trunk,229.432947,230.115555,0.682609,645562368,-9,1,0,0
0,9,expert,230.164154,230.364696,0.200542,280887296,0,0,16,0
0,9,compute,230.115559,230.457594,0.342035,0,0,0,0,0
0,10,trunk,230.457595,231.163618,0.706022,645562368,-10,1,0,0
0,10,expert,231.207931,231.408454,0.200523,280887296,0,0,16,0
0,10,compute,231.163621,231.521805,0.358184,0,0,0,0,0
0,11,trunk,231.521806,231.970385,0.448579,431890432,-11,1,0,0
0,11,expert,232.008405,232.212972,0.204567,280887296,0,0,16,0
0,11,compute,231.970389,232.308210,0.337822,0,0,0,0,0
0,12,trunk,232.308212,232.975618,0.667406,645562368,-12,1,0,0
0,12,expert,233.047636,233.249534,0.201898,280887296,0,0,16,0
0,12,compute,232.975620,233.378365,0.402745,0,0,0,0,0
0,13,trunk,233.378367,234.082289,0.703922,645562368,-13,1,0,0
0,13,expert,234.140414,234.350317,0.209903,280887296,0,0,16,0
0,13,compute,234.082291,234.462164,0.379874,0,0,0,0,0
0,14,trunk,234.462166,235.272796,0.810630,645562368,-14,1,0,0
0,14,expert,235.339025,235.537649,0.198624,280887296,0,0,16,0
0,14,compute,235.272799,235.630486,0.357688,0,0,0,0,0
0,15,trunk,235.630488,236.109404,0.478916,431890432,-15,1,0,0
0,15,expert,236.131750,236.333827,0.202078,280887296,0,0,16,0
0,15,compute,236.109406,236.446796,0.337390,0,0,0,0,0
0,16,trunk,236.446797,237.270845,0.824048,645562368,-16,1,0,0
0,16,expert,237.320669,237.519778,0.199108,280887296,0,0,16,0
0,16,compute,237.270848,237.635092,0.364244,0,0,0,0,0
0,17,trunk,237.635093,238.432177,0.797084,645562368,-17,1,0,0
0,17,expert,238.472760,238.671404,0.198644,280887296,0,0,16,0
0,17,compute,238.432179,238.782173,0.349994,0,0,0,0,0
0,18,trunk,238.782175,239.542309,0.760134,645562368,-18,1,0,0
0,18,expert,239.593658,239.800204,0.206546,280887296,0,0,16,0
0,18,compute,239.542311,239.907329,0.365018,0,0,0,0,0
0,19,trunk,239.907331,240.449076,0.541745,431890432,-19,1,0,0
0,19,expert,240.472121,240.678387,0.206266,280887296,0,0,16,0
0,19,compute,240.449078,240.774948,0.325870,0,0,0,0,0
0,20,trunk,240.774950,241.624519,0.849569,645562368,-20,1,0,0
0,20,expert,241.665014,241.865995,0.200981,280887296,0,0,16,0
0,20,compute,241.624521,242.022924,0.398403,0,0,0,0,0
0,21,trunk,242.022926,242.600822,0.577895,645562368,-21,1,0,0
0,21,expert,242.725437,242.940754,0.215317,280887296,0,0,16,0
0,21,compute,242.600865,243.094438,0.493574,0,0,0,0,0
0,22,trunk,243.094443,243.611728,0.517285,645562368,-22,1,0,0
0,22,expert,243.741528,243.996855,0.255327,280887296,0,0,16,0
0,22,compute,243.611777,244.124611,0.512834,0,0,0,0,0
0,23,trunk,244.124718,244.151598,0.026880,431890432,-23,1,0,0
0,23,expert,244.209698,244.682421,0.472723,280887296,0,0,16,0
0,23,compute,244.152172,244.802497,0.650325,0,0,0,0,0
0,24,trunk,244.802499,244.807046,0.004547,645562368,-24,1,0,0
0,24,expert,244.933523,245.435918,0.502395,280887296,0,0,16,0
0,24,compute,244.807067,245.550243,0.743175,0,0,0,0,0
0,25,trunk,245.550245,245.574358,0.024113,645562368,-25,1,0,0
0,25,expert,245.623974,246.177456,0.553482,280887296,0,0,16,0
0,25,compute,245.574874,246.294159,0.719286,0,0,0,0,0
0,26,trunk,246.294162,246.297654,0.003493,645562368,-26,1,0,0
0,26,expert,246.352080,246.761748,0.409668,280887296,0,0,16,0
0,26,compute,246.297677,246.886920,0.589243,0,0,0,0,0
0,27,trunk,246.886922,246.890469,0.003546,431890432,-27,1,0,0
0,27,expert,246.925787,247.176449,0.250662,280887296,0,0,16,0
0,27,compute,246.890491,247.267240,0.376749,0,0,0,0,0
0,28,trunk,247.267242,247.543482,0.276239,645562368,-28,1,0,0
0,28,expert,247.587879,248.076593,0.488714,280887296,0,0,16,0
0,28,compute,247.543546,248.171315,0.627769,0,0,0,0,0
0,29,trunk,248.171317,248.174721,0.003403,645562368,-29,1,0,0
0,29,expert,248.227950,248.746565,0.518616,280887296,0,0,16,0
0,29,compute,248.174765,248.865529,0.690765,0,0,0,0,0
0,30,trunk,248.865532,248.869452,0.003919,645562368,-30,1,0,0
0,30,expert,248.927832,249.152717,0.224885,280887296,0,0,16,0
0,30,compute,248.869474,249.272039,0.402565,0,0,0,0,0
0,31,trunk,249.272041,249.451019,0.178978,431890432,-31,1,0,0
0,31,expert,249.477897,250.071752,0.593855,280887296,0,0,16,0
0,31,compute,249.451075,250.182158,0.731083,0,0,0,0,0
0,32,trunk,250.182160,250.185731,0.003571,645562368,-32,1,0,0
0,32,expert,250.278894,250.792979,0.514084,280887296,0,0,16,0
0,32,compute,250.185752,250.894027,0.708274,0,0,0,0,0
0,33,trunk,250.894030,250.897877,0.003847,645562368,-33,1,0,0
0,33,expert,250.951814,251.607769,0.655955,280887296,0,0,16,0
0,33,compute,250.897903,251.699486,0.801584,0,0,0,0,0
0,34,trunk,251.699489,251.702996,0.003507,645562368,-34,1,0,0
0,34,expert,251.752322,252.169824,0.417502,280887296,0,0,16,0
0,34,compute,251.703017,252.286208,0.583191,0,0,0,0,0
0,35,trunk,252.286211,252.289710,0.003499,431890432,-35,1,0,0
0,35,expert,252.321855,252.910349,0.588495,280887296,0,0,16,0
0,35,compute,252.289739,253.026218,0.736479,0,0,0,0,0
0,36,trunk,253.026221,253.030028,0.003808,645562368,-36,1,0,0
0,36,expert,253.089642,253.665564,0.575922,280887296,0,0,16,0
0,36,compute,253.030053,253.782259,0.752205,0,0,0,0,0
0,37,trunk,253.782261,253.785714,0.003453,645562368,-37,1,0,0
0,37,expert,253.840967,254.406879,0.565912,280887296,0,0,16,0
0,37,compute,253.785742,254.528033,0.742291,0,0,0,0,0
0,38,trunk,254.528035,254.531711,0.003676,645562368,-38,1,0,0
0,38,expert,254.580589,254.996379,0.415790,280887296,0,0,16,0
0,38,compute,254.531737,255.095377,0.563640,0,0,0,0,0
0,39,trunk,255.095379,255.098837,0.003458,431890432,-39,1,0,0
0,39,expert,255.128898,255.704440,0.575543,280887296,0,0,16,0
0,39,compute,255.098859,255.810179,0.711320,0,0,0,0,0
0,40,trunk,255.810181,255.813725,0.003544,645562368,-40,1,0,0
0,40,expert,255.873745,256.418038,0.544293,280887296,0,0,16,0
0,40,compute,255.813748,256.513941,0.700193,0,0,0,0,0
0,41,trunk,256.513943,256.517963,0.004020,645562368,-41,1,0,0
0,41,expert,256.577134,257.079605,0.502471,280887296,0,0,16,0
0,41,compute,256.517986,257.192047,0.674061,0,0,0,0,0
0,42,trunk,257.192049,257.197166,0.005118,645562368,-42,1,0,0
0,42,expert,257.251664,257.666785,0.415120,280887296,0,0,16,0
0,42,compute,257.197186,257.798355,0.601168,0,0,0,0,0
0,43,trunk,257.798357,257.802609,0.004252,431890432,-43,1,0,0
0,43,expert,257.840356,258.421059,0.580702,280887296,0,0,16,0
0,43,compute,257.802632,258.542448,0.739816,0,0,0,0,0
0,44,trunk,258.542450,258.546104,0.003654,645562368,-44,1,0,0
0,44,expert,258.608607,259.148974,0.540367,280887296,0,0,16,0
0,44,compute,258.546129,259.244843,0.698715,0,0,0,0,0
0,45,trunk,259.244845,259.249156,0.004311,645562368,-45,1,0,0
0,45,expert,259.307302,259.874321,0.567019,280887296,0,0,16,0
0,45,compute,259.249177,259.996513,0.747336,0,0,0,0,0
0,46,trunk,259.996515,260.000785,0.004270,645562368,-46,1,0,0
0,46,expert,260.091414,260.493902,0.402488,280887296,0,0,16,0
0,46,compute,260.000806,260.610214,0.609408,0,0,0,0,0
0,47,trunk,260.610216,260.613709,0.003492,431890432,-47,1,0,0
0,47,expert,260.651813,261.238843,0.587030,280887296,0,0,16,0
0,47,compute,260.613752,261.335174,0.721422,0,0,0,0,0
0,48,trunk,261.335177,261.338700,0.003523,645562368,-48,1,0,0
0,48,expert,261.393477,261.980594,0.587116,280887296,0,0,16,0
0,48,compute,261.338721,262.081724,0.743003,0,0,0,0,0
0,49,trunk,262.081726,262.085171,0.003445,645562368,-49,1,0,0
0,49,expert,262.139264,262.693658,0.554394,280887296,0,0,16,0
0,49,compute,262.085197,262.810201,0.725004,0,0,0,0,0
0,50,trunk,262.810203,262.813835,0.003632,645562368,-50,1,0,0
0,50,expert,262.871660,263.311187,0.439527,280887296,0,0,16,0
0,50,compute,262.813889,263.422196,0.608307,0,0,0,0,0
0,51,trunk,263.422198,263.426160,0.003963,431890432,-51,1,0,0
0,51,expert,263.467607,264.080422,0.612815,280887296,0,0,16,0
0,51,compute,263.426185,264.171895,0.745709,0,0,0,0,0
0,52,trunk,264.171897,264.175453,0.003556,645562368,-52,1,0,0
0,52,expert,264.232703,264.816872,0.584169,280887296,0,0,16,0
0,52,compute,264.175490,264.919809,0.744319,0,0,0,0,0
0,53,trunk,264.919811,264.923237,0.003426,645562368,-53,1,0,0
0,53,expert,264.979406,265.241505,0.262099,280887296,0,0,16,0
0,53,compute,264.923260,265.362244,0.438984,0,0,0,0,0
0,54,trunk,265.362247,265.680633,0.318386,645562368,-54,1,0,0
0,54,expert,265.733306,266.200895,0.467589,280887296,0,0,16,0
0,54,compute,265.681183,266.322258,0.641075,0,0,0,0,0
0,55,trunk,266.322261,266.325715,0.003455,431890432,-55,1,0,0
0,55,expert,266.365500,266.971483,0.605983,280887296,0,0,16,0
0,55,compute,266.325738,267.102158,0.776420,0,0,0,0,0
0,56,trunk,267.102160,267.105742,0.003583,645562368,-56,1,0,0
0,56,expert,267.151865,267.441404,0.289539,280887296,0,0,16,0
0,56,compute,267.105763,267.550025,0.444262,0,0,0,0,0
0,57,trunk,267.550027,267.783355,0.233328,645562368,-57,1,0,0
0,57,expert,267.838907,268.420185,0.581278,280887296,0,0,16,0
0,57,compute,267.783385,268.542189,0.758804,0,0,0,0,0
0,58,trunk,268.542191,268.546812,0.004621,645562368,-58,1,0,0
0,58,expert,268.605389,269.022444,0.417055,280887296,0,0,16,0
0,58,compute,268.546848,269.138159,0.591311,0,0,0,0,0
0,59,trunk,269.138161,269.141567,0.003406,431890432,-59,1,0,0
0,59,expert,269.174968,269.761746,0.586778,280887296,0,0,16,0
0,59,compute,269.141595,269.882605,0.741010,0,0,0,0,0
0,60,trunk,269.882607,269.886660,0.004052,645562368,-60,1,0,0
0,60,expert,269.948290,270.575193,0.626903,280887296,0,0,16,0
0,60,compute,269.886682,270.694167,0.807485,0,0,0,0,0
0,61,trunk,270.694169,270.697478,0.003309,645562368,-61,1,0,0
0,61,expert,270.761475,271.339008,0.577533,280887296,0,0,16,0
0,61,compute,270.697499,271.450171,0.752672,0,0,0,0,0
0,62,trunk,271.450173,271.453551,0.003378,645562368,-62,1,0,0
0,62,expert,271.505446,271.957285,0.451839,280887296,0,0,16,0
0,62,compute,271.453581,272.086249,0.632668,0,0,0,0,0
0,63,trunk,272.086251,272.089728,0.003477,431890432,-63,1,0,0
0,63,expert,272.121397,272.729614,0.608217,280887296,0,0,16,0
0,63,compute,272.089756,272.851072,0.761316,0,0,0,0,0
0,64,trunk,272.851075,272.855020,0.003945,645562368,-64,1,0,0
0,64,expert,272.909248,273.501815,0.592568,280887296,0,0,16,0
0,64,compute,272.855043,273.622251,0.767208,0,0,0,0,0
0,65,trunk,273.622253,273.625665,0.003412,645562368,-65,1,0,0
0,65,expert,273.676681,274.256295,0.579614,280887296,0,0,16,0
0,65,compute,273.625687,274.378213,0.752526,0,0,0,0,0
0,66,trunk,274.378216,274.381868,0.003652,645562368,-66,1,0,0
0,66,expert,274.436618,274.884156,0.447538,280887296,0,0,16,0
0,66,compute,274.381890,275.002170,0.620280,0,0,0,0,0
0,67,trunk,275.002172,275.005611,0.003439,431890432,-67,1,0,0
0,67,expert,275.041457,275.640963,0.599506,280887296,0,0,16,0
0,67,compute,275.005633,275.758209,0.752576,0,0,0,0,0
0,68,trunk,275.758212,275.761965,0.003753,645562368,-68,1,0,0
0,68,expert,275.811167,276.363460,0.552293,280887296,0,0,16,0
0,68,compute,275.762022,276.502166,0.740144,0,0,0,0,0
0,69,trunk,276.502169,276.505243,0.003074,645562368,-69,1,0,0
0,69,expert,276.575477,277.128294,0.552816,280887296,0,0,16,0
0,69,compute,276.505262,277.251216,0.745954,0,0,0,0,0
0,70,trunk,277.251218,277.254880,0.003662,645562368,-70,1,0,0
0,70,expert,277.303915,277.730735,0.426819,280887296,0,0,16,0
0,70,compute,277.254901,277.830577,0.575675,0,0,0,0,0
0,71,trunk,277.830579,277.834008,0.003428,431890432,-71,1,0,0
0,71,expert,277.871524,278.469091,0.597568,280887296,0,0,16,0
0,71,compute,277.834327,278.606204,0.771877,0,0,0,0,0
0,72,trunk,278.606207,278.609683,0.003476,645562368,-72,1,0,0
0,72,expert,278.665337,279.263832,0.598494,280887296,0,0,16,0
0,72,compute,278.609706,279.410193,0.800488,0,0,0,0,0
0,73,trunk,279.410195,279.413602,0.003407,645562368,-73,1,0,0
0,73,expert,279.470540,280.070786,0.600246,280887296,0,0,16,0
0,73,compute,279.413622,280.178493,0.764871,0,0,0,0,0
0,74,trunk,280.178496,280.182010,0.003515,645562368,-74,1,0,0
0,74,expert,280.241117,280.667454,0.426337,280887296,0,0,16,0
0,74,compute,280.182030,280.782160,0.600130,0,0,0,0,0
0,75,trunk,280.782163,280.785592,0.003429,431890432,-75,1,0,0
0,75,expert,280.825927,281.433439,0.607513,280887296,0,0,16,0
0,75,compute,280.785613,281.554320,0.768707,0,0,0,0,0
0,76,trunk,281.554322,281.557885,0.003563,645562368,-76,1,0,0
0,76,expert,281.613978,282.167645,0.553667,280887296,0,0,16,0
0,76,compute,281.557905,282.290231,0.732326,0,0,0,0,0
0,77,trunk,282.290234,282.293958,0.003724,645562368,-77,1,0,0
0,77,expert,282.348584,282.954745,0.606161,280887296,0,0,16,0
0,77,compute,282.293981,283.078385,0.784404,0,0,0,0,0
0,78,trunk,283.078388,283.081893,0.003505,645562368,-78,1,0,0
0,78,expert,283.135355,283.578475,0.443120,280887296,0,0,16,0
0,78,compute,283.081950,283.694296,0.612347,0,0,0,0,0
0,79,trunk,283.694299,283.697774,0.003476,431890432,-79,1,0,0
0,79,expert,283.731697,284.317556,0.585858,280887296,0,0,16,0
0,79,compute,283.697797,284.434438,0.736640,0,0,0,0,0
0,80,trunk,284.434440,284.438156,0.003716,645562368,-80,1,0,0
0,80,expert,284.493383,285.050558,0.557175,280887296,0,0,16,0
0,80,compute,284.438187,285.166226,0.728039,0,0,0,0,0
0,81,trunk,285.166228,285.169730,0.003502,645562368,-81,1,0,0
0,81,expert,285.216799,285.806938,0.590138,280887296,0,0,16,0
0,81,compute,285.169751,285.934369,0.764618,0,0,0,0,0
0,82,trunk,285.934371,285.937960,0.003589,645562368,-82,1,0,0
0,82,expert,285.986547,286.390613,0.404066,280887296,0,0,16,0
0,82,compute,285.937981,286.516034,0.578053,0,0,0,0,0
0,83,trunk,286.516037,286.519416,0.003379,431890432,-83,1,0,0
0,83,expert,286.575903,287.135878,0.559975,280887296,0,0,16,0
0,83,compute,286.519439,287.254180,0.734741,0,0,0,0,0
0,84,trunk,287.254183,287.257816,0.003633,645562368,-84,1,0,0
0,84,expert,287.315115,287.868591,0.553476,280887296,0,0,16,0
0,84,compute,287.257838,288.010156,0.752319,0,0,0,0,0
0,85,trunk,288.010158,288.013546,0.003387,645562368,-85,1,0,0
0,85,expert,288.064323,288.622291,0.557968,280887296,0,0,16,0
0,85,compute,288.013568,288.738230,0.724662,0,0,0,0,0
0,86,trunk,288.738232,288.742528,0.004295,645562368,-86,1,0,0
0,86,expert,288.793435,289.198466,0.405032,280887296,0,0,16,0
0,86,compute,288.742548,289.295675,0.553127,0,0,0,0,0
0,87,trunk,289.295678,289.299094,0.003416,431890432,-87,1,0,0
0,87,expert,289.334935,289.867714,0.532779,280887296,0,0,16,0
0,87,compute,289.299118,289.986252,0.687134,0,0,0,0,0
0,88,trunk,289.986254,289.990197,0.003943,645562368,-88,1,0,0
0,88,expert,290.054997,290.608111,0.553115,280887296,0,0,16,0
0,88,compute,289.990220,290.700564,0.710345,0,0,0,0,0
0,89,trunk,290.700566,290.704554,0.003988,645562368,-89,1,0,0
0,89,expert,290.756544,291.579746,0.823203,280887296,0,0,16,0
0,89,compute,290.704573,291.679909,0.975336,0,0,0,0,0
0,90,trunk,291.679911,291.683414,0.003503,645562368,-90,1,0,0
0,90,expert,291.734426,292.313982,0.579556,280887296,0,0,16,0
0,90,compute,291.683443,292.435000,0.751557,0,0,0,0,0
0,91,trunk,292.435002,292.438484,0.003481,431890432,-91,1,0,0
0,91,expert,292.470840,293.052140,0.581299,280887296,0,0,16,0
0,91,compute,292.438506,293.163041,0.724535,0,0,0,0,0
0,92,trunk,293.163043,293.166764,0.003721,431890432,-92,1,0,0
0,92,expert,293.195521,293.424781,0.229261,280887296,0,0,16,0
0,92,compute,293.166767,293.523005,0.356238,0,0,0,0,0
1,0,trunk,293.630066,293.630116,0.000050,0,-92,0,0,0
1,0,compute,293.630117,293.738378,0.108261,0,0,0,0,0
1,1,trunk,293.738379,293.743090,0.004711,0,-91,0,0,0
1,1,expert,293.794950,294.043814,0.248864,280887296,0,0,16,0
1,1,compute,293.743092,294.138707,0.395615,0,0,0,0,0
1,2,trunk,294.138709,294.143490,0.004781,0,-90,0,0,0
1,2,expert,294.185916,294.425723,0.239808,280887296,0,0,16,0
1,2,compute,294.143492,294.546384,0.402892,0,0,0,0,0
1,3,trunk,294.546386,294.550951,0.004566,0,-89,0,0,0
1,3,expert,294.580865,294.813991,0.233126,280887296,0,0,16,0
1,3,compute,294.551078,294.935553,0.384476,0,0,0,0,0
1,4,trunk,294.935555,294.940642,0.005087,0,-88,0,0,0
1,4,expert,294.987249,295.217250,0.230001,280887296,0,0,16,0
1,4,compute,294.940644,295.338417,0.397773,0,0,0,0,0
1,5,trunk,295.338419,295.342949,0.004530,0,-87,0,0,0
1,5,expert,295.388253,295.621274,0.233021,280887296,0,0,16,0
1,5,compute,295.342951,295.738360,0.395408,0,0,0,0,0
1,6,trunk,295.738362,295.742935,0.004573,0,-86,0,0,0
1,6,expert,295.785565,296.030352,0.244787,280887296,0,0,16,0
1,6,compute,295.742937,296.150477,0.407540,0,0,0,0,0
1,7,trunk,296.150478,296.155061,0.004583,0,-85,0,0,0
1,7,expert,296.177595,296.406143,0.228547,280887296,0,0,16,0
1,7,compute,296.155063,296.530382,0.375319,0,0,0,0,0
1,8,trunk,296.530384,296.535244,0.004860,0,-84,0,0,0
1,8,expert,296.577065,296.804412,0.227347,280887296,0,0,16,0
1,8,compute,296.535246,296.909297,0.374051,0,0,0,0,0
1,9,trunk,296.909298,296.914544,0.005246,0,-83,0,0,0
1,9,expert,296.955662,297.186325,0.230663,280887296,0,0,16,0
1,9,compute,296.914546,297.318440,0.403894,0,0,0,0,0
1,10,trunk,297.318442,297.323107,0.004665,0,-82,0,0,0
1,10,expert,297.368182,297.604932,0.236749,280887296,0,0,16,0
1,10,compute,297.323108,297.708318,0.385209,0,0,0,0,0
1,11,trunk,297.708319,297.713098,0.004778,0,-81,0,0,0
1,11,expert,297.735144,297.969993,0.234849,280887296,0,0,16,0
1,11,compute,297.713100,298.084040,0.370940,0,0,0,0,0
1,12,trunk,298.084041,298.088599,0.004558,0,-80,0,0,0
1,12,expert,298.133075,298.366011,0.232936,280887296,0,0,16,0
1,12,compute,298.088600,298.483593,0.394993,0,0,0,0,0
1,13,trunk,298.483595,298.488405,0.004810,0,-79,0,0,0
1,13,expert,298.530411,298.772529,0.242118,280887296,0,0,16,0
1,13,compute,298.488408,298.890512,0.402104,0,0,0,0,0
1,14,trunk,298.890513,298.895101,0.004588,0,-78,0,0,0
1,14,expert,298.945571,299.180084,0.234513,280887296,0,0,16,0
1,14,compute,298.895104,299.269346,0.374242,0,0,0,0,0
1,15,trunk,299.269348,299.273797,0.004449,0,-77,0,0,0
1,15,expert,299.301576,299.536294,0.234718,280887296,0,0,16,0
1,15,compute,299.273800,299.652037,0.378237,0,0,0,0,0
1,16,trunk,299.652039,299.660224,0.008186,0,-76,0,0,0
1,16,expert,299.708633,299.944301,0.235668,280887296,0,0,16,0
1,16,compute,299.660226,300.063338,0.403112,0,0,0,0,0
1,17,trunk,300.063339,300.067882,0.004543,0,-75,0,0,0
1,17,expert,300.109664,300.347534,0.237871,280887296,0,0,16,0
1,17,compute,300.067884,300.462511,0.394627,0,0,0,0,0
1,18,trunk,300.462513,300.467213,0.004700,0,-74,0,0,0
1,18,expert,300.508960,300.742836,0.233876,280887296,0,0,16,0
1,18,compute,300.467216,300.858762,0.391547,0,0,0,0,0
1,19,trunk,300.858764,300.863386,0.004622,0,-73,0,0,0
1,19,expert,300.891133,301.124660,0.233527,280887296,0,0,16,0
1,19,compute,300.863389,301.220639,0.357251,0,0,0,0,0
1,20,trunk,301.220641,301.225732,0.005091,0,-72,0,0,0
1,20,expert,301.276095,301.507176,0.231081,280887296,0,0,16,0
1,20,compute,301.225734,301.626428,0.400694,0,0,0,0,0
1,21,trunk,301.626430,301.631556,0.005126,0,-71,0,0,0
1,21,expert,301.698426,302.471816,0.773391,280887296,0,0,16,0
1,21,compute,301.631581,302.590334,0.958753,0,0,0,0,0
1,22,trunk,302.590335,302.593986,0.003651,645562368,-71,1,0,0
1,22,expert,302.643331,303.249011,0.605681,280887296,0,0,16,0
1,22,compute,302.594009,303.362231,0.768222,0,0,0,0,0
1,23,trunk,303.362233,303.365658,0.003424,431890432,-72,1,0,0
1,23,expert,303.394714,304.144108,0.749395,280887296,0,0,16,0
1,23,compute,303.365685,304.232667,0.866982,0,0,0,0,0
1,24,trunk,304.232670,304.236220,0.003550,645562368,-73,1,0,0
1,24,expert,304.286612,305.134590,0.847979,280887296,0,0,16,0
1,24,compute,304.236240,305.254227,1.017987,0,0,0,0,0
1,25,trunk,305.254229,305.257693,0.003464,645562368,-74,1,0,0
1,25,expert,305.312588,306.092475,0.779887,280887296,0,0,16,0
1,25,compute,305.257713,306.226240,0.968527,0,0,0,0,0
1,26,trunk,306.226243,306.229648,0.003405,645562368,-75,1,0,0
1,26,expert,306.277835,306.868102,0.590268,280887296,0,0,16,0
1,26,compute,306.229676,306.979206,0.749531,0,0,0,0,0
1,27,trunk,306.979209,306.982642,0.003433,431890432,-76,1,0,0
1,27,expert,307.016465,307.703043,0.686578,280887296,0,0,16,0
1,27,compute,306.982664,307.798863,0.816199,0,0,0,0,0
1,28,trunk,307.798888,307.802668,0.003780,645562368,-77,1,0,0
1,28,expert,307.857512,308.580114,0.722602,280887296,0,0,16,0
1,28,compute,307.802693,308.674889,0.872196,0,0,0,0,0
1,29,trunk,308.674892,308.678374,0.003482,645562368,-78,1,0,0
1,29,expert,308.734304,309.512391,0.778087,280887296,0,0,16,0
1,29,compute,308.678396,309.602801,0.924404,0,0,0,0,0
1,30,trunk,309.602803,309.606182,0.003379,645562368,-79,1,0,0
1,30,expert,309.655060,310.252801,0.597740,280887296,0,0,16,0
1,30,compute,309.606205,310.387038,0.780833,0,0,0,0,0
1,31,trunk,310.387041,310.390577,0.003536,431890432,-80,1,0,0
1,31,expert,310.427180,311.202704,0.775524,280887296,0,0,16,0
1,31,compute,310.390603,311.318196,0.927592,0,0,0,0,0
1,32,trunk,311.318198,311.321726,0.003528,645562368,-81,1,0,0
1,32,expert,311.379071,312.162213,0.783142,280887296,0,0,16,0
1,32,compute,311.321749,312.294167,0.972418,0,0,0,0,0
1,33,trunk,312.294169,312.297813,0.003644,645562368,-82,1,0,0
1,33,expert,312.361160,313.168416,0.807256,280887296,0,0,16,0
1,33,compute,312.297835,313.294264,0.996429,0,0,0,0,0
1,34,trunk,313.294266,313.298077,0.003810,645562368,-83,1,0,0
1,34,expert,313.373239,313.942135,0.568896,280887296,0,0,16,0
1,34,compute,313.298099,314.050509,0.752410,0,0,0,0,0
1,35,trunk,314.050511,314.054490,0.003979,431890432,-84,1,0,0
1,35,expert,314.099457,314.886753,0.787296,280887296,0,0,16,0
1,35,compute,314.054514,315.024272,0.969758,0,0,0,0,0
1,36,trunk,315.024275,315.027942,0.003667,645562368,-85,1,0,0
1,36,expert,315.092962,315.868334,0.775372,280887296,0,0,16,0
1,36,compute,315.027966,316.006184,0.978217,0,0,0,0,0
1,37,trunk,316.006186,316.009970,0.003784,645562368,-86,1,0,0
1,37,expert,316.088181,316.842817,0.754636,280887296,0,0,16,0
1,37,compute,316.009994,316.954237,0.944244,0,0,0,0,0
1,38,trunk,316.954240,316.957478,0.003239,645562368,-87,1,0,0
1,38,expert,317.004861,317.574756,0.569895,280887296,0,0,16,0
1,38,compute,316.957535,317.696036,0.738502,0,0,0,0,0
1,39,trunk,317.696039,317.699424,0.003385,431890432,-88,1,0,0
1,39,expert,317.742979,318.521113,0.778134,280887296,0,0,16,0
1,39,compute,317.699446,318.634250,0.934804,0,0,0,0,0
1,40,trunk,318.634253,318.637717,0.003464,645562368,-89,1,0,0
1,40,expert,318.692484,319.472526,0.780043,280887296,0,0,16,0
1,40,compute,318.637739,319.571692,0.933953,0,0,0,0,0
1,41,trunk,319.571694,319.575575,0.003880,645562368,-90,1,0,0
1,41,expert,319.635810,320.394004,0.758194,280887296,0,0,16,0
1,41,compute,319.575607,320.491159,0.915552,0,0,0,0,0
1,42,trunk,320.491161,320.494569,0.003407,645562368,-91,1,0,0
1,42,expert,320.541029,321.143592,0.602563,280887296,0,0,16,0
1,42,compute,320.494598,321.281170,0.786572,0,0,0,0,0
1,43,trunk,321.281173,321.284589,0.003417,431890432,-92,1,0,0
1,43,expert,321.319141,322.132967,0.813827,280887296,0,0,16,0
1,43,compute,321.284609,322.223614,0.939005,0,0,0,0,0
1,44,trunk,322.223616,322.227028,0.003412,645562368,-93,1,0,0
1,44,expert,322.282344,323.075094,0.792749,280887296,0,0,16,0
1,44,compute,322.227049,323.186253,0.959204,0,0,0,0,0
1,45,trunk,323.186255,323.189868,0.003612,645562368,-94,1,0,0
1,45,expert,323.246916,324.036731,0.789815,280887296,0,0,16,0
1,45,compute,323.189891,324.168041,0.978151,0,0,0,0,0
1,46,trunk,324.168043,324.171463,0.003420,645562368,-95,1,0,0
1,46,expert,324.220242,324.825516,0.605274,280887296,0,0,16,0
1,46,compute,324.171487,324.934204,0.762716,0,0,0,0,0
1,47,trunk,324.934206,324.937608,0.003402,431890432,-96,1,0,0
1,47,expert,324.980815,325.750511,0.769696,280887296,0,0,16,0
1,47,compute,324.937673,325.853255,0.915582,0,0,0,0,0
1,48,trunk,325.853257,325.856648,0.003391,645562368,-97,1,0,0
1,48,expert,325.916973,326.681298,0.764325,280887296,0,0,16,0
1,48,compute,325.856667,326.774534,0.917867,0,0,0,0,0
1,49,trunk,326.774537,326.778232,0.003695,645562368,-98,1,0,0
1,49,expert,326.834201,327.642089,0.807888,280887296,0,0,16,0
1,49,compute,326.778269,327.735550,0.957281,0,0,0,0,0
1,50,trunk,327.735551,327.738963,0.003412,645562368,-99,1,0,0
1,50,expert,327.787678,328.391253,0.603575,280887296,0,0,16,0
1,50,compute,327.738986,328.506539,0.767554,0,0,0,0,0
1,51,trunk,328.506542,328.510272,0.003730,431890432,-100,1,0,0
1,51,expert,328.546663,329.318836,0.772173,280887296,0,0,16,0
1,51,compute,328.510294,329.411154,0.900860,0,0,0,0,0
1,52,trunk,329.411156,329.415351,0.004195,645562368,-101,1,0,0
1,52,expert,329.469940,330.216115,0.746175,280887296,0,0,16,0
1,52,compute,329.415441,330.311700,0.896258,0,0,0,0,0
1,53,trunk,330.311702,330.315192,0.003491,645562368,-102,1,0,0
1,53,expert,330.369747,331.162559,0.792812,280887296,0,0,16,0
1,53,compute,330.315215,331.257961,0.942746,0,0,0,0,0
1,54,trunk,331.257963,331.261326,0.003363,645562368,-103,1,0,0
1,54,expert,331.311265,331.914480,0.603215,280887296,0,0,16,0
1,54,compute,331.261348,332.010821,0.749473,0,0,0,0,0
1,55,trunk,332.010823,332.014394,0.003571,431890432,-104,1,0,0
1,55,expert,332.050549,332.832603,0.782054,280887296,0,0,16,0
1,55,compute,332.014416,332.951047,0.936632,0,0,0,0,0
1,56,trunk,332.951050,332.954594,0.003544,645562368,-105,1,0,0
1,56,expert,333.013508,333.776185,0.762677,280887296,0,0,16,0
1,56,compute,332.959952,333.894289,0.934337,0,0,0,0,0
1,57,trunk,333.894291,333.898172,0.003881,645562368,-106,1,0,0
1,57,expert,333.952498,334.732499,0.780002,280887296,0,0,16,0
1,57,compute,333.903800,334.825858,0.922059,0,0,0,0,0
1,58,trunk,334.825861,334.829241,0.003381,645562368,-107,1,0,0
1,58,expert,334.881076,335.469446,0.588370,280887296,0,0,16,0
1,58,compute,334.832868,335.563619,0.730752,0,0,0,0,0
1,59,trunk,335.563622,335.567043,0.003421,431890432,-108,1,0,0
1,59,expert,335.604932,336.390700,0.785768,280887296,0,0,16,0
1,59,compute,335.572381,336.530164,0.957783,0,0,0,0,0
1,60,trunk,336.530166,336.533890,0.003724,645562368,-109,1,0,0
1,60,expert,336.589925,337.380468,0.790543,280887296,0,0,16,0
1,60,compute,336.539279,337.494189,0.954910,0,0,0,0,0
1,61,trunk,337.494191,337.497686,0.003494,645562368,-110,1,0,0
1,61,expert,337.555463,338.304971,0.749509,280887296,0,0,16,0
1,61,compute,337.503010,338.406115,0.903105,0,0,0,0,0
1,62,trunk,338.406118,338.409788,0.003670,645562368,-111,1,0,0
1,62,expert,338.460196,339.028549,0.568353,280887296,0,0,16,0
1,62,compute,338.413357,339.123554,0.710197,0,0,0,0,0
1,63,trunk,339.123556,339.126821,0.003265,431890432,-112,1,0,0
1,63,expert,339.165825,339.945186,0.779361,280887296,0,0,16,0
1,63,compute,339.132104,340.055051,0.922947,0,0,0,0,0
1,64,trunk,340.055054,340.058435,0.003381,645562368,-113,1,0,0
1,64,expert,340.114831,340.895031,0.780201,280887296,0,0,16,0
1,64,compute,340.058457,340.988285,0.929828,0,0,0,0,0
1,65,trunk,340.988287,340.992094,0.003807,645562368,-114,1,0,0
1,65,expert,341.047745,341.814639,0.766894,280887296,0,0,16,0
1,65,compute,340.992113,341.911450,0.919337,0,0,0,0,0
1,66,trunk,341.911452,341.914851,0.003399,645562368,-115,1,0,0
1,66,expert,341.965552,342.558909,0.593358,280887296,0,0,16,0
1,66,compute,341.914874,342.670251,0.755376,0,0,0,0,0
1,67,trunk,342.670253,342.673746,0.003493,431890432,-116,1,0,0
1,67,expert,342.709127,343.502061,0.792934,280887296,0,0,16,0
1,67,compute,342.673769,343.616053,0.942284,0,0,0,0,0
1,68,trunk,343.616056,343.619497,0.003442,645562368,-117,1,0,0
1,68,expert,343.669339,344.435312,0.765974,280887296,0,0,16,0
1,68,compute,343.619519,344.558221,0.938703,0,0,0,0,0
1,69,trunk,344.558223,344.561652,0.003429,645562368,-118,1,0,0
1,69,expert,344.608550,345.403112,0.794562,280887296,0,0,16,0
1,69,compute,344.561675,345.522207,0.960532,0,0,0,0,0
1,70,trunk,345.522209,345.525790,0.003581,645562368,-119,1,0,0
1,70,expert,345.570281,346.143309,0.573028,280887296,0,0,16,0
1,70,compute,345.525811,346.262847,0.737036,0,0,0,0,0
1,71,trunk,346.262850,346.266453,0.003603,431890432,-120,1,0,0
1,71,expert,346.300149,347.140079,0.839930,280887296,0,0,16,0
1,71,compute,346.266477,347.258398,0.991922,0,0,0,0,0
1,72,trunk,347.258400,347.261942,0.003542,645562368,-121,1,0,0
1,72,expert,347.321403,348.119973,0.798570,280887296,0,0,16,0
1,72,compute,347.261965,348.234149,0.972184,0,0,0,0,0
1,73,trunk,348.234151,348.237644,0.003493,645562368,-122,1,0,0
1,73,expert,348.298941,349.088930,0.789989,280887296,0,0,16,0
1,73,compute,348.237674,349.203069,0.965395,0,0,0,0,0
1,74,trunk,349.203071,349.206395,0.003324,645562368,-123,1,0,0
1,74,expert,349.252929,349.853847,0.600918,280887296,0,0,16,0
1,74,compute,349.206416,349.972082,0.765666,0,0,0,0,0
1,75,trunk,349.972084,349.975519,0.003434,431890432,-124,1,0,0
1,75,expert,350.008414,350.801131,0.792716,280887296,0,0,16,0
1,75,compute,349.979101,350.918347,0.939246,0,0,0,0,0
1,76,trunk,350.918349,350.921806,0.003457,645562368,-125,1,0,0
1,76,expert,350.970082,351.736026,0.765943,280887296,0,0,16,0
1,76,compute,350.921834,351.850211,0.928377,0,0,0,0,0
1,77,trunk,351.850213,351.853939,0.003725,645562368,-126,1,0,0
1,77,expert,351.903620,352.685602,0.781982,280887296,0,0,16,0
1,77,compute,351.853977,352.793596,0.939619,0,0,0,0,0
1,78,trunk,352.793598,352.797313,0.003715,645562368,-127,1,0,0
1,78,expert,352.848569,353.451908,0.603339,280887296,0,0,16,0
1,78,compute,352.801273,353.566210,0.764936,0,0,0,0,0
1,79,trunk,353.566212,353.569641,0.003430,431890432,-128,1,0,0
1,79,expert,353.607422,354.383028,0.775607,280887296,0,0,16,0
1,79,compute,353.575177,354.480425,0.905249,0,0,0,0,0
1,80,trunk,354.480427,354.483775,0.003348,645562368,-129,1,0,0
1,80,expert,354.538658,355.283639,0.744981,280887296,0,0,16,0
1,80,compute,354.483799,355.371663,0.887864,0,0,0,0,0
1,81,trunk,355.371665,355.375161,0.003495,645562368,-130,1,0,0
1,81,expert,355.423554,356.205876,0.782322,280887296,0,0,16,0
1,81,compute,355.375182,356.300833,0.925651,0,0,0,0,0
1,82,trunk,356.300836,356.304249,0.003413,645562368,-131,1,0,0
1,82,expert,356.352609,356.948383,0.595774,280887296,0,0,16,0
1,82,compute,356.304266,357.043636,0.739370,0,0,0,0,0
1,83,trunk,357.043638,357.047036,0.003398,431890432,-132,1,0,0
1,83,expert,357.074103,357.883076,0.808974,280887296,0,0,16,0
1,83,compute,357.047058,357.977828,0.930770,0,0,0,0,0
1,84,trunk,357.977830,357.981441,0.003611,645562368,-133,1,0,0
1,84,expert,358.031796,358.810110,0.778313,280887296,0,0,16,0
1,84,compute,357.981460,358.903069,0.921609,0,0,0,0,0
1,85,trunk,358.903072,358.906540,0.003469,645562368,-134,1,0,0
1,85,expert,358.956399,359.713479,0.757080,280887296,0,0,16,0
1,85,compute,358.913232,359.814051,0.900820,0,0,0,0,0
1,86,trunk,359.814054,359.817458,0.003404,645562368,-135,1,0,0
1,86,expert,359.869767,360.440481,0.570714,280887296,0,0,16,0
1,86,compute,359.817486,360.554283,0.736796,0,0,0,0,0
1,87,trunk,360.554285,360.557838,0.003554,431890432,-136,1,0,0
1,87,expert,360.591004,361.325331,0.734327,280887296,0,0,16,0
1,87,compute,360.557861,361.458174,0.900313,0,0,0,0,0
1,88,trunk,361.458176,361.461574,0.003398,645562368,-137,1,0,0
1,88,expert,361.513383,362.284524,0.771142,280887296,0,0,16,0
1,88,compute,361.461596,362.394307,0.932712,0,0,0,0,0
1,89,trunk,362.394310,362.397796,0.003487,645562368,-138,1,0,0
1,89,expert,362.451865,363.258716,0.806852,280887296,0,0,16,0
1,89,compute,362.397818,363.374888,0.977070,0,0,0,0,0
1,90,trunk,363.374890,363.378334,0.003445,645562368,-139,1,0,0
1,90,expert,363.434108,363.994612,0.560504,280887296,0,0,16,0
1,90,compute,363.378355,364.086929,0.708574,0,0,0,0,0
1,91,trunk,364.086931,364.090509,0.003578,431890432,-140,1,0,0
1,91,expert,364.120667,364.713933,0.593265,280887296,0,0,16,0
1,91,compute,364.090538,364.831036,0.740498,0,0,0,0,0
1,92,trunk,364.831038,364.834490,0.003453,431890432,-141,1,0,0
1,92,expert,364.896414,365.136050,0.239636,280887296,0,0,16,0
1,92,compute,364.834492,365.231120,0.396628,0,0,0,0,0
2,0,trunk,365.328456,365.328494,0.000039,0,-141,0,0,0
2,0,compute,365.328495,365.429899,0.101404,0,0,0,0,0
2,1,trunk,365.429901,365.433265,0.003365,0,-140,0,0,0
2,1,expert,365.481109,365.710001,0.228892,280887296,0,0,16,0
2,1,compute,365.433267,365.803524,0.370256,0,0,0,0,0
2,2,trunk,365.803526,365.806958,0.003432,0,-139,0,0,0
2,2,expert,365.845223,366.066016,0.220793,263331840,0,0,15,0
2,2,compute,365.806960,366.178198,0.371239,0,0,0,0,0
2,3,trunk,366.178200,366.181492,0.003293,0,-138,0,0,0
2,3,expert,366.211847,366.399662,0.187816,228220928,0,0,13,0
2,3,compute,366.181494,366.512035,0.330542,0,0,0,0,0
2,4,trunk,366.512037,366.515387,0.003349,0,-137,0,0,0
2,4,expert,366.568702,366.786136,0.217434,263331840,0,0,15,0
2,4,compute,366.515389,366.882873,0.367484,0,0,0,0,0
2,5,trunk,366.882874,366.886211,0.003337,0,-136,0,0,0
2,5,expert,366.926940,367.167263,0.240323,280887296,0,0,16,0
2,5,compute,366.886213,367.278974,0.392761,0,0,0,0,0
2,6,trunk,367.278976,367.282358,0.003382,0,-135,0,0,0
2,6,expert,367.321129,367.549121,0.227992,263331840,0,0,15,0
2,6,compute,367.282361,367.662204,0.379843,0,0,0,0,0
2,7,trunk,367.662205,367.665591,0.003385,0,-134,0,0,0
2,7,expert,367.686773,367.903255,0.216482,263331840,0,0,15,0
2,7,compute,367.665593,368.018201,0.352608,0,0,0,0,0
2,8,trunk,368.018202,368.021558,0.003356,0,-133,0,0,0
2,8,expert,368.061733,368.290880,0.229147,280887296,0,0,16,0
2,8,compute,368.021584,368.410359,0.388775,0,0,0,0,0
2,9,trunk,368.410361,368.413786,0.003425,0,-132,0,0,0
2,9,expert,368.457102,368.671900,0.214798,263331840,0,0,15,0
2,9,compute,368.413788,368.760163,0.346375,0,0,0,0,0
2,10,trunk,368.760165,368.763537,0.003372,0,-131,0,0,0
2,10,expert,368.802295,369.021731,0.219436,263331840,0,0,15,0
2,10,compute,368.763539,369.138227,0.374688,0,0,0,0,0
2,11,trunk,369.138228,369.141822,0.003593,0,-130,0,0,0
2,11,expert,369.162861,369.380215,0.217353,263331840,0,0,15,0
2,11,compute,369.141824,369.469678,0.327854,0,0,0,0,0
2,12,trunk,369.469679,369.473186,0.003507,0,-129,0,0,0
2,12,expert,369.518670,369.738170,0.219500,263331840,0,0,15,0
2,12,compute,369.473189,369.833335,0.360146,0,0,0,0,0
2,13,trunk,369.833337,369.836889,0.003552,0,-128,0,0,0
2,13,expert,369.878570,370.122869,0.244299,280887296,0,0,16,0
2,13,compute,369.836891,370.234193,0.397302,0,0,0,0,0
2,14,trunk,370.234195,370.237586,0.003391,0,-127,0,0,0
2,14,expert,370.276266,370.492296,0.216030,263331840,0,0,15,0
2,14,compute,370.237588,370.598374,0.360786,0,0,0,0,0
2,15,trunk,370.598375,370.601812,0.003437,0,-126,0,0,0
2,15,expert,370.624984,370.858743,0.233759,280887296,0,0,16,0
2,15,compute,370.601814,370.966175,0.364361,0,0,0,0,0
2,16,trunk,370.966177,370.969587,0.003410,0,-125,0,0,0
2,16,expert,371.012624,371.233235,0.220611,263331840,0,0,15,0
2,16,compute,370.969590,371.350291,0.380701,0,0,0,0,0
2,17,trunk,371.350293,371.353608,0.003316,0,-124,0,0,0
2,17,expert,371.394603,371.624158,0.229556,280887296,0,0,16,0
2,17,compute,371.353610,371.716929,0.363318,0,0,0,0,0
2,18,trunk,371.716930,371.720349,0.003419,0,-123,0,0,0
2,18,expert,371.759920,371.996874,0.236954,280887296,0,0,16,0
2,18,compute,371.720351,372.090069,0.369719,0,0,0,0,0
2,19,trunk,372.090071,372.093578,0.003506,0,-122,0,0,0
2,19,expert,372.115867,372.354816,0.238949,280887296,0,0,16,0
2,19,compute,372.093580,372.466182,0.372602,0,0,0,0,0
2,20,trunk,372.466183,372.469569,0.003385,0,-121,0,0,0
2,20,expert,372.538336,372.768987,0.230650,280887296,0,0,16,0
2,20,compute,372.469571,372.882182,0.412610,0,0,0,0,0
2,21,trunk,372.882183,372.885565,0.003382,0,-120,0,0,0
2,21,expert,372.949446,373.708831,0.759385,280887296,0,0,16,0
2,21,compute,372.885586,373.803684,0.918098,0,0,0,0,0
2,22,trunk,373.803685,373.807130,0.003445,645562368,-120,1,0,0
2,22,expert,373.854696,374.456086,0.601391,280887296,0,0,16,0
2,22,compute,373.807153,374.552132,0.744979,0,0,0,0,0
2,23,trunk,374.552134,374.555592,0.003457,431890432,-121,1,0,0
2,23,expert,374.590300,375.306481,0.716181,263331840,0,0,15,0
2,23,compute,374.555617,375.401592,0.845974,0,0,0,0,0
2,24,trunk,375.401594,375.405115,0.003521,645562368,-122,1,0,0
2,24,expert,375.455318,376.244096,0.788778,228220928,0,0,13,0
2,24,compute,375.405135,376.378999,0.973864,0,0,0,0,0
2,25,trunk,376.379001,376.382546,0.003545,645562368,-123,1,0,0
2,25,expert,376.441571,377.195178,0.753607,263331840,0,0,15,0
2,25,compute,376.382581,377.311005,0.928424,0,0,0,0,0
2,26,trunk,377.311008,377.314498,0.003491,645562368,-124,1,0,0
2,26,expert,377.363903,377.922317,0.558414,263331840,0,0,15,0
2,26,compute,377.314518,378.042510,0.727992,0,0,0,0,0
2,27,trunk,378.042513,378.046129,0.003616,431890432,-125,1,0,0
2,27,expert,378.078013,378.820893,0.742881,280887296,0,0,16,0
2,27,compute,378.046175,378.926157,0.879983,0,0,0,0,0
2,28,trunk,378.926160,378.929618,0.003459,645562368,-126,1,0,0
2,28,expert,378.985588,379.682310,0.696722,263331840,0,0,15,0
2,28,compute,378.929639,379.774957,0.845317,0,0,0,0,0
2,29,trunk,379.774959,379.778377,0.003418,645562368,-127,1,0,0
2,29,expert,379.829804,380.612483,0.782679,280887296,0,0,16,0
2,29,compute,379.778399,380.730241,0.951842,0,0,0,0,0
2,30,trunk,380.730244,380.733829,0.003585,645562368,-128,1,0,0
2,30,expert,380.780166,381.384023,0.603857,280887296,0,0,16,0
2,30,compute,380.733849,381.492037,0.758189,0,0,0,0,0
2,31,trunk,381.492040,381.495464,0.003424,431890432,-129,1,0,0
2,31,expert,381.527812,382.306478,0.778666,280887296,0,0,16,0
2,31,compute,381.495488,382.404858,0.909370,0,0,0,0,0
2,32,trunk,382.404860,382.408315,0.003455,645562368,-130,1,0,0
2,32,expert,382.459826,383.078042,0.618216,245776384,0,0,14,0
2,32,compute,382.408334,383.191013,0.782680,0,0,0,0,0
2,33,trunk,383.191016,383.212781,0.021766,645562368,-131,1,0,0
2,33,expert,383.266073,384.071359,0.805286,263331840,0,0,15,0
2,33,compute,383.212834,384.186206,0.973372,0,0,0,0,0
2,34,trunk,384.186208,384.189649,0.003441,645562368,-132,1,0,0
2,34,expert,384.234543,384.840562,0.606019,280887296,0,0,16,0
2,34,compute,384.189669,384.933124,0.743455,0,0,0,0,0
2,35,trunk,384.933126,384.936550,0.003424,431890432,-133,1,0,0
2,35,expert,384.969383,385.758608,0.789226,280887296,0,0,16,0
2,35,compute,384.936570,385.855688,0.919117,0,0,0,0,0
2,36,trunk,385.855690,385.859191,0.003501,645562368,-134,1,0,0
2,36,expert,385.910015,386.664383,0.754368,245776384,0,0,14,0
2,36,compute,385.859213,386.760263,0.901050,0,0,0,0,0
2,37,trunk,386.760265,386.763640,0.003375,645562368,-135,1,0,0
2,37,expert,386.811651,387.595163,0.783512,280887296,0,0,16,0
2,37,compute,386.763665,387.695627,0.931963,0,0,0,0,0
2,38,trunk,387.695629,387.699090,0.003461,645562368,-136,1,0,0
2,38,expert,387.746371,388.307334,0.560963,280887296,0,0,16,0
2,38,compute,387.699114,388.422201,0.723087,0,0,0,0,0
2,39,trunk,388.422203,388.425732,0.003529,431890432,-137,1,0,0
2,39,expert,388.461335,389.234192,0.772857,280887296,0,0,16,0
2,39,compute,388.425754,389.337100,0.911346,0,0,0,0,0
2,40,trunk,389.337103,389.340575,0.003472,645562368,-138,1,0,0
2,40,expert,389.393022,390.167032,0.774010,280887296,0,0,16,0
2,40,compute,389.340593,390.280048,0.939455,0,0,0,0,0
2,41,trunk,390.280050,390.283367,0.003317,645562368,-139,1,0,0
2,41,expert,390.335420,391.091415,0.755995,280887296,0,0,16,0
2,41,compute,390.283431,391.202265,0.918834,0,0,0,0,0
2,42,trunk,391.202268,391.206053,0.003785,645562368,-140,1,0,0
2,42,expert,391.252122,391.843247,0.591124,280887296,0,0,16,0
2,42,compute,391.206077,391.962245,0.756167,0,0,0,0,0
2,43,trunk,391.962247,391.965804,0.003557,431890432,-141,1,0,0
2,43,expert,392.000192,392.814685,0.814494,280887296,0,0,16,0
2,43,compute,391.965831,392.909350,0.943519,0,0,0,0,0
2,44,trunk,392.909352,392.912952,0.003600,645562368,-142,1,0,0
2,44,expert,392.961099,393.748848,0.787748,280887296,0,0,16,0
2,44,compute,392.912972,393.866640,0.953668,0,0,0,0,0
2,45,trunk,393.866642,393.870137,0.003495,645562368,-143,1,0,0
2,45,expert,393.922083,394.701247,0.779164,280887296,0,0,16,0
2,45,compute,393.870162,394.794202,0.924039,0,0,0,0,0
2,46,trunk,394.794204,394.797755,0.003551,645562368,-144,1,0,0
2,46,expert,394.848437,395.429892,0.581455,263331840,0,0,15,0
2,46,compute,394.797777,395.543118,0.745340,0,0,0,0,0
2,47,trunk,395.543121,395.546658,0.003537,431890432,-145,1,0,0
2,47,expert,395.579579,396.312333,0.732755,263331840,0,0,15,0
2,47,compute,395.546681,396.428040,0.881358,0,0,0,0,0
2,48,trunk,396.428041,396.431595,0.003554,645562368,-146,1,0,0
2,48,expert,396.488336,397.224994,0.736658,263331840,0,0,15,0
2,48,compute,396.431621,397.342220,0.910599,0,0,0,0,0
2,49,trunk,397.342222,397.345741,0.003519,645562368,-147,1,0,0
2,49,expert,397.400880,398.178275,0.777395,263331840,0,0,15,0
2,49,compute,397.345809,398.290176,0.944367,0,0,0,0,0
2,50,trunk,398.290178,398.293699,0.003521,645562368,-148,1,0,0
2,50,expert,398.341804,398.932034,0.590230,280887296,0,0,16,0
2,50,compute,398.293756,399.020718,0.726962,0,0,0,0,0
2,51,trunk,399.020721,399.024241,0.003521,431890432,-149,1,0,0
2,51,expert,399.055051,399.834829,0.779779,280887296,0,0,16,0
2,51,compute,399.024263,399.941530,0.917267,0,0,0,0,0
2,52,trunk,399.941532,399.945145,0.003613,645562368,-150,1,0,0
2,52,expert,399.998921,400.738467,0.739545,280887296,0,0,16,0
2,52,compute,399.945166,400.830923,0.885757,0,0,0,0,0
2,53,trunk,400.830925,400.834294,0.003368,645562368,-151,1,0,0
2,53,expert,400.884911,401.639966,0.755055,263331840,0,0,15,0
2,53,compute,400.834316,401.758999,0.924683,0,0,0,0,0
2,54,trunk,401.759001,401.762552,0.003551,645562368,-152,1,0,0
2,54,expert,401.813033,402.394739,0.581707,280887296,0,0,16,0
2,54,compute,401.762589,402.493587,0.730997,0,0,0,0,0
2,55,trunk,402.493589,402.497014,0.003424,431890432,-153,1,0,0
2,55,expert,402.531870,403.302951,0.771080,280887296,0,0,16,0
2,55,compute,402.497036,403.418999,0.921963,0,0,0,0,0
2,56,trunk,403.419001,403.422472,0.003470,645562368,-154,1,0,0
2,56,expert,403.478882,404.235082,0.756201,280887296,0,0,16,0
2,56,compute,403.422499,404.350323,0.927824,0,0,0,0,0
2,57,trunk,404.350345,404.354208,0.003863,645562368,-155,1,0,0
2,57,expert,404.416979,405.184018,0.767039,280887296,0,0,16,0
2,57,compute,404.354245,405.277020,0.922775,0,0,0,0,0
2,58,trunk,405.277022,405.281327,0.004305,645562368,-156,1,0,0
2,58,expert,405.330872,405.918475,0.587603,280887296,0,0,16,0
2,58,compute,405.281347,406.034196,0.752849,0,0,0,0,0
2,59,trunk,406.034199,406.037740,0.003541,431890432,-157,1,0,0
2,59,expert,406.073586,406.862422,0.788836,280887296,0,0,16,0
2,59,compute,406.037762,406.974258,0.936496,0,0,0,0,0
2,60,trunk,406.974260,406.977545,0.003285,645562368,-158,1,0,0
2,60,expert,407.029529,407.818214,0.788685,280887296,0,0,16,0
2,60,compute,406.977567,407.915295,0.937728,0,0,0,0,0
2,61,trunk,407.915298,407.918815,0.003517,645562368,-159,1,0,0
2,61,expert,407.973095,408.727851,0.754756,280887296,0,0,16,0
2,61,compute,407.918837,408.842314,0.923476,0,0,0,0,0
2,62,trunk,408.842316,408.845967,0.003651,645562368,-160,1,0,0
2,62,expert,408.895294,409.464961,0.569667,280887296,0,0,16,0
2,62,compute,408.845988,409.578288,0.732300,0,0,0,0,0
2,63,trunk,409.578290,409.581678,0.003388,431890432,-161,1,0,0
2,63,expert,409.618522,410.394636,0.776114,280887296,0,0,16,0
2,63,compute,409.581700,410.487545,0.905845,0,0,0,0,0
2,64,trunk,410.487548,410.491014,0.003466,645562368,-162,1,0,0
2,64,expert,410.544822,411.324210,0.779388,280887296,0,0,16,0
2,64,compute,410.491057,411.443000,0.951943,0,0,0,0,0
2,65,trunk,411.443002,411.446361,0.003359,645562368,-163,1,0,0
2,65,expert,411.498979,412.259999,0.761020,280887296,0,0,16,0
2,65,compute,411.446413,412.351914,0.905501,0,0,0,0,0
2,66,trunk,412.351916,412.355405,0.003489,645562368,-164,1,0,0
2,66,expert,412.411290,413.003950,0.592659,280887296,0,0,16,0
2,66,compute,412.355425,413.118276,0.762851,0,0,0,0,0
2,67,trunk,413.118278,413.121689,0.003411,431890432,-165,1,0,0
2,67,expert,413.158508,413.947173,0.788665,280887296,0,0,16,0
2,67,compute,413.121712,414.058201,0.936489,0,0,0,0,0
2,68,trunk,414.058203,414.061857,0.003654,645562368,-166,1,0,0
2,68,expert,414.117990,414.872173,0.754183,280887296,0,0,16,0
2,68,compute,414.061879,414.965853,0.903974,0,0,0,0,0
2,69,trunk,414.965856,414.969248,0.003392,645562368,-167,1,0,0
2,69,expert,415.019841,415.706988,0.687147,280887296,0,0,16,0
2,69,compute,414.969271,415.803644,0.834373,0,0,0,0,0
2,70,trunk,415.803646,415.822138,0.018492,645562368,-168,1,0,0
2,70,expert,415.876518,416.447864,0.571345,280887296,0,0,16,0
2,70,compute,415.822191,416.541872,0.719681,0,0,0,0,0
2,71,trunk,416.541875,416.545269,0.003394,431890432,-169,1,0,0
2,71,expert,416.572875,417.413138,0.840264,280887296,0,0,16,0
2,71,compute,416.545291,417.530175,0.984884,0,0,0,0,0
2,72,trunk,417.530178,417.533818,0.003640,645562368,-170,1,0,0
2,72,expert,417.615987,418.376030,0.760043,280887296,0,0,16,0
2,72,compute,417.533857,418.494249,0.960392,0,0,0,0,0
2,73,trunk,418.494251,418.498102,0.003851,645562368,-171,1,0,0
2,73,expert,418.554356,419.338964,0.784609,280887296,0,0,16,0
2,73,compute,418.498127,419.458221,0.960093,0,0,0,0,0
2,74,trunk,419.458223,419.461658,0.003435,645562368,-172,1,0,0
2,74,expert,419.514561,420.097544,0.582983,280887296,0,0,16,0
2,74,compute,419.461697,420.214250,0.752552,0,0,0,0,0
2,75,trunk,420.214252,420.217651,0.003399,431890432,-173,1,0,0
2,75,expert,420.251044,421.024913,0.773869,280887296,0,0,16,0
2,75,compute,420.217672,421.134151,0.916480,0,0,0,0,0
2,76,trunk,421.134153,421.138157,0.004004,645562368,-174,1,0,0
2,76,expert,421.191594,421.934768,0.743174,280887296,0,0,16,0
2,76,compute,421.138202,422.046270,0.908068,0,0,0,0,0
2,77,trunk,422.046272,422.049834,0.003562,645562368,-175,1,0,0
2,77,expert,422.110013,422.880665,0.770652,280887296,0,0,16,0
2,77,compute,422.049871,422.972246,0.922376,0,0,0,0,0
2,78,trunk,422.972249,422.975884,0.003636,645562368,-176,1,0,0
2,78,expert,423.021705,431.031044,8.009339,280887296,0,0,16,0
2,78,compute,422.975910,431.147021,8.171111,0,0,0,0,0
2,79,trunk,431.147023,431.150562,0.003539,431890432,-177,1,0,0
2,79,expert,431.178169,440.217484,9.039315,280887296,0,0,16,0
2,79,compute,431.150591,440.325819,9.175229,0,0,0,0,0
2,80,trunk,440.325821,447.639094,7.313273,645562368,-178,1,0,0
2,80,expert,447.692917,448.372201,0.679284,280887296,0,0,16,0
2,80,compute,447.639149,448.467851,0.828702,0,0,0,0,0
2,81,trunk,448.467853,448.471229,0.003376,645562368,-179,1,0,0
2,81,expert,448.527996,449.300988,0.772992,263331840,0,0,15,0
2,81,compute,448.471274,449.418215,0.946941,0,0,0,0,0
2,82,trunk,449.418217,449.421789,0.003572,645562368,-180,1,0,0
2,82,expert,449.470837,450.054566,0.583729,280887296,0,0,16,0
2,82,compute,449.421811,450.174394,0.752583,0,0,0,0,0
2,83,trunk,450.174396,450.177832,0.003436,431890432,-181,1,0,0
2,83,expert,450.215809,450.948864,0.733056,228220928,0,0,13,0
2,83,compute,450.177854,451.066819,0.888966,0,0,0,0,0
2,84,trunk,451.066822,451.070559,0.003737,645562368,-182,1,0,0
2,84,expert,451.133909,451.859078,0.725169,228220928,0,0,13,0
2,84,compute,451.070589,451.974234,0.903645,0,0,0,0,0
2,85,trunk,451.974236,451.977708,0.003471,645562368,-183,1,0,0
2,85,expert,452.033067,452.762609,0.729541,245776384,0,0,14,0
2,85,compute,451.977732,452.855818,0.878086,0,0,0,0,0
2,86,trunk,452.855820,452.859491,0.003671,645562368,-184,1,0,0
2,86,expert,452.907890,453.475653,0.567764,280887296,0,0,16,0
2,86,compute,452.859517,453.571313,0.711796,0,0,0,0,0
2,87,trunk,453.571316,453.574838,0.003522,431890432,-185,1,0,0
2,87,expert,453.613068,454.310317,0.697250,228220928,0,0,13,0
2,87,compute,453.574887,454.426876,0.851989,0,0,0,0,0
2,88,trunk,454.426878,454.430640,0.003762,645562368,-186,1,0,0
2,88,expert,454.482710,455.232761,0.750052,263331840,0,0,15,0
2,88,compute,454.430671,455.346207,0.915536,0,0,0,0,0
2,89,trunk,455.346209,455.349587,0.003379,645562368,-187,1,0,0
2,89,expert,455.405485,456.157228,0.751743,228220928,0,0,13,0
2,89,compute,455.349612,456.270217,0.920605,0,0,0,0,0
2,90,trunk,456.270219,456.273682,0.003462,645562368,-188,1,0,0
2,90,expert,456.322177,456.843997,0.521820,210665472,0,0,12,0
2,90,compute,456.273706,456.936403,0.662697,0,0,0,0,0
2,91,trunk,456.936406,456.939760,0.003355,431890432,-189,1,0,0
2,91,expert,456.972651,457.510520,0.537868,228220928,0,0,13,0
2,91,compute,456.939782,457.630199,0.690416,0,0,0,0,0
2,92,trunk,457.630201,457.633656,0.003455,431890432,-190,1,0,0
2,92,expert,457.655844,457.844227,0.188383,228220928,0,0,13,0
2,92,compute,457.633658,457.955183,0.321525,0,0,0,0,0
3,0,trunk,458.050846,458.050884,0.000038,0,-190,0,0,0
3,0,compute,458.050885,458.151152,0.100267,0,0,0,0,0
3,1,trunk,458.151155,458.154489,0.003334,0,-189,0,0,0
3,1,expert,458.201192,458.415918,0.214726,263331840,0,0,15,0
3,1,compute,458.154491,458.538164,0.383673,0,0,0,0,0
3,2,trunk,458.538165,458.541618,0.003453,0,-188,0,0,0
3,2,expert,458.580472,458.780278,0.199805,245776384,0,0,14,0
3,2,compute,458.541620,458.897685,0.356065,0,0,0,0,0
3,3,trunk,458.897686,458.901154,0.003467,0,-187,0,0,0
3,3,expert,458.925599,459.098815,0.173217,210665472,0,0,12,0
3,3,compute,458.901156,459.214217,0.313061,0,0,0,0,0
3,4,trunk,459.214219,459.217576,0.003357,0,-186,0,0,0
3,4,expert,459.294527,459.481406,0.186880,228220928,0,0,13,0
3,4,compute,459.217578,459.571517,0.353939,0,0,0,0,0
3,5,trunk,459.571519,459.574919,0.003400,0,-185,0,0,0
3,5,expert,459.613361,459.837576,0.224215,263331840,0,0,15,0
3,5,compute,459.574921,459.959040,0.384120,0,0,0,0,0
3,6,trunk,459.959043,459.962514,0.003472,0,-184,0,0,0
3,6,expert,460.000295,460.232132,0.231837,280887296,0,0,16,0
3,6,compute,459.962516,460.342113,0.379596,0,0,0,0,0
3,7,trunk,460.342114,460.346064,0.003950,0,-183,0,0,0
3,7,expert,460.367726,460.586556,0.218830,263331840,0,0,15,0
3,7,compute,460.346066,460.698360,0.352294,0,0,0,0,0
3,8,trunk,460.698362,460.702342,0.003980,0,-182,0,0,0
3,8,expert,460.742377,460.965265,0.222889,280887296,0,0,16,0
3,8,compute,460.702344,461.078550,0.376207,0,0,0,0,0
3,9,trunk,461.078552,461.082417,0.003865,0,-181,0,0,0
3,9,expert,461.121003,461.293795,0.172792,210665472,0,0,12,0
3,9,compute,461.082420,461.410371,0.327951,0,0,0,0,0
3,10,trunk,461.410373,461.413739,0.003366,0,-180,0,0,0
3,10,expert,461.462643,461.608934,0.146291,175554560,0,0,10,0
3,10,compute,461.413741,461.722314,0.308574,0,0,0,0,0
3,11,trunk,461.722316,461.725773,0.003457,0,-179,0,0,0
3,11,expert,461.748843,461.936168,0.187325,228220928,0,0,13,0
3,11,compute,461.725775,462.074166,0.348392,0,0,0,0,0
3,12,trunk,462.074168,462.077624,0.003456,0,-178,0,0,0
3,12,expert,462.118486,462.316897,0.198411,245776384,0,0,14,0
3,12,compute,462.077626,462.438211,0.360585,0,0,0,0,0
3,13,trunk,462.438213,462.441682,0.003469,0,-177,0,0,0
3,13,expert,462.488995,462.678946,0.189951,228220928,0,0,13,0
3,13,compute,462.441708,462.786161,0.344453,0,0,0,0,0
3,14,trunk,462.786162,462.789461,0.003299,0,-176,0,0,0
3,14,expert,462.828769,463.010511,0.181742,228220928,0,0,13,0
3,14,compute,462.789463,463.122159,0.332696,0,0,0,0,0
3,15,trunk,463.122161,463.125538,0.003377,0,-175,0,0,0
3,15,expert,463.151924,463.349475,0.197552,245776384,0,0,14,0
3,15,compute,463.125540,463.466209,0.340670,0,0,0,0,0
3,16,trunk,463.466211,463.469654,0.003444,0,-174,0,0,0
3,16,expert,463.509024,463.679751,0.170727,210665472,0,0,12,0
3,16,compute,463.469657,463.776862,0.307205,0,0,0,0,0
3,17,trunk,463.776864,463.780467,0.003602,0,-173,0,0,0
3,17,expert,463.841113,464.042448,0.201335,245776384,0,0,14,0
3,17,compute,463.780468,464.174177,0.393709,0,0,0,0,0
3,18,trunk,464.174179,464.177673,0.003495,0,-172,0,0,0
3,18,expert,464.228608,464.416888,0.188279,228220928,0,0,13,0
3,18,compute,464.177675,464.530261,0.352586,0,0,0,0,0
3,19,trunk,464.530262,464.533616,0.003354,0,-171,0,0,0
3,19,expert,464.560135,464.748439,0.188304,228220928,0,0,13,0
3,19,compute,464.533619,464.849512,0.315893,0,0,0,0,0
3,20,trunk,464.849514,464.852918,0.003404,0,-170,0,0,0
3,20,expert,464.892150,465.060708,0.168558,210665472,0,0,12,0
3,20,compute,464.852921,465.173148,0.320228,0,0,0,0,0
3,21,trunk,465.173150,465.176528,0.003378,0,-169,0,0,0
3,21,expert,465.230326,465.985675,0.755350,263331840,0,0,15,0
3,21,compute,465.176546,466.074740,0.898193,0,0,0,0,0
3,22,trunk,466.074741,466.078098,0.003356,645562368,-169,1,0,0
3,22,expert,466.128122,466.708383,0.580260,263331840,0,0,15,0
3,22,compute,466.078120,466.814166,0.736047,0,0,0,0,0
3,23,trunk,466.814169,466.817614,0.003445,431890432,-170,1,0,0
3,23,expert,466.854019,467.520804,0.666785,210665472,0,0,12,0
3,23,compute,466.817636,467.609738,0.792103,0,0,0,0,0
3,24,trunk,467.609740,467.613695,0.003954,645562368,-171,1,0,0
3,24,expert,467.664233,468.448077,0.783844,228220928,0,0,13,0
3,24,compute,467.613719,468.537108,0.923389,0,0,0,0,0
3,25,trunk,468.537111,468.540566,0.003455,645562368,-172,1,0,0
3,25,expert,468.594975,469.366818,0.771843,280887296,0,0,16,0
3,25,compute,468.540585,469.458856,0.918271,0,0,0,0,0
3,26,trunk,469.458858,469.462387,0.003529,645562368,-173,1,0,0
3,26,expert,469.510475,470.064463,0.553987,245776384,0,0,14,0
3,26,compute,469.462410,470.177198,0.714789,0,0,0,0,0
3,27,trunk,470.177201,470.180746,0.003545,431890432,-174,1,0,0
3,27,expert,470.217659,470.941891,0.724232,280887296,0,0,16,0
3,27,compute,470.180765,471.059048,0.878282,0,0,0,0,0
3,28,trunk,471.059050,471.062445,0.003395,645562368,-175,1,0,0
3,28,expert,471.116115,471.812538,0.696424,263331840,0,0,15,0
3,28,compute,471.062469,471.908909,0.846440,0,0,0,0,0
3,29,trunk,471.908911,471.912402,0.003491,645562368,-176,1,0,0
3,29,expert,471.966458,472.708765,0.742307,245776384,0,0,14,0
3,29,compute,471.912423,472.820037,0.907614,0,0,0,0,0
3,30,trunk,472.820039,472.823138,0.003098,645562368,-177,1,0,0
3,30,expert,472.872921,473.446501,0.573580,263331840,0,0,15,0
3,30,compute,472.823191,473.556039,0.732848,0,0,0,0,0
3,31,trunk,473.556041,473.559406,0.003364,431890432,-178,1,0,0
3,31,expert,473.595173,474.376727,0.781554,263331840,0,0,15,0
3,31,compute,473.559428,474.491148,0.931720,0,0,0,0,0
3,32,trunk,474.491150,474.494621,0.003470,645562368,-179,1,0,0
3,32,expert,474.548532,475.263005,0.714473,210665472,0,0,12,0
3,32,compute,474.494648,475.384035,0.889387,0,0,0,0,0
3,33,trunk,475.384038,475.387529,0.003491,645562368,-180,1,0,0
3,33,expert,475.441307,476.215579,0.774272,228220928,0,0,13,0
3,33,compute,475.387556,476.340528,0.952972,0,0,0,0,0
3,34,trunk,476.340530,476.344219,0.003689,645562368,-181,1,0,0
3,34,expert,476.402463,476.984602,0.582139,263331840,0,0,15,0
3,34,compute,476.344241,477.077690,0.733448,0,0,0,0,0
3,35,trunk,477.077693,477.082805,0.005112,431890432,-182,1,0,0
3,35,expert,477.117709,477.886016,0.768308,245776384,0,0,14,0
3,35,compute,477.082834,478.002212,0.919379,0,0,0,0,0
3,36,trunk,478.002214,478.005872,0.003657,645562368,-183,1,0,0
3,36,expert,478.062859,478.810969,0.748110,245776384,0,0,14,0
3,36,compute,478.005894,478.922248,0.916354,0,0,0,0,0
3,37,trunk,478.922251,478.925796,0.003546,645562368,-184,1,0,0
3,37,expert,478.983767,479.735115,0.751348,263331840,0,0,15,0
3,37,compute,478.925819,479.846169,0.920350,0,0,0,0,0
3,38,trunk,479.846171,479.849647,0.003476,645562368,-185,1,0,0
3,38,expert,479.901479,480.430355,0.528876,245776384,0,0,14,0
3,38,compute,479.849682,480.542216,0.692534,0,0,0,0,0
3,39,trunk,480.542218,480.545709,0.003491,431890432,-186,1,0,0
3,39,expert,480.584407,481.333795,0.749388,245776384,0,0,14,0
3,39,compute,480.545731,481.446224,0.900493,0,0,0,0,0
3,40,trunk,481.446226,481.449611,0.003385,645562368,-187,1,0,0
3,40,expert,481.506635,482.268092,0.761457,263331840,0,0,15,0
3,40,compute,481.449634,482.363085,0.913451,0,0,0,0,0
3,41,trunk,482.363087,482.366556,0.003469,645562368,-188,1,0,0
3,41,expert,482.424454,483.143477,0.719023,245776384,0,0,14,0
3,41,compute,482.366586,483.254262,0.887676,0,0,0,0,0
3,42,trunk,483.254264,483.257828,0.003564,645562368,-189,1,0,0
3,42,expert,483.306554,483.856552,0.549998,245776384,0,0,14,0
3,42,compute,483.257851,483.956465,0.698615,0,0,0,0,0
3,43,trunk,483.956467,483.959952,0.003484,431890432,-190,1,0,0
3,43,expert,483.992944,495.794564,11.801620,280887296,0,0,16,0
3,43,compute,483.959978,495.906196,11.946219,0,0,0,0,0
3,44,trunk,495.906198,495.909545,0.003346,645562368,-191,1,0,0
3,44,expert,495.965549,496.748218,0.782670,280887296,0,0,16,0
3,44,compute,495.909567,496.839469,0.929903,0,0,0,0,0
3,45,trunk,496.839472,496.843110,0.003638,645562368,-192,1,0,0
3,45,expert,496.895788,497.664184,0.768397,263331840,0,0,15,0
3,45,compute,496.843132,497.763871,0.920739,0,0,0,0,0
3,46,trunk,497.763893,497.767335,0.003442,645562368,-193,1,0,0
3,46,expert,497.813898,498.378781,0.564883,245776384,0,0,14,0
3,46,compute,497.767356,498.490244,0.722887,0,0,0,0,0
3,47,trunk,498.490246,498.493691,0.003445,431890432,-194,1,0,0
3,47,expert,498.534377,499.257235,0.722858,245776384,0,0,14,0
3,47,compute,498.493714,499.370232,0.876518,0,0,0,0,0
3,48,trunk,499.370234,499.373629,0.003395,645562368,-195,1,0,0
3,48,expert,499.430148,500.162566,0.732418,263331840,0,0,15,0
3,48,compute,499.373652,500.260209,0.886557,0,0,0,0,0
3,49,trunk,500.260211,500.263606,0.003395,645562368,-196,1,0,0
3,49,expert,500.326381,501.004323,0.677942,263331840,0,0,15,0
3,49,compute,500.263653,501.097238,0.833586,0,0,0,0,0
3,50,trunk,501.097240,501.109621,0.012381,645562368,-197,1,0,0
3,50,expert,501.161067,501.724312,0.563245,263331840,0,0,15,0
3,50,compute,501.109675,501.817986,0.708311,0,0,0,0,0
3,51,trunk,501.817989,501.821435,0.003446,431890432,-198,1,0,0
3,51,expert,501.849900,502.572364,0.722464,245776384,0,0,14,0
3,51,compute,501.821456,502.667841,0.846385,0,0,0,0,0
3,52,trunk,502.667843,502.671466,0.003622,645562368,-199,1,0,0
3,52,expert,502.723016,503.422459,0.699443,228220928,0,0,13,0
3,52,compute,502.671494,503.534808,0.863314,0,0,0,0,0
3,53,trunk,503.534810,503.538290,0.003480,645562368,-200,1,0,0
3,53,expert,503.596089,504.340302,0.744213,245776384,0,0,14,0
3,53,compute,503.538317,504.454702,0.916384,0,0,0,0,0
3,54,trunk,504.454704,504.458342,0.003638,645562368,-201,1,0,0
3,54,expert,504.517881,505.062623,0.544742,263331840,0,0,15,0
3,54,compute,504.458367,505.174196,0.715829,0,0,0,0,0
3,55,trunk,505.174198,505.177725,0.003527,431890432,-202,1,0,0
3,55,expert,505.210260,505.926020,0.715760,228220928,0,0,13,0
3,55,compute,505.177746,506.046319,0.868573,0,0,0,0,0
3,56,trunk,506.046321,506.049840,0.003518,645562368,-203,1,0,0
3,56,expert,506.105798,506.854098,0.748300,263331840,0,0,15,0
3,56,compute,506.049884,506.970273,0.920390,0,0,0,0,0
3,57,trunk,506.970275,506.973694,0.003418,645562368,-204,1,0,0
3,57,expert,507.032759,507.744899,0.712140,280887296,0,0,16,0
3,57,compute,506.973714,507.858235,0.884520,0,0,0,0,0
3,58,trunk,507.858237,507.861647,0.003410,645562368,-205,1,0,0
3,58,expert,507.911024,508.469196,0.558172,228220928,0,0,13,0
3,58,compute,507.861668,508.582224,0.720557,0,0,0,0,0
3,59,trunk,508.582227,508.585898,0.003671,431890432,-206,1,0,0
3,59,expert,508.629074,509.370727,0.741652,228220928,0,0,13,0
3,59,compute,508.585920,509.486307,0.900387,0,0,0,0,0
3,60,trunk,509.486309,509.490176,0.003867,645562368,-207,1,0,0
3,60,expert,509.553612,510.313459,0.759847,263331840,0,0,15,0
3,60,compute,509.490198,510.426215,0.936017,0,0,0,0,0
3,61,trunk,510.426217,510.429816,0.003599,645562368,-208,1,0,0
3,61,expert,510.480920,511.221991,0.741071,263331840,0,0,15,0
3,61,compute,510.429837,511.334238,0.904401,0,0,0,0,0
3,62,trunk,511.334270,511.337646,0.003376,645562368,-209,1,0,0
3,62,expert,511.387388,511.924994,0.537606,210665472,0,0,12,0
3,62,compute,511.337668,512.018600,0.680932,0,0,0,0,0
3,63,trunk,512.018603,512.022133,0.003530,431890432,-210,1,0,0
3,63,expert,512.058196,512.791149,0.732954,228220928,0,0,13,0
3,63,compute,512.022155,512.879613,0.857459,0,0,0,0,0
3,64,trunk,512.879616,512.883033,0.003417,645562368,-211,1,0,0
3,64,expert,512.938541,513.691925,0.753384,245776384,0,0,14,0
3,64,compute,512.883057,513.784745,0.901688,0,0,0,0,0
3,65,trunk,513.784747,513.788281,0.003534,645562368,-212,1,0,0
3,65,expert,513.843156,514.550192,0.707036,210665472,0,0,12,0
3,65,compute,513.788300,514.662452,0.874151,0,0,0,0,0
3,66,trunk,514.662454,514.665832,0.003378,645562368,-213,1,0,0
3,66,expert,514.715662,515.279584,0.563922,245776384,0,0,14,0
3,66,compute,514.665855,515.377022,0.711167,0,0,0,0,0
3,67,trunk,515.377025,515.380680,0.003656,431890432,-214,1,0,0
3,67,expert,515.410795,516.178911,0.768116,245776384,0,0,14,0
3,67,compute,515.380699,516.297577,0.916879,0,0,0,0,0
3,68,trunk,516.297579,516.301060,0.003481,645562368,-215,1,0,0
3,68,expert,516.358086,517.033185,0.675099,228220928,0,0,13,0
3,68,compute,516.301081,517.146200,0.845120,0,0,0,0,0
3,69,trunk,517.146203,517.149635,0.003433,645562368,-216,1,0,0
3,69,expert,517.199412,517.947262,0.747850,228220928,0,0,13,0
3,69,compute,517.149663,518.058226,0.908563,0,0,0,0,0
3,70,trunk,518.058228,518.061617,0.003388,645562368,-217,1,0,0
3,70,expert,518.109832,518.627282,0.517450,210665472,0,0,12,0
3,70,compute,518.061638,518.722700,0.661062,0,0,0,0,0
3,71,trunk,518.722702,518.726158,0.003457,431890432,-218,1,0,0
3,71,expert,518.758028,519.558632,0.800604,245776384,0,0,14,0
3,71,compute,518.726182,519.675010,0.948828,0,0,0,0,0
3,72,trunk,519.675012,519.678463,0.003451,645562368,-219,1,0,0
3,72,expert,519.736273,520.500813,0.764540,263331840,0,0,15,0
3,72,compute,519.678487,520.618714,0.940226,0,0,0,0,0
3,73,trunk,520.618716,520.622342,0.003626,645562368,-220,1,0,0
3,73,expert,520.676177,521.460385,0.784208,280887296,0,0,16,0
3,73,compute,520.622364,521.574232,0.951867,0,0,0,0,0
3,74,trunk,521.574234,521.577851,0.003617,645562368,-221,1,0,0
3,74,expert,521.629288,522.208133,0.578846,280887296,0,0,16,0
3,74,compute,521.577875,522.301815,0.723940,0,0,0,0,0
3,75,trunk,522.301818,522.305323,0.003506,431890432,-222,1,0,0
3,75,expert,522.340569,523.109893,0.769323,280887296,0,0,16,0
3,75,compute,522.305343,523.199983,0.894640,0,0,0,0,0
3,76,trunk,523.199985,523.203465,0.003479,645562368,-223,1,0,0
3,76,expert,523.258571,523.993317,0.734745,280887296,0,0,16,0
3,76,compute,523.203505,524.102068,0.898563,0,0,0,0,0
3,77,trunk,524.102070,524.105748,0.003678,645562368,-224,1,0,0
3,77,expert,524.159098,524.846181,0.687084,228220928,0,0,13,0
3,77,compute,524.105770,524.960621,0.854852,0,0,0,0,0
3,78,trunk,524.960623,524.963974,0.003351,645562368,-225,1,0,0
3,78,expert,525.011085,525.570207,0.559123,245776384,0,0,14,0
3,78,compute,524.964043,525.662876,0.698834,0,0,0,0,0
3,79,trunk,525.662878,525.666353,0.003475,431890432,-226,1,0,0
3,79,expert,525.707815,526.439635,0.731820,245776384,0,0,14,0
3,79,compute,525.666421,526.533684,0.867264,0,0,0,0,0
3,80,trunk,526.533687,526.537353,0.003666,645562368,-227,1,0,0
3,80,expert,526.592103,527.333200,0.741097,280887296,0,0,16,0
3,80,compute,526.537376,527.446186,0.908810,0,0,0,0,0
3,81,trunk,527.446187,527.449693,0.003505,645562368,-228,1,0,0
3,81,expert,527.501760,528.250483,0.748723,245776384,0,0,14,0
3,81,compute,527.449722,528.362198,0.912477,0,0,0,0,0
3,82,trunk,528.362201,528.365602,0.003402,645562368,-229,1,0,0
3,82,expert,528.417829,528.977029,0.559200,263331840,0,0,15,0
3,82,compute,528.365644,529.091082,0.725438,0,0,0,0,0
3,83,trunk,529.091084,529.094490,0.003406,431890432,-230,1,0,0
3,83,expert,529.132181,529.866834,0.734652,228220928,0,0,13,0
3,83,compute,529.094527,529.978201,0.883674,0,0,0,0,0
3,84,trunk,529.978203,529.981817,0.003614,645562368,-231,1,0,0
3,84,expert,530.037779,530.724107,0.686328,175554560,0,0,10,0
3,84,compute,529.981840,530.817546,0.835706,0,0,0,0,0
3,85,trunk,530.817548,530.821043,0.003495,645562368,-232,1,0,0
3,85,expert,530.876519,531.583526,0.707007,228220928,0,0,13,0
3,85,compute,530.821065,531.694190,0.873126,0,0,0,0,0
3,86,trunk,531.694192,531.697639,0.003447,645562368,-233,1,0,0
3,86,expert,531.754672,532.279782,0.525110,245776384,0,0,14,0
3,86,compute,531.697680,532.390221,0.692541,0,0,0,0,0
3,87,trunk,532.390224,532.393928,0.003705,431890432,-234,1,0,0
3,87,expert,532.428904,533.129436,0.700533,228220928,0,0,13,0
3,87,compute,532.393951,533.243029,0.849079,0,0,0,0,0
3,88,trunk,533.243031,533.246537,0.003506,645562368,-235,1,0,0
3,88,expert,533.300149,534.004264,0.704115,210665472,0,0,12,0
3,88,compute,533.246559,534.114215,0.867656,0,0,0,0,0
3,89,trunk,534.114217,534.117597,0.003380,645562368,-236,1,0,0
3,89,expert,534.170560,534.940987,0.770427,245776384,0,0,14,0
3,89,compute,534.117630,535.054209,0.936579,0,0,0,0,0
3,90,trunk,535.054211,535.057583,0.003372,645562368,-237,1,0,0
3,90,expert,535.108072,535.642838,0.534766,228220928,0,0,13,0
3,90,compute,535.057604,535.735403,0.677799,0,0,0,0,0
3,91,trunk,535.735405,535.738957,0.003552,431890432,-238,1,0,0
3,91,expert,535.774636,536.299396,0.524760,210665472,0,0,12,0
3,91,compute,535.738980,536.412037,0.673057,0,0,0,0,0
3,92,trunk,536.412039,536.415406,0.003367,431890432,-239,1,0,0
3,92,expert,536.450351,536.635391,0.185040,228220928,0,0,13,0
3,92,compute,536.415407,536.750618,0.335210,0,0,0,0,0
4,0,trunk,536.850116,536.850155,0.000039,0,-239,0,0,0
4,0,compute,536.850155,536.953825,0.103669,0,0,0,0,0
4,1,trunk,536.953826,536.957190,0.003364,0,-238,0,0,0
4,1,expert,536.996142,537.175753,0.179611,228220928,0,0,13,0
4,1,compute,536.957192,537.266920,0.309728,0,0,0,0,0
4,2,trunk,537.266922,537.270606,0.003684,0,-237,0,0,0
4,2,expert,537.308763,537.456159,0.147396,175554560,0,0,10,0
4,2,compute,537.270609,537.548813,0.278205,0,0,0,0,0
4,3,trunk,537.548815,537.552213,0.003398,0,-236,0,0,0
4,3,expert,537.574012,537.713696,0.139684,175554560,0,0,10,0
4,3,compute,537.552216,537.834196,0.281980,0,0,0,0,0
4,4,trunk,537.834197,537.837635,0.003437,0,-235,0,0,0
4,4,expert,537.883824,538.036612,0.152788,193110016,0,0,11,0
4,4,compute,537.837638,538.137452,0.299815,0,0,0,0,0
4,5,trunk,538.137454,538.140795,0.003341,0,-234,0,0,0
4,5,expert,538.180430,538.334101,0.153671,193110016,0,0,11,0
4,5,compute,538.140798,538.446201,0.305402,0,0,0,0,0
4,6,trunk,538.446202,538.449606,0.003404,0,-233,0,0,0
4,6,expert,538.488536,538.714136,0.225600,280887296,0,0,16,0
4,6,compute,538.449608,538.826191,0.376583,0,0,0,0,0
4,7,trunk,538.826193,538.829579,0.003386,0,-232,0,0,0
4,7,expert,538.859592,539.071242,0.211650,263331840,0,0,15,0
4,7,compute,538.829581,539.159991,0.330411,0,0,0,0,0
4,8,trunk,539.159993,539.163449,0.003456,0,-231,0,0,0
4,8,expert,539.203973,539.418828,0.214854,263331840,0,0,15,0
4,8,compute,539.163451,539.530180,0.366729,0,0,0,0,0
4,9,trunk,539.530182,539.533658,0.003476,0,-230,0,0,0
4,9,expert,539.572855,539.727228,0.154373,193110016,0,0,11,0
4,9,compute,539.533661,539.858968,0.325307,0,0,0,0,0
4,10,trunk,539.858969,539.862374,0.003404,0,-229,0,0,0
4,10,expert,539.909835,540.100027,0.190192,228220928,0,0,13,0
4,10,compute,539.862376,540.187268,0.324892,0,0,0,0,0
4,11,trunk,540.187270,540.190926,0.003656,0,-228,0,0,0
4,11,expert,540.212768,540.351854,0.139086,175554560,0,0,10,0
4,11,compute,540.190928,540.458630,0.267702,0,0,0,0,0
4,12,trunk,540.458632,540.462254,0.003622,0,-227,0,0,0
4,12,expert,540.501921,540.687369,0.185449,228220928,0,0,13,0
4,12,compute,540.462256,540.803005,0.340749,0,0,0,0,0
4,13,trunk,540.803006,540.806379,0.003373,0,-226,0,0,0
4,13,expert,540.844621,541.029367,0.184747,228220928,0,0,13,0
4,13,compute,540.806381,541.138164,0.331782,0,0,0,0,0
4,14,trunk,541.138165,541.141644,0.003478,0,-225,0,0,0
4,14,expert,541.180624,541.380064,0.199440,245776384,0,0,14,0
4,14,compute,541.141646,541.468752,0.327107,0,0,0,0,0
4,15,trunk,541.468754,541.472171,0.003417,0,-224,0,0,0
4,15,expert,541.492990,541.650248,0.157258,193110016,0,0,11,0
4,15,compute,541.472173,541.761710,0.289537,0,0,0,0,0
4,16,trunk,541.761712,541.765012,0.003300,0,-223,0,0,0
4,16,expert,541.826799,541.978231,0.151432,193110016,0,0,11,0
4,16,compute,541.765014,542.090157,0.325143,0,0,0,0,0
4,17,trunk,542.090159,542.093583,0.003424,0,-222,0,0,0
4,17,expert,542.135539,542.302420,0.166881,210665472,0,0,12,0
4,17,compute,542.093585,542.434999,0.341415,0,0,0,0,0
4,18,trunk,542.435021,542.438534,0.003513,0,-221,0,0,0
4,18,expert,542.480555,542.664263,0.183708,228220928,0,0,13,0
4,18,compute,542.438536,542.770185,0.331649,0,0,0,0,0
4,19,trunk,542.770187,542.774039,0.003852,0,-220,0,0,0
4,19,expert,542.798354,542.941384,0.143031,175554560,0,0,10,0
4,19,compute,542.774041,543.062257,0.288216,0,0,0,0,0
4,20,trunk,543.062258,543.065691,0.003433,0,-219,0,0,0
4,20,expert,543.104219,543.275554,0.171335,210665472,0,0,12,0
4,20,compute,543.065694,543.387010,0.321316,0,0,0,0,0
4,21,trunk,543.387014,543.390474,0.003460,0,-218,0,0,0
4,21,expert,543.443737,544.167490,0.723753,228220928,0,0,13,0
4,21,compute,543.390499,544.278192,0.887694,0,0,0,0,0
4,22,trunk,544.278194,544.281674,0.003480,645562368,-218,1,0,0
4,22,expert,544.331807,544.847599,0.515791,193110016,0,0,11,0
4,22,compute,544.281696,544.936090,0.654395,0,0,0,0,0
4,23,trunk,544.936092,544.939448,0.003355,431890432,-219,1,0,0
4,23,expert,544.971196,545.631235,0.660039,193110016,0,0,11,0
4,23,compute,544.939499,545.746206,0.806708,0,0,0,0,0
4,24,trunk,545.746209,545.749688,0.003479,645562368,-220,1,0,0
4,24,expert,545.805394,546.554697,0.749303,193110016,0,0,11,0
4,24,compute,545.749738,546.682163,0.932425,0,0,0,0,0
4,25,trunk,546.682165,546.685524,0.003358,645562368,-221,1,0,0
4,25,expert,546.742495,547.498333,0.755838,263331840,0,0,15,0
4,25,compute,546.685546,547.614609,0.929063,0,0,0,0,0
4,26,trunk,547.614611,547.618379,0.003767,645562368,-222,1,0,0
4,26,expert,547.674172,548.204689,0.530517,228220928,0,0,13,0
4,26,compute,547.618402,548.303261,0.684860,0,0,0,0,0
4,27,trunk,548.303263,548.306703,0.003440,431890432,-223,1,0,0
4,27,expert,548.342204,549.060975,0.718771,263331840,0,0,15,0
4,27,compute,548.306745,549.152253,0.845508,0,0,0,0,0
4,28,trunk,549.152255,549.155748,0.003493,645562368,-224,1,0,0
4,28,expert,549.209048,549.909014,0.699966,263331840,0,0,15,0
4,28,compute,549.155772,550.022314,0.866542,0,0,0,0,0
4,29,trunk,550.022316,550.025680,0.003364,645562368,-225,1,0,0
4,29,expert,550.082017,550.799570,0.717553,228220928,0,0,13,0
4,29,compute,550.025702,550.891034,0.865332,0,0,0,0,0
4,30,trunk,550.891036,550.895251,0.004215,645562368,-226,1,0,0
4,30,expert,550.945220,551.499673,0.554453,228220928,0,0,13,0
4,30,compute,550.895279,551.589332,0.694053,0,0,0,0,0
4,31,trunk,551.589334,551.593050,0.003716,431890432,-227,1,0,0
4,31,expert,551.630922,552.378773,0.747851,245776384,0,0,14,0
4,31,compute,551.593086,552.490171,0.897085,0,0,0,0,0
4,32,trunk,552.490173,552.493769,0.003595,645562368,-228,1,0,0
4,32,expert,552.543360,553.252399,0.709039,210665472,0,0,12,0
4,32,compute,552.493798,553.374219,0.880421,0,0,0,0,0
4,33,trunk,553.374221,553.377558,0.003336,645562368,-229,1,0,0
4,33,expert,553.433927,554.192273,0.758346,210665472,0,0,12,0
4,33,compute,553.377578,554.283950,0.906372,0,0,0,0,0
4,34,trunk,554.283952,554.287386,0.003434,645562368,-230,1,0,0
4,34,expert,554.338185,554.913790,0.575605,263331840,0,0,15,0
4,34,compute,554.287407,555.026232,0.738825,0,0,0,0,0
4,35,trunk,555.026234,555.029649,0.003415,431890432,-231,1,0,0
4,35,expert,555.071392,555.816199,0.744807,228220928,0,0,13,0
4,35,compute,555.029677,555.908422,0.878745,0,0,0,0,0
4,36,trunk,555.908425,555.912148,0.003723,645562368,-232,1,0,0
4,36,expert,555.970249,556.679946,0.709697,228220928,0,0,13,0
4,36,compute,555.912167,556.772036,0.859869,0,0,0,0,0
4,37,trunk,556.772039,556.775660,0.003621,645562368,-233,1,0,0
4,37,expert,556.831674,557.555978,0.724304,228220928,0,0,13,0
4,37,compute,556.775688,557.649608,0.873920,0,0,0,0,0
4,38,trunk,557.649610,557.653251,0.003641,645562368,-234,1,0,0
4,38,expert,557.707566,558.189363,0.481797,193110016,0,0,11,0
4,38,compute,557.653286,558.282886,0.629600,0,0,0,0,0
4,39,trunk,558.282888,558.286325,0.003437,431890432,-235,1,0,0
4,39,expert,558.319049,559.031751,0.712703,210665472,0,0,12,0
4,39,compute,558.286347,559.134399,0.848052,0,0,0,0,0
4,40,trunk,559.134401,559.137950,0.003549,645562368,-236,1,0,0
4,40,expert,559.192150,559.905497,0.713347,210665472,0,0,12,0
4,40,compute,559.137972,560.009492,0.871521,0,0,0,0,0
4,41,trunk,560.009495,560.013127,0.003632,645562368,-237,1,0,0
4,41,expert,560.077243,560.674428,0.597185,193110016,0,0,11,0
4,41,compute,560.013146,560.782265,0.769118,0,0,0,0,0
4,42,trunk,560.782267,560.872981,0.090713,645562368,-238,1,0,0
4,42,expert,560.922823,561.374712,0.451889,122888192,0,0,7,0
4,42,compute,560.873051,561.486199,0.613148,0,0,0,0,0
4,43,trunk,561.486201,561.489813,0.003611,431890432,-239,1,0,0
4,43,expert,561.524344,562.278449,0.754105,210665472,0,0,12,0
4,43,compute,561.489837,562.390226,0.900389,0,0,0,0,0
4,44,trunk,562.390229,562.393806,0.003578,645562368,-240,1,0,0
4,44,expert,562.446878,563.186320,0.739442,228220928,0,0,13,0
4,44,compute,562.393832,563.318204,0.924373,0,0,0,0,0
4,45,trunk,563.318207,563.321568,0.003361,645562368,-241,1,0,0
4,45,expert,563.379485,564.053465,0.673980,157999104,0,0,9,0
4,45,compute,563.321591,564.170222,0.848631,0,0,0,0,0
4,46,trunk,564.170224,564.174308,0.004084,645562368,-242,1,0,0
4,46,expert,564.225546,564.728615,0.503068,175554560,0,0,10,0
4,46,compute,564.174339,564.850208,0.675869,0,0,0,0,0
4,47,trunk,564.850210,564.853608,0.003398,431890432,-243,1,0,0
4,47,expert,564.888669,565.587259,0.698590,193110016,0,0,11,0
4,47,compute,564.853636,565.698263,0.844626,0,0,0,0,0
4,48,trunk,565.698265,565.701862,0.003597,645562368,-244,1,0,0
4,48,expert,565.758500,566.239121,0.480621,193110016,0,0,11,0
4,48,compute,565.701884,566.358232,0.656349,0,0,0,0,0
4,49,trunk,566.358235,566.442674,0.084439,645562368,-245,1,0,0
4,49,expert,566.496389,567.268614,0.772226,245776384,0,0,14,0
4,49,compute,566.442725,567.358581,0.915856,0,0,0,0,0
4,50,trunk,567.358583,567.362207,0.003623,645562368,-246,1,0,0
4,50,expert,567.411349,567.939205,0.527856,210665472,0,0,12,0
4,50,compute,567.362236,568.054168,0.691932,0,0,0,0,0
4,51,trunk,568.054170,568.057768,0.003598,431890432,-247,1,0,0
4,51,expert,568.094551,568.779739,0.685188,193110016,0,0,11,0
4,51,compute,568.057796,568.894208,0.836412,0,0,0,0,0
4,52,trunk,568.894210,568.897862,0.003652,645562368,-248,1,0,0
4,52,expert,568.950730,569.632275,0.681545,210665472,0,0,12,0
4,52,compute,568.897884,569.744042,0.846158,0,0,0,0,0
4,53,trunk,569.744044,569.747364,0.003320,645562368,-249,1,0,0
4,53,expert,569.798728,570.481373,0.682645,193110016,0,0,11,0
4,53,compute,569.747394,570.590165,0.842771,0,0,0,0,0
4,54,trunk,570.590167,570.593614,0.003447,645562368,-250,1,0,0
4,54,expert,570.664734,571.163071,0.498337,210665472,0,0,12,0
4,54,compute,570.593634,571.269847,0.676213,0,0,0,0,0
4,55,trunk,571.269849,571.273492,0.003643,431890432,-251,1,0,0
4,55,expert,571.308497,572.007603,0.699107,193110016,0,0,11,0
4,55,compute,571.273544,572.289241,1.015697,0,0,0,0,0
4,56,trunk,572.289243,572.292759,0.003515,645562368,-252,1,0,0
4,56,expert,572.349212,573.070756,0.721544,210665472,0,0,12,0
4,56,compute,572.292796,573.679284,1.386488,0,0,0,0,0
4,57,trunk,573.679286,573.682690,0.003404,645562368,-253,1,0,0
4,57,expert,573.739241,574.503466,0.764226,263331840,0,0,15,0
4,57,compute,573.682717,574.779312,1.096595,0,0,0,0,0
4,58,trunk,574.779314,574.782860,0.003546,645562368,-254,1,0,0
4,58,expert,574.831612,575.407511,0.575899,245776384,0,0,14,0
4,58,compute,574.782882,575.826726,1.043844,0,0,0,0,0
4,59,trunk,575.826728,575.830133,0.003404,431890432,-255,1,0,0
4,59,expert,575.865842,576.608873,0.743031,228220928,0,0,13,0
4,59,compute,575.830186,576.722932,0.892746,0,0,0,0,0
4,60,trunk,576.722934,576.726535,0.003601,645562368,-256,1,0,0
4,60,expert,576.782990,577.576183,0.793193,280887296,0,0,16,0
4,60,compute,576.732140,577.670448,0.938308,0,0,0,0,0
4,61,trunk,577.670451,577.673859,0.003409,645562368,-257,1,0,0
4,61,expert,577.735767,578.481219,0.745452,263331840,0,0,15,0
4,61,compute,577.679082,578.602202,0.923120,0,0,0,0,0
4,62,trunk,578.602204,578.605628,0.003424,645562368,-258,1,0,0
4,62,expert,578.653621,579.184251,0.530629,228220928,0,0,13,0
4,62,compute,578.605748,579.277138,0.671390,0,0,0,0,0
4,63,trunk,579.277140,579.280684,0.003544,431890432,-259,1,0,0
4,63,expert,579.315241,580.030478,0.715237,263331840,0,0,15,0
4,63,compute,579.280704,580.140037,0.859332,0,0,0,0,0
4,64,trunk,580.140039,580.143640,0.003602,645562368,-260,1,0,0
4,64,expert,580.207391,580.941450,0.734059,228220928,0,0,13,0
4,64,compute,580.143663,581.219807,1.076143,0,0,0,0,0
4,65,trunk,581.219809,581.223257,0.003448,645562368,-261,1,0,0
4,65,expert,581.277802,582.034827,0.757025,263331840,0,0,15,0
4,65,compute,581.223281,582.154199,0.930918,0,0,0,0,0
4,66,trunk,582.154201,582.157768,0.003567,645562368,-262,1,0,0
4,66,expert,582.220839,582.804742,0.583903,280887296,0,0,16,0
4,66,compute,582.157789,582.894968,0.737178,0,0,0,0,0
4,67,trunk,582.894970,582.898465,0.003495,431890432,-263,1,0,0
4,67,expert,582.933129,583.671506,0.738377,210665472,0,0,12,0
4,67,compute,582.898489,584.212756,1.314267,0,0,0,0,0
4,68,trunk,584.212759,584.216379,0.003621,645562368,-264,1,0,0
4,68,expert,584.274170,585.011172,0.737003,245776384,0,0,14,0
4,68,compute,584.216400,585.127045,0.910644,0,0,0,0,0
4,69,trunk,585.127047,585.130422,0.003375,645562368,-265,1,0,0
4,69,expert,585.183882,585.943146,0.759263,245776384,0,0,14,0
4,69,compute,585.130462,586.058302,0.927840,0,0,0,0,0
4,70,trunk,586.058304,586.061523,0.003220,645562368,-266,1,0,0
4,70,expert,586.108306,586.644734,0.536428,228220928,0,0,13,0
4,70,compute,586.061545,586.758181,0.696636,0,0,0,0,0
4,71,trunk,586.758184,586.761636,0.003453,431890432,-267,1,0,0
4,71,expert,586.795645,587.605602,0.809957,245776384,0,0,14,0
4,71,compute,586.761658,587.700824,0.939166,0,0,0,0,0
4,72,trunk,587.700826,587.704369,0.003543,645562368,-268,1,0,0
4,72,expert,587.759797,588.549603,0.789806,280887296,0,0,16,0
4,72,compute,587.704390,588.666237,0.961847,0,0,0,0,0
4,73,trunk,588.666239,588.669702,0.003463,645562368,-269,1,0,0
4,73,expert,588.723464,589.503954,0.780491,280887296,0,0,16,0
4,73,compute,588.669725,589.619281,0.949556,0,0,0,0,0
4,74,trunk,589.619283,589.622803,0.003520,645562368,-270,1,0,0
4,74,expert,589.674474,590.250327,0.575853,280887296,0,0,16,0
4,74,compute,589.626325,590.366702,0.740377,0,0,0,0,0
4,75,trunk,590.366704,590.370493,0.003789,431890432,-271,1,0,0
4,75,expert,590.412892,591.171353,0.758461,263331840,0,0,15,0
4,75,compute,590.375607,591.433755,1.058147,0,0,0,0,0
4,76,trunk,591.433757,591.437525,0.003768,645562368,-272,1,0,0
4,76,expert,591.493133,592.071049,0.577915,280887296,0,0,16,0
4,76,compute,591.437553,592.182151,0.744598,0,0,0,0,0
4,77,trunk,592.182153,592.241962,0.059809,645562368,-273,1,0,0
4,77,expert,592.301585,593.043009,0.741424,245776384,0,0,14,0
4,77,compute,592.242018,593.162233,0.920215,0,0,0,0,0
4,78,trunk,593.162236,593.165832,0.003597,645562368,-274,1,0,0
4,78,expert,593.215118,593.781696,0.566578,245776384,0,0,14,0
4,78,compute,593.165854,593.899042,0.733188,0,0,0,0,0
4,79,trunk,593.899044,593.902450,0.003405,431890432,-275,1,0,0
4,79,expert,593.944219,594.698033,0.753814,263331840,0,0,15,0
4,79,compute,593.902472,594.792278,0.889806,0,0,0,0,0
4,80,trunk,594.792280,594.795795,0.003515,645562368,-276,1,0,0
4,80,expert,594.848828,595.523934,0.675105,280887296,0,0,16,0
4,80,compute,594.795820,595.620699,0.824880,0,0,0,0,0
4,81,trunk,595.620701,595.624082,0.003381,645562368,-277,1,0,0
4,81,expert,595.679140,596.452377,0.773237,263331840,0,0,15,0
4,81,compute,595.624099,596.570189,0.946090,0,0,0,0,0
4,82,trunk,596.570192,596.574134,0.003942,645562368,-278,1,0,0
4,82,expert,596.625449,597.205263,0.579814,280887296,0,0,16,0
4,82,compute,596.574157,597.318203,0.744046,0,0,0,0,0
4,83,trunk,597.318205,597.321586,0.003380,431890432,-279,1,0,0
4,83,expert,597.388273,598.115381,0.727108,245776384,0,0,14,0
4,83,compute,597.321608,598.222164,0.900556,0,0,0,0,0
4,84,trunk,598.222166,598.225612,0.003446,645562368,-280,1,0,0
4,84,expert,598.280588,599.021549,0.740961,228220928,0,0,13,0
4,84,compute,598.225665,599.119076,0.893411,0,0,0,0,0
4,85,trunk,599.119078,599.122519,0.003441,645562368,-281,1,0,0
4,85,expert,599.179319,599.934968,0.755649,263331840,0,0,15,0
4,85,compute,599.122560,600.046205,0.923645,0,0,0,0,0
4,86,trunk,600.046207,600.049697,0.003490,645562368,-282,1,0,0
4,86,expert,600.098065,600.668384,0.570318,263331840,0,0,15,0
4,86,compute,600.049719,600.766822,0.717103,0,0,0,0,0
4,87,trunk,600.766824,600.770389,0.003565,431890432,-283,1,0,0
4,87,expert,600.799684,601.412689,0.613005,245776384,0,0,14,0
4,87,compute,600.770411,601.522808,0.752397,0,0,0,0,0
4,88,trunk,601.522810,601.537800,0.014990,645562368,-284,1,0,0
4,88,expert,601.593047,602.333513,0.740466,228220928,0,0,13,0
4,88,compute,601.537858,602.446207,0.908349,0,0,0,0,0
4,89,trunk,602.446209,602.449588,0.003379,645562368,-285,1,0,0
4,89,expert,602.503741,603.224621,0.720880,175554560,0,0,10,0
4,89,compute,602.449611,603.904036,1.454425,0,0,0,0,0
4,90,trunk,603.904038,603.907457,0.003419,645562368,-286,1,0,0
4,90,expert,603.953315,604.441515,0.488200,157999104,0,0,9,0
4,90,compute,603.907483,605.104648,1.197164,0,0,0,0,0
4,91,trunk,605.104650,605.107986,0.003336,431890432,-287,1,0,0
4,91,expert,605.139719,605.632201,0.492482,157999104,0,0,9,0
4,91,compute,605.108077,605.727427,0.619350,0,0,0,0,0
4,92,trunk,605.727429,605.731008,0.003578,431890432,-288,1,0,0
4,92,expert,605.752094,605.985655,0.233561,245776384,0,0,14,0
4,92,compute,605.731009,606.222839,0.491830,0,0,0,0,0
5,0,trunk,606.321233,606.321268,0.000036,0,-288,0,0,0
5,0,compute,606.321269,606.431625,0.110356,0,0,0,0,0
5,1,trunk,606.431626,606.434967,0.003341,0,-287,0,0,0
5,1,expert,606.484262,606.677673,0.193411,228220928,0,0,13,0
5,1,compute,606.434969,606.790920,0.355951,0,0,0,0,0
5,2,trunk,606.790921,606.794439,0.003518,0,-286,0,0,0
5,2,expert,606.837346,607.022727,0.185381,210665472,0,0,12,0
5,2,compute,606.794441,607.134216,0.339775,0,0,0,0,0
5,3,trunk,607.134217,607.137788,0.003571,0,-285,0,0,0
5,3,expert,607.159480,607.317306,0.157826,193110016,0,0,11,0
5,3,compute,607.137790,607.430221,0.292431,0,0,0,0,0
5,4,trunk,607.430223,607.433420,0.003197,0,-284,0,0,0
5,4,expert,607.485721,607.692411,0.206690,228220928,0,0,13,0
5,4,compute,607.433423,607.793440,0.360017,0,0,0,0,0
5,5,trunk,607.793442,607.796977,0.003535,0,-283,0,0,0
5,5,expert,607.847444,608.030443,0.182999,210665472,0,0,12,0
5,5,compute,607.796979,608.125974,0.328995,0,0,0,0,0
5,6,trunk,608.125976,608.129342,0.003366,0,-282,0,0,0
5,6,expert,608.168939,608.405294,0.236355,280887296,0,0,16,0
5,6,compute,608.129345,608.519006,0.389661,0,0,0,0,0
5,7,trunk,608.519008,608.522461,0.003453,0,-281,0,0,0
5,7,expert,608.546653,608.766894,0.220242,263331840,0,0,15,0
5,7,compute,608.522463,608.886216,0.363754,0,0,0,0,0
5,8,trunk,608.886218,608.889565,0.003347,0,-280,0,0,0
5,8,expert,608.927523,609.151685,0.224162,263331840,0,0,15,0
5,8,compute,608.889567,609.240410,0.350842,0,0,0,0,0
5,9,trunk,609.240412,609.243792,0.003380,0,-279,0,0,0
5,9,expert,609.283055,609.461309,0.178254,210665472,0,0,12,0
5,9,compute,609.243794,609.582254,0.338460,0,0,0,0,0
5,10,trunk,609.582256,609.585635,0.003379,0,-278,0,0,0
5,10,expert,609.623981,609.781131,0.157149,193110016,0,0,11,0
5,10,compute,609.585637,609.894197,0.308560,0,0,0,0,0
5,11,trunk,609.894199,609.897627,0.003429,0,-277,0,0,0
5,11,expert,609.918694,610.100066,0.181372,210665472,0,0,12,0
5,11,compute,609.897629,610.193922,0.296293,0,0,0,0,0
5,12,trunk,610.193924,610.197338,0.003415,0,-276,0,0,0
5,12,expert,610.237724,610.444851,0.207127,245776384,0,0,14,0
5,12,compute,610.197341,610.562214,0.364873,0,0,0,0,0
5,13,trunk,610.562216,610.565597,0.003381,0,-275,0,0,0
5,13,expert,610.604756,610.805558,0.200802,228220928,0,0,13,0
5,13,compute,610.565599,610.923031,0.357432,0,0,0,0,0
5,14,trunk,610.923033,610.926505,0.003472,0,-274,0,0,0
5,14,expert,610.965065,611.183855,0.218790,245776384,0,0,14,0
5,14,compute,610.926507,611.273127,0.346621,0,0,0,0,0
5,15,trunk,611.273129,611.276523,0.003394,0,-273,0,0,0
5,15,expert,611.298022,611.488246,0.190224,210665472,0,0,12,0
5,15,compute,611.276525,611.601562,0.325037,0,0,0,0,0
5,16,trunk,611.601563,611.605113,0.003550,0,-272,0,0,0
5,16,expert,611.643751,611.826850,0.183100,210665472,0,0,12,0
5,16,compute,611.605115,611.942201,0.337086,0,0,0,0,0
5,17,trunk,611.942202,611.945571,0.003369,0,-271,0,0,0
5,17,expert,611.983685,612.192437,0.208752,245776384,0,0,14,0
5,17,compute,611.945573,612.298190,0.352617,0,0,0,0,0
5,18,trunk,612.298192,612.301671,0.003479,0,-270,0,0,0
5,18,expert,612.351175,612.544466,0.193291,228220928,0,0,13,0
5,18,compute,612.301673,612.635870,0.334197,0,0,0,0,0
5,19,trunk,612.635872,612.639453,0.003581,0,-269,0,0,0
5,19,expert,612.659935,612.864073,0.204139,228220928,0,0,13,0
5,19,compute,612.639455,612.953059,0.313604,0,0,0,0,0
5,20,trunk,612.953061,612.956429,0.003368,0,-268,0,0,0
5,20,expert,612.995114,613.158809,0.163695,193110016,0,0,11,0
5,20,compute,612.956435,613.274214,0.317779,0,0,0,0,0
5,21,trunk,613.274215,613.277740,0.003525,0,-267,0,0,0
5,21,expert,613.327166,614.084273,0.757108,245776384,0,0,14,0
5,21,compute,613.277781,614.177564,0.899783,0,0,0,0,0
5,22,trunk,614.177566,614.180985,0.003419,645562368,-267,1,0,0
5,22,expert,614.232772,614.788357,0.555585,228220928,0,0,13,0
5,22,compute,614.181005,614.881965,0.700960,0,0,0,0,0
5,23,trunk,614.881988,614.885494,0.003506,431890432,-268,1,0,0
5,23,expert,614.924713,615.608479,0.683766,228220928,0,0,13,0
5,23,compute,614.885515,615.742164,0.856649,0,0,0,0,0
5,24,trunk,615.742166,615.745590,0.003424,645562368,-269,1,0,0
5,24,expert,615.805018,616.605025,0.800007,245776384,0,0,14,0
5,24,compute,615.745611,616.726196,0.980585,0,0,0,0,0
5,25,trunk,616.726198,616.729765,0.003566,645562368,-270,1,0,0
5,25,expert,616.784910,617.567149,0.782239,280887296,0,0,16,0
5,25,compute,616.729788,617.686275,0.956488,0,0,0,0,0
5,26,trunk,617.686278,617.690006,0.003728,645562368,-271,1,0,0
5,26,expert,617.739131,618.240907,0.501776,193110016,0,0,11,0
5,26,compute,617.690027,618.347037,0.657010,0,0,0,0,0
5,27,trunk,618.347039,618.350072,0.003033,431890432,-272,1,0,0
5,27,expert,618.384751,619.094592,0.709841,263331840,0,0,15,0
5,27,compute,618.350094,619.206240,0.856147,0,0,0,0,0
5,28,trunk,619.206243,619.209614,0.003371,645562368,-273,1,0,0
5,28,expert,619.263780,619.967874,0.704094,263331840,0,0,15,0
5,28,compute,619.209636,620.057057,0.847421,0,0,0,0,0
5,29,trunk,620.057088,620.060634,0.003545,645562368,-274,1,0,0
5,29,expert,620.113242,620.735435,0.622193,245776384,0,0,14,0
5,29,compute,620.060657,620.851129,0.790472,0,0,0,0,0
5,30,trunk,620.851131,620.867239,0.016107,645562368,-275,1,0,0
5,30,expert,620.916338,621.496371,0.580033,245776384,0,0,14,0
5,30,compute,620.867292,621.590986,0.723694,0,0,0,0,0
5,31,trunk,621.590988,621.594449,0.003461,431890432,-276,1,0,0
5,31,expert,621.625267,622.171940,0.546674,245776384,0,0,14,0
5,31,compute,621.594477,622.281337,0.686860,0,0,0,0,0
5,32,trunk,622.281339,622.402570,0.121231,645562368,-277,1,0,0
5,32,expert,622.461804,623.184441,0.722638,228220928,0,0,13,0
5,32,compute,622.402629,623.273666,0.871037,0,0,0,0,0
5,33,trunk,623.273668,623.277149,0.003481,645562368,-278,1,0,0
5,33,expert,623.331941,624.055933,0.723992,157999104,0,0,9,0
5,33,compute,623.277175,624.148077,0.870902,0,0,0,0,0
5,34,trunk,624.148079,624.151422,0.003343,645562368,-279,1,0,0
5,34,expert,624.198692,624.789672,0.590980,263331840,0,0,15,0
5,34,compute,624.151446,624.910267,0.758821,0,0,0,0,0
5,35,trunk,624.910269,624.913759,0.003490,431890432,-280,1,0,0
5,35,expert,624.948712,625.743814,0.795101,263331840,0,0,15,0
5,35,compute,624.913781,625.856144,0.942364,0,0,0,0,0
5,36,trunk,625.856147,625.859505,0.003359,645562368,-281,1,0,0
5,36,expert,625.913841,626.683534,0.769693,263331840,0,0,15,0
5,36,compute,625.859528,626.802277,0.942749,0,0,0,0,0
5,37,trunk,626.802279,626.805915,0.003636,645562368,-282,1,0,0
5,37,expert,626.861063,627.602797,0.741734,245776384,0,0,14,0
5,37,compute,626.805936,627.722221,0.916285,0,0,0,0,0
5,38,trunk,627.722224,627.725679,0.003456,645562368,-283,1,0,0
5,38,expert,627.776582,628.261377,0.484795,193110016,0,0,11,0
5,38,compute,627.725700,628.357214,0.631514,0,0,0,0,0
5,39,trunk,628.357217,628.360635,0.003418,431890432,-284,1,0,0
5,39,expert,628.399203,629.125407,0.726203,210665472,0,0,12,0
5,39,compute,628.360653,629.219378,0.858725,0,0,0,0,0
5,40,trunk,629.219380,629.222830,0.003449,645562368,-285,1,0,0
5,40,expert,629.277548,630.011354,0.733806,210665472,0,0,12,0
5,40,compute,629.222853,630.118160,0.895307,0,0,0,0,0
5,41,trunk,630.118162,630.121858,0.003696,645562368,-286,1,0,0
5,41,expert,630.176489,630.879741,0.703252,210665472,0,0,12,0
5,41,compute,630.121915,630.968887,0.846972,0,0,0,0,0
5,42,trunk,630.968893,630.972293,0.003400,645562368,-287,1,0,0
5,42,expert,631.030310,631.514320,0.484009,157999104,0,0,9,0
5,42,compute,630.972309,631.607927,0.635618,0,0,0,0,0
5,43,trunk,631.607929,631.611545,0.003615,431890432,-288,1,0,0
5,43,expert,631.644116,632.389388,0.745272,193110016,0,0,11,0
5,43,compute,631.611569,632.482446,0.870877,0,0,0,0,0
5,44,trunk,632.482448,632.485935,0.003487,645562368,-289,1,0,0
5,44,expert,632.537781,633.298468,0.760686,245776384,0,0,14,0
5,44,compute,632.485972,633.414253,0.928280,0,0,0,0,0
5,45,trunk,633.414255,633.417696,0.003442,645562368,-290,1,0,0
5,45,expert,633.470157,634.057644,0.587488,193110016,0,0,11,0
5,45,compute,633.417718,634.152606,0.734889,0,0,0,0,0
5,46,trunk,634.152609,634.188524,0.035915,645562368,-291,1,0,0
5,46,expert,634.238538,634.762296,0.523758,193110016,0,0,11,0
5,46,compute,634.188564,634.882212,0.693649,0,0,0,0,0
5,47,trunk,634.882214,634.885643,0.003429,431890432,-292,1,0,0
5,47,expert,634.918972,635.640252,0.721280,228220928,0,0,13,0
5,47,compute,634.885687,635.758229,0.872542,0,0,0,0,0
5,48,trunk,635.758231,635.761863,0.003632,645562368,-293,1,0,0
5,48,expert,635.817655,636.518626,0.700971,210665472,0,0,12,0
5,48,compute,635.761884,636.610798,0.848914,0,0,0,0,0
5,49,trunk,636.610801,636.614266,0.003465,645562368,-294,1,0,0
5,49,expert,636.675364,637.463149,0.787784,263331840,0,0,15,0
5,49,compute,636.614288,637.578458,0.964170,0,0,0,0,0
5,50,trunk,637.578460,637.581963,0.003502,645562368,-295,1,0,0
5,50,expert,637.629877,638.175138,0.545262,228220928,0,0,13,0
5,50,compute,637.581987,638.294237,0.712250,0,0,0,0,0
5,51,trunk,638.294239,638.297824,0.003585,431890432,-296,1,0,0
5,51,expert,638.334737,639.057217,0.722481,228220928,0,0,13,0
5,51,compute,638.297864,639.151417,0.853553,0,0,0,0,0
5,52,trunk,639.151419,639.154863,0.003444,645562368,-297,1,0,0
5,52,expert,639.206582,639.906204,0.699622,210665472,0,0,12,0
5,52,compute,639.154884,640.018280,0.863395,0,0,0,0,0
5,53,trunk,640.018282,640.021931,0.003649,645562368,-298,1,0,0
5,53,expert,640.083466,640.808797,0.725331,228220928,0,0,13,0
5,53,compute,640.021953,640.903207,0.881255,0,0,0,0,0
5,54,trunk,640.903209,640.906708,0.003498,645562368,-299,1,0,0
5,54,expert,640.955091,641.517426,0.562335,245776384,0,0,14,0
5,54,compute,640.906737,641.638231,0.731494,0,0,0,0,0
5,55,trunk,641.638233,641.641672,0.003438,431890432,-300,1,0,0
5,55,expert,641.673198,642.400488,0.727290,228220928,0,0,13,0
5,55,compute,641.641691,642.490803,0.849112,0,0,0,0,0
5,56,trunk,642.490806,642.494186,0.003380,645562368,-301,1,0,0
5,56,expert,642.551020,643.304119,0.753099,263331840,0,0,15,0
5,56,compute,642.499578,643.393410,0.893832,0,0,0,0,0
5,57,trunk,643.393412,643.396906,0.003494,645562368,-302,1,0,0
5,57,expert,643.452910,644.224829,0.771919,263331840,0,0,15,0
5,57,compute,643.402462,644.318439,0.915977,0,0,0,0,0
5,58,trunk,644.318441,644.321931,0.003489,645562368,-303,1,0,0
5,58,expert,644.374579,644.857959,0.483380,175554560,0,0,10,0
5,58,compute,644.325672,644.978226,0.652554,0,0,0,0,0
5,59,trunk,644.978229,644.981628,0.003399,431890432,-304,1,0,0
5,59,expert,645.014229,645.719595,0.705366,175554560,0,0,10,0
5,59,compute,644.981807,645.830152,0.848345,0,0,0,0,0
5,60,trunk,645.830155,645.833607,0.003452,645562368,-305,1,0,0
5,60,expert,645.887125,646.644552,0.757427,228220928,0,0,13,0
5,60,compute,645.833628,646.778176,0.944547,0,0,0,0,0
5,61,trunk,646.778178,646.781942,0.003764,645562368,-306,1,0,0
5,61,expert,646.833355,647.583363,0.750007,245776384,0,0,14,0
5,61,compute,646.781964,647.694197,0.912234,0,0,0,0,0
5,62,trunk,647.694199,647.697576,0.003376,645562368,-307,1,0,0
5,62,expert,647.751210,648.246983,0.495773,175554560,0,0,10,0
5,62,compute,647.697598,648.358277,0.660679,0,0,0,0,0
5,63,trunk,648.358279,648.361903,0.003624,431890432,-308,1,0,0
5,63,expert,648.399128,649.157665,0.758537,245776384,0,0,14,0
5,63,compute,648.361924,649.248370,0.886446,0,0,0,0,0
5,64,trunk,649.248373,649.251931,0.003559,645562368,-309,1,0,0
5,64,expert,649.309254,650.031388,0.722134,210665472,0,0,12,0
5,64,compute,649.251956,650.146571,0.894615,0,0,0,0,0
5,65,trunk,650.146574,650.150178,0.003604,645562368,-310,1,0,0
5,65,expert,650.199500,650.932250,0.732750,228220928,0,0,13,0
5,65,compute,650.150235,651.043200,0.892965,0,0,0,0,0
5,66,trunk,651.043202,651.046773,0.003571,645562368,-311,1,0,0
5,66,expert,651.095835,651.649807,0.553972,228220928,0,0,13,0
5,66,compute,651.046798,651.770195,0.723397,0,0,0,0,0
5,67,trunk,651.770197,651.773682,0.003485,431890432,-312,1,0,0
5,67,expert,651.815290,652.578450,0.763160,245776384,0,0,14,0
5,67,compute,651.773703,652.694161,0.920458,0,0,0,0,0
5,68,trunk,652.694163,652.697536,0.003373,645562368,-313,1,0,0
5,68,expert,652.749883,653.510209,0.760326,263331840,0,0,15,0
5,68,compute,652.697562,653.626195,0.928633,0,0,0,0,0
5,69,trunk,653.626198,653.629849,0.003651,645562368,-314,1,0,0
5,69,expert,653.684476,654.388806,0.704331,175554560,0,0,10,0
5,69,compute,653.629874,654.502254,0.872380,0,0,0,0,0
5,70,trunk,654.502255,654.505681,0.003426,645562368,-315,1,0,0
5,70,expert,654.553989,655.014782,0.460793,140443648,0,0,8,0
5,70,compute,654.505701,655.122292,0.616591,0,0,0,0,0
5,71,trunk,655.122294,655.125731,0.003436,431890432,-316,1,0,0
5,71,expert,655.161778,655.952416,0.790638,228220928,0,0,13,0
5,71,compute,655.125751,656.070205,0.944453,0,0,0,0,0
5,72,trunk,656.070207,656.073742,0.003535,645562368,-317,1,0,0
5,72,expert,656.127056,656.861376,0.734320,210665472,0,0,12,0
5,72,compute,656.073761,656.954606,0.880845,0,0,0,0,0
5,73,trunk,656.954609,656.958121,0.003513,645562368,-318,1,0,0
5,73,expert,657.012106,657.743853,0.731747,210665472,0,0,12,0
5,73,compute,656.958144,657.845650,0.887506,0,0,0,0,0
5,74,trunk,657.845652,657.849099,0.003447,645562368,-319,1,0,0
5,74,expert,657.899209,658.305225,0.406016,157999104,0,0,9,0
5,74,compute,657.849120,658.418998,0.569878,0,0,0,0,0
5,75,trunk,658.419001,658.422467,0.003467,431890432,-320,1,0,0
5,75,expert,658.459550,659.129183,0.669634,140443648,0,0,8,0
5,75,compute,658.422490,659.244034,0.821545,0,0,0,0,0
5,76,trunk,659.244037,659.247506,0.003469,645562368,-321,1,0,0
5,76,expert,659.316626,659.997839,0.681213,228220928,0,0,13,0
5,76,compute,659.247533,660.110355,0.862822,0,0,0,0,0
5,77,trunk,660.110357,660.113888,0.003531,645562368,-322,1,0,0
5,77,expert,660.164651,660.833447,0.668796,157999104,0,0,9,0
5,77,compute,660.113910,660.931821,0.817911,0,0,0,0,0
5,78,trunk,660.931823,660.935198,0.003375,645562368,-323,1,0,0
5,78,expert,660.984886,661.501248,0.516361,175554560,0,0,10,0
5,78,compute,660.935221,661.595280,0.660059,0,0,0,0,0
5,79,trunk,661.595282,661.598899,0.003616,431890432,-324,1,0,0
5,79,expert,661.629140,662.311370,0.682231,157999104,0,0,9,0
5,79,compute,661.598924,662.430886,0.831962,0,0,0,0,0
5,80,trunk,662.430888,662.434216,0.003327,645562368,-325,1,0,0
5,80,expert,662.512172,663.199424,0.687252,228220928,0,0,13,0
5,80,compute,662.434239,663.318266,0.884027,0,0,0,0,0
5,81,trunk,663.318268,663.321775,0.003507,645562368,-326,1,0,0
5,81,expert,663.375434,664.134298,0.758863,245776384,0,0,14,0
5,81,compute,663.321797,664.246239,0.924443,0,0,0,0,0
5,82,trunk,664.246241,664.249634,0.003393,645562368,-327,1,0,0
5,82,expert,664.299115,664.845958,0.546843,228220928,0,0,13,0
5,82,compute,664.249682,664.958175,0.708493,0,0,0,0,0
5,83,trunk,664.958177,664.961500,0.003323,431890432,-328,1,0,0
5,83,expert,664.998938,665.752139,0.753201,210665472,0,0,12,0
5,83,compute,664.961523,665.870197,0.908674,0,0,0,0,0
5,84,trunk,665.870200,665.873622,0.003423,645562368,-329,1,0,0
5,84,expert,665.929079,666.670916,0.741838,228220928,0,0,13,0
5,84,compute,665.873645,666.794396,0.920751,0,0,0,0,0
5,85,trunk,666.794398,666.797899,0.003501,645562368,-330,1,0,0
5,85,expert,666.853232,667.576966,0.723735,228220928,0,0,13,0
5,85,compute,666.797919,667.670970,0.873051,0,0,0,0,0
5,86,trunk,667.670972,667.674504,0.003532,645562368,-331,1,0,0
5,86,expert,667.722842,668.264389,0.541547,210665472,0,0,12,0
5,86,compute,667.674532,668.356620,0.682088,0,0,0,0,0
5,87,trunk,668.356622,668.360160,0.003538,431890432,-332,1,0,0
5,87,expert,668.396417,669.072786,0.676369,157999104,0,0,9,0
5,87,compute,668.360179,669.178174,0.817995,0,0,0,0,0
5,88,trunk,669.178176,669.181507,0.003331,645562368,-333,1,0,0
5,88,expert,669.234585,669.959783,0.725198,228220928,0,0,13,0
5,88,compute,669.181529,670.074168,0.892639,0,0,0,0,0
5,89,trunk,670.074170,670.077652,0.003482,645562368,-334,1,0,0
5,89,expert,670.131680,670.850602,0.718922,175554560,0,0,10,0
5,89,compute,670.077672,670.966386,0.888714,0,0,0,0,0
5,90,trunk,670.966389,670.969834,0.003445,645562368,-335,1,0,0
5,90,expert,671.017702,671.510536,0.492834,175554560,0,0,10,0
5,90,compute,670.969863,671.622255,0.652392,0,0,0,0,0
5,91,trunk,671.622257,671.625688,0.003431,431890432,-336,1,0,0
5,91,expert,671.657665,672.145014,0.487349,157999104,0,0,9,0
5,91,compute,671.625710,672.250179,0.624469,0,0,0,0,0
5,92,trunk,672.250181,672.253236,0.003055,431890432,-337,1,0,0
5,92,expert,672.277817,672.451450,0.173633,210665472,0,0,12,0
5,92,compute,672.253239,672.562173,0.308934,0,0,0,0,0
6,0,trunk,672.657948,672.657984,0.000036,0,-337,0,0,0
6,0,compute,672.657985,672.760663,0.102679,0,0,0,0,0
6,1,trunk,672.760665,672.763943,0.003278,0,-336,0,0,0
6,1,expert,672.802592,673.000641,0.198050,245776384,0,0,14,0
6,1,compute,672.763945,673.089431,0.325486,0,0,0,0,0
6,2,trunk,673.089433,673.092814,0.003382,0,-335,0,0,0
6,2,expert,673.131257,673.311499,0.180243,210665472,0,0,12,0
6,2,compute,673.092816,673.422189,0.329372,0,0,0,0,0
6,3,trunk,673.422190,673.425564,0.003374,0,-334,0,0,0
6,3,expert,673.446904,673.594429,0.147524,175554560,0,0,10,0
6,3,compute,673.425589,673.706203,0.280614,0,0,0,0,0
6,4,trunk,673.706204,673.709660,0.003456,0,-333,0,0,0
6,4,expert,673.747560,673.928497,0.180937,210665472,0,0,12,0
6,4,compute,673.709662,674.044345,0.334683,0,0,0,0,0
6,5,trunk,674.044347,674.047951,0.003604,0,-332,0,0,0
6,5,expert,674.091783,674.196719,0.104936,122888192,0,0,7,0
6,5,compute,674.047953,674.314269,0.266316,0,0,0,0,0
6,6,trunk,674.314271,674.317727,0.003456,0,-331,0,0,0
6,6,expert,674.363414,674.579006,0.215592,263331840,0,0,15,0
6,6,compute,674.317729,674.695055,0.377327,0,0,0,0,0
6,7,trunk,674.695057,674.698547,0.003490,0,-330,0,0,0
6,7,expert,674.726964,674.929345,0.202382,245776384,0,0,14,0
6,7,compute,674.698550,675.034266,0.335716,0,0,0,0,0
6,8,trunk,675.034268,675.037661,0.003393,0,-329,0,0,0
6,8,expert,675.122817,675.332997,0.210180,245776384,0,0,14,0
6,8,compute,675.037663,675.427191,0.389528,0,0,0,0,0
6,9,trunk,675.427192,675.430628,0.003436,0,-328,0,0,0
6,9,expert,675.469614,675.653113,0.183499,210665472,0,0,12,0
6,9,compute,675.430631,675.786207,0.355576,0,0,0,0,0
6,10,trunk,675.786209,675.789622,0.003413,0,-327,0,0,0
6,10,expert,675.838825,675.984339,0.145514,175554560,0,0,10,0
6,10,compute,675.789624,676.082055,0.292431,0,0,0,0,0
6,11,trunk,676.082056,676.085490,0.003434,0,-326,0,0,0
6,11,expert,676.108389,676.283363,0.174974,210665472,0,0,12,0
6,11,compute,676.085492,676.414235,0.328744,0,0,0,0,0
6,12,trunk,676.414237,676.417713,0.003475,0,-325,0,0,0
6,12,expert,676.456235,676.652738,0.196502,228220928,0,0,13,0
6,12,compute,676.417715,676.782211,0.364496,0,0,0,0,0
6,13,trunk,676.782212,676.785625,0.003413,0,-324,0,0,0
6,13,expert,676.824290,677.020877,0.196588,228220928,0,0,13,0
6,13,compute,676.785627,677.134284,0.348657,0,0,0,0,0
6,14,trunk,677.134285,677.137779,0.003494,0,-323,0,0,0
6,14,expert,677.185678,677.428198,0.242520,280887296,0,0,16,0
6,14,compute,677.137781,677.516736,0.378955,0,0,0,0,0
6,15,trunk,677.516737,677.520125,0.003388,0,-322,0,0,0
6,15,expert,677.541126,677.750452,0.209326,245776384,0,0,14,0
6,15,compute,677.520128,677.874214,0.354086,0,0,0,0,0
6,16,trunk,677.874216,677.877709,0.003493,0,-321,0,0,0
6,16,expert,677.963992,678.129558,0.165567,193110016,0,0,11,0
6,16,compute,677.877712,678.270166,0.392454,0,0,0,0,0
6,17,trunk,678.270168,678.273514,0.003347,0,-320,0,0,0
6,17,expert,678.314384,678.507432,0.193048,228220928,0,0,13,0
6,17,compute,678.273517,678.618271,0.344755,0,0,0,0,0
6,18,trunk,678.618273,678.621407,0.003134,0,-319,0,0,0
6,18,expert,678.671891,678.851256,0.179364,210665472,0,0,12,0
6,18,compute,678.621409,678.966196,0.344787,0,0,0,0,0
6,19,trunk,678.966198,678.969548,0.003349,0,-318,0,0,0
6,19,expert,679.007724,679.220227,0.212503,245776384,0,0,14,0
6,19,compute,678.969555,679.313820,0.344266,0,0,0,0,0
6,20,trunk,679.313822,679.317233,0.003412,0,-317,0,0,0
6,20,expert,679.355638,679.507601,0.151963,175554560,0,0,10,0
6,20,compute,679.317236,679.626201,0.308965,0,0,0,0,0
6,21,trunk,679.626203,679.629681,0.003477,0,-316,0,0,0
6,21,expert,679.686858,680.390568,0.703710,228220928,0,0,13,0
6,21,compute,679.629721,680.502275,0.872554,0,0,0,0,0
6,22,trunk,680.502277,680.506074,0.003797,645562368,-316,1,0,0
6,22,expert,680.563838,681.009444,0.445606,175554560,0,0,10,0
6,22,compute,680.506100,681.104815,0.598715,0,0,0,0,0
6,23,trunk,681.104817,681.108281,0.003464,431890432,-317,1,0,0
6,23,expert,681.143757,681.817843,0.674087,210665472,0,0,12,0
6,23,compute,681.108299,681.938203,0.829903,0,0,0,0,0
6,24,trunk,681.938205,681.941631,0.003426,645562368,-318,1,0,0
6,24,expert,681.996159,682.808295,0.812136,263331840,0,0,15,0
6,24,compute,681.941653,682.899368,0.957715,0,0,0,0,0
6,25,trunk,682.899370,682.902903,0.003532,645562368,-319,1,0,0
6,25,expert,682.955815,683.692026,0.736211,228220928,0,0,13,0
6,25,compute,682.902926,683.800045,0.897119,0,0,0,0,0
6,26,trunk,683.800047,683.803489,0.003442,645562368,-320,1,0,0
6,26,expert,683.876453,684.384929,0.508476,228220928,0,0,13,0
6,26,compute,683.803572,684.503047,0.699476,0,0,0,0,0
6,27,trunk,684.503050,684.506437,0.003387,431890432,-321,1,0,0
6,27,expert,684.540501,685.257573,0.717072,263331840,0,0,15,0
6,27,compute,684.506467,685.379409,0.872942,0,0,0,0,0
6,28,trunk,685.379412,685.382933,0.003521,645562368,-322,1,0,0
6,28,expert,685.440494,686.113767,0.673273,245776384,0,0,14,0
6,28,compute,685.382954,686.226308,0.843354,0,0,0,0,0
6,29,trunk,686.226310,686.229664,0.003354,645562368,-323,1,0,0
6,29,expert,686.282842,686.942092,0.659250,245776384,0,0,14,0
6,29,compute,686.229686,687.062225,0.832540,0,0,0,0,0
6,30,trunk,687.062227,687.065882,0.003655,645562368,-324,1,0,0
6,30,expert,687.119837,687.592165,0.472327,193110016,0,0,11,0
6,30,compute,687.065904,687.705912,0.640008,0,0,0,0,0
6,31,trunk,687.705914,687.709444,0.003531,431890432,-325,1,0,0
6,31,expert,687.746372,688.479916,0.733544,228220928,0,0,13,0
6,31,compute,687.709467,688.586164,0.876697,0,0,0,0,0
6,32,trunk,688.586166,688.589967,0.003801,645562368,-326,1,0,0
6,32,expert,688.643742,689.343888,0.700145,193110016,0,0,11,0
6,32,compute,688.589989,689.449564,0.859575,0,0,0,0,0
6,33,trunk,689.449567,689.453120,0.003553,645562368,-327,1,0,0
6,33,expert,689.511525,690.289591,0.778066,245776384,0,0,14,0
6,33,compute,689.453140,690.377572,0.924431,0,0,0,0,0
6,34,trunk,690.377573,690.381187,0.003614,645562368,-328,1,0,0
6,34,expert,690.433930,691.004056,0.570127,245776384,0,0,14,0
6,34,compute,690.381210,691.095395,0.714185,0,0,0,0,0
6,35,trunk,691.095398,691.099046,0.003649,431890432,-329,1,0,0
6,35,expert,691.138396,691.867419,0.729023,193110016,0,0,11,0
6,35,compute,691.099071,691.974196,0.875126,0,0,0,0,0
6,36,trunk,691.974198,691.977767,0.003568,645562368,-330,1,0,0
6,36,expert,692.027027,692.774986,0.747958,245776384,0,0,14,0
6,36,compute,691.977793,692.864452,0.886660,0,0,0,0,0
6,37,trunk,692.864454,692.867903,0.003448,645562368,-331,1,0,0
6,37,expert,692.926167,693.669245,0.743078,245776384,0,0,14,0
6,37,compute,692.867927,693.790216,0.922288,0,0,0,0,0
6,38,trunk,693.790218,693.793792,0.003575,645562368,-332,1,0,0
6,38,expert,693.840414,694.307532,0.467118,193110016,0,0,11,0
6,38,compute,693.793814,694.422221,0.628407,0,0,0,0,0
6,39,trunk,694.422223,694.425681,0.003457,431890432,-333,1,0,0
6,39,expert,694.462347,695.208836,0.746489,245776384,0,0,14,0
6,39,compute,694.425710,695.314163,0.888453,0,0,0,0,0
6,40,trunk,695.314165,695.317637,0.003472,645562368,-334,1,0,0
6,40,expert,695.372434,696.102552,0.730117,228220928,0,0,13,0
6,40,compute,695.317657,696.190785,0.873128,0,0,0,0,0
6,41,trunk,696.190788,696.194181,0.003393,645562368,-335,1,0,0
6,41,expert,696.250540,696.861519,0.610979,157999104,0,0,9,0
6,41,compute,696.194207,696.982528,0.788321,0,0,0,0,0
6,42,trunk,696.982530,696.986149,0.003619,645562368,-336,1,0,0
6,42,expert,697.037285,697.504336,0.467052,140443648,0,0,8,0
6,42,compute,696.986174,697.598899,0.612724,0,0,0,0,0
6,43,trunk,697.598901,697.602471,0.003570,431890432,-337,1,0,0
6,43,expert,697.638224,698.346218,0.707995,157999104,0,0,9,0
6,43,compute,697.602493,698.463031,0.860538,0,0,0,0,0
6,44,trunk,698.463033,698.466473,0.003440,645562368,-338,1,0,0
6,44,expert,698.519576,699.242231,0.722654,210665472,0,0,12,0
6,44,compute,698.466496,699.354206,0.887709,0,0,0,0,0
6,45,trunk,699.354208,699.357587,0.003379,645562368,-339,1,0,0
6,45,expert,699.409522,700.108138,0.698616,175554560,0,0,10,0
6,45,compute,699.357607,700.204465,0.846859,0,0,0,0,0
6,46,trunk,700.204467,700.208116,0.003649,645562368,-340,1,0,0
6,46,expert,700.256058,700.757067,0.501009,175554560,0,0,10,0
6,46,compute,700.208134,700.878237,0.670104,0,0,0,0,0
6,47,trunk,700.878240,700.881699,0.003460,431890432,-341,1,0,0
6,47,expert,700.919321,701.599209,0.679888,193110016,0,0,11,0
6,47,compute,700.881728,701.714224,0.832496,0,0,0,0,0
6,48,trunk,701.714227,701.717730,0.003503,645562368,-342,1,0,0
6,48,expert,701.770877,702.478959,0.708082,228220928,0,0,13,0
6,48,compute,701.717757,702.592633,0.874876,0,0,0,0,0
6,49,trunk,702.592636,702.595947,0.003312,645562368,-343,1,0,0
6,49,expert,702.652481,703.435201,0.782720,263331840,0,0,15,0
6,49,compute,702.595971,703.542163,0.946192,0,0,0,0,0
6,50,trunk,703.542166,703.545659,0.003493,645562368,-344,1,0,0
6,50,expert,703.593889,704.121844,0.527955,210665472,0,0,12,0
6,50,compute,703.545680,704.242536,0.696856,0,0,0,0,0
6,51,trunk,704.242538,704.245929,0.003391,431890432,-345,1,0,0
6,51,expert,704.293547,707.592640,3.299094,193110016,0,0,11,0
6,51,compute,704.245951,707.710270,3.464319,0,0,0,0,0
6,52,trunk,707.710292,709.236386,1.526094,645562368,-346,1,0,0
6,52,expert,709.289064,716.726807,7.437743,228220928,0,0,13,0
6,52,compute,709.236428,716.820760,7.584332,0,0,0,0,0
6,53,trunk,716.820762,716.824152,0.003390,645562368,-347,1,0,0
6,53,expert,716.878706,717.595419,0.716714,210665472,0,0,12,0
6,53,compute,716.824171,717.706162,0.881991,0,0,0,0,0
6,54,trunk,717.706164,717.709623,0.003459,645562368,-348,1,0,0
6,54,expert,717.759481,718.283833,0.524352,210665472,0,0,12,0
6,54,compute,717.709645,718.378064,0.668419,0,0,0,0,0
6,55,trunk,718.378066,718.381533,0.003466,431890432,-349,1,0,0
6,55,expert,718.420914,719.128795,0.707881,210665472,0,0,12,0
6,55,compute,718.381554,719.217013,0.835458,0,0,0,0,0
6,56,trunk,719.217015,719.220490,0.003475,645562368,-350,1,0,0
6,56,expert,719.269688,719.967303,0.697615,193110016,0,0,11,0
6,56,compute,719.220509,720.082219,0.861710,0,0,0,0,0
6,57,trunk,720.082221,720.085674,0.003453,645562368,-351,1,0,0
6,57,expert,720.141632,720.890081,0.748449,245776384,0,0,14,0
6,57,compute,720.085695,721.002226,0.916531,0,0,0,0,0
6,58,trunk,721.002228,721.005833,0.003604,645562368,-352,1,0,0
6,58,expert,721.055204,721.563032,0.507828,175554560,0,0,10,0
6,58,compute,721.005870,721.674217,0.668348,0,0,0,0,0
6,59,trunk,721.674219,721.677659,0.003440,431890432,-353,1,0,0
6,59,expert,721.711655,722.408903,0.697249,157999104,0,0,9,0
6,59,compute,721.677683,722.514167,0.836484,0,0,0,0,0
6,60,trunk,722.514170,722.517654,0.003485,645562368,-354,1,0,0
6,60,expert,722.572492,723.299277,0.726785,210665472,0,0,12,0
6,60,compute,722.517676,723.410209,0.892533,0,0,0,0,0
6,61,trunk,723.410211,723.413736,0.003524,645562368,-355,1,0,0
6,61,expert,723.469612,724.176731,0.707119,210665472,0,0,12,0
6,61,compute,723.413783,724.289946,0.876164,0,0,0,0,0
6,62,trunk,724.289949,724.293598,0.003648,645562368,-356,1,0,0
6,62,expert,724.343915,724.874203,0.530288,228220928,0,0,13,0
6,62,compute,724.293618,725.136659,0.843040,0,0,0,0,0
6,63,trunk,725.136661,725.140452,0.003791,431890432,-357,1,0,0
6,63,expert,725.178554,725.888469,0.709915,210665472,0,0,12,0
6,63,compute,725.140470,725.981163,0.840693,0,0,0,0,0
6,64,trunk,725.981165,725.984917,0.003752,645562368,-358,1,0,0
6,64,expert,726.037599,726.768092,0.730493,210665472,0,0,12,0
6,64,compute,725.984940,726.860842,0.875902,0,0,0,0,0
6,65,trunk,726.860844,726.864353,0.003509,645562368,-359,1,0,0
6,65,expert,726.920400,727.627997,0.707597,193110016,0,0,11,0
6,65,compute,726.864392,727.747022,0.882630,0,0,0,0,0
6,66,trunk,727.747024,727.750534,0.003509,645562368,-360,1,0,0
6,66,expert,727.802485,728.311773,0.509287,175554560,0,0,10,0
6,66,compute,727.750556,728.427276,0.676720,0,0,0,0,0
6,67,trunk,728.427278,728.430968,0.003690,431890432,-361,1,0,0
6,67,expert,728.468367,729.215588,0.747221,228220928,0,0,13,0
6,67,compute,728.431016,729.308752,0.877735,0,0,0,0,0
6,68,trunk,729.308754,729.312470,0.003716,645562368,-362,1,0,0
6,68,expert,729.365856,730.085200,0.719343,210665472,0,0,12,0
6,68,compute,729.312490,730.203052,0.890562,0,0,0,0,0
6,69,trunk,730.203055,730.206615,0.003561,645562368,-363,1,0,0
6,69,expert,730.259560,730.995167,0.735606,210665472,0,0,12,0
6,69,compute,730.206643,731.095005,0.888363,0,0,0,0,0
6,70,trunk,731.095008,731.098484,0.003476,645562368,-364,1,0,0
6,70,expert,731.147026,731.639025,0.491999,175554560,0,0,10,0
6,70,compute,731.098512,731.758190,0.659678,0,0,0,0,0
6,71,trunk,731.758193,731.761680,0.003487,431890432,-365,1,0,0
6,71,expert,731.800530,732.547905,0.747374,175554560,0,0,10,0
6,71,compute,731.761704,732.641389,0.879686,0,0,0,0,0
6,72,trunk,732.641392,732.644976,0.003584,645562368,-366,1,0,0
6,72,expert,732.703158,733.254330,0.551172,193110016,0,0,11,0
6,72,compute,732.644995,733.374222,0.729227,0,0,0,0,0
6,73,trunk,733.374224,733.422842,0.048618,645562368,-367,1,0,0
6,73,expert,733.484385,734.218065,0.733681,228220928,0,0,13,0
6,73,compute,733.422865,734.342285,0.919421,0,0,0,0,0
6,74,trunk,734.342288,734.345947,0.003659,645562368,-368,1,0,0
6,74,expert,734.397718,734.850725,0.453007,122888192,0,0,7,0
6,74,compute,734.345974,734.966191,0.620217,0,0,0,0,0
6,75,trunk,734.966194,734.969801,0.003607,431890432,-369,1,0,0
6,75,expert,735.005394,735.658389,0.652995,140443648,0,0,8,0
6,75,compute,734.969855,735.768038,0.798183,0,0,0,0,0
6,76,trunk,735.768040,735.771451,0.003411,645562368,-370,1,0,0
6,76,expert,735.824723,736.475901,0.651179,175554560,0,0,10,0
6,76,compute,735.771473,736.567314,0.795841,0,0,0,0,0
6,77,trunk,736.567316,736.570725,0.003409,645562368,-371,1,0,0
6,77,expert,736.626570,737.302224,0.675655,157999104,0,0,9,0
6,77,compute,736.570747,737.422655,0.851908,0,0,0,0,0
6,78,trunk,737.422657,737.426278,0.003621,645562368,-372,1,0,0
6,78,expert,737.498850,737.994175,0.495325,193110016,0,0,11,0
6,78,compute,737.426300,738.106235,0.679935,0,0,0,0,0
6,79,trunk,738.106238,738.109667,0.003429,431890432,-373,1,0,0
6,79,expert,738.140552,738.782430,0.641877,157999104,0,0,9,0
6,79,compute,738.109696,738.899062,0.789366,0,0,0,0,0
6,80,trunk,738.899065,738.902774,0.003709,645562368,-374,1,0,0
6,80,expert,738.953029,739.612775,0.659746,175554560,0,0,10,0
6,80,compute,738.902801,739.718194,0.815393,0,0,0,0,0
6,81,trunk,739.718196,739.721357,0.003161,645562368,-375,1,0,0
6,81,expert,739.773684,740.515690,0.742006,228220928,0,0,13,0
6,81,compute,739.721380,740.606949,0.885570,0,0,0,0,0
6,82,trunk,740.606952,740.610540,0.003588,645562368,-376,1,0,0
6,82,expert,740.657619,741.175375,0.517756,193110016,0,0,11,0
6,82,compute,740.610561,741.290190,0.679629,0,0,0,0,0
6,83,trunk,741.290192,741.293608,0.003415,431890432,-377,1,0,0
6,83,expert,741.332821,742.032318,0.699497,193110016,0,0,11,0
6,83,compute,741.293628,742.131253,0.837625,0,0,0,0,0
6,84,trunk,742.131255,742.134857,0.003602,645562368,-378,1,0,0
6,84,expert,742.194834,742.895540,0.700706,210665472,0,0,12,0
6,84,compute,742.134879,742.999288,0.864409,0,0,0,0,0
6,85,trunk,742.999291,743.002700,0.003409,645562368,-379,1,0,0
6,85,expert,743.065933,743.735693,0.669760,175554560,0,0,10,0
6,85,compute,743.002722,743.829048,0.826326,0,0,0,0,0
6,86,trunk,743.829051,743.832544,0.003493,645562368,-380,1,0,0
6,86,expert,743.881885,744.395960,0.514075,193110016,0,0,11,0
6,86,compute,743.832569,744.489517,0.656947,0,0,0,0,0
6,87,trunk,744.489519,744.492919,0.003401,431890432,-381,1,0,0
6,87,expert,744.528119,745.190449,0.662330,157999104,0,0,9,0
6,87,compute,744.492943,745.293167,0.800224,0,0,0,0,0
6,88,trunk,745.293169,745.296854,0.003685,645562368,-382,1,0,0
6,88,expert,745.344618,746.044203,0.699585,193110016,0,0,11,0
6,88,compute,745.296874,746.155620,0.858746,0,0,0,0,0
6,89,trunk,746.155622,746.159207,0.003585,645562368,-383,1,0,0
6,89,expert,746.214204,746.894816,0.680612,122888192,0,0,7,0
6,89,compute,746.159232,747.022202,0.862970,0,0,0,0,0
6,90,trunk,747.022204,747.025689,0.003485,645562368,-384,1,0,0
6,90,expert,747.074239,747.545282,0.471043,140443648,0,0,8,0
6,90,compute,747.025710,747.658235,0.632525,0,0,0,0,0
6,91,trunk,747.658237,747.661648,0.003411,431890432,-385,1,0,0
6,91,expert,747.690029,748.139473,0.449444,140443648,0,0,8,0
6,91,compute,747.661768,748.254192,0.592424,0,0,0,0,0
6,92,trunk,748.254195,748.257655,0.003461,431890432,-386,1,0,0
6,92,expert,748.279767,748.436743,0.156976,193110016,0,0,11,0
6,92,compute,748.257657,748.693204,0.435547,0,0,0,0,0
7,0,trunk,748.789438,748.789474,0.000036,0,-386,0,0,0
7,0,compute,748.789474,748.891197,0.101722,0,0,0,0,0
7,1,trunk,748.891198,748.894610,0.003412,0,-385,0,0,0
7,1,expert,748.933428,749.148834,0.215405,263331840,0,0,15,0
7,1,compute,748.894612,749.262198,0.367586,0,0,0,0,0
7,2,trunk,749.262200,749.265730,0.003531,0,-384,0,0,0
7,2,expert,749.303531,749.510972,0.207442,245776384,0,0,14,0
7,2,compute,749.265732,749.626207,0.360475,0,0,0,0,0
7,3,trunk,749.626210,749.629590,0.003380,0,-383,0,0,0
7,3,expert,749.651061,749.796226,0.145165,175554560,0,0,10,0
7,3,compute,749.629591,749.890224,0.260633,0,0,0,0,0
7,4,trunk,749.890226,749.893612,0.003386,0,-382,0,0,0
7,4,expert,749.931378,750.133816,0.202438,245776384,0,0,14,0
7,4,compute,749.893614,750.246329,0.352715,0,0,0,0,0
7,5,trunk,750.246331,750.249633,0.003302,0,-381,0,0,0
7,5,expert,750.289375,750.478865,0.189490,228220928,0,0,13,0
7,5,compute,750.249635,750.595015,0.345381,0,0,0,0,0
7,6,trunk,750.595017,750.598400,0.003383,0,-380,0,0,0
7,6,expert,750.641453,750.859979,0.218526,263331840,0,0,15,0
7,6,compute,750.598402,750.952381,0.353979,0,0,0,0,0
7,7,trunk,750.952383,750.955900,0.003517,0,-379,0,0,0
7,7,expert,750.977073,751.194166,0.217093,263331840,0,0,15,0
7,7,compute,750.955902,751.326187,0.370285,0,0,0,0,0
7,8,trunk,751.326189,751.329516,0.003327,0,-378,0,0,0
7,8,expert,751.368969,751.585639,0.216670,263331840,0,0,15,0
7,8,compute,751.329543,751.714211,0.384668,0,0,0,0,0
7,9,trunk,751.714213,751.717706,0.003493,0,-377,0,0,0
7,9,expert,751.766792,751.980352,0.213560,263331840,0,0,15,0
7,9,compute,751.717709,752.086177,0.368468,0,0,0,0,0
7,10,trunk,752.086178,752.089611,0.003433,0,-376,0,0,0
7,10,expert,752.138157,752.305746,0.167589,210665472,0,0,12,0
7,10,compute,752.089613,752.398519,0.308906,0,0,0,0,0
7,11,trunk,752.398520,752.401968,0.003448,0,-375,0,0,0
7,11,expert,752.422752,752.605450,0.182698,228220928,0,0,13,0
7,11,compute,752.401970,752.726240,0.324271,0,0,0,0,0
7,12,trunk,752.726243,752.729705,0.003462,0,-374,0,0,0
7,12,expert,752.807154,752.991677,0.184524,228220928,0,0,13,0
7,12,compute,752.729706,753.085323,0.355617,0,0,0,0,0
7,13,trunk,753.085325,753.088905,0.003580,0,-373,0,0,0
7,13,expert,753.127490,753.348329,0.220839,263331840,0,0,15,0
7,13,compute,753.088907,753.437372,0.348465,0,0,0,0,0
7,14,trunk,753.437373,753.440750,0.003377,0,-372,0,0,0
7,14,expert,753.478571,753.710940,0.232369,280887296,0,0,16,0
7,14,compute,753.440752,753.822192,0.381440,0,0,0,0,0
7,15,trunk,753.822194,753.825588,0.003395,0,-371,0,0,0
7,15,expert,753.848566,754.068482,0.219917,263331840,0,0,15,0
7,15,compute,753.825590,754.183085,0.357495,0,0,0,0,0
7,16,trunk,754.183087,754.187205,0.004119,0,-370,0,0,0
7,16,expert,754.229070,754.439804,0.210734,245776384,0,0,14,0
7,16,compute,754.187207,754.532950,0.345742,0,0,0,0,0
7,17,trunk,754.532952,754.536277,0.003325,0,-369,0,0,0
7,17,expert,754.573845,754.763262,0.189417,228220928,0,0,13,0
7,17,compute,754.536279,754.874589,0.338310,0,0,0,0,0
7,18,trunk,754.874590,754.878213,0.003623,0,-368,0,0,0
7,18,expert,754.919847,755.088201,0.168354,193110016,0,0,11,0
7,18,compute,754.878216,755.177281,0.299065,0,0,0,0,0
7,19,trunk,755.177283,755.180687,0.003404,0,-367,0,0,0
7,19,expert,755.201745,755.416217,0.214472,263331840,0,0,15,0
7,19,compute,755.180689,755.529904,0.349215,0,0,0,0,0
7,20,trunk,755.529906,755.533438,0.003532,0,-366,0,0,0
7,20,expert,755.571526,755.745744,0.174218,210665472,0,0,12,0
7,20,compute,755.533441,755.874191,0.340750,0,0,0,0,0
7,21,trunk,755.874193,755.877660,0.003468,0,-365,0,0,0
7,21,expert,755.928736,756.676241,0.747506,245776384,0,0,14,0
7,21,compute,755.877681,756.794351,0.916669,0,0,0,0,0
7,22,trunk,756.794353,756.797900,0.003547,645562368,-365,1,0,0
7,22,expert,756.846289,757.411306,0.565017,245776384,0,0,14,0
7,22,compute,756.797954,757.530221,0.732267,0,0,0,0,0
7,23,trunk,757.530223,757.533702,0.003479,431890432,-366,1,0,0
7,23,expert,757.567318,758.269041,0.701723,245776384,0,0,14,0
7,23,compute,757.533723,758.399014,0.865291,0,0,0,0,0
7,24,trunk,758.399016,758.402653,0.003637,645562368,-367,1,0,0
7,24,expert,758.456389,759.271034,0.814645,263331840,0,0,15,0
7,24,compute,758.402677,759.382227,0.979550,0,0,0,0,0
7,25,trunk,759.382229,759.385719,0.003490,645562368,-368,1,0,0
7,25,expert,759.438958,760.175492,0.736534,228220928,0,0,13,0
7,25,compute,759.385741,760.290430,0.904688,0,0,0,0,0
7,26,trunk,760.290432,760.293875,0.003443,645562368,-369,1,0,0
7,26,expert,760.341963,760.893617,0.551653,245776384,0,0,14,0
7,26,compute,760.293905,761.006196,0.712292,0,0,0,0,0
7,27,trunk,761.006198,761.009948,0.003750,431890432,-370,1,0,0
7,27,expert,761.046640,761.784154,0.737514,280887296,0,0,16,0
7,27,compute,761.009971,761.902240,0.892269,0,0,0,0,0
7,28,trunk,761.902243,761.905826,0.003583,645562368,-371,1,0,0
7,28,expert,761.961617,762.660224,0.698608,263331840,0,0,15,0
7,28,compute,761.905848,762.753808,0.847960,0,0,0,0,0
7,29,trunk,762.753810,762.757290,0.003480,645562368,-372,1,0,0
7,29,expert,762.810579,763.541250,0.730671,228220928,0,0,13,0
7,29,compute,762.757312,763.670993,0.913681,0,0,0,0,0
7,30,trunk,763.670995,763.674056,0.003061,645562368,-373,1,0,0
7,30,expert,763.728633,764.262228,0.533595,210665472,0,0,12,0
7,30,compute,763.674112,764.374197,0.700085,0,0,0,0,0
7,31,trunk,764.374200,764.377667,0.003468,431890432,-374,1,0,0
7,31,expert,764.429238,765.180974,0.751736,263331840,0,0,15,0
7,31,compute,764.377727,765.318243,0.940516,0,0,0,0,0
7,32,trunk,765.318245,765.321922,0.003677,645562368,-375,1,0,0
7,32,expert,765.376178,766.088930,0.712751,210665472,0,0,12,0
7,32,compute,765.321951,766.202281,0.880330,0,0,0,0,0
7,33,trunk,766.202284,766.205880,0.003596,645562368,-376,1,0,0
7,33,expert,766.262863,767.039587,0.776725,245776384,0,0,14,0
7,33,compute,766.205903,767.128177,0.922274,0,0,0,0,0
7,34,trunk,767.128179,767.131524,0.003345,645562368,-377,1,0,0
7,34,expert,767.183796,767.731094,0.547298,228220928,0,0,13,0
7,34,compute,767.131547,767.842354,0.710806,0,0,0,0,0
7,35,trunk,767.842356,767.845796,0.003441,431890432,-378,1,0,0
7,35,expert,767.881779,768.636163,0.754384,228220928,0,0,13,0
7,35,compute,767.845839,768.758264,0.912425,0,0,0,0,0
7,36,trunk,768.758266,768.761714,0.003448,645562368,-379,1,0,0
7,36,expert,768.819109,769.549489,0.730380,228220928,0,0,13,0
7,36,compute,768.761736,769.645984,0.884248,0,0,0,0,0
7,37,trunk,769.645987,769.649568,0.003581,645562368,-380,1,0,0
7,37,expert,769.703875,770.439944,0.736069,245776384,0,0,14,0
7,37,compute,769.649595,770.534474,0.884879,0,0,0,0,0
7,38,trunk,770.534476,770.537962,0.003486,645562368,-381,1,0,0
7,38,expert,770.588353,771.095949,0.507596,210665472,0,0,12,0
7,38,compute,770.537985,771.183822,0.645837,0,0,0,0,0
7,39,trunk,771.183828,771.187278,0.003450,431890432,-382,1,0,0
7,39,expert,771.226216,771.954177,0.727960,228220928,0,0,13,0
7,39,compute,771.187299,772.065590,0.878292,0,0,0,0,0
7,40,trunk,772.065593,772.069201,0.003608,645562368,-383,1,0,0
7,40,expert,772.124871,772.871086,0.746215,228220928,0,0,13,0
7,40,compute,772.069221,772.990237,0.921016,0,0,0,0,0
7,41,trunk,772.990239,772.993663,0.003424,645562368,-384,1,0,0
7,41,expert,773.050612,773.551012,0.500400,193110016,0,0,11,0
7,41,compute,772.993685,773.662206,0.668521,0,0,0,0,0
7,42,trunk,773.662208,773.742425,0.080216,645562368,-385,1,0,0
7,42,expert,773.796372,774.276586,0.480214,157999104,0,0,9,0
7,42,compute,773.742484,774.369016,0.626532,0,0,0,0,0
7,43,trunk,774.369018,774.372531,0.003513,431890432,-386,1,0,0
7,43,expert,774.400354,775.058452,0.658098,175554560,0,0,10,0
7,43,compute,774.372550,775.170181,0.797631,0,0,0,0,0
7,44,trunk,775.170184,775.173645,0.003461,645562368,-387,1,0,0
7,44,expert,775.234058,775.976035,0.741976,228220928,0,0,13,0
7,44,compute,775.173668,776.087068,0.913400,0,0,0,0,0
7,45,trunk,776.087070,776.090314,0.003244,645562368,-388,1,0,0
7,45,expert,776.146629,776.896345,0.749717,245776384,0,0,14,0
7,45,compute,776.090351,776.991412,0.901060,0,0,0,0,0
7,46,trunk,776.991414,776.994812,0.003399,645562368,-389,1,0,0
7,46,expert,777.043430,777.595201,0.551771,228220928,0,0,13,0
7,46,compute,776.994842,777.710316,0.715475,0,0,0,0,0
7,47,trunk,777.710318,777.713904,0.003586,431890432,-390,1,0,0
7,47,expert,777.747808,778.474034,0.726227,228220928,0,0,13,0
7,47,compute,777.713926,778.590695,0.876769,0,0,0,0,0
7,48,trunk,778.590697,778.594094,0.003396,645562368,-391,1,0,0
7,48,expert,778.648662,779.358284,0.709622,210665472,0,0,12,0
7,48,compute,778.594120,779.451594,0.857474,0,0,0,0,0
7,49,trunk,779.451597,779.455065,0.003468,645562368,-392,1,0,0
7,49,expert,779.512230,780.293800,0.781569,263331840,0,0,15,0
7,49,compute,779.455087,780.387504,0.932417,0,0,0,0,0
7,50,trunk,780.387507,780.390881,0.003375,645562368,-393,1,0,0
7,50,expert,780.443912,781.001590,0.557678,245776384,0,0,14,0
7,50,compute,780.390901,781.116036,0.725134,0,0,0,0,0
7,51,trunk,781.116039,781.119439,0.003401,431890432,-394,1,0,0
7,51,expert,781.157461,783.460560,2.303099,210665472,0,0,12,0
7,51,compute,781.119469,783.574229,2.454759,0,0,0,0,0
7,52,trunk,783.574231,783.577643,0.003412,645562368,-395,1,0,0
7,52,expert,783.622769,793.929059,10.306290,210665472,0,0,12,0
7,52,compute,783.577664,794.023856,10.446192,0,0,0,0,0
7,53,trunk,794.023858,794.103721,0.079863,645562368,-396,1,0,0
7,53,expert,794.158999,794.891021,0.732022,228220928,0,0,13,0
7,53,compute,794.103774,795.006208,0.902434,0,0,0,0,0
7,54,trunk,795.006210,795.009550,0.003340,645562368,-397,1,0,0
7,54,expert,795.059470,795.590878,0.531407,210665472,0,0,12,0
7,54,compute,795.009572,795.687295,0.677723,0,0,0,0,0
7,55,trunk,795.687298,795.690775,0.003477,431890432,-398,1,0,0
7,55,expert,795.725706,796.502958,0.777252,263331840,0,0,15,0
7,55,compute,795.690795,796.614379,0.923584,0,0,0,0,0
7,56,trunk,796.614381,796.617747,0.003366,645562368,-399,1,0,0
7,56,expert,796.674896,797.132234,0.457338,228220928,0,0,13,0
7,56,compute,796.617789,797.225760,0.607971,0,0,0,0,0
7,57,trunk,797.225783,797.425077,0.199294,645562368,-400,1,0,0
7,57,expert,797.479113,798.288630,0.809517,280887296,0,0,16,0
7,57,compute,797.425145,798.389587,0.964443,0,0,0,0,0
7,58,trunk,798.389590,798.393017,0.003427,645562368,-401,1,0,0
7,58,expert,798.449876,798.985557,0.535680,193110016,0,0,11,0
7,58,compute,798.393042,799.080393,0.687351,0,0,0,0,0
7,59,trunk,799.080395,799.083807,0.003412,431890432,-402,1,0,0
7,59,expert,799.114069,799.586487,0.472419,193110016,0,0,11,0
7,59,compute,799.083834,799.698229,0.614395,0,0,0,0,0
7,60,trunk,799.698231,799.876984,0.178753,645562368,-403,1,0,0
7,60,expert,799.942164,800.721100,0.778936,228220928,0,0,13,0
7,60,compute,799.877031,800.854192,0.977160,0,0,0,0,0
7,61,trunk,800.854194,800.858195,0.004000,645562368,-404,1,0,0
7,61,expert,800.924829,801.662264,0.737435,263331840,0,0,15,0
7,61,compute,800.858287,801.774215,0.915928,0,0,0,0,0
7,62,trunk,801.774218,801.777606,0.003389,645562368,-405,1,0,0
7,62,expert,801.825850,802.341016,0.515166,210665472,0,0,12,0
7,62,compute,801.777628,802.462166,0.684538,0,0,0,0,0
7,63,trunk,802.462168,802.465676,0.003508,431890432,-406,1,0,0
7,63,expert,802.506452,803.252630,0.746179,228220928,0,0,13,0
7,63,compute,802.465730,803.346954,0.881223,0,0,0,0,0
7,64,trunk,803.346956,803.350712,0.003756,645562368,-407,1,0,0
7,64,expert,803.399976,804.158409,0.758433,228220928,0,0,13,0
7,64,compute,803.350738,804.263783,0.913046,0,0,0,0,0
7,65,trunk,804.263786,804.267306,0.003520,645562368,-408,1,0,0
7,65,expert,804.317750,805.068819,0.751069,228220928,0,0,13,0
7,65,compute,804.267330,805.186697,0.919367,0,0,0,0,0
7,66,trunk,805.186699,805.190154,0.003454,645562368,-409,1,0,0
7,66,expert,805.240072,805.793962,0.553890,228220928,0,0,13,0
7,66,compute,805.190176,805.883120,0.692944,0,0,0,0,0
7,67,trunk,805.883123,805.886700,0.003577,431890432,-410,1,0,0
7,67,expert,805.920085,806.679048,0.758962,228220928,0,0,13,0
7,67,compute,805.886734,806.794231,0.907497,0,0,0,0,0
7,68,trunk,806.794233,806.797630,0.003397,645562368,-411,1,0,0
7,68,expert,806.853881,807.601487,0.747606,263331840,0,0,15,0
7,68,compute,806.797657,807.715014,0.917356,0,0,0,0,0
7,69,trunk,807.715017,807.719077,0.004060,645562368,-412,1,0,0
7,69,expert,807.767829,808.539163,0.771334,228220928,0,0,13,0
7,69,compute,807.719097,808.631161,0.912063,0,0,0,0,0
7,70,trunk,808.631164,808.634524,0.003361,645562368,-413,1,0,0
7,70,expert,808.683220,809.204422,0.521202,210665472,0,0,12,0
7,70,compute,808.634547,809.298151,0.663604,0,0,0,0,0
7,71,trunk,809.298153,809.301598,0.003444,431890432,-414,1,0,0
7,71,expert,809.336110,810.495280,1.159170,228220928,0,0,13,0
7,71,compute,809.301620,810.587431,1.285811,0,0,0,0,0
7,72,trunk,810.587433,810.590835,0.003402,645562368,-415,1,0,0
7,72,expert,810.638966,811.386442,0.747476,210665472,0,0,12,0
7,72,compute,810.590857,811.493540,0.902683,0,0,0,0,0
7,73,trunk,811.493542,811.497122,0.003580,645562368,-416,1,0,0
7,73,expert,811.555501,812.306084,0.750583,245776384,0,0,14,0
7,73,compute,811.497143,812.418273,0.921130,0,0,0,0,0
7,74,trunk,812.418275,812.421672,0.003397,645562368,-417,1,0,0
7,74,expert,812.468383,812.949267,0.480884,157999104,0,0,9,0
7,74,compute,812.421696,813.054185,0.632489,0,0,0,0,0
7,75,trunk,813.054187,813.057649,0.003462,431890432,-418,1,0,0
7,75,expert,813.095379,813.802248,0.706868,193110016,0,0,11,0
7,75,compute,813.057671,813.914171,0.856501,0,0,0,0,0
7,76,trunk,813.914174,813.917590,0.003416,645562368,-419,1,0,0
7,76,expert,813.970853,814.653487,0.682633,193110016,0,0,11,0
7,76,compute,813.917611,814.749128,0.831517,0,0,0,0,0
7,77,trunk,814.749130,814.752616,0.003486,645562368,-420,1,0,0
7,77,expert,814.809490,815.543859,0.734369,210665472,0,0,12,0
7,77,compute,814.752677,815.634536,0.881859,0,0,0,0,0
7,78,trunk,815.634538,815.637925,0.003386,645562368,-421,1,0,0
7,78,expert,815.692469,816.225197,0.532729,210665472,0,0,12,0
7,78,compute,815.637946,816.330192,0.692246,0,0,0,0,0
7,79,trunk,816.330194,816.333634,0.003440,431890432,-422,1,0,0
7,79,expert,816.366122,817.048183,0.682061,175554560,0,0,10,0
7,79,compute,816.333658,817.140375,0.806717,0,0,0,0,0
7,80,trunk,817.140377,817.143761,0.003384,645562368,-423,1,0,0
7,80,expert,817.199126,817.925151,0.726024,245776384,0,0,14,0
7,80,compute,817.143789,818.034203,0.890414,0,0,0,0,0
7,81,trunk,818.034205,818.037872,0.003667,645562368,-424,1,0,0
7,81,expert,818.092593,818.869084,0.776491,263331840,0,0,15,0
7,81,compute,818.037932,818.983021,0.945089,0,0,0,0,0
7,82,trunk,818.983023,818.986568,0.003544,645562368,-425,1,0,0
7,82,expert,819.034186,819.576725,0.542539,228220928,0,0,13,0
7,82,compute,818.986593,819.674391,0.687799,0,0,0,0,0
7,83,trunk,819.674393,819.677912,0.003519,431890432,-426,1,0,0
7,83,expert,819.713500,820.443071,0.729571,193110016,0,0,11,0
7,83,compute,819.677932,820.550465,0.872532,0,0,0,0,0
7,84,trunk,820.550467,820.553611,0.003143,645562368,-427,1,0,0
7,84,expert,820.607226,821.376431,0.769205,263331840,0,0,15,0
7,84,compute,820.553630,821.510160,0.956530,0,0,0,0,0
7,85,trunk,821.510162,821.513896,0.003734,645562368,-428,1,0,0
7,85,expert,821.563911,822.318555,0.754644,228220928,0,0,13,0
7,85,compute,821.513916,822.407375,0.893459,0,0,0,0,0
7,86,trunk,822.407378,822.410733,0.003355,645562368,-429,1,0,0
7,86,expert,822.467163,822.998221,0.531057,228220928,0,0,13,0
7,86,compute,822.410754,823.118191,0.707437,0,0,0,0,0
7,87,trunk,823.118193,823.121609,0.003416,431890432,-430,1,0,0
7,87,expert,823.162902,823.841319,0.678417,193110016,0,0,11,0
7,87,compute,823.121636,823.958273,0.836637,0,0,0,0,0
7,88,trunk,823.958276,823.961729,0.003453,645562368,-431,1,0,0
7,88,expert,824.014165,824.736323,0.722158,228220928,0,0,13,0
7,88,compute,823.961758,824.829514,0.867756,0,0,0,0,0
7,89,trunk,824.829516,824.833008,0.003492,645562368,-432,1,0,0
7,89,expert,824.887237,825.596120,0.708883,157999104,0,0,9,0
7,89,compute,824.833057,825.689486,0.856429,0,0,0,0,0
7,90,trunk,825.689489,825.692991,0.003502,645562368,-433,1,0,0
7,90,expert,825.741730,826.259518,0.517788,193110016,0,0,11,0
7,90,compute,825.693013,826.348155,0.655142,0,0,0,0,0
7,91,trunk,826.348158,826.351588,0.003430,431890432,-434,1,0,0
7,91,expert,826.380058,826.901195,0.521137,193110016,0,0,11,0
7,91,compute,826.351617,827.014179,0.662562,0,0,0,0,0
7,92,trunk,827.014180,827.017332,0.003152,431890432,-435,1,0,0
7,92,expert,827.043866,827.252972,0.209106,245776384,0,0,14,0
7,92,compute,827.017334,827.367012,0.349678,0,0,0,0,0
